run_id,batch_id,order_id,user_id,product_id,order_date,quantity,unit_price,discount,shipping_cost,tax_amount,gross_revenue,net_revenue,payment_method,order_status
6d8e33e0-b1df-4841-8136-55253c666a33,2026_W27,O57940,U32272,P112,2026-06-29 13:45:52,3,7164.07,1472.96,116.92,3603.46,21492.21,20019.25,Wallet,Completed
6d8e33e0-b1df-4841-8136-55253c666a33,2026_W27,O57941,U34453,P148,2026-07-03 20:36:15,1,1578.46,172.41,77.27,253.09,1578.46,1406.05,Wallet,Completed
6d8e33e0-b1df-4841-8136-55253c666a33,2026_W27,O57942,U17729,P52,2026-07-02 22:50:09,4,7675.89,1185.23,82.69,5313.3,30703.56,29518.33,UPI,Completed
6d8e33e0-b1df-4841-8136-55253c666a33,2026_W27,O57943,U32562,P189,2026-06-29 22:52:38,4,5649.84,3019.83,132.02,3524.32,22599.36,19579.53,Wallet,Completed
6d8e33e0-b1df-4841-8136-55253c666a33,2026_W27,O57944,U34031,P79,2026-07-02 20:58:31,4,4174.75,370.51,158.43,2939.13,16699.0,16328.49,Credit Card,Completed
6d8e33e0-b1df-4841-8136-55253c666a33,2026_W27,O57945,U31163,P145,2026-06-29 14:02:47,2,6190.5,1818.08,65.24,1901.33,12381.0,10562.92,UPI,Completed
6d8e33e0-b1df-4841-8136-55253c666a33,2026_W27,O57946,U13462,P59,2026-07-02 18:59:45,3,5883.82,2225.62,161.06,2776.65,17651.46,15425.84,UPI,Completed
6d8e33e0-b1df-4841-8136-55253c666a33,2026_W27,O57947,U8776,P1,2026-06-29 15:25:01,3,8041.29,1310.97,191.79,4106.32,24123.87,22812.899999999998,Wallet,Completed
6d8e33e0-b1df-4841-8136-55253c666a33,2026_W27,O57948,U2226,P91,2026-07-03 21:33:29,4,7800.01,3484.87,109.29,4988.73,31200.04,27715.170000000002,Wallet,Completed
6d8e33e0-b1df-4841-8136-55253c666a33,2026_W27,O57949,U12475,P12,2026-07-02 20:36:52,3,6064.9,1735.45,172.11,2962.66,18194.699999999997,16459.249999999996,UPI,Completed
6d8e33e0-b1df-4841-8136-55253c666a33,2026_W27,O57950,U7665,P83,2026-07-01 07:22:08,2,2067.84,424.4,139.51,668.03,4135.68,3711.28,Debit Card,Completed
6d8e33e0-b1df-4841-8136-55253c666a33,2026_W27,O57951,U25654,P157,2026-07-03 06:19:40,4,6934.8,2535.26,107.86,4536.71,27739.2,25203.940000000002,UPI,Completed
6d8e33e0-b1df-4841-8136-55253c666a33,2026_W27,O57952,U14473,P24,2026-07-01 22:09:33,3,4112.52,450.16,145.2,2139.73,12337.560000000001,11887.400000000001,UPI,Completed
6d8e33e0-b1df-4841-8136-55253c666a33,2026_W27,O57953,U4168,P175,2026-06-30 02:38:09,1,3999.32,498.38,174.76,630.17,3999.32,3500.94,UPI,Completed
6d8e33e0-b1df-4841-8136-55253c666a33,2026_W27,O57954,U6646,P23,2026-07-04 01:12:23,1,7426.47,301.28,187.31,1282.53,7426.47,7125.1900000000005,Debit Card,Completed
6d8e33e0-b1df-4841-8136-55253c666a33,2026_W27,O57955,U30698,P134,2026-07-05 06:52:39,2,3480.9,569.93,62.98,1150.54,6961.8,6391.87,Credit Card,Completed
6d8e33e0-b1df-4841-8136-55253c666a33,2026_W27,O57956,U24849,P45,2026-06-30 22:12:09,4,2342.15,1008.08,112.92,1504.89,9368.6,8360.52,Wallet,Completed
6d8e33e0-b1df-4841-8136-55253c666a33,2026_W27,O57957,U18793,P22,2026-07-04 16:20:16,1,9175.57,698.29,116.27,1525.91,9175.57,8477.279999999999,UPI,Completed
6d8e33e0-b1df-4841-8136-55253c666a33,2026_W27,O57958,U6558,P151,2026-07-03 00:28:25,1,9624.05,451.59,67.27,1651.04,9624.05,9172.46,UPI,Completed
6d8e33e0-b1df-4841-8136-55253c666a33,2026_W27,O57959,U12199,P160,2026-07-01 10:08:30,2,5179.64,1425.69,137.32,1608.05,10359.28,8933.59,UPI,Completed
6d8e33e0-b1df-4841-8136-55253c666a33,2026_W27,O57960,U5803,P88,2026-07-03 18:54:47,1,11704.48,1634.57,195.73,1812.58,11704.48,10069.91,UPI,Completed
6d8e33e0-b1df-4841-8136-55253c666a33,2026_W27,O57961,U12100,P100,2026-07-01 20:56:53,4,1750.2,736.01,107.83,1127.66,7000.8,6264.79,Credit Card,Completed
6d8e33e0-b1df-4841-8136-55253c666a33,2026_W27,O57962,U2107,P15,2026-06-30 00:19:21,3,3230.88,1116.1,148.2,1543.78,9692.64,8576.539999999999,Credit Card,Completed
6d8e33e0-b1df-4841-8136-55253c666a33,2026_W27,O57963,U25796,P153,2026-07-01 18:16:57,1,6806.07,285.41,82.59,1173.72,6806.07,6520.66,Wallet,Completed
6d8e33e0-b1df-4841-8136-55253c666a33,2026_W27,O57964,U17245,P147,2026-06-30 22:31:07,4,4417.37,810.99,118.38,3034.53,17669.48,16858.489999999998,Credit Card,Completed
6d8e33e0-b1df-4841-8136-55253c666a33,2026_W27,O57965,U22155,P42,2026-07-04 02:25:28,2,5037.81,1256.4,145.26,1587.46,10075.62,8819.220000000001,UPI,Completed
6d8e33e0-b1df-4841-8136-55253c666a33,2026_W27,O57966,U33837,P151,2026-07-04 00:31:01,2,9624.05,268.5,67.75,3416.33,19248.1,18979.6,Wallet,Completed
6d8e33e0-b1df-4841-8136-55253c666a33,2026_W27,O57967,U3228,P134,2026-07-02 22:53:12,3,3480.9,1379.57,175.93,1631.36,10442.7,9063.130000000001,Wallet,Completed
6d8e33e0-b1df-4841-8136-55253c666a33,2026_W27,O57968,U20386,P44,2026-07-03 13:05:15,3,1407.86,37.86,94.49,753.43,4223.58,4185.72,Credit Card,Completed
6d8e33e0-b1df-4841-8136-55253c666a33,2026_W27,O57969,U17235,P85,2026-06-30 09:35:23,1,2941.32,244.39,102.42,485.45,2941.32,2696.9300000000003,Wallet,Completed
6d8e33e0-b1df-4841-8136-55253c666a33,2026_W27,O57970,U13709,P188,2026-07-02 10:49:22,4,2967.62,522.32,136.71,2042.67,11870.48,11348.16,UPI,Completed
6d8e33e0-b1df-4841-8136-55253c666a33,2026_W27,O57971,U33209,P187,2026-07-04 15:34:03,4,6341.6,519.27,118.34,4472.48,25366.4,24847.13,Wallet,Completed
6d8e33e0-b1df-4841-8136-55253c666a33,2026_W27,O57972,U14631,P56,2026-07-02 01:46:01,3,5764.47,1137.61,196.65,2908.04,17293.41,16155.8,Debit Card,Completed
6d8e33e0-b1df-4841-8136-55253c666a33,2026_W27,O57973,U13712,P92,2026-07-02 12:00:09,2,5271.05,1272.57,135.66,1668.52,10542.1,9269.53,Debit Card,Completed
6d8e33e0-b1df-4841-8136-55253c666a33,2026_W27,O57974,U23466,P50,2026-07-02 09:32:13,2,4043.15,498.96,185.09,1365.72,8086.3,7587.34,UPI,Completed
6d8e33e0-b1df-4841-8136-55253c666a33,2026_W27,O57975,U3834,P63,2026-07-02 03:43:03,4,9352.06,5415.49,140.62,5758.7,37408.24,31992.75,Wallet,Completed
6d8e33e0-b1df-4841-8136-55253c666a33,2026_W27,O57976,U16630,P20,2026-07-03 17:26:51,4,3016.27,1270.79,89.96,1942.97,12065.08,10794.29,UPI,Completed
6d8e33e0-b1df-4841-8136-55253c666a33,2026_W27,O57977,U23747,P183,2026-07-02 07:26:24,4,4514.63,2548.44,192.68,2791.81,18058.52,15510.08,Wallet,Completed
6d8e33e0-b1df-4841-8136-55253c666a33,2026_W27,O57978,U10999,P62,2026-07-02 06:04:57,4,8933.75,3576.33,183.75,5788.56,35735.0,32158.67,UPI,Completed
6d8e33e0-b1df-4841-8136-55253c666a33,2026_W27,O57979,U18161,P74,2026-07-05 05:13:58,3,6172.48,1896.57,144.89,2991.76,18517.44,16620.87,Wallet,Completed
6d8e33e0-b1df-4841-8136-55253c666a33,2026_W27,O57980,U4984,P170,2026-07-03 06:38:27,1,2647.64,309.47,80.37,420.87,2647.64,2338.17,UPI,Completed
6d8e33e0-b1df-4841-8136-55253c666a33,2026_W27,O57981,U8109,P50,2026-07-04 11:48:41,4,4043.15,341.85,110.93,2849.54,16172.6,15830.75,Credit Card,Completed
6d8e33e0-b1df-4841-8136-55253c666a33,2026_W27,O57982,U10013,P163,2026-06-30 20:26:38,4,5553.52,38.23,196.85,3991.65,22214.08,22175.850000000002,UPI,Completed
6d8e33e0-b1df-4841-8136-55253c666a33,2026_W27,O57983,U4171,P112,2026-07-04 00:19:26,1,7164.07,863.07,123.13,1134.18,7164.07,6301.0,Credit Card,Completed
6d8e33e0-b1df-4841-8136-55253c666a33,2026_W27,O57984,U21352,P113,2026-06-30 10:13:13,3,5364.85,1376.15,102.61,2649.31,16094.550000000001,14718.400000000001,Wallet,Completed
6d8e33e0-b1df-4841-8136-55253c666a33,2026_W27,O57985,U18652,P66,2026-07-02 02:52:04,3,7809.87,654.58,96.2,4099.51,23429.61,22775.03,Credit Card,Completed
6d8e33e0-b1df-4841-8136-55253c666a33,2026_W27,O57986,U28648,P65,2026-07-02 01:42:08,2,7295.29,949.48,54.34,2455.4,14590.58,13641.1,UPI,Completed
6d8e33e0-b1df-4841-8136-55253c666a33,2026_W27,O57987,U34955,P2,2026-07-03 05:20:25,1,4823.44,13.89,75.49,865.72,4823.44,4809.549999999999,Debit Card,Completed
6d8e33e0-b1df-4841-8136-55253c666a33,2026_W27,O57988,U4817,P67,2026-07-05 04:55:25,1,4487.19,20.94,123.81,803.92,4487.19,4466.25,UPI,Completed
6d8e33e0-b1df-4841-8136-55253c666a33,2026_W27,O57989,U24410,P77,2026-07-03 22:57:50,2,5304.36,237.9,185.12,1866.75,10608.72,10370.82,UPI,Completed
6d8e33e0-b1df-4841-8136-55253c666a33,2026_W27,O57990,U19991,P154,2026-06-30 00:18:38,1,3395.73,187.94,131.45,577.4,3395.73,3207.79,Credit Card,Completed
6d8e33e0-b1df-4841-8136-55253c666a33,2026_W27,O57991,U29553,P78,2026-07-03 03:43:39,1,4536.03,365.68,97.98,750.66,4536.03,4170.349999999999,UPI,Completed
6d8e33e0-b1df-4841-8136-55253c666a33,2026_W27,O57992,U27570,P104,2026-07-04 12:58:53,2,7848.2,308.12,183.08,2769.89,15696.4,15388.279999999999,Credit Card,Completed
6d8e33e0-b1df-4841-8136-55253c666a33,2026_W27,O57993,U6666,P107,2026-07-02 02:49:07,4,10380.65,810.11,69.4,7328.25,41522.6,40712.49,Debit Card,Completed
6d8e33e0-b1df-4841-8136-55253c666a33,2026_W27,O57994,U4764,P81,2026-07-03 09:44:39,4,7402.77,1981.49,122.61,4973.33,29611.08,27629.59,Wallet,Completed
6d8e33e0-b1df-4841-8136-55253c666a33,2026_W27,O57995,U8874,P95,2026-06-30 17:09:20,1,5783.09,476.86,195.23,955.12,5783.09,5306.2300000000005,Credit Card,Completed
6d8e33e0-b1df-4841-8136-55253c666a33,2026_W27,O57996,U22956,P16,2026-07-04 13:38:32,3,3158.68,589.8,191.96,1599.52,9476.039999999999,8886.24,Debit Card,Completed
6d8e33e0-b1df-4841-8136-55253c666a33,2026_W27,O57997,U9266,P154,2026-07-03 18:52:19,3,3395.73,758.15,79.81,1697.23,10187.19,9429.04,UPI,Completed
6d8e33e0-b1df-4841-8136-55253c666a33,2026_W27,O57998,U20098,P44,2026-06-30 17:01:26,1,1407.86,74.44,103.62,240.02,1407.86,1333.4199999999998,UPI,Completed
6d8e33e0-b1df-4841-8136-55253c666a33,2026_W27,O57999,U27611,P36,2026-06-30 15:41:07,3,6802.05,1938.52,171.5,3324.17,20406.15,18467.63,Debit Card,Completed
6d8e33e0-b1df-4841-8136-55253c666a33,2026_W27,O58000,U10984,P169,2026-07-04 09:49:21,1,10966.13,1192.98,61.28,1759.17,10966.13,9773.15,Credit Card,Completed
6d8e33e0-b1df-4841-8136-55253c666a33,2026_W27,O58001,U15780,P167,2026-07-04 10:10:51,2,5498.71,730.74,143.81,1848.0,10997.42,10266.68,UPI,Completed
6d8e33e0-b1df-4841-8136-55253c666a33,2026_W27,O58002,U14061,P111,2026-06-29 09:58:45,3,7719.79,3264.06,114.49,3581.16,23159.37,19895.309999999998,UPI,Completed
6d8e33e0-b1df-4841-8136-55253c666a33,2026_W27,O58003,U20409,P141,2026-07-04 10:25:33,3,9271.32,2691.61,58.51,4522.02,27813.96,25122.35,Credit Card,Completed
6d8e33e0-b1df-4841-8136-55253c666a33,2026_W27,O58004,U2963,P158,2026-07-01 14:30:35,4,5070.42,1581.43,144.89,3366.04,20281.68,18700.25,UPI,Completed
6d8e33e0-b1df-4841-8136-55253c666a33,2026_W27,O58005,U1675,P195,2026-06-30 20:07:28,2,6655.83,1605.37,121.34,2107.13,13311.66,11706.29,Credit Card,Completed
6d8e33e0-b1df-4841-8136-55253c666a33,2026_W27,O58006,U12150,P188,2026-07-01 22:56:50,3,2967.62,724.2,67.5,1472.16,8902.86,8178.660000000001,UPI,Completed
6d8e33e0-b1df-4841-8136-55253c666a33,2026_W27,O58007,U32482,P31,2026-06-30 10:36:34,2,3171.15,801.59,194.11,997.33,6342.3,5540.71,Wallet,Completed
6d8e33e0-b1df-4841-8136-55253c666a33,2026_W27,O58008,U2992,P38,2026-06-30 19:54:03,3,4290.59,1322.79,97.83,2078.82,12871.77,11548.98,Wallet,Completed
6d8e33e0-b1df-4841-8136-55253c666a33,2026_W27,O58009,U18377,P133,2026-06-29 17:02:16,4,10395.42,1556.37,157.93,7204.56,41581.68,40025.31,Credit Card,Completed
6d8e33e0-b1df-4841-8136-55253c666a33,2026_W27,O58010,U4922,P76,2026-06-30 18:45:10,4,7097.72,2268.48,117.98,4702.03,28390.88,26122.4,Debit Card,Completed
6d8e33e0-b1df-4841-8136-55253c666a33,2026_W27,O58011,U26020,P166,2026-07-02 04:19:22,2,4248.29,531.92,150.0,1433.64,8496.58,7964.66,Wallet,Completed
6d8e33e0-b1df-4841-8136-55253c666a33,2026_W27,O58012,U25379,P172,2026-07-05 00:17:14,3,7555.52,264.69,87.59,4032.34,22666.56,22401.870000000003,Wallet,Completed
6d8e33e0-b1df-4841-8136-55253c666a33,2026_W27,O58013,U3289,P6,2026-07-04 12:16:12,4,6939.39,1943.41,104.33,4646.55,27757.56,25814.15,Debit Card,Completed
6d8e33e0-b1df-4841-8136-55253c666a33,2026_W27,O58014,U1091,P177,2026-07-03 02:38:47,3,9676.29,2451.95,145.39,4783.85,29028.870000000003,26576.920000000002,Debit Card,Completed
6d8e33e0-b1df-4841-8136-55253c666a33,2026_W27,O58015,U21537,P185,2026-06-30 16:12:59,1,2854.87,133.04,80.07,489.93,2854.87,2721.83,Wallet,Completed
6d8e33e0-b1df-4841-8136-55253c666a33,2026_W27,O58016,U17843,P6,2026-07-03 23:25:07,3,6939.39,2154.41,91.71,3359.48,20818.170000000002,18663.760000000002,UPI,Completed
6d8e33e0-b1df-4841-8136-55253c666a33,2026_W27,O58017,U31388,P178,2026-07-03 13:25:45,2,7836.39,218.71,125.0,2781.73,15672.78,15454.070000000002,UPI,Completed
6d8e33e0-b1df-4841-8136-55253c666a33,2026_W27,O58018,U217,P135,2026-07-04 07:53:42,2,5890.55,893.02,181.74,1959.85,11781.1,10888.08,Debit Card,Completed
6d8e33e0-b1df-4841-8136-55253c666a33,2026_W27,O58019,U5028,P174,2026-07-02 01:27:06,2,2207.85,510.85,77.66,702.87,4415.7,3904.85,Debit Card,Completed
6d8e33e0-b1df-4841-8136-55253c666a33,2026_W27,O58020,U9837,P92,2026-07-01 00:40:07,4,5271.05,3045.84,167.53,3246.9,21084.2,18038.36,UPI,Completed
6d8e33e0-b1df-4841-8136-55253c666a33,2026_W27,O58021,U8845,P90,2026-07-04 02:23:03,1,4581.8,254.45,60.45,778.92,4581.8,4327.35,UPI,Completed
6d8e33e0-b1df-4841-8136-55253c666a33,2026_W27,O58022,U11028,P115,2026-07-01 04:16:33,2,10677.61,3190.01,145.01,3269.74,21355.22,18165.21,Wallet,Completed
6d8e33e0-b1df-4841-8136-55253c666a33,2026_W27,O58023,U34150,P90,2026-06-30 08:51:54,3,4581.8,902.57,59.87,2311.71,13745.400000000001,12842.830000000002,UPI,Completed
6d8e33e0-b1df-4841-8136-55253c666a33,2026_W27,O58024,U14244,P187,2026-07-02 21:24:52,2,6341.6,1087.83,195.68,2087.17,12683.2,11595.37,UPI,Completed
6d8e33e0-b1df-4841-8136-55253c666a33,2026_W27,O58025,U17572,P31,2026-07-05 02:07:02,4,3171.15,703.12,62.52,2156.67,12684.6,11981.48,UPI,Completed
6d8e33e0-b1df-4841-8136-55253c666a33,2026_W27,O58026,U8879,P90,2026-07-04 11:52:25,1,4581.8,451.05,113.84,743.54,4581.8,4130.75,UPI,Completed
6d8e33e0-b1df-4841-8136-55253c666a33,2026_W27,O58027,U33729,P96,2026-07-03 05:41:58,4,4818.25,879.68,142.24,3310.8,19273.0,18393.32,Wallet,Completed
6d8e33e0-b1df-4841-8136-55253c666a33,2026_W27,O58028,U21585,P63,2026-07-02 13:46:27,1,9352.06,439.98,179.82,1604.17,9352.06,8912.08,UPI,Completed
6d8e33e0-b1df-4841-8136-55253c666a33,2026_W27,O58029,U24379,P172,2026-06-30 06:44:33,1,7555.52,725.02,191.35,1229.49,7555.52,6830.5,Wallet,Completed
6d8e33e0-b1df-4841-8136-55253c666a33,2026_W27,O58030,U19296,P200,2026-06-30 09:59:44,4,4553.19,2598.74,148.96,2810.52,18212.76,15614.019999999999,Credit Card,Completed
6d8e33e0-b1df-4841-8136-55253c666a33,2026_W27,O58031,U28855,P196,2026-06-29 19:35:00,2,9515.08,1379.16,75.99,3177.18,19030.16,17651.0,Wallet,Completed
6d8e33e0-b1df-4841-8136-55253c666a33,2026_W27,O58032,U16679,P17,2026-06-29 23:53:48,2,6241.42,923.75,136.54,2080.64,12482.84,11559.09,UPI,Completed
6d8e33e0-b1df-4841-8136-55253c666a33,2026_W27,O58033,U7210,P143,2026-07-05 06:48:12,3,7220.76,1570.36,60.89,3616.55,21662.28,20091.92,Debit Card,Completed
6d8e33e0-b1df-4841-8136-55253c666a33,2026_W27,O58034,U13805,P166,2026-07-02 08:13:53,1,4248.29,262.54,167.31,717.44,4248.29,3985.75,Wallet,Completed
6d8e33e0-b1df-4841-8136-55253c666a33,2026_W27,O58035,U28348,P72,2026-06-30 21:19:33,2,8298.72,2014.6,156.48,2624.91,16597.44,14582.839999999998,UPI,Completed
6d8e33e0-b1df-4841-8136-55253c666a33,2026_W27,O58036,U33536,P35,2026-06-30 18:17:57,1,10420.75,552.6,196.09,1776.27,10420.75,9868.15,Wallet,Completed
6d8e33e0-b1df-4841-8136-55253c666a33,2026_W27,O58037,U19876,P171,2026-07-02 01:45:13,4,2305.74,1043.41,181.16,1472.32,9222.96,8179.549999999999,Credit Card,Completed
6d8e33e0-b1df-4841-8136-55253c666a33,2026_W27,O58038,U11672,P17,2026-06-29 19:56:30,4,6241.42,1238.48,146.69,4270.9,24965.68,23727.2,Debit Card,Completed
6d8e33e0-b1df-4841-8136-55253c666a33,2026_W27,O58039,U25763,P33,2026-07-02 17:15:38,1,5573.38,582.61,172.74,898.34,5573.38,4990.77,UPI,Completed
6d8e33e0-b1df-4841-8136-55253c666a33,2026_W27,O58040,U2809,P178,2026-07-04 19:52:03,1,7836.39,934.54,81.13,1242.33,7836.39,6901.85,UPI,Completed
6d8e33e0-b1df-4841-8136-55253c666a33,2026_W27,O58041,U8776,P26,2026-07-01 15:28:32,1,5113.55,172.11,132.74,889.46,5113.55,4941.4400000000005,UPI,Completed
6d8e33e0-b1df-4841-8136-55253c666a33,2026_W27,O58042,U28345,P1,2026-07-01 22:49:47,3,8041.29,3008.22,117.6,3800.82,24123.87,21115.649999999998,UPI,Completed
6d8e33e0-b1df-4841-8136-55253c666a33,2026_W27,O58043,U23171,P5,2026-06-29 23:06:45,4,4886.67,1866.87,178.8,3182.37,19546.68,17679.81,Wallet,Completed
6d8e33e0-b1df-4841-8136-55253c666a33,2026_W27,O58044,U22528,P181,2026-06-30 05:18:53,1,5516.14,151.13,66.85,965.7,5516.14,5365.01,Wallet,Completed
6d8e33e0-b1df-4841-8136-55253c666a33,2026_W27,O58045,U21951,P16,2026-06-29 14:24:44,2,3158.68,890.89,123.97,976.76,6317.36,5426.469999999999,Debit Card,Completed
6d8e33e0-b1df-4841-8136-55253c666a33,2026_W27,O58046,U32228,P152,2026-06-30 22:35:31,3,5413.06,214.93,194.1,2884.36,16239.18,16024.25,Debit Card,Completed
6d8e33e0-b1df-4841-8136-55253c666a33,2026_W27,O58047,U15542,P36,2026-07-02 23:50:04,2,6802.05,63.7,148.72,2437.27,13604.1,13540.4,Wallet,Completed
6d8e33e0-b1df-4841-8136-55253c666a33,2026_W27,O58048,U17658,P85,2026-07-02 08:58:53,4,2941.32,245.35,155.85,2073.59,11765.28,11519.93,Debit Card,Completed
6d8e33e0-b1df-4841-8136-55253c666a33,2026_W27,O58049,U15532,P57,2026-07-02 06:10:58,4,8411.78,2554.99,101.45,5596.58,33647.12,31092.130000000005,Wallet,Completed
6d8e33e0-b1df-4841-8136-55253c666a33,2026_W27,O58050,U7118,P131,2026-06-30 00:41:58,3,6362.71,993.96,62.66,3256.95,19088.13,18094.170000000002,Credit Card,Completed
6d8e33e0-b1df-4841-8136-55253c666a33,2026_W27,O58051,U18127,P36,2026-07-04 15:51:58,4,6802.05,3725.32,68.15,4226.92,27208.2,23482.88,UPI,Completed
6d8e33e0-b1df-4841-8136-55253c666a33,2026_W27,O58052,U2967,P133,2026-07-01 16:04:13,3,10395.42,557.65,127.31,5513.15,31186.260000000002,30628.61,UPI,Completed
6d8e33e0-b1df-4841-8136-55253c666a33,2026_W27,O58053,U33322,P28,2026-07-01 06:14:01,2,4687.09,237.89,161.85,1644.53,9374.18,9136.29,Credit Card,Completed
6d8e33e0-b1df-4841-8136-55253c666a33,2026_W27,O58054,U15660,P73,2026-06-30 19:11:00,1,2904.91,40.19,126.64,515.65,2904.91,2864.72,UPI,Completed
6d8e33e0-b1df-4841-8136-55253c666a33,2026_W27,O58055,U7210,P37,2026-07-04 07:06:51,2,4162.63,270.93,132.09,1449.78,8325.26,8054.33,Wallet,Completed
6d8e33e0-b1df-4841-8136-55253c666a33,2026_W27,O58056,U16489,P39,2026-07-05 00:55:48,4,10748.05,1644.76,55.47,7442.54,42992.2,41347.439999999995,Credit Card,Completed
6d8e33e0-b1df-4841-8136-55253c666a33,2026_W27,O58057,U6731,P31,2026-07-04 00:14:16,2,3171.15,808.03,186.61,996.17,6342.3,5534.27,UPI,Completed
6d8e33e0-b1df-4841-8136-55253c666a33,2026_W27,O58058,U16415,P195,2026-06-30 00:07:57,1,6655.83,234.68,64.02,1155.81,6655.83,6421.15,UPI,Completed
6d8e33e0-b1df-4841-8136-55253c666a33,2026_W27,O58059,U17085,P165,2026-06-30 01:16:03,1,4483.27,175.83,126.04,775.34,4483.27,4307.4400000000005,UPI,Completed
6d8e33e0-b1df-4841-8136-55253c666a33,2026_W27,O58060,U3013,P126,2026-07-03 15:29:33,4,9456.09,3901.94,118.64,6106.04,37824.36,33922.42,Credit Card,Completed
6d8e33e0-b1df-4841-8136-55253c666a33,2026_W27,O58061,U24905,P124,2026-07-02 09:14:16,4,5965.84,177.4,120.42,4263.47,23863.36,23685.96,Wallet,Completed
6d8e33e0-b1df-4841-8136-55253c666a33,2026_W27,O58062,U9781,P17,2026-07-02 21:32:16,1,6241.42,196.04,180.62,1088.17,6241.42,6045.38,Wallet,Completed
6d8e33e0-b1df-4841-8136-55253c666a33,2026_W27,O58063,U5143,P176,2026-07-01 19:33:12,4,4894.11,2424.95,164.68,3087.27,19576.44,17151.489999999998,UPI,Completed
6d8e33e0-b1df-4841-8136-55253c666a33,2026_W27,O58064,U10375,P3,2026-06-30 11:37:16,2,3037.18,466.02,112.39,1009.5,6074.36,5608.34,UPI,Completed
6d8e33e0-b1df-4841-8136-55253c666a33,2026_W27,O58065,U14135,P185,2026-07-02 08:13:15,2,2854.87,768.45,189.87,889.43,5709.74,4941.29,Wallet,Completed
6d8e33e0-b1df-4841-8136-55253c666a33,2026_W27,O58066,U7815,P91,2026-06-29 18:36:54,1,7800.01,704.76,59.13,1277.14,7800.01,7095.25,Debit Card,Completed
6d8e33e0-b1df-4841-8136-55253c666a33,2026_W27,O58067,U11455,P118,2026-07-03 07:54:51,3,9270.95,2103.3,185.37,4627.72,27812.850000000002,25709.550000000003,Credit Card,Completed
6d8e33e0-b1df-4841-8136-55253c666a33,2026_W27,O58068,U10118,P3,2026-07-02 10:13:21,1,3037.18,88.72,81.34,530.72,3037.18,2948.46,Wallet,Completed
6d8e33e0-b1df-4841-8136-55253c666a33,2026_W27,O58069,U16926,P102,2026-06-30 06:42:01,4,3685.81,901.48,150.55,2491.52,14743.24,13841.76,Debit Card,Completed
6d8e33e0-b1df-4841-8136-55253c666a33,2026_W27,O58070,U24162,P155,2026-07-02 03:58:04,3,7895.96,5.7,60.27,4262.79,23687.88,23682.18,Wallet,Completed
6d8e33e0-b1df-4841-8136-55253c666a33,2026_W27,O58071,U33636,P191,2026-07-03 15:15:27,2,9506.3,385.71,181.17,3352.84,19012.6,18626.89,Credit Card,Completed
6d8e33e0-b1df-4841-8136-55253c666a33,2026_W27,O58072,U23917,P18,2026-06-30 16:39:59,3,3465.55,660.02,71.66,1752.59,10396.650000000001,9736.630000000001,UPI,Completed
6d8e33e0-b1df-4841-8136-55253c666a33,2026_W27,O58073,U29203,P187,2026-06-30 05:13:13,1,6341.6,823.95,95.1,993.18,6341.6,5517.650000000001,Debit Card,Completed
6d8e33e0-b1df-4841-8136-55253c666a33,2026_W27,O58074,U20648,P51,2026-07-01 17:58:48,2,5399.93,115.23,154.98,1923.23,10799.86,10684.630000000001,Credit Card,Completed
6d8e33e0-b1df-4841-8136-55253c666a33,2026_W27,O58075,U10358,P72,2026-07-03 05:19:09,3,8298.72,2087.51,113.62,4105.56,24896.159999999996,22808.649999999994,Wallet,Completed
6d8e33e0-b1df-4841-8136-55253c666a33,2026_W27,O58076,U30428,P106,2026-07-01 22:17:17,1,7604.77,965.15,119.48,1195.13,7604.77,6639.620000000001,Debit Card,Completed
6d8e33e0-b1df-4841-8136-55253c666a33,2026_W27,O58077,U20953,P96,2026-07-02 22:01:00,1,4818.25,14.55,147.14,864.67,4818.25,4803.7,Credit Card,Completed
6d8e33e0-b1df-4841-8136-55253c666a33,2026_W27,O58078,U14965,P78,2026-07-03 07:46:19,1,4536.03,103.88,172.4,797.79,4536.03,4432.15,Credit Card,Completed
6d8e33e0-b1df-4841-8136-55253c666a33,2026_W27,O58079,U12165,P34,2026-07-02 00:25:22,2,3432.36,692.11,52.25,1111.07,6864.72,6172.610000000001,Credit Card,Completed
6d8e33e0-b1df-4841-8136-55253c666a33,2026_W27,O58080,U2505,P9,2026-07-03 15:40:29,4,5229.72,1046.24,190.72,3577.08,20918.88,19872.64,Credit Card,Completed
6d8e33e0-b1df-4841-8136-55253c666a33,2026_W27,O58081,U11144,P53,2026-07-03 00:57:25,2,5893.03,374.78,168.51,2054.03,11786.06,11411.279999999999,UPI,Completed
6d8e33e0-b1df-4841-8136-55253c666a33,2026_W27,O58082,U4803,P152,2026-06-30 18:34:54,1,5413.06,384.64,155.78,905.12,5413.06,5028.42,UPI,Completed
6d8e33e0-b1df-4841-8136-55253c666a33,2026_W27,O58083,U15346,P38,2026-06-29 16:47:00,2,4290.59,344.64,187.77,1482.58,8581.18,8236.54,UPI,Completed
6d8e33e0-b1df-4841-8136-55253c666a33,2026_W27,O58084,U32240,P15,2026-07-04 10:27:32,2,3230.88,820.84,178.92,1015.37,6461.76,5640.92,Wallet,Completed
6d8e33e0-b1df-4841-8136-55253c666a33,2026_W27,O58085,U1172,P3,2026-07-04 12:33:41,1,3037.18,316.45,198.99,489.73,3037.18,2720.73,Debit Card,Completed
6d8e33e0-b1df-4841-8136-55253c666a33,2026_W27,O58086,U2444,P18,2026-06-30 10:15:55,1,3465.55,362.74,106.63,558.51,3465.55,3102.8100000000004,Wallet,Completed
6d8e33e0-b1df-4841-8136-55253c666a33,2026_W27,O58087,U33441,P126,2026-06-29 17:27:11,4,9456.09,2691.08,117.42,6323.99,37824.36,35133.28,UPI,Completed
6d8e33e0-b1df-4841-8136-55253c666a33,2026_W27,O58088,U19879,P73,2026-07-02 10:44:40,3,2904.91,1181.61,112.51,1355.96,8714.73,7533.12,Wallet,Completed
6d8e33e0-b1df-4841-8136-55253c666a33,2026_W27,O58089,U477,P56,2026-06-30 06:20:01,1,5764.47,689.37,119.3,913.52,5764.47,5075.1,Wallet,Completed
6d8e33e0-b1df-4841-8136-55253c666a33,2026_W27,O58090,U12199,P133,2026-06-30 19:42:02,1,10395.42,1440.74,144.3,1611.84,10395.42,8954.68,Credit Card,Completed
6d8e33e0-b1df-4841-8136-55253c666a33,2026_W27,O58091,U27044,P139,2026-06-29 22:24:32,2,7373.8,1404.8,77.88,2401.7,14747.6,13342.800000000001,UPI,Completed
6d8e33e0-b1df-4841-8136-55253c666a33,2026_W27,O58092,U24142,P142,2026-07-04 13:17:28,2,9238.71,804.45,116.36,3181.13,18477.42,17672.969999999998,Credit Card,Completed
6d8e33e0-b1df-4841-8136-55253c666a33,2026_W27,O58093,U4817,P126,2026-07-02 09:06:27,3,9456.09,3856.34,139.87,4412.15,28368.27,24511.93,Debit Card,Completed
6d8e33e0-b1df-4841-8136-55253c666a33,2026_W27,O58094,U30042,P159,2026-06-30 14:23:27,3,5801.91,2580.41,73.72,2668.56,17405.73,14825.32,UPI,Completed
6d8e33e0-b1df-4841-8136-55253c666a33,2026_W27,O58095,U16582,P134,2026-07-03 06:06:49,3,3480.9,483.09,114.85,1792.73,10442.7,9959.61,Credit Card,Completed
6d8e33e0-b1df-4841-8136-55253c666a33,2026_W27,O58096,U16741,P57,2026-06-30 08:45:44,4,8411.78,4723.31,186.83,5206.29,33647.12,28923.81,Wallet,Completed
6d8e33e0-b1df-4841-8136-55253c666a33,2026_W27,O58097,U25408,P193,2026-07-01 17:32:49,2,8599.49,885.4,146.18,2936.44,17198.98,16313.58,UPI,Completed
6d8e33e0-b1df-4841-8136-55253c666a33,2026_W27,O58098,U19161,P41,2026-06-30 04:19:20,2,1959.52,383.85,76.36,636.33,3919.04,3535.19,Wallet,Completed
6d8e33e0-b1df-4841-8136-55253c666a33,2026_W27,O58099,U4454,P164,2026-07-01 19:36:38,4,4106.87,179.79,192.86,2924.58,16427.48,16247.689999999999,Wallet,Completed
6d8e33e0-b1df-4841-8136-55253c666a33,2026_W27,O58100,U9424,P144,2026-07-02 07:15:17,2,4498.08,1158.82,120.23,1410.72,8996.16,7837.34,Wallet,Completed
6d8e33e0-b1df-4841-8136-55253c666a33,2026_W27,O58101,U18767,P104,2026-07-01 05:59:27,3,7848.2,2161.73,90.76,3848.92,23544.6,21382.87,UPI,Completed
6d8e33e0-b1df-4841-8136-55253c666a33,2026_W27,O58102,U31164,P56,2026-06-29 19:59:33,4,5764.47,433.59,148.71,4072.37,23057.88,22624.29,Credit Card,Completed
6d8e33e0-b1df-4841-8136-55253c666a33,2026_W27,O58103,U30691,P6,2026-06-30 11:29:26,3,6939.39,2676.01,160.93,3265.59,20818.170000000002,18142.160000000003,Debit Card,Completed
6d8e33e0-b1df-4841-8136-55253c666a33,2026_W27,O58104,U9193,P162,2026-06-30 22:16:34,1,7889.79,1022.4,104.62,1236.13,7889.79,6867.39,Wallet,Completed
6d8e33e0-b1df-4841-8136-55253c666a33,2026_W27,O58105,U24433,P145,2026-06-29 14:13:41,3,6190.5,2548.97,117.54,2884.06,18571.5,16022.53,Debit Card,Completed
6d8e33e0-b1df-4841-8136-55253c666a33,2026_W27,O58106,U18930,P78,2026-07-01 16:53:48,3,4536.03,1057.11,68.69,2259.18,13608.09,12550.98,Credit Card,Completed
6d8e33e0-b1df-4841-8136-55253c666a33,2026_W27,O58107,U3851,P84,2026-06-29 19:46:48,2,6489.78,500.44,140.05,2246.24,12979.56,12479.119999999999,Wallet,Completed
6d8e33e0-b1df-4841-8136-55253c666a33,2026_W27,O58108,U14585,P160,2026-07-04 19:06:20,4,5179.64,182.0,166.45,3696.58,20718.56,20536.56,UPI,Completed
6d8e33e0-b1df-4841-8136-55253c666a33,2026_W27,O58109,U28522,P77,2026-07-03 13:54:51,3,5304.36,105.57,198.77,2845.35,15913.079999999998,15807.509999999998,Credit Card,Completed
6d8e33e0-b1df-4841-8136-55253c666a33,2026_W27,O58110,U1962,P98,2026-07-01 17:10:18,4,7289.76,1832.82,177.77,4918.72,29159.04,27326.22,Credit Card,Completed
6d8e33e0-b1df-4841-8136-55253c666a33,2026_W27,O58111,U20840,P36,2026-07-01 07:57:21,1,6802.05,174.81,58.04,1192.9,6802.05,6627.24,UPI,Completed
6d8e33e0-b1df-4841-8136-55253c666a33,2026_W27,O58112,U2566,P122,2026-07-03 16:18:48,3,9537.16,158.49,188.56,5121.54,28611.48,28452.989999999998,Debit Card,Completed
6d8e33e0-b1df-4841-8136-55253c666a33,2026_W27,O58113,U9864,P26,2026-07-03 09:42:11,4,5113.55,2741.25,116.76,3188.33,20454.2,17712.95,Debit Card,Completed
6d8e33e0-b1df-4841-8136-55253c666a33,2026_W27,O58114,U14125,P153,2026-07-04 19:16:53,3,6806.07,2920.37,74.12,3149.61,20418.21,17497.84,Wallet,Completed
6d8e33e0-b1df-4841-8136-55253c666a33,2026_W27,O58115,U1651,P107,2026-07-05 02:25:44,4,10380.65,2383.0,191.42,7045.13,41522.6,39139.6,Debit Card,Completed
6d8e33e0-b1df-4841-8136-55253c666a33,2026_W27,O58116,U2941,P72,2026-07-03 18:04:29,4,8298.72,1829.25,145.3,5645.81,33194.88,31365.629999999997,Credit Card,Completed
6d8e33e0-b1df-4841-8136-55253c666a33,2026_W27,O58117,U22090,P31,2026-07-02 06:50:41,2,3171.15,893.32,183.89,980.82,6342.3,5448.9800000000005,UPI,Completed
6d8e33e0-b1df-4841-8136-55253c666a33,2026_W27,O58118,U2922,P162,2026-07-02 02:50:36,1,7889.79,1039.1,73.58,1233.12,7889.79,6850.6900000000005,Credit Card,Completed
6d8e33e0-b1df-4841-8136-55253c666a33,2026_W27,O58119,U7496,P81,2026-07-02 05:52:05,4,7402.77,3040.68,160.63,4782.67,29611.08,26570.4,Credit Card,Completed
6d8e33e0-b1df-4841-8136-55253c666a33,2026_W27,O58120,U27296,P180,2026-07-03 15:03:31,1,2355.52,103.85,105.63,405.3,2355.52,2251.67,UPI,Completed
6d8e33e0-b1df-4841-8136-55253c666a33,2026_W27,O58121,U32594,P78,2026-07-04 23:36:08,1,4536.03,287.61,88.73,764.72,4536.03,4248.42,UPI,Completed
6d8e33e0-b1df-4841-8136-55253c666a33,2026_W27,O58122,U7596,P47,2026-07-03 03:25:21,2,7084.59,157.83,81.05,2522.04,14169.18,14011.35,UPI,Completed
6d8e33e0-b1df-4841-8136-55253c666a33,2026_W27,O58123,U17614,P43,2026-07-03 17:18:28,2,8672.85,1001.78,194.37,2941.91,17345.7,16343.92,Wallet,Completed
6d8e33e0-b1df-4841-8136-55253c666a33,2026_W27,O58124,U10826,P135,2026-07-02 10:23:33,1,5890.55,407.79,111.44,986.9,5890.55,5482.76,Credit Card,Completed
6d8e33e0-b1df-4841-8136-55253c666a33,2026_W27,O58125,U21753,P169,2026-07-04 16:03:25,2,10966.13,2203.56,57.75,3551.17,21932.26,19728.699999999997,Debit Card,Completed
6d8e33e0-b1df-4841-8136-55253c666a33,2026_W27,O58126,U68,P32,2026-07-01 16:37:31,1,4904.65,239.42,90.31,839.74,4904.65,4665.23,Debit Card,Completed
6d8e33e0-b1df-4841-8136-55253c666a33,2026_W27,O58127,U8341,P133,2026-06-30 06:19:53,3,10395.42,3261.18,109.1,5026.51,31186.260000000002,27925.08,Debit Card,Completed
6d8e33e0-b1df-4841-8136-55253c666a33,2026_W27,O58128,U18580,P100,2026-07-02 13:40:36,2,1750.2,179.87,182.87,597.7,3500.4,3320.53,Wallet,Completed
6d8e33e0-b1df-4841-8136-55253c666a33,2026_W27,O58129,U25095,P17,2026-06-30 22:25:24,1,6241.42,922.84,104.65,957.34,6241.42,5318.58,Wallet,Completed
6d8e33e0-b1df-4841-8136-55253c666a33,2026_W27,O58130,U14412,P134,2026-06-30 08:52:56,2,3480.9,307.22,102.36,1197.82,6961.8,6654.58,UPI,Completed
6d8e33e0-b1df-4841-8136-55253c666a33,2026_W27,O58131,U29923,P33,2026-07-04 01:19:41,2,5573.38,443.47,177.49,1926.59,11146.76,10703.29,Debit Card,Completed
6d8e33e0-b1df-4841-8136-55253c666a33,2026_W27,O58132,U862,P41,2026-06-30 20:43:23,3,1959.52,162.48,101.82,1028.89,5878.5599999999995,5716.08,UPI,Completed
6d8e33e0-b1df-4841-8136-55253c666a33,2026_W27,O58133,U20816,P151,2026-06-30 23:24:02,1,9624.05,742.82,132.78,1598.62,9624.05,8881.23,Wallet,Completed
6d8e33e0-b1df-4841-8136-55253c666a33,2026_W27,O58134,U27802,P152,2026-07-05 05:37:05,1,5413.06,765.4,74.31,836.58,5413.06,4647.660000000001,Credit Card,Completed
6d8e33e0-b1df-4841-8136-55253c666a33,2026_W27,O58135,U7510,P109,2026-07-04 07:09:45,4,8070.73,1347.99,105.57,5568.29,32282.92,30934.929999999997,UPI,Completed
6d8e33e0-b1df-4841-8136-55253c666a33,2026_W27,O58136,U815,P83,2026-07-01 08:41:08,2,2067.84,88.13,129.51,728.56,4135.68,4047.55,Debit Card,Completed
6d8e33e0-b1df-4841-8136-55253c666a33,2026_W27,O58137,U26770,P163,2026-07-03 04:28:54,2,5553.52,312.2,178.42,1943.07,11107.04,10794.84,Debit Card,Completed
6d8e33e0-b1df-4841-8136-55253c666a33,2026_W27,O58138,U15029,P170,2026-07-04 17:49:22,3,2647.64,211.54,187.33,1391.65,7942.92,7731.38,Credit Card,Completed
6d8e33e0-b1df-4841-8136-55253c666a33,2026_W27,O58139,U10831,P86,2026-06-29 12:55:21,4,9877.51,5583.43,58.27,6106.79,39510.04,33926.61,Credit Card,Completed
6d8e33e0-b1df-4841-8136-55253c666a33,2026_W27,O58140,U2978,P140,2026-07-01 03:38:07,3,3100.99,920.69,118.35,1508.81,9302.97,8382.279999999999,Credit Card,Completed
6d8e33e0-b1df-4841-8136-55253c666a33,2026_W27,O58141,U5711,P8,2026-06-30 06:29:35,1,8837.46,627.31,96.29,1477.83,8837.46,8210.15,Debit Card,Completed
6d8e33e0-b1df-4841-8136-55253c666a33,2026_W27,O58142,U7213,P30,2026-06-30 08:28:42,3,6995.67,310.77,148.61,3721.72,20987.010000000002,20676.24,Debit Card,Completed
6d8e33e0-b1df-4841-8136-55253c666a33,2026_W27,O58143,U13215,P169,2026-07-04 23:52:44,4,10966.13,610.49,118.47,7785.73,43864.52,43254.03,Debit Card,Completed
6d8e33e0-b1df-4841-8136-55253c666a33,2026_W27,O58144,U1111,P15,2026-07-01 15:22:59,3,3230.88,1073.26,133.41,1551.49,9692.64,8619.38,UPI,Completed
6d8e33e0-b1df-4841-8136-55253c666a33,2026_W27,O58145,U22215,P139,2026-07-04 12:19:30,4,7373.8,4257.7,117.0,4542.75,29495.2,25237.5,Debit Card,Completed
6d8e33e0-b1df-4841-8136-55253c666a33,2026_W27,O58146,U16929,P69,2026-07-03 09:19:33,3,4897.29,695.21,122.91,2519.4,14691.869999999999,13996.66,UPI,Completed
6d8e33e0-b1df-4841-8136-55253c666a33,2026_W27,O58147,U12668,P3,2026-07-03 19:30:33,3,3037.18,544.0,161.51,1542.16,9111.539999999999,8567.539999999999,Wallet,Completed
6d8e33e0-b1df-4841-8136-55253c666a33,2026_W27,O58148,U3949,P101,2026-06-30 21:06:23,3,8924.96,1876.33,109.96,4481.74,26774.879999999997,24898.549999999996,Debit Card,Completed
6d8e33e0-b1df-4841-8136-55253c666a33,2026_W27,O58149,U29211,P109,2026-07-02 00:29:43,1,8070.73,1041.06,109.31,1265.34,8070.73,7029.67,Credit Card,Completed
6d8e33e0-b1df-4841-8136-55253c666a33,2026_W27,O58150,U24864,P177,2026-07-02 15:25:30,2,9676.29,743.01,198.18,3349.72,19352.58,18609.570000000003,Credit Card,Completed
6d8e33e0-b1df-4841-8136-55253c666a33,2026_W27,O58151,U31461,P163,2026-07-01 03:44:48,2,5553.52,1255.23,76.4,1773.33,11107.04,9851.810000000001,Wallet,Completed
6d8e33e0-b1df-4841-8136-55253c666a33,2026_W27,O58152,U30236,P16,2026-07-04 05:17:13,1,3158.68,448.19,97.89,487.89,3158.68,2710.49,Credit Card,Completed
6d8e33e0-b1df-4841-8136-55253c666a33,2026_W27,O58153,U9148,P76,2026-06-29 21:53:30,2,7097.72,1736.31,117.56,2242.64,14195.44,12459.130000000001,Wallet,Completed
6d8e33e0-b1df-4841-8136-55253c666a33,2026_W27,O58154,U10270,P86,2026-07-04 17:47:57,4,9877.51,3550.79,164.85,6472.66,39510.04,35959.25,Wallet,Completed
6d8e33e0-b1df-4841-8136-55253c666a33,2026_W27,O58155,U1039,P151,2026-07-04 12:53:48,1,9624.05,1154.86,66.85,1524.45,9624.05,8469.189999999999,Credit Card,Completed
6d8e33e0-b1df-4841-8136-55253c666a33,2026_W27,O58156,U29298,P24,2026-07-03 11:55:51,1,4112.52,384.57,52.71,671.03,4112.52,3727.9500000000003,Wallet,Completed
6d8e33e0-b1df-4841-8136-55253c666a33,2026_W27,O58157,U4991,P110,2026-07-01 11:17:59,1,8883.32,973.86,123.24,1423.7,8883.32,7909.46,UPI,Completed
6d8e33e0-b1df-4841-8136-55253c666a33,2026_W27,O58158,U19829,P85,2026-06-29 16:39:35,4,2941.32,1508.69,153.43,1846.19,11765.28,10256.59,UPI,Completed
6d8e33e0-b1df-4841-8136-55253c666a33,2026_W27,O58159,U23938,P172,2026-07-01 07:26:43,2,7555.52,1382.24,66.12,2471.18,15111.04,13728.800000000001,Debit Card,Completed
6d8e33e0-b1df-4841-8136-55253c666a33,2026_W27,O58160,U19848,P46,2026-07-04 12:51:15,4,2979.32,767.47,155.42,2006.97,11917.28,11149.810000000001,Wallet,Completed
6d8e33e0-b1df-4841-8136-55253c666a33,2026_W27,O58161,U16962,P33,2026-07-04 22:02:31,4,5573.38,1335.96,100.61,3772.36,22293.52,20957.56,UPI,Completed
6d8e33e0-b1df-4841-8136-55253c666a33,2026_W27,O58162,U16731,P124,2026-06-30 22:31:49,2,5965.84,1223.49,115.77,1927.47,11931.68,10708.19,Credit Card,Completed
6d8e33e0-b1df-4841-8136-55253c666a33,2026_W27,O58163,U34626,P34,2026-06-30 07:49:24,1,3432.36,294.68,182.49,564.78,3432.36,3137.6800000000003,Debit Card,Completed
6d8e33e0-b1df-4841-8136-55253c666a33,2026_W27,O58164,U14100,P44,2026-07-04 13:02:39,4,1407.86,408.84,198.53,940.07,5631.44,5222.599999999999,Credit Card,Completed
6d8e33e0-b1df-4841-8136-55253c666a33,2026_W27,O58165,U11986,P61,2026-07-03 07:03:34,4,7869.26,1863.8,91.58,5330.38,31477.04,29613.24,Wallet,Completed
6d8e33e0-b1df-4841-8136-55253c666a33,2026_W27,O58166,U17245,P183,2026-06-29 23:29:41,3,4514.63,52.9,50.3,2428.38,13543.89,13490.99,Credit Card,Completed
6d8e33e0-b1df-4841-8136-55253c666a33,2026_W27,O58167,U31307,P36,2026-06-30 04:25:37,2,6802.05,1076.56,130.08,2254.96,13604.1,12527.54,Credit Card,Completed
6d8e33e0-b1df-4841-8136-55253c666a33,2026_W27,O58168,U2405,P51,2026-06-29 10:05:22,1,5399.93,644.19,168.26,856.03,5399.93,4755.74,Wallet,Completed
6d8e33e0-b1df-4841-8136-55253c666a33,2026_W27,O58169,U31831,P56,2026-07-05 06:32:00,1,5764.47,668.15,147.55,917.34,5764.47,5096.320000000001,UPI,Completed
6d8e33e0-b1df-4841-8136-55253c666a33,2026_W27,O58170,U14412,P55,2026-06-29 22:41:20,1,4472.32,12.53,197.78,802.76,4472.32,4459.79,Wallet,Completed
6d8e33e0-b1df-4841-8136-55253c666a33,2026_W27,O58171,U27625,P120,2026-07-01 13:07:11,1,4076.33,268.05,66.31,685.49,4076.33,3808.2799999999997,Wallet,Completed
6d8e33e0-b1df-4841-8136-55253c666a33,2026_W27,O58172,U10348,P86,2026-06-29 11:42:34,2,9877.51,1447.27,154.58,3295.4,19755.02,18307.75,Credit Card,Completed
6d8e33e0-b1df-4841-8136-55253c666a33,2026_W27,O58173,U19996,P18,2026-07-04 21:40:38,1,3465.55,164.09,98.19,594.26,3465.55,3301.46,Wallet,Completed
6d8e33e0-b1df-4841-8136-55253c666a33,2026_W27,O58174,U1335,P39,2026-07-01 08:12:46,1,10748.05,1341.75,186.94,1693.13,10748.05,9406.3,UPI,Completed
6d8e33e0-b1df-4841-8136-55253c666a33,2026_W27,O58175,U23473,P184,2026-06-30 21:46:03,1,2360.41,48.24,77.04,416.19,2360.41,2312.17,Credit Card,Completed
6d8e33e0-b1df-4841-8136-55253c666a33,2026_W27,O58176,U3925,P85,2026-06-29 12:24:25,3,2941.32,367.46,88.41,1522.17,8823.960000000001,8456.500000000002,Credit Card,Completed
6d8e33e0-b1df-4841-8136-55253c666a33,2026_W27,O58177,U13244,P15,2026-07-03 10:57:09,1,3230.88,293.7,120.63,528.69,3230.88,2937.1800000000003,Debit Card,Completed
6d8e33e0-b1df-4841-8136-55253c666a33,2026_W27,O58178,U10527,P90,2026-07-01 03:22:32,2,4581.8,356.57,177.29,1585.27,9163.6,8807.03,UPI,Completed
6d8e33e0-b1df-4841-8136-55253c666a33,2026_W27,O58179,U19432,P34,2026-07-02 07:47:09,1,3432.36,458.15,133.09,535.36,3432.36,2974.21,UPI,Completed
6d8e33e0-b1df-4841-8136-55253c666a33,2026_W27,O58180,U4948,P195,2026-07-02 14:24:38,4,6655.83,1224.9,159.1,4571.72,26623.32,25398.42,UPI,Completed
6d8e33e0-b1df-4841-8136-55253c666a33,2026_W27,O58181,U34574,P31,2026-06-29 22:41:00,2,3171.15,870.39,141.98,984.94,6342.3,5471.91,Credit Card,Completed
6d8e33e0-b1df-4841-8136-55253c666a33,2026_W27,O58182,U16602,P84,2026-07-04 23:24:32,1,6489.78,40.29,157.72,1160.91,6489.78,6449.49,UPI,Completed
6d8e33e0-b1df-4841-8136-55253c666a33,2026_W27,O58183,U16465,P85,2026-06-29 17:18:03,1,2941.32,423.09,131.74,453.28,2941.32,2518.23,Debit Card,Completed
6d8e33e0-b1df-4841-8136-55253c666a33,2026_W27,O58184,U27736,P54,2026-07-02 13:59:39,4,7277.34,3534.43,72.17,4603.49,29109.36,25574.93,Debit Card,Completed
6d8e33e0-b1df-4841-8136-55253c666a33,2026_W27,O58185,U9526,P104,2026-06-30 22:25:55,3,7848.2,1686.36,108.75,3934.48,23544.6,21858.239999999998,UPI,Completed
6d8e33e0-b1df-4841-8136-55253c666a33,2026_W27,O58186,U20650,P188,2026-06-29 16:19:43,3,2967.62,656.06,183.51,1484.42,8902.86,8246.800000000001,Wallet,Completed
6d8e33e0-b1df-4841-8136-55253c666a33,2026_W27,O58187,U24735,P167,2026-07-01 08:24:43,2,5498.71,103.78,173.57,1960.86,10997.42,10893.64,Wallet,Completed
6d8e33e0-b1df-4841-8136-55253c666a33,2026_W27,O58188,U29295,P27,2026-07-03 14:05:03,4,8284.05,1021.73,187.83,5780.6,33136.2,32114.469999999998,Credit Card,Completed
6d8e33e0-b1df-4841-8136-55253c666a33,2026_W27,O58189,U24934,P130,2026-07-02 22:27:23,1,9584.05,1082.58,106.33,1530.26,9584.05,8501.47,Credit Card,Completed
6d8e33e0-b1df-4841-8136-55253c666a33,2026_W27,O58190,U23306,P153,2026-06-30 02:12:11,1,6806.07,246.55,90.37,1180.71,6806.07,6559.5199999999995,Debit Card,Completed
6d8e33e0-b1df-4841-8136-55253c666a33,2026_W27,O58191,U31702,P27,2026-07-01 10:43:55,2,8284.05,1816.27,185.02,2655.33,16568.1,14751.829999999998,UPI,Completed
6d8e33e0-b1df-4841-8136-55253c666a33,2026_W27,O58192,U34780,P91,2026-07-01 10:41:52,1,7800.01,886.57,107.02,1244.42,7800.01,6913.4400000000005,Debit Card,Completed
6d8e33e0-b1df-4841-8136-55253c666a33,2026_W27,O58193,U9969,P57,2026-07-02 09:45:39,3,8411.78,396.1,68.1,4471.06,25235.340000000004,24839.240000000005,UPI,Completed
6d8e33e0-b1df-4841-8136-55253c666a33,2026_W27,O58194,U22075,P101,2026-07-02 00:04:10,2,8924.96,1375.18,168.34,2965.45,17849.92,16474.739999999998,Debit Card,Completed
6d8e33e0-b1df-4841-8136-55253c666a33,2026_W27,O58195,U1453,P19,2026-07-02 08:29:38,3,5633.25,94.88,190.15,3024.88,16899.75,16804.87,Wallet,Completed
6d8e33e0-b1df-4841-8136-55253c666a33,2026_W27,O58196,U6132,P198,2026-06-30 00:54:22,2,4611.32,405.55,79.53,1587.08,9222.64,8817.09,Wallet,Completed
6d8e33e0-b1df-4841-8136-55253c666a33,2026_W27,O58197,U15235,P67,2026-06-30 20:19:25,1,4487.19,382.3,110.24,738.88,4487.19,4104.889999999999,UPI,Completed
6d8e33e0-b1df-4841-8136-55253c666a33,2026_W27,O58198,U32599,P54,2026-06-30 09:19:38,1,7277.34,345.84,113.59,1247.67,7277.34,6931.5,Credit Card,Completed
6d8e33e0-b1df-4841-8136-55253c666a33,2026_W27,O58199,U27146,P184,2026-06-30 15:39:31,2,2360.41,226.03,131.99,809.06,4720.82,4494.79,Debit Card,Completed
6d8e33e0-b1df-4841-8136-55253c666a33,2026_W27,O58200,U32410,P134,2026-06-30 14:37:03,3,3480.9,302.74,180.74,1825.19,10442.7,10139.960000000001,UPI,Completed
6d8e33e0-b1df-4841-8136-55253c666a33,2026_W27,O58201,U11028,P40,2026-07-03 00:45:26,4,7370.62,2394.86,158.4,4875.77,29482.48,27087.62,Debit Card,Completed
6d8e33e0-b1df-4841-8136-55253c666a33,2026_W27,O58202,U30126,P137,2026-07-04 13:53:56,3,2618.72,64.72,53.4,1402.46,7856.16,7791.44,Debit Card,Completed
6d8e33e0-b1df-4841-8136-55253c666a33,2026_W27,O58203,U25541,P184,2026-07-01 09:33:59,2,2360.41,641.56,73.09,734.27,4720.82,4079.2599999999998,Debit Card,Completed
6d8e33e0-b1df-4841-8136-55253c666a33,2026_W27,O58204,U21038,P147,2026-07-03 12:08:10,4,4417.37,1052.41,91.38,2991.07,17669.48,16617.07,UPI,Completed
6d8e33e0-b1df-4841-8136-55253c666a33,2026_W27,O58205,U4528,P50,2026-07-03 23:20:59,2,4043.15,604.86,192.49,1346.66,8086.3,7481.4400000000005,Credit Card,Completed
6d8e33e0-b1df-4841-8136-55253c666a33,2026_W27,O58206,U14123,P5,2026-06-29 19:40:45,3,4886.67,943.05,156.95,2469.05,14660.01,13716.960000000001,Wallet,Completed
6d8e33e0-b1df-4841-8136-55253c666a33,2026_W27,O58207,U30809,P74,2026-07-02 11:31:15,1,6172.48,306.11,115.77,1055.95,6172.48,5866.37,Credit Card,Completed
6d8e33e0-b1df-4841-8136-55253c666a33,2026_W27,O58208,U33089,P14,2026-06-29 22:09:27,4,5736.45,2547.72,148.36,3671.65,22945.8,20398.079999999998,Debit Card,Completed
6d8e33e0-b1df-4841-8136-55253c666a33,2026_W27,O58209,U27625,P119,2026-06-30 11:33:46,4,9225.28,1509.84,191.11,6370.43,36901.12,35391.280000000006,Credit Card,Completed
6d8e33e0-b1df-4841-8136-55253c666a33,2026_W27,O58210,U32106,P37,2026-07-02 08:25:07,2,4162.63,1022.17,55.54,1314.56,8325.26,7303.09,Credit Card,Completed
6d8e33e0-b1df-4841-8136-55253c666a33,2026_W27,O58211,U19829,P50,2026-07-05 00:32:00,4,4043.15,2228.21,197.74,2509.99,16172.6,13944.39,UPI,Completed
6d8e33e0-b1df-4841-8136-55253c666a33,2026_W27,O58212,U12658,P60,2026-07-05 07:56:07,2,3368.43,651.14,103.55,1095.43,6736.86,6085.719999999999,Debit Card,Completed
6d8e33e0-b1df-4841-8136-55253c666a33,2026_W27,O58213,U2505,P110,2026-07-03 11:46:22,3,8883.32,2080.39,191.77,4422.52,26649.96,24569.57,UPI,Completed
6d8e33e0-b1df-4841-8136-55253c666a33,2026_W27,O58214,U34961,P196,2026-07-04 00:35:46,1,9515.08,1250.23,152.37,1487.67,9515.08,8264.85,Credit Card,Completed
6d8e33e0-b1df-4841-8136-55253c666a33,2026_W27,O58215,U4341,P187,2026-07-01 04:13:32,3,6341.6,716.19,68.63,3295.55,19024.800000000003,18308.610000000004,UPI,Completed
6d8e33e0-b1df-4841-8136-55253c666a33,2026_W27,O58216,U32141,P148,2026-06-29 09:13:56,4,1578.46,22.03,72.62,1132.53,6313.84,6291.81,Debit Card,Completed
6d8e33e0-b1df-4841-8136-55253c666a33,2026_W27,O58217,U2032,P74,2026-07-01 04:43:25,1,6172.48,749.06,103.93,976.22,6172.48,5423.42,Debit Card,Completed
6d8e33e0-b1df-4841-8136-55253c666a33,2026_W27,O58218,U20156,P161,2026-07-01 05:00:39,2,4439.61,127.8,67.12,1575.26,8879.22,8751.42,Credit Card,Completed
6d8e33e0-b1df-4841-8136-55253c666a33,2026_W27,O58219,U34551,P90,2026-06-29 22:47:03,3,4581.8,551.49,80.81,2374.9,13745.400000000001,13193.910000000002,Debit Card,Completed
6d8e33e0-b1df-4841-8136-55253c666a33,2026_W27,O58220,U16315,P181,2026-07-01 10:38:54,3,5516.14,1633.82,168.16,2684.63,16548.420000000002,14914.600000000002,UPI,Completed
6d8e33e0-b1df-4841-8136-55253c666a33,2026_W27,O58221,U10498,P25,2026-06-30 21:32:20,3,2539.74,309.57,118.98,1315.74,7619.219999999999,7309.65,Debit Card,Completed
6d8e33e0-b1df-4841-8136-55253c666a33,2026_W27,O58222,U4399,P188,2026-07-04 00:14:51,3,2967.62,240.36,67.35,1559.25,8902.86,8662.5,Debit Card,Completed
6d8e33e0-b1df-4841-8136-55253c666a33,2026_W27,O58223,U20650,P37,2026-07-02 18:40:28,2,4162.63,437.29,97.68,1419.83,8325.26,7887.97,Wallet,Completed
6d8e33e0-b1df-4841-8136-55253c666a33,2026_W27,O58224,U14436,P44,2026-06-30 01:51:01,1,1407.86,105.65,124.57,234.4,1407.86,1302.2099999999998,UPI,Completed
6d8e33e0-b1df-4841-8136-55253c666a33,2026_W27,O58225,U17416,P63,2026-07-02 06:31:47,3,9352.06,1873.61,115.02,4712.86,28056.18,26182.57,UPI,Completed
6d8e33e0-b1df-4841-8136-55253c666a33,2026_W27,O58226,U34812,P171,2026-07-01 02:00:58,1,2305.74,223.37,62.08,374.83,2305.74,2082.37,Debit Card,Completed
6d8e33e0-b1df-4841-8136-55253c666a33,2026_W27,O58227,U4587,P120,2026-06-30 03:59:10,1,4076.33,167.37,98.58,703.61,4076.33,3908.96,UPI,Completed
6d8e33e0-b1df-4841-8136-55253c666a33,2026_W27,O58228,U33808,P193,2026-07-02 01:16:21,3,8599.49,540.11,132.25,4546.5,25798.47,25258.36,Debit Card,Completed
6d8e33e0-b1df-4841-8136-55253c666a33,2026_W27,O58229,U34178,P37,2026-06-30 22:52:39,1,4162.63,615.86,83.73,638.42,4162.63,3546.77,Wallet,Completed
6d8e33e0-b1df-4841-8136-55253c666a33,2026_W27,O58230,U21962,P110,2026-07-01 12:12:20,2,8883.32,2235.52,176.08,2795.6,17766.64,15531.119999999999,UPI,Completed
6d8e33e0-b1df-4841-8136-55253c666a33,2026_W27,O58231,U2023,P61,2026-06-29 18:57:04,4,7869.26,2900.43,92.96,5143.79,31477.04,28576.61,Credit Card,Completed
6d8e33e0-b1df-4841-8136-55253c666a33,2026_W27,O58232,U24070,P200,2026-07-01 08:49:46,4,4553.19,1281.18,73.18,3047.68,18212.76,16931.579999999998,UPI,Completed
6d8e33e0-b1df-4841-8136-55253c666a33,2026_W27,O58233,U32780,P176,2026-07-02 00:18:19,2,4894.11,1210.97,87.12,1543.9,9788.22,8577.25,Credit Card,Completed
6d8e33e0-b1df-4841-8136-55253c666a33,2026_W27,O58234,U9099,P81,2026-07-02 20:20:25,2,7402.77,582.78,60.52,2560.1,14805.54,14222.76,Wallet,Completed
6d8e33e0-b1df-4841-8136-55253c666a33,2026_W27,O58235,U29384,P176,2026-07-03 01:12:41,1,4894.11,237.7,110.63,838.15,4894.11,4656.41,Debit Card,Completed
6d8e33e0-b1df-4841-8136-55253c666a33,2026_W27,O58236,U14843,P21,2026-06-29 17:52:08,3,7568.69,3098.17,86.96,3529.42,22706.07,19607.9,UPI,Completed
6d8e33e0-b1df-4841-8136-55253c666a33,2026_W27,O58237,U5919,P26,2026-07-03 08:11:25,2,5113.55,75.66,127.17,1827.26,10227.1,10151.44,UPI,Completed
6d8e33e0-b1df-4841-8136-55253c666a33,2026_W27,O58238,U80,P70,2026-07-02 20:37:24,3,2270.0,638.91,59.34,1110.8,6810.0,6171.09,Credit Card,Completed
6d8e33e0-b1df-4841-8136-55253c666a33,2026_W27,O58239,U24433,P109,2026-06-30 14:42:44,4,8070.73,1583.31,76.97,5525.93,32282.92,30699.609999999997,Wallet,Completed
6d8e33e0-b1df-4841-8136-55253c666a33,2026_W27,O58240,U22155,P177,2026-07-04 18:47:45,4,9676.29,4628.48,124.55,6133.8,38705.16,34076.68000000001,UPI,Completed
6d8e33e0-b1df-4841-8136-55253c666a33,2026_W27,O58241,U1525,P107,2026-07-04 11:43:20,1,10380.65,1125.09,69.35,1666.0,10380.65,9255.56,Credit Card,Completed
6d8e33e0-b1df-4841-8136-55253c666a33,2026_W27,O58242,U21578,P90,2026-06-30 03:33:27,2,4581.8,1259.89,167.17,1422.67,9163.6,7903.71,Wallet,Completed
6d8e33e0-b1df-4841-8136-55253c666a33,2026_W27,O58243,U7992,P47,2026-07-05 05:31:33,1,7084.59,883.06,85.02,1116.28,7084.59,6201.530000000001,Debit Card,Completed
6d8e33e0-b1df-4841-8136-55253c666a33,2026_W27,O58244,U7205,P50,2026-06-29 12:16:04,3,4043.15,319.31,148.5,2125.83,12129.45,11810.140000000001,Wallet,Completed
6d8e33e0-b1df-4841-8136-55253c666a33,2026_W27,O58245,U11390,P89,2026-06-30 16:57:39,4,10552.75,3042.01,120.15,7050.42,42211.0,39168.99,Debit Card,Completed
6d8e33e0-b1df-4841-8136-55253c666a33,2026_W27,O58246,U16192,P122,2026-06-29 22:50:27,2,9537.16,1870.54,159.26,3096.68,19074.32,17203.78,Credit Card,Completed
6d8e33e0-b1df-4841-8136-55253c666a33,2026_W27,O58247,U13054,P128,2026-07-04 05:50:14,1,3543.69,511.76,155.72,545.75,3543.69,3031.9300000000003,UPI,Completed
6d8e33e0-b1df-4841-8136-55253c666a33,2026_W27,O58248,U16200,P137,2026-07-02 10:35:18,2,2618.72,46.71,79.64,934.33,5237.44,5190.73,Debit Card,Completed
6d8e33e0-b1df-4841-8136-55253c666a33,2026_W27,O58249,U20015,P174,2026-06-30 07:13:48,2,2207.85,496.6,100.96,705.44,4415.7,3919.1,UPI,Completed
6d8e33e0-b1df-4841-8136-55253c666a33,2026_W27,O58250,U16596,P166,2026-07-01 13:41:40,1,4248.29,385.36,50.92,695.33,4248.29,3862.93,Debit Card,Completed
6d8e33e0-b1df-4841-8136-55253c666a33,2026_W27,O58251,U19820,P143,2026-07-03 19:41:54,1,7220.76,406.97,128.89,1226.48,7220.76,6813.79,UPI,Completed
6d8e33e0-b1df-4841-8136-55253c666a33,2026_W27,O58252,U30009,P160,2026-07-01 06:08:54,3,5179.64,1124.01,68.52,2594.68,15538.920000000002,14414.910000000002,Credit Card,Completed
6d8e33e0-b1df-4841-8136-55253c666a33,2026_W27,O58253,U26921,P56,2026-06-30 09:45:23,3,5764.47,1981.1,146.48,2756.22,17293.41,15312.31,Credit Card,Completed
6d8e33e0-b1df-4841-8136-55253c666a33,2026_W27,O58254,U32028,P140,2026-07-02 22:51:41,3,3100.99,123.07,198.36,1652.38,9302.97,9179.9,UPI,Completed
6d8e33e0-b1df-4841-8136-55253c666a33,2026_W27,O58255,U34704,P2,2026-06-30 02:19:37,2,4823.44,1002.02,186.25,1556.07,9646.88,8644.859999999999,Debit Card,Completed
6d8e33e0-b1df-4841-8136-55253c666a33,2026_W27,O58256,U13576,P178,2026-07-01 12:55:49,1,7836.39,791.16,64.12,1268.14,7836.39,7045.2300000000005,Credit Card,Completed
6d8e33e0-b1df-4841-8136-55253c666a33,2026_W27,O58257,U19609,P32,2026-07-01 07:32:55,4,4904.65,1763.44,183.14,3213.93,19618.6,17855.16,Debit Card,Completed
6d8e33e0-b1df-4841-8136-55253c666a33,2026_W27,O58258,U8165,P140,2026-07-04 11:26:37,1,3100.99,37.21,160.67,551.48,3100.99,3063.7799999999997,Debit Card,Completed
6d8e33e0-b1df-4841-8136-55253c666a33,2026_W27,O58259,U2917,P185,2026-06-30 03:39:54,2,2854.87,855.61,134.38,873.74,5709.74,4854.13,Credit Card,Completed
6d8e33e0-b1df-4841-8136-55253c666a33,2026_W27,O58260,U22729,P110,2026-07-01 05:14:24,4,8883.32,4235.99,51.24,5633.51,35533.28,31297.29,Wallet,Completed
6d8e33e0-b1df-4841-8136-55253c666a33,2026_W27,O58261,U23212,P5,2026-07-02 08:04:39,4,4886.67,2837.47,72.6,3007.66,19546.68,16709.21,UPI,Completed
6d8e33e0-b1df-4841-8136-55253c666a33,2026_W27,O58262,U23678,P8,2026-06-29 16:16:14,3,8837.46,1806.85,169.29,4447.0,26512.379999999997,24705.53,Wallet,Completed
6d8e33e0-b1df-4841-8136-55253c666a33,2026_W27,O58263,U24498,P111,2026-07-04 12:22:56,4,7719.79,959.1,150.59,5385.61,30879.16,29920.06,Credit Card,Completed
6d8e33e0-b1df-4841-8136-55253c666a33,2026_W27,O58264,U3818,P44,2026-07-04 09:26:50,4,1407.86,759.98,72.28,876.86,5631.44,4871.459999999999,Debit Card,Completed
6d8e33e0-b1df-4841-8136-55253c666a33,2026_W27,O58265,U7279,P181,2026-07-02 13:20:07,3,5516.14,666.89,90.61,2858.68,16548.420000000002,15881.530000000002,Credit Card,Completed
6d8e33e0-b1df-4841-8136-55253c666a33,2026_W27,O58266,U31715,P85,2026-07-05 06:29:10,1,2941.32,414.65,95.32,454.8,2941.32,2526.67,Wallet,Completed
6d8e33e0-b1df-4841-8136-55253c666a33,2026_W27,O58267,U32496,P69,2026-06-30 08:58:26,4,4897.29,43.98,131.12,3518.13,19589.16,19545.18,Credit Card,Completed
6d8e33e0-b1df-4841-8136-55253c666a33,2026_W27,O58268,U8553,P42,2026-06-30 00:03:20,3,5037.81,235.48,112.64,2678.03,15113.43,14877.95,UPI,Completed
6d8e33e0-b1df-4841-8136-55253c666a33,2026_W27,O58269,U9858,P17,2026-07-03 23:36:05,2,6241.42,486.42,115.58,2159.36,12482.84,11996.42,UPI,Completed
6d8e33e0-b1df-4841-8136-55253c666a33,2026_W27,O58270,U2873,P87,2026-07-01 23:26:17,3,7207.16,1790.18,96.4,3569.63,21621.48,19831.3,Credit Card,Completed
6d8e33e0-b1df-4841-8136-55253c666a33,2026_W27,O58271,U527,P181,2026-07-02 13:29:59,2,5516.14,936.94,171.31,1817.16,11032.28,10095.34,Credit Card,Completed
6d8e33e0-b1df-4841-8136-55253c666a33,2026_W27,O58272,U1676,P199,2026-07-02 03:38:31,4,4054.66,986.59,81.89,2741.77,16218.64,15232.05,Credit Card,Completed
6d8e33e0-b1df-4841-8136-55253c666a33,2026_W27,O58273,U9268,P31,2026-06-30 09:05:56,1,3171.15,210.21,190.57,532.97,3171.15,2960.94,Debit Card,Completed
6d8e33e0-b1df-4841-8136-55253c666a33,2026_W27,O58274,U11241,P159,2026-06-30 07:18:09,1,5801.91,60.33,165.84,1033.48,5801.91,5741.58,Credit Card,Completed
6d8e33e0-b1df-4841-8136-55253c666a33,2026_W27,O58275,U9292,P131,2026-07-02 22:21:57,2,6362.71,611.93,160.58,2180.43,12725.42,12113.49,UPI,Completed
6d8e33e0-b1df-4841-8136-55253c666a33,2026_W27,O58276,U26432,P22,2026-07-04 14:39:40,4,9175.57,3557.3,79.36,5966.1,36702.28,33144.979999999996,Credit Card,Completed
6d8e33e0-b1df-4841-8136-55253c666a33,2026_W27,O58277,U22095,P96,2026-07-04 16:02:55,2,4818.25,591.98,61.48,1628.01,9636.5,9044.52,Credit Card,Completed
6d8e33e0-b1df-4841-8136-55253c666a33,2026_W27,O58278,U5999,P61,2026-06-30 00:54:46,2,7869.26,1697.03,135.56,2527.47,15738.52,14041.49,Debit Card,Completed
6d8e33e0-b1df-4841-8136-55253c666a33,2026_W27,O58279,U1724,P77,2026-07-03 04:13:33,4,5304.36,1011.34,178.8,3637.1,21217.44,20206.1,Debit Card,Completed
6d8e33e0-b1df-4841-8136-55253c666a33,2026_W27,O58280,U24679,P14,2026-07-02 15:44:22,3,5736.45,2072.94,128.69,2724.55,17209.35,15136.409999999998,UPI,Completed
6d8e33e0-b1df-4841-8136-55253c666a33,2026_W27,O58281,U32128,P123,2026-06-30 00:10:17,4,11056.51,4947.23,101.08,7070.19,44226.04,39278.81,Credit Card,Completed
6d8e33e0-b1df-4841-8136-55253c666a33,2026_W27,O58282,U10311,P168,2026-07-03 19:46:55,4,6037.57,3132.04,115.32,3783.28,24150.28,21018.239999999998,Credit Card,Completed
6d8e33e0-b1df-4841-8136-55253c666a33,2026_W27,O58283,U13336,P34,2026-07-04 23:26:33,4,3432.36,791.79,112.62,2328.78,13729.44,12937.650000000001,Credit Card,Completed
6d8e33e0-b1df-4841-8136-55253c666a33,2026_W27,O58284,U14499,P84,2026-07-01 06:49:16,2,6489.78,1422.67,99.91,2080.24,12979.56,11556.89,UPI,Completed
6d8e33e0-b1df-4841-8136-55253c666a33,2026_W27,O58285,U12668,P146,2026-07-01 20:53:41,1,1678.25,43.49,186.25,294.26,1678.25,1634.76,Debit Card,Completed
6d8e33e0-b1df-4841-8136-55253c666a33,2026_W27,O58286,U15235,P88,2026-07-03 09:47:12,2,11704.48,1205.23,153.95,3996.67,23408.96,22203.73,UPI,Completed
6d8e33e0-b1df-4841-8136-55253c666a33,2026_W27,O58287,U31715,P190,2026-07-03 10:17:47,4,3207.6,1149.99,118.4,2102.47,12830.4,11680.41,Credit Card,Completed
6d8e33e0-b1df-4841-8136-55253c666a33,2026_W27,O58288,U29002,P132,2026-06-30 09:04:53,3,6975.87,184.91,133.16,3733.69,20927.61,20742.7,UPI,Completed
6d8e33e0-b1df-4841-8136-55253c666a33,2026_W27,O58289,U9643,P46,2026-07-03 17:23:04,3,2979.32,1239.98,175.45,1385.64,8937.960000000001,7697.980000000001,Debit Card,Completed
6d8e33e0-b1df-4841-8136-55253c666a33,2026_W27,O58290,U23314,P21,2026-06-29 13:44:18,1,7568.69,170.8,67.53,1331.62,7568.69,7397.889999999999,UPI,Completed
6d8e33e0-b1df-4841-8136-55253c666a33,2026_W27,O58291,U20594,P11,2026-07-02 02:30:33,2,7598.14,679.74,76.84,2612.98,15196.28,14516.54,Debit Card,Completed
6d8e33e0-b1df-4841-8136-55253c666a33,2026_W27,O58292,U18032,P164,2026-07-04 00:14:20,2,4106.87,8.4,162.4,1476.96,8213.74,8205.34,Wallet,Completed
6d8e33e0-b1df-4841-8136-55253c666a33,2026_W27,O58293,U21165,P140,2026-07-01 16:07:18,4,3100.99,1224.03,164.32,2012.39,12403.96,11179.929999999998,Wallet,Completed
6d8e33e0-b1df-4841-8136-55253c666a33,2026_W27,O58294,U24325,P177,2026-06-29 13:37:32,3,9676.29,3858.03,177.17,4530.75,29028.870000000003,25170.840000000004,Wallet,Completed
6d8e33e0-b1df-4841-8136-55253c666a33,2026_W27,O58295,U10348,P40,2026-07-05 01:28:08,4,7370.62,4170.3,169.92,4556.19,29482.48,25312.18,Wallet,Completed
6d8e33e0-b1df-4841-8136-55253c666a33,2026_W27,O58296,U5446,P132,2026-07-04 12:31:01,3,6975.87,1073.86,128.51,3573.68,20927.61,19853.75,Debit Card,Completed
6d8e33e0-b1df-4841-8136-55253c666a33,2026_W27,O58297,U25977,P98,2026-07-02 17:10:00,1,7289.76,995.0,113.04,1133.06,7289.76,6294.76,Debit Card,Completed
6d8e33e0-b1df-4841-8136-55253c666a33,2026_W27,O58298,U20409,P30,2026-07-03 23:53:45,2,6995.67,744.14,100.95,2384.5,13991.34,13247.2,UPI,Completed
6d8e33e0-b1df-4841-8136-55253c666a33,2026_W27,O58299,U32445,P4,2026-07-05 03:48:40,1,2545.35,106.72,148.78,438.95,2545.35,2438.63,Debit Card,Completed
6d8e33e0-b1df-4841-8136-55253c666a33,2026_W27,O58300,U34138,P144,2026-07-02 04:34:43,4,4498.08,1450.3,75.01,2977.56,17992.32,16542.02,Debit Card,Completed
6d8e33e0-b1df-4841-8136-55253c666a33,2026_W27,O58301,U6184,P38,2026-07-01 19:56:33,1,4290.59,456.47,129.36,690.14,4290.59,3834.12,UPI,Completed
6d8e33e0-b1df-4841-8136-55253c666a33,2026_W27,O58302,U16105,P151,2026-07-01 02:12:38,4,9624.05,1325.96,155.99,6690.64,38496.2,37170.24,Credit Card,Completed
6d8e33e0-b1df-4841-8136-55253c666a33,2026_W27,O58303,U10118,P157,2026-06-29 12:32:00,2,6934.8,670.84,57.08,2375.78,13869.6,13198.76,Debit Card,Completed
6d8e33e0-b1df-4841-8136-55253c666a33,2026_W27,O58304,U24723,P48,2026-07-02 06:41:58,4,3057.39,245.69,144.42,2157.1,12229.56,11983.869999999999,UPI,Completed
6d8e33e0-b1df-4841-8136-55253c666a33,2026_W27,O58305,U12843,P39,2026-07-01 02:35:32,4,10748.05,5986.5,163.66,6661.03,42992.2,37005.7,Wallet,Completed
6d8e33e0-b1df-4841-8136-55253c666a33,2026_W27,O58306,U34456,P70,2026-07-02 09:38:33,2,2270.0,597.63,75.17,709.63,4540.0,3942.37,Wallet,Completed
6d8e33e0-b1df-4841-8136-55253c666a33,2026_W27,O58307,U4399,P69,2026-06-29 19:13:21,2,4897.29,1366.63,176.97,1517.03,9794.58,8427.95,Debit Card,Completed
6d8e33e0-b1df-4841-8136-55253c666a33,2026_W27,O58308,U28219,P110,2026-07-02 12:53:29,3,8883.32,3000.39,195.14,4256.92,26649.96,23649.57,UPI,Completed
6d8e33e0-b1df-4841-8136-55253c666a33,2026_W27,O58309,U28311,P189,2026-07-01 14:54:21,3,5649.84,1555.35,86.19,2770.95,16949.52,15394.17,Wallet,Completed
6d8e33e0-b1df-4841-8136-55253c666a33,2026_W27,O58310,U16478,P16,2026-07-02 18:54:33,1,3158.68,145.1,148.4,542.44,3158.68,3013.58,Credit Card,Completed
6d8e33e0-b1df-4841-8136-55253c666a33,2026_W27,O58311,U33320,P116,2026-07-02 07:44:16,3,7151.55,438.48,97.44,3782.91,21454.65,21016.170000000002,Wallet,Completed
6d8e33e0-b1df-4841-8136-55253c666a33,2026_W27,O58312,U14849,P157,2026-06-30 06:27:45,4,6934.8,199.77,61.11,4957.1,27739.2,27539.43,Debit Card,Completed
6d8e33e0-b1df-4841-8136-55253c666a33,2026_W27,O58313,U34952,P147,2026-06-30 05:12:25,4,4417.37,598.66,93.22,3072.75,17669.48,17070.82,Debit Card,Completed
6d8e33e0-b1df-4841-8136-55253c666a33,2026_W27,O58314,U27399,P149,2026-07-01 05:40:35,3,2710.59,1061.25,76.34,1272.69,8131.77,7070.52,Credit Card,Completed
6d8e33e0-b1df-4841-8136-55253c666a33,2026_W27,O58315,U23525,P135,2026-07-05 05:06:31,1,5890.55,167.81,172.7,1030.09,5890.55,5722.74,Debit Card,Completed
6d8e33e0-b1df-4841-8136-55253c666a33,2026_W27,O58316,U7773,P107,2026-06-30 23:38:35,2,10380.65,2899.95,61.19,3215.04,20761.3,17861.35,Credit Card,Completed
6d8e33e0-b1df-4841-8136-55253c666a33,2026_W27,O58317,U6375,P27,2026-06-30 09:41:41,3,8284.05,3118.88,113.59,3911.99,24852.149999999998,21733.269999999997,Credit Card,Completed
6d8e33e0-b1df-4841-8136-55253c666a33,2026_W27,O58318,U22683,P46,2026-07-03 21:48:10,1,2979.32,101.1,156.54,518.08,2979.32,2878.2200000000003,UPI,Completed
6d8e33e0-b1df-4841-8136-55253c666a33,2026_W27,O58319,U12666,P173,2026-07-05 06:40:28,2,7576.76,1676.4,128.19,2425.88,15153.52,13477.12,Wallet,Completed
6d8e33e0-b1df-4841-8136-55253c666a33,2026_W27,O58320,U13576,P9,2026-06-29 21:57:31,2,5229.72,535.67,70.12,1786.28,10459.44,9923.77,Credit Card,Completed
6d8e33e0-b1df-4841-8136-55253c666a33,2026_W27,O58321,U465,P128,2026-07-03 18:51:28,4,3543.69,34.51,158.7,2545.24,14174.76,14140.25,Wallet,Completed
6d8e33e0-b1df-4841-8136-55253c666a33,2026_W27,O58322,U17537,P83,2026-06-30 03:02:49,3,2067.84,85.48,192.02,1101.25,6203.52,6118.040000000001,Wallet,Completed
6d8e33e0-b1df-4841-8136-55253c666a33,2026_W27,O58323,U8177,P180,2026-07-01 07:44:24,2,2355.52,650.72,134.93,730.86,4711.04,4060.3199999999997,Wallet,Completed
6d8e33e0-b1df-4841-8136-55253c666a33,2026_W27,O58324,U31563,P47,2026-07-04 05:51:02,4,7084.59,1391.69,105.4,4850.4,28338.36,26946.670000000002,Wallet,Completed
6d8e33e0-b1df-4841-8136-55253c666a33,2026_W27,O58325,U16378,P70,2026-06-30 19:14:39,3,2270.0,391.45,95.97,1155.34,6810.0,6418.55,UPI,Completed
6d8e33e0-b1df-4841-8136-55253c666a33,2026_W27,O58326,U31587,P99,2026-07-02 09:17:29,2,5405.7,648.52,71.38,1829.32,10811.4,10162.88,UPI,Completed
6d8e33e0-b1df-4841-8136-55253c666a33,2026_W27,O58327,U31212,P24,2026-07-02 03:58:35,4,4112.52,451.01,154.93,2879.83,16450.08,15999.070000000002,Wallet,Completed
6d8e33e0-b1df-4841-8136-55253c666a33,2026_W27,O58328,U1979,P125,2026-06-30 06:33:30,3,9952.48,486.04,177.31,5286.85,29857.44,29371.399999999998,UPI,Completed
6d8e33e0-b1df-4841-8136-55253c666a33,2026_W27,O58329,U23616,P163,2026-07-05 04:28:56,3,5553.52,113.89,170.97,2978.4,16660.56,16546.670000000002,Wallet,Completed
6d8e33e0-b1df-4841-8136-55253c666a33,2026_W27,O58330,U30676,P70,2026-07-04 04:52:07,4,2270.0,914.27,100.32,1469.83,9080.0,8165.73,Wallet,Completed
6d8e33e0-b1df-4841-8136-55253c666a33,2026_W27,O58331,U27114,P180,2026-06-30 00:04:55,3,2355.52,970.41,101.06,1097.31,7066.5599999999995,6096.15,Debit Card,Completed
6d8e33e0-b1df-4841-8136-55253c666a33,2026_W27,O58332,U8739,P121,2026-07-01 00:44:27,1,7793.76,1102.02,168.21,1204.51,7793.76,6691.74,Debit Card,Completed
6d8e33e0-b1df-4841-8136-55253c666a33,2026_W27,O58333,U7181,P32,2026-07-01 11:55:03,3,4904.65,644.33,129.58,2532.53,14713.949999999999,14069.619999999999,Wallet,Completed
6d8e33e0-b1df-4841-8136-55253c666a33,2026_W27,O58334,U27391,P84,2026-06-30 00:43:50,1,6489.78,709.82,198.89,1040.39,6489.78,5779.96,Wallet,Completed
6d8e33e0-b1df-4841-8136-55253c666a33,2026_W27,O58335,U12852,P144,2026-07-03 07:13:56,2,4498.08,1028.18,149.8,1434.24,8996.16,7967.98,Credit Card,Completed
6d8e33e0-b1df-4841-8136-55253c666a33,2026_W27,O58336,U33255,P67,2026-06-29 19:32:39,3,4487.19,1220.36,181.7,2203.42,13461.57,12241.21,Wallet,Completed
6d8e33e0-b1df-4841-8136-55253c666a33,2026_W27,O58337,U23242,P200,2026-07-02 03:31:25,1,4553.19,110.3,122.94,799.72,4553.19,4442.889999999999,Debit Card,Completed
6d8e33e0-b1df-4841-8136-55253c666a33,2026_W27,O58338,U2784,P185,2026-07-03 13:23:44,4,2854.87,1448.75,68.48,1794.73,11419.48,9970.73,Wallet,Completed
6d8e33e0-b1df-4841-8136-55253c666a33,2026_W27,O58339,U21566,P106,2026-06-30 21:06:31,2,7604.77,1778.75,181.83,2417.54,15209.54,13430.79,Debit Card,Completed
6d8e33e0-b1df-4841-8136-55253c666a33,2026_W27,O58340,U8098,P149,2026-07-04 00:12:15,1,2710.59,189.76,164.23,453.75,2710.59,2520.83,Debit Card,Completed
6d8e33e0-b1df-4841-8136-55253c666a33,2026_W27,O58341,U14731,P77,2026-06-30 16:24:24,1,5304.36,310.32,196.27,898.93,5304.36,4994.04,Debit Card,Completed
6d8e33e0-b1df-4841-8136-55253c666a33,2026_W27,O58342,U7441,P164,2026-06-30 19:37:41,1,4106.87,539.2,88.08,642.18,4106.87,3567.67,UPI,Completed
6d8e33e0-b1df-4841-8136-55253c666a33,2026_W27,O58343,U25796,P167,2026-06-30 06:12:53,1,5498.71,107.81,121.81,970.36,5498.71,5390.9,UPI,Completed
6d8e33e0-b1df-4841-8136-55253c666a33,2026_W27,O58344,U9969,P53,2026-06-30 19:52:55,2,5893.03,1678.54,66.88,1819.35,11786.06,10107.52,Debit Card,Completed
6d8e33e0-b1df-4841-8136-55253c666a33,2026_W27,O58345,U23081,P184,2026-07-03 15:31:14,3,2360.41,730.68,91.16,1143.1,7081.23,6350.549999999999,Credit Card,Completed
6d8e33e0-b1df-4841-8136-55253c666a33,2026_W27,O58346,U24480,P39,2026-07-03 15:55:57,3,10748.05,4428.86,112.47,5006.75,32244.149999999998,27815.289999999997,Credit Card,Completed
6d8e33e0-b1df-4841-8136-55253c666a33,2026_W27,O58347,U2656,P168,2026-06-30 10:37:58,1,6037.57,888.99,164.04,926.74,6037.57,5148.58,Wallet,Completed
6d8e33e0-b1df-4841-8136-55253c666a33,2026_W27,O58348,U34453,P167,2026-07-03 10:07:40,3,5498.71,831.34,184.72,2819.66,16496.13,15664.79,Debit Card,Completed
6d8e33e0-b1df-4841-8136-55253c666a33,2026_W27,O58349,U2261,P138,2026-07-03 16:42:57,1,6625.4,238.54,117.92,1149.63,6625.4,6386.86,Credit Card,Completed
6d8e33e0-b1df-4841-8136-55253c666a33,2026_W27,O58350,U9145,P97,2026-06-29 15:32:46,3,6666.27,2719.33,88.4,3110.31,19998.81,17279.480000000003,UPI,Completed
6d8e33e0-b1df-4841-8136-55253c666a33,2026_W27,O58351,U20150,P75,2026-07-04 02:12:13,2,10051.65,2449.46,156.55,3177.69,20103.3,17653.84,UPI,Completed
6d8e33e0-b1df-4841-8136-55253c666a33,2026_W27,O58352,U16739,P181,2026-07-03 11:16:24,4,5516.14,2304.61,178.02,3556.79,22064.56,19759.95,Debit Card,Completed
6d8e33e0-b1df-4841-8136-55253c666a33,2026_W27,O58353,U26102,P68,2026-07-02 08:34:14,1,4352.35,206.86,198.88,746.19,4352.35,4145.490000000001,Wallet,Completed
6d8e33e0-b1df-4841-8136-55253c666a33,2026_W27,O58354,U12975,P172,2026-07-03 19:48:29,1,7555.52,406.42,159.48,1286.84,7555.52,7149.1,UPI,Completed
6d8e33e0-b1df-4841-8136-55253c666a33,2026_W27,O58355,U15984,P28,2026-07-02 08:55:02,1,4687.09,701.21,90.79,717.46,4687.09,3985.88,Credit Card,Completed
6d8e33e0-b1df-4841-8136-55253c666a33,2026_W27,O58356,U20654,P72,2026-06-30 09:31:35,2,8298.72,1914.01,189.85,2643.02,16597.44,14683.429999999998,Wallet,Completed
6d8e33e0-b1df-4841-8136-55253c666a33,2026_W27,O58357,U7756,P20,2026-07-03 13:42:12,1,3016.27,120.96,53.31,521.16,3016.27,2895.31,UPI,Completed
6d8e33e0-b1df-4841-8136-55253c666a33,2026_W27,O58358,U25756,P154,2026-07-02 11:53:36,1,3395.73,297.37,88.8,557.7,3395.73,3098.36,Wallet,Completed
6d8e33e0-b1df-4841-8136-55253c666a33,2026_W27,O58359,U27399,P139,2026-07-01 06:05:40,3,7373.8,1547.89,55.25,3703.23,22121.4,20573.510000000002,Credit Card,Completed
6d8e33e0-b1df-4841-8136-55253c666a33,2026_W27,O58360,U21496,P47,2026-07-04 05:08:01,4,7084.59,4188.3,104.43,4347.01,28338.36,24150.06,Wallet,Completed
6d8e33e0-b1df-4841-8136-55253c666a33,2026_W27,O58361,U9144,P81,2026-07-04 20:11:53,4,7402.77,2587.91,98.72,4864.17,29611.08,27023.170000000002,Credit Card,Completed
6d8e33e0-b1df-4841-8136-55253c666a33,2026_W27,O58362,U22074,P13,2026-07-01 10:40:46,1,6638.24,321.67,158.42,1136.98,6638.24,6316.57,Credit Card,Completed
6d8e33e0-b1df-4841-8136-55253c666a33,2026_W27,O58363,U5725,P178,2026-06-29 17:01:59,1,7836.39,1047.86,180.97,1221.94,7836.39,6788.530000000001,UPI,Completed
6d8e33e0-b1df-4841-8136-55253c666a33,2026_W27,O58364,U882,P149,2026-07-01 13:45:38,1,2710.59,29.56,189.99,482.59,2710.59,2681.03,Wallet,Completed
6d8e33e0-b1df-4841-8136-55253c666a33,2026_W27,O58365,U27706,P121,2026-06-29 10:54:14,4,7793.76,127.29,86.14,5588.59,31175.04,31047.75,Wallet,Completed
6d8e33e0-b1df-4841-8136-55253c666a33,2026_W27,O58366,U22729,P56,2026-07-04 14:33:30,4,5764.47,2694.75,104.3,3665.36,23057.88,20363.13,UPI,Completed
6d8e33e0-b1df-4841-8136-55253c666a33,2026_W27,O58367,U3071,P60,2026-07-02 16:51:57,2,3368.43,962.2,197.88,1039.44,6736.86,5774.66,Wallet,Completed
6d8e33e0-b1df-4841-8136-55253c666a33,2026_W27,O58368,U22729,P186,2026-07-01 21:15:32,1,7480.33,757.33,154.25,1210.14,7480.33,6723.0,Debit Card,Completed
6d8e33e0-b1df-4841-8136-55253c666a33,2026_W27,O58369,U26751,P159,2026-07-03 23:44:49,3,5801.91,120.76,126.11,3111.29,17405.73,17284.97,Debit Card,Completed
6d8e33e0-b1df-4841-8136-55253c666a33,2026_W27,O58370,U13756,P74,2026-07-03 04:38:16,2,6172.48,781.98,177.43,2081.34,12344.96,11562.98,UPI,Completed
6d8e33e0-b1df-4841-8136-55253c666a33,2026_W27,O58371,U29935,P182,2026-06-29 16:28:32,3,4946.93,1539.47,183.1,2394.24,14840.79,13301.320000000002,Debit Card,Completed
6d8e33e0-b1df-4841-8136-55253c666a33,2026_W27,O58372,U28539,P122,2026-07-03 18:57:04,2,9537.16,2559.96,141.63,2972.58,19074.32,16514.36,Credit Card,Completed
6d8e33e0-b1df-4841-8136-55253c666a33,2026_W27,O58373,U13472,P180,2026-07-01 17:24:40,4,2355.52,379.54,111.61,1627.66,9422.08,9042.539999999999,Debit Card,Completed
6d8e33e0-b1df-4841-8136-55253c666a33,2026_W27,O58374,U27753,P121,2026-06-30 13:08:41,2,7793.76,58.96,193.44,2795.14,15587.52,15528.560000000001,Credit Card,Completed
6d8e33e0-b1df-4841-8136-55253c666a33,2026_W27,O58375,U8293,P58,2026-07-02 10:18:34,2,2960.66,633.82,98.41,951.75,5921.32,5287.5,Wallet,Completed
6d8e33e0-b1df-4841-8136-55253c666a33,2026_W27,O58376,U4194,P27,2026-06-30 11:47:38,3,8284.05,678.46,131.96,4351.26,24852.149999999998,24173.69,UPI,Completed
6d8e33e0-b1df-4841-8136-55253c666a33,2026_W27,O58377,U15863,P123,2026-07-01 23:00:11,1,11056.51,1497.24,106.74,1720.67,11056.51,9559.27,Debit Card,Completed
6d8e33e0-b1df-4841-8136-55253c666a33,2026_W27,O58378,U2204,P177,2026-07-04 22:12:29,1,9676.29,114.34,109.26,1721.15,9676.29,9561.95,Credit Card,Completed
6d8e33e0-b1df-4841-8136-55253c666a33,2026_W27,O58379,U34263,P193,2026-07-04 22:39:12,2,8599.49,1156.21,128.23,2887.7,17198.98,16042.77,UPI,Completed
6d8e33e0-b1df-4841-8136-55253c666a33,2026_W27,O58380,U33229,P13,2026-06-29 11:24:27,1,6638.24,321.98,168.58,1136.93,6638.24,6316.26,Debit Card,Completed
6d8e33e0-b1df-4841-8136-55253c666a33,2026_W27,O58381,U9137,P51,2026-07-04 10:53:41,1,5399.93,220.27,53.46,932.34,5399.93,5179.66,UPI,Completed
6d8e33e0-b1df-4841-8136-55253c666a33,2026_W27,O58382,U26294,P176,2026-07-04 22:40:31,3,4894.11,26.35,138.84,2638.08,14682.329999999998,14655.979999999998,Credit Card,Completed
6d8e33e0-b1df-4841-8136-55253c666a33,2026_W27,O58383,U26202,P110,2026-07-04 04:12:43,2,8883.32,29.69,176.69,3192.65,17766.64,17736.95,Debit Card,Completed
6d8e33e0-b1df-4841-8136-55253c666a33,2026_W27,O58384,U9137,P100,2026-07-03 05:25:44,4,1750.2,568.64,74.86,1157.79,7000.8,6432.16,Credit Card,Completed
6d8e33e0-b1df-4841-8136-55253c666a33,2026_W27,O58385,U18189,P31,2026-06-29 09:37:26,1,3171.15,82.94,148.81,555.88,3171.15,3088.21,UPI,Completed
6d8e33e0-b1df-4841-8136-55253c666a33,2026_W27,O58386,U32333,P64,2026-07-03 20:40:56,1,3844.36,258.43,159.33,645.47,3844.36,3585.9300000000003,Wallet,Completed
6d8e33e0-b1df-4841-8136-55253c666a33,2026_W27,O58387,U21849,P129,2026-07-02 03:05:03,2,10030.81,2482.77,134.98,3164.19,20061.62,17578.85,Wallet,Completed
6d8e33e0-b1df-4841-8136-55253c666a33,2026_W27,O58388,U8580,P30,2026-07-05 00:19:06,3,6995.67,284.78,58.79,3726.4,20987.010000000002,20702.230000000003,UPI,Completed
6d8e33e0-b1df-4841-8136-55253c666a33,2026_W27,O58389,U21108,P142,2026-07-03 07:47:58,3,9238.71,1203.75,160.55,4772.23,27716.129999999997,26512.379999999997,Wallet,Completed
6d8e33e0-b1df-4841-8136-55253c666a33,2026_W27,O58390,U12475,P123,2026-07-05 07:42:21,4,11056.51,3023.58,123.32,7416.44,44226.04,41202.46,Credit Card,Completed
6d8e33e0-b1df-4841-8136-55253c666a33,2026_W27,O58391,U33241,P185,2026-07-01 13:22:08,3,2854.87,531.25,79.54,1446.0,8564.61,8033.360000000001,UPI,Completed
6d8e33e0-b1df-4841-8136-55253c666a33,2026_W27,O58392,U9137,P120,2026-07-03 23:21:21,2,4076.33,1039.06,61.09,1280.45,8152.66,7113.6,UPI,Completed
6d8e33e0-b1df-4841-8136-55253c666a33,2026_W27,O58393,U29155,P24,2026-07-01 17:25:49,4,4112.52,2415.34,162.88,2526.25,16450.08,14034.740000000002,UPI,Completed
6d8e33e0-b1df-4841-8136-55253c666a33,2026_W27,O58394,U16895,P147,2026-07-01 06:26:23,4,4417.37,539.98,127.6,3083.31,17669.48,17129.5,Credit Card,Completed
6d8e33e0-b1df-4841-8136-55253c666a33,2026_W27,O58395,U7803,P23,2026-07-02 14:51:09,1,7426.47,204.96,154.72,1299.87,7426.47,7221.51,UPI,Completed
6d8e33e0-b1df-4841-8136-55253c666a33,2026_W27,O58396,U9578,P111,2026-07-03 22:07:19,1,7719.79,292.45,55.48,1336.92,7719.79,7427.34,Debit Card,Completed
6d8e33e0-b1df-4841-8136-55253c666a33,2026_W27,O58397,U87,P173,2026-07-04 00:52:03,3,7576.76,494.63,55.66,4002.42,22730.28,22235.649999999998,Wallet,Completed
6d8e33e0-b1df-4841-8136-55253c666a33,2026_W27,O58398,U30846,P144,2026-06-30 21:30:36,3,4498.08,163.1,127.27,2399.61,13494.24,13331.14,Debit Card,Completed
6d8e33e0-b1df-4841-8136-55253c666a33,2026_W27,O58399,U27861,P168,2026-07-02 05:05:04,3,6037.57,2490.57,59.77,2811.99,18112.71,15622.14,Wallet,Completed
6d8e33e0-b1df-4841-8136-55253c666a33,2026_W27,O58400,U831,P47,2026-07-04 13:40:21,4,7084.59,2288.64,163.7,4688.95,28338.36,26049.72,UPI,Completed
6d8e33e0-b1df-4841-8136-55253c666a33,2026_W27,O58401,U8178,P92,2026-07-05 03:28:42,4,5271.05,2990.69,144.02,3256.83,21084.2,18093.510000000002,Wallet,Completed
6d8e33e0-b1df-4841-8136-55253c666a33,2026_W27,O58402,U13618,P71,2026-07-03 13:26:36,2,7798.35,398.98,133.08,2735.59,15596.7,15197.720000000001,Wallet,Completed
6d8e33e0-b1df-4841-8136-55253c666a33,2026_W27,O58403,U5783,P67,2026-06-30 21:50:59,3,4487.19,1053.72,51.16,2233.41,13461.57,12407.85,Wallet,Completed
6d8e33e0-b1df-4841-8136-55253c666a33,2026_W27,O58404,U9035,P114,2026-07-03 13:59:17,2,1980.84,370.43,159.47,646.42,3961.68,3591.25,Credit Card,Completed
6d8e33e0-b1df-4841-8136-55253c666a33,2026_W27,O58405,U5208,P33,2026-07-01 10:58:57,2,5573.38,1526.48,122.0,1731.65,11146.76,9620.28,Credit Card,Completed
6d8e33e0-b1df-4841-8136-55253c666a33,2026_W27,O58406,U21951,P63,2026-06-29 12:46:47,4,9352.06,3627.62,56.03,6080.51,37408.24,33780.619999999995,Wallet,Completed
6d8e33e0-b1df-4841-8136-55253c666a33,2026_W27,O58407,U6547,P146,2026-06-30 15:57:15,4,1678.25,621.61,74.25,1096.45,6713.0,6091.39,UPI,Completed
6d8e33e0-b1df-4841-8136-55253c666a33,2026_W27,O58408,U23747,P114,2026-06-30 04:13:55,4,1980.84,1011.73,146.69,1244.09,7923.36,6911.629999999999,Credit Card,Completed
6d8e33e0-b1df-4841-8136-55253c666a33,2026_W27,O58409,U8526,P29,2026-07-04 04:01:04,4,1618.44,248.61,142.17,1120.53,6473.76,6225.150000000001,Debit Card,Completed
6d8e33e0-b1df-4841-8136-55253c666a33,2026_W27,O58410,U22420,P44,2026-07-01 04:42:33,4,1407.86,668.1,111.76,893.4,5631.44,4963.339999999999,Credit Card,Completed
6d8e33e0-b1df-4841-8136-55253c666a33,2026_W27,O58411,U32285,P131,2026-07-02 10:39:58,2,6362.71,1572.74,56.44,2007.48,12725.42,11152.68,UPI,Completed
6d8e33e0-b1df-4841-8136-55253c666a33,2026_W27,O58412,U17619,P2,2026-06-30 03:40:47,3,4823.44,1374.9,52.87,2357.18,14470.32,13095.42,Debit Card,Completed
6d8e33e0-b1df-4841-8136-55253c666a33,2026_W27,O58413,U34747,P78,2026-07-02 01:41:06,3,4536.03,1520.61,69.33,2175.75,13608.09,12087.48,UPI,Completed
6d8e33e0-b1df-4841-8136-55253c666a33,2026_W27,O58414,U11640,P191,2026-07-02 09:10:26,2,9506.3,1282.06,86.54,3191.5,19012.6,17730.539999999997,Credit Card,Completed
6d8e33e0-b1df-4841-8136-55253c666a33,2026_W27,O58415,U19445,P4,2026-07-04 11:17:31,4,2545.35,1400.16,93.77,1580.62,10181.4,8781.24,UPI,Completed
6d8e33e0-b1df-4841-8136-55253c666a33,2026_W27,O58416,U2371,P137,2026-07-01 01:37:09,4,2618.72,1004.43,179.19,1704.68,10474.88,9470.449999999999,Credit Card,Completed
6d8e33e0-b1df-4841-8136-55253c666a33,2026_W27,O58417,U34263,P168,2026-07-01 20:41:10,3,6037.57,2404.68,63.19,2827.45,18112.71,15708.029999999999,UPI,Completed
6d8e33e0-b1df-4841-8136-55253c666a33,2026_W27,O58418,U34531,P143,2026-07-02 04:36:08,1,7220.76,531.09,127.71,1204.14,7220.76,6689.67,UPI,Completed
6d8e33e0-b1df-4841-8136-55253c666a33,2026_W27,O58419,U11651,P152,2026-06-30 11:18:08,4,5413.06,2093.46,171.43,3520.58,21652.24,19558.780000000002,UPI,Completed
6d8e33e0-b1df-4841-8136-55253c666a33,2026_W27,O58420,U9616,P124,2026-07-03 23:01:19,1,5965.84,851.78,166.32,920.53,5965.84,5114.06,Credit Card,Completed
6d8e33e0-b1df-4841-8136-55253c666a33,2026_W27,O58421,U10650,P150,2026-07-05 04:45:06,4,3907.63,836.66,192.59,2662.89,15630.52,14793.86,UPI,Completed
6d8e33e0-b1df-4841-8136-55253c666a33,2026_W27,O58422,U28936,P96,2026-07-04 06:45:38,3,4818.25,207.22,81.32,2564.56,14454.75,14247.53,Debit Card,Completed
6d8e33e0-b1df-4841-8136-55253c666a33,2026_W27,O58423,U24022,P168,2026-07-02 06:38:00,2,6037.57,1203.71,122.93,1956.86,12075.14,10871.43,Debit Card,Completed
6d8e33e0-b1df-4841-8136-55253c666a33,2026_W27,O58424,U29713,P42,2026-07-03 02:01:41,1,5037.81,651.43,100.54,789.55,5037.81,4386.38,Debit Card,Completed
6d8e33e0-b1df-4841-8136-55253c666a33,2026_W27,O58425,U6514,P25,2026-07-03 11:30:15,1,2539.74,13.65,157.26,454.7,2539.74,2526.0899999999997,UPI,Completed
6d8e33e0-b1df-4841-8136-55253c666a33,2026_W27,O58426,U9110,P112,2026-07-03 21:35:13,4,7164.07,4230.95,122.4,4396.56,28656.28,24425.329999999998,Wallet,Completed
6d8e33e0-b1df-4841-8136-55253c666a33,2026_W27,O58427,U15017,P130,2026-07-02 01:03:55,1,9584.05,232.58,180.18,1683.26,9584.05,9351.47,UPI,Completed
6d8e33e0-b1df-4841-8136-55253c666a33,2026_W27,O58428,U34407,P102,2026-07-02 21:33:52,4,3685.81,1685.63,83.36,2350.37,14743.24,13057.61,Wallet,Completed
6d8e33e0-b1df-4841-8136-55253c666a33,2026_W27,O58429,U2261,P182,2026-07-02 23:42:27,4,4946.93,988.22,194.43,3383.91,19787.72,18799.5,Credit Card,Completed
6d8e33e0-b1df-4841-8136-55253c666a33,2026_W27,O58430,U32402,P150,2026-07-01 17:36:13,3,3907.63,696.44,94.93,1984.76,11722.89,11026.449999999999,UPI,Completed
6d8e33e0-b1df-4841-8136-55253c666a33,2026_W27,O58431,U7584,P141,2026-07-02 20:44:10,2,9271.32,366.38,195.25,3271.73,18542.64,18176.26,UPI,Completed
6d8e33e0-b1df-4841-8136-55253c666a33,2026_W27,O58432,U13057,P25,2026-07-01 13:51:59,2,2539.74,151.65,118.89,887.01,5079.48,4927.83,Credit Card,Completed
6d8e33e0-b1df-4841-8136-55253c666a33,2026_W27,O58433,U9148,P2,2026-07-03 10:46:42,3,4823.44,1309.98,90.71,2368.86,14470.32,13160.34,Credit Card,Completed
6d8e33e0-b1df-4841-8136-55253c666a33,2026_W27,O58434,U23992,P85,2026-06-30 13:14:59,4,2941.32,1648.28,93.07,1821.06,11765.28,10117.0,UPI,Completed
6d8e33e0-b1df-4841-8136-55253c666a33,2026_W27,O58435,U20367,P155,2026-06-29 10:04:24,1,7895.96,535.52,105.84,1324.88,7895.96,7360.4400000000005,Wallet,Completed
6d8e33e0-b1df-4841-8136-55253c666a33,2026_W27,O58436,U30881,P134,2026-07-03 11:07:18,1,3480.9,16.3,84.94,623.63,3480.9,3464.6,UPI,Completed
6d8e33e0-b1df-4841-8136-55253c666a33,2026_W27,O58437,U33275,P66,2026-06-30 18:15:24,1,7809.87,74.42,118.48,1392.38,7809.87,7735.45,UPI,Completed
6d8e33e0-b1df-4841-8136-55253c666a33,2026_W27,O58438,U8002,P49,2026-07-01 00:07:16,4,8208.46,4612.54,182.0,5079.83,32833.84,28221.299999999996,Debit Card,Completed
6d8e33e0-b1df-4841-8136-55253c666a33,2026_W27,O58439,U11685,P90,2026-07-03 23:03:53,1,4581.8,264.08,64.04,777.19,4581.8,4317.72,Debit Card,Completed
6d8e33e0-b1df-4841-8136-55253c666a33,2026_W27,O58440,U4749,P168,2026-07-01 15:40:25,1,6037.57,743.55,149.15,952.92,6037.57,5294.0199999999995,Wallet,Completed
6d8e33e0-b1df-4841-8136-55253c666a33,2026_W27,O58441,U2426,P84,2026-07-04 15:44:33,1,6489.78,386.84,97.14,1098.53,6489.78,6102.94,UPI,Completed
6d8e33e0-b1df-4841-8136-55253c666a33,2026_W27,O58442,U26232,P109,2026-07-03 00:10:31,3,8070.73,85.52,74.47,4342.8,24212.19,24126.67,Credit Card,Completed
6d8e33e0-b1df-4841-8136-55253c666a33,2026_W27,O58443,U10651,P87,2026-07-01 11:41:13,4,7207.16,2927.16,104.75,4662.27,28828.64,25901.48,Debit Card,Completed
6d8e33e0-b1df-4841-8136-55253c666a33,2026_W27,O58444,U18024,P167,2026-07-02 18:49:38,3,5498.71,80.2,138.35,2954.87,16496.13,16415.93,UPI,Completed
6d8e33e0-b1df-4841-8136-55253c666a33,2026_W27,O58445,U34391,P10,2026-07-03 12:50:48,1,3822.68,37.38,167.31,681.35,3822.68,3785.2999999999997,Wallet,Completed
6d8e33e0-b1df-4841-8136-55253c666a33,2026_W27,O58446,U10176,P164,2026-07-03 03:19:15,2,4106.87,766.26,137.8,1340.55,8213.74,7447.48,Credit Card,Completed
6d8e33e0-b1df-4841-8136-55253c666a33,2026_W27,O58447,U20492,P132,2026-06-29 11:00:45,4,6975.87,3307.62,124.24,4427.25,27903.48,24595.86,Credit Card,Completed
6d8e33e0-b1df-4841-8136-55253c666a33,2026_W27,O58448,U9674,P8,2026-07-01 09:47:34,3,8837.46,1699.06,181.42,4466.4,26512.379999999997,24813.319999999996,Debit Card,Completed
6d8e33e0-b1df-4841-8136-55253c666a33,2026_W27,O58449,U9634,P25,2026-07-04 09:16:39,2,2539.74,484.65,124.46,827.07,5079.48,4594.83,Wallet,Completed
6d8e33e0-b1df-4841-8136-55253c666a33,2026_W27,O58450,U25796,P157,2026-07-02 05:49:37,3,6934.8,765.62,93.01,3606.98,20804.4,20038.780000000002,Wallet,Completed
6d8e33e0-b1df-4841-8136-55253c666a33,2026_W27,O58451,U10311,P12,2026-07-04 06:18:17,2,6064.9,1394.88,94.8,1932.29,12129.8,10734.919999999998,Wallet,Completed
6d8e33e0-b1df-4841-8136-55253c666a33,2026_W27,O58452,U9745,P185,2026-07-02 03:32:37,1,2854.87,414.91,118.28,439.19,2854.87,2439.96,Credit Card,Completed
6d8e33e0-b1df-4841-8136-55253c666a33,2026_W27,O58453,U33211,P131,2026-06-30 02:26:41,4,6362.71,2804.05,168.33,4076.42,25450.84,22646.79,Wallet,Completed
6d8e33e0-b1df-4841-8136-55253c666a33,2026_W27,O58454,U5596,P184,2026-06-29 13:54:12,1,2360.41,231.76,95.74,383.16,2360.41,2128.6499999999996,Wallet,Completed
6d8e33e0-b1df-4841-8136-55253c666a33,2026_W27,O58455,U9550,P200,2026-07-02 21:13:00,3,4553.19,387.61,131.64,2388.95,13659.57,13271.96,Wallet,Completed
6d8e33e0-b1df-4841-8136-55253c666a33,2026_W27,O58456,U8191,P174,2026-07-03 02:27:46,4,2207.85,1324.45,126.84,1351.25,8831.4,7506.95,Debit Card,Completed
6d8e33e0-b1df-4841-8136-55253c666a33,2026_W27,O58457,U4649,P73,2026-07-03 07:50:18,3,2904.91,1033.41,91.31,1382.64,8714.73,7681.32,Wallet,Completed
6d8e33e0-b1df-4841-8136-55253c666a33,2026_W27,O58458,U33386,P63,2026-07-02 17:56:22,3,9352.06,3764.56,175.5,4372.49,28056.18,24291.62,UPI,Completed
6d8e33e0-b1df-4841-8136-55253c666a33,2026_W27,O58459,U87,P132,2026-07-02 23:24:54,4,6975.87,3096.19,113.2,4465.31,27903.48,24807.29,Debit Card,Completed
6d8e33e0-b1df-4841-8136-55253c666a33,2026_W27,O58460,U5175,P21,2026-07-02 21:28:17,3,7568.69,3149.54,51.1,3520.18,22706.07,19556.53,UPI,Completed
6d8e33e0-b1df-4841-8136-55253c666a33,2026_W27,O58461,U17871,P28,2026-07-02 17:07:13,4,4687.09,237.99,107.43,3331.87,18748.36,18510.37,Wallet,Completed
6d8e33e0-b1df-4841-8136-55253c666a33,2026_W27,O58462,U32482,P126,2026-06-30 13:19:05,2,9456.09,4.96,114.38,3403.3,18912.18,18907.22,Debit Card,Completed
6d8e33e0-b1df-4841-8136-55253c666a33,2026_W27,O58463,U13472,P58,2026-07-03 00:59:11,1,2960.66,198.17,99.43,497.25,2960.66,2762.49,Credit Card,Completed
6d8e33e0-b1df-4841-8136-55253c666a33,2026_W27,O58464,U2869,P179,2026-07-01 06:01:02,2,4820.9,545.06,171.32,1637.41,9641.8,9096.74,Wallet,Completed
6d8e33e0-b1df-4841-8136-55253c666a33,2026_W27,O58465,U21938,P116,2026-07-02 01:36:01,2,7151.55,417.57,63.96,2499.4,14303.1,13885.53,Debit Card,Completed
6d8e33e0-b1df-4841-8136-55253c666a33,2026_W27,O58466,U25077,P44,2026-07-04 04:55:11,1,1407.86,164.71,165.65,223.77,1407.86,1243.1499999999999,Debit Card,Completed
6d8e33e0-b1df-4841-8136-55253c666a33,2026_W27,O58467,U29802,P190,2026-07-05 02:41:54,4,3207.6,432.35,179.85,2231.65,12830.4,12398.05,UPI,Completed
6d8e33e0-b1df-4841-8136-55253c666a33,2026_W27,O58468,U8031,P98,2026-07-02 05:35:05,2,7289.76,176.36,137.12,2592.57,14579.52,14403.16,Debit Card,Completed
6d8e33e0-b1df-4841-8136-55253c666a33,2026_W27,O58469,U26080,P28,2026-07-02 22:45:26,4,4687.09,2588.82,65.5,2908.72,18748.36,16159.54,Credit Card,Completed
6d8e33e0-b1df-4841-8136-55253c666a33,2026_W27,O58470,U21955,P1,2026-06-30 08:30:03,4,8041.29,2962.75,70.54,5256.43,32165.16,29202.41,Wallet,Completed
6d8e33e0-b1df-4841-8136-55253c666a33,2026_W27,O58471,U2894,P64,2026-07-02 20:41:46,2,3844.36,873.83,65.89,1226.68,7688.72,6814.89,Wallet,Completed
6d8e33e0-b1df-4841-8136-55253c666a33,2026_W27,O58472,U26204,P92,2026-07-03 00:58:07,4,5271.05,3035.5,124.83,3248.77,21084.2,18048.7,Credit Card,Completed
6d8e33e0-b1df-4841-8136-55253c666a33,2026_W27,O58473,U23067,P46,2026-07-04 05:12:58,4,2979.32,638.78,174.29,2030.13,11917.28,11278.5,Credit Card,Completed
6d8e33e0-b1df-4841-8136-55253c666a33,2026_W27,O58474,U25759,P121,2026-06-29 16:38:40,4,7793.76,4620.96,109.59,4779.73,31175.04,26554.08,Wallet,Completed
6d8e33e0-b1df-4841-8136-55253c666a33,2026_W27,O58475,U14932,P175,2026-07-04 23:11:51,3,3999.32,761.47,195.9,2022.57,11997.960000000001,11236.490000000002,Debit Card,Completed
6d8e33e0-b1df-4841-8136-55253c666a33,2026_W27,O58476,U22433,P88,2026-07-01 12:31:43,1,11704.48,37.35,67.31,2100.08,11704.48,11667.13,Credit Card,Completed
6d8e33e0-b1df-4841-8136-55253c666a33,2026_W27,O58477,U8316,P34,2026-07-04 18:40:54,1,3432.36,334.48,121.87,557.62,3432.36,3097.88,Wallet,Completed
6d8e33e0-b1df-4841-8136-55253c666a33,2026_W27,O58478,U4228,P36,2026-07-01 07:50:31,2,6802.05,216.49,147.65,2409.77,13604.1,13387.61,Debit Card,Completed
6d8e33e0-b1df-4841-8136-55253c666a33,2026_W27,O58479,U18302,P104,2026-06-30 00:58:00,3,7848.2,1794.64,50.49,3914.99,23544.6,21749.96,UPI,Completed
6d8e33e0-b1df-4841-8136-55253c666a33,2026_W27,O58480,U26080,P13,2026-06-30 18:30:27,3,6638.24,128.72,187.34,3561.48,19914.72,19786.0,Debit Card,Completed
6d8e33e0-b1df-4841-8136-55253c666a33,2026_W27,O58481,U22332,P100,2026-07-03 16:16:51,1,1750.2,114.16,189.44,294.49,1750.2,1636.04,Debit Card,Completed
6d8e33e0-b1df-4841-8136-55253c666a33,2026_W27,O58482,U28415,P187,2026-07-03 14:35:22,1,6341.6,180.24,191.47,1109.04,6341.6,6161.360000000001,Credit Card,Completed
6d8e33e0-b1df-4841-8136-55253c666a33,2026_W27,O58483,U23418,P88,2026-07-05 05:07:44,2,11704.48,2058.87,75.97,3843.02,23408.96,21350.09,UPI,Completed
6d8e33e0-b1df-4841-8136-55253c666a33,2026_W27,O58484,U20502,P154,2026-07-05 03:22:39,3,3395.73,21.03,101.62,1829.91,10187.19,10166.16,UPI,Completed
6d8e33e0-b1df-4841-8136-55253c666a33,2026_W27,O58485,U4194,P179,2026-07-04 00:36:12,4,4820.9,291.94,134.35,3418.5,19283.6,18991.66,Debit Card,Completed
6d8e33e0-b1df-4841-8136-55253c666a33,2026_W27,O58486,U26252,P152,2026-07-01 03:20:42,1,5413.06,741.79,61.92,840.83,5413.06,4671.27,Debit Card,Completed
6d8e33e0-b1df-4841-8136-55253c666a33,2026_W27,O58487,U24022,P67,2026-07-04 03:43:53,2,4487.19,776.94,100.62,1475.54,8974.38,8197.439999999999,Credit Card,Completed
6d8e33e0-b1df-4841-8136-55253c666a33,2026_W27,O58488,U4239,P178,2026-06-29 22:58:13,1,7836.39,52.12,164.64,1401.17,7836.39,7784.27,Credit Card,Completed
6d8e33e0-b1df-4841-8136-55253c666a33,2026_W27,O58489,U14305,P9,2026-07-05 04:42:37,4,5229.72,1069.15,73.47,3572.95,20918.88,19849.73,Wallet,Completed
6d8e33e0-b1df-4841-8136-55253c666a33,2026_W27,O58490,U28158,P44,2026-06-30 14:57:49,2,1407.86,402.81,71.07,434.32,2815.72,2412.91,Wallet,Completed
6d8e33e0-b1df-4841-8136-55253c666a33,2026_W27,O58491,U6177,P133,2026-07-04 19:03:11,1,10395.42,1153.5,144.96,1663.55,10395.42,9241.92,Credit Card,Completed
6d8e33e0-b1df-4841-8136-55253c666a33,2026_W27,O58492,U13612,P175,2026-06-30 06:27:40,1,3999.32,510.46,100.05,627.99,3999.32,3488.86,Debit Card,Completed
6d8e33e0-b1df-4841-8136-55253c666a33,2026_W27,O58493,U29094,P27,2026-07-04 09:27:04,2,8284.05,913.1,167.35,2817.9,16568.1,15654.999999999998,Debit Card,Completed
6d8e33e0-b1df-4841-8136-55253c666a33,2026_W27,O58494,U26627,P118,2026-07-01 13:10:49,1,9270.95,684.76,190.93,1545.51,9270.95,8586.19,Debit Card,Completed
6d8e33e0-b1df-4841-8136-55253c666a33,2026_W27,O58495,U12436,P25,2026-07-04 19:07:13,4,2539.74,602.0,70.92,1720.25,10158.96,9556.96,Credit Card,Completed
6d8e33e0-b1df-4841-8136-55253c666a33,2026_W27,O58496,U4715,P4,2026-07-01 05:24:13,1,2545.35,1.78,114.1,457.84,2545.35,2543.5699999999997,Credit Card,Completed
6d8e33e0-b1df-4841-8136-55253c666a33,2026_W27,O58497,U6862,P107,2026-07-01 22:13:06,4,10380.65,871.59,124.57,7317.18,41522.6,40651.01,Wallet,Completed
6d8e33e0-b1df-4841-8136-55253c666a33,2026_W27,O58498,U11651,P195,2026-07-01 02:25:17,4,6655.83,2717.04,84.66,4303.13,26623.32,23906.28,Wallet,Completed
6d8e33e0-b1df-4841-8136-55253c666a33,2026_W27,O58499,U29016,P125,2026-07-03 00:32:38,3,9952.48,2748.21,159.97,4879.66,29857.44,27109.23,UPI,Completed
6d8e33e0-b1df-4841-8136-55253c666a33,2026_W27,O58500,U10143,P176,2026-07-04 13:49:00,4,4894.11,2131.33,82.13,3140.12,19576.44,17445.11,UPI,Completed
6d8e33e0-b1df-4841-8136-55253c666a33,2026_W27,O58501,U11042,P193,2026-07-05 01:54:55,4,8599.49,2197.63,107.15,5796.06,34397.96,32200.329999999998,Credit Card,Completed
6d8e33e0-b1df-4841-8136-55253c666a33,2026_W27,O58502,U13475,P84,2026-07-04 16:49:18,3,6489.78,874.87,123.49,3347.0,19469.34,18594.47,Credit Card,Completed
6d8e33e0-b1df-4841-8136-55253c666a33,2026_W27,O58503,U7679,P12,2026-07-04 06:00:37,4,6064.9,497.29,125.6,4277.22,24259.6,23762.309999999998,Credit Card,Completed
6d8e33e0-b1df-4841-8136-55253c666a33,2026_W27,O58504,U26620,P197,2026-07-02 03:56:09,1,10992.71,221.87,98.44,1938.75,10992.71,10770.839999999998,Wallet,Completed
6d8e33e0-b1df-4841-8136-55253c666a33,2026_W27,O58505,U31392,P50,2026-06-29 12:59:35,1,4043.15,24.71,122.22,723.32,4043.15,4018.44,Credit Card,Completed
6d8e33e0-b1df-4841-8136-55253c666a33,2026_W27,O58506,U2894,P146,2026-06-30 22:14:04,1,1678.25,96.3,165.46,284.75,1678.25,1581.95,Debit Card,Completed
6d8e33e0-b1df-4841-8136-55253c666a33,2026_W27,O58507,U34748,P104,2026-07-04 00:28:45,1,7848.2,664.58,92.0,1293.05,7848.2,7183.62,Wallet,Completed
6d8e33e0-b1df-4841-8136-55253c666a33,2026_W27,O58508,U13899,P181,2026-06-30 02:42:16,2,5516.14,612.56,130.64,1875.55,11032.28,10419.720000000001,Wallet,Completed
6d8e33e0-b1df-4841-8136-55253c666a33,2026_W27,O58509,U30846,P125,2026-07-03 20:37:28,3,9952.48,1554.13,57.68,5094.6,29857.44,28303.309999999998,Debit Card,Completed
6d8e33e0-b1df-4841-8136-55253c666a33,2026_W27,O58510,U16532,P5,2026-06-30 08:29:36,3,4886.67,881.16,88.98,2480.19,14660.01,13778.85,Credit Card,Completed
6d8e33e0-b1df-4841-8136-55253c666a33,2026_W27,O58511,U29489,P76,2026-07-03 04:01:15,4,7097.72,2214.3,107.44,4711.78,28390.88,26176.58,UPI,Completed
6d8e33e0-b1df-4841-8136-55253c666a33,2026_W27,O58512,U5469,P151,2026-07-01 09:34:07,4,9624.05,678.27,104.16,6807.23,38496.2,37817.93,UPI,Completed
6d8e33e0-b1df-4841-8136-55253c666a33,2026_W27,O58513,U19159,P14,2026-06-30 13:01:21,1,5736.45,483.66,86.27,945.5,5736.45,5252.79,Wallet,Completed
6d8e33e0-b1df-4841-8136-55253c666a33,2026_W27,O58514,U30236,P50,2026-07-01 15:03:11,4,4043.15,827.37,179.66,2762.14,16172.6,15345.23,Wallet,Completed
6d8e33e0-b1df-4841-8136-55253c666a33,2026_W27,O58515,U11397,P94,2026-07-02 03:10:59,1,5614.01,167.78,61.18,980.32,5614.01,5446.2300000000005,Credit Card,Completed
6d8e33e0-b1df-4841-8136-55253c666a33,2026_W27,O58516,U16611,P155,2026-06-30 23:48:20,2,7895.96,1355.08,71.32,2598.63,15791.92,14436.84,UPI,Completed
6d8e33e0-b1df-4841-8136-55253c666a33,2026_W27,O58517,U33158,P125,2026-07-03 01:43:39,3,9952.48,3534.83,190.81,4738.07,29857.44,26322.61,UPI,Completed
6d8e33e0-b1df-4841-8136-55253c666a33,2026_W27,O58518,U27753,P156,2026-06-30 16:56:35,3,2724.78,302.9,188.31,1416.86,8174.34,7871.4400000000005,Wallet,Completed
6d8e33e0-b1df-4841-8136-55253c666a33,2026_W27,O58519,U24139,P145,2026-06-30 16:08:28,1,6190.5,825.55,76.02,965.69,6190.5,5364.95,Credit Card,Completed
6d8e33e0-b1df-4841-8136-55253c666a33,2026_W27,O58520,U14480,P88,2026-07-04 09:38:20,1,11704.48,356.6,193.53,2042.62,11704.48,11347.88,Credit Card,Completed
6d8e33e0-b1df-4841-8136-55253c666a33,2026_W27,O58521,U15312,P193,2026-07-04 23:42:17,3,8599.49,2902.5,124.55,4121.27,25798.47,22895.97,Debit Card,Completed
6d8e33e0-b1df-4841-8136-55253c666a33,2026_W27,O58522,U14160,P13,2026-06-29 09:21:53,4,6638.24,3718.25,50.49,4110.25,26552.96,22834.71,Credit Card,Completed
6d8e33e0-b1df-4841-8136-55253c666a33,2026_W27,O58523,U20260,P17,2026-06-29 09:33:27,4,6241.42,635.84,92.79,4379.37,24965.68,24329.84,Wallet,Completed
6d8e33e0-b1df-4841-8136-55253c666a33,2026_W27,O58524,U9858,P49,2026-07-04 02:22:42,1,8208.46,348.61,96.42,1414.77,8208.46,7859.849999999999,Debit Card,Completed
6d8e33e0-b1df-4841-8136-55253c666a33,2026_W27,O58525,U24199,P112,2026-06-30 07:01:48,1,7164.07,141.73,75.67,1264.02,7164.07,7022.34,Debit Card,Completed
6d8e33e0-b1df-4841-8136-55253c666a33,2026_W27,O58526,U33470,P193,2026-07-01 10:27:19,2,8599.49,2099.63,96.82,2717.88,17198.98,15099.349999999999,UPI,Completed
6d8e33e0-b1df-4841-8136-55253c666a33,2026_W27,O58527,U17138,P40,2026-06-29 19:14:50,1,7370.62,904.82,103.05,1163.84,7370.62,6465.8,Debit Card,Completed
6d8e33e0-b1df-4841-8136-55253c666a33,2026_W27,O58528,U31312,P108,2026-07-04 09:35:41,4,9991.6,5271.99,193.41,6244.99,39966.4,34694.41,UPI,Completed
6d8e33e0-b1df-4841-8136-55253c666a33,2026_W27,O58529,U24745,P56,2026-07-02 10:36:21,4,5764.47,2334.18,120.53,3730.27,23057.88,20723.7,UPI,Completed
6d8e33e0-b1df-4841-8136-55253c666a33,2026_W27,O58530,U10988,P88,2026-07-01 11:02:06,2,11704.48,3270.99,184.81,3624.83,23408.96,20137.97,Credit Card,Completed
6d8e33e0-b1df-4841-8136-55253c666a33,2026_W27,O58531,U20161,P5,2026-07-04 16:18:30,2,4886.67,628.13,155.1,1646.14,9773.34,9145.210000000001,Wallet,Completed
6d8e33e0-b1df-4841-8136-55253c666a33,2026_W27,O58532,U18460,P73,2026-06-30 01:51:09,1,2904.91,277.68,175.22,472.9,2904.91,2627.23,Wallet,Completed
6d8e33e0-b1df-4841-8136-55253c666a33,2026_W27,O58533,U7674,P94,2026-07-02 08:01:23,3,5614.01,1738.52,89.54,2718.63,16842.03,15103.509999999998,Wallet,Completed
6d8e33e0-b1df-4841-8136-55253c666a33,2026_W27,O58534,U18203,P138,2026-07-04 09:25:13,3,6625.4,2558.08,79.91,3117.26,19876.199999999997,17318.119999999995,Debit Card,Completed
6d8e33e0-b1df-4841-8136-55253c666a33,2026_W27,O58535,U10284,P200,2026-07-01 13:18:06,1,4553.19,502.02,58.78,729.21,4553.19,4051.1699999999996,Wallet,Completed
6d8e33e0-b1df-4841-8136-55253c666a33,2026_W27,O58536,U7358,P200,2026-07-02 04:50:20,4,4553.19,2067.79,166.63,2906.09,18212.76,16144.969999999998,Credit Card,Completed
6d8e33e0-b1df-4841-8136-55253c666a33,2026_W27,O58537,U32864,P68,2026-06-29 16:10:57,3,4352.35,682.02,107.56,2227.51,13057.050000000001,12375.03,Credit Card,Completed
6d8e33e0-b1df-4841-8136-55253c666a33,2026_W27,O58538,U23242,P69,2026-06-30 08:27:19,2,4897.29,850.41,190.93,1609.95,9794.58,8944.17,Credit Card,Completed
6d8e33e0-b1df-4841-8136-55253c666a33,2026_W27,O58539,U28936,P82,2026-07-02 00:36:30,2,2456.79,216.89,107.59,845.4,4913.58,4696.69,Debit Card,Completed
6d8e33e0-b1df-4841-8136-55253c666a33,2026_W27,O58540,U29275,P41,2026-07-03 16:37:16,1,1959.52,266.64,129.76,304.72,1959.52,1692.88,Debit Card,Completed
6d8e33e0-b1df-4841-8136-55253c666a33,2026_W27,O58541,U24615,P96,2026-06-29 15:23:37,1,4818.25,267.34,62.6,819.16,4818.25,4550.91,Credit Card,Completed
6d8e33e0-b1df-4841-8136-55253c666a33,2026_W27,O58542,U6301,P151,2026-07-02 17:23:18,3,9624.05,3867.59,69.5,4500.82,28872.149999999998,25004.559999999998,Credit Card,Completed
6d8e33e0-b1df-4841-8136-55253c666a33,2026_W27,O58543,U28850,P22,2026-07-04 11:34:38,4,9175.57,3903.97,116.22,5903.7,36702.28,32798.31,Debit Card,Completed
6d8e33e0-b1df-4841-8136-55253c666a33,2026_W27,O58544,U1718,P191,2026-07-04 20:08:35,3,9506.3,479.93,120.23,5047.01,28518.899999999998,28038.969999999998,UPI,Completed
6d8e33e0-b1df-4841-8136-55253c666a33,2026_W27,O58545,U20407,P14,2026-07-04 20:19:09,2,5736.45,1499.98,61.25,1795.13,11472.9,9972.92,Credit Card,Completed
6d8e33e0-b1df-4841-8136-55253c666a33,2026_W27,O58546,U11134,P149,2026-07-04 07:14:56,4,2710.59,1047.22,103.45,1763.13,10842.36,9795.140000000001,UPI,Completed
6d8e33e0-b1df-4841-8136-55253c666a33,2026_W27,O58547,U23314,P79,2026-07-02 15:00:11,3,4174.75,1013.03,112.83,2072.02,12524.25,11511.22,Wallet,Completed
6d8e33e0-b1df-4841-8136-55253c666a33,2026_W27,O58548,U12947,P77,2026-06-29 12:40:48,2,5304.36,261.18,81.42,1862.56,10608.72,10347.539999999999,Credit Card,Completed
6d8e33e0-b1df-4841-8136-55253c666a33,2026_W27,O58549,U13846,P8,2026-07-01 19:57:12,3,8837.46,3602.69,129.21,4123.74,26512.379999999997,22909.69,Debit Card,Completed
6d8e33e0-b1df-4841-8136-55253c666a33,2026_W27,O58550,U31631,P167,2026-06-30 00:54:30,4,5498.71,2563.45,59.5,3497.65,21994.84,19431.39,Debit Card,Completed
6d8e33e0-b1df-4841-8136-55253c666a33,2026_W27,O58551,U6090,P16,2026-07-02 19:53:14,3,3158.68,686.07,116.8,1582.19,9476.039999999999,8789.97,UPI,Completed
6d8e33e0-b1df-4841-8136-55253c666a33,2026_W27,O58552,U9164,P103,2026-07-02 10:40:19,1,2762.4,358.69,192.3,432.67,2762.4,2403.71,Credit Card,Completed
6d8e33e0-b1df-4841-8136-55253c666a33,2026_W27,O58553,U21239,P16,2026-07-02 18:28:04,3,3158.68,316.68,146.7,1648.68,9476.039999999999,9159.359999999999,Debit Card,Completed
6d8e33e0-b1df-4841-8136-55253c666a33,2026_W27,O58554,U25232,P164,2026-07-05 06:31:41,3,4106.87,1354.55,69.19,1973.89,12320.61,10966.060000000001,Credit Card,Completed
6d8e33e0-b1df-4841-8136-55253c666a33,2026_W27,O58555,U8151,P164,2026-06-30 20:57:25,1,4106.87,555.85,198.53,639.18,4106.87,3551.02,Wallet,Completed
6d8e33e0-b1df-4841-8136-55253c666a33,2026_W27,O58556,U17427,P22,2026-07-03 16:19:26,3,9175.57,2754.6,74.7,4458.98,27526.71,24772.11,Credit Card,Completed
6d8e33e0-b1df-4841-8136-55253c666a33,2026_W27,O58557,U22978,P164,2026-07-04 13:54:27,4,4106.87,2337.62,78.84,2536.17,16427.48,14089.86,UPI,Completed
6d8e33e0-b1df-4841-8136-55253c666a33,2026_W27,O58558,U32946,P130,2026-06-29 20:23:02,4,9584.05,598.81,83.48,6792.73,38336.2,37737.39,Credit Card,Completed
6d8e33e0-b1df-4841-8136-55253c666a33,2026_W27,O58559,U12002,P119,2026-06-30 22:38:16,3,9225.28,2663.23,63.11,4502.27,27675.840000000004,25012.610000000004,Credit Card,Completed
6d8e33e0-b1df-4841-8136-55253c666a33,2026_W27,O58560,U9374,P89,2026-07-05 05:48:02,2,10552.75,1466.47,134.25,3535.03,21105.5,19639.03,Credit Card,Completed
6d8e33e0-b1df-4841-8136-55253c666a33,2026_W27,O58561,U17492,P192,2026-07-01 03:50:55,4,11414.94,6785.55,196.69,6997.36,45659.76,38874.21,UPI,Completed
6d8e33e0-b1df-4841-8136-55253c666a33,2026_W27,O58562,U4239,P176,2026-07-03 01:57:34,4,4894.11,42.69,74.8,3516.08,19576.44,19533.75,Wallet,Completed
6d8e33e0-b1df-4841-8136-55253c666a33,2026_W27,O58563,U16856,P8,2026-07-03 11:37:47,2,8837.46,2144.51,138.09,2795.47,17674.92,15530.409999999998,UPI,Completed
6d8e33e0-b1df-4841-8136-55253c666a33,2026_W27,O58564,U33892,P71,2026-07-02 12:46:16,4,7798.35,1405.75,192.6,5361.78,31193.4,29787.65,Debit Card,Completed
6d8e33e0-b1df-4841-8136-55253c666a33,2026_W27,O58565,U23870,P19,2026-06-30 07:52:35,4,5633.25,1316.96,189.81,3818.89,22533.0,21216.04,Credit Card,Completed
6d8e33e0-b1df-4841-8136-55253c666a33,2026_W27,O58566,U34595,P112,2026-07-01 08:35:20,4,7164.07,2555.65,78.03,4698.11,28656.28,26100.629999999997,Wallet,Completed
6d8e33e0-b1df-4841-8136-55253c666a33,2026_W27,O58567,U28371,P89,2026-06-29 09:41:14,1,10552.75,960.22,123.25,1726.66,10552.75,9592.53,Credit Card,Completed
6d8e33e0-b1df-4841-8136-55253c666a33,2026_W27,O58568,U26155,P157,2026-07-03 02:54:17,3,6934.8,1636.25,164.63,3450.27,20804.4,19168.15,Credit Card,Completed
6d8e33e0-b1df-4841-8136-55253c666a33,2026_W27,O58569,U7855,P141,2026-07-01 21:54:00,3,9271.32,1190.33,169.92,4792.25,27813.96,26623.629999999997,Debit Card,Completed
6d8e33e0-b1df-4841-8136-55253c666a33,2026_W27,O58570,U569,P84,2026-06-30 04:00:11,2,6489.78,190.23,191.25,2302.08,12979.56,12789.33,Credit Card,Completed
6d8e33e0-b1df-4841-8136-55253c666a33,2026_W27,O58571,U9966,P174,2026-07-01 11:17:43,4,2207.85,843.0,68.24,1437.91,8831.4,7988.4,Debit Card,Completed
6d8e33e0-b1df-4841-8136-55253c666a33,2026_W27,O58572,U2832,P125,2026-07-03 16:11:05,2,9952.48,602.59,115.51,3474.43,19904.96,19302.37,Debit Card,Completed
6d8e33e0-b1df-4841-8136-55253c666a33,2026_W27,O58573,U9916,P56,2026-07-04 05:12:38,3,5764.47,1172.92,75.75,2901.69,17293.41,16120.49,Credit Card,Completed
6d8e33e0-b1df-4841-8136-55253c666a33,2026_W27,O58574,U10676,P60,2026-07-05 03:51:59,1,3368.43,173.59,59.57,575.07,3368.43,3194.8399999999997,UPI,Completed
6d8e33e0-b1df-4841-8136-55253c666a33,2026_W27,O58575,U24076,P193,2026-07-02 15:27:42,4,8599.49,3581.63,137.73,5546.94,34397.96,30816.329999999998,Credit Card,Completed
6d8e33e0-b1df-4841-8136-55253c666a33,2026_W27,O58576,U19239,P191,2026-07-01 11:28:15,4,9506.3,3044.94,180.34,6296.45,38025.2,34980.259999999995,Credit Card,Completed
6d8e33e0-b1df-4841-8136-55253c666a33,2026_W27,O58577,U30631,P117,2026-07-03 02:39:38,3,1818.08,791.96,154.98,839.21,5454.24,4662.28,Wallet,Completed
6d8e33e0-b1df-4841-8136-55253c666a33,2026_W27,O58578,U30688,P92,2026-07-03 14:24:06,3,5271.05,37.56,68.84,2839.61,15813.150000000001,15775.590000000002,UPI,Completed
6d8e33e0-b1df-4841-8136-55253c666a33,2026_W27,O58579,U5340,P10,2026-07-04 00:43:12,1,3822.68,191.11,130.48,653.68,3822.68,3631.5699999999997,UPI,Completed
6d8e33e0-b1df-4841-8136-55253c666a33,2026_W27,O58580,U28280,P196,2026-07-05 02:44:59,4,9515.08,3203.14,55.94,6274.29,38060.32,34857.18,Credit Card,Completed
6d8e33e0-b1df-4841-8136-55253c666a33,2026_W27,O58581,U3354,P200,2026-07-04 02:27:28,2,4553.19,1030.49,118.0,1453.66,9106.38,8075.889999999999,Debit Card,Completed
6d8e33e0-b1df-4841-8136-55253c666a33,2026_W27,O58582,U6230,P136,2026-07-02 13:17:30,2,10500.45,2574.76,73.12,3316.71,21000.9,18426.14,Credit Card,Completed
6d8e33e0-b1df-4841-8136-55253c666a33,2026_W27,O58583,U13623,P19,2026-07-03 22:39:24,3,5633.25,1641.65,96.51,2746.46,16899.75,15258.1,Credit Card,Completed
6d8e33e0-b1df-4841-8136-55253c666a33,2026_W27,O58584,U27164,P22,2026-07-03 19:48:49,3,9175.57,145.56,90.9,4928.61,27526.71,27381.149999999998,Wallet,Completed
6d8e33e0-b1df-4841-8136-55253c666a33,2026_W27,O58585,U3,P167,2026-07-01 11:17:46,4,5498.71,729.64,74.88,3827.74,21994.84,21265.2,Debit Card,Completed
6d8e33e0-b1df-4841-8136-55253c666a33,2026_W27,O58586,U16894,P173,2026-07-02 21:14:14,1,7576.76,429.5,51.98,1286.51,7576.76,7147.26,UPI,Completed
6d8e33e0-b1df-4841-8136-55253c666a33,2026_W27,O58587,U29578,P88,2026-07-05 04:16:40,4,11704.48,5823.35,155.06,7379.02,46817.92,40994.57,Debit Card,Completed
6d8e33e0-b1df-4841-8136-55253c666a33,2026_W27,O58588,U16256,P59,2026-07-04 07:37:45,3,5883.82,1860.65,165.0,2842.35,17651.46,15790.81,Credit Card,Completed
6d8e33e0-b1df-4841-8136-55253c666a33,2026_W27,O58589,U3818,P91,2026-06-30 06:02:57,4,7800.01,2749.84,148.4,5121.04,31200.04,28450.2,Debit Card,Completed
6d8e33e0-b1df-4841-8136-55253c666a33,2026_W27,O58590,U34780,P15,2026-07-03 01:33:51,2,3230.88,948.98,145.02,992.3,6461.76,5512.780000000001,UPI,Completed
6d8e33e0-b1df-4841-8136-55253c666a33,2026_W27,O58591,U28287,P41,2026-07-02 14:54:06,3,1959.52,848.49,58.63,905.41,5878.5599999999995,5030.07,Credit Card,Completed
6d8e33e0-b1df-4841-8136-55253c666a33,2026_W27,O58592,U815,P185,2026-07-01 18:59:58,2,2854.87,559.18,75.85,927.1,5709.74,5150.5599999999995,UPI,Completed
6d8e33e0-b1df-4841-8136-55253c666a33,2026_W27,O58593,U1827,P101,2026-07-02 04:40:50,2,8924.96,2326.92,134.21,2794.14,17849.92,15522.999999999998,Wallet,Completed
6d8e33e0-b1df-4841-8136-55253c666a33,2026_W27,O58594,U20840,P37,2026-07-01 20:51:57,1,4162.63,358.64,152.8,684.72,4162.63,3803.9900000000002,Wallet,Completed
6d8e33e0-b1df-4841-8136-55253c666a33,2026_W27,O58595,U18218,P131,2026-07-01 01:13:51,3,6362.71,1758.96,131.42,3119.25,19088.13,17329.170000000002,Debit Card,Completed
6d8e33e0-b1df-4841-8136-55253c666a33,2026_W27,O58596,U12706,P194,2026-07-02 19:50:48,3,2286.6,902.31,96.48,1072.35,6859.799999999999,5957.49,Debit Card,Completed
6d8e33e0-b1df-4841-8136-55253c666a33,2026_W27,O58597,U27114,P7,2026-07-02 09:58:09,4,9852.33,2939.04,162.36,6564.65,39409.32,36470.28,Wallet,Completed
6d8e33e0-b1df-4841-8136-55253c666a33,2026_W27,O58598,U21465,P41,2026-07-01 17:50:07,2,1959.52,319.52,74.23,647.91,3919.04,3599.52,Wallet,Completed
6d8e33e0-b1df-4841-8136-55253c666a33,2026_W27,O58599,U20632,P63,2026-07-01 04:17:19,3,9352.06,1724.97,149.74,4739.62,28056.18,26331.21,Debit Card,Completed
6d8e33e0-b1df-4841-8136-55253c666a33,2026_W27,O58600,U12688,P167,2026-07-04 21:52:27,1,5498.71,168.06,188.52,959.52,5498.71,5330.65,Debit Card,Completed
6d8e33e0-b1df-4841-8136-55253c666a33,2026_W27,O58601,U24457,P95,2026-07-02 03:37:38,2,5783.09,321.01,58.46,2024.13,11566.18,11245.17,Wallet,Completed
6d8e33e0-b1df-4841-8136-55253c666a33,2026_W27,O58602,U16200,P98,2026-07-03 07:32:58,2,7289.76,850.36,118.14,2471.25,14579.52,13729.16,Credit Card,Completed
6d8e33e0-b1df-4841-8136-55253c666a33,2026_W27,O58603,U7120,P119,2026-07-04 15:52:13,2,9225.28,228.71,84.15,3279.93,18450.56,18221.850000000002,Wallet,Completed
6d8e33e0-b1df-4841-8136-55253c666a33,2026_W27,O58604,U1742,P9,2026-07-01 14:40:59,1,5229.72,593.39,74.48,834.54,5229.72,4636.33,Credit Card,Completed
6d8e33e0-b1df-4841-8136-55253c666a33,2026_W27,O58605,U30616,P44,2026-07-04 21:56:30,2,1407.86,106.46,134.57,487.67,2815.72,2709.2599999999998,UPI,Completed
6d8e33e0-b1df-4841-8136-55253c666a33,2026_W27,O58606,U27290,P171,2026-07-05 08:42:38,3,2305.74,155.46,60.19,1217.12,6917.219999999999,6761.759999999999,Credit Card,Completed
6d8e33e0-b1df-4841-8136-55253c666a33,2026_W27,O58607,U17573,P2,2026-06-30 09:24:50,3,4823.44,880.36,81.28,2446.19,14470.32,13589.96,Debit Card,Completed
6d8e33e0-b1df-4841-8136-55253c666a33,2026_W27,O58608,U7067,P12,2026-07-01 20:56:40,1,6064.9,793.82,149.63,948.79,6064.9,5271.08,Wallet,Completed
6d8e33e0-b1df-4841-8136-55253c666a33,2026_W27,O58609,U5628,P134,2026-07-02 07:02:44,3,3480.9,1341.26,79.34,1638.26,10442.7,9101.44,UPI,Completed
6d8e33e0-b1df-4841-8136-55253c666a33,2026_W27,O58610,U19354,P67,2026-06-30 01:55:54,4,4487.19,2383.62,145.47,2801.73,17948.76,15565.14,UPI,Completed
6d8e33e0-b1df-4841-8136-55253c666a33,2026_W27,O58611,U19538,P99,2026-07-03 23:32:51,4,5405.7,1564.34,167.14,3610.52,21622.8,20058.46,UPI,Completed
6d8e33e0-b1df-4841-8136-55253c666a33,2026_W27,O58612,U26931,P31,2026-07-02 08:01:11,3,3171.15,325.28,123.98,1653.87,9513.45,9188.17,UPI,Completed
6d8e33e0-b1df-4841-8136-55253c666a33,2026_W27,O58613,U21656,P50,2026-07-04 16:13:05,4,4043.15,1513.84,75.77,2638.58,16172.6,14658.76,Debit Card,Completed
6d8e33e0-b1df-4841-8136-55253c666a33,2026_W27,O58614,U10531,P53,2026-07-03 16:39:15,2,5893.03,541.81,98.8,2023.96,11786.06,11244.25,Wallet,Completed
6d8e33e0-b1df-4841-8136-55253c666a33,2026_W27,O58615,U26392,P54,2026-07-03 10:38:39,4,7277.34,1778.99,183.06,4919.47,29109.36,27330.37,UPI,Completed
6d8e33e0-b1df-4841-8136-55253c666a33,2026_W27,O58616,U24483,P51,2026-06-30 06:03:48,2,5399.93,184.72,153.66,1910.73,10799.86,10615.140000000001,Debit Card,Completed
6d8e33e0-b1df-4841-8136-55253c666a33,2026_W27,O58617,U19485,P1,2026-07-01 20:16:55,3,8041.29,2345.45,102.91,3920.12,24123.87,21778.42,Wallet,Completed
6d8e33e0-b1df-4841-8136-55253c666a33,2026_W27,O58618,U27059,P18,2026-07-01 05:49:39,2,3465.55,598.38,151.04,1139.89,6931.1,6332.72,UPI,Completed
6d8e33e0-b1df-4841-8136-55253c666a33,2026_W27,O58619,U15447,P121,2026-07-04 09:53:29,3,7793.76,2018.64,120.75,3845.28,23381.28,21362.64,Debit Card,Completed
6d8e33e0-b1df-4841-8136-55253c666a33,2026_W27,O58620,U10437,P107,2026-06-29 23:42:49,2,10380.65,910.44,177.96,3573.15,20761.3,19850.86,Credit Card,Completed
6d8e33e0-b1df-4841-8136-55253c666a33,2026_W27,O58621,U3748,P69,2026-07-05 08:00:35,4,4897.29,2821.67,58.33,3018.15,19589.16,16767.489999999998,Credit Card,Completed
6d8e33e0-b1df-4841-8136-55253c666a33,2026_W27,O58622,U17257,P70,2026-06-30 08:16:11,2,2270.0,478.99,59.34,730.98,4540.0,4061.01,Credit Card,Completed
6d8e33e0-b1df-4841-8136-55253c666a33,2026_W27,O58623,U24439,P173,2026-06-30 08:20:57,2,7576.76,1941.86,138.94,2378.1,15153.52,13211.66,Credit Card,Completed
6d8e33e0-b1df-4841-8136-55253c666a33,2026_W27,O58624,U27054,P97,2026-07-04 22:46:39,1,6666.27,992.67,53.32,1021.25,6666.27,5673.6,Wallet,Completed
6d8e33e0-b1df-4841-8136-55253c666a33,2026_W27,O58625,U21384,P124,2026-07-02 20:34:34,3,5965.84,2616.84,130.4,2750.52,17897.52,15280.68,UPI,Completed
6d8e33e0-b1df-4841-8136-55253c666a33,2026_W27,O58626,U10066,P136,2026-07-01 20:28:01,4,10500.45,5872.2,178.28,6503.33,42001.8,36129.600000000006,UPI,Completed
6d8e33e0-b1df-4841-8136-55253c666a33,2026_W27,O58627,U6513,P135,2026-07-02 19:15:49,2,5890.55,449.4,160.66,2039.71,11781.1,11331.7,Debit Card,Completed
6d8e33e0-b1df-4841-8136-55253c666a33,2026_W27,O58628,U13074,P40,2026-07-04 16:30:56,3,7370.62,789.55,152.7,3838.02,22111.86,21322.31,UPI,Completed
6d8e33e0-b1df-4841-8136-55253c666a33,2026_W27,O58629,U32874,P33,2026-07-03 07:32:37,3,5573.38,260.86,122.95,2962.67,16720.14,16459.28,Wallet,Completed
6d8e33e0-b1df-4841-8136-55253c666a33,2026_W27,O58630,U29240,P61,2026-07-03 10:19:29,4,7869.26,3857.42,53.38,4971.53,31477.04,27619.620000000003,UPI,Completed
6d8e33e0-b1df-4841-8136-55253c666a33,2026_W27,O58631,U27430,P70,2026-07-04 23:33:16,4,2270.0,2.07,70.03,1634.03,9080.0,9077.93,Debit Card,Completed
6d8e33e0-b1df-4841-8136-55253c666a33,2026_W27,O58632,U1172,P111,2026-06-29 20:05:58,3,7719.79,325.18,56.13,4110.15,23159.37,22834.19,Wallet,Completed
6d8e33e0-b1df-4841-8136-55253c666a33,2026_W27,O58633,U32805,P32,2026-07-01 21:35:56,4,4904.65,999.53,140.07,3351.43,19618.6,18619.07,Wallet,Completed
6d8e33e0-b1df-4841-8136-55253c666a33,2026_W27,O58634,U16929,P77,2026-07-04 14:41:36,3,5304.36,2281.25,77.82,2453.73,15913.079999999998,13631.829999999998,Debit Card,Completed
6d8e33e0-b1df-4841-8136-55253c666a33,2026_W27,O58635,U41,P8,2026-07-04 02:40:31,4,8837.46,5219.81,67.48,5423.41,35349.84,30130.029999999995,Wallet,Completed
6d8e33e0-b1df-4841-8136-55253c666a33,2026_W27,O58636,U9145,P118,2026-07-02 12:49:08,4,9270.95,478.86,104.56,6588.89,37083.8,36604.94,Credit Card,Completed
6d8e33e0-b1df-4841-8136-55253c666a33,2026_W27,O58637,U24498,P196,2026-07-03 15:51:30,4,9515.08,4320.76,143.8,6073.12,38060.32,33739.56,UPI,Completed
6d8e33e0-b1df-4841-8136-55253c666a33,2026_W27,O58638,U22271,P73,2026-06-30 05:13:43,2,2904.91,185.12,115.31,1012.45,5809.82,5624.7,Debit Card,Completed
6d8e33e0-b1df-4841-8136-55253c666a33,2026_W27,O58639,U15312,P147,2026-07-01 21:40:54,1,4417.37,493.78,149.09,706.25,4417.37,3923.59,Wallet,Completed
6d8e33e0-b1df-4841-8136-55253c666a33,2026_W27,O58640,U17912,P103,2026-06-30 15:50:41,3,2762.4,201.71,138.13,1455.39,8287.2,8085.490000000001,Wallet,Completed
6d8e33e0-b1df-4841-8136-55253c666a33,2026_W27,O58641,U1545,P43,2026-07-01 04:05:54,3,8672.85,3437.06,162.26,4064.67,26018.550000000003,22581.49,Wallet,Completed
6d8e33e0-b1df-4841-8136-55253c666a33,2026_W27,O58642,U19787,P69,2026-07-03 16:14:13,1,4897.29,292.54,141.91,828.86,4897.29,4604.75,Debit Card,Completed
6d8e33e0-b1df-4841-8136-55253c666a33,2026_W27,O58643,U750,P58,2026-06-30 02:32:54,4,2960.66,903.91,105.72,1968.97,11842.64,10938.73,Wallet,Completed
6d8e33e0-b1df-4841-8136-55253c666a33,2026_W27,O58644,U14454,P100,2026-07-04 18:50:25,1,1750.2,89.87,117.97,298.86,1750.2,1660.33,Credit Card,Completed
6d8e33e0-b1df-4841-8136-55253c666a33,2026_W27,O58645,U3857,P184,2026-07-01 07:48:28,1,2360.41,7.09,117.18,423.6,2360.41,2353.3199999999997,Wallet,Completed
6d8e33e0-b1df-4841-8136-55253c666a33,2026_W27,O58646,U12666,P170,2026-07-02 22:33:11,4,2647.64,1448.65,100.1,1645.54,10590.56,9141.91,Credit Card,Completed
6d8e33e0-b1df-4841-8136-55253c666a33,2026_W27,O58647,U9674,P110,2026-07-03 00:52:55,3,8883.32,3011.45,53.86,4254.93,26649.96,23638.51,Debit Card,Completed
6d8e33e0-b1df-4841-8136-55253c666a33,2026_W27,O58648,U194,P118,2026-06-29 09:21:10,1,9270.95,337.08,164.27,1608.1,9270.95,8933.87,Wallet,Completed
6d8e33e0-b1df-4841-8136-55253c666a33,2026_W27,O58649,U19320,P100,2026-07-04 01:37:19,1,1750.2,179.71,141.83,282.69,1750.2,1570.49,Credit Card,Completed
6d8e33e0-b1df-4841-8136-55253c666a33,2026_W27,O58650,U15581,P55,2026-07-03 17:57:40,1,4472.32,127.78,182.1,782.02,4472.32,4344.54,Wallet,Completed
6d8e33e0-b1df-4841-8136-55253c666a33,2026_W27,O58651,U29219,P83,2026-07-04 02:16:16,1,2067.84,16.89,85.94,369.17,2067.84,2050.9500000000003,Wallet,Completed
6d8e33e0-b1df-4841-8136-55253c666a33,2026_W27,O58652,U13844,P61,2026-07-04 03:14:45,4,7869.26,4415.79,94.95,4871.02,31477.04,27061.25,Wallet,Completed
6d8e33e0-b1df-4841-8136-55253c666a33,2026_W27,O58653,U22978,P114,2026-07-03 15:36:28,2,1980.84,444.3,114.52,633.13,3961.68,3517.3799999999997,Wallet,Completed
6d8e33e0-b1df-4841-8136-55253c666a33,2026_W27,O58654,U7170,P168,2026-07-02 08:36:58,2,6037.57,1575.31,86.01,1889.97,12075.14,10499.83,Wallet,Completed
6d8e33e0-b1df-4841-8136-55253c666a33,2026_W27,O58655,U6065,P146,2026-07-01 00:45:01,1,1678.25,86.09,180.07,286.59,1678.25,1592.16,UPI,Completed
6d8e33e0-b1df-4841-8136-55253c666a33,2026_W27,O58656,U20485,P158,2026-06-30 08:21:51,2,5070.42,1163.09,197.24,1616.0,10140.84,8977.75,Debit Card,Completed
6d8e33e0-b1df-4841-8136-55253c666a33,2026_W27,O58657,U2803,P64,2026-07-03 00:20:56,1,3844.36,57.42,177.74,681.65,3844.36,3786.94,Debit Card,Completed
6d8e33e0-b1df-4841-8136-55253c666a33,2026_W27,O58658,U24076,P143,2026-07-02 10:32:08,2,7220.76,2058.05,130.09,2229.02,14441.52,12383.470000000001,UPI,Completed
6d8e33e0-b1df-4841-8136-55253c666a33,2026_W27,O58659,U18790,P69,2026-06-29 11:35:14,4,4897.29,919.81,53.3,3360.48,19589.16,18669.35,Credit Card,Completed
6d8e33e0-b1df-4841-8136-55253c666a33,2026_W27,O58660,U29224,P7,2026-06-30 22:19:57,4,9852.33,1760.02,110.32,6776.87,39409.32,37649.3,Credit Card,Completed
6d8e33e0-b1df-4841-8136-55253c666a33,2026_W27,O58661,U29189,P175,2026-07-01 04:18:30,2,3999.32,294.2,77.32,1386.8,7998.64,7704.4400000000005,Wallet,Completed
6d8e33e0-b1df-4841-8136-55253c666a33,2026_W27,O58662,U3243,P96,2026-06-30 12:10:00,2,4818.25,831.09,162.9,1584.97,9636.5,8805.41,Debit Card,Completed
6d8e33e0-b1df-4841-8136-55253c666a33,2026_W27,O58663,U21180,P14,2026-07-04 21:41:24,4,5736.45,600.96,72.18,4022.07,22945.8,22344.84,Wallet,Completed
6d8e33e0-b1df-4841-8136-55253c666a33,2026_W27,O58664,U8316,P81,2026-06-30 23:19:03,1,7402.77,163.58,97.62,1303.05,7402.77,7239.1900000000005,Credit Card,Completed
6d8e33e0-b1df-4841-8136-55253c666a33,2026_W27,O58665,U1395,P2,2026-07-03 23:16:59,3,4823.44,1757.05,114.14,2288.39,14470.32,12713.27,Credit Card,Completed
6d8e33e0-b1df-4841-8136-55253c666a33,2026_W27,O58666,U27553,P188,2026-07-01 04:06:52,1,2967.62,36.31,189.63,527.64,2967.62,2931.31,Wallet,Completed
6d8e33e0-b1df-4841-8136-55253c666a33,2026_W27,O58667,U24638,P26,2026-07-03 05:41:03,4,5113.55,2047.67,62.47,3313.18,20454.2,18406.53,Wallet,Completed
6d8e33e0-b1df-4841-8136-55253c666a33,2026_W27,O58668,U2960,P121,2026-06-29 23:18:32,1,7793.76,541.97,173.75,1305.32,7793.76,7251.79,Debit Card,Completed
6d8e33e0-b1df-4841-8136-55253c666a33,2026_W27,O58669,U14208,P140,2026-06-30 17:55:42,3,3100.99,319.84,176.39,1616.96,9302.97,8983.13,Credit Card,Completed
6d8e33e0-b1df-4841-8136-55253c666a33,2026_W27,O58670,U19452,P130,2026-06-29 18:08:03,2,9584.05,1406.93,107.04,3197.01,19168.1,17761.17,Debit Card,Completed
6d8e33e0-b1df-4841-8136-55253c666a33,2026_W27,O58671,U11384,P51,2026-06-30 11:24:27,1,5399.93,460.81,51.32,889.04,5399.93,4939.12,Debit Card,Completed
6d8e33e0-b1df-4841-8136-55253c666a33,2026_W27,O58672,U10315,P182,2026-06-29 16:09:47,2,4946.93,1126.51,110.6,1578.12,9893.86,8767.35,Credit Card,Completed
6d8e33e0-b1df-4841-8136-55253c666a33,2026_W27,O58673,U297,P72,2026-06-30 13:53:32,3,8298.72,170.7,88.97,4450.58,24896.159999999996,24725.459999999995,Credit Card,Completed
6d8e33e0-b1df-4841-8136-55253c666a33,2026_W27,O58674,U12994,P84,2026-06-30 17:48:27,4,6489.78,3172.96,140.85,4101.51,25959.12,22786.16,Credit Card,Completed
6d8e33e0-b1df-4841-8136-55253c666a33,2026_W27,O58675,U15017,P131,2026-07-01 07:40:32,1,6362.71,861.79,101.34,990.17,6362.71,5500.92,Debit Card,Completed
6d8e33e0-b1df-4841-8136-55253c666a33,2026_W27,O58676,U2074,P86,2026-06-29 12:43:34,4,9877.51,4330.59,102.54,6332.3,39510.04,35179.45,Wallet,Completed
6d8e33e0-b1df-4841-8136-55253c666a33,2026_W27,O58677,U24108,P182,2026-07-02 15:05:41,2,4946.93,934.15,176.81,1612.75,9893.86,8959.710000000001,Wallet,Completed
6d8e33e0-b1df-4841-8136-55253c666a33,2026_W27,O58678,U13312,P165,2026-07-05 04:14:48,2,4483.27,224.12,129.11,1573.64,8966.54,8742.42,Debit Card,Completed
6d8e33e0-b1df-4841-8136-55253c666a33,2026_W27,O58679,U502,P127,2026-07-02 22:25:21,2,4862.09,1122.89,101.26,1548.23,9724.18,8601.29,Debit Card,Completed
6d8e33e0-b1df-4841-8136-55253c666a33,2026_W27,O58680,U5028,P149,2026-06-30 17:17:04,1,2710.59,374.97,138.92,420.41,2710.59,2335.62,Credit Card,Completed
6d8e33e0-b1df-4841-8136-55253c666a33,2026_W27,O58681,U14920,P31,2026-07-02 19:32:05,2,3171.15,218.08,102.84,1102.36,6342.3,6124.22,Credit Card,Completed
6d8e33e0-b1df-4841-8136-55253c666a33,2026_W27,O58682,U21418,P89,2026-07-05 00:14:14,1,10552.75,1306.99,133.06,1664.24,10552.75,9245.76,Credit Card,Completed
6d8e33e0-b1df-4841-8136-55253c666a33,2026_W27,O58683,U16731,P127,2026-07-05 02:04:31,1,4862.09,118.44,173.72,853.86,4862.09,4743.650000000001,Credit Card,Completed
6d8e33e0-b1df-4841-8136-55253c666a33,2026_W27,O58684,U22283,P108,2026-07-01 13:46:34,2,9991.6,911.95,105.24,3432.82,19983.2,19071.25,Wallet,Completed
6d8e33e0-b1df-4841-8136-55253c666a33,2026_W27,O58685,U1793,P153,2026-07-02 01:50:40,1,6806.07,335.45,189.24,1164.71,6806.07,6470.62,Credit Card,Completed
6d8e33e0-b1df-4841-8136-55253c666a33,2026_W27,O58686,U22206,P133,2026-07-05 03:23:21,2,10395.42,68.47,92.39,3730.03,20790.84,20722.37,Credit Card,Completed
6d8e33e0-b1df-4841-8136-55253c666a33,2026_W27,O58687,U26080,P99,2026-06-29 21:42:15,3,5405.7,2422.15,100.75,2483.09,16217.099999999999,13794.949999999999,Debit Card,Completed
6d8e33e0-b1df-4841-8136-55253c666a33,2026_W27,O58688,U12898,P155,2026-07-02 02:49:23,3,7895.96,3049.04,72.34,3714.99,23687.88,20638.84,Wallet,Completed
6d8e33e0-b1df-4841-8136-55253c666a33,2026_W27,O58689,U2609,P197,2026-07-04 22:54:36,4,10992.71,524.82,124.52,7820.28,43970.84,43446.02,Wallet,Completed
6d8e33e0-b1df-4841-8136-55253c666a33,2026_W27,O58690,U33413,P112,2026-06-29 09:25:57,2,7164.07,2009.08,193.17,2217.43,14328.14,12319.06,UPI,Completed
6d8e33e0-b1df-4841-8136-55253c666a33,2026_W27,O58691,U2091,P195,2026-07-02 20:48:19,1,6655.83,13.09,85.59,1195.69,6655.83,6642.74,Debit Card,Completed
6d8e33e0-b1df-4841-8136-55253c666a33,2026_W27,O58692,U29341,P173,2026-07-03 09:21:47,4,7576.76,922.24,133.5,5289.26,30307.04,29384.8,Credit Card,Completed
6d8e33e0-b1df-4841-8136-55253c666a33,2026_W27,O58693,U13455,P56,2026-07-05 03:24:14,2,5764.47,1652.1,182.98,1777.83,11528.94,9876.84,Debit Card,Completed
6d8e33e0-b1df-4841-8136-55253c666a33,2026_W27,O58694,U21931,P53,2026-07-02 17:52:35,1,5893.03,2.48,124.5,1060.3,5893.03,5890.55,Debit Card,Completed
6d8e33e0-b1df-4841-8136-55253c666a33,2026_W27,O58695,U25459,P65,2026-07-03 13:06:13,4,7295.29,2599.63,163.4,4784.68,29181.16,26581.53,Wallet,Completed
6d8e33e0-b1df-4841-8136-55253c666a33,2026_W27,O58696,U5368,P182,2026-07-05 06:54:40,1,4946.93,260.44,148.66,843.57,4946.93,4686.490000000001,Credit Card,Completed
6d8e33e0-b1df-4841-8136-55253c666a33,2026_W27,O58697,U22724,P123,2026-07-05 05:03:52,1,11056.51,940.69,121.24,1820.85,11056.51,10115.82,Debit Card,Completed
6d8e33e0-b1df-4841-8136-55253c666a33,2026_W27,O58698,U13578,P100,2026-07-04 00:45:27,4,1750.2,322.22,116.37,1202.14,7000.8,6678.58,Wallet,Completed
6d8e33e0-b1df-4841-8136-55253c666a33,2026_W27,O58699,U2797,P113,2026-07-04 05:00:48,4,5364.85,342.21,139.49,3801.09,21459.4,21117.190000000002,Debit Card,Completed
6d8e33e0-b1df-4841-8136-55253c666a33,2026_W27,O58700,U19159,P157,2026-07-05 06:23:15,2,6934.8,1181.72,156.73,2283.82,13869.6,12687.880000000001,UPI,Completed
6d8e33e0-b1df-4841-8136-55253c666a33,2026_W27,O58701,U24258,P35,2026-06-30 16:10:12,3,10420.75,3075.0,124.56,5073.7,31262.25,28187.25,Credit Card,Completed
6d8e33e0-b1df-4841-8136-55253c666a33,2026_W27,O58702,U14631,P14,2026-07-03 21:58:57,1,5736.45,760.31,111.22,895.71,5736.45,4976.139999999999,Wallet,Completed
6d8e33e0-b1df-4841-8136-55253c666a33,2026_W27,O58703,U40,P102,2026-06-30 19:27:18,1,3685.81,345.83,196.15,601.2,3685.81,3339.98,Credit Card,Completed
6d8e33e0-b1df-4841-8136-55253c666a33,2026_W27,O58704,U12271,P96,2026-07-03 16:48:26,4,4818.25,343.43,96.85,3407.32,19273.0,18929.57,Credit Card,Completed
6d8e33e0-b1df-4841-8136-55253c666a33,2026_W27,O58705,U12910,P45,2026-07-03 09:46:16,2,2342.15,395.69,54.35,771.95,4684.3,4288.610000000001,UPI,Completed
6d8e33e0-b1df-4841-8136-55253c666a33,2026_W27,O58706,U33073,P116,2026-06-29 23:48:33,1,7151.55,875.87,118.18,1129.62,7151.55,6275.68,UPI,Completed
6d8e33e0-b1df-4841-8136-55253c666a33,2026_W27,O58707,U34828,P11,2026-07-02 06:56:16,3,7598.14,2678.46,114.06,3620.87,22794.420000000002,20115.960000000003,Credit Card,Completed
6d8e33e0-b1df-4841-8136-55253c666a33,2026_W27,O58708,U19191,P57,2026-07-02 13:04:14,2,8411.78,1409.78,191.36,2774.48,16823.56,15413.78,Credit Card,Completed
6d8e33e0-b1df-4841-8136-55253c666a33,2026_W27,O58709,U13035,P31,2026-07-04 09:46:10,4,3171.15,1395.1,169.69,2032.11,12684.6,11289.5,Debit Card,Completed
6d8e33e0-b1df-4841-8136-55253c666a33,2026_W27,O58710,U20928,P1,2026-07-01 22:25:30,3,8041.29,3316.13,177.8,3745.39,24123.87,20807.739999999998,Debit Card,Completed
6d8e33e0-b1df-4841-8136-55253c666a33,2026_W27,O58711,U1387,P71,2026-07-05 06:54:27,4,7798.35,1984.16,147.13,5257.66,31193.4,29209.24,UPI,Completed
6d8e33e0-b1df-4841-8136-55253c666a33,2026_W27,O58712,U14312,P56,2026-07-01 05:39:19,3,5764.47,621.64,147.63,3000.92,17293.41,16671.77,UPI,Completed
6d8e33e0-b1df-4841-8136-55253c666a33,2026_W27,O58713,U5999,P25,2026-06-29 13:36:57,1,2539.74,23.56,171.5,452.91,2539.74,2516.18,Debit Card,Completed
6d8e33e0-b1df-4841-8136-55253c666a33,2026_W27,O58714,U29991,P5,2026-06-29 13:46:39,3,4886.67,2031.77,63.55,2273.08,14660.01,12628.24,Wallet,Completed
6d8e33e0-b1df-4841-8136-55253c666a33,2026_W27,O58715,U26881,P16,2026-06-29 22:53:32,3,3158.68,453.91,144.02,1623.98,9476.039999999999,9022.13,UPI,Completed
6d8e33e0-b1df-4841-8136-55253c666a33,2026_W27,O58716,U28444,P123,2026-07-02 10:08:36,3,11056.51,3255.84,155.71,5384.46,33169.53,29913.69,UPI,Completed
6d8e33e0-b1df-4841-8136-55253c666a33,2026_W27,O58717,U18964,P44,2026-06-29 21:53:12,4,1407.86,756.12,141.93,877.56,5631.44,4875.32,Credit Card,Completed
6d8e33e0-b1df-4841-8136-55253c666a33,2026_W27,O58718,U8240,P19,2026-07-04 15:10:18,1,5633.25,236.45,192.32,971.42,5633.25,5396.8,Wallet,Completed
6d8e33e0-b1df-4841-8136-55253c666a33,2026_W27,O58719,U32132,P147,2026-07-05 08:54:17,2,4417.37,285.48,89.0,1538.87,8834.74,8549.26,UPI,Completed
6d8e33e0-b1df-4841-8136-55253c666a33,2026_W27,O58720,U6758,P18,2026-06-30 12:42:16,2,3465.55,240.64,110.63,1204.28,6931.1,6690.46,Credit Card,Completed
6d8e33e0-b1df-4841-8136-55253c666a33,2026_W27,O58721,U11925,P176,2026-06-29 20:52:30,4,4894.11,1263.83,79.98,3296.27,19576.44,18312.61,Debit Card,Completed
6d8e33e0-b1df-4841-8136-55253c666a33,2026_W27,O58722,U19562,P54,2026-06-30 11:40:25,2,7277.34,680.18,181.23,2497.41,14554.68,13874.5,Debit Card,Completed
6d8e33e0-b1df-4841-8136-55253c666a33,2026_W27,O58723,U21638,P60,2026-07-02 04:34:32,3,3368.43,158.87,129.86,1790.36,10105.289999999999,9946.419999999998,Credit Card,Completed
6d8e33e0-b1df-4841-8136-55253c666a33,2026_W27,O58724,U29041,P57,2026-07-03 03:43:43,3,8411.78,1552.05,74.68,4262.99,25235.340000000004,23683.290000000005,Wallet,Completed
6d8e33e0-b1df-4841-8136-55253c666a33,2026_W27,O58725,U34740,P149,2026-07-03 20:55:36,3,2710.59,319.82,103.82,1406.15,8131.77,7811.950000000001,Wallet,Completed
6d8e33e0-b1df-4841-8136-55253c666a33,2026_W27,O58726,U27542,P40,2026-07-04 15:26:35,3,7370.62,2356.84,182.86,3555.9,22111.86,19755.02,UPI,Completed
6d8e33e0-b1df-4841-8136-55253c666a33,2026_W27,O58727,U26561,P55,2026-07-01 06:28:07,2,4472.32,1340.07,154.85,1368.82,8944.64,7604.57,Debit Card,Completed
6d8e33e0-b1df-4841-8136-55253c666a33,2026_W27,O58728,U20039,P147,2026-06-29 17:21:56,1,4417.37,124.82,116.09,772.66,4417.37,4292.55,Credit Card,Completed
6d8e33e0-b1df-4841-8136-55253c666a33,2026_W27,O58729,U12662,P100,2026-07-03 20:02:25,1,1750.2,18.66,173.84,311.68,1750.2,1731.54,Debit Card,Completed
6d8e33e0-b1df-4841-8136-55253c666a33,2026_W27,O58730,U27611,P186,2026-07-02 11:02:49,3,7480.33,844.78,114.36,3887.32,22440.989999999998,21596.21,UPI,Completed
6d8e33e0-b1df-4841-8136-55253c666a33,2026_W27,O58731,U7438,P122,2026-07-03 06:49:24,3,9537.16,1004.26,115.67,4969.3,28611.48,27607.22,Credit Card,Completed
6d8e33e0-b1df-4841-8136-55253c666a33,2026_W27,O58732,U8888,P195,2026-06-30 16:36:14,2,6655.83,1677.57,84.12,2094.14,13311.66,11634.09,Credit Card,Completed
6d8e33e0-b1df-4841-8136-55253c666a33,2026_W27,O58733,U19644,P48,2026-07-04 22:14:57,4,3057.39,509.43,193.35,2109.62,12229.56,11720.13,Credit Card,Completed
6d8e33e0-b1df-4841-8136-55253c666a33,2026_W27,O58734,U30355,P158,2026-07-03 18:26:00,3,5070.42,2085.97,140.52,2362.55,15211.26,13125.29,Wallet,Completed
6d8e33e0-b1df-4841-8136-55253c666a33,2026_W27,O58735,U24747,P72,2026-07-01 23:32:54,4,8298.72,1427.43,98.77,5718.14,33194.88,31767.449999999997,Debit Card,Completed
6d8e33e0-b1df-4841-8136-55253c666a33,2026_W27,O58736,U10571,P64,2026-07-05 01:52:44,4,3844.36,2024.54,131.31,2403.52,15377.44,13352.900000000001,Debit Card,Completed
6d8e33e0-b1df-4841-8136-55253c666a33,2026_W27,O58737,U13451,P78,2026-07-03 05:33:21,2,4536.03,1251.87,73.22,1407.63,9072.06,7820.19,Credit Card,Completed
6d8e33e0-b1df-4841-8136-55253c666a33,2026_W27,O58738,U11554,P48,2026-07-02 01:39:11,2,3057.39,604.51,85.91,991.85,6114.78,5510.2699999999995,UPI,Completed
6d8e33e0-b1df-4841-8136-55253c666a33,2026_W27,O58739,U34260,P136,2026-07-02 15:49:13,2,10500.45,783.52,51.66,3639.13,21000.9,20217.38,Credit Card,Completed
6d8e33e0-b1df-4841-8136-55253c666a33,2026_W27,O58740,U9148,P93,2026-07-02 13:19:13,3,5463.71,501.35,62.94,2860.16,16391.13,15889.78,Wallet,Completed
6d8e33e0-b1df-4841-8136-55253c666a33,2026_W27,O58741,U25606,P7,2026-06-30 01:15:24,3,9852.33,1606.73,57.28,5031.05,29556.989999999998,27950.26,UPI,Completed
6d8e33e0-b1df-4841-8136-55253c666a33,2026_W27,O58742,U31172,P181,2026-07-04 00:40:31,2,5516.14,59.72,169.27,1975.06,11032.28,10972.560000000001,Wallet,Completed
6d8e33e0-b1df-4841-8136-55253c666a33,2026_W27,O58743,U32360,P81,2026-06-30 02:20:48,4,7402.77,137.93,195.26,5305.17,29611.08,29473.15,Debit Card,Completed
6d8e33e0-b1df-4841-8136-55253c666a33,2026_W27,O58744,U1817,P93,2026-07-05 02:46:52,1,5463.71,189.84,196.88,949.3,5463.71,5273.87,UPI,Completed
6d8e33e0-b1df-4841-8136-55253c666a33,2026_W27,O58745,U29633,P109,2026-07-02 08:44:06,4,8070.73,4416.95,55.62,5015.87,32282.92,27865.969999999998,Debit Card,Completed
6d8e33e0-b1df-4841-8136-55253c666a33,2026_W27,O58746,U3517,P96,2026-07-03 00:18:11,2,4818.25,596.91,146.43,1627.13,9636.5,9039.59,Debit Card,Completed
6d8e33e0-b1df-4841-8136-55253c666a33,2026_W27,O58747,U31646,P2,2026-07-02 07:12:06,1,4823.44,529.22,107.48,772.96,4823.44,4294.219999999999,Credit Card,Completed
6d8e33e0-b1df-4841-8136-55253c666a33,2026_W27,O58748,U15031,P22,2026-06-30 00:23:42,3,9175.57,3090.16,52.5,4398.58,27526.71,24436.55,UPI,Completed
6d8e33e0-b1df-4841-8136-55253c666a33,2026_W27,O58749,U29338,P173,2026-06-30 19:18:53,1,7576.76,637.45,56.17,1249.08,7576.76,6939.31,Debit Card,Completed
6d8e33e0-b1df-4841-8136-55253c666a33,2026_W27,O58750,U12724,P101,2026-07-01 00:37:07,2,8924.96,1539.84,159.87,2935.81,17849.92,16310.079999999998,UPI,Completed
6d8e33e0-b1df-4841-8136-55253c666a33,2026_W27,O58751,U16415,P8,2026-07-03 12:24:33,2,8837.46,539.11,53.52,3084.45,17674.92,17135.809999999998,UPI,Completed
6d8e33e0-b1df-4841-8136-55253c666a33,2026_W27,O58752,U2261,P76,2026-07-04 20:16:45,3,7097.72,1802.92,176.23,3508.24,21293.16,19490.239999999998,UPI,Completed
6d8e33e0-b1df-4841-8136-55253c666a33,2026_W27,O58753,U15173,P128,2026-06-30 11:27:01,2,3543.69,998.15,175.39,1096.06,7087.38,6089.2300000000005,Wallet,Completed
6d8e33e0-b1df-4841-8136-55253c666a33,2026_W27,O58754,U21272,P50,2026-07-01 10:19:01,3,4043.15,120.05,121.35,2161.69,12129.45,12009.400000000001,Debit Card,Completed
6d8e33e0-b1df-4841-8136-55253c666a33,2026_W27,O58755,U30142,P90,2026-07-05 02:39:21,2,4581.8,64.94,101.28,1637.76,9163.6,9098.66,Wallet,Completed
6d8e33e0-b1df-4841-8136-55253c666a33,2026_W27,O58756,U16418,P23,2026-07-03 06:09:36,1,7426.47,606.38,61.09,1227.62,7426.47,6820.09,UPI,Completed
6d8e33e0-b1df-4841-8136-55253c666a33,2026_W27,O58757,U2405,P85,2026-07-01 06:31:02,2,2941.32,545.83,75.78,960.63,5882.64,5336.81,Debit Card,Completed
6d8e33e0-b1df-4841-8136-55253c666a33,2026_W27,O58758,U10647,P79,2026-07-03 01:02:25,4,4174.75,1457.57,56.3,2743.46,16699.0,15241.43,Credit Card,Completed
6d8e33e0-b1df-4841-8136-55253c666a33,2026_W27,O58759,U15981,P6,2026-07-04 18:00:31,4,6939.39,910.71,100.57,4832.43,27757.56,26846.850000000002,UPI,Completed
6d8e33e0-b1df-4841-8136-55253c666a33,2026_W27,O58760,U25088,P14,2026-07-03 20:34:29,4,5736.45,140.05,131.85,4105.04,22945.8,22805.75,Debit Card,Completed
6d8e33e0-b1df-4841-8136-55253c666a33,2026_W27,O58761,U10014,P42,2026-07-01 20:01:21,1,5037.81,528.98,141.5,811.59,5037.81,4508.83,Wallet,Completed
6d8e33e0-b1df-4841-8136-55253c666a33,2026_W27,O58762,U7840,P87,2026-06-30 13:25:19,4,7207.16,843.05,54.43,5037.41,28828.64,27985.59,Debit Card,Completed
6d8e33e0-b1df-4841-8136-55253c666a33,2026_W27,O58763,U14207,P123,2026-06-29 15:07:21,3,11056.51,961.98,154.14,5797.36,33169.53,32207.55,Credit Card,Completed
6d8e33e0-b1df-4841-8136-55253c666a33,2026_W27,O58764,U20840,P23,2026-07-03 07:37:47,2,7426.47,1057.04,91.6,2483.26,14852.94,13795.900000000001,UPI,Completed
6d8e33e0-b1df-4841-8136-55253c666a33,2026_W27,O58765,U25587,P56,2026-07-01 12:32:58,2,5764.47,814.19,118.64,1928.66,11528.94,10714.75,Debit Card,Completed
6d8e33e0-b1df-4841-8136-55253c666a33,2026_W27,O58766,U28455,P168,2026-07-04 08:45:04,3,6037.57,527.98,122.39,3165.25,18112.71,17584.73,UPI,Completed
6d8e33e0-b1df-4841-8136-55253c666a33,2026_W27,O58767,U32884,P121,2026-07-03 00:34:16,1,7793.76,994.84,122.29,1223.81,7793.76,6798.92,Debit Card,Completed
6d8e33e0-b1df-4841-8136-55253c666a33,2026_W27,O58768,U13725,P19,2026-07-04 02:52:41,3,5633.25,1556.66,100.96,2761.76,16899.75,15343.09,UPI,Completed
6d8e33e0-b1df-4841-8136-55253c666a33,2026_W27,O58769,U17492,P129,2026-07-02 00:37:24,1,10030.81,66.02,88.82,1793.66,10030.81,9964.789999999999,Credit Card,Completed
6d8e33e0-b1df-4841-8136-55253c666a33,2026_W27,O58770,U2020,P87,2026-07-02 11:37:35,4,7207.16,2871.96,155.59,4672.2,28828.64,25956.68,UPI,Completed
6d8e33e0-b1df-4841-8136-55253c666a33,2026_W27,O58771,U7472,P121,2026-07-02 06:10:06,1,7793.76,212.6,88.6,1364.61,7793.76,7581.16,Credit Card,Completed
6d8e33e0-b1df-4841-8136-55253c666a33,2026_W27,O58772,U8439,P4,2026-07-03 23:10:10,2,2545.35,173.21,84.27,885.15,5090.7,4917.49,Credit Card,Completed
6d8e33e0-b1df-4841-8136-55253c666a33,2026_W27,O58773,U9040,P61,2026-07-01 05:29:51,3,7869.26,1733.88,115.31,3937.3,23607.78,21873.899999999998,UPI,Completed
6d8e33e0-b1df-4841-8136-55253c666a33,2026_W27,O58774,U34982,P133,2026-06-29 18:48:51,4,10395.42,4371.15,132.74,6697.9,41581.68,37210.53,UPI,Completed
6d8e33e0-b1df-4841-8136-55253c666a33,2026_W27,O58775,U12809,P131,2026-07-03 04:58:08,4,6362.71,2645.78,142.7,4104.91,25450.84,22805.06,Debit Card,Completed
6d8e33e0-b1df-4841-8136-55253c666a33,2026_W27,O58776,U8433,P102,2026-07-01 07:16:11,2,3685.81,212.74,140.99,1288.6,7371.62,7158.88,Wallet,Completed
6d8e33e0-b1df-4841-8136-55253c666a33,2026_W27,O58777,U12926,P196,2026-07-03 03:12:49,1,9515.08,866.0,85.8,1556.83,9515.08,8649.08,Credit Card,Completed
6d8e33e0-b1df-4841-8136-55253c666a33,2026_W27,O58778,U16211,P55,2026-07-03 13:16:52,1,4472.32,432.9,178.79,727.1,4472.32,4039.4199999999996,UPI,Completed
6d8e33e0-b1df-4841-8136-55253c666a33,2026_W27,O58779,U29338,P47,2026-07-01 03:23:54,1,7084.59,930.47,63.83,1107.74,7084.59,6154.12,Debit Card,Completed
6d8e33e0-b1df-4841-8136-55253c666a33,2026_W27,O58780,U16602,P66,2026-07-03 15:36:56,2,7809.87,1095.47,78.63,2614.37,15619.74,14524.27,Wallet,Completed
6d8e33e0-b1df-4841-8136-55253c666a33,2026_W27,O58781,U14668,P163,2026-06-30 09:00:52,4,5553.52,2204.64,179.03,3601.7,22214.08,20009.440000000002,Wallet,Completed
6d8e33e0-b1df-4841-8136-55253c666a33,2026_W27,O58782,U14180,P94,2026-07-01 04:03:52,2,5614.01,217.68,154.84,1981.86,11228.02,11010.34,Credit Card,Completed
6d8e33e0-b1df-4841-8136-55253c666a33,2026_W27,O58783,U13273,P31,2026-07-04 07:35:08,1,3171.15,361.22,130.1,505.79,3171.15,2809.9300000000003,UPI,Completed
6d8e33e0-b1df-4841-8136-55253c666a33,2026_W27,O58784,U29427,P164,2026-07-01 20:59:01,3,4106.87,1706.81,104.29,1910.48,12320.61,10613.800000000001,Wallet,Completed
6d8e33e0-b1df-4841-8136-55253c666a33,2026_W27,O58785,U16739,P41,2026-06-30 22:27:31,2,1959.52,104.64,199.63,686.59,3919.04,3814.4,Debit Card,Completed
6d8e33e0-b1df-4841-8136-55253c666a33,2026_W27,O58786,U33068,P154,2026-06-30 10:06:43,2,3395.73,696.45,165.12,1097.1,6791.46,6095.01,Debit Card,Completed
6d8e33e0-b1df-4841-8136-55253c666a33,2026_W27,O58787,U19292,P69,2026-07-01 13:02:28,2,4897.29,696.97,81.84,1637.57,9794.58,9097.61,Wallet,Completed
6d8e33e0-b1df-4841-8136-55253c666a33,2026_W27,O58788,U24291,P23,2026-06-30 01:35:49,2,7426.47,402.75,128.48,2601.03,14852.94,14450.19,UPI,Completed
6d8e33e0-b1df-4841-8136-55253c666a33,2026_W27,O58789,U8435,P164,2026-06-30 07:57:24,2,4106.87,802.93,170.99,1333.95,8213.74,7410.8099999999995,UPI,Completed
6d8e33e0-b1df-4841-8136-55253c666a33,2026_W27,O58790,U5205,P194,2026-07-01 20:24:41,4,2286.6,1087.79,159.31,1450.55,9146.4,8058.61,Debit Card,Completed
6d8e33e0-b1df-4841-8136-55253c666a33,2026_W27,O58791,U26115,P193,2026-06-30 21:54:38,3,8599.49,463.31,69.18,4560.33,25798.47,25335.16,Debit Card,Completed
6d8e33e0-b1df-4841-8136-55253c666a33,2026_W27,O58792,U8843,P188,2026-07-03 02:30:02,4,2967.62,829.18,137.63,1987.43,11870.48,11041.3,Credit Card,Completed
6d8e33e0-b1df-4841-8136-55253c666a33,2026_W27,O58793,U5979,P77,2026-06-30 20:49:25,3,5304.36,558.28,145.45,2763.86,15913.079999999998,15354.799999999997,Credit Card,Completed
6d8e33e0-b1df-4841-8136-55253c666a33,2026_W27,O58794,U7522,P105,2026-07-04 18:29:47,3,7230.61,2251.79,193.36,3499.21,21691.829999999998,19440.039999999997,Wallet,Completed
6d8e33e0-b1df-4841-8136-55253c666a33,2026_W27,O58795,U5233,P101,2026-07-03 19:34:29,2,8924.96,11.89,104.59,3210.85,17849.92,17838.03,Wallet,Completed
6d8e33e0-b1df-4841-8136-55253c666a33,2026_W27,O58796,U2041,P3,2026-06-29 23:34:25,1,3037.18,324.05,75.4,488.36,3037.18,2713.1299999999997,Credit Card,Completed
6d8e33e0-b1df-4841-8136-55253c666a33,2026_W27,O58797,U24439,P93,2026-07-01 19:30:24,1,5463.71,630.64,58.69,869.95,5463.71,4833.07,Credit Card,Completed
6d8e33e0-b1df-4841-8136-55253c666a33,2026_W27,O58798,U14494,P116,2026-07-03 04:00:46,1,7151.55,157.43,155.19,1258.94,7151.55,6994.12,Wallet,Completed
6d8e33e0-b1df-4841-8136-55253c666a33,2026_W27,O58799,U11908,P38,2026-06-29 21:57:00,2,4290.59,407.32,111.52,1471.29,8581.18,8173.860000000001,Credit Card,Completed
6d8e33e0-b1df-4841-8136-55253c666a33,2026_W27,O58800,U2657,P171,2026-07-03 13:34:09,1,2305.74,161.04,131.58,386.05,2305.74,2144.7,UPI,Completed
6d8e33e0-b1df-4841-8136-55253c666a33,2026_W27,O58801,U16448,P147,2026-06-30 06:37:35,4,4417.37,501.8,198.8,3090.18,17669.48,17167.68,Credit Card,Completed
6d8e33e0-b1df-4841-8136-55253c666a33,2026_W27,O58802,U13683,P151,2026-07-05 01:45:32,2,9624.05,2386.7,75.45,3035.05,19248.1,16861.399999999998,UPI,Completed
6d8e33e0-b1df-4841-8136-55253c666a33,2026_W27,O58803,U14005,P53,2026-06-29 16:41:57,2,5893.03,261.9,73.77,2074.35,11786.06,11524.16,Credit Card,Completed
6d8e33e0-b1df-4841-8136-55253c666a33,2026_W27,O58804,U8401,P98,2026-07-05 06:50:37,1,7289.76,663.76,65.64,1192.68,7289.76,6626.0,Wallet,Completed
6d8e33e0-b1df-4841-8136-55253c666a33,2026_W27,O58805,U34706,P14,2026-07-02 19:51:47,4,5736.45,1185.96,127.09,3916.77,22945.8,21759.84,Wallet,Completed
6d8e33e0-b1df-4841-8136-55253c666a33,2026_W27,O58806,U23055,P143,2026-07-01 07:56:12,4,7220.76,3065.72,113.8,4647.12,28883.04,25817.32,Wallet,Completed
6d8e33e0-b1df-4841-8136-55253c666a33,2026_W27,O58807,U2591,P190,2026-06-30 06:12:15,4,3207.6,1128.0,171.41,2106.43,12830.4,11702.4,Debit Card,Completed
6d8e33e0-b1df-4841-8136-55253c666a33,2026_W27,O58808,U27786,P179,2026-07-02 07:42:52,3,4820.9,1894.89,102.31,2262.21,14462.699999999999,12567.81,Credit Card,Completed
6d8e33e0-b1df-4841-8136-55253c666a33,2026_W27,O58809,U20514,P92,2026-07-02 03:05:12,4,5271.05,1150.5,191.37,3588.07,21084.2,19933.7,Debit Card,Completed
6d8e33e0-b1df-4841-8136-55253c666a33,2026_W27,O58810,U17345,P30,2026-07-05 09:01:29,3,6995.67,966.71,156.95,3603.65,20987.010000000002,20020.300000000003,Credit Card,Completed
6d8e33e0-b1df-4841-8136-55253c666a33,2026_W27,O58811,U26077,P87,2026-07-02 17:53:59,3,7207.16,2598.57,137.28,3424.12,21621.48,19022.91,Wallet,Completed
6d8e33e0-b1df-4841-8136-55253c666a33,2026_W27,O58812,U16685,P7,2026-07-04 11:29:15,4,9852.33,1284.39,178.66,6862.49,39409.32,38124.93,UPI,Completed
6d8e33e0-b1df-4841-8136-55253c666a33,2026_W27,O58813,U26115,P128,2026-06-29 09:37:48,2,3543.69,676.75,166.68,1153.91,7087.38,6410.63,Wallet,Completed
6d8e33e0-b1df-4841-8136-55253c666a33,2026_W27,O58814,U1172,P125,2026-06-29 18:01:23,3,9952.48,1050.51,171.76,5185.25,29857.44,28806.93,Credit Card,Completed
6d8e33e0-b1df-4841-8136-55253c666a33,2026_W27,O58815,U15678,P117,2026-07-04 16:43:21,2,1818.08,274.41,172.22,605.12,3636.16,3361.75,Debit Card,Completed
6d8e33e0-b1df-4841-8136-55253c666a33,2026_W27,O58816,U16198,P135,2026-06-30 15:33:35,1,5890.55,104.62,178.3,1041.47,5890.55,5785.93,Debit Card,Completed
6d8e33e0-b1df-4841-8136-55253c666a33,2026_W27,O58817,U1078,P151,2026-07-05 02:10:48,1,9624.05,1260.06,108.44,1505.52,9624.05,8363.99,Wallet,Completed
6d8e33e0-b1df-4841-8136-55253c666a33,2026_W27,O58818,U14436,P48,2026-07-01 18:49:08,3,3057.39,554.12,199.28,1551.25,9172.17,8618.05,Debit Card,Completed
6d8e33e0-b1df-4841-8136-55253c666a33,2026_W27,O58819,U11605,P38,2026-07-01 21:08:46,1,4290.59,97.25,111.0,754.8,4290.59,4193.34,UPI,Completed
6d8e33e0-b1df-4841-8136-55253c666a33,2026_W27,O58820,U20342,P65,2026-07-04 10:35:46,3,7295.29,307.12,58.15,3884.18,21885.87,21578.75,Debit Card,Completed
6d8e33e0-b1df-4841-8136-55253c666a33,2026_W27,O58821,U21330,P47,2026-07-02 17:28:56,3,7084.59,2428.87,159.43,3388.48,21253.77,18824.9,Wallet,Completed
6d8e33e0-b1df-4841-8136-55253c666a33,2026_W27,O58822,U20541,P187,2026-07-02 17:56:43,4,6341.6,3507.75,184.86,3934.56,25366.4,21858.65,Credit Card,Completed
6d8e33e0-b1df-4841-8136-55253c666a33,2026_W27,O58823,U30914,P144,2026-07-03 15:57:41,1,4498.08,225.11,110.36,769.13,4498.08,4272.97,Credit Card,Completed
6d8e33e0-b1df-4841-8136-55253c666a33,2026_W27,O58824,U1387,P100,2026-07-02 21:28:55,2,1750.2,198.33,105.23,594.37,3500.4,3302.07,Debit Card,Completed
6d8e33e0-b1df-4841-8136-55253c666a33,2026_W27,O58825,U18399,P73,2026-07-05 01:35:37,3,2904.91,245.71,93.08,1524.42,8714.73,8469.02,Wallet,Completed
6d8e33e0-b1df-4841-8136-55253c666a33,2026_W27,O58826,U8592,P31,2026-07-01 11:13:33,3,3171.15,137.33,91.02,1687.7,9513.45,9376.12,UPI,Completed
6d8e33e0-b1df-4841-8136-55253c666a33,2026_W27,O58827,U15346,P52,2026-07-02 14:05:07,3,7675.89,473.68,177.07,4059.72,23027.670000000002,22553.99,Debit Card,Completed
6d8e33e0-b1df-4841-8136-55253c666a33,2026_W27,O58828,U5971,P31,2026-06-30 00:04:13,2,3171.15,570.13,89.45,1038.99,6342.3,5772.17,Debit Card,Completed
6d8e33e0-b1df-4841-8136-55253c666a33,2026_W27,O58829,U9230,P87,2026-07-02 22:20:48,4,7207.16,3582.43,111.29,4544.32,28828.64,25246.21,UPI,Completed
6d8e33e0-b1df-4841-8136-55253c666a33,2026_W27,O58830,U481,P29,2026-06-29 12:50:34,2,1618.44,150.22,72.15,555.6,3236.88,3086.6600000000003,Credit Card,Completed
6d8e33e0-b1df-4841-8136-55253c666a33,2026_W27,O58831,U13824,P36,2026-07-04 19:41:36,4,6802.05,2063.66,174.54,4526.02,27208.2,25144.54,Debit Card,Completed
6d8e33e0-b1df-4841-8136-55253c666a33,2026_W27,O58832,U30676,P97,2026-07-04 02:59:24,4,6666.27,1101.39,73.44,4601.46,26665.08,25563.690000000002,UPI,Completed
6d8e33e0-b1df-4841-8136-55253c666a33,2026_W27,O58833,U28201,P30,2026-06-30 21:11:16,2,6995.67,742.0,134.1,2384.88,13991.34,13249.34,Debit Card,Completed
6d8e33e0-b1df-4841-8136-55253c666a33,2026_W27,O58834,U746,P82,2026-07-01 19:17:16,3,2456.79,368.29,109.95,1260.37,7370.37,7002.08,Wallet,Completed
6d8e33e0-b1df-4841-8136-55253c666a33,2026_W27,O58835,U11340,P5,2026-07-01 23:52:30,1,4886.67,208.51,89.76,842.07,4886.67,4678.16,Wallet,Completed
6d8e33e0-b1df-4841-8136-55253c666a33,2026_W27,O58836,U8510,P59,2026-06-30 08:12:43,4,5883.82,2043.85,146.42,3868.46,23535.28,21491.43,Wallet,Completed
6d8e33e0-b1df-4841-8136-55253c666a33,2026_W27,O58837,U23933,P96,2026-07-04 02:51:56,1,4818.25,84.23,129.74,852.12,4818.25,4734.02,Debit Card,Completed
6d8e33e0-b1df-4841-8136-55253c666a33,2026_W27,O58838,U30142,P96,2026-07-03 06:47:08,2,4818.25,61.77,72.57,1723.45,9636.5,9574.73,Wallet,Completed
6d8e33e0-b1df-4841-8136-55253c666a33,2026_W27,O58839,U27436,P113,2026-07-02 00:06:15,2,5364.85,613.66,95.96,1820.89,10729.7,10116.04,Credit Card,Completed
6d8e33e0-b1df-4841-8136-55253c666a33,2026_W27,O58840,U16449,P30,2026-07-04 07:00:24,4,6995.67,3941.79,51.08,4327.36,27982.68,24040.89,Wallet,Completed
6d8e33e0-b1df-4841-8136-55253c666a33,2026_W27,O58841,U19113,P157,2026-07-02 17:43:08,4,6934.8,156.65,82.84,4964.86,27739.2,27582.55,UPI,Completed
6d8e33e0-b1df-4841-8136-55253c666a33,2026_W27,O58842,U23137,P119,2026-07-04 12:19:10,4,9225.28,5121.09,59.35,5720.41,36901.12,31780.030000000002,UPI,Completed
6d8e33e0-b1df-4841-8136-55253c666a33,2026_W27,O58843,U8884,P56,2026-07-05 02:29:01,4,5764.47,196.94,183.98,4114.97,23057.88,22860.940000000002,Wallet,Completed
6d8e33e0-b1df-4841-8136-55253c666a33,2026_W27,O58844,U27195,P188,2026-07-04 14:04:15,3,2967.62,208.41,188.0,1565.0,8902.86,8694.45,Wallet,Completed
6d8e33e0-b1df-4841-8136-55253c666a33,2026_W27,O58845,U717,P137,2026-06-30 12:52:05,4,2618.72,1233.18,113.81,1663.51,10474.88,9241.699999999999,Credit Card,Completed
6d8e33e0-b1df-4841-8136-55253c666a33,2026_W27,O58846,U4054,P155,2026-07-01 19:04:27,2,7895.96,2343.46,67.95,2420.72,15791.92,13448.46,Wallet,Completed
6d8e33e0-b1df-4841-8136-55253c666a33,2026_W27,O58847,U26982,P181,2026-07-02 20:24:35,3,5516.14,354.01,163.49,2914.99,16548.420000000002,16194.410000000002,Credit Card,Completed
6d8e33e0-b1df-4841-8136-55253c666a33,2026_W27,O58848,U3925,P83,2026-06-29 10:40:14,2,2067.84,130.2,171.23,720.99,4135.68,4005.4800000000005,Wallet,Completed
6d8e33e0-b1df-4841-8136-55253c666a33,2026_W27,O58849,U9342,P15,2026-06-29 09:52:19,4,3230.88,1798.27,134.11,2002.54,12923.52,11125.25,Debit Card,Completed
6d8e33e0-b1df-4841-8136-55253c666a33,2026_W27,O58850,U34305,P71,2026-07-02 23:33:52,4,7798.35,3779.96,95.56,4934.42,31193.4,27413.440000000002,Wallet,Completed
6d8e33e0-b1df-4841-8136-55253c666a33,2026_W27,O58851,U1614,P26,2026-07-03 17:13:48,3,5113.55,842.74,80.11,2609.62,15340.650000000001,14497.910000000002,UPI,Completed
6d8e33e0-b1df-4841-8136-55253c666a33,2026_W27,O58852,U17645,P147,2026-06-30 01:55:20,3,4417.37,1154.92,104.72,2177.49,13252.11,12097.19,UPI,Completed
6d8e33e0-b1df-4841-8136-55253c666a33,2026_W27,O58853,U14437,P63,2026-07-02 02:17:39,3,9352.06,1016.46,57.72,4867.15,28056.18,27039.72,Debit Card,Completed
6d8e33e0-b1df-4841-8136-55253c666a33,2026_W27,O58854,U259,P95,2026-07-01 03:38:07,1,5783.09,453.4,57.3,959.34,5783.09,5329.6900000000005,Wallet,Completed
6d8e33e0-b1df-4841-8136-55253c666a33,2026_W27,O58855,U17908,P162,2026-06-30 22:58:38,2,7889.79,2129.31,124.24,2457.05,15779.58,13650.27,UPI,Completed
6d8e33e0-b1df-4841-8136-55253c666a33,2026_W27,O58856,U25094,P176,2026-07-04 18:30:20,4,4894.11,2549.67,92.05,3064.82,19576.44,17026.769999999997,UPI,Completed
6d8e33e0-b1df-4841-8136-55253c666a33,2026_W27,O58857,U11805,P27,2026-06-29 09:18:02,4,8284.05,4506.1,102.87,5153.42,33136.2,28630.1,Debit Card,Completed
6d8e33e0-b1df-4841-8136-55253c666a33,2026_W27,O58858,U12750,P129,2026-07-02 00:56:58,3,10030.81,4137.69,191.97,4671.85,30092.43,25954.74,Credit Card,Completed
6d8e33e0-b1df-4841-8136-55253c666a33,2026_W27,O58859,U19306,P85,2026-06-30 22:50:47,1,2941.32,390.92,194.18,459.07,2941.32,2550.4,UPI,Completed
6d8e33e0-b1df-4841-8136-55253c666a33,2026_W27,O58860,U10708,P171,2026-06-30 10:11:04,2,2305.74,24.73,146.25,825.62,4611.48,4586.75,UPI,Completed
6d8e33e0-b1df-4841-8136-55253c666a33,2026_W27,O58861,U25509,P199,2026-07-04 00:34:40,4,4054.66,1806.16,181.74,2594.25,16218.64,14412.48,Credit Card,Completed
6d8e33e0-b1df-4841-8136-55253c666a33,2026_W27,O58862,U1372,P163,2026-07-01 15:29:46,3,5553.52,1405.65,70.06,2745.88,16660.56,15254.910000000002,Credit Card,Completed
6d8e33e0-b1df-4841-8136-55253c666a33,2026_W27,O58863,U3355,P34,2026-07-02 14:35:10,2,3432.36,947.67,58.04,1065.07,6864.72,5917.05,UPI,Completed
6d8e33e0-b1df-4841-8136-55253c666a33,2026_W27,O58864,U10270,P178,2026-07-03 20:50:36,2,7836.39,1839.61,161.34,2489.97,15672.78,13833.17,Wallet,Completed
6d8e33e0-b1df-4841-8136-55253c666a33,2026_W27,O58865,U9783,P125,2026-07-04 11:31:26,3,9952.48,1789.05,161.33,5052.31,29857.44,28068.39,UPI,Completed
6d8e33e0-b1df-4841-8136-55253c666a33,2026_W27,O58866,U9174,P154,2026-07-03 17:38:55,1,3395.73,204.66,194.63,574.39,3395.73,3191.07,Wallet,Completed
6d8e33e0-b1df-4841-8136-55253c666a33,2026_W27,O58867,U3850,P2,2026-07-04 15:50:41,4,4823.44,377.11,192.61,3405.0,19293.76,18916.649999999998,UPI,Completed
6d8e33e0-b1df-4841-8136-55253c666a33,2026_W27,O58868,U16732,P132,2026-07-03 19:06:28,4,6975.87,3323.98,192.69,4424.31,27903.48,24579.5,Credit Card,Completed
6d8e33e0-b1df-4841-8136-55253c666a33,2026_W27,O58869,U17652,P200,2026-07-02 12:08:23,4,4553.19,2650.93,170.39,2801.13,18212.76,15561.829999999998,Debit Card,Completed
6d8e33e0-b1df-4841-8136-55253c666a33,2026_W27,O58870,U10576,P35,2026-07-01 11:08:50,2,10420.75,2956.81,108.55,3219.24,20841.5,17884.69,Wallet,Completed
6d8e33e0-b1df-4841-8136-55253c666a33,2026_W27,O58871,U27165,P42,2026-07-04 17:19:08,3,5037.81,1282.84,111.78,2489.51,15113.43,13830.59,Debit Card,Completed
6d8e33e0-b1df-4841-8136-55253c666a33,2026_W27,O58872,U17529,P57,2026-07-04 01:18:30,4,8411.78,3857.59,68.64,5362.12,33647.12,29789.530000000002,Debit Card,Completed
6d8e33e0-b1df-4841-8136-55253c666a33,2026_W27,O58873,U4350,P129,2026-07-02 21:15:07,1,10030.81,898.96,98.05,1643.73,10030.81,9131.849999999999,Wallet,Completed
6d8e33e0-b1df-4841-8136-55253c666a33,2026_W27,O58874,U11723,P175,2026-07-03 06:51:14,3,3999.32,740.96,54.67,2026.26,11997.960000000001,11257.0,Debit Card,Completed
6d8e33e0-b1df-4841-8136-55253c666a33,2026_W27,O58875,U32715,P34,2026-07-02 11:32:24,1,3432.36,423.05,70.99,541.68,3432.36,3009.31,Debit Card,Completed
6d8e33e0-b1df-4841-8136-55253c666a33,2026_W27,O58876,U19385,P50,2026-07-03 15:08:21,1,4043.15,231.5,124.78,686.1,4043.15,3811.65,Debit Card,Completed
6d8e33e0-b1df-4841-8136-55253c666a33,2026_W27,O58877,U31705,P130,2026-06-30 00:22:54,3,9584.05,57.65,177.03,5165.01,28752.149999999998,28694.499999999996,Wallet,Completed
6d8e33e0-b1df-4841-8136-55253c666a33,2026_W27,O58878,U9770,P191,2026-07-05 00:31:19,3,9506.3,1310.28,111.08,4897.55,28518.899999999998,27208.62,Wallet,Completed
6d8e33e0-b1df-4841-8136-55253c666a33,2026_W27,O58879,U34318,P36,2026-07-03 04:12:18,3,6802.05,220.61,81.51,3633.4,20406.15,20185.54,UPI,Completed
6d8e33e0-b1df-4841-8136-55253c666a33,2026_W27,O58880,U15356,P65,2026-07-05 06:55:45,3,7295.29,1346.9,198.51,3697.01,21885.87,20538.969999999998,Debit Card,Completed
6d8e33e0-b1df-4841-8136-55253c666a33,2026_W27,O58881,U11995,P71,2026-07-01 05:36:10,4,7798.35,1755.56,50.35,5298.81,31193.4,29437.84,UPI,Completed
6d8e33e0-b1df-4841-8136-55253c666a33,2026_W27,O58882,U25442,P57,2026-07-02 05:15:30,3,8411.78,541.35,75.28,4444.92,25235.340000000004,24693.990000000005,Debit Card,Completed
6d8e33e0-b1df-4841-8136-55253c666a33,2026_W27,O58883,U19689,P156,2026-07-02 06:49:12,2,2724.78,299.71,155.52,926.97,5449.56,5149.85,Wallet,Completed
6d8e33e0-b1df-4841-8136-55253c666a33,2026_W27,O58884,U991,P43,2026-07-02 00:43:09,1,8672.85,317.21,107.15,1504.02,8672.85,8355.640000000001,UPI,Completed
6d8e33e0-b1df-4841-8136-55253c666a33,2026_W27,O58885,U11469,P77,2026-07-01 02:00:24,1,5304.36,370.69,149.92,888.06,5304.36,4933.67,Credit Card,Completed
6d8e33e0-b1df-4841-8136-55253c666a33,2026_W27,O58886,U27059,P59,2026-06-29 11:03:10,3,5883.82,869.33,53.09,3020.78,17651.46,16782.129999999997,Wallet,Completed
6d8e33e0-b1df-4841-8136-55253c666a33,2026_W27,O58887,U9317,P144,2026-07-01 16:47:08,4,4498.08,840.84,108.8,3087.27,17992.32,17151.48,Credit Card,Completed
6d8e33e0-b1df-4841-8136-55253c666a33,2026_W27,O58888,U17770,P136,2026-06-30 10:01:53,2,10500.45,1706.78,107.79,3472.94,21000.9,19294.120000000003,Wallet,Completed
6d8e33e0-b1df-4841-8136-55253c666a33,2026_W27,O58889,U2602,P32,2026-06-29 22:49:41,3,4904.65,1654.85,88.37,2350.64,14713.949999999999,13059.099999999999,Wallet,Completed
6d8e33e0-b1df-4841-8136-55253c666a33,2026_W27,O58890,U15183,P50,2026-06-30 15:19:33,3,4043.15,663.39,166.35,2063.89,12129.45,11466.060000000001,Wallet,Completed
6d8e33e0-b1df-4841-8136-55253c666a33,2026_W27,O58891,U3671,P117,2026-07-03 05:12:59,3,1818.08,545.24,142.87,883.62,5454.24,4909.0,Debit Card,Completed
6d8e33e0-b1df-4841-8136-55253c666a33,2026_W27,O58892,U9879,P74,2026-06-30 00:00:19,1,6172.48,463.23,116.58,1027.66,6172.48,5709.25,Debit Card,Completed
6d8e33e0-b1df-4841-8136-55253c666a33,2026_W27,O58893,U12107,P162,2026-06-30 09:25:23,3,7889.79,761.28,72.68,4123.46,23669.37,22908.09,Wallet,Completed
6d8e33e0-b1df-4841-8136-55253c666a33,2026_W27,O58894,U25091,P146,2026-07-02 23:17:50,1,1678.25,193.69,113.28,267.22,1678.25,1484.56,Debit Card,Completed
6d8e33e0-b1df-4841-8136-55253c666a33,2026_W27,O58895,U3139,P6,2026-07-03 20:01:32,4,6939.39,3627.08,147.7,4343.49,27757.56,24130.480000000003,Debit Card,Completed
6d8e33e0-b1df-4841-8136-55253c666a33,2026_W27,O58896,U20888,P193,2026-07-02 16:58:21,1,8599.49,406.1,106.77,1474.81,8599.49,8193.39,Credit Card,Completed
6d8e33e0-b1df-4841-8136-55253c666a33,2026_W27,O58897,U25587,P164,2026-06-30 16:21:20,4,4106.87,1188.91,158.42,2742.94,16427.48,15238.57,Wallet,Completed
6d8e33e0-b1df-4841-8136-55253c666a33,2026_W27,O58898,U14932,P126,2026-06-30 17:03:34,2,9456.09,183.6,164.66,3371.14,18912.18,18728.58,Debit Card,Completed
6d8e33e0-b1df-4841-8136-55253c666a33,2026_W27,O58899,U14480,P102,2026-07-03 17:24:41,2,3685.81,372.84,199.01,1259.78,7371.62,6998.78,Debit Card,Completed
6d8e33e0-b1df-4841-8136-55253c666a33,2026_W27,O58900,U30190,P73,2026-07-03 12:59:35,4,2904.91,1383.38,135.42,1842.53,11619.64,10236.259999999998,Credit Card,Completed
6d8e33e0-b1df-4841-8136-55253c666a33,2026_W27,O58901,U17816,P87,2026-06-30 09:15:05,1,7207.16,780.58,79.36,1156.78,7207.16,6426.58,UPI,Completed
6d8e33e0-b1df-4841-8136-55253c666a33,2026_W27,O58902,U24720,P75,2026-07-01 03:10:43,4,10051.65,5410.41,97.93,6263.31,40206.6,34796.19,UPI,Completed
6d8e33e0-b1df-4841-8136-55253c666a33,2026_W27,O58903,U23306,P9,2026-07-05 00:10:32,2,5229.72,29.78,82.74,1877.34,10459.44,10429.66,Wallet,Completed
6d8e33e0-b1df-4841-8136-55253c666a33,2026_W27,O58904,U8025,P84,2026-06-30 23:57:25,4,6489.78,1574.52,172.77,4389.23,25959.12,24384.6,UPI,Completed
6d8e33e0-b1df-4841-8136-55253c666a33,2026_W27,O58905,U5080,P73,2026-07-03 13:50:26,1,2904.91,201.87,54.46,486.55,2904.91,2703.04,Credit Card,Completed
6d8e33e0-b1df-4841-8136-55253c666a33,2026_W27,O58906,U27146,P36,2026-07-03 01:52:27,1,6802.05,953.42,185.87,1052.75,6802.05,5848.63,Wallet,Completed
6d8e33e0-b1df-4841-8136-55253c666a33,2026_W27,O58907,U18679,P200,2026-07-04 07:25:01,3,4553.19,1614.59,57.34,2168.1,13659.57,12044.98,Debit Card,Completed
6d8e33e0-b1df-4841-8136-55253c666a33,2026_W27,O58908,U9619,P125,2026-07-03 21:48:15,2,9952.48,1712.31,98.15,3274.68,19904.96,18192.649999999998,Wallet,Completed
6d8e33e0-b1df-4841-8136-55253c666a33,2026_W27,O58909,U9902,P162,2026-07-01 10:17:09,3,7889.79,1849.89,123.9,3927.51,23669.37,21819.48,Wallet,Completed
6d8e33e0-b1df-4841-8136-55253c666a33,2026_W27,O58910,U15822,P20,2026-07-05 08:14:51,1,3016.27,147.11,67.7,516.45,3016.27,2869.16,Wallet,Completed
6d8e33e0-b1df-4841-8136-55253c666a33,2026_W27,O58911,U30730,P34,2026-07-03 20:57:11,1,3432.36,344.4,158.76,555.83,3432.36,3087.96,Debit Card,Completed
6d8e33e0-b1df-4841-8136-55253c666a33,2026_W27,O58912,U6346,P114,2026-07-05 00:55:10,3,1980.84,435.15,120.92,991.33,5942.5199999999995,5507.37,Debit Card,Completed
6d8e33e0-b1df-4841-8136-55253c666a33,2026_W27,O58913,U9589,P71,2026-07-04 12:59:18,3,7798.35,302.64,198.1,4156.63,23395.050000000003,23092.410000000003,Wallet,Completed
6d8e33e0-b1df-4841-8136-55253c666a33,2026_W27,O58914,U8737,P76,2026-07-04 23:24:30,4,7097.72,3030.21,91.09,4564.92,28390.88,25360.670000000002,Debit Card,Completed
6d8e33e0-b1df-4841-8136-55253c666a33,2026_W27,O58915,U13950,P31,2026-07-03 00:18:05,2,3171.15,22.12,189.74,1137.63,6342.3,6320.18,Wallet,Completed
6d8e33e0-b1df-4841-8136-55253c666a33,2026_W27,O58916,U31652,P4,2026-07-05 02:45:25,2,2545.35,17.26,181.22,913.22,5090.7,5073.44,Wallet,Completed
6d8e33e0-b1df-4841-8136-55253c666a33,2026_W27,O58917,U17828,P144,2026-07-03 00:12:36,2,4498.08,691.73,69.91,1494.8,8996.16,8304.43,UPI,Completed
6d8e33e0-b1df-4841-8136-55253c666a33,2026_W27,O58918,U19996,P25,2026-07-04 03:09:59,2,2539.74,508.19,118.21,822.83,5079.48,4571.29,Wallet,Completed
6d8e33e0-b1df-4841-8136-55253c666a33,2026_W27,O58919,U4085,P63,2026-07-01 20:09:01,3,9352.06,1367.44,177.97,4803.97,28056.18,26688.74,Wallet,Completed
6d8e33e0-b1df-4841-8136-55253c666a33,2026_W27,O58920,U12754,P196,2026-07-03 06:58:25,3,9515.08,1896.53,149.58,4796.77,28545.239999999998,26648.71,Debit Card,Completed
6d8e33e0-b1df-4841-8136-55253c666a33,2026_W27,O58921,U33401,P86,2026-07-05 01:56:10,1,9877.51,428.48,192.63,1700.83,9877.51,9449.03,UPI,Completed
6d8e33e0-b1df-4841-8136-55253c666a33,2026_W27,O58922,U836,P15,2026-06-29 09:32:27,3,3230.88,541.35,62.52,1647.23,9692.64,9151.289999999999,Wallet,Completed
6d8e33e0-b1df-4841-8136-55253c666a33,2026_W27,O58923,U25169,P33,2026-07-02 01:24:39,4,5573.38,2546.27,56.95,3554.5,22293.52,19747.25,Wallet,Completed
6d8e33e0-b1df-4841-8136-55253c666a33,2026_W27,O58924,U2468,P1,2026-07-01 07:30:15,4,8041.29,4596.02,107.62,4962.45,32165.16,27569.14,Credit Card,Completed
6d8e33e0-b1df-4841-8136-55253c666a33,2026_W27,O58925,U7810,P113,2026-07-02 13:46:48,1,5364.85,532.28,83.01,869.86,5364.85,4832.570000000001,Credit Card,Completed
6d8e33e0-b1df-4841-8136-55253c666a33,2026_W27,O58926,U26080,P122,2026-07-04 10:27:40,4,9537.16,4294.35,101.29,6093.77,38148.64,33854.29,Credit Card,Completed
6d8e33e0-b1df-4841-8136-55253c666a33,2026_W27,O58927,U30310,P107,2026-06-30 06:38:07,3,10380.65,4472.34,171.71,4800.53,31141.949999999997,26669.609999999997,UPI,Completed
6d8e33e0-b1df-4841-8136-55253c666a33,2026_W27,O58928,U2413,P144,2026-07-02 06:19:23,4,4498.08,1913.8,68.57,2894.13,17992.32,16078.52,Debit Card,Completed
6d8e33e0-b1df-4841-8136-55253c666a33,2026_W27,O58929,U25556,P99,2026-07-04 22:12:27,3,5405.7,1199.05,130.71,2703.25,16217.099999999999,15018.05,Credit Card,Completed
6d8e33e0-b1df-4841-8136-55253c666a33,2026_W27,O58930,U6732,P52,2026-07-04 16:03:07,2,7675.89,74.6,188.83,2749.89,15351.78,15277.18,Wallet,Completed
6d8e33e0-b1df-4841-8136-55253c666a33,2026_W27,O58931,U18233,P103,2026-07-03 23:31:24,2,2762.4,597.05,115.19,887.0,5524.8,4927.75,UPI,Completed
6d8e33e0-b1df-4841-8136-55253c666a33,2026_W27,O58932,U19689,P153,2026-06-29 14:02:10,1,6806.07,239.33,91.96,1182.01,6806.07,6566.74,Debit Card,Completed
6d8e33e0-b1df-4841-8136-55253c666a33,2026_W27,O58933,U1971,P152,2026-07-01 11:32:16,4,5413.06,3115.8,193.0,3336.56,21652.24,18536.440000000002,Debit Card,Completed
6d8e33e0-b1df-4841-8136-55253c666a33,2026_W27,O58934,U25084,P163,2026-07-02 00:41:55,1,5553.52,281.57,152.14,948.95,5553.52,5271.950000000001,Debit Card,Completed
6d8e33e0-b1df-4841-8136-55253c666a33,2026_W27,O58935,U30631,P68,2026-06-30 13:28:41,1,4352.35,290.1,150.53,731.2,4352.35,4062.2500000000005,Wallet,Completed
6d8e33e0-b1df-4841-8136-55253c666a33,2026_W27,O58936,U26619,P197,2026-06-30 23:16:14,3,10992.71,2360.81,67.32,5511.12,32978.13,30617.319999999996,Credit Card,Completed
6d8e33e0-b1df-4841-8136-55253c666a33,2026_W27,O58937,U8420,P199,2026-07-02 07:50:38,4,4054.66,695.05,98.42,2794.25,16218.64,15523.59,Credit Card,Completed
6d8e33e0-b1df-4841-8136-55253c666a33,2026_W27,O58938,U19798,P200,2026-07-02 03:41:53,4,4553.19,2620.1,130.26,2806.68,18212.76,15592.659999999998,UPI,Completed
6d8e33e0-b1df-4841-8136-55253c666a33,2026_W27,O58939,U8732,P105,2026-07-02 20:07:20,4,7230.61,4058.52,97.12,4475.51,28922.44,24863.92,Debit Card,Completed
6d8e33e0-b1df-4841-8136-55253c666a33,2026_W27,O58940,U20485,P37,2026-07-04 13:49:13,2,4162.63,1035.46,121.66,1312.16,8325.26,7289.8,Debit Card,Completed
6d8e33e0-b1df-4841-8136-55253c666a33,2026_W27,O58941,U9888,P177,2026-07-05 02:40:08,3,9676.29,2234.9,136.55,4822.91,29028.870000000003,26793.97,Wallet,Completed
6d8e33e0-b1df-4841-8136-55253c666a33,2026_W27,O58942,U9291,P99,2026-07-05 00:24:26,4,5405.7,2240.78,160.55,3488.76,21622.8,19382.02,Debit Card,Completed
6d8e33e0-b1df-4841-8136-55253c666a33,2026_W27,O58943,U18603,P195,2026-06-29 19:13:16,4,6655.83,3145.94,179.96,4225.93,26623.32,23477.38,Credit Card,Completed
6d8e33e0-b1df-4841-8136-55253c666a33,2026_W27,O58944,U22190,P132,2026-07-02 01:01:08,4,6975.87,2927.77,90.06,4495.63,27903.48,24975.71,Debit Card,Completed
6d8e33e0-b1df-4841-8136-55253c666a33,2026_W27,O58945,U21330,P28,2026-07-02 20:58:14,1,4687.09,491.64,141.04,755.18,4687.09,4195.45,Credit Card,Completed
6d8e33e0-b1df-4841-8136-55253c666a33,2026_W27,O58946,U22384,P165,2026-07-02 18:11:15,4,4483.27,1958.11,52.36,2875.49,17933.08,15974.970000000001,Wallet,Completed
6d8e33e0-b1df-4841-8136-55253c666a33,2026_W27,O58947,U33441,P114,2026-06-30 14:14:10,2,1980.84,62.87,118.17,701.79,3961.68,3898.81,Debit Card,Completed
6d8e33e0-b1df-4841-8136-55253c666a33,2026_W27,O58948,U34486,P89,2026-07-03 13:03:54,2,10552.75,578.4,63.35,3694.88,21105.5,20527.1,UPI,Completed
6d8e33e0-b1df-4841-8136-55253c666a33,2026_W27,O58949,U10494,P134,2026-07-02 23:10:39,3,3480.9,1130.0,55.68,1676.29,10442.7,9312.7,Credit Card,Completed
6d8e33e0-b1df-4841-8136-55253c666a33,2026_W27,O58950,U13312,P13,2026-07-05 04:26:31,4,6638.24,1223.66,98.79,4559.27,26552.96,25329.3,UPI,Completed
6d8e33e0-b1df-4841-8136-55253c666a33,2026_W27,O58951,U30935,P181,2026-06-30 21:23:44,2,5516.14,919.97,83.33,1820.22,11032.28,10112.310000000001,Credit Card,Completed
6d8e33e0-b1df-4841-8136-55253c666a33,2026_W27,O58952,U34022,P105,2026-07-02 01:20:33,2,7230.61,1145.63,142.1,2396.81,14461.22,13315.59,Debit Card,Completed
6d8e33e0-b1df-4841-8136-55253c666a33,2026_W27,O58953,U16562,P71,2026-06-30 13:09:59,1,7798.35,372.31,129.74,1336.69,7798.35,7426.04,Wallet,Completed
6d8e33e0-b1df-4841-8136-55253c666a33,2026_W27,O58954,U9511,P193,2026-07-04 11:30:28,4,8599.49,3265.26,66.63,5603.89,34397.96,31132.699999999997,UPI,Completed
6d8e33e0-b1df-4841-8136-55253c666a33,2026_W27,O58955,U26610,P198,2026-07-03 03:58:24,2,4611.32,65.66,187.81,1648.26,9222.64,9156.98,UPI,Completed
6d8e33e0-b1df-4841-8136-55253c666a33,2026_W27,O58956,U4841,P5,2026-07-04 23:32:09,2,4886.67,16.62,136.1,1756.21,9773.34,9756.72,Wallet,Completed
6d8e33e0-b1df-4841-8136-55253c666a33,2026_W27,O58957,U6843,P140,2026-06-30 01:10:34,1,3100.99,456.49,98.06,476.01,3100.99,2644.5,UPI,Completed
6d8e33e0-b1df-4841-8136-55253c666a33,2026_W27,O58958,U11817,P40,2026-07-04 21:11:45,4,7370.62,4341.12,164.01,4525.44,29482.48,25141.36,Credit Card,Completed
6d8e33e0-b1df-4841-8136-55253c666a33,2026_W27,O58959,U1996,P74,2026-06-29 09:54:48,2,6172.48,1403.12,66.49,1969.53,12344.96,10941.84,Wallet,Completed
6d8e33e0-b1df-4841-8136-55253c666a33,2026_W27,O58960,U26169,P190,2026-06-30 15:25:31,3,3207.6,1431.8,73.39,1474.38,9622.8,8190.999999999999,UPI,Completed
6d8e33e0-b1df-4841-8136-55253c666a33,2026_W27,O58961,U190,P56,2026-06-29 22:50:32,1,5764.47,163.18,120.57,1008.23,5764.47,5601.29,Wallet,Completed
6d8e33e0-b1df-4841-8136-55253c666a33,2026_W27,O58962,U1526,P97,2026-06-30 00:04:03,3,6666.27,1565.91,135.48,3317.92,19998.81,18432.9,Credit Card,Completed
6d8e33e0-b1df-4841-8136-55253c666a33,2026_W27,O58963,U11194,P24,2026-07-04 13:01:34,3,4112.52,349.42,107.33,2157.87,12337.560000000001,11988.140000000001,Wallet,Completed
6d8e33e0-b1df-4841-8136-55253c666a33,2026_W27,O58964,U8083,P143,2026-07-01 10:04:18,1,7220.76,466.27,180.85,1215.81,7220.76,6754.49,Wallet,Completed
6d8e33e0-b1df-4841-8136-55253c666a33,2026_W27,O58965,U9887,P181,2026-06-30 20:19:21,4,5516.14,227.33,155.12,3930.7,22064.56,21837.23,Credit Card,Completed
6d8e33e0-b1df-4841-8136-55253c666a33,2026_W27,O58966,U9933,P28,2026-07-03 07:14:30,2,4687.09,256.4,65.4,1641.2,9374.18,9117.78,Credit Card,Completed
6d8e33e0-b1df-4841-8136-55253c666a33,2026_W27,O58967,U24847,P148,2026-06-30 02:07:06,2,1578.46,331.86,127.94,508.51,3156.92,2825.06,Debit Card,Completed
6d8e33e0-b1df-4841-8136-55253c666a33,2026_W27,O58968,U22427,P69,2026-07-03 21:45:08,3,4897.29,1162.13,176.26,2435.35,14691.869999999999,13529.739999999998,UPI,Completed
6d8e33e0-b1df-4841-8136-55253c666a33,2026_W27,O58969,U11702,P152,2026-07-05 06:29:33,1,5413.06,499.72,100.28,884.4,5413.06,4913.34,Debit Card,Completed
6d8e33e0-b1df-4841-8136-55253c666a33,2026_W27,O58970,U26199,P176,2026-07-03 09:57:01,3,4894.11,87.37,144.77,2627.09,14682.329999999998,14594.959999999997,Wallet,Completed
6d8e33e0-b1df-4841-8136-55253c666a33,2026_W27,O58971,U8889,P29,2026-07-04 12:24:09,1,1618.44,156.74,175.95,263.11,1618.44,1461.7,Wallet,Completed
6d8e33e0-b1df-4841-8136-55253c666a33,2026_W27,O58972,U34595,P195,2026-07-04 10:02:14,4,6655.83,3454.32,181.65,4170.42,26623.32,23169.0,Debit Card,Completed
6d8e33e0-b1df-4841-8136-55253c666a33,2026_W27,O58973,U20033,P93,2026-07-01 23:29:18,1,5463.71,685.07,94.02,860.16,5463.71,4778.64,UPI,Completed
6d8e33e0-b1df-4841-8136-55253c666a33,2026_W27,O58974,U5580,P134,2026-07-04 11:58:55,3,3480.9,1439.27,126.85,1620.62,10442.7,9003.43,Wallet,Completed
6d8e33e0-b1df-4841-8136-55253c666a33,2026_W27,O58975,U34486,P3,2026-07-01 07:56:48,2,3037.18,802.1,94.01,949.01,6074.36,5272.259999999999,Credit Card,Completed
6d8e33e0-b1df-4841-8136-55253c666a33,2026_W27,O58976,U34160,P45,2026-07-04 18:35:14,2,2342.15,453.75,160.04,761.5,4684.3,4230.55,Wallet,Completed
6d8e33e0-b1df-4841-8136-55253c666a33,2026_W27,O58977,U3834,P121,2026-06-29 21:11:11,2,7793.76,250.76,119.5,2760.62,15587.52,15336.76,Debit Card,Completed
6d8e33e0-b1df-4841-8136-55253c666a33,2026_W27,O58978,U23447,P33,2026-07-03 11:22:35,1,5573.38,393.23,180.25,932.43,5573.38,5180.15,Wallet,Completed
6d8e33e0-b1df-4841-8136-55253c666a33,2026_W27,O58979,U32106,P47,2026-07-02 06:24:15,2,7084.59,1575.95,137.19,2266.78,14169.18,12593.23,Debit Card,Completed
6d8e33e0-b1df-4841-8136-55253c666a33,2026_W27,O58980,U17210,P187,2026-07-01 16:53:18,3,6341.6,1256.96,149.33,3198.21,19024.800000000003,17767.840000000004,Debit Card,Completed
6d8e33e0-b1df-4841-8136-55253c666a33,2026_W27,O58981,U32801,P197,2026-06-30 17:27:11,1,10992.71,463.6,101.39,1895.24,10992.71,10529.109999999999,UPI,Completed
6d8e33e0-b1df-4841-8136-55253c666a33,2026_W27,O58982,U12666,P47,2026-07-03 19:54:20,4,7084.59,3944.97,76.54,4390.81,28338.36,24393.39,UPI,Completed
6d8e33e0-b1df-4841-8136-55253c666a33,2026_W27,O58983,U11241,P153,2026-07-02 21:51:15,1,6806.07,388.2,62.23,1155.22,6806.07,6417.87,Debit Card,Completed
6d8e33e0-b1df-4841-8136-55253c666a33,2026_W27,O58984,U27926,P94,2026-06-30 16:05:29,1,5614.01,417.77,52.59,935.32,5614.01,5196.24,Debit Card,Completed
6d8e33e0-b1df-4841-8136-55253c666a33,2026_W27,O58985,U13388,P141,2026-07-01 02:58:20,1,9271.32,60.17,100.74,1658.01,9271.32,9211.15,UPI,Completed
6d8e33e0-b1df-4841-8136-55253c666a33,2026_W27,O58986,U5510,P112,2026-06-30 23:55:38,1,7164.07,548.7,59.75,1190.77,7164.07,6615.37,Wallet,Completed
6d8e33e0-b1df-4841-8136-55253c666a33,2026_W27,O58987,U32335,P81,2026-06-29 22:57:14,3,7402.77,1363.31,158.68,3752.1,22208.31,20845.0,Credit Card,Completed
6d8e33e0-b1df-4841-8136-55253c666a33,2026_W27,O58988,U5101,P88,2026-07-03 04:30:49,2,11704.48,285.52,129.92,4162.22,23408.96,23123.44,Wallet,Completed
6d8e33e0-b1df-4841-8136-55253c666a33,2026_W27,O58989,U664,P25,2026-07-05 07:50:32,2,2539.74,589.18,64.46,808.25,5079.48,4490.299999999999,UPI,Completed
6d8e33e0-b1df-4841-8136-55253c666a33,2026_W27,O58990,U22210,P192,2026-07-04 10:30:18,2,11414.94,42.42,130.74,4101.74,22829.88,22787.460000000003,UPI,Completed
6d8e33e0-b1df-4841-8136-55253c666a33,2026_W27,O58991,U5347,P105,2026-07-03 05:38:09,1,7230.61,648.86,115.15,1184.71,7230.61,6581.75,Credit Card,Completed
6d8e33e0-b1df-4841-8136-55253c666a33,2026_W27,O58992,U28879,P72,2026-07-04 14:59:34,4,8298.72,3375.63,77.28,5367.46,33194.88,29819.249999999996,Credit Card,Completed
6d8e33e0-b1df-4841-8136-55253c666a33,2026_W27,O58993,U9230,P135,2026-07-03 23:38:39,3,5890.55,761.73,54.72,3043.79,17671.65,16909.920000000002,Credit Card,Completed
6d8e33e0-b1df-4841-8136-55253c666a33,2026_W27,O58994,U15660,P102,2026-06-29 09:59:03,2,3685.81,59.78,123.17,1316.13,7371.62,7311.84,UPI,Completed
6d8e33e0-b1df-4841-8136-55253c666a33,2026_W27,O58995,U1343,P24,2026-06-30 19:40:23,4,4112.52,954.78,58.2,2789.15,16450.08,15495.300000000001,Wallet,Completed
6d8e33e0-b1df-4841-8136-55253c666a33,2026_W27,O58996,U27362,P140,2026-07-03 04:07:45,2,3100.99,211.91,136.8,1078.21,6201.98,5990.07,UPI,Completed
6d8e33e0-b1df-4841-8136-55253c666a33,2026_W27,O58997,U33776,P137,2026-07-04 13:45:55,4,2618.72,419.23,84.95,1810.02,10474.88,10055.65,Wallet,Completed
6d8e33e0-b1df-4841-8136-55253c666a33,2026_W27,O58998,U28033,P24,2026-07-04 11:06:06,2,4112.52,1204.05,94.74,1263.78,8225.04,7020.990000000001,Credit Card,Completed
6d8e33e0-b1df-4841-8136-55253c666a33,2026_W27,O58999,U29317,P79,2026-07-01 04:35:31,4,4174.75,434.85,78.48,2927.55,16699.0,16264.15,Wallet,Completed
6d8e33e0-b1df-4841-8136-55253c666a33,2026_W27,O59000,U26486,P21,2026-07-02 05:32:34,3,7568.69,1269.41,147.4,3858.6,22706.07,21436.66,Debit Card,Completed
6d8e33e0-b1df-4841-8136-55253c666a33,2026_W27,O59001,U931,P196,2026-07-04 20:18:59,3,9515.08,2811.16,170.91,4632.13,28545.239999999998,25734.079999999998,UPI,Completed
6d8e33e0-b1df-4841-8136-55253c666a33,2026_W27,O59002,U7773,P24,2026-07-05 00:30:39,2,4112.52,69.09,150.45,1468.07,8225.04,8155.950000000001,UPI,Completed
6d8e33e0-b1df-4841-8136-55253c666a33,2026_W27,O59003,U31415,P43,2026-07-02 08:49:17,1,8672.85,931.75,178.22,1393.4,8672.85,7741.1,UPI,Completed
6d8e33e0-b1df-4841-8136-55253c666a33,2026_W27,O59004,U7553,P195,2026-06-29 14:34:36,3,6655.83,729.38,190.28,3462.86,19967.489999999998,19238.109999999997,UPI,Completed
6d8e33e0-b1df-4841-8136-55253c666a33,2026_W27,O59005,U1207,P13,2026-07-01 20:43:24,4,6638.24,424.4,117.51,4703.14,26552.96,26128.559999999998,Debit Card,Completed
6d8e33e0-b1df-4841-8136-55253c666a33,2026_W27,O59006,U23992,P141,2026-07-03 14:36:58,2,9271.32,1045.06,141.21,3149.56,18542.64,17497.579999999998,Credit Card,Completed
6d8e33e0-b1df-4841-8136-55253c666a33,2026_W27,O59007,U31387,P154,2026-07-01 22:16:57,3,3395.73,1219.85,123.8,1614.12,10187.19,8967.34,Debit Card,Completed
6d8e33e0-b1df-4841-8136-55253c666a33,2026_W27,O59008,U29936,P183,2026-06-29 12:18:59,3,4514.63,1005.88,65.0,2256.84,13543.89,12538.01,UPI,Completed
6d8e33e0-b1df-4841-8136-55253c666a33,2026_W27,O59009,U14488,P20,2026-07-02 22:12:15,4,3016.27,75.28,160.19,2158.16,12065.08,11989.8,Debit Card,Completed
6d8e33e0-b1df-4841-8136-55253c666a33,2026_W27,O59010,U26210,P42,2026-07-05 07:34:19,2,5037.81,1403.63,153.83,1560.96,10075.62,8671.990000000002,Debit Card,Completed
6d8e33e0-b1df-4841-8136-55253c666a33,2026_W27,O59011,U34731,P71,2026-06-29 12:27:25,1,7798.35,404.26,68.52,1330.94,7798.35,7394.09,Credit Card,Completed
6d8e33e0-b1df-4841-8136-55253c666a33,2026_W27,O59012,U18882,P186,2026-06-29 16:40:35,4,7480.33,676.8,63.71,5264.01,29921.32,29244.52,Credit Card,Completed
6d8e33e0-b1df-4841-8136-55253c666a33,2026_W27,O59013,U14500,P86,2026-06-29 09:44:35,2,9877.51,282.4,89.52,3505.07,19755.02,19472.62,Wallet,Completed
6d8e33e0-b1df-4841-8136-55253c666a33,2026_W27,O59014,U12373,P4,2026-06-29 20:04:21,4,2545.35,922.62,59.16,1666.58,10181.4,9258.779999999999,Wallet,Completed
6d8e33e0-b1df-4841-8136-55253c666a33,2026_W27,O59015,U23383,P185,2026-07-02 03:06:27,4,2854.87,123.0,167.2,2033.37,11419.48,11296.48,Debit Card,Completed
6d8e33e0-b1df-4841-8136-55253c666a33,2026_W27,O59016,U20660,P169,2026-07-02 16:29:22,1,10966.13,1622.47,164.96,1681.86,10966.13,9343.66,Wallet,Completed
6d8e33e0-b1df-4841-8136-55253c666a33,2026_W27,O59017,U5460,P161,2026-07-05 04:45:00,3,4439.61,112.11,125.37,2377.21,13318.829999999998,13206.719999999998,Debit Card,Completed
6d8e33e0-b1df-4841-8136-55253c666a33,2026_W27,O59018,U4351,P153,2026-07-04 00:34:35,4,6806.07,2802.75,113.78,4395.88,27224.28,24421.53,Debit Card,Completed
6d8e33e0-b1df-4841-8136-55253c666a33,2026_W27,O59019,U26943,P76,2026-07-01 14:41:26,2,7097.72,1489.35,169.1,2287.1,14195.44,12706.09,Debit Card,Completed
6d8e33e0-b1df-4841-8136-55253c666a33,2026_W27,O59020,U27736,P130,2026-07-02 23:04:58,3,9584.05,1194.07,130.91,4960.45,28752.149999999998,27558.079999999998,UPI,Completed
6d8e33e0-b1df-4841-8136-55253c666a33,2026_W27,O59021,U11652,P56,2026-06-30 06:55:13,2,5764.47,1550.7,67.86,1796.08,11528.94,9978.24,Debit Card,Completed
6d8e33e0-b1df-4841-8136-55253c666a33,2026_W27,O59022,U10504,P60,2026-06-30 13:03:36,4,3368.43,306.71,159.56,2370.06,13473.72,13167.01,Credit Card,Completed
6d8e33e0-b1df-4841-8136-55253c666a33,2026_W27,O59023,U33386,P184,2026-07-01 18:29:27,1,2360.41,189.86,90.55,390.7,2360.41,2170.5499999999997,Wallet,Completed
6d8e33e0-b1df-4841-8136-55253c666a33,2026_W27,O59024,U14870,P27,2026-07-03 08:59:01,1,8284.05,994.81,89.73,1312.06,8284.05,7289.24,Debit Card,Completed
6d8e33e0-b1df-4841-8136-55253c666a33,2026_W27,O59025,U27290,P142,2026-07-01 16:10:18,4,9238.71,2808.74,93.64,6146.3,36954.84,34146.1,Debit Card,Completed
6d8e33e0-b1df-4841-8136-55253c666a33,2026_W27,O59026,U23513,P49,2026-07-02 23:55:48,3,8208.46,1960.92,92.89,4079.6,24625.379999999997,22664.46,Wallet,Completed
6d8e33e0-b1df-4841-8136-55253c666a33,2026_W27,O59027,U20228,P146,2026-07-03 07:56:48,3,1678.25,278.5,129.08,856.12,5034.75,4756.25,Debit Card,Completed
6d8e33e0-b1df-4841-8136-55253c666a33,2026_W27,O59028,U32979,P120,2026-07-03 06:01:42,2,4076.33,563.21,143.07,1366.1,8152.66,7589.45,Wallet,Completed
6d8e33e0-b1df-4841-8136-55253c666a33,2026_W27,O59029,U18652,P153,2026-07-02 05:23:58,3,6806.07,867.06,50.24,3519.21,20418.21,19551.149999999998,UPI,Completed
6d8e33e0-b1df-4841-8136-55253c666a33,2026_W27,O59030,U22343,P135,2026-07-01 04:40:15,3,5890.55,261.01,74.71,3133.92,17671.65,17410.640000000003,Credit Card,Completed
6d8e33e0-b1df-4841-8136-55253c666a33,2026_W27,O59031,U28141,P100,2026-07-01 11:06:30,4,1750.2,538.69,131.21,1163.18,7000.8,6462.110000000001,Debit Card,Completed
6d8e33e0-b1df-4841-8136-55253c666a33,2026_W27,O59032,U13433,P181,2026-07-04 23:29:22,2,5516.14,1198.53,158.68,1770.08,11032.28,9833.75,UPI,Completed
6d8e33e0-b1df-4841-8136-55253c666a33,2026_W27,O59033,U13904,P163,2026-07-03 12:13:59,2,5553.52,42.19,85.84,1991.67,11107.04,11064.85,Wallet,Completed
6d8e33e0-b1df-4841-8136-55253c666a33,2026_W27,O59034,U22928,P120,2026-07-02 00:57:18,1,4076.33,35.18,163.18,727.41,4076.33,4041.15,Credit Card,Completed
6d8e33e0-b1df-4841-8136-55253c666a33,2026_W27,O59035,U14543,P168,2026-06-30 22:59:18,3,6037.57,175.44,62.86,3228.71,18112.71,17937.27,UPI,Completed
6d8e33e0-b1df-4841-8136-55253c666a33,2026_W27,O59036,U20804,P43,2026-07-04 03:58:50,3,8672.85,2742.08,171.7,4189.76,26018.550000000003,23276.47,Wallet,Completed
6d8e33e0-b1df-4841-8136-55253c666a33,2026_W27,O59037,U7111,P136,2026-07-05 05:23:58,1,10500.45,721.86,131.24,1760.15,10500.45,9778.59,Debit Card,Completed
6d8e33e0-b1df-4841-8136-55253c666a33,2026_W27,O59038,U30765,P93,2026-07-04 11:00:50,2,5463.71,1054.24,101.5,1777.17,10927.42,9873.18,Credit Card,Completed
6d8e33e0-b1df-4841-8136-55253c666a33,2026_W27,O59039,U4922,P174,2026-07-03 14:00:38,3,2207.85,690.71,142.15,1067.91,6623.549999999999,5932.839999999999,Wallet,Completed
6d8e33e0-b1df-4841-8136-55253c666a33,2026_W27,O59040,U13295,P13,2026-07-02 10:23:01,2,6638.24,520.46,192.64,2296.08,13276.48,12756.02,Debit Card,Completed
6d8e33e0-b1df-4841-8136-55253c666a33,2026_W27,O59041,U26158,P79,2026-07-02 07:25:19,2,4174.75,990.36,186.3,1324.65,8349.5,7359.14,UPI,Completed
6d8e33e0-b1df-4841-8136-55253c666a33,2026_W27,O59042,U32617,P107,2026-07-04 14:36:53,2,10380.65,2681.57,117.6,3254.35,20761.3,18079.73,Wallet,Completed
6d8e33e0-b1df-4841-8136-55253c666a33,2026_W27,O59043,U15146,P16,2026-06-30 01:43:51,1,3158.68,412.42,62.06,494.33,3158.68,2746.2599999999998,UPI,Completed
6d8e33e0-b1df-4841-8136-55253c666a33,2026_W27,O59044,U30811,P101,2026-07-04 07:21:32,2,8924.96,1239.71,145.37,2989.84,17849.92,16610.21,Wallet,Completed
6d8e33e0-b1df-4841-8136-55253c666a33,2026_W27,O59045,U33992,P166,2026-07-01 10:38:18,2,4248.29,732.78,97.09,1397.48,8496.58,7763.8,Credit Card,Completed
6d8e33e0-b1df-4841-8136-55253c666a33,2026_W27,O59046,U28648,P177,2026-07-04 22:14:34,1,9676.29,1259.59,166.34,1515.01,9676.29,8416.7,Wallet,Completed
6d8e33e0-b1df-4841-8136-55253c666a33,2026_W27,O59047,U5328,P148,2026-07-02 00:24:59,3,1578.46,557.14,128.14,752.08,4735.38,4178.24,Wallet,Completed
6d8e33e0-b1df-4841-8136-55253c666a33,2026_W27,O59048,U14421,P143,2026-07-03 12:16:38,1,7220.76,311.59,171.92,1243.65,7220.76,6909.17,Credit Card,Completed
6d8e33e0-b1df-4841-8136-55253c666a33,2026_W27,O59049,U20331,P78,2026-07-03 04:56:23,3,4536.03,1309.81,149.3,2213.69,13608.09,12298.28,Wallet,Completed
6d8e33e0-b1df-4841-8136-55253c666a33,2026_W27,O59050,U3144,P106,2026-06-30 13:00:57,4,7604.77,917.62,127.98,5310.26,30419.08,29501.460000000003,Debit Card,Completed
6d8e33e0-b1df-4841-8136-55253c666a33,2026_W27,O59051,U16532,P15,2026-07-02 08:04:02,4,3230.88,481.44,151.87,2239.57,12923.52,12442.08,Credit Card,Completed
6d8e33e0-b1df-4841-8136-55253c666a33,2026_W27,O59052,U17333,P187,2026-07-02 07:18:48,2,6341.6,1701.41,116.61,1976.72,12683.2,10981.79,UPI,Completed
6d8e33e0-b1df-4841-8136-55253c666a33,2026_W27,O59053,U8632,P4,2026-07-04 00:44:01,3,2545.35,558.52,125.71,1273.96,7636.049999999999,7077.529999999999,Debit Card,Completed
6d8e33e0-b1df-4841-8136-55253c666a33,2026_W27,O59054,U11210,P183,2026-07-01 14:50:58,4,4514.63,667.52,196.89,3130.38,18058.52,17391.0,Debit Card,Completed
6d8e33e0-b1df-4841-8136-55253c666a33,2026_W27,O59055,U33889,P165,2026-07-04 15:55:46,1,4483.27,391.2,57.78,736.57,4483.27,4092.0700000000006,Credit Card,Completed
6d8e33e0-b1df-4841-8136-55253c666a33,2026_W27,O59056,U17840,P140,2026-07-03 15:43:03,1,3100.99,376.81,65.99,490.35,3100.99,2724.18,Wallet,Completed
6d8e33e0-b1df-4841-8136-55253c666a33,2026_W27,O59057,U32695,P60,2026-07-01 08:52:16,4,3368.43,864.12,133.27,2269.73,13473.72,12609.599999999999,UPI,Completed
6d8e33e0-b1df-4841-8136-55253c666a33,2026_W27,O59058,U34780,P40,2026-06-30 21:08:44,4,7370.62,3731.23,175.97,4635.22,29482.48,25751.25,Credit Card,Completed
6d8e33e0-b1df-4841-8136-55253c666a33,2026_W27,O59059,U26048,P65,2026-07-03 04:56:31,1,7295.29,768.62,70.71,1174.8,7295.29,6526.67,Debit Card,Completed
6d8e33e0-b1df-4841-8136-55253c666a33,2026_W27,O59060,U28967,P163,2026-07-04 19:40:05,2,5553.52,708.56,176.5,1871.73,11107.04,10398.480000000001,Wallet,Completed
6d8e33e0-b1df-4841-8136-55253c666a33,2026_W27,O59061,U4993,P71,2026-07-02 23:22:36,3,7798.35,294.24,148.63,4158.15,23395.050000000003,23100.81,UPI,Completed
6d8e33e0-b1df-4841-8136-55253c666a33,2026_W27,O59062,U33089,P5,2026-06-29 12:57:31,1,4886.67,635.77,119.01,765.16,4886.67,4250.9,Debit Card,Completed
6d8e33e0-b1df-4841-8136-55253c666a33,2026_W27,O59063,U27296,P179,2026-06-29 15:44:35,1,4820.9,125.47,127.61,845.18,4820.9,4695.429999999999,Credit Card,Completed
6d8e33e0-b1df-4841-8136-55253c666a33,2026_W27,O59064,U8827,P182,2026-06-29 19:01:52,2,4946.93,185.4,163.92,1747.52,9893.86,9708.460000000001,Credit Card,Completed
6d8e33e0-b1df-4841-8136-55253c666a33,2026_W27,O59065,U34191,P43,2026-07-01 22:39:04,3,8672.85,1863.52,196.77,4347.91,26018.550000000003,24155.030000000002,UPI,Completed
6d8e33e0-b1df-4841-8136-55253c666a33,2026_W27,O59066,U3008,P28,2026-06-30 19:08:58,2,4687.09,396.1,188.1,1616.05,9374.18,8978.08,Wallet,Completed
6d8e33e0-b1df-4841-8136-55253c666a33,2026_W27,O59067,U26311,P67,2026-06-29 21:52:30,3,4487.19,1438.99,194.37,2164.06,13461.57,12022.58,Wallet,Completed
6d8e33e0-b1df-4841-8136-55253c666a33,2026_W27,O59068,U26078,P165,2026-06-30 03:19:33,4,4483.27,1381.96,88.78,2979.2,17933.08,16551.120000000003,Credit Card,Completed
6d8e33e0-b1df-4841-8136-55253c666a33,2026_W27,O59069,U815,P3,2026-07-02 13:48:24,2,3037.18,714.87,169.22,964.71,6074.36,5359.49,Wallet,Completed
6d8e33e0-b1df-4841-8136-55253c666a33,2026_W27,O59070,U16962,P138,2026-07-02 05:25:47,4,6625.4,1362.6,95.72,4525.02,26501.6,25139.0,Wallet,Completed
6d8e33e0-b1df-4841-8136-55253c666a33,2026_W27,O59071,U8309,P68,2026-06-30 10:25:39,3,4352.35,1203.67,152.83,2133.61,13057.050000000001,11853.380000000001,Credit Card,Completed
6d8e33e0-b1df-4841-8136-55253c666a33,2026_W27,O59072,U268,P169,2026-07-01 05:04:23,2,10966.13,1721.27,82.03,3637.98,21932.26,20210.989999999998,Debit Card,Completed
6d8e33e0-b1df-4841-8136-55253c666a33,2026_W27,O59073,U17452,P89,2026-06-30 01:26:25,3,10552.75,2610.09,186.18,5228.67,31658.25,29048.16,UPI,Completed
6d8e33e0-b1df-4841-8136-55253c666a33,2026_W27,O59074,U17619,P25,2026-07-02 16:59:30,3,2539.74,821.49,92.5,1223.59,7619.219999999999,6797.73,Credit Card,Completed
6d8e33e0-b1df-4841-8136-55253c666a33,2026_W27,O59075,U20101,P14,2026-07-04 23:20:50,2,5736.45,913.53,193.12,1900.69,11472.9,10559.369999999999,Credit Card,Completed
6d8e33e0-b1df-4841-8136-55253c666a33,2026_W27,O59076,U18189,P189,2026-07-04 04:34:40,1,5649.84,715.18,100.45,888.24,5649.84,4934.66,Wallet,Completed
6d8e33e0-b1df-4841-8136-55253c666a33,2026_W27,O59077,U12744,P185,2026-07-05 06:15:41,1,2854.87,362.36,169.57,448.65,2854.87,2492.5099999999998,Credit Card,Completed
6d8e33e0-b1df-4841-8136-55253c666a33,2026_W27,O59078,U20417,P153,2026-07-01 07:15:12,3,6806.07,422.6,99.58,3599.21,20418.21,19995.61,Debit Card,Completed
6d8e33e0-b1df-4841-8136-55253c666a33,2026_W27,O59079,U15591,P44,2026-07-01 13:03:50,3,1407.86,415.76,188.58,685.41,4223.58,3807.8199999999997,UPI,Completed
6d8e33e0-b1df-4841-8136-55253c666a33,2026_W27,O59080,U6204,P92,2026-07-04 00:32:38,3,5271.05,2069.57,156.51,2473.84,15813.150000000001,13743.580000000002,Wallet,Completed
6d8e33e0-b1df-4841-8136-55253c666a33,2026_W27,O59081,U11381,P117,2026-06-30 04:37:21,2,1818.08,138.49,125.07,629.58,3636.16,3497.67,UPI,Completed
6d8e33e0-b1df-4841-8136-55253c666a33,2026_W27,O59082,U18257,P149,2026-07-01 10:37:22,1,2710.59,309.16,133.21,432.26,2710.59,2401.4300000000003,Credit Card,Completed
6d8e33e0-b1df-4841-8136-55253c666a33,2026_W27,O59083,U4263,P198,2026-07-01 18:16:00,2,4611.32,879.25,136.16,1501.81,9222.64,8343.39,Wallet,Completed
6d8e33e0-b1df-4841-8136-55253c666a33,2026_W27,O59084,U19832,P90,2026-07-03 11:33:52,2,4581.8,197.75,75.6,1613.85,9163.6,8965.85,Debit Card,Completed
6d8e33e0-b1df-4841-8136-55253c666a33,2026_W27,O59085,U22815,P52,2026-07-01 06:48:25,4,7675.89,2928.82,96.26,4999.45,30703.56,27774.74,Credit Card,Completed
6d8e33e0-b1df-4841-8136-55253c666a33,2026_W27,O59086,U3757,P89,2026-07-02 03:23:59,4,10552.75,6231.87,103.95,6476.24,42211.0,35979.13,Credit Card,Completed
6d8e33e0-b1df-4841-8136-55253c666a33,2026_W27,O59087,U13709,P124,2026-07-01 00:22:11,4,5965.84,3231.46,78.58,3713.74,23863.36,20631.9,Credit Card,Completed
6d8e33e0-b1df-4841-8136-55253c666a33,2026_W27,O59088,U33842,P174,2026-07-04 17:59:08,4,2207.85,499.31,194.84,1499.78,8831.4,8332.09,Wallet,Completed
6d8e33e0-b1df-4841-8136-55253c666a33,2026_W27,O59089,U29827,P101,2026-07-05 08:49:17,1,8924.96,454.57,119.28,1524.67,8924.96,8470.39,Wallet,Completed
6d8e33e0-b1df-4841-8136-55253c666a33,2026_W27,O59090,U26954,P148,2026-07-02 03:06:46,2,1578.46,337.53,145.53,507.49,3156.92,2819.3900000000003,Wallet,Completed
6d8e33e0-b1df-4841-8136-55253c666a33,2026_W27,O59091,U4763,P117,2026-06-29 20:50:21,4,1818.08,245.17,159.64,1264.89,7272.32,7027.15,Wallet,Completed
6d8e33e0-b1df-4841-8136-55253c666a33,2026_W27,O59092,U10550,P146,2026-06-30 15:34:19,4,1678.25,963.39,79.09,1034.93,6713.0,5749.61,Credit Card,Completed
6d8e33e0-b1df-4841-8136-55253c666a33,2026_W27,O59093,U21731,P82,2026-07-03 12:26:38,4,2456.79,1193.04,76.1,1554.14,9827.16,8634.119999999999,UPI,Completed
6d8e33e0-b1df-4841-8136-55253c666a33,2026_W27,O59094,U12390,P59,2026-06-29 23:32:20,1,5883.82,524.71,86.95,964.64,5883.82,5359.11,UPI,Completed
6d8e33e0-b1df-4841-8136-55253c666a33,2026_W27,O59095,U21938,P96,2026-06-30 12:48:20,1,4818.25,653.29,198.37,749.69,4818.25,4164.96,UPI,Completed
6d8e33e0-b1df-4841-8136-55253c666a33,2026_W27,O59096,U25654,P136,2026-07-02 14:18:14,3,10500.45,877.56,186.73,5512.28,31501.350000000002,30623.79,UPI,Completed
6d8e33e0-b1df-4841-8136-55253c666a33,2026_W27,O59097,U24745,P61,2026-06-30 01:53:59,3,7869.26,945.15,107.4,4079.27,23607.78,22662.629999999997,Credit Card,Completed
6d8e33e0-b1df-4841-8136-55253c666a33,2026_W27,O59098,U14958,P105,2026-07-01 02:51:14,3,7230.61,2286.59,91.66,3492.94,21691.829999999998,19405.239999999998,Wallet,Completed
6d8e33e0-b1df-4841-8136-55253c666a33,2026_W27,O59099,U28141,P41,2026-07-03 06:26:09,3,1959.52,112.19,117.04,1037.95,5878.5599999999995,5766.37,Credit Card,Completed
6d8e33e0-b1df-4841-8136-55253c666a33,2026_W27,O59100,U1527,P10,2026-06-29 09:49:15,3,3822.68,61.05,134.5,2053.26,11468.039999999999,11406.99,UPI,Completed
6d8e33e0-b1df-4841-8136-55253c666a33,2026_W27,O59101,U12593,P187,2026-07-01 05:46:46,3,6341.6,172.27,146.11,3393.46,19024.800000000003,18852.530000000002,Wallet,Completed
6d8e33e0-b1df-4841-8136-55253c666a33,2026_W27,O59102,U7840,P200,2026-06-29 13:46:58,4,4553.19,2202.86,109.19,2881.78,18212.76,16009.899999999998,Credit Card,Completed
6d8e33e0-b1df-4841-8136-55253c666a33,2026_W27,O59103,U78,P59,2026-07-05 02:29:13,4,5883.82,2299.26,178.88,3822.48,23535.28,21236.019999999997,UPI,Completed
6d8e33e0-b1df-4841-8136-55253c666a33,2026_W27,O59104,U26730,P48,2026-07-01 19:26:18,3,3057.39,483.79,112.17,1563.91,9172.17,8688.38,UPI,Completed
6d8e33e0-b1df-4841-8136-55253c666a33,2026_W27,O59105,U29278,P144,2026-06-29 18:32:03,1,4498.08,2.98,143.67,809.12,4498.08,4495.1,Debit Card,Completed
6d8e33e0-b1df-4841-8136-55253c666a33,2026_W27,O59106,U32333,P58,2026-07-02 01:45:35,4,2960.66,1724.21,139.99,1821.32,11842.64,10118.43,UPI,Completed
6d8e33e0-b1df-4841-8136-55253c666a33,2026_W27,O59107,U6140,P187,2026-06-30 06:36:42,1,6341.6,465.56,154.78,1057.69,6341.6,5876.04,Wallet,Completed
6d8e33e0-b1df-4841-8136-55253c666a33,2026_W27,O59108,U17870,P136,2026-07-05 01:44:40,2,10500.45,1992.94,51.82,3421.43,21000.9,19007.960000000003,Credit Card,Completed
6d8e33e0-b1df-4841-8136-55253c666a33,2026_W27,O59109,U13720,P146,2026-06-30 01:08:25,1,1678.25,134.72,140.23,277.84,1678.25,1543.53,Wallet,Completed
6d8e33e0-b1df-4841-8136-55253c666a33,2026_W27,O59110,U29991,P95,2026-07-04 22:53:56,3,5783.09,67.39,149.1,3110.74,17349.27,17281.88,Debit Card,Completed
6d8e33e0-b1df-4841-8136-55253c666a33,2026_W27,O59111,U18704,P29,2026-07-02 08:06:55,4,1618.44,767.18,149.5,1027.18,6473.76,5706.58,Credit Card,Completed
6d8e33e0-b1df-4841-8136-55253c666a33,2026_W27,O59112,U6732,P34,2026-06-30 06:09:37,2,3432.36,326.82,176.73,1176.82,6864.72,6537.900000000001,Credit Card,Completed
6d8e33e0-b1df-4841-8136-55253c666a33,2026_W27,O59113,U16929,P175,2026-06-30 01:59:31,4,3999.32,572.24,146.24,2776.51,15997.28,15425.04,Credit Card,Completed
6d8e33e0-b1df-4841-8136-55253c666a33,2026_W27,O59114,U14457,P29,2026-07-02 02:07:51,2,1618.44,78.05,59.24,568.59,3236.88,3158.83,Credit Card,Completed
6d8e33e0-b1df-4841-8136-55253c666a33,2026_W27,O59115,U11852,P11,2026-07-03 13:24:09,3,7598.14,1970.83,63.22,3748.25,22794.420000000002,20823.590000000004,Credit Card,Completed
6d8e33e0-b1df-4841-8136-55253c666a33,2026_W27,O59116,U12062,P146,2026-06-30 23:48:31,4,1678.25,786.77,93.17,1066.72,6713.0,5926.23,Wallet,Completed
6d8e33e0-b1df-4841-8136-55253c666a33,2026_W27,O59117,U22507,P69,2026-07-01 03:01:52,2,4897.29,1283.58,148.18,1531.98,9794.58,8511.0,Credit Card,Completed
6d8e33e0-b1df-4841-8136-55253c666a33,2026_W27,O59118,U33550,P191,2026-07-03 17:11:57,4,9506.3,1049.53,139.12,6655.62,38025.2,36975.67,UPI,Completed
6d8e33e0-b1df-4841-8136-55253c666a33,2026_W27,O59119,U8933,P101,2026-07-01 07:07:40,2,8924.96,1452.02,173.35,2951.62,17849.92,16397.899999999998,Debit Card,Completed
6d8e33e0-b1df-4841-8136-55253c666a33,2026_W27,O59120,U15229,P191,2026-07-05 06:35:32,4,9506.3,3022.56,82.32,6300.48,38025.2,35002.64,UPI,Completed
6d8e33e0-b1df-4841-8136-55253c666a33,2026_W27,O59121,U33255,P113,2026-07-03 05:34:21,3,5364.85,442.75,55.0,2817.32,16094.550000000001,15651.800000000001,Debit Card,Completed
6d8e33e0-b1df-4841-8136-55253c666a33,2026_W27,O59122,U16192,P35,2026-06-30 14:43:51,3,10420.75,3582.22,152.58,4982.41,31262.25,27680.03,Wallet,Completed
6d8e33e0-b1df-4841-8136-55253c666a33,2026_W27,O59123,U1453,P128,2026-07-05 04:42:12,3,3543.69,1587.5,54.08,1627.84,10631.07,9043.57,Debit Card,Completed
6d8e33e0-b1df-4841-8136-55253c666a33,2026_W27,O59124,U11817,P61,2026-07-02 11:08:09,2,7869.26,1882.0,83.71,2494.17,15738.52,13856.52,UPI,Completed
6d8e33e0-b1df-4841-8136-55253c666a33,2026_W27,O59125,U14244,P174,2026-07-04 14:17:59,3,2207.85,154.52,149.33,1164.43,6623.549999999999,6469.029999999999,Wallet,Completed
6d8e33e0-b1df-4841-8136-55253c666a33,2026_W27,O59126,U9248,P76,2026-07-03 05:19:33,3,7097.72,250.21,67.43,3787.73,21293.16,21042.95,Credit Card,Completed
6d8e33e0-b1df-4841-8136-55253c666a33,2026_W27,O59127,U30046,P122,2026-07-03 00:10:20,4,9537.16,1450.73,97.29,6605.62,38148.64,36697.909999999996,UPI,Completed
6d8e33e0-b1df-4841-8136-55253c666a33,2026_W27,O59128,U17637,P193,2026-06-29 20:20:17,1,8599.49,618.22,69.1,1436.63,8599.49,7981.2699999999995,Wallet,Completed
6d8e33e0-b1df-4841-8136-55253c666a33,2026_W27,O59129,U3551,P22,2026-06-29 21:06:26,4,9175.57,4122.36,161.02,5864.39,36702.28,32579.92,Credit Card,Completed
6d8e33e0-b1df-4841-8136-55253c666a33,2026_W27,O59130,U32761,P153,2026-06-30 00:45:49,1,6806.07,577.83,61.36,1121.08,6806.07,6228.24,UPI,Completed
6d8e33e0-b1df-4841-8136-55253c666a33,2026_W27,O59131,U6646,P196,2026-06-29 11:40:30,3,9515.08,4062.07,177.56,4406.97,28545.239999999998,24483.17,Credit Card,Completed
6d8e33e0-b1df-4841-8136-55253c666a33,2026_W27,O59132,U21339,P46,2026-07-05 06:55:36,2,2979.32,883.93,147.49,913.45,5958.64,5074.71,Debit Card,Completed
6d8e33e0-b1df-4841-8136-55253c666a33,2026_W27,O59133,U16201,P44,2026-07-03 03:19:39,1,1407.86,26.55,199.12,248.64,1407.86,1381.31,Wallet,Completed
6d8e33e0-b1df-4841-8136-55253c666a33,2026_W27,O59134,U8944,P54,2026-07-05 01:28:52,3,7277.34,2394.81,177.19,3498.7,21832.02,19437.21,UPI,Completed
6d8e33e0-b1df-4841-8136-55253c666a33,2026_W27,O59135,U33384,P8,2026-06-30 04:55:36,2,8837.46,2161.17,181.4,2792.47,17674.92,15513.749999999998,Debit Card,Completed
6d8e33e0-b1df-4841-8136-55253c666a33,2026_W27,O59136,U3843,P196,2026-07-01 09:38:20,1,9515.08,879.94,138.77,1554.33,9515.08,8635.14,Credit Card,Completed
6d8e33e0-b1df-4841-8136-55253c666a33,2026_W27,O59137,U23582,P96,2026-06-29 20:31:22,4,4818.25,979.14,73.76,3292.89,19273.0,18293.86,Credit Card,Completed
6d8e33e0-b1df-4841-8136-55253c666a33,2026_W27,O59138,U283,P152,2026-06-29 19:02:07,3,5413.06,492.5,135.9,2834.4,16239.18,15746.68,Credit Card,Completed
6d8e33e0-b1df-4841-8136-55253c666a33,2026_W27,O59139,U17174,P161,2026-07-05 02:42:50,3,4439.61,1334.93,99.2,2157.1,13318.829999999998,11983.899999999998,UPI,Completed
6d8e33e0-b1df-4841-8136-55253c666a33,2026_W27,O59140,U33150,P185,2026-07-01 08:51:52,1,2854.87,243.26,151.1,470.09,2854.87,2611.6099999999997,Credit Card,Completed
6d8e33e0-b1df-4841-8136-55253c666a33,2026_W27,O59141,U1573,P10,2026-06-30 01:13:43,4,3822.68,606.45,76.12,2643.17,15290.72,14684.269999999999,Debit Card,Completed
6d8e33e0-b1df-4841-8136-55253c666a33,2026_W27,O59142,U18290,P12,2026-06-29 16:41:12,2,6064.9,144.32,135.01,2157.39,12129.8,11985.48,Debit Card,Completed
6d8e33e0-b1df-4841-8136-55253c666a33,2026_W27,O59143,U8669,P33,2026-07-02 14:40:37,3,5573.38,1682.55,97.63,2706.77,16720.14,15037.59,UPI,Completed
6d8e33e0-b1df-4841-8136-55253c666a33,2026_W27,O59144,U29748,P172,2026-06-30 02:01:50,3,7555.52,672.29,141.45,3958.97,22666.56,21994.27,Credit Card,Completed
6d8e33e0-b1df-4841-8136-55253c666a33,2026_W27,O59145,U4085,P186,2026-07-04 18:33:48,1,7480.33,1037.48,58.38,1159.71,7480.33,6442.85,Wallet,Completed
6d8e33e0-b1df-4841-8136-55253c666a33,2026_W27,O59146,U27825,P35,2026-07-03 07:18:33,4,10420.75,4271.46,156.43,6734.08,41683.0,37411.54,UPI,Completed
6d8e33e0-b1df-4841-8136-55253c666a33,2026_W27,O59147,U1109,P1,2026-06-29 15:37:19,3,8041.29,1842.98,88.17,4010.56,24123.87,22280.89,UPI,Completed
6d8e33e0-b1df-4841-8136-55253c666a33,2026_W27,O59148,U4642,P27,2026-06-30 18:59:10,1,8284.05,426.33,113.38,1414.39,8284.05,7857.719999999999,Wallet,Completed
6d8e33e0-b1df-4841-8136-55253c666a33,2026_W27,O59149,U32141,P108,2026-07-03 10:33:41,3,9991.6,3517.69,130.85,4762.28,29974.800000000003,26457.110000000004,UPI,Completed
6d8e33e0-b1df-4841-8136-55253c666a33,2026_W27,O59150,U3499,P172,2026-07-02 08:17:21,2,7555.52,309.2,129.14,2664.33,15111.04,14801.84,UPI,Completed
6d8e33e0-b1df-4841-8136-55253c666a33,2026_W27,O59151,U3936,P147,2026-07-04 22:39:27,2,4417.37,1238.97,178.56,1367.24,8834.74,7595.7699999999995,Wallet,Completed
6d8e33e0-b1df-4841-8136-55253c666a33,2026_W27,O59152,U8398,P129,2026-07-05 03:49:20,3,10030.81,328.28,132.89,5357.55,30092.43,29764.15,UPI,Completed
6d8e33e0-b1df-4841-8136-55253c666a33,2026_W27,O59153,U33550,P24,2026-06-30 12:35:02,2,4112.52,998.08,136.23,1300.85,8225.04,7226.960000000001,Credit Card,Completed
6d8e33e0-b1df-4841-8136-55253c666a33,2026_W27,O59154,U16334,P133,2026-07-02 12:11:50,1,10395.42,772.02,195.61,1732.21,10395.42,9623.4,UPI,Completed
6d8e33e0-b1df-4841-8136-55253c666a33,2026_W27,O59155,U23914,P43,2026-06-30 18:26:50,3,8672.85,2098.6,69.11,4305.59,26018.550000000003,23919.950000000004,Wallet,Completed
6d8e33e0-b1df-4841-8136-55253c666a33,2026_W27,O59156,U8293,P50,2026-07-01 05:04:20,1,4043.15,88.31,113.68,711.87,4043.15,3954.84,UPI,Completed
6d8e33e0-b1df-4841-8136-55253c666a33,2026_W27,O59157,U33369,P46,2026-07-01 21:31:48,2,2979.32,550.97,126.63,973.38,5958.64,5407.67,Debit Card,Completed
6d8e33e0-b1df-4841-8136-55253c666a33,2026_W27,O59158,U33236,P200,2026-06-30 04:16:41,1,4553.19,246.65,129.78,775.18,4553.19,4306.54,UPI,Completed
6d8e33e0-b1df-4841-8136-55253c666a33,2026_W27,O59159,U1974,P156,2026-07-02 00:37:05,1,2724.78,259.7,95.66,443.71,2724.78,2465.0800000000004,Wallet,Completed
6d8e33e0-b1df-4841-8136-55253c666a33,2026_W27,O59160,U20934,P117,2026-06-30 17:44:58,3,1818.08,68.01,92.51,969.52,5454.24,5386.23,Credit Card,Completed
6d8e33e0-b1df-4841-8136-55253c666a33,2026_W27,O59161,U34955,P147,2026-07-04 19:42:25,1,4417.37,243.26,86.62,751.34,4417.37,4174.11,Debit Card,Completed
6d8e33e0-b1df-4841-8136-55253c666a33,2026_W27,O59162,U5831,P170,2026-07-01 20:55:49,4,2647.64,343.39,148.57,1844.49,10590.56,10247.17,Wallet,Completed
6d8e33e0-b1df-4841-8136-55253c666a33,2026_W27,O59163,U2576,P122,2026-07-02 09:20:33,2,9537.16,142.22,79.68,3407.78,19074.32,18932.1,Wallet,Completed
6d8e33e0-b1df-4841-8136-55253c666a33,2026_W27,O59164,U24150,P40,2026-07-03 00:38:16,4,7370.62,1698.02,118.58,5001.2,29482.48,27784.46,Debit Card,Completed
6d8e33e0-b1df-4841-8136-55253c666a33,2026_W27,O59165,U29189,P154,2026-06-30 17:35:20,4,3395.73,291.43,81.09,2392.47,13582.92,13291.49,UPI,Completed
6d8e33e0-b1df-4841-8136-55253c666a33,2026_W27,O59166,U19830,P190,2026-06-29 13:48:31,2,3207.6,879.64,170.97,996.4,6415.2,5535.5599999999995,UPI,Completed
6d8e33e0-b1df-4841-8136-55253c666a33,2026_W27,O59167,U26183,P32,2026-07-02 17:29:49,1,4904.65,372.73,65.36,815.75,4904.65,4531.92,Wallet,Completed
6d8e33e0-b1df-4841-8136-55253c666a33,2026_W27,O59168,U29993,P101,2026-07-02 17:14:19,1,8924.96,1330.8,82.29,1366.95,8924.96,7594.159999999999,Wallet,Completed
6d8e33e0-b1df-4841-8136-55253c666a33,2026_W27,O59169,U28019,P147,2026-07-03 10:02:50,1,4417.37,401.18,68.55,722.91,4417.37,4016.19,Credit Card,Completed
6d8e33e0-b1df-4841-8136-55253c666a33,2026_W27,O59170,U29240,P29,2026-06-30 11:29:34,1,1618.44,156.63,81.74,263.13,1618.44,1461.81,Wallet,Completed
6d8e33e0-b1df-4841-8136-55253c666a33,2026_W27,O59171,U5133,P5,2026-07-01 23:08:41,4,4886.67,765.93,61.65,3380.54,19546.68,18780.75,Credit Card,Completed
6d8e33e0-b1df-4841-8136-55253c666a33,2026_W27,O59172,U20239,P63,2026-07-01 16:44:32,4,9352.06,2273.89,103.9,6324.18,37408.24,35134.35,UPI,Completed
6d8e33e0-b1df-4841-8136-55253c666a33,2026_W27,O59173,U4868,P147,2026-07-05 08:31:03,4,4417.37,877.34,191.89,3022.59,17669.48,16792.14,Credit Card,Completed
6d8e33e0-b1df-4841-8136-55253c666a33,2026_W27,O59174,U14436,P200,2026-07-02 08:02:33,3,4553.19,1352.46,66.71,2215.28,13659.57,12307.11,Credit Card,Completed
6d8e33e0-b1df-4841-8136-55253c666a33,2026_W27,O59175,U25854,P116,2026-07-04 12:49:11,1,7151.55,735.16,94.79,1154.95,7151.55,6416.39,Wallet,Completed
6d8e33e0-b1df-4841-8136-55253c666a33,2026_W27,O59176,U13860,P137,2026-07-03 12:54:13,1,2618.72,351.39,133.06,408.12,2618.72,2267.33,Wallet,Completed
6d8e33e0-b1df-4841-8136-55253c666a33,2026_W27,O59177,U9162,P88,2026-06-30 19:54:58,1,11704.48,781.77,148.77,1966.09,11704.48,10922.71,Debit Card,Completed
6d8e33e0-b1df-4841-8136-55253c666a33,2026_W27,O59178,U23146,P35,2026-06-30 05:31:18,4,10420.75,1186.89,73.82,7289.3,41683.0,40496.11,Credit Card,Completed
6d8e33e0-b1df-4841-8136-55253c666a33,2026_W27,O59179,U15153,P116,2026-07-02 15:56:46,4,7151.55,3309.3,173.35,4553.44,28606.2,25296.9,UPI,Completed
6d8e33e0-b1df-4841-8136-55253c666a33,2026_W27,O59180,U8099,P104,2026-06-30 11:00:44,2,7848.2,712.72,130.25,2697.06,15696.4,14983.68,UPI,Completed
6d8e33e0-b1df-4841-8136-55253c666a33,2026_W27,O59181,U5143,P54,2026-07-01 00:39:09,1,7277.34,624.1,90.61,1197.58,7277.34,6653.24,UPI,Completed
6d8e33e0-b1df-4841-8136-55253c666a33,2026_W27,O59182,U29489,P12,2026-07-04 05:59:07,1,6064.9,106.46,89.83,1072.52,6064.9,5958.44,Debit Card,Completed
6d8e33e0-b1df-4841-8136-55253c666a33,2026_W27,O59183,U19512,P54,2026-06-29 20:40:26,4,7277.34,2666.61,149.58,4759.7,29109.36,26442.75,Debit Card,Completed
6d8e33e0-b1df-4841-8136-55253c666a33,2026_W27,O59184,U15229,P171,2026-06-29 20:37:08,1,2305.74,244.15,172.39,371.09,2305.74,2061.5899999999997,Credit Card,Completed
6d8e33e0-b1df-4841-8136-55253c666a33,2026_W27,O59185,U9342,P117,2026-06-30 06:22:17,3,1818.08,676.92,83.52,859.92,5454.24,4777.32,Debit Card,Completed
6d8e33e0-b1df-4841-8136-55253c666a33,2026_W27,O59186,U33073,P136,2026-06-30 20:29:20,1,10500.45,456.45,125.95,1807.92,10500.45,10044.0,Credit Card,Completed
6d8e33e0-b1df-4841-8136-55253c666a33,2026_W27,O59187,U11554,P82,2026-07-04 21:19:21,4,2456.79,608.73,164.71,1659.32,9827.16,9218.43,UPI,Completed
6d8e33e0-b1df-4841-8136-55253c666a33,2026_W27,O59188,U7739,P30,2026-06-30 02:59:57,1,6995.67,479.74,77.61,1172.87,6995.67,6515.93,Debit Card,Completed
6d8e33e0-b1df-4841-8136-55253c666a33,2026_W27,O59189,U11244,P171,2026-07-04 05:40:51,4,2305.74,1176.56,138.64,1448.35,9222.96,8046.4,Debit Card,Completed
6d8e33e0-b1df-4841-8136-55253c666a33,2026_W27,O59190,U20648,P182,2026-07-04 16:07:26,2,4946.93,1207.25,128.31,1563.59,9893.86,8686.61,UPI,Completed
6d8e33e0-b1df-4841-8136-55253c666a33,2026_W27,O59191,U26432,P193,2026-07-02 13:03:29,4,8599.49,4523.22,65.44,5377.45,34397.96,29874.739999999998,Debit Card,Completed
6d8e33e0-b1df-4841-8136-55253c666a33,2026_W27,O59192,U1601,P30,2026-07-04 14:41:33,4,6995.67,202.21,188.28,5000.48,27982.68,27780.47,Wallet,Completed
6d8e33e0-b1df-4841-8136-55253c666a33,2026_W27,O59193,U6913,P147,2026-07-03 17:48:20,4,4417.37,2086.01,94.21,2805.02,17669.48,15583.47,Debit Card,Completed
6d8e33e0-b1df-4841-8136-55253c666a33,2026_W27,O59194,U8994,P110,2026-07-02 21:35:33,3,8883.32,1688.27,56.62,4493.1,26649.96,24961.69,Wallet,Completed
6d8e33e0-b1df-4841-8136-55253c666a33,2026_W27,O59195,U30881,P177,2026-07-03 12:13:40,1,9676.29,955.35,94.62,1569.77,9676.29,8720.94,Credit Card,Completed
6d8e33e0-b1df-4841-8136-55253c666a33,2026_W27,O59196,U11057,P62,2026-07-03 18:42:18,2,8933.75,828.96,142.04,3066.94,17867.5,17038.54,Wallet,Completed
6d8e33e0-b1df-4841-8136-55253c666a33,2026_W27,O59197,U4454,P149,2026-06-30 08:55:40,3,2710.59,56.8,96.74,1453.49,8131.77,8074.97,Debit Card,Completed
6d8e33e0-b1df-4841-8136-55253c666a33,2026_W27,O59198,U16592,P63,2026-07-01 13:28:05,2,9352.06,877.71,160.32,3208.75,18704.12,17826.41,Debit Card,Completed
6d8e33e0-b1df-4841-8136-55253c666a33,2026_W27,O59199,U32358,P14,2026-07-03 09:23:03,1,5736.45,254.46,142.24,986.76,5736.45,5481.99,Wallet,Completed
6d8e33e0-b1df-4841-8136-55253c666a33,2026_W27,O59200,U22166,P199,2026-06-30 14:04:45,1,4054.66,589.66,171.2,623.7,4054.66,3465.0,UPI,Completed
6d8e33e0-b1df-4841-8136-55253c666a33,2026_W27,O59201,U33086,P118,2026-07-04 23:41:08,1,9270.95,937.63,50.69,1500.0,9270.95,8333.320000000002,Wallet,Completed
6d8e33e0-b1df-4841-8136-55253c666a33,2026_W27,O59202,U12620,P53,2026-07-04 20:58:37,2,5893.03,795.64,170.08,1978.28,11786.06,10990.42,Credit Card,Completed
6d8e33e0-b1df-4841-8136-55253c666a33,2026_W27,O59203,U9148,P50,2026-06-29 09:58:37,2,4043.15,383.78,118.22,1386.45,8086.3,7702.52,UPI,Completed
6d8e33e0-b1df-4841-8136-55253c666a33,2026_W27,O59204,U27436,P188,2026-07-01 02:57:14,4,2967.62,1170.55,124.72,1925.99,11870.48,10699.93,UPI,Completed
6d8e33e0-b1df-4841-8136-55253c666a33,2026_W27,O59205,U10881,P46,2026-06-30 02:40:50,1,2979.32,419.55,75.09,460.76,2979.32,2559.77,Wallet,Completed
6d8e33e0-b1df-4841-8136-55253c666a33,2026_W27,O59206,U104,P90,2026-07-03 04:22:14,4,4581.8,2682.73,135.93,2816.0,18327.2,15644.470000000001,Credit Card,Completed
6d8e33e0-b1df-4841-8136-55253c666a33,2026_W27,O59207,U9734,P189,2026-07-04 12:11:47,3,5649.84,331.22,194.24,2991.29,16949.52,16618.3,Wallet,Completed
6d8e33e0-b1df-4841-8136-55253c666a33,2026_W27,O59208,U3682,P36,2026-07-01 23:48:12,4,6802.05,2493.73,66.21,4448.6,27208.2,24714.47,Credit Card,Completed
6d8e33e0-b1df-4841-8136-55253c666a33,2026_W27,O59209,U10089,P141,2026-07-01 09:06:24,2,9271.32,980.59,127.06,3161.17,18542.64,17562.05,Credit Card,Completed
6d8e33e0-b1df-4841-8136-55253c666a33,2026_W27,O59210,U31887,P121,2026-07-04 14:00:28,3,7793.76,2360.2,62.21,3783.79,23381.28,21021.079999999998,Wallet,Completed
6d8e33e0-b1df-4841-8136-55253c666a33,2026_W27,O59211,U26169,P111,2026-07-05 05:52:14,1,7719.79,677.03,190.68,1267.7,7719.79,7042.76,Credit Card,Completed
6d8e33e0-b1df-4841-8136-55253c666a33,2026_W27,O59212,U7725,P94,2026-07-04 19:19:39,1,5614.01,643.59,103.56,894.68,5614.01,4970.42,UPI,Completed
6d8e33e0-b1df-4841-8136-55253c666a33,2026_W27,O59213,U12164,P135,2026-06-29 10:21:25,4,5890.55,3358.8,165.86,3636.61,23562.2,20203.4,Credit Card,Completed
6d8e33e0-b1df-4841-8136-55253c666a33,2026_W27,O59214,U26912,P59,2026-07-01 14:05:42,1,5883.82,742.55,138.51,925.43,5883.82,5141.2699999999995,Wallet,Completed
6d8e33e0-b1df-4841-8136-55253c666a33,2026_W27,O59215,U16543,P27,2026-06-30 20:24:34,4,8284.05,2022.25,187.32,5600.51,33136.2,31113.949999999997,UPI,Completed
6d8e33e0-b1df-4841-8136-55253c666a33,2026_W27,O59216,U10238,P166,2026-06-30 22:31:40,1,4248.29,631.75,51.01,650.98,4248.29,3616.54,UPI,Completed
6d8e33e0-b1df-4841-8136-55253c666a33,2026_W27,O59217,U25469,P127,2026-07-01 00:06:25,3,4862.09,1101.45,111.31,2427.27,14586.27,13484.82,UPI,Completed
6d8e33e0-b1df-4841-8136-55253c666a33,2026_W27,O59218,U30688,P73,2026-07-01 01:56:26,4,2904.91,1589.79,176.66,1805.37,11619.64,10029.849999999999,Credit Card,Completed
6d8e33e0-b1df-4841-8136-55253c666a33,2026_W27,O59219,U19109,P21,2026-06-30 01:45:13,1,7568.69,489.29,116.13,1274.29,7568.69,7079.4,UPI,Completed
6d8e33e0-b1df-4841-8136-55253c666a33,2026_W27,O59220,U32808,P137,2026-07-05 08:32:00,2,2618.72,754.7,176.23,806.89,5237.44,4482.74,Credit Card,Completed
6d8e33e0-b1df-4841-8136-55253c666a33,2026_W27,O59221,U19320,P55,2026-07-04 13:44:55,2,4472.32,108.07,81.76,1590.58,8944.64,8836.57,Wallet,Completed
6d8e33e0-b1df-4841-8136-55253c666a33,2026_W27,O59222,U30840,P6,2026-07-01 21:23:18,4,6939.39,2978.43,139.3,4460.24,27757.56,24779.13,Debit Card,Completed
6d8e33e0-b1df-4841-8136-55253c666a33,2026_W27,O59223,U20864,P177,2026-07-02 16:40:30,3,9676.29,3770.94,162.05,4546.43,29028.870000000003,25257.930000000004,UPI,Completed
6d8e33e0-b1df-4841-8136-55253c666a33,2026_W27,O59224,U8596,P83,2026-07-01 20:52:30,3,2067.84,92.85,100.91,1099.92,6203.52,6110.67,UPI,Completed
6d8e33e0-b1df-4841-8136-55253c666a33,2026_W27,O59225,U11908,P118,2026-07-03 21:39:17,3,9270.95,1237.05,163.72,4783.64,27812.850000000002,26575.800000000003,Wallet,Completed
6d8e33e0-b1df-4841-8136-55253c666a33,2026_W27,O59226,U13475,P45,2026-07-03 11:17:47,1,2342.15,20.13,104.62,417.96,2342.15,2322.02,UPI,Completed
6d8e33e0-b1df-4841-8136-55253c666a33,2026_W27,O59227,U11959,P34,2026-06-30 06:21:16,1,3432.36,403.32,73.29,545.23,3432.36,3029.04,Credit Card,Completed
6d8e33e0-b1df-4841-8136-55253c666a33,2026_W27,O59228,U6558,P32,2026-07-03 08:50:59,4,4904.65,1862.98,88.12,3196.01,19618.6,17755.62,Debit Card,Completed
6d8e33e0-b1df-4841-8136-55253c666a33,2026_W27,O59229,U20725,P119,2026-07-01 10:42:08,3,9225.28,786.66,56.8,4840.05,27675.840000000004,26889.180000000004,Credit Card,Completed
6d8e33e0-b1df-4841-8136-55253c666a33,2026_W27,O59230,U32910,P155,2026-07-01 19:08:31,2,7895.96,977.82,122.38,2666.54,15791.92,14814.1,Debit Card,Completed
6d8e33e0-b1df-4841-8136-55253c666a33,2026_W27,O59231,U21931,P99,2026-07-01 19:55:10,1,5405.7,179.48,105.64,940.72,5405.7,5226.22,Credit Card,Completed
6d8e33e0-b1df-4841-8136-55253c666a33,2026_W27,O59232,U32413,P82,2026-07-01 17:39:04,4,2456.79,1215.62,113.61,1550.08,9827.16,8611.54,Wallet,Completed
6d8e33e0-b1df-4841-8136-55253c666a33,2026_W27,O59233,U9143,P128,2026-07-02 18:22:18,1,3543.69,456.58,184.63,555.68,3543.69,3087.11,Debit Card,Completed
6d8e33e0-b1df-4841-8136-55253c666a33,2026_W27,O59234,U24723,P44,2026-07-01 22:19:19,2,1407.86,5.2,184.6,505.89,2815.72,2810.52,Wallet,Completed
6d8e33e0-b1df-4841-8136-55253c666a33,2026_W27,O59235,U20476,P71,2026-07-03 03:32:22,4,7798.35,3796.29,167.81,4931.48,31193.4,27397.11,Credit Card,Completed
6d8e33e0-b1df-4841-8136-55253c666a33,2026_W27,O59236,U30136,P145,2026-07-02 13:55:15,4,6190.5,3109.13,73.26,3897.52,24762.0,21652.87,UPI,Completed
6d8e33e0-b1df-4841-8136-55253c666a33,2026_W27,O59237,U3,P54,2026-06-29 16:12:46,1,7277.34,893.63,80.26,1149.07,7277.34,6383.71,Credit Card,Completed
6d8e33e0-b1df-4841-8136-55253c666a33,2026_W27,O59238,U371,P178,2026-07-05 04:47:05,1,7836.39,586.88,140.08,1304.91,7836.39,7249.51,Debit Card,Completed
6d8e33e0-b1df-4841-8136-55253c666a33,2026_W27,O59239,U2043,P57,2026-07-05 04:49:06,1,8411.78,496.7,91.93,1424.71,8411.78,7915.080000000001,Wallet,Completed
6d8e33e0-b1df-4841-8136-55253c666a33,2026_W27,O59240,U13904,P177,2026-07-01 17:45:15,4,9676.29,2133.51,198.49,6582.9,38705.16,36571.65,Debit Card,Completed
6d8e33e0-b1df-4841-8136-55253c666a33,2026_W27,O59241,U11541,P45,2026-06-30 12:15:36,1,2342.15,154.46,182.5,393.78,2342.15,2187.69,Debit Card,Completed
6d8e33e0-b1df-4841-8136-55253c666a33,2026_W27,O59242,U17840,P63,2026-07-01 15:31:15,1,9352.06,425.06,142.5,1606.86,9352.06,8927.0,Debit Card,Completed
6d8e33e0-b1df-4841-8136-55253c666a33,2026_W27,O59243,U11553,P20,2026-06-29 12:02:19,1,3016.27,176.76,78.23,511.11,3016.27,2839.51,Wallet,Completed
6d8e33e0-b1df-4841-8136-55253c666a33,2026_W27,O59244,U1584,P200,2026-06-30 08:22:57,4,4553.19,436.32,99.39,3199.76,18212.76,17776.44,UPI,Completed
6d8e33e0-b1df-4841-8136-55253c666a33,2026_W27,O59245,U672,P105,2026-06-30 15:50:24,4,7230.61,1032.75,138.58,5020.14,28922.44,27889.69,UPI,Completed
6d8e33e0-b1df-4841-8136-55253c666a33,2026_W27,O59246,U22730,P37,2026-07-04 15:26:33,4,4162.63,676.96,50.59,2875.24,16650.52,15973.560000000001,UPI,Completed
6d8e33e0-b1df-4841-8136-55253c666a33,2026_W27,O59247,U14649,P133,2026-07-02 20:02:47,4,10395.42,2483.23,94.01,7037.72,41581.68,39098.45,Wallet,Completed
6d8e33e0-b1df-4841-8136-55253c666a33,2026_W27,O59248,U1335,P3,2026-07-02 13:32:11,4,3037.18,1391.25,97.81,1936.34,12148.72,10757.47,Debit Card,Completed
6d8e33e0-b1df-4841-8136-55253c666a33,2026_W27,O59249,U23910,P179,2026-07-05 06:18:35,1,4820.9,245.1,62.86,823.64,4820.9,4575.799999999999,UPI,Completed
6d8e33e0-b1df-4841-8136-55253c666a33,2026_W27,O59250,U32789,P3,2026-07-02 10:05:21,3,3037.18,514.97,99.11,1547.38,9111.539999999999,8596.57,UPI,Completed
6d8e33e0-b1df-4841-8136-55253c666a33,2026_W27,O59251,U21683,P182,2026-07-01 16:36:45,1,4946.93,643.64,155.6,774.59,4946.93,4303.29,UPI,Completed
6d8e33e0-b1df-4841-8136-55253c666a33,2026_W27,O59252,U33029,P166,2026-07-02 14:32:13,2,4248.29,916.37,96.43,1364.44,8496.58,7580.21,UPI,Completed
6d8e33e0-b1df-4841-8136-55253c666a33,2026_W27,O59253,U16657,P83,2026-07-04 11:36:21,2,2067.84,599.69,83.27,636.48,4135.68,3535.9900000000002,Wallet,Completed
6d8e33e0-b1df-4841-8136-55253c666a33,2026_W27,O59254,U34860,P21,2026-07-03 09:23:18,4,7568.69,2401.2,178.49,5017.24,30274.76,27873.559999999998,Wallet,Completed
6d8e33e0-b1df-4841-8136-55253c666a33,2026_W27,O59255,U4824,P193,2026-06-29 18:22:57,3,8599.49,3082.27,100.75,4088.92,25798.47,22716.2,Debit Card,Completed
6d8e33e0-b1df-4841-8136-55253c666a33,2026_W27,O59256,U14013,P20,2026-07-04 12:16:51,2,3016.27,349.42,115.7,1022.96,6032.54,5683.12,Debit Card,Completed
6d8e33e0-b1df-4841-8136-55253c666a33,2026_W27,O59257,U25456,P78,2026-06-30 14:28:56,1,4536.03,513.34,165.84,724.08,4536.03,4022.6899999999996,Debit Card,Completed
6d8e33e0-b1df-4841-8136-55253c666a33,2026_W27,O59258,U20140,P25,2026-07-01 17:08:06,3,2539.74,661.34,174.27,1252.42,7619.219999999999,6957.879999999999,UPI,Completed
6d8e33e0-b1df-4841-8136-55253c666a33,2026_W27,O59259,U28332,P168,2026-06-30 08:35:23,2,6037.57,381.03,105.57,2104.94,12075.14,11694.109999999999,Credit Card,Completed
6d8e33e0-b1df-4841-8136-55253c666a33,2026_W27,O59260,U25541,P136,2026-07-02 01:26:36,4,10500.45,1322.77,55.81,7322.23,42001.8,40679.030000000006,Debit Card,Completed
6d8e33e0-b1df-4841-8136-55253c666a33,2026_W27,O59261,U10508,P194,2026-06-30 03:29:27,2,2286.6,300.8,58.96,769.03,4573.2,4272.4,UPI,Completed
6d8e33e0-b1df-4841-8136-55253c666a33,2026_W27,O59262,U2371,P94,2026-06-29 21:31:59,2,5614.01,1569.52,180.29,1738.53,11228.02,9658.5,UPI,Completed
6d8e33e0-b1df-4841-8136-55253c666a33,2026_W27,O59263,U5723,P113,2026-07-03 18:41:43,4,5364.85,297.49,55.11,3809.14,21459.4,21161.91,UPI,Completed
6d8e33e0-b1df-4841-8136-55253c666a33,2026_W27,O59264,U19198,P51,2026-06-30 17:59:33,4,5399.93,1224.24,172.43,3667.59,21599.72,20375.48,Debit Card,Completed
6d8e33e0-b1df-4841-8136-55253c666a33,2026_W27,O59265,U25554,P182,2026-07-02 01:08:27,2,4946.93,812.73,53.93,1634.6,9893.86,9081.130000000001,Credit Card,Completed
6d8e33e0-b1df-4841-8136-55253c666a33,2026_W27,O59266,U19403,P34,2026-06-30 03:26:35,3,3432.36,791.94,191.19,1710.93,10297.08,9505.14,UPI,Completed
6d8e33e0-b1df-4841-8136-55253c666a33,2026_W27,O59267,U18218,P86,2026-06-30 21:08:14,3,9877.51,2609.21,131.9,4864.2,29632.53,27023.32,Debit Card,Completed
6d8e33e0-b1df-4841-8136-55253c666a33,2026_W27,O59268,U3785,P135,2026-06-29 19:21:10,3,5890.55,1490.79,129.47,2912.55,17671.65,16180.86,Debit Card,Completed
6d8e33e0-b1df-4841-8136-55253c666a33,2026_W27,O59269,U5873,P191,2026-07-05 08:39:25,2,9506.3,2653.05,191.97,2944.72,19012.6,16359.55,Credit Card,Completed
6d8e33e0-b1df-4841-8136-55253c666a33,2026_W27,O59270,U12214,P137,2026-07-02 08:25:43,3,2618.72,1080.83,127.06,1219.56,7856.16,6775.33,Credit Card,Completed
6d8e33e0-b1df-4841-8136-55253c666a33,2026_W27,O59271,U28158,P129,2026-07-05 00:57:37,2,10030.81,2893.25,90.4,3090.31,20061.62,17168.37,Debit Card,Completed
6d8e33e0-b1df-4841-8136-55253c666a33,2026_W27,O59272,U20033,P146,2026-06-30 04:31:29,4,1678.25,898.19,198.82,1046.67,6713.0,5814.8099999999995,Wallet,Completed
6d8e33e0-b1df-4841-8136-55253c666a33,2026_W27,O59273,U19605,P140,2026-06-30 20:55:40,1,3100.99,210.48,196.71,520.29,3100.99,2890.5099999999998,Debit Card,Completed
6d8e33e0-b1df-4841-8136-55253c666a33,2026_W27,O59274,U21639,P64,2026-06-29 09:48:38,3,3844.36,952.53,110.87,1904.5,11533.08,10580.55,Credit Card,Completed
6d8e33e0-b1df-4841-8136-55253c666a33,2026_W27,O59275,U259,P65,2026-07-01 09:39:38,2,7295.29,505.87,71.18,2535.25,14590.58,14084.71,Wallet,Completed
6d8e33e0-b1df-4841-8136-55253c666a33,2026_W27,O59276,U8128,P45,2026-07-02 17:43:58,3,2342.15,609.78,130.75,1155.0,7026.450000000001,6416.670000000001,Credit Card,Completed
6d8e33e0-b1df-4841-8136-55253c666a33,2026_W27,O59277,U27530,P106,2026-06-30 10:25:24,2,7604.77,963.16,186.83,2564.35,15209.54,14246.380000000001,Credit Card,Completed
6d8e33e0-b1df-4841-8136-55253c666a33,2026_W27,O59278,U13088,P175,2026-07-01 07:09:50,3,3999.32,790.96,60.28,2017.26,11997.960000000001,11207.0,Credit Card,Completed
6d8e33e0-b1df-4841-8136-55253c666a33,2026_W27,O59279,U9133,P153,2026-07-01 19:29:01,1,6806.07,213.68,172.33,1186.63,6806.07,6592.389999999999,UPI,Completed
6d8e33e0-b1df-4841-8136-55253c666a33,2026_W27,O59280,U15422,P56,2026-07-01 14:34:46,3,5764.47,2321.65,177.9,2694.92,17293.41,14971.76,Wallet,Completed
6d8e33e0-b1df-4841-8136-55253c666a33,2026_W27,O59281,U20876,P110,2026-07-03 08:03:31,3,8883.32,3968.0,84.78,4082.75,26649.96,22681.96,Debit Card,Completed
6d8e33e0-b1df-4841-8136-55253c666a33,2026_W27,O59282,U20079,P191,2026-07-03 22:25:49,2,9506.3,2479.66,189.88,2975.93,19012.6,16532.94,UPI,Completed
6d8e33e0-b1df-4841-8136-55253c666a33,2026_W27,O59283,U364,P115,2026-06-30 11:49:25,3,10677.61,26.55,118.11,5761.13,32032.83,32006.280000000002,Credit Card,Completed
6d8e33e0-b1df-4841-8136-55253c666a33,2026_W27,O59284,U31415,P150,2026-07-05 02:55:26,2,3907.63,34.23,86.84,1400.59,7815.26,7781.030000000001,Wallet,Completed
6d8e33e0-b1df-4841-8136-55253c666a33,2026_W27,O59285,U7142,P100,2026-06-30 02:57:44,3,1750.2,50.99,51.9,935.93,5250.6,5199.610000000001,Credit Card,Completed
6d8e33e0-b1df-4841-8136-55253c666a33,2026_W27,O59286,U1263,P160,2026-07-03 08:00:42,2,5179.64,396.9,121.0,1793.23,10359.28,9962.380000000001,UPI,Completed
6d8e33e0-b1df-4841-8136-55253c666a33,2026_W27,O59287,U11651,P68,2026-07-03 12:19:17,1,4352.35,310.8,95.56,727.48,4352.35,4041.55,Debit Card,Completed
6d8e33e0-b1df-4841-8136-55253c666a33,2026_W27,O59288,U9781,P74,2026-07-01 07:37:46,2,6172.48,960.02,162.59,2049.29,12344.96,11384.939999999999,UPI,Completed
6d8e33e0-b1df-4841-8136-55253c666a33,2026_W27,O59289,U24626,P38,2026-07-01 19:49:22,4,4290.59,791.62,62.43,2946.73,17162.36,16370.74,Wallet,Completed
6d8e33e0-b1df-4841-8136-55253c666a33,2026_W27,O59290,U13074,P48,2026-07-01 14:21:25,2,3057.39,279.87,181.58,1050.28,6114.78,5834.91,Wallet,Completed
6d8e33e0-b1df-4841-8136-55253c666a33,2026_W27,O59291,U33934,P100,2026-07-04 06:26:13,4,1750.2,135.24,120.89,1235.8,7000.8,6865.56,UPI,Completed
6d8e33e0-b1df-4841-8136-55253c666a33,2026_W27,O59292,U11805,P57,2026-06-30 19:15:57,1,8411.78,1113.81,134.14,1313.63,8411.78,7297.970000000001,Credit Card,Completed
6d8e33e0-b1df-4841-8136-55253c666a33,2026_W27,O59293,U17126,P33,2026-07-03 17:50:14,2,5573.38,209.31,164.76,1968.74,11146.76,10937.45,Debit Card,Completed
6d8e33e0-b1df-4841-8136-55253c666a33,2026_W27,O59294,U8200,P177,2026-07-04 19:39:44,1,9676.29,1368.19,190.85,1495.46,9676.29,8308.1,Credit Card,Completed
6d8e33e0-b1df-4841-8136-55253c666a33,2026_W27,O59295,U6508,P42,2026-07-01 20:28:21,3,5037.81,1768.69,83.32,2402.05,15113.43,13344.74,Wallet,Completed
6d8e33e0-b1df-4841-8136-55253c666a33,2026_W27,O59296,U4671,P9,2026-07-01 18:02:58,2,5229.72,967.24,54.7,1708.6,10459.44,9492.2,Wallet,Completed
6d8e33e0-b1df-4841-8136-55253c666a33,2026_W27,O59297,U2650,P61,2026-07-01 19:00:21,1,7869.26,620.16,65.22,1304.84,7869.26,7249.1,Wallet,Completed
6d8e33e0-b1df-4841-8136-55253c666a33,2026_W27,O59298,U16213,P198,2026-07-04 00:04:11,1,4611.32,470.76,51.71,745.3,4611.32,4140.5599999999995,Debit Card,Completed
6d8e33e0-b1df-4841-8136-55253c666a33,2026_W27,O59299,U16463,P145,2026-07-04 00:39:49,2,6190.5,1457.49,152.93,1966.23,12381.0,10923.51,UPI,Completed
6d8e33e0-b1df-4841-8136-55253c666a33,2026_W27,O59300,U7195,P169,2026-07-05 08:46:57,1,10966.13,450.5,136.96,1892.81,10966.13,10515.63,Credit Card,Completed
6d8e33e0-b1df-4841-8136-55253c666a33,2026_W27,O59301,U16534,P9,2026-07-02 19:26:55,2,5229.72,1276.51,54.41,1652.93,10459.44,9182.93,UPI,Completed
6d8e33e0-b1df-4841-8136-55253c666a33,2026_W27,O59302,U22318,P150,2026-07-02 04:37:17,3,3907.63,877.66,163.17,1952.14,11722.89,10845.23,Credit Card,Completed
6d8e33e0-b1df-4841-8136-55253c666a33,2026_W27,O59303,U583,P80,2026-07-03 11:04:35,1,6276.46,859.51,87.97,975.05,6276.46,5416.95,Debit Card,Completed
6d8e33e0-b1df-4841-8136-55253c666a33,2026_W27,O59304,U32514,P152,2026-07-04 04:29:31,2,5413.06,1613.43,61.61,1658.28,10826.12,9212.69,UPI,Completed
6d8e33e0-b1df-4841-8136-55253c666a33,2026_W27,O59305,U19939,P58,2026-07-03 07:59:00,4,2960.66,1577.02,68.5,1847.81,11842.64,10265.619999999999,Debit Card,Completed
6d8e33e0-b1df-4841-8136-55253c666a33,2026_W27,O59306,U2809,P78,2026-06-30 16:38:36,4,4536.03,1661.09,145.24,2966.95,18144.12,16483.03,Credit Card,Completed
6d8e33e0-b1df-4841-8136-55253c666a33,2026_W27,O59307,U12750,P11,2026-07-03 17:00:59,2,7598.14,1067.98,127.83,2543.09,15196.28,14128.300000000001,UPI,Completed
6d8e33e0-b1df-4841-8136-55253c666a33,2026_W27,O59308,U9966,P195,2026-07-02 09:17:02,2,6655.83,1392.26,115.3,2145.49,13311.66,11919.4,Wallet,Completed
6d8e33e0-b1df-4841-8136-55253c666a33,2026_W27,O59309,U23844,P33,2026-07-02 21:51:34,3,5573.38,2140.61,53.48,2624.32,16720.14,14579.529999999999,UPI,Completed
6d8e33e0-b1df-4841-8136-55253c666a33,2026_W27,O59310,U3682,P196,2026-07-01 14:23:24,1,9515.08,1025.62,80.57,1528.1,9515.08,8489.46,Debit Card,Completed
6d8e33e0-b1df-4841-8136-55253c666a33,2026_W27,O59311,U21955,P125,2026-07-02 11:03:44,3,9952.48,397.89,121.32,5302.72,29857.44,29459.55,UPI,Completed
6d8e33e0-b1df-4841-8136-55253c666a33,2026_W27,O59312,U3845,P188,2026-06-29 18:49:41,1,2967.62,127.5,159.58,511.22,2967.62,2840.12,UPI,Completed
6d8e33e0-b1df-4841-8136-55253c666a33,2026_W27,O59313,U20343,P198,2026-06-30 03:54:50,2,4611.32,801.41,101.94,1515.82,9222.64,8421.23,Debit Card,Completed
6d8e33e0-b1df-4841-8136-55253c666a33,2026_W27,O59314,U18977,P200,2026-06-30 03:24:22,1,4553.19,390.08,120.5,749.36,4553.19,4163.11,Wallet,Completed
6d8e33e0-b1df-4841-8136-55253c666a33,2026_W27,O59315,U20654,P94,2026-07-03 06:57:48,4,5614.01,1197.51,76.57,3826.54,22456.04,21258.530000000002,UPI,Completed
6d8e33e0-b1df-4841-8136-55253c666a33,2026_W27,O59316,U25467,P61,2026-07-01 07:53:29,2,7869.26,1544.62,178.46,2554.9,15738.52,14193.900000000001,UPI,Completed
6d8e33e0-b1df-4841-8136-55253c666a33,2026_W27,O59317,U23876,P188,2026-06-30 10:12:18,3,2967.62,1014.08,156.67,1419.98,8902.86,7888.780000000001,Wallet,Completed
6d8e33e0-b1df-4841-8136-55253c666a33,2026_W27,O59318,U31545,P9,2026-07-04 04:51:38,3,5229.72,988.94,119.97,2646.04,15689.16,14700.22,UPI,Completed
6d8e33e0-b1df-4841-8136-55253c666a33,2026_W27,O59319,U21176,P142,2026-07-03 14:15:00,3,9238.71,3923.47,185.29,4282.68,27716.129999999997,23792.659999999996,Debit Card,Completed
6d8e33e0-b1df-4841-8136-55253c666a33,2026_W27,O59320,U6989,P140,2026-07-04 17:18:32,3,3100.99,184.65,179.35,1641.3,9302.97,9118.32,UPI,Completed
6d8e33e0-b1df-4841-8136-55253c666a33,2026_W27,O59321,U14222,P163,2026-07-05 02:32:04,1,5553.52,33.02,74.22,993.69,5553.52,5520.5,Debit Card,Completed
6d8e33e0-b1df-4841-8136-55253c666a33,2026_W27,O59322,U14345,P111,2026-07-02 04:55:10,3,7719.79,2658.43,81.25,3690.17,23159.37,20500.94,Credit Card,Completed
6d8e33e0-b1df-4841-8136-55253c666a33,2026_W27,O59323,U371,P32,2026-07-02 16:33:10,3,4904.65,507.2,179.02,2557.21,14713.949999999999,14206.749999999998,Debit Card,Completed
6d8e33e0-b1df-4841-8136-55253c666a33,2026_W27,O59324,U1651,P135,2026-06-29 13:39:57,2,5890.55,1004.22,179.33,1939.84,11781.1,10776.880000000001,Wallet,Completed
6d8e33e0-b1df-4841-8136-55253c666a33,2026_W27,O59325,U22683,P178,2026-07-03 10:46:11,4,7836.39,1090.5,92.28,5445.91,31345.56,30255.06,Wallet,Completed
6d8e33e0-b1df-4841-8136-55253c666a33,2026_W27,O59326,U13379,P63,2026-06-30 00:29:41,2,9352.06,2270.07,87.89,2958.13,18704.12,16434.05,Credit Card,Completed
6d8e33e0-b1df-4841-8136-55253c666a33,2026_W27,O59327,U23639,P135,2026-07-03 03:10:21,3,5890.55,1867.07,66.57,2844.82,17671.65,15804.580000000002,Credit Card,Completed
6d8e33e0-b1df-4841-8136-55253c666a33,2026_W27,O59328,U8745,P23,2026-07-04 17:52:00,2,7426.47,1523.97,90.21,2399.21,14852.94,13328.970000000001,Debit Card,Completed
6d8e33e0-b1df-4841-8136-55253c666a33,2026_W27,O59329,U13472,P109,2026-07-01 20:27:16,1,8070.73,1140.1,187.69,1247.51,8070.73,6930.629999999999,Wallet,Completed
6d8e33e0-b1df-4841-8136-55253c666a33,2026_W27,O59330,U31691,P185,2026-07-02 23:47:45,2,2854.87,737.52,187.82,895.0,5709.74,4972.219999999999,Wallet,Completed
6d8e33e0-b1df-4841-8136-55253c666a33,2026_W27,O59331,U33089,P10,2026-06-30 08:56:08,4,3822.68,532.23,153.54,2656.53,15290.72,14758.49,Credit Card,Completed
6d8e33e0-b1df-4841-8136-55253c666a33,2026_W27,O59332,U8096,P139,2026-07-04 21:50:52,1,7373.8,736.56,104.64,1194.7,7373.8,6637.24,Debit Card,Completed
6d8e33e0-b1df-4841-8136-55253c666a33,2026_W27,O59333,U3966,P52,2026-06-30 06:50:26,2,7675.89,677.83,57.69,2641.31,15351.78,14673.95,UPI,Completed
6d8e33e0-b1df-4841-8136-55253c666a33,2026_W27,O59334,U15135,P51,2026-07-01 15:07:08,4,5399.93,2565.58,62.32,3426.15,21599.72,19034.14,Wallet,Completed
6d8e33e0-b1df-4841-8136-55253c666a33,2026_W27,O59335,U19430,P128,2026-07-02 13:24:44,4,3543.69,1417.1,123.37,2296.38,14174.76,12757.66,Credit Card,Completed
6d8e33e0-b1df-4841-8136-55253c666a33,2026_W27,O59336,U12792,P117,2026-07-04 01:25:02,2,1818.08,407.12,132.56,581.23,3636.16,3229.04,Debit Card,Completed
6d8e33e0-b1df-4841-8136-55253c666a33,2026_W27,O59337,U16778,P39,2026-07-02 22:50:20,1,10748.05,395.45,158.24,1863.47,10748.05,10352.599999999999,Debit Card,Completed
6d8e33e0-b1df-4841-8136-55253c666a33,2026_W27,O59338,U34252,P143,2026-07-03 07:25:45,1,7220.76,534.18,74.05,1203.58,7220.76,6686.58,Credit Card,Completed
6d8e33e0-b1df-4841-8136-55253c666a33,2026_W27,O59339,U11354,P67,2026-07-05 01:11:31,1,4487.19,421.14,130.82,731.89,4487.19,4066.0499999999997,Wallet,Completed
6d8e33e0-b1df-4841-8136-55253c666a33,2026_W27,O59340,U32445,P128,2026-06-30 12:12:06,2,3543.69,193.83,90.07,1240.84,7087.38,6893.55,UPI,Completed
6d8e33e0-b1df-4841-8136-55253c666a33,2026_W27,O59341,U4468,P122,2026-07-01 18:01:04,1,9537.16,891.22,101.13,1556.27,9537.16,8645.94,Credit Card,Completed
6d8e33e0-b1df-4841-8136-55253c666a33,2026_W27,O59342,U12895,P133,2026-07-01 18:16:46,2,10395.42,2691.65,157.96,3257.85,20790.84,18099.19,UPI,Completed
6d8e33e0-b1df-4841-8136-55253c666a33,2026_W27,O59343,U9275,P185,2026-06-29 22:51:13,3,2854.87,776.12,148.03,1401.93,8564.61,7788.490000000001,Debit Card,Completed
6d8e33e0-b1df-4841-8136-55253c666a33,2026_W27,O59344,U9605,P134,2026-06-30 03:37:21,1,3480.9,299.15,96.79,572.72,3480.9,3181.75,Debit Card,Completed
6d8e33e0-b1df-4841-8136-55253c666a33,2026_W27,O59345,U18882,P152,2026-07-03 04:09:17,3,5413.06,1166.63,155.51,2713.06,16239.18,15072.55,UPI,Completed
6d8e33e0-b1df-4841-8136-55253c666a33,2026_W27,O59346,U1133,P6,2026-06-30 13:40:13,2,6939.39,1946.33,164.5,2147.84,13878.78,11932.45,Debit Card,Completed
6d8e33e0-b1df-4841-8136-55253c666a33,2026_W27,O59347,U22535,P39,2026-07-03 10:16:56,2,10748.05,743.81,63.79,3735.41,21496.1,20752.289999999997,Wallet,Completed
6d8e33e0-b1df-4841-8136-55253c666a33,2026_W27,O59348,U19385,P79,2026-07-02 14:36:11,1,4174.75,120.3,74.44,729.8,4174.75,4054.45,Wallet,Completed
6d8e33e0-b1df-4841-8136-55253c666a33,2026_W27,O59349,U32360,P154,2026-07-02 03:51:01,4,3395.73,1033.16,86.82,2258.96,13582.92,12549.76,Wallet,Completed
6d8e33e0-b1df-4841-8136-55253c666a33,2026_W27,O59350,U26336,P87,2026-06-30 16:04:39,3,7207.16,1417.36,83.32,3636.74,21621.48,20204.12,Credit Card,Completed
6d8e33e0-b1df-4841-8136-55253c666a33,2026_W27,O59351,U15120,P34,2026-07-04 10:28:57,4,3432.36,1754.99,102.43,2155.4,13729.44,11974.45,UPI,Completed
6d8e33e0-b1df-4841-8136-55253c666a33,2026_W27,O59352,U9702,P117,2026-07-05 06:23:51,2,1818.08,96.24,134.79,637.19,3636.16,3539.92,Debit Card,Completed
6d8e33e0-b1df-4841-8136-55253c666a33,2026_W27,O59353,U20648,P143,2026-07-01 04:26:26,2,7220.76,4.47,75.7,2598.67,14441.52,14437.050000000001,Debit Card,Completed
6d8e33e0-b1df-4841-8136-55253c666a33,2026_W27,O59354,U12658,P165,2026-07-01 13:31:01,4,4483.27,216.9,129.79,3188.91,17933.08,17716.18,Credit Card,Completed
6d8e33e0-b1df-4841-8136-55253c666a33,2026_W27,O59355,U17259,P21,2026-06-30 06:51:16,4,7568.69,2697.64,119.96,4963.88,30274.76,27577.12,Wallet,Completed
6d8e33e0-b1df-4841-8136-55253c666a33,2026_W27,O59356,U14436,P64,2026-07-05 06:12:34,3,3844.36,1318.49,184.22,1838.63,11533.08,10214.59,Debit Card,Completed
6d8e33e0-b1df-4841-8136-55253c666a33,2026_W27,O59357,U8472,P15,2026-07-01 12:31:11,3,3230.88,954.53,71.81,1572.86,9692.64,8738.109999999999,Credit Card,Completed
6d8e33e0-b1df-4841-8136-55253c666a33,2026_W27,O59358,U32430,P196,2026-06-29 14:18:54,3,9515.08,146.33,186.26,5111.8,28545.239999999998,28398.909999999996,Debit Card,Completed
6d8e33e0-b1df-4841-8136-55253c666a33,2026_W27,O59359,U31463,P38,2026-07-03 10:07:18,1,4290.59,241.25,78.43,728.88,4290.59,4049.34,Debit Card,Completed
6d8e33e0-b1df-4841-8136-55253c666a33,2026_W27,O59360,U8200,P192,2026-07-03 19:30:07,1,11414.94,963.97,85.23,1881.17,11414.94,10450.970000000001,Debit Card,Completed
6d8e33e0-b1df-4841-8136-55253c666a33,2026_W27,O59361,U19634,P139,2026-06-30 17:34:52,2,7373.8,391.08,68.37,2584.17,14747.6,14356.52,UPI,Completed
6d8e33e0-b1df-4841-8136-55253c666a33,2026_W27,O59362,U17492,P163,2026-07-04 20:20:45,3,5553.52,238.32,160.34,2956.0,16660.56,16422.24,Wallet,Completed
6d8e33e0-b1df-4841-8136-55253c666a33,2026_W27,O59363,U1171,P162,2026-07-05 01:06:02,3,7889.79,1617.51,81.86,3969.33,23669.37,22051.86,Credit Card,Completed
6d8e33e0-b1df-4841-8136-55253c666a33,2026_W27,O59364,U6817,P109,2026-06-30 00:37:25,3,8070.73,1949.06,165.01,4007.36,24212.19,22263.129999999997,Debit Card,Completed
6d8e33e0-b1df-4841-8136-55253c666a33,2026_W27,O59365,U34825,P196,2026-07-01 05:45:51,3,9515.08,955.52,94.76,4966.15,28545.239999999998,27589.719999999998,UPI,Completed
6d8e33e0-b1df-4841-8136-55253c666a33,2026_W27,O59366,U25280,P57,2026-07-02 14:20:34,2,8411.78,1500.5,189.52,2758.15,16823.56,15323.060000000001,Credit Card,Completed
6d8e33e0-b1df-4841-8136-55253c666a33,2026_W27,O59367,U9745,P173,2026-07-02 15:42:03,4,7576.76,751.97,180.61,5319.91,30307.04,29555.07,Wallet,Completed
6d8e33e0-b1df-4841-8136-55253c666a33,2026_W27,O59368,U13105,P163,2026-07-01 10:16:53,2,5553.52,1181.39,63.16,1786.62,11107.04,9925.650000000001,UPI,Completed
6d8e33e0-b1df-4841-8136-55253c666a33,2026_W27,O59369,U9978,P76,2026-07-04 19:04:52,4,7097.72,3844.66,96.4,4418.32,28390.88,24546.22,Wallet,Completed
6d8e33e0-b1df-4841-8136-55253c666a33,2026_W27,O59370,U9801,P157,2026-07-01 12:06:52,4,6934.8,3068.35,169.24,4440.75,27739.2,24670.850000000002,Wallet,Completed
6d8e33e0-b1df-4841-8136-55253c666a33,2026_W27,O59371,U20407,P94,2026-07-02 23:07:42,3,5614.01,1943.87,62.33,2681.67,16842.03,14898.16,UPI,Completed
6d8e33e0-b1df-4841-8136-55253c666a33,2026_W27,O59372,U24615,P162,2026-06-30 07:23:05,1,7889.79,358.47,108.42,1355.64,7889.79,7531.32,UPI,Completed
6d8e33e0-b1df-4841-8136-55253c666a33,2026_W27,O59373,U18652,P79,2026-06-29 16:50:53,1,4174.75,23.8,178.01,747.17,4174.75,4150.95,Wallet,Completed
6d8e33e0-b1df-4841-8136-55253c666a33,2026_W27,O59374,U27921,P88,2026-07-04 08:58:28,2,11704.48,2857.86,165.67,3699.2,23408.96,20551.1,Debit Card,Completed
6d8e33e0-b1df-4841-8136-55253c666a33,2026_W27,O59375,U8888,P147,2026-07-02 19:28:10,2,4417.37,1050.01,143.93,1401.25,8834.74,7784.73,Credit Card,Completed
6d8e33e0-b1df-4841-8136-55253c666a33,2026_W27,O59376,U9269,P18,2026-07-04 08:32:05,1,3465.55,284.67,196.49,572.56,3465.55,3180.88,Wallet,Completed
6d8e33e0-b1df-4841-8136-55253c666a33,2026_W27,O59377,U9028,P182,2026-07-04 04:02:41,2,4946.93,108.39,104.42,1761.38,9893.86,9785.470000000001,Wallet,Completed
6d8e33e0-b1df-4841-8136-55253c666a33,2026_W27,O59378,U17827,P149,2026-07-02 06:04:42,1,2710.59,366.97,114.45,421.85,2710.59,2343.62,Wallet,Completed
6d8e33e0-b1df-4841-8136-55253c666a33,2026_W27,O59379,U20228,P44,2026-07-04 23:58:48,3,1407.86,243.93,63.93,716.34,4223.58,3979.65,Debit Card,Completed
6d8e33e0-b1df-4841-8136-55253c666a33,2026_W27,O59380,U12744,P101,2026-06-30 12:23:29,1,8924.96,10.75,152.96,1604.56,8924.96,8914.21,Wallet,Completed
6d8e33e0-b1df-4841-8136-55253c666a33,2026_W27,O59381,U9511,P20,2026-07-04 13:07:33,4,3016.27,52.3,60.79,2162.3,12065.08,12012.78,Wallet,Completed
6d8e33e0-b1df-4841-8136-55253c666a33,2026_W27,O59382,U33322,P158,2026-06-30 02:21:38,3,5070.42,2236.36,65.47,2335.48,15211.26,12974.9,Credit Card,Completed
6d8e33e0-b1df-4841-8136-55253c666a33,2026_W27,O59383,U24147,P116,2026-07-05 08:29:24,4,7151.55,193.1,122.23,5114.36,28606.2,28413.100000000002,Credit Card,Completed
6d8e33e0-b1df-4841-8136-55253c666a33,2026_W27,O59384,U33240,P128,2026-07-02 20:01:26,3,3543.69,727.44,134.71,1782.65,10631.07,9903.63,Credit Card,Completed
6d8e33e0-b1df-4841-8136-55253c666a33,2026_W27,O59385,U8,P95,2026-07-02 07:35:14,1,5783.09,230.26,70.27,999.51,5783.09,5552.83,Debit Card,Completed
6d8e33e0-b1df-4841-8136-55253c666a33,2026_W27,O59386,U29463,P41,2026-07-02 07:50:40,4,1959.52,272.65,66.06,1361.78,7838.08,7565.43,UPI,Completed
6d8e33e0-b1df-4841-8136-55253c666a33,2026_W27,O59387,U25291,P127,2026-07-03 13:02:57,4,4862.09,291.75,115.32,3448.19,19448.36,19156.61,Credit Card,Completed
6d8e33e0-b1df-4841-8136-55253c666a33,2026_W27,O59388,U7679,P157,2026-07-03 05:26:01,4,6934.8,1099.64,75.05,4795.12,27739.2,26639.56,Wallet,Completed
6d8e33e0-b1df-4841-8136-55253c666a33,2026_W27,O59389,U17257,P14,2026-07-01 09:40:30,2,5736.45,169.22,60.32,2034.66,11472.9,11303.68,Debit Card,Completed
6d8e33e0-b1df-4841-8136-55253c666a33,2026_W27,O59390,U19445,P103,2026-07-01 09:57:45,3,2762.4,1021.48,156.72,1307.83,8287.2,7265.720000000001,Wallet,Completed
6d8e33e0-b1df-4841-8136-55253c666a33,2026_W27,O59391,U21465,P181,2026-07-04 21:34:02,3,5516.14,1434.0,158.71,2720.6,16548.420000000002,15114.420000000002,Wallet,Completed
6d8e33e0-b1df-4841-8136-55253c666a33,2026_W27,O59392,U9031,P26,2026-07-03 16:22:00,1,5113.55,721.78,82.13,790.52,5113.55,4391.77,Debit Card,Completed
6d8e33e0-b1df-4841-8136-55253c666a33,2026_W27,O59393,U22838,P119,2026-06-30 09:13:29,2,9225.28,1427.07,76.82,3064.23,18450.56,17023.49,UPI,Completed
6d8e33e0-b1df-4841-8136-55253c666a33,2026_W27,O59394,U5684,P98,2026-07-04 15:55:40,4,7289.76,2460.13,182.89,4805.8,29159.04,26698.91,Credit Card,Completed
6d8e33e0-b1df-4841-8136-55253c666a33,2026_W27,O59395,U1819,P49,2026-07-03 04:31:26,2,8208.46,1732.26,92.09,2643.24,16416.92,14684.659999999998,Credit Card,Completed
6d8e33e0-b1df-4841-8136-55253c666a33,2026_W27,O59396,U5577,P161,2026-06-30 11:11:17,3,4439.61,99.27,150.38,2379.52,13318.829999999998,13219.559999999998,Wallet,Completed
6d8e33e0-b1df-4841-8136-55253c666a33,2026_W27,O59397,U28563,P88,2026-07-04 19:41:30,2,11704.48,1636.12,87.0,3919.11,23408.96,21772.84,Credit Card,Completed
6d8e33e0-b1df-4841-8136-55253c666a33,2026_W27,O59398,U4609,P164,2026-06-29 18:00:31,1,4106.87,431.38,199.64,661.59,4106.87,3675.49,UPI,Completed
6d8e33e0-b1df-4841-8136-55253c666a33,2026_W27,O59399,U17257,P47,2026-06-30 05:37:23,1,7084.59,840.76,135.6,1123.89,7084.59,6243.83,UPI,Completed
6d8e33e0-b1df-4841-8136-55253c666a33,2026_W27,O59400,U23512,P111,2026-07-04 12:24:17,4,7719.79,3359.11,161.71,4953.61,30879.16,27520.05,UPI,Completed
6d8e33e0-b1df-4841-8136-55253c666a33,2026_W27,O59401,U24280,P22,2026-06-30 16:03:33,2,9175.57,1251.64,99.94,3077.91,18351.14,17099.5,UPI,Completed
6d8e33e0-b1df-4841-8136-55253c666a33,2026_W27,O59402,U2717,P20,2026-07-03 21:58:06,3,3016.27,366.52,165.85,1562.81,9048.81,8682.289999999999,UPI,Completed
6d8e33e0-b1df-4841-8136-55253c666a33,2026_W27,O59403,U33445,P76,2026-07-03 03:07:34,4,7097.72,1728.29,54.14,4799.27,28390.88,26662.59,Debit Card,Completed
6d8e33e0-b1df-4841-8136-55253c666a33,2026_W27,O59404,U15763,P140,2026-07-02 20:05:44,4,3100.99,352.23,154.74,2169.31,12403.96,12051.73,Debit Card,Completed
6d8e33e0-b1df-4841-8136-55253c666a33,2026_W27,O59405,U34853,P29,2026-07-04 18:31:11,3,1618.44,238.2,54.68,831.08,4855.32,4617.12,UPI,Completed
6d8e33e0-b1df-4841-8136-55253c666a33,2026_W27,O59406,U24745,P147,2026-07-04 01:34:18,1,4417.37,188.54,92.36,761.19,4417.37,4228.83,Credit Card,Completed
6d8e33e0-b1df-4841-8136-55253c666a33,2026_W27,O59407,U16378,P46,2026-07-04 00:52:36,1,2979.32,281.1,67.28,485.68,2979.32,2698.2200000000003,Debit Card,Completed
6d8e33e0-b1df-4841-8136-55253c666a33,2026_W27,O59408,U17076,P154,2026-07-02 08:11:39,4,3395.73,2009.92,174.25,2083.14,13582.92,11573.0,UPI,Completed
6d8e33e0-b1df-4841-8136-55253c666a33,2026_W27,O59409,U20386,P6,2026-06-30 04:54:45,1,6939.39,210.28,145.38,1211.24,6939.39,6729.110000000001,Credit Card,Completed
6d8e33e0-b1df-4841-8136-55253c666a33,2026_W27,O59410,U27924,P28,2026-07-02 02:29:23,2,4687.09,1104.53,162.48,1488.54,9374.18,8269.65,Debit Card,Completed
6d8e33e0-b1df-4841-8136-55253c666a33,2026_W27,O59411,U30941,P45,2026-06-30 17:32:07,3,2342.15,352.66,149.01,1201.28,7026.450000000001,6673.790000000001,Debit Card,Completed
6d8e33e0-b1df-4841-8136-55253c666a33,2026_W27,O59412,U30852,P159,2026-06-29 10:08:54,2,5801.91,560.4,133.49,1987.82,11603.82,11043.42,Credit Card,Completed
6d8e33e0-b1df-4841-8136-55253c666a33,2026_W27,O59413,U15532,P80,2026-07-02 02:51:31,4,6276.46,2386.12,97.68,4089.55,25105.84,22719.72,Debit Card,Completed
6d8e33e0-b1df-4841-8136-55253c666a33,2026_W27,O59414,U34368,P8,2026-07-04 05:59:25,1,8837.46,942.62,57.98,1421.07,8837.46,7894.839999999999,Credit Card,Completed
6d8e33e0-b1df-4841-8136-55253c666a33,2026_W27,O59415,U8279,P74,2026-07-03 19:26:33,1,6172.48,605.97,72.97,1001.97,6172.48,5566.509999999999,Credit Card,Completed
6d8e33e0-b1df-4841-8136-55253c666a33,2026_W27,O59416,U5036,P56,2026-07-05 03:12:37,1,5764.47,70.41,63.84,1024.93,5764.47,5694.06,Wallet,Completed
6d8e33e0-b1df-4841-8136-55253c666a33,2026_W27,O59417,U9888,P59,2026-07-03 19:19:17,4,5883.82,668.69,141.71,4115.99,23535.28,22866.59,Debit Card,Completed
6d8e33e0-b1df-4841-8136-55253c666a33,2026_W27,O59418,U34381,P196,2026-07-04 05:36:46,2,9515.08,2560.82,171.9,2964.48,19030.16,16469.34,Debit Card,Completed
6d8e33e0-b1df-4841-8136-55253c666a33,2026_W27,O59419,U26525,P51,2026-07-02 14:17:42,3,5399.93,296.44,184.7,2862.6,16199.79,15903.35,UPI,Completed
6d8e33e0-b1df-4841-8136-55253c666a33,2026_W27,O59420,U21403,P124,2026-07-03 23:19:43,2,5965.84,1306.33,58.73,1912.56,11931.68,10625.35,Debit Card,Completed
6d8e33e0-b1df-4841-8136-55253c666a33,2026_W27,O59421,U9313,P183,2026-07-01 02:30:07,2,4514.63,743.96,64.15,1491.35,9029.26,8285.3,Wallet,Completed
6d8e33e0-b1df-4841-8136-55253c666a33,2026_W27,O59422,U28345,P170,2026-06-29 23:21:29,3,2647.64,1093.24,128.39,1232.94,7942.92,6849.68,Wallet,Completed
6d8e33e0-b1df-4841-8136-55253c666a33,2026_W27,O59423,U18790,P111,2026-07-02 08:32:26,4,7719.79,1507.58,190.77,5286.88,30879.16,29371.58,Debit Card,Completed
6d8e33e0-b1df-4841-8136-55253c666a33,2026_W27,O59424,U33150,P18,2026-06-29 17:00:59,2,3465.55,238.72,65.69,1204.63,6931.1,6692.38,Wallet,Completed
6d8e33e0-b1df-4841-8136-55253c666a33,2026_W27,O59425,U30846,P177,2026-07-03 19:52:19,4,9676.29,3126.23,103.96,6404.21,38705.16,35578.93,UPI,Completed
6d8e33e0-b1df-4841-8136-55253c666a33,2026_W27,O59426,U18445,P195,2026-07-01 13:57:40,4,6655.83,2738.33,103.11,4299.3,26623.32,23884.989999999998,Credit Card,Completed
6d8e33e0-b1df-4841-8136-55253c666a33,2026_W27,O59427,U9332,P191,2026-07-02 18:06:07,1,9506.3,967.32,160.14,1537.02,9506.3,8538.98,UPI,Completed
6d8e33e0-b1df-4841-8136-55253c666a33,2026_W27,O59428,U33465,P17,2026-07-02 12:42:51,2,6241.42,1717.05,197.63,1937.84,12482.84,10765.79,UPI,Completed
6d8e33e0-b1df-4841-8136-55253c666a33,2026_W27,O59429,U28151,P5,2026-07-03 13:51:31,4,4886.67,986.26,123.75,3340.88,19546.68,18560.420000000002,Credit Card,Completed
6d8e33e0-b1df-4841-8136-55253c666a33,2026_W27,O59430,U5825,P115,2026-07-04 03:36:28,2,10677.61,2009.42,109.57,3482.24,21355.22,19345.800000000003,Wallet,Completed
6d8e33e0-b1df-4841-8136-55253c666a33,2026_W27,O59431,U31534,P59,2026-07-04 10:47:09,1,5883.82,613.89,96.52,948.59,5883.82,5269.929999999999,Credit Card,Completed
6d8e33e0-b1df-4841-8136-55253c666a33,2026_W27,O59432,U12066,P9,2026-07-03 12:16:50,2,5229.72,1241.19,130.4,1659.28,10459.44,9218.25,Credit Card,Completed
6d8e33e0-b1df-4841-8136-55253c666a33,2026_W27,O59433,U28416,P185,2026-07-04 08:18:34,2,2854.87,179.46,69.81,995.45,5709.74,5530.28,Credit Card,Completed
6d8e33e0-b1df-4841-8136-55253c666a33,2026_W27,O59434,U9190,P139,2026-07-01 01:12:19,1,7373.8,222.77,156.73,1287.19,7373.8,7151.03,Credit Card,Completed
6d8e33e0-b1df-4841-8136-55253c666a33,2026_W27,O59435,U34961,P77,2026-07-05 02:04:59,1,5304.36,262.93,196.62,907.46,5304.36,5041.429999999999,Wallet,Completed
6d8e33e0-b1df-4841-8136-55253c666a33,2026_W27,O59436,U7118,P163,2026-07-01 13:50:37,1,5553.52,17.51,104.57,996.48,5553.52,5536.01,Debit Card,Completed
6d8e33e0-b1df-4841-8136-55253c666a33,2026_W27,O59437,U27983,P169,2026-07-02 23:58:38,3,10966.13,285.17,152.24,5870.38,32898.39,32613.22,UPI,Completed
6d8e33e0-b1df-4841-8136-55253c666a33,2026_W27,O59438,U28190,P114,2026-07-03 22:00:38,3,1980.84,536.04,82.25,973.17,5942.5199999999995,5406.48,UPI,Completed
6d8e33e0-b1df-4841-8136-55253c666a33,2026_W27,O59439,U22384,P85,2026-07-01 11:50:19,2,2941.32,662.83,52.34,939.57,5882.64,5219.81,Debit Card,Completed
6d8e33e0-b1df-4841-8136-55253c666a33,2026_W27,O59440,U12852,P66,2026-07-04 03:59:58,1,7809.87,414.91,81.94,1331.09,7809.87,7394.96,Wallet,Completed
6d8e33e0-b1df-4841-8136-55253c666a33,2026_W27,O59441,U31732,P121,2026-07-02 23:12:51,4,7793.76,2704.95,172.26,5124.62,31175.04,28470.09,UPI,Completed
6d8e33e0-b1df-4841-8136-55253c666a33,2026_W27,O59442,U26323,P198,2026-06-30 22:43:57,4,4611.32,975.41,170.3,3144.58,18445.28,17469.87,Wallet,Completed
6d8e33e0-b1df-4841-8136-55253c666a33,2026_W27,O59443,U24139,P124,2026-07-04 01:37:26,2,5965.84,1388.52,74.73,1897.77,11931.68,10543.16,Wallet,Completed
6d8e33e0-b1df-4841-8136-55253c666a33,2026_W27,O59444,U32731,P104,2026-07-02 21:05:14,4,7848.2,2377.9,105.73,5222.68,31392.8,29014.899999999998,Credit Card,Completed
6d8e33e0-b1df-4841-8136-55253c666a33,2026_W27,O59445,U15312,P173,2026-07-03 21:17:35,1,7576.76,800.35,76.66,1219.75,7576.76,6776.41,UPI,Completed
6d8e33e0-b1df-4841-8136-55253c666a33,2026_W27,O59446,U32910,P118,2026-07-05 02:38:52,3,9270.95,1321.94,173.24,4768.36,27812.850000000002,26490.910000000003,Debit Card,Completed
6d8e33e0-b1df-4841-8136-55253c666a33,2026_W27,O59447,U33333,P104,2026-07-02 11:43:55,3,7848.2,489.96,128.3,4149.84,23544.6,23054.64,Debit Card,Completed
6d8e33e0-b1df-4841-8136-55253c666a33,2026_W27,O59448,U239,P111,2026-06-30 17:29:36,3,7719.79,2559.89,87.07,3707.91,23159.37,20599.48,Wallet,Completed
6d8e33e0-b1df-4841-8136-55253c666a33,2026_W27,O59449,U21107,P82,2026-07-03 08:32:32,4,2456.79,524.74,107.65,1674.44,9827.16,9302.42,Debit Card,Completed
6d8e33e0-b1df-4841-8136-55253c666a33,2026_W27,O59450,U29596,P173,2026-07-03 12:28:22,2,7576.76,1887.25,72.19,2387.93,15153.52,13266.27,Wallet,Completed
6d8e33e0-b1df-4841-8136-55253c666a33,2026_W27,O59451,U12163,P62,2026-07-01 22:33:16,4,8933.75,1667.91,96.78,6132.08,35735.0,34067.09,Debit Card,Completed
6d8e33e0-b1df-4841-8136-55253c666a33,2026_W27,O59452,U33636,P51,2026-07-02 14:00:39,1,5399.93,279.1,180.83,921.75,5399.93,5120.83,Wallet,Completed
6d8e33e0-b1df-4841-8136-55253c666a33,2026_W27,O59453,U15119,P191,2026-07-02 00:13:02,3,9506.3,4015.82,133.13,4410.55,28518.899999999998,24503.079999999998,Debit Card,Completed
6d8e33e0-b1df-4841-8136-55253c666a33,2026_W27,O59454,U4194,P105,2026-06-29 16:06:52,1,7230.61,323.91,178.87,1243.21,7230.61,6906.7,Wallet,Completed
6d8e33e0-b1df-4841-8136-55253c666a33,2026_W27,O59455,U21108,P124,2026-07-02 05:09:14,1,5965.84,93.91,169.9,1056.95,5965.84,5871.93,UPI,Completed
6d8e33e0-b1df-4841-8136-55253c666a33,2026_W27,O59456,U9313,P193,2026-06-30 14:46:22,2,8599.49,2147.12,114.79,2709.33,17198.98,15051.86,Credit Card,Completed
6d8e33e0-b1df-4841-8136-55253c666a33,2026_W27,O59457,U13542,P185,2026-07-03 00:31:28,1,2854.87,205.86,164.5,476.82,2854.87,2649.0099999999998,Debit Card,Completed
6d8e33e0-b1df-4841-8136-55253c666a33,2026_W27,O59458,U33333,P145,2026-07-01 06:53:43,4,6190.5,833.17,74.49,4307.19,24762.0,23928.83,Wallet,Completed
6d8e33e0-b1df-4841-8136-55253c666a33,2026_W27,O59459,U19129,P182,2026-07-02 17:19:31,4,4946.93,2693.5,105.62,3076.96,19787.72,17094.22,Wallet,Completed
6d8e33e0-b1df-4841-8136-55253c666a33,2026_W27,O59460,U68,P110,2026-07-04 18:53:00,1,8883.32,1062.87,178.04,1407.68,8883.32,7820.45,Wallet,Completed
6d8e33e0-b1df-4841-8136-55253c666a33,2026_W27,O59461,U30118,P149,2026-07-05 00:47:15,1,2710.59,63.74,191.61,476.43,2710.59,2646.8500000000004,Debit Card,Completed
6d8e33e0-b1df-4841-8136-55253c666a33,2026_W27,O59462,U12140,P197,2026-07-02 07:52:52,1,10992.71,306.55,178.77,1923.51,10992.71,10686.16,Credit Card,Completed
6d8e33e0-b1df-4841-8136-55253c666a33,2026_W27,O59463,U12415,P200,2026-07-02 07:23:04,4,4553.19,1174.25,62.38,3066.93,18212.76,17038.51,Wallet,Completed
6d8e33e0-b1df-4841-8136-55253c666a33,2026_W27,O59464,U22029,P197,2026-07-03 18:55:30,4,10992.71,1395.44,152.57,7663.57,43970.84,42575.399999999994,UPI,Completed
6d8e33e0-b1df-4841-8136-55253c666a33,2026_W27,O59465,U31432,P134,2026-07-02 12:01:45,3,3480.9,1563.5,135.26,1598.26,10442.7,8879.2,UPI,Completed
6d8e33e0-b1df-4841-8136-55253c666a33,2026_W27,O59466,U10238,P86,2026-07-05 05:54:07,1,9877.51,887.32,110.0,1618.23,9877.51,8990.19,Debit Card,Completed
6d8e33e0-b1df-4841-8136-55253c666a33,2026_W27,O59467,U32620,P131,2026-07-03 05:09:45,4,6362.71,3084.57,89.06,4025.93,25450.84,22366.27,UPI,Completed
6d8e33e0-b1df-4841-8136-55253c666a33,2026_W27,O59468,U26515,P91,2026-06-29 17:51:44,1,7800.01,577.46,93.48,1300.06,7800.01,7222.55,UPI,Completed
6d8e33e0-b1df-4841-8136-55253c666a33,2026_W27,O59469,U23239,P153,2026-06-30 14:32:51,3,6806.07,1475.46,178.24,3409.7,20418.21,18942.75,UPI,Completed
6d8e33e0-b1df-4841-8136-55253c666a33,2026_W27,O59470,U14965,P26,2026-07-03 00:15:59,1,5113.55,167.33,126.58,890.32,5113.55,4946.22,Wallet,Completed
6d8e33e0-b1df-4841-8136-55253c666a33,2026_W27,O59471,U12087,P131,2026-07-01 03:12:25,1,6362.71,726.97,148.4,1014.43,6362.71,5635.74,Wallet,Completed
6d8e33e0-b1df-4841-8136-55253c666a33,2026_W27,O59472,U3093,P32,2026-07-01 21:58:23,1,4904.65,299.79,86.52,828.87,4904.65,4604.86,Wallet,Completed
6d8e33e0-b1df-4841-8136-55253c666a33,2026_W27,O59473,U33445,P161,2026-06-29 13:23:29,1,4439.61,289.49,71.09,747.02,4439.61,4150.12,Wallet,Completed
6d8e33e0-b1df-4841-8136-55253c666a33,2026_W27,O59474,U14543,P55,2026-06-30 06:37:46,4,4472.32,822.02,157.48,3072.11,17889.28,17067.26,Credit Card,Completed
6d8e33e0-b1df-4841-8136-55253c666a33,2026_W27,O59475,U28255,P25,2026-07-02 16:22:44,3,2539.74,598.7,174.89,1263.69,7619.219999999999,7020.5199999999995,Debit Card,Completed
6d8e33e0-b1df-4841-8136-55253c666a33,2026_W27,O59476,U1047,P193,2026-07-03 00:01:08,4,8599.49,3808.51,70.66,5506.1,34397.96,30589.449999999997,Credit Card,Completed
6d8e33e0-b1df-4841-8136-55253c666a33,2026_W27,O59477,U31715,P56,2026-07-02 12:47:31,1,5764.47,795.92,107.06,894.34,5764.47,4968.55,Wallet,Completed
6d8e33e0-b1df-4841-8136-55253c666a33,2026_W27,O59478,U1207,P171,2026-07-01 23:30:14,1,2305.74,151.73,104.64,387.72,2305.74,2154.0099999999998,Wallet,Completed
6d8e33e0-b1df-4841-8136-55253c666a33,2026_W27,O59479,U23524,P166,2026-06-29 23:53:57,4,4248.29,383.75,55.89,2989.69,16993.16,16609.41,Wallet,Completed
6d8e33e0-b1df-4841-8136-55253c666a33,2026_W27,O59480,U33533,P146,2026-07-02 05:11:58,1,1678.25,88.7,112.46,286.12,1678.25,1589.55,Credit Card,Completed
6d8e33e0-b1df-4841-8136-55253c666a33,2026_W27,O59481,U34660,P129,2026-07-03 21:07:02,2,10030.81,591.86,59.52,3504.56,20061.62,19469.76,Credit Card,Completed
6d8e33e0-b1df-4841-8136-55253c666a33,2026_W27,O59482,U9829,P140,2026-07-01 07:56:11,2,3100.99,134.2,61.92,1092.2,6201.98,6067.78,Credit Card,Completed
6d8e33e0-b1df-4841-8136-55253c666a33,2026_W27,O59483,U16962,P122,2026-07-05 03:54:04,1,9537.16,209.48,101.4,1678.98,9537.16,9327.68,Wallet,Completed
6d8e33e0-b1df-4841-8136-55253c666a33,2026_W27,O59484,U23267,P167,2026-07-03 05:29:33,4,5498.71,2905.38,85.72,3436.1,21994.84,19089.46,Wallet,Completed
6d8e33e0-b1df-4841-8136-55253c666a33,2026_W27,O59485,U30809,P11,2026-07-05 08:49:41,3,7598.14,1408.54,144.06,3849.46,22794.420000000002,21385.88,UPI,Completed
6d8e33e0-b1df-4841-8136-55253c666a33,2026_W27,O59486,U24182,P23,2026-06-30 05:30:53,2,7426.47,1731.5,144.2,2361.86,14852.94,13121.44,Wallet,Completed
6d8e33e0-b1df-4841-8136-55253c666a33,2026_W27,O59487,U33218,P92,2026-07-02 01:42:50,2,5271.05,116.52,155.18,1876.6,10542.1,10425.58,UPI,Completed
6d8e33e0-b1df-4841-8136-55253c666a33,2026_W27,O59488,U26960,P60,2026-07-02 01:39:45,3,3368.43,414.5,186.49,1744.34,10105.289999999999,9690.789999999999,Wallet,Completed
6d8e33e0-b1df-4841-8136-55253c666a33,2026_W27,O59489,U16667,P31,2026-07-01 01:08:58,2,3171.15,384.94,108.01,1072.32,6342.3,5957.360000000001,Credit Card,Completed
6d8e33e0-b1df-4841-8136-55253c666a33,2026_W27,O59490,U477,P49,2026-07-04 23:08:29,1,8208.46,640.84,59.17,1362.17,8208.46,7567.619999999999,Credit Card,Completed
6d8e33e0-b1df-4841-8136-55253c666a33,2026_W27,O59491,U23137,P10,2026-07-04 13:44:31,2,3822.68,489.8,188.36,1288.0,7645.36,7155.5599999999995,Debit Card,Completed
6d8e33e0-b1df-4841-8136-55253c666a33,2026_W27,O59492,U11576,P17,2026-07-04 20:41:20,1,6241.42,356.3,83.52,1059.32,6241.42,5885.12,Debit Card,Completed
6d8e33e0-b1df-4841-8136-55253c666a33,2026_W27,O59493,U21410,P156,2026-07-01 09:05:57,2,2724.78,752.43,97.9,845.48,5449.56,4697.13,Credit Card,Completed
6d8e33e0-b1df-4841-8136-55253c666a33,2026_W27,O59494,U27164,P118,2026-07-03 21:24:02,4,9270.95,1278.13,178.46,6445.02,37083.8,35805.670000000006,Debit Card,Completed
6d8e33e0-b1df-4841-8136-55253c666a33,2026_W27,O59495,U10955,P26,2026-07-03 14:51:28,3,5113.55,1208.75,92.68,2543.74,15340.650000000001,14131.900000000001,Debit Card,Completed
6d8e33e0-b1df-4841-8136-55253c666a33,2026_W27,O59496,U28156,P166,2026-06-29 15:53:35,2,4248.29,720.79,65.33,1399.64,8496.58,7775.79,Debit Card,Completed
6d8e33e0-b1df-4841-8136-55253c666a33,2026_W27,O59497,U29427,P151,2026-07-02 00:35:11,1,9624.05,1091.33,113.07,1535.89,9624.05,8532.72,Credit Card,Completed
6d8e33e0-b1df-4841-8136-55253c666a33,2026_W27,O59498,U14965,P1,2026-07-04 16:50:34,1,8041.29,569.1,174.4,1344.99,8041.29,7472.19,Debit Card,Completed
6d8e33e0-b1df-4841-8136-55253c666a33,2026_W27,O59499,U34136,P104,2026-07-03 00:45:29,4,7848.2,156.28,189.95,5622.57,31392.8,31236.52,Credit Card,Completed
6d8e33e0-b1df-4841-8136-55253c666a33,2026_W27,O59500,U6866,P123,2026-07-03 03:44:15,2,11056.51,2860.22,191.42,3465.5,22113.02,19252.8,Credit Card,Completed
6d8e33e0-b1df-4841-8136-55253c666a33,2026_W27,O59501,U18681,P178,2026-06-29 16:02:53,1,7836.39,301.58,140.35,1356.27,7836.39,7534.81,Wallet,Completed
6d8e33e0-b1df-4841-8136-55253c666a33,2026_W27,O59502,U24686,P97,2026-06-30 06:17:58,1,6666.27,174.43,62.41,1168.53,6666.27,6491.84,Debit Card,Completed
6d8e33e0-b1df-4841-8136-55253c666a33,2026_W27,O59503,U25094,P135,2026-06-30 20:44:17,2,5890.55,1191.37,174.94,1906.15,11781.1,10589.73,Credit Card,Completed
6d8e33e0-b1df-4841-8136-55253c666a33,2026_W27,O59504,U1962,P115,2026-07-04 02:35:22,3,10677.61,3486.21,167.69,5138.39,32032.83,28546.620000000003,UPI,Completed
6d8e33e0-b1df-4841-8136-55253c666a33,2026_W27,O59505,U12888,P161,2026-07-05 06:15:33,4,4439.61,1671.51,138.91,2895.65,17758.44,16086.929999999998,Wallet,Completed
6d8e33e0-b1df-4841-8136-55253c666a33,2026_W27,O59506,U8737,P42,2026-07-03 03:23:43,3,5037.81,1779.85,174.01,2400.04,15113.43,13333.58,Credit Card,Completed
6d8e33e0-b1df-4841-8136-55253c666a33,2026_W27,O59507,U1449,P136,2026-07-01 12:33:20,1,10500.45,885.35,171.06,1730.72,10500.45,9615.1,Wallet,Completed
6d8e33e0-b1df-4841-8136-55253c666a33,2026_W27,O59508,U6599,P130,2026-06-30 01:17:35,4,9584.05,90.23,140.15,6884.27,38336.2,38245.969999999994,Wallet,Completed
6d8e33e0-b1df-4841-8136-55253c666a33,2026_W27,O59509,U9193,P155,2026-06-30 13:19:07,1,7895.96,1026.53,160.18,1236.5,7895.96,6869.43,Wallet,Completed
6d8e33e0-b1df-4841-8136-55253c666a33,2026_W27,O59510,U20493,P125,2026-07-05 04:07:23,2,9952.48,1124.11,181.16,3380.55,19904.96,18780.85,Credit Card,Completed
6d8e33e0-b1df-4841-8136-55253c666a33,2026_W27,O59511,U15340,P61,2026-06-30 17:50:04,1,7869.26,845.84,117.25,1264.22,7869.26,7023.42,Wallet,Completed
6d8e33e0-b1df-4841-8136-55253c666a33,2026_W27,O59512,U26947,P80,2026-07-01 01:08:33,2,6276.46,1289.67,135.78,2027.38,12552.92,11263.25,Credit Card,Completed
6d8e33e0-b1df-4841-8136-55253c666a33,2026_W27,O59513,U27595,P167,2026-07-03 20:33:40,2,5498.71,1446.96,183.43,1719.08,10997.42,9550.46,UPI,Completed
6d8e33e0-b1df-4841-8136-55253c666a33,2026_W27,O59514,U23799,P117,2026-07-04 00:39:34,4,1818.08,1055.24,125.34,1119.07,7272.32,6217.08,Debit Card,Completed
6d8e33e0-b1df-4841-8136-55253c666a33,2026_W27,O59515,U11880,P69,2026-07-03 17:00:48,4,4897.29,144.98,126.05,3499.95,19589.16,19444.18,UPI,Completed
6d8e33e0-b1df-4841-8136-55253c666a33,2026_W27,O59516,U18294,P189,2026-07-02 14:12:54,4,5649.84,2888.44,106.32,3547.97,22599.36,19710.920000000002,Credit Card,Completed
6d8e33e0-b1df-4841-8136-55253c666a33,2026_W27,O59517,U34389,P111,2026-06-29 23:41:35,2,7719.79,1807.63,177.47,2453.75,15439.58,13631.95,UPI,Completed
6d8e33e0-b1df-4841-8136-55253c666a33,2026_W27,O59518,U4321,P64,2026-06-29 21:11:12,3,3844.36,706.78,57.74,1948.73,11533.08,10826.3,Wallet,Completed
6d8e33e0-b1df-4841-8136-55253c666a33,2026_W27,O59519,U1584,P189,2026-07-04 16:45:41,1,5649.84,125.69,115.88,994.35,5649.84,5524.150000000001,UPI,Completed
6d8e33e0-b1df-4841-8136-55253c666a33,2026_W27,O59520,U28332,P24,2026-06-29 21:19:59,1,4112.52,425.17,157.45,663.72,4112.52,3687.3500000000004,Debit Card,Completed
6d8e33e0-b1df-4841-8136-55253c666a33,2026_W27,O59521,U18203,P64,2026-07-02 02:32:26,2,3844.36,941.14,77.09,1214.56,7688.72,6747.58,Debit Card,Completed
6d8e33e0-b1df-4841-8136-55253c666a33,2026_W27,O59522,U25459,P75,2026-07-03 13:34:43,3,10051.65,3294.19,181.1,4834.94,30154.949999999997,26860.76,Wallet,Completed
6d8e33e0-b1df-4841-8136-55253c666a33,2026_W27,O59523,U17967,P10,2026-06-30 11:26:21,4,3822.68,2285.02,88.85,2341.03,15290.72,13005.699999999999,Credit Card,Completed
6d8e33e0-b1df-4841-8136-55253c666a33,2026_W27,O59524,U23264,P122,2026-07-04 14:36:57,1,9537.16,18.58,90.94,1713.34,9537.16,9518.58,Credit Card,Completed
6d8e33e0-b1df-4841-8136-55253c666a33,2026_W27,O59525,U1778,P112,2026-07-03 09:05:01,1,7164.07,1057.56,69.36,1099.17,7164.07,6106.51,Credit Card,Completed
6d8e33e0-b1df-4841-8136-55253c666a33,2026_W27,O59526,U21559,P196,2026-06-29 18:59:35,3,9515.08,3288.9,199.85,4546.14,28545.239999999998,25256.339999999997,UPI,Completed
6d8e33e0-b1df-4841-8136-55253c666a33,2026_W27,O59527,U21638,P133,2026-07-04 15:37:11,3,10395.42,1952.51,194.86,5262.08,31186.260000000002,29233.750000000004,Wallet,Completed
6d8e33e0-b1df-4841-8136-55253c666a33,2026_W27,O59528,U32117,P167,2026-07-02 00:31:44,4,5498.71,2735.79,131.67,3466.63,21994.84,19259.05,Debit Card,Completed
6d8e33e0-b1df-4841-8136-55253c666a33,2026_W27,O59529,U26912,P148,2026-06-30 14:49:14,4,1578.46,896.79,100.97,975.07,6313.84,5417.05,Wallet,Completed
6d8e33e0-b1df-4841-8136-55253c666a33,2026_W27,O59530,U14283,P116,2026-07-03 14:55:44,2,7151.55,478.85,60.4,2488.36,14303.1,13824.25,UPI,Completed
6d8e33e0-b1df-4841-8136-55253c666a33,2026_W27,O59531,U7116,P66,2026-06-30 13:43:37,2,7809.87,1373.29,172.69,2564.36,15619.74,14246.45,UPI,Completed
6d8e33e0-b1df-4841-8136-55253c666a33,2026_W27,O59532,U5325,P176,2026-06-29 12:52:37,2,4894.11,555.2,106.09,1661.94,9788.22,9233.019999999999,Credit Card,Completed
6d8e33e0-b1df-4841-8136-55253c666a33,2026_W27,O59533,U13164,P1,2026-06-29 20:40:29,1,8041.29,1165.1,164.68,1237.71,8041.29,6876.1900000000005,Wallet,Completed
6d8e33e0-b1df-4841-8136-55253c666a33,2026_W27,O59534,U9801,P161,2026-06-30 10:05:06,4,4439.61,557.93,125.68,3096.09,17758.44,17200.51,UPI,Completed
6d8e33e0-b1df-4841-8136-55253c666a33,2026_W27,O59535,U17812,P35,2026-07-04 08:45:32,3,10420.75,3344.44,87.58,5025.21,31262.25,27917.81,Credit Card,Completed
6d8e33e0-b1df-4841-8136-55253c666a33,2026_W27,O59536,U16543,P183,2026-07-04 05:39:12,1,4514.63,528.76,117.01,717.46,4514.63,3985.87,UPI,Completed
6d8e33e0-b1df-4841-8136-55253c666a33,2026_W27,O59537,U15863,P163,2026-06-30 08:20:34,3,5553.52,1148.27,194.52,2792.21,16660.56,15512.29,Debit Card,Completed
6d8e33e0-b1df-4841-8136-55253c666a33,2026_W27,O59538,U15153,P173,2026-07-04 19:54:07,4,7576.76,1184.75,152.98,5242.01,30307.04,29122.29,Debit Card,Completed
6d8e33e0-b1df-4841-8136-55253c666a33,2026_W27,O59539,U32496,P27,2026-06-29 17:20:34,4,8284.05,4895.56,115.89,5083.32,33136.2,28240.639999999996,UPI,Completed
6d8e33e0-b1df-4841-8136-55253c666a33,2026_W27,O59540,U4737,P36,2026-07-04 19:55:42,3,6802.05,1881.22,84.52,3334.49,20406.15,18524.93,UPI,Completed
6d8e33e0-b1df-4841-8136-55253c666a33,2026_W27,O59541,U27924,P112,2026-07-03 01:54:53,2,7164.07,530.83,153.78,2483.52,14328.14,13797.31,UPI,Completed
6d8e33e0-b1df-4841-8136-55253c666a33,2026_W27,O59542,U23604,P52,2026-07-03 10:14:33,2,7675.89,1567.57,184.18,2481.16,15351.78,13784.210000000001,Debit Card,Completed
6d8e33e0-b1df-4841-8136-55253c666a33,2026_W27,O59543,U14842,P127,2026-07-02 14:19:10,3,4862.09,823.97,167.95,2477.21,14586.27,13762.300000000001,Credit Card,Completed
6d8e33e0-b1df-4841-8136-55253c666a33,2026_W27,O59544,U10393,P139,2026-06-29 11:12:06,2,7373.8,249.55,117.53,2609.65,14747.6,14498.050000000001,Credit Card,Completed
6d8e33e0-b1df-4841-8136-55253c666a33,2026_W27,O59545,U14699,P49,2026-07-05 04:02:43,4,8208.46,4155.0,176.52,5162.19,32833.84,28678.839999999997,Credit Card,Completed
6d8e33e0-b1df-4841-8136-55253c666a33,2026_W27,O59546,U9658,P197,2026-07-02 19:09:36,4,10992.71,2233.16,169.68,7512.78,43970.84,41737.67999999999,UPI,Completed
6d8e33e0-b1df-4841-8136-55253c666a33,2026_W27,O59547,U7826,P134,2026-07-01 08:52:57,2,3480.9,809.83,167.05,1107.35,6961.8,6151.97,Debit Card,Completed
6d8e33e0-b1df-4841-8136-55253c666a33,2026_W27,O59548,U28170,P131,2026-07-02 19:22:19,3,6362.71,1351.25,167.98,3192.64,19088.13,17736.88,UPI,Completed
6d8e33e0-b1df-4841-8136-55253c666a33,2026_W27,O59549,U34407,P61,2026-07-03 23:52:02,4,7869.26,1745.64,72.12,5351.65,31477.04,29731.4,Credit Card,Completed
6d8e33e0-b1df-4841-8136-55253c666a33,2026_W27,O59550,U28777,P146,2026-06-30 04:56:31,2,1678.25,53.9,100.56,594.47,3356.5,3302.6,Credit Card,Completed
6d8e33e0-b1df-4841-8136-55253c666a33,2026_W27,O59551,U1826,P31,2026-07-03 14:40:20,4,3171.15,1594.34,197.1,1996.25,12684.6,11090.26,UPI,Completed
6d8e33e0-b1df-4841-8136-55253c666a33,2026_W27,O59552,U19198,P100,2026-07-05 02:32:48,4,1750.2,811.3,190.05,1114.11,7000.8,6189.5,Debit Card,Completed
6d8e33e0-b1df-4841-8136-55253c666a33,2026_W27,O59553,U29463,P52,2026-07-02 03:41:50,1,7675.89,681.59,186.26,1258.97,7675.89,6994.3,Wallet,Completed
6d8e33e0-b1df-4841-8136-55253c666a33,2026_W27,O59554,U21055,P34,2026-06-30 17:33:56,2,3432.36,159.83,164.75,1206.88,6864.72,6704.89,Debit Card,Completed
6d8e33e0-b1df-4841-8136-55253c666a33,2026_W27,O59555,U17299,P140,2026-06-30 08:43:05,3,3100.99,188.47,76.5,1640.61,9302.97,9114.5,Wallet,Completed
6d8e33e0-b1df-4841-8136-55253c666a33,2026_W27,O59556,U11673,P114,2026-06-29 21:31:46,1,1980.84,191.57,164.0,322.07,1980.84,1789.27,Debit Card,Completed
6d8e33e0-b1df-4841-8136-55253c666a33,2026_W27,O59557,U18882,P94,2026-07-03 10:11:00,2,5614.01,1521.77,57.81,1747.12,11228.02,9706.25,Credit Card,Completed
6d8e33e0-b1df-4841-8136-55253c666a33,2026_W27,O59558,U20038,P198,2026-06-29 21:53:07,4,4611.32,464.32,166.54,3236.57,18445.28,17980.96,UPI,Completed
6d8e33e0-b1df-4841-8136-55253c666a33,2026_W27,O59559,U33218,P181,2026-06-29 12:19:04,3,5516.14,976.82,144.31,2802.89,16548.420000000002,15571.600000000002,UPI,Completed
6d8e33e0-b1df-4841-8136-55253c666a33,2026_W27,O59560,U21239,P158,2026-07-01 02:48:05,4,5070.42,2887.45,62.08,3130.96,20281.68,17394.23,Credit Card,Completed
6d8e33e0-b1df-4841-8136-55253c666a33,2026_W27,O59561,U18274,P187,2026-07-02 07:40:58,3,6341.6,359.71,151.57,3359.72,19024.800000000003,18665.090000000004,Wallet,Completed
6d8e33e0-b1df-4841-8136-55253c666a33,2026_W27,O59562,U2074,P60,2026-07-03 04:03:02,3,3368.43,1421.48,186.32,1563.09,10105.289999999999,8683.81,Debit Card,Completed
6d8e33e0-b1df-4841-8136-55253c666a33,2026_W27,O59563,U13680,P185,2026-07-02 01:33:26,2,2854.87,527.84,61.6,932.74,5709.74,5181.9,Credit Card,Completed
6d8e33e0-b1df-4841-8136-55253c666a33,2026_W27,O59564,U6843,P105,2026-07-04 03:32:32,4,7230.61,1492.51,121.35,4937.39,28922.44,27429.93,Debit Card,Completed
6d8e33e0-b1df-4841-8136-55253c666a33,2026_W27,O59565,U12234,P47,2026-07-04 00:41:31,1,7084.59,183.24,132.62,1242.24,7084.59,6901.35,Debit Card,Completed
6d8e33e0-b1df-4841-8136-55253c666a33,2026_W27,O59566,U34653,P52,2026-06-30 17:53:14,1,7675.89,239.41,142.63,1338.57,7675.89,7436.4800000000005,Credit Card,Completed
6d8e33e0-b1df-4841-8136-55253c666a33,2026_W27,O59567,U3517,P188,2026-07-04 19:35:02,3,2967.62,1270.56,165.45,1373.81,8902.86,7632.300000000001,Credit Card,Completed
6d8e33e0-b1df-4841-8136-55253c666a33,2026_W27,O59568,U10999,P186,2026-07-04 18:42:54,3,7480.33,1.35,187.07,4039.14,22440.989999999998,22439.64,Debit Card,Completed
6d8e33e0-b1df-4841-8136-55253c666a33,2026_W27,O59569,U9842,P9,2026-07-02 18:40:51,3,5229.72,77.58,95.67,2810.08,15689.16,15611.58,UPI,Completed
6d8e33e0-b1df-4841-8136-55253c666a33,2026_W27,O59570,U31504,P61,2026-07-01 23:34:26,3,7869.26,1733.55,77.25,3937.36,23607.78,21874.23,Wallet,Completed
6d8e33e0-b1df-4841-8136-55253c666a33,2026_W27,O59571,U32045,P148,2026-07-04 03:54:43,1,1578.46,198.55,158.74,248.38,1578.46,1379.91,Credit Card,Completed
6d8e33e0-b1df-4841-8136-55253c666a33,2026_W27,O59572,U12041,P22,2026-07-01 12:02:33,2,9175.57,2461.95,129.47,2860.05,18351.14,15889.189999999999,UPI,Completed
6d8e33e0-b1df-4841-8136-55253c666a33,2026_W27,O59573,U23946,P78,2026-06-30 04:58:44,4,4536.03,1056.22,195.04,3075.82,18144.12,17087.899999999998,Credit Card,Completed
6d8e33e0-b1df-4841-8136-55253c666a33,2026_W27,O59574,U24854,P53,2026-07-04 19:50:21,1,5893.03,809.26,177.92,915.08,5893.03,5083.7699999999995,Credit Card,Completed
6d8e33e0-b1df-4841-8136-55253c666a33,2026_W27,O59575,U21951,P106,2026-06-29 09:55:30,1,7604.77,993.91,138.23,1189.95,7604.77,6610.860000000001,UPI,Completed
6d8e33e0-b1df-4841-8136-55253c666a33,2026_W27,O59576,U10472,P179,2026-06-30 12:55:02,1,4820.9,391.09,91.02,797.37,4820.9,4429.8099999999995,Debit Card,Completed
6d8e33e0-b1df-4841-8136-55253c666a33,2026_W27,O59577,U22233,P175,2026-06-30 02:13:01,3,3999.32,1111.37,62.71,1959.59,11997.960000000001,10886.59,Credit Card,Completed
6d8e33e0-b1df-4841-8136-55253c666a33,2026_W27,O59578,U17075,P166,2026-07-01 08:05:15,2,4248.29,750.72,84.84,1394.25,8496.58,7745.86,Debit Card,Completed
6d8e33e0-b1df-4841-8136-55253c666a33,2026_W27,O59579,U448,P46,2026-07-04 09:09:59,3,2979.32,684.19,92.57,1485.68,8937.960000000001,8253.77,Wallet,Completed
6d8e33e0-b1df-4841-8136-55253c666a33,2026_W27,O59580,U23283,P116,2026-06-30 13:27:59,2,7151.55,189.86,61.59,2540.38,14303.1,14113.24,Debit Card,Completed
6d8e33e0-b1df-4841-8136-55253c666a33,2026_W27,O59581,U15923,P180,2026-07-02 18:38:06,3,2355.52,739.96,128.15,1138.79,7066.5599999999995,6326.599999999999,Wallet,Completed
6d8e33e0-b1df-4841-8136-55253c666a33,2026_W27,O59582,U33960,P54,2026-07-03 10:03:16,2,7277.34,1586.7,113.32,2334.24,14554.68,12967.98,Debit Card,Completed
6d8e33e0-b1df-4841-8136-55253c666a33,2026_W27,O59583,U5319,P83,2026-07-04 02:25:26,4,2067.84,767.73,136.94,1350.65,8271.36,7503.630000000001,Credit Card,Completed
6d8e33e0-b1df-4841-8136-55253c666a33,2026_W27,O59584,U11115,P166,2026-06-29 11:16:36,4,4248.29,987.0,103.24,2881.11,16993.16,16006.16,UPI,Completed
6d8e33e0-b1df-4841-8136-55253c666a33,2026_W27,O59585,U708,P64,2026-07-01 05:20:18,2,3844.36,1045.22,88.37,1195.83,7688.72,6643.5,Wallet,Completed
6d8e33e0-b1df-4841-8136-55253c666a33,2026_W27,O59586,U11925,P70,2026-06-29 21:10:28,4,2270.0,230.99,59.25,1592.82,9080.0,8849.01,Credit Card,Completed
6d8e33e0-b1df-4841-8136-55253c666a33,2026_W27,O59587,U21838,P3,2026-07-02 16:14:54,2,3037.18,726.47,179.22,962.62,6074.36,5347.889999999999,Debit Card,Completed
6d8e33e0-b1df-4841-8136-55253c666a33,2026_W27,O59588,U31244,P146,2026-07-04 18:25:44,4,1678.25,765.85,83.54,1070.49,6713.0,5947.15,Wallet,Completed
6d8e33e0-b1df-4841-8136-55253c666a33,2026_W27,O59589,U21574,P123,2026-07-02 18:46:36,3,11056.51,1879.14,72.51,5632.27,33169.53,31290.39,Credit Card,Completed
6d8e33e0-b1df-4841-8136-55253c666a33,2026_W27,O59590,U4341,P11,2026-06-30 19:30:04,1,7598.14,467.41,188.73,1283.53,7598.14,7130.7300000000005,Debit Card,Completed
6d8e33e0-b1df-4841-8136-55253c666a33,2026_W27,O59591,U17658,P67,2026-07-01 14:51:53,4,4487.19,789.34,77.34,3088.7,17948.76,17159.42,UPI,Completed
6d8e33e0-b1df-4841-8136-55253c666a33,2026_W27,O59592,U22838,P200,2026-07-03 03:57:20,3,4553.19,1614.14,122.63,2168.18,13659.57,12045.43,Debit Card,Completed
6d8e33e0-b1df-4841-8136-55253c666a33,2026_W27,O59593,U25619,P32,2026-06-29 13:02:50,3,4904.65,1937.22,55.64,2299.81,14713.949999999999,12776.73,Credit Card,Completed
6d8e33e0-b1df-4841-8136-55253c666a33,2026_W27,O59594,U15981,P84,2026-07-01 02:32:50,2,6489.78,23.02,162.01,2332.18,12979.56,12956.539999999999,Wallet,Completed
6d8e33e0-b1df-4841-8136-55253c666a33,2026_W27,O59595,U8327,P61,2026-06-30 03:46:46,2,7869.26,2190.49,164.37,2438.65,15738.52,13548.03,Wallet,Completed
6d8e33e0-b1df-4841-8136-55253c666a33,2026_W27,O59596,U14338,P44,2026-07-04 10:49:39,1,1407.86,30.08,73.47,248.0,1407.86,1377.78,Wallet,Completed
6d8e33e0-b1df-4841-8136-55253c666a33,2026_W27,O59597,U21465,P39,2026-07-01 11:21:38,2,10748.05,2012.9,150.48,3506.98,21496.1,19483.199999999997,Wallet,Completed
6d8e33e0-b1df-4841-8136-55253c666a33,2026_W27,O59598,U25935,P9,2026-07-02 21:42:13,4,5229.72,2208.66,107.54,3367.84,20918.88,18710.22,Debit Card,Completed
6d8e33e0-b1df-4841-8136-55253c666a33,2026_W27,O59599,U10375,P60,2026-06-29 11:59:38,3,3368.43,554.86,92.93,1719.08,10105.289999999999,9550.429999999998,Debit Card,Completed
6d8e33e0-b1df-4841-8136-55253c666a33,2026_W27,O59600,U20574,P88,2026-07-04 21:00:38,4,11704.48,6914.9,133.36,7182.54,46817.92,39903.02,UPI,Completed
6d8e33e0-b1df-4841-8136-55253c666a33,2026_W27,O59601,U12442,P45,2026-07-02 23:52:56,3,2342.15,145.12,134.37,1238.64,7026.450000000001,6881.330000000001,UPI,Completed
6d8e33e0-b1df-4841-8136-55253c666a33,2026_W27,O59602,U9190,P185,2026-07-03 15:45:43,2,2854.87,700.35,135.65,901.69,5709.74,5009.389999999999,Debit Card,Completed
6d8e33e0-b1df-4841-8136-55253c666a33,2026_W27,O59603,U33209,P128,2026-07-03 04:11:59,1,3543.69,360.51,93.87,572.97,3543.69,3183.1800000000003,Debit Card,Completed
6d8e33e0-b1df-4841-8136-55253c666a33,2026_W27,O59604,U30046,P163,2026-07-01 19:29:06,3,5553.52,1483.23,192.1,2731.92,16660.56,15177.330000000002,UPI,Completed
6d8e33e0-b1df-4841-8136-55253c666a33,2026_W27,O59605,U15916,P37,2026-07-01 09:24:17,1,4162.63,538.75,193.3,652.3,4162.63,3623.88,UPI,Completed
6d8e33e0-b1df-4841-8136-55253c666a33,2026_W27,O59606,U7300,P188,2026-07-02 10:01:46,2,2967.62,320.42,189.32,1010.67,5935.24,5614.82,Credit Card,Completed
6d8e33e0-b1df-4841-8136-55253c666a33,2026_W27,O59607,U26376,P152,2026-07-04 05:35:19,2,5413.06,483.59,184.42,1861.66,10826.12,10342.53,UPI,Completed
6d8e33e0-b1df-4841-8136-55253c666a33,2026_W27,O59608,U33536,P150,2026-07-01 08:08:08,2,3907.63,907.88,198.8,1243.33,7815.26,6907.38,UPI,Completed
6d8e33e0-b1df-4841-8136-55253c666a33,2026_W27,O59609,U9417,P33,2026-07-03 11:17:19,2,5573.38,912.7,133.34,1842.13,11146.76,10234.06,UPI,Completed
6d8e33e0-b1df-4841-8136-55253c666a33,2026_W27,O59610,U5515,P150,2026-07-02 07:40:58,2,3907.63,640.04,169.0,1291.54,7815.26,7175.22,UPI,Completed
6d8e33e0-b1df-4841-8136-55253c666a33,2026_W27,O59611,U14631,P154,2026-07-01 16:38:18,4,3395.73,310.41,157.92,2389.05,13582.92,13272.51,Debit Card,Completed
6d8e33e0-b1df-4841-8136-55253c666a33,2026_W27,O59612,U14867,P181,2026-07-01 00:42:26,1,5516.14,339.3,86.3,931.83,5516.14,5176.84,Wallet,Completed
6d8e33e0-b1df-4841-8136-55253c666a33,2026_W27,O59613,U29202,P147,2026-07-03 19:05:47,4,4417.37,487.34,194.42,3092.79,17669.48,17182.14,Wallet,Completed
6d8e33e0-b1df-4841-8136-55253c666a33,2026_W27,O59614,U1525,P127,2026-07-02 02:47:39,3,4862.09,191.68,188.65,2591.03,14586.27,14394.59,UPI,Completed
6d8e33e0-b1df-4841-8136-55253c666a33,2026_W27,O59615,U14631,P97,2026-07-02 08:56:04,1,6666.27,162.95,51.5,1170.6,6666.27,6503.320000000001,UPI,Completed
6d8e33e0-b1df-4841-8136-55253c666a33,2026_W27,O59616,U14858,P195,2026-07-02 12:41:25,1,6655.83,104.62,104.05,1179.22,6655.83,6551.21,Debit Card,Completed
6d8e33e0-b1df-4841-8136-55253c666a33,2026_W27,O59617,U34809,P147,2026-07-03 21:57:33,3,4417.37,801.53,164.8,2241.1,13252.11,12450.58,Credit Card,Completed
6d8e33e0-b1df-4841-8136-55253c666a33,2026_W27,O59618,U20882,P80,2026-07-02 04:42:00,4,6276.46,1161.93,106.29,4309.9,25105.84,23943.91,Debit Card,Completed
6d8e33e0-b1df-4841-8136-55253c666a33,2026_W27,O59619,U27368,P10,2026-07-01 08:15:04,4,3822.68,1225.72,105.12,2531.7,15290.72,14065.0,Wallet,Completed
6d8e33e0-b1df-4841-8136-55253c666a33,2026_W27,O59620,U16077,P191,2026-07-04 04:45:59,1,9506.3,1215.25,69.99,1492.39,9506.3,8291.05,UPI,Completed
6d8e33e0-b1df-4841-8136-55253c666a33,2026_W27,O59621,U18128,P10,2026-07-05 04:27:56,2,3822.68,35.36,115.9,1369.8,7645.36,7610.0,Credit Card,Completed
6d8e33e0-b1df-4841-8136-55253c666a33,2026_W27,O59622,U22774,P180,2026-07-02 02:44:25,4,2355.52,1232.74,60.4,1474.08,9422.08,8189.34,Wallet,Completed
6d8e33e0-b1df-4841-8136-55253c666a33,2026_W27,O59623,U26714,P97,2026-07-02 20:48:54,4,6666.27,819.76,147.0,4652.16,26665.08,25845.320000000003,Debit Card,Completed
6d8e33e0-b1df-4841-8136-55253c666a33,2026_W27,O59624,U11904,P106,2026-06-30 06:43:14,3,7604.77,1737.07,133.28,3793.9,22814.31,21077.24,Wallet,Completed
6d8e33e0-b1df-4841-8136-55253c666a33,2026_W27,O59625,U2446,P25,2026-06-29 20:26:34,1,2539.74,339.23,81.32,396.09,2539.74,2200.5099999999998,Wallet,Completed
6d8e33e0-b1df-4841-8136-55253c666a33,2026_W27,O59626,U29588,P78,2026-07-04 11:07:15,2,4536.03,870.07,139.99,1476.36,9072.06,8201.99,Credit Card,Completed
6d8e33e0-b1df-4841-8136-55253c666a33,2026_W27,O59627,U15581,P5,2026-06-29 21:48:14,4,4886.67,1143.21,60.12,3312.62,19546.68,18403.47,Wallet,Completed
6d8e33e0-b1df-4841-8136-55253c666a33,2026_W27,O59628,U3174,P128,2026-07-04 08:05:19,2,3543.69,84.1,160.37,1260.59,7087.38,7003.28,Credit Card,Completed
6d8e33e0-b1df-4841-8136-55253c666a33,2026_W27,O59629,U3928,P98,2026-07-03 13:39:19,2,7289.76,1789.45,149.58,2302.21,14579.52,12790.07,Debit Card,Completed
6d8e33e0-b1df-4841-8136-55253c666a33,2026_W27,O59630,U7170,P26,2026-06-29 20:28:47,2,5113.55,1365.58,179.61,1595.07,10227.1,8861.52,Wallet,Completed
6d8e33e0-b1df-4841-8136-55253c666a33,2026_W27,O59631,U31295,P182,2026-06-29 11:49:17,1,4946.93,702.34,128.62,764.03,4946.93,4244.59,Credit Card,Completed
6d8e33e0-b1df-4841-8136-55253c666a33,2026_W27,O59632,U33998,P109,2026-07-04 14:03:44,2,8070.73,836.14,142.57,2754.96,16141.46,15305.32,UPI,Completed
6d8e33e0-b1df-4841-8136-55253c666a33,2026_W27,O59633,U9230,P79,2026-07-01 05:05:29,2,4174.75,1179.22,50.45,1290.65,8349.5,7170.28,Credit Card,Completed
6d8e33e0-b1df-4841-8136-55253c666a33,2026_W27,O59634,U22095,P149,2026-06-30 11:31:48,3,2710.59,1115.5,64.17,1262.93,8131.77,7016.27,Wallet,Completed
6d8e33e0-b1df-4841-8136-55253c666a33,2026_W27,O59635,U23393,P32,2026-07-01 04:09:10,4,4904.65,1220.55,161.2,3311.65,19618.6,18398.05,Wallet,Completed
6d8e33e0-b1df-4841-8136-55253c666a33,2026_W27,O59636,U28105,P48,2026-07-02 04:57:28,2,3057.39,699.49,165.12,974.75,6114.78,5415.29,Wallet,Completed
6d8e33e0-b1df-4841-8136-55253c666a33,2026_W27,O59637,U27545,P121,2026-06-30 19:48:42,1,7793.76,604.85,55.54,1294.0,7793.76,7188.91,Debit Card,Completed
6d8e33e0-b1df-4841-8136-55253c666a33,2026_W27,O59638,U6132,P152,2026-07-02 13:02:22,4,5413.06,2189.87,126.92,3503.23,21652.24,19462.370000000003,Wallet,Completed
6d8e33e0-b1df-4841-8136-55253c666a33,2026_W27,O59639,U12622,P1,2026-07-04 12:01:01,2,8041.29,2195.39,105.35,2499.69,16082.58,13887.19,Debit Card,Completed
6d8e33e0-b1df-4841-8136-55253c666a33,2026_W27,O59640,U18305,P109,2026-07-02 12:23:50,3,8070.73,1635.81,129.91,4063.75,24212.19,22576.379999999997,Credit Card,Completed
6d8e33e0-b1df-4841-8136-55253c666a33,2026_W27,O59641,U15688,P188,2026-07-03 09:50:20,1,2967.62,236.73,116.44,491.56,2967.62,2730.89,Wallet,Completed
6d8e33e0-b1df-4841-8136-55253c666a33,2026_W27,O59642,U24745,P15,2026-06-30 10:39:34,4,3230.88,546.17,186.62,2227.92,12923.52,12377.35,Wallet,Completed
6d8e33e0-b1df-4841-8136-55253c666a33,2026_W27,O59643,U12691,P20,2026-07-03 14:01:22,4,3016.27,518.48,53.16,2078.39,12065.08,11546.6,UPI,Completed
6d8e33e0-b1df-4841-8136-55253c666a33,2026_W27,O59644,U22664,P61,2026-07-05 01:16:43,1,7869.26,1129.28,72.39,1213.2,7869.26,6739.9800000000005,Credit Card,Completed
6d8e33e0-b1df-4841-8136-55253c666a33,2026_W27,O59645,U23242,P191,2026-07-04 07:50:41,3,9506.3,1771.72,158.03,4814.49,28518.899999999998,26747.179999999997,UPI,Completed
6d8e33e0-b1df-4841-8136-55253c666a33,2026_W27,O59646,U23677,P92,2026-07-03 05:01:19,4,5271.05,1066.16,56.98,3603.25,21084.2,20018.04,UPI,Completed
6d8e33e0-b1df-4841-8136-55253c666a33,2026_W27,O59647,U1646,P146,2026-06-30 14:15:25,3,1678.25,472.7,137.01,821.17,5034.75,4562.05,UPI,Completed
6d8e33e0-b1df-4841-8136-55253c666a33,2026_W27,O59648,U6924,P26,2026-06-30 22:18:53,1,5113.55,269.93,178.92,871.85,5113.55,4843.62,UPI,Completed
6d8e33e0-b1df-4841-8136-55253c666a33,2026_W27,O59649,U8707,P73,2026-06-30 20:48:01,2,2904.91,154.04,170.27,1018.04,5809.82,5655.78,UPI,Completed
6d8e33e0-b1df-4841-8136-55253c666a33,2026_W27,O59650,U10625,P177,2026-07-01 19:05:04,1,9676.29,1106.9,198.89,1542.49,9676.29,8569.390000000001,Credit Card,Completed
6d8e33e0-b1df-4841-8136-55253c666a33,2026_W27,O59651,U1365,P135,2026-07-04 02:07:55,3,5890.55,1283.32,89.11,2949.9,17671.65,16388.33,UPI,Completed
6d8e33e0-b1df-4841-8136-55253c666a33,2026_W27,O59652,U10091,P7,2026-07-05 00:53:04,4,9852.33,5697.69,126.62,6068.09,39409.32,33711.63,Wallet,Completed
6d8e33e0-b1df-4841-8136-55253c666a33,2026_W27,O59653,U22708,P55,2026-06-30 23:40:08,1,4472.32,381.73,120.02,736.31,4472.32,4090.5899999999997,Debit Card,Completed
6d8e33e0-b1df-4841-8136-55253c666a33,2026_W27,O59654,U19206,P76,2026-07-04 00:13:21,2,7097.72,1335.42,137.97,2314.8,14195.44,12860.02,Credit Card,Completed
6d8e33e0-b1df-4841-8136-55253c666a33,2026_W27,O59655,U16332,P101,2026-07-01 02:39:46,2,8924.96,61.86,181.53,3201.85,17849.92,17788.059999999998,Wallet,Completed
6d8e33e0-b1df-4841-8136-55253c666a33,2026_W27,O59656,U470,P143,2026-07-02 03:32:29,2,7220.76,1874.16,149.6,2262.12,14441.52,12567.36,Debit Card,Completed
6d8e33e0-b1df-4841-8136-55253c666a33,2026_W27,O59657,U3785,P114,2026-07-04 09:57:09,2,1980.84,255.96,167.79,667.03,3961.68,3705.72,UPI,Completed
6d8e33e0-b1df-4841-8136-55253c666a33,2026_W27,O59658,U21132,P43,2026-07-03 14:13:37,2,8672.85,2121.08,83.54,2740.43,17345.7,15224.62,Debit Card,Completed
6d8e33e0-b1df-4841-8136-55253c666a33,2026_W27,O59659,U502,P133,2026-06-30 05:23:21,1,10395.42,458.89,58.35,1788.58,10395.42,9936.53,Wallet,Completed
6d8e33e0-b1df-4841-8136-55253c666a33,2026_W27,O59660,U4690,P149,2026-07-05 06:08:54,4,2710.59,836.36,187.43,1801.08,10842.36,10006.0,UPI,Completed
6d8e33e0-b1df-4841-8136-55253c666a33,2026_W27,O59661,U28489,P45,2026-07-02 02:44:32,3,2342.15,308.45,92.88,1209.24,7026.450000000001,6718.000000000001,Wallet,Completed
6d8e33e0-b1df-4841-8136-55253c666a33,2026_W27,O59662,U20291,P2,2026-07-01 16:27:47,2,4823.44,351.21,109.66,1673.22,9646.88,9295.67,UPI,Completed
6d8e33e0-b1df-4841-8136-55253c666a33,2026_W27,O59663,U23055,P38,2026-07-02 06:53:38,2,4290.59,7.91,137.37,1543.19,8581.18,8573.27,Debit Card,Completed
6d8e33e0-b1df-4841-8136-55253c666a33,2026_W27,O59664,U16279,P31,2026-07-02 09:38:30,4,3171.15,673.39,70.3,2162.02,12684.6,12011.210000000001,Credit Card,Completed
6d8e33e0-b1df-4841-8136-55253c666a33,2026_W27,O59665,U26761,P12,2026-07-03 18:52:16,1,6064.9,7.43,109.52,1090.34,6064.9,6057.469999999999,Debit Card,Completed
6d8e33e0-b1df-4841-8136-55253c666a33,2026_W27,O59666,U26669,P60,2026-07-02 21:21:52,4,3368.43,1601.73,146.96,2136.96,13473.72,11871.99,UPI,Completed
6d8e33e0-b1df-4841-8136-55253c666a33,2026_W27,O59667,U26367,P110,2026-07-04 01:43:28,4,8883.32,2369.63,116.12,5969.46,35533.28,33163.65,UPI,Completed
6d8e33e0-b1df-4841-8136-55253c666a33,2026_W27,O59668,U14488,P168,2026-06-30 07:44:58,2,6037.57,1529.39,139.47,1898.24,12075.14,10545.75,Wallet,Completed
6d8e33e0-b1df-4841-8136-55253c666a33,2026_W27,O59669,U8279,P39,2026-06-30 01:54:18,4,10748.05,933.06,162.9,7570.65,42992.2,42059.14,Credit Card,Completed
6d8e33e0-b1df-4841-8136-55253c666a33,2026_W27,O59670,U12676,P129,2026-07-01 10:27:53,1,10030.81,196.54,104.59,1770.17,10030.81,9834.269999999999,Credit Card,Completed
6d8e33e0-b1df-4841-8136-55253c666a33,2026_W27,O59671,U15919,P175,2026-07-04 08:08:32,3,3999.32,442.39,100.66,2080.0,11997.960000000001,11555.570000000002,Wallet,Completed
6d8e33e0-b1df-4841-8136-55253c666a33,2026_W27,O59672,U31338,P27,2026-07-03 17:14:59,4,8284.05,3114.17,127.49,5403.97,33136.2,30022.03,Debit Card,Completed
6d8e33e0-b1df-4841-8136-55253c666a33,2026_W27,O59673,U32884,P176,2026-07-02 04:18:14,2,4894.11,286.23,141.18,1710.36,9788.22,9501.99,Wallet,Completed
6d8e33e0-b1df-4841-8136-55253c666a33,2026_W27,O59674,U30811,P199,2026-06-29 18:41:32,1,4054.66,282.1,124.14,679.06,4054.66,3772.56,Credit Card,Completed
6d8e33e0-b1df-4841-8136-55253c666a33,2026_W27,O59675,U27190,P176,2026-07-04 15:52:13,3,4894.11,69.02,132.85,2630.4,14682.329999999998,14613.309999999998,Credit Card,Completed
6d8e33e0-b1df-4841-8136-55253c666a33,2026_W27,O59676,U18353,P23,2026-06-30 08:25:31,3,7426.47,1616.61,98.3,3719.3,22279.41,20662.8,Wallet,Completed
6d8e33e0-b1df-4841-8136-55253c666a33,2026_W27,O59677,U16538,P173,2026-07-01 04:03:24,1,7576.76,205.38,55.32,1326.85,7576.76,7371.38,Credit Card,Completed
6d8e33e0-b1df-4841-8136-55253c666a33,2026_W27,O59678,U26782,P167,2026-07-02 07:09:28,1,5498.71,799.32,181.54,845.89,5498.71,4699.39,UPI,Completed
6d8e33e0-b1df-4841-8136-55253c666a33,2026_W27,O59679,U20172,P67,2026-07-02 07:33:38,4,4487.19,1766.59,117.81,2912.79,17948.76,16182.169999999998,Wallet,Completed
6d8e33e0-b1df-4841-8136-55253c666a33,2026_W27,O59680,U34853,P117,2026-07-02 13:12:17,2,1818.08,376.84,88.55,586.68,3636.16,3259.3199999999997,UPI,Completed
6d8e33e0-b1df-4841-8136-55253c666a33,2026_W27,O59681,U29298,P89,2026-06-29 23:19:46,3,10552.75,3791.77,179.6,5015.97,31658.25,27866.48,Wallet,Completed
6d8e33e0-b1df-4841-8136-55253c666a33,2026_W27,O59682,U1419,P60,2026-07-04 08:31:15,4,3368.43,215.77,107.03,2386.43,13473.72,13257.949999999999,Credit Card,Completed
6d8e33e0-b1df-4841-8136-55253c666a33,2026_W27,O59683,U7739,P27,2026-07-05 01:13:31,1,8284.05,599.93,123.41,1383.14,8284.05,7684.119999999999,Credit Card,Completed
6d8e33e0-b1df-4841-8136-55253c666a33,2026_W27,O59684,U14651,P163,2026-06-30 20:26:58,4,5553.52,3153.75,82.88,3430.86,22214.08,19060.33,Credit Card,Completed
6d8e33e0-b1df-4841-8136-55253c666a33,2026_W27,O59685,U31715,P106,2026-07-03 19:07:45,3,7604.77,1697.89,166.33,3800.96,22814.31,21116.420000000002,Wallet,Completed
6d8e33e0-b1df-4841-8136-55253c666a33,2026_W27,O59686,U9177,P94,2026-07-01 21:18:11,2,5614.01,1257.56,184.87,1794.68,11228.02,9970.460000000001,UPI,Completed
6d8e33e0-b1df-4841-8136-55253c666a33,2026_W27,O59687,U18086,P188,2026-07-02 19:36:24,2,2967.62,697.22,188.2,942.84,5935.24,5238.0199999999995,Debit Card,Completed
6d8e33e0-b1df-4841-8136-55253c666a33,2026_W27,O59688,U26443,P88,2026-07-02 19:08:39,1,11704.48,974.46,148.37,1931.4,11704.48,10730.02,Credit Card,Completed
6d8e33e0-b1df-4841-8136-55253c666a33,2026_W27,O59689,U24251,P178,2026-07-03 15:23:06,2,7836.39,1725.83,177.85,2510.45,15672.78,13946.95,Wallet,Completed
6d8e33e0-b1df-4841-8136-55253c666a33,2026_W27,O59690,U114,P127,2026-07-03 07:38:58,2,4862.09,602.58,99.19,1641.89,9724.18,9121.6,UPI,Completed
6d8e33e0-b1df-4841-8136-55253c666a33,2026_W27,O59691,U25390,P78,2026-07-04 19:33:36,2,4536.03,1354.61,114.79,1389.14,9072.06,7717.45,UPI,Completed
6d8e33e0-b1df-4841-8136-55253c666a33,2026_W27,O59692,U2165,P88,2026-07-02 19:03:18,1,11704.48,1530.6,182.61,1831.3,11704.48,10173.88,Credit Card,Completed
6d8e33e0-b1df-4841-8136-55253c666a33,2026_W27,O59693,U25853,P120,2026-06-30 17:09:46,2,4076.33,120.0,110.98,1445.88,8152.66,8032.66,UPI,Completed
6d8e33e0-b1df-4841-8136-55253c666a33,2026_W27,O59694,U27399,P77,2026-06-29 15:18:50,4,5304.36,190.51,75.56,3784.85,21217.44,21026.93,UPI,Completed
6d8e33e0-b1df-4841-8136-55253c666a33,2026_W27,O59695,U32259,P176,2026-07-05 03:07:05,4,4894.11,25.49,181.67,3519.17,19576.44,19550.949999999997,Wallet,Completed
6d8e33e0-b1df-4841-8136-55253c666a33,2026_W27,O59696,U2948,P21,2026-06-29 11:45:56,1,7568.69,698.39,55.74,1236.65,7568.69,6870.299999999999,Wallet,Completed
6d8e33e0-b1df-4841-8136-55253c666a33,2026_W27,O59697,U26714,P31,2026-07-04 00:19:15,1,3171.15,87.63,101.31,555.03,3171.15,3083.52,UPI,Completed
6d8e33e0-b1df-4841-8136-55253c666a33,2026_W27,O59698,U4642,P58,2026-06-30 11:31:00,4,2960.66,809.45,130.11,1985.97,11842.64,11033.189999999999,Credit Card,Completed
6d8e33e0-b1df-4841-8136-55253c666a33,2026_W27,O59699,U30197,P172,2026-07-04 20:43:43,3,7555.52,3060.26,64.29,3529.13,22666.56,19606.300000000003,Credit Card,Completed
6d8e33e0-b1df-4841-8136-55253c666a33,2026_W27,O59700,U29879,P170,2026-07-01 14:23:15,2,2647.64,85.42,96.12,937.77,5295.28,5209.86,UPI,Completed
6d8e33e0-b1df-4841-8136-55253c666a33,2026_W27,O59701,U27241,P179,2026-07-02 16:30:00,2,4820.9,653.3,83.98,1617.93,9641.8,8988.5,Credit Card,Completed
6d8e33e0-b1df-4841-8136-55253c666a33,2026_W27,O59702,U8668,P151,2026-07-03 04:49:56,4,9624.05,1321.5,99.15,6691.45,38496.2,37174.7,Credit Card,Completed
6d8e33e0-b1df-4841-8136-55253c666a33,2026_W27,O59703,U32318,P108,2026-06-29 22:29:03,4,9991.6,294.21,174.12,7140.99,39966.4,39672.19,Debit Card,Completed
6d8e33e0-b1df-4841-8136-55253c666a33,2026_W27,O59704,U12591,P110,2026-07-04 17:12:35,1,8883.32,960.18,196.35,1426.17,8883.32,7923.139999999999,Credit Card,Completed
6d8e33e0-b1df-4841-8136-55253c666a33,2026_W27,O59705,U30192,P83,2026-07-04 04:31:33,3,2067.84,832.46,100.49,966.79,6203.52,5371.06,Credit Card,Completed
6d8e33e0-b1df-4841-8136-55253c666a33,2026_W27,O59706,U6827,P174,2026-07-02 12:55:20,2,2207.85,29.07,185.51,789.59,4415.7,4386.63,UPI,Completed
6d8e33e0-b1df-4841-8136-55253c666a33,2026_W27,O59707,U8098,P101,2026-07-05 08:16:31,3,8924.96,679.62,62.23,4697.15,26774.879999999997,26095.26,Credit Card,Completed
6d8e33e0-b1df-4841-8136-55253c666a33,2026_W27,O59708,U24207,P170,2026-07-01 11:48:49,4,2647.64,253.34,75.4,1860.7,10590.56,10337.22,Credit Card,Completed
6d8e33e0-b1df-4841-8136-55253c666a33,2026_W27,O59709,U2609,P92,2026-07-01 17:00:39,1,5271.05,466.95,105.99,864.74,5271.05,4804.1,Wallet,Completed
6d8e33e0-b1df-4841-8136-55253c666a33,2026_W27,O59710,U21321,P9,2026-07-02 08:25:54,4,5229.72,2889.56,80.97,3245.28,20918.88,18029.32,Credit Card,Completed
6d8e33e0-b1df-4841-8136-55253c666a33,2026_W27,O59711,U4334,P31,2026-07-01 12:46:46,3,3171.15,1028.13,125.86,1527.36,9513.45,8485.32,Credit Card,Completed
6d8e33e0-b1df-4841-8136-55253c666a33,2026_W27,O59712,U23969,P102,2026-07-03 06:07:52,2,3685.81,136.74,55.74,1302.28,7371.62,7234.88,Debit Card,Completed
6d8e33e0-b1df-4841-8136-55253c666a33,2026_W27,O59713,U32145,P155,2026-07-03 04:37:28,3,7895.96,2311.01,146.55,3847.84,23687.88,21376.870000000003,UPI,Completed
6d8e33e0-b1df-4841-8136-55253c666a33,2026_W27,O59714,U8776,P25,2026-06-30 09:15:01,4,2539.74,695.61,67.7,1703.4,10158.96,9463.349999999999,Wallet,Completed
6d8e33e0-b1df-4841-8136-55253c666a33,2026_W27,O59715,U23784,P37,2026-07-02 13:44:22,3,4162.63,62.68,90.58,2236.54,12487.89,12425.21,Debit Card,Completed
6d8e33e0-b1df-4841-8136-55253c666a33,2026_W27,O59716,U33061,P10,2026-07-01 23:07:22,3,3822.68,1.86,188.13,2063.91,11468.039999999999,11466.179999999998,Wallet,Completed
6d8e33e0-b1df-4841-8136-55253c666a33,2026_W27,O59717,U20992,P68,2026-07-02 12:28:18,1,4352.35,496.15,103.19,694.12,4352.35,3856.2000000000003,Credit Card,Completed
6d8e33e0-b1df-4841-8136-55253c666a33,2026_W27,O59718,U25862,P103,2026-07-01 02:54:24,1,2762.4,281.98,151.52,446.48,2762.4,2480.42,Credit Card,Completed
6d8e33e0-b1df-4841-8136-55253c666a33,2026_W27,O59719,U23821,P186,2026-07-03 11:52:01,4,7480.33,4308.33,194.75,4610.34,29921.32,25612.989999999998,UPI,Completed
6d8e33e0-b1df-4841-8136-55253c666a33,2026_W27,O59720,U8135,P27,2026-06-29 20:29:39,4,8284.05,2529.85,147.16,5509.14,33136.2,30606.35,UPI,Completed
6d8e33e0-b1df-4841-8136-55253c666a33,2026_W27,O59721,U19464,P35,2026-07-02 12:00:35,4,10420.75,6094.5,67.8,6405.93,41683.0,35588.5,Credit Card,Completed
6d8e33e0-b1df-4841-8136-55253c666a33,2026_W27,O59722,U19689,P146,2026-07-04 19:49:53,3,1678.25,462.75,104.77,822.96,5034.75,4572.0,Debit Card,Completed
6d8e33e0-b1df-4841-8136-55253c666a33,2026_W27,O59723,U19644,P167,2026-06-29 20:26:31,1,5498.71,542.39,113.95,892.14,5498.71,4956.32,Debit Card,Completed
6d8e33e0-b1df-4841-8136-55253c666a33,2026_W27,O59724,U15156,P112,2026-07-04 10:00:34,3,7164.07,1117.91,53.0,3667.37,21492.21,20374.3,UPI,Completed
6d8e33e0-b1df-4841-8136-55253c666a33,2026_W27,O59725,U33989,P36,2026-06-29 22:06:13,1,6802.05,345.72,172.23,1162.14,6802.05,6456.33,UPI,Completed
6d8e33e0-b1df-4841-8136-55253c666a33,2026_W27,O59726,U21208,P29,2026-07-02 12:44:24,4,1618.44,583.69,55.51,1060.21,6473.76,5890.07,UPI,Completed
6d8e33e0-b1df-4841-8136-55253c666a33,2026_W27,O59727,U18580,P138,2026-06-29 13:35:08,2,6625.4,436.33,143.5,2306.6,13250.8,12814.47,Debit Card,Completed
6d8e33e0-b1df-4841-8136-55253c666a33,2026_W27,O59728,U26202,P177,2026-07-05 01:06:28,3,9676.29,1719.51,194.32,4915.68,29028.870000000003,27309.360000000004,Debit Card,Completed
6d8e33e0-b1df-4841-8136-55253c666a33,2026_W27,O59729,U32457,P160,2026-07-02 20:00:47,3,5179.64,172.01,60.2,2766.04,15538.920000000002,15366.910000000002,Debit Card,Completed
6d8e33e0-b1df-4841-8136-55253c666a33,2026_W27,O59730,U1926,P140,2026-07-02 00:50:15,1,3100.99,129.19,96.18,534.92,3100.99,2971.7999999999997,Wallet,Completed
6d8e33e0-b1df-4841-8136-55253c666a33,2026_W27,O59731,U28835,P159,2026-06-30 06:30:20,3,5801.91,407.41,173.84,3059.7,17405.73,16998.32,Credit Card,Completed
6d8e33e0-b1df-4841-8136-55253c666a33,2026_W27,O59732,U14817,P123,2026-07-02 04:14:26,1,11056.51,876.77,52.13,1832.35,11056.51,10179.74,Credit Card,Completed
6d8e33e0-b1df-4841-8136-55253c666a33,2026_W27,O59733,U29713,P164,2026-07-03 22:51:09,1,4106.87,86.84,132.71,723.61,4106.87,4020.0299999999997,Debit Card,Completed
6d8e33e0-b1df-4841-8136-55253c666a33,2026_W27,O59734,U18198,P139,2026-07-01 16:49:51,3,7373.8,331.23,114.87,3922.23,22121.4,21790.170000000002,Debit Card,Completed
6d8e33e0-b1df-4841-8136-55253c666a33,2026_W27,O59735,U15337,P146,2026-07-02 22:02:48,1,1678.25,198.15,118.46,266.42,1678.25,1480.1,Credit Card,Completed
6d8e33e0-b1df-4841-8136-55253c666a33,2026_W27,O59736,U26637,P60,2026-06-30 12:23:11,1,3368.43,94.46,98.25,589.31,3368.43,3273.97,Credit Card,Completed
6d8e33e0-b1df-4841-8136-55253c666a33,2026_W27,O59737,U19286,P106,2026-07-03 08:43:28,4,7604.77,1130.43,147.06,5271.96,30419.08,29288.65,Debit Card,Completed
6d8e33e0-b1df-4841-8136-55253c666a33,2026_W27,O59738,U23993,P45,2026-06-29 14:21:50,3,2342.15,258.74,197.55,1218.19,7026.450000000001,6767.710000000001,UPI,Completed
6d8e33e0-b1df-4841-8136-55253c666a33,2026_W27,O59739,U18930,P14,2026-06-29 23:56:51,2,5736.45,407.07,117.58,1991.85,11472.9,11065.83,Wallet,Completed
6d8e33e0-b1df-4841-8136-55253c666a33,2026_W27,O59740,U1778,P40,2026-07-02 20:45:36,2,7370.62,2119.87,187.28,2271.85,14741.24,12621.369999999999,Debit Card,Completed
6d8e33e0-b1df-4841-8136-55253c666a33,2026_W27,O59741,U16554,P121,2026-07-01 20:17:44,4,7793.76,4380.65,185.67,4822.99,31175.04,26794.39,Credit Card,Completed
6d8e33e0-b1df-4841-8136-55253c666a33,2026_W27,O59742,U22056,P112,2026-06-29 12:44:41,4,7164.07,2618.75,144.47,4686.76,28656.28,26037.53,Debit Card,Completed
6d8e33e0-b1df-4841-8136-55253c666a33,2026_W27,O59743,U80,P153,2026-06-29 14:20:19,2,6806.07,1871.05,69.38,2113.4,13612.14,11741.09,Credit Card,Completed
6d8e33e0-b1df-4841-8136-55253c666a33,2026_W27,O59744,U14965,P87,2026-06-30 23:55:39,2,7207.16,1899.58,62.15,2252.65,14414.32,12514.74,UPI,Completed
6d8e33e0-b1df-4841-8136-55253c666a33,2026_W27,O59745,U26232,P92,2026-07-03 12:40:20,1,5271.05,697.95,90.74,823.16,5271.05,4573.1,Credit Card,Completed
6d8e33e0-b1df-4841-8136-55253c666a33,2026_W27,O59746,U20443,P145,2026-07-02 21:52:44,4,6190.5,1963.22,193.33,4103.78,24762.0,22798.78,Debit Card,Completed
6d8e33e0-b1df-4841-8136-55253c666a33,2026_W27,O59747,U27195,P170,2026-07-01 05:54:42,2,2647.64,388.39,157.38,883.24,5295.28,4906.889999999999,Wallet,Completed
6d8e33e0-b1df-4841-8136-55253c666a33,2026_W27,O59748,U1308,P52,2026-07-02 10:06:55,4,7675.89,1966.29,167.35,5172.71,30703.56,28737.27,Credit Card,Completed
6d8e33e0-b1df-4841-8136-55253c666a33,2026_W27,O59749,U15017,P75,2026-06-29 21:42:19,3,10051.65,3921.52,67.57,4722.02,30154.949999999997,26233.429999999997,Debit Card,Completed
6d8e33e0-b1df-4841-8136-55253c666a33,2026_W27,O59750,U15591,P100,2026-07-03 17:20:06,2,1750.2,345.33,55.77,567.91,3500.4,3155.07,Credit Card,Completed
6d8e33e0-b1df-4841-8136-55253c666a33,2026_W27,O59751,U24328,P195,2026-06-30 05:16:02,1,6655.83,951.07,119.57,1026.86,6655.83,5704.76,Debit Card,Completed
6d8e33e0-b1df-4841-8136-55253c666a33,2026_W27,O59752,U11134,P114,2026-06-30 08:35:27,3,1980.84,206.09,160.61,1032.56,5942.5199999999995,5736.429999999999,Debit Card,Completed
6d8e33e0-b1df-4841-8136-55253c666a33,2026_W27,O59753,U25541,P42,2026-06-29 16:26:55,4,5037.81,1514.58,158.13,3354.6,20151.24,18636.660000000003,UPI,Completed
6d8e33e0-b1df-4841-8136-55253c666a33,2026_W27,O59754,U29649,P200,2026-07-05 04:30:21,3,4553.19,2045.84,53.99,2090.47,13659.57,11613.73,Credit Card,Completed
6d8e33e0-b1df-4841-8136-55253c666a33,2026_W27,O59755,U21384,P28,2026-07-01 10:35:02,3,4687.09,534.03,129.2,2434.9,14061.27,13527.24,UPI,Completed
6d8e33e0-b1df-4841-8136-55253c666a33,2026_W27,O59756,U29041,P197,2026-07-01 10:14:54,4,10992.71,3680.71,146.46,7252.22,43970.84,40290.13,Debit Card,Completed
6d8e33e0-b1df-4841-8136-55253c666a33,2026_W27,O59757,U18652,P156,2026-06-30 22:10:38,2,2724.78,42.75,54.11,973.23,5449.56,5406.81,Wallet,Completed
6d8e33e0-b1df-4841-8136-55253c666a33,2026_W27,O59758,U7563,P118,2026-07-01 19:06:11,2,9270.95,2727.32,143.53,2846.62,18541.9,15814.580000000002,Debit Card,Completed
6d8e33e0-b1df-4841-8136-55253c666a33,2026_W27,O59759,U7822,P198,2026-06-30 02:35:21,4,4611.32,1584.43,153.95,3034.95,18445.28,16860.85,Credit Card,Completed
6d8e33e0-b1df-4841-8136-55253c666a33,2026_W27,O59760,U33123,P45,2026-07-01 06:07:39,2,2342.15,232.65,184.37,801.3,4684.3,4451.650000000001,Credit Card,Completed
6d8e33e0-b1df-4841-8136-55253c666a33,2026_W27,O59761,U16409,P122,2026-07-01 01:46:03,2,9537.16,1071.63,87.48,3240.48,19074.32,18002.69,Credit Card,Completed
6d8e33e0-b1df-4841-8136-55253c666a33,2026_W27,O59762,U5966,P86,2026-07-02 01:08:19,2,9877.51,1948.04,59.85,3205.26,19755.02,17806.98,Debit Card,Completed
6d8e33e0-b1df-4841-8136-55253c666a33,2026_W27,O59763,U26780,P152,2026-07-02 07:17:09,4,5413.06,2714.29,56.78,3408.83,21652.24,18937.95,Credit Card,Completed
6d8e33e0-b1df-4841-8136-55253c666a33,2026_W27,O59764,U30688,P171,2026-07-03 15:25:55,1,2305.74,124.36,118.18,392.65,2305.74,2181.3799999999997,Debit Card,Completed
6d8e33e0-b1df-4841-8136-55253c666a33,2026_W27,O59765,U26592,P167,2026-07-02 12:53:27,1,5498.71,125.8,187.73,967.12,5498.71,5372.91,UPI,Completed
6d8e33e0-b1df-4841-8136-55253c666a33,2026_W27,O59766,U20341,P155,2026-07-04 03:01:30,1,7895.96,100.79,131.58,1403.13,7895.96,7795.17,UPI,Completed
6d8e33e0-b1df-4841-8136-55253c666a33,2026_W27,O59767,U2453,P173,2026-07-04 01:56:59,2,7576.76,1832.61,142.77,2397.76,15153.52,13320.91,UPI,Completed
6d8e33e0-b1df-4841-8136-55253c666a33,2026_W27,O59768,U20033,P146,2026-07-03 21:28:02,1,1678.25,219.34,169.7,262.6,1678.25,1458.91,Debit Card,Completed
6d8e33e0-b1df-4841-8136-55253c666a33,2026_W27,O59769,U9589,P58,2026-07-04 20:12:25,4,2960.66,1582.73,119.2,1846.78,11842.64,10259.91,UPI,Completed
6d8e33e0-b1df-4841-8136-55253c666a33,2026_W27,O59770,U34692,P110,2026-07-04 21:34:03,3,8883.32,515.98,81.28,4704.12,26649.96,26133.98,UPI,Completed
6d8e33e0-b1df-4841-8136-55253c666a33,2026_W27,O59771,U16739,P84,2026-07-03 21:54:45,3,6489.78,977.43,186.48,3328.54,19469.34,18491.91,UPI,Completed
6d8e33e0-b1df-4841-8136-55253c666a33,2026_W27,O59772,U17126,P82,2026-07-03 01:29:06,3,2456.79,9.66,123.26,1324.93,7370.37,7360.71,UPI,Completed
6d8e33e0-b1df-4841-8136-55253c666a33,2026_W27,O59773,U30156,P112,2026-06-29 23:27:52,3,7164.07,102.19,56.34,3850.2,21492.21,21390.02,Wallet,Completed
6d8e33e0-b1df-4841-8136-55253c666a33,2026_W27,O59774,U30231,P191,2026-07-01 22:10:25,4,9506.3,587.94,137.54,6738.71,38025.2,37437.259999999995,Wallet,Completed
6d8e33e0-b1df-4841-8136-55253c666a33,2026_W27,O59775,U20646,P155,2026-06-30 09:42:55,1,7895.96,170.05,55.28,1390.66,7895.96,7725.91,Credit Card,Completed
6d8e33e0-b1df-4841-8136-55253c666a33,2026_W27,O59776,U5112,P10,2026-07-05 05:46:34,1,3822.68,387.28,156.66,618.37,3822.68,3435.3999999999996,UPI,Completed
6d8e33e0-b1df-4841-8136-55253c666a33,2026_W27,O59777,U24957,P14,2026-07-04 21:52:55,1,5736.45,158.83,179.73,1003.97,5736.45,5577.62,Credit Card,Completed
6d8e33e0-b1df-4841-8136-55253c666a33,2026_W27,O59778,U32887,P155,2026-06-30 17:06:55,3,7895.96,2124.5,120.68,3881.41,23687.88,21563.38,UPI,Completed
6d8e33e0-b1df-4841-8136-55253c666a33,2026_W27,O59779,U8472,P44,2026-07-04 08:14:02,2,1407.86,328.92,144.0,447.62,2815.72,2486.7999999999997,Debit Card,Completed
6d8e33e0-b1df-4841-8136-55253c666a33,2026_W27,O59780,U29475,P106,2026-06-29 13:02:07,2,7604.77,1337.31,70.62,2497.0,15209.54,13872.230000000001,UPI,Completed
6d8e33e0-b1df-4841-8136-55253c666a33,2026_W27,O59781,U30109,P6,2026-07-03 19:25:06,4,6939.39,3927.41,96.68,4289.43,27757.56,23830.15,Debit Card,Completed
6d8e33e0-b1df-4841-8136-55253c666a33,2026_W27,O59782,U19098,P178,2026-06-30 14:13:57,1,7836.39,498.41,139.46,1320.84,7836.39,7337.9800000000005,Wallet,Completed
6d8e33e0-b1df-4841-8136-55253c666a33,2026_W27,O59783,U32264,P60,2026-06-30 11:29:26,1,3368.43,436.7,104.26,527.71,3368.43,2931.73,UPI,Completed
6d8e33e0-b1df-4841-8136-55253c666a33,2026_W27,O59784,U10401,P91,2026-07-01 04:04:03,2,7800.01,134.76,111.02,2783.75,15600.02,15465.26,UPI,Completed
6d8e33e0-b1df-4841-8136-55253c666a33,2026_W27,O59785,U1419,P191,2026-07-02 22:01:33,2,9506.3,549.62,82.9,3323.34,19012.6,18462.98,Credit Card,Completed
6d8e33e0-b1df-4841-8136-55253c666a33,2026_W27,O59786,U20214,P131,2026-07-02 13:28:24,3,6362.71,1702.42,131.34,3129.43,19088.13,17385.71,Credit Card,Completed
6d8e33e0-b1df-4841-8136-55253c666a33,2026_W27,O59787,U6375,P189,2026-07-01 00:09:53,3,5649.84,2527.43,176.82,2595.98,16949.52,14422.09,Debit Card,Completed
6d8e33e0-b1df-4841-8136-55253c666a33,2026_W27,O59788,U7916,P159,2026-07-02 14:41:00,4,5801.91,1251.26,66.5,3952.15,23207.64,21956.38,Debit Card,Completed
6d8e33e0-b1df-4841-8136-55253c666a33,2026_W27,O59789,U12041,P136,2026-06-29 20:27:05,3,10500.45,102.42,188.72,5651.81,31501.350000000002,31398.930000000004,UPI,Completed
6d8e33e0-b1df-4841-8136-55253c666a33,2026_W27,O59790,U5593,P18,2026-07-04 09:21:14,3,3465.55,904.16,64.35,1708.65,10396.650000000001,9492.490000000002,Credit Card,Completed
6d8e33e0-b1df-4841-8136-55253c666a33,2026_W27,O59791,U25017,P11,2026-07-02 02:03:51,3,7598.14,1640.16,188.41,3807.77,22794.420000000002,21154.260000000002,UPI,Completed
6d8e33e0-b1df-4841-8136-55253c666a33,2026_W27,O59792,U33128,P80,2026-07-02 16:07:15,4,6276.46,3595.47,113.8,3871.87,25105.84,21510.37,UPI,Completed
6d8e33e0-b1df-4841-8136-55253c666a33,2026_W27,O59793,U19966,P50,2026-07-02 05:42:40,2,4043.15,418.07,150.31,1380.28,8086.3,7668.2300000000005,UPI,Completed
6d8e33e0-b1df-4841-8136-55253c666a33,2026_W27,O59794,U25763,P87,2026-07-03 04:59:07,2,7207.16,1481.91,117.71,2327.83,14414.32,12932.41,Credit Card,Completed
6d8e33e0-b1df-4841-8136-55253c666a33,2026_W27,O59795,U16322,P37,2026-07-01 00:56:33,2,4162.63,801.99,169.88,1354.19,8325.26,7523.27,Wallet,Completed
6d8e33e0-b1df-4841-8136-55253c666a33,2026_W27,O59796,U16008,P9,2026-07-03 18:46:18,2,5229.72,579.96,159.41,1778.31,10459.44,9879.48,Debit Card,Completed
6d8e33e0-b1df-4841-8136-55253c666a33,2026_W27,O59797,U21214,P185,2026-07-01 11:51:27,1,2854.87,63.35,184.4,502.47,2854.87,2791.52,UPI,Completed
6d8e33e0-b1df-4841-8136-55253c666a33,2026_W27,O59798,U32323,P53,2026-06-30 04:05:48,4,5893.03,1719.33,161.18,3933.5,23572.12,21852.79,Debit Card,Completed
6d8e33e0-b1df-4841-8136-55253c666a33,2026_W27,O59799,U6585,P50,2026-07-04 21:03:42,4,4043.15,236.95,162.92,2868.42,16172.6,15935.65,Wallet,Completed
6d8e33e0-b1df-4841-8136-55253c666a33,2026_W27,O59800,U30190,P140,2026-07-03 10:56:10,4,3100.99,367.71,88.09,2166.52,12403.96,12036.25,Credit Card,Completed
6d8e33e0-b1df-4841-8136-55253c666a33,2026_W27,O59801,U20546,P147,2026-07-03 10:34:27,4,4417.37,1868.1,94.55,2844.25,17669.48,15801.38,Wallet,Completed
6d8e33e0-b1df-4841-8136-55253c666a33,2026_W27,O59802,U12329,P54,2026-07-02 10:15:57,1,7277.34,404.88,174.95,1237.04,7277.34,6872.46,Debit Card,Completed
6d8e33e0-b1df-4841-8136-55253c666a33,2026_W27,O59803,U22719,P126,2026-06-29 09:20:19,3,9456.09,1630.0,111.77,4812.89,28368.27,26738.27,Credit Card,Completed
6d8e33e0-b1df-4841-8136-55253c666a33,2026_W27,O59804,U16416,P62,2026-06-29 13:01:44,4,8933.75,4044.32,122.5,5704.32,35735.0,31690.68,Debit Card,Completed
6d8e33e0-b1df-4841-8136-55253c666a33,2026_W27,O59805,U21561,P162,2026-07-03 14:49:12,3,7889.79,823.65,197.13,4112.23,23669.37,22845.719999999998,Wallet,Completed
6d8e33e0-b1df-4841-8136-55253c666a33,2026_W27,O59806,U12780,P23,2026-07-04 16:13:17,1,7426.47,214.07,183.76,1298.23,7426.47,7212.400000000001,UPI,Completed
6d8e33e0-b1df-4841-8136-55253c666a33,2026_W27,O59807,U33998,P34,2026-07-05 01:23:25,3,3432.36,1228.53,174.46,1632.34,10297.08,9068.55,UPI,Completed
6d8e33e0-b1df-4841-8136-55253c666a33,2026_W27,O59808,U12140,P38,2026-07-02 05:59:38,3,4290.59,1713.1,100.19,2008.56,12871.77,11158.67,Wallet,Completed
6d8e33e0-b1df-4841-8136-55253c666a33,2026_W27,O59809,U5328,P68,2026-07-03 15:34:48,3,4352.35,283.22,135.13,2299.29,13057.050000000001,12773.830000000002,UPI,Completed
6d8e33e0-b1df-4841-8136-55253c666a33,2026_W27,O59810,U30160,P139,2026-07-03 08:31:11,4,7373.8,1918.49,197.94,4963.81,29495.2,27576.71,UPI,Completed
6d8e33e0-b1df-4841-8136-55253c666a33,2026_W27,O59811,U32358,P92,2026-07-05 08:34:28,1,5271.05,391.3,53.61,878.36,5271.05,4879.75,Debit Card,Completed
6d8e33e0-b1df-4841-8136-55253c666a33,2026_W27,O59812,U33609,P55,2026-07-01 01:30:02,2,4472.32,758.68,197.17,1473.47,8944.64,8185.959999999999,Credit Card,Completed
6d8e33e0-b1df-4841-8136-55253c666a33,2026_W27,O59813,U23885,P56,2026-06-30 16:42:39,4,5764.47,2783.64,58.24,3649.36,23057.88,20274.24,Wallet,Completed
6d8e33e0-b1df-4841-8136-55253c666a33,2026_W27,O59814,U20515,P160,2026-07-02 15:33:33,3,5179.64,369.49,154.17,2730.5,15538.920000000002,15169.430000000002,UPI,Completed
6d8e33e0-b1df-4841-8136-55253c666a33,2026_W27,O59815,U23519,P121,2026-07-01 05:08:30,3,7793.76,1725.1,50.82,3898.11,23381.28,21656.18,UPI,Completed
6d8e33e0-b1df-4841-8136-55253c666a33,2026_W27,O59816,U33237,P6,2026-07-04 08:13:58,2,6939.39,2071.69,166.2,2125.28,13878.78,11807.09,Credit Card,Completed
6d8e33e0-b1df-4841-8136-55253c666a33,2026_W27,O59817,U17504,P187,2026-07-02 20:22:37,3,6341.6,2267.96,179.07,3016.23,19024.800000000003,16756.840000000004,UPI,Completed
6d8e33e0-b1df-4841-8136-55253c666a33,2026_W27,O59818,U31014,P100,2026-07-02 10:47:51,3,1750.2,689.06,137.86,821.08,5250.6,4561.540000000001,Credit Card,Completed
6d8e33e0-b1df-4841-8136-55253c666a33,2026_W27,O59819,U5593,P103,2026-06-30 19:10:23,4,2762.4,1292.35,103.17,1756.3,11049.6,9757.25,Wallet,Completed
6d8e33e0-b1df-4841-8136-55253c666a33,2026_W27,O59820,U31159,P34,2026-07-04 20:45:19,2,3432.36,690.1,163.42,1111.43,6864.72,6174.62,Wallet,Completed
6d8e33e0-b1df-4841-8136-55253c666a33,2026_W27,O59821,U1974,P78,2026-07-01 03:08:31,1,4536.03,72.19,108.4,803.49,4536.03,4463.84,Credit Card,Completed
6d8e33e0-b1df-4841-8136-55253c666a33,2026_W27,O59822,U9966,P166,2026-06-29 09:21:37,4,4248.29,945.38,107.39,2888.6,16993.16,16047.78,Wallet,Completed
6d8e33e0-b1df-4841-8136-55253c666a33,2026_W27,O59823,U24758,P135,2026-07-03 21:16:42,3,5890.55,1848.44,187.13,2848.18,17671.65,15823.210000000001,UPI,Completed
6d8e33e0-b1df-4841-8136-55253c666a33,2026_W27,O59824,U19562,P152,2026-07-04 13:27:53,4,5413.06,969.9,77.13,3722.82,21652.24,20682.34,Wallet,Completed
6d8e33e0-b1df-4841-8136-55253c666a33,2026_W27,O59825,U9099,P70,2026-07-04 12:51:40,4,2270.0,1077.69,187.95,1440.42,9080.0,8002.3099999999995,Debit Card,Completed
6d8e33e0-b1df-4841-8136-55253c666a33,2026_W27,O59826,U31563,P61,2026-07-05 00:56:30,2,7869.26,553.82,195.61,2733.25,15738.52,15184.7,Debit Card,Completed
6d8e33e0-b1df-4841-8136-55253c666a33,2026_W27,O59827,U21496,P149,2026-06-30 21:24:25,1,2710.59,320.45,112.29,430.23,2710.59,2390.1400000000003,Wallet,Completed
6d8e33e0-b1df-4841-8136-55253c666a33,2026_W27,O59828,U15298,P96,2026-07-02 12:10:33,4,4818.25,1792.09,183.31,3146.56,19273.0,17480.91,UPI,Completed
6d8e33e0-b1df-4841-8136-55253c666a33,2026_W27,O59829,U14312,P139,2026-06-30 18:30:30,1,7373.8,132.66,85.16,1303.41,7373.8,7241.14,UPI,Completed
6d8e33e0-b1df-4841-8136-55253c666a33,2026_W27,O59830,U20485,P146,2026-07-01 03:45:14,1,1678.25,88.55,109.01,286.15,1678.25,1589.7,UPI,Completed
6d8e33e0-b1df-4841-8136-55253c666a33,2026_W27,O59831,U10726,P46,2026-07-01 16:07:45,2,2979.32,322.35,167.92,1014.53,5958.64,5636.29,Debit Card,Completed
6d8e33e0-b1df-4841-8136-55253c666a33,2026_W27,O59832,U22139,P178,2026-06-30 06:10:11,3,7836.39,88.53,142.3,4215.72,23509.170000000002,23420.640000000003,Debit Card,Completed
6d8e33e0-b1df-4841-8136-55253c666a33,2026_W27,O59833,U19296,P188,2026-06-30 01:54:24,2,2967.62,837.05,147.93,917.67,5935.24,5098.19,UPI,Completed
6d8e33e0-b1df-4841-8136-55253c666a33,2026_W27,O59834,U28681,P16,2026-07-02 19:50:48,2,3158.68,369.98,179.73,1070.53,6317.36,5947.379999999999,Credit Card,Completed
6d8e33e0-b1df-4841-8136-55253c666a33,2026_W27,O59835,U1675,P159,2026-07-04 06:29:01,3,5801.91,1442.46,72.55,2873.39,17405.73,15963.27,Credit Card,Completed
6d8e33e0-b1df-4841-8136-55253c666a33,2026_W27,O59836,U20663,P187,2026-07-01 11:08:32,4,6341.6,893.29,156.13,4405.16,25366.4,24473.11,Credit Card,Completed
6d8e33e0-b1df-4841-8136-55253c666a33,2026_W27,O59837,U31463,P33,2026-06-29 15:31:59,4,5573.38,990.21,144.4,3834.6,22293.52,21303.31,Wallet,Completed
6d8e33e0-b1df-4841-8136-55253c666a33,2026_W27,O59838,U6644,P140,2026-06-29 20:00:46,2,3100.99,373.37,175.15,1049.15,6201.98,5828.61,UPI,Completed
6d8e33e0-b1df-4841-8136-55253c666a33,2026_W27,O59839,U10007,P177,2026-07-02 22:51:23,3,9676.29,2824.78,149.73,4716.74,29028.870000000003,26204.090000000004,Debit Card,Completed
6d8e33e0-b1df-4841-8136-55253c666a33,2026_W27,O59840,U24025,P128,2026-07-01 07:43:28,4,3543.69,1067.41,91.46,2359.32,14174.76,13107.35,UPI,Completed
6d8e33e0-b1df-4841-8136-55253c666a33,2026_W27,O59841,U2413,P157,2026-07-04 11:30:52,4,6934.8,2863.32,181.28,4477.66,27739.2,24875.88,Credit Card,Completed
6d8e33e0-b1df-4841-8136-55253c666a33,2026_W27,O59842,U31912,P41,2026-07-03 13:39:52,1,1959.52,107.48,63.98,333.37,1959.52,1852.04,UPI,Completed
6d8e33e0-b1df-4841-8136-55253c666a33,2026_W27,O59843,U13958,P129,2026-07-04 23:17:37,1,10030.81,759.76,196.85,1668.79,10030.81,9271.05,Wallet,Completed
6d8e33e0-b1df-4841-8136-55253c666a33,2026_W27,O59844,U11805,P22,2026-06-30 13:46:43,3,9175.57,2647.56,121.6,4478.25,27526.71,24879.149999999998,Credit Card,Completed
6d8e33e0-b1df-4841-8136-55253c666a33,2026_W27,O59845,U27530,P35,2026-07-03 02:11:51,4,10420.75,4089.37,79.41,6766.85,41683.0,37593.63,Wallet,Completed
6d8e33e0-b1df-4841-8136-55253c666a33,2026_W27,O59846,U12163,P31,2026-06-29 23:44:47,2,3171.15,640.07,60.62,1026.4,6342.3,5702.2300000000005,Wallet,Completed
6d8e33e0-b1df-4841-8136-55253c666a33,2026_W27,O59847,U18222,P55,2026-07-01 05:31:59,1,4472.32,626.34,191.25,692.28,4472.32,3845.9799999999996,Debit Card,Completed
6d8e33e0-b1df-4841-8136-55253c666a33,2026_W27,O59848,U25577,P124,2026-07-02 14:43:32,4,5965.84,1574.54,107.07,4011.99,23863.36,22288.82,Wallet,Completed
6d8e33e0-b1df-4841-8136-55253c666a33,2026_W27,O59849,U23696,P37,2026-06-30 22:03:41,2,4162.63,865.29,199.45,1342.79,8325.26,7459.97,Wallet,Completed
6d8e33e0-b1df-4841-8136-55253c666a33,2026_W27,O59850,U27788,P101,2026-07-03 07:18:41,1,8924.96,535.51,169.51,1510.1,8924.96,8389.449999999999,UPI,Completed
6d8e33e0-b1df-4841-8136-55253c666a33,2026_W27,O59851,U14930,P15,2026-07-01 19:18:59,1,3230.88,377.26,103.46,513.65,3230.88,2853.62,UPI,Completed
6d8e33e0-b1df-4841-8136-55253c666a33,2026_W27,O59852,U21038,P13,2026-07-02 23:21:59,1,6638.24,312.94,166.12,1138.55,6638.24,6325.3,UPI,Completed
6d8e33e0-b1df-4841-8136-55253c666a33,2026_W27,O59853,U30631,P190,2026-07-03 21:43:31,4,3207.6,1294.22,195.18,2076.51,12830.4,11536.18,Credit Card,Completed
6d8e33e0-b1df-4841-8136-55253c666a33,2026_W27,O59854,U32117,P104,2026-06-29 13:57:13,1,7848.2,385.37,81.09,1343.31,7848.2,7462.83,Debit Card,Completed
6d8e33e0-b1df-4841-8136-55253c666a33,2026_W27,O59855,U7496,P147,2026-07-03 02:20:31,1,4417.37,149.11,83.68,768.29,4417.37,4268.26,Credit Card,Completed
6d8e33e0-b1df-4841-8136-55253c666a33,2026_W27,O59856,U13049,P100,2026-06-29 22:01:10,3,1750.2,549.18,50.66,846.26,5250.6,4701.42,Wallet,Completed
6d8e33e0-b1df-4841-8136-55253c666a33,2026_W27,O59857,U1698,P24,2026-07-04 01:10:34,2,4112.52,1227.61,190.0,1259.54,8225.04,6997.430000000001,Credit Card,Completed
6d8e33e0-b1df-4841-8136-55253c666a33,2026_W27,O59858,U20284,P72,2026-06-29 10:12:49,2,8298.72,2449.22,132.48,2546.68,16597.44,14148.22,UPI,Completed
6d8e33e0-b1df-4841-8136-55253c666a33,2026_W27,O59859,U7532,P31,2026-07-02 05:17:47,2,3171.15,249.4,82.06,1096.72,6342.3,6092.900000000001,Wallet,Completed
6d8e33e0-b1df-4841-8136-55253c666a33,2026_W27,O59860,U9390,P87,2026-07-01 02:28:24,4,7207.16,2076.98,184.32,4815.3,28828.64,26751.66,UPI,Completed
6d8e33e0-b1df-4841-8136-55253c666a33,2026_W27,O59861,U23933,P96,2026-07-02 13:39:57,3,4818.25,863.73,101.74,2446.38,14454.75,13591.02,Wallet,Completed
6d8e33e0-b1df-4841-8136-55253c666a33,2026_W27,O59862,U17016,P191,2026-07-04 09:13:13,4,9506.3,5443.79,64.1,5864.65,38025.2,32581.409999999996,Credit Card,Completed
6d8e33e0-b1df-4841-8136-55253c666a33,2026_W27,O59863,U2655,P168,2026-07-02 07:50:20,1,6037.57,707.69,179.06,959.38,6037.57,5329.879999999999,UPI,Completed
6d8e33e0-b1df-4841-8136-55253c666a33,2026_W27,O59864,U25046,P184,2026-06-29 20:46:01,4,2360.41,585.2,159.31,1594.16,9441.64,8856.439999999999,Debit Card,Completed
6d8e33e0-b1df-4841-8136-55253c666a33,2026_W27,O59865,U4254,P71,2026-06-30 04:04:24,2,7798.35,1271.8,130.3,2578.48,15596.7,14324.900000000001,Debit Card,Completed
6d8e33e0-b1df-4841-8136-55253c666a33,2026_W27,O59866,U16412,P64,2026-06-29 17:24:12,4,3844.36,1561.64,98.77,2486.84,15377.44,13815.800000000001,Wallet,Completed
6d8e33e0-b1df-4841-8136-55253c666a33,2026_W27,O59867,U13906,P129,2026-07-02 05:38:14,1,10030.81,737.22,152.01,1672.85,10030.81,9293.59,Wallet,Completed
6d8e33e0-b1df-4841-8136-55253c666a33,2026_W27,O59868,U3609,P105,2026-07-01 11:38:29,4,7230.61,4231.28,93.03,4444.41,28922.44,24691.16,Wallet,Completed
6d8e33e0-b1df-4841-8136-55253c666a33,2026_W27,O59869,U12282,P30,2026-07-01 05:42:17,3,6995.67,2728.86,105.18,3286.47,20987.010000000002,18258.15,Debit Card,Completed
6d8e33e0-b1df-4841-8136-55253c666a33,2026_W27,O59870,U32731,P171,2026-07-05 02:11:44,4,2305.74,52.62,165.05,1650.66,9222.96,9170.339999999998,Credit Card,Completed
6d8e33e0-b1df-4841-8136-55253c666a33,2026_W27,O59871,U959,P150,2026-07-02 11:18:26,1,3907.63,165.28,133.77,673.62,3907.63,3742.35,Wallet,Completed
6d8e33e0-b1df-4841-8136-55253c666a33,2026_W27,O59872,U14100,P174,2026-06-30 04:39:57,4,2207.85,908.35,55.16,1426.15,8831.4,7923.049999999999,Credit Card,Completed
6d8e33e0-b1df-4841-8136-55253c666a33,2026_W27,O59873,U14338,P120,2026-07-02 21:40:09,3,4076.33,56.47,184.22,2191.05,12228.99,12172.52,UPI,Completed
6d8e33e0-b1df-4841-8136-55253c666a33,2026_W27,O59874,U17044,P60,2026-07-02 15:23:38,1,3368.43,268.79,120.44,557.94,3368.43,3099.64,Wallet,Completed
6d8e33e0-b1df-4841-8136-55253c666a33,2026_W27,O59875,U26472,P19,2026-07-03 04:53:07,4,5633.25,934.48,185.91,3887.73,22533.0,21598.52,Credit Card,Completed
6d8e33e0-b1df-4841-8136-55253c666a33,2026_W27,O59876,U9605,P27,2026-07-05 00:49:45,3,8284.05,449.02,133.61,4392.56,24852.149999999998,24403.129999999997,UPI,Completed
6d8e33e0-b1df-4841-8136-55253c666a33,2026_W27,O59877,U20232,P29,2026-07-05 01:38:18,3,1618.44,192.73,140.79,839.27,4855.32,4662.59,UPI,Completed
6d8e33e0-b1df-4841-8136-55253c666a33,2026_W27,O59878,U10687,P187,2026-06-30 17:32:12,3,6341.6,475.48,196.5,3338.88,19024.800000000003,18549.320000000003,UPI,Completed
6d8e33e0-b1df-4841-8136-55253c666a33,2026_W27,O59879,U9957,P105,2026-06-29 13:34:10,2,7230.61,665.38,76.73,2483.25,14461.22,13795.84,UPI,Completed
6d8e33e0-b1df-4841-8136-55253c666a33,2026_W27,O59880,U18064,P166,2026-07-02 09:46:24,2,4248.29,82.14,67.67,1514.6,8496.58,8414.44,Debit Card,Completed
6d8e33e0-b1df-4841-8136-55253c666a33,2026_W27,O59881,U32948,P126,2026-07-03 14:19:06,3,9456.09,2562.37,86.67,4645.06,28368.27,25805.9,Debit Card,Completed
6d8e33e0-b1df-4841-8136-55253c666a33,2026_W27,O59882,U24598,P74,2026-07-01 04:31:01,4,6172.48,2997.34,157.13,3904.66,24689.92,21692.579999999998,Debit Card,Completed
6d8e33e0-b1df-4841-8136-55253c666a33,2026_W27,O59883,U34565,P48,2026-07-05 06:18:18,3,3057.39,606.57,98.93,1541.81,9172.17,8565.6,Credit Card,Completed
6d8e33e0-b1df-4841-8136-55253c666a33,2026_W27,O59884,U4728,P189,2026-06-30 01:19:15,3,5649.84,2286.53,87.81,2639.34,16949.52,14662.99,Credit Card,Completed
6d8e33e0-b1df-4841-8136-55253c666a33,2026_W27,O59885,U217,P76,2026-07-03 21:46:35,4,7097.72,4144.29,155.72,4364.39,28390.88,24246.59,UPI,Completed
6d8e33e0-b1df-4841-8136-55253c666a33,2026_W27,O59886,U11907,P83,2026-07-01 08:57:01,4,2067.84,604.74,135.14,1379.99,8271.36,7666.620000000001,Debit Card,Completed
6d8e33e0-b1df-4841-8136-55253c666a33,2026_W27,O59887,U8812,P78,2026-07-05 06:20:59,3,4536.03,1469.51,54.83,2184.94,13608.09,12138.58,Credit Card,Completed
6d8e33e0-b1df-4841-8136-55253c666a33,2026_W27,O59888,U27362,P153,2026-07-01 11:15:14,4,6806.07,3158.52,114.52,4331.84,27224.28,24065.76,Credit Card,Completed
6d8e33e0-b1df-4841-8136-55253c666a33,2026_W27,O59889,U7513,P182,2026-07-03 16:56:51,1,4946.93,198.89,159.97,854.65,4946.93,4748.04,Debit Card,Completed
6d8e33e0-b1df-4841-8136-55253c666a33,2026_W27,O59890,U12599,P81,2026-07-01 06:09:54,3,7402.77,799.27,135.04,3853.63,22208.31,21409.04,Wallet,Completed
6d8e33e0-b1df-4841-8136-55253c666a33,2026_W27,O59891,U14207,P8,2026-07-01 02:43:27,4,8837.46,4305.39,86.38,5588.0,35349.84,31044.449999999997,UPI,Completed
6d8e33e0-b1df-4841-8136-55253c666a33,2026_W27,O59892,U27463,P45,2026-07-03 09:43:36,4,2342.15,16.18,155.1,1683.44,9368.6,9352.42,Wallet,Completed
6d8e33e0-b1df-4841-8136-55253c666a33,2026_W27,O59893,U21136,P112,2026-06-30 02:12:01,2,7164.07,347.92,67.86,2516.44,14328.14,13980.22,Credit Card,Completed
6d8e33e0-b1df-4841-8136-55253c666a33,2026_W27,O59894,U29566,P31,2026-07-03 14:29:15,3,3171.15,1228.41,181.64,1491.31,9513.45,8285.04,Debit Card,Completed
6d8e33e0-b1df-4841-8136-55253c666a33,2026_W27,O59895,U31826,P55,2026-06-30 21:32:54,3,4472.32,718.93,176.46,2285.65,13416.96,12698.029999999999,Wallet,Completed
6d8e33e0-b1df-4841-8136-55253c666a33,2026_W27,O59896,U31674,P56,2026-07-01 23:49:39,1,5764.47,267.41,128.8,989.47,5764.47,5497.06,UPI,Completed
6d8e33e0-b1df-4841-8136-55253c666a33,2026_W27,O59897,U13291,P176,2026-07-04 14:48:59,3,4894.11,1883.26,98.01,2303.83,14682.329999999998,12799.069999999998,Credit Card,Completed
6d8e33e0-b1df-4841-8136-55253c666a33,2026_W27,O59898,U5149,P195,2026-06-29 20:48:40,3,6655.83,533.39,169.53,3498.14,19967.489999999998,19434.1,Credit Card,Completed
6d8e33e0-b1df-4841-8136-55253c666a33,2026_W27,O59899,U19011,P191,2026-07-04 06:57:34,4,9506.3,1250.81,162.01,6619.39,38025.2,36774.39,Wallet,Completed
6d8e33e0-b1df-4841-8136-55253c666a33,2026_W27,O59900,U16371,P74,2026-07-04 01:37:34,1,6172.48,865.26,185.51,955.3,6172.48,5307.219999999999,UPI,Completed
6d8e33e0-b1df-4841-8136-55253c666a33,2026_W27,O59901,U17422,P20,2026-07-02 00:39:24,4,3016.27,801.86,61.74,2027.38,12065.08,11263.22,Wallet,Completed
6d8e33e0-b1df-4841-8136-55253c666a33,2026_W27,O59902,U17915,P80,2026-07-01 18:01:22,4,6276.46,3125.38,56.25,3956.48,25105.84,21980.46,UPI,Completed
6d8e33e0-b1df-4841-8136-55253c666a33,2026_W27,O59903,U9701,P11,2026-06-30 07:23:01,3,7598.14,1550.54,101.08,3823.9,22794.420000000002,21243.88,Credit Card,Completed
6d8e33e0-b1df-4841-8136-55253c666a33,2026_W27,O59904,U26210,P181,2026-07-02 13:48:02,2,5516.14,235.17,171.89,1943.48,11032.28,10797.11,UPI,Completed
6d8e33e0-b1df-4841-8136-55253c666a33,2026_W27,O59905,U4587,P97,2026-07-02 16:57:47,4,6666.27,3163.87,163.77,4230.22,26665.08,23501.210000000003,Debit Card,Completed
6d8e33e0-b1df-4841-8136-55253c666a33,2026_W27,O59906,U2809,P48,2026-07-01 15:55:08,2,3057.39,505.65,175.34,1009.64,6114.78,5609.13,Credit Card,Completed
6d8e33e0-b1df-4841-8136-55253c666a33,2026_W27,O59907,U19305,P66,2026-07-05 06:08:02,2,7809.87,1037.2,116.38,2624.86,15619.74,14582.539999999999,Debit Card,Completed
6d8e33e0-b1df-4841-8136-55253c666a33,2026_W27,O59908,U17424,P173,2026-07-02 22:19:23,1,7576.76,376.12,161.97,1296.12,7576.76,7200.64,Wallet,Completed
6d8e33e0-b1df-4841-8136-55253c666a33,2026_W27,O59909,U14071,P13,2026-07-01 22:54:04,4,6638.24,1793.72,51.77,4456.66,26552.96,24759.239999999998,Wallet,Completed
6d8e33e0-b1df-4841-8136-55253c666a33,2026_W27,O59910,U4992,P181,2026-06-30 13:24:27,2,5516.14,950.08,121.25,1814.8,11032.28,10082.2,Wallet,Completed
6d8e33e0-b1df-4841-8136-55253c666a33,2026_W27,O59911,U6731,P94,2026-07-04 19:00:36,3,5614.01,945.73,115.7,2861.33,16842.03,15896.3,Wallet,Completed
6d8e33e0-b1df-4841-8136-55253c666a33,2026_W27,O59912,U8847,P162,2026-07-01 17:12:59,1,7889.79,456.07,182.97,1338.07,7889.79,7433.72,Wallet,Completed
6d8e33e0-b1df-4841-8136-55253c666a33,2026_W27,O59913,U4719,P100,2026-06-30 17:12:42,3,1750.2,565.72,157.23,843.28,5250.6,4684.88,Credit Card,Completed
6d8e33e0-b1df-4841-8136-55253c666a33,2026_W27,O59914,U32824,P33,2026-07-03 07:21:33,4,5573.38,994.09,97.66,3833.9,22293.52,21299.43,Wallet,Completed
6d8e33e0-b1df-4841-8136-55253c666a33,2026_W27,O59915,U28173,P148,2026-06-29 22:19:19,2,1578.46,163.87,185.34,538.75,3156.92,2993.05,UPI,Completed
6d8e33e0-b1df-4841-8136-55253c666a33,2026_W27,O59916,U16382,P173,2026-07-02 22:32:12,4,7576.76,1.0,60.73,5455.09,30307.04,30306.04,Debit Card,Completed
6d8e33e0-b1df-4841-8136-55253c666a33,2026_W27,O59917,U29748,P114,2026-07-01 19:25:15,2,1980.84,17.26,144.12,710.0,3961.68,3944.4199999999996,Credit Card,Completed
6d8e33e0-b1df-4841-8136-55253c666a33,2026_W27,O59918,U3857,P167,2026-07-02 14:03:11,3,5498.71,823.16,57.58,2821.13,16496.13,15672.970000000001,Debit Card,Completed
6d8e33e0-b1df-4841-8136-55253c666a33,2026_W27,O59919,U2679,P198,2026-07-03 07:29:10,4,4611.32,40.93,158.46,3312.78,18445.28,18404.35,Wallet,Completed
6d8e33e0-b1df-4841-8136-55253c666a33,2026_W27,O59920,U22193,P99,2026-07-03 13:43:26,1,5405.7,542.42,117.04,875.39,5405.7,4863.28,Credit Card,Completed
6d8e33e0-b1df-4841-8136-55253c666a33,2026_W27,O59921,U9986,P41,2026-07-02 10:30:22,1,1959.52,29.94,169.73,347.32,1959.52,1929.58,Wallet,Completed
6d8e33e0-b1df-4841-8136-55253c666a33,2026_W27,O59922,U26659,P63,2026-06-29 16:13:09,1,9352.06,15.93,98.7,1680.5,9352.06,9336.13,Debit Card,Completed
6d8e33e0-b1df-4841-8136-55253c666a33,2026_W27,O59923,U34250,P102,2026-06-29 20:16:04,1,3685.81,49.46,78.87,654.54,3685.81,3636.35,UPI,Completed
6d8e33e0-b1df-4841-8136-55253c666a33,2026_W27,O59924,U1039,P138,2026-06-29 21:58:10,4,6625.4,717.63,160.46,4641.11,26501.6,25783.969999999998,Debit Card,Completed
6d8e33e0-b1df-4841-8136-55253c666a33,2026_W27,O59925,U30526,P14,2026-07-05 06:45:04,3,5736.45,2554.62,110.36,2637.85,17209.35,14654.73,UPI,Completed
6d8e33e0-b1df-4841-8136-55253c666a33,2026_W27,O59926,U15162,P112,2026-07-02 13:13:48,1,7164.07,1067.67,180.75,1097.35,7164.07,6096.4,UPI,Completed
6d8e33e0-b1df-4841-8136-55253c666a33,2026_W27,O59927,U30569,P56,2026-06-29 23:17:26,3,5764.47,793.34,100.27,2970.01,17293.41,16500.07,Wallet,Completed
6d8e33e0-b1df-4841-8136-55253c666a33,2026_W27,O59928,U24367,P197,2026-06-30 21:06:19,3,10992.71,3602.11,88.09,5287.68,32978.13,29376.019999999997,Wallet,Completed
6d8e33e0-b1df-4841-8136-55253c666a33,2026_W27,O59929,U549,P129,2026-07-01 05:33:58,4,10030.81,3890.89,112.77,6521.82,40123.24,36232.35,Wallet,Completed
6d8e33e0-b1df-4841-8136-55253c666a33,2026_W27,O59930,U24679,P51,2026-06-30 06:35:37,3,5399.93,268.69,154.33,2867.6,16199.79,15931.1,Wallet,Completed
6d8e33e0-b1df-4841-8136-55253c666a33,2026_W27,O59931,U5857,P109,2026-07-05 00:24:40,2,8070.73,1810.53,152.55,2579.57,16141.46,14330.929999999998,Credit Card,Completed
6d8e33e0-b1df-4841-8136-55253c666a33,2026_W27,O59932,U32259,P196,2026-07-04 16:17:59,1,9515.08,1299.59,160.05,1478.79,9515.08,8215.49,Debit Card,Completed
6d8e33e0-b1df-4841-8136-55253c666a33,2026_W27,O59933,U27470,P19,2026-07-02 09:47:28,1,5633.25,563.65,148.54,912.53,5633.25,5069.6,UPI,Completed
6d8e33e0-b1df-4841-8136-55253c666a33,2026_W27,O59934,U12671,P199,2026-07-04 09:27:35,4,4054.66,305.33,50.51,2864.4,16218.64,15913.31,Credit Card,Completed
6d8e33e0-b1df-4841-8136-55253c666a33,2026_W27,O59935,U4762,P30,2026-07-02 11:34:46,4,6995.67,2433.54,153.44,4598.85,27982.68,25549.14,Debit Card,Completed
6d8e33e0-b1df-4841-8136-55253c666a33,2026_W27,O59936,U18568,P169,2026-06-30 14:04:05,3,10966.13,2273.59,60.79,5512.46,32898.39,30624.8,Credit Card,Completed
6d8e33e0-b1df-4841-8136-55253c666a33,2026_W27,O59937,U8293,P104,2026-06-29 20:24:01,3,7848.2,1294.47,111.5,4005.02,23544.6,22250.129999999997,Credit Card,Completed
6d8e33e0-b1df-4841-8136-55253c666a33,2026_W27,O59938,U3761,P58,2026-07-04 16:04:37,2,2960.66,430.52,99.7,988.34,5921.32,5490.799999999999,Debit Card,Completed
6d8e33e0-b1df-4841-8136-55253c666a33,2026_W27,O59939,U14494,P15,2026-07-04 21:36:55,2,3230.88,494.54,141.69,1074.1,6461.76,5967.22,UPI,Completed
6d8e33e0-b1df-4841-8136-55253c666a33,2026_W27,O59940,U18152,P121,2026-07-01 18:27:05,2,7793.76,156.95,153.72,2777.5,15587.52,15430.57,Credit Card,Completed
6d8e33e0-b1df-4841-8136-55253c666a33,2026_W27,O59941,U5999,P36,2026-06-30 10:32:23,4,6802.05,3173.67,53.49,4326.22,27208.2,24034.53,Wallet,Completed
6d8e33e0-b1df-4841-8136-55253c666a33,2026_W27,O59942,U24439,P1,2026-07-01 10:45:56,1,8041.29,685.81,117.78,1323.99,8041.29,7355.48,UPI,Completed
6d8e33e0-b1df-4841-8136-55253c666a33,2026_W27,O59943,U6572,P3,2026-07-03 04:27:56,4,3037.18,152.79,166.7,2159.27,12148.72,11995.929999999998,Debit Card,Completed
6d8e33e0-b1df-4841-8136-55253c666a33,2026_W27,O59944,U16378,P183,2026-07-01 15:24:33,1,4514.63,404.9,146.79,739.75,4514.63,4109.7300000000005,UPI,Completed
6d8e33e0-b1df-4841-8136-55253c666a33,2026_W27,O59945,U33582,P13,2026-07-05 00:57:25,4,6638.24,211.54,94.15,4741.46,26552.96,26341.42,Wallet,Completed
6d8e33e0-b1df-4841-8136-55253c666a33,2026_W27,O59946,U2107,P3,2026-06-30 18:52:29,4,3037.18,1223.28,169.63,1966.58,12148.72,10925.439999999999,Debit Card,Completed
6d8e33e0-b1df-4841-8136-55253c666a33,2026_W27,O59947,U31369,P48,2026-07-05 04:44:05,2,3057.39,679.8,152.97,978.3,6114.78,5434.98,Credit Card,Completed
6d8e33e0-b1df-4841-8136-55253c666a33,2026_W27,O59948,U6799,P117,2026-06-29 13:16:24,3,1818.08,703.12,95.33,855.2,5454.24,4751.12,Debit Card,Completed
6d8e33e0-b1df-4841-8136-55253c666a33,2026_W27,O59949,U32580,P195,2026-07-05 07:44:31,2,6655.83,617.3,119.56,2284.98,13311.66,12694.36,UPI,Completed
6d8e33e0-b1df-4841-8136-55253c666a33,2026_W27,O59950,U21643,P3,2026-07-02 10:46:26,2,3037.18,385.11,62.03,1024.06,6074.36,5689.25,Wallet,Completed
6d8e33e0-b1df-4841-8136-55253c666a33,2026_W27,O59951,U21272,P111,2026-07-03 10:50:24,1,7719.79,626.58,110.95,1276.78,7719.79,7093.21,Credit Card,Completed
6d8e33e0-b1df-4841-8136-55253c666a33,2026_W27,O59952,U4852,P180,2026-07-02 04:46:21,4,2355.52,1269.03,151.12,1467.55,9422.08,8153.05,Debit Card,Completed
6d8e33e0-b1df-4841-8136-55253c666a33,2026_W27,O59953,U18257,P23,2026-07-03 15:38:09,4,7426.47,1869.9,176.7,5010.48,29705.88,27835.98,Wallet,Completed
6d8e33e0-b1df-4841-8136-55253c666a33,2026_W27,O59954,U11724,P1,2026-06-30 22:43:04,4,8041.29,1674.57,121.67,5488.31,32165.16,30490.59,Wallet,Completed
6d8e33e0-b1df-4841-8136-55253c666a33,2026_W27,O59955,U22474,P80,2026-06-30 06:07:23,3,6276.46,620.42,105.56,3277.61,18829.38,18208.960000000003,UPI,Completed
6d8e33e0-b1df-4841-8136-55253c666a33,2026_W27,O59956,U25876,P176,2026-07-01 20:46:41,4,4894.11,280.37,133.27,3473.29,19576.44,19296.07,Wallet,Completed
6d8e33e0-b1df-4841-8136-55253c666a33,2026_W27,O59957,U24970,P149,2026-07-03 17:39:52,4,2710.59,1261.4,92.17,1724.57,10842.36,9580.960000000001,Credit Card,Completed
6d8e33e0-b1df-4841-8136-55253c666a33,2026_W27,O59958,U26902,P136,2026-06-29 23:27:18,2,10500.45,67.28,139.35,3768.05,21000.9,20933.620000000003,Debit Card,Completed
6d8e33e0-b1df-4841-8136-55253c666a33,2026_W27,O59959,U28215,P141,2026-07-03 13:00:03,4,9271.32,667.38,106.24,6555.22,37085.28,36417.9,Credit Card,Completed
6d8e33e0-b1df-4841-8136-55253c666a33,2026_W27,O59960,U15829,P178,2026-07-01 03:43:31,2,7836.39,204.99,156.33,2784.2,15672.78,15467.79,Credit Card,Completed
6d8e33e0-b1df-4841-8136-55253c666a33,2026_W27,O59961,U1425,P150,2026-07-03 05:20:02,3,3907.63,1002.45,86.44,1929.68,11722.89,10720.439999999999,Debit Card,Completed
6d8e33e0-b1df-4841-8136-55253c666a33,2026_W27,O59962,U21460,P34,2026-07-03 07:40:09,4,3432.36,204.03,81.55,2434.57,13729.44,13525.41,Wallet,Completed
6d8e33e0-b1df-4841-8136-55253c666a33,2026_W27,O59963,U13835,P161,2026-07-03 13:27:32,1,4439.61,374.42,58.42,731.73,4439.61,4065.1899999999996,Wallet,Completed
6d8e33e0-b1df-4841-8136-55253c666a33,2026_W27,O59964,U7259,P186,2026-07-01 14:29:13,1,7480.33,177.25,137.5,1314.55,7480.33,7303.08,UPI,Completed
6d8e33e0-b1df-4841-8136-55253c666a33,2026_W27,O59965,U12662,P63,2026-07-03 21:47:05,3,9352.06,4040.17,182.11,4322.88,28056.18,24016.010000000002,Wallet,Completed
6d8e33e0-b1df-4841-8136-55253c666a33,2026_W27,O59966,U24859,P72,2026-07-04 09:30:13,4,8298.72,362.76,106.94,5909.78,33194.88,32832.119999999995,Wallet,Completed
6d8e33e0-b1df-4841-8136-55253c666a33,2026_W27,O59967,U10437,P87,2026-07-01 14:42:16,3,7207.16,3093.38,180.54,3335.06,21621.48,18528.1,Wallet,Completed
6d8e33e0-b1df-4841-8136-55253c666a33,2026_W27,O59968,U31485,P78,2026-07-04 03:03:17,4,4536.03,587.56,161.8,3160.18,18144.12,17556.559999999998,UPI,Completed
6d8e33e0-b1df-4841-8136-55253c666a33,2026_W27,O59969,U8567,P3,2026-07-04 10:18:37,2,3037.18,565.47,96.89,991.6,6074.36,5508.889999999999,Wallet,Completed
6d8e33e0-b1df-4841-8136-55253c666a33,2026_W27,O59970,U13725,P170,2026-06-30 22:54:45,4,2647.64,362.07,132.49,1841.13,10590.56,10228.49,Wallet,Completed
6d8e33e0-b1df-4841-8136-55253c666a33,2026_W27,O59971,U15048,P48,2026-07-01 00:01:38,2,3057.39,343.84,109.35,1038.77,6114.78,5770.94,Debit Card,Completed
6d8e33e0-b1df-4841-8136-55253c666a33,2026_W27,O59972,U25654,P183,2026-07-01 22:11:33,1,4514.63,54.24,72.0,802.87,4514.63,4460.39,Wallet,Completed
6d8e33e0-b1df-4841-8136-55253c666a33,2026_W27,O59973,U34881,P66,2026-07-03 15:05:35,4,7809.87,2504.23,138.21,5172.34,31239.48,28735.25,Debit Card,Completed
6d8e33e0-b1df-4841-8136-55253c666a33,2026_W27,O59974,U25862,P177,2026-07-01 18:34:20,3,9676.29,2863.45,105.3,4709.78,29028.870000000003,26165.420000000002,UPI,Completed
6d8e33e0-b1df-4841-8136-55253c666a33,2026_W27,O59975,U10571,P158,2026-06-30 02:17:58,3,5070.42,983.29,111.03,2561.03,15211.26,14227.970000000001,UPI,Completed
6d8e33e0-b1df-4841-8136-55253c666a33,2026_W27,O59976,U13025,P122,2026-06-30 13:36:34,4,9537.16,4420.82,139.89,6071.01,38148.64,33727.82,UPI,Completed
6d8e33e0-b1df-4841-8136-55253c666a33,2026_W27,O59977,U6961,P131,2026-06-30 04:41:18,2,6362.71,1281.67,186.99,2059.88,12725.42,11443.75,UPI,Completed
6d8e33e0-b1df-4841-8136-55253c666a33,2026_W27,O59978,U5147,P191,2026-06-30 21:45:07,4,9506.3,898.57,98.04,6682.79,38025.2,37126.63,Debit Card,Completed
6d8e33e0-b1df-4841-8136-55253c666a33,2026_W27,O59979,U268,P56,2026-06-29 19:39:50,4,5764.47,3144.34,118.18,3584.44,23057.88,19913.54,Debit Card,Completed
6d8e33e0-b1df-4841-8136-55253c666a33,2026_W27,O59980,U34072,P56,2026-07-02 07:20:02,1,5764.47,144.49,163.52,1011.6,5764.47,5619.9800000000005,Debit Card,Completed
6d8e33e0-b1df-4841-8136-55253c666a33,2026_W27,O59981,U141,P76,2026-07-04 06:37:51,1,7097.72,26.11,120.84,1272.89,7097.72,7071.610000000001,Credit Card,Completed
6d8e33e0-b1df-4841-8136-55253c666a33,2026_W27,O59982,U14579,P43,2026-07-04 02:44:13,3,8672.85,1822.08,146.01,4355.36,26018.550000000003,24196.47,UPI,Completed
6d8e33e0-b1df-4841-8136-55253c666a33,2026_W27,O59983,U32688,P30,2026-07-04 10:22:44,3,6995.67,2158.79,66.0,3389.08,20987.010000000002,18828.22,Credit Card,Completed
6d8e33e0-b1df-4841-8136-55253c666a33,2026_W27,O59984,U15051,P18,2026-07-03 18:48:07,2,3465.55,440.05,102.58,1168.39,6931.1,6491.05,Credit Card,Completed
6d8e33e0-b1df-4841-8136-55253c666a33,2026_W27,O59985,U16201,P13,2026-07-02 19:21:20,1,6638.24,443.09,107.2,1115.13,6638.24,6195.15,Credit Card,Completed
6d8e33e0-b1df-4841-8136-55253c666a33,2026_W27,O59986,U32363,P51,2026-07-03 23:45:04,3,5399.93,2311.38,119.97,2499.91,16199.79,13888.41,Wallet,Completed
6d8e33e0-b1df-4841-8136-55253c666a33,2026_W27,O59987,U3936,P153,2026-07-02 17:02:56,3,6806.07,1885.11,99.09,3335.96,20418.21,18533.1,UPI,Completed
6d8e33e0-b1df-4841-8136-55253c666a33,2026_W27,O59988,U29154,P130,2026-07-04 21:01:58,1,9584.05,768.96,64.3,1586.72,9584.05,8815.09,Wallet,Completed
6d8e33e0-b1df-4841-8136-55253c666a33,2026_W27,O59989,U11995,P132,2026-07-02 02:57:41,1,6975.87,902.1,105.87,1093.28,6975.87,6073.7699999999995,Debit Card,Completed
6d8e33e0-b1df-4841-8136-55253c666a33,2026_W27,O59990,U34577,P56,2026-07-01 16:34:26,4,5764.47,2478.09,86.93,3704.36,23057.88,20579.79,Credit Card,Completed
6d8e33e0-b1df-4841-8136-55253c666a33,2026_W27,O59991,U4232,P173,2026-06-30 17:22:39,2,7576.76,1551.08,196.21,2448.44,15153.52,13602.44,Wallet,Completed
6d8e33e0-b1df-4841-8136-55253c666a33,2026_W27,O59992,U19547,P165,2026-07-03 14:25:09,3,4483.27,1258.53,107.55,2194.43,13449.810000000001,12191.28,UPI,Completed
6d8e33e0-b1df-4841-8136-55253c666a33,2026_W27,O59993,U14921,P138,2026-07-03 09:23:00,1,6625.4,69.0,107.17,1180.15,6625.4,6556.4,UPI,Completed
6d8e33e0-b1df-4841-8136-55253c666a33,2026_W27,O59994,U17044,P93,2026-07-02 01:17:51,4,5463.71,383.01,59.75,3864.93,21854.84,21471.83,Debit Card,Completed
6d8e33e0-b1df-4841-8136-55253c666a33,2026_W27,O59995,U8099,P124,2026-07-01 14:12:44,3,5965.84,1575.18,152.81,2938.02,17897.52,16322.34,UPI,Completed
6d8e33e0-b1df-4841-8136-55253c666a33,2026_W27,O59996,U14305,P166,2026-07-02 01:15:13,2,4248.29,496.79,158.55,1439.96,8496.58,7999.79,Wallet,Completed
6d8e33e0-b1df-4841-8136-55253c666a33,2026_W27,O59997,U23716,P172,2026-07-02 17:34:14,4,7555.52,3745.18,144.59,4765.84,30222.08,26476.9,Wallet,Completed
6d8e33e0-b1df-4841-8136-55253c666a33,2026_W27,O59998,U17245,P87,2026-07-04 12:52:24,3,7207.16,47.61,101.58,3883.3,21621.48,21573.87,Debit Card,Completed
6d8e33e0-b1df-4841-8136-55253c666a33,2026_W27,O59999,U33240,P24,2026-07-02 20:17:00,3,4112.52,214.91,139.51,2182.08,12337.560000000001,12122.650000000001,Wallet,Completed
6d8e33e0-b1df-4841-8136-55253c666a33,2026_W27,O60000,U7091,P154,2026-07-03 12:56:04,1,3395.73,97.63,148.22,593.66,3395.73,3298.1,Wallet,Completed
6d8e33e0-b1df-4841-8136-55253c666a33,2026_W27,O60001,U3112,P76,2026-06-29 10:09:55,1,7097.72,994.64,160.57,1098.55,7097.72,6103.08,Wallet,Completed
6d8e33e0-b1df-4841-8136-55253c666a33,2026_W27,O60002,U8309,P178,2026-06-30 07:51:15,2,7836.39,1248.05,186.27,2596.45,15672.78,14424.730000000001,Credit Card,Completed
6d8e33e0-b1df-4841-8136-55253c666a33,2026_W27,O60003,U32514,P49,2026-06-30 15:40:48,1,8208.46,20.53,184.77,1473.83,8208.46,8187.929999999999,Debit Card,Completed
6d8e33e0-b1df-4841-8136-55253c666a33,2026_W27,O60004,U21546,P9,2026-06-30 09:00:38,1,5229.72,416.6,127.76,866.36,5229.72,4813.12,Debit Card,Completed
6d8e33e0-b1df-4841-8136-55253c666a33,2026_W27,O60005,U28186,P148,2026-07-01 02:38:41,3,1578.46,169.2,137.91,821.91,4735.38,4566.18,UPI,Completed
6d8e33e0-b1df-4841-8136-55253c666a33,2026_W27,O60006,U12638,P180,2026-06-30 19:45:32,1,2355.52,206.77,66.46,386.78,2355.52,2148.75,Wallet,Completed
6d8e33e0-b1df-4841-8136-55253c666a33,2026_W27,O60007,U7739,P86,2026-06-29 13:20:44,3,9877.51,852.04,171.76,5180.49,29632.53,28780.489999999998,Wallet,Completed
6d8e33e0-b1df-4841-8136-55253c666a33,2026_W27,O60008,U10510,P27,2026-06-30 11:03:25,2,8284.05,688.69,133.08,2858.29,16568.1,15879.409999999998,UPI,Completed
6d8e33e0-b1df-4841-8136-55253c666a33,2026_W27,O60009,U1252,P157,2026-07-03 14:35:32,2,6934.8,532.19,102.97,2400.73,13869.6,13337.41,UPI,Completed
6d8e33e0-b1df-4841-8136-55253c666a33,2026_W27,O60010,U2791,P145,2026-07-04 00:35:34,4,6190.5,2414.6,107.94,4022.53,24762.0,22347.4,Debit Card,Completed
6d8e33e0-b1df-4841-8136-55253c666a33,2026_W27,O60011,U21759,P51,2026-07-03 16:27:18,4,5399.93,762.7,144.47,3750.66,21599.72,20837.02,UPI,Completed
6d8e33e0-b1df-4841-8136-55253c666a33,2026_W27,O60012,U22458,P106,2026-07-03 01:00:06,1,7604.77,403.15,196.45,1296.29,7604.77,7201.620000000001,Credit Card,Completed
6d8e33e0-b1df-4841-8136-55253c666a33,2026_W27,O60013,U4642,P96,2026-07-03 13:01:43,3,4818.25,1710.46,76.38,2293.97,14454.75,12744.29,Wallet,Completed
6d8e33e0-b1df-4841-8136-55253c666a33,2026_W27,O60014,U2000,P159,2026-06-29 13:35:48,4,5801.91,909.7,174.48,4013.63,23207.64,22297.94,Debit Card,Completed
6d8e33e0-b1df-4841-8136-55253c666a33,2026_W27,O60015,U28931,P110,2026-07-02 02:24:22,1,8883.32,730.05,141.2,1467.59,8883.32,8153.2699999999995,Credit Card,Completed
6d8e33e0-b1df-4841-8136-55253c666a33,2026_W27,O60016,U2945,P48,2026-07-03 13:04:20,4,3057.39,1650.31,165.07,1904.26,12229.56,10579.25,UPI,Completed
6d8e33e0-b1df-4841-8136-55253c666a33,2026_W27,O60017,U29342,P167,2026-07-02 22:37:07,4,5498.71,2235.59,177.83,3556.66,21994.84,19759.25,Credit Card,Completed
6d8e33e0-b1df-4841-8136-55253c666a33,2026_W27,O60018,U32748,P185,2026-07-01 10:17:20,4,2854.87,1393.39,143.7,1804.7,11419.48,10026.09,Debit Card,Completed
6d8e33e0-b1df-4841-8136-55253c666a33,2026_W27,O60019,U20593,P59,2026-07-01 08:20:29,2,5883.82,1046.47,136.24,1929.81,11767.64,10721.17,Debit Card,Completed
6d8e33e0-b1df-4841-8136-55253c666a33,2026_W27,O60020,U12691,P34,2026-07-02 18:24:46,3,3432.36,735.51,156.07,1721.08,10297.08,9561.57,Credit Card,Completed
6d8e33e0-b1df-4841-8136-55253c666a33,2026_W27,O60021,U6961,P77,2026-07-04 01:22:30,4,5304.36,1475.59,149.25,3553.53,21217.44,19741.85,Wallet,Completed
6d8e33e0-b1df-4841-8136-55253c666a33,2026_W27,O60022,U22354,P87,2026-06-30 06:56:28,2,7207.16,1532.31,130.68,2318.76,14414.32,12882.01,Credit Card,Completed
6d8e33e0-b1df-4841-8136-55253c666a33,2026_W27,O60023,U1698,P152,2026-07-01 12:23:28,4,5413.06,3150.15,199.18,3330.38,21652.24,18502.09,UPI,Completed
6d8e33e0-b1df-4841-8136-55253c666a33,2026_W27,O60024,U1895,P146,2026-07-01 22:35:15,3,1678.25,101.49,195.37,887.99,5034.75,4933.26,Debit Card,Completed
6d8e33e0-b1df-4841-8136-55253c666a33,2026_W27,O60025,U21865,P175,2026-06-30 11:08:04,3,3999.32,899.83,156.43,1997.66,11997.960000000001,11098.130000000001,Wallet,Completed
6d8e33e0-b1df-4841-8136-55253c666a33,2026_W27,O60026,U17725,P92,2026-07-04 23:02:04,1,5271.05,785.05,83.34,807.48,5271.05,4486.0,Debit Card,Completed
6d8e33e0-b1df-4841-8136-55253c666a33,2026_W27,O60027,U28222,P87,2026-06-29 11:30:10,4,7207.16,2251.3,173.67,4783.92,28828.64,26577.34,Credit Card,Completed
6d8e33e0-b1df-4841-8136-55253c666a33,2026_W27,O60028,U13528,P86,2026-06-30 15:59:22,1,9877.51,671.04,52.36,1657.16,9877.51,9206.470000000001,Wallet,Completed
6d8e33e0-b1df-4841-8136-55253c666a33,2026_W27,O60029,U30809,P2,2026-07-04 11:22:51,4,4823.44,2704.03,56.51,2986.15,19293.76,16589.73,Credit Card,Completed
6d8e33e0-b1df-4841-8136-55253c666a33,2026_W27,O60030,U8633,P38,2026-07-02 08:50:55,2,4290.59,543.69,128.96,1446.75,8581.18,8037.49,Wallet,Completed
6d8e33e0-b1df-4841-8136-55253c666a33,2026_W27,O60031,U14005,P1,2026-07-04 05:01:17,3,8041.29,1956.88,187.44,3990.06,24123.87,22166.989999999998,Debit Card,Completed
6d8e33e0-b1df-4841-8136-55253c666a33,2026_W27,O60032,U22700,P65,2026-06-30 08:52:44,4,7295.29,190.58,182.74,5218.3,29181.16,28990.579999999998,Wallet,Completed
6d8e33e0-b1df-4841-8136-55253c666a33,2026_W27,O60033,U20654,P136,2026-07-01 08:36:19,2,10500.45,3123.78,110.71,3217.88,21000.9,17877.120000000003,Credit Card,Completed
6d8e33e0-b1df-4841-8136-55253c666a33,2026_W27,O60034,U12809,P45,2026-06-29 10:55:36,1,2342.15,26.83,103.28,416.76,2342.15,2315.32,Credit Card,Completed
6d8e33e0-b1df-4841-8136-55253c666a33,2026_W27,O60035,U3893,P117,2026-07-04 02:52:36,3,1818.08,482.27,105.56,894.95,5454.24,4971.969999999999,UPI,Completed
6d8e33e0-b1df-4841-8136-55253c666a33,2026_W27,O60036,U8918,P10,2026-06-30 05:07:49,4,3822.68,635.79,60.23,2637.89,15290.72,14654.93,UPI,Completed
6d8e33e0-b1df-4841-8136-55253c666a33,2026_W27,O60037,U32504,P185,2026-07-01 20:38:16,1,2854.87,15.32,80.97,511.12,2854.87,2839.5499999999997,Wallet,Completed
6d8e33e0-b1df-4841-8136-55253c666a33,2026_W27,O60038,U18549,P189,2026-07-01 12:40:28,1,5649.84,612.76,68.89,906.67,5649.84,5037.08,Debit Card,Completed
6d8e33e0-b1df-4841-8136-55253c666a33,2026_W27,O60039,U3122,P48,2026-06-30 02:45:36,2,3057.39,821.97,166.01,952.71,6114.78,5292.8099999999995,UPI,Completed
6d8e33e0-b1df-4841-8136-55253c666a33,2026_W27,O60040,U6572,P40,2026-07-04 07:29:19,3,7370.62,2521.6,170.34,3526.25,22111.86,19590.260000000002,Debit Card,Completed
6d8e33e0-b1df-4841-8136-55253c666a33,2026_W27,O60041,U32765,P1,2026-07-05 02:53:39,1,8041.29,849.42,70.65,1294.54,8041.29,7191.87,Debit Card,Completed
6d8e33e0-b1df-4841-8136-55253c666a33,2026_W27,O60042,U297,P46,2026-06-29 15:10:57,3,2979.32,1289.19,86.63,1376.78,8937.960000000001,7648.77,UPI,Completed
6d8e33e0-b1df-4841-8136-55253c666a33,2026_W27,O60043,U9417,P81,2026-07-03 02:23:01,1,7402.77,684.33,56.02,1209.32,7402.77,6718.4400000000005,UPI,Completed
6d8e33e0-b1df-4841-8136-55253c666a33,2026_W27,O60044,U6514,P161,2026-07-03 06:22:01,1,4439.61,101.79,161.77,780.81,4439.61,4337.82,Credit Card,Completed
6d8e33e0-b1df-4841-8136-55253c666a33,2026_W27,O60045,U34150,P194,2026-06-30 07:46:55,3,2286.6,198.91,170.47,1198.96,6859.799999999999,6660.889999999999,Wallet,Completed
6d8e33e0-b1df-4841-8136-55253c666a33,2026_W27,O60046,U14457,P122,2026-07-01 06:04:35,2,9537.16,1579.85,101.04,3149.0,19074.32,17494.47,Wallet,Completed
6d8e33e0-b1df-4841-8136-55253c666a33,2026_W27,O60047,U20260,P8,2026-07-04 19:33:20,2,8837.46,1837.53,183.61,2850.73,17674.92,15837.389999999998,UPI,Completed
6d8e33e0-b1df-4841-8136-55253c666a33,2026_W27,O60048,U34318,P125,2026-07-03 07:07:15,2,9952.48,2616.34,133.36,3111.95,19904.96,17288.62,UPI,Completed
6d8e33e0-b1df-4841-8136-55253c666a33,2026_W27,O60049,U28304,P29,2026-07-03 22:06:07,4,1618.44,166.9,96.29,1135.23,6473.76,6306.860000000001,Credit Card,Completed
6d8e33e0-b1df-4841-8136-55253c666a33,2026_W27,O60050,U34193,P184,2026-07-03 16:14:22,1,2360.41,316.3,75.0,367.94,2360.41,2044.11,Debit Card,Completed
6d8e33e0-b1df-4841-8136-55253c666a33,2026_W27,O60051,U32141,P26,2026-07-04 07:39:07,1,5113.55,635.34,136.93,806.08,5113.55,4478.21,UPI,Completed
6d8e33e0-b1df-4841-8136-55253c666a33,2026_W27,O60052,U14160,P105,2026-06-30 16:54:51,2,7230.61,1826.01,72.8,2274.34,14461.22,12635.21,Credit Card,Completed
6d8e33e0-b1df-4841-8136-55253c666a33,2026_W27,O60053,U27545,P29,2026-06-29 21:32:24,3,1618.44,684.63,189.37,750.72,4855.32,4170.69,UPI,Completed
6d8e33e0-b1df-4841-8136-55253c666a33,2026_W27,O60054,U33351,P166,2026-06-29 22:01:44,3,4248.29,931.02,64.62,2126.49,12744.869999999999,11813.849999999999,Credit Card,Completed
6d8e33e0-b1df-4841-8136-55253c666a33,2026_W27,O60055,U7546,P102,2026-07-01 12:52:22,3,3685.81,1220.37,107.59,1770.67,11057.43,9837.060000000001,UPI,Completed
6d8e33e0-b1df-4841-8136-55253c666a33,2026_W27,O60056,U22838,P158,2026-06-30 04:00:48,2,5070.42,921.04,135.85,1659.56,10140.84,9219.8,Wallet,Completed
6d8e33e0-b1df-4841-8136-55253c666a33,2026_W27,O60057,U8398,P9,2026-06-29 14:05:58,3,5229.72,2076.35,176.02,2450.31,15689.16,13612.81,Wallet,Completed
6d8e33e0-b1df-4841-8136-55253c666a33,2026_W27,O60058,U22092,P7,2026-07-03 18:47:59,4,9852.33,4685.84,184.73,6250.23,39409.32,34723.479999999996,Debit Card,Completed
6d8e33e0-b1df-4841-8136-55253c666a33,2026_W27,O60059,U17912,P178,2026-07-04 06:55:08,2,7836.39,472.09,137.17,2736.12,15672.78,15200.69,UPI,Completed
6d8e33e0-b1df-4841-8136-55253c666a33,2026_W27,O60060,U20582,P100,2026-07-03 16:37:12,1,1750.2,10.21,147.75,313.2,1750.2,1739.99,Wallet,Completed
6d8e33e0-b1df-4841-8136-55253c666a33,2026_W27,O60061,U32141,P101,2026-07-02 03:42:53,2,8924.96,1778.53,112.86,2892.85,17849.92,16071.389999999998,Debit Card,Completed
6d8e33e0-b1df-4841-8136-55253c666a33,2026_W27,O60062,U13642,P158,2026-07-04 21:19:01,1,5070.42,75.42,164.02,899.1,5070.42,4995.0,Credit Card,Completed
6d8e33e0-b1df-4841-8136-55253c666a33,2026_W27,O60063,U9463,P139,2026-07-02 18:36:07,4,7373.8,2835.38,104.21,4798.77,29495.2,26659.82,UPI,Completed
6d8e33e0-b1df-4841-8136-55253c666a33,2026_W27,O60064,U9294,P45,2026-07-03 20:57:38,3,2342.15,552.96,76.37,1165.23,7026.450000000001,6473.490000000001,Credit Card,Completed
6d8e33e0-b1df-4841-8136-55253c666a33,2026_W27,O60065,U13088,P13,2026-07-04 22:53:50,3,6638.24,1637.44,194.94,3289.91,19914.72,18277.280000000002,UPI,Completed
6d8e33e0-b1df-4841-8136-55253c666a33,2026_W27,O60066,U2094,P182,2026-07-01 09:24:53,1,4946.93,690.7,142.07,766.12,4946.93,4256.2300000000005,UPI,Completed
6d8e33e0-b1df-4841-8136-55253c666a33,2026_W27,O60067,U34540,P169,2026-07-01 07:02:05,1,10966.13,435.94,118.34,1895.43,10966.13,10530.189999999999,UPI,Completed
6d8e33e0-b1df-4841-8136-55253c666a33,2026_W27,O60068,U14548,P117,2026-07-03 05:55:34,1,1818.08,75.07,142.32,313.74,1818.08,1743.01,UPI,Completed
6d8e33e0-b1df-4841-8136-55253c666a33,2026_W27,O60069,U10343,P195,2026-07-02 16:01:58,2,6655.83,1589.33,90.98,2110.02,13311.66,11722.33,UPI,Completed
6d8e33e0-b1df-4841-8136-55253c666a33,2026_W27,O60070,U11469,P103,2026-07-03 02:14:02,2,2762.4,196.68,89.19,959.06,5524.8,5328.12,Debit Card,Completed
6d8e33e0-b1df-4841-8136-55253c666a33,2026_W27,O60071,U17105,P197,2026-07-01 13:55:42,3,10992.71,3122.18,73.55,5374.07,32978.13,29855.949999999997,UPI,Completed
6d8e33e0-b1df-4841-8136-55253c666a33,2026_W27,O60072,U31911,P160,2026-07-04 17:53:44,3,5179.64,1843.96,122.61,2465.09,15538.920000000002,13694.960000000003,Wallet,Completed
6d8e33e0-b1df-4841-8136-55253c666a33,2026_W27,O60073,U26730,P106,2026-06-29 18:02:15,3,7604.77,793.01,144.2,3963.83,22814.31,22021.300000000003,Debit Card,Completed
6d8e33e0-b1df-4841-8136-55253c666a33,2026_W27,O60074,U32496,P109,2026-07-04 14:42:04,3,8070.73,88.06,156.87,4342.34,24212.19,24124.129999999997,Credit Card,Completed
6d8e33e0-b1df-4841-8136-55253c666a33,2026_W27,O60075,U10571,P174,2026-06-30 05:48:19,1,2207.85,181.84,176.27,364.68,2207.85,2026.01,Credit Card,Completed
6d8e33e0-b1df-4841-8136-55253c666a33,2026_W27,O60076,U18532,P6,2026-06-29 10:54:01,1,6939.39,352.67,193.21,1185.61,6939.39,6586.72,Debit Card,Completed
6d8e33e0-b1df-4841-8136-55253c666a33,2026_W27,O60077,U13860,P5,2026-07-03 15:13:09,4,4886.67,171.03,197.71,3487.62,19546.68,19375.65,Wallet,Completed
6d8e33e0-b1df-4841-8136-55253c666a33,2026_W27,O60078,U8238,P42,2026-07-02 11:27:50,3,5037.81,1747.29,124.78,2405.91,15113.43,13366.14,Debit Card,Completed
6d8e33e0-b1df-4841-8136-55253c666a33,2026_W27,O60079,U257,P35,2026-07-03 04:54:58,3,10420.75,4109.08,195.56,4887.57,31262.25,27153.17,Debit Card,Completed
6d8e33e0-b1df-4841-8136-55253c666a33,2026_W27,O60080,U31392,P48,2026-07-03 16:59:09,3,3057.39,1301.18,174.3,1416.78,9172.17,7870.99,UPI,Completed
6d8e33e0-b1df-4841-8136-55253c666a33,2026_W27,O60081,U1817,P40,2026-06-30 21:52:54,3,7370.62,8.03,116.93,3978.69,22111.86,22103.83,Credit Card,Completed
6d8e33e0-b1df-4841-8136-55253c666a33,2026_W27,O60082,U29490,P34,2026-07-03 10:46:17,1,3432.36,500.21,105.84,527.79,3432.36,2932.15,Debit Card,Completed
6d8e33e0-b1df-4841-8136-55253c666a33,2026_W27,O60083,U12062,P93,2026-07-02 08:25:27,3,5463.71,2215.94,85.55,2551.53,16391.13,14175.19,Credit Card,Completed
6d8e33e0-b1df-4841-8136-55253c666a33,2026_W27,O60084,U33369,P5,2026-07-04 01:48:38,3,4886.67,166.21,191.4,2608.88,14660.01,14493.800000000001,Credit Card,Completed
6d8e33e0-b1df-4841-8136-55253c666a33,2026_W27,O60085,U12373,P47,2026-07-05 00:53:15,2,7084.59,127.56,79.08,2527.49,14169.18,14041.62,Debit Card,Completed
6d8e33e0-b1df-4841-8136-55253c666a33,2026_W27,O60086,U18748,P84,2026-07-02 20:17:54,3,6489.78,1742.1,57.87,3190.9,19469.34,17727.24,Credit Card,Completed
6d8e33e0-b1df-4841-8136-55253c666a33,2026_W27,O60087,U33903,P109,2026-07-04 04:41:03,2,8070.73,164.34,111.24,2875.88,16141.46,15977.119999999999,Credit Card,Completed
6d8e33e0-b1df-4841-8136-55253c666a33,2026_W27,O60088,U4547,P199,2026-06-29 12:21:56,2,4054.66,115.33,101.87,1438.92,8109.32,7993.99,Debit Card,Completed
6d8e33e0-b1df-4841-8136-55253c666a33,2026_W27,O60089,U31874,P112,2026-07-02 18:44:30,2,7164.07,1979.84,184.03,2222.69,14328.14,12348.3,Credit Card,Completed
6d8e33e0-b1df-4841-8136-55253c666a33,2026_W27,O60090,U17492,P89,2026-07-03 15:07:56,4,10552.75,3580.83,56.04,6953.43,42211.0,38630.17,Debit Card,Completed
6d8e33e0-b1df-4841-8136-55253c666a33,2026_W27,O60091,U12898,P58,2026-07-02 12:43:30,3,2960.66,520.7,149.28,1505.03,8881.98,8361.279999999999,Debit Card,Completed
6d8e33e0-b1df-4841-8136-55253c666a33,2026_W27,O60092,U6513,P119,2026-07-04 08:12:41,2,9225.28,2662.08,176.57,2841.93,18450.56,15788.480000000001,Credit Card,Completed
6d8e33e0-b1df-4841-8136-55253c666a33,2026_W27,O60093,U19859,P45,2026-07-01 13:19:07,4,2342.15,993.01,178.11,1507.61,9368.6,8375.59,UPI,Completed
6d8e33e0-b1df-4841-8136-55253c666a33,2026_W27,O60094,U32599,P99,2026-06-30 18:42:56,4,5405.7,2675.77,82.19,3410.47,21622.8,18947.03,Credit Card,Completed
6d8e33e0-b1df-4841-8136-55253c666a33,2026_W27,O60095,U20549,P134,2026-07-04 21:52:33,2,3480.9,261.47,109.33,1206.06,6961.8,6700.33,Credit Card,Completed
6d8e33e0-b1df-4841-8136-55253c666a33,2026_W27,O60096,U26771,P179,2026-06-29 13:00:57,3,4820.9,2086.06,75.88,2227.8,14462.699999999999,12376.64,UPI,Completed
6d8e33e0-b1df-4841-8136-55253c666a33,2026_W27,O60097,U28207,P196,2026-06-30 04:49:16,1,9515.08,1396.67,168.89,1461.31,9515.08,8118.41,Debit Card,Completed
6d8e33e0-b1df-4841-8136-55253c666a33,2026_W27,O60098,U3261,P170,2026-07-03 22:01:15,2,2647.64,369.77,132.95,886.59,5295.28,4925.51,Credit Card,Completed
6d8e33e0-b1df-4841-8136-55253c666a33,2026_W27,O60099,U23623,P84,2026-07-04 17:05:48,4,6489.78,2096.23,193.74,4295.32,25959.12,23862.89,Credit Card,Completed
6d8e33e0-b1df-4841-8136-55253c666a33,2026_W27,O60100,U20654,P30,2026-07-02 16:05:11,4,6995.67,779.37,127.29,4896.6,27982.68,27203.31,UPI,Completed
6d8e33e0-b1df-4841-8136-55253c666a33,2026_W27,O60101,U34831,P16,2026-07-03 18:13:25,4,3158.68,70.54,180.3,2261.55,12634.72,12564.179999999998,UPI,Completed
6d8e33e0-b1df-4841-8136-55253c666a33,2026_W27,O60102,U7919,P12,2026-06-29 19:42:34,2,6064.9,762.01,187.22,2046.2,12129.8,11367.789999999999,Credit Card,Completed
6d8e33e0-b1df-4841-8136-55253c666a33,2026_W27,O60103,U21513,P6,2026-06-30 08:36:17,1,6939.39,1030.74,130.16,1063.56,6939.39,5908.650000000001,UPI,Completed
6d8e33e0-b1df-4841-8136-55253c666a33,2026_W27,O60104,U7225,P172,2026-07-02 17:40:48,1,7555.52,170.5,151.45,1329.3,7555.52,7385.02,Debit Card,Completed
6d8e33e0-b1df-4841-8136-55253c666a33,2026_W27,O60105,U30941,P9,2026-06-29 11:29:35,2,5229.72,1237.79,63.7,1659.9,10459.44,9221.650000000001,Debit Card,Completed
6d8e33e0-b1df-4841-8136-55253c666a33,2026_W27,O60106,U16873,P68,2026-07-02 22:41:48,1,4352.35,325.88,143.15,724.76,4352.35,4026.4700000000003,Credit Card,Completed
6d8e33e0-b1df-4841-8136-55253c666a33,2026_W27,O60107,U13312,P124,2026-07-01 16:59:01,3,5965.84,149.61,95.55,3194.62,17897.52,17747.91,Debit Card,Completed
6d8e33e0-b1df-4841-8136-55253c666a33,2026_W27,O60108,U27926,P139,2026-07-04 01:59:41,1,7373.8,119.09,198.08,1305.85,7373.8,7254.71,Wallet,Completed
6d8e33e0-b1df-4841-8136-55253c666a33,2026_W27,O60109,U27958,P115,2026-07-02 13:59:16,2,10677.61,443.02,190.67,3764.2,21355.22,20912.2,Credit Card,Completed
6d8e33e0-b1df-4841-8136-55253c666a33,2026_W27,O60110,U2873,P130,2026-07-03 12:51:39,4,9584.05,1279.03,79.46,6670.29,38336.2,37057.17,UPI,Completed
6d8e33e0-b1df-4841-8136-55253c666a33,2026_W27,O60111,U7276,P12,2026-06-29 13:00:33,1,6064.9,20.02,97.55,1088.08,6064.9,6044.879999999999,Wallet,Completed
6d8e33e0-b1df-4841-8136-55253c666a33,2026_W27,O60112,U17658,P151,2026-06-30 05:01:32,1,9624.05,1203.89,91.1,1515.63,9624.05,8420.16,Wallet,Completed
6d8e33e0-b1df-4841-8136-55253c666a33,2026_W27,O60113,U15736,P64,2026-07-05 03:41:58,3,3844.36,1643.86,134.5,1780.06,11533.08,9889.22,Credit Card,Completed
6d8e33e0-b1df-4841-8136-55253c666a33,2026_W27,O60114,U1644,P133,2026-07-01 13:45:00,4,10395.42,1068.09,165.31,7292.45,41581.68,40513.590000000004,UPI,Completed
6d8e33e0-b1df-4841-8136-55253c666a33,2026_W27,O60115,U19365,P41,2026-07-03 09:53:31,4,1959.52,899.71,106.54,1248.91,7838.08,6938.37,Debit Card,Completed
6d8e33e0-b1df-4841-8136-55253c666a33,2026_W27,O60116,U14123,P111,2026-07-02 23:26:43,3,7719.79,771.66,97.18,4029.79,23159.37,22387.71,Credit Card,Completed
6d8e33e0-b1df-4841-8136-55253c666a33,2026_W27,O60117,U22921,P97,2026-07-04 01:21:48,1,6666.27,490.88,141.94,1111.57,6666.27,6175.39,UPI,Completed
6d8e33e0-b1df-4841-8136-55253c666a33,2026_W27,O60118,U19830,P1,2026-07-01 09:45:09,4,8041.29,2008.49,132.03,5428.2,32165.16,30156.67,UPI,Completed
6d8e33e0-b1df-4841-8136-55253c666a33,2026_W27,O60119,U27133,P186,2026-07-02 19:45:56,2,7480.33,881.16,182.03,2534.31,14960.66,14079.5,Debit Card,Completed
6d8e33e0-b1df-4841-8136-55253c666a33,2026_W27,O60120,U30766,P124,2026-07-03 08:18:56,4,5965.84,108.81,76.68,4275.82,23863.36,23754.55,Credit Card,Completed
6d8e33e0-b1df-4841-8136-55253c666a33,2026_W27,O60121,U7513,P123,2026-07-02 14:46:31,2,11056.51,335.17,65.67,3920.01,22113.02,21777.850000000002,UPI,Completed
6d8e33e0-b1df-4841-8136-55253c666a33,2026_W27,O60122,U9546,P101,2026-07-02 19:48:22,4,8924.96,851.95,69.8,6272.62,35699.84,34847.89,UPI,Completed
6d8e33e0-b1df-4841-8136-55253c666a33,2026_W27,O60123,U7091,P30,2026-07-01 14:25:23,3,6995.67,2221.28,105.05,3377.83,20987.010000000002,18765.730000000003,Wallet,Completed
6d8e33e0-b1df-4841-8136-55253c666a33,2026_W27,O60124,U16665,P115,2026-06-30 14:32:49,2,10677.61,2154.24,76.2,3456.18,21355.22,19200.980000000003,Credit Card,Completed
6d8e33e0-b1df-4841-8136-55253c666a33,2026_W27,O60125,U11106,P155,2026-07-03 20:21:16,2,7895.96,1431.16,151.59,2584.94,15791.92,14360.76,Wallet,Completed
6d8e33e0-b1df-4841-8136-55253c666a33,2026_W27,O60126,U27854,P187,2026-07-04 03:16:53,3,6341.6,1326.15,114.89,3185.76,19024.800000000003,17698.65,Credit Card,Completed
6d8e33e0-b1df-4841-8136-55253c666a33,2026_W27,O60127,U27724,P139,2026-07-04 00:40:10,4,7373.8,2025.59,94.79,4944.53,29495.2,27469.61,UPI,Completed
6d8e33e0-b1df-4841-8136-55253c666a33,2026_W27,O60128,U13241,P156,2026-07-03 08:58:40,3,2724.78,505.78,159.29,1380.34,8174.34,7668.56,Wallet,Completed
6d8e33e0-b1df-4841-8136-55253c666a33,2026_W27,O60129,U34305,P126,2026-07-03 04:14:33,4,9456.09,3845.97,161.16,6116.11,37824.36,33978.39,UPI,Completed
6d8e33e0-b1df-4841-8136-55253c666a33,2026_W27,O60130,U29802,P178,2026-06-30 11:26:17,1,7836.39,897.43,51.44,1249.01,7836.39,6938.96,Debit Card,Completed
6d8e33e0-b1df-4841-8136-55253c666a33,2026_W27,O60131,U12050,P134,2026-07-03 19:30:47,3,3480.9,163.5,111.05,1850.26,10442.7,10279.2,Debit Card,Completed
6d8e33e0-b1df-4841-8136-55253c666a33,2026_W27,O60132,U11458,P108,2026-07-02 10:33:09,3,9991.6,4309.46,122.97,4619.76,29974.800000000003,25665.340000000004,UPI,Completed
6d8e33e0-b1df-4841-8136-55253c666a33,2026_W27,O60133,U30153,P7,2026-07-01 07:17:00,3,9852.33,2491.38,159.42,4871.81,29556.989999999998,27065.609999999997,Credit Card,Completed
6d8e33e0-b1df-4841-8136-55253c666a33,2026_W27,O60134,U22413,P150,2026-07-02 22:02:46,3,3907.63,1745.97,192.94,1795.85,11722.89,9976.92,Credit Card,Completed
6d8e33e0-b1df-4841-8136-55253c666a33,2026_W27,O60135,U28790,P14,2026-07-03 11:10:19,4,5736.45,250.37,125.59,4085.18,22945.8,22695.43,Debit Card,Completed
6d8e33e0-b1df-4841-8136-55253c666a33,2026_W27,O60136,U28105,P108,2026-07-02 20:00:00,4,9991.6,426.89,179.32,7117.11,39966.4,39539.51,Debit Card,Completed
6d8e33e0-b1df-4841-8136-55253c666a33,2026_W27,O60137,U21962,P35,2026-06-29 19:11:57,4,10420.75,194.68,187.43,7467.9,41683.0,41488.32,Credit Card,Completed
6d8e33e0-b1df-4841-8136-55253c666a33,2026_W27,O60138,U31387,P45,2026-07-02 01:45:40,1,2342.15,90.77,111.07,405.25,2342.15,2251.38,UPI,Completed
6d8e33e0-b1df-4841-8136-55253c666a33,2026_W27,O60139,U32283,P67,2026-07-03 14:09:20,1,4487.19,55.46,182.15,797.71,4487.19,4431.73,UPI,Completed
6d8e33e0-b1df-4841-8136-55253c666a33,2026_W27,O60140,U17204,P165,2026-06-30 13:33:48,2,4483.27,779.89,126.99,1473.6,8966.54,8186.650000000001,Wallet,Completed
6d8e33e0-b1df-4841-8136-55253c666a33,2026_W27,O60141,U22433,P143,2026-07-02 17:54:37,2,7220.76,445.72,64.52,2519.24,14441.52,13995.800000000001,Debit Card,Completed
6d8e33e0-b1df-4841-8136-55253c666a33,2026_W27,O60142,U12987,P192,2026-06-30 03:39:28,2,11414.94,1064.66,69.63,3917.74,22829.88,21765.22,Debit Card,Completed
6d8e33e0-b1df-4841-8136-55253c666a33,2026_W27,O60143,U14310,P27,2026-07-03 04:56:12,1,8284.05,719.72,177.04,1361.58,8284.05,7564.329999999999,Debit Card,Completed
6d8e33e0-b1df-4841-8136-55253c666a33,2026_W27,O60144,U15295,P71,2026-06-29 09:34:31,3,7798.35,181.97,148.28,4178.35,23395.050000000003,23213.08,Wallet,Completed
6d8e33e0-b1df-4841-8136-55253c666a33,2026_W27,O60145,U22325,P149,2026-07-05 03:08:00,4,2710.59,723.46,94.71,1821.4,10842.36,10118.900000000001,Debit Card,Completed
6d8e33e0-b1df-4841-8136-55253c666a33,2026_W27,O60146,U23730,P49,2026-07-03 07:22:44,1,8208.46,979.17,184.67,1301.27,8208.46,7229.289999999999,UPI,Completed
6d8e33e0-b1df-4841-8136-55253c666a33,2026_W27,O60147,U16534,P155,2026-07-02 10:10:18,4,7895.96,1456.78,147.93,5422.87,31583.84,30127.06,UPI,Completed
6d8e33e0-b1df-4841-8136-55253c666a33,2026_W27,O60148,U8031,P14,2026-06-30 02:27:51,3,5736.45,444.77,159.0,3017.62,17209.35,16764.579999999998,Credit Card,Completed
6d8e33e0-b1df-4841-8136-55253c666a33,2026_W27,O60149,U25459,P136,2026-06-30 20:10:11,1,10500.45,360.0,143.32,1825.28,10500.45,10140.45,Wallet,Completed
6d8e33e0-b1df-4841-8136-55253c666a33,2026_W27,O60150,U13441,P68,2026-07-01 01:55:52,1,4352.35,287.09,181.17,731.75,4352.35,4065.26,Wallet,Completed
6d8e33e0-b1df-4841-8136-55253c666a33,2026_W27,O60151,U21278,P145,2026-07-01 12:08:39,3,6190.5,1170.98,77.24,3132.09,18571.5,17400.52,Debit Card,Completed
6d8e33e0-b1df-4841-8136-55253c666a33,2026_W27,O60152,U18779,P187,2026-06-29 18:54:21,2,6341.6,833.9,72.4,2132.87,12683.2,11849.300000000001,Wallet,Completed
6d8e33e0-b1df-4841-8136-55253c666a33,2026_W27,O60153,U24022,P115,2026-07-04 01:02:24,4,10677.61,2101.2,78.21,7309.66,42710.44,40609.240000000005,UPI,Completed
6d8e33e0-b1df-4841-8136-55253c666a33,2026_W27,O60154,U31172,P1,2026-07-04 20:53:01,1,8041.29,1180.94,190.6,1234.86,8041.29,6860.35,Wallet,Completed
6d8e33e0-b1df-4841-8136-55253c666a33,2026_W27,O60155,U26709,P101,2026-07-02 03:41:51,2,8924.96,1383.3,160.01,2963.99,17849.92,16466.62,UPI,Completed
6d8e33e0-b1df-4841-8136-55253c666a33,2026_W27,O60156,U9162,P76,2026-07-02 17:38:21,3,7097.72,34.04,165.77,3826.64,21293.16,21259.12,Debit Card,Completed
6d8e33e0-b1df-4841-8136-55253c666a33,2026_W27,O60157,U17572,P13,2026-07-02 21:22:17,2,6638.24,555.14,148.61,2289.84,13276.48,12721.34,Debit Card,Completed
6d8e33e0-b1df-4841-8136-55253c666a33,2026_W27,O60158,U22474,P181,2026-06-30 16:47:25,3,5516.14,157.09,123.5,2950.44,16548.420000000002,16391.33,Wallet,Completed
6d8e33e0-b1df-4841-8136-55253c666a33,2026_W27,O60159,U2444,P190,2026-06-30 04:42:45,2,3207.6,682.89,130.87,1031.82,6415.2,5732.3099999999995,Wallet,Completed
6d8e33e0-b1df-4841-8136-55253c666a33,2026_W27,O60160,U19758,P44,2026-07-04 03:59:18,3,1407.86,180.95,70.5,727.67,4223.58,4042.63,Credit Card,Completed
6d8e33e0-b1df-4841-8136-55253c666a33,2026_W27,O60161,U10869,P157,2026-07-02 03:19:04,1,6934.8,838.13,113.47,1097.4,6934.8,6096.67,Wallet,Completed
6d8e33e0-b1df-4841-8136-55253c666a33,2026_W27,O60162,U22384,P95,2026-06-29 11:44:10,1,5783.09,646.95,125.46,924.51,5783.09,5136.14,UPI,Completed
6d8e33e0-b1df-4841-8136-55253c666a33,2026_W27,O60163,U14610,P197,2026-07-03 18:10:26,3,10992.71,2507.16,110.46,5484.77,32978.13,30470.969999999998,Debit Card,Completed
6d8e33e0-b1df-4841-8136-55253c666a33,2026_W27,O60164,U15018,P95,2026-07-05 07:21:04,1,5783.09,53.44,103.64,1031.34,5783.09,5729.650000000001,Debit Card,Completed
6d8e33e0-b1df-4841-8136-55253c666a33,2026_W27,O60165,U11192,P36,2026-07-04 19:16:06,3,6802.05,1973.78,94.73,3317.83,20406.15,18432.370000000003,Debit Card,Completed
6d8e33e0-b1df-4841-8136-55253c666a33,2026_W27,O60166,U1304,P27,2026-07-04 00:59:56,4,8284.05,1318.79,96.12,5727.13,33136.2,31817.409999999996,Debit Card,Completed
6d8e33e0-b1df-4841-8136-55253c666a33,2026_W27,O60167,U28563,P140,2026-07-01 17:22:05,1,3100.99,113.33,54.47,537.78,3100.99,2987.66,Wallet,Completed
6d8e33e0-b1df-4841-8136-55253c666a33,2026_W27,O60168,U19549,P162,2026-07-03 02:14:16,4,7889.79,3026.36,197.93,5135.9,31559.16,28532.8,Debit Card,Completed
6d8e33e0-b1df-4841-8136-55253c666a33,2026_W27,O60169,U8178,P167,2026-07-01 02:55:27,3,5498.71,2086.21,74.38,2593.79,16496.13,14409.920000000002,UPI,Completed
6d8e33e0-b1df-4841-8136-55253c666a33,2026_W27,O60170,U15297,P194,2026-06-29 12:28:26,4,2286.6,709.32,78.48,1518.67,9146.4,8437.08,Debit Card,Completed
6d8e33e0-b1df-4841-8136-55253c666a33,2026_W27,O60171,U7163,P67,2026-07-01 01:01:32,3,4487.19,1347.54,97.84,2180.53,13461.57,12114.029999999999,Credit Card,Completed
6d8e33e0-b1df-4841-8136-55253c666a33,2026_W27,O60172,U7601,P183,2026-06-29 12:04:27,1,4514.63,258.94,115.81,766.02,4514.63,4255.6900000000005,Debit Card,Completed
6d8e33e0-b1df-4841-8136-55253c666a33,2026_W27,O60173,U6989,P144,2026-06-30 12:58:31,3,4498.08,371.72,118.9,2362.05,13494.24,13122.52,Credit Card,Completed
6d8e33e0-b1df-4841-8136-55253c666a33,2026_W27,O60174,U1820,P105,2026-07-01 23:50:42,4,7230.61,930.37,59.41,5038.57,28922.44,27992.07,Debit Card,Completed
6d8e33e0-b1df-4841-8136-55253c666a33,2026_W27,O60175,U21404,P192,2026-06-29 23:26:16,1,11414.94,511.8,159.01,1962.57,11414.94,10903.140000000001,Wallet,Completed
6d8e33e0-b1df-4841-8136-55253c666a33,2026_W27,O60176,U30240,P67,2026-07-02 09:27:49,2,4487.19,1295.48,73.55,1382.2,8974.38,7678.9,Debit Card,Completed
6d8e33e0-b1df-4841-8136-55253c666a33,2026_W27,O60177,U27275,P63,2026-07-04 20:26:13,1,9352.06,725.99,195.85,1552.69,9352.06,8626.07,Debit Card,Completed
6d8e33e0-b1df-4841-8136-55253c666a33,2026_W27,O60178,U24723,P141,2026-07-03 13:57:55,3,9271.32,1774.86,100.59,4687.04,27813.96,26039.1,Credit Card,Completed
6d8e33e0-b1df-4841-8136-55253c666a33,2026_W27,O60179,U26456,P97,2026-06-30 15:09:53,3,6666.27,2245.09,190.98,3195.67,19998.81,17753.72,Wallet,Completed
6d8e33e0-b1df-4841-8136-55253c666a33,2026_W27,O60180,U31405,P122,2026-07-03 15:46:37,1,9537.16,200.98,173.6,1680.51,9537.16,9336.18,UPI,Completed
6d8e33e0-b1df-4841-8136-55253c666a33,2026_W27,O60181,U12107,P98,2026-07-02 20:50:47,3,7289.76,1039.04,68.3,3749.44,21869.28,20830.239999999998,Wallet,Completed
6d8e33e0-b1df-4841-8136-55253c666a33,2026_W27,O60182,U12852,P169,2026-07-02 12:32:33,4,10966.13,5996.07,108.95,6816.32,43864.52,37868.45,Wallet,Completed
6d8e33e0-b1df-4841-8136-55253c666a33,2026_W27,O60183,U30011,P193,2026-07-02 18:34:02,1,8599.49,746.38,110.52,1413.56,8599.49,7853.11,Wallet,Completed
6d8e33e0-b1df-4841-8136-55253c666a33,2026_W27,O60184,U32874,P165,2026-06-29 19:06:43,2,4483.27,327.24,140.26,1555.07,8966.54,8639.300000000001,Wallet,Completed
6d8e33e0-b1df-4841-8136-55253c666a33,2026_W27,O60185,U27174,P28,2026-07-01 19:13:14,4,4687.09,1933.48,149.74,3026.68,18748.36,16814.88,UPI,Completed
6d8e33e0-b1df-4841-8136-55253c666a33,2026_W27,O60186,U23267,P71,2026-06-29 23:26:21,2,7798.35,917.26,179.0,2642.3,15596.7,14679.44,Wallet,Completed
6d8e33e0-b1df-4841-8136-55253c666a33,2026_W27,O60187,U12820,P44,2026-07-03 05:44:01,2,1407.86,154.09,167.53,479.09,2815.72,2661.6299999999997,Credit Card,Completed
6d8e33e0-b1df-4841-8136-55253c666a33,2026_W27,O60188,U7496,P142,2026-07-02 17:31:50,4,9238.71,4599.09,55.53,5824.03,36954.84,32355.749999999996,UPI,Completed
6d8e33e0-b1df-4841-8136-55253c666a33,2026_W27,O60189,U27904,P127,2026-06-30 14:05:11,1,4862.09,671.94,188.52,754.23,4862.09,4190.15,UPI,Completed
6d8e33e0-b1df-4841-8136-55253c666a33,2026_W27,O60190,U29836,P185,2026-07-03 23:47:35,3,2854.87,533.6,70.11,1445.58,8564.61,8031.01,Credit Card,Completed
6d8e33e0-b1df-4841-8136-55253c666a33,2026_W27,O60191,U17204,P168,2026-06-30 08:27:42,1,6037.57,728.09,176.48,955.71,6037.57,5309.48,Wallet,Completed
6d8e33e0-b1df-4841-8136-55253c666a33,2026_W27,O60192,U3269,P6,2026-07-01 03:07:01,2,6939.39,1703.29,131.19,2191.59,13878.78,12175.490000000002,Credit Card,Completed
6d8e33e0-b1df-4841-8136-55253c666a33,2026_W27,O60193,U7163,P8,2026-07-04 04:58:43,1,8837.46,511.14,103.06,1498.74,8837.46,8326.32,Debit Card,Completed
6d8e33e0-b1df-4841-8136-55253c666a33,2026_W27,O60194,U19011,P166,2026-06-30 19:32:30,1,4248.29,552.45,65.79,665.25,4248.29,3695.84,UPI,Completed
6d8e33e0-b1df-4841-8136-55253c666a33,2026_W27,O60195,U664,P126,2026-07-01 18:09:00,4,9456.09,5639.97,161.0,5793.19,37824.36,32184.39,UPI,Completed
6d8e33e0-b1df-4841-8136-55253c666a33,2026_W27,O60196,U6572,P186,2026-06-29 19:22:41,3,7480.33,972.15,76.51,3864.39,22440.989999999998,21468.839999999997,Credit Card,Completed
6d8e33e0-b1df-4841-8136-55253c666a33,2026_W27,O60197,U5094,P108,2026-07-03 17:39:30,2,9991.6,1772.89,78.27,3277.86,19983.2,18210.31,Debit Card,Completed
6d8e33e0-b1df-4841-8136-55253c666a33,2026_W27,O60198,U21359,P95,2026-07-02 03:11:54,1,5783.09,593.75,161.02,934.08,5783.09,5189.34,Debit Card,Completed
6d8e33e0-b1df-4841-8136-55253c666a33,2026_W27,O60199,U26831,P124,2026-07-01 23:33:29,2,5965.84,1313.69,75.12,1911.24,11931.68,10617.99,Wallet,Completed
6d8e33e0-b1df-4841-8136-55253c666a33,2026_W27,O60200,U15736,P163,2026-07-05 05:08:31,4,5553.52,1911.42,107.61,3654.48,22214.08,20302.660000000003,UPI,Completed
6d8e33e0-b1df-4841-8136-55253c666a33,2026_W27,O60201,U6472,P32,2026-07-05 08:47:00,4,4904.65,2455.24,127.37,3089.4,19618.6,17163.36,Debit Card,Completed
6d8e33e0-b1df-4841-8136-55253c666a33,2026_W27,O60202,U22792,P82,2026-07-01 01:04:55,1,2456.79,211.52,140.57,404.15,2456.79,2245.27,UPI,Completed
6d8e33e0-b1df-4841-8136-55253c666a33,2026_W27,O60203,U17825,P90,2026-07-02 00:31:39,4,4581.8,1912.73,58.94,2954.6,18327.2,16414.47,Wallet,Completed
6d8e33e0-b1df-4841-8136-55253c666a33,2026_W27,O60204,U4619,P173,2026-07-03 12:05:03,4,7576.76,1265.32,150.94,5227.51,30307.04,29041.72,Debit Card,Completed
6d8e33e0-b1df-4841-8136-55253c666a33,2026_W27,O60205,U18589,P174,2026-06-29 23:18:36,3,2207.85,114.8,108.02,1171.57,6623.549999999999,6508.749999999999,Credit Card,Completed
6d8e33e0-b1df-4841-8136-55253c666a33,2026_W27,O60206,U22295,P12,2026-07-01 14:42:29,3,6064.9,289.73,145.69,3222.89,18194.699999999997,17904.969999999998,UPI,Completed
6d8e33e0-b1df-4841-8136-55253c666a33,2026_W27,O60207,U19205,P140,2026-06-30 22:40:47,3,3100.99,1273.29,89.2,1445.34,9302.97,8029.679999999999,UPI,Completed
6d8e33e0-b1df-4841-8136-55253c666a33,2026_W27,O60208,U17204,P28,2026-07-02 21:41:19,2,4687.09,574.78,105.14,1583.89,9374.18,8799.4,Wallet,Completed
6d8e33e0-b1df-4841-8136-55253c666a33,2026_W27,O60209,U7777,P159,2026-07-03 02:45:08,3,5801.91,116.13,122.23,3112.13,17405.73,17289.6,Wallet,Completed
6d8e33e0-b1df-4841-8136-55253c666a33,2026_W27,O60210,U34429,P196,2026-07-04 18:31:31,1,9515.08,808.79,174.3,1567.13,9515.08,8706.29,Wallet,Completed
6d8e33e0-b1df-4841-8136-55253c666a33,2026_W27,O60211,U19644,P104,2026-07-04 04:19:06,1,7848.2,203.3,90.37,1376.08,7848.2,7644.9,Wallet,Completed
6d8e33e0-b1df-4841-8136-55253c666a33,2026_W27,O60212,U16594,P41,2026-07-04 16:13:44,3,1959.52,583.12,184.36,953.18,5878.5599999999995,5295.44,UPI,Completed
6d8e33e0-b1df-4841-8136-55253c666a33,2026_W27,O60213,U26411,P108,2026-07-02 14:19:54,4,9991.6,2646.42,93.8,6717.6,39966.4,37319.98,Debit Card,Completed
6d8e33e0-b1df-4841-8136-55253c666a33,2026_W27,O60214,U9926,P86,2026-07-04 17:05:22,2,9877.51,1349.62,156.34,3312.97,19755.02,18405.4,Wallet,Completed
6d8e33e0-b1df-4841-8136-55253c666a33,2026_W27,O60215,U24072,P70,2026-07-02 15:11:24,1,2270.0,16.7,107.13,405.59,2270.0,2253.3,Debit Card,Completed
6d8e33e0-b1df-4841-8136-55253c666a33,2026_W27,O60216,U30590,P94,2026-07-05 08:44:32,3,5614.01,2171.31,120.9,2640.73,16842.03,14670.72,Credit Card,Completed
6d8e33e0-b1df-4841-8136-55253c666a33,2026_W27,O60217,U32927,P74,2026-06-30 00:55:46,4,6172.48,2614.28,97.08,3973.62,24689.92,22075.64,Debit Card,Completed
6d8e33e0-b1df-4841-8136-55253c666a33,2026_W27,O60218,U6306,P180,2026-07-02 08:10:30,3,2355.52,936.08,132.19,1103.49,7066.5599999999995,6130.48,Credit Card,Completed
6d8e33e0-b1df-4841-8136-55253c666a33,2026_W27,O60219,U16554,P90,2026-07-05 06:04:41,3,4581.8,1823.05,93.28,2146.02,13745.400000000001,11922.350000000002,Credit Card,Completed
6d8e33e0-b1df-4841-8136-55253c666a33,2026_W27,O60220,U13035,P110,2026-07-01 20:36:29,1,8883.32,40.56,96.78,1591.7,8883.32,8842.76,UPI,Completed
6d8e33e0-b1df-4841-8136-55253c666a33,2026_W27,O60221,U31619,P128,2026-07-04 12:22:33,2,3543.69,890.28,88.4,1115.48,7087.38,6197.1,UPI,Completed
6d8e33e0-b1df-4841-8136-55253c666a33,2026_W27,O60222,U8784,P116,2026-07-04 04:01:07,2,7151.55,1191.72,90.78,2360.05,14303.1,13111.380000000001,UPI,Completed
6d8e33e0-b1df-4841-8136-55253c666a33,2026_W27,O60223,U11908,P59,2026-07-03 18:39:04,1,5883.82,347.79,113.35,996.49,5883.82,5536.03,Credit Card,Completed
6d8e33e0-b1df-4841-8136-55253c666a33,2026_W27,O60224,U15908,P151,2026-07-02 22:52:52,4,9624.05,5208.08,126.04,5991.86,38496.2,33288.119999999995,Credit Card,Completed
6d8e33e0-b1df-4841-8136-55253c666a33,2026_W27,O60225,U28358,P150,2026-07-01 10:27:52,2,3907.63,465.77,110.31,1322.91,7815.26,7349.49,UPI,Completed
6d8e33e0-b1df-4841-8136-55253c666a33,2026_W27,O60226,U3925,P122,2026-07-01 06:49:15,3,9537.16,778.53,166.25,5009.93,28611.48,27832.95,Debit Card,Completed
6d8e33e0-b1df-4841-8136-55253c666a33,2026_W27,O60227,U3032,P86,2026-06-30 19:56:50,3,9877.51,2464.33,56.34,4890.28,29632.53,27168.199999999997,UPI,Completed
6d8e33e0-b1df-4841-8136-55253c666a33,2026_W27,O60228,U31063,P183,2026-06-29 16:16:06,3,4514.63,673.57,56.51,2316.66,13543.89,12870.32,UPI,Completed
6d8e33e0-b1df-4841-8136-55253c666a33,2026_W27,O60229,U21474,P107,2026-06-29 11:03:00,4,10380.65,5753.04,168.79,6438.52,41522.6,35769.56,Debit Card,Completed
6d8e33e0-b1df-4841-8136-55253c666a33,2026_W27,O60230,U14631,P92,2026-07-03 13:35:40,4,5271.05,1378.23,54.27,3547.07,21084.2,19705.97,Wallet,Completed
6d8e33e0-b1df-4841-8136-55253c666a33,2026_W27,O60231,U28959,P1,2026-07-01 03:51:11,2,8041.29,856.5,98.56,2740.69,16082.58,15226.08,Wallet,Completed
6d8e33e0-b1df-4841-8136-55253c666a33,2026_W27,O60232,U22204,P23,2026-07-04 18:44:52,2,7426.47,1317.93,93.63,2436.3,14852.94,13535.01,UPI,Completed
6d8e33e0-b1df-4841-8136-55253c666a33,2026_W27,O60233,U31702,P132,2026-07-04 19:51:30,4,6975.87,2026.7,189.05,4657.82,27903.48,25876.78,Debit Card,Completed
6d8e33e0-b1df-4841-8136-55253c666a33,2026_W27,O60234,U9442,P75,2026-06-30 14:19:30,4,10051.65,2760.53,188.41,6740.29,40206.6,37446.07,Credit Card,Completed
6d8e33e0-b1df-4841-8136-55253c666a33,2026_W27,O60235,U242,P157,2026-06-29 23:46:50,4,6934.8,1818.06,150.31,4665.81,27739.2,25921.14,Debit Card,Completed
6d8e33e0-b1df-4841-8136-55253c666a33,2026_W27,O60236,U33012,P82,2026-07-01 06:53:39,3,2456.79,910.1,148.01,1162.85,7370.37,6460.2699999999995,Wallet,Completed
6d8e33e0-b1df-4841-8136-55253c666a33,2026_W27,O60237,U22457,P159,2026-07-04 21:33:40,2,5801.91,952.96,84.81,1917.15,11603.82,10650.86,Debit Card,Completed
6d8e33e0-b1df-4841-8136-55253c666a33,2026_W27,O60238,U14585,P56,2026-06-30 03:31:04,3,5764.47,1187.07,124.47,2899.14,17293.41,16106.34,Credit Card,Completed
6d8e33e0-b1df-4841-8136-55253c666a33,2026_W27,O60239,U17123,P46,2026-07-03 23:26:10,1,2979.32,52.82,78.62,526.77,2979.32,2926.5,Wallet,Completed
6d8e33e0-b1df-4841-8136-55253c666a33,2026_W27,O60240,U13433,P197,2026-07-03 09:44:28,2,10992.71,2123.87,118.22,3575.08,21985.42,19861.55,Debit Card,Completed
6d8e33e0-b1df-4841-8136-55253c666a33,2026_W27,O60241,U34509,P136,2026-07-03 23:54:28,4,10500.45,5688.16,197.42,6536.46,42001.8,36313.64,Credit Card,Completed
6d8e33e0-b1df-4841-8136-55253c666a33,2026_W27,O60242,U12744,P75,2026-07-01 06:19:31,1,10051.65,217.21,167.12,1770.2,10051.65,9834.44,Credit Card,Completed
6d8e33e0-b1df-4841-8136-55253c666a33,2026_W27,O60243,U10808,P11,2026-07-05 01:20:37,1,7598.14,731.4,93.75,1236.01,7598.14,6866.740000000001,Debit Card,Completed
6d8e33e0-b1df-4841-8136-55253c666a33,2026_W27,O60244,U6938,P2,2026-06-30 05:49:30,3,4823.44,163.73,125.74,2575.19,14470.32,14306.59,UPI,Completed
6d8e33e0-b1df-4841-8136-55253c666a33,2026_W27,O60245,U32965,P105,2026-07-02 15:04:49,4,7230.61,3377.64,174.74,4598.06,28922.44,25544.8,Wallet,Completed
6d8e33e0-b1df-4841-8136-55253c666a33,2026_W27,O60246,U34793,P154,2026-06-30 08:17:04,4,3395.73,746.25,57.65,2310.6,13582.92,12836.67,Wallet,Completed
6d8e33e0-b1df-4841-8136-55253c666a33,2026_W27,O60247,U13312,P4,2026-07-02 22:32:17,3,2545.35,543.73,80.0,1276.62,7636.049999999999,7092.32,Credit Card,Completed
6d8e33e0-b1df-4841-8136-55253c666a33,2026_W27,O60248,U26710,P163,2026-07-05 03:22:37,3,5553.52,2004.33,154.9,2638.12,16660.56,14656.230000000001,UPI,Completed
6d8e33e0-b1df-4841-8136-55253c666a33,2026_W27,O60249,U3480,P130,2026-07-02 02:02:05,2,9584.05,510.97,99.71,3358.28,19168.1,18657.129999999997,UPI,Completed
6d8e33e0-b1df-4841-8136-55253c666a33,2026_W27,O60250,U32432,P28,2026-07-03 06:10:21,2,4687.09,589.99,198.48,1581.15,9374.18,8784.19,UPI,Completed
6d8e33e0-b1df-4841-8136-55253c666a33,2026_W27,O60251,U26710,P119,2026-07-02 15:12:26,3,9225.28,3911.61,73.18,4277.56,27675.840000000004,23764.230000000003,Wallet,Completed
6d8e33e0-b1df-4841-8136-55253c666a33,2026_W27,O60252,U10881,P110,2026-07-03 22:27:49,3,8883.32,1517.63,165.45,4523.82,26649.96,25132.329999999998,Credit Card,Completed
6d8e33e0-b1df-4841-8136-55253c666a33,2026_W27,O60253,U33882,P15,2026-06-30 12:00:30,2,3230.88,293.21,51.31,1110.34,6461.76,6168.55,Wallet,Completed
6d8e33e0-b1df-4841-8136-55253c666a33,2026_W27,O60254,U18152,P15,2026-07-03 22:52:47,3,3230.88,471.63,174.33,1659.78,9692.64,9221.01,UPI,Completed
6d8e33e0-b1df-4841-8136-55253c666a33,2026_W27,O60255,U21759,P166,2026-07-04 06:01:09,4,4248.29,1694.49,58.61,2753.76,16993.16,15298.67,UPI,Completed
6d8e33e0-b1df-4841-8136-55253c666a33,2026_W27,O60256,U20161,P136,2026-07-04 23:11:02,3,10500.45,3370.66,77.48,5063.52,31501.350000000002,28130.690000000002,Debit Card,Completed
6d8e33e0-b1df-4841-8136-55253c666a33,2026_W27,O60257,U29868,P36,2026-06-30 07:07:20,1,6802.05,312.69,116.36,1168.08,6802.05,6489.360000000001,Wallet,Completed
6d8e33e0-b1df-4841-8136-55253c666a33,2026_W27,O60258,U717,P98,2026-06-30 23:46:58,1,7289.76,198.17,179.83,1276.49,7289.76,7091.59,Credit Card,Completed
6d8e33e0-b1df-4841-8136-55253c666a33,2026_W27,O60259,U24576,P168,2026-07-03 23:17:36,2,6037.57,1053.07,73.83,1983.97,12075.14,11022.07,Debit Card,Completed
6d8e33e0-b1df-4841-8136-55253c666a33,2026_W27,O60260,U32688,P35,2026-07-01 17:25:25,4,10420.75,1346.54,156.85,7260.56,41683.0,40336.46,Debit Card,Completed
6d8e33e0-b1df-4841-8136-55253c666a33,2026_W27,O60261,U11959,P162,2026-07-02 22:32:20,2,7889.79,322.47,83.88,2782.28,15779.58,15457.11,Credit Card,Completed
6d8e33e0-b1df-4841-8136-55253c666a33,2026_W27,O60262,U26590,P91,2026-07-02 16:04:28,1,7800.01,237.99,119.62,1361.16,7800.01,7562.02,Credit Card,Completed
6d8e33e0-b1df-4841-8136-55253c666a33,2026_W27,O60263,U27659,P196,2026-07-02 01:33:08,2,9515.08,259.75,171.47,3378.67,19030.16,18770.41,Wallet,Completed
6d8e33e0-b1df-4841-8136-55253c666a33,2026_W27,O60264,U11672,P22,2026-07-02 01:46:29,4,9175.57,124.0,90.52,6584.09,36702.28,36578.28,UPI,Completed
6d8e33e0-b1df-4841-8136-55253c666a33,2026_W27,O60265,U11354,P198,2026-07-05 01:37:15,1,4611.32,517.82,81.57,736.83,4611.32,4093.4999999999995,Wallet,Completed
6d8e33e0-b1df-4841-8136-55253c666a33,2026_W27,O60266,U17190,P176,2026-07-02 23:39:15,2,4894.11,804.18,179.89,1617.13,9788.22,8984.039999999999,UPI,Completed
6d8e33e0-b1df-4841-8136-55253c666a33,2026_W27,O60267,U3244,P163,2026-07-03 09:29:12,2,5553.52,1418.96,101.7,1743.85,11107.04,9688.080000000002,UPI,Completed
6d8e33e0-b1df-4841-8136-55253c666a33,2026_W27,O60268,U16665,P11,2026-06-30 08:09:53,2,7598.14,1830.58,198.62,2405.83,15196.28,13365.7,Credit Card,Completed
6d8e33e0-b1df-4841-8136-55253c666a33,2026_W27,O60269,U11134,P86,2026-07-05 00:09:18,2,9877.51,2879.75,183.17,3037.55,19755.02,16875.27,Wallet,Completed
6d8e33e0-b1df-4841-8136-55253c666a33,2026_W27,O60270,U22078,P102,2026-07-02 20:42:53,2,3685.81,896.61,184.46,1165.5,7371.62,6475.01,UPI,Completed
6d8e33e0-b1df-4841-8136-55253c666a33,2026_W27,O60271,U476,P71,2026-06-30 01:42:47,4,7798.35,3026.79,86.81,5069.99,31193.4,28166.61,Credit Card,Completed
6d8e33e0-b1df-4841-8136-55253c666a33,2026_W27,O60272,U5467,P132,2026-06-29 10:44:36,3,6975.87,603.78,140.19,3658.29,20927.61,20323.83,Credit Card,Completed
6d8e33e0-b1df-4841-8136-55253c666a33,2026_W27,O60273,U28736,P95,2026-07-01 17:48:12,2,5783.09,524.54,183.45,1987.5,11566.18,11041.64,Credit Card,Completed
6d8e33e0-b1df-4841-8136-55253c666a33,2026_W27,O60274,U7143,P51,2026-07-02 14:51:59,3,5399.93,1219.58,60.9,2696.44,16199.79,14980.210000000001,Credit Card,Completed
6d8e33e0-b1df-4841-8136-55253c666a33,2026_W27,O60275,U4680,P189,2026-06-30 10:17:53,1,5649.84,155.26,60.9,989.02,5649.84,5494.58,UPI,Completed
6d8e33e0-b1df-4841-8136-55253c666a33,2026_W27,O60276,U7601,P103,2026-07-05 01:47:44,1,2762.4,364.21,118.65,431.67,2762.4,2398.19,Wallet,Completed
6d8e33e0-b1df-4841-8136-55253c666a33,2026_W27,O60277,U32872,P181,2026-06-29 15:08:43,1,5516.14,775.79,196.0,853.26,5516.14,4740.35,Debit Card,Completed
6d8e33e0-b1df-4841-8136-55253c666a33,2026_W27,O60278,U21496,P100,2026-07-05 03:36:24,1,1750.2,223.06,191.62,274.89,1750.2,1527.14,Debit Card,Completed
6d8e33e0-b1df-4841-8136-55253c666a33,2026_W27,O60279,U17652,P168,2026-07-04 17:18:55,2,6037.57,1363.2,131.68,1928.15,12075.14,10711.939999999999,Wallet,Completed
6d8e33e0-b1df-4841-8136-55253c666a33,2026_W27,O60280,U14887,P172,2026-07-04 19:32:34,3,7555.52,2303.18,144.78,3665.41,22666.56,20363.38,Debit Card,Completed
6d8e33e0-b1df-4841-8136-55253c666a33,2026_W27,O60281,U24497,P199,2026-07-01 01:07:09,4,4054.66,1012.01,71.54,2737.19,16218.64,15206.63,Debit Card,Completed
6d8e33e0-b1df-4841-8136-55253c666a33,2026_W27,O60282,U5738,P67,2026-06-30 00:34:54,1,4487.19,67.6,81.71,795.53,4487.19,4419.589999999999,Wallet,Completed
6d8e33e0-b1df-4841-8136-55253c666a33,2026_W27,O60283,U27131,P115,2026-06-30 16:57:21,4,10677.61,3061.62,142.29,7136.79,42710.44,39648.82,UPI,Completed
6d8e33e0-b1df-4841-8136-55253c666a33,2026_W27,O60284,U19189,P122,2026-07-02 23:19:35,1,9537.16,221.31,59.55,1676.85,9537.16,9315.85,Wallet,Completed
6d8e33e0-b1df-4841-8136-55253c666a33,2026_W27,O60285,U26619,P87,2026-07-02 07:56:14,1,7207.16,238.08,189.63,1254.43,7207.16,6969.08,Wallet,Completed
6d8e33e0-b1df-4841-8136-55253c666a33,2026_W27,O60286,U23582,P80,2026-06-30 18:56:21,4,6276.46,777.18,196.91,4379.16,25105.84,24328.66,Credit Card,Completed
6d8e33e0-b1df-4841-8136-55253c666a33,2026_W27,O60287,U25527,P91,2026-06-30 14:00:00,3,7800.01,3369.63,198.7,3605.47,23400.03,20030.399999999998,Wallet,Completed
6d8e33e0-b1df-4841-8136-55253c666a33,2026_W27,O60288,U33350,P191,2026-07-04 03:22:26,2,9506.3,2182.76,72.56,3029.37,19012.6,16829.839999999997,Wallet,Completed
6d8e33e0-b1df-4841-8136-55253c666a33,2026_W27,O60289,U4399,P13,2026-07-01 14:04:50,3,6638.24,722.68,89.86,3454.57,19914.72,19192.04,UPI,Completed
6d8e33e0-b1df-4841-8136-55253c666a33,2026_W27,O60290,U26376,P189,2026-07-02 13:52:41,2,5649.84,1069.34,195.9,1841.46,11299.68,10230.34,UPI,Completed
6d8e33e0-b1df-4841-8136-55253c666a33,2026_W27,O60291,U4114,P46,2026-07-03 17:30:21,4,2979.32,75.16,184.32,2131.58,11917.28,11842.12,Debit Card,Completed
6d8e33e0-b1df-4841-8136-55253c666a33,2026_W27,O60292,U34537,P105,2026-06-30 06:41:25,3,7230.61,3118.13,130.41,3343.27,21691.829999999998,18573.699999999997,Wallet,Completed
6d8e33e0-b1df-4841-8136-55253c666a33,2026_W27,O60293,U32036,P171,2026-07-03 15:01:13,2,2305.74,241.63,75.49,786.57,4611.48,4369.849999999999,Debit Card,Completed
6d8e33e0-b1df-4841-8136-55253c666a33,2026_W27,O60294,U20359,P143,2026-07-04 00:33:29,3,7220.76,1026.97,164.62,3714.36,21662.28,20635.309999999998,Debit Card,Completed
6d8e33e0-b1df-4841-8136-55253c666a33,2026_W27,O60295,U31911,P88,2026-07-02 12:32:44,3,11704.48,1612.89,176.99,6030.1,35113.44,33500.55,Debit Card,Completed
6d8e33e0-b1df-4841-8136-55253c666a33,2026_W27,O60296,U33441,P159,2026-07-02 17:57:48,3,5801.91,793.24,82.12,2990.25,17405.73,16612.489999999998,Credit Card,Completed
6d8e33e0-b1df-4841-8136-55253c666a33,2026_W27,O60297,U1974,P68,2026-06-29 09:06:40,4,4352.35,2492.39,109.88,2685.06,17409.4,14917.010000000002,UPI,Completed
6d8e33e0-b1df-4841-8136-55253c666a33,2026_W27,O60298,U22570,P146,2026-07-03 07:23:31,1,1678.25,82.56,129.22,287.22,1678.25,1595.69,UPI,Completed
6d8e33e0-b1df-4841-8136-55253c666a33,2026_W27,O60299,U31978,P114,2026-07-02 17:52:01,3,1980.84,792.3,58.49,927.04,5942.5199999999995,5150.219999999999,Debit Card,Completed
6d8e33e0-b1df-4841-8136-55253c666a33,2026_W27,O60300,U20882,P73,2026-07-03 02:13:28,2,2904.91,600.77,77.5,937.63,5809.82,5209.049999999999,Wallet,Completed
6d8e33e0-b1df-4841-8136-55253c666a33,2026_W27,O60301,U12274,P134,2026-07-04 13:26:41,1,3480.9,119.34,82.0,605.08,3480.9,3361.56,Wallet,Completed
6d8e33e0-b1df-4841-8136-55253c666a33,2026_W27,O60302,U34656,P151,2026-06-30 17:07:09,1,9624.05,468.78,99.03,1647.95,9624.05,9155.269999999999,Debit Card,Completed
6d8e33e0-b1df-4841-8136-55253c666a33,2026_W27,O60303,U34615,P156,2026-07-04 16:00:51,4,2724.78,766.02,66.36,1823.96,10899.12,10133.1,Credit Card,Completed
6d8e33e0-b1df-4841-8136-55253c666a33,2026_W27,O60304,U32665,P69,2026-07-03 07:07:11,1,4897.29,715.35,145.89,752.75,4897.29,4181.94,Debit Card,Completed
6d8e33e0-b1df-4841-8136-55253c666a33,2026_W27,O60305,U8918,P130,2026-07-01 02:23:07,4,9584.05,3509.12,86.97,6268.87,38336.2,34827.079999999994,Wallet,Completed
6d8e33e0-b1df-4841-8136-55253c666a33,2026_W27,O60306,U16315,P34,2026-06-30 20:09:16,1,3432.36,238.55,88.22,574.89,3432.36,3193.81,UPI,Completed
6d8e33e0-b1df-4841-8136-55253c666a33,2026_W27,O60307,U19314,P27,2026-07-02 08:36:05,3,8284.05,2395.54,135.17,4042.19,24852.149999999998,22456.609999999997,UPI,Completed
6d8e33e0-b1df-4841-8136-55253c666a33,2026_W27,O60308,U31652,P43,2026-06-30 01:48:47,3,8672.85,2523.56,175.2,4229.1,26018.550000000003,23494.99,UPI,Completed
6d8e33e0-b1df-4841-8136-55253c666a33,2026_W27,O60309,U5116,P55,2026-06-30 05:04:15,1,4472.32,17.89,118.54,801.8,4472.32,4454.429999999999,Wallet,Completed
6d8e33e0-b1df-4841-8136-55253c666a33,2026_W27,O60310,U17908,P82,2026-07-04 12:17:39,1,2456.79,171.65,117.6,411.33,2456.79,2285.14,UPI,Completed
6d8e33e0-b1df-4841-8136-55253c666a33,2026_W27,O60311,U13070,P147,2026-07-04 17:16:55,1,4417.37,623.18,199.72,682.95,4417.37,3794.19,UPI,Completed
6d8e33e0-b1df-4841-8136-55253c666a33,2026_W27,O60312,U24786,P177,2026-07-02 05:20:17,4,9676.29,4011.63,112.16,6244.84,38705.16,34693.530000000006,Wallet,Completed
6d8e33e0-b1df-4841-8136-55253c666a33,2026_W27,O60313,U27104,P67,2026-06-29 17:32:50,1,4487.19,415.83,168.53,732.84,4487.19,4071.3599999999997,UPI,Completed
6d8e33e0-b1df-4841-8136-55253c666a33,2026_W27,O60314,U12523,P130,2026-07-02 00:34:50,2,9584.05,2211.38,85.34,3052.21,19168.1,16956.719999999998,Wallet,Completed
6d8e33e0-b1df-4841-8136-55253c666a33,2026_W27,O60315,U16192,P68,2026-07-05 05:01:17,2,4352.35,434.56,124.96,1488.63,8704.7,8270.140000000001,UPI,Completed
6d8e33e0-b1df-4841-8136-55253c666a33,2026_W27,O60316,U27736,P15,2026-07-02 13:37:51,4,3230.88,853.2,198.19,2172.66,12923.52,12070.32,Credit Card,Completed
6d8e33e0-b1df-4841-8136-55253c666a33,2026_W27,O60317,U34252,P100,2026-07-03 20:41:03,4,1750.2,760.04,51.04,1123.34,7000.8,6240.76,Wallet,Completed
6d8e33e0-b1df-4841-8136-55253c666a33,2026_W27,O60318,U5015,P119,2026-07-04 13:52:29,1,9225.28,1115.94,60.87,1459.68,9225.28,8109.34,Wallet,Completed
6d8e33e0-b1df-4841-8136-55253c666a33,2026_W27,O60319,U31264,P41,2026-06-29 21:07:06,4,1959.52,325.8,189.92,1352.21,7838.08,7512.28,Credit Card,Completed
6d8e33e0-b1df-4841-8136-55253c666a33,2026_W27,O60320,U17327,P76,2026-07-04 13:53:05,2,7097.72,830.61,191.07,2405.67,14195.44,13364.83,UPI,Completed
6d8e33e0-b1df-4841-8136-55253c666a33,2026_W27,O60321,U9083,P178,2026-06-29 12:33:37,3,7836.39,1578.64,105.22,3947.5,23509.170000000002,21930.530000000002,Wallet,Completed
6d8e33e0-b1df-4841-8136-55253c666a33,2026_W27,O60322,U23306,P104,2026-06-30 03:39:36,4,7848.2,201.74,153.38,5614.39,31392.8,31191.059999999998,Debit Card,Completed
6d8e33e0-b1df-4841-8136-55253c666a33,2026_W27,O60323,U28522,P157,2026-07-03 21:09:28,3,6934.8,2500.05,69.26,3294.78,20804.4,18304.350000000002,Credit Card,Completed
6d8e33e0-b1df-4841-8136-55253c666a33,2026_W27,O60324,U30881,P91,2026-07-02 10:54:54,3,7800.01,994.64,117.31,4032.97,23400.03,22405.39,Debit Card,Completed
6d8e33e0-b1df-4841-8136-55253c666a33,2026_W27,O60325,U1775,P120,2026-07-03 00:50:27,2,4076.33,188.77,71.09,1433.5,8152.66,7963.889999999999,Debit Card,Completed
6d8e33e0-b1df-4841-8136-55253c666a33,2026_W27,O60326,U15337,P79,2026-06-29 18:53:58,2,4174.75,425.63,139.87,1426.3,8349.5,7923.87,UPI,Completed
6d8e33e0-b1df-4841-8136-55253c666a33,2026_W27,O60327,U15581,P109,2026-07-01 01:37:56,3,8070.73,1409.21,190.44,4104.54,24212.19,22802.98,Debit Card,Completed
6d8e33e0-b1df-4841-8136-55253c666a33,2026_W27,O60328,U18507,P139,2026-07-05 07:42:57,2,7373.8,554.62,173.04,2554.74,14747.6,14192.98,Credit Card,Completed
6d8e33e0-b1df-4841-8136-55253c666a33,2026_W27,O60329,U1419,P103,2026-07-03 05:37:41,2,2762.4,340.46,190.83,933.18,5524.8,5184.34,Credit Card,Completed
6d8e33e0-b1df-4841-8136-55253c666a33,2026_W27,O60330,U25678,P150,2026-06-30 02:54:14,3,3907.63,974.88,138.46,1934.64,11722.89,10748.01,Wallet,Completed
6d8e33e0-b1df-4841-8136-55253c666a33,2026_W27,O60331,U7542,P164,2026-07-04 19:12:18,2,4106.87,1084.08,111.84,1283.34,8213.74,7129.66,UPI,Completed
6d8e33e0-b1df-4841-8136-55253c666a33,2026_W27,O60332,U14560,P82,2026-06-29 14:27:09,1,2456.79,17.02,192.52,439.16,2456.79,2439.77,Credit Card,Completed
6d8e33e0-b1df-4841-8136-55253c666a33,2026_W27,O60333,U7666,P167,2026-07-04 16:23:01,2,5498.71,1115.21,60.92,1778.8,10997.42,9882.21,Credit Card,Completed
6d8e33e0-b1df-4841-8136-55253c666a33,2026_W27,O60334,U5036,P154,2026-07-05 02:54:37,4,3395.73,1171.77,160.84,2234.01,13582.92,12411.15,Credit Card,Completed
6d8e33e0-b1df-4841-8136-55253c666a33,2026_W27,O60335,U17075,P91,2026-07-02 21:54:30,3,7800.01,1664.69,141.82,3912.36,23400.03,21735.34,Wallet,Completed
6d8e33e0-b1df-4841-8136-55253c666a33,2026_W27,O60336,U22095,P109,2026-07-05 04:43:51,4,8070.73,2861.4,76.32,5295.87,32282.92,29421.519999999997,Debit Card,Completed
6d8e33e0-b1df-4841-8136-55253c666a33,2026_W27,O60337,U26659,P4,2026-06-30 01:19:26,4,2545.35,679.33,66.89,1710.37,10181.4,9502.07,Credit Card,Completed
6d8e33e0-b1df-4841-8136-55253c666a33,2026_W27,O60338,U32715,P8,2026-07-05 05:18:53,4,8837.46,738.19,106.48,6230.1,35349.84,34611.649999999994,UPI,Completed
6d8e33e0-b1df-4841-8136-55253c666a33,2026_W27,O60339,U3397,P5,2026-07-01 11:58:31,3,4886.67,2081.92,88.32,2264.06,14660.01,12578.09,Credit Card,Completed
6d8e33e0-b1df-4841-8136-55253c666a33,2026_W27,O60340,U20220,P199,2026-07-02 02:44:04,4,4054.66,258.66,193.35,2872.8,16218.64,15959.98,Wallet,Completed
6d8e33e0-b1df-4841-8136-55253c666a33,2026_W27,O60341,U31568,P158,2026-07-05 04:30:20,4,5070.42,2420.85,148.73,3214.95,20281.68,17860.83,Credit Card,Completed
6d8e33e0-b1df-4841-8136-55253c666a33,2026_W27,O60342,U1312,P12,2026-07-03 03:58:25,4,6064.9,379.33,172.0,4298.45,24259.6,23880.269999999997,Wallet,Completed
6d8e33e0-b1df-4841-8136-55253c666a33,2026_W27,O60343,U26604,P35,2026-07-03 06:00:20,1,10420.75,879.59,87.49,1717.41,10420.75,9541.16,UPI,Completed
6d8e33e0-b1df-4841-8136-55253c666a33,2026_W27,O60344,U10908,P174,2026-07-01 17:29:07,1,2207.85,295.18,98.42,344.28,2207.85,1912.6699999999998,Debit Card,Completed
6d8e33e0-b1df-4841-8136-55253c666a33,2026_W27,O60345,U26351,P86,2026-07-05 04:28:37,3,9877.51,936.74,179.32,5165.24,29632.53,28695.789999999997,Wallet,Completed
6d8e33e0-b1df-4841-8136-55253c666a33,2026_W27,O60346,U25064,P197,2026-07-03 06:05:13,4,10992.71,730.61,167.75,7783.24,43970.84,43240.229999999996,UPI,Completed
6d8e33e0-b1df-4841-8136-55253c666a33,2026_W27,O60347,U26020,P31,2026-07-02 04:54:51,1,3171.15,86.57,60.82,555.22,3171.15,3084.58,Wallet,Completed
6d8e33e0-b1df-4841-8136-55253c666a33,2026_W27,O60348,U12480,P133,2026-06-30 23:05:50,2,10395.42,2419.02,102.16,3306.93,20790.84,18371.82,Debit Card,Completed
6d8e33e0-b1df-4841-8136-55253c666a33,2026_W27,O60349,U15255,P113,2026-07-05 06:19:27,2,5364.85,371.31,111.13,1864.51,10729.7,10358.390000000001,Debit Card,Completed
6d8e33e0-b1df-4841-8136-55253c666a33,2026_W27,O60350,U32197,P197,2026-07-03 05:45:06,4,10992.71,1257.9,92.97,7688.33,43970.84,42712.939999999995,UPI,Completed
6d8e33e0-b1df-4841-8136-55253c666a33,2026_W27,O60351,U11007,P161,2026-06-30 22:09:21,2,4439.61,150.19,137.17,1571.23,8879.22,8729.029999999999,Credit Card,Completed
6d8e33e0-b1df-4841-8136-55253c666a33,2026_W27,O60352,U22283,P121,2026-07-03 10:25:20,2,7793.76,2101.05,55.54,2427.56,15587.52,13486.470000000001,Wallet,Completed
6d8e33e0-b1df-4841-8136-55253c666a33,2026_W27,O60353,U4321,P97,2026-07-04 19:43:09,4,6666.27,849.69,75.53,4646.77,26665.08,25815.390000000003,Credit Card,Completed
6d8e33e0-b1df-4841-8136-55253c666a33,2026_W27,O60354,U26899,P175,2026-07-04 16:50:15,4,3999.32,1501.59,183.19,2609.22,15997.28,14495.69,Wallet,Completed
6d8e33e0-b1df-4841-8136-55253c666a33,2026_W27,O60355,U33998,P200,2026-07-03 17:41:45,4,4553.19,2687.19,159.69,2794.6,18212.76,15525.569999999998,Debit Card,Completed
6d8e33e0-b1df-4841-8136-55253c666a33,2026_W27,O60356,U18222,P187,2026-07-03 11:33:36,4,6341.6,1529.42,92.71,4290.66,25366.4,23836.980000000003,UPI,Completed
6d8e33e0-b1df-4841-8136-55253c666a33,2026_W27,O60357,U32333,P168,2026-07-03 15:50:52,1,6037.57,765.87,143.89,948.91,6037.57,5271.7,Wallet,Completed
6d8e33e0-b1df-4841-8136-55253c666a33,2026_W27,O60358,U22384,P76,2026-06-29 13:42:37,2,7097.72,1699.29,103.29,2249.31,14195.44,12496.150000000001,Wallet,Completed
6d8e33e0-b1df-4841-8136-55253c666a33,2026_W27,O60359,U9041,P139,2026-07-03 08:01:26,4,7373.8,743.78,63.59,5175.26,29495.2,28751.420000000002,Credit Card,Completed
6d8e33e0-b1df-4841-8136-55253c666a33,2026_W27,O60360,U2650,P184,2026-07-04 18:48:24,2,2360.41,409.07,94.02,776.12,4720.82,4311.75,Wallet,Completed
6d8e33e0-b1df-4841-8136-55253c666a33,2026_W27,O60361,U14977,P151,2026-07-04 18:32:19,2,9624.05,996.01,97.22,3285.38,19248.1,18252.09,UPI,Completed
6d8e33e0-b1df-4841-8136-55253c666a33,2026_W27,O60362,U19089,P188,2026-07-02 10:53:56,4,2967.62,813.11,63.83,1990.33,11870.48,11057.369999999999,UPI,Completed
6d8e33e0-b1df-4841-8136-55253c666a33,2026_W27,O60363,U13344,P141,2026-07-01 21:47:46,4,9271.32,2010.05,94.51,6313.54,37085.28,35075.229999999996,UPI,Completed
6d8e33e0-b1df-4841-8136-55253c666a33,2026_W27,O60364,U26604,P147,2026-07-03 19:21:07,3,4417.37,1847.08,119.64,2052.91,13252.11,11405.03,UPI,Completed
6d8e33e0-b1df-4841-8136-55253c666a33,2026_W27,O60365,U14222,P4,2026-06-29 22:26:52,1,2545.35,164.04,82.04,428.64,2545.35,2381.31,UPI,Completed
6d8e33e0-b1df-4841-8136-55253c666a33,2026_W27,O60366,U24905,P140,2026-07-01 14:27:51,1,3100.99,462.29,72.45,474.97,3100.99,2638.7,UPI,Completed
6d8e33e0-b1df-4841-8136-55253c666a33,2026_W27,O60367,U34072,P73,2026-07-02 16:06:06,1,2904.91,393.8,99.43,452.0,2904.91,2511.1099999999997,Credit Card,Completed
6d8e33e0-b1df-4841-8136-55253c666a33,2026_W27,O60368,U31619,P138,2026-07-02 01:37:11,2,6625.4,386.96,71.03,2315.49,13250.8,12863.84,Debit Card,Completed
6d8e33e0-b1df-4841-8136-55253c666a33,2026_W27,O60369,U9974,P102,2026-07-02 15:11:40,1,3685.81,76.81,86.71,649.62,3685.81,3609.0,Wallet,Completed
6d8e33e0-b1df-4841-8136-55253c666a33,2026_W27,O60370,U25065,P46,2026-07-04 16:15:34,4,2979.32,973.31,180.13,1969.91,11917.28,10943.970000000001,Wallet,Completed
6d8e33e0-b1df-4841-8136-55253c666a33,2026_W27,O60371,U27741,P80,2026-07-03 14:32:48,4,6276.46,1184.51,52.36,4305.84,25105.84,23921.33,Credit Card,Completed
6d8e33e0-b1df-4841-8136-55253c666a33,2026_W27,O60372,U8732,P9,2026-07-01 00:49:34,1,5229.72,211.47,62.29,903.28,5229.72,5018.25,Debit Card,Completed
6d8e33e0-b1df-4841-8136-55253c666a33,2026_W27,O60373,U24975,P71,2026-07-04 01:06:27,1,7798.35,288.39,141.04,1351.79,7798.35,7509.96,Debit Card,Completed
6d8e33e0-b1df-4841-8136-55253c666a33,2026_W27,O60374,U18128,P73,2026-07-04 00:46:25,1,2904.91,46.02,51.67,514.6,2904.91,2858.89,UPI,Completed
6d8e33e0-b1df-4841-8136-55253c666a33,2026_W27,O60375,U6735,P155,2026-07-03 16:26:13,1,7895.96,375.08,144.63,1353.76,7895.96,7520.88,Debit Card,Completed
6d8e33e0-b1df-4841-8136-55253c666a33,2026_W27,O60376,U27436,P63,2026-07-02 12:42:16,3,9352.06,3585.71,137.93,4404.68,28056.18,24470.47,UPI,Completed
6d8e33e0-b1df-4841-8136-55253c666a33,2026_W27,O60377,U12947,P111,2026-07-03 11:44:08,3,7719.79,2253.22,152.64,3763.11,23159.37,20906.149999999998,Debit Card,Completed
6d8e33e0-b1df-4841-8136-55253c666a33,2026_W27,O60378,U12469,P157,2026-07-03 06:18:13,3,6934.8,2422.59,183.72,3308.73,20804.4,18381.81,UPI,Completed
6d8e33e0-b1df-4841-8136-55253c666a33,2026_W27,O60379,U18532,P37,2026-07-01 06:39:40,1,4162.63,448.83,51.36,668.48,4162.63,3713.8,Debit Card,Completed
6d8e33e0-b1df-4841-8136-55253c666a33,2026_W27,O60380,U24712,P113,2026-06-29 23:00:00,3,5364.85,2058.55,167.07,2526.48,16094.550000000001,14036.0,Wallet,Completed
6d8e33e0-b1df-4841-8136-55253c666a33,2026_W27,O60381,U34183,P172,2026-07-01 16:12:12,1,7555.52,229.77,161.85,1318.64,7555.52,7325.75,Credit Card,Completed
6d8e33e0-b1df-4841-8136-55253c666a33,2026_W27,O60382,U9546,P132,2026-07-03 03:44:43,1,6975.87,333.8,59.95,1195.57,6975.87,6642.07,Debit Card,Completed
6d8e33e0-b1df-4841-8136-55253c666a33,2026_W27,O60383,U16158,P175,2026-07-01 15:17:56,1,3999.32,297.41,180.07,666.34,3999.32,3701.9100000000003,Debit Card,Completed
6d8e33e0-b1df-4841-8136-55253c666a33,2026_W27,O60384,U21598,P176,2026-07-02 14:02:15,4,4894.11,2437.86,96.54,3084.94,19576.44,17138.579999999998,Credit Card,Completed
6d8e33e0-b1df-4841-8136-55253c666a33,2026_W27,O60385,U5080,P173,2026-07-02 22:36:11,1,7576.76,570.11,105.73,1261.2,7576.76,7006.650000000001,Debit Card,Completed
6d8e33e0-b1df-4841-8136-55253c666a33,2026_W27,O60386,U14921,P105,2026-06-30 23:18:53,3,7230.61,1227.48,194.83,3683.58,21691.829999999998,20464.35,Credit Card,Completed
6d8e33e0-b1df-4841-8136-55253c666a33,2026_W27,O60387,U13344,P161,2026-06-30 07:13:05,2,4439.61,762.85,76.23,1460.95,8879.22,8116.369999999999,UPI,Completed
6d8e33e0-b1df-4841-8136-55253c666a33,2026_W27,O60388,U23116,P190,2026-07-04 13:31:28,1,3207.6,367.73,63.71,511.18,3207.6,2839.87,Debit Card,Completed
6d8e33e0-b1df-4841-8136-55253c666a33,2026_W27,O60389,U12836,P111,2026-07-02 08:18:59,1,7719.79,16.94,71.3,1386.51,7719.79,7702.85,Wallet,Completed
6d8e33e0-b1df-4841-8136-55253c666a33,2026_W27,O60390,U33338,P23,2026-07-02 12:27:10,1,7426.47,424.54,102.96,1260.35,7426.47,7001.93,Debit Card,Completed
6d8e33e0-b1df-4841-8136-55253c666a33,2026_W27,O60391,U28763,P115,2026-07-04 01:49:03,2,10677.61,1055.56,96.49,3653.94,21355.22,20299.66,UPI,Completed
6d8e33e0-b1df-4841-8136-55253c666a33,2026_W27,O60392,U28455,P32,2026-06-29 09:45:49,4,4904.65,1772.68,82.6,3212.27,19618.6,17845.92,Wallet,Completed
6d8e33e0-b1df-4841-8136-55253c666a33,2026_W27,O60393,U5205,P164,2026-06-29 21:36:46,2,4106.87,1220.22,156.7,1258.83,8213.74,6993.5199999999995,Wallet,Completed
6d8e33e0-b1df-4841-8136-55253c666a33,2026_W27,O60394,U17440,P133,2026-07-02 05:11:30,4,10395.42,3256.29,183.03,6898.57,41581.68,38325.39,Credit Card,Completed
6d8e33e0-b1df-4841-8136-55253c666a33,2026_W27,O60395,U8761,P165,2026-07-04 20:24:50,1,4483.27,156.27,50.16,778.86,4483.27,4327.0,Debit Card,Completed
6d8e33e0-b1df-4841-8136-55253c666a33,2026_W27,O60396,U20541,P188,2026-06-30 11:59:42,1,2967.62,25.95,52.51,529.5,2967.62,2941.67,Wallet,Completed
6d8e33e0-b1df-4841-8136-55253c666a33,2026_W27,O60397,U21962,P168,2026-07-05 00:53:37,1,6037.57,75.94,140.31,1073.09,6037.57,5961.63,Debit Card,Completed
6d8e33e0-b1df-4841-8136-55253c666a33,2026_W27,O60398,U13241,P97,2026-07-01 10:45:39,2,6666.27,522.44,176.69,2305.82,13332.54,12810.1,Debit Card,Completed
6d8e33e0-b1df-4841-8136-55253c666a33,2026_W27,O60399,U25846,P105,2026-06-30 02:36:14,4,7230.61,3460.66,94.1,4583.12,28922.44,25461.78,Credit Card,Completed
6d8e33e0-b1df-4841-8136-55253c666a33,2026_W27,O60400,U13312,P141,2026-06-30 08:20:01,1,9271.32,89.08,82.41,1652.8,9271.32,9182.24,Wallet,Completed
6d8e33e0-b1df-4841-8136-55253c666a33,2026_W27,O60401,U26241,P41,2026-07-04 13:07:25,4,1959.52,611.7,177.63,1300.75,7838.08,7226.38,UPI,Completed
6d8e33e0-b1df-4841-8136-55253c666a33,2026_W27,O60402,U28810,P150,2026-07-05 09:04:41,2,3907.63,211.28,65.53,1368.72,7815.26,7603.9800000000005,Wallet,Completed
6d8e33e0-b1df-4841-8136-55253c666a33,2026_W27,O60403,U4628,P102,2026-07-04 09:09:23,1,3685.81,376.12,85.19,595.74,3685.81,3309.69,Credit Card,Completed
6d8e33e0-b1df-4841-8136-55253c666a33,2026_W27,O60404,U25945,P94,2026-07-03 09:01:20,2,5614.01,1568.9,151.66,1738.64,11228.02,9659.12,Wallet,Completed
6d8e33e0-b1df-4841-8136-55253c666a33,2026_W27,O60405,U11890,P80,2026-07-03 20:58:54,1,6276.46,430.79,171.98,1052.22,6276.46,5845.67,Credit Card,Completed
6d8e33e0-b1df-4841-8136-55253c666a33,2026_W27,O60406,U19694,P75,2026-07-01 00:36:01,1,10051.65,731.67,151.12,1677.6,10051.65,9319.98,Debit Card,Completed
6d8e33e0-b1df-4841-8136-55253c666a33,2026_W27,O60407,U33430,P4,2026-07-03 23:10:56,4,2545.35,1300.33,186.16,1598.59,10181.4,8881.07,Wallet,Completed
6d8e33e0-b1df-4841-8136-55253c666a33,2026_W27,O60408,U11852,P185,2026-07-02 11:24:19,4,2854.87,432.88,144.57,1977.59,11419.48,10986.6,Debit Card,Completed
6d8e33e0-b1df-4841-8136-55253c666a33,2026_W27,O60409,U23674,P181,2026-07-02 00:39:00,4,5516.14,1424.21,185.62,3715.26,22064.56,20640.350000000002,Debit Card,Completed
6d8e33e0-b1df-4841-8136-55253c666a33,2026_W27,O60410,U10827,P91,2026-07-03 10:12:23,2,7800.01,611.37,78.36,2697.96,15600.02,14988.65,Debit Card,Completed
6d8e33e0-b1df-4841-8136-55253c666a33,2026_W27,O60411,U9955,P4,2026-07-01 01:56:51,3,2545.35,940.51,104.41,1205.2,7636.049999999999,6695.539999999999,Wallet,Completed
6d8e33e0-b1df-4841-8136-55253c666a33,2026_W27,O60412,U28621,P121,2026-07-01 04:20:12,1,7793.76,214.96,73.5,1364.18,7793.76,7578.8,UPI,Completed
6d8e33e0-b1df-4841-8136-55253c666a33,2026_W27,O60413,U32432,P151,2026-07-03 07:38:05,3,9624.05,2799.18,152.77,4693.13,28872.149999999998,26072.969999999998,Wallet,Completed
6d8e33e0-b1df-4841-8136-55253c666a33,2026_W27,O60414,U21931,P93,2026-07-03 12:27:09,3,5463.71,2107.54,87.84,2571.05,16391.13,14283.59,UPI,Completed
6d8e33e0-b1df-4841-8136-55253c666a33,2026_W27,O60415,U32514,P143,2026-07-04 14:44:00,2,7220.76,1900.46,176.59,2257.39,14441.52,12541.060000000001,Credit Card,Completed
6d8e33e0-b1df-4841-8136-55253c666a33,2026_W27,O60416,U9955,P21,2026-06-29 15:52:48,3,7568.69,1855.2,58.18,3753.16,22706.07,20850.87,UPI,Completed
6d8e33e0-b1df-4841-8136-55253c666a33,2026_W27,O60417,U527,P109,2026-06-30 19:27:10,4,8070.73,95.85,132.27,5793.67,32282.92,32187.07,Debit Card,Completed
6d8e33e0-b1df-4841-8136-55253c666a33,2026_W27,O60418,U19917,P144,2026-07-04 14:41:57,4,4498.08,521.17,167.16,3144.81,17992.32,17471.15,Credit Card,Completed
6d8e33e0-b1df-4841-8136-55253c666a33,2026_W27,O60419,U24130,P142,2026-07-03 16:55:35,4,9238.71,2669.03,198.61,6171.45,36954.84,34285.81,UPI,Completed
6d8e33e0-b1df-4841-8136-55253c666a33,2026_W27,O60420,U19353,P153,2026-07-05 03:17:14,4,6806.07,3165.34,150.45,4330.61,27224.28,24058.94,Debit Card,Completed
6d8e33e0-b1df-4841-8136-55253c666a33,2026_W27,O60421,U867,P144,2026-07-04 14:58:13,4,4498.08,1648.14,172.12,2941.95,17992.32,16344.18,Wallet,Completed
6d8e33e0-b1df-4841-8136-55253c666a33,2026_W27,O60422,U10401,P85,2026-07-01 10:11:18,2,2941.32,478.8,169.59,972.69,5882.64,5403.84,Debit Card,Completed
6d8e33e0-b1df-4841-8136-55253c666a33,2026_W27,O60423,U25497,P151,2026-07-05 09:06:26,3,9624.05,3544.56,53.55,4558.97,28872.149999999998,25327.589999999997,Credit Card,Completed
6d8e33e0-b1df-4841-8136-55253c666a33,2026_W27,O60424,U6204,P68,2026-07-02 01:00:33,2,4352.35,80.23,195.22,1552.4,8704.7,8624.470000000001,Debit Card,Completed
6d8e33e0-b1df-4841-8136-55253c666a33,2026_W27,O60425,U33322,P35,2026-07-02 06:27:19,4,10420.75,3133.34,150.51,6938.94,41683.0,38549.66,Debit Card,Completed
6d8e33e0-b1df-4841-8136-55253c666a33,2026_W27,O60426,U26740,P148,2026-07-02 22:16:06,1,1578.46,99.96,109.55,266.13,1578.46,1478.5,Wallet,Completed
6d8e33e0-b1df-4841-8136-55253c666a33,2026_W27,O60427,U11904,P33,2026-07-05 00:01:56,1,5573.38,244.08,73.95,959.27,5573.38,5329.3,Credit Card,Completed
6d8e33e0-b1df-4841-8136-55253c666a33,2026_W27,O60428,U30569,P36,2026-07-04 12:44:00,1,6802.05,31.92,87.84,1218.62,6802.05,6770.13,Debit Card,Completed
6d8e33e0-b1df-4841-8136-55253c666a33,2026_W27,O60429,U24005,P40,2026-07-03 19:27:58,2,7370.62,828.13,73.29,2504.36,14741.24,13913.11,Credit Card,Completed
6d8e33e0-b1df-4841-8136-55253c666a33,2026_W27,O60430,U16602,P62,2026-07-03 05:20:03,4,8933.75,1812.74,174.06,6106.01,35735.0,33922.26,UPI,Completed
6d8e33e0-b1df-4841-8136-55253c666a33,2026_W27,O60431,U34660,P156,2026-07-04 22:33:24,4,2724.78,893.41,91.17,1801.03,10899.12,10005.710000000001,Credit Card,Completed
6d8e33e0-b1df-4841-8136-55253c666a33,2026_W27,O60432,U134,P167,2026-06-30 08:49:12,1,5498.71,610.71,137.87,879.84,5498.71,4888.0,Wallet,Completed
6d8e33e0-b1df-4841-8136-55253c666a33,2026_W27,O60433,U25786,P155,2026-07-01 10:44:39,4,7895.96,3123.77,53.0,5122.81,31583.84,28460.07,Credit Card,Completed
6d8e33e0-b1df-4841-8136-55253c666a33,2026_W27,O60434,U11901,P128,2026-07-03 07:23:31,2,3543.69,915.75,183.86,1110.89,7087.38,6171.63,Wallet,Completed
6d8e33e0-b1df-4841-8136-55253c666a33,2026_W27,O60435,U17852,P20,2026-06-30 17:19:37,3,3016.27,342.6,75.73,1567.12,9048.81,8706.21,Wallet,Completed
6d8e33e0-b1df-4841-8136-55253c666a33,2026_W27,O60436,U12893,P88,2026-06-29 22:02:01,3,11704.48,2154.57,177.53,5932.6,35113.44,32958.87,Credit Card,Completed
6d8e33e0-b1df-4841-8136-55253c666a33,2026_W27,O60437,U30349,P50,2026-07-04 19:17:21,2,4043.15,164.58,178.83,1425.91,8086.3,7921.72,Debit Card,Completed
6d8e33e0-b1df-4841-8136-55253c666a33,2026_W27,O60438,U16538,P170,2026-07-01 03:57:26,4,2647.64,1111.12,121.56,1706.3,10590.56,9479.439999999999,UPI,Completed
6d8e33e0-b1df-4841-8136-55253c666a33,2026_W27,O60439,U3013,P148,2026-06-29 11:15:33,4,1578.46,328.97,132.64,1077.28,6313.84,5984.87,Wallet,Completed
6d8e33e0-b1df-4841-8136-55253c666a33,2026_W27,O60440,U9674,P32,2026-06-30 15:43:05,1,4904.65,412.87,136.85,808.52,4904.65,4491.78,Credit Card,Completed
6d8e33e0-b1df-4841-8136-55253c666a33,2026_W27,O60441,U6735,P75,2026-07-03 02:35:02,2,10051.65,646.3,58.67,3502.26,20103.3,19457.0,Credit Card,Completed
6d8e33e0-b1df-4841-8136-55253c666a33,2026_W27,O60442,U2803,P89,2026-07-03 15:02:59,1,10552.75,177.27,177.36,1867.59,10552.75,10375.48,Credit Card,Completed
6d8e33e0-b1df-4841-8136-55253c666a33,2026_W27,O60443,U19829,P129,2026-07-05 04:25:59,2,10030.81,681.72,59.24,3488.38,20061.62,19379.899999999998,Wallet,Completed
6d8e33e0-b1df-4841-8136-55253c666a33,2026_W27,O60444,U4478,P7,2026-06-30 00:27:31,4,9852.33,4719.31,51.48,6244.2,39409.32,34690.01,Debit Card,Completed
6d8e33e0-b1df-4841-8136-55253c666a33,2026_W27,O60445,U23147,P193,2026-06-29 23:35:04,3,8599.49,3344.06,147.03,4041.79,25798.47,22454.41,Debit Card,Completed
6d8e33e0-b1df-4841-8136-55253c666a33,2026_W27,O60446,U1371,P129,2026-07-03 16:31:12,2,10030.81,899.65,166.92,3449.15,20061.62,19161.969999999998,Wallet,Completed
6d8e33e0-b1df-4841-8136-55253c666a33,2026_W27,O60447,U9076,P132,2026-06-29 19:16:44,4,6975.87,525.44,74.37,4928.05,27903.48,27378.04,Wallet,Completed
6d8e33e0-b1df-4841-8136-55253c666a33,2026_W27,O60448,U5831,P191,2026-07-01 10:48:41,3,9506.3,3506.99,155.9,4502.14,28518.899999999998,25011.909999999996,Credit Card,Completed
6d8e33e0-b1df-4841-8136-55253c666a33,2026_W27,O60449,U3254,P19,2026-07-01 13:27:55,1,5633.25,804.63,83.01,869.15,5633.25,4828.62,Credit Card,Completed
6d8e33e0-b1df-4841-8136-55253c666a33,2026_W27,O60450,U34029,P119,2026-07-05 08:09:58,3,9225.28,391.74,81.6,4911.14,27675.840000000004,27284.100000000002,Debit Card,Completed
6d8e33e0-b1df-4841-8136-55253c666a33,2026_W27,O60451,U4948,P165,2026-07-03 19:20:46,4,4483.27,160.43,107.23,3199.08,17933.08,17772.65,UPI,Completed
6d8e33e0-b1df-4841-8136-55253c666a33,2026_W27,O60452,U25027,P110,2026-07-03 20:42:50,4,8883.32,4363.34,78.14,5610.59,35533.28,31169.94,Debit Card,Completed
6d8e33e0-b1df-4841-8136-55253c666a33,2026_W27,O60453,U31473,P82,2026-07-03 23:51:30,3,2456.79,375.56,79.69,1259.07,7370.37,6994.8099999999995,Wallet,Completed
6d8e33e0-b1df-4841-8136-55253c666a33,2026_W27,O60454,U11030,P96,2026-07-01 01:46:37,2,4818.25,722.46,133.4,1604.53,9636.5,8914.04,Credit Card,Completed
6d8e33e0-b1df-4841-8136-55253c666a33,2026_W27,O60455,U18277,P141,2026-07-01 20:08:08,4,9271.32,1147.12,130.01,6468.87,37085.28,35938.159999999996,Credit Card,Completed
6d8e33e0-b1df-4841-8136-55253c666a33,2026_W27,O60456,U8526,P8,2026-07-03 03:45:56,3,8837.46,1814.83,59.66,4445.56,26512.379999999997,24697.549999999996,Debit Card,Completed
6d8e33e0-b1df-4841-8136-55253c666a33,2026_W27,O60457,U30429,P17,2026-06-29 19:00:49,3,6241.42,1216.43,178.48,3151.41,18724.260000000002,17507.83,Debit Card,Completed
6d8e33e0-b1df-4841-8136-55253c666a33,2026_W27,O60458,U34450,P24,2026-07-01 21:07:56,4,4112.52,1575.52,184.41,2677.42,16450.08,14874.560000000001,Wallet,Completed
6d8e33e0-b1df-4841-8136-55253c666a33,2026_W27,O60459,U4896,P1,2026-07-02 12:40:27,1,8041.29,918.69,103.54,1282.07,8041.29,7122.6,Credit Card,Completed
6d8e33e0-b1df-4841-8136-55253c666a33,2026_W27,O60460,U11450,P184,2026-07-01 04:35:33,1,2360.41,218.56,89.07,385.53,2360.41,2141.85,Credit Card,Completed
6d8e33e0-b1df-4841-8136-55253c666a33,2026_W27,O60461,U4232,P18,2026-07-01 15:01:23,3,3465.55,1436.7,136.53,1612.79,10396.650000000001,8959.95,Credit Card,Completed
6d8e33e0-b1df-4841-8136-55253c666a33,2026_W27,O60462,U3418,P191,2026-07-02 00:51:38,4,9506.3,1268.44,108.07,6616.22,38025.2,36756.759999999995,Wallet,Completed
6d8e33e0-b1df-4841-8136-55253c666a33,2026_W27,O60463,U34982,P70,2026-07-03 23:33:57,2,2270.0,636.62,129.68,702.61,4540.0,3903.38,Debit Card,Completed
6d8e33e0-b1df-4841-8136-55253c666a33,2026_W27,O60464,U15708,P120,2026-07-01 14:25:48,4,4076.33,1944.97,109.3,2584.86,16305.32,14360.35,Wallet,Completed
6d8e33e0-b1df-4841-8136-55253c666a33,2026_W27,O60465,U2091,P100,2026-07-04 22:14:29,1,1750.2,173.08,120.53,283.88,1750.2,1577.1200000000001,UPI,Completed
6d8e33e0-b1df-4841-8136-55253c666a33,2026_W27,O60466,U27164,P92,2026-07-01 07:55:14,4,5271.05,491.38,170.76,3706.71,21084.2,20592.82,Debit Card,Completed
6d8e33e0-b1df-4841-8136-55253c666a33,2026_W27,O60467,U26627,P129,2026-07-04 00:29:36,4,10030.81,680.26,148.15,7099.74,40123.24,39442.979999999996,Wallet,Completed
6d8e33e0-b1df-4841-8136-55253c666a33,2026_W27,O60468,U29601,P198,2026-06-30 16:01:05,4,4611.32,1927.95,126.64,2973.12,18445.28,16517.329999999998,UPI,Completed
6d8e33e0-b1df-4841-8136-55253c666a33,2026_W27,O60469,U23466,P31,2026-07-03 11:06:26,3,3171.15,998.05,174.05,1532.77,9513.45,8515.400000000001,Wallet,Completed
6d8e33e0-b1df-4841-8136-55253c666a33,2026_W27,O60470,U4932,P69,2026-07-03 19:53:28,4,4897.29,2487.71,76.46,3078.26,19589.16,17101.45,Debit Card,Completed
6d8e33e0-b1df-4841-8136-55253c666a33,2026_W27,O60471,U34022,P66,2026-07-04 16:22:05,2,7809.87,609.55,86.7,2701.83,15619.74,15010.19,Debit Card,Completed
6d8e33e0-b1df-4841-8136-55253c666a33,2026_W27,O60472,U22730,P9,2026-07-04 06:02:57,4,5229.72,2138.41,65.57,3380.48,20918.88,18780.47,Credit Card,Completed
6d8e33e0-b1df-4841-8136-55253c666a33,2026_W27,O60473,U751,P78,2026-07-04 08:55:04,4,4536.03,2705.4,65.36,2778.97,18144.12,15438.72,Debit Card,Completed
6d8e33e0-b1df-4841-8136-55253c666a33,2026_W27,O60474,U24822,P140,2026-07-03 12:59:31,1,3100.99,282.77,196.13,507.28,3100.99,2818.22,Wallet,Completed
6d8e33e0-b1df-4841-8136-55253c666a33,2026_W27,O60475,U19859,P177,2026-07-05 01:00:25,3,9676.29,1430.03,192.12,4967.79,29028.870000000003,27598.840000000004,Debit Card,Completed
6d8e33e0-b1df-4841-8136-55253c666a33,2026_W27,O60476,U11384,P57,2026-07-03 13:26:21,2,8411.78,1608.01,140.99,2738.8,16823.56,15215.550000000001,UPI,Completed
6d8e33e0-b1df-4841-8136-55253c666a33,2026_W27,O60477,U10650,P138,2026-07-03 02:11:31,3,6625.4,2044.8,136.96,3209.65,19876.199999999997,17831.399999999998,Debit Card,Completed
6d8e33e0-b1df-4841-8136-55253c666a33,2026_W27,O60478,U26421,P45,2026-07-01 03:40:41,1,2342.15,163.6,175.94,392.14,2342.15,2178.55,Credit Card,Completed
6d8e33e0-b1df-4841-8136-55253c666a33,2026_W27,O60479,U15809,P159,2026-06-29 14:13:56,1,5801.91,191.59,69.76,1009.86,5801.91,5610.32,UPI,Completed
6d8e33e0-b1df-4841-8136-55253c666a33,2026_W27,O60480,U6585,P22,2026-06-30 17:28:48,3,9175.57,68.74,51.53,4942.43,27526.71,27457.969999999998,Debit Card,Completed
6d8e33e0-b1df-4841-8136-55253c666a33,2026_W27,O60481,U18516,P70,2026-07-04 23:04:26,1,2270.0,203.92,70.0,371.89,2270.0,2066.08,Wallet,Completed
6d8e33e0-b1df-4841-8136-55253c666a33,2026_W27,O60482,U17908,P28,2026-06-30 18:49:42,2,4687.09,888.08,104.51,1527.5,9374.18,8486.1,UPI,Completed
6d8e33e0-b1df-4841-8136-55253c666a33,2026_W27,O60483,U10014,P162,2026-07-05 06:10:28,2,7889.79,553.91,199.37,2740.62,15779.58,15225.67,Debit Card,Completed
6d8e33e0-b1df-4841-8136-55253c666a33,2026_W27,O60484,U3925,P117,2026-07-04 10:05:51,1,1818.08,201.09,172.94,291.06,1818.08,1616.99,UPI,Completed
6d8e33e0-b1df-4841-8136-55253c666a33,2026_W27,O60485,U11798,P140,2026-07-01 15:50:39,3,3100.99,1335.35,173.11,1434.17,9302.97,7967.619999999999,UPI,Completed
6d8e33e0-b1df-4841-8136-55253c666a33,2026_W27,O60486,U8242,P53,2026-07-01 17:32:15,3,5893.03,745.89,53.98,3047.98,17679.09,16933.2,Credit Card,Completed
6d8e33e0-b1df-4841-8136-55253c666a33,2026_W27,O60487,U14965,P73,2026-07-03 15:43:34,2,2904.91,763.52,102.1,908.33,5809.82,5046.299999999999,UPI,Completed
6d8e33e0-b1df-4841-8136-55253c666a33,2026_W27,O60488,U30251,P175,2026-07-03 23:58:39,1,3999.32,521.97,75.43,625.92,3999.32,3477.3500000000004,Wallet,Completed
6d8e33e0-b1df-4841-8136-55253c666a33,2026_W27,O60489,U14348,P164,2026-07-04 20:32:50,3,4106.87,1368.56,87.47,1971.37,12320.61,10952.050000000001,Debit Card,Completed
6d8e33e0-b1df-4841-8136-55253c666a33,2026_W27,O60490,U26620,P70,2026-06-30 17:17:11,1,2270.0,83.03,179.27,393.65,2270.0,2186.97,Credit Card,Completed
6d8e33e0-b1df-4841-8136-55253c666a33,2026_W27,O60491,U15148,P197,2026-07-04 15:53:25,4,10992.71,2321.42,167.28,7496.9,43970.84,41649.42,Credit Card,Completed
6d8e33e0-b1df-4841-8136-55253c666a33,2026_W27,O60492,U3659,P27,2026-07-05 04:33:57,2,8284.05,2293.74,115.38,2569.38,16568.1,14274.359999999999,Wallet,Completed
6d8e33e0-b1df-4841-8136-55253c666a33,2026_W27,O60493,U20033,P13,2026-07-03 21:14:51,1,6638.24,826.71,198.57,1046.08,6638.24,5811.53,Debit Card,Completed
6d8e33e0-b1df-4841-8136-55253c666a33,2026_W27,O60494,U9837,P123,2026-07-02 23:51:06,3,11056.51,277.28,170.68,5920.6,33169.53,32892.25,UPI,Completed
6d8e33e0-b1df-4841-8136-55253c666a33,2026_W27,O60495,U30030,P7,2026-07-03 05:50:27,3,9852.33,3575.74,162.23,4676.62,29556.989999999998,25981.25,Credit Card,Completed
6d8e33e0-b1df-4841-8136-55253c666a33,2026_W27,O60496,U12754,P170,2026-07-03 23:44:13,1,2647.64,255.57,170.85,430.57,2647.64,2392.0699999999997,Wallet,Completed
6d8e33e0-b1df-4841-8136-55253c666a33,2026_W27,O60497,U18233,P156,2026-07-05 00:53:22,2,2724.78,754.73,118.09,845.07,5449.56,4694.83,UPI,Completed
6d8e33e0-b1df-4841-8136-55253c666a33,2026_W27,O60498,U18887,P60,2026-07-02 08:51:39,3,3368.43,1503.66,89.33,1548.29,10105.289999999999,8601.63,UPI,Completed
6d8e33e0-b1df-4841-8136-55253c666a33,2026_W27,O60499,U32358,P190,2026-07-02 08:16:32,3,3207.6,58.99,143.06,1721.49,9622.8,9563.81,UPI,Completed
6d8e33e0-b1df-4841-8136-55253c666a33,2026_W27,O60500,U26967,P34,2026-07-04 17:39:24,4,3432.36,356.14,127.62,2407.19,13729.44,13373.300000000001,Debit Card,Completed
6d8e33e0-b1df-4841-8136-55253c666a33,2026_W27,O60501,U6020,P159,2026-07-04 02:21:40,4,5801.91,676.49,168.13,4055.61,23207.64,22531.149999999998,Wallet,Completed
6d8e33e0-b1df-4841-8136-55253c666a33,2026_W27,O60502,U16308,P123,2026-07-05 06:47:53,4,11056.51,4744.28,109.26,7106.72,44226.04,39481.76,UPI,Completed
6d8e33e0-b1df-4841-8136-55253c666a33,2026_W27,O60503,U23288,P175,2026-07-05 07:19:20,1,3999.32,550.62,152.79,620.77,3999.32,3448.7000000000003,Debit Card,Completed
6d8e33e0-b1df-4841-8136-55253c666a33,2026_W27,O60504,U17657,P174,2026-06-30 11:31:18,2,2207.85,73.93,60.93,781.52,4415.7,4341.7699999999995,Wallet,Completed
6d8e33e0-b1df-4841-8136-55253c666a33,2026_W27,O60505,U2348,P139,2026-07-03 18:24:00,4,7373.8,1230.36,108.41,5087.67,29495.2,28264.84,UPI,Completed
6d8e33e0-b1df-4841-8136-55253c666a33,2026_W27,O60506,U1037,P87,2026-07-03 12:46:49,4,7207.16,957.03,80.27,5016.89,28828.64,27871.61,Wallet,Completed
6d8e33e0-b1df-4841-8136-55253c666a33,2026_W27,O60507,U18787,P197,2026-07-03 20:56:22,3,10992.71,2541.85,187.15,5478.53,32978.13,30436.28,UPI,Completed
6d8e33e0-b1df-4841-8136-55253c666a33,2026_W27,O60508,U22750,P88,2026-07-03 07:34:38,1,11704.48,1719.58,119.82,1797.28,11704.48,9984.9,UPI,Completed
6d8e33e0-b1df-4841-8136-55253c666a33,2026_W27,O60509,U26017,P138,2026-06-30 15:02:26,1,6625.4,98.76,186.23,1174.8,6625.4,6526.639999999999,UPI,Completed
6d8e33e0-b1df-4841-8136-55253c666a33,2026_W27,O60510,U32430,P188,2026-07-04 22:05:07,2,2967.62,295.98,196.18,1015.07,5935.24,5639.26,Credit Card,Completed
6d8e33e0-b1df-4841-8136-55253c666a33,2026_W27,O60511,U11526,P25,2026-07-04 23:44:46,2,2539.74,460.97,175.76,831.33,5079.48,4618.509999999999,UPI,Completed
6d8e33e0-b1df-4841-8136-55253c666a33,2026_W27,O60512,U1453,P52,2026-07-02 09:12:31,3,7675.89,1067.21,105.47,3952.88,23027.670000000002,21960.460000000003,Wallet,Completed
6d8e33e0-b1df-4841-8136-55253c666a33,2026_W27,O60513,U23633,P113,2026-07-02 19:06:53,1,5364.85,797.91,80.44,822.05,5364.85,4566.9400000000005,UPI,Completed
6d8e33e0-b1df-4841-8136-55253c666a33,2026_W27,O60514,U12956,P69,2026-06-30 21:24:40,2,4897.29,1009.87,141.51,1581.25,9794.58,8784.71,UPI,Completed
6d8e33e0-b1df-4841-8136-55253c666a33,2026_W27,O60515,U31729,P93,2026-06-30 12:02:26,1,5463.71,805.07,128.16,838.56,5463.71,4658.64,Credit Card,Completed
6d8e33e0-b1df-4841-8136-55253c666a33,2026_W27,O60516,U18456,P198,2026-07-04 09:31:35,4,4611.32,862.56,63.2,3164.89,18445.28,17582.719999999998,Wallet,Completed
6d8e33e0-b1df-4841-8136-55253c666a33,2026_W27,O60517,U7142,P76,2026-07-05 03:24:53,4,7097.72,3142.69,175.58,4544.67,28390.88,25248.190000000002,Credit Card,Completed
6d8e33e0-b1df-4841-8136-55253c666a33,2026_W27,O60518,U14602,P7,2026-07-05 06:07:22,3,9852.33,4423.69,178.6,4523.99,29556.989999999998,25133.3,Debit Card,Completed
6d8e33e0-b1df-4841-8136-55253c666a33,2026_W27,O60519,U12308,P114,2026-06-29 18:43:35,2,1980.84,314.24,166.21,656.54,3961.68,3647.4399999999996,Credit Card,Completed
6d8e33e0-b1df-4841-8136-55253c666a33,2026_W27,O60520,U15196,P66,2026-07-04 06:41:22,3,7809.87,2009.61,167.55,3855.6,23429.61,21420.0,UPI,Completed
6d8e33e0-b1df-4841-8136-55253c666a33,2026_W27,O60521,U28810,P17,2026-07-04 17:58:10,3,6241.42,1122.34,187.51,3168.35,18724.260000000002,17601.920000000002,Debit Card,Completed
6d8e33e0-b1df-4841-8136-55253c666a33,2026_W27,O60522,U26531,P5,2026-07-03 22:09:20,2,4886.67,126.7,178.73,1736.4,9773.34,9646.64,Credit Card,Completed
6d8e33e0-b1df-4841-8136-55253c666a33,2026_W27,O60523,U15502,P183,2026-06-29 14:23:04,4,4514.63,1280.57,56.31,3020.03,18058.52,16777.95,Wallet,Completed
6d8e33e0-b1df-4841-8136-55253c666a33,2026_W27,O60524,U32864,P126,2026-07-02 14:57:31,3,9456.09,203.08,123.37,5069.73,28368.27,28165.19,Credit Card,Completed
6d8e33e0-b1df-4841-8136-55253c666a33,2026_W27,O60525,U28806,P169,2026-06-29 11:42:32,2,10966.13,2022.05,92.67,3583.84,21932.26,19910.21,UPI,Completed
6d8e33e0-b1df-4841-8136-55253c666a33,2026_W27,O60526,U15984,P36,2026-06-30 17:52:29,3,6802.05,2893.19,142.9,3152.33,20406.15,17512.960000000003,Debit Card,Completed
6d8e33e0-b1df-4841-8136-55253c666a33,2026_W27,O60527,U20342,P118,2026-07-01 16:06:33,3,9270.95,2771.83,62.25,4507.38,27812.850000000002,25041.020000000004,Wallet,Completed
6d8e33e0-b1df-4841-8136-55253c666a33,2026_W27,O60528,U6538,P160,2026-07-01 14:48:44,2,5179.64,1218.93,113.63,1645.26,10359.28,9140.35,Debit Card,Completed
6d8e33e0-b1df-4841-8136-55253c666a33,2026_W27,O60529,U3336,P156,2026-06-30 18:30:34,1,2724.78,145.43,82.0,464.28,2724.78,2579.3500000000004,Credit Card,Completed
6d8e33e0-b1df-4841-8136-55253c666a33,2026_W27,O60530,U24366,P200,2026-06-30 22:20:45,4,4553.19,1175.43,148.41,3066.72,18212.76,17037.329999999998,Credit Card,Completed
6d8e33e0-b1df-4841-8136-55253c666a33,2026_W27,O60531,U3747,P156,2026-07-01 04:12:25,3,2724.78,422.68,90.43,1395.3,8174.34,7751.66,Wallet,Completed
6d8e33e0-b1df-4841-8136-55253c666a33,2026_W27,O60532,U22029,P9,2026-07-04 20:52:59,3,5229.72,785.16,51.07,2682.72,15689.16,14904.0,Wallet,Completed
6d8e33e0-b1df-4841-8136-55253c666a33,2026_W27,O60533,U32828,P118,2026-06-30 22:31:05,3,9270.95,127.29,192.76,4983.4,27812.850000000002,27685.56,Wallet,Completed
6d8e33e0-b1df-4841-8136-55253c666a33,2026_W27,O60534,U4334,P177,2026-07-03 20:47:13,3,9676.29,1962.44,57.19,4871.96,29028.870000000003,27066.430000000004,Debit Card,Completed
6d8e33e0-b1df-4841-8136-55253c666a33,2026_W27,O60535,U1661,P21,2026-06-30 04:54:44,4,7568.69,2970.88,96.17,4914.7,30274.76,27303.879999999997,UPI,Completed
6d8e33e0-b1df-4841-8136-55253c666a33,2026_W27,O60536,U1371,P41,2026-07-02 18:59:42,1,1959.52,98.99,150.56,334.9,1959.52,1860.53,UPI,Completed
6d8e33e0-b1df-4841-8136-55253c666a33,2026_W27,O60537,U34926,P139,2026-07-02 23:57:40,2,7373.8,786.27,160.85,2513.04,14747.6,13961.33,Wallet,Completed
6d8e33e0-b1df-4841-8136-55253c666a33,2026_W27,O60538,U30569,P141,2026-06-29 20:02:10,2,9271.32,351.68,173.97,3274.37,18542.64,18190.96,UPI,Completed
6d8e33e0-b1df-4841-8136-55253c666a33,2026_W27,O60539,U16596,P152,2026-07-04 02:19:55,4,5413.06,1099.87,156.53,3699.43,21652.24,20552.370000000003,Credit Card,Completed
6d8e33e0-b1df-4841-8136-55253c666a33,2026_W27,O60540,U28105,P185,2026-06-30 19:44:32,1,2854.87,163.53,146.16,484.44,2854.87,2691.3399999999997,Wallet,Completed
6d8e33e0-b1df-4841-8136-55253c666a33,2026_W27,O60541,U20839,P28,2026-06-30 02:44:19,3,4687.09,516.91,186.28,2437.98,14061.27,13544.36,Debit Card,Completed
6d8e33e0-b1df-4841-8136-55253c666a33,2026_W27,O60542,U13255,P161,2026-07-04 19:05:39,1,4439.61,618.18,153.13,687.86,4439.61,3821.43,Credit Card,Completed
6d8e33e0-b1df-4841-8136-55253c666a33,2026_W27,O60543,U25232,P50,2026-06-30 04:02:49,1,4043.15,232.94,119.71,685.84,4043.15,3810.21,Credit Card,Completed
6d8e33e0-b1df-4841-8136-55253c666a33,2026_W27,O60544,U4909,P121,2026-07-03 23:14:19,4,7793.76,357.66,110.46,5547.13,31175.04,30817.38,UPI,Completed
6d8e33e0-b1df-4841-8136-55253c666a33,2026_W27,O60545,U2545,P88,2026-07-05 03:32:17,4,11704.48,4982.6,159.97,7530.36,46817.92,41835.32,Wallet,Completed
6d8e33e0-b1df-4841-8136-55253c666a33,2026_W27,O60546,U24460,P45,2026-06-30 21:06:12,3,2342.15,172.21,133.57,1233.76,7026.450000000001,6854.240000000001,Debit Card,Completed
6d8e33e0-b1df-4841-8136-55253c666a33,2026_W27,O60547,U25740,P35,2026-06-30 10:48:43,1,10420.75,1539.23,150.33,1598.67,10420.75,8881.52,Debit Card,Completed
6d8e33e0-b1df-4841-8136-55253c666a33,2026_W27,O60548,U34456,P39,2026-07-04 08:47:55,2,10748.05,2343.16,65.22,3447.53,21496.1,19152.94,UPI,Completed
6d8e33e0-b1df-4841-8136-55253c666a33,2026_W27,O60549,U9275,P21,2026-06-30 09:03:38,1,7568.69,577.76,150.1,1258.37,7568.69,6990.929999999999,Debit Card,Completed
6d8e33e0-b1df-4841-8136-55253c666a33,2026_W27,O60550,U12926,P52,2026-07-03 20:14:21,2,7675.89,276.54,162.92,2713.54,15351.78,15075.24,Wallet,Completed
6d8e33e0-b1df-4841-8136-55253c666a33,2026_W27,O60551,U32482,P166,2026-07-03 18:36:51,2,4248.29,738.53,135.56,1396.45,8496.58,7758.05,Wallet,Completed
6d8e33e0-b1df-4841-8136-55253c666a33,2026_W27,O60552,U24934,P62,2026-07-02 21:40:55,4,8933.75,1887.68,73.59,6092.52,35735.0,33847.32,Wallet,Completed
6d8e33e0-b1df-4841-8136-55253c666a33,2026_W27,O60553,U9266,P200,2026-07-01 16:30:35,1,4553.19,353.27,109.14,755.99,4553.19,4199.92,Wallet,Completed
6d8e33e0-b1df-4841-8136-55253c666a33,2026_W27,O60554,U4082,P159,2026-07-04 00:06:51,3,5801.91,1920.07,128.01,2787.42,17405.73,15485.66,Debit Card,Completed
6d8e33e0-b1df-4841-8136-55253c666a33,2026_W27,O60555,U32445,P90,2026-07-05 05:50:53,1,4581.8,94.96,151.61,807.63,4581.8,4486.84,Wallet,Completed
6d8e33e0-b1df-4841-8136-55253c666a33,2026_W27,O60556,U6678,P57,2026-07-02 20:17:23,3,8411.78,2125.06,92.01,4159.85,25235.340000000004,23110.280000000002,Debit Card,Completed
6d8e33e0-b1df-4841-8136-55253c666a33,2026_W27,O60557,U20682,P13,2026-06-29 21:22:09,3,6638.24,1894.26,72.86,3243.68,19914.72,18020.460000000003,UPI,Completed
6d8e33e0-b1df-4841-8136-55253c666a33,2026_W27,O60558,U32128,P123,2026-07-03 06:22:23,4,11056.51,5773.32,104.44,6921.49,44226.04,38452.72,UPI,Completed
6d8e33e0-b1df-4841-8136-55253c666a33,2026_W27,O60559,U7792,P175,2026-06-29 10:19:13,3,3999.32,524.43,193.39,2065.24,11997.960000000001,11473.53,Credit Card,Completed
6d8e33e0-b1df-4841-8136-55253c666a33,2026_W27,O60560,U20549,P74,2026-07-01 10:26:38,3,6172.48,992.0,137.89,3154.58,18517.44,17525.44,UPI,Completed
6d8e33e0-b1df-4841-8136-55253c666a33,2026_W27,O60561,U122,P143,2026-07-01 00:46:20,4,7220.76,4038.82,77.19,4471.96,28883.04,24844.22,UPI,Completed
6d8e33e0-b1df-4841-8136-55253c666a33,2026_W27,O60562,U10120,P32,2026-06-29 11:11:10,3,4904.65,1340.98,162.52,2407.13,14713.949999999999,13372.97,Wallet,Completed
6d8e33e0-b1df-4841-8136-55253c666a33,2026_W27,O60563,U26443,P192,2026-07-04 08:46:55,1,11414.94,1481.46,133.43,1788.03,11414.94,9933.48,Credit Card,Completed
6d8e33e0-b1df-4841-8136-55253c666a33,2026_W27,O60564,U32718,P34,2026-06-30 16:32:42,1,3432.36,486.76,158.14,530.21,3432.36,2945.6000000000004,UPI,Completed
6d8e33e0-b1df-4841-8136-55253c666a33,2026_W27,O60565,U32007,P147,2026-06-30 04:31:14,3,4417.37,954.49,136.61,2213.57,13252.11,12297.62,Wallet,Completed
6d8e33e0-b1df-4841-8136-55253c666a33,2026_W27,O60566,U33897,P58,2026-06-29 19:16:04,3,2960.66,962.51,161.1,1425.5,8881.98,7919.469999999999,Debit Card,Completed
6d8e33e0-b1df-4841-8136-55253c666a33,2026_W27,O60567,U24905,P172,2026-07-01 05:54:34,3,7555.52,1428.66,136.77,3822.82,22666.56,21237.9,UPI,Completed
6d8e33e0-b1df-4841-8136-55253c666a33,2026_W27,O60568,U25672,P19,2026-06-30 11:49:00,4,5633.25,2875.64,56.89,3538.32,22533.0,19657.36,Credit Card,Completed
6d8e33e0-b1df-4841-8136-55253c666a33,2026_W27,O60569,U14694,P174,2026-07-02 19:01:49,3,2207.85,573.73,134.86,1088.97,6623.549999999999,6049.82,Debit Card,Completed
6d8e33e0-b1df-4841-8136-55253c666a33,2026_W27,O60570,U32240,P16,2026-07-05 01:34:59,1,3158.68,413.35,125.89,494.16,3158.68,2745.33,Debit Card,Completed
6d8e33e0-b1df-4841-8136-55253c666a33,2026_W27,O60571,U28938,P46,2026-07-01 01:35:54,3,2979.32,1122.78,170.57,1406.73,8937.960000000001,7815.180000000001,UPI,Completed
6d8e33e0-b1df-4841-8136-55253c666a33,2026_W27,O60572,U22745,P178,2026-07-02 17:39:25,1,7836.39,1025.07,167.11,1226.04,7836.39,6811.320000000001,UPI,Completed
6d8e33e0-b1df-4841-8136-55253c666a33,2026_W27,O60573,U27174,P78,2026-07-04 06:22:35,1,4536.03,316.92,62.97,759.44,4536.03,4219.11,Wallet,Completed
6d8e33e0-b1df-4841-8136-55253c666a33,2026_W27,O60574,U10571,P21,2026-06-29 19:00:57,2,7568.69,919.99,56.64,2559.13,15137.38,14217.39,Credit Card,Completed
6d8e33e0-b1df-4841-8136-55253c666a33,2026_W27,O60575,U33889,P171,2026-06-30 12:23:46,4,2305.74,710.41,199.67,1532.26,9222.96,8512.55,UPI,Completed
6d8e33e0-b1df-4841-8136-55253c666a33,2026_W27,O60576,U882,P47,2026-07-03 17:50:47,1,7084.59,828.31,153.07,1126.13,7084.59,6256.280000000001,UPI,Completed
6d8e33e0-b1df-4841-8136-55253c666a33,2026_W27,O60577,U722,P164,2026-06-30 14:51:47,3,4106.87,131.68,108.02,2194.01,12320.61,12188.93,UPI,Completed
6d8e33e0-b1df-4841-8136-55253c666a33,2026_W27,O60578,U18024,P10,2026-07-03 15:48:07,3,3822.68,754.22,192.88,1928.49,11468.039999999999,10713.82,Wallet,Completed
6d8e33e0-b1df-4841-8136-55253c666a33,2026_W27,O60579,U4967,P34,2026-06-29 09:21:11,4,3432.36,1694.99,131.28,2166.2,13729.44,12034.45,Wallet,Completed
6d8e33e0-b1df-4841-8136-55253c666a33,2026_W27,O60580,U12910,P155,2026-07-01 01:14:03,1,7895.96,788.74,84.92,1279.3,7895.96,7107.22,Credit Card,Completed
6d8e33e0-b1df-4841-8136-55253c666a33,2026_W27,O60581,U8944,P112,2026-07-01 10:30:21,4,7164.07,606.11,198.71,5049.03,28656.28,28050.17,Wallet,Completed
6d8e33e0-b1df-4841-8136-55253c666a33,2026_W27,O60582,U12993,P114,2026-07-04 23:28:36,3,1980.84,595.13,137.78,962.53,5942.5199999999995,5347.389999999999,Credit Card,Completed
6d8e33e0-b1df-4841-8136-55253c666a33,2026_W27,O60583,U17600,P183,2026-07-03 11:24:43,2,4514.63,290.96,152.14,1572.89,9029.26,8738.300000000001,Debit Card,Completed
6d8e33e0-b1df-4841-8136-55253c666a33,2026_W27,O60584,U34183,P149,2026-06-29 16:36:39,1,2710.59,272.26,188.23,438.9,2710.59,2438.33,Credit Card,Completed
6d8e33e0-b1df-4841-8136-55253c666a33,2026_W27,O60585,U12382,P121,2026-07-03 14:56:11,2,7793.76,891.36,137.44,2645.31,15587.52,14696.16,Wallet,Completed
6d8e33e0-b1df-4841-8136-55253c666a33,2026_W27,O60586,U11156,P118,2026-06-30 22:09:22,4,9270.95,1024.55,149.19,6490.66,37083.8,36059.25,UPI,Completed
6d8e33e0-b1df-4841-8136-55253c666a33,2026_W27,O60587,U19314,P139,2026-06-30 10:03:52,4,7373.8,1563.04,149.91,5027.79,29495.2,27932.16,UPI,Completed
6d8e33e0-b1df-4841-8136-55253c666a33,2026_W27,O60588,U28934,P177,2026-07-03 13:16:33,2,9676.29,111.84,83.77,3463.33,19352.58,19240.74,Credit Card,Completed
6d8e33e0-b1df-4841-8136-55253c666a33,2026_W27,O60589,U28961,P97,2026-07-04 04:24:54,2,6666.27,972.14,91.02,2224.87,13332.54,12360.400000000001,Credit Card,Completed
6d8e33e0-b1df-4841-8136-55253c666a33,2026_W27,O60590,U15157,P12,2026-06-30 12:22:49,4,6064.9,1142.37,150.22,4161.1,24259.6,23117.23,Wallet,Completed
6d8e33e0-b1df-4841-8136-55253c666a33,2026_W27,O60591,U32828,P194,2026-07-02 02:20:55,3,2286.6,577.89,137.92,1130.74,6859.799999999999,6281.909999999999,Debit Card,Completed
6d8e33e0-b1df-4841-8136-55253c666a33,2026_W27,O60592,U30765,P63,2026-07-04 11:55:53,2,9352.06,1821.75,119.1,3038.83,18704.12,16882.37,Wallet,Completed
6d8e33e0-b1df-4841-8136-55253c666a33,2026_W27,O60593,U9255,P20,2026-07-03 11:27:21,4,3016.27,1549.16,194.06,1892.87,12065.08,10515.92,Wallet,Completed
6d8e33e0-b1df-4841-8136-55253c666a33,2026_W27,O60594,U20574,P27,2026-06-30 10:37:10,2,8284.05,487.56,198.28,2894.5,16568.1,16080.539999999999,UPI,Completed
6d8e33e0-b1df-4841-8136-55253c666a33,2026_W27,O60595,U31847,P24,2026-06-29 20:12:07,1,4112.52,497.53,139.93,650.7,4112.52,3614.9900000000007,Wallet,Completed
6d8e33e0-b1df-4841-8136-55253c666a33,2026_W27,O60596,U11492,P191,2026-06-29 15:18:28,3,9506.3,2285.92,53.25,4721.94,28518.899999999998,26232.979999999996,UPI,Completed
6d8e33e0-b1df-4841-8136-55253c666a33,2026_W27,O60597,U7777,P63,2026-07-04 03:34:28,1,9352.06,539.8,158.13,1586.21,9352.06,8812.26,Wallet,Completed
6d8e33e0-b1df-4841-8136-55253c666a33,2026_W27,O60598,U15782,P46,2026-06-30 21:42:27,3,2979.32,399.04,54.95,1537.01,8937.960000000001,8538.92,Credit Card,Completed
6d8e33e0-b1df-4841-8136-55253c666a33,2026_W27,O60599,U32939,P186,2026-07-05 05:39:39,2,7480.33,1501.67,118.57,2422.62,14960.66,13458.99,Credit Card,Completed
6d8e33e0-b1df-4841-8136-55253c666a33,2026_W27,O60600,U7963,P78,2026-06-29 17:03:55,3,4536.03,1335.99,163.8,2208.98,13608.09,12272.1,UPI,Completed
6d8e33e0-b1df-4841-8136-55253c666a33,2026_W27,O60601,U20443,P81,2026-06-29 23:15:36,2,7402.77,1738.79,112.76,2352.02,14805.54,13066.75,Debit Card,Completed
6d8e33e0-b1df-4841-8136-55253c666a33,2026_W27,O60602,U32715,P116,2026-07-04 04:56:55,1,7151.55,813.91,161.1,1140.78,7151.55,6337.64,Debit Card,Completed
6d8e33e0-b1df-4841-8136-55253c666a33,2026_W27,O60603,U10073,P43,2026-07-03 03:58:07,3,8672.85,619.21,64.93,4571.88,26018.550000000003,25399.340000000004,UPI,Completed
6d8e33e0-b1df-4841-8136-55253c666a33,2026_W27,O60604,U14084,P73,2026-07-03 05:31:49,2,2904.91,845.35,53.09,893.6,5809.82,4964.469999999999,UPI,Completed
6d8e33e0-b1df-4841-8136-55253c666a33,2026_W27,O60605,U972,P146,2026-07-02 07:56:02,4,1678.25,709.44,147.21,1080.64,6713.0,6003.5599999999995,Debit Card,Completed
6d8e33e0-b1df-4841-8136-55253c666a33,2026_W27,O60606,U31422,P97,2026-07-03 20:47:02,4,6666.27,441.7,126.39,4720.21,26665.08,26223.38,Credit Card,Completed
6d8e33e0-b1df-4841-8136-55253c666a33,2026_W27,O60607,U20876,P176,2026-06-29 21:31:56,3,4894.11,1182.61,90.6,2429.95,14682.329999999998,13499.719999999998,UPI,Completed
6d8e33e0-b1df-4841-8136-55253c666a33,2026_W27,O60608,U18405,P72,2026-07-02 09:27:28,3,8298.72,3306.49,71.64,3886.14,24896.159999999996,21589.67,Wallet,Completed
6d8e33e0-b1df-4841-8136-55253c666a33,2026_W27,O60609,U31369,P96,2026-06-30 03:16:09,1,4818.25,568.03,132.8,765.04,4818.25,4250.22,Credit Card,Completed
6d8e33e0-b1df-4841-8136-55253c666a33,2026_W27,O60610,U11612,P56,2026-07-04 11:51:10,4,5764.47,1827.58,143.21,3821.45,23057.88,21230.300000000003,Wallet,Completed
6d8e33e0-b1df-4841-8136-55253c666a33,2026_W27,O60611,U10771,P54,2026-07-01 22:37:52,4,7277.34,3557.3,177.78,4599.37,29109.36,25552.06,Debit Card,Completed
6d8e33e0-b1df-4841-8136-55253c666a33,2026_W27,O60612,U13475,P198,2026-06-30 01:47:22,4,4611.32,1577.2,174.23,3036.25,18445.28,16868.079999999998,Wallet,Completed
6d8e33e0-b1df-4841-8136-55253c666a33,2026_W27,O60613,U21643,P8,2026-07-04 20:25:15,3,8837.46,2977.69,64.79,4236.24,26512.379999999997,23534.69,UPI,Completed
6d8e33e0-b1df-4841-8136-55253c666a33,2026_W27,O60614,U28562,P46,2026-07-02 06:49:53,3,2979.32,412.86,172.26,1534.52,8937.960000000001,8525.1,Debit Card,Completed
6d8e33e0-b1df-4841-8136-55253c666a33,2026_W27,O60615,U26159,P179,2026-06-29 13:44:36,4,4820.9,363.24,195.36,3405.66,19283.6,18920.359999999997,Credit Card,Completed
6d8e33e0-b1df-4841-8136-55253c666a33,2026_W27,O60616,U9879,P133,2026-06-30 08:12:44,1,10395.42,1103.45,121.38,1672.55,10395.42,9291.97,Credit Card,Completed
6d8e33e0-b1df-4841-8136-55253c666a33,2026_W27,O60617,U25556,P57,2026-06-30 13:28:33,1,8411.78,1047.33,195.21,1325.6,8411.78,7364.450000000001,UPI,Completed
6d8e33e0-b1df-4841-8136-55253c666a33,2026_W27,O60618,U32789,P198,2026-07-01 04:32:43,1,4611.32,415.22,172.11,755.3,4611.32,4196.099999999999,Wallet,Completed
6d8e33e0-b1df-4841-8136-55253c666a33,2026_W27,O60619,U23034,P87,2026-07-04 16:10:42,3,7207.16,1028.46,142.68,3706.74,21621.48,20593.02,UPI,Completed
6d8e33e0-b1df-4841-8136-55253c666a33,2026_W27,O60620,U10412,P98,2026-07-04 12:00:51,3,7289.76,535.11,68.33,3840.15,21869.28,21334.17,Wallet,Completed
6d8e33e0-b1df-4841-8136-55253c666a33,2026_W27,O60621,U15392,P183,2026-06-30 10:08:07,3,4514.63,970.15,169.23,2263.27,13543.89,12573.74,Debit Card,Completed
6d8e33e0-b1df-4841-8136-55253c666a33,2026_W27,O60622,U20934,P5,2026-07-04 01:39:34,1,4886.67,669.53,126.51,759.09,4886.67,4217.14,Debit Card,Completed
6d8e33e0-b1df-4841-8136-55253c666a33,2026_W27,O60623,U20310,P162,2026-06-29 22:00:25,4,7889.79,699.66,158.66,5554.71,31559.16,30859.5,UPI,Completed
6d8e33e0-b1df-4841-8136-55253c666a33,2026_W27,O60624,U465,P94,2026-07-04 09:51:43,1,5614.01,776.9,165.33,870.68,5614.01,4837.110000000001,Debit Card,Completed
6d8e33e0-b1df-4841-8136-55253c666a33,2026_W27,O60625,U14907,P7,2026-06-30 01:12:26,3,9852.33,1585.86,105.33,5034.8,29556.989999999998,27971.129999999997,Debit Card,Completed
6d8e33e0-b1df-4841-8136-55253c666a33,2026_W27,O60626,U25644,P199,2026-07-02 04:42:06,3,4054.66,420.93,91.64,2113.75,12163.98,11743.05,Wallet,Completed
6d8e33e0-b1df-4841-8136-55253c666a33,2026_W27,O60627,U16679,P107,2026-07-01 21:31:25,4,10380.65,530.51,186.85,7378.58,41522.6,40992.09,Debit Card,Completed
6d8e33e0-b1df-4841-8136-55253c666a33,2026_W27,O60628,U29936,P134,2026-06-30 00:50:09,2,3480.9,902.42,79.4,1090.69,6961.8,6059.38,Debit Card,Completed
6d8e33e0-b1df-4841-8136-55253c666a33,2026_W27,O60629,U10196,P140,2026-06-30 18:34:17,2,3100.99,27.6,64.5,1111.39,6201.98,6174.379999999999,Credit Card,Completed
6d8e33e0-b1df-4841-8136-55253c666a33,2026_W27,O60630,U24017,P44,2026-06-29 12:34:20,2,1407.86,176.32,152.13,475.09,2815.72,2639.3999999999996,Credit Card,Completed
6d8e33e0-b1df-4841-8136-55253c666a33,2026_W27,O60631,U23143,P17,2026-06-29 17:16:43,4,6241.42,1086.8,85.81,4298.2,24965.68,23878.88,Wallet,Completed
6d8e33e0-b1df-4841-8136-55253c666a33,2026_W27,O60632,U29633,P28,2026-07-02 08:43:50,2,4687.09,1230.68,76.39,1465.83,9374.18,8143.5,Wallet,Completed
6d8e33e0-b1df-4841-8136-55253c666a33,2026_W27,O60633,U31948,P22,2026-07-03 19:52:15,3,9175.57,3731.49,64.48,4283.14,27526.71,23795.22,Debit Card,Completed
6d8e33e0-b1df-4841-8136-55253c666a33,2026_W27,O60634,U18603,P68,2026-07-04 17:38:13,2,4352.35,1282.91,154.24,1335.92,8704.7,7421.790000000001,UPI,Completed
6d8e33e0-b1df-4841-8136-55253c666a33,2026_W27,O60635,U21330,P191,2026-07-04 01:58:04,3,9506.3,234.99,119.15,5091.1,28518.899999999998,28283.909999999996,Wallet,Completed
6d8e33e0-b1df-4841-8136-55253c666a33,2026_W27,O60636,U19820,P127,2026-07-01 14:04:07,3,4862.09,585.79,162.62,2520.09,14586.27,14000.48,Debit Card,Completed
6d8e33e0-b1df-4841-8136-55253c666a33,2026_W27,O60637,U31340,P153,2026-06-30 06:47:56,2,6806.07,1982.49,104.1,2093.34,13612.14,11629.65,Credit Card,Completed
6d8e33e0-b1df-4841-8136-55253c666a33,2026_W27,O60638,U5438,P47,2026-07-04 12:02:08,4,7084.59,929.74,171.11,4933.55,28338.36,27408.62,Credit Card,Completed
6d8e33e0-b1df-4841-8136-55253c666a33,2026_W27,O60639,U23969,P68,2026-06-30 05:33:40,2,4352.35,551.45,79.87,1467.58,8704.7,8153.250000000001,UPI,Completed
6d8e33e0-b1df-4841-8136-55253c666a33,2026_W27,O60640,U14653,P50,2026-06-30 01:17:53,1,4043.15,66.99,103.03,715.71,4043.15,3976.1600000000003,Wallet,Completed
6d8e33e0-b1df-4841-8136-55253c666a33,2026_W27,O60641,U11554,P200,2026-07-02 07:33:25,2,4553.19,47.65,171.07,1630.57,9106.38,9058.73,Wallet,Completed
6d8e33e0-b1df-4841-8136-55253c666a33,2026_W27,O60642,U26469,P69,2026-07-05 05:02:59,4,4897.29,893.45,120.75,3365.23,19589.16,18695.71,Debit Card,Completed
6d8e33e0-b1df-4841-8136-55253c666a33,2026_W27,O60643,U7704,P77,2026-07-04 02:28:17,1,5304.36,225.24,174.74,914.24,5304.36,5079.12,Debit Card,Completed
6d8e33e0-b1df-4841-8136-55253c666a33,2026_W27,O60644,U29006,P180,2026-07-01 04:46:57,2,2355.52,683.86,173.13,724.89,4711.04,4027.18,Wallet,Completed
6d8e33e0-b1df-4841-8136-55253c666a33,2026_W27,O60645,U13664,P179,2026-07-03 22:39:43,4,4820.9,1959.84,129.14,3118.28,19283.6,17323.76,Debit Card,Completed
6d8e33e0-b1df-4841-8136-55253c666a33,2026_W27,O60646,U10826,P143,2026-06-29 16:54:45,4,7220.76,3949.3,69.1,4488.07,28883.04,24933.74,Wallet,Completed
6d8e33e0-b1df-4841-8136-55253c666a33,2026_W27,O60647,U3000,P109,2026-07-04 09:42:40,4,8070.73,4810.57,149.22,4945.02,32282.92,27472.35,UPI,Completed
6d8e33e0-b1df-4841-8136-55253c666a33,2026_W27,O60648,U16105,P68,2026-07-04 08:15:55,1,4352.35,478.81,121.15,697.24,4352.35,3873.5400000000004,Debit Card,Completed
6d8e33e0-b1df-4841-8136-55253c666a33,2026_W27,O60649,U3455,P135,2026-07-04 16:04:22,1,5890.55,679.42,105.37,938.0,5890.55,5211.13,Debit Card,Completed
6d8e33e0-b1df-4841-8136-55253c666a33,2026_W27,O60650,U10120,P119,2026-06-30 15:40:08,3,9225.28,2299.21,127.9,4567.79,27675.840000000004,25376.630000000005,Wallet,Completed
6d8e33e0-b1df-4841-8136-55253c666a33,2026_W27,O60651,U21561,P153,2026-07-01 00:13:25,2,6806.07,653.95,76.47,2332.47,13612.14,12958.189999999999,UPI,Completed
6d8e33e0-b1df-4841-8136-55253c666a33,2026_W27,O60652,U28621,P9,2026-06-30 20:50:11,3,5229.72,926.25,166.42,2657.32,15689.16,14762.91,Debit Card,Completed
6d8e33e0-b1df-4841-8136-55253c666a33,2026_W27,O60653,U18915,P106,2026-07-03 20:02:12,4,7604.77,2552.32,50.72,5016.02,30419.08,27866.760000000002,UPI,Completed
6d8e33e0-b1df-4841-8136-55253c666a33,2026_W27,O60654,U29819,P29,2026-07-01 22:01:43,3,1618.44,557.15,192.8,773.67,4855.32,4298.17,Debit Card,Completed
6d8e33e0-b1df-4841-8136-55253c666a33,2026_W27,O60655,U15168,P58,2026-07-02 11:32:57,2,2960.66,733.08,170.12,933.88,5921.32,5188.24,UPI,Completed
6d8e33e0-b1df-4841-8136-55253c666a33,2026_W27,O60656,U126,P155,2026-07-05 02:21:48,3,7895.96,2443.11,140.5,3824.06,23687.88,21244.77,Credit Card,Completed
6d8e33e0-b1df-4841-8136-55253c666a33,2026_W27,O60657,U13468,P180,2026-06-30 11:55:42,1,2355.52,119.26,153.71,402.53,2355.52,2236.2599999999998,Debit Card,Completed
6d8e33e0-b1df-4841-8136-55253c666a33,2026_W27,O60658,U24975,P115,2026-07-04 02:56:15,4,10677.61,5892.73,125.51,6627.19,42710.44,36817.71000000001,Credit Card,Completed
6d8e33e0-b1df-4841-8136-55253c666a33,2026_W27,O60659,U33242,P140,2026-07-03 02:02:21,1,3100.99,381.97,134.93,489.42,3100.99,2719.0199999999995,Debit Card,Completed
6d8e33e0-b1df-4841-8136-55253c666a33,2026_W27,O60660,U24806,P171,2026-07-02 23:31:57,1,2305.74,230.03,75.58,373.63,2305.74,2075.7099999999996,Debit Card,Completed
6d8e33e0-b1df-4841-8136-55253c666a33,2026_W27,O60661,U7091,P49,2026-07-03 19:41:08,2,8208.46,1126.49,144.5,2752.28,16416.92,15290.429999999998,Credit Card,Completed
6d8e33e0-b1df-4841-8136-55253c666a33,2026_W27,O60662,U22700,P106,2026-07-01 17:25:42,3,7604.77,779.22,148.79,3966.32,22814.31,22035.09,Debit Card,Completed
6d8e33e0-b1df-4841-8136-55253c666a33,2026_W27,O60663,U22205,P140,2026-07-01 23:48:48,1,3100.99,226.29,196.91,517.45,3100.99,2874.7,UPI,Completed
6d8e33e0-b1df-4841-8136-55253c666a33,2026_W27,O60664,U29258,P29,2026-07-03 21:01:34,2,1618.44,438.42,173.77,503.72,3236.88,2798.46,UPI,Completed
6d8e33e0-b1df-4841-8136-55253c666a33,2026_W27,O60665,U27788,P24,2026-07-04 21:19:32,4,4112.52,381.58,106.57,2892.33,16450.08,16068.500000000002,Wallet,Completed
6d8e33e0-b1df-4841-8136-55253c666a33,2026_W27,O60666,U14199,P157,2026-06-30 15:57:04,1,6934.8,786.73,182.49,1106.65,6934.8,6148.07,Wallet,Completed
6d8e33e0-b1df-4841-8136-55253c666a33,2026_W27,O60667,U2371,P117,2026-07-05 05:31:41,4,1818.08,10.04,130.87,1307.21,7272.32,7262.28,UPI,Completed
6d8e33e0-b1df-4841-8136-55253c666a33,2026_W27,O60668,U13778,P168,2026-07-05 02:28:12,1,6037.57,28.34,69.9,1081.66,6037.57,6009.23,Credit Card,Completed
6d8e33e0-b1df-4841-8136-55253c666a33,2026_W27,O60669,U34450,P1,2026-07-03 17:40:48,1,8041.29,1192.41,148.79,1232.8,8041.29,6848.88,Wallet,Completed
6d8e33e0-b1df-4841-8136-55253c666a33,2026_W27,O60670,U12780,P5,2026-07-01 17:17:09,1,4886.67,431.81,153.5,801.87,4886.67,4454.86,Wallet,Completed
6d8e33e0-b1df-4841-8136-55253c666a33,2026_W27,O60671,U339,P102,2026-07-04 09:09:05,3,3685.81,408.22,72.05,1916.86,11057.43,10649.210000000001,Credit Card,Completed
6d8e33e0-b1df-4841-8136-55253c666a33,2026_W27,O60672,U8826,P33,2026-06-30 18:29:13,4,5573.38,2572.2,110.52,3549.84,22293.52,19721.32,Credit Card,Completed
6d8e33e0-b1df-4841-8136-55253c666a33,2026_W27,O60673,U6466,P124,2026-07-02 13:20:46,2,5965.84,219.12,87.94,2108.26,11931.68,11712.56,Debit Card,Completed
6d8e33e0-b1df-4841-8136-55253c666a33,2026_W27,O60674,U33192,P55,2026-06-30 09:52:04,4,4472.32,752.02,184.7,3084.71,17889.28,17137.26,Wallet,Completed
6d8e33e0-b1df-4841-8136-55253c666a33,2026_W27,O60675,U9266,P144,2026-07-01 09:47:35,1,4498.08,609.58,188.32,699.93,4498.08,3888.5,UPI,Completed
6d8e33e0-b1df-4841-8136-55253c666a33,2026_W27,O60676,U16550,P70,2026-07-02 14:52:20,4,2270.0,1246.69,68.27,1410.0,9080.0,7833.3099999999995,Wallet,Completed
6d8e33e0-b1df-4841-8136-55253c666a33,2026_W27,O60677,U7724,P188,2026-06-30 12:46:01,2,2967.62,257.72,171.7,1021.95,5935.24,5677.5199999999995,Credit Card,Completed
6d8e33e0-b1df-4841-8136-55253c666a33,2026_W27,O60678,U27724,P180,2026-07-02 03:22:24,2,2355.52,637.1,55.27,733.31,4711.04,4073.94,Wallet,Completed
6d8e33e0-b1df-4841-8136-55253c666a33,2026_W27,O60679,U14142,P64,2026-07-03 05:14:28,2,3844.36,801.22,100.48,1239.75,7688.72,6887.5,Wallet,Completed
6d8e33e0-b1df-4841-8136-55253c666a33,2026_W27,O60680,U4301,P4,2026-07-03 20:11:20,2,2545.35,700.14,157.14,790.3,5090.7,4390.5599999999995,Debit Card,Completed
6d8e33e0-b1df-4841-8136-55253c666a33,2026_W27,O60681,U9266,P40,2026-07-01 02:13:31,4,7370.62,1295.57,68.64,5073.64,29482.48,28186.91,Debit Card,Completed
6d8e33e0-b1df-4841-8136-55253c666a33,2026_W27,O60682,U13906,P100,2026-07-01 14:20:49,4,1750.2,213.81,173.04,1221.66,7000.8,6786.99,Wallet,Completed
6d8e33e0-b1df-4841-8136-55253c666a33,2026_W27,O60683,U24117,P126,2026-07-05 01:10:43,2,9456.09,640.95,59.13,3288.82,18912.18,18271.23,Debit Card,Completed
6d8e33e0-b1df-4841-8136-55253c666a33,2026_W27,O60684,U33860,P88,2026-07-03 03:28:39,1,11704.48,889.66,121.18,1946.67,11704.48,10814.82,Wallet,Completed
6d8e33e0-b1df-4841-8136-55253c666a33,2026_W27,O60685,U9267,P7,2026-07-04 04:36:47,2,9852.33,1662.72,91.79,3247.55,19704.66,18041.94,Debit Card,Completed
6d8e33e0-b1df-4841-8136-55253c666a33,2026_W27,O60686,U21683,P178,2026-06-29 21:01:01,4,7836.39,1986.07,143.89,5284.71,31345.56,29359.49,UPI,Completed
6d8e33e0-b1df-4841-8136-55253c666a33,2026_W27,O60687,U18982,P40,2026-07-03 20:00:41,4,7370.62,3645.19,105.62,4650.71,29482.48,25837.29,Debit Card,Completed
6d8e33e0-b1df-4841-8136-55253c666a33,2026_W27,O60688,U9499,P11,2026-07-05 04:06:44,2,7598.14,744.49,114.92,2601.32,15196.28,14451.79,Debit Card,Completed
6d8e33e0-b1df-4841-8136-55253c666a33,2026_W27,O60689,U34322,P46,2026-06-29 16:04:29,3,2979.32,582.56,61.01,1503.97,8937.960000000001,8355.400000000001,UPI,Completed
6d8e33e0-b1df-4841-8136-55253c666a33,2026_W27,O60690,U22458,P119,2026-07-01 03:10:39,2,9225.28,1787.52,124.89,2999.35,18450.56,16663.04,Wallet,Completed
6d8e33e0-b1df-4841-8136-55253c666a33,2026_W27,O60691,U11533,P66,2026-07-02 05:37:51,3,7809.87,521.49,97.46,4123.46,23429.61,22908.12,Credit Card,Completed
6d8e33e0-b1df-4841-8136-55253c666a33,2026_W27,O60692,U14170,P124,2026-07-02 15:44:17,2,5965.84,1721.73,98.83,1837.79,11931.68,10209.95,Wallet,Completed
6d8e33e0-b1df-4841-8136-55253c666a33,2026_W27,O60693,U23188,P17,2026-07-01 03:35:08,1,6241.42,378.99,183.49,1055.24,6241.42,5862.43,Credit Card,Completed
6d8e33e0-b1df-4841-8136-55253c666a33,2026_W27,O60694,U23081,P102,2026-06-30 12:45:55,2,3685.81,238.98,176.63,1283.88,7371.62,7132.64,UPI,Completed
6d8e33e0-b1df-4841-8136-55253c666a33,2026_W27,O60695,U25794,P153,2026-07-01 20:25:49,2,6806.07,1365.65,194.84,2204.37,13612.14,12246.49,Debit Card,Completed
6d8e33e0-b1df-4841-8136-55253c666a33,2026_W27,O60696,U14197,P178,2026-07-02 18:52:05,3,7836.39,3026.42,168.76,3686.9,23509.170000000002,20482.75,UPI,Completed
6d8e33e0-b1df-4841-8136-55253c666a33,2026_W27,O60697,U13805,P132,2026-06-30 08:23:30,4,6975.87,2711.06,160.89,4534.64,27903.48,25192.42,Credit Card,Completed
6d8e33e0-b1df-4841-8136-55253c666a33,2026_W27,O60698,U8472,P81,2026-07-04 15:35:15,2,7402.77,1315.3,132.48,2428.24,14805.54,13490.240000000002,Wallet,Completed
6d8e33e0-b1df-4841-8136-55253c666a33,2026_W27,O60699,U12752,P109,2026-06-29 13:37:46,1,8070.73,242.72,129.74,1409.04,8070.73,7828.009999999999,UPI,Completed
6d8e33e0-b1df-4841-8136-55253c666a33,2026_W27,O60700,U5400,P136,2026-07-04 08:08:26,1,10500.45,619.43,137.34,1778.58,10500.45,9881.02,Credit Card,Completed
6d8e33e0-b1df-4841-8136-55253c666a33,2026_W27,O60701,U8872,P7,2026-07-04 01:31:11,4,9852.33,3504.5,144.09,6462.87,39409.32,35904.82,Debit Card,Completed
6d8e33e0-b1df-4841-8136-55253c666a33,2026_W27,O60702,U20888,P70,2026-07-01 12:43:28,4,2270.0,339.17,107.47,1573.35,9080.0,8740.83,Wallet,Completed
6d8e33e0-b1df-4841-8136-55253c666a33,2026_W27,O60703,U19787,P2,2026-06-30 07:52:02,3,4823.44,1692.68,170.98,2299.98,14470.32,12777.64,UPI,Completed
6d8e33e0-b1df-4841-8136-55253c666a33,2026_W27,O60704,U21435,P114,2026-07-03 15:04:13,4,1980.84,926.58,95.15,1259.42,7923.36,6996.78,Debit Card,Completed
6d8e33e0-b1df-4841-8136-55253c666a33,2026_W27,O60705,U321,P53,2026-06-29 18:18:06,1,5893.03,487.69,189.97,972.96,5893.03,5405.34,Debit Card,Completed
6d8e33e0-b1df-4841-8136-55253c666a33,2026_W27,O60706,U9284,P105,2026-07-02 23:44:35,4,7230.61,979.46,92.38,5029.74,28922.44,27942.98,Wallet,Completed
6d8e33e0-b1df-4841-8136-55253c666a33,2026_W27,O60707,U7584,P13,2026-07-04 01:03:26,4,6638.24,1743.73,82.12,4465.66,26552.96,24809.23,UPI,Completed
6d8e33e0-b1df-4841-8136-55253c666a33,2026_W27,O60708,U24679,P114,2026-07-01 23:26:01,4,1980.84,1053.31,146.34,1236.61,7923.36,6870.049999999999,UPI,Completed
6d8e33e0-b1df-4841-8136-55253c666a33,2026_W27,O60709,U5157,P139,2026-07-04 23:06:10,3,7373.8,1789.38,133.57,3659.76,22121.4,20332.02,Credit Card,Completed
6d8e33e0-b1df-4841-8136-55253c666a33,2026_W27,O60710,U19143,P45,2026-07-01 08:03:36,1,2342.15,320.38,91.17,363.92,2342.15,2021.77,UPI,Completed
6d8e33e0-b1df-4841-8136-55253c666a33,2026_W27,O60711,U26698,P34,2026-06-29 22:25:34,2,3432.36,871.04,164.93,1078.86,6864.72,5993.68,Debit Card,Completed
6d8e33e0-b1df-4841-8136-55253c666a33,2026_W27,O60712,U25559,P104,2026-07-01 06:37:08,2,7848.2,1172.28,190.63,2614.34,15696.4,14524.119999999999,Wallet,Completed
6d8e33e0-b1df-4841-8136-55253c666a33,2026_W27,O60713,U26637,P7,2026-07-03 07:08:17,1,9852.33,512.91,76.65,1681.1,9852.33,9339.42,Credit Card,Completed
6d8e33e0-b1df-4841-8136-55253c666a33,2026_W27,O60714,U26902,P156,2026-06-29 23:54:57,2,2724.78,726.6,117.41,850.13,5449.56,4722.96,Debit Card,Completed
6d8e33e0-b1df-4841-8136-55253c666a33,2026_W27,O60715,U628,P28,2026-07-02 03:11:12,4,4687.09,630.64,116.99,3261.19,18748.36,18117.72,Wallet,Completed
6d8e33e0-b1df-4841-8136-55253c666a33,2026_W27,O60716,U30299,P57,2026-06-29 12:17:25,2,8411.78,2227.25,83.76,2627.34,16823.56,14596.310000000001,Debit Card,Completed
6d8e33e0-b1df-4841-8136-55253c666a33,2026_W27,O60717,U6716,P140,2026-07-02 05:14:43,3,3100.99,39.65,63.97,1667.4,9302.97,9263.32,Debit Card,Completed
6d8e33e0-b1df-4841-8136-55253c666a33,2026_W27,O60718,U21176,P96,2026-07-04 08:01:37,4,4818.25,1674.14,173.0,3167.79,19273.0,17598.86,Credit Card,Completed
6d8e33e0-b1df-4841-8136-55253c666a33,2026_W27,O60719,U5130,P140,2026-07-01 00:13:18,3,3100.99,384.24,128.72,1605.37,9302.97,8918.73,Wallet,Completed
6d8e33e0-b1df-4841-8136-55253c666a33,2026_W27,O60720,U2945,P186,2026-07-04 12:31:26,3,7480.33,3311.0,196.38,3443.4,22440.989999999998,19129.989999999998,Wallet,Completed
6d8e33e0-b1df-4841-8136-55253c666a33,2026_W27,O60721,U32874,P145,2026-07-03 22:25:09,4,6190.5,3593.48,180.99,3810.33,24762.0,21168.52,UPI,Completed
6d8e33e0-b1df-4841-8136-55253c666a33,2026_W27,O60722,U21931,P161,2026-07-01 22:39:51,2,4439.61,934.25,199.81,1430.09,8879.22,7944.969999999999,Credit Card,Completed
6d8e33e0-b1df-4841-8136-55253c666a33,2026_W27,O60723,U31104,P40,2026-07-02 06:05:03,3,7370.62,244.41,194.27,3936.14,22111.86,21867.45,Wallet,Completed
6d8e33e0-b1df-4841-8136-55253c666a33,2026_W27,O60724,U10417,P109,2026-06-29 17:50:06,2,8070.73,2379.19,52.4,2477.21,16141.46,13762.269999999999,Credit Card,Completed
6d8e33e0-b1df-4841-8136-55253c666a33,2026_W27,O60725,U27463,P179,2026-07-04 10:42:49,2,4820.9,1008.62,59.95,1553.97,9641.8,8633.179999999998,Wallet,Completed
6d8e33e0-b1df-4841-8136-55253c666a33,2026_W27,O60726,U11059,P11,2026-07-04 11:58:54,3,7598.14,194.94,189.11,4067.91,22794.420000000002,22599.480000000003,Debit Card,Completed
6d8e33e0-b1df-4841-8136-55253c666a33,2026_W27,O60727,U16823,P12,2026-06-30 13:10:09,3,6064.9,816.25,136.57,3128.12,18194.699999999997,17378.449999999997,UPI,Completed
6d8e33e0-b1df-4841-8136-55253c666a33,2026_W27,O60728,U5094,P122,2026-06-30 11:56:13,4,9537.16,4270.96,86.75,6097.98,38148.64,33877.68,Wallet,Completed
6d8e33e0-b1df-4841-8136-55253c666a33,2026_W27,O60729,U8611,P18,2026-07-02 12:29:51,1,3465.55,512.41,105.06,531.57,3465.55,2953.1400000000003,UPI,Completed
6d8e33e0-b1df-4841-8136-55253c666a33,2026_W27,O60730,U6020,P138,2026-07-03 11:53:40,3,6625.4,609.18,183.17,3468.06,19876.199999999997,19267.019999999997,Debit Card,Completed
6d8e33e0-b1df-4841-8136-55253c666a33,2026_W27,O60731,U5481,P23,2026-07-02 05:44:43,2,7426.47,1710.14,113.93,2365.7,14852.94,13142.800000000001,UPI,Completed
6d8e33e0-b1df-4841-8136-55253c666a33,2026_W27,O60732,U28015,P60,2026-06-30 04:58:40,2,3368.43,433.81,173.35,1134.55,6736.86,6303.049999999999,Wallet,Completed
6d8e33e0-b1df-4841-8136-55253c666a33,2026_W27,O60733,U25132,P103,2026-06-30 09:52:44,4,2762.4,67.96,60.99,1976.7,11049.6,10981.640000000001,Credit Card,Completed
6d8e33e0-b1df-4841-8136-55253c666a33,2026_W27,O60734,U7165,P184,2026-07-01 13:15:03,4,2360.41,769.34,64.22,1561.01,9441.64,8672.3,Wallet,Completed
6d8e33e0-b1df-4841-8136-55253c666a33,2026_W27,O60735,U34032,P123,2026-06-30 09:16:48,1,11056.51,1396.55,147.04,1738.79,11056.51,9659.960000000001,UPI,Completed
6d8e33e0-b1df-4841-8136-55253c666a33,2026_W27,O60736,U8377,P44,2026-07-05 08:30:28,2,1407.86,13.48,79.95,504.4,2815.72,2802.24,Debit Card,Completed
6d8e33e0-b1df-4841-8136-55253c666a33,2026_W27,O60737,U26551,P129,2026-07-05 04:24:20,4,10030.81,964.75,184.22,7048.53,40123.24,39158.49,Debit Card,Completed
6d8e33e0-b1df-4841-8136-55253c666a33,2026_W27,O60738,U28933,P142,2026-06-30 11:45:23,4,9238.71,733.63,147.48,6519.82,36954.84,36221.21,UPI,Completed
6d8e33e0-b1df-4841-8136-55253c666a33,2026_W27,O60739,U22793,P36,2026-07-03 23:20:39,1,6802.05,504.25,171.73,1133.6,6802.05,6297.8,Credit Card,Completed
6d8e33e0-b1df-4841-8136-55253c666a33,2026_W27,O60740,U5157,P44,2026-07-05 00:10:37,4,1407.86,635.9,86.69,899.2,5631.44,4995.54,Debit Card,Completed
6d8e33e0-b1df-4841-8136-55253c666a33,2026_W27,O60741,U9858,P26,2026-07-01 06:40:15,3,5113.55,1437.97,142.42,2502.48,15340.650000000001,13902.680000000002,Debit Card,Completed
6d8e33e0-b1df-4841-8136-55253c666a33,2026_W27,O60742,U15708,P15,2026-06-30 20:45:36,4,3230.88,320.4,129.19,2268.56,12923.52,12603.12,Credit Card,Completed
6d8e33e0-b1df-4841-8136-55253c666a33,2026_W27,O60743,U26199,P91,2026-07-04 22:28:26,1,7800.01,361.41,93.68,1338.95,7800.01,7438.6,Credit Card,Completed
6d8e33e0-b1df-4841-8136-55253c666a33,2026_W27,O60744,U5977,P44,2026-07-04 07:06:58,4,1407.86,235.66,173.26,971.24,5631.44,5395.78,Credit Card,Completed
6d8e33e0-b1df-4841-8136-55253c666a33,2026_W27,O60745,U2775,P86,2026-07-02 00:53:19,4,9877.51,4666.21,156.9,6271.89,39510.04,34843.83,Credit Card,Completed
6d8e33e0-b1df-4841-8136-55253c666a33,2026_W27,O60746,U33524,P182,2026-06-30 20:51:58,1,4946.93,7.28,166.46,889.14,4946.93,4939.650000000001,UPI,Completed
6d8e33e0-b1df-4841-8136-55253c666a33,2026_W27,O60747,U27656,P137,2026-07-01 06:29:05,1,2618.72,52.54,198.73,461.91,2618.72,2566.18,UPI,Completed
6d8e33e0-b1df-4841-8136-55253c666a33,2026_W27,O60748,U8422,P117,2026-06-30 23:34:36,2,1818.08,28.49,103.15,649.38,3636.16,3607.67,Wallet,Completed
6d8e33e0-b1df-4841-8136-55253c666a33,2026_W27,O60749,U6489,P20,2026-07-01 21:34:23,4,3016.27,219.2,77.32,2132.26,12065.08,11845.88,Credit Card,Completed
6d8e33e0-b1df-4841-8136-55253c666a33,2026_W27,O60750,U12258,P69,2026-07-02 08:21:42,3,4897.29,1806.31,61.31,2319.4,14691.869999999999,12885.56,Debit Card,Completed
6d8e33e0-b1df-4841-8136-55253c666a33,2026_W27,O60751,U16971,P117,2026-07-04 18:56:16,3,1818.08,797.56,120.31,838.2,5454.24,4656.68,Wallet,Completed
6d8e33e0-b1df-4841-8136-55253c666a33,2026_W27,O60752,U33445,P156,2026-07-03 00:46:16,2,2724.78,154.69,199.57,953.08,5449.56,5294.870000000001,Wallet,Completed
6d8e33e0-b1df-4841-8136-55253c666a33,2026_W27,O60753,U28879,P131,2026-06-30 05:34:07,3,6362.71,1089.31,126.7,3239.79,19088.13,17998.82,UPI,Completed
6d8e33e0-b1df-4841-8136-55253c666a33,2026_W27,O60754,U19881,P136,2026-07-01 08:05:44,3,10500.45,1178.38,76.9,5458.13,31501.350000000002,30322.97,Wallet,Completed
6d8e33e0-b1df-4841-8136-55253c666a33,2026_W27,O60755,U20051,P169,2026-07-02 02:13:45,4,10966.13,4504.17,135.15,7084.86,43864.52,39360.35,Wallet,Completed
6d8e33e0-b1df-4841-8136-55253c666a33,2026_W27,O60756,U34322,P111,2026-07-04 00:46:37,1,7719.79,495.44,143.75,1300.38,7719.79,7224.35,Wallet,Completed
6d8e33e0-b1df-4841-8136-55253c666a33,2026_W27,O60757,U6547,P65,2026-07-02 15:53:41,3,7295.29,595.92,167.91,3832.19,21885.87,21289.95,Credit Card,Completed
6d8e33e0-b1df-4841-8136-55253c666a33,2026_W27,O60758,U17689,P94,2026-07-04 16:37:09,4,5614.01,61.84,143.39,4030.96,22456.04,22394.2,UPI,Completed
6d8e33e0-b1df-4841-8136-55253c666a33,2026_W27,O60759,U22444,P76,2026-07-05 05:59:08,4,7097.72,3441.68,54.94,4490.86,28390.88,24949.2,UPI,Completed
6d8e33e0-b1df-4841-8136-55253c666a33,2026_W27,O60760,U19206,P12,2026-07-04 06:36:46,3,6064.9,101.04,76.88,3256.86,18194.699999999997,18093.659999999996,Debit Card,Completed
6d8e33e0-b1df-4841-8136-55253c666a33,2026_W27,O60761,U21403,P43,2026-07-01 13:11:56,1,8672.85,582.35,197.58,1456.29,8672.85,8090.5,Credit Card,Completed
6d8e33e0-b1df-4841-8136-55253c666a33,2026_W27,O60762,U29212,P49,2026-07-04 07:43:07,1,8208.46,678.57,79.72,1355.38,8208.46,7529.889999999999,Debit Card,Completed
6d8e33e0-b1df-4841-8136-55253c666a33,2026_W27,O60763,U13835,P153,2026-07-05 08:46:30,2,6806.07,811.81,140.19,2304.06,13612.14,12800.33,Wallet,Completed
6d8e33e0-b1df-4841-8136-55253c666a33,2026_W27,O60764,U25233,P86,2026-07-02 21:16:49,3,9877.51,3341.51,92.77,4732.38,29632.53,26291.019999999997,Wallet,Completed
6d8e33e0-b1df-4841-8136-55253c666a33,2026_W27,O60765,U15679,P84,2026-07-04 09:17:22,2,6489.78,1253.29,61.03,2110.73,12979.56,11726.27,Wallet,Completed
6d8e33e0-b1df-4841-8136-55253c666a33,2026_W27,O60766,U7259,P101,2026-07-04 09:49:24,4,8924.96,4280.51,153.53,5655.48,35699.84,31419.329999999994,UPI,Completed
6d8e33e0-b1df-4841-8136-55253c666a33,2026_W27,O60767,U15581,P111,2026-07-01 19:19:58,2,7719.79,112.3,136.5,2758.91,15439.58,15327.28,Wallet,Completed
6d8e33e0-b1df-4841-8136-55253c666a33,2026_W27,O60768,U1817,P20,2026-07-04 05:34:54,2,3016.27,150.14,188.68,1058.83,6032.54,5882.4,Wallet,Completed
6d8e33e0-b1df-4841-8136-55253c666a33,2026_W27,O60769,U1574,P80,2026-06-29 19:09:50,4,6276.46,1430.06,116.06,4261.64,25105.84,23675.78,Credit Card,Completed
6d8e33e0-b1df-4841-8136-55253c666a33,2026_W27,O60770,U18087,P12,2026-06-29 09:29:22,4,6064.9,2407.57,106.64,3933.37,24259.6,21852.03,Wallet,Completed
6d8e33e0-b1df-4841-8136-55253c666a33,2026_W27,O60771,U16855,P104,2026-07-04 10:07:07,3,7848.2,2157.8,188.84,3849.62,23544.6,21386.8,Credit Card,Completed
6d8e33e0-b1df-4841-8136-55253c666a33,2026_W27,O60772,U32992,P103,2026-07-02 16:34:02,1,2762.4,308.78,61.22,441.65,2762.4,2453.62,Wallet,Completed
6d8e33e0-b1df-4841-8136-55253c666a33,2026_W27,O60773,U2566,P165,2026-07-03 02:45:22,2,4483.27,144.06,135.14,1588.05,8966.54,8822.480000000001,Wallet,Completed
6d8e33e0-b1df-4841-8136-55253c666a33,2026_W27,O60774,U33110,P148,2026-06-29 21:20:18,2,1578.46,203.74,140.33,531.57,3156.92,2953.1800000000003,Debit Card,Completed
6d8e33e0-b1df-4841-8136-55253c666a33,2026_W27,O60775,U20727,P110,2026-07-03 09:31:22,2,8883.32,2300.99,166.56,2783.82,17766.64,15465.65,Credit Card,Completed
6d8e33e0-b1df-4841-8136-55253c666a33,2026_W27,O60776,U7803,P36,2026-07-02 10:55:00,1,6802.05,783.54,75.35,1083.33,6802.05,6018.51,Credit Card,Completed
6d8e33e0-b1df-4841-8136-55253c666a33,2026_W27,O60777,U22343,P197,2026-07-05 01:34:36,4,10992.71,3893.81,115.41,7213.87,43970.84,40077.03,UPI,Completed
6d8e33e0-b1df-4841-8136-55253c666a33,2026_W27,O60778,U18467,P105,2026-07-04 22:39:24,3,7230.61,122.46,139.71,3882.49,21691.829999999998,21569.37,Wallet,Completed
6d8e33e0-b1df-4841-8136-55253c666a33,2026_W27,O60779,U32335,P169,2026-07-04 19:16:20,1,10966.13,1151.77,85.26,1766.58,10966.13,9814.359999999999,UPI,Completed
6d8e33e0-b1df-4841-8136-55253c666a33,2026_W27,O60780,U15809,P126,2026-07-05 06:03:17,4,9456.09,5345.35,145.21,5846.22,37824.36,32479.010000000002,Credit Card,Completed
6d8e33e0-b1df-4841-8136-55253c666a33,2026_W27,O60781,U25541,P55,2026-07-04 21:32:25,4,4472.32,1037.89,100.88,3033.25,17889.28,16851.39,Debit Card,Completed
6d8e33e0-b1df-4841-8136-55253c666a33,2026_W27,O60782,U6261,P121,2026-07-04 07:36:39,3,7793.76,1203.94,191.65,3991.92,23381.28,22177.34,UPI,Completed
6d8e33e0-b1df-4841-8136-55253c666a33,2026_W27,O60783,U23524,P111,2026-06-29 15:58:05,3,7719.79,1056.85,92.34,3978.45,23159.37,22102.52,Debit Card,Completed
6d8e33e0-b1df-4841-8136-55253c666a33,2026_W27,O60784,U5141,P167,2026-07-04 00:19:17,2,5498.71,575.59,97.98,1875.93,10997.42,10421.83,UPI,Completed
6d8e33e0-b1df-4841-8136-55253c666a33,2026_W27,O60785,U19058,P115,2026-07-03 10:13:16,1,10677.61,901.31,74.02,1759.73,10677.61,9776.300000000001,Debit Card,Completed
6d8e33e0-b1df-4841-8136-55253c666a33,2026_W27,O60786,U2793,P165,2026-06-30 20:27:45,4,4483.27,193.87,66.41,3193.06,17933.08,17739.210000000003,Credit Card,Completed
6d8e33e0-b1df-4841-8136-55253c666a33,2026_W27,O60787,U9463,P37,2026-07-04 09:36:12,2,4162.63,1230.64,128.9,1277.03,8325.26,7094.62,Debit Card,Completed
6d8e33e0-b1df-4841-8136-55253c666a33,2026_W27,O60788,U15184,P34,2026-06-30 04:53:21,1,3432.36,322.88,75.19,559.71,3432.36,3109.48,UPI,Completed
6d8e33e0-b1df-4841-8136-55253c666a33,2026_W27,O60789,U24073,P165,2026-07-02 12:31:10,3,4483.27,216.56,53.34,2381.98,13449.810000000001,13233.250000000002,Credit Card,Completed
6d8e33e0-b1df-4841-8136-55253c666a33,2026_W27,O60790,U27027,P28,2026-07-04 10:28:23,4,4687.09,338.41,185.1,3313.79,18748.36,18409.95,Credit Card,Completed
6d8e33e0-b1df-4841-8136-55253c666a33,2026_W27,O60791,U28019,P195,2026-07-03 01:23:31,2,6655.83,175.27,62.39,2364.55,13311.66,13136.39,Credit Card,Completed
6d8e33e0-b1df-4841-8136-55253c666a33,2026_W27,O60792,U9596,P12,2026-07-02 17:01:26,3,6064.9,594.8,50.79,3167.98,18194.699999999997,17599.899999999998,UPI,Completed
6d8e33e0-b1df-4841-8136-55253c666a33,2026_W27,O60793,U14119,P90,2026-07-01 23:40:35,4,4581.8,550.62,153.41,3199.78,18327.2,17776.58,UPI,Completed
6d8e33e0-b1df-4841-8136-55253c666a33,2026_W27,O60794,U28367,P54,2026-07-03 12:32:23,3,7277.34,2080.01,164.8,3555.36,21832.02,19752.010000000002,Debit Card,Completed
6d8e33e0-b1df-4841-8136-55253c666a33,2026_W27,O60795,U5966,P178,2026-06-30 21:05:22,4,7836.39,809.21,50.57,5496.54,31345.56,30536.350000000002,UPI,Completed
6d8e33e0-b1df-4841-8136-55253c666a33,2026_W27,O60796,U33018,P146,2026-06-30 04:43:31,2,1678.25,335.31,77.61,543.81,3356.5,3021.19,Credit Card,Completed
6d8e33e0-b1df-4841-8136-55253c666a33,2026_W27,O60797,U585,P40,2026-07-05 06:18:59,2,7370.62,1609.32,69.7,2363.75,14741.24,13131.92,Wallet,Completed
6d8e33e0-b1df-4841-8136-55253c666a33,2026_W27,O60798,U18817,P36,2026-06-30 15:55:36,2,6802.05,1567.88,159.92,2166.52,13604.1,12036.220000000001,Wallet,Completed
6d8e33e0-b1df-4841-8136-55253c666a33,2026_W27,O60799,U13594,P137,2026-07-01 19:26:37,2,2618.72,277.49,165.7,892.79,5237.44,4959.95,Credit Card,Completed
6d8e33e0-b1df-4841-8136-55253c666a33,2026_W27,O60800,U10406,P116,2026-07-03 16:47:24,1,7151.55,115.94,77.47,1266.41,7151.55,7035.610000000001,Wallet,Completed
6d8e33e0-b1df-4841-8136-55253c666a33,2026_W27,O60801,U32321,P197,2026-07-05 01:47:09,2,10992.71,1358.59,80.25,3712.83,21985.42,20626.829999999998,UPI,Completed
6d8e33e0-b1df-4841-8136-55253c666a33,2026_W27,O60802,U9858,P135,2026-07-02 07:07:14,2,5890.55,1039.5,176.61,1933.49,11781.1,10741.6,Wallet,Completed
6d8e33e0-b1df-4841-8136-55253c666a33,2026_W27,O60803,U9164,P106,2026-07-03 16:00:00,3,7604.77,2411.24,153.42,3672.55,22814.31,20403.07,Wallet,Completed
6d8e33e0-b1df-4841-8136-55253c666a33,2026_W27,O60804,U25876,P17,2026-07-05 06:10:17,2,6241.42,800.16,113.39,2102.88,12482.84,11682.68,Debit Card,Completed
6d8e33e0-b1df-4841-8136-55253c666a33,2026_W27,O60805,U10687,P66,2026-06-29 12:48:15,3,7809.87,1274.88,100.61,3987.85,23429.61,22154.73,Debit Card,Completed
6d8e33e0-b1df-4841-8136-55253c666a33,2026_W27,O60806,U13898,P1,2026-07-03 14:51:52,2,8041.29,2233.21,118.43,2492.89,16082.58,13849.369999999999,Wallet,Completed
6d8e33e0-b1df-4841-8136-55253c666a33,2026_W27,O60807,U18425,P111,2026-07-04 12:44:39,2,7719.79,1134.41,179.17,2574.93,15439.58,14305.17,Debit Card,Completed
6d8e33e0-b1df-4841-8136-55253c666a33,2026_W27,O60808,U8519,P4,2026-07-02 12:27:25,2,2545.35,234.65,136.37,874.09,5090.7,4856.05,UPI,Completed
6d8e33e0-b1df-4841-8136-55253c666a33,2026_W27,O60809,U10013,P148,2026-06-29 14:00:55,1,1578.46,31.73,186.12,278.41,1578.46,1546.73,UPI,Completed
6d8e33e0-b1df-4841-8136-55253c666a33,2026_W27,O60810,U28170,P25,2026-07-03 04:47:51,4,2539.74,381.26,61.27,1759.99,10158.96,9777.699999999999,Wallet,Completed
6d8e33e0-b1df-4841-8136-55253c666a33,2026_W27,O60811,U19464,P83,2026-07-03 02:41:40,3,2067.84,552.47,196.88,1017.19,6203.52,5651.05,Credit Card,Completed
6d8e33e0-b1df-4841-8136-55253c666a33,2026_W27,O60812,U388,P198,2026-06-30 04:21:18,3,4611.32,118.71,104.23,2468.74,13833.96,13715.25,Wallet,Completed
6d8e33e0-b1df-4841-8136-55253c666a33,2026_W27,O60813,U13965,P22,2026-07-02 16:30:11,2,9175.57,2491.53,88.95,2854.73,18351.14,15859.609999999999,Credit Card,Completed
6d8e33e0-b1df-4841-8136-55253c666a33,2026_W27,O60814,U32633,P63,2026-07-02 12:50:45,4,9352.06,997.33,75.17,6553.96,37408.24,36410.909999999996,Wallet,Completed
6d8e33e0-b1df-4841-8136-55253c666a33,2026_W27,O60815,U33175,P16,2026-07-03 18:01:14,3,3158.68,493.58,57.31,1616.84,9476.039999999999,8982.46,Debit Card,Completed
6d8e33e0-b1df-4841-8136-55253c666a33,2026_W27,O60816,U30892,P85,2026-07-01 12:22:28,4,2941.32,976.71,159.66,1941.94,11765.28,10788.57,Credit Card,Completed
6d8e33e0-b1df-4841-8136-55253c666a33,2026_W27,O60817,U17422,P173,2026-07-03 20:49:01,2,7576.76,1250.07,121.57,2502.62,15153.52,13903.45,Credit Card,Completed
6d8e33e0-b1df-4841-8136-55253c666a33,2026_W27,O60818,U23582,P34,2026-07-02 06:13:40,3,3432.36,708.48,62.41,1725.95,10297.08,9588.6,UPI,Completed
6d8e33e0-b1df-4841-8136-55253c666a33,2026_W27,O60819,U15690,P53,2026-07-04 22:32:10,4,5893.03,3255.23,121.49,3657.04,23572.12,20316.89,Credit Card,Completed
6d8e33e0-b1df-4841-8136-55253c666a33,2026_W27,O60820,U25935,P88,2026-06-30 21:55:30,4,11704.48,2057.24,65.47,8056.92,46817.92,44760.68,Wallet,Completed
6d8e33e0-b1df-4841-8136-55253c666a33,2026_W27,O60821,U9589,P42,2026-07-05 08:23:49,4,5037.81,306.1,142.56,3572.13,20151.24,19845.140000000003,Wallet,Completed
6d8e33e0-b1df-4841-8136-55253c666a33,2026_W27,O60822,U11603,P151,2026-07-01 04:24:00,4,9624.05,2218.01,188.94,6530.07,38496.2,36278.189999999995,UPI,Completed
6d8e33e0-b1df-4841-8136-55253c666a33,2026_W27,O60823,U3778,P48,2026-06-30 12:32:23,1,3057.39,383.05,57.39,481.38,3057.39,2674.3399999999997,UPI,Completed
6d8e33e0-b1df-4841-8136-55253c666a33,2026_W27,O60824,U7553,P111,2026-06-29 14:56:53,3,7719.79,646.46,182.79,4052.32,23159.37,22512.91,UPI,Completed
6d8e33e0-b1df-4841-8136-55253c666a33,2026_W27,O60825,U30730,P120,2026-07-03 04:07:41,3,4076.33,1557.82,136.98,1920.81,12228.99,10671.17,Debit Card,Completed
6d8e33e0-b1df-4841-8136-55253c666a33,2026_W27,O60826,U2554,P119,2026-06-29 13:47:03,3,9225.28,2636.43,189.24,4507.09,27675.840000000004,25039.410000000003,UPI,Completed
6d8e33e0-b1df-4841-8136-55253c666a33,2026_W27,O60827,U22507,P28,2026-07-01 18:14:07,2,4687.09,462.97,94.51,1604.02,9374.18,8911.210000000001,Wallet,Completed
6d8e33e0-b1df-4841-8136-55253c666a33,2026_W27,O60828,U14668,P152,2026-07-01 22:08:46,3,5413.06,298.41,126.22,2869.34,16239.18,15940.77,Debit Card,Completed
6d8e33e0-b1df-4841-8136-55253c666a33,2026_W27,O60829,U18523,P30,2026-07-02 18:26:26,2,6995.67,170.61,192.78,2487.73,13991.34,13820.73,Credit Card,Completed
6d8e33e0-b1df-4841-8136-55253c666a33,2026_W27,O60830,U17427,P61,2026-07-01 03:25:57,3,7869.26,471.66,184.57,4164.5,23607.78,23136.12,Debit Card,Completed
6d8e33e0-b1df-4841-8136-55253c666a33,2026_W27,O60831,U17871,P105,2026-06-30 03:44:18,1,7230.61,265.83,196.36,1253.66,7230.61,6964.78,Debit Card,Completed
6d8e33e0-b1df-4841-8136-55253c666a33,2026_W27,O60832,U30101,P157,2026-06-30 02:55:37,3,6934.8,2806.33,136.13,3239.65,20804.4,17998.07,UPI,Completed
6d8e33e0-b1df-4841-8136-55253c666a33,2026_W27,O60833,U8611,P52,2026-06-30 14:24:22,1,7675.89,667.74,176.47,1261.47,7675.89,7008.150000000001,Debit Card,Completed
6d8e33e0-b1df-4841-8136-55253c666a33,2026_W27,O60834,U31857,P184,2026-07-05 08:06:46,3,2360.41,942.01,115.68,1105.06,7081.23,6139.219999999999,Credit Card,Completed
6d8e33e0-b1df-4841-8136-55253c666a33,2026_W27,O60835,U32780,P70,2026-07-02 19:46:29,4,2270.0,429.87,181.13,1557.02,9080.0,8650.13,Debit Card,Completed
6d8e33e0-b1df-4841-8136-55253c666a33,2026_W27,O60836,U34843,P64,2026-06-29 18:23:45,4,3844.36,1981.08,114.07,2411.34,15377.44,13396.36,Wallet,Completed
6d8e33e0-b1df-4841-8136-55253c666a33,2026_W27,O60837,U6256,P142,2026-07-04 12:07:48,2,9238.71,1182.66,139.68,3113.06,18477.42,17294.76,Wallet,Completed
6d8e33e0-b1df-4841-8136-55253c666a33,2026_W27,O60838,U7601,P147,2026-07-04 21:19:24,2,4417.37,123.35,105.89,1568.05,8834.74,8711.39,UPI,Completed
6d8e33e0-b1df-4841-8136-55253c666a33,2026_W27,O60839,U10976,P142,2026-07-02 02:40:07,4,9238.71,5336.34,147.38,5691.33,36954.84,31618.499999999996,Credit Card,Completed
6d8e33e0-b1df-4841-8136-55253c666a33,2026_W27,O60840,U5563,P150,2026-07-04 20:38:06,4,3907.63,1126.07,89.19,2610.8,15630.52,14504.45,Wallet,Completed
6d8e33e0-b1df-4841-8136-55253c666a33,2026_W27,O60841,U16644,P86,2026-06-30 01:41:06,1,9877.51,926.0,137.36,1611.27,9877.51,8951.51,Debit Card,Completed
6d8e33e0-b1df-4841-8136-55253c666a33,2026_W27,O60842,U23466,P48,2026-07-02 20:44:50,4,3057.39,863.87,145.83,2045.82,12229.56,11365.689999999999,Debit Card,Completed
6d8e33e0-b1df-4841-8136-55253c666a33,2026_W27,O60843,U20248,P22,2026-07-04 03:01:05,3,9175.57,3202.49,76.08,4378.36,27526.71,24324.22,Debit Card,Completed
6d8e33e0-b1df-4841-8136-55253c666a33,2026_W27,O60844,U33701,P23,2026-06-30 06:25:32,1,7426.47,298.1,136.15,1283.11,7426.47,7128.37,Credit Card,Completed
6d8e33e0-b1df-4841-8136-55253c666a33,2026_W27,O60845,U17483,P149,2026-06-30 07:21:01,3,2710.59,850.45,91.58,1310.64,8131.77,7281.320000000001,Debit Card,Completed
6d8e33e0-b1df-4841-8136-55253c666a33,2026_W27,O60846,U10578,P190,2026-07-04 01:47:35,2,3207.6,595.43,78.61,1047.56,6415.2,5819.7699999999995,Credit Card,Completed
6d8e33e0-b1df-4841-8136-55253c666a33,2026_W27,O60847,U10933,P173,2026-06-30 03:57:21,2,7576.76,936.81,164.86,2559.01,15153.52,14216.710000000001,Credit Card,Completed
6d8e33e0-b1df-4841-8136-55253c666a33,2026_W27,O60848,U17345,P89,2026-07-02 13:10:35,4,10552.75,77.42,69.72,7584.04,42211.0,42133.58,Wallet,Completed
6d8e33e0-b1df-4841-8136-55253c666a33,2026_W27,O60849,U16400,P21,2026-06-29 19:55:09,2,7568.69,1787.77,168.39,2402.93,15137.38,13349.609999999999,Wallet,Completed
6d8e33e0-b1df-4841-8136-55253c666a33,2026_W27,O60850,U33211,P137,2026-07-04 16:17:49,4,2618.72,1464.6,138.42,1621.85,10474.88,9010.279999999999,Wallet,Completed
6d8e33e0-b1df-4841-8136-55253c666a33,2026_W27,O60851,U25577,P45,2026-07-01 03:51:21,1,2342.15,4.36,60.12,420.8,2342.15,2337.79,UPI,Completed
6d8e33e0-b1df-4841-8136-55253c666a33,2026_W27,O60852,U23161,P191,2026-07-02 16:16:55,2,9506.3,156.66,50.37,3394.07,19012.6,18855.94,UPI,Completed
6d8e33e0-b1df-4841-8136-55253c666a33,2026_W27,O60853,U34311,P174,2026-06-29 19:35:10,4,2207.85,386.87,131.02,1520.02,8831.4,8444.529999999999,Credit Card,Completed
6d8e33e0-b1df-4841-8136-55253c666a33,2026_W27,O60854,U3457,P110,2026-07-02 21:31:48,2,8883.32,1080.44,158.84,3003.52,17766.64,16686.2,Credit Card,Completed
6d8e33e0-b1df-4841-8136-55253c666a33,2026_W27,O60855,U17986,P156,2026-07-03 20:47:01,3,2724.78,400.64,175.85,1399.27,8174.34,7773.7,Credit Card,Completed
6d8e33e0-b1df-4841-8136-55253c666a33,2026_W27,O60856,U28938,P151,2026-07-04 02:34:36,1,9624.05,936.69,88.14,1563.72,9624.05,8687.359999999999,UPI,Completed
6d8e33e0-b1df-4841-8136-55253c666a33,2026_W27,O60857,U12706,P15,2026-06-29 10:06:10,1,3230.88,164.06,199.93,552.03,3230.88,3066.82,Debit Card,Completed
6d8e33e0-b1df-4841-8136-55253c666a33,2026_W27,O60858,U21173,P98,2026-06-30 18:26:30,1,7289.76,322.21,112.3,1254.16,7289.76,6967.55,Debit Card,Completed
6d8e33e0-b1df-4841-8136-55253c666a33,2026_W27,O60859,U26763,P79,2026-07-04 19:32:33,1,4174.75,559.24,106.87,650.79,4174.75,3615.51,Credit Card,Completed
6d8e33e0-b1df-4841-8136-55253c666a33,2026_W27,O60860,U7438,P118,2026-06-30 12:31:53,3,9270.95,4166.25,87.42,4256.39,27812.850000000002,23646.600000000002,UPI,Completed
6d8e33e0-b1df-4841-8136-55253c666a33,2026_W27,O60861,U25280,P162,2026-07-03 07:04:41,3,7889.79,3220.07,104.57,3680.87,23669.37,20449.3,Credit Card,Completed
6d8e33e0-b1df-4841-8136-55253c666a33,2026_W27,O60862,U3925,P192,2026-07-02 12:46:57,1,11414.94,1525.21,137.43,1780.15,11414.94,9889.73,UPI,Completed
6d8e33e0-b1df-4841-8136-55253c666a33,2026_W27,O60863,U15298,P155,2026-07-02 02:51:54,1,7895.96,368.46,93.99,1354.95,7895.96,7527.5,Debit Card,Completed
6d8e33e0-b1df-4841-8136-55253c666a33,2026_W27,O60864,U23910,P81,2026-07-04 17:47:39,1,7402.77,4.3,180.56,1331.72,7402.77,7398.47,Wallet,Completed
6d8e33e0-b1df-4841-8136-55253c666a33,2026_W27,O60865,U33397,P11,2026-07-02 03:19:28,3,7598.14,3094.22,158.77,3546.04,22794.420000000002,19700.2,Credit Card,Completed
6d8e33e0-b1df-4841-8136-55253c666a33,2026_W27,O60866,U7276,P42,2026-06-29 19:50:40,4,5037.81,283.6,117.01,3576.18,20151.24,19867.640000000003,Credit Card,Completed
6d8e33e0-b1df-4841-8136-55253c666a33,2026_W27,O60867,U20784,P170,2026-06-29 23:01:06,4,2647.64,1104.38,109.79,1707.51,10590.56,9486.18,Credit Card,Completed
6d8e33e0-b1df-4841-8136-55253c666a33,2026_W27,O60868,U7510,P85,2026-06-29 17:21:11,4,2941.32,609.31,135.71,2008.07,11765.28,11155.970000000001,Credit Card,Completed
6d8e33e0-b1df-4841-8136-55253c666a33,2026_W27,O60869,U11640,P197,2026-07-02 06:40:23,1,10992.71,448.1,50.26,1898.03,10992.71,10544.609999999999,Wallet,Completed
6d8e33e0-b1df-4841-8136-55253c666a33,2026_W27,O60870,U22332,P162,2026-07-02 15:17:36,4,7889.79,1466.76,98.22,5416.63,31559.16,30092.4,Wallet,Completed
6d8e33e0-b1df-4841-8136-55253c666a33,2026_W27,O60871,U25048,P74,2026-07-05 04:57:05,1,6172.48,137.5,58.28,1086.3,6172.48,6034.98,Credit Card,Completed
6d8e33e0-b1df-4841-8136-55253c666a33,2026_W27,O60872,U31415,P87,2026-07-03 10:31:04,4,7207.16,913.02,120.22,5024.81,28828.64,27915.62,Debit Card,Completed
6d8e33e0-b1df-4841-8136-55253c666a33,2026_W27,O60873,U33562,P38,2026-07-04 12:33:11,1,4290.59,207.4,88.61,734.97,4290.59,4083.19,Debit Card,Completed
6d8e33e0-b1df-4841-8136-55253c666a33,2026_W27,O60874,U4321,P178,2026-07-02 20:16:45,1,7836.39,84.71,103.26,1395.3,7836.39,7751.68,UPI,Completed
6d8e33e0-b1df-4841-8136-55253c666a33,2026_W27,O60875,U2219,P76,2026-06-29 18:48:26,4,7097.72,1797.52,144.84,4786.8,28390.88,26593.36,Credit Card,Completed
6d8e33e0-b1df-4841-8136-55253c666a33,2026_W27,O60876,U34091,P101,2026-06-29 13:36:08,1,8924.96,565.72,83.23,1504.66,8924.96,8359.24,Credit Card,Completed
6d8e33e0-b1df-4841-8136-55253c666a33,2026_W27,O60877,U1901,P192,2026-07-02 06:59:53,4,11414.94,953.18,137.27,8047.18,45659.76,44706.58,Debit Card,Completed
6d8e33e0-b1df-4841-8136-55253c666a33,2026_W27,O60878,U27483,P101,2026-07-01 22:57:36,4,8924.96,914.81,169.65,6261.31,35699.84,34785.03,Debit Card,Completed
6d8e33e0-b1df-4841-8136-55253c666a33,2026_W27,O60879,U162,P42,2026-07-04 12:41:12,1,5037.81,709.45,142.65,779.1,5037.81,4328.360000000001,Credit Card,Completed
6d8e33e0-b1df-4841-8136-55253c666a33,2026_W27,O60880,U32864,P98,2026-07-05 07:32:33,1,7289.76,728.56,165.77,1181.02,7289.76,6561.200000000001,Wallet,Completed
6d8e33e0-b1df-4841-8136-55253c666a33,2026_W27,O60881,U11311,P115,2026-07-01 01:45:14,3,10677.61,2951.65,132.29,5234.61,32032.83,29081.18,UPI,Completed
6d8e33e0-b1df-4841-8136-55253c666a33,2026_W27,O60882,U27735,P129,2026-06-30 05:00:53,3,10030.81,3121.04,75.23,4854.85,30092.43,26971.39,Credit Card,Completed
6d8e33e0-b1df-4841-8136-55253c666a33,2026_W27,O60883,U18302,P33,2026-06-29 09:09:11,3,5573.38,1304.83,51.27,2774.76,16720.14,15415.31,Credit Card,Completed
6d8e33e0-b1df-4841-8136-55253c666a33,2026_W27,O60884,U27524,P119,2026-07-01 13:56:36,2,9225.28,1510.22,167.51,3049.26,18450.56,16940.34,Debit Card,Completed
6d8e33e0-b1df-4841-8136-55253c666a33,2026_W27,O60885,U31060,P113,2026-07-01 14:30:22,2,5364.85,1019.38,163.16,1747.86,10729.7,9710.320000000002,UPI,Completed
6d8e33e0-b1df-4841-8136-55253c666a33,2026_W27,O60886,U12854,P197,2026-07-05 03:02:19,3,10992.71,801.78,82.46,5791.74,32978.13,32176.35,UPI,Completed
6d8e33e0-b1df-4841-8136-55253c666a33,2026_W27,O60887,U10869,P131,2026-07-04 21:13:53,4,6362.71,2590.89,80.62,4114.79,25450.84,22859.95,Wallet,Completed
6d8e33e0-b1df-4841-8136-55253c666a33,2026_W27,O60888,U27290,P100,2026-07-04 03:38:51,1,1750.2,262.05,120.09,267.87,1750.2,1488.15,Debit Card,Completed
6d8e33e0-b1df-4841-8136-55253c666a33,2026_W27,O60889,U4573,P56,2026-07-01 23:05:21,1,5764.47,102.85,156.19,1019.09,5764.47,5661.62,Debit Card,Completed
6d8e33e0-b1df-4841-8136-55253c666a33,2026_W27,O60890,U24742,P125,2026-07-05 05:59:22,4,9952.48,1329.31,196.13,6926.51,39809.92,38480.61,Debit Card,Completed
6d8e33e0-b1df-4841-8136-55253c666a33,2026_W27,O60891,U26497,P107,2026-07-05 07:57:39,4,10380.65,4645.84,193.18,6637.82,41522.6,36876.759999999995,Credit Card,Completed
6d8e33e0-b1df-4841-8136-55253c666a33,2026_W27,O60892,U2752,P14,2026-07-01 20:42:45,2,5736.45,496.3,68.0,1975.79,11472.9,10976.6,Wallet,Completed
6d8e33e0-b1df-4841-8136-55253c666a33,2026_W27,O60893,U3009,P92,2026-07-02 22:37:49,4,5271.05,2807.39,68.41,3289.83,21084.2,18276.81,Credit Card,Completed
6d8e33e0-b1df-4841-8136-55253c666a33,2026_W27,O60894,U24562,P47,2026-07-05 08:02:34,1,7084.59,595.28,179.5,1168.08,7084.59,6489.31,Debit Card,Completed
6d8e33e0-b1df-4841-8136-55253c666a33,2026_W27,O60895,U12392,P176,2026-07-02 13:39:50,3,4894.11,1869.95,100.34,2306.23,14682.329999999998,12812.379999999997,Credit Card,Completed
6d8e33e0-b1df-4841-8136-55253c666a33,2026_W27,O60896,U21937,P54,2026-07-03 22:26:44,4,7277.34,608.71,120.12,5130.12,29109.36,28500.65,Wallet,Completed
6d8e33e0-b1df-4841-8136-55253c666a33,2026_W27,O60897,U31286,P148,2026-07-02 11:24:42,2,1578.46,286.37,155.09,516.7,3156.92,2870.55,Credit Card,Completed
6d8e33e0-b1df-4841-8136-55253c666a33,2026_W27,O60898,U24059,P79,2026-06-29 15:54:11,3,4174.75,475.92,164.54,2168.7,12524.25,12048.33,Wallet,Completed
6d8e33e0-b1df-4841-8136-55253c666a33,2026_W27,O60899,U26740,P143,2026-07-03 07:51:15,1,7220.76,377.4,182.69,1231.8,7220.76,6843.360000000001,UPI,Completed
6d8e33e0-b1df-4841-8136-55253c666a33,2026_W27,O60900,U3254,P97,2026-07-03 07:44:12,4,6666.27,1994.62,55.35,4440.68,26665.08,24670.460000000003,Debit Card,Completed
6d8e33e0-b1df-4841-8136-55253c666a33,2026_W27,O60901,U3910,P24,2026-07-04 19:54:02,4,4112.52,1450.4,102.87,2699.94,16450.08,14999.680000000002,Wallet,Completed
6d8e33e0-b1df-4841-8136-55253c666a33,2026_W27,O60902,U10364,P141,2026-07-04 12:13:16,1,9271.32,1189.68,132.77,1454.7,9271.32,8081.639999999999,UPI,Completed
6d8e33e0-b1df-4841-8136-55253c666a33,2026_W27,O60903,U5946,P96,2026-06-30 00:37:05,1,4818.25,523.59,121.95,773.04,4818.25,4294.66,Debit Card,Completed
6d8e33e0-b1df-4841-8136-55253c666a33,2026_W27,O60904,U22452,P166,2026-07-02 03:09:57,2,4248.29,279.7,52.75,1479.04,8496.58,8216.88,UPI,Completed
6d8e33e0-b1df-4841-8136-55253c666a33,2026_W27,O60905,U6991,P136,2026-07-04 14:39:45,4,10500.45,4219.18,86.95,6800.87,42001.8,37782.62,Wallet,Completed
6d8e33e0-b1df-4841-8136-55253c666a33,2026_W27,O60906,U26232,P158,2026-06-29 23:27:17,2,5070.42,123.88,153.99,1803.05,10140.84,10016.960000000001,UPI,Completed
6d8e33e0-b1df-4841-8136-55253c666a33,2026_W27,O60907,U27018,P39,2026-07-04 18:47:45,4,10748.05,5740.72,153.45,6705.27,42992.2,37251.479999999996,Wallet,Completed
6d8e33e0-b1df-4841-8136-55253c666a33,2026_W27,O60908,U32228,P146,2026-07-01 19:00:11,1,1678.25,54.76,125.79,292.23,1678.25,1623.49,Wallet,Completed
6d8e33e0-b1df-4841-8136-55253c666a33,2026_W27,O60909,U15621,P29,2026-06-30 16:34:59,1,1618.44,106.04,63.38,272.23,1618.44,1512.4,Wallet,Completed
6d8e33e0-b1df-4841-8136-55253c666a33,2026_W27,O60910,U6948,P14,2026-07-01 18:50:52,4,5736.45,3060.39,139.15,3579.37,22945.8,19885.41,UPI,Completed
6d8e33e0-b1df-4841-8136-55253c666a33,2026_W27,O60911,U6339,P15,2026-07-03 03:20:01,3,3230.88,680.65,195.22,1622.16,9692.64,9011.99,Debit Card,Completed
6d8e33e0-b1df-4841-8136-55253c666a33,2026_W27,O60912,U11706,P27,2026-07-04 11:57:58,4,8284.05,450.86,199.0,5883.36,33136.2,32685.339999999997,Wallet,Completed
6d8e33e0-b1df-4841-8136-55253c666a33,2026_W27,O60913,U33470,P67,2026-07-04 21:31:09,3,4487.19,1885.46,191.5,2083.7,13461.57,11576.11,UPI,Completed
6d8e33e0-b1df-4841-8136-55253c666a33,2026_W27,O60914,U13846,P103,2026-06-30 10:05:46,2,2762.4,308.5,194.92,938.93,5524.8,5216.3,Debit Card,Completed
6d8e33e0-b1df-4841-8136-55253c666a33,2026_W27,O60915,U6438,P19,2026-07-03 14:03:37,1,5633.25,294.75,135.89,960.93,5633.25,5338.5,Debit Card,Completed
6d8e33e0-b1df-4841-8136-55253c666a33,2026_W27,O60916,U10314,P114,2026-07-03 05:16:19,4,1980.84,934.3,177.25,1258.03,7923.36,6989.0599999999995,Wallet,Completed
6d8e33e0-b1df-4841-8136-55253c666a33,2026_W27,O60917,U33889,P194,2026-07-02 07:28:50,3,2286.6,845.87,97.02,1082.51,6859.799999999999,6013.929999999999,Wallet,Completed
6d8e33e0-b1df-4841-8136-55253c666a33,2026_W27,O60918,U9262,P183,2026-06-29 12:28:12,2,4514.63,960.07,84.03,1452.45,9029.26,8069.1900000000005,UPI,Completed
6d8e33e0-b1df-4841-8136-55253c666a33,2026_W27,O60919,U20654,P57,2026-07-05 03:55:32,1,8411.78,1025.48,116.49,1329.53,8411.78,7386.300000000001,Credit Card,Completed
6d8e33e0-b1df-4841-8136-55253c666a33,2026_W27,O60920,U15908,P150,2026-07-01 00:24:45,3,3907.63,1565.72,181.64,1828.29,11722.89,10157.17,Credit Card,Completed
6d8e33e0-b1df-4841-8136-55253c666a33,2026_W27,O60921,U22480,P98,2026-07-02 21:55:28,2,7289.76,1946.85,126.52,2273.88,14579.52,12632.67,Credit Card,Completed
6d8e33e0-b1df-4841-8136-55253c666a33,2026_W27,O60922,U24022,P184,2026-07-04 02:26:39,2,2360.41,361.54,176.71,784.67,4720.82,4359.28,Wallet,Completed
6d8e33e0-b1df-4841-8136-55253c666a33,2026_W27,O60923,U2122,P43,2026-07-02 05:44:09,2,8672.85,5.55,50.63,3121.23,17345.7,17340.15,Wallet,Completed
6d8e33e0-b1df-4841-8136-55253c666a33,2026_W27,O60924,U1470,P51,2026-07-02 09:14:36,3,5399.93,292.31,189.08,2863.35,16199.79,15907.480000000001,Credit Card,Completed
6d8e33e0-b1df-4841-8136-55253c666a33,2026_W27,O60925,U16721,P32,2026-07-04 15:18:35,1,4904.65,15.15,196.52,880.11,4904.65,4889.5,Wallet,Completed
6d8e33e0-b1df-4841-8136-55253c666a33,2026_W27,O60926,U32349,P90,2026-07-04 16:11:44,1,4581.8,440.58,73.42,745.42,4581.8,4141.22,Debit Card,Completed
6d8e33e0-b1df-4841-8136-55253c666a33,2026_W27,O60927,U10358,P135,2026-07-04 06:52:12,3,5890.55,1640.08,86.11,2885.68,17671.65,16031.570000000002,Wallet,Completed
6d8e33e0-b1df-4841-8136-55253c666a33,2026_W27,O60928,U470,P65,2026-06-30 10:13:02,1,7295.29,105.69,168.8,1294.13,7295.29,7189.6,Credit Card,Completed
6d8e33e0-b1df-4841-8136-55253c666a33,2026_W27,O60929,U2577,P9,2026-07-03 01:50:52,2,5229.72,1124.88,89.24,1680.22,10459.44,9334.560000000001,Debit Card,Completed
6d8e33e0-b1df-4841-8136-55253c666a33,2026_W27,O60930,U17770,P71,2026-06-30 21:30:10,3,7798.35,236.8,127.09,4168.49,23395.050000000003,23158.250000000004,UPI,Completed
6d8e33e0-b1df-4841-8136-55253c666a33,2026_W27,O60931,U22887,P69,2026-07-03 04:27:16,3,4897.29,1191.47,70.3,2430.07,14691.869999999999,13500.4,Debit Card,Completed
6d8e33e0-b1df-4841-8136-55253c666a33,2026_W27,O60932,U23903,P154,2026-06-30 05:43:56,1,3395.73,423.38,199.91,535.02,3395.73,2972.35,UPI,Completed
6d8e33e0-b1df-4841-8136-55253c666a33,2026_W27,O60933,U25396,P115,2026-07-01 00:39:53,4,10677.61,50.35,130.93,7678.82,42710.44,42660.090000000004,Wallet,Completed
6d8e33e0-b1df-4841-8136-55253c666a33,2026_W27,O60934,U17245,P80,2026-07-02 12:30:20,1,6276.46,830.68,158.82,980.24,6276.46,5445.78,Debit Card,Completed
6d8e33e0-b1df-4841-8136-55253c666a33,2026_W27,O60935,U18679,P183,2026-06-29 23:56:59,2,4514.63,446.09,139.58,1544.97,9029.26,8583.17,UPI,Completed
6d8e33e0-b1df-4841-8136-55253c666a33,2026_W27,O60936,U265,P7,2026-06-29 16:39:17,3,9852.33,646.06,97.26,5203.97,29556.989999999998,28910.929999999997,UPI,Completed
6d8e33e0-b1df-4841-8136-55253c666a33,2026_W27,O60937,U10375,P184,2026-06-30 08:00:22,1,2360.41,202.57,75.28,388.41,2360.41,2157.8399999999997,UPI,Completed
6d8e33e0-b1df-4841-8136-55253c666a33,2026_W27,O60938,U34731,P190,2026-07-01 06:26:55,4,3207.6,1508.54,163.87,2037.93,12830.4,11321.86,Credit Card,Completed
6d8e33e0-b1df-4841-8136-55253c666a33,2026_W27,O60939,U8316,P58,2026-06-29 21:14:07,2,2960.66,364.94,132.95,1000.15,5921.32,5556.38,Wallet,Completed
6d8e33e0-b1df-4841-8136-55253c666a33,2026_W27,O60940,U17871,P195,2026-07-04 07:20:25,4,6655.83,3975.15,128.94,4076.67,26623.32,22648.17,Debit Card,Completed
6d8e33e0-b1df-4841-8136-55253c666a33,2026_W27,O60941,U27183,P176,2026-07-01 15:02:53,4,4894.11,81.87,199.89,3509.02,19576.44,19494.57,Wallet,Completed
6d8e33e0-b1df-4841-8136-55253c666a33,2026_W27,O60942,U1702,P55,2026-07-05 05:41:35,1,4472.32,149.61,194.13,778.09,4472.32,4322.71,UPI,Completed
6d8e33e0-b1df-4841-8136-55253c666a33,2026_W27,O60943,U4948,P5,2026-07-02 10:30:19,1,4886.67,174.41,101.5,848.21,4886.67,4712.26,Debit Card,Completed
6d8e33e0-b1df-4841-8136-55253c666a33,2026_W27,O60944,U34748,P90,2026-06-30 05:17:30,3,4581.8,1593.82,105.33,2187.28,13745.400000000001,12151.580000000002,Wallet,Completed
6d8e33e0-b1df-4841-8136-55253c666a33,2026_W27,O60945,U30631,P168,2026-07-04 23:22:34,3,6037.57,1830.81,158.79,2930.74,18112.71,16281.9,UPI,Completed
6d8e33e0-b1df-4841-8136-55253c666a33,2026_W27,O60946,U8632,P62,2026-06-30 09:58:35,1,8933.75,715.17,133.05,1479.34,8933.75,8218.58,Credit Card,Completed
6d8e33e0-b1df-4841-8136-55253c666a33,2026_W27,O60947,U10988,P16,2026-06-29 21:25:28,1,3158.68,443.06,132.12,488.81,3158.68,2715.62,UPI,Completed
6d8e33e0-b1df-4841-8136-55253c666a33,2026_W27,O60948,U28530,P128,2026-06-29 12:11:47,1,3543.69,281.88,54.59,587.13,3543.69,3261.81,Wallet,Completed
6d8e33e0-b1df-4841-8136-55253c666a33,2026_W27,O60949,U34407,P190,2026-07-01 00:44:52,3,3207.6,819.76,149.78,1584.55,9622.8,8803.039999999999,UPI,Completed
6d8e33e0-b1df-4841-8136-55253c666a33,2026_W27,O60950,U21054,P43,2026-06-30 22:53:47,2,8672.85,2255.55,75.29,2716.23,17345.7,15090.150000000001,Debit Card,Completed
6d8e33e0-b1df-4841-8136-55253c666a33,2026_W27,O60951,U33971,P127,2026-07-05 02:39:00,4,4862.09,1281.47,181.13,3270.04,19448.36,18166.89,Wallet,Completed
6d8e33e0-b1df-4841-8136-55253c666a33,2026_W27,O60952,U34947,P5,2026-07-05 03:50:44,2,4886.67,3.26,130.18,1758.61,9773.34,9770.08,UPI,Completed
6d8e33e0-b1df-4841-8136-55253c666a33,2026_W27,O60953,U20260,P39,2026-07-03 21:36:17,4,10748.05,1410.72,163.79,7484.67,42992.2,41581.479999999996,Wallet,Completed
6d8e33e0-b1df-4841-8136-55253c666a33,2026_W27,O60954,U17991,P30,2026-06-29 11:52:05,1,6995.67,955.59,106.6,1087.21,6995.67,6040.08,Wallet,Completed
6d8e33e0-b1df-4841-8136-55253c666a33,2026_W27,O60955,U8826,P123,2026-07-04 17:09:32,1,11056.51,1639.1,82.14,1695.13,11056.51,9417.41,Credit Card,Completed
6d8e33e0-b1df-4841-8136-55253c666a33,2026_W27,O60956,U32633,P24,2026-07-03 06:34:41,4,4112.52,393.06,146.01,2890.26,16450.08,16057.020000000002,Wallet,Completed
6d8e33e0-b1df-4841-8136-55253c666a33,2026_W27,O60957,U25048,P14,2026-07-04 01:57:05,3,5736.45,1966.84,118.77,2743.65,17209.35,15242.509999999998,Wallet,Completed
6d8e33e0-b1df-4841-8136-55253c666a33,2026_W27,O60958,U26232,P57,2026-07-03 20:22:18,4,8411.78,3922.68,66.67,5350.4,33647.12,29724.440000000002,UPI,Completed
6d8e33e0-b1df-4841-8136-55253c666a33,2026_W27,O60959,U4956,P174,2026-07-04 06:04:26,1,2207.85,224.09,101.09,357.08,2207.85,1983.76,UPI,Completed
6d8e33e0-b1df-4841-8136-55253c666a33,2026_W27,O60960,U30626,P146,2026-06-30 04:16:29,1,1678.25,82.84,159.8,287.17,1678.25,1595.41,Debit Card,Completed
6d8e33e0-b1df-4841-8136-55253c666a33,2026_W27,O60961,U239,P24,2026-06-30 07:02:36,4,4112.52,2073.76,145.9,2587.74,16450.08,14376.320000000002,Wallet,Completed
6d8e33e0-b1df-4841-8136-55253c666a33,2026_W27,O60962,U20714,P27,2026-07-01 02:17:28,4,8284.05,659.95,126.62,5845.72,33136.2,32476.249999999996,Debit Card,Completed
6d8e33e0-b1df-4841-8136-55253c666a33,2026_W27,O60963,U16538,P59,2026-07-03 14:55:31,4,5883.82,950.16,76.8,4065.32,23535.28,22585.12,Wallet,Completed
6d8e33e0-b1df-4841-8136-55253c666a33,2026_W27,O60964,U17342,P74,2026-06-30 05:54:12,3,6172.48,726.09,161.55,3202.44,18517.44,17791.35,Wallet,Completed
6d8e33e0-b1df-4841-8136-55253c666a33,2026_W27,O60965,U24259,P189,2026-07-05 07:37:57,2,5649.84,88.81,56.37,2017.96,11299.68,11210.87,UPI,Completed
6d8e33e0-b1df-4841-8136-55253c666a33,2026_W27,O60966,U16543,P91,2026-07-03 02:19:00,4,7800.01,3953.93,123.4,4904.3,31200.04,27246.11,UPI,Completed
6d8e33e0-b1df-4841-8136-55253c666a33,2026_W27,O60967,U10746,P176,2026-07-02 11:15:55,2,4894.11,695.92,71.87,1636.61,9788.22,9092.3,Wallet,Completed
6d8e33e0-b1df-4841-8136-55253c666a33,2026_W27,O60968,U8079,P120,2026-06-29 13:33:11,4,4076.33,123.92,116.29,2912.65,16305.32,16181.4,UPI,Completed
6d8e33e0-b1df-4841-8136-55253c666a33,2026_W27,O60969,U10711,P48,2026-06-30 13:23:21,1,3057.39,246.39,170.63,505.98,3057.39,2811.0,Credit Card,Completed
6d8e33e0-b1df-4841-8136-55253c666a33,2026_W27,O60970,U2456,P20,2026-07-02 03:55:01,2,3016.27,256.62,97.2,1039.67,6032.54,5775.92,UPI,Completed
6d8e33e0-b1df-4841-8136-55253c666a33,2026_W27,O60971,U31607,P66,2026-07-04 02:49:14,3,7809.87,2779.96,63.58,3716.94,23429.61,20649.65,Credit Card,Completed
6d8e33e0-b1df-4841-8136-55253c666a33,2026_W27,O60972,U20823,P45,2026-07-02 06:19:17,1,2342.15,8.64,160.71,420.03,2342.15,2333.51,Credit Card,Completed
6d8e33e0-b1df-4841-8136-55253c666a33,2026_W27,O60973,U10264,P156,2026-07-04 15:20:11,3,2724.78,343.81,183.98,1409.5,8174.34,7830.53,Debit Card,Completed
6d8e33e0-b1df-4841-8136-55253c666a33,2026_W27,O60974,U17422,P97,2026-07-01 13:05:39,2,6666.27,1298.33,97.71,2166.16,13332.54,12034.210000000001,Debit Card,Completed
6d8e33e0-b1df-4841-8136-55253c666a33,2026_W27,O60975,U31046,P33,2026-07-05 06:14:27,4,5573.38,1529.71,108.14,3737.49,22293.52,20763.81,Debit Card,Completed
6d8e33e0-b1df-4841-8136-55253c666a33,2026_W27,O60976,U31405,P161,2026-07-02 21:02:09,3,4439.61,909.89,71.27,2233.61,13318.829999999998,12408.939999999999,UPI,Completed
6d8e33e0-b1df-4841-8136-55253c666a33,2026_W27,O60977,U9063,P69,2026-07-01 11:38:47,2,4897.29,374.58,51.09,1695.6,9794.58,9420.0,Debit Card,Completed
6d8e33e0-b1df-4841-8136-55253c666a33,2026_W27,O60978,U2371,P198,2026-07-04 15:26:57,1,4611.32,398.73,170.77,758.27,4611.32,4212.59,UPI,Completed
6d8e33e0-b1df-4841-8136-55253c666a33,2026_W27,O60979,U34391,P154,2026-07-02 20:03:56,2,3395.73,659.92,139.0,1103.68,6791.46,6131.54,Debit Card,Completed
6d8e33e0-b1df-4841-8136-55253c666a33,2026_W27,O60980,U20564,P34,2026-07-01 09:10:07,2,3432.36,562.36,194.56,1134.42,6864.72,6302.360000000001,Wallet,Completed
6d8e33e0-b1df-4841-8136-55253c666a33,2026_W27,O60981,U21337,P47,2026-07-04 18:12:51,2,7084.59,1333.85,119.1,2310.36,14169.18,12835.33,Debit Card,Completed
6d8e33e0-b1df-4841-8136-55253c666a33,2026_W27,O60982,U24282,P108,2026-06-30 04:59:49,1,9991.6,627.1,162.77,1685.61,9991.6,9364.5,Credit Card,Completed
6d8e33e0-b1df-4841-8136-55253c666a33,2026_W27,O60983,U17483,P167,2026-07-03 03:02:31,3,5498.71,1069.41,162.58,2776.81,16496.13,15426.720000000001,Debit Card,Completed
6d8e33e0-b1df-4841-8136-55253c666a33,2026_W27,O60984,U16873,P85,2026-07-04 01:42:17,4,2941.32,1037.21,67.82,1931.05,11765.28,10728.07,Wallet,Completed
6d8e33e0-b1df-4841-8136-55253c666a33,2026_W27,O60985,U152,P181,2026-07-05 04:18:06,1,5516.14,304.39,119.48,938.12,5516.14,5211.75,Debit Card,Completed
6d8e33e0-b1df-4841-8136-55253c666a33,2026_W27,O60986,U5021,P113,2026-07-03 04:53:41,1,5364.85,547.77,91.1,867.07,5364.85,4817.08,UPI,Completed
6d8e33e0-b1df-4841-8136-55253c666a33,2026_W27,O60987,U24615,P53,2026-07-01 12:18:57,1,5893.03,866.99,162.63,904.69,5893.03,5026.04,UPI,Completed
6d8e33e0-b1df-4841-8136-55253c666a33,2026_W27,O60988,U27802,P149,2026-07-01 09:51:45,2,2710.59,748.27,81.85,841.12,5421.18,4672.91,Credit Card,Completed
6d8e33e0-b1df-4841-8136-55253c666a33,2026_W27,O60989,U12580,P2,2026-06-29 10:27:59,3,4823.44,989.14,188.61,2426.61,14470.32,13481.18,Debit Card,Completed
6d8e33e0-b1df-4841-8136-55253c666a33,2026_W27,O60990,U5684,P94,2026-06-29 09:11:09,4,5614.01,94.51,117.74,4025.08,22456.04,22361.530000000002,UPI,Completed
6d8e33e0-b1df-4841-8136-55253c666a33,2026_W27,O60991,U9120,P57,2026-07-03 23:40:22,4,8411.78,1775.36,99.65,5736.92,33647.12,31871.760000000002,Wallet,Completed
6d8e33e0-b1df-4841-8136-55253c666a33,2026_W27,O60992,U30251,P194,2026-07-03 17:06:17,1,2286.6,283.38,56.65,360.58,2286.6,2003.2199999999998,UPI,Completed
6d8e33e0-b1df-4841-8136-55253c666a33,2026_W27,O60993,U24822,P189,2026-06-30 00:53:01,4,5649.84,2970.75,110.97,3533.15,22599.36,19628.61,Credit Card,Completed
6d8e33e0-b1df-4841-8136-55253c666a33,2026_W27,O60994,U31876,P195,2026-07-02 08:33:17,2,6655.83,1691.82,167.77,2091.57,13311.66,11619.84,Wallet,Completed
6d8e33e0-b1df-4841-8136-55253c666a33,2026_W27,O60995,U32218,P198,2026-06-30 02:58:05,4,4611.32,1322.8,69.33,3082.05,18445.28,17122.48,Debit Card,Completed
6d8e33e0-b1df-4841-8136-55253c666a33,2026_W27,O60996,U4589,P33,2026-06-30 02:12:13,1,5573.38,353.15,131.71,939.64,5573.38,5220.2300000000005,Debit Card,Completed
6d8e33e0-b1df-4841-8136-55253c666a33,2026_W27,O60997,U21731,P128,2026-07-02 19:12:02,1,3543.69,401.87,172.79,565.53,3543.69,3141.82,Credit Card,Completed
6d8e33e0-b1df-4841-8136-55253c666a33,2026_W27,O60998,U30470,P196,2026-07-05 00:42:15,1,9515.08,1173.84,88.09,1501.42,9515.08,8341.24,UPI,Completed
6d8e33e0-b1df-4841-8136-55253c666a33,2026_W27,O60999,U24367,P62,2026-07-01 17:12:07,1,8933.75,685.67,78.67,1484.65,8933.75,8248.08,UPI,Completed
6d8e33e0-b1df-4841-8136-55253c666a33,2026_W27,O61000,U18336,P144,2026-07-01 11:26:58,3,4498.08,47.53,61.9,2420.41,13494.24,13446.71,UPI,Completed
6d8e33e0-b1df-4841-8136-55253c666a33,2026_W27,O61001,U3943,P92,2026-06-30 10:42:20,2,5271.05,1439.59,163.75,1638.45,10542.1,9102.51,Wallet,Completed
6d8e33e0-b1df-4841-8136-55253c666a33,2026_W27,O61002,U27059,P193,2026-07-03 19:37:46,4,8599.49,4314.56,68.66,5415.01,34397.96,30083.399999999998,Debit Card,Completed
6d8e33e0-b1df-4841-8136-55253c666a33,2026_W27,O61003,U9487,P23,2026-07-01 21:21:00,3,7426.47,1629.11,199.96,3717.05,22279.41,20650.3,Wallet,Completed
6d8e33e0-b1df-4841-8136-55253c666a33,2026_W27,O61004,U5021,P146,2026-07-03 08:10:50,3,1678.25,377.96,159.48,838.22,5034.75,4656.79,UPI,Completed
6d8e33e0-b1df-4841-8136-55253c666a33,2026_W27,O61005,U16971,P73,2026-07-04 20:34:20,2,2904.91,784.49,156.83,904.56,5809.82,5025.33,Credit Card,Completed
6d8e33e0-b1df-4841-8136-55253c666a33,2026_W27,O61006,U24142,P138,2026-06-30 22:04:07,2,6625.4,239.51,108.48,2342.03,13250.8,13011.289999999999,Credit Card,Completed
6d8e33e0-b1df-4841-8136-55253c666a33,2026_W27,O61007,U9137,P46,2026-06-30 10:40:08,1,2979.32,43.19,110.94,528.5,2979.32,2936.13,Wallet,Completed
6d8e33e0-b1df-4841-8136-55253c666a33,2026_W27,O61008,U1744,P27,2026-06-29 21:47:39,4,8284.05,2053.12,71.84,5594.95,33136.2,31083.079999999998,UPI,Completed
6d8e33e0-b1df-4841-8136-55253c666a33,2026_W27,O61009,U21233,P24,2026-06-30 07:28:06,3,4112.52,245.0,198.87,2176.66,12337.560000000001,12092.560000000001,UPI,Completed
6d8e33e0-b1df-4841-8136-55253c666a33,2026_W27,O61010,U28835,P140,2026-07-04 13:25:52,2,3100.99,601.19,98.05,1008.14,6201.98,5600.789999999999,Debit Card,Completed
6d8e33e0-b1df-4841-8136-55253c666a33,2026_W27,O61011,U1105,P181,2026-06-30 15:30:26,4,5516.14,1376.0,90.7,3723.94,22064.56,20688.56,Credit Card,Completed
6d8e33e0-b1df-4841-8136-55253c666a33,2026_W27,O61012,U29662,P43,2026-07-02 12:21:05,3,8672.85,1462.38,116.75,4420.11,26018.550000000003,24556.170000000002,Wallet,Completed
6d8e33e0-b1df-4841-8136-55253c666a33,2026_W27,O61013,U11673,P55,2026-07-03 21:17:59,2,4472.32,622.11,115.06,1498.06,8944.64,8322.529999999999,Credit Card,Completed
6d8e33e0-b1df-4841-8136-55253c666a33,2026_W27,O61014,U18152,P158,2026-07-04 23:15:23,2,5070.42,336.6,87.32,1764.76,10140.84,9804.24,Wallet,Completed
6d8e33e0-b1df-4841-8136-55253c666a33,2026_W27,O61015,U18846,P49,2026-07-01 06:51:26,2,8208.46,1346.52,179.5,2712.67,16416.92,15070.399999999998,UPI,Completed
6d8e33e0-b1df-4841-8136-55253c666a33,2026_W27,O61016,U7618,P36,2026-07-03 10:56:05,2,6802.05,1848.44,75.75,2116.02,13604.1,11755.66,Debit Card,Completed
6d8e33e0-b1df-4841-8136-55253c666a33,2026_W27,O61017,U31338,P83,2026-07-02 09:49:21,2,2067.84,494.12,86.68,655.48,4135.68,3641.5600000000004,Wallet,Completed
6d8e33e0-b1df-4841-8136-55253c666a33,2026_W27,O61018,U22001,P181,2026-07-01 09:44:57,3,5516.14,2444.6,89.34,2538.69,16548.420000000002,14103.820000000002,Credit Card,Completed
6d8e33e0-b1df-4841-8136-55253c666a33,2026_W27,O61019,U23137,P79,2026-06-29 19:34:21,3,4174.75,738.7,180.61,2121.4,12524.25,11785.55,UPI,Completed
6d8e33e0-b1df-4841-8136-55253c666a33,2026_W27,O61020,U22097,P153,2026-07-03 20:45:12,2,6806.07,1816.59,197.07,2123.2,13612.14,11795.55,Wallet,Completed
6d8e33e0-b1df-4841-8136-55253c666a33,2026_W27,O61021,U109,P52,2026-07-01 17:33:42,2,7675.89,454.81,93.15,2681.45,15351.78,14896.970000000001,UPI,Completed
6d8e33e0-b1df-4841-8136-55253c666a33,2026_W27,O61022,U12140,P153,2026-07-02 20:49:35,1,6806.07,477.5,195.61,1139.14,6806.07,6328.57,UPI,Completed
6d8e33e0-b1df-4841-8136-55253c666a33,2026_W27,O61023,U15650,P55,2026-07-02 01:42:03,3,4472.32,1319.14,100.28,2177.61,13416.96,12097.82,Wallet,Completed
6d8e33e0-b1df-4841-8136-55253c666a33,2026_W27,O61024,U11390,P162,2026-07-04 08:12:59,1,7889.79,270.93,173.21,1371.39,7889.79,7618.86,Wallet,Completed
6d8e33e0-b1df-4841-8136-55253c666a33,2026_W27,O61025,U21036,P131,2026-07-02 14:58:16,4,6362.71,782.43,58.47,4440.31,25450.84,24668.41,UPI,Completed
6d8e33e0-b1df-4841-8136-55253c666a33,2026_W27,O61026,U23393,P43,2026-07-02 04:09:32,3,8672.85,3480.11,185.54,4056.92,26018.550000000003,22538.440000000002,Wallet,Completed
6d8e33e0-b1df-4841-8136-55253c666a33,2026_W27,O61027,U18198,P164,2026-07-02 12:58:20,2,4106.87,965.4,84.49,1304.7,8213.74,7248.34,UPI,Completed
6d8e33e0-b1df-4841-8136-55253c666a33,2026_W27,O61028,U6230,P89,2026-07-05 04:28:42,4,10552.75,3246.64,167.62,7013.58,42211.0,38964.36,Credit Card,Completed
6d8e33e0-b1df-4841-8136-55253c666a33,2026_W27,O61029,U29298,P165,2026-07-05 06:54:04,3,4483.27,864.17,191.24,2265.42,13449.810000000001,12585.640000000001,Credit Card,Completed
6d8e33e0-b1df-4841-8136-55253c666a33,2026_W27,O61030,U4454,P154,2026-07-01 10:05:43,3,3395.73,1147.08,75.87,1627.22,10187.19,9040.11,Debit Card,Completed
6d8e33e0-b1df-4841-8136-55253c666a33,2026_W27,O61031,U13273,P173,2026-07-03 05:14:44,2,7576.76,2195.42,174.97,2332.46,15153.52,12958.1,UPI,Completed
6d8e33e0-b1df-4841-8136-55253c666a33,2026_W27,O61032,U23173,P58,2026-07-01 08:17:52,4,2960.66,179.35,53.14,2099.39,11842.64,11663.289999999999,Debit Card,Completed
6d8e33e0-b1df-4841-8136-55253c666a33,2026_W27,O61033,U8417,P15,2026-06-30 09:46:39,2,3230.88,685.37,108.29,1039.75,6461.76,5776.39,Debit Card,Completed
6d8e33e0-b1df-4841-8136-55253c666a33,2026_W27,O61034,U13055,P9,2026-07-02 11:45:38,2,5229.72,422.05,179.22,1806.73,10459.44,10037.390000000001,Credit Card,Completed
6d8e33e0-b1df-4841-8136-55253c666a33,2026_W27,O61035,U20602,P131,2026-06-29 18:33:25,1,6362.71,743.22,177.58,1011.51,6362.71,5619.49,Wallet,Completed
6d8e33e0-b1df-4841-8136-55253c666a33,2026_W27,O61036,U1671,P64,2026-07-02 18:02:50,3,3844.36,255.8,85.06,2029.91,11533.08,11277.28,Wallet,Completed
6d8e33e0-b1df-4841-8136-55253c666a33,2026_W27,O61037,U12258,P6,2026-07-01 07:18:23,4,6939.39,2274.03,186.41,4587.04,27757.56,25483.530000000002,Wallet,Completed
6d8e33e0-b1df-4841-8136-55253c666a33,2026_W27,O61038,U22219,P172,2026-07-04 05:27:09,3,7555.52,3062.28,174.29,3528.77,22666.56,19604.280000000002,Credit Card,Completed
6d8e33e0-b1df-4841-8136-55253c666a33,2026_W27,O61039,U32580,P153,2026-07-02 11:49:59,4,6806.07,3188.3,61.07,4326.48,27224.28,24035.98,Debit Card,Completed
6d8e33e0-b1df-4841-8136-55253c666a33,2026_W27,O61040,U22112,P100,2026-06-29 23:23:05,4,1750.2,406.76,127.79,1186.93,7000.8,6594.04,Credit Card,Completed
6d8e33e0-b1df-4841-8136-55253c666a33,2026_W27,O61041,U11788,P89,2026-07-01 08:03:14,1,10552.75,856.03,69.46,1745.41,10552.75,9696.72,UPI,Completed
6d8e33e0-b1df-4841-8136-55253c666a33,2026_W27,O61042,U29639,P100,2026-07-03 02:31:01,1,1750.2,159.42,115.63,286.34,1750.2,1590.78,Debit Card,Completed
6d8e33e0-b1df-4841-8136-55253c666a33,2026_W27,O61043,U16452,P77,2026-07-03 09:15:15,4,5304.36,265.3,61.32,3771.39,21217.44,20952.14,Debit Card,Completed
6d8e33e0-b1df-4841-8136-55253c666a33,2026_W27,O61044,U30766,P102,2026-07-02 10:22:47,4,3685.81,1255.93,168.73,2427.72,14743.24,13487.31,UPI,Completed
6d8e33e0-b1df-4841-8136-55253c666a33,2026_W27,O61045,U10498,P13,2026-07-04 06:35:07,4,6638.24,3636.27,100.22,4125.0,26552.96,22916.69,Debit Card,Completed
6d8e33e0-b1df-4841-8136-55253c666a33,2026_W27,O61046,U2275,P13,2026-07-01 06:12:00,1,6638.24,704.02,175.57,1068.16,6638.24,5934.219999999999,Wallet,Completed
6d8e33e0-b1df-4841-8136-55253c666a33,2026_W27,O61047,U8026,P94,2026-07-02 21:21:29,1,5614.01,257.06,173.67,964.25,5614.01,5356.95,Credit Card,Completed
6d8e33e0-b1df-4841-8136-55253c666a33,2026_W27,O61048,U13568,P103,2026-07-02 07:52:03,3,2762.4,143.48,156.37,1465.87,8287.2,8143.720000000001,Wallet,Completed
6d8e33e0-b1df-4841-8136-55253c666a33,2026_W27,O61049,U3417,P144,2026-07-02 23:13:21,2,4498.08,304.98,81.58,1564.41,8996.16,8691.18,Credit Card,Completed
6d8e33e0-b1df-4841-8136-55253c666a33,2026_W27,O61050,U20899,P60,2026-06-30 08:09:59,1,3368.43,501.06,84.52,516.13,3368.43,2867.37,Debit Card,Completed
6d8e33e0-b1df-4841-8136-55253c666a33,2026_W27,O61051,U9272,P153,2026-07-03 07:30:01,3,6806.07,1199.45,67.34,3459.38,20418.21,19218.76,Wallet,Completed
6d8e33e0-b1df-4841-8136-55253c666a33,2026_W27,O61052,U23181,P139,2026-07-01 01:25:21,4,7373.8,64.28,170.26,5297.57,29495.2,29430.920000000002,UPI,Completed
6d8e33e0-b1df-4841-8136-55253c666a33,2026_W27,O61053,U25619,P9,2026-06-29 16:18:58,2,5229.72,216.14,175.19,1843.79,10459.44,10243.300000000001,UPI,Completed
6d8e33e0-b1df-4841-8136-55253c666a33,2026_W27,O61054,U12917,P177,2026-07-04 04:18:31,2,9676.29,517.16,152.37,3390.38,19352.58,18835.420000000002,Wallet,Completed
6d8e33e0-b1df-4841-8136-55253c666a33,2026_W27,O61055,U18469,P108,2026-07-03 13:41:33,4,9991.6,1378.36,62.24,6945.85,39966.4,38588.04,UPI,Completed
6d8e33e0-b1df-4841-8136-55253c666a33,2026_W27,O61056,U21239,P150,2026-07-04 18:25:23,3,3907.63,54.24,135.71,2100.36,11722.89,11668.65,Debit Card,Completed
6d8e33e0-b1df-4841-8136-55253c666a33,2026_W27,O61057,U18859,P32,2026-06-29 14:36:29,3,4904.65,2180.6,160.52,2256.0,14713.949999999999,12533.349999999999,Wallet,Completed
6d8e33e0-b1df-4841-8136-55253c666a33,2026_W27,O61058,U11672,P108,2026-06-30 10:29:08,4,9991.6,1505.51,131.74,6922.96,39966.4,38460.89,Debit Card,Completed
6d8e33e0-b1df-4841-8136-55253c666a33,2026_W27,O61059,U25412,P106,2026-06-29 18:10:06,1,7604.77,915.65,164.77,1204.04,7604.77,6689.120000000001,Wallet,Completed
6d8e33e0-b1df-4841-8136-55253c666a33,2026_W27,O61060,U7554,P176,2026-07-04 15:30:13,1,4894.11,288.14,121.51,829.07,4894.11,4605.969999999999,Credit Card,Completed
6d8e33e0-b1df-4841-8136-55253c666a33,2026_W27,O61061,U16596,P148,2026-06-29 22:19:48,1,1578.46,50.02,123.2,275.12,1578.46,1528.44,Wallet,Completed
6d8e33e0-b1df-4841-8136-55253c666a33,2026_W27,O61062,U16382,P103,2026-07-03 02:23:47,1,2762.4,261.77,173.15,450.11,2762.4,2500.63,UPI,Completed
6d8e33e0-b1df-4841-8136-55253c666a33,2026_W27,O61063,U17597,P147,2026-07-01 04:24:12,3,4417.37,890.54,123.22,2225.08,13252.11,12361.57,Credit Card,Completed
6d8e33e0-b1df-4841-8136-55253c666a33,2026_W27,O61064,U13970,P133,2026-07-04 12:20:22,2,10395.42,2690.82,52.98,3258.0,20790.84,18100.02,Wallet,Completed
6d8e33e0-b1df-4841-8136-55253c666a33,2026_W27,O61065,U7209,P3,2026-06-29 09:42:59,3,3037.18,81.4,71.24,1625.43,9111.539999999999,9030.14,Wallet,Completed
6d8e33e0-b1df-4841-8136-55253c666a33,2026_W27,O61066,U19112,P32,2026-07-03 03:28:17,4,4904.65,1730.32,195.68,3219.89,19618.6,17888.28,UPI,Completed
6d8e33e0-b1df-4841-8136-55253c666a33,2026_W27,O61067,U30109,P16,2026-07-04 11:03:22,4,3158.68,1877.79,182.81,1936.25,12634.72,10756.93,UPI,Completed
6d8e33e0-b1df-4841-8136-55253c666a33,2026_W27,O61068,U19340,P3,2026-07-02 16:00:18,4,3037.18,288.28,51.99,2134.88,12148.72,11860.439999999999,Debit Card,Completed
6d8e33e0-b1df-4841-8136-55253c666a33,2026_W27,O61069,U19417,P99,2026-07-02 06:21:13,4,5405.7,1544.64,178.67,3614.07,21622.8,20078.16,UPI,Completed
6d8e33e0-b1df-4841-8136-55253c666a33,2026_W27,O61070,U20582,P37,2026-07-04 08:09:41,1,4162.63,194.44,130.44,714.27,4162.63,3968.19,Credit Card,Completed
6d8e33e0-b1df-4841-8136-55253c666a33,2026_W27,O61071,U34150,P153,2026-06-29 18:05:34,1,6806.07,715.56,179.78,1096.29,6806.07,6090.51,UPI,Completed
6d8e33e0-b1df-4841-8136-55253c666a33,2026_W27,O61072,U27530,P70,2026-06-29 20:38:27,1,2270.0,87.6,173.63,392.83,2270.0,2182.4,Credit Card,Completed
6d8e33e0-b1df-4841-8136-55253c666a33,2026_W27,O61073,U14095,P54,2026-07-03 12:36:11,2,7277.34,678.79,93.48,2497.66,14554.68,13875.89,UPI,Completed
6d8e33e0-b1df-4841-8136-55253c666a33,2026_W27,O61074,U26627,P58,2026-06-30 03:32:44,3,2960.66,670.99,155.94,1477.98,8881.98,8210.99,Wallet,Completed
6d8e33e0-b1df-4841-8136-55253c666a33,2026_W27,O61075,U18009,P187,2026-06-30 07:59:48,1,6341.6,171.86,192.71,1110.55,6341.6,6169.740000000001,UPI,Completed
6d8e33e0-b1df-4841-8136-55253c666a33,2026_W27,O61076,U13747,P158,2026-06-30 10:40:03,1,5070.42,726.84,156.22,781.84,5070.42,4343.58,Debit Card,Completed
6d8e33e0-b1df-4841-8136-55253c666a33,2026_W27,O61077,U34022,P99,2026-07-01 09:11:16,3,5405.7,1083.92,51.12,2723.97,16217.099999999999,15133.179999999998,Wallet,Completed
6d8e33e0-b1df-4841-8136-55253c666a33,2026_W27,O61078,U2813,P54,2026-06-29 15:18:51,3,7277.34,1878.76,166.19,3591.59,21832.02,19953.260000000002,Debit Card,Completed
6d8e33e0-b1df-4841-8136-55253c666a33,2026_W27,O61079,U12820,P116,2026-07-02 00:10:28,1,7151.55,649.4,182.72,1170.39,7151.55,6502.150000000001,Credit Card,Completed
6d8e33e0-b1df-4841-8136-55253c666a33,2026_W27,O61080,U831,P108,2026-07-03 20:23:36,4,9991.6,4133.58,151.08,6449.91,39966.4,35832.82,Wallet,Completed
6d8e33e0-b1df-4841-8136-55253c666a33,2026_W27,O61081,U32402,P193,2026-06-30 04:08:42,1,8599.49,230.42,137.12,1506.43,8599.49,8369.07,Wallet,Completed
6d8e33e0-b1df-4841-8136-55253c666a33,2026_W27,O61082,U34615,P72,2026-06-30 10:41:05,4,8298.72,1266.77,94.23,5747.06,33194.88,31928.109999999997,UPI,Completed
6d8e33e0-b1df-4841-8136-55253c666a33,2026_W27,O61083,U29484,P191,2026-06-30 03:35:27,3,9506.3,1478.46,51.47,4867.28,28518.899999999998,27040.44,Debit Card,Completed
6d8e33e0-b1df-4841-8136-55253c666a33,2026_W27,O61084,U18817,P179,2026-07-04 07:37:10,3,4820.9,1662.45,68.48,2304.04,14462.699999999999,12800.249999999998,UPI,Completed
6d8e33e0-b1df-4841-8136-55253c666a33,2026_W27,O61085,U24207,P97,2026-07-01 00:11:14,1,6666.27,68.82,162.97,1187.54,6666.27,6597.450000000001,UPI,Completed
6d8e33e0-b1df-4841-8136-55253c666a33,2026_W27,O61086,U15201,P193,2026-07-04 05:18:51,4,8599.49,2951.74,90.09,5660.32,34397.96,31446.22,Wallet,Completed
6d8e33e0-b1df-4841-8136-55253c666a33,2026_W27,O61087,U18882,P106,2026-07-01 09:06:39,4,7604.77,3169.56,145.87,4904.91,30419.08,27249.52,Debit Card,Completed
6d8e33e0-b1df-4841-8136-55253c666a33,2026_W27,O61088,U27174,P196,2026-07-04 08:07:02,2,9515.08,983.98,119.97,3248.31,19030.16,18046.18,UPI,Completed
6d8e33e0-b1df-4841-8136-55253c666a33,2026_W27,O61089,U11967,P190,2026-07-02 05:02:37,1,3207.6,158.62,111.82,548.82,3207.6,3048.98,UPI,Completed
6d8e33e0-b1df-4841-8136-55253c666a33,2026_W27,O61090,U17422,P36,2026-07-02 04:01:30,3,6802.05,1702.87,179.37,3366.59,20406.15,18703.280000000002,Debit Card,Completed
6d8e33e0-b1df-4841-8136-55253c666a33,2026_W27,O61091,U31504,P94,2026-07-02 20:27:10,3,5614.01,1861.54,55.65,2696.49,16842.03,14980.489999999998,UPI,Completed
6d8e33e0-b1df-4841-8136-55253c666a33,2026_W27,O61092,U27508,P189,2026-07-03 00:30:31,2,5649.84,1530.74,151.52,1758.41,11299.68,9768.94,Wallet,Completed
6d8e33e0-b1df-4841-8136-55253c666a33,2026_W27,O61093,U24073,P185,2026-07-05 00:39:20,4,2854.87,1585.13,90.67,1770.18,11419.48,9834.349999999999,UPI,Completed
6d8e33e0-b1df-4841-8136-55253c666a33,2026_W27,O61094,U2536,P180,2026-06-30 23:45:47,4,2355.52,969.43,127.12,1521.48,9422.08,8452.65,Wallet,Completed
6d8e33e0-b1df-4841-8136-55253c666a33,2026_W27,O61095,U3757,P30,2026-06-30 04:35:03,2,6995.67,857.92,70.31,2364.02,13991.34,13133.42,Debit Card,Completed
6d8e33e0-b1df-4841-8136-55253c666a33,2026_W27,O61096,U22452,P172,2026-07-01 08:17:05,4,7555.52,422.91,96.08,5363.85,30222.08,29799.170000000002,UPI,Completed
6d8e33e0-b1df-4841-8136-55253c666a33,2026_W27,O61097,U14432,P153,2026-06-30 02:56:00,1,6806.07,743.12,146.2,1091.33,6806.07,6062.95,Wallet,Completed
6d8e33e0-b1df-4841-8136-55253c666a33,2026_W27,O61098,U27798,P101,2026-06-30 00:02:52,4,8924.96,1220.44,120.27,6206.29,35699.84,34479.399999999994,Credit Card,Completed
6d8e33e0-b1df-4841-8136-55253c666a33,2026_W27,O61099,U32145,P3,2026-07-03 19:53:58,3,3037.18,861.96,94.05,1484.92,9111.539999999999,8249.579999999998,Credit Card,Completed
6d8e33e0-b1df-4841-8136-55253c666a33,2026_W27,O61100,U15688,P62,2026-07-01 13:01:11,2,8933.75,258.69,121.71,3169.59,17867.5,17608.81,UPI,Completed
6d8e33e0-b1df-4841-8136-55253c666a33,2026_W27,O61101,U23856,P33,2026-07-04 16:11:51,1,5573.38,572.28,78.14,900.2,5573.38,5001.1,Wallet,Completed
6d8e33e0-b1df-4841-8136-55253c666a33,2026_W27,O61102,U20249,P93,2026-07-04 14:30:01,1,5463.71,352.24,170.12,920.06,5463.71,5111.47,Debit Card,Completed
6d8e33e0-b1df-4841-8136-55253c666a33,2026_W27,O61103,U24130,P85,2026-07-04 05:21:08,3,2941.32,1047.54,118.56,1399.76,8823.960000000001,7776.420000000001,Wallet,Completed
6d8e33e0-b1df-4841-8136-55253c666a33,2026_W27,O61104,U26619,P165,2026-07-02 09:58:42,2,4483.27,573.01,94.35,1510.84,8966.54,8393.53,Debit Card,Completed
6d8e33e0-b1df-4841-8136-55253c666a33,2026_W27,O61105,U8918,P115,2026-06-30 15:01:36,4,10677.61,3409.36,178.15,7074.19,42710.44,39301.08,Wallet,Completed
6d8e33e0-b1df-4841-8136-55253c666a33,2026_W27,O61106,U32965,P63,2026-07-01 08:00:56,4,9352.06,4417.16,51.29,5938.39,37408.24,32991.08,Credit Card,Completed
6d8e33e0-b1df-4841-8136-55253c666a33,2026_W27,O61107,U24076,P190,2026-07-01 16:53:56,1,3207.6,6.53,186.38,576.19,3207.6,3201.0699999999997,UPI,Completed
6d8e33e0-b1df-4841-8136-55253c666a33,2026_W27,O61108,U34943,P64,2026-07-01 12:51:56,4,3844.36,589.03,80.27,2661.91,15377.44,14788.41,UPI,Completed
6d8e33e0-b1df-4841-8136-55253c666a33,2026_W27,O61109,U11469,P188,2026-07-04 11:15:48,3,2967.62,465.88,100.34,1518.66,8902.86,8436.980000000001,UPI,Completed
6d8e33e0-b1df-4841-8136-55253c666a33,2026_W27,O61110,U21165,P49,2026-07-03 22:27:01,3,8208.46,294.61,150.86,4379.54,24625.379999999997,24330.769999999997,Debit Card,Completed
6d8e33e0-b1df-4841-8136-55253c666a33,2026_W27,O61111,U23346,P126,2026-07-01 03:03:55,3,9456.09,1402.81,93.46,4853.78,28368.27,26965.46,Debit Card,Completed
6d8e33e0-b1df-4841-8136-55253c666a33,2026_W27,O61112,U15509,P10,2026-07-01 21:43:53,2,3822.68,476.52,147.13,1290.39,7645.36,7168.84,UPI,Completed
6d8e33e0-b1df-4841-8136-55253c666a33,2026_W27,O61113,U18294,P36,2026-07-05 03:55:55,3,6802.05,209.77,103.64,3635.35,20406.15,20196.38,Credit Card,Completed
6d8e33e0-b1df-4841-8136-55253c666a33,2026_W27,O61114,U17530,P112,2026-06-30 02:19:43,2,7164.07,470.9,61.62,2494.3,14328.14,13857.24,UPI,Completed
6d8e33e0-b1df-4841-8136-55253c666a33,2026_W27,O61115,U3072,P3,2026-07-04 12:21:54,1,3037.18,183.94,89.09,513.58,3037.18,2853.24,UPI,Completed
6d8e33e0-b1df-4841-8136-55253c666a33,2026_W27,O61116,U7472,P175,2026-07-05 06:57:11,1,3999.32,188.19,170.29,686.0,3999.32,3811.13,UPI,Completed
6d8e33e0-b1df-4841-8136-55253c666a33,2026_W27,O61117,U23949,P26,2026-07-04 13:43:25,4,5113.55,2603.91,144.47,3213.05,20454.2,17850.29,Debit Card,Completed
6d8e33e0-b1df-4841-8136-55253c666a33,2026_W27,O61118,U29713,P171,2026-07-02 07:12:22,1,2305.74,203.32,150.02,378.44,2305.74,2102.4199999999996,Wallet,Completed
6d8e33e0-b1df-4841-8136-55253c666a33,2026_W27,O61119,U9646,P115,2026-07-04 02:42:31,2,10677.61,1265.5,179.8,3616.15,21355.22,20089.72,Debit Card,Completed
6d8e33e0-b1df-4841-8136-55253c666a33,2026_W27,O61120,U34945,P9,2026-07-02 12:53:54,3,5229.72,985.36,153.78,2646.68,15689.16,14703.8,Credit Card,Completed
6d8e33e0-b1df-4841-8136-55253c666a33,2026_W27,O61121,U34529,P76,2026-07-02 19:08:32,3,7097.72,684.14,142.99,3709.62,21293.16,20609.02,Wallet,Completed
6d8e33e0-b1df-4841-8136-55253c666a33,2026_W27,O61122,U16710,P19,2026-06-30 16:43:42,4,5633.25,2336.44,110.99,3635.38,22533.0,20196.56,UPI,Completed
6d8e33e0-b1df-4841-8136-55253c666a33,2026_W27,O61123,U30590,P87,2026-07-02 02:13:08,2,7207.16,719.8,177.99,2465.01,14414.32,13694.52,Debit Card,Completed
6d8e33e0-b1df-4841-8136-55253c666a33,2026_W27,O61124,U5072,P183,2026-07-03 23:02:16,3,4514.63,963.82,146.22,2264.41,13543.89,12580.07,Credit Card,Completed
6d8e33e0-b1df-4841-8136-55253c666a33,2026_W27,O61125,U13483,P71,2026-06-29 16:32:01,2,7798.35,1405.69,135.22,2554.38,15596.7,14191.01,Credit Card,Completed
6d8e33e0-b1df-4841-8136-55253c666a33,2026_W27,O61126,U24072,P138,2026-07-01 22:41:29,3,6625.4,646.94,190.16,3461.27,19876.199999999997,19229.26,UPI,Completed
6d8e33e0-b1df-4841-8136-55253c666a33,2026_W27,O61127,U19296,P155,2026-06-29 21:25:45,4,7895.96,324.47,113.3,5626.69,31583.84,31259.37,UPI,Completed
6d8e33e0-b1df-4841-8136-55253c666a33,2026_W27,O61128,U5214,P139,2026-07-01 23:12:02,1,7373.8,677.8,113.31,1205.28,7373.8,6696.0,Credit Card,Completed
6d8e33e0-b1df-4841-8136-55253c666a33,2026_W27,O61129,U7209,P189,2026-07-05 02:20:09,1,5649.84,287.07,142.65,965.3,5649.84,5362.77,Wallet,Completed
6d8e33e0-b1df-4841-8136-55253c666a33,2026_W27,O61130,U11768,P108,2026-07-01 14:01:36,1,9991.6,1294.19,50.75,1565.53,9991.6,8697.41,Credit Card,Completed
6d8e33e0-b1df-4841-8136-55253c666a33,2026_W27,O61131,U25138,P74,2026-07-03 07:08:26,1,6172.48,561.37,85.57,1010.0,6172.48,5611.11,Debit Card,Completed
6d8e33e0-b1df-4841-8136-55253c666a33,2026_W27,O61132,U15298,P172,2026-07-02 15:31:05,2,7555.52,850.28,192.02,2566.94,15111.04,14260.76,Credit Card,Completed
6d8e33e0-b1df-4841-8136-55253c666a33,2026_W27,O61133,U2044,P43,2026-07-04 21:43:22,3,8672.85,870.92,143.76,4526.57,26018.550000000003,25147.630000000005,Debit Card,Completed
6d8e33e0-b1df-4841-8136-55253c666a33,2026_W27,O61134,U24679,P152,2026-06-29 18:04:49,4,5413.06,1647.67,139.84,3600.82,21652.24,20004.57,Wallet,Completed
6d8e33e0-b1df-4841-8136-55253c666a33,2026_W27,O61135,U13901,P43,2026-07-03 13:38:13,3,8672.85,162.48,54.74,4654.09,26018.550000000003,25856.070000000003,Wallet,Completed
6d8e33e0-b1df-4841-8136-55253c666a33,2026_W27,O61136,U5340,P48,2026-07-04 13:07:17,4,3057.39,721.18,80.65,2071.51,12229.56,11508.38,Wallet,Completed
6d8e33e0-b1df-4841-8136-55253c666a33,2026_W27,O61137,U19485,P89,2026-06-29 22:07:34,1,10552.75,439.55,155.39,1820.38,10552.75,10113.2,Debit Card,Completed
6d8e33e0-b1df-4841-8136-55253c666a33,2026_W27,O61138,U8020,P175,2026-07-01 00:14:25,4,3999.32,1258.92,136.07,2652.9,15997.28,14738.36,Debit Card,Completed
6d8e33e0-b1df-4841-8136-55253c666a33,2026_W27,O61139,U10091,P20,2026-07-05 07:44:17,4,3016.27,1754.89,199.92,1855.83,12065.08,10310.19,Debit Card,Completed
6d8e33e0-b1df-4841-8136-55253c666a33,2026_W27,O61140,U26986,P86,2026-07-02 21:39:13,3,9877.51,3211.78,181.45,4755.73,29632.53,26420.75,Debit Card,Completed
6d8e33e0-b1df-4841-8136-55253c666a33,2026_W27,O61141,U30060,P145,2026-07-04 16:04:13,3,6190.5,562.18,134.66,3241.68,18571.5,18009.32,Debit Card,Completed
6d8e33e0-b1df-4841-8136-55253c666a33,2026_W27,O61142,U189,P36,2026-07-03 13:50:38,1,6802.05,462.93,184.34,1141.04,6802.05,6339.12,Wallet,Completed
6d8e33e0-b1df-4841-8136-55253c666a33,2026_W27,O61143,U10955,P159,2026-07-03 21:02:45,1,5801.91,764.98,188.47,906.65,5801.91,5036.93,Credit Card,Completed
6d8e33e0-b1df-4841-8136-55253c666a33,2026_W27,O61144,U14123,P199,2026-07-04 09:17:11,2,4054.66,196.74,165.54,1424.26,8109.32,7912.58,Wallet,Completed
6d8e33e0-b1df-4841-8136-55253c666a33,2026_W27,O61145,U24076,P51,2026-06-30 14:43:57,1,5399.93,187.59,196.14,938.22,5399.93,5212.34,UPI,Completed
6d8e33e0-b1df-4841-8136-55253c666a33,2026_W27,O61146,U20359,P109,2026-07-01 13:13:19,4,8070.73,2890.66,54.76,5290.61,32282.92,29392.26,Wallet,Completed
6d8e33e0-b1df-4841-8136-55253c666a33,2026_W27,O61147,U16448,P119,2026-07-01 11:14:48,2,9225.28,1286.14,180.52,3089.6,18450.56,17164.420000000002,Credit Card,Completed
6d8e33e0-b1df-4841-8136-55253c666a33,2026_W27,O61148,U11243,P124,2026-07-04 10:51:20,4,5965.84,363.15,106.54,4230.04,23863.36,23500.21,Credit Card,Completed
6d8e33e0-b1df-4841-8136-55253c666a33,2026_W27,O61149,U14869,P83,2026-06-30 00:42:07,1,2067.84,255.97,172.52,326.14,2067.84,1811.8700000000001,UPI,Completed
6d8e33e0-b1df-4841-8136-55253c666a33,2026_W27,O61150,U32071,P61,2026-07-01 06:16:25,3,7869.26,1237.1,152.29,4026.72,23607.78,22370.68,Debit Card,Completed
6d8e33e0-b1df-4841-8136-55253c666a33,2026_W27,O61151,U31872,P58,2026-07-04 08:20:36,1,2960.66,41.5,173.18,525.45,2960.66,2919.16,Debit Card,Completed
6d8e33e0-b1df-4841-8136-55253c666a33,2026_W27,O61152,U24615,P41,2026-06-30 11:13:20,2,1959.52,139.25,118.72,680.36,3919.04,3779.79,UPI,Completed
6d8e33e0-b1df-4841-8136-55253c666a33,2026_W27,O61153,U9255,P60,2026-07-03 15:35:32,4,3368.43,1732.47,108.64,2113.42,13473.72,11741.25,Credit Card,Completed
6d8e33e0-b1df-4841-8136-55253c666a33,2026_W27,O61154,U27735,P56,2026-07-04 19:04:52,2,5764.47,1672.3,54.93,1774.2,11528.94,9856.640000000001,Wallet,Completed
6d8e33e0-b1df-4841-8136-55253c666a33,2026_W27,O61155,U18178,P128,2026-07-05 04:19:16,2,3543.69,179.08,129.25,1243.49,7087.38,6908.3,Wallet,Completed
6d8e33e0-b1df-4841-8136-55253c666a33,2026_W27,O61156,U11995,P65,2026-07-03 02:15:13,2,7295.29,295.69,139.8,2573.08,14590.58,14294.89,Debit Card,Completed
6d8e33e0-b1df-4841-8136-55253c666a33,2026_W27,O61157,U12926,P140,2026-06-30 02:28:54,1,3100.99,352.65,174.08,494.7,3100.99,2748.3399999999997,Wallet,Completed
6d8e33e0-b1df-4841-8136-55253c666a33,2026_W27,O61158,U17652,P106,2026-07-02 07:52:27,3,7604.77,1452.77,155.58,3845.08,22814.31,21361.54,Credit Card,Completed
6d8e33e0-b1df-4841-8136-55253c666a33,2026_W27,O61159,U30798,P119,2026-07-04 23:40:53,4,9225.28,5380.64,132.14,5673.69,36901.12,31520.480000000003,Wallet,Completed
6d8e33e0-b1df-4841-8136-55253c666a33,2026_W27,O61160,U26551,P170,2026-06-29 15:54:55,3,2647.64,142.26,134.03,1404.12,7942.92,7800.66,Wallet,Completed
6d8e33e0-b1df-4841-8136-55253c666a33,2026_W27,O61161,U2468,P16,2026-06-29 12:46:21,3,3158.68,376.23,155.27,1637.97,9476.039999999999,9099.81,Debit Card,Completed
6d8e33e0-b1df-4841-8136-55253c666a33,2026_W27,O61162,U12854,P192,2026-07-04 04:59:01,4,11414.94,1598.15,138.51,7931.09,45659.76,44061.61,Credit Card,Completed
6d8e33e0-b1df-4841-8136-55253c666a33,2026_W27,O61163,U34383,P51,2026-07-03 06:31:17,3,5399.93,1403.97,51.45,2663.25,16199.79,14795.820000000002,Wallet,Completed
6d8e33e0-b1df-4841-8136-55253c666a33,2026_W27,O61164,U10651,P151,2026-07-02 18:10:10,4,9624.05,178.05,83.68,6897.27,38496.2,38318.149999999994,Credit Card,Completed
6d8e33e0-b1df-4841-8136-55253c666a33,2026_W27,O61165,U22793,P83,2026-07-01 09:46:17,1,2067.84,214.93,85.28,333.52,2067.84,1852.91,Credit Card,Completed
6d8e33e0-b1df-4841-8136-55253c666a33,2026_W27,O61166,U11384,P111,2026-07-03 20:48:03,2,7719.79,1413.0,74.2,2524.78,15439.58,14026.58,Wallet,Completed
6d8e33e0-b1df-4841-8136-55253c666a33,2026_W27,O61167,U5094,P106,2026-06-29 10:03:58,3,7604.77,69.61,55.26,4094.05,22814.31,22744.7,UPI,Completed
6d8e33e0-b1df-4841-8136-55253c666a33,2026_W27,O61168,U7461,P106,2026-07-04 07:00:03,3,7604.77,2708.55,193.85,3619.04,22814.31,20105.760000000002,Credit Card,Completed
6d8e33e0-b1df-4841-8136-55253c666a33,2026_W27,O61169,U34748,P177,2026-07-05 07:46:36,2,9676.29,607.51,55.21,3374.11,19352.58,18745.070000000003,Wallet,Completed
6d8e33e0-b1df-4841-8136-55253c666a33,2026_W27,O61170,U7873,P145,2026-07-01 05:49:15,4,6190.5,3294.13,97.21,3864.22,24762.0,21467.87,Wallet,Completed
6d8e33e0-b1df-4841-8136-55253c666a33,2026_W27,O61171,U15377,P100,2026-07-03 14:44:13,2,1750.2,457.48,148.19,547.73,3500.4,3042.92,Wallet,Completed
6d8e33e0-b1df-4841-8136-55253c666a33,2026_W27,O61172,U703,P152,2026-07-04 14:41:57,3,5413.06,743.29,51.28,2789.26,16239.18,15495.89,UPI,Completed
6d8e33e0-b1df-4841-8136-55253c666a33,2026_W27,O61173,U33397,P63,2026-06-30 09:47:58,4,9352.06,5437.36,95.21,5754.76,37408.24,31970.879999999997,Wallet,Completed
6d8e33e0-b1df-4841-8136-55253c666a33,2026_W27,O61174,U17626,P44,2026-06-29 11:58:58,4,1407.86,121.41,115.18,991.81,5631.44,5510.03,UPI,Completed
6d8e33e0-b1df-4841-8136-55253c666a33,2026_W27,O61175,U27419,P135,2026-06-30 09:39:24,1,5890.55,352.79,158.05,996.8,5890.55,5537.76,Credit Card,Completed
6d8e33e0-b1df-4841-8136-55253c666a33,2026_W27,O61176,U1387,P7,2026-06-30 10:46:59,3,9852.33,600.59,106.65,5212.15,29556.989999999998,28956.399999999998,UPI,Completed
6d8e33e0-b1df-4841-8136-55253c666a33,2026_W27,O61177,U17816,P186,2026-07-03 08:43:02,1,7480.33,483.84,75.9,1259.37,7480.33,6996.49,Wallet,Completed
6d8e33e0-b1df-4841-8136-55253c666a33,2026_W27,O61178,U24162,P23,2026-06-29 22:15:58,4,7426.47,1248.23,191.87,5122.38,29705.88,28457.65,Debit Card,Completed
6d8e33e0-b1df-4841-8136-55253c666a33,2026_W27,O61179,U25558,P48,2026-07-01 13:08:26,1,3057.39,229.42,178.37,509.03,3057.39,2827.97,Wallet,Completed
6d8e33e0-b1df-4841-8136-55253c666a33,2026_W27,O61180,U15387,P29,2026-07-02 11:30:47,1,1618.44,109.15,152.87,271.67,1618.44,1509.29,UPI,Completed
6d8e33e0-b1df-4841-8136-55253c666a33,2026_W27,O61181,U1915,P18,2026-07-01 22:36:02,3,3465.55,42.92,172.99,1863.67,10396.650000000001,10353.730000000001,UPI,Completed
6d8e33e0-b1df-4841-8136-55253c666a33,2026_W27,O61182,U1205,P46,2026-07-05 03:19:56,1,2979.32,38.92,196.62,529.27,2979.32,2940.4,Credit Card,Completed
6d8e33e0-b1df-4841-8136-55253c666a33,2026_W27,O61183,U33488,P68,2026-07-01 16:29:26,1,4352.35,366.71,119.4,717.42,4352.35,3985.6400000000003,Debit Card,Completed
6d8e33e0-b1df-4841-8136-55253c666a33,2026_W27,O61184,U15120,P150,2026-07-01 10:01:18,4,3907.63,2241.63,144.05,2410.0,15630.52,13388.89,Credit Card,Completed
6d8e33e0-b1df-4841-8136-55253c666a33,2026_W27,O61185,U33175,P63,2026-06-29 23:35:45,4,9352.06,4187.42,191.2,5979.75,37408.24,33220.82,Credit Card,Completed
6d8e33e0-b1df-4841-8136-55253c666a33,2026_W27,O61186,U7606,P48,2026-07-01 07:47:31,2,3057.39,311.82,67.69,1044.53,6114.78,5802.96,UPI,Completed
6d8e33e0-b1df-4841-8136-55253c666a33,2026_W27,O61187,U17492,P160,2026-07-04 08:28:46,2,5179.64,245.73,112.99,1820.44,10359.28,10113.550000000001,Wallet,Completed
6d8e33e0-b1df-4841-8136-55253c666a33,2026_W27,O61188,U7135,P130,2026-07-02 20:58:35,4,9584.05,141.7,170.47,6875.01,38336.2,38194.5,UPI,Completed
6d8e33e0-b1df-4841-8136-55253c666a33,2026_W27,O61189,U15660,P53,2026-07-02 00:32:05,1,5893.03,829.81,97.77,911.38,5893.03,5063.219999999999,Debit Card,Completed
6d8e33e0-b1df-4841-8136-55253c666a33,2026_W27,O61190,U25297,P64,2026-07-03 11:58:38,2,3844.36,295.83,54.31,1330.72,7688.72,7392.89,Credit Card,Completed
6d8e33e0-b1df-4841-8136-55253c666a33,2026_W27,O61191,U13451,P92,2026-07-04 13:23:23,1,5271.05,371.45,92.34,881.93,5271.05,4899.6,Wallet,Completed
6d8e33e0-b1df-4841-8136-55253c666a33,2026_W27,O61192,U10437,P63,2026-07-02 00:12:12,3,9352.06,3993.77,70.85,4331.23,28056.18,24062.41,Wallet,Completed
6d8e33e0-b1df-4841-8136-55253c666a33,2026_W27,O61193,U33244,P139,2026-07-05 05:00:48,4,7373.8,1827.3,62.5,4980.22,29495.2,27667.9,Wallet,Completed
6d8e33e0-b1df-4841-8136-55253c666a33,2026_W27,O61194,U1263,P119,2026-06-29 10:48:40,1,9225.28,836.09,129.44,1510.05,9225.28,8389.19,Wallet,Completed
6d8e33e0-b1df-4841-8136-55253c666a33,2026_W27,O61195,U12852,P65,2026-07-05 02:04:29,1,7295.29,453.01,178.4,1231.61,7295.29,6842.28,Wallet,Completed
6d8e33e0-b1df-4841-8136-55253c666a33,2026_W27,O61196,U34825,P29,2026-07-05 05:53:33,4,1618.44,960.77,67.92,992.34,6473.76,5512.99,UPI,Completed
6d8e33e0-b1df-4841-8136-55253c666a33,2026_W27,O61197,U15591,P24,2026-07-03 20:40:40,3,4112.52,387.85,79.94,2150.95,12337.560000000001,11949.710000000001,Credit Card,Completed
6d8e33e0-b1df-4841-8136-55253c666a33,2026_W27,O61198,U33943,P17,2026-07-04 20:17:26,4,6241.42,2528.13,96.25,4038.76,24965.68,22437.55,Wallet,Completed
6d8e33e0-b1df-4841-8136-55253c666a33,2026_W27,O61199,U31004,P91,2026-07-02 17:55:57,3,7800.01,386.59,54.85,4142.42,23400.03,23013.44,Wallet,Completed
6d8e33e0-b1df-4841-8136-55253c666a33,2026_W27,O61200,U32259,P185,2026-07-01 06:21:54,4,2854.87,180.01,161.73,2023.1,11419.48,11239.47,UPI,Completed
6d8e33e0-b1df-4841-8136-55253c666a33,2026_W27,O61201,U26989,P125,2026-07-03 21:01:04,1,9952.48,619.98,135.04,1679.85,9952.48,9332.5,Wallet,Completed
6d8e33e0-b1df-4841-8136-55253c666a33,2026_W27,O61202,U30730,P24,2026-07-01 06:39:45,1,4112.52,384.73,83.19,671.0,4112.52,3727.7900000000004,Credit Card,Completed
6d8e33e0-b1df-4841-8136-55253c666a33,2026_W27,O61203,U14591,P142,2026-06-30 13:36:49,3,9238.71,156.63,195.9,4960.71,27716.129999999997,27559.499999999996,UPI,Completed
6d8e33e0-b1df-4841-8136-55253c666a33,2026_W27,O61204,U10726,P43,2026-06-30 13:05:46,1,8672.85,1237.37,129.72,1338.39,8672.85,7435.4800000000005,Debit Card,Completed
6d8e33e0-b1df-4841-8136-55253c666a33,2026_W27,O61205,U882,P26,2026-07-05 01:19:12,2,5113.55,653.95,97.59,1723.17,10227.1,9573.15,Debit Card,Completed
6d8e33e0-b1df-4841-8136-55253c666a33,2026_W27,O61206,U31582,P148,2026-07-01 10:24:17,2,1578.46,307.93,115.57,512.82,3156.92,2848.9900000000002,Debit Card,Completed
6d8e33e0-b1df-4841-8136-55253c666a33,2026_W27,O61207,U26118,P30,2026-06-30 13:03:11,2,6995.67,1265.01,194.07,2290.74,13991.34,12726.33,Debit Card,Completed
6d8e33e0-b1df-4841-8136-55253c666a33,2026_W27,O61208,U3342,P71,2026-07-05 05:05:42,2,7798.35,1834.29,60.13,2477.23,15596.7,13762.41,Wallet,Completed
6d8e33e0-b1df-4841-8136-55253c666a33,2026_W27,O61209,U7916,P127,2026-07-01 07:39:04,2,4862.09,518.97,178.11,1656.94,9724.18,9205.210000000001,Wallet,Completed
6d8e33e0-b1df-4841-8136-55253c666a33,2026_W27,O61210,U15007,P95,2026-07-02 11:39:03,3,5783.09,1264.49,128.19,2895.26,17349.27,16084.78,Credit Card,Completed
6d8e33e0-b1df-4841-8136-55253c666a33,2026_W27,O61211,U21435,P185,2026-06-30 21:04:19,4,2854.87,669.9,136.2,1934.92,11419.48,10749.58,Debit Card,Completed
6d8e33e0-b1df-4841-8136-55253c666a33,2026_W27,O61212,U15660,P144,2026-07-03 21:42:37,1,4498.08,555.79,126.67,709.61,4498.08,3942.29,Debit Card,Completed
6d8e33e0-b1df-4841-8136-55253c666a33,2026_W27,O61213,U1210,P88,2026-07-01 09:09:33,2,11704.48,2571.47,53.36,3750.75,23408.96,20837.489999999998,Wallet,Completed
6d8e33e0-b1df-4841-8136-55253c666a33,2026_W27,O61214,U27275,P32,2026-07-01 11:16:05,3,4904.65,69.06,149.15,2636.08,14713.949999999999,14644.89,UPI,Completed
6d8e33e0-b1df-4841-8136-55253c666a33,2026_W27,O61215,U19609,P126,2026-07-03 17:18:27,3,9456.09,3137.46,55.91,4541.55,28368.27,25230.81,Credit Card,Completed
6d8e33e0-b1df-4841-8136-55253c666a33,2026_W27,O61216,U31387,P187,2026-07-02 19:20:11,3,6341.6,1168.22,184.9,3214.18,19024.800000000003,17856.58,Debit Card,Completed
6d8e33e0-b1df-4841-8136-55253c666a33,2026_W27,O61217,U30846,P98,2026-06-30 18:07:56,4,7289.76,4311.58,117.91,4472.54,29159.04,24847.46,Wallet,Completed
6d8e33e0-b1df-4841-8136-55253c666a33,2026_W27,O61218,U30758,P128,2026-06-30 23:17:48,3,3543.69,753.17,86.57,1778.02,10631.07,9877.9,Wallet,Completed
6d8e33e0-b1df-4841-8136-55253c666a33,2026_W27,O61219,U13578,P74,2026-06-29 10:26:52,3,6172.48,2396.33,149.88,2901.8,18517.44,16121.109999999999,Debit Card,Completed
6d8e33e0-b1df-4841-8136-55253c666a33,2026_W27,O61220,U31710,P31,2026-06-30 12:24:54,1,3171.15,360.26,121.85,505.96,3171.15,2810.8900000000003,UPI,Completed
6d8e33e0-b1df-4841-8136-55253c666a33,2026_W27,O61221,U25169,P159,2026-06-30 22:21:51,4,5801.91,276.48,52.8,4127.61,23207.64,22931.16,Debit Card,Completed
6d8e33e0-b1df-4841-8136-55253c666a33,2026_W27,O61222,U19741,P57,2026-07-03 13:18:39,1,8411.78,182.44,120.79,1481.28,8411.78,8229.34,Credit Card,Completed
6d8e33e0-b1df-4841-8136-55253c666a33,2026_W27,O61223,U29991,P70,2026-07-02 00:19:32,1,2270.0,80.89,143.81,394.04,2270.0,2189.11,UPI,Completed
6d8e33e0-b1df-4841-8136-55253c666a33,2026_W27,O61224,U27419,P36,2026-07-04 15:41:04,4,6802.05,2099.99,117.76,4519.48,27208.2,25108.21,UPI,Completed
6d8e33e0-b1df-4841-8136-55253c666a33,2026_W27,O61225,U9444,P154,2026-06-29 13:31:56,2,3395.73,678.02,128.41,1100.42,6791.46,6113.4400000000005,UPI,Completed
6d8e33e0-b1df-4841-8136-55253c666a33,2026_W27,O61226,U3499,P88,2026-07-04 06:37:03,3,11704.48,4205.45,88.95,5563.44,35113.44,30907.99,Wallet,Completed
6d8e33e0-b1df-4841-8136-55253c666a33,2026_W27,O61227,U3950,P40,2026-06-30 12:37:35,2,7370.62,1637.9,108.8,2358.6,14741.24,13103.34,Wallet,Completed
6d8e33e0-b1df-4841-8136-55253c666a33,2026_W27,O61228,U12164,P176,2026-07-01 00:11:54,4,4894.11,153.38,179.88,3496.15,19576.44,19423.059999999998,UPI,Completed
6d8e33e0-b1df-4841-8136-55253c666a33,2026_W27,O61229,U18110,P34,2026-06-30 21:50:29,4,3432.36,453.17,171.45,2389.73,13729.44,13276.27,UPI,Completed
6d8e33e0-b1df-4841-8136-55253c666a33,2026_W27,O61230,U26669,P179,2026-07-03 02:42:58,3,4820.9,1903.8,67.34,2260.6,14462.699999999999,12558.9,Wallet,Completed
6d8e33e0-b1df-4841-8136-55253c666a33,2026_W27,O61231,U27483,P75,2026-07-04 12:20:43,4,10051.65,1294.16,101.67,7004.24,40206.6,38912.439999999995,Credit Card,Completed
6d8e33e0-b1df-4841-8136-55253c666a33,2026_W27,O61232,U26619,P175,2026-06-29 17:00:50,1,3999.32,120.9,139.59,698.12,3999.32,3878.42,UPI,Completed
6d8e33e0-b1df-4841-8136-55253c666a33,2026_W27,O61233,U31280,P184,2026-07-02 00:26:02,3,2360.41,220.45,79.95,1234.94,7081.23,6860.78,Wallet,Completed
6d8e33e0-b1df-4841-8136-55253c666a33,2026_W27,O61234,U9346,P124,2026-06-30 22:47:29,1,5965.84,303.44,92.94,1019.23,5965.84,5662.400000000001,Wallet,Completed
6d8e33e0-b1df-4841-8136-55253c666a33,2026_W27,O61235,U14932,P155,2026-07-04 18:30:43,1,7895.96,133.46,100.4,1397.25,7895.96,7762.5,UPI,Completed
6d8e33e0-b1df-4841-8136-55253c666a33,2026_W27,O61236,U109,P165,2026-07-03 21:28:06,4,4483.27,1398.53,149.44,2976.22,17933.08,16534.550000000003,Debit Card,Completed
6d8e33e0-b1df-4841-8136-55253c666a33,2026_W27,O61237,U4447,P112,2026-06-29 17:46:03,1,7164.07,578.28,119.41,1185.44,7164.07,6585.79,UPI,Completed
6d8e33e0-b1df-4841-8136-55253c666a33,2026_W27,O61238,U4207,P192,2026-06-29 18:37:35,3,11414.94,3732.44,53.18,5492.23,34244.82,30512.38,UPI,Completed
6d8e33e0-b1df-4841-8136-55253c666a33,2026_W27,O61239,U33445,P123,2026-07-01 01:45:02,1,11056.51,694.52,130.0,1865.16,11056.51,10361.99,Credit Card,Completed
6d8e33e0-b1df-4841-8136-55253c666a33,2026_W27,O61240,U732,P170,2026-06-30 11:30:24,4,2647.64,572.73,51.14,1803.21,10590.56,10017.83,Debit Card,Completed
6d8e33e0-b1df-4841-8136-55253c666a33,2026_W27,O61241,U32335,P198,2026-07-04 21:11:06,1,4611.32,447.03,169.12,749.57,4611.32,4164.29,Wallet,Completed
6d8e33e0-b1df-4841-8136-55253c666a33,2026_W27,O61242,U8020,P79,2026-07-01 05:24:59,3,4174.75,1221.08,147.98,2034.57,12524.25,11303.17,Credit Card,Completed
6d8e33e0-b1df-4841-8136-55253c666a33,2026_W27,O61243,U18915,P177,2026-07-05 01:22:07,3,9676.29,3922.16,169.46,4519.21,29028.870000000003,25106.710000000003,Debit Card,Completed
6d8e33e0-b1df-4841-8136-55253c666a33,2026_W27,O61244,U907,P83,2026-07-01 05:07:38,2,2067.84,308.2,60.72,688.95,4135.68,3827.4800000000005,Debit Card,Completed
6d8e33e0-b1df-4841-8136-55253c666a33,2026_W27,O61245,U3030,P184,2026-06-30 10:32:47,1,2360.41,302.81,117.73,370.37,2360.41,2057.6,UPI,Completed
6d8e33e0-b1df-4841-8136-55253c666a33,2026_W27,O61246,U12308,P22,2026-07-01 10:22:46,2,9175.57,1568.75,154.06,3020.83,18351.14,16782.39,Wallet,Completed
6d8e33e0-b1df-4841-8136-55253c666a33,2026_W27,O61247,U16621,P88,2026-07-03 12:45:33,2,11704.48,1991.42,80.2,3855.16,23408.96,21417.54,Credit Card,Completed
6d8e33e0-b1df-4841-8136-55253c666a33,2026_W27,O61248,U289,P185,2026-07-02 06:12:13,1,2854.87,417.89,124.74,438.66,2854.87,2436.98,Credit Card,Completed
6d8e33e0-b1df-4841-8136-55253c666a33,2026_W27,O61249,U23678,P130,2026-07-04 09:30:11,3,9584.05,1038.41,68.42,4988.47,28752.149999999998,27713.739999999998,Wallet,Completed
6d8e33e0-b1df-4841-8136-55253c666a33,2026_W27,O61250,U31693,P117,2026-07-02 13:36:55,4,1818.08,374.88,69.4,1241.54,7272.32,6897.44,UPI,Completed
6d8e33e0-b1df-4841-8136-55253c666a33,2026_W27,O61251,U10808,P137,2026-07-02 14:42:02,1,2618.72,256.59,189.74,425.18,2618.72,2362.1299999999997,Credit Card,Completed
6d8e33e0-b1df-4841-8136-55253c666a33,2026_W27,O61252,U26329,P183,2026-06-30 00:20:40,4,4514.63,1971.69,188.97,2895.63,18058.52,16086.83,Credit Card,Completed
6d8e33e0-b1df-4841-8136-55253c666a33,2026_W27,O61253,U22095,P160,2026-07-01 01:47:42,3,5179.64,1049.25,64.55,2608.14,15538.920000000002,14489.670000000002,Credit Card,Completed
6d8e33e0-b1df-4841-8136-55253c666a33,2026_W27,O61254,U20542,P56,2026-07-04 18:07:19,2,5764.47,1294.65,184.61,1842.17,11528.94,10234.29,Debit Card,Completed
6d8e33e0-b1df-4841-8136-55253c666a33,2026_W27,O61255,U13938,P195,2026-07-02 23:11:14,4,6655.83,2277.59,147.42,4382.23,26623.32,24345.73,Debit Card,Completed
6d8e33e0-b1df-4841-8136-55253c666a33,2026_W27,O61256,U10954,P79,2026-07-03 09:57:19,4,4174.75,766.63,197.52,2867.83,16699.0,15932.37,Credit Card,Completed
6d8e33e0-b1df-4841-8136-55253c666a33,2026_W27,O61257,U31872,P117,2026-06-30 17:58:53,2,1818.08,308.97,182.82,598.89,3636.16,3327.1899999999996,Debit Card,Completed
6d8e33e0-b1df-4841-8136-55253c666a33,2026_W27,O61258,U1601,P74,2026-07-04 03:01:10,3,6172.48,1409.91,135.27,3079.36,18517.44,17107.53,UPI,Completed
6d8e33e0-b1df-4841-8136-55253c666a33,2026_W27,O61259,U11723,P29,2026-07-01 21:50:06,3,1618.44,36.63,152.68,867.36,4855.32,4818.69,Credit Card,Completed
6d8e33e0-b1df-4841-8136-55253c666a33,2026_W27,O61260,U21199,P176,2026-07-02 11:40:14,1,4894.11,208.21,142.86,843.46,4894.11,4685.9,Credit Card,Completed
6d8e33e0-b1df-4841-8136-55253c666a33,2026_W27,O61261,U20447,P135,2026-07-03 04:49:25,1,5890.55,793.39,96.2,917.49,5890.55,5097.16,UPI,Completed
6d8e33e0-b1df-4841-8136-55253c666a33,2026_W27,O61262,U33350,P181,2026-06-29 09:18:58,1,5516.14,62.7,160.77,981.62,5516.14,5453.4400000000005,Debit Card,Completed
6d8e33e0-b1df-4841-8136-55253c666a33,2026_W27,O61263,U8398,P78,2026-07-03 13:25:40,3,4536.03,18.12,80.4,2446.19,13608.09,13589.97,Wallet,Completed
6d8e33e0-b1df-4841-8136-55253c666a33,2026_W27,O61264,U508,P144,2026-07-03 09:18:08,2,4498.08,691.11,191.47,1494.91,8996.16,8305.05,Debit Card,Completed
6d8e33e0-b1df-4841-8136-55253c666a33,2026_W27,O61265,U13431,P199,2026-07-04 05:51:19,3,4054.66,76.73,89.82,2175.7,12163.98,12087.25,Debit Card,Completed
6d8e33e0-b1df-4841-8136-55253c666a33,2026_W27,O61266,U6525,P162,2026-06-29 13:21:02,4,7889.79,2364.41,129.59,5255.05,31559.16,29194.75,Debit Card,Completed
6d8e33e0-b1df-4841-8136-55253c666a33,2026_W27,O61267,U15007,P114,2026-07-03 12:20:40,3,1980.84,598.45,72.17,961.93,5942.5199999999995,5344.07,UPI,Completed
6d8e33e0-b1df-4841-8136-55253c666a33,2026_W27,O61268,U27267,P42,2026-07-01 14:27:00,3,5037.81,1306.67,159.55,2485.22,15113.43,13806.76,Debit Card,Completed
6d8e33e0-b1df-4841-8136-55253c666a33,2026_W27,O61269,U11794,P25,2026-07-01 17:57:23,2,2539.74,211.24,68.41,876.28,5079.48,4868.24,Credit Card,Completed
6d8e33e0-b1df-4841-8136-55253c666a33,2026_W27,O61270,U33701,P138,2026-06-29 12:34:13,2,6625.4,1145.18,110.38,2179.01,13250.8,12105.619999999999,UPI,Completed
6d8e33e0-b1df-4841-8136-55253c666a33,2026_W27,O61271,U32045,P147,2026-07-04 23:49:26,1,4417.37,76.96,194.67,781.27,4417.37,4340.41,Debit Card,Completed
6d8e33e0-b1df-4841-8136-55253c666a33,2026_W27,O61272,U7718,P103,2026-07-01 13:48:49,1,2762.4,335.11,153.32,436.91,2762.4,2427.29,Debit Card,Completed
6d8e33e0-b1df-4841-8136-55253c666a33,2026_W27,O61273,U33213,P183,2026-06-30 16:50:45,3,4514.63,688.99,147.86,2313.88,13543.89,12854.9,Debit Card,Completed
6d8e33e0-b1df-4841-8136-55253c666a33,2026_W27,O61274,U11901,P53,2026-06-30 00:23:36,4,5893.03,3247.65,103.5,3658.4,23572.12,20324.469999999998,Credit Card,Completed
6d8e33e0-b1df-4841-8136-55253c666a33,2026_W27,O61275,U17843,P165,2026-07-04 17:32:11,1,4483.27,231.17,195.51,765.38,4483.27,4252.1,Debit Card,Completed
6d8e33e0-b1df-4841-8136-55253c666a33,2026_W27,O61276,U14436,P168,2026-07-04 12:05:28,3,6037.57,861.41,54.69,3105.23,18112.71,17251.3,Credit Card,Completed
6d8e33e0-b1df-4841-8136-55253c666a33,2026_W27,O61277,U32482,P103,2026-07-04 21:23:33,1,2762.4,8.3,125.94,495.74,2762.4,2754.1,Debit Card,Completed
6d8e33e0-b1df-4841-8136-55253c666a33,2026_W27,O61278,U16577,P97,2026-07-01 16:36:30,1,6666.27,311.81,165.38,1143.8,6666.27,6354.46,Debit Card,Completed
6d8e33e0-b1df-4841-8136-55253c666a33,2026_W27,O61279,U12329,P144,2026-07-03 08:22:59,2,4498.08,1101.79,167.54,1420.99,8996.16,7894.37,Credit Card,Completed
6d8e33e0-b1df-4841-8136-55253c666a33,2026_W27,O61280,U12041,P110,2026-06-29 19:39:34,1,8883.32,0.62,192.57,1598.89,8883.32,8882.699999999999,Wallet,Completed
6d8e33e0-b1df-4841-8136-55253c666a33,2026_W27,O61281,U26159,P143,2026-07-04 12:09:57,1,7220.76,416.66,190.3,1224.74,7220.76,6804.1,Credit Card,Completed
6d8e33e0-b1df-4841-8136-55253c666a33,2026_W27,O61282,U18928,P132,2026-07-03 18:19:34,4,6975.87,1209.59,174.84,4804.9,27903.48,26693.89,UPI,Completed
6d8e33e0-b1df-4841-8136-55253c666a33,2026_W27,O61283,U15845,P126,2026-07-01 11:12:24,1,9456.09,788.4,61.15,1560.18,9456.09,8667.69,UPI,Completed
6d8e33e0-b1df-4841-8136-55253c666a33,2026_W27,O61284,U1797,P121,2026-06-29 18:51:39,3,7793.76,186.35,62.79,4175.09,23381.28,23194.93,Credit Card,Completed
6d8e33e0-b1df-4841-8136-55253c666a33,2026_W27,O61285,U7195,P134,2026-07-02 01:22:49,4,3480.9,1668.91,160.29,2205.84,13923.6,12254.69,Debit Card,Completed
6d8e33e0-b1df-4841-8136-55253c666a33,2026_W27,O61286,U31732,P19,2026-07-03 16:12:05,1,5633.25,711.4,82.68,885.93,5633.25,4921.85,UPI,Completed
6d8e33e0-b1df-4841-8136-55253c666a33,2026_W27,O61287,U25541,P70,2026-07-01 03:07:31,1,2270.0,241.47,171.86,365.14,2270.0,2028.53,Wallet,Completed
6d8e33e0-b1df-4841-8136-55253c666a33,2026_W27,O61288,U26528,P179,2026-07-03 11:06:50,1,4820.9,323.73,165.13,809.49,4820.9,4497.17,Credit Card,Completed
6d8e33e0-b1df-4841-8136-55253c666a33,2026_W27,O61289,U3840,P162,2026-07-04 04:07:20,2,7889.79,723.04,68.86,2710.18,15779.58,15056.54,Wallet,Completed
6d8e33e0-b1df-4841-8136-55253c666a33,2026_W27,O61290,U14450,P14,2026-07-04 15:32:18,4,5736.45,1176.04,93.98,3918.56,22945.8,21769.76,Wallet,Completed
6d8e33e0-b1df-4841-8136-55253c666a33,2026_W27,O61291,U21956,P179,2026-07-04 05:12:25,3,4820.9,865.02,112.28,2447.58,14462.699999999999,13597.679999999998,UPI,Completed
6d8e33e0-b1df-4841-8136-55253c666a33,2026_W27,O61292,U21214,P148,2026-06-30 04:19:42,1,1578.46,131.83,197.29,260.39,1578.46,1446.63,Credit Card,Completed
6d8e33e0-b1df-4841-8136-55253c666a33,2026_W27,O61293,U32748,P148,2026-07-03 14:20:04,3,1578.46,22.05,177.03,848.4,4735.38,4713.33,Wallet,Completed
6d8e33e0-b1df-4841-8136-55253c666a33,2026_W27,O61294,U6341,P143,2026-06-29 20:43:57,2,7220.76,1050.97,161.67,2410.3,14441.52,13390.550000000001,Debit Card,Completed
6d8e33e0-b1df-4841-8136-55253c666a33,2026_W27,O61295,U8653,P81,2026-06-30 16:45:24,4,7402.77,1815.97,97.36,5003.12,29611.08,27795.11,Credit Card,Completed
6d8e33e0-b1df-4841-8136-55253c666a33,2026_W27,O61296,U1371,P100,2026-07-02 21:16:55,3,1750.2,345.7,109.52,882.88,5250.6,4904.900000000001,Credit Card,Completed
6d8e33e0-b1df-4841-8136-55253c666a33,2026_W27,O61297,U27786,P135,2026-06-30 09:33:35,3,5890.55,594.9,181.89,3073.82,17671.65,17076.75,UPI,Completed
6d8e33e0-b1df-4841-8136-55253c666a33,2026_W27,O61298,U13860,P117,2026-07-04 06:56:27,3,1818.08,117.75,53.75,960.57,5454.24,5336.49,Debit Card,Completed
6d8e33e0-b1df-4841-8136-55253c666a33,2026_W27,O61299,U25403,P96,2026-06-29 14:09:09,2,4818.25,1437.41,81.37,1475.84,9636.5,8199.09,Credit Card,Completed
6d8e33e0-b1df-4841-8136-55253c666a33,2026_W27,O61300,U18930,P187,2026-07-03 20:44:38,1,6341.6,310.94,192.51,1085.52,6341.6,6030.660000000001,Wallet,Completed
6d8e33e0-b1df-4841-8136-55253c666a33,2026_W27,O61301,U8495,P23,2026-06-29 18:39:13,1,7426.47,601.84,107.0,1228.43,7426.47,6824.63,Credit Card,Completed
6d8e33e0-b1df-4841-8136-55253c666a33,2026_W27,O61302,U32185,P68,2026-07-02 17:15:48,4,4352.35,790.09,113.5,2991.48,17409.4,16619.31,UPI,Completed
6d8e33e0-b1df-4841-8136-55253c666a33,2026_W27,O61303,U14917,P43,2026-07-01 05:58:21,1,8672.85,400.74,85.12,1488.98,8672.85,8272.11,Debit Card,Completed
6d8e33e0-b1df-4841-8136-55253c666a33,2026_W27,O61304,U19286,P161,2026-07-01 01:45:40,3,4439.61,201.36,121.28,2361.14,13318.829999999998,13117.469999999998,UPI,Completed
6d8e33e0-b1df-4841-8136-55253c666a33,2026_W27,O61305,U27005,P4,2026-07-04 21:47:34,2,2545.35,8.99,68.71,914.71,5090.7,5081.71,Credit Card,Completed
6d8e33e0-b1df-4841-8136-55253c666a33,2026_W27,O61306,U11002,P180,2026-06-30 14:24:11,4,2355.52,1357.67,139.22,1451.59,9422.08,8064.41,Debit Card,Completed
6d8e33e0-b1df-4841-8136-55253c666a33,2026_W27,O61307,U26182,P103,2026-07-04 18:17:22,3,2762.4,771.67,97.32,1352.8,8287.2,7515.530000000001,UPI,Completed
6d8e33e0-b1df-4841-8136-55253c666a33,2026_W27,O61308,U25467,P147,2026-07-01 08:48:49,3,4417.37,1041.76,86.9,2197.86,13252.11,12210.35,Debit Card,Completed
6d8e33e0-b1df-4841-8136-55253c666a33,2026_W27,O61309,U259,P104,2026-07-03 08:08:16,1,7848.2,762.21,167.24,1275.48,7848.2,7085.99,Debit Card,Completed
6d8e33e0-b1df-4841-8136-55253c666a33,2026_W27,O61310,U19403,P27,2026-07-01 08:59:38,2,8284.05,1898.04,122.97,2640.61,16568.1,14670.059999999998,Debit Card,Completed
6d8e33e0-b1df-4841-8136-55253c666a33,2026_W27,O61311,U16335,P111,2026-07-01 17:14:41,2,7719.79,1500.24,59.96,2509.08,15439.58,13939.34,Debit Card,Completed
6d8e33e0-b1df-4841-8136-55253c666a33,2026_W27,O61312,U987,P47,2026-06-29 22:49:39,3,7084.59,1274.81,173.38,3596.21,21253.77,19978.96,Wallet,Completed
6d8e33e0-b1df-4841-8136-55253c666a33,2026_W27,O61313,U29713,P66,2026-07-04 19:49:07,2,7809.87,545.85,181.64,2713.3,15619.74,15073.89,Credit Card,Completed
6d8e33e0-b1df-4841-8136-55253c666a33,2026_W27,O61314,U15643,P160,2026-07-01 16:25:44,3,5179.64,2173.28,92.0,2405.82,15538.920000000002,13365.640000000001,UPI,Completed
6d8e33e0-b1df-4841-8136-55253c666a33,2026_W27,O61315,U14445,P42,2026-07-02 21:28:39,4,5037.81,2667.04,61.24,3147.16,20151.24,17484.2,Debit Card,Completed
6d8e33e0-b1df-4841-8136-55253c666a33,2026_W27,O61316,U7165,P68,2026-07-02 01:46:36,3,4352.35,512.11,173.28,2258.09,13057.050000000001,12544.94,Debit Card,Completed
6d8e33e0-b1df-4841-8136-55253c666a33,2026_W27,O61317,U16596,P191,2026-07-05 08:25:44,1,9506.3,1356.68,188.69,1466.93,9506.3,8149.619999999999,UPI,Completed
6d8e33e0-b1df-4841-8136-55253c666a33,2026_W27,O61318,U6140,P159,2026-07-01 22:21:22,3,5801.91,2349.24,77.03,2710.17,17405.73,15056.49,Credit Card,Completed
6d8e33e0-b1df-4841-8136-55253c666a33,2026_W27,O61319,U1511,P191,2026-06-29 10:53:38,1,9506.3,55.32,114.21,1701.18,9506.3,9450.98,Credit Card,Completed
6d8e33e0-b1df-4841-8136-55253c666a33,2026_W27,O61320,U4321,P130,2026-07-04 09:27:50,1,9584.05,317.53,172.46,1667.97,9584.05,9266.519999999999,Wallet,Completed
6d8e33e0-b1df-4841-8136-55253c666a33,2026_W27,O61321,U29084,P29,2026-07-03 17:22:50,1,1618.44,199.67,105.21,255.38,1618.44,1418.77,UPI,Completed
6d8e33e0-b1df-4841-8136-55253c666a33,2026_W27,O61322,U24057,P132,2026-07-01 13:05:22,4,6975.87,999.67,136.37,4842.69,27903.48,26903.81,Debit Card,Completed
6d8e33e0-b1df-4841-8136-55253c666a33,2026_W27,O61323,U30477,P132,2026-07-04 00:19:41,3,6975.87,2005.73,128.03,3405.94,20927.61,18921.88,Wallet,Completed
6d8e33e0-b1df-4841-8136-55253c666a33,2026_W27,O61324,U33785,P26,2026-07-02 14:03:51,3,5113.55,2013.23,190.49,2398.94,15340.650000000001,13327.420000000002,Wallet,Completed
6d8e33e0-b1df-4841-8136-55253c666a33,2026_W27,O61325,U26177,P117,2026-07-02 22:17:25,4,1818.08,335.18,149.45,1248.69,7272.32,6937.139999999999,Credit Card,Completed
6d8e33e0-b1df-4841-8136-55253c666a33,2026_W27,O61326,U10881,P102,2026-07-04 02:13:30,3,3685.81,1494.95,136.49,1721.25,11057.43,9562.48,Credit Card,Completed
6d8e33e0-b1df-4841-8136-55253c666a33,2026_W27,O61327,U15619,P152,2026-06-30 11:33:08,4,5413.06,1713.64,129.38,3588.95,21652.24,19938.600000000002,UPI,Completed
6d8e33e0-b1df-4841-8136-55253c666a33,2026_W27,O61328,U23856,P102,2026-07-02 18:05:04,1,3685.81,503.87,128.78,572.75,3685.81,3181.94,Wallet,Completed
6d8e33e0-b1df-4841-8136-55253c666a33,2026_W27,O61329,U14888,P180,2026-07-04 00:58:47,2,2355.52,301.52,91.78,793.71,4711.04,4409.52,UPI,Completed
6d8e33e0-b1df-4841-8136-55253c666a33,2026_W27,O61330,U10931,P142,2026-07-03 02:25:21,3,9238.71,3988.3,168.86,4271.01,27716.129999999997,23727.829999999998,UPI,Completed
6d8e33e0-b1df-4841-8136-55253c666a33,2026_W27,O61331,U26747,P28,2026-07-03 02:53:39,3,4687.09,1263.71,183.66,2303.56,14061.27,12797.560000000001,Debit Card,Completed
6d8e33e0-b1df-4841-8136-55253c666a33,2026_W27,O61332,U29154,P132,2026-07-03 00:40:48,2,6975.87,27.98,106.44,2506.28,13951.74,13923.76,UPI,Completed
6d8e33e0-b1df-4841-8136-55253c666a33,2026_W27,O61333,U4703,P180,2026-07-05 03:54:29,1,2355.52,292.52,120.88,371.34,2355.52,2063.0,Debit Card,Completed
6d8e33e0-b1df-4841-8136-55253c666a33,2026_W27,O61334,U12863,P12,2026-07-01 17:54:58,3,6064.9,149.83,156.96,3248.08,18194.699999999997,18044.869999999995,Wallet,Completed
6d8e33e0-b1df-4841-8136-55253c666a33,2026_W27,O61335,U17025,P104,2026-07-01 08:42:54,3,7848.2,2079.55,120.46,3863.71,23544.6,21465.05,Wallet,Completed
6d8e33e0-b1df-4841-8136-55253c666a33,2026_W27,O61336,U6546,P163,2026-06-30 00:43:29,3,5553.52,2285.35,115.12,2587.54,16660.56,14375.210000000001,Credit Card,Completed
6d8e33e0-b1df-4841-8136-55253c666a33,2026_W27,O61337,U11450,P144,2026-07-04 03:18:15,1,4498.08,573.01,156.37,706.51,4498.08,3925.0699999999997,Debit Card,Completed
6d8e33e0-b1df-4841-8136-55253c666a33,2026_W27,O61338,U30941,P172,2026-07-01 15:50:05,3,7555.52,3134.65,86.42,3515.74,22666.56,19531.91,Debit Card,Completed
6d8e33e0-b1df-4841-8136-55253c666a33,2026_W27,O61339,U16261,P80,2026-07-01 15:45:46,3,6276.46,960.97,84.91,3216.31,18829.38,17868.41,UPI,Completed
6d8e33e0-b1df-4841-8136-55253c666a33,2026_W27,O61340,U11802,P46,2026-06-30 16:15:07,2,2979.32,675.41,176.46,950.98,5958.64,5283.2300000000005,UPI,Completed
6d8e33e0-b1df-4841-8136-55253c666a33,2026_W27,O61341,U24179,P67,2026-06-30 19:26:18,2,4487.19,1320.71,121.98,1377.66,8974.38,7653.669999999999,Credit Card,Completed
6d8e33e0-b1df-4841-8136-55253c666a33,2026_W27,O61342,U13725,P124,2026-06-30 23:58:39,1,5965.84,467.53,193.77,989.7,5965.84,5498.31,Wallet,Completed
6d8e33e0-b1df-4841-8136-55253c666a33,2026_W27,O61343,U5130,P1,2026-07-04 16:31:19,1,8041.29,1012.04,94.0,1265.26,8041.29,7029.25,Wallet,Completed
6d8e33e0-b1df-4841-8136-55253c666a33,2026_W27,O61344,U20516,P111,2026-07-04 13:01:35,3,7719.79,922.2,198.69,4002.69,23159.37,22237.17,Wallet,Completed
6d8e33e0-b1df-4841-8136-55253c666a33,2026_W27,O61345,U9913,P37,2026-07-03 18:53:31,1,4162.63,358.18,129.54,684.8,4162.63,3804.4500000000003,Credit Card,Completed
6d8e33e0-b1df-4841-8136-55253c666a33,2026_W27,O61346,U23987,P75,2026-06-29 23:56:01,4,10051.65,4626.8,145.45,6404.36,40206.6,35579.799999999996,UPI,Completed
6d8e33e0-b1df-4841-8136-55253c666a33,2026_W27,O61347,U2992,P30,2026-07-02 14:52:48,1,6995.67,959.36,189.26,1086.54,6995.67,6036.31,Wallet,Completed
6d8e33e0-b1df-4841-8136-55253c666a33,2026_W27,O61348,U2602,P72,2026-07-02 08:21:38,4,8298.72,3341.08,162.43,5373.68,33194.88,29853.799999999996,Wallet,Completed
6d8e33e0-b1df-4841-8136-55253c666a33,2026_W27,O61349,U31387,P112,2026-07-03 04:23:39,1,7164.07,993.72,63.29,1110.66,7164.07,6170.349999999999,Debit Card,Completed
6d8e33e0-b1df-4841-8136-55253c666a33,2026_W27,O61350,U3228,P48,2026-07-03 16:45:27,1,3057.39,168.87,82.8,519.93,3057.39,2888.52,Wallet,Completed
6d8e33e0-b1df-4841-8136-55253c666a33,2026_W27,O61351,U23513,P70,2026-06-30 13:23:38,4,2270.0,772.36,101.57,1495.38,9080.0,8307.64,Debit Card,Completed
6d8e33e0-b1df-4841-8136-55253c666a33,2026_W27,O61352,U9037,P21,2026-06-30 00:38:32,3,7568.69,2409.42,141.92,3653.4,22706.07,20296.65,Credit Card,Completed
6d8e33e0-b1df-4841-8136-55253c666a33,2026_W27,O61353,U21384,P130,2026-07-02 15:35:42,1,9584.05,115.99,195.54,1704.25,9584.05,9468.06,UPI,Completed
6d8e33e0-b1df-4841-8136-55253c666a33,2026_W27,O61354,U14036,P166,2026-07-03 06:14:44,4,4248.29,2462.12,114.06,2615.59,16993.16,14531.04,Credit Card,Completed
6d8e33e0-b1df-4841-8136-55253c666a33,2026_W27,O61355,U11852,P56,2026-06-30 00:26:30,3,5764.47,465.16,111.49,3029.08,17293.41,16828.25,Wallet,Completed
6d8e33e0-b1df-4841-8136-55253c666a33,2026_W27,O61356,U1952,P97,2026-07-02 18:23:18,2,6666.27,479.29,166.78,2313.58,13332.54,12853.25,UPI,Completed
6d8e33e0-b1df-4841-8136-55253c666a33,2026_W27,O61357,U20727,P102,2026-06-30 02:55:25,1,3685.81,90.8,105.34,647.1,3685.81,3595.0099999999998,Debit Card,Completed
6d8e33e0-b1df-4841-8136-55253c666a33,2026_W27,O61358,U29258,P198,2026-07-01 01:53:05,2,4611.32,755.26,92.02,1524.13,9222.64,8467.38,Debit Card,Completed
6d8e33e0-b1df-4841-8136-55253c666a33,2026_W27,O61359,U32979,P168,2026-07-02 01:10:17,4,6037.57,1849.32,154.2,4014.17,24150.28,22300.96,Debit Card,Completed
6d8e33e0-b1df-4841-8136-55253c666a33,2026_W27,O61360,U289,P118,2026-07-01 12:34:28,2,9270.95,958.5,181.9,3165.01,18541.9,17583.4,Debit Card,Completed
6d8e33e0-b1df-4841-8136-55253c666a33,2026_W27,O61361,U34383,P63,2026-07-05 01:12:09,3,9352.06,1027.85,176.14,4865.1,28056.18,27028.33,Credit Card,Completed
6d8e33e0-b1df-4841-8136-55253c666a33,2026_W27,O61362,U20967,P63,2026-07-01 01:05:54,1,9352.06,1224.71,165.92,1462.92,9352.06,8127.349999999999,UPI,Completed
6d8e33e0-b1df-4841-8136-55253c666a33,2026_W27,O61363,U32927,P143,2026-06-29 23:29:26,4,7220.76,4070.49,57.28,4466.26,28883.04,24812.550000000003,Credit Card,Completed
6d8e33e0-b1df-4841-8136-55253c666a33,2026_W27,O61364,U28933,P32,2026-07-02 01:12:05,4,4904.65,2890.94,87.89,3010.98,19618.6,16727.66,Debit Card,Completed
6d8e33e0-b1df-4841-8136-55253c666a33,2026_W27,O61365,U12956,P68,2026-06-30 10:07:17,3,4352.35,505.33,80.44,2259.31,13057.050000000001,12551.720000000001,Debit Card,Completed
6d8e33e0-b1df-4841-8136-55253c666a33,2026_W27,O61366,U20073,P167,2026-07-01 00:27:38,3,5498.71,375.81,197.49,2901.66,16496.13,16120.320000000002,UPI,Completed
6d8e33e0-b1df-4841-8136-55253c666a33,2026_W27,O61367,U27436,P118,2026-06-29 09:54:32,3,9270.95,2185.79,194.78,4612.87,27812.850000000002,25627.06,Wallet,Completed
6d8e33e0-b1df-4841-8136-55253c666a33,2026_W27,O61368,U16611,P57,2026-06-30 23:11:00,1,8411.78,755.41,125.96,1378.15,8411.78,7656.370000000001,Debit Card,Completed
6d8e33e0-b1df-4841-8136-55253c666a33,2026_W27,O61369,U34747,P102,2026-06-30 01:28:58,1,3685.81,76.12,70.73,649.74,3685.81,3609.69,Wallet,Completed
6d8e33e0-b1df-4841-8136-55253c666a33,2026_W27,O61370,U12041,P85,2026-07-01 23:03:48,4,2941.32,145.62,78.88,2091.54,11765.28,11619.66,Credit Card,Completed
6d8e33e0-b1df-4841-8136-55253c666a33,2026_W27,O61371,U27659,P131,2026-07-03 00:51:32,2,6362.71,952.75,88.23,2119.08,12725.42,11772.67,Credit Card,Completed
6d8e33e0-b1df-4841-8136-55253c666a33,2026_W27,O61372,U1218,P109,2026-07-04 15:03:33,4,8070.73,2716.07,91.6,5322.03,32282.92,29566.85,Wallet,Completed
6d8e33e0-b1df-4841-8136-55253c666a33,2026_W27,O61373,U19345,P180,2026-07-01 17:44:28,2,2355.52,267.93,182.99,799.76,4711.04,4443.11,UPI,Completed
6d8e33e0-b1df-4841-8136-55253c666a33,2026_W27,O61374,U29240,P83,2026-07-04 05:19:51,4,2067.84,74.78,78.84,1475.38,8271.36,8196.58,Debit Card,Completed
6d8e33e0-b1df-4841-8136-55253c666a33,2026_W27,O61375,U28304,P163,2026-06-29 22:38:42,2,5553.52,1469.52,154.1,1734.75,11107.04,9637.52,Debit Card,Completed
6d8e33e0-b1df-4841-8136-55253c666a33,2026_W27,O61376,U25587,P186,2026-07-02 23:41:05,2,7480.33,19.3,90.91,2689.44,14960.66,14941.36,UPI,Completed
6d8e33e0-b1df-4841-8136-55253c666a33,2026_W27,O61377,U20022,P145,2026-07-04 23:42:59,3,6190.5,1500.82,141.89,3072.72,18571.5,17070.68,Wallet,Completed
6d8e33e0-b1df-4841-8136-55253c666a33,2026_W27,O61378,U24438,P111,2026-07-03 07:33:08,1,7719.79,218.85,89.75,1350.17,7719.79,7500.94,UPI,Completed
6d8e33e0-b1df-4841-8136-55253c666a33,2026_W27,O61379,U26124,P171,2026-07-01 06:30:01,1,2305.74,171.27,133.67,384.2,2305.74,2134.47,Wallet,Completed
6d8e33e0-b1df-4841-8136-55253c666a33,2026_W27,O61380,U21931,P186,2026-07-01 13:34:07,2,7480.33,1271.68,199.41,2464.02,14960.66,13688.98,Debit Card,Completed
6d8e33e0-b1df-4841-8136-55253c666a33,2026_W27,O61381,U25902,P122,2026-06-29 19:44:05,2,9537.16,2404.14,140.81,3000.63,19074.32,16670.18,Debit Card,Completed
6d8e33e0-b1df-4841-8136-55253c666a33,2026_W27,O61382,U1308,P50,2026-07-03 01:01:15,4,4043.15,1051.26,63.17,2721.84,16172.6,15121.34,Debit Card,Completed
6d8e33e0-b1df-4841-8136-55253c666a33,2026_W27,O61383,U19787,P46,2026-07-02 16:33:54,4,2979.32,1547.73,165.26,1866.52,11917.28,10369.550000000001,Debit Card,Completed
6d8e33e0-b1df-4841-8136-55253c666a33,2026_W27,O61384,U4125,P92,2026-07-02 18:09:29,2,5271.05,794.77,63.56,1754.52,10542.1,9747.33,Wallet,Completed
6d8e33e0-b1df-4841-8136-55253c666a33,2026_W27,O61385,U15153,P151,2026-07-04 22:08:55,1,9624.05,789.32,175.49,1590.25,9624.05,8834.73,Wallet,Completed
6d8e33e0-b1df-4841-8136-55253c666a33,2026_W27,O61386,U28879,P47,2026-06-29 19:40:25,1,7084.59,831.14,76.17,1125.62,7084.59,6253.45,Debit Card,Completed
6d8e33e0-b1df-4841-8136-55253c666a33,2026_W27,O61387,U24508,P2,2026-06-29 17:08:39,3,4823.44,550.63,79.52,2505.54,14470.32,13919.69,Credit Card,Completed
6d8e33e0-b1df-4841-8136-55253c666a33,2026_W27,O61388,U29353,P112,2026-07-02 08:57:35,2,7164.07,88.25,89.26,2563.18,14328.14,14239.89,Debit Card,Completed
6d8e33e0-b1df-4841-8136-55253c666a33,2026_W27,O61389,U34748,P175,2026-07-04 15:25:54,2,3999.32,700.38,155.93,1313.69,7998.64,7298.26,Wallet,Completed
6d8e33e0-b1df-4841-8136-55253c666a33,2026_W27,O61390,U20250,P175,2026-07-01 00:38:58,2,3999.32,970.76,90.48,1265.02,7998.64,7027.88,UPI,Completed
6d8e33e0-b1df-4841-8136-55253c666a33,2026_W27,O61391,U30881,P25,2026-06-30 11:41:33,1,2539.74,6.67,53.07,455.95,2539.74,2533.0699999999997,Debit Card,Completed
6d8e33e0-b1df-4841-8136-55253c666a33,2026_W27,O61392,U26433,P7,2026-06-29 18:14:28,3,9852.33,504.14,185.03,5229.51,29556.989999999998,29052.85,Debit Card,Completed
6d8e33e0-b1df-4841-8136-55253c666a33,2026_W27,O61393,U21561,P196,2026-07-03 00:04:13,1,9515.08,139.03,106.32,1687.69,9515.08,9376.05,Wallet,Completed
6d8e33e0-b1df-4841-8136-55253c666a33,2026_W27,O61394,U19658,P126,2026-07-03 04:57:57,1,9456.09,866.79,117.0,1546.07,9456.09,8589.3,Debit Card,Completed
6d8e33e0-b1df-4841-8136-55253c666a33,2026_W27,O61395,U1817,P49,2026-07-05 07:24:02,3,8208.46,2767.52,131.56,3934.41,24625.379999999997,21857.859999999997,Debit Card,Completed
6d8e33e0-b1df-4841-8136-55253c666a33,2026_W27,O61396,U34740,P94,2026-06-30 05:29:22,3,5614.01,1974.42,198.57,2676.17,16842.03,14867.609999999999,Debit Card,Completed
6d8e33e0-b1df-4841-8136-55253c666a33,2026_W27,O61397,U14778,P92,2026-06-30 19:54:07,3,5271.05,1340.65,129.01,2605.05,15813.150000000001,14472.500000000002,UPI,Completed
6d8e33e0-b1df-4841-8136-55253c666a33,2026_W27,O61398,U29297,P115,2026-07-01 04:38:48,4,10677.61,2113.14,195.31,7307.51,42710.44,40597.3,Credit Card,Completed
6d8e33e0-b1df-4841-8136-55253c666a33,2026_W27,O61399,U7567,P112,2026-07-04 04:10:13,4,7164.07,1472.23,122.43,4893.13,28656.28,27184.05,Debit Card,Completed
6d8e33e0-b1df-4841-8136-55253c666a33,2026_W27,O61400,U15845,P199,2026-07-03 16:07:32,2,4054.66,1147.86,163.92,1253.06,8109.32,6961.46,UPI,Completed
6d8e33e0-b1df-4841-8136-55253c666a33,2026_W27,O61401,U5532,P169,2026-07-04 09:10:58,3,10966.13,4762.66,119.15,5064.43,32898.39,28135.73,Credit Card,Completed
6d8e33e0-b1df-4841-8136-55253c666a33,2026_W27,O61402,U28189,P122,2026-07-01 10:56:47,3,9537.16,655.51,177.95,5032.07,28611.48,27955.97,Wallet,Completed
6d8e33e0-b1df-4841-8136-55253c666a33,2026_W27,O61403,U30197,P124,2026-07-05 07:52:55,2,5965.84,1651.47,166.22,1850.44,11931.68,10280.210000000001,UPI,Completed
6d8e33e0-b1df-4841-8136-55253c666a33,2026_W27,O61404,U25403,P183,2026-07-03 05:07:20,3,4514.63,1879.08,172.57,2099.67,13543.89,11664.81,UPI,Completed
6d8e33e0-b1df-4841-8136-55253c666a33,2026_W27,O61405,U34943,P197,2026-06-30 17:37:12,1,10992.71,1536.28,156.54,1702.16,10992.71,9456.429999999998,Credit Card,Completed
6d8e33e0-b1df-4841-8136-55253c666a33,2026_W27,O61406,U13027,P91,2026-07-03 18:35:04,4,7800.01,3080.69,190.33,5061.48,31200.04,28119.350000000002,Credit Card,Completed
6d8e33e0-b1df-4841-8136-55253c666a33,2026_W27,O61407,U12143,P161,2026-07-02 12:09:44,4,4439.61,860.01,104.82,3041.72,17758.44,16898.43,UPI,Completed
6d8e33e0-b1df-4841-8136-55253c666a33,2026_W27,O61408,U24557,P97,2026-07-02 04:18:32,4,6666.27,3643.77,145.17,4143.84,26665.08,23021.31,Debit Card,Completed
6d8e33e0-b1df-4841-8136-55253c666a33,2026_W27,O61409,U34542,P47,2026-07-03 16:48:52,3,7084.59,152.68,111.79,3798.2,21253.77,21101.09,Wallet,Completed
6d8e33e0-b1df-4841-8136-55253c666a33,2026_W27,O61410,U1056,P127,2026-07-01 01:47:41,1,4862.09,661.63,111.59,756.08,4862.09,4200.46,UPI,Completed
6d8e33e0-b1df-4841-8136-55253c666a33,2026_W27,O61411,U5979,P148,2026-07-03 10:41:58,2,1578.46,8.92,180.04,566.64,3156.92,3148.0,UPI,Completed
6d8e33e0-b1df-4841-8136-55253c666a33,2026_W27,O61412,U26709,P21,2026-06-29 22:09:00,4,7568.69,4086.51,80.41,4713.88,30274.76,26188.25,UPI,Completed
6d8e33e0-b1df-4841-8136-55253c666a33,2026_W27,O61413,U8668,P77,2026-06-30 19:05:22,2,5304.36,1156.41,160.72,1701.42,10608.72,9452.31,UPI,Completed
6d8e33e0-b1df-4841-8136-55253c666a33,2026_W27,O61414,U4093,P91,2026-06-30 13:06:06,4,7800.01,2776.6,164.96,5116.22,31200.04,28423.440000000002,Credit Card,Completed
6d8e33e0-b1df-4841-8136-55253c666a33,2026_W27,O61415,U388,P119,2026-06-30 07:03:21,1,9225.28,20.99,93.8,1656.77,9225.28,9204.29,Credit Card,Completed
6d8e33e0-b1df-4841-8136-55253c666a33,2026_W27,O61416,U11194,P141,2026-07-03 05:15:52,1,9271.32,1314.3,103.91,1432.26,9271.32,7957.0199999999995,Debit Card,Completed
6d8e33e0-b1df-4841-8136-55253c666a33,2026_W27,O61417,U7210,P113,2026-07-03 13:44:35,3,5364.85,2248.8,194.17,2492.24,16094.550000000001,13845.75,Debit Card,Completed
6d8e33e0-b1df-4841-8136-55253c666a33,2026_W27,O61418,U867,P109,2026-07-01 06:03:23,2,8070.73,108.29,94.47,2885.97,16141.46,16033.169999999998,Wallet,Completed
6d8e33e0-b1df-4841-8136-55253c666a33,2026_W27,O61419,U4619,P110,2026-06-30 23:33:00,3,8883.32,1700.44,102.42,4490.91,26649.96,24949.52,Wallet,Completed
6d8e33e0-b1df-4841-8136-55253c666a33,2026_W27,O61420,U6415,P187,2026-06-30 05:44:32,2,6341.6,1681.86,145.43,1980.24,12683.2,11001.34,Wallet,Completed
6d8e33e0-b1df-4841-8136-55253c666a33,2026_W27,O61421,U23949,P194,2026-07-02 03:51:26,3,2286.6,528.44,94.95,1139.64,6859.799999999999,6331.359999999999,Credit Card,Completed
6d8e33e0-b1df-4841-8136-55253c666a33,2026_W27,O61422,U17345,P71,2026-06-30 22:21:50,2,7798.35,1760.16,136.57,2490.58,15596.7,13836.54,Wallet,Completed
6d8e33e0-b1df-4841-8136-55253c666a33,2026_W27,O61423,U5455,P132,2026-07-03 23:00:25,1,6975.87,988.84,172.53,1077.67,6975.87,5987.03,Wallet,Completed
6d8e33e0-b1df-4841-8136-55253c666a33,2026_W27,O61424,U22251,P169,2026-07-04 19:26:59,1,10966.13,1302.2,51.84,1739.51,10966.13,9663.929999999998,UPI,Completed
6d8e33e0-b1df-4841-8136-55253c666a33,2026_W27,O61425,U9239,P1,2026-06-29 20:47:53,4,8041.29,1130.11,112.18,5586.31,32165.16,31035.05,Credit Card,Completed
6d8e33e0-b1df-4841-8136-55253c666a33,2026_W27,O61426,U16577,P67,2026-06-30 21:39:30,4,4487.19,277.28,152.95,3180.87,17948.76,17671.48,Credit Card,Completed
6d8e33e0-b1df-4841-8136-55253c666a33,2026_W27,O61427,U27164,P4,2026-06-30 12:35:34,2,2545.35,147.07,195.67,889.85,5090.7,4943.63,UPI,Completed
6d8e33e0-b1df-4841-8136-55253c666a33,2026_W27,O61428,U2775,P184,2026-07-04 01:28:07,2,2360.41,643.49,153.98,733.92,4720.82,4077.33,UPI,Completed
6d8e33e0-b1df-4841-8136-55253c666a33,2026_W27,O61429,U15221,P32,2026-07-02 17:18:33,3,4904.65,969.38,132.84,2474.02,14713.949999999999,13744.57,Credit Card,Completed
6d8e33e0-b1df-4841-8136-55253c666a33,2026_W27,O61430,U33638,P8,2026-07-01 23:49:20,2,8837.46,897.04,54.11,3020.02,17674.92,16777.879999999997,Wallet,Completed
6d8e33e0-b1df-4841-8136-55253c666a33,2026_W27,O61431,U22758,P124,2026-06-29 16:18:10,3,5965.84,706.21,123.35,3094.44,17897.52,17191.31,Debit Card,Completed
6d8e33e0-b1df-4841-8136-55253c666a33,2026_W27,O61432,U22371,P52,2026-07-03 12:36:44,1,7675.89,996.36,186.49,1202.32,7675.89,6679.530000000001,Credit Card,Completed
6d8e33e0-b1df-4841-8136-55253c666a33,2026_W27,O61433,U18681,P84,2026-07-02 04:37:34,3,6489.78,2092.63,155.16,3127.81,19469.34,17376.71,UPI,Completed
6d8e33e0-b1df-4841-8136-55253c666a33,2026_W27,O61434,U34532,P183,2026-06-30 08:20:23,3,4514.63,1522.15,141.46,2163.91,13543.89,12021.74,Wallet,Completed
6d8e33e0-b1df-4841-8136-55253c666a33,2026_W27,O61435,U32939,P37,2026-07-04 23:33:11,4,4162.63,261.38,164.78,2950.05,16650.52,16389.14,Debit Card,Completed
6d8e33e0-b1df-4841-8136-55253c666a33,2026_W27,O61436,U23921,P25,2026-07-01 03:15:01,1,2539.74,207.62,92.95,419.78,2539.74,2332.12,Wallet,Completed
6d8e33e0-b1df-4841-8136-55253c666a33,2026_W27,O61437,U5808,P140,2026-07-05 05:37:21,3,3100.99,1366.03,95.74,1428.65,9302.97,7936.94,UPI,Completed
6d8e33e0-b1df-4841-8136-55253c666a33,2026_W27,O61438,U2624,P163,2026-07-01 10:53:31,2,5553.52,1544.39,70.76,1721.28,11107.04,9562.650000000001,UPI,Completed
6d8e33e0-b1df-4841-8136-55253c666a33,2026_W27,O61439,U100,P81,2026-06-29 14:15:51,2,7402.77,42.67,136.55,2657.32,14805.54,14762.87,Credit Card,Completed
6d8e33e0-b1df-4841-8136-55253c666a33,2026_W27,O61440,U9582,P156,2026-06-29 10:41:36,3,2724.78,1093.83,72.72,1274.49,8174.34,7080.51,UPI,Completed
6d8e33e0-b1df-4841-8136-55253c666a33,2026_W27,O61441,U16213,P37,2026-06-29 13:42:51,3,4162.63,242.32,199.02,2204.2,12487.89,12245.57,Debit Card,Completed
6d8e33e0-b1df-4841-8136-55253c666a33,2026_W27,O61442,U5133,P95,2026-07-02 07:18:43,2,5783.09,1093.17,166.4,1885.14,11566.18,10473.01,Credit Card,Completed
6d8e33e0-b1df-4841-8136-55253c666a33,2026_W27,O61443,U30850,P187,2026-07-03 17:19:51,2,6341.6,1288.12,61.34,2051.11,12683.2,11395.080000000002,Debit Card,Completed
6d8e33e0-b1df-4841-8136-55253c666a33,2026_W27,O61444,U18425,P199,2026-07-03 19:09:15,4,4054.66,2044.56,51.28,2551.33,16218.64,14174.08,UPI,Completed
6d8e33e0-b1df-4841-8136-55253c666a33,2026_W27,O61445,U25846,P10,2026-07-01 14:00:40,3,3822.68,553.7,72.58,1964.58,11468.039999999999,10914.339999999998,Wallet,Completed
6d8e33e0-b1df-4841-8136-55253c666a33,2026_W27,O61446,U14061,P181,2026-06-30 05:13:13,1,5516.14,166.73,181.74,962.89,5516.14,5349.410000000001,Wallet,Completed
6d8e33e0-b1df-4841-8136-55253c666a33,2026_W27,O61447,U29739,P60,2026-07-03 16:40:09,3,3368.43,50.17,73.37,1809.92,10105.289999999999,10055.119999999999,Wallet,Completed
6d8e33e0-b1df-4841-8136-55253c666a33,2026_W27,O61448,U9854,P27,2026-06-30 10:53:06,4,8284.05,3313.49,51.58,5368.09,33136.2,29822.71,Wallet,Completed
6d8e33e0-b1df-4841-8136-55253c666a33,2026_W27,O61449,U27753,P66,2026-07-04 07:08:43,2,7809.87,2041.64,80.95,2444.06,15619.74,13578.1,Debit Card,Completed
6d8e33e0-b1df-4841-8136-55253c666a33,2026_W27,O61450,U13899,P56,2026-07-03 08:24:35,1,5764.47,424.87,60.94,961.13,5764.47,5339.6,Credit Card,Completed
6d8e33e0-b1df-4841-8136-55253c666a33,2026_W27,O61451,U28540,P132,2026-07-01 18:37:47,2,6975.87,102.53,98.21,2492.86,13951.74,13849.21,Debit Card,Completed
6d8e33e0-b1df-4841-8136-55253c666a33,2026_W27,O61452,U15981,P151,2026-07-04 10:51:19,2,9624.05,162.67,139.43,3435.38,19248.1,19085.43,Debit Card,Completed
6d8e33e0-b1df-4841-8136-55253c666a33,2026_W27,O61453,U33072,P139,2026-07-04 01:24:36,2,7373.8,2027.86,72.82,2289.55,14747.6,12719.74,UPI,Completed
6d8e33e0-b1df-4841-8136-55253c666a33,2026_W27,O61454,U11117,P94,2026-07-03 22:32:58,4,5614.01,1961.91,143.3,3688.94,22456.04,20494.13,Credit Card,Completed
6d8e33e0-b1df-4841-8136-55253c666a33,2026_W27,O61455,U16644,P66,2026-06-29 19:55:23,2,7809.87,1224.39,189.92,2591.16,15619.74,14395.35,Wallet,Completed
6d8e33e0-b1df-4841-8136-55253c666a33,2026_W27,O61456,U9041,P124,2026-07-01 22:09:51,4,5965.84,2053.63,124.55,3925.75,23863.36,21809.73,Wallet,Completed
6d8e33e0-b1df-4841-8136-55253c666a33,2026_W27,O61457,U18268,P122,2026-07-04 03:47:18,2,9537.16,717.3,61.52,3304.26,19074.32,18357.02,UPI,Completed
6d8e33e0-b1df-4841-8136-55253c666a33,2026_W27,O61458,U26957,P190,2026-07-05 08:39:14,3,3207.6,147.36,63.21,1705.58,9622.8,9475.439999999999,Credit Card,Completed
6d8e33e0-b1df-4841-8136-55253c666a33,2026_W27,O61459,U12880,P50,2026-07-05 05:55:53,3,4043.15,667.58,138.39,2063.14,12129.45,11461.87,UPI,Completed
6d8e33e0-b1df-4841-8136-55253c666a33,2026_W27,O61460,U10031,P173,2026-06-30 10:21:55,4,7576.76,2567.49,95.26,4993.12,30307.04,27739.550000000003,Debit Card,Completed
6d8e33e0-b1df-4841-8136-55253c666a33,2026_W27,O61461,U21855,P176,2026-07-03 18:33:41,2,4894.11,130.53,65.37,1738.38,9788.22,9657.689999999999,Wallet,Completed
6d8e33e0-b1df-4841-8136-55253c666a33,2026_W27,O61462,U1329,P96,2026-07-01 06:31:11,2,4818.25,1141.02,143.0,1529.19,9636.5,8495.48,UPI,Completed
6d8e33e0-b1df-4841-8136-55253c666a33,2026_W27,O61463,U26965,P134,2026-06-29 21:25:03,1,3480.9,497.07,197.15,537.09,3480.9,2983.83,Wallet,Completed
6d8e33e0-b1df-4841-8136-55253c666a33,2026_W27,O61464,U1728,P61,2026-06-30 15:31:40,2,7869.26,446.85,115.02,2752.5,15738.52,15291.67,UPI,Completed
6d8e33e0-b1df-4841-8136-55253c666a33,2026_W27,O61465,U30631,P187,2026-07-03 11:34:24,4,6341.6,1043.39,153.56,4378.14,25366.4,24323.010000000002,Credit Card,Completed
6d8e33e0-b1df-4841-8136-55253c666a33,2026_W27,O61466,U33582,P36,2026-07-03 15:00:27,2,6802.05,2022.07,101.33,2084.77,13604.1,11582.03,Credit Card,Completed
6d8e33e0-b1df-4841-8136-55253c666a33,2026_W27,O61467,U5106,P66,2026-07-04 17:23:10,4,7809.87,2456.58,176.6,5180.92,31239.48,28782.9,Credit Card,Completed
6d8e33e0-b1df-4841-8136-55253c666a33,2026_W27,O61468,U26620,P82,2026-07-04 12:49:55,4,2456.79,492.51,56.33,1680.24,9827.16,9334.65,Debit Card,Completed
6d8e33e0-b1df-4841-8136-55253c666a33,2026_W27,O61469,U3129,P12,2026-07-04 08:02:13,3,6064.9,1970.61,132.38,2920.34,18194.699999999997,16224.089999999997,UPI,Completed
6d8e33e0-b1df-4841-8136-55253c666a33,2026_W27,O61470,U9475,P30,2026-07-02 02:45:46,2,6995.67,173.42,156.38,2487.23,13991.34,13817.92,UPI,Completed
6d8e33e0-b1df-4841-8136-55253c666a33,2026_W27,O61471,U23840,P16,2026-06-30 13:00:09,4,3158.68,720.63,104.16,2144.54,12634.72,11914.09,Wallet,Completed
6d8e33e0-b1df-4841-8136-55253c666a33,2026_W27,O61472,U32639,P63,2026-07-01 22:08:15,4,9352.06,2511.39,131.87,6281.43,37408.24,34896.85,Credit Card,Completed
6d8e33e0-b1df-4841-8136-55253c666a33,2026_W27,O61473,U19043,P48,2026-06-29 15:05:54,2,3057.39,146.05,170.21,1074.37,6114.78,5968.73,Debit Card,Completed
6d8e33e0-b1df-4841-8136-55253c666a33,2026_W27,O61474,U2165,P48,2026-06-29 23:07:30,1,3057.39,333.15,198.43,490.36,3057.39,2724.24,Wallet,Completed
6d8e33e0-b1df-4841-8136-55253c666a33,2026_W27,O61475,U34574,P78,2026-06-30 02:57:30,1,4536.03,612.82,63.57,706.18,4536.03,3923.2099999999996,Debit Card,Completed
6d8e33e0-b1df-4841-8136-55253c666a33,2026_W27,O61476,U15295,P74,2026-07-01 14:01:04,2,6172.48,282.77,79.25,2171.19,12344.96,12062.189999999999,Debit Card,Completed
6d8e33e0-b1df-4841-8136-55253c666a33,2026_W27,O61477,U26077,P88,2026-07-04 19:17:17,2,11704.48,1766.9,88.99,3895.57,23408.96,21642.059999999998,Credit Card,Completed
6d8e33e0-b1df-4841-8136-55253c666a33,2026_W27,O61478,U972,P124,2026-07-01 11:07:41,4,5965.84,2574.44,159.64,3832.01,23863.36,21288.920000000002,UPI,Completed
6d8e33e0-b1df-4841-8136-55253c666a33,2026_W27,O61479,U14655,P125,2026-06-30 05:00:31,3,9952.48,3276.66,109.14,4784.54,29857.44,26580.78,UPI,Completed
6d8e33e0-b1df-4841-8136-55253c666a33,2026_W27,O61480,U14965,P112,2026-07-04 13:31:33,3,7164.07,975.69,146.72,3692.97,21492.21,20516.52,UPI,Completed
6d8e33e0-b1df-4841-8136-55253c666a33,2026_W27,O61481,U10720,P48,2026-07-01 06:15:43,2,3057.39,884.57,123.72,941.44,6114.78,5230.21,Debit Card,Completed
6d8e33e0-b1df-4841-8136-55253c666a33,2026_W27,O61482,U18767,P184,2026-07-01 10:14:50,1,2360.41,50.13,75.41,415.85,2360.41,2310.2799999999997,Credit Card,Completed
6d8e33e0-b1df-4841-8136-55253c666a33,2026_W27,O61483,U32482,P73,2026-07-03 03:37:37,1,2904.91,133.94,188.02,498.77,2904.91,2770.97,UPI,Completed
6d8e33e0-b1df-4841-8136-55253c666a33,2026_W27,O61484,U8926,P37,2026-07-02 12:26:51,4,4162.63,1829.72,140.26,2667.74,16650.52,14820.800000000001,Credit Card,Completed
6d8e33e0-b1df-4841-8136-55253c666a33,2026_W27,O61485,U11284,P167,2026-07-01 14:17:59,2,5498.71,1556.95,62.02,1699.28,10997.42,9440.47,Wallet,Completed
6d8e33e0-b1df-4841-8136-55253c666a33,2026_W27,O61486,U25048,P55,2026-07-03 15:50:58,1,4472.32,669.14,170.9,684.57,4472.32,3803.18,Wallet,Completed
6d8e33e0-b1df-4841-8136-55253c666a33,2026_W27,O61487,U33222,P6,2026-07-04 12:23:20,3,6939.39,754.41,172.28,3611.48,20818.170000000002,20063.760000000002,UPI,Completed
6d8e33e0-b1df-4841-8136-55253c666a33,2026_W27,O61488,U25767,P130,2026-06-30 09:12:37,2,9584.05,1888.69,142.95,3110.29,19168.1,17279.41,UPI,Completed
6d8e33e0-b1df-4841-8136-55253c666a33,2026_W27,O61489,U34812,P114,2026-06-29 23:53:43,3,1980.84,869.91,83.57,913.07,5942.5199999999995,5072.61,Credit Card,Completed
6d8e33e0-b1df-4841-8136-55253c666a33,2026_W27,O61490,U7135,P31,2026-07-05 01:07:06,4,3171.15,1788.99,122.13,1961.21,12684.6,10895.61,Debit Card,Completed
6d8e33e0-b1df-4841-8136-55253c666a33,2026_W27,O61491,U10931,P100,2026-06-30 15:32:48,2,1750.2,218.3,191.54,590.78,3500.4,3282.1,UPI,Completed
6d8e33e0-b1df-4841-8136-55253c666a33,2026_W27,O61492,U24508,P187,2026-06-30 03:31:46,2,6341.6,1682.45,105.54,1980.14,12683.2,11000.75,Credit Card,Completed
6d8e33e0-b1df-4841-8136-55253c666a33,2026_W27,O61493,U32580,P182,2026-07-03 21:17:45,1,4946.93,624.89,148.0,777.97,4946.93,4322.04,UPI,Completed
6d8e33e0-b1df-4841-8136-55253c666a33,2026_W27,O61494,U31104,P136,2026-07-01 05:27:59,1,10500.45,734.11,85.78,1757.94,10500.45,9766.34,UPI,Completed
6d8e33e0-b1df-4841-8136-55253c666a33,2026_W27,O61495,U10137,P86,2026-07-03 04:44:40,3,9877.51,3408.75,159.96,4720.28,29632.53,26223.78,Credit Card,Completed
6d8e33e0-b1df-4841-8136-55253c666a33,2026_W27,O61496,U1655,P91,2026-07-01 16:59:38,1,7800.01,304.47,97.56,1349.2,7800.01,7495.54,UPI,Completed
6d8e33e0-b1df-4841-8136-55253c666a33,2026_W27,O61497,U4841,P161,2026-07-03 21:37:06,2,4439.61,180.78,80.29,1565.72,8879.22,8698.439999999999,Credit Card,Completed
6d8e33e0-b1df-4841-8136-55253c666a33,2026_W27,O61498,U18568,P165,2026-07-01 14:07:26,1,4483.27,131.93,80.71,783.24,4483.27,4351.34,Debit Card,Completed
6d8e33e0-b1df-4841-8136-55253c666a33,2026_W27,O61499,U1226,P190,2026-06-29 11:39:33,1,3207.6,73.15,66.04,564.2,3207.6,3134.45,Debit Card,Completed
6d8e33e0-b1df-4841-8136-55253c666a33,2026_W27,O61500,U8999,P81,2026-07-01 08:26:56,2,7402.77,1969.46,139.72,2310.49,14805.54,12836.080000000002,UPI,Completed
6d8e33e0-b1df-4841-8136-55253c666a33,2026_W27,O61501,U24621,P103,2026-07-01 21:41:22,3,2762.4,32.09,194.96,1485.92,8287.2,8255.11,Debit Card,Completed
6d8e33e0-b1df-4841-8136-55253c666a33,2026_W27,O61502,U20650,P80,2026-06-30 08:19:40,1,6276.46,246.28,98.63,1085.43,6276.46,6030.18,Debit Card,Completed
6d8e33e0-b1df-4841-8136-55253c666a33,2026_W27,O61503,U32684,P183,2026-07-01 11:01:41,4,4514.63,1135.78,53.22,3046.09,18058.52,16922.74,Debit Card,Completed
6d8e33e0-b1df-4841-8136-55253c666a33,2026_W27,O61504,U21230,P198,2026-07-04 00:38:16,3,4611.32,452.85,67.62,2408.6,13833.96,13381.109999999999,UPI,Completed
6d8e33e0-b1df-4841-8136-55253c666a33,2026_W27,O61505,U22535,P9,2026-07-02 23:40:42,4,5229.72,2728.02,184.14,3274.35,20918.88,18190.86,Credit Card,Completed
6d8e33e0-b1df-4841-8136-55253c666a33,2026_W27,O61506,U24096,P17,2026-07-04 12:27:24,2,6241.42,588.33,53.45,2141.01,12482.84,11894.51,UPI,Completed
6d8e33e0-b1df-4841-8136-55253c666a33,2026_W27,O61507,U31674,P24,2026-06-30 14:11:47,4,4112.52,1697.41,186.18,2655.48,16450.08,14752.670000000002,Wallet,Completed
6d8e33e0-b1df-4841-8136-55253c666a33,2026_W27,O61508,U7307,P188,2026-07-02 12:11:17,3,2967.62,1334.88,121.62,1362.24,8902.86,7567.9800000000005,Wallet,Completed
6d8e33e0-b1df-4841-8136-55253c666a33,2026_W27,O61509,U5109,P140,2026-06-29 17:11:38,1,3100.99,56.53,108.09,548.0,3100.99,3044.4599999999996,Wallet,Completed
6d8e33e0-b1df-4841-8136-55253c666a33,2026_W27,O61510,U22075,P68,2026-07-04 13:13:41,3,4352.35,1224.16,116.34,2129.92,13057.050000000001,11832.890000000001,Debit Card,Completed
6d8e33e0-b1df-4841-8136-55253c666a33,2026_W27,O61511,U7181,P21,2026-07-02 23:55:02,4,7568.69,1974.23,87.59,5094.1,30274.76,28300.53,Wallet,Completed
6d8e33e0-b1df-4841-8136-55253c666a33,2026_W27,O61512,U21218,P99,2026-07-02 00:11:57,1,5405.7,632.42,55.89,859.19,5405.7,4773.28,UPI,Completed
6d8e33e0-b1df-4841-8136-55253c666a33,2026_W27,O61513,U30766,P93,2026-06-30 22:53:47,2,5463.71,1290.52,72.19,1734.64,10927.42,9636.9,Credit Card,Completed
6d8e33e0-b1df-4841-8136-55253c666a33,2026_W27,O61514,U26627,P185,2026-07-04 10:28:57,2,2854.87,333.76,132.27,967.68,5709.74,5375.98,Debit Card,Completed
6d8e33e0-b1df-4841-8136-55253c666a33,2026_W27,O61515,U33536,P133,2026-07-05 05:35:31,2,10395.42,2311.97,54.47,3326.2,20790.84,18478.87,Credit Card,Completed
6d8e33e0-b1df-4841-8136-55253c666a33,2026_W27,O61516,U6547,P66,2026-07-01 22:41:56,4,7809.87,1753.41,96.92,5307.49,31239.48,29486.07,UPI,Completed
6d8e33e0-b1df-4841-8136-55253c666a33,2026_W27,O61517,U8472,P165,2026-06-29 16:49:03,4,4483.27,2331.61,176.49,2808.26,17933.08,15601.470000000001,Credit Card,Completed
6d8e33e0-b1df-4841-8136-55253c666a33,2026_W27,O61518,U17094,P33,2026-07-01 02:24:22,3,5573.38,1596.08,155.88,2722.33,16720.14,15124.06,Wallet,Completed
6d8e33e0-b1df-4841-8136-55253c666a33,2026_W27,O61519,U7656,P75,2026-07-01 06:50:59,4,10051.65,972.92,136.78,7062.06,40206.6,39233.68,Debit Card,Completed
6d8e33e0-b1df-4841-8136-55253c666a33,2026_W27,O61520,U8279,P127,2026-07-03 00:14:53,2,4862.09,380.31,163.25,1681.9,9724.18,9343.87,Debit Card,Completed
6d8e33e0-b1df-4841-8136-55253c666a33,2026_W27,O61521,U18446,P38,2026-07-01 04:58:28,2,4290.59,349.38,68.15,1481.72,8581.18,8231.800000000001,Wallet,Completed
6d8e33e0-b1df-4841-8136-55253c666a33,2026_W27,O61522,U9043,P176,2026-06-29 16:50:00,2,4894.11,936.62,192.85,1593.29,9788.22,8851.599999999999,Wallet,Completed
6d8e33e0-b1df-4841-8136-55253c666a33,2026_W27,O61523,U4719,P100,2026-07-03 19:06:07,4,1750.2,81.45,57.58,1245.48,7000.8,6919.35,Debit Card,Completed
6d8e33e0-b1df-4841-8136-55253c666a33,2026_W27,O61524,U16894,P164,2026-07-01 21:09:07,3,4106.87,1139.54,129.82,2012.59,12320.61,11181.07,Debit Card,Completed
6d8e33e0-b1df-4841-8136-55253c666a33,2026_W27,O61525,U23863,P114,2026-06-30 15:17:43,2,1980.84,272.73,185.18,664.01,3961.68,3688.95,Wallet,Completed
6d8e33e0-b1df-4841-8136-55253c666a33,2026_W27,O61526,U8039,P30,2026-07-01 21:19:48,4,6995.67,111.46,120.01,5016.82,27982.68,27871.22,Credit Card,Completed
6d8e33e0-b1df-4841-8136-55253c666a33,2026_W27,O61527,U18846,P129,2026-07-01 16:46:06,4,10030.81,5871.45,108.91,6165.32,40123.24,34251.79,Credit Card,Completed
6d8e33e0-b1df-4841-8136-55253c666a33,2026_W27,O61528,U24909,P109,2026-07-01 08:07:29,2,8070.73,1219.87,141.94,2685.89,16141.46,14921.59,Debit Card,Completed
6d8e33e0-b1df-4841-8136-55253c666a33,2026_W27,O61529,U71,P8,2026-07-02 18:12:12,2,8837.46,456.49,131.12,3099.32,17674.92,17218.429999999997,Wallet,Completed
6d8e33e0-b1df-4841-8136-55253c666a33,2026_W27,O61530,U34590,P48,2026-06-29 22:38:18,2,3057.39,330.78,88.44,1041.12,6114.78,5784.0,Wallet,Completed
6d8e33e0-b1df-4841-8136-55253c666a33,2026_W27,O61531,U33093,P200,2026-06-29 22:39:08,1,4553.19,359.75,196.24,754.82,4553.19,4193.44,Debit Card,Completed
6d8e33e0-b1df-4841-8136-55253c666a33,2026_W27,O61532,U15278,P78,2026-07-05 08:59:00,2,4536.03,391.82,104.8,1562.44,9072.06,8680.24,UPI,Completed
6d8e33e0-b1df-4841-8136-55253c666a33,2026_W27,O61533,U323,P47,2026-06-30 02:05:15,1,7084.59,193.32,63.94,1240.43,7084.59,6891.27,Wallet,Completed
6d8e33e0-b1df-4841-8136-55253c666a33,2026_W27,O61534,U30969,P78,2026-07-02 02:52:00,2,4536.03,464.74,96.81,1549.32,9072.06,8607.32,UPI,Completed
6d8e33e0-b1df-4841-8136-55253c666a33,2026_W27,O61535,U24150,P108,2026-07-03 07:58:40,1,9991.6,905.58,78.87,1635.48,9991.6,9086.02,Debit Card,Completed
6d8e33e0-b1df-4841-8136-55253c666a33,2026_W27,O61536,U29936,P136,2026-06-30 01:07:29,2,10500.45,2709.16,82.61,3292.51,21000.9,18291.74,Wallet,Completed
6d8e33e0-b1df-4841-8136-55253c666a33,2026_W27,O61537,U31826,P195,2026-07-04 00:35:21,1,6655.83,713.1,154.85,1069.69,6655.83,5942.73,UPI,Completed
6d8e33e0-b1df-4841-8136-55253c666a33,2026_W27,O61538,U31244,P195,2026-07-02 11:44:30,1,6655.83,626.72,110.2,1085.24,6655.83,6029.11,Credit Card,Completed
6d8e33e0-b1df-4841-8136-55253c666a33,2026_W27,O61539,U17452,P94,2026-07-04 01:01:17,1,5614.01,499.66,190.95,920.58,5614.01,5114.35,Credit Card,Completed
6d8e33e0-b1df-4841-8136-55253c666a33,2026_W27,O61540,U8826,P155,2026-07-05 00:37:35,4,7895.96,3878.92,129.5,4986.89,31583.84,27704.92,Wallet,Completed
6d8e33e0-b1df-4841-8136-55253c666a33,2026_W27,O61541,U29094,P132,2026-07-04 19:33:20,1,6975.87,153.49,124.48,1228.03,6975.87,6822.38,Debit Card,Completed
6d8e33e0-b1df-4841-8136-55253c666a33,2026_W27,O61542,U32677,P148,2026-07-04 23:11:39,2,1578.46,187.0,92.97,534.59,3156.92,2969.92,Wallet,Completed
6d8e33e0-b1df-4841-8136-55253c666a33,2026_W27,O61543,U25431,P61,2026-07-02 22:04:30,3,7869.26,1635.74,177.04,3954.97,23607.78,21972.039999999997,UPI,Completed
6d8e33e0-b1df-4841-8136-55253c666a33,2026_W27,O61544,U30151,P119,2026-07-03 22:39:00,3,9225.28,723.2,75.39,4851.48,27675.840000000004,26952.640000000003,Debit Card,Completed
6d8e33e0-b1df-4841-8136-55253c666a33,2026_W27,O61545,U2378,P28,2026-07-04 12:15:21,3,4687.09,477.02,60.11,2445.16,14061.27,13584.25,Credit Card,Completed
6d8e33e0-b1df-4841-8136-55253c666a33,2026_W27,O61546,U5283,P116,2026-06-29 22:06:46,2,7151.55,1479.55,78.66,2308.24,14303.1,12823.550000000001,Wallet,Completed
6d8e33e0-b1df-4841-8136-55253c666a33,2026_W27,O61547,U12668,P70,2026-07-04 17:41:17,2,2270.0,219.86,99.6,777.63,4540.0,4320.14,Credit Card,Completed
6d8e33e0-b1df-4841-8136-55253c666a33,2026_W27,O61548,U6585,P14,2026-07-04 04:22:30,3,5736.45,2038.8,173.25,2730.7,17209.35,15170.55,Credit Card,Completed
6d8e33e0-b1df-4841-8136-55253c666a33,2026_W27,O61549,U11565,P14,2026-07-02 21:07:28,3,5736.45,2399.09,73.32,2665.85,17209.35,14810.259999999998,Debit Card,Completed
6d8e33e0-b1df-4841-8136-55253c666a33,2026_W27,O61550,U5230,P79,2026-07-03 02:21:00,2,4174.75,85.34,181.05,1487.55,8349.5,8264.16,Credit Card,Completed
6d8e33e0-b1df-4841-8136-55253c666a33,2026_W27,O61551,U24735,P191,2026-06-29 16:26:42,2,9506.3,1116.29,52.99,3221.34,19012.6,17896.309999999998,Credit Card,Completed
6d8e33e0-b1df-4841-8136-55253c666a33,2026_W27,O61552,U30590,P55,2026-06-30 19:44:57,2,4472.32,568.18,129.62,1507.76,8944.64,8376.46,UPI,Completed
6d8e33e0-b1df-4841-8136-55253c666a33,2026_W27,O61553,U3339,P182,2026-07-01 04:48:00,2,4946.93,399.83,73.03,1708.93,9893.86,9494.03,Wallet,Completed
6d8e33e0-b1df-4841-8136-55253c666a33,2026_W27,O61554,U17120,P155,2026-06-30 11:30:26,2,7895.96,608.99,76.82,2732.93,15791.92,15182.93,Credit Card,Completed
6d8e33e0-b1df-4841-8136-55253c666a33,2026_W27,O61555,U3778,P57,2026-06-30 23:20:16,4,8411.78,1947.32,73.18,5705.96,33647.12,31699.800000000003,UPI,Completed
6d8e33e0-b1df-4841-8136-55253c666a33,2026_W27,O61556,U27545,P119,2026-07-01 05:04:26,4,9225.28,4040.74,139.27,5914.87,36901.12,32860.380000000005,Credit Card,Completed
6d8e33e0-b1df-4841-8136-55253c666a33,2026_W27,O61557,U17511,P100,2026-07-03 21:12:43,1,1750.2,161.65,177.2,285.94,1750.2,1588.55,Wallet,Completed
6d8e33e0-b1df-4841-8136-55253c666a33,2026_W27,O61558,U11044,P120,2026-07-01 11:21:17,1,4076.33,11.11,129.72,731.74,4076.33,4065.22,UPI,Completed
6d8e33e0-b1df-4841-8136-55253c666a33,2026_W27,O61559,U20017,P21,2026-07-03 04:27:48,3,7568.69,1208.72,51.37,3869.52,22706.07,21497.35,Wallet,Completed
6d8e33e0-b1df-4841-8136-55253c666a33,2026_W27,O61560,U23921,P144,2026-07-03 11:57:33,2,4498.08,1196.76,130.25,1403.89,8996.16,7799.4,UPI,Completed
6d8e33e0-b1df-4841-8136-55253c666a33,2026_W27,O61561,U2023,P51,2026-07-03 17:22:59,3,5399.93,2222.13,179.69,2515.98,16199.79,13977.66,Wallet,Completed
6d8e33e0-b1df-4841-8136-55253c666a33,2026_W27,O61562,U9837,P183,2026-06-30 09:08:01,4,4514.63,980.8,165.79,3073.99,18058.52,17077.72,Wallet,Completed
6d8e33e0-b1df-4841-8136-55253c666a33,2026_W27,O61563,U8592,P183,2026-07-03 23:02:50,2,4514.63,317.44,165.05,1568.13,9029.26,8711.82,Wallet,Completed
6d8e33e0-b1df-4841-8136-55253c666a33,2026_W27,O61564,U13229,P149,2026-07-03 11:31:47,3,2710.59,940.41,110.72,1294.44,8131.77,7191.360000000001,Credit Card,Completed
6d8e33e0-b1df-4841-8136-55253c666a33,2026_W27,O61565,U1186,P195,2026-07-01 18:54:34,3,6655.83,1950.14,91.79,3243.12,19967.489999999998,18017.35,Wallet,Completed
6d8e33e0-b1df-4841-8136-55253c666a33,2026_W27,O61566,U24732,P167,2026-07-02 16:58:23,4,5498.71,2350.01,100.57,3536.07,21994.84,19644.83,Wallet,Completed
6d8e33e0-b1df-4841-8136-55253c666a33,2026_W27,O61567,U34568,P157,2026-07-01 14:52:37,1,6934.8,103.51,95.85,1229.63,6934.8,6831.29,Debit Card,Completed
6d8e33e0-b1df-4841-8136-55253c666a33,2026_W27,O61568,U1365,P41,2026-07-01 00:27:55,2,1959.52,181.82,110.67,672.7,3919.04,3737.22,Debit Card,Completed
6d8e33e0-b1df-4841-8136-55253c666a33,2026_W27,O61569,U23475,P73,2026-06-29 23:22:47,3,2904.91,1205.62,95.7,1351.64,8714.73,7509.11,Wallet,Completed
6d8e33e0-b1df-4841-8136-55253c666a33,2026_W27,O61570,U3499,P174,2026-07-05 02:37:55,2,2207.85,42.13,110.07,787.24,4415.7,4373.57,UPI,Completed
6d8e33e0-b1df-4841-8136-55253c666a33,2026_W27,O61571,U28190,P59,2026-07-01 17:13:13,4,5883.82,691.8,92.42,4111.83,23535.28,22843.48,Wallet,Completed
6d8e33e0-b1df-4841-8136-55253c666a33,2026_W27,O61572,U7792,P54,2026-07-04 16:40:12,3,7277.34,1517.21,130.34,3656.67,21832.02,20314.81,Wallet,Completed
6d8e33e0-b1df-4841-8136-55253c666a33,2026_W27,O61573,U15377,P42,2026-07-01 22:39:45,1,5037.81,366.62,177.1,840.81,5037.81,4671.1900000000005,Debit Card,Completed
6d8e33e0-b1df-4841-8136-55253c666a33,2026_W27,O61574,U20492,P197,2026-06-30 15:01:53,3,10992.71,3324.03,194.27,5337.74,32978.13,29654.1,Debit Card,Completed
6d8e33e0-b1df-4841-8136-55253c666a33,2026_W27,O61575,U27706,P55,2026-07-02 01:21:08,2,4472.32,1006.76,55.52,1428.82,8944.64,7937.879999999999,Credit Card,Completed
6d8e33e0-b1df-4841-8136-55253c666a33,2026_W27,O61576,U24059,P148,2026-07-01 11:13:04,3,1578.46,706.28,86.87,725.24,4735.38,4029.1000000000004,Debit Card,Completed
6d8e33e0-b1df-4841-8136-55253c666a33,2026_W27,O61577,U15829,P135,2026-07-02 15:10:44,3,5890.55,2150.98,55.62,2793.72,17671.65,15520.670000000002,Wallet,Completed
6d8e33e0-b1df-4841-8136-55253c666a33,2026_W27,O61578,U22838,P102,2026-07-02 07:29:19,2,3685.81,286.44,152.58,1275.33,7371.62,7085.18,Debit Card,Completed
6d8e33e0-b1df-4841-8136-55253c666a33,2026_W27,O61579,U14180,P50,2026-07-05 07:53:44,1,4043.15,275.7,173.34,678.14,4043.15,3767.4500000000003,UPI,Completed
6d8e33e0-b1df-4841-8136-55253c666a33,2026_W27,O61580,U6402,P200,2026-07-03 10:46:50,1,4553.19,81.27,199.56,804.95,4553.19,4471.919999999999,Credit Card,Completed
6d8e33e0-b1df-4841-8136-55253c666a33,2026_W27,O61581,U4302,P148,2026-07-04 08:16:42,3,1578.46,11.09,123.01,850.37,4735.38,4724.29,Wallet,Completed
6d8e33e0-b1df-4841-8136-55253c666a33,2026_W27,O61582,U8279,P146,2026-07-05 08:37:22,3,1678.25,729.09,72.43,775.02,5034.75,4305.66,Debit Card,Completed
6d8e33e0-b1df-4841-8136-55253c666a33,2026_W27,O61583,U6924,P118,2026-07-02 21:28:43,2,9270.95,904.92,149.38,3174.66,18541.9,17636.980000000003,Debit Card,Completed
6d8e33e0-b1df-4841-8136-55253c666a33,2026_W27,O61584,U16958,P10,2026-07-01 08:58:17,4,3822.68,2062.06,195.15,2381.16,15290.72,13228.66,Wallet,Completed
6d8e33e0-b1df-4841-8136-55253c666a33,2026_W27,O61585,U13904,P101,2026-07-04 16:06:37,2,8924.96,366.49,105.02,3147.02,17849.92,17483.429999999997,Debit Card,Completed
6d8e33e0-b1df-4841-8136-55253c666a33,2026_W27,O61586,U32103,P83,2026-07-04 07:26:47,3,2067.84,881.71,78.34,957.93,6203.52,5321.81,Debit Card,Completed
6d8e33e0-b1df-4841-8136-55253c666a33,2026_W27,O61587,U9177,P137,2026-07-04 10:15:37,1,2618.72,333.03,163.02,411.42,2618.72,2285.6899999999996,Debit Card,Completed
6d8e33e0-b1df-4841-8136-55253c666a33,2026_W27,O61588,U1039,P44,2026-07-02 00:41:34,4,1407.86,637.27,67.81,898.95,5631.44,4994.17,UPI,Completed
6d8e33e0-b1df-4841-8136-55253c666a33,2026_W27,O61589,U10168,P140,2026-07-03 03:30:05,2,3100.99,658.12,115.61,997.89,6201.98,5543.86,Debit Card,Completed
6d8e33e0-b1df-4841-8136-55253c666a33,2026_W27,O61590,U4259,P4,2026-07-01 14:24:34,4,2545.35,1519.59,178.16,1559.13,10181.4,8661.81,Debit Card,Completed
6d8e33e0-b1df-4841-8136-55253c666a33,2026_W27,O61591,U16817,P73,2026-07-04 09:52:27,3,2904.91,859.44,103.17,1413.95,8714.73,7855.289999999999,Wallet,Completed
6d8e33e0-b1df-4841-8136-55253c666a33,2026_W27,O61592,U4764,P97,2026-07-01 16:34:34,2,6666.27,1805.33,100.12,2074.9,13332.54,11527.210000000001,Wallet,Completed
6d8e33e0-b1df-4841-8136-55253c666a33,2026_W27,O61593,U21585,P179,2026-06-30 18:00:49,2,4820.9,502.29,157.99,1645.11,9641.8,9139.509999999998,Wallet,Completed
6d8e33e0-b1df-4841-8136-55253c666a33,2026_W27,O61594,U20343,P132,2026-06-29 09:43:41,4,6975.87,1589.73,193.65,4736.47,27903.48,26313.75,UPI,Completed
6d8e33e0-b1df-4841-8136-55253c666a33,2026_W27,O61595,U2576,P8,2026-07-02 11:08:10,3,8837.46,1821.98,122.45,4444.27,26512.379999999997,24690.399999999998,UPI,Completed
6d8e33e0-b1df-4841-8136-55253c666a33,2026_W27,O61596,U6686,P66,2026-06-30 20:10:18,2,7809.87,2151.17,112.2,2424.34,15619.74,13468.57,Debit Card,Completed
6d8e33e0-b1df-4841-8136-55253c666a33,2026_W27,O61597,U17825,P177,2026-07-04 10:58:22,2,9676.29,572.86,66.91,3380.35,19352.58,18779.72,UPI,Completed
6d8e33e0-b1df-4841-8136-55253c666a33,2026_W27,O61598,U29936,P66,2026-07-02 10:24:30,2,7809.87,1675.87,135.49,2509.9,15619.74,13943.869999999999,Debit Card,Completed
6d8e33e0-b1df-4841-8136-55253c666a33,2026_W27,O61599,U19159,P6,2026-07-04 04:42:25,3,6939.39,149.47,57.23,3720.37,20818.170000000002,20668.7,UPI,Completed
6d8e33e0-b1df-4841-8136-55253c666a33,2026_W27,O61600,U31607,P59,2026-06-30 15:28:22,3,5883.82,1459.41,94.95,2914.57,17651.46,16192.05,Wallet,Completed
6d8e33e0-b1df-4841-8136-55253c666a33,2026_W27,O61601,U12165,P155,2026-06-30 04:56:13,1,7895.96,91.27,93.72,1404.84,7895.96,7804.69,Wallet,Completed
6d8e33e0-b1df-4841-8136-55253c666a33,2026_W27,O61602,U22323,P143,2026-06-29 14:52:55,4,7220.76,1913.98,182.46,4854.43,28883.04,26969.06,Wallet,Completed
6d8e33e0-b1df-4841-8136-55253c666a33,2026_W27,O61603,U6525,P91,2026-07-02 22:47:40,4,7800.01,3321.99,186.79,5018.05,31200.04,27878.050000000003,Wallet,Completed
6d8e33e0-b1df-4841-8136-55253c666a33,2026_W27,O61604,U11210,P82,2026-07-04 23:19:13,1,2456.79,211.29,119.95,404.19,2456.79,2245.5,UPI,Completed
6d8e33e0-b1df-4841-8136-55253c666a33,2026_W27,O61605,U14651,P143,2026-07-05 07:17:03,4,7220.76,2837.94,179.24,4688.12,28883.04,26045.100000000002,Wallet,Completed
6d8e33e0-b1df-4841-8136-55253c666a33,2026_W27,O61606,U6184,P20,2026-07-03 12:15:05,3,3016.27,875.32,66.66,1471.23,9048.81,8173.49,Wallet,Completed
6d8e33e0-b1df-4841-8136-55253c666a33,2026_W27,O61607,U18761,P91,2026-07-02 10:42:28,3,7800.01,3297.87,173.53,3618.39,23400.03,20102.16,Credit Card,Completed
6d8e33e0-b1df-4841-8136-55253c666a33,2026_W27,O61608,U17529,P186,2026-07-04 07:15:05,2,7480.33,2186.26,170.22,2299.39,14960.66,12774.4,Wallet,Completed
6d8e33e0-b1df-4841-8136-55253c666a33,2026_W27,O61609,U1564,P69,2026-07-01 16:08:20,3,4897.29,81.02,147.08,2629.95,14691.869999999999,14610.849999999999,UPI,Completed
6d8e33e0-b1df-4841-8136-55253c666a33,2026_W27,O61610,U12263,P112,2026-07-03 14:47:19,3,7164.07,2835.87,104.73,3358.14,21492.21,18656.34,Credit Card,Completed
6d8e33e0-b1df-4841-8136-55253c666a33,2026_W27,O61611,U32432,P22,2026-06-29 09:15:39,3,9175.57,406.13,57.44,4881.7,27526.71,27120.579999999998,Debit Card,Completed
6d8e33e0-b1df-4841-8136-55253c666a33,2026_W27,O61612,U14036,P79,2026-06-30 08:41:49,2,4174.75,827.53,63.78,1353.95,8349.5,7521.97,Wallet,Completed
6d8e33e0-b1df-4841-8136-55253c666a33,2026_W27,O61613,U16617,P145,2026-06-30 03:08:53,2,6190.5,142.45,171.04,2202.94,12381.0,12238.55,Debit Card,Completed
6d8e33e0-b1df-4841-8136-55253c666a33,2026_W27,O61614,U8435,P25,2026-06-29 13:12:45,1,2539.74,69.8,186.59,444.59,2539.74,2469.9399999999996,UPI,Completed
6d8e33e0-b1df-4841-8136-55253c666a33,2026_W27,O61615,U18139,P60,2026-07-02 20:31:20,3,3368.43,396.67,128.71,1747.55,10105.289999999999,9708.619999999999,Wallet,Completed
6d8e33e0-b1df-4841-8136-55253c666a33,2026_W27,O61616,U26592,P186,2026-07-01 20:16:30,2,7480.33,394.61,139.13,2621.89,14960.66,14566.05,Credit Card,Completed
6d8e33e0-b1df-4841-8136-55253c666a33,2026_W27,O61617,U20386,P103,2026-06-29 21:23:55,2,2762.4,108.96,74.99,974.85,5524.8,5415.84,Debit Card,Completed
6d8e33e0-b1df-4841-8136-55253c666a33,2026_W27,O61618,U2704,P87,2026-07-02 17:56:32,3,7207.16,630.86,164.97,3778.31,21621.48,20990.62,Wallet,Completed
6d8e33e0-b1df-4841-8136-55253c666a33,2026_W27,O61619,U21518,P113,2026-07-02 22:39:27,4,5364.85,40.29,152.06,3855.44,21459.4,21419.11,Wallet,Completed
6d8e33e0-b1df-4841-8136-55253c666a33,2026_W27,O61620,U21669,P38,2026-07-03 11:41:11,4,4290.59,670.29,64.78,2968.57,17162.36,16492.07,Credit Card,Completed
6d8e33e0-b1df-4841-8136-55253c666a33,2026_W27,O61621,U7666,P138,2026-06-30 10:50:46,1,6625.4,535.72,154.9,1096.14,6625.4,6089.679999999999,Credit Card,Completed
6d8e33e0-b1df-4841-8136-55253c666a33,2026_W27,O61622,U23921,P95,2026-07-02 18:19:33,2,5783.09,1057.82,67.78,1891.5,11566.18,10508.36,Debit Card,Completed
6d8e33e0-b1df-4841-8136-55253c666a33,2026_W27,O61623,U27114,P183,2026-07-05 02:46:13,1,4514.63,275.22,109.41,763.09,4514.63,4239.41,Debit Card,Completed
6d8e33e0-b1df-4841-8136-55253c666a33,2026_W27,O61624,U5593,P116,2026-06-29 13:09:51,2,7151.55,488.35,180.03,2486.65,14303.1,13814.75,Credit Card,Completed
6d8e33e0-b1df-4841-8136-55253c666a33,2026_W27,O61625,U34381,P20,2026-07-04 06:33:02,1,3016.27,309.96,84.87,487.14,3016.27,2706.31,UPI,Completed
6d8e33e0-b1df-4841-8136-55253c666a33,2026_W27,O61626,U19562,P88,2026-07-03 06:48:29,4,11704.48,5538.82,78.81,7430.24,46817.92,41279.1,Debit Card,Completed
6d8e33e0-b1df-4841-8136-55253c666a33,2026_W27,O61627,U31066,P105,2026-07-02 22:02:50,4,7230.61,1825.4,65.85,4877.47,28922.44,27097.039999999997,Debit Card,Completed
6d8e33e0-b1df-4841-8136-55253c666a33,2026_W27,O61628,U3748,P154,2026-07-02 12:27:53,1,3395.73,302.96,87.53,556.7,3395.73,3092.77,Debit Card,Completed
6d8e33e0-b1df-4841-8136-55253c666a33,2026_W27,O61629,U9024,P65,2026-07-01 06:41:35,2,7295.29,1081.04,153.53,2431.72,14590.58,13509.54,Wallet,Completed
6d8e33e0-b1df-4841-8136-55253c666a33,2026_W27,O61630,U22709,P2,2026-07-02 01:47:12,2,4823.44,426.25,125.35,1659.71,9646.88,9220.63,Wallet,Completed
6d8e33e0-b1df-4841-8136-55253c666a33,2026_W27,O61631,U12432,P21,2026-06-30 22:34:21,4,7568.69,3535.11,144.37,4813.14,30274.76,26739.649999999998,Wallet,Completed
6d8e33e0-b1df-4841-8136-55253c666a33,2026_W27,O61632,U10482,P50,2026-07-01 23:42:50,2,4043.15,1171.97,180.63,1244.58,8086.3,6914.33,UPI,Completed
6d8e33e0-b1df-4841-8136-55253c666a33,2026_W27,O61633,U3211,P18,2026-06-29 14:55:51,2,3465.55,545.18,74.69,1149.47,6931.1,6385.92,Debit Card,Completed
6d8e33e0-b1df-4841-8136-55253c666a33,2026_W27,O61634,U1232,P144,2026-06-30 00:12:06,1,4498.08,577.85,84.16,705.64,4498.08,3920.23,UPI,Completed
6d8e33e0-b1df-4841-8136-55253c666a33,2026_W27,O61635,U19571,P169,2026-07-01 04:23:04,4,10966.13,6518.48,58.39,6722.29,43864.52,37346.03999999999,UPI,Completed
6d8e33e0-b1df-4841-8136-55253c666a33,2026_W27,O61636,U24909,P85,2026-07-04 21:19:44,4,2941.32,529.04,59.21,2022.52,11765.28,11236.240000000002,Wallet,Completed
6d8e33e0-b1df-4841-8136-55253c666a33,2026_W27,O61637,U15201,P146,2026-07-04 09:04:10,1,1678.25,161.77,155.85,272.97,1678.25,1516.48,Wallet,Completed
6d8e33e0-b1df-4841-8136-55253c666a33,2026_W27,O61638,U10931,P82,2026-07-04 08:13:43,3,2456.79,873.59,114.77,1169.42,7370.37,6496.78,Wallet,Completed
6d8e33e0-b1df-4841-8136-55253c666a33,2026_W27,O61639,U25408,P63,2026-07-01 08:55:03,1,9352.06,1323.11,141.16,1445.21,9352.06,8028.95,UPI,Completed
6d8e33e0-b1df-4841-8136-55253c666a33,2026_W27,O61640,U15156,P153,2026-07-04 10:31:56,2,6806.07,1791.72,186.56,2127.68,13612.14,11820.42,Wallet,Completed
6d8e33e0-b1df-4841-8136-55253c666a33,2026_W27,O61641,U2023,P81,2026-06-29 23:22:23,4,7402.77,575.25,104.93,5226.45,29611.08,29035.83,Debit Card,Completed
6d8e33e0-b1df-4841-8136-55253c666a33,2026_W27,O61642,U30060,P136,2026-07-04 13:59:56,3,10500.45,4006.03,111.56,4949.16,31501.350000000002,27495.320000000003,UPI,Completed
6d8e33e0-b1df-4841-8136-55253c666a33,2026_W27,O61643,U10192,P42,2026-07-03 04:56:12,2,5037.81,1188.86,173.07,1599.62,10075.62,8886.76,Debit Card,Completed
6d8e33e0-b1df-4841-8136-55253c666a33,2026_W27,O61644,U8016,P18,2026-07-01 07:16:39,3,3465.55,1238.42,143.48,1648.48,10396.650000000001,9158.230000000001,Debit Card,Completed
6d8e33e0-b1df-4841-8136-55253c666a33,2026_W27,O61645,U29258,P177,2026-06-29 23:38:33,4,9676.29,5562.89,118.5,5965.61,38705.16,33142.270000000004,UPI,Completed
6d8e33e0-b1df-4841-8136-55253c666a33,2026_W27,O61646,U30969,P84,2026-07-03 02:01:52,4,6489.78,378.37,58.82,4604.54,25959.12,25580.75,Credit Card,Completed
6d8e33e0-b1df-4841-8136-55253c666a33,2026_W27,O61647,U31171,P191,2026-07-03 01:24:48,3,9506.3,387.09,117.43,5063.73,28518.899999999998,28131.809999999998,Credit Card,Completed
6d8e33e0-b1df-4841-8136-55253c666a33,2026_W27,O61648,U15255,P114,2026-07-03 21:05:44,1,1980.84,76.41,166.82,342.8,1980.84,1904.4299999999998,Credit Card,Completed
6d8e33e0-b1df-4841-8136-55253c666a33,2026_W27,O61649,U7510,P7,2026-07-02 06:22:34,2,9852.33,1219.17,110.44,3327.39,19704.66,18485.489999999998,UPI,Completed
6d8e33e0-b1df-4841-8136-55253c666a33,2026_W27,O61650,U32939,P135,2026-06-30 09:55:15,2,5890.55,1485.51,68.52,1853.21,11781.1,10295.59,Credit Card,Completed
6d8e33e0-b1df-4841-8136-55253c666a33,2026_W27,O61651,U20815,P107,2026-07-02 03:25:19,1,10380.65,1360.19,198.67,1623.68,10380.65,9020.46,Debit Card,Completed
6d8e33e0-b1df-4841-8136-55253c666a33,2026_W27,O61652,U5634,P125,2026-07-03 17:56:30,2,9952.48,1639.1,181.79,3287.85,19904.96,18265.86,Credit Card,Completed
6d8e33e0-b1df-4841-8136-55253c666a33,2026_W27,O61653,U4083,P157,2026-07-02 04:16:43,3,6934.8,575.84,187.99,3641.14,20804.4,20228.56,Debit Card,Completed
6d8e33e0-b1df-4841-8136-55253c666a33,2026_W27,O61654,U25672,P64,2026-06-30 19:22:19,1,3844.36,447.4,61.16,611.45,3844.36,3396.96,Credit Card,Completed
6d8e33e0-b1df-4841-8136-55253c666a33,2026_W27,O61655,U24638,P94,2026-07-03 18:28:34,2,5614.01,1393.82,137.79,1770.16,11228.02,9834.2,Wallet,Completed
6d8e33e0-b1df-4841-8136-55253c666a33,2026_W27,O61656,U17257,P51,2026-07-04 22:48:35,4,5399.93,1659.43,136.53,3589.25,21599.72,19940.29,Debit Card,Completed
6d8e33e0-b1df-4841-8136-55253c666a33,2026_W27,O61657,U17828,P136,2026-07-01 15:58:27,1,10500.45,116.4,196.74,1869.13,10500.45,10384.050000000001,Credit Card,Completed
6d8e33e0-b1df-4841-8136-55253c666a33,2026_W27,O61658,U3609,P103,2026-06-29 15:16:59,2,2762.4,402.54,95.92,922.01,5524.8,5122.26,UPI,Completed
6d8e33e0-b1df-4841-8136-55253c666a33,2026_W27,O61659,U8026,P95,2026-07-04 07:50:59,4,5783.09,1844.89,137.55,3831.74,23132.36,21287.47,Wallet,Completed
6d8e33e0-b1df-4841-8136-55253c666a33,2026_W27,O61660,U32528,P195,2026-07-03 15:02:48,4,6655.83,3559.94,190.4,4151.41,26623.32,23063.38,Debit Card,Completed
6d8e33e0-b1df-4841-8136-55253c666a33,2026_W27,O61661,U14488,P117,2026-07-01 01:02:22,3,1818.08,513.34,139.46,889.36,5454.24,4940.9,UPI,Completed
6d8e33e0-b1df-4841-8136-55253c666a33,2026_W27,O61662,U8592,P161,2026-06-29 15:04:26,3,4439.61,398.44,52.95,2325.67,13318.829999999998,12920.389999999998,Wallet,Completed
6d8e33e0-b1df-4841-8136-55253c666a33,2026_W27,O61663,U24254,P65,2026-07-05 01:05:13,3,7295.29,414.19,181.53,3864.9,21885.87,21471.68,Debit Card,Completed
6d8e33e0-b1df-4841-8136-55253c666a33,2026_W27,O61664,U33093,P84,2026-07-02 11:16:04,4,6489.78,826.66,114.14,4523.84,25959.12,25132.46,Debit Card,Completed
6d8e33e0-b1df-4841-8136-55253c666a33,2026_W27,O61665,U7067,P135,2026-07-05 04:03:25,2,5890.55,583.74,134.36,2015.52,11781.1,11197.36,Debit Card,Completed
6d8e33e0-b1df-4841-8136-55253c666a33,2026_W27,O61666,U30089,P55,2026-07-03 09:21:50,4,4472.32,2032.55,69.8,2854.21,17889.28,15856.73,Debit Card,Completed
6d8e33e0-b1df-4841-8136-55253c666a33,2026_W27,O61667,U25854,P95,2026-07-03 14:01:50,3,5783.09,628.12,136.82,3009.81,17349.27,16721.15,Wallet,Completed
6d8e33e0-b1df-4841-8136-55253c666a33,2026_W27,O61668,U6729,P170,2026-07-03 18:52:06,2,2647.64,150.49,163.69,926.06,5295.28,5144.79,Debit Card,Completed
6d8e33e0-b1df-4841-8136-55253c666a33,2026_W27,O61669,U29566,P150,2026-06-29 16:01:27,2,3907.63,230.33,89.43,1365.29,7815.26,7584.93,Credit Card,Completed
6d8e33e0-b1df-4841-8136-55253c666a33,2026_W27,O61670,U8845,P124,2026-07-05 07:38:51,1,5965.84,605.87,125.22,964.79,5965.84,5359.97,Wallet,Completed
6d8e33e0-b1df-4841-8136-55253c666a33,2026_W27,O61671,U31674,P16,2026-07-04 08:53:43,2,3158.68,62.46,177.05,1125.88,6317.36,6254.9,Wallet,Completed
6d8e33e0-b1df-4841-8136-55253c666a33,2026_W27,O61672,U10084,P55,2026-06-30 21:47:38,4,4472.32,2577.55,171.98,2756.11,17889.28,15311.73,Debit Card,Completed
6d8e33e0-b1df-4841-8136-55253c666a33,2026_W27,O61673,U27344,P18,2026-07-02 22:34:28,2,3465.55,209.13,118.39,1209.95,6931.1,6721.97,Credit Card,Completed
6d8e33e0-b1df-4841-8136-55253c666a33,2026_W27,O61674,U27130,P104,2026-06-30 13:42:39,4,7848.2,1809.44,91.8,5325.0,31392.8,29583.36,Credit Card,Completed
6d8e33e0-b1df-4841-8136-55253c666a33,2026_W27,O61675,U12979,P63,2026-06-30 20:21:55,2,9352.06,291.54,75.23,3314.26,18704.12,18412.579999999998,Debit Card,Completed
6d8e33e0-b1df-4841-8136-55253c666a33,2026_W27,O61676,U6806,P73,2026-07-02 16:36:14,2,2904.91,468.12,71.03,961.51,5809.82,5341.7,UPI,Completed
6d8e33e0-b1df-4841-8136-55253c666a33,2026_W27,O61677,U16256,P198,2026-07-03 14:00:44,2,4611.32,764.84,186.64,1522.4,9222.64,8457.8,Credit Card,Completed
6d8e33e0-b1df-4841-8136-55253c666a33,2026_W27,O61678,U33143,P2,2026-06-29 15:19:43,2,4823.44,768.15,109.78,1598.17,9646.88,8878.73,UPI,Completed
6d8e33e0-b1df-4841-8136-55253c666a33,2026_W27,O61679,U21126,P88,2026-06-29 10:41:57,2,11704.48,2688.16,152.58,3729.74,23408.96,20720.8,UPI,Completed
6d8e33e0-b1df-4841-8136-55253c666a33,2026_W27,O61680,U12100,P169,2026-07-05 06:45:45,1,10966.13,1089.98,72.71,1777.71,10966.13,9876.15,Credit Card,Completed
6d8e33e0-b1df-4841-8136-55253c666a33,2026_W27,O61681,U10044,P22,2026-07-01 00:01:33,3,9175.57,4056.34,63.19,4224.67,27526.71,23470.37,UPI,Completed
6d8e33e0-b1df-4841-8136-55253c666a33,2026_W27,O61682,U14283,P23,2026-06-30 03:06:17,1,7426.47,1010.23,90.62,1154.92,7426.47,6416.24,Wallet,Completed
6d8e33e0-b1df-4841-8136-55253c666a33,2026_W27,O61683,U7813,P54,2026-06-29 21:24:21,3,7277.34,1816.17,129.6,3602.85,21832.02,20015.85,Wallet,Completed
6d8e33e0-b1df-4841-8136-55253c666a33,2026_W27,O61684,U20073,P95,2026-07-04 07:42:23,4,5783.09,2606.71,88.18,3694.62,23132.36,20525.65,Debit Card,Completed
6d8e33e0-b1df-4841-8136-55253c666a33,2026_W27,O61685,U33530,P177,2026-06-29 15:04:07,1,9676.29,116.29,160.66,1720.8,9676.29,9560.0,Wallet,Completed
6d8e33e0-b1df-4841-8136-55253c666a33,2026_W27,O61686,U4589,P11,2026-06-30 22:43:53,3,7598.14,2982.81,77.13,3566.09,22794.420000000002,19811.61,Wallet,Completed
6d8e33e0-b1df-4841-8136-55253c666a33,2026_W27,O61687,U2650,P5,2026-07-04 02:52:49,1,4886.67,460.89,101.96,796.64,4886.67,4425.78,UPI,Completed
6d8e33e0-b1df-4841-8136-55253c666a33,2026_W27,O61688,U13805,P103,2026-07-02 17:24:30,1,2762.4,280.12,186.6,446.81,2762.4,2482.28,Debit Card,Completed
6d8e33e0-b1df-4841-8136-55253c666a33,2026_W27,O61689,U3071,P38,2026-07-05 00:05:36,4,4290.59,548.59,194.38,2990.48,17162.36,16613.77,Credit Card,Completed
6d8e33e0-b1df-4841-8136-55253c666a33,2026_W27,O61690,U12668,P107,2026-07-01 20:29:39,3,10380.65,1658.3,180.63,5307.06,31141.949999999997,29483.649999999998,Wallet,Completed
6d8e33e0-b1df-4841-8136-55253c666a33,2026_W27,O61691,U8191,P174,2026-07-05 05:16:37,3,2207.85,572.95,190.61,1089.11,6623.549999999999,6050.599999999999,Debit Card,Completed
6d8e33e0-b1df-4841-8136-55253c666a33,2026_W27,O61692,U22269,P134,2026-06-29 23:42:59,4,3480.9,1029.18,145.9,2321.0,13923.6,12894.42,Credit Card,Completed
6d8e33e0-b1df-4841-8136-55253c666a33,2026_W27,O61693,U1584,P74,2026-07-03 05:43:26,2,6172.48,175.21,134.18,2190.55,12344.96,12169.75,Credit Card,Completed
6d8e33e0-b1df-4841-8136-55253c666a33,2026_W27,O61694,U11218,P97,2026-06-30 07:02:49,3,6666.27,1015.79,66.64,3416.94,19998.81,18983.02,Credit Card,Completed
6d8e33e0-b1df-4841-8136-55253c666a33,2026_W27,O61695,U33989,P117,2026-07-02 23:25:53,3,1818.08,500.49,127.09,891.68,5454.24,4953.75,Debit Card,Completed
6d8e33e0-b1df-4841-8136-55253c666a33,2026_W27,O61696,U23892,P94,2026-07-05 04:01:55,2,5614.01,1370.16,55.18,1774.41,11228.02,9857.86,UPI,Completed
6d8e33e0-b1df-4841-8136-55253c666a33,2026_W27,O61697,U12638,P56,2026-07-02 23:28:15,1,5764.47,687.95,197.69,913.77,5764.47,5076.52,UPI,Completed
6d8e33e0-b1df-4841-8136-55253c666a33,2026_W27,O61698,U5971,P85,2026-06-30 04:34:17,4,2941.32,1707.88,123.37,1810.33,11765.28,10057.400000000001,Debit Card,Completed
6d8e33e0-b1df-4841-8136-55253c666a33,2026_W27,O61699,U27419,P10,2026-07-04 18:50:59,1,3822.68,42.11,132.97,680.5,3822.68,3780.5699999999997,Wallet,Completed
6d8e33e0-b1df-4841-8136-55253c666a33,2026_W27,O61700,U33638,P193,2026-07-05 07:26:24,3,8599.49,3043.93,147.16,4095.82,25798.47,22754.54,Debit Card,Completed
6d8e33e0-b1df-4841-8136-55253c666a33,2026_W27,O61701,U26158,P166,2026-07-03 16:07:43,1,4248.29,366.16,135.3,698.78,4248.29,3882.13,Wallet,Completed
6d8e33e0-b1df-4841-8136-55253c666a33,2026_W27,O61702,U967,P174,2026-07-02 12:51:48,3,2207.85,161.74,136.72,1163.13,6623.549999999999,6461.8099999999995,Credit Card,Completed
6d8e33e0-b1df-4841-8136-55253c666a33,2026_W27,O61703,U1594,P25,2026-07-01 14:41:04,2,2539.74,260.72,82.81,867.38,5079.48,4818.759999999999,UPI,Completed
6d8e33e0-b1df-4841-8136-55253c666a33,2026_W27,O61704,U9164,P191,2026-07-01 22:41:16,4,9506.3,3942.74,103.09,6134.84,38025.2,34082.46,UPI,Completed
6d8e33e0-b1df-4841-8136-55253c666a33,2026_W27,O61705,U20331,P172,2026-07-02 23:18:14,3,7555.52,2256.65,73.69,3673.78,22666.56,20409.91,Debit Card,Completed
6d8e33e0-b1df-4841-8136-55253c666a33,2026_W27,O61706,U15135,P7,2026-07-01 05:47:53,3,9852.33,237.36,68.66,5277.53,29556.989999999998,29319.629999999997,Credit Card,Completed
6d8e33e0-b1df-4841-8136-55253c666a33,2026_W27,O61707,U470,P158,2026-06-29 20:17:42,2,5070.42,783.23,124.66,1684.37,10140.84,9357.61,UPI,Completed
6d8e33e0-b1df-4841-8136-55253c666a33,2026_W27,O61708,U2791,P135,2026-06-30 11:36:16,2,5890.55,1598.65,67.58,1832.84,11781.1,10182.45,Credit Card,Completed
6d8e33e0-b1df-4841-8136-55253c666a33,2026_W27,O61709,U34252,P131,2026-07-03 11:42:09,2,6362.71,1153.3,72.52,2082.98,12725.42,11572.12,Wallet,Completed
6d8e33e0-b1df-4841-8136-55253c666a33,2026_W27,O61710,U17827,P185,2026-06-30 09:47:04,1,2854.87,151.64,133.32,486.58,2854.87,2703.23,UPI,Completed
6d8e33e0-b1df-4841-8136-55253c666a33,2026_W27,O61711,U11908,P39,2026-07-04 08:52:50,4,10748.05,7.18,137.41,7737.3,42992.2,42985.02,UPI,Completed
6d8e33e0-b1df-4841-8136-55253c666a33,2026_W27,O61712,U23810,P128,2026-07-01 21:07:38,3,3543.69,1363.98,111.97,1668.08,10631.07,9267.09,Wallet,Completed
6d8e33e0-b1df-4841-8136-55253c666a33,2026_W27,O61713,U907,P110,2026-07-01 20:08:41,3,8883.32,3761.84,96.56,4119.86,26649.96,22888.12,Credit Card,Completed
6d8e33e0-b1df-4841-8136-55253c666a33,2026_W27,O61714,U30425,P37,2026-07-01 05:52:13,3,4162.63,1523.85,140.82,1973.53,12487.89,10964.039999999999,UPI,Completed
6d8e33e0-b1df-4841-8136-55253c666a33,2026_W27,O61715,U27659,P140,2026-06-30 07:56:21,3,3100.99,683.52,108.21,1551.5,9302.97,8619.449999999999,Credit Card,Completed
6d8e33e0-b1df-4841-8136-55253c666a33,2026_W27,O61716,U5072,P42,2026-07-05 05:47:59,2,5037.81,1265.82,160.66,1585.76,10075.62,8809.800000000001,Credit Card,Completed
6d8e33e0-b1df-4841-8136-55253c666a33,2026_W27,O61717,U2020,P156,2026-07-03 16:48:28,1,2724.78,255.82,97.74,444.41,2724.78,2468.96,Debit Card,Completed
6d8e33e0-b1df-4841-8136-55253c666a33,2026_W27,O61718,U15183,P95,2026-07-02 03:38:54,2,5783.09,221.15,106.8,2042.11,11566.18,11345.03,UPI,Completed
6d8e33e0-b1df-4841-8136-55253c666a33,2026_W27,O61719,U16926,P112,2026-07-03 03:09:30,3,7164.07,2509.88,131.37,3416.82,21492.21,18982.329999999998,Debit Card,Completed
6d8e33e0-b1df-4841-8136-55253c666a33,2026_W27,O61720,U24163,P7,2026-07-04 13:54:45,2,9852.33,2707.41,196.13,3059.5,19704.66,16997.25,Credit Card,Completed
6d8e33e0-b1df-4841-8136-55253c666a33,2026_W27,O61721,U1742,P33,2026-07-04 12:42:32,4,5573.38,1418.08,156.34,3757.58,22293.52,20875.440000000002,Credit Card,Completed
6d8e33e0-b1df-4841-8136-55253c666a33,2026_W27,O61722,U31710,P4,2026-07-03 12:17:43,2,2545.35,523.6,66.17,822.08,5090.7,4567.099999999999,Credit Card,Completed
6d8e33e0-b1df-4841-8136-55253c666a33,2026_W27,O61723,U33734,P62,2026-07-01 13:36:48,2,8933.75,1039.51,55.92,3029.04,17867.5,16827.99,Debit Card,Completed
6d8e33e0-b1df-4841-8136-55253c666a33,2026_W27,O61724,U10771,P85,2026-07-01 19:48:43,3,2941.32,284.95,175.92,1537.02,8823.960000000001,8539.01,Credit Card,Completed
6d8e33e0-b1df-4841-8136-55253c666a33,2026_W27,O61725,U18377,P46,2026-06-30 17:51:47,1,2979.32,421.4,130.09,460.43,2979.32,2557.92,Debit Card,Completed
6d8e33e0-b1df-4841-8136-55253c666a33,2026_W27,O61726,U3139,P143,2026-07-01 17:44:35,4,7220.76,1890.1,79.27,4858.73,28883.04,26992.940000000002,UPI,Completed
6d8e33e0-b1df-4841-8136-55253c666a33,2026_W27,O61727,U5946,P192,2026-06-30 01:35:04,4,11414.94,3036.67,137.54,7672.16,45659.76,42623.090000000004,Credit Card,Completed
6d8e33e0-b1df-4841-8136-55253c666a33,2026_W27,O61728,U25644,P105,2026-07-03 17:07:42,1,7230.61,255.87,89.83,1255.45,7230.61,6974.74,Debit Card,Completed
6d8e33e0-b1df-4841-8136-55253c666a33,2026_W27,O61729,U31004,P188,2026-06-30 10:56:59,2,2967.62,242.41,197.84,1024.71,5935.24,5692.83,Wallet,Completed
6d8e33e0-b1df-4841-8136-55253c666a33,2026_W27,O61730,U8784,P87,2026-07-02 21:50:52,2,7207.16,435.25,170.09,2516.23,14414.32,13979.07,UPI,Completed
6d8e33e0-b1df-4841-8136-55253c666a33,2026_W27,O61731,U1895,P182,2026-07-04 14:26:52,2,4946.93,562.28,90.45,1679.68,9893.86,9331.58,Wallet,Completed
6d8e33e0-b1df-4841-8136-55253c666a33,2026_W27,O61732,U7756,P107,2026-07-03 05:17:56,1,10380.65,792.38,55.13,1725.89,10380.65,9588.27,Debit Card,Completed
6d8e33e0-b1df-4841-8136-55253c666a33,2026_W27,O61733,U23381,P98,2026-06-30 01:13:32,4,7289.76,1306.83,58.43,5013.4,29159.04,27852.21,Debit Card,Completed
6d8e33e0-b1df-4841-8136-55253c666a33,2026_W27,O61734,U5141,P178,2026-06-29 16:47:39,1,7836.39,1074.57,110.56,1217.13,7836.39,6761.820000000001,Credit Card,Completed
6d8e33e0-b1df-4841-8136-55253c666a33,2026_W27,O61735,U9133,P153,2026-07-02 03:14:34,3,6806.07,580.44,83.06,3570.8,20418.21,19837.77,Debit Card,Completed
6d8e33e0-b1df-4841-8136-55253c666a33,2026_W27,O61736,U5577,P48,2026-07-03 00:48:45,1,3057.39,38.49,135.72,543.4,3057.39,3018.9,Debit Card,Completed
6d8e33e0-b1df-4841-8136-55253c666a33,2026_W27,O61737,U11605,P64,2026-07-02 15:57:10,3,3844.36,1666.73,174.17,1775.94,11533.08,9866.35,UPI,Completed
6d8e33e0-b1df-4841-8136-55253c666a33,2026_W27,O61738,U32402,P9,2026-06-30 20:57:25,2,5229.72,1430.72,162.92,1625.17,10459.44,9028.720000000001,UPI,Completed
6d8e33e0-b1df-4841-8136-55253c666a33,2026_W27,O61739,U16971,P108,2026-07-01 01:53:07,2,9991.6,2604.86,136.82,3128.1,19983.2,17378.34,UPI,Completed
6d8e33e0-b1df-4841-8136-55253c666a33,2026_W27,O61740,U1312,P39,2026-06-30 21:40:11,2,10748.05,2635.8,184.87,3394.85,21496.1,18860.3,Debit Card,Completed
6d8e33e0-b1df-4841-8136-55253c666a33,2026_W27,O61741,U8439,P140,2026-07-02 22:37:56,1,3100.99,26.7,65.67,553.37,3100.99,3074.29,UPI,Completed
6d8e33e0-b1df-4841-8136-55253c666a33,2026_W27,O61742,U12234,P183,2026-07-04 05:46:42,4,4514.63,19.35,167.79,3247.05,18058.52,18039.170000000002,Debit Card,Completed
6d8e33e0-b1df-4841-8136-55253c666a33,2026_W27,O61743,U25106,P26,2026-07-04 09:53:03,4,5113.55,1296.34,140.8,3448.41,20454.2,19157.86,Debit Card,Completed
6d8e33e0-b1df-4841-8136-55253c666a33,2026_W27,O61744,U8788,P121,2026-07-02 23:13:15,4,7793.76,3026.86,65.49,5066.67,31175.04,28148.18,UPI,Completed
6d8e33e0-b1df-4841-8136-55253c666a33,2026_W27,O61745,U7522,P75,2026-07-05 00:34:49,3,10051.65,2177.33,60.14,5035.97,30154.949999999997,27977.619999999995,Debit Card,Completed
6d8e33e0-b1df-4841-8136-55253c666a33,2026_W27,O61746,U4130,P16,2026-07-02 11:35:56,4,3158.68,178.67,159.16,2242.09,12634.72,12456.05,Wallet,Completed
6d8e33e0-b1df-4841-8136-55253c666a33,2026_W27,O61747,U26770,P36,2026-07-04 07:06:43,2,6802.05,681.45,129.77,2326.08,13604.1,12922.65,Wallet,Completed
6d8e33e0-b1df-4841-8136-55253c666a33,2026_W27,O61748,U10472,P134,2026-07-02 02:22:35,2,3480.9,978.98,88.75,1076.91,6961.8,5982.82,Debit Card,Completed
6d8e33e0-b1df-4841-8136-55253c666a33,2026_W27,O61749,U27856,P29,2026-07-01 08:24:29,4,1618.44,191.36,131.99,1130.83,6473.76,6282.400000000001,Debit Card,Completed
6d8e33e0-b1df-4841-8136-55253c666a33,2026_W27,O61750,U6053,P111,2026-07-05 06:57:27,1,7719.79,295.97,170.54,1336.29,7719.79,7423.82,Wallet,Completed
6d8e33e0-b1df-4841-8136-55253c666a33,2026_W27,O61751,U27803,P3,2026-06-30 16:48:23,4,3037.18,412.36,102.38,2112.54,12148.72,11736.359999999999,Wallet,Completed
6d8e33e0-b1df-4841-8136-55253c666a33,2026_W27,O61752,U2624,P123,2026-07-02 18:50:47,4,11056.51,3892.34,127.41,7260.07,44226.04,40333.7,Wallet,Completed
6d8e33e0-b1df-4841-8136-55253c666a33,2026_W27,O61753,U14223,P138,2026-07-01 12:14:30,2,6625.4,976.95,176.92,2209.29,13250.8,12273.849999999999,Wallet,Completed
6d8e33e0-b1df-4841-8136-55253c666a33,2026_W27,O61754,U30153,P88,2026-07-05 06:06:48,2,11704.48,2330.36,148.01,3794.15,23408.96,21078.6,Debit Card,Completed
6d8e33e0-b1df-4841-8136-55253c666a33,2026_W27,O61755,U20650,P131,2026-07-03 03:49:34,4,6362.71,2853.82,78.34,4067.46,25450.84,22597.02,Wallet,Completed
6d8e33e0-b1df-4841-8136-55253c666a33,2026_W27,O61756,U6983,P151,2026-07-04 11:15:46,3,9624.05,3256.44,77.29,4610.83,28872.149999999998,25615.71,Wallet,Completed
6d8e33e0-b1df-4841-8136-55253c666a33,2026_W27,O61757,U29866,P76,2026-07-01 12:53:35,3,7097.72,418.92,58.39,3757.36,21293.16,20874.24,Wallet,Completed
6d8e33e0-b1df-4841-8136-55253c666a33,2026_W27,O61758,U10510,P28,2026-07-02 21:14:29,4,4687.09,1873.97,177.82,3037.39,18748.36,16874.39,Credit Card,Completed
6d8e33e0-b1df-4841-8136-55253c666a33,2026_W27,O61759,U8420,P68,2026-07-04 10:09:22,4,4352.35,181.95,189.79,3100.94,17409.4,17227.45,Debit Card,Completed
6d8e33e0-b1df-4841-8136-55253c666a33,2026_W27,O61760,U31563,P4,2026-07-03 19:51:13,4,2545.35,1322.84,70.06,1594.54,10181.4,8858.56,Debit Card,Completed
6d8e33e0-b1df-4841-8136-55253c666a33,2026_W27,O61761,U29968,P121,2026-07-04 10:54:36,2,7793.76,1028.36,105.78,2620.65,15587.52,14559.16,Debit Card,Completed
6d8e33e0-b1df-4841-8136-55253c666a33,2026_W27,O61762,U26421,P49,2026-07-02 08:55:06,1,8208.46,948.45,92.13,1306.8,8208.46,7260.009999999999,UPI,Completed
6d8e33e0-b1df-4841-8136-55253c666a33,2026_W27,O61763,U19512,P125,2026-06-29 17:55:35,4,9952.48,4974.26,154.25,6270.42,39809.92,34835.659999999996,Wallet,Completed
6d8e33e0-b1df-4841-8136-55253c666a33,2026_W27,O61764,U21344,P46,2026-07-01 03:45:55,4,2979.32,413.92,60.14,2070.6,11917.28,11503.36,Credit Card,Completed
6d8e33e0-b1df-4841-8136-55253c666a33,2026_W27,O61765,U2873,P105,2026-07-02 22:30:16,2,7230.61,1043.09,103.38,2415.26,14461.22,13418.13,Wallet,Completed
6d8e33e0-b1df-4841-8136-55253c666a33,2026_W27,O61766,U20559,P4,2026-07-02 20:18:43,3,2545.35,867.17,55.32,1218.4,7636.049999999999,6768.879999999999,Wallet,Completed
6d8e33e0-b1df-4841-8136-55253c666a33,2026_W27,O61767,U8014,P50,2026-07-01 10:06:44,3,4043.15,1138.1,127.12,1978.44,12129.45,10991.35,Debit Card,Completed
6d8e33e0-b1df-4841-8136-55253c666a33,2026_W27,O61768,U15187,P152,2026-07-01 12:09:17,1,5413.06,739.3,50.65,841.28,5413.06,4673.76,UPI,Completed
6d8e33e0-b1df-4841-8136-55253c666a33,2026_W27,O61769,U28606,P169,2026-07-02 09:15:14,3,10966.13,3196.43,68.05,5346.35,32898.39,29701.96,Debit Card,Completed
6d8e33e0-b1df-4841-8136-55253c666a33,2026_W27,O61770,U7060,P136,2026-07-04 10:37:33,1,10500.45,896.62,190.91,1728.69,10500.45,9603.83,Wallet,Completed
6d8e33e0-b1df-4841-8136-55253c666a33,2026_W27,O61771,U13303,P177,2026-07-02 07:11:42,2,9676.29,2819.59,74.35,2975.94,19352.58,16532.99,Credit Card,Completed
6d8e33e0-b1df-4841-8136-55253c666a33,2026_W27,O61772,U19098,P88,2026-07-03 14:29:26,1,11704.48,394.36,125.5,2035.82,11704.48,11310.119999999999,UPI,Completed
6d8e33e0-b1df-4841-8136-55253c666a33,2026_W27,O61773,U33912,P174,2026-07-03 11:39:36,2,2207.85,601.68,142.77,686.52,4415.7,3814.02,Debit Card,Completed
6d8e33e0-b1df-4841-8136-55253c666a33,2026_W27,O61774,U15896,P118,2026-07-02 22:39:20,2,9270.95,1783.68,68.97,3016.48,18541.9,16758.22,Debit Card,Completed
6d8e33e0-b1df-4841-8136-55253c666a33,2026_W27,O61775,U33229,P75,2026-06-30 07:09:16,3,10051.65,2484.73,128.04,4980.64,30154.949999999997,27670.219999999998,UPI,Completed
6d8e33e0-b1df-4841-8136-55253c666a33,2026_W27,O61776,U27812,P116,2026-07-01 18:21:00,1,7151.55,117.41,94.66,1266.15,7151.55,7034.14,Debit Card,Completed
6d8e33e0-b1df-4841-8136-55253c666a33,2026_W27,O61777,U11434,P31,2026-07-04 02:08:12,2,3171.15,441.45,79.23,1062.15,6342.3,5900.85,Debit Card,Completed
6d8e33e0-b1df-4841-8136-55253c666a33,2026_W27,O61778,U20934,P7,2026-07-02 22:16:54,3,9852.33,3970.97,187.78,4605.48,29556.989999999998,25586.019999999997,Credit Card,Completed
6d8e33e0-b1df-4841-8136-55253c666a33,2026_W27,O61779,U12577,P46,2026-07-04 02:19:33,4,2979.32,1083.15,160.48,1950.14,11917.28,10834.130000000001,Credit Card,Completed
6d8e33e0-b1df-4841-8136-55253c666a33,2026_W27,O61780,U24343,P6,2026-06-29 16:01:28,4,6939.39,3829.6,75.69,4307.03,27757.56,23927.960000000003,Wallet,Completed
6d8e33e0-b1df-4841-8136-55253c666a33,2026_W27,O61781,U255,P157,2026-06-30 03:34:08,1,6934.8,788.86,177.97,1106.27,6934.8,6145.9400000000005,Credit Card,Completed
6d8e33e0-b1df-4841-8136-55253c666a33,2026_W27,O61782,U11794,P130,2026-06-30 15:05:14,3,9584.05,1983.98,85.88,4818.27,28752.149999999998,26768.17,UPI,Completed
6d8e33e0-b1df-4841-8136-55253c666a33,2026_W27,O61783,U30892,P43,2026-07-01 16:20:49,3,8672.85,2248.87,53.36,4278.54,26018.550000000003,23769.680000000004,Debit Card,Completed
6d8e33e0-b1df-4841-8136-55253c666a33,2026_W27,O61784,U24970,P110,2026-06-30 17:53:23,3,8883.32,3128.91,67.88,4233.79,26649.96,23521.05,Credit Card,Completed
6d8e33e0-b1df-4841-8136-55253c666a33,2026_W27,O61785,U29689,P143,2026-07-01 12:58:28,4,7220.76,1243.39,123.34,4975.14,28883.04,27639.65,UPI,Completed
6d8e33e0-b1df-4841-8136-55253c666a33,2026_W27,O61786,U18273,P152,2026-06-30 06:44:58,2,5413.06,680.86,91.57,1826.15,10826.12,10145.26,Credit Card,Completed
6d8e33e0-b1df-4841-8136-55253c666a33,2026_W27,O61787,U31224,P152,2026-07-02 02:19:47,1,5413.06,192.75,193.37,939.66,5413.06,5220.31,UPI,Completed
6d8e33e0-b1df-4841-8136-55253c666a33,2026_W27,O61788,U20282,P7,2026-07-03 19:12:51,1,9852.33,1193.21,149.9,1558.64,9852.33,8659.119999999999,Debit Card,Completed
6d8e33e0-b1df-4841-8136-55253c666a33,2026_W27,O61789,U8707,P150,2026-07-01 06:48:55,1,3907.63,502.55,74.82,612.91,3907.63,3405.08,Wallet,Completed
6d8e33e0-b1df-4841-8136-55253c666a33,2026_W27,O61790,U33148,P183,2026-07-01 16:02:28,3,4514.63,310.38,83.33,2382.03,13543.89,13233.51,Wallet,Completed
6d8e33e0-b1df-4841-8136-55253c666a33,2026_W27,O61791,U5283,P1,2026-06-30 14:32:17,1,8041.29,695.69,184.33,1322.21,8041.29,7345.6,UPI,Completed
6d8e33e0-b1df-4841-8136-55253c666a33,2026_W27,O61792,U6230,P14,2026-07-04 00:06:43,3,5736.45,328.5,138.98,3038.55,17209.35,16880.85,UPI,Completed
6d8e33e0-b1df-4841-8136-55253c666a33,2026_W27,O61793,U28358,P175,2026-06-30 12:41:28,2,3999.32,771.1,85.67,1300.96,7998.64,7227.54,UPI,Completed
6d8e33e0-b1df-4841-8136-55253c666a33,2026_W27,O61794,U4478,P117,2026-07-04 14:45:10,1,1818.08,152.97,120.61,299.72,1818.08,1665.11,Wallet,Completed
6d8e33e0-b1df-4841-8136-55253c666a33,2026_W27,O61795,U26531,P126,2026-06-30 18:30:08,3,9456.09,949.52,120.32,4935.38,28368.27,27418.75,Debit Card,Completed
6d8e33e0-b1df-4841-8136-55253c666a33,2026_W27,O61796,U1655,P9,2026-07-04 08:37:31,2,5229.72,1467.35,72.22,1618.58,10459.44,8992.09,Debit Card,Completed
6d8e33e0-b1df-4841-8136-55253c666a33,2026_W27,O61797,U2795,P143,2026-07-02 17:22:56,1,7220.76,113.48,68.0,1279.31,7220.76,7107.280000000001,Credit Card,Completed
6d8e33e0-b1df-4841-8136-55253c666a33,2026_W27,O61798,U22758,P9,2026-06-29 21:18:13,2,5229.72,900.64,98.9,1720.58,10459.44,9558.800000000001,Debit Card,Completed
6d8e33e0-b1df-4841-8136-55253c666a33,2026_W27,O61799,U11702,P23,2026-06-30 01:56:36,2,7426.47,229.93,192.3,2632.14,14852.94,14623.01,UPI,Completed
6d8e33e0-b1df-4841-8136-55253c666a33,2026_W27,O61800,U22139,P76,2026-07-04 13:28:38,1,7097.72,402.06,78.02,1205.22,7097.72,6695.66,Debit Card,Completed
6d8e33e0-b1df-4841-8136-55253c666a33,2026_W27,O61801,U14965,P84,2026-07-03 07:40:02,1,6489.78,723.55,106.24,1037.92,6489.78,5766.23,Wallet,Completed
6d8e33e0-b1df-4841-8136-55253c666a33,2026_W27,O61802,U20305,P170,2026-07-04 09:26:12,4,2647.64,487.57,58.45,1818.54,10590.56,10102.99,Debit Card,Completed
6d8e33e0-b1df-4841-8136-55253c666a33,2026_W27,O61803,U8314,P27,2026-07-02 03:05:50,1,8284.05,70.37,71.02,1478.46,8284.05,8213.679999999998,Wallet,Completed
6d8e33e0-b1df-4841-8136-55253c666a33,2026_W27,O61804,U29490,P77,2026-07-01 07:55:23,3,5304.36,3.2,154.3,2863.78,15913.079999999998,15909.879999999997,UPI,Completed
6d8e33e0-b1df-4841-8136-55253c666a33,2026_W27,O61805,U33240,P157,2026-07-01 19:16:03,2,6934.8,91.85,106.29,2480.0,13869.6,13777.75,Debit Card,Completed
6d8e33e0-b1df-4841-8136-55253c666a33,2026_W27,O61806,U34250,P13,2026-07-03 17:31:16,3,6638.24,471.39,76.72,3499.8,19914.72,19443.33,Wallet,Completed
6d8e33e0-b1df-4841-8136-55253c666a33,2026_W27,O61807,U2023,P14,2026-06-30 01:44:51,3,5736.45,1263.11,83.89,2870.32,17209.35,15946.239999999998,Debit Card,Completed
6d8e33e0-b1df-4841-8136-55253c666a33,2026_W27,O61808,U24745,P157,2026-07-04 15:45:45,3,6934.8,2673.17,176.54,3263.62,20804.4,18131.230000000003,Debit Card,Completed
6d8e33e0-b1df-4841-8136-55253c666a33,2026_W27,O61809,U7178,P140,2026-07-02 20:45:18,4,3100.99,503.07,92.9,2142.16,12403.96,11900.89,Wallet,Completed
6d8e33e0-b1df-4841-8136-55253c666a33,2026_W27,O61810,U8707,P153,2026-07-04 09:04:40,3,6806.07,42.88,140.29,3667.56,20418.21,20375.329999999998,Wallet,Completed
6d8e33e0-b1df-4841-8136-55253c666a33,2026_W27,O61811,U34577,P56,2026-07-04 05:15:20,2,5764.47,400.86,97.05,2003.05,11528.94,11128.08,UPI,Completed
6d8e33e0-b1df-4841-8136-55253c666a33,2026_W27,O61812,U20282,P29,2026-07-02 19:22:06,2,1618.44,375.31,178.15,515.08,3236.88,2861.57,Credit Card,Completed
6d8e33e0-b1df-4841-8136-55253c666a33,2026_W27,O61813,U1335,P137,2026-07-02 18:43:27,4,2618.72,896.25,179.01,1724.15,10474.88,9578.63,UPI,Completed
6d8e33e0-b1df-4841-8136-55253c666a33,2026_W27,O61814,U8788,P83,2026-07-02 04:39:14,1,2067.84,237.67,129.71,329.43,2067.84,1830.17,Credit Card,Completed
6d8e33e0-b1df-4841-8136-55253c666a33,2026_W27,O61815,U27844,P95,2026-07-02 18:38:51,2,5783.09,771.29,165.11,1943.08,11566.18,10794.89,UPI,Completed
6d8e33e0-b1df-4841-8136-55253c666a33,2026_W27,O61816,U6866,P40,2026-07-01 22:48:11,1,7370.62,697.85,184.93,1201.1,7370.62,6672.7699999999995,Wallet,Completed
6d8e33e0-b1df-4841-8136-55253c666a33,2026_W27,O61817,U17843,P117,2026-07-03 18:08:52,3,1818.08,766.39,136.85,843.81,5454.24,4687.849999999999,Credit Card,Completed
6d8e33e0-b1df-4841-8136-55253c666a33,2026_W27,O61818,U5862,P167,2026-06-30 04:25:46,2,5498.71,980.31,167.55,1803.08,10997.42,10017.11,UPI,Completed
6d8e33e0-b1df-4841-8136-55253c666a33,2026_W27,O61819,U23504,P127,2026-07-04 14:37:13,2,4862.09,18.51,117.16,1747.02,9724.18,9705.67,Debit Card,Completed
6d8e33e0-b1df-4841-8136-55253c666a33,2026_W27,O61820,U1572,P101,2026-07-02 12:12:51,1,8924.96,1325.24,72.89,1367.95,8924.96,7599.719999999999,Credit Card,Completed
6d8e33e0-b1df-4841-8136-55253c666a33,2026_W27,O61821,U18620,P45,2026-07-01 12:52:39,2,2342.15,256.21,67.92,797.06,4684.3,4428.09,Debit Card,Completed
6d8e33e0-b1df-4841-8136-55253c666a33,2026_W27,O61822,U2412,P128,2026-07-04 06:35:08,4,3543.69,214.53,140.6,2512.84,14174.76,13960.23,Credit Card,Completed
6d8e33e0-b1df-4841-8136-55253c666a33,2026_W27,O61823,U15822,P118,2026-07-01 14:39:52,3,9270.95,370.93,190.6,4939.55,27812.850000000002,27441.920000000002,Credit Card,Completed
6d8e33e0-b1df-4841-8136-55253c666a33,2026_W27,O61824,U32410,P194,2026-06-30 23:36:08,4,2286.6,67.61,129.48,1634.18,9146.4,9078.789999999999,UPI,Completed
6d8e33e0-b1df-4841-8136-55253c666a33,2026_W27,O61825,U21409,P49,2026-07-04 16:29:34,2,8208.46,114.18,107.16,2934.49,16416.92,16302.739999999998,UPI,Completed
6d8e33e0-b1df-4841-8136-55253c666a33,2026_W27,O61826,U10651,P99,2026-06-29 18:33:18,2,5405.7,740.63,126.18,1812.74,10811.4,10070.77,Credit Card,Completed
6d8e33e0-b1df-4841-8136-55253c666a33,2026_W27,O61827,U17295,P126,2026-06-30 21:56:50,2,9456.09,816.02,105.09,3257.31,18912.18,18096.16,Wallet,Completed
6d8e33e0-b1df-4841-8136-55253c666a33,2026_W27,O61828,U5966,P162,2026-07-03 15:53:07,2,7889.79,1743.41,114.05,2526.51,15779.58,14036.17,UPI,Completed
6d8e33e0-b1df-4841-8136-55253c666a33,2026_W27,O61829,U33998,P144,2026-07-02 02:20:58,2,4498.08,115.23,56.45,1598.57,8996.16,8880.93,Credit Card,Completed
6d8e33e0-b1df-4841-8136-55253c666a33,2026_W27,O61830,U6466,P53,2026-06-30 11:57:05,2,5893.03,1397.75,99.28,1869.9,11786.06,10388.31,Debit Card,Completed
6d8e33e0-b1df-4841-8136-55253c666a33,2026_W27,O61831,U26665,P15,2026-06-30 05:57:33,4,3230.88,548.89,189.94,2227.43,12923.52,12374.630000000001,Debit Card,Completed
6d8e33e0-b1df-4841-8136-55253c666a33,2026_W27,O61832,U5487,P23,2026-06-30 16:35:34,3,7426.47,3318.49,167.07,3412.97,22279.41,18960.92,Wallet,Completed
6d8e33e0-b1df-4841-8136-55253c666a33,2026_W27,O61833,U17094,P82,2026-07-01 05:07:30,2,2456.79,439.9,188.02,805.26,4913.58,4473.68,UPI,Completed
6d8e33e0-b1df-4841-8136-55253c666a33,2026_W27,O61834,U24621,P171,2026-06-30 18:13:30,4,2305.74,245.09,67.93,1616.02,9222.96,8977.869999999999,Credit Card,Completed
6d8e33e0-b1df-4841-8136-55253c666a33,2026_W27,O61835,U29258,P56,2026-07-01 10:33:21,1,5764.47,480.99,59.41,951.03,5764.47,5283.4800000000005,Credit Card,Completed
6d8e33e0-b1df-4841-8136-55253c666a33,2026_W27,O61836,U15635,P8,2026-06-29 11:46:58,3,8837.46,353.89,172.6,4708.53,26512.379999999997,26158.489999999998,Wallet,Completed
6d8e33e0-b1df-4841-8136-55253c666a33,2026_W27,O61837,U19385,P3,2026-07-03 15:18:39,4,3037.18,1090.77,195.16,1990.43,12148.72,11057.949999999999,Wallet,Completed
6d8e33e0-b1df-4841-8136-55253c666a33,2026_W27,O61838,U23677,P46,2026-06-30 03:36:28,2,2979.32,690.52,93.5,948.26,5958.64,5268.120000000001,Credit Card,Completed
6d8e33e0-b1df-4841-8136-55253c666a33,2026_W27,O61839,U4085,P136,2026-07-05 03:46:30,4,10500.45,4593.55,74.3,6733.48,42001.8,37408.25,Debit Card,Completed
6d8e33e0-b1df-4841-8136-55253c666a33,2026_W27,O61840,U31824,P70,2026-06-29 09:12:26,2,2270.0,278.11,86.92,767.14,4540.0,4261.89,UPI,Completed
6d8e33e0-b1df-4841-8136-55253c666a33,2026_W27,O61841,U27436,P94,2026-07-01 01:09:05,4,5614.01,892.26,105.6,3881.48,22456.04,21563.780000000002,Wallet,Completed
6d8e33e0-b1df-4841-8136-55253c666a33,2026_W27,O61842,U4450,P146,2026-06-30 07:44:52,2,1678.25,304.64,93.12,549.33,3356.5,3051.86,Wallet,Completed
6d8e33e0-b1df-4841-8136-55253c666a33,2026_W27,O61843,U10066,P151,2026-07-02 18:13:10,2,9624.05,2225.28,141.39,3064.11,19248.1,17022.82,UPI,Completed
6d8e33e0-b1df-4841-8136-55253c666a33,2026_W27,O61844,U14870,P80,2026-06-29 18:55:11,4,6276.46,79.82,52.09,4504.68,25105.84,25026.02,Wallet,Completed
6d8e33e0-b1df-4841-8136-55253c666a33,2026_W27,O61845,U17622,P183,2026-07-02 03:11:50,4,4514.63,1272.37,119.44,3021.51,18058.52,16786.15,Credit Card,Completed
6d8e33e0-b1df-4841-8136-55253c666a33,2026_W27,O61846,U13680,P86,2026-07-05 00:12:58,4,9877.51,4981.25,57.41,6215.18,39510.04,34528.79,Credit Card,Completed
6d8e33e0-b1df-4841-8136-55253c666a33,2026_W27,O61847,U28922,P95,2026-06-29 17:16:14,4,5783.09,2130.68,121.7,3780.3,23132.36,21001.68,Wallet,Completed
6d8e33e0-b1df-4841-8136-55253c666a33,2026_W27,O61848,U19486,P149,2026-07-02 04:32:21,2,2710.59,3.2,154.41,975.24,5421.18,5417.9800000000005,Wallet,Completed
6d8e33e0-b1df-4841-8136-55253c666a33,2026_W27,O61849,U28905,P52,2026-07-04 23:41:50,2,7675.89,1329.6,171.96,2523.99,15351.78,14022.18,Debit Card,Completed
6d8e33e0-b1df-4841-8136-55253c666a33,2026_W27,O61850,U4619,P98,2026-07-01 08:55:01,1,7289.76,1079.7,117.22,1117.81,7289.76,6210.06,UPI,Completed
6d8e33e0-b1df-4841-8136-55253c666a33,2026_W27,O61851,U9790,P143,2026-07-01 08:22:01,1,7220.76,120.08,87.71,1278.12,7220.76,7100.68,Debit Card,Completed
6d8e33e0-b1df-4841-8136-55253c666a33,2026_W27,O61852,U27104,P105,2026-07-04 10:48:32,3,7230.61,3235.03,195.0,3322.22,21691.829999999998,18456.8,Wallet,Completed
6d8e33e0-b1df-4841-8136-55253c666a33,2026_W27,O61853,U4619,P156,2026-07-03 07:20:20,1,2724.78,30.3,72.45,485.01,2724.78,2694.48,Wallet,Completed
6d8e33e0-b1df-4841-8136-55253c666a33,2026_W27,O61854,U26177,P108,2026-06-30 19:36:36,2,9991.6,1940.36,133.2,3247.71,19983.2,18042.84,Wallet,Completed
6d8e33e0-b1df-4841-8136-55253c666a33,2026_W27,O61855,U29850,P157,2026-07-01 03:39:37,1,6934.8,294.49,54.18,1195.26,6934.8,6640.31,UPI,Completed
6d8e33e0-b1df-4841-8136-55253c666a33,2026_W27,O61856,U15312,P108,2026-07-03 05:51:06,4,9991.6,1202.12,63.1,6977.57,39966.4,38764.28,Wallet,Completed
6d8e33e0-b1df-4841-8136-55253c666a33,2026_W27,O61857,U15000,P70,2026-06-29 22:33:21,4,2270.0,1108.99,160.06,1434.78,9080.0,7971.01,Debit Card,Completed
6d8e33e0-b1df-4841-8136-55253c666a33,2026_W27,O61858,U4263,P18,2026-07-02 08:22:43,1,3465.55,356.54,138.47,559.62,3465.55,3109.01,Credit Card,Completed
6d8e33e0-b1df-4841-8136-55253c666a33,2026_W27,O61859,U32665,P7,2026-07-03 03:23:10,2,9852.33,1466.37,154.24,3282.89,19704.66,18238.29,UPI,Completed
6d8e33e0-b1df-4841-8136-55253c666a33,2026_W27,O61860,U22392,P81,2026-06-29 19:10:08,1,7402.77,110.3,58.83,1312.64,7402.77,7292.47,Credit Card,Completed
6d8e33e0-b1df-4841-8136-55253c666a33,2026_W27,O61861,U28158,P38,2026-07-03 10:07:55,4,4290.59,927.5,137.23,2922.27,17162.36,16234.86,Credit Card,Completed
6d8e33e0-b1df-4841-8136-55253c666a33,2026_W27,O61862,U664,P104,2026-07-02 14:10:55,4,7848.2,1372.77,143.62,5403.61,31392.8,30020.03,Credit Card,Completed
6d8e33e0-b1df-4841-8136-55253c666a33,2026_W27,O61863,U20526,P153,2026-07-03 18:22:18,4,6806.07,2809.19,123.67,4394.72,27224.28,24415.09,UPI,Completed
6d8e33e0-b1df-4841-8136-55253c666a33,2026_W27,O61864,U32633,P194,2026-07-02 07:06:48,2,2286.6,276.82,158.91,773.35,4573.2,4296.38,Debit Card,Completed
6d8e33e0-b1df-4841-8136-55253c666a33,2026_W27,O61865,U26232,P1,2026-07-02 06:03:11,4,8041.29,1118.24,124.95,5588.45,32165.16,31046.92,UPI,Completed
6d8e33e0-b1df-4841-8136-55253c666a33,2026_W27,O61866,U20051,P42,2026-07-01 04:13:47,4,5037.81,728.25,68.67,3496.14,20151.24,19422.99,Debit Card,Completed
6d8e33e0-b1df-4841-8136-55253c666a33,2026_W27,O61867,U30881,P64,2026-07-04 19:07:09,2,3844.36,366.76,89.3,1317.95,7688.72,7321.96,Credit Card,Completed
6d8e33e0-b1df-4841-8136-55253c666a33,2026_W27,O61868,U20582,P4,2026-06-30 17:06:05,4,2545.35,1130.16,101.35,1629.22,10181.4,9051.24,Credit Card,Completed
6d8e33e0-b1df-4841-8136-55253c666a33,2026_W27,O61869,U33333,P163,2026-06-29 12:55:43,2,5553.52,1419.36,158.67,1743.78,11107.04,9687.68,Wallet,Completed
6d8e33e0-b1df-4841-8136-55253c666a33,2026_W27,O61870,U33058,P29,2026-07-02 03:00:00,1,1618.44,221.08,71.28,251.52,1618.44,1397.3600000000001,UPI,Completed
6d8e33e0-b1df-4841-8136-55253c666a33,2026_W27,O61871,U32748,P146,2026-07-02 12:06:12,4,1678.25,358.12,192.96,1143.88,6713.0,6354.88,Debit Card,Completed
6d8e33e0-b1df-4841-8136-55253c666a33,2026_W27,O61872,U20364,P91,2026-06-29 14:01:54,3,7800.01,131.93,159.66,4188.26,23400.03,23268.1,Wallet,Completed
6d8e33e0-b1df-4841-8136-55253c666a33,2026_W27,O61873,U33983,P87,2026-06-29 17:19:19,2,7207.16,1751.16,188.18,2279.37,14414.32,12663.16,Credit Card,Completed
6d8e33e0-b1df-4841-8136-55253c666a33,2026_W27,O61874,U33441,P149,2026-06-30 15:41:18,4,2710.59,198.77,58.5,1915.85,10842.36,10643.59,UPI,Completed
6d8e33e0-b1df-4841-8136-55253c666a33,2026_W27,O61875,U3617,P117,2026-06-30 22:52:25,3,1818.08,516.18,172.41,888.85,5454.24,4938.0599999999995,Wallet,Completed
6d8e33e0-b1df-4841-8136-55253c666a33,2026_W27,O61876,U3517,P185,2026-06-30 15:44:54,4,2854.87,48.21,128.84,2046.83,11419.48,11371.27,Wallet,Completed
6d8e33e0-b1df-4841-8136-55253c666a33,2026_W27,O61877,U34290,P2,2026-07-03 10:15:57,2,4823.44,1338.66,55.86,1495.48,9646.88,8308.22,Debit Card,Completed
6d8e33e0-b1df-4841-8136-55253c666a33,2026_W27,O61878,U12809,P188,2026-07-05 09:02:07,3,2967.62,94.48,162.48,1585.51,8902.86,8808.380000000001,Wallet,Completed
6d8e33e0-b1df-4841-8136-55253c666a33,2026_W27,O61879,U18568,P83,2026-07-05 07:39:13,1,2067.84,71.38,176.28,359.36,2067.84,1996.46,Credit Card,Completed
6d8e33e0-b1df-4841-8136-55253c666a33,2026_W27,O61880,U14310,P197,2026-07-03 22:59:36,2,10992.71,917.16,138.14,3792.29,21985.42,21068.26,UPI,Completed
6d8e33e0-b1df-4841-8136-55253c666a33,2026_W27,O61881,U18681,P162,2026-07-02 08:54:42,4,7889.79,2600.59,87.78,5212.54,31559.16,28958.57,Credit Card,Completed
6d8e33e0-b1df-4841-8136-55253c666a33,2026_W27,O61882,U19109,P93,2026-07-04 03:02:52,2,5463.71,1408.33,107.74,1713.44,10927.42,9519.09,Wallet,Completed
6d8e33e0-b1df-4841-8136-55253c666a33,2026_W27,O61883,U31588,P108,2026-07-01 19:44:24,4,9991.6,4784.86,151.76,6332.68,39966.4,35181.54,Debit Card,Completed
6d8e33e0-b1df-4841-8136-55253c666a33,2026_W27,O61884,U23921,P119,2026-07-03 00:18:45,3,9225.28,2483.16,127.15,4534.68,27675.840000000004,25192.680000000004,UPI,Completed
6d8e33e0-b1df-4841-8136-55253c666a33,2026_W27,O61885,U27753,P90,2026-07-02 07:55:38,3,4581.8,443.73,135.85,2394.3,13745.400000000001,13301.670000000002,Credit Card,Completed
6d8e33e0-b1df-4841-8136-55253c666a33,2026_W27,O61886,U3857,P123,2026-07-04 03:37:00,4,11056.51,4269.22,75.71,7192.23,44226.04,39956.82,Wallet,Completed
6d8e33e0-b1df-4841-8136-55253c666a33,2026_W27,O61887,U33397,P57,2026-07-03 02:12:51,1,8411.78,786.41,171.47,1372.57,8411.78,7625.370000000001,Credit Card,Completed
6d8e33e0-b1df-4841-8136-55253c666a33,2026_W27,O61888,U9294,P197,2026-07-04 22:41:49,3,10992.71,2703.45,58.94,5449.44,32978.13,30274.679999999997,Credit Card,Completed
6d8e33e0-b1df-4841-8136-55253c666a33,2026_W27,O61889,U29154,P67,2026-07-03 07:04:30,2,4487.19,1241.06,178.35,1392.0,8974.38,7733.32,UPI,Completed
6d8e33e0-b1df-4841-8136-55253c666a33,2026_W27,O61890,U1915,P197,2026-07-03 11:44:55,4,10992.71,2306.64,53.4,7499.56,43970.84,41664.2,Wallet,Completed
6d8e33e0-b1df-4841-8136-55253c666a33,2026_W27,O61891,U18795,P78,2026-07-02 08:57:29,1,4536.03,198.95,51.87,780.67,4536.03,4337.08,Wallet,Completed
6d8e33e0-b1df-4841-8136-55253c666a33,2026_W27,O61892,U18622,P187,2026-07-04 11:04:54,4,6341.6,980.36,189.61,4389.49,25366.4,24386.04,Debit Card,Completed
6d8e33e0-b1df-4841-8136-55253c666a33,2026_W27,O61893,U17573,P159,2026-07-04 12:43:21,1,5801.91,273.74,160.22,995.07,5801.91,5528.17,UPI,Completed
6d8e33e0-b1df-4841-8136-55253c666a33,2026_W27,O61894,U33679,P53,2026-07-03 14:25:08,4,5893.03,2678.57,164.71,3760.84,23572.12,20893.55,Credit Card,Completed
6d8e33e0-b1df-4841-8136-55253c666a33,2026_W27,O61895,U22420,P32,2026-06-30 21:37:03,1,4904.65,710.51,165.07,754.95,4904.65,4194.139999999999,Wallet,Completed
6d8e33e0-b1df-4841-8136-55253c666a33,2026_W27,O61896,U3139,P166,2026-06-30 01:49:15,3,4248.29,1876.03,75.37,1956.39,12744.869999999999,10868.839999999998,Debit Card,Completed
6d8e33e0-b1df-4841-8136-55253c666a33,2026_W27,O61897,U6253,P68,2026-06-30 03:12:47,3,4352.35,1856.5,197.19,2016.1,13057.050000000001,11200.550000000001,Debit Card,Completed
6d8e33e0-b1df-4841-8136-55253c666a33,2026_W27,O61898,U20864,P105,2026-07-02 19:31:34,1,7230.61,1067.56,57.62,1109.35,7230.61,6163.049999999999,Debit Card,Completed
6d8e33e0-b1df-4841-8136-55253c666a33,2026_W27,O61899,U22462,P187,2026-07-05 06:39:42,3,6341.6,147.42,128.49,3397.93,19024.800000000003,18877.380000000005,Debit Card,Completed
6d8e33e0-b1df-4841-8136-55253c666a33,2026_W27,O61900,U31244,P5,2026-07-02 14:14:51,2,4886.67,1391.65,185.06,1508.7,9773.34,8381.69,UPI,Completed
6d8e33e0-b1df-4841-8136-55253c666a33,2026_W27,O61901,U10196,P13,2026-07-04 02:54:22,4,6638.24,3542.33,97.81,4141.91,26552.96,23010.629999999997,Credit Card,Completed
6d8e33e0-b1df-4841-8136-55253c666a33,2026_W27,O61902,U22570,P51,2026-06-30 01:30:02,2,5399.93,1054.56,192.31,1754.15,10799.86,9745.300000000001,Credit Card,Completed
6d8e33e0-b1df-4841-8136-55253c666a33,2026_W27,O61903,U25856,P166,2026-07-03 05:01:25,4,4248.29,1727.61,125.02,2747.8,16993.16,15265.55,Debit Card,Completed
6d8e33e0-b1df-4841-8136-55253c666a33,2026_W27,O61904,U11880,P90,2026-07-01 14:30:27,1,4581.8,644.88,174.08,708.65,4581.8,3936.92,Credit Card,Completed
6d8e33e0-b1df-4841-8136-55253c666a33,2026_W27,O61905,U12706,P95,2026-07-02 22:13:08,4,5783.09,667.71,96.24,4043.64,23132.36,22464.65,UPI,Completed
6d8e33e0-b1df-4841-8136-55253c666a33,2026_W27,O61906,U29555,P141,2026-07-03 20:49:07,3,9271.32,3676.83,130.69,4344.68,27813.96,24137.129999999997,Debit Card,Completed
6d8e33e0-b1df-4841-8136-55253c666a33,2026_W27,O61907,U4541,P109,2026-07-03 10:37:41,4,8070.73,1764.07,106.81,5493.39,32282.92,30518.85,Wallet,Completed
6d8e33e0-b1df-4841-8136-55253c666a33,2026_W27,O61908,U9745,P14,2026-07-05 01:33:56,4,5736.45,2095.65,169.48,3753.03,22945.8,20850.149999999998,UPI,Completed
6d8e33e0-b1df-4841-8136-55253c666a33,2026_W27,O61909,U27920,P143,2026-07-03 22:50:56,4,7220.76,1248.94,93.97,4974.14,28883.04,27634.100000000002,Credit Card,Completed
6d8e33e0-b1df-4841-8136-55253c666a33,2026_W27,O61910,U18274,P94,2026-07-01 11:48:27,2,5614.01,1248.92,171.29,1796.24,11228.02,9979.1,Wallet,Completed
6d8e33e0-b1df-4841-8136-55253c666a33,2026_W27,O61911,U4140,P95,2026-07-01 11:09:48,3,5783.09,679.57,106.42,3000.55,17349.27,16669.7,Credit Card,Completed
6d8e33e0-b1df-4841-8136-55253c666a33,2026_W27,O61912,U22234,P174,2026-07-04 16:02:35,4,2207.85,836.37,134.34,1439.11,8831.4,7995.03,Credit Card,Completed
6d8e33e0-b1df-4841-8136-55253c666a33,2026_W27,O61913,U3480,P93,2026-06-30 14:27:09,3,5463.71,914.83,161.02,2785.73,16391.13,15476.300000000001,Debit Card,Completed
6d8e33e0-b1df-4841-8136-55253c666a33,2026_W27,O61914,U882,P169,2026-06-29 18:50:37,4,10966.13,4622.67,56.15,7063.53,43864.52,39241.85,Debit Card,Completed
6d8e33e0-b1df-4841-8136-55253c666a33,2026_W27,O61915,U17471,P6,2026-07-04 03:47:08,1,6939.39,493.94,137.39,1160.18,6939.39,6445.450000000001,Credit Card,Completed
6d8e33e0-b1df-4841-8136-55253c666a33,2026_W27,O61916,U29879,P159,2026-07-03 06:50:30,3,5801.91,227.93,116.44,3092.0,17405.73,17177.8,Credit Card,Completed
6d8e33e0-b1df-4841-8136-55253c666a33,2026_W27,O61917,U14561,P17,2026-06-30 17:33:13,3,6241.42,1366.03,107.74,3124.48,18724.260000000002,17358.230000000003,UPI,Completed
6d8e33e0-b1df-4841-8136-55253c666a33,2026_W27,O61918,U21263,P171,2026-07-01 12:17:48,2,2305.74,591.54,138.67,723.59,4611.48,4019.9399999999996,UPI,Completed
6d8e33e0-b1df-4841-8136-55253c666a33,2026_W27,O61919,U9040,P139,2026-07-02 00:23:13,4,7373.8,2791.82,185.32,4806.61,29495.2,26703.38,Credit Card,Completed
6d8e33e0-b1df-4841-8136-55253c666a33,2026_W27,O61920,U1655,P104,2026-06-30 17:11:34,4,7848.2,2837.93,182.94,5139.88,31392.8,28554.87,Debit Card,Completed
6d8e33e0-b1df-4841-8136-55253c666a33,2026_W27,O61921,U11267,P108,2026-06-30 08:23:20,3,9991.6,1179.8,79.4,5183.1,29974.800000000003,28795.000000000004,Debit Card,Completed
6d8e33e0-b1df-4841-8136-55253c666a33,2026_W27,O61922,U31568,P47,2026-07-01 18:59:12,2,7084.59,1168.05,84.02,2340.2,14169.18,13001.130000000001,Credit Card,Completed
6d8e33e0-b1df-4841-8136-55253c666a33,2026_W27,O61923,U8239,P131,2026-07-03 13:42:43,3,6362.71,994.54,187.86,3256.85,19088.13,18093.59,Wallet,Completed
6d8e33e0-b1df-4841-8136-55253c666a33,2026_W27,O61924,U13088,P82,2026-07-03 23:29:33,3,2456.79,959.52,111.47,1153.95,7370.37,6410.85,Wallet,Completed
6d8e33e0-b1df-4841-8136-55253c666a33,2026_W27,O61925,U28733,P76,2026-06-30 11:21:16,1,7097.72,590.9,163.81,1171.23,7097.72,6506.820000000001,Credit Card,Completed
6d8e33e0-b1df-4841-8136-55253c666a33,2026_W27,O61926,U13559,P94,2026-07-05 00:27:44,4,5614.01,1899.55,178.05,3700.17,22456.04,20556.49,Debit Card,Completed
6d8e33e0-b1df-4841-8136-55253c666a33,2026_W27,O61927,U23929,P178,2026-07-03 23:04:32,4,7836.39,1011.69,132.54,5460.1,31345.56,30333.870000000003,Debit Card,Completed
6d8e33e0-b1df-4841-8136-55253c666a33,2026_W27,O61928,U20175,P66,2026-07-02 05:20:56,4,7809.87,4245.32,90.73,4858.95,31239.48,26994.16,Credit Card,Completed
6d8e33e0-b1df-4841-8136-55253c666a33,2026_W27,O61929,U2179,P145,2026-07-03 06:27:41,3,6190.5,393.27,112.13,3272.08,18571.5,18178.23,Wallet,Completed
6d8e33e0-b1df-4841-8136-55253c666a33,2026_W27,O61930,U29037,P194,2026-07-02 21:08:47,2,2286.6,365.78,88.31,757.34,4573.2,4207.42,Wallet,Completed
6d8e33e0-b1df-4841-8136-55253c666a33,2026_W27,O61931,U2709,P30,2026-07-03 13:05:09,3,6995.67,1368.67,76.91,3531.3,20987.010000000002,19618.340000000004,UPI,Completed
6d8e33e0-b1df-4841-8136-55253c666a33,2026_W27,O61932,U25431,P33,2026-06-29 19:01:16,3,5573.38,1868.26,92.45,2673.34,16720.14,14851.88,Wallet,Completed
6d8e33e0-b1df-4841-8136-55253c666a33,2026_W27,O61933,U17626,P74,2026-07-05 06:03:57,4,6172.48,299.92,92.68,4390.2,24689.92,24390.0,Debit Card,Completed
6d8e33e0-b1df-4841-8136-55253c666a33,2026_W27,O61934,U16532,P44,2026-06-30 13:56:04,3,1407.86,12.33,115.21,758.02,4223.58,4211.25,Debit Card,Completed
6d8e33e0-b1df-4841-8136-55253c666a33,2026_W27,O61935,U23190,P31,2026-07-02 05:08:21,3,3171.15,926.58,78.08,1545.64,9513.45,8586.87,UPI,Completed
6d8e33e0-b1df-4841-8136-55253c666a33,2026_W27,O61936,U33701,P173,2026-06-30 12:29:31,1,7576.76,304.11,63.78,1309.08,7576.76,7272.650000000001,Wallet,Completed
6d8e33e0-b1df-4841-8136-55253c666a33,2026_W27,O61937,U34456,P164,2026-06-30 21:59:16,4,4106.87,55.97,150.22,2946.87,16427.48,16371.51,Debit Card,Completed
6d8e33e0-b1df-4841-8136-55253c666a33,2026_W27,O61938,U26780,P138,2026-07-03 01:11:31,4,6625.4,338.22,111.37,4709.41,26501.6,26163.379999999997,Credit Card,Completed
6d8e33e0-b1df-4841-8136-55253c666a33,2026_W27,O61939,U3850,P38,2026-07-05 03:22:19,2,4290.59,687.89,197.21,1420.79,8581.18,7893.29,Wallet,Completed
6d8e33e0-b1df-4841-8136-55253c666a33,2026_W27,O61940,U4932,P146,2026-07-05 07:32:35,4,1678.25,594.55,96.72,1101.32,6713.0,6118.45,UPI,Completed
6d8e33e0-b1df-4841-8136-55253c666a33,2026_W27,O61941,U628,P87,2026-07-05 04:15:19,2,7207.16,219.41,126.13,2555.08,14414.32,14194.91,UPI,Completed
6d8e33e0-b1df-4841-8136-55253c666a33,2026_W27,O61942,U12274,P132,2026-07-04 05:10:45,1,6975.87,992.91,95.85,1076.93,6975.87,5982.96,UPI,Completed
6d8e33e0-b1df-4841-8136-55253c666a33,2026_W27,O61943,U23137,P173,2026-07-04 12:05:25,1,7576.76,691.46,122.4,1239.35,7576.76,6885.3,Debit Card,Completed
6d8e33e0-b1df-4841-8136-55253c666a33,2026_W27,O61944,U18622,P157,2026-06-29 10:19:10,1,6934.8,677.34,123.99,1126.34,6934.8,6257.46,Credit Card,Completed
6d8e33e0-b1df-4841-8136-55253c666a33,2026_W27,O61945,U31388,P121,2026-07-03 05:58:47,3,7793.76,2315.52,188.56,3791.84,23381.28,21065.76,Wallet,Completed
6d8e33e0-b1df-4841-8136-55253c666a33,2026_W27,O61946,U2371,P80,2026-06-30 21:40:53,3,6276.46,2809.15,100.7,2883.64,18829.38,16020.230000000001,UPI,Completed
6d8e33e0-b1df-4841-8136-55253c666a33,2026_W27,O61947,U34200,P90,2026-07-03 17:24:37,3,4581.8,1001.16,154.95,2293.96,13745.400000000001,12744.240000000002,Wallet,Completed
6d8e33e0-b1df-4841-8136-55253c666a33,2026_W27,O61948,U2271,P8,2026-06-29 18:46:22,1,8837.46,329.58,189.67,1531.42,8837.46,8507.88,Wallet,Completed
6d8e33e0-b1df-4841-8136-55253c666a33,2026_W27,O61949,U24017,P75,2026-07-04 06:28:58,4,10051.65,966.7,73.83,7063.18,40206.6,39239.9,Credit Card,Completed
6d8e33e0-b1df-4841-8136-55253c666a33,2026_W27,O61950,U12804,P75,2026-07-01 06:42:28,1,10051.65,1069.02,87.22,1616.87,10051.65,8982.63,Credit Card,Completed
6d8e33e0-b1df-4841-8136-55253c666a33,2026_W27,O61951,U21096,P12,2026-07-02 08:20:07,4,6064.9,3081.13,168.3,3812.12,24259.6,21178.469999999998,UPI,Completed
6d8e33e0-b1df-4841-8136-55253c666a33,2026_W27,O61952,U26656,P68,2026-06-30 19:11:04,3,4352.35,1631.28,137.08,2056.64,13057.050000000001,11425.77,UPI,Completed
6d8e33e0-b1df-4841-8136-55253c666a33,2026_W27,O61953,U16371,P194,2026-07-02 18:00:35,3,2286.6,208.07,84.88,1197.31,6859.799999999999,6651.73,Debit Card,Completed
6d8e33e0-b1df-4841-8136-55253c666a33,2026_W27,O61954,U25977,P183,2026-06-29 10:33:33,1,4514.63,340.49,149.91,751.35,4514.63,4174.14,Debit Card,Completed
6d8e33e0-b1df-4841-8136-55253c666a33,2026_W27,O61955,U30501,P101,2026-06-30 18:28:39,3,8924.96,2006.6,78.56,4458.29,26774.879999999997,24768.28,UPI,Completed
6d8e33e0-b1df-4841-8136-55253c666a33,2026_W27,O61956,U31315,P64,2026-07-04 06:37:35,2,3844.36,533.66,113.48,1287.91,7688.72,7155.06,Debit Card,Completed
6d8e33e0-b1df-4841-8136-55253c666a33,2026_W27,O61957,U5149,P45,2026-07-04 11:32:29,2,2342.15,691.27,82.66,718.75,4684.3,3993.03,Credit Card,Completed
6d8e33e0-b1df-4841-8136-55253c666a33,2026_W27,O61958,U22988,P25,2026-07-04 14:12:28,3,2539.74,22.36,69.2,1367.43,7619.219999999999,7596.86,Debit Card,Completed
6d8e33e0-b1df-4841-8136-55253c666a33,2026_W27,O61959,U465,P121,2026-07-05 03:45:24,2,7793.76,347.04,182.37,2743.29,15587.52,15240.48,Wallet,Completed
6d8e33e0-b1df-4841-8136-55253c666a33,2026_W27,O61960,U28879,P166,2026-06-30 09:23:11,3,4248.29,790.6,53.2,2151.77,12744.869999999999,11954.269999999999,Credit Card,Completed
6d8e33e0-b1df-4841-8136-55253c666a33,2026_W27,O61961,U6582,P147,2026-06-30 06:57:00,3,4417.37,1591.98,77.68,2098.82,13252.11,11660.130000000001,Credit Card,Completed
6d8e33e0-b1df-4841-8136-55253c666a33,2026_W27,O61962,U6599,P49,2026-07-01 06:37:01,4,8208.46,4429.34,103.62,5112.81,32833.84,28404.499999999996,Debit Card,Completed
6d8e33e0-b1df-4841-8136-55253c666a33,2026_W27,O61963,U27706,P79,2026-07-02 16:32:18,2,4174.75,1107.49,173.35,1303.56,8349.5,7242.01,UPI,Completed
6d8e33e0-b1df-4841-8136-55253c666a33,2026_W27,O61964,U11568,P98,2026-07-03 21:05:32,2,7289.76,1817.18,118.64,2297.22,14579.52,12762.34,Wallet,Completed
6d8e33e0-b1df-4841-8136-55253c666a33,2026_W27,O61965,U27553,P25,2026-07-01 18:51:22,1,2539.74,361.63,69.88,392.06,2539.74,2178.1099999999997,UPI,Completed
6d8e33e0-b1df-4841-8136-55253c666a33,2026_W27,O61966,U23582,P78,2026-06-29 14:07:50,1,4536.03,310.71,138.99,760.56,4536.03,4225.32,UPI,Completed
6d8e33e0-b1df-4841-8136-55253c666a33,2026_W27,O61967,U18523,P82,2026-07-01 19:18:12,2,2456.79,565.42,93.67,782.67,4913.58,4348.16,UPI,Completed
6d8e33e0-b1df-4841-8136-55253c666a33,2026_W27,O61968,U30969,P110,2026-06-30 17:45:33,1,8883.32,810.18,105.4,1453.17,8883.32,8073.139999999999,Credit Card,Completed
6d8e33e0-b1df-4841-8136-55253c666a33,2026_W27,O61969,U22204,P71,2026-07-04 02:49:00,1,7798.35,972.74,92.48,1228.61,7798.35,6825.610000000001,Debit Card,Completed
6d8e33e0-b1df-4841-8136-55253c666a33,2026_W27,O61970,U20899,P50,2026-06-30 07:03:07,1,4043.15,227.54,188.08,686.81,4043.15,3815.61,UPI,Completed
6d8e33e0-b1df-4841-8136-55253c666a33,2026_W27,O61971,U15863,P36,2026-07-02 10:07:48,1,6802.05,523.42,125.31,1130.15,6802.05,6278.63,UPI,Completed
6d8e33e0-b1df-4841-8136-55253c666a33,2026_W27,O61972,U30128,P10,2026-07-01 10:45:32,4,3822.68,53.34,75.1,2742.73,15290.72,15237.38,Wallet,Completed
6d8e33e0-b1df-4841-8136-55253c666a33,2026_W27,O61973,U8293,P55,2026-06-30 23:02:40,4,4472.32,1600.92,102.33,2931.9,17889.28,16288.359999999999,Wallet,Completed
6d8e33e0-b1df-4841-8136-55253c666a33,2026_W27,O61974,U21752,P108,2026-06-30 07:34:11,2,9991.6,2121.02,141.06,3215.19,19983.2,17862.18,Credit Card,Completed
6d8e33e0-b1df-4841-8136-55253c666a33,2026_W27,O61975,U9035,P85,2026-07-03 14:41:29,3,2941.32,746.56,56.82,1453.93,8823.960000000001,8077.4000000000015,UPI,Completed
6d8e33e0-b1df-4841-8136-55253c666a33,2026_W27,O61976,U30688,P153,2026-06-30 15:08:58,2,6806.07,1810.22,146.59,2124.35,13612.14,11801.92,UPI,Completed
6d8e33e0-b1df-4841-8136-55253c666a33,2026_W27,O61977,U12585,P114,2026-07-01 22:35:33,2,1980.84,453.1,81.01,631.54,3961.68,3508.58,Credit Card,Completed
6d8e33e0-b1df-4841-8136-55253c666a33,2026_W27,O61978,U26336,P136,2026-07-03 13:15:16,3,10500.45,3906.25,164.0,4967.12,31501.350000000002,27595.100000000002,Debit Card,Completed
6d8e33e0-b1df-4841-8136-55253c666a33,2026_W27,O61979,U5819,P154,2026-07-03 10:41:00,3,3395.73,3.29,173.85,1833.1,10187.19,10183.9,Wallet,Completed
6d8e33e0-b1df-4841-8136-55253c666a33,2026_W27,O61980,U17352,P124,2026-07-04 09:10:39,2,5965.84,422.38,82.64,2071.67,11931.68,11509.300000000001,UPI,Completed
6d8e33e0-b1df-4841-8136-55253c666a33,2026_W27,O61981,U24208,P100,2026-06-29 13:30:52,1,1750.2,141.82,63.15,289.51,1750.2,1608.38,Wallet,Completed
6d8e33e0-b1df-4841-8136-55253c666a33,2026_W27,O61982,U21352,P106,2026-07-02 20:51:28,1,7604.77,853.91,75.5,1215.15,7604.77,6750.860000000001,Debit Card,Completed
6d8e33e0-b1df-4841-8136-55253c666a33,2026_W27,O61983,U22770,P72,2026-07-02 09:55:46,3,8298.72,2441.64,146.03,4041.81,24896.159999999996,22454.519999999997,UPI,Completed
6d8e33e0-b1df-4841-8136-55253c666a33,2026_W27,O61984,U6895,P142,2026-06-29 22:50:45,2,9238.71,276.9,153.46,3276.09,18477.42,18200.519999999997,UPI,Completed
6d8e33e0-b1df-4841-8136-55253c666a33,2026_W27,O61985,U14305,P75,2026-07-01 06:24:51,3,10051.65,584.74,50.15,5322.64,30154.949999999997,29570.209999999995,Wallet,Completed
6d8e33e0-b1df-4841-8136-55253c666a33,2026_W27,O61986,U2793,P133,2026-06-29 18:22:20,3,10395.42,4554.92,90.37,4793.64,31186.260000000002,26631.340000000004,UPI,Completed
6d8e33e0-b1df-4841-8136-55253c666a33,2026_W27,O61987,U7513,P86,2026-07-04 22:44:54,2,9877.51,2645.61,68.71,3079.69,19755.02,17109.41,Debit Card,Completed
6d8e33e0-b1df-4841-8136-55253c666a33,2026_W27,O61988,U18779,P65,2026-06-30 09:32:42,1,7295.29,756.87,109.37,1176.92,7295.29,6538.42,Wallet,Completed
6d8e33e0-b1df-4841-8136-55253c666a33,2026_W27,O61989,U9554,P159,2026-06-29 19:14:25,2,5801.91,898.24,60.11,1927.0,11603.82,10705.58,Wallet,Completed
6d8e33e0-b1df-4841-8136-55253c666a33,2026_W27,O61990,U33369,P75,2026-06-30 20:05:28,2,10051.65,1170.72,122.26,3407.86,20103.3,18932.579999999998,Debit Card,Completed
6d8e33e0-b1df-4841-8136-55253c666a33,2026_W27,O61991,U21136,P181,2026-06-29 23:21:35,2,5516.14,1387.31,126.82,1736.09,11032.28,9644.970000000001,Debit Card,Completed
6d8e33e0-b1df-4841-8136-55253c666a33,2026_W27,O61992,U17033,P164,2026-07-03 21:40:29,1,4106.87,250.97,134.1,694.06,4106.87,3855.9,Debit Card,Completed
6d8e33e0-b1df-4841-8136-55253c666a33,2026_W27,O61993,U31312,P115,2026-07-04 21:46:57,3,10677.61,2543.56,198.37,5308.07,32032.83,29489.27,UPI,Completed
6d8e33e0-b1df-4841-8136-55253c666a33,2026_W27,O61994,U31980,P154,2026-07-04 07:44:56,1,3395.73,482.55,105.25,524.37,3395.73,2913.18,Wallet,Completed
6d8e33e0-b1df-4841-8136-55253c666a33,2026_W27,O61995,U10669,P191,2026-07-04 17:23:00,2,9506.3,61.73,58.47,3411.16,19012.6,18950.87,Debit Card,Completed
6d8e33e0-b1df-4841-8136-55253c666a33,2026_W27,O61996,U21404,P6,2026-07-04 15:12:06,4,6939.39,187.86,131.75,4962.55,27757.56,27569.7,Debit Card,Completed
6d8e33e0-b1df-4841-8136-55253c666a33,2026_W27,O61997,U4158,P103,2026-07-04 18:50:18,3,2762.4,471.02,90.55,1406.91,8287.2,7816.18,Debit Card,Completed
6d8e33e0-b1df-4841-8136-55253c666a33,2026_W27,O61998,U24196,P6,2026-06-29 11:53:23,4,6939.39,3846.0,57.15,4304.08,27757.56,23911.56,Debit Card,Completed
6d8e33e0-b1df-4841-8136-55253c666a33,2026_W27,O61999,U5242,P45,2026-07-03 02:32:29,3,2342.15,703.95,167.58,1138.05,7026.450000000001,6322.500000000001,Credit Card,Completed
6d8e33e0-b1df-4841-8136-55253c666a33,2026_W27,O62000,U16382,P143,2026-07-05 02:18:58,2,7220.76,681.71,90.5,2476.77,14441.52,13759.810000000001,UPI,Completed
6d8e33e0-b1df-4841-8136-55253c666a33,2026_W27,O62001,U13846,P126,2026-06-29 19:58:58,4,9456.09,1632.9,123.74,6514.46,37824.36,36191.46,Debit Card,Completed
6d8e33e0-b1df-4841-8136-55253c666a33,2026_W27,O62002,U11331,P196,2026-07-01 12:31:43,2,9515.08,738.43,124.26,3292.51,19030.16,18291.73,UPI,Completed
6d8e33e0-b1df-4841-8136-55253c666a33,2026_W27,O62003,U1111,P190,2026-07-05 08:38:13,1,3207.6,296.74,85.94,523.95,3207.6,2910.8599999999997,Debit Card,Completed
6d8e33e0-b1df-4841-8136-55253c666a33,2026_W27,O62004,U32358,P141,2026-07-01 06:17:11,1,9271.32,1327.24,168.4,1429.93,9271.32,7944.08,Credit Card,Completed
6d8e33e0-b1df-4841-8136-55253c666a33,2026_W27,O62005,U19275,P76,2026-07-04 13:34:35,1,7097.72,430.31,96.52,1200.13,7097.72,6667.41,Credit Card,Completed
6d8e33e0-b1df-4841-8136-55253c666a33,2026_W27,O62006,U12567,P162,2026-07-01 01:46:12,2,7889.79,1138.48,192.81,2635.4,15779.58,14641.1,UPI,Completed
6d8e33e0-b1df-4841-8136-55253c666a33,2026_W27,O62007,U25459,P164,2026-07-03 14:18:12,3,4106.87,472.69,198.16,2132.63,12320.61,11847.92,Wallet,Completed
6d8e33e0-b1df-4841-8136-55253c666a33,2026_W27,O62008,U21352,P49,2026-06-30 13:46:55,3,8208.46,2877.08,176.77,3914.69,24625.379999999997,21748.299999999996,Credit Card,Completed
6d8e33e0-b1df-4841-8136-55253c666a33,2026_W27,O62009,U34062,P35,2026-07-03 20:59:30,3,10420.75,2776.21,101.41,5127.49,31262.25,28486.04,Debit Card,Completed
6d8e33e0-b1df-4841-8136-55253c666a33,2026_W27,O62010,U29240,P31,2026-07-01 11:45:55,3,3171.15,316.26,95.66,1655.49,9513.45,9197.19,Credit Card,Completed
6d8e33e0-b1df-4841-8136-55253c666a33,2026_W27,O62011,U26182,P17,2026-07-03 00:10:33,1,6241.42,21.47,191.99,1119.59,6241.42,6219.95,UPI,Completed
6d8e33e0-b1df-4841-8136-55253c666a33,2026_W27,O62012,U30128,P156,2026-07-02 14:28:43,4,2724.78,367.17,94.28,1895.75,10899.12,10531.95,UPI,Completed
6d8e33e0-b1df-4841-8136-55253c666a33,2026_W27,O62013,U23475,P145,2026-07-03 04:31:04,2,6190.5,725.08,178.61,2098.07,12381.0,11655.92,UPI,Completed
6d8e33e0-b1df-4841-8136-55253c666a33,2026_W27,O62014,U11883,P32,2026-06-30 05:58:46,3,4904.65,758.29,61.97,2512.02,14713.949999999999,13955.66,Debit Card,Completed
6d8e33e0-b1df-4841-8136-55253c666a33,2026_W27,O62015,U33536,P62,2026-06-29 23:04:30,3,8933.75,1317.95,198.34,4586.99,26801.25,25483.3,Wallet,Completed
6d8e33e0-b1df-4841-8136-55253c666a33,2026_W27,O62016,U4671,P146,2026-07-01 16:29:46,2,1678.25,229.26,112.59,562.9,3356.5,3127.24,Wallet,Completed
6d8e33e0-b1df-4841-8136-55253c666a33,2026_W27,O62017,U20331,P16,2026-06-29 19:55:30,1,3158.68,236.09,68.98,526.07,3158.68,2922.5899999999997,UPI,Completed
6d8e33e0-b1df-4841-8136-55253c666a33,2026_W27,O62018,U26525,P200,2026-07-04 18:46:47,3,4553.19,635.13,152.73,2344.4,13659.57,13024.44,UPI,Completed
6d8e33e0-b1df-4841-8136-55253c666a33,2026_W27,O62019,U23799,P171,2026-07-02 23:41:37,1,2305.74,319.41,143.68,357.54,2305.74,1986.3299999999997,Credit Card,Completed
6d8e33e0-b1df-4841-8136-55253c666a33,2026_W27,O62020,U18787,P105,2026-06-29 15:19:32,4,7230.61,1857.18,64.53,4871.75,28922.44,27065.26,UPI,Completed
6d8e33e0-b1df-4841-8136-55253c666a33,2026_W27,O62021,U26421,P53,2026-06-29 20:07:22,4,5893.03,1631.65,76.33,3949.28,23572.12,21940.469999999998,UPI,Completed
6d8e33e0-b1df-4841-8136-55253c666a33,2026_W27,O62022,U16238,P99,2026-07-01 23:59:39,2,5405.7,691.62,169.03,1821.56,10811.4,10119.779999999999,Wallet,Completed
6d8e33e0-b1df-4841-8136-55253c666a33,2026_W27,O62023,U15146,P199,2026-06-30 21:15:02,4,4054.66,570.76,179.84,2816.62,16218.64,15647.88,Wallet,Completed
6d8e33e0-b1df-4841-8136-55253c666a33,2026_W27,O62024,U24626,P123,2026-06-30 18:35:22,1,11056.51,1092.52,186.64,1793.52,11056.51,9963.99,UPI,Completed
6d8e33e0-b1df-4841-8136-55253c666a33,2026_W27,O62025,U7263,P73,2026-07-01 07:55:43,3,2904.91,402.5,139.75,1496.2,8714.73,8312.23,Credit Card,Completed
6d8e33e0-b1df-4841-8136-55253c666a33,2026_W27,O62026,U15017,P35,2026-07-02 14:03:17,1,10420.75,297.18,101.08,1822.24,10420.75,10123.57,Debit Card,Completed
6d8e33e0-b1df-4841-8136-55253c666a33,2026_W27,O62027,U27367,P2,2026-07-02 20:52:03,4,4823.44,889.63,184.8,3312.74,19293.76,18404.129999999997,UPI,Completed
6d8e33e0-b1df-4841-8136-55253c666a33,2026_W27,O62028,U16261,P181,2026-06-29 12:50:41,2,5516.14,1024.62,150.97,1801.38,11032.28,10007.66,UPI,Completed
6d8e33e0-b1df-4841-8136-55253c666a33,2026_W27,O62029,U24520,P120,2026-07-03 00:05:18,2,4076.33,998.11,175.24,1287.82,8152.66,7154.55,Credit Card,Completed
6d8e33e0-b1df-4841-8136-55253c666a33,2026_W27,O62030,U11284,P59,2026-06-30 21:41:00,1,5883.82,651.2,122.99,941.87,5883.82,5232.62,Credit Card,Completed
6d8e33e0-b1df-4841-8136-55253c666a33,2026_W27,O62031,U5831,P106,2026-07-02 06:20:20,3,7604.77,2464.87,171.12,3662.9,22814.31,20349.440000000002,Debit Card,Completed
6d8e33e0-b1df-4841-8136-55253c666a33,2026_W27,O62032,U32045,P37,2026-06-30 04:46:20,3,4162.63,1240.21,137.97,2024.58,12487.89,11247.68,UPI,Completed
6d8e33e0-b1df-4841-8136-55253c666a33,2026_W27,O62033,U26881,P101,2026-07-03 19:50:53,2,8924.96,1455.52,135.55,2950.99,17849.92,16394.399999999998,UPI,Completed
6d8e33e0-b1df-4841-8136-55253c666a33,2026_W27,O62034,U20388,P76,2026-07-05 01:41:12,4,7097.72,2585.36,158.13,4644.99,28390.88,25805.52,UPI,Completed
6d8e33e0-b1df-4841-8136-55253c666a33,2026_W27,O62035,U8732,P121,2026-06-30 00:59:13,2,7793.76,1212.0,123.28,2587.59,15587.52,14375.52,UPI,Completed
6d8e33e0-b1df-4841-8136-55253c666a33,2026_W27,O62036,U6843,P180,2026-07-02 07:33:30,1,2355.52,165.19,189.86,394.26,2355.52,2190.33,Credit Card,Completed
6d8e33e0-b1df-4841-8136-55253c666a33,2026_W27,O62037,U16665,P120,2026-07-03 07:58:49,3,4076.33,401.35,58.92,2128.98,12228.99,11827.64,UPI,Completed
6d8e33e0-b1df-4841-8136-55253c666a33,2026_W27,O62038,U34311,P138,2026-06-29 15:21:10,2,6625.4,28.91,125.87,2379.94,13250.8,13221.89,Debit Card,Completed
6d8e33e0-b1df-4841-8136-55253c666a33,2026_W27,O62039,U15183,P122,2026-07-01 13:29:50,3,9537.16,2174.07,58.45,4758.73,28611.48,26437.41,Credit Card,Completed
6d8e33e0-b1df-4841-8136-55253c666a33,2026_W27,O62040,U1133,P188,2026-07-02 14:22:51,4,2967.62,1483.83,50.48,1869.6,11870.48,10386.65,Debit Card,Completed
6d8e33e0-b1df-4841-8136-55253c666a33,2026_W27,O62041,U30046,P36,2026-06-30 22:49:32,3,6802.05,2272.13,81.84,3264.12,20406.15,18134.02,Credit Card,Completed
6d8e33e0-b1df-4841-8136-55253c666a33,2026_W27,O62042,U9837,P35,2026-07-02 13:47:51,3,10420.75,3896.11,121.77,4925.91,31262.25,27366.14,Debit Card,Completed
6d8e33e0-b1df-4841-8136-55253c666a33,2026_W27,O62043,U26627,P99,2026-07-03 05:41:26,3,5405.7,2293.9,154.21,2506.18,16217.099999999999,13923.199999999999,Credit Card,Completed
6d8e33e0-b1df-4841-8136-55253c666a33,2026_W27,O62044,U3912,P198,2026-07-03 02:55:58,2,4611.32,816.57,65.56,1513.09,9222.64,8406.07,Wallet,Completed
6d8e33e0-b1df-4841-8136-55253c666a33,2026_W27,O62045,U17241,P3,2026-06-29 14:24:01,1,3037.18,290.5,60.27,494.4,3037.18,2746.68,UPI,Completed
6d8e33e0-b1df-4841-8136-55253c666a33,2026_W27,O62046,U13680,P129,2026-07-03 13:31:27,2,10030.81,172.94,140.98,3579.96,20061.62,19888.68,Credit Card,Completed
6d8e33e0-b1df-4841-8136-55253c666a33,2026_W27,O62047,U30969,P35,2026-06-30 17:46:44,3,10420.75,3720.99,97.07,4957.43,31262.25,27541.260000000002,UPI,Completed
6d8e33e0-b1df-4841-8136-55253c666a33,2026_W27,O62048,U34885,P175,2026-06-30 20:07:53,4,3999.32,1210.55,189.1,2661.61,15997.28,14786.730000000001,Debit Card,Completed
6d8e33e0-b1df-4841-8136-55253c666a33,2026_W27,O62049,U30846,P148,2026-07-03 13:45:51,2,1578.46,76.83,168.76,554.42,3156.92,3080.09,UPI,Completed
6d8e33e0-b1df-4841-8136-55253c666a33,2026_W27,O62050,U14235,P190,2026-07-01 19:03:14,4,3207.6,1533.88,146.61,2033.37,12830.4,11296.52,Credit Card,Completed
6d8e33e0-b1df-4841-8136-55253c666a33,2026_W27,O62051,U26219,P34,2026-07-05 07:56:51,4,3432.36,1743.93,52.59,2157.39,13729.44,11985.51,UPI,Completed
6d8e33e0-b1df-4841-8136-55253c666a33,2026_W27,O62052,U4085,P178,2026-06-30 14:09:14,2,7836.39,1042.39,80.47,2633.47,15672.78,14630.390000000001,Wallet,Completed
6d8e33e0-b1df-4841-8136-55253c666a33,2026_W27,O62053,U6467,P102,2026-07-04 19:44:35,3,3685.81,1438.56,131.84,1731.4,11057.43,9618.87,Credit Card,Completed
6d8e33e0-b1df-4841-8136-55253c666a33,2026_W27,O62054,U21900,P30,2026-06-30 15:19:46,2,6995.67,910.41,68.43,2354.57,13991.34,13080.93,Wallet,Completed
6d8e33e0-b1df-4841-8136-55253c666a33,2026_W27,O62055,U3440,P24,2026-07-04 01:53:58,2,4112.52,976.05,84.5,1304.82,8225.04,7248.990000000001,Credit Card,Completed
6d8e33e0-b1df-4841-8136-55253c666a33,2026_W27,O62056,U18087,P24,2026-07-02 14:33:30,4,4112.52,166.51,185.8,2931.04,16450.08,16283.570000000002,Credit Card,Completed
6d8e33e0-b1df-4841-8136-55253c666a33,2026_W27,O62057,U15683,P72,2026-06-30 11:03:06,1,8298.72,152.15,152.28,1466.38,8298.72,8146.57,Credit Card,Completed
6d8e33e0-b1df-4841-8136-55253c666a33,2026_W27,O62058,U33477,P113,2026-07-02 04:59:03,4,5364.85,2470.32,182.61,3418.03,21459.4,18989.08,Debit Card,Completed
6d8e33e0-b1df-4841-8136-55253c666a33,2026_W27,O62059,U20660,P89,2026-06-30 10:26:01,1,10552.75,588.11,70.2,1793.64,10552.75,9964.64,Wallet,Completed
6d8e33e0-b1df-4841-8136-55253c666a33,2026_W27,O62060,U16306,P119,2026-07-02 10:22:22,2,9225.28,1003.17,182.24,3140.53,18450.56,17447.390000000003,Wallet,Completed
6d8e33e0-b1df-4841-8136-55253c666a33,2026_W27,O62061,U17110,P175,2026-07-01 01:25:13,3,3999.32,1009.09,76.62,1978.0,11997.960000000001,10988.87,Debit Card,Completed
6d8e33e0-b1df-4841-8136-55253c666a33,2026_W27,O62062,U29212,P81,2026-07-01 15:18:10,4,7402.77,1429.45,196.77,5072.69,29611.08,28181.63,Wallet,Completed
6d8e33e0-b1df-4841-8136-55253c666a33,2026_W27,O62063,U7704,P68,2026-06-29 22:19:23,2,4352.35,1199.06,101.79,1351.02,8704.7,7505.640000000001,UPI,Completed
6d8e33e0-b1df-4841-8136-55253c666a33,2026_W27,O62064,U24207,P151,2026-06-29 22:49:30,2,9624.05,2529.54,199.49,3009.34,19248.1,16718.559999999998,Debit Card,Completed
6d8e33e0-b1df-4841-8136-55253c666a33,2026_W27,O62065,U18577,P19,2026-06-30 02:39:30,1,5633.25,502.63,81.71,923.51,5633.25,5130.62,Credit Card,Completed
6d8e33e0-b1df-4841-8136-55253c666a33,2026_W27,O62066,U226,P100,2026-06-30 08:06:27,3,1750.2,755.04,182.92,809.2,5250.6,4495.56,Credit Card,Completed
6d8e33e0-b1df-4841-8136-55253c666a33,2026_W27,O62067,U26549,P111,2026-07-01 22:34:14,4,7719.79,3820.7,135.62,4870.52,30879.16,27058.46,Credit Card,Completed
6d8e33e0-b1df-4841-8136-55253c666a33,2026_W27,O62068,U25935,P163,2026-07-01 04:59:25,3,5553.52,1511.08,55.24,2726.91,16660.56,15149.480000000001,Credit Card,Completed
6d8e33e0-b1df-4841-8136-55253c666a33,2026_W27,O62069,U1039,P118,2026-07-04 11:18:48,2,9270.95,1366.77,177.72,3091.52,18541.9,17175.13,UPI,Completed
6d8e33e0-b1df-4841-8136-55253c666a33,2026_W27,O62070,U18681,P30,2026-06-30 09:20:30,3,6995.67,2272.59,158.26,3368.6,20987.010000000002,18714.420000000002,Debit Card,Completed
6d8e33e0-b1df-4841-8136-55253c666a33,2026_W27,O62071,U19689,P62,2026-07-01 19:03:45,4,8933.75,2466.34,175.74,5988.36,35735.0,33268.66,UPI,Completed
6d8e33e0-b1df-4841-8136-55253c666a33,2026_W27,O62072,U24677,P89,2026-07-04 01:32:14,3,10552.75,2538.6,147.84,5241.54,31658.25,29119.65,Credit Card,Completed
6d8e33e0-b1df-4841-8136-55253c666a33,2026_W27,O62073,U5772,P132,2026-07-04 07:01:56,4,6975.87,2739.11,106.64,4529.59,27903.48,25164.37,Wallet,Completed
6d8e33e0-b1df-4841-8136-55253c666a33,2026_W27,O62074,U11841,P49,2026-07-01 20:06:34,3,8208.46,3264.65,189.95,3844.93,24625.379999999997,21360.729999999996,Credit Card,Completed
6d8e33e0-b1df-4841-8136-55253c666a33,2026_W27,O62075,U24761,P176,2026-07-03 23:39:23,3,4894.11,2155.59,90.33,2254.81,14682.329999999998,12526.739999999998,Credit Card,Completed
6d8e33e0-b1df-4841-8136-55253c666a33,2026_W27,O62076,U34574,P66,2026-07-01 03:07:31,4,7809.87,3106.21,188.7,5063.99,31239.48,28133.27,Credit Card,Completed
6d8e33e0-b1df-4841-8136-55253c666a33,2026_W27,O62077,U6546,P65,2026-06-29 21:40:56,1,7295.29,1083.57,54.25,1118.11,7295.29,6211.72,Debit Card,Completed
6d8e33e0-b1df-4841-8136-55253c666a33,2026_W27,O62078,U25065,P18,2026-07-02 12:52:55,4,3465.55,1660.93,123.62,2196.23,13862.2,12201.27,Credit Card,Completed
6d8e33e0-b1df-4841-8136-55253c666a33,2026_W27,O62079,U15173,P154,2026-06-30 12:02:31,3,3395.73,1228.72,55.42,1612.52,10187.19,8958.470000000001,Credit Card,Completed
6d8e33e0-b1df-4841-8136-55253c666a33,2026_W27,O62080,U17174,P115,2026-07-03 10:49:02,3,10677.61,4419.2,155.23,4970.45,32032.83,27613.63,Credit Card,Completed
6d8e33e0-b1df-4841-8136-55253c666a33,2026_W27,O62081,U17257,P112,2026-07-01 04:49:34,3,7164.07,1923.92,73.41,3522.29,21492.21,19568.29,Wallet,Completed
6d8e33e0-b1df-4841-8136-55253c666a33,2026_W27,O62082,U22735,P56,2026-06-30 15:28:58,2,5764.47,1240.19,180.91,1851.98,11528.94,10288.75,Wallet,Completed
6d8e33e0-b1df-4841-8136-55253c666a33,2026_W27,O62083,U14160,P154,2026-06-30 03:15:01,1,3395.73,424.76,129.65,534.77,3395.73,2970.9700000000003,Credit Card,Completed
6d8e33e0-b1df-4841-8136-55253c666a33,2026_W27,O62084,U24984,P77,2026-06-30 04:40:43,1,5304.36,528.33,182.97,859.69,5304.36,4776.03,Debit Card,Completed
6d8e33e0-b1df-4841-8136-55253c666a33,2026_W27,O62085,U30310,P171,2026-06-30 18:15:23,3,2305.74,293.52,115.22,1192.27,6917.219999999999,6623.699999999999,Credit Card,Completed
6d8e33e0-b1df-4841-8136-55253c666a33,2026_W27,O62086,U13214,P160,2026-07-05 02:29:10,1,5179.64,287.55,128.07,880.58,5179.64,4892.09,Credit Card,Completed
6d8e33e0-b1df-4841-8136-55253c666a33,2026_W27,O62087,U23604,P173,2026-07-04 19:45:10,4,7576.76,676.65,62.26,5333.47,30307.04,29630.39,Credit Card,Completed
6d8e33e0-b1df-4841-8136-55253c666a33,2026_W27,O62088,U5862,P62,2026-07-05 01:03:05,1,8933.75,1237.52,104.84,1385.32,8933.75,7696.23,Debit Card,Completed
6d8e33e0-b1df-4841-8136-55253c666a33,2026_W27,O62089,U9810,P193,2026-07-05 04:17:59,4,8599.49,4341.07,166.58,5410.24,34397.96,30056.89,UPI,Completed
6d8e33e0-b1df-4841-8136-55253c666a33,2026_W27,O62090,U1594,P58,2026-07-02 00:13:36,1,2960.66,275.17,138.81,483.39,2960.66,2685.49,UPI,Completed
6d8e33e0-b1df-4841-8136-55253c666a33,2026_W27,O62091,U30120,P125,2026-07-02 20:55:12,3,9952.48,3744.03,162.61,4700.41,29857.44,26113.41,UPI,Completed
6d8e33e0-b1df-4841-8136-55253c666a33,2026_W27,O62092,U5857,P37,2026-07-05 02:32:57,1,4162.63,242.13,149.44,705.69,4162.63,3920.5,Wallet,Completed
6d8e33e0-b1df-4841-8136-55253c666a33,2026_W27,O62093,U27195,P168,2026-06-30 14:37:09,3,6037.57,1512.22,106.51,2988.09,18112.71,16600.489999999998,UPI,Completed
6d8e33e0-b1df-4841-8136-55253c666a33,2026_W27,O62094,U34529,P116,2026-07-04 08:01:00,3,7151.55,576.57,183.19,3758.05,21454.65,20878.08,Wallet,Completed
6d8e33e0-b1df-4841-8136-55253c666a33,2026_W27,O62095,U11243,P65,2026-07-02 11:26:28,2,7295.29,45.8,75.16,2618.06,14590.58,14544.78,Credit Card,Completed
6d8e33e0-b1df-4841-8136-55253c666a33,2026_W27,O62096,U8419,P128,2026-07-01 12:46:15,4,3543.69,322.62,160.36,2493.39,14174.76,13852.14,Credit Card,Completed
6d8e33e0-b1df-4841-8136-55253c666a33,2026_W27,O62097,U8668,P120,2026-07-02 09:34:43,3,4076.33,621.72,164.1,2089.31,12228.99,11607.27,UPI,Completed
6d8e33e0-b1df-4841-8136-55253c666a33,2026_W27,O62098,U19209,P121,2026-07-02 13:43:40,4,7793.76,748.2,169.53,5476.83,31175.04,30426.84,Credit Card,Completed
6d8e33e0-b1df-4841-8136-55253c666a33,2026_W27,O62099,U21194,P58,2026-06-30 23:45:53,3,2960.66,610.74,125.55,1488.82,8881.98,8271.24,Credit Card,Completed
6d8e33e0-b1df-4841-8136-55253c666a33,2026_W27,O62100,U24244,P100,2026-07-02 12:24:16,4,1750.2,865.17,93.59,1104.41,7000.8,6135.63,Wallet,Completed
6d8e33e0-b1df-4841-8136-55253c666a33,2026_W27,O62101,U34982,P5,2026-07-03 09:58:26,3,4886.67,1706.57,107.19,2331.62,14660.01,12953.44,Credit Card,Completed
6d8e33e0-b1df-4841-8136-55253c666a33,2026_W27,O62102,U15893,P53,2026-07-04 10:40:50,3,5893.03,1667.78,192.89,2882.04,17679.09,16011.31,UPI,Completed
6d8e33e0-b1df-4841-8136-55253c666a33,2026_W27,O62103,U28933,P158,2026-07-03 16:33:34,3,5070.42,449.51,194.61,2657.12,15211.26,14761.75,Credit Card,Completed
6d8e33e0-b1df-4841-8136-55253c666a33,2026_W27,O62104,U19452,P190,2026-06-29 22:29:23,3,3207.6,317.6,190.18,1674.94,9622.8,9305.199999999999,Credit Card,Completed
6d8e33e0-b1df-4841-8136-55253c666a33,2026_W27,O62105,U339,P62,2026-07-02 06:29:16,2,8933.75,723.77,92.94,3085.87,17867.5,17143.73,Credit Card,Completed
6d8e33e0-b1df-4841-8136-55253c666a33,2026_W27,O62106,U34418,P186,2026-07-03 23:00:06,3,7480.33,565.75,186.24,3937.54,22440.989999999998,21875.239999999998,Credit Card,Completed
6d8e33e0-b1df-4841-8136-55253c666a33,2026_W27,O62107,U19189,P135,2026-07-03 11:33:50,2,5890.55,1534.25,153.61,1844.43,11781.1,10246.85,Debit Card,Completed
6d8e33e0-b1df-4841-8136-55253c666a33,2026_W27,O62108,U13466,P6,2026-07-03 01:13:12,4,6939.39,595.56,164.92,4889.16,27757.56,27162.0,UPI,Completed
6d8e33e0-b1df-4841-8136-55253c666a33,2026_W27,O62109,U19223,P115,2026-06-29 14:28:37,3,10677.61,3948.37,138.91,5055.2,32032.83,28084.460000000003,UPI,Completed
6d8e33e0-b1df-4841-8136-55253c666a33,2026_W27,O62110,U24371,P60,2026-07-02 08:19:18,1,3368.43,94.99,86.37,589.22,3368.43,3273.44,Credit Card,Completed
6d8e33e0-b1df-4841-8136-55253c666a33,2026_W27,O62111,U9151,P72,2026-07-01 02:48:44,4,8298.72,1047.9,140.47,5786.46,33194.88,32146.979999999996,Credit Card,Completed
6d8e33e0-b1df-4841-8136-55253c666a33,2026_W27,O62112,U20660,P118,2026-07-01 11:02:38,2,9270.95,2341.81,82.47,2916.02,18541.9,16200.090000000002,Wallet,Completed
6d8e33e0-b1df-4841-8136-55253c666a33,2026_W27,O62113,U24843,P64,2026-06-29 10:43:51,3,3844.36,1011.9,59.82,1893.81,11533.08,10521.18,Credit Card,Completed
6d8e33e0-b1df-4841-8136-55253c666a33,2026_W27,O62114,U34828,P27,2026-07-05 07:17:59,4,8284.05,4945.29,188.44,5074.36,33136.2,28190.909999999996,UPI,Completed
6d8e33e0-b1df-4841-8136-55253c666a33,2026_W27,O62115,U32748,P60,2026-07-05 06:45:04,2,3368.43,467.51,193.13,1128.48,6736.86,6269.349999999999,Debit Card,Completed
6d8e33e0-b1df-4841-8136-55253c666a33,2026_W27,O62116,U14905,P167,2026-07-03 22:56:27,3,5498.71,1935.11,80.23,2620.98,16496.13,14561.02,UPI,Completed
6d8e33e0-b1df-4841-8136-55253c666a33,2026_W27,O62117,U15660,P138,2026-07-01 23:55:57,3,6625.4,31.64,193.23,3572.02,19876.199999999997,19844.559999999998,Credit Card,Completed
6d8e33e0-b1df-4841-8136-55253c666a33,2026_W27,O62118,U16158,P144,2026-07-03 08:13:57,4,4498.08,1844.36,171.96,2906.63,17992.32,16147.96,Debit Card,Completed
6d8e33e0-b1df-4841-8136-55253c666a33,2026_W27,O62119,U31229,P37,2026-07-05 04:20:38,4,4162.63,989.64,134.07,2818.96,16650.52,15660.880000000001,UPI,Completed
6d8e33e0-b1df-4841-8136-55253c666a33,2026_W27,O62120,U32095,P192,2026-07-03 03:25:10,1,11414.94,903.61,67.58,1892.04,11414.94,10511.33,UPI,Completed
6d8e33e0-b1df-4841-8136-55253c666a33,2026_W27,O62121,U33029,P86,2026-06-29 16:54:44,1,9877.51,240.39,138.61,1734.68,9877.51,9637.12,Credit Card,Completed
6d8e33e0-b1df-4841-8136-55253c666a33,2026_W27,O62122,U9292,P194,2026-07-04 04:24:41,4,2286.6,311.25,154.27,1590.33,9146.4,8835.15,UPI,Completed
6d8e33e0-b1df-4841-8136-55253c666a33,2026_W27,O62123,U24147,P13,2026-07-02 15:28:54,1,6638.24,100.96,63.67,1176.71,6638.24,6537.28,Wallet,Completed
6d8e33e0-b1df-4841-8136-55253c666a33,2026_W27,O62124,U20174,P150,2026-07-04 12:25:36,2,3907.63,92.11,129.91,1390.17,7815.26,7723.150000000001,Credit Card,Completed
6d8e33e0-b1df-4841-8136-55253c666a33,2026_W27,O62125,U1901,P35,2026-07-02 20:39:33,2,10420.75,3116.34,142.98,3190.53,20841.5,17725.16,Wallet,Completed
6d8e33e0-b1df-4841-8136-55253c666a33,2026_W27,O62126,U8495,P74,2026-07-02 19:31:59,3,6172.48,1205.34,139.64,3116.18,18517.44,17312.1,Wallet,Completed
6d8e33e0-b1df-4841-8136-55253c666a33,2026_W27,O62127,U5563,P193,2026-07-04 04:01:29,4,8599.49,4356.77,175.42,5407.41,34397.96,30041.19,Credit Card,Completed
6d8e33e0-b1df-4841-8136-55253c666a33,2026_W27,O62128,U21403,P108,2026-07-01 06:16:43,4,9991.6,2397.26,90.34,6762.45,39966.4,37569.14,UPI,Completed
6d8e33e0-b1df-4841-8136-55253c666a33,2026_W27,O62129,U29047,P179,2026-07-02 19:31:04,2,4820.9,1110.35,54.13,1535.66,9641.8,8531.449999999999,Credit Card,Completed
6d8e33e0-b1df-4841-8136-55253c666a33,2026_W27,O62130,U29819,P88,2026-07-04 01:42:23,2,11704.48,2034.66,133.86,3847.37,23408.96,21374.3,Wallet,Completed
6d8e33e0-b1df-4841-8136-55253c666a33,2026_W27,O62131,U22332,P119,2026-07-02 11:19:44,3,9225.28,991.13,169.87,4803.25,27675.840000000004,26684.710000000003,Credit Card,Completed
6d8e33e0-b1df-4841-8136-55253c666a33,2026_W27,O62132,U27735,P131,2026-07-04 15:07:03,3,6362.71,534.87,136.63,3339.59,19088.13,18553.260000000002,Credit Card,Completed
6d8e33e0-b1df-4841-8136-55253c666a33,2026_W27,O62133,U10252,P185,2026-07-04 00:08:16,1,2854.87,17.53,146.22,510.72,2854.87,2837.3399999999997,Credit Card,Completed
6d8e33e0-b1df-4841-8136-55253c666a33,2026_W27,O62134,U18887,P45,2026-06-30 11:17:52,2,2342.15,636.95,67.46,728.52,4684.3,4047.3500000000004,Credit Card,Completed
6d8e33e0-b1df-4841-8136-55253c666a33,2026_W27,O62135,U18294,P30,2026-07-01 20:29:49,1,6995.67,83.67,125.57,1244.16,6995.67,6912.0,Credit Card,Completed
6d8e33e0-b1df-4841-8136-55253c666a33,2026_W27,O62136,U20549,P124,2026-07-01 10:22:07,2,5965.84,1246.05,52.25,1923.41,11931.68,10685.630000000001,UPI,Completed
6d8e33e0-b1df-4841-8136-55253c666a33,2026_W27,O62137,U26634,P165,2026-07-03 07:41:06,4,4483.27,1897.99,54.57,2886.32,17933.08,16035.090000000002,UPI,Completed
6d8e33e0-b1df-4841-8136-55253c666a33,2026_W27,O62138,U1453,P115,2026-07-01 15:34:22,1,10677.61,1495.04,70.16,1652.86,10677.61,9182.57,Wallet,Completed
6d8e33e0-b1df-4841-8136-55253c666a33,2026_W27,O62139,U29623,P45,2026-07-01 18:19:13,2,2342.15,465.56,74.72,759.37,4684.3,4218.74,Credit Card,Completed
6d8e33e0-b1df-4841-8136-55253c666a33,2026_W27,O62140,U19161,P130,2026-07-03 09:47:56,3,9584.05,2411.34,171.79,4741.35,28752.149999999998,26340.809999999998,UPI,Completed
6d8e33e0-b1df-4841-8136-55253c666a33,2026_W27,O62141,U32801,P16,2026-06-29 18:17:55,4,3158.68,1703.65,168.43,1967.59,12634.72,10931.07,UPI,Completed
6d8e33e0-b1df-4841-8136-55253c666a33,2026_W27,O62142,U16085,P172,2026-07-01 15:09:16,4,7555.52,4311.84,98.63,4663.84,30222.08,25910.24,UPI,Completed
6d8e33e0-b1df-4841-8136-55253c666a33,2026_W27,O62143,U10669,P137,2026-07-03 15:06:21,4,2618.72,212.99,144.76,1847.14,10474.88,10261.89,Debit Card,Completed
6d8e33e0-b1df-4841-8136-55253c666a33,2026_W27,O62144,U34138,P78,2026-06-29 18:43:19,4,4536.03,1945.93,80.74,2915.67,18144.12,16198.189999999999,Credit Card,Completed
6d8e33e0-b1df-4841-8136-55253c666a33,2026_W27,O62145,U5977,P173,2026-07-04 18:47:09,4,7576.76,2881.43,196.36,4936.61,30307.04,27425.61,Debit Card,Completed
6d8e33e0-b1df-4841-8136-55253c666a33,2026_W27,O62146,U2917,P108,2026-07-04 18:55:12,2,9991.6,690.55,58.31,3472.68,19983.2,19292.65,UPI,Completed
6d8e33e0-b1df-4841-8136-55253c666a33,2026_W27,O62147,U32939,P156,2026-07-02 04:45:38,1,2724.78,23.57,81.81,486.22,2724.78,2701.21,Debit Card,Completed
6d8e33e0-b1df-4841-8136-55253c666a33,2026_W27,O62148,U34595,P100,2026-07-02 21:33:53,3,1750.2,456.41,183.89,862.95,5250.6,4794.1900000000005,Debit Card,Completed
6d8e33e0-b1df-4841-8136-55253c666a33,2026_W27,O62149,U27921,P35,2026-07-04 14:37:24,1,10420.75,218.33,197.0,1836.44,10420.75,10202.42,UPI,Completed
6d8e33e0-b1df-4841-8136-55253c666a33,2026_W27,O62150,U13035,P182,2026-06-29 18:34:17,1,4946.93,523.83,150.34,796.16,4946.93,4423.1,Debit Card,Completed
6d8e33e0-b1df-4841-8136-55253c666a33,2026_W27,O62151,U11523,P73,2026-07-04 08:00:20,3,2904.91,975.63,191.64,1393.04,8714.73,7739.099999999999,UPI,Completed
6d8e33e0-b1df-4841-8136-55253c666a33,2026_W27,O62152,U4690,P9,2026-06-29 22:23:43,1,5229.72,518.44,156.12,848.03,5229.72,4711.280000000001,UPI,Completed
6d8e33e0-b1df-4841-8136-55253c666a33,2026_W27,O62153,U4824,P99,2026-06-30 07:21:21,3,5405.7,2068.34,73.75,2546.78,16217.099999999999,14148.759999999998,Wallet,Completed
6d8e33e0-b1df-4841-8136-55253c666a33,2026_W27,O62154,U24520,P43,2026-06-30 12:19:44,1,8672.85,1006.56,184.52,1379.93,8672.85,7666.290000000001,Credit Card,Completed
6d8e33e0-b1df-4841-8136-55253c666a33,2026_W27,O62155,U16855,P23,2026-07-02 14:11:18,3,7426.47,2044.15,108.06,3642.35,22279.41,20235.26,Wallet,Completed
6d8e33e0-b1df-4841-8136-55253c666a33,2026_W27,O62156,U1365,P103,2026-06-30 03:20:16,2,2762.4,722.06,164.12,864.49,5524.8,4802.74,Debit Card,Completed
6d8e33e0-b1df-4841-8136-55253c666a33,2026_W27,O62157,U17547,P185,2026-07-04 13:00:35,2,2854.87,791.27,93.06,885.32,5709.74,4918.469999999999,UPI,Completed
6d8e33e0-b1df-4841-8136-55253c666a33,2026_W27,O62158,U5063,P162,2026-07-01 20:28:51,2,7889.79,1770.97,119.57,2521.55,15779.58,14008.61,UPI,Completed
6d8e33e0-b1df-4841-8136-55253c666a33,2026_W27,O62159,U8633,P181,2026-07-05 01:55:12,4,5516.14,3129.12,112.22,3408.38,22064.56,18935.440000000002,Credit Card,Completed
6d8e33e0-b1df-4841-8136-55253c666a33,2026_W27,O62160,U6177,P72,2026-07-01 22:47:59,1,8298.72,402.2,65.75,1421.37,8298.72,7896.5199999999995,Wallet,Completed
6d8e33e0-b1df-4841-8136-55253c666a33,2026_W27,O62161,U13229,P130,2026-06-29 21:31:41,2,9584.05,216.0,179.38,3411.38,19168.1,18952.1,Debit Card,Completed
6d8e33e0-b1df-4841-8136-55253c666a33,2026_W27,O62162,U1598,P159,2026-07-03 18:09:47,1,5801.91,658.99,91.71,925.73,5801.91,5142.92,UPI,Completed
6d8e33e0-b1df-4841-8136-55253c666a33,2026_W27,O62163,U11591,P118,2026-06-29 14:36:38,2,9270.95,2328.0,123.25,2918.5,18541.9,16213.900000000001,Debit Card,Completed
6d8e33e0-b1df-4841-8136-55253c666a33,2026_W27,O62164,U16621,P125,2026-07-03 18:20:36,1,9952.48,1128.54,175.09,1588.31,9952.48,8823.939999999999,Debit Card,Completed
6d8e33e0-b1df-4841-8136-55253c666a33,2026_W27,O62165,U30969,P64,2026-07-01 22:21:11,2,3844.36,647.84,192.34,1267.36,7688.72,7040.88,Credit Card,Completed
6d8e33e0-b1df-4841-8136-55253c666a33,2026_W27,O62166,U29493,P119,2026-06-29 12:38:34,1,9225.28,935.15,165.22,1492.22,9225.28,8290.130000000001,UPI,Completed
