run_id,batch_id,order_id,user_id,product_id,order_date,quantity,unit_price,discount,shipping_cost,tax_amount,gross_revenue,net_revenue,payment_method,order_status
f05decff-45e7-4a4a-9019-0b81ba74d299,2026_W22,O48174,U15324,P28,2026-05-30 23:37:26,1,3349.46,321.26,107.56,545.08,3349.46,3028.2,UPI,Completed
f05decff-45e7-4a4a-9019-0b81ba74d299,2026_W22,O48175,U11976,P21,2026-05-31 05:39:55,3,7585.24,2827.71,123.72,3587.04,22755.72,19928.010000000002,Credit Card,Completed
f05decff-45e7-4a4a-9019-0b81ba74d299,2026_W22,O48176,U14073,P140,2026-05-29 07:02:36,1,3133.21,334.32,135.2,503.8,3133.21,2798.89,Credit Card,Completed
f05decff-45e7-4a4a-9019-0b81ba74d299,2026_W22,O48177,U17774,P163,2026-05-26 07:17:14,1,2156.08,146.28,96.23,361.76,2156.08,2009.8,Wallet,Completed
f05decff-45e7-4a4a-9019-0b81ba74d299,2026_W22,O48178,U10992,P30,2026-05-31 01:00:59,1,10909.65,763.36,111.85,1826.33,10909.65,10146.289999999999,UPI,Completed
f05decff-45e7-4a4a-9019-0b81ba74d299,2026_W22,O48179,U33056,P130,2026-05-28 10:15:32,2,11039.76,259.41,123.82,3927.62,22079.52,21820.11,Debit Card,Completed
f05decff-45e7-4a4a-9019-0b81ba74d299,2026_W22,O48180,U17875,P148,2026-05-29 11:07:42,3,2017.95,360.53,162.84,1024.8,6053.85,5693.320000000001,Credit Card,Completed
f05decff-45e7-4a4a-9019-0b81ba74d299,2026_W22,O48181,U16705,P163,2026-05-26 20:52:53,2,2156.08,313.2,164.7,719.81,4312.16,3998.96,Debit Card,Completed
f05decff-45e7-4a4a-9019-0b81ba74d299,2026_W22,O48182,U27229,P104,2026-05-29 19:16:26,2,5183.53,338.98,134.47,1805.05,10367.06,10028.08,Wallet,Completed
f05decff-45e7-4a4a-9019-0b81ba74d299,2026_W22,O48183,U6338,P150,2026-05-26 04:06:17,1,7278.62,808.28,192.31,1164.66,7278.62,6470.34,Credit Card,Completed
f05decff-45e7-4a4a-9019-0b81ba74d299,2026_W22,O48184,U30759,P146,2026-05-29 23:57:12,1,4559.37,458.75,54.02,738.11,4559.37,4100.62,Wallet,Completed
f05decff-45e7-4a4a-9019-0b81ba74d299,2026_W22,O48185,U16372,P22,2026-05-26 22:22:20,1,6284.85,437.29,129.96,1052.56,6284.85,5847.56,Debit Card,Completed
f05decff-45e7-4a4a-9019-0b81ba74d299,2026_W22,O48186,U32257,P118,2026-05-27 08:32:54,4,5463.26,1713.77,178.61,3625.07,21853.04,20139.27,Credit Card,Completed
f05decff-45e7-4a4a-9019-0b81ba74d299,2026_W22,O48187,U23491,P182,2026-05-27 16:26:34,1,6023.28,403.34,159.31,1011.59,6023.28,5619.94,Debit Card,Completed
f05decff-45e7-4a4a-9019-0b81ba74d299,2026_W22,O48188,U13219,P7,2026-05-28 02:52:45,4,8530.81,52.59,70.25,6132.72,34123.24,34070.65,Wallet,Completed
f05decff-45e7-4a4a-9019-0b81ba74d299,2026_W22,O48189,U12453,P81,2026-05-31 04:52:41,4,1659.37,299.52,150.69,1140.83,6637.48,6337.959999999999,Wallet,Completed
f05decff-45e7-4a4a-9019-0b81ba74d299,2026_W22,O48190,U1059,P157,2026-05-30 21:32:42,3,5290.96,678.91,107.68,2734.91,15872.880000000001,15193.970000000001,Debit Card,Completed
f05decff-45e7-4a4a-9019-0b81ba74d299,2026_W22,O48191,U33312,P152,2026-05-29 19:17:31,2,1970.06,284.15,184.2,658.07,3940.12,3655.97,Credit Card,Completed
f05decff-45e7-4a4a-9019-0b81ba74d299,2026_W22,O48192,U7979,P2,2026-05-26 10:11:44,1,1543.5,57.97,98.81,267.4,1543.5,1485.53,Credit Card,Completed
f05decff-45e7-4a4a-9019-0b81ba74d299,2026_W22,O48193,U24571,P26,2026-05-30 08:30:18,1,8687.74,996.9,166.79,1384.35,8687.74,7690.84,Credit Card,Completed
f05decff-45e7-4a4a-9019-0b81ba74d299,2026_W22,O48194,U27266,P41,2026-05-29 07:41:48,4,7272.45,2311.11,60.03,4820.16,29089.8,26778.69,UPI,Completed
f05decff-45e7-4a4a-9019-0b81ba74d299,2026_W22,O48195,U6585,P180,2026-05-27 04:13:10,2,6781.04,1006.18,156.25,2260.06,13562.08,12555.9,Debit Card,Completed
f05decff-45e7-4a4a-9019-0b81ba74d299,2026_W22,O48196,U6745,P183,2026-05-26 01:25:20,1,9215.45,177.18,138.53,1626.89,9215.45,9038.27,Debit Card,Completed
f05decff-45e7-4a4a-9019-0b81ba74d299,2026_W22,O48197,U5869,P146,2026-05-26 20:51:04,1,4559.37,570.79,137.28,717.94,4559.37,3988.58,Wallet,Completed
f05decff-45e7-4a4a-9019-0b81ba74d299,2026_W22,O48198,U22204,P159,2026-05-27 20:03:58,2,8714.84,1507.5,140.3,2865.99,17429.68,15922.18,Debit Card,Completed
f05decff-45e7-4a4a-9019-0b81ba74d299,2026_W22,O48199,U771,P39,2026-05-28 23:10:08,4,5048.64,2699.14,142.17,3149.18,20194.56,17495.420000000002,UPI,Completed
f05decff-45e7-4a4a-9019-0b81ba74d299,2026_W22,O48200,U11390,P159,2026-05-30 12:14:25,4,8714.84,1579.91,177.33,5990.3,34859.36,33279.45,Debit Card,Completed
f05decff-45e7-4a4a-9019-0b81ba74d299,2026_W22,O48201,U34743,P158,2026-05-26 03:41:05,1,6839.61,759.82,50.41,1094.36,6839.61,6079.79,Wallet,Completed
f05decff-45e7-4a4a-9019-0b81ba74d299,2026_W22,O48202,U6509,P63,2026-05-30 22:50:13,3,5767.08,1646.58,99.3,2817.84,17301.239999999998,15654.659999999998,UPI,Completed
f05decff-45e7-4a4a-9019-0b81ba74d299,2026_W22,O48203,U19589,P11,2026-05-31 04:39:30,1,4897.66,115.05,120.5,860.87,4897.66,4782.61,Debit Card,Completed
f05decff-45e7-4a4a-9019-0b81ba74d299,2026_W22,O48204,U18193,P103,2026-05-31 04:37:27,4,5314.76,838.77,65.46,3675.65,21259.04,20420.27,Credit Card,Completed
f05decff-45e7-4a4a-9019-0b81ba74d299,2026_W22,O48205,U9263,P64,2026-05-30 01:19:10,2,5141.6,98.37,182.79,1833.27,10283.2,10184.83,Credit Card,Completed
f05decff-45e7-4a4a-9019-0b81ba74d299,2026_W22,O48206,U33693,P67,2026-05-28 02:50:02,1,6555.74,978.44,66.51,1003.91,6555.74,5577.299999999999,Debit Card,Completed
f05decff-45e7-4a4a-9019-0b81ba74d299,2026_W22,O48207,U20855,P124,2026-05-31 19:44:28,4,7063.56,1561.74,172.1,4804.65,28254.24,26692.5,UPI,Completed
f05decff-45e7-4a4a-9019-0b81ba74d299,2026_W22,O48208,U30768,P195,2026-05-28 04:11:08,3,3603.97,460.64,91.11,1863.23,10811.91,10351.27,UPI,Completed
f05decff-45e7-4a4a-9019-0b81ba74d299,2026_W22,O48209,U8081,P87,2026-05-27 04:23:15,1,7395.64,543.97,179.82,1233.3,7395.64,6851.67,Credit Card,Completed
f05decff-45e7-4a4a-9019-0b81ba74d299,2026_W22,O48210,U18140,P182,2026-05-29 15:08:12,4,6023.28,2805.64,109.58,3831.75,24093.12,21287.48,Credit Card,Completed
f05decff-45e7-4a4a-9019-0b81ba74d299,2026_W22,O48211,U2643,P56,2026-05-30 18:45:28,2,9725.09,1639.96,73.48,3205.84,19450.18,17810.22,Credit Card,Completed
f05decff-45e7-4a4a-9019-0b81ba74d299,2026_W22,O48212,U27981,P28,2026-05-28 05:11:41,4,3349.46,238.4,125.75,2368.7,13397.84,13159.44,Debit Card,Completed
f05decff-45e7-4a4a-9019-0b81ba74d299,2026_W22,O48213,U28636,P99,2026-05-28 21:46:01,3,4457.11,1631.38,88.84,2113.19,13371.329999999998,11739.949999999997,Debit Card,Completed
f05decff-45e7-4a4a-9019-0b81ba74d299,2026_W22,O48214,U16362,P158,2026-05-26 13:41:52,3,6839.61,848.55,101.74,3540.65,20518.829999999998,19670.28,Debit Card,Completed
f05decff-45e7-4a4a-9019-0b81ba74d299,2026_W22,O48215,U19843,P75,2026-05-30 21:00:19,4,3046.83,1531.21,196.8,1918.1,12187.32,10656.11,Wallet,Completed
f05decff-45e7-4a4a-9019-0b81ba74d299,2026_W22,O48216,U33778,P6,2026-05-29 08:30:38,2,7042.99,1435.02,77.28,2277.17,14085.98,12650.96,UPI,Completed
f05decff-45e7-4a4a-9019-0b81ba74d299,2026_W22,O48217,U33953,P93,2026-05-27 00:48:51,1,5224.43,639.39,184.34,825.31,5224.43,4585.04,UPI,Completed
f05decff-45e7-4a4a-9019-0b81ba74d299,2026_W22,O48218,U32083,P35,2026-05-30 04:06:56,4,3801.69,1306.5,166.53,2502.05,15206.76,13900.26,Debit Card,Completed
f05decff-45e7-4a4a-9019-0b81ba74d299,2026_W22,O48219,U23547,P111,2026-05-31 03:04:29,1,9541.24,872.22,168.22,1560.42,9541.24,8669.02,Wallet,Completed
f05decff-45e7-4a4a-9019-0b81ba74d299,2026_W22,O48220,U3880,P73,2026-05-31 19:06:26,4,10930.99,6341.08,191.17,6728.92,43723.96,37382.88,Debit Card,Completed
f05decff-45e7-4a4a-9019-0b81ba74d299,2026_W22,O48221,U1395,P70,2026-05-29 14:47:14,4,2246.89,847.87,151.76,1465.14,8987.56,8139.69,Wallet,Completed
f05decff-45e7-4a4a-9019-0b81ba74d299,2026_W22,O48222,U4092,P109,2026-05-30 10:58:47,1,5251.93,722.53,107.37,815.29,5251.93,4529.400000000001,UPI,Completed
f05decff-45e7-4a4a-9019-0b81ba74d299,2026_W22,O48223,U28281,P5,2026-05-26 04:13:02,2,5785.73,1179.09,66.03,1870.63,11571.46,10392.369999999999,Debit Card,Completed
f05decff-45e7-4a4a-9019-0b81ba74d299,2026_W22,O48224,U9615,P160,2026-05-27 10:19:15,4,6919.48,3638.26,57.59,4327.14,27677.92,24039.659999999996,UPI,Completed
f05decff-45e7-4a4a-9019-0b81ba74d299,2026_W22,O48225,U33883,P39,2026-05-30 22:10:16,1,5048.64,546.14,175.85,810.45,5048.64,4502.5,UPI,Completed
f05decff-45e7-4a4a-9019-0b81ba74d299,2026_W22,O48226,U33256,P130,2026-05-29 14:14:06,4,11039.76,410.56,169.57,7874.73,44159.04,43748.48,UPI,Completed
f05decff-45e7-4a4a-9019-0b81ba74d299,2026_W22,O48227,U29315,P90,2026-05-29 11:23:19,1,6467.75,378.78,76.91,1096.01,6467.75,6088.97,UPI,Completed
f05decff-45e7-4a4a-9019-0b81ba74d299,2026_W22,O48228,U34220,P11,2026-05-30 20:52:29,4,4897.66,2734.08,59.64,3034.18,19590.64,16856.559999999998,UPI,Completed
f05decff-45e7-4a4a-9019-0b81ba74d299,2026_W22,O48229,U33167,P5,2026-05-30 22:22:45,1,5785.73,289.55,79.41,989.31,5785.73,5496.179999999999,UPI,Completed
f05decff-45e7-4a4a-9019-0b81ba74d299,2026_W22,O48230,U8840,P172,2026-05-29 06:58:22,2,9925.52,2185.01,187.22,3179.89,19851.04,17666.03,Credit Card,Completed
f05decff-45e7-4a4a-9019-0b81ba74d299,2026_W22,O48231,U1593,P167,2026-05-29 12:13:05,4,6729.0,1221.97,157.13,4624.93,26916.0,25694.03,Credit Card,Completed
f05decff-45e7-4a4a-9019-0b81ba74d299,2026_W22,O48232,U42,P25,2026-05-30 09:40:39,2,4602.38,237.83,51.14,1614.05,9204.76,8966.93,Debit Card,Completed
f05decff-45e7-4a4a-9019-0b81ba74d299,2026_W22,O48233,U9539,P137,2026-05-26 22:50:40,4,4729.65,407.27,174.21,3332.04,18918.6,18511.329999999998,Credit Card,Completed
f05decff-45e7-4a4a-9019-0b81ba74d299,2026_W22,O48234,U29093,P1,2026-05-27 15:05:09,4,6823.54,1891.29,115.5,4572.52,27294.16,25402.87,Credit Card,Completed
f05decff-45e7-4a4a-9019-0b81ba74d299,2026_W22,O48235,U22544,P155,2026-05-26 22:04:17,3,8707.69,1307.24,84.81,4466.85,26123.07,24815.829999999998,Credit Card,Completed
f05decff-45e7-4a4a-9019-0b81ba74d299,2026_W22,O48236,U27229,P123,2026-05-25 22:52:56,3,2425.48,542.61,126.31,1212.09,7276.4400000000005,6733.830000000001,Debit Card,Completed
f05decff-45e7-4a4a-9019-0b81ba74d299,2026_W22,O48237,U15904,P43,2026-05-31 17:52:20,4,9948.84,2722.0,179.69,6673.2,39795.36,37073.36,UPI,Completed
f05decff-45e7-4a4a-9019-0b81ba74d299,2026_W22,O48238,U34366,P58,2026-05-26 00:24:41,4,2716.51,1323.04,196.17,1717.74,10866.04,9543.0,Wallet,Completed
f05decff-45e7-4a4a-9019-0b81ba74d299,2026_W22,O48239,U6656,P84,2026-05-28 23:32:51,3,8271.97,959.61,189.03,4294.13,24815.909999999996,23856.299999999996,Wallet,Completed
f05decff-45e7-4a4a-9019-0b81ba74d299,2026_W22,O48240,U28841,P7,2026-05-27 15:04:33,2,8530.81,579.51,85.16,2966.78,17061.62,16482.11,Debit Card,Completed
f05decff-45e7-4a4a-9019-0b81ba74d299,2026_W22,O48241,U17270,P161,2026-05-27 14:55:04,3,5474.81,2208.21,76.01,2558.92,16424.43,14216.220000000001,UPI,Completed
f05decff-45e7-4a4a-9019-0b81ba74d299,2026_W22,O48242,U3825,P119,2026-05-29 11:09:33,2,10133.79,950.52,149.4,3477.07,20267.58,19317.06,UPI,Completed
f05decff-45e7-4a4a-9019-0b81ba74d299,2026_W22,O48243,U29107,P126,2026-05-27 03:54:12,3,7171.16,3000.22,59.61,3332.39,21513.48,18513.26,Wallet,Completed
f05decff-45e7-4a4a-9019-0b81ba74d299,2026_W22,O48244,U11922,P9,2026-05-29 23:41:33,3,5369.05,1692.38,135.22,2594.66,16107.150000000001,14414.77,Credit Card,Completed
f05decff-45e7-4a4a-9019-0b81ba74d299,2026_W22,O48245,U17523,P167,2026-05-27 05:42:46,4,6729.0,399.85,130.94,4772.91,26916.0,26516.15,Debit Card,Completed
f05decff-45e7-4a4a-9019-0b81ba74d299,2026_W22,O48246,U17360,P158,2026-05-30 08:04:37,3,6839.61,2875.34,134.56,3175.83,20518.829999999998,17643.489999999998,Credit Card,Completed
f05decff-45e7-4a4a-9019-0b81ba74d299,2026_W22,O48247,U1032,P91,2026-05-30 11:11:01,2,4627.39,107.8,168.69,1646.46,9254.78,9146.980000000001,Wallet,Completed
f05decff-45e7-4a4a-9019-0b81ba74d299,2026_W22,O48248,U33791,P21,2026-05-31 16:45:12,3,7585.24,198.65,85.79,4060.27,22755.72,22557.07,Credit Card,Completed
f05decff-45e7-4a4a-9019-0b81ba74d299,2026_W22,O48249,U21500,P141,2026-05-25 21:41:49,2,6658.31,914.28,123.52,2232.42,13316.62,12402.34,UPI,Completed
f05decff-45e7-4a4a-9019-0b81ba74d299,2026_W22,O48250,U10947,P47,2026-05-27 17:33:03,1,4728.62,391.18,103.63,780.74,4728.62,4337.44,Credit Card,Completed
f05decff-45e7-4a4a-9019-0b81ba74d299,2026_W22,O48251,U11390,P31,2026-05-29 02:37:29,2,4234.09,678.78,57.46,1402.09,8468.18,7789.400000000001,UPI,Completed
f05decff-45e7-4a4a-9019-0b81ba74d299,2026_W22,O48252,U3133,P78,2026-05-27 17:02:19,2,4707.59,78.97,74.65,1680.52,9415.18,9336.210000000001,Credit Card,Completed
f05decff-45e7-4a4a-9019-0b81ba74d299,2026_W22,O48253,U30836,P142,2026-05-27 10:32:09,1,4531.33,431.0,69.04,738.06,4531.33,4100.33,Debit Card,Completed
f05decff-45e7-4a4a-9019-0b81ba74d299,2026_W22,O48254,U20700,P77,2026-05-31 03:09:33,4,6432.15,1708.73,77.5,4323.58,25728.6,24019.87,Wallet,Completed
f05decff-45e7-4a4a-9019-0b81ba74d299,2026_W22,O48255,U14171,P156,2026-05-27 22:24:05,2,2183.92,343.56,183.78,724.37,4367.84,4024.28,Credit Card,Completed
f05decff-45e7-4a4a-9019-0b81ba74d299,2026_W22,O48256,U21532,P87,2026-05-30 22:37:52,3,7395.64,3124.45,194.63,3431.24,22186.920000000002,19062.47,Wallet,Completed
f05decff-45e7-4a4a-9019-0b81ba74d299,2026_W22,O48257,U21875,P140,2026-05-26 23:41:32,4,3133.21,11.85,112.63,2253.78,12532.84,12520.99,UPI,Completed
f05decff-45e7-4a4a-9019-0b81ba74d299,2026_W22,O48258,U10546,P43,2026-05-29 11:12:27,2,9948.84,1776.61,119.58,3261.79,19897.68,18121.07,UPI,Completed
f05decff-45e7-4a4a-9019-0b81ba74d299,2026_W22,O48259,U13026,P69,2026-05-31 01:27:57,3,5881.18,290.54,96.67,3123.54,17643.54,17353.0,UPI,Completed
f05decff-45e7-4a4a-9019-0b81ba74d299,2026_W22,O48260,U2624,P25,2026-05-29 18:30:51,2,4602.38,893.85,132.59,1495.96,9204.76,8310.91,Credit Card,Completed
f05decff-45e7-4a4a-9019-0b81ba74d299,2026_W22,O48261,U5532,P182,2026-05-29 05:52:41,2,6023.28,1691.27,81.65,1863.95,12046.56,10355.289999999999,Credit Card,Completed
f05decff-45e7-4a4a-9019-0b81ba74d299,2026_W22,O48262,U18744,P96,2026-05-27 11:46:09,1,6676.27,265.9,90.29,1153.87,6676.27,6410.370000000001,Wallet,Completed
f05decff-45e7-4a4a-9019-0b81ba74d299,2026_W22,O48263,U17839,P60,2026-05-30 06:51:40,4,3458.47,1266.52,153.31,2262.12,13833.88,12567.359999999999,Wallet,Completed
f05decff-45e7-4a4a-9019-0b81ba74d299,2026_W22,O48264,U17818,P100,2026-05-27 06:56:23,2,7089.35,589.22,147.71,2446.11,14178.7,13589.480000000001,Credit Card,Completed
f05decff-45e7-4a4a-9019-0b81ba74d299,2026_W22,O48265,U30530,P140,2026-05-27 17:21:36,3,3133.21,394.99,129.29,1620.84,9399.630000000001,9004.640000000001,Wallet,Completed
f05decff-45e7-4a4a-9019-0b81ba74d299,2026_W22,O48266,U21688,P134,2026-05-31 17:08:08,2,3654.35,7.92,139.01,1314.14,7308.7,7300.78,UPI,Completed
f05decff-45e7-4a4a-9019-0b81ba74d299,2026_W22,O48267,U32729,P91,2026-05-29 00:06:39,3,4627.39,569.21,78.12,2396.33,13882.170000000002,13312.960000000003,UPI,Completed
f05decff-45e7-4a4a-9019-0b81ba74d299,2026_W22,O48268,U33409,P53,2026-05-28 13:47:08,4,8018.26,216.55,118.93,5734.17,32073.04,31856.49,Credit Card,Completed
f05decff-45e7-4a4a-9019-0b81ba74d299,2026_W22,O48269,U25679,P6,2026-05-27 03:29:36,1,7042.99,668.23,192.13,1147.46,7042.99,6374.76,Credit Card,Completed
f05decff-45e7-4a4a-9019-0b81ba74d299,2026_W22,O48270,U24939,P101,2026-05-28 17:45:49,2,2760.68,595.97,150.62,886.57,5521.36,4925.389999999999,Credit Card,Completed
f05decff-45e7-4a4a-9019-0b81ba74d299,2026_W22,O48271,U8285,P39,2026-05-27 19:03:21,4,5048.64,427.33,95.3,3558.1,20194.56,19767.23,Debit Card,Completed
f05decff-45e7-4a4a-9019-0b81ba74d299,2026_W22,O48272,U7908,P79,2026-05-28 03:24:03,1,2810.31,311.01,78.08,449.87,2810.31,2499.3,UPI,Completed
f05decff-45e7-4a4a-9019-0b81ba74d299,2026_W22,O48273,U843,P157,2026-05-29 22:07:02,1,5290.96,170.27,113.72,921.72,5290.96,5120.69,UPI,Completed
f05decff-45e7-4a4a-9019-0b81ba74d299,2026_W22,O48274,U21909,P12,2026-05-27 22:47:26,2,7089.88,1888.55,77.33,2212.42,14179.76,12291.210000000001,Debit Card,Completed
f05decff-45e7-4a4a-9019-0b81ba74d299,2026_W22,O48275,U17256,P8,2026-05-26 02:38:21,3,7997.84,3483.06,157.63,3691.88,23993.52,20510.46,UPI,Completed
f05decff-45e7-4a4a-9019-0b81ba74d299,2026_W22,O48276,U24820,P149,2026-05-29 15:22:01,4,7089.62,3584.72,92.69,4459.28,28358.48,24773.76,Wallet,Completed
f05decff-45e7-4a4a-9019-0b81ba74d299,2026_W22,O48277,U24330,P143,2026-05-26 12:09:52,2,6038.03,151.9,53.06,2146.35,12076.06,11924.16,UPI,Completed
f05decff-45e7-4a4a-9019-0b81ba74d299,2026_W22,O48278,U18859,P109,2026-05-28 03:40:15,1,5251.93,494.33,115.29,856.37,5251.93,4757.6,Debit Card,Completed
f05decff-45e7-4a4a-9019-0b81ba74d299,2026_W22,O48279,U34011,P78,2026-05-27 13:35:34,2,4707.59,1025.49,162.5,1510.14,9415.18,8389.69,Debit Card,Completed
f05decff-45e7-4a4a-9019-0b81ba74d299,2026_W22,O48280,U21342,P3,2026-05-26 19:45:26,4,6299.72,2531.76,149.78,4080.08,25198.88,22667.120000000003,Credit Card,Completed
f05decff-45e7-4a4a-9019-0b81ba74d299,2026_W22,O48281,U34729,P16,2026-05-25 23:21:45,3,4498.86,256.27,188.64,2383.26,13496.579999999998,13240.309999999998,Wallet,Completed
f05decff-45e7-4a4a-9019-0b81ba74d299,2026_W22,O48282,U33580,P149,2026-05-29 22:59:05,3,7089.62,2737.4,80.25,3335.66,21268.86,18531.46,Wallet,Completed
f05decff-45e7-4a4a-9019-0b81ba74d299,2026_W22,O48283,U11615,P13,2026-05-28 06:47:01,1,6805.73,553.07,55.19,1125.48,6805.73,6252.66,UPI,Completed
f05decff-45e7-4a4a-9019-0b81ba74d299,2026_W22,O48284,U34554,P190,2026-05-27 22:03:03,3,10065.15,2642.2,120.27,4959.58,30195.449999999997,27553.249999999996,Credit Card,Completed
f05decff-45e7-4a4a-9019-0b81ba74d299,2026_W22,O48285,U19818,P67,2026-05-29 08:34:48,4,6555.74,3204.56,167.7,4143.31,26222.96,23018.399999999998,UPI,Completed
f05decff-45e7-4a4a-9019-0b81ba74d299,2026_W22,O48286,U28093,P64,2026-05-27 20:14:06,3,5141.6,1937.61,150.56,2427.69,15424.800000000001,13487.19,Wallet,Completed
f05decff-45e7-4a4a-9019-0b81ba74d299,2026_W22,O48287,U26760,P110,2026-05-27 22:49:58,2,1984.17,209.71,66.94,676.55,3968.34,3758.63,Debit Card,Completed
f05decff-45e7-4a4a-9019-0b81ba74d299,2026_W22,O48288,U32982,P6,2026-05-27 01:19:09,1,7042.99,569.29,170.32,1165.27,7042.99,6473.7,Debit Card,Completed
f05decff-45e7-4a4a-9019-0b81ba74d299,2026_W22,O48289,U14032,P128,2026-05-31 09:37:54,1,3133.44,136.23,144.46,539.5,3133.44,2997.21,Debit Card,Completed
f05decff-45e7-4a4a-9019-0b81ba74d299,2026_W22,O48290,U28395,P155,2026-05-27 14:42:49,1,8707.69,975.45,140.1,1391.8,8707.69,7732.240000000001,Credit Card,Completed
f05decff-45e7-4a4a-9019-0b81ba74d299,2026_W22,O48291,U19636,P63,2026-05-30 01:41:12,4,5767.08,581.83,154.3,4047.57,23068.32,22486.489999999998,Debit Card,Completed
f05decff-45e7-4a4a-9019-0b81ba74d299,2026_W22,O48292,U4517,P89,2026-05-26 18:46:40,2,7149.14,179.91,109.14,2541.31,14298.28,14118.37,Debit Card,Completed
f05decff-45e7-4a4a-9019-0b81ba74d299,2026_W22,O48293,U2428,P108,2026-05-30 03:46:07,3,4001.51,733.21,85.06,2028.84,12004.53,11271.32,Debit Card,Completed
f05decff-45e7-4a4a-9019-0b81ba74d299,2026_W22,O48294,U13451,P133,2026-05-31 05:10:09,2,7230.51,828.52,143.73,2453.85,14461.02,13632.5,UPI,Completed
f05decff-45e7-4a4a-9019-0b81ba74d299,2026_W22,O48295,U13622,P41,2026-05-25 22:00:38,4,7272.45,1129.46,61.15,5032.86,29089.8,27960.34,Credit Card,Completed
f05decff-45e7-4a4a-9019-0b81ba74d299,2026_W22,O48296,U10573,P53,2026-05-31 13:25:46,2,8018.26,240.94,167.85,2843.2,16036.52,15795.58,Credit Card,Completed
f05decff-45e7-4a4a-9019-0b81ba74d299,2026_W22,O48297,U33949,P139,2026-05-30 17:28:03,1,7513.32,667.08,147.37,1232.32,7513.32,6846.24,Credit Card,Completed
f05decff-45e7-4a4a-9019-0b81ba74d299,2026_W22,O48298,U29648,P182,2026-05-31 17:17:54,2,6023.28,557.53,81.52,2068.03,12046.56,11489.029999999999,Debit Card,Completed
f05decff-45e7-4a4a-9019-0b81ba74d299,2026_W22,O48299,U26443,P128,2026-05-30 11:24:58,4,3133.44,1265.27,180.88,2028.33,12533.76,11268.49,Credit Card,Completed
f05decff-45e7-4a4a-9019-0b81ba74d299,2026_W22,O48300,U13788,P134,2026-05-27 12:17:01,4,3654.35,1080.69,145.75,2436.61,14617.4,13536.71,Debit Card,Completed
f05decff-45e7-4a4a-9019-0b81ba74d299,2026_W22,O48301,U32833,P133,2026-05-31 11:20:02,1,7230.51,718.3,102.88,1172.2,7230.51,6512.21,Credit Card,Completed
f05decff-45e7-4a4a-9019-0b81ba74d299,2026_W22,O48302,U15703,P125,2026-05-31 02:24:29,3,5593.86,2148.2,135.81,2634.01,16781.579999999998,14633.379999999997,UPI,Completed
f05decff-45e7-4a4a-9019-0b81ba74d299,2026_W22,O48303,U31711,P57,2026-05-31 05:38:27,3,3408.89,1250.84,141.72,1615.65,10226.67,8975.83,UPI,Completed
f05decff-45e7-4a4a-9019-0b81ba74d299,2026_W22,O48304,U8977,P181,2026-05-28 07:07:03,3,8581.69,3002.46,147.66,4093.67,25745.07,22742.61,UPI,Completed
f05decff-45e7-4a4a-9019-0b81ba74d299,2026_W22,O48305,U33451,P4,2026-05-31 14:14:55,3,11646.79,2856.43,196.74,5775.11,34940.37,32083.940000000002,Debit Card,Completed
f05decff-45e7-4a4a-9019-0b81ba74d299,2026_W22,O48306,U5857,P175,2026-05-26 09:02:52,2,10082.38,2570.04,127.72,3167.05,20164.76,17594.719999999998,Credit Card,Completed
f05decff-45e7-4a4a-9019-0b81ba74d299,2026_W22,O48307,U9116,P121,2026-05-31 07:15:17,4,9562.01,4376.97,97.51,6096.79,38248.04,33871.07,UPI,Completed
f05decff-45e7-4a4a-9019-0b81ba74d299,2026_W22,O48308,U34775,P63,2026-05-27 15:18:10,3,5767.08,1781.99,117.99,2793.46,17301.239999999998,15519.249999999998,Credit Card,Completed
f05decff-45e7-4a4a-9019-0b81ba74d299,2026_W22,O48309,U2184,P196,2026-05-31 16:08:57,1,7726.11,1141.64,80.89,1185.2,7726.11,6584.469999999999,Wallet,Completed
f05decff-45e7-4a4a-9019-0b81ba74d299,2026_W22,O48310,U9990,P131,2026-05-29 23:36:28,1,5156.93,612.13,119.67,818.06,5156.93,4544.8,Debit Card,Completed
f05decff-45e7-4a4a-9019-0b81ba74d299,2026_W22,O48311,U12781,P81,2026-05-27 19:10:08,3,1659.37,448.02,156.79,815.42,4978.11,4530.09,UPI,Completed
f05decff-45e7-4a4a-9019-0b81ba74d299,2026_W22,O48312,U33958,P192,2026-05-27 11:34:33,1,8471.85,748.44,148.58,1390.21,8471.85,7723.41,UPI,Completed
f05decff-45e7-4a4a-9019-0b81ba74d299,2026_W22,O48313,U27,P112,2026-05-27 23:36:27,4,4659.89,94.79,182.41,3338.06,18639.56,18544.77,UPI,Completed
f05decff-45e7-4a4a-9019-0b81ba74d299,2026_W22,O48314,U8199,P110,2026-05-31 00:59:56,1,1984.17,14.74,76.34,354.5,1984.17,1969.43,Credit Card,Completed
f05decff-45e7-4a4a-9019-0b81ba74d299,2026_W22,O48315,U17507,P124,2026-05-29 11:45:17,1,7063.56,602.73,57.54,1162.95,7063.56,6460.83,Credit Card,Completed
f05decff-45e7-4a4a-9019-0b81ba74d299,2026_W22,O48316,U30849,P58,2026-05-31 04:23:18,3,2716.51,951.82,96.75,1295.59,8149.530000000001,7197.710000000001,Wallet,Completed
f05decff-45e7-4a4a-9019-0b81ba74d299,2026_W22,O48317,U880,P155,2026-05-30 14:33:32,2,8707.69,649.98,59.62,3017.77,17415.38,16765.4,Wallet,Completed
f05decff-45e7-4a4a-9019-0b81ba74d299,2026_W22,O48318,U27664,P65,2026-05-28 16:53:28,2,1802.09,62.99,143.15,637.41,3604.18,3541.19,Wallet,Completed
f05decff-45e7-4a4a-9019-0b81ba74d299,2026_W22,O48319,U27581,P13,2026-05-27 14:12:18,2,6805.73,1164.16,158.65,2240.51,13611.46,12447.3,Debit Card,Completed
f05decff-45e7-4a4a-9019-0b81ba74d299,2026_W22,O48320,U16806,P83,2026-05-28 14:00:33,2,5070.2,1151.07,135.84,1618.08,10140.4,8989.33,Credit Card,Completed
f05decff-45e7-4a4a-9019-0b81ba74d299,2026_W22,O48321,U7795,P106,2026-05-27 18:15:26,1,5172.75,120.73,78.07,909.36,5172.75,5052.02,Wallet,Completed
f05decff-45e7-4a4a-9019-0b81ba74d299,2026_W22,O48322,U34842,P93,2026-05-28 23:45:44,4,5224.43,3018.59,66.0,3218.24,20897.72,17879.13,UPI,Completed
f05decff-45e7-4a4a-9019-0b81ba74d299,2026_W22,O48323,U9628,P14,2026-05-27 07:23:26,3,4944.6,363.06,179.08,2604.73,14833.800000000001,14470.740000000002,Wallet,Completed
f05decff-45e7-4a4a-9019-0b81ba74d299,2026_W22,O48324,U9770,P182,2026-05-31 06:37:19,2,6023.28,561.49,138.4,2067.31,12046.56,11485.07,UPI,Completed
f05decff-45e7-4a4a-9019-0b81ba74d299,2026_W22,O48325,U24150,P92,2026-05-26 07:31:43,2,7099.99,990.7,198.31,2377.67,14199.98,13209.279999999999,Wallet,Completed
f05decff-45e7-4a4a-9019-0b81ba74d299,2026_W22,O48326,U28825,P147,2026-05-30 15:41:05,3,2240.85,915.53,118.4,1045.26,6722.549999999999,5807.0199999999995,Debit Card,Completed
f05decff-45e7-4a4a-9019-0b81ba74d299,2026_W22,O48327,U3334,P34,2026-05-26 02:49:35,2,8777.08,2549.06,199.89,2700.92,17554.16,15005.1,Debit Card,Completed
f05decff-45e7-4a4a-9019-0b81ba74d299,2026_W22,O48328,U22141,P135,2026-05-30 01:16:14,2,7738.35,1616.22,165.3,2494.89,15476.7,13860.480000000001,Debit Card,Completed
f05decff-45e7-4a4a-9019-0b81ba74d299,2026_W22,O48329,U33588,P127,2026-05-31 05:57:25,4,9140.26,4518.55,186.39,5767.65,36561.04,32042.49,Credit Card,Completed
f05decff-45e7-4a4a-9019-0b81ba74d299,2026_W22,O48330,U3785,P169,2026-05-25 22:51:54,4,3759.37,1628.75,80.88,2413.57,15037.48,13408.73,Debit Card,Completed
f05decff-45e7-4a4a-9019-0b81ba74d299,2026_W22,O48331,U14446,P138,2026-05-29 12:06:51,4,5599.95,2986.01,71.52,3494.48,22399.8,19413.79,Wallet,Completed
f05decff-45e7-4a4a-9019-0b81ba74d299,2026_W22,O48332,U15404,P19,2026-05-29 06:05:57,4,10873.73,4132.25,176.35,7085.28,43494.92,39362.67,Wallet,Completed
f05decff-45e7-4a4a-9019-0b81ba74d299,2026_W22,O48333,U30609,P55,2026-05-27 04:12:01,4,10434.9,4586.25,114.11,6687.6,41739.6,37153.35,Wallet,Completed
f05decff-45e7-4a4a-9019-0b81ba74d299,2026_W22,O48334,U32067,P71,2026-05-27 12:00:15,1,5001.28,156.4,89.04,872.08,5001.28,4844.88,UPI,Completed
f05decff-45e7-4a4a-9019-0b81ba74d299,2026_W22,O48335,U1191,P52,2026-05-27 20:06:34,4,4538.36,874.76,152.01,3110.16,18153.44,17278.68,Credit Card,Completed
f05decff-45e7-4a4a-9019-0b81ba74d299,2026_W22,O48336,U23344,P56,2026-05-28 12:54:33,3,9725.09,2945.27,130.24,4721.4,29175.27,26230.0,Wallet,Completed
f05decff-45e7-4a4a-9019-0b81ba74d299,2026_W22,O48337,U15318,P188,2026-05-28 21:32:43,1,3237.34,217.64,147.68,543.55,3237.34,3019.7000000000003,Wallet,Completed
f05decff-45e7-4a4a-9019-0b81ba74d299,2026_W22,O48338,U15375,P161,2026-05-30 23:42:11,2,5474.81,869.55,125.14,1814.41,10949.62,10080.070000000002,Debit Card,Completed
f05decff-45e7-4a4a-9019-0b81ba74d299,2026_W22,O48339,U27655,P148,2026-05-28 02:06:16,1,2017.95,227.61,129.64,322.26,2017.95,1790.3400000000001,Credit Card,Completed
f05decff-45e7-4a4a-9019-0b81ba74d299,2026_W22,O48340,U17406,P84,2026-05-30 16:28:10,4,8271.97,259.7,121.69,5909.07,33087.88,32828.18,Debit Card,Completed
f05decff-45e7-4a4a-9019-0b81ba74d299,2026_W22,O48341,U34306,P99,2026-05-31 13:20:03,1,4457.11,208.96,188.01,764.67,4457.11,4248.15,Wallet,Completed
f05decff-45e7-4a4a-9019-0b81ba74d299,2026_W22,O48342,U4549,P150,2026-05-31 11:37:19,4,7278.62,1987.36,194.83,4882.88,29114.48,27127.12,Wallet,Completed
f05decff-45e7-4a4a-9019-0b81ba74d299,2026_W22,O48343,U34552,P102,2026-05-28 22:21:57,4,3001.78,1129.32,52.74,1958.0,12007.12,10877.800000000001,Wallet,Completed
f05decff-45e7-4a4a-9019-0b81ba74d299,2026_W22,O48344,U26740,P79,2026-05-27 04:29:58,2,2810.31,812.99,125.03,865.37,5620.62,4807.63,UPI,Completed
f05decff-45e7-4a4a-9019-0b81ba74d299,2026_W22,O48345,U26589,P6,2026-05-27 20:50:54,4,7042.99,2070.9,56.5,4698.19,28171.96,26101.059999999998,Debit Card,Completed
f05decff-45e7-4a4a-9019-0b81ba74d299,2026_W22,O48346,U6828,P173,2026-05-30 17:32:26,1,4326.87,273.98,78.1,729.52,4326.87,4052.89,UPI,Completed
f05decff-45e7-4a4a-9019-0b81ba74d299,2026_W22,O48347,U6730,P157,2026-05-28 04:37:07,3,5290.96,625.08,171.47,2744.6,15872.880000000001,15247.800000000001,Debit Card,Completed
f05decff-45e7-4a4a-9019-0b81ba74d299,2026_W22,O48348,U878,P146,2026-05-30 23:28:03,4,4559.37,1328.06,177.49,3043.7,18237.48,16909.42,UPI,Completed
f05decff-45e7-4a4a-9019-0b81ba74d299,2026_W22,O48349,U4717,P157,2026-05-25 23:45:41,4,5290.96,2239.23,161.66,3406.43,21163.84,18924.61,Wallet,Completed
f05decff-45e7-4a4a-9019-0b81ba74d299,2026_W22,O48350,U1768,P180,2026-05-31 06:48:35,2,6781.04,1527.89,151.55,2166.15,13562.08,12034.19,UPI,Completed
f05decff-45e7-4a4a-9019-0b81ba74d299,2026_W22,O48351,U33722,P65,2026-05-27 10:48:50,1,1802.09,156.06,136.61,296.29,1802.09,1646.03,Wallet,Completed
f05decff-45e7-4a4a-9019-0b81ba74d299,2026_W22,O48352,U26371,P81,2026-05-27 08:24:28,1,1659.37,148.8,74.03,271.9,1659.37,1510.57,Debit Card,Completed
f05decff-45e7-4a4a-9019-0b81ba74d299,2026_W22,O48353,U14321,P167,2026-05-30 05:45:26,2,6729.0,1595.23,152.59,2135.3,13458.0,11862.77,Debit Card,Completed
f05decff-45e7-4a4a-9019-0b81ba74d299,2026_W22,O48354,U26766,P58,2026-05-29 10:43:35,3,2716.51,651.59,58.32,1349.63,8149.530000000001,7497.9400000000005,UPI,Completed
f05decff-45e7-4a4a-9019-0b81ba74d299,2026_W22,O48355,U20351,P57,2026-05-31 04:38:19,4,3408.89,1049.91,62.52,2265.42,13635.56,12585.65,Credit Card,Completed
f05decff-45e7-4a4a-9019-0b81ba74d299,2026_W22,O48356,U16871,P77,2026-05-28 18:28:33,4,6432.15,254.76,183.4,4585.29,25728.6,25473.84,Credit Card,Completed
f05decff-45e7-4a4a-9019-0b81ba74d299,2026_W22,O48357,U33367,P24,2026-05-25 23:36:06,2,4886.78,159.32,104.63,1730.56,9773.56,9614.24,Debit Card,Completed
f05decff-45e7-4a4a-9019-0b81ba74d299,2026_W22,O48358,U3692,P73,2026-05-28 04:05:57,4,10930.99,5189.28,142.0,6936.24,43723.96,38534.68,Credit Card,Completed
f05decff-45e7-4a4a-9019-0b81ba74d299,2026_W22,O48359,U13795,P152,2026-05-31 05:48:52,3,1970.06,166.98,134.56,1033.78,5910.18,5743.200000000001,UPI,Completed
f05decff-45e7-4a4a-9019-0b81ba74d299,2026_W22,O48360,U33910,P46,2026-05-28 22:40:18,1,7595.79,917.88,51.75,1202.02,7595.79,6677.91,Debit Card,Completed
f05decff-45e7-4a4a-9019-0b81ba74d299,2026_W22,O48361,U16497,P98,2026-05-28 00:23:57,3,3365.14,325.94,171.41,1758.51,10095.42,9769.48,Credit Card,Completed
f05decff-45e7-4a4a-9019-0b81ba74d299,2026_W22,O48362,U29252,P180,2026-05-30 17:01:24,4,6781.04,2731.94,54.65,4390.6,27124.16,24392.22,UPI,Completed
f05decff-45e7-4a4a-9019-0b81ba74d299,2026_W22,O48363,U10526,P181,2026-05-31 05:00:23,1,8581.69,581.55,59.61,1440.03,8581.69,8000.14,UPI,Completed
f05decff-45e7-4a4a-9019-0b81ba74d299,2026_W22,O48364,U10163,P114,2026-05-31 17:02:25,4,4373.67,1445.33,92.86,2888.88,17494.68,16049.35,Credit Card,Completed
f05decff-45e7-4a4a-9019-0b81ba74d299,2026_W22,O48365,U25432,P114,2026-05-26 20:37:14,2,4373.67,541.07,132.69,1477.13,8747.34,8206.27,Debit Card,Completed
f05decff-45e7-4a4a-9019-0b81ba74d299,2026_W22,O48366,U34206,P92,2026-05-30 10:56:16,4,7099.99,1154.46,66.73,4904.19,28399.96,27245.5,UPI,Completed
f05decff-45e7-4a4a-9019-0b81ba74d299,2026_W22,O48367,U29877,P8,2026-05-31 12:21:37,3,7997.84,1210.63,61.04,4100.92,23993.52,22782.89,Debit Card,Completed
f05decff-45e7-4a4a-9019-0b81ba74d299,2026_W22,O48368,U7361,P157,2026-05-29 23:42:44,3,5290.96,2333.48,185.51,2437.09,15872.880000000001,13539.400000000001,Credit Card,Completed
f05decff-45e7-4a4a-9019-0b81ba74d299,2026_W22,O48369,U14215,P79,2026-05-29 09:24:29,3,2810.31,369.87,109.29,1450.99,8430.93,8061.06,Wallet,Completed
f05decff-45e7-4a4a-9019-0b81ba74d299,2026_W22,O48370,U12957,P198,2026-05-30 10:04:35,1,8888.97,42.28,64.85,1592.4,8888.97,8846.689999999999,Debit Card,Completed
f05decff-45e7-4a4a-9019-0b81ba74d299,2026_W22,O48371,U26223,P68,2026-05-29 06:02:59,3,10947.39,1843.87,122.41,5579.69,32842.17,30998.3,UPI,Completed
f05decff-45e7-4a4a-9019-0b81ba74d299,2026_W22,O48372,U9337,P118,2026-05-31 03:15:41,3,5463.26,479.63,179.19,2863.83,16389.78,15910.15,UPI,Completed
f05decff-45e7-4a4a-9019-0b81ba74d299,2026_W22,O48373,U5147,P83,2026-05-29 18:13:24,2,5070.2,1221.99,156.94,1605.31,10140.4,8918.41,UPI,Completed
f05decff-45e7-4a4a-9019-0b81ba74d299,2026_W22,O48374,U14817,P199,2026-05-29 06:10:05,2,10122.76,1242.43,121.09,3420.56,20245.52,19003.09,UPI,Completed
f05decff-45e7-4a4a-9019-0b81ba74d299,2026_W22,O48375,U33358,P195,2026-05-26 22:11:12,2,3603.97,827.89,61.13,1148.41,7207.94,6380.049999999999,Credit Card,Completed
f05decff-45e7-4a4a-9019-0b81ba74d299,2026_W22,O48376,U3988,P176,2026-05-30 09:44:51,3,3628.75,1436.58,136.46,1700.94,10886.25,9449.67,Debit Card,Completed
f05decff-45e7-4a4a-9019-0b81ba74d299,2026_W22,O48377,U28735,P190,2026-05-29 13:03:53,4,10065.15,2602.05,93.41,6778.54,40260.6,37658.549999999996,UPI,Completed
f05decff-45e7-4a4a-9019-0b81ba74d299,2026_W22,O48378,U31108,P80,2026-05-28 21:17:55,4,7227.02,2754.24,182.15,4707.69,28908.08,26153.840000000004,Credit Card,Completed
f05decff-45e7-4a4a-9019-0b81ba74d299,2026_W22,O48379,U18311,P105,2026-05-31 08:38:27,3,7337.42,1515.57,180.94,3689.4,22012.260000000002,20496.690000000002,Debit Card,Completed
f05decff-45e7-4a4a-9019-0b81ba74d299,2026_W22,O48380,U14161,P50,2026-05-27 09:27:16,1,2033.45,76.45,73.34,352.26,2033.45,1957.0,UPI,Completed
f05decff-45e7-4a4a-9019-0b81ba74d299,2026_W22,O48381,U12191,P174,2026-05-28 08:54:08,1,3233.65,382.35,162.81,513.23,3233.65,2851.3,Wallet,Completed
f05decff-45e7-4a4a-9019-0b81ba74d299,2026_W22,O48382,U17806,P77,2026-05-31 00:59:14,1,6432.15,773.95,67.43,1018.48,6432.15,5658.2,Debit Card,Completed
f05decff-45e7-4a4a-9019-0b81ba74d299,2026_W22,O48383,U15008,P94,2026-05-29 17:14:59,4,4145.07,2440.26,184.73,2545.2,16580.28,14140.019999999999,Debit Card,Completed
f05decff-45e7-4a4a-9019-0b81ba74d299,2026_W22,O48384,U28775,P196,2026-05-29 09:52:41,3,7726.11,2638.52,165.43,3697.17,23178.329999999998,20539.809999999998,Credit Card,Completed
f05decff-45e7-4a4a-9019-0b81ba74d299,2026_W22,O48385,U1738,P190,2026-05-29 11:58:12,1,10065.15,850.93,191.1,1658.56,10065.15,9214.22,UPI,Completed
f05decff-45e7-4a4a-9019-0b81ba74d299,2026_W22,O48386,U32400,P109,2026-05-28 05:23:42,2,5251.93,783.35,57.39,1749.69,10503.86,9720.51,Debit Card,Completed
f05decff-45e7-4a4a-9019-0b81ba74d299,2026_W22,O48387,U28349,P9,2026-05-29 14:51:17,3,5369.05,1260.51,100.45,2672.4,16107.150000000001,14846.640000000001,UPI,Completed
f05decff-45e7-4a4a-9019-0b81ba74d299,2026_W22,O48388,U23379,P45,2026-05-27 15:18:30,3,7618.9,1938.76,165.83,3765.23,22856.699999999997,20917.94,Wallet,Completed
f05decff-45e7-4a4a-9019-0b81ba74d299,2026_W22,O48389,U3885,P75,2026-05-30 05:33:00,1,3046.83,455.39,193.08,466.46,3046.83,2591.44,Credit Card,Completed
f05decff-45e7-4a4a-9019-0b81ba74d299,2026_W22,O48390,U2110,P40,2026-05-28 23:25:38,3,4177.53,298.71,86.52,2202.1,12532.59,12233.880000000001,Debit Card,Completed
f05decff-45e7-4a4a-9019-0b81ba74d299,2026_W22,O48391,U24200,P163,2026-05-30 10:53:06,3,2156.08,739.32,80.84,1031.21,6468.24,5728.92,Credit Card,Completed
f05decff-45e7-4a4a-9019-0b81ba74d299,2026_W22,O48392,U13590,P192,2026-05-25 22:56:56,4,8471.85,2280.3,102.83,5689.28,33887.4,31607.100000000002,Debit Card,Completed
f05decff-45e7-4a4a-9019-0b81ba74d299,2026_W22,O48393,U20569,P55,2026-05-31 19:53:52,2,10434.9,2478.7,143.64,3310.4,20869.8,18391.1,UPI,Completed
f05decff-45e7-4a4a-9019-0b81ba74d299,2026_W22,O48394,U26292,P61,2026-05-31 19:42:54,1,7261.62,615.75,183.46,1196.26,7261.62,6645.87,Wallet,Completed
f05decff-45e7-4a4a-9019-0b81ba74d299,2026_W22,O48395,U17671,P120,2026-05-29 03:42:33,1,8125.66,399.91,112.92,1390.64,8125.66,7725.75,Credit Card,Completed
f05decff-45e7-4a4a-9019-0b81ba74d299,2026_W22,O48396,U27,P64,2026-05-27 13:28:39,3,5141.6,1393.57,53.99,2525.62,15424.800000000001,14031.230000000001,Debit Card,Completed
f05decff-45e7-4a4a-9019-0b81ba74d299,2026_W22,O48397,U7500,P94,2026-05-31 02:32:54,1,4145.07,579.95,159.06,641.72,4145.07,3565.12,Credit Card,Completed
f05decff-45e7-4a4a-9019-0b81ba74d299,2026_W22,O48398,U10616,P59,2026-05-29 15:32:35,4,4892.96,8.6,82.11,3521.38,19571.84,19563.24,Wallet,Completed
f05decff-45e7-4a4a-9019-0b81ba74d299,2026_W22,O48399,U29667,P40,2026-05-29 02:55:06,3,4177.53,1048.31,92.45,2067.17,12532.59,11484.28,Credit Card,Completed
f05decff-45e7-4a4a-9019-0b81ba74d299,2026_W22,O48400,U30630,P87,2026-05-29 14:25:11,3,7395.64,2387.85,55.46,3563.83,22186.920000000002,19799.070000000003,Debit Card,Completed
f05decff-45e7-4a4a-9019-0b81ba74d299,2026_W22,O48401,U23319,P45,2026-05-28 22:49:49,3,7618.9,1073.85,193.29,3920.91,22856.699999999997,21782.85,Wallet,Completed
f05decff-45e7-4a4a-9019-0b81ba74d299,2026_W22,O48402,U615,P12,2026-05-28 04:33:20,2,7089.88,1516.3,153.83,2279.42,14179.76,12663.460000000001,UPI,Completed
f05decff-45e7-4a4a-9019-0b81ba74d299,2026_W22,O48403,U25069,P149,2026-05-29 21:16:25,2,7089.62,59.14,112.24,2541.62,14179.24,14120.1,Wallet,Completed
f05decff-45e7-4a4a-9019-0b81ba74d299,2026_W22,O48404,U13668,P5,2026-05-30 05:56:39,3,5785.73,2218.02,109.03,2725.05,17357.19,15139.169999999998,Wallet,Completed
f05decff-45e7-4a4a-9019-0b81ba74d299,2026_W22,O48405,U3132,P40,2026-05-31 16:05:53,4,4177.53,1487.22,101.4,2740.12,16710.12,15222.9,Debit Card,Completed
f05decff-45e7-4a4a-9019-0b81ba74d299,2026_W22,O48406,U29122,P4,2026-05-31 05:22:22,3,11646.79,2055.8,164.39,5919.22,34940.37,32884.57,Credit Card,Completed
f05decff-45e7-4a4a-9019-0b81ba74d299,2026_W22,O48407,U11682,P123,2026-05-26 04:15:24,2,2425.48,57.42,156.58,862.84,4850.96,4793.54,Credit Card,Completed
f05decff-45e7-4a4a-9019-0b81ba74d299,2026_W22,O48408,U11775,P118,2026-05-27 05:56:32,2,5463.26,1399.88,180.49,1714.8,10926.52,9526.64,Credit Card,Completed
f05decff-45e7-4a4a-9019-0b81ba74d299,2026_W22,O48409,U12289,P69,2026-05-26 18:47:48,3,5881.18,209.11,61.48,3138.2,17643.54,17434.43,Wallet,Completed
f05decff-45e7-4a4a-9019-0b81ba74d299,2026_W22,O48410,U32257,P192,2026-05-30 18:53:14,1,8471.85,789.48,179.91,1382.83,8471.85,7682.370000000001,Debit Card,Completed
f05decff-45e7-4a4a-9019-0b81ba74d299,2026_W22,O48411,U22376,P52,2026-05-29 22:47:42,1,4538.36,219.16,181.53,777.46,4538.36,4319.2,UPI,Completed
f05decff-45e7-4a4a-9019-0b81ba74d299,2026_W22,O48412,U29461,P110,2026-05-29 06:45:03,3,1984.17,671.16,67.43,950.64,5952.51,5281.35,UPI,Completed
f05decff-45e7-4a4a-9019-0b81ba74d299,2026_W22,O48413,U2280,P199,2026-05-31 08:58:52,4,10122.76,5068.62,118.95,6376.04,40491.04,35422.42,Credit Card,Completed
f05decff-45e7-4a4a-9019-0b81ba74d299,2026_W22,O48414,U29598,P141,2026-05-29 11:28:21,2,6658.31,845.35,165.95,2244.83,13316.62,12471.27,Debit Card,Completed
f05decff-45e7-4a4a-9019-0b81ba74d299,2026_W22,O48415,U9532,P72,2026-05-27 18:22:21,1,8163.39,492.83,184.25,1380.7,8163.39,7670.56,Debit Card,Completed
f05decff-45e7-4a4a-9019-0b81ba74d299,2026_W22,O48416,U11010,P119,2026-05-28 19:04:37,3,10133.79,4425.17,121.02,4675.72,30401.370000000003,25976.200000000004,Wallet,Completed
f05decff-45e7-4a4a-9019-0b81ba74d299,2026_W22,O48417,U31783,P165,2026-05-26 23:23:28,4,4063.67,258.26,101.61,2879.36,16254.68,15996.42,Debit Card,Completed
f05decff-45e7-4a4a-9019-0b81ba74d299,2026_W22,O48418,U5837,P133,2026-05-28 07:09:15,1,7230.51,214.3,145.94,1262.92,7230.51,7016.21,Debit Card,Completed
f05decff-45e7-4a4a-9019-0b81ba74d299,2026_W22,O48419,U32273,P138,2026-05-27 05:53:41,2,5599.95,851.49,94.83,1862.71,11199.9,10348.41,UPI,Completed
f05decff-45e7-4a4a-9019-0b81ba74d299,2026_W22,O48420,U42,P141,2026-05-28 01:22:03,4,6658.31,3897.25,70.54,4092.48,26633.24,22735.99,Debit Card,Completed
f05decff-45e7-4a4a-9019-0b81ba74d299,2026_W22,O48421,U30231,P93,2026-05-29 11:36:05,1,5224.43,783.44,92.8,799.38,5224.43,4440.99,UPI,Completed
f05decff-45e7-4a4a-9019-0b81ba74d299,2026_W22,O48422,U13688,P73,2026-05-31 14:58:15,4,10930.99,3837.37,139.61,7179.59,43723.96,39886.59,Credit Card,Completed
f05decff-45e7-4a4a-9019-0b81ba74d299,2026_W22,O48423,U21116,P26,2026-05-28 22:13:54,1,8687.74,618.88,159.17,1452.39,8687.74,8068.86,Debit Card,Completed
f05decff-45e7-4a4a-9019-0b81ba74d299,2026_W22,O48424,U30744,P148,2026-05-30 04:19:08,3,2017.95,474.33,58.75,1004.31,6053.85,5579.52,Debit Card,Completed
f05decff-45e7-4a4a-9019-0b81ba74d299,2026_W22,O48425,U19351,P97,2026-05-27 05:56:21,4,5383.07,1064.46,69.72,3684.21,21532.28,20467.82,Wallet,Completed
f05decff-45e7-4a4a-9019-0b81ba74d299,2026_W22,O48426,U12469,P199,2026-05-27 02:39:30,3,10122.76,3476.97,175.33,4840.44,30368.28,26891.309999999998,Credit Card,Completed
f05decff-45e7-4a4a-9019-0b81ba74d299,2026_W22,O48427,U21532,P103,2026-05-30 09:29:52,3,5314.76,555.8,170.29,2769.93,15944.28,15388.480000000001,UPI,Completed
f05decff-45e7-4a4a-9019-0b81ba74d299,2026_W22,O48428,U22733,P77,2026-05-30 20:19:20,4,6432.15,620.17,141.42,4519.52,25728.6,25108.43,UPI,Completed
f05decff-45e7-4a4a-9019-0b81ba74d299,2026_W22,O48429,U15545,P168,2026-05-30 21:39:32,3,4263.52,450.17,84.37,2221.27,12790.560000000001,12340.390000000001,Wallet,Completed
f05decff-45e7-4a4a-9019-0b81ba74d299,2026_W22,O48430,U7579,P74,2026-05-27 18:36:31,3,8026.5,299.04,144.94,4280.48,24079.5,23780.46,Credit Card,Completed
f05decff-45e7-4a4a-9019-0b81ba74d299,2026_W22,O48431,U15323,P187,2026-05-30 02:19:12,1,4000.12,424.88,111.2,643.54,4000.12,3575.24,UPI,Completed
f05decff-45e7-4a4a-9019-0b81ba74d299,2026_W22,O48432,U32400,P156,2026-05-27 13:54:38,4,2183.92,872.83,53.49,1415.31,8735.68,7862.85,Credit Card,Completed
f05decff-45e7-4a4a-9019-0b81ba74d299,2026_W22,O48433,U12453,P106,2026-05-29 17:37:57,3,5172.75,1046.9,96.1,2604.84,15518.25,14471.35,Debit Card,Completed
f05decff-45e7-4a4a-9019-0b81ba74d299,2026_W22,O48434,U32417,P60,2026-05-29 08:15:12,4,3458.47,1761.58,196.12,2173.01,13833.88,12072.3,Wallet,Completed
f05decff-45e7-4a4a-9019-0b81ba74d299,2026_W22,O48435,U27177,P142,2026-05-28 21:42:05,3,4531.33,1904.7,73.33,2104.07,13593.99,11689.289999999999,Credit Card,Completed
f05decff-45e7-4a4a-9019-0b81ba74d299,2026_W22,O48436,U20067,P116,2026-05-28 13:15:04,3,4661.13,734.14,100.98,2384.86,13983.39,13249.25,UPI,Completed
f05decff-45e7-4a4a-9019-0b81ba74d299,2026_W22,O48437,U11276,P166,2026-05-28 12:34:20,4,8475.87,1337.56,182.93,5861.87,33903.48,32565.920000000002,Credit Card,Completed
f05decff-45e7-4a4a-9019-0b81ba74d299,2026_W22,O48438,U3240,P14,2026-05-29 07:45:14,2,4944.6,113.28,128.12,1759.67,9889.2,9775.92,Debit Card,Completed
f05decff-45e7-4a4a-9019-0b81ba74d299,2026_W22,O48439,U2770,P54,2026-05-30 05:28:20,3,5968.84,1841.54,59.39,2891.7,17906.52,16064.98,Debit Card,Completed
f05decff-45e7-4a4a-9019-0b81ba74d299,2026_W22,O48440,U15001,P46,2026-05-29 13:33:19,4,7595.79,3399.87,131.4,4856.99,30383.16,26983.29,Debit Card,Completed
f05decff-45e7-4a4a-9019-0b81ba74d299,2026_W22,O48441,U13197,P180,2026-05-30 14:49:05,4,6781.04,2224.0,55.83,4482.03,27124.16,24900.16,UPI,Completed
f05decff-45e7-4a4a-9019-0b81ba74d299,2026_W22,O48442,U13795,P117,2026-05-25 22:18:23,1,3717.32,34.09,190.88,662.98,3717.32,3683.23,UPI,Completed
f05decff-45e7-4a4a-9019-0b81ba74d299,2026_W22,O48443,U10242,P116,2026-05-28 07:13:37,4,4661.13,531.32,125.08,3260.38,18644.52,18113.2,Credit Card,Completed
f05decff-45e7-4a4a-9019-0b81ba74d299,2026_W22,O48444,U30396,P29,2026-05-31 08:22:36,4,7432.15,1359.35,166.85,5106.46,29728.6,28369.25,Debit Card,Completed
f05decff-45e7-4a4a-9019-0b81ba74d299,2026_W22,O48445,U31877,P64,2026-05-26 18:56:51,4,5141.6,91.86,94.18,3685.42,20566.4,20474.54,Credit Card,Completed
f05decff-45e7-4a4a-9019-0b81ba74d299,2026_W22,O48446,U9460,P107,2026-05-26 16:38:26,1,3660.65,375.05,180.66,591.41,3660.65,3285.6,Credit Card,Completed
f05decff-45e7-4a4a-9019-0b81ba74d299,2026_W22,O48447,U26218,P26,2026-05-30 15:21:01,1,8687.74,939.67,54.03,1394.65,8687.74,7748.07,Debit Card,Completed
f05decff-45e7-4a4a-9019-0b81ba74d299,2026_W22,O48448,U11714,P46,2026-05-30 02:24:01,4,7595.79,4024.17,166.36,4744.62,30383.16,26358.989999999998,Credit Card,Completed
f05decff-45e7-4a4a-9019-0b81ba74d299,2026_W22,O48449,U14935,P28,2026-05-26 22:53:06,2,3349.46,631.81,136.81,1092.08,6698.92,6067.110000000001,UPI,Completed
f05decff-45e7-4a4a-9019-0b81ba74d299,2026_W22,O48450,U14087,P115,2026-05-29 01:10:55,3,8486.85,1832.28,59.26,4253.09,25460.550000000003,23628.270000000004,UPI,Completed
f05decff-45e7-4a4a-9019-0b81ba74d299,2026_W22,O48451,U9258,P60,2026-05-31 15:06:40,4,3458.47,512.11,195.18,2397.92,13833.88,13321.769999999999,Credit Card,Completed
f05decff-45e7-4a4a-9019-0b81ba74d299,2026_W22,O48452,U30323,P39,2026-05-26 10:01:08,1,5048.64,12.81,130.57,906.45,5048.64,5035.83,UPI,Completed
f05decff-45e7-4a4a-9019-0b81ba74d299,2026_W22,O48453,U11905,P141,2026-05-28 07:31:04,1,6658.31,525.82,147.68,1103.85,6658.31,6132.490000000001,Wallet,Completed
f05decff-45e7-4a4a-9019-0b81ba74d299,2026_W22,O48454,U29461,P53,2026-05-26 23:55:59,4,8018.26,3658.11,114.21,5114.69,32073.04,28414.93,Debit Card,Completed
f05decff-45e7-4a4a-9019-0b81ba74d299,2026_W22,O48455,U21506,P180,2026-05-28 11:26:28,3,6781.04,2098.17,101.8,3284.09,20343.12,18244.949999999997,UPI,Completed
f05decff-45e7-4a4a-9019-0b81ba74d299,2026_W22,O48456,U25754,P101,2026-05-26 08:48:26,4,2760.68,1430.53,172.51,1730.19,11042.72,9612.189999999999,UPI,Completed
f05decff-45e7-4a4a-9019-0b81ba74d299,2026_W22,O48457,U17026,P181,2026-05-26 03:52:19,2,8581.69,1214.69,179.04,2870.76,17163.38,15948.69,UPI,Completed
f05decff-45e7-4a4a-9019-0b81ba74d299,2026_W22,O48458,U3071,P20,2026-05-26 06:44:22,2,6465.0,1104.38,143.75,2128.61,12930.0,11825.619999999999,Wallet,Completed
f05decff-45e7-4a4a-9019-0b81ba74d299,2026_W22,O48459,U4270,P192,2026-05-26 02:54:07,2,8471.85,2464.93,180.58,2606.18,16943.7,14478.77,Wallet,Completed
f05decff-45e7-4a4a-9019-0b81ba74d299,2026_W22,O48460,U8405,P128,2026-05-30 02:36:17,3,3133.44,713.57,175.35,1563.62,9400.32,8686.75,Credit Card,Completed
f05decff-45e7-4a4a-9019-0b81ba74d299,2026_W22,O48461,U3528,P59,2026-05-29 02:26:11,4,4892.96,2122.0,173.38,3140.97,19571.84,17449.84,Debit Card,Completed
f05decff-45e7-4a4a-9019-0b81ba74d299,2026_W22,O48462,U27146,P163,2026-05-29 18:57:08,1,2156.08,88.36,106.37,372.19,2156.08,2067.72,UPI,Completed
f05decff-45e7-4a4a-9019-0b81ba74d299,2026_W22,O48463,U2742,P187,2026-05-29 18:14:06,4,4000.12,482.56,168.96,2793.23,16000.48,15517.92,Wallet,Completed
f05decff-45e7-4a4a-9019-0b81ba74d299,2026_W22,O48464,U31627,P87,2026-05-29 08:57:21,2,7395.64,975.13,85.79,2486.91,14791.28,13816.150000000001,UPI,Completed
f05decff-45e7-4a4a-9019-0b81ba74d299,2026_W22,O48465,U19956,P130,2026-05-28 06:05:19,2,11039.76,2075.56,53.03,3600.71,22079.52,20003.96,Credit Card,Completed
f05decff-45e7-4a4a-9019-0b81ba74d299,2026_W22,O48466,U27626,P29,2026-05-26 15:27:19,2,7432.15,1260.06,109.5,2448.76,14864.3,13604.24,UPI,Completed
f05decff-45e7-4a4a-9019-0b81ba74d299,2026_W22,O48467,U15477,P199,2026-05-27 18:42:44,3,10122.76,4331.65,88.08,4686.59,30368.28,26036.629999999997,Wallet,Completed
f05decff-45e7-4a4a-9019-0b81ba74d299,2026_W22,O48468,U27912,P94,2026-05-27 07:22:10,1,4145.07,519.0,112.15,652.69,4145.07,3626.0699999999997,Debit Card,Completed
f05decff-45e7-4a4a-9019-0b81ba74d299,2026_W22,O48469,U17080,P101,2026-05-30 15:52:29,3,2760.68,1036.1,51.38,1304.27,8282.039999999999,7245.939999999999,UPI,Completed
f05decff-45e7-4a4a-9019-0b81ba74d299,2026_W22,O48470,U23261,P15,2026-05-31 19:17:53,2,2472.77,411.72,177.78,816.09,4945.54,4533.82,Credit Card,Completed
f05decff-45e7-4a4a-9019-0b81ba74d299,2026_W22,O48471,U15998,P92,2026-05-29 00:05:23,1,7099.99,48.66,173.7,1269.24,7099.99,7051.33,Credit Card,Completed
f05decff-45e7-4a4a-9019-0b81ba74d299,2026_W22,O48472,U19242,P90,2026-05-30 16:53:14,4,6467.75,299.84,53.6,4602.81,25871.0,25571.16,UPI,Completed
f05decff-45e7-4a4a-9019-0b81ba74d299,2026_W22,O48473,U771,P144,2026-05-28 22:39:15,2,1737.47,400.27,54.67,553.44,3474.94,3074.67,Credit Card,Completed
f05decff-45e7-4a4a-9019-0b81ba74d299,2026_W22,O48474,U33008,P16,2026-05-30 22:06:53,2,4498.86,585.99,138.51,1514.11,8997.72,8411.73,Credit Card,Completed
f05decff-45e7-4a4a-9019-0b81ba74d299,2026_W22,O48475,U27704,P199,2026-05-27 14:40:57,1,10122.76,213.17,186.4,1783.73,10122.76,9909.59,Wallet,Completed
f05decff-45e7-4a4a-9019-0b81ba74d299,2026_W22,O48476,U13502,P119,2026-05-28 21:03:38,1,10133.79,207.99,71.35,1786.64,10133.79,9925.800000000001,Debit Card,Completed
f05decff-45e7-4a4a-9019-0b81ba74d299,2026_W22,O48477,U4717,P128,2026-05-28 04:45:49,1,3133.44,47.97,182.31,555.38,3133.44,3085.4700000000003,Credit Card,Completed
f05decff-45e7-4a4a-9019-0b81ba74d299,2026_W22,O48478,U9544,P105,2026-05-29 15:54:57,2,7337.42,246.08,58.42,2597.18,14674.84,14428.76,Debit Card,Completed
f05decff-45e7-4a4a-9019-0b81ba74d299,2026_W22,O48479,U30545,P116,2026-05-31 03:42:36,4,4661.13,1857.09,135.41,3021.74,18644.52,16787.43,UPI,Completed
f05decff-45e7-4a4a-9019-0b81ba74d299,2026_W22,O48480,U1559,P112,2026-05-27 04:47:19,4,4659.89,1954.33,107.37,3003.34,18639.56,16685.230000000003,UPI,Completed
f05decff-45e7-4a4a-9019-0b81ba74d299,2026_W22,O48481,U16855,P162,2026-05-31 21:23:19,2,5576.16,1266.73,62.95,1779.41,11152.32,9885.59,UPI,Completed
f05decff-45e7-4a4a-9019-0b81ba74d299,2026_W22,O48482,U12519,P166,2026-05-31 00:15:13,2,8475.87,1624.61,126.84,2758.88,16951.74,15327.130000000001,UPI,Completed
f05decff-45e7-4a4a-9019-0b81ba74d299,2026_W22,O48483,U4239,P139,2026-05-27 15:05:58,4,7513.32,3057.68,78.6,4859.21,30053.28,26995.6,Credit Card,Completed
f05decff-45e7-4a4a-9019-0b81ba74d299,2026_W22,O48484,U4249,P195,2026-05-29 23:53:04,4,3603.97,745.15,51.52,2460.73,14415.88,13670.73,UPI,Completed
f05decff-45e7-4a4a-9019-0b81ba74d299,2026_W22,O48485,U18380,P126,2026-05-27 19:01:12,1,7171.16,987.05,92.03,1113.14,7171.16,6184.11,Wallet,Completed
f05decff-45e7-4a4a-9019-0b81ba74d299,2026_W22,O48486,U15055,P62,2026-05-30 06:40:57,4,2150.19,440.86,107.02,1468.78,8600.76,8159.900000000001,Wallet,Completed
f05decff-45e7-4a4a-9019-0b81ba74d299,2026_W22,O48487,U17015,P149,2026-05-29 16:51:58,1,7089.62,464.72,170.21,1192.48,7089.62,6624.9,Wallet,Completed
f05decff-45e7-4a4a-9019-0b81ba74d299,2026_W22,O48488,U9673,P162,2026-05-27 17:04:05,1,5576.16,338.25,137.72,942.82,5576.16,5237.91,Wallet,Completed
f05decff-45e7-4a4a-9019-0b81ba74d299,2026_W22,O48489,U22493,P129,2026-05-30 23:18:46,3,5625.8,270.86,192.34,2989.18,16877.4,16606.54,Debit Card,Completed
f05decff-45e7-4a4a-9019-0b81ba74d299,2026_W22,O48490,U33312,P64,2026-05-26 10:41:28,1,5141.6,230.62,147.75,883.98,5141.6,4910.9800000000005,UPI,Completed
f05decff-45e7-4a4a-9019-0b81ba74d299,2026_W22,O48491,U10242,P161,2026-05-30 15:38:49,1,5474.81,667.43,191.1,865.33,5474.81,4807.38,Debit Card,Completed
f05decff-45e7-4a4a-9019-0b81ba74d299,2026_W22,O48492,U19007,P71,2026-05-27 05:13:21,3,5001.28,518.16,146.89,2607.42,15003.84,14485.68,Credit Card,Completed
f05decff-45e7-4a4a-9019-0b81ba74d299,2026_W22,O48493,U18174,P141,2026-05-27 14:01:10,1,6658.31,853.01,51.62,1044.95,6658.31,5805.3,UPI,Completed
f05decff-45e7-4a4a-9019-0b81ba74d299,2026_W22,O48494,U28297,P113,2026-05-26 22:08:35,2,2934.32,330.61,119.9,996.85,5868.64,5538.030000000001,Debit Card,Completed
f05decff-45e7-4a4a-9019-0b81ba74d299,2026_W22,O48495,U8682,P27,2026-05-26 02:44:06,2,6106.97,847.98,168.96,2045.87,12213.94,11365.960000000001,Credit Card,Completed
f05decff-45e7-4a4a-9019-0b81ba74d299,2026_W22,O48496,U22751,P9,2026-05-27 11:00:56,1,5369.05,306.73,52.18,911.22,5369.05,5062.32,Credit Card,Completed
f05decff-45e7-4a4a-9019-0b81ba74d299,2026_W22,O48497,U3896,P126,2026-05-31 02:53:27,4,7171.16,1283.34,124.75,4932.23,28684.64,27401.3,Credit Card,Completed
f05decff-45e7-4a4a-9019-0b81ba74d299,2026_W22,O48498,U28318,P53,2026-05-28 08:23:58,2,8018.26,1283.59,63.48,2655.53,16036.52,14752.93,Credit Card,Completed
f05decff-45e7-4a4a-9019-0b81ba74d299,2026_W22,O48499,U6591,P170,2026-05-28 07:04:08,2,2744.23,512.09,152.68,895.75,5488.46,4976.37,Debit Card,Completed
f05decff-45e7-4a4a-9019-0b81ba74d299,2026_W22,O48500,U22235,P22,2026-05-29 11:59:55,4,6284.85,3074.3,142.47,3971.72,25139.4,22065.100000000002,Debit Card,Completed
f05decff-45e7-4a4a-9019-0b81ba74d299,2026_W22,O48501,U4259,P37,2026-05-25 23:59:45,4,9886.76,5909.39,151.1,6054.78,39547.04,33637.65,Debit Card,Completed
f05decff-45e7-4a4a-9019-0b81ba74d299,2026_W22,O48502,U30161,P148,2026-05-26 02:58:26,3,2017.95,130.12,78.73,1066.27,6053.85,5923.7300000000005,Wallet,Completed
f05decff-45e7-4a4a-9019-0b81ba74d299,2026_W22,O48503,U34347,P155,2026-05-26 07:25:40,3,8707.69,891.37,182.61,4541.71,26123.07,25231.7,Wallet,Completed
f05decff-45e7-4a4a-9019-0b81ba74d299,2026_W22,O48504,U4349,P90,2026-05-27 16:49:55,2,6467.75,1203.27,104.75,2111.8,12935.5,11732.23,Credit Card,Completed
f05decff-45e7-4a4a-9019-0b81ba74d299,2026_W22,O48505,U18927,P71,2026-05-27 09:29:05,4,5001.28,768.4,159.21,3462.61,20005.12,19236.719999999998,Credit Card,Completed
f05decff-45e7-4a4a-9019-0b81ba74d299,2026_W22,O48506,U18958,P200,2026-05-28 00:20:06,1,9143.2,573.37,58.41,1542.57,9143.2,8569.83,Debit Card,Completed
f05decff-45e7-4a4a-9019-0b81ba74d299,2026_W22,O48507,U15679,P172,2026-05-31 13:56:23,4,9925.52,968.97,135.88,6971.96,39702.08,38733.11,UPI,Completed
f05decff-45e7-4a4a-9019-0b81ba74d299,2026_W22,O48508,U530,P164,2026-05-29 23:52:36,3,7269.88,2554.96,170.67,3465.84,21809.64,19254.68,Credit Card,Completed
f05decff-45e7-4a4a-9019-0b81ba74d299,2026_W22,O48509,U6289,P28,2026-05-27 09:41:16,1,3349.46,99.43,183.71,585.01,3349.46,3250.03,UPI,Completed
f05decff-45e7-4a4a-9019-0b81ba74d299,2026_W22,O48510,U31877,P144,2026-05-28 04:21:42,2,1737.47,185.71,120.26,592.06,3474.94,3289.23,Wallet,Completed
f05decff-45e7-4a4a-9019-0b81ba74d299,2026_W22,O48511,U884,P170,2026-05-28 20:41:55,4,2744.23,1111.48,122.48,1775.78,10976.92,9865.44,Wallet,Completed
f05decff-45e7-4a4a-9019-0b81ba74d299,2026_W22,O48512,U31517,P14,2026-05-30 19:43:41,4,4944.6,1112.24,176.63,3359.91,19778.4,18666.16,UPI,Completed
f05decff-45e7-4a4a-9019-0b81ba74d299,2026_W22,O48513,U4055,P49,2026-05-28 12:38:51,4,4925.87,1834.86,182.64,3216.35,19703.48,17868.62,Debit Card,Completed
f05decff-45e7-4a4a-9019-0b81ba74d299,2026_W22,O48514,U13081,P77,2026-05-31 14:07:35,3,6432.15,2764.94,53.42,2975.67,19296.449999999997,16531.51,Debit Card,Completed
f05decff-45e7-4a4a-9019-0b81ba74d299,2026_W22,O48515,U11723,P136,2026-05-29 06:36:07,2,2314.22,167.19,125.82,803.02,4628.44,4461.25,UPI,Completed
f05decff-45e7-4a4a-9019-0b81ba74d299,2026_W22,O48516,U19285,P174,2026-05-30 08:07:43,3,3233.65,1280.61,60.68,1515.66,9700.95,8420.34,Debit Card,Completed
f05decff-45e7-4a4a-9019-0b81ba74d299,2026_W22,O48517,U34118,P194,2026-05-28 09:15:37,2,3163.97,497.68,135.15,1049.45,6327.94,5830.259999999999,Debit Card,Completed
f05decff-45e7-4a4a-9019-0b81ba74d299,2026_W22,O48518,U16524,P163,2026-05-29 14:30:56,1,2156.08,254.52,92.75,342.28,2156.08,1901.56,Debit Card,Completed
f05decff-45e7-4a4a-9019-0b81ba74d299,2026_W22,O48519,U7225,P45,2026-05-29 16:29:35,2,7618.9,581.13,197.52,2638.2,15237.8,14656.67,UPI,Completed
f05decff-45e7-4a4a-9019-0b81ba74d299,2026_W22,O48520,U13734,P155,2026-05-27 03:03:25,4,8707.69,3490.89,167.66,5641.18,34830.76,31339.870000000003,Debit Card,Completed
f05decff-45e7-4a4a-9019-0b81ba74d299,2026_W22,O48521,U4775,P5,2026-05-29 16:31:23,2,5785.73,314.7,79.65,2026.22,11571.46,11256.759999999998,Wallet,Completed
f05decff-45e7-4a4a-9019-0b81ba74d299,2026_W22,O48522,U19622,P27,2026-05-31 14:36:18,3,6106.97,2012.13,124.19,2935.58,18320.91,16308.779999999999,Wallet,Completed
f05decff-45e7-4a4a-9019-0b81ba74d299,2026_W22,O48523,U22439,P7,2026-05-29 21:11:22,4,8530.81,1219.96,143.06,5922.59,34123.24,32903.28,Debit Card,Completed
f05decff-45e7-4a4a-9019-0b81ba74d299,2026_W22,O48524,U20179,P198,2026-05-31 06:10:11,1,8888.97,85.4,122.31,1584.64,8888.97,8803.57,UPI,Completed
f05decff-45e7-4a4a-9019-0b81ba74d299,2026_W22,O48525,U6462,P80,2026-05-31 06:28:33,3,7227.02,1246.42,170.85,3678.24,21681.06,20434.64,Debit Card,Completed
f05decff-45e7-4a4a-9019-0b81ba74d299,2026_W22,O48526,U17969,P169,2026-05-28 11:46:17,1,3759.37,307.45,57.23,621.35,3759.37,3451.92,Debit Card,Completed
f05decff-45e7-4a4a-9019-0b81ba74d299,2026_W22,O48527,U11775,P71,2026-05-31 17:34:03,4,5001.28,706.61,124.41,3473.73,20005.12,19298.51,Wallet,Completed
f05decff-45e7-4a4a-9019-0b81ba74d299,2026_W22,O48528,U197,P141,2026-05-29 14:17:02,4,6658.31,3606.92,197.27,4144.74,26633.24,23026.32,UPI,Completed
f05decff-45e7-4a4a-9019-0b81ba74d299,2026_W22,O48529,U21672,P10,2026-05-28 10:03:36,3,6983.65,3133.98,122.08,3207.05,20950.949999999997,17816.969999999998,Wallet,Completed
f05decff-45e7-4a4a-9019-0b81ba74d299,2026_W22,O48530,U31296,P27,2026-05-27 05:58:50,1,6106.97,262.63,146.24,1051.98,6106.97,5844.34,Debit Card,Completed
f05decff-45e7-4a4a-9019-0b81ba74d299,2026_W22,O48531,U28269,P147,2026-05-31 03:31:32,2,2240.85,221.53,91.92,766.83,4481.7,4260.17,Wallet,Completed
f05decff-45e7-4a4a-9019-0b81ba74d299,2026_W22,O48532,U18901,P125,2026-05-31 14:51:07,3,5593.86,576.23,183.37,2916.96,16781.579999999998,16205.349999999999,Wallet,Completed
f05decff-45e7-4a4a-9019-0b81ba74d299,2026_W22,O48533,U34777,P55,2026-05-30 04:12:13,4,10434.9,87.32,105.68,7497.41,41739.6,41652.28,Credit Card,Completed
f05decff-45e7-4a4a-9019-0b81ba74d299,2026_W22,O48534,U19295,P24,2026-05-27 00:33:28,2,4886.78,1157.8,155.23,1550.84,9773.56,8615.76,Wallet,Completed
f05decff-45e7-4a4a-9019-0b81ba74d299,2026_W22,O48535,U3061,P42,2026-05-28 14:53:28,4,5949.92,3352.31,173.93,3680.53,23799.68,20447.37,Wallet,Completed
f05decff-45e7-4a4a-9019-0b81ba74d299,2026_W22,O48536,U25051,P46,2026-05-29 12:51:51,4,7595.79,1410.3,52.86,5215.11,30383.16,28972.86,Debit Card,Completed
f05decff-45e7-4a4a-9019-0b81ba74d299,2026_W22,O48537,U26585,P143,2026-05-29 19:21:05,3,6038.03,2183.07,69.05,2867.58,18114.09,15931.02,Credit Card,Completed
f05decff-45e7-4a4a-9019-0b81ba74d299,2026_W22,O48538,U25070,P11,2026-05-26 13:47:13,2,4897.66,559.35,197.05,1662.47,9795.32,9235.97,Wallet,Completed
f05decff-45e7-4a4a-9019-0b81ba74d299,2026_W22,O48539,U10458,P115,2026-05-26 12:45:39,2,8486.85,1618.98,52.82,2763.85,16973.7,15354.720000000001,Credit Card,Completed
f05decff-45e7-4a4a-9019-0b81ba74d299,2026_W22,O48540,U15865,P105,2026-05-30 12:46:00,2,7337.42,549.88,190.72,2542.49,14674.84,14124.960000000001,UPI,Completed
f05decff-45e7-4a4a-9019-0b81ba74d299,2026_W22,O48541,U23960,P163,2026-05-29 20:29:06,2,2156.08,488.71,116.61,688.22,4312.16,3823.45,Debit Card,Completed
f05decff-45e7-4a4a-9019-0b81ba74d299,2026_W22,O48542,U20493,P132,2026-05-27 03:22:39,4,5087.03,775.96,50.52,3522.99,20348.12,19572.16,Debit Card,Completed
f05decff-45e7-4a4a-9019-0b81ba74d299,2026_W22,O48543,U8893,P90,2026-05-31 19:26:35,2,6467.75,1400.58,181.65,2076.29,12935.5,11534.92,Credit Card,Completed
f05decff-45e7-4a4a-9019-0b81ba74d299,2026_W22,O48544,U21589,P131,2026-05-31 16:12:31,4,5156.93,558.56,185.74,3612.45,20627.72,20069.16,Debit Card,Completed
f05decff-45e7-4a4a-9019-0b81ba74d299,2026_W22,O48545,U33467,P22,2026-05-28 06:36:27,3,6284.85,816.57,186.56,3246.84,18854.550000000003,18037.980000000003,Wallet,Completed
f05decff-45e7-4a4a-9019-0b81ba74d299,2026_W22,O48546,U20486,P198,2026-05-28 09:47:43,3,8888.97,1074.44,168.87,4606.64,26666.909999999996,25592.469999999998,Debit Card,Completed
f05decff-45e7-4a4a-9019-0b81ba74d299,2026_W22,O48547,U25713,P153,2026-05-27 11:45:07,2,11343.81,320.38,114.15,4026.1,22687.62,22367.239999999998,Debit Card,Completed
f05decff-45e7-4a4a-9019-0b81ba74d299,2026_W22,O48548,U19580,P114,2026-05-26 06:30:53,1,4373.67,382.19,133.74,718.47,4373.67,3991.48,UPI,Completed
f05decff-45e7-4a4a-9019-0b81ba74d299,2026_W22,O48549,U12522,P183,2026-05-29 08:39:37,2,9215.45,1700.53,195.43,3011.47,18430.9,16730.370000000003,Credit Card,Completed
f05decff-45e7-4a4a-9019-0b81ba74d299,2026_W22,O48550,U24233,P115,2026-05-28 17:06:58,3,8486.85,3426.06,134.5,3966.21,25460.550000000003,22034.49,Wallet,Completed
f05decff-45e7-4a4a-9019-0b81ba74d299,2026_W22,O48551,U3659,P101,2026-05-28 22:47:53,1,2760.68,246.28,92.86,452.59,2760.68,2514.3999999999996,Credit Card,Completed
f05decff-45e7-4a4a-9019-0b81ba74d299,2026_W22,O48552,U1224,P162,2026-05-28 20:07:43,1,5576.16,41.36,135.51,996.26,5576.16,5534.8,Credit Card,Completed
f05decff-45e7-4a4a-9019-0b81ba74d299,2026_W22,O48553,U9579,P85,2026-05-30 15:33:45,3,7274.5,217.78,145.43,3889.03,21823.5,21605.72,Debit Card,Completed
f05decff-45e7-4a4a-9019-0b81ba74d299,2026_W22,O48554,U3666,P119,2026-05-27 13:19:04,4,10133.79,5996.35,136.11,6216.99,40535.16,34538.810000000005,UPI,Completed
f05decff-45e7-4a4a-9019-0b81ba74d299,2026_W22,O48555,U21256,P131,2026-05-28 07:39:06,2,5156.93,1532.04,190.75,1580.73,10313.86,8781.82,Wallet,Completed
f05decff-45e7-4a4a-9019-0b81ba74d299,2026_W22,O48556,U27427,P153,2026-05-30 20:33:02,3,11343.81,3838.87,116.46,5434.66,34031.43,30192.56,UPI,Completed
f05decff-45e7-4a4a-9019-0b81ba74d299,2026_W22,O48557,U2609,P129,2026-05-30 16:05:56,2,5625.8,467.0,189.54,1941.23,11251.6,10784.6,UPI,Completed
f05decff-45e7-4a4a-9019-0b81ba74d299,2026_W22,O48558,U9434,P189,2026-05-26 19:43:39,1,7353.02,1024.12,158.02,1139.2,7353.02,6328.900000000001,UPI,Completed
f05decff-45e7-4a4a-9019-0b81ba74d299,2026_W22,O48559,U21165,P106,2026-05-26 13:19:58,3,5172.75,1512.24,52.06,2521.08,15518.25,14006.01,Debit Card,Completed
f05decff-45e7-4a4a-9019-0b81ba74d299,2026_W22,O48560,U17931,P6,2026-05-27 08:57:01,3,7042.99,1388.97,68.4,3553.2,21128.97,19740.0,Credit Card,Completed
f05decff-45e7-4a4a-9019-0b81ba74d299,2026_W22,O48561,U4956,P69,2026-05-27 15:43:25,1,5881.18,520.44,162.83,964.93,5881.18,5360.74,UPI,Completed
f05decff-45e7-4a4a-9019-0b81ba74d299,2026_W22,O48562,U26611,P48,2026-05-29 17:08:24,4,10990.29,1610.11,123.0,7623.19,43961.16,42351.05,Wallet,Completed
f05decff-45e7-4a4a-9019-0b81ba74d299,2026_W22,O48563,U3247,P49,2026-05-30 00:09:46,3,4925.87,68.59,121.54,2647.62,14777.61,14709.02,Debit Card,Completed
f05decff-45e7-4a4a-9019-0b81ba74d299,2026_W22,O48564,U31783,P132,2026-05-26 02:06:18,4,5087.03,2557.0,128.32,3202.4,20348.12,17791.12,UPI,Completed
f05decff-45e7-4a4a-9019-0b81ba74d299,2026_W22,O48565,U17030,P31,2026-05-27 14:20:09,2,4234.09,567.79,184.53,1422.07,8468.18,7900.39,UPI,Completed
f05decff-45e7-4a4a-9019-0b81ba74d299,2026_W22,O48566,U1326,P156,2026-05-28 01:31:53,2,2183.92,431.99,93.59,708.45,4367.84,3935.8500000000004,UPI,Completed
f05decff-45e7-4a4a-9019-0b81ba74d299,2026_W22,O48567,U6520,P153,2026-05-28 02:17:42,2,11343.81,1224.19,151.01,3863.42,22687.62,21463.43,UPI,Completed
f05decff-45e7-4a4a-9019-0b81ba74d299,2026_W22,O48568,U21909,P39,2026-05-29 01:46:12,1,5048.64,639.41,74.04,793.66,5048.64,4409.2300000000005,Credit Card,Completed
f05decff-45e7-4a4a-9019-0b81ba74d299,2026_W22,O48569,U15937,P58,2026-05-27 09:01:23,2,2716.51,516.1,175.76,885.05,5433.02,4916.92,Credit Card,Completed
f05decff-45e7-4a4a-9019-0b81ba74d299,2026_W22,O48570,U11393,P51,2026-05-27 18:11:16,2,6572.59,1303.3,143.94,2131.54,13145.18,11841.880000000001,Credit Card,Completed
f05decff-45e7-4a4a-9019-0b81ba74d299,2026_W22,O48571,U26542,P18,2026-05-28 19:52:30,3,2101.11,722.09,138.27,1004.62,6303.33,5581.24,Credit Card,Completed
f05decff-45e7-4a4a-9019-0b81ba74d299,2026_W22,O48572,U9393,P29,2026-05-28 08:27:15,4,7432.15,4148.96,143.62,4604.34,29728.6,25579.64,Wallet,Completed
f05decff-45e7-4a4a-9019-0b81ba74d299,2026_W22,O48573,U14742,P189,2026-05-29 04:11:55,3,7353.02,82.99,86.25,3955.69,22059.06,21976.07,UPI,Completed
f05decff-45e7-4a4a-9019-0b81ba74d299,2026_W22,O48574,U1156,P159,2026-05-27 22:43:50,3,8714.84,997.26,100.58,4526.51,26144.52,25147.260000000002,UPI,Completed
f05decff-45e7-4a4a-9019-0b81ba74d299,2026_W22,O48575,U21069,P88,2026-05-26 15:51:24,4,2502.34,1018.55,154.91,1618.35,10009.36,8990.810000000001,Wallet,Completed
f05decff-45e7-4a4a-9019-0b81ba74d299,2026_W22,O48576,U15658,P152,2026-05-29 07:32:07,1,1970.06,219.56,154.86,315.09,1970.06,1750.5,Wallet,Completed
f05decff-45e7-4a4a-9019-0b81ba74d299,2026_W22,O48577,U26468,P159,2026-05-28 01:23:01,1,8714.84,195.0,155.21,1533.57,8714.84,8519.84,Credit Card,Completed
f05decff-45e7-4a4a-9019-0b81ba74d299,2026_W22,O48578,U2609,P80,2026-05-28 03:55:34,4,7227.02,1243.97,153.66,4979.54,28908.08,27664.11,UPI,Completed
f05decff-45e7-4a4a-9019-0b81ba74d299,2026_W22,O48579,U31284,P144,2026-05-28 17:32:09,3,1737.47,765.22,113.62,800.49,5212.41,4447.19,UPI,Completed
f05decff-45e7-4a4a-9019-0b81ba74d299,2026_W22,O48580,U10880,P103,2026-05-28 15:47:08,2,5314.76,873.95,109.95,1756.0,10629.52,9755.57,Credit Card,Completed
f05decff-45e7-4a4a-9019-0b81ba74d299,2026_W22,O48581,U34959,P119,2026-05-26 12:45:54,1,10133.79,180.76,130.57,1791.55,10133.79,9953.03,UPI,Completed
f05decff-45e7-4a4a-9019-0b81ba74d299,2026_W22,O48582,U33726,P130,2026-05-31 04:23:13,4,11039.76,4418.14,191.06,7153.36,44159.04,39740.9,Credit Card,Completed
f05decff-45e7-4a4a-9019-0b81ba74d299,2026_W22,O48583,U23143,P165,2026-05-29 14:56:52,3,4063.67,879.61,74.67,2036.05,12191.01,11311.4,UPI,Completed
f05decff-45e7-4a4a-9019-0b81ba74d299,2026_W22,O48584,U29575,P55,2026-05-30 07:17:34,1,10434.9,543.59,138.23,1780.44,10434.9,9891.31,Debit Card,Completed
f05decff-45e7-4a4a-9019-0b81ba74d299,2026_W22,O48585,U18158,P28,2026-05-27 16:00:19,4,3349.46,680.31,187.26,2289.16,13397.84,12717.53,Credit Card,Completed
f05decff-45e7-4a4a-9019-0b81ba74d299,2026_W22,O48586,U21839,P14,2026-05-30 04:01:59,1,4944.6,158.62,64.01,861.48,4944.6,4785.9800000000005,UPI,Completed
f05decff-45e7-4a4a-9019-0b81ba74d299,2026_W22,O48587,U1308,P161,2026-05-29 21:50:29,1,5474.81,61.35,179.11,974.42,5474.81,5413.46,Credit Card,Completed
f05decff-45e7-4a4a-9019-0b81ba74d299,2026_W22,O48588,U2912,P19,2026-05-28 15:29:28,4,10873.73,759.55,144.44,7692.37,43494.92,42735.369999999995,Debit Card,Completed
f05decff-45e7-4a4a-9019-0b81ba74d299,2026_W22,O48589,U5082,P176,2026-05-26 02:58:24,1,3628.75,146.41,186.23,626.82,3628.75,3482.34,UPI,Completed
f05decff-45e7-4a4a-9019-0b81ba74d299,2026_W22,O48590,U19551,P8,2026-05-31 18:04:33,1,7997.84,879.41,87.61,1281.32,7997.84,7118.43,Credit Card,Completed
f05decff-45e7-4a4a-9019-0b81ba74d299,2026_W22,O48591,U8618,P173,2026-05-28 19:35:17,1,4326.87,598.5,96.97,671.11,4326.87,3728.37,UPI,Completed
f05decff-45e7-4a4a-9019-0b81ba74d299,2026_W22,O48592,U3629,P105,2026-05-31 12:55:27,2,7337.42,941.2,142.09,2472.06,14674.84,13733.64,Debit Card,Completed
f05decff-45e7-4a4a-9019-0b81ba74d299,2026_W22,O48593,U3398,P193,2026-05-30 14:42:54,4,5013.68,440.66,102.76,3530.53,20054.72,19614.06,Debit Card,Completed
f05decff-45e7-4a4a-9019-0b81ba74d299,2026_W22,O48594,U18140,P196,2026-05-27 11:21:39,4,7726.11,2952.52,59.54,5031.35,30904.44,27951.92,Debit Card,Completed
f05decff-45e7-4a4a-9019-0b81ba74d299,2026_W22,O48595,U13920,P127,2026-05-27 18:06:06,2,9140.26,2461.23,199.76,2847.47,18280.52,15819.29,Credit Card,Completed
f05decff-45e7-4a4a-9019-0b81ba74d299,2026_W22,O48596,U34162,P87,2026-05-26 05:49:54,4,7395.64,1523.71,123.58,5050.59,29582.56,28058.850000000002,Credit Card,Completed
f05decff-45e7-4a4a-9019-0b81ba74d299,2026_W22,O48597,U11762,P40,2026-05-31 12:46:25,3,4177.53,449.48,58.41,2174.96,12532.59,12083.11,UPI,Completed
f05decff-45e7-4a4a-9019-0b81ba74d299,2026_W22,O48598,U3746,P79,2026-05-30 19:53:04,3,2810.31,826.62,65.32,1368.78,8430.93,7604.31,UPI,Completed
f05decff-45e7-4a4a-9019-0b81ba74d299,2026_W22,O48599,U5032,P112,2026-05-27 17:19:51,3,4659.89,1955.05,193.56,2164.43,13979.670000000002,12024.620000000003,Debit Card,Completed
f05decff-45e7-4a4a-9019-0b81ba74d299,2026_W22,O48600,U34825,P13,2026-05-31 07:25:36,2,6805.73,1334.64,118.44,2209.83,13611.46,12276.82,Debit Card,Completed
f05decff-45e7-4a4a-9019-0b81ba74d299,2026_W22,O48601,U14817,P137,2026-05-30 13:01:37,4,4729.65,1267.55,134.64,3177.19,18918.6,17651.05,Debit Card,Completed
f05decff-45e7-4a4a-9019-0b81ba74d299,2026_W22,O48602,U29578,P95,2026-05-27 03:01:59,4,1959.5,394.34,123.29,1339.86,7838.0,7443.66,Wallet,Completed
f05decff-45e7-4a4a-9019-0b81ba74d299,2026_W22,O48603,U4799,P61,2026-05-31 17:47:49,1,7261.62,77.67,51.05,1293.11,7261.62,7183.95,Debit Card,Completed
f05decff-45e7-4a4a-9019-0b81ba74d299,2026_W22,O48604,U13620,P50,2026-05-26 07:21:57,1,2033.45,150.34,152.34,338.96,2033.45,1883.1100000000001,Debit Card,Completed
f05decff-45e7-4a4a-9019-0b81ba74d299,2026_W22,O48605,U20,P1,2026-05-28 20:09:16,3,6823.54,1475.89,72.86,3419.05,20470.62,18994.73,Wallet,Completed
f05decff-45e7-4a4a-9019-0b81ba74d299,2026_W22,O48606,U15931,P62,2026-05-28 00:37:49,1,2150.19,3.32,59.29,386.44,2150.19,2146.87,Credit Card,Completed
f05decff-45e7-4a4a-9019-0b81ba74d299,2026_W22,O48607,U13795,P116,2026-05-30 21:35:40,4,4661.13,2153.11,114.61,2968.45,18644.52,16491.41,Credit Card,Completed
f05decff-45e7-4a4a-9019-0b81ba74d299,2026_W22,O48608,U17804,P66,2026-05-29 21:47:27,2,5399.1,688.84,173.08,1819.68,10798.2,10109.36,Debit Card,Completed
f05decff-45e7-4a4a-9019-0b81ba74d299,2026_W22,O48609,U18746,P59,2026-05-26 18:08:56,1,4892.96,692.67,194.64,756.05,4892.96,4200.29,UPI,Completed
f05decff-45e7-4a4a-9019-0b81ba74d299,2026_W22,O48610,U7795,P192,2026-05-26 23:31:26,1,8471.85,300.03,133.59,1470.93,8471.85,8171.820000000001,Wallet,Completed
f05decff-45e7-4a4a-9019-0b81ba74d299,2026_W22,O48611,U16593,P131,2026-05-25 23:52:28,1,5156.93,237.84,152.07,885.44,5156.93,4919.09,Debit Card,Completed
f05decff-45e7-4a4a-9019-0b81ba74d299,2026_W22,O48612,U27884,P123,2026-05-30 14:32:26,3,2425.48,197.84,189.45,1274.15,7276.4400000000005,7078.6,Debit Card,Completed
f05decff-45e7-4a4a-9019-0b81ba74d299,2026_W22,O48613,U25976,P122,2026-05-27 21:21:23,2,5135.97,195.75,81.84,1813.71,10271.94,10076.19,Credit Card,Completed
f05decff-45e7-4a4a-9019-0b81ba74d299,2026_W22,O48614,U7795,P31,2026-05-30 12:23:03,3,4234.09,1068.78,158.12,2094.03,12702.27,11633.49,UPI,Completed
f05decff-45e7-4a4a-9019-0b81ba74d299,2026_W22,O48615,U7986,P13,2026-05-28 05:36:54,2,6805.73,724.68,100.2,2319.62,13611.46,12886.779999999999,UPI,Completed
f05decff-45e7-4a4a-9019-0b81ba74d299,2026_W22,O48616,U32153,P135,2026-05-26 08:21:45,2,7738.35,36.39,163.77,2779.26,15476.7,15440.310000000001,UPI,Completed
f05decff-45e7-4a4a-9019-0b81ba74d299,2026_W22,O48617,U12358,P135,2026-05-28 01:00:34,2,7738.35,296.3,103.2,2732.47,15476.7,15180.400000000001,UPI,Completed
f05decff-45e7-4a4a-9019-0b81ba74d299,2026_W22,O48618,U14549,P159,2026-05-27 15:04:39,1,8714.84,202.81,133.6,1532.17,8714.84,8512.03,UPI,Completed
f05decff-45e7-4a4a-9019-0b81ba74d299,2026_W22,O48619,U1161,P50,2026-05-30 17:03:30,3,2033.45,331.27,91.76,1038.43,6100.35,5769.08,Credit Card,Completed
f05decff-45e7-4a4a-9019-0b81ba74d299,2026_W22,O48620,U10546,P20,2026-05-30 22:16:03,1,6465.0,703.25,125.74,1037.12,6465.0,5761.75,Debit Card,Completed
f05decff-45e7-4a4a-9019-0b81ba74d299,2026_W22,O48621,U21675,P125,2026-05-27 03:53:06,4,5593.86,2865.38,68.85,3511.81,22375.44,19510.059999999998,UPI,Completed
f05decff-45e7-4a4a-9019-0b81ba74d299,2026_W22,O48622,U14930,P71,2026-05-31 08:49:34,4,5001.28,1856.77,156.31,3266.7,20005.12,18148.35,Debit Card,Completed
f05decff-45e7-4a4a-9019-0b81ba74d299,2026_W22,O48623,U34531,P43,2026-05-31 12:15:53,3,9948.84,1073.51,172.94,5179.14,29846.52,28773.010000000002,Debit Card,Completed
f05decff-45e7-4a4a-9019-0b81ba74d299,2026_W22,O48624,U18140,P57,2026-05-31 17:47:13,3,3408.89,1445.53,126.82,1580.61,10226.67,8781.14,Credit Card,Completed
f05decff-45e7-4a4a-9019-0b81ba74d299,2026_W22,O48625,U28765,P197,2026-05-28 06:56:01,1,3825.75,102.35,148.14,670.21,3825.75,3723.4,Debit Card,Completed
f05decff-45e7-4a4a-9019-0b81ba74d299,2026_W22,O48626,U21778,P166,2026-05-28 16:27:17,1,8475.87,1055.8,105.45,1335.61,8475.87,7420.070000000001,Credit Card,Completed
f05decff-45e7-4a4a-9019-0b81ba74d299,2026_W22,O48627,U28446,P98,2026-05-29 07:19:50,4,3365.14,1475.99,64.68,2157.22,13460.56,11984.57,Debit Card,Completed
f05decff-45e7-4a4a-9019-0b81ba74d299,2026_W22,O48628,U1935,P108,2026-05-26 17:13:51,1,4001.51,223.4,58.39,680.06,4001.51,3778.11,Wallet,Completed
f05decff-45e7-4a4a-9019-0b81ba74d299,2026_W22,O48629,U24083,P16,2026-05-27 12:46:15,3,4498.86,538.71,75.18,2332.42,13496.579999999998,12957.869999999999,UPI,Completed
f05decff-45e7-4a4a-9019-0b81ba74d299,2026_W22,O48630,U11846,P136,2026-05-26 20:06:33,4,2314.22,1259.78,172.43,1439.48,9256.88,7997.099999999999,Credit Card,Completed
f05decff-45e7-4a4a-9019-0b81ba74d299,2026_W22,O48631,U18140,P72,2026-05-26 21:10:22,1,8163.39,33.47,186.72,1463.39,8163.39,8129.92,Wallet,Completed
f05decff-45e7-4a4a-9019-0b81ba74d299,2026_W22,O48632,U25979,P92,2026-05-30 13:28:26,2,7099.99,1927.75,65.18,2209.0,14199.98,12272.23,Wallet,Completed
f05decff-45e7-4a4a-9019-0b81ba74d299,2026_W22,O48633,U28565,P138,2026-05-31 15:51:02,1,5599.95,812.48,110.57,861.74,5599.95,4787.469999999999,Debit Card,Completed
f05decff-45e7-4a4a-9019-0b81ba74d299,2026_W22,O48634,U19242,P20,2026-05-29 06:40:08,4,6465.0,1679.52,168.9,4352.49,25860.0,24180.48,Wallet,Completed
f05decff-45e7-4a4a-9019-0b81ba74d299,2026_W22,O48635,U8501,P23,2026-05-26 22:43:50,3,2281.71,54.78,113.69,1222.26,6845.13,6790.35,Debit Card,Completed
f05decff-45e7-4a4a-9019-0b81ba74d299,2026_W22,O48636,U14223,P96,2026-05-28 09:17:59,4,6676.27,309.97,106.2,4751.12,26705.08,26395.11,Wallet,Completed
f05decff-45e7-4a4a-9019-0b81ba74d299,2026_W22,O48637,U13061,P146,2026-05-31 07:33:04,1,4559.37,298.66,141.11,766.93,4559.37,4260.71,UPI,Completed
f05decff-45e7-4a4a-9019-0b81ba74d299,2026_W22,O48638,U6755,P59,2026-05-30 00:19:32,2,4892.96,1084.29,181.07,1566.29,9785.92,8701.630000000001,UPI,Completed
f05decff-45e7-4a4a-9019-0b81ba74d299,2026_W22,O48639,U20701,P149,2026-05-27 06:50:46,1,7089.62,914.56,101.01,1111.51,7089.62,6175.0599999999995,Wallet,Completed
f05decff-45e7-4a4a-9019-0b81ba74d299,2026_W22,O48640,U28601,P190,2026-05-28 05:56:24,3,10065.15,4318.72,167.64,4657.81,30195.449999999997,25876.729999999996,Credit Card,Completed
f05decff-45e7-4a4a-9019-0b81ba74d299,2026_W22,O48641,U20048,P61,2026-05-29 17:54:04,4,7261.62,44.08,144.93,5220.43,29046.48,29002.399999999998,Debit Card,Completed
f05decff-45e7-4a4a-9019-0b81ba74d299,2026_W22,O48642,U24992,P69,2026-05-31 07:43:25,4,5881.18,1665.89,65.12,3934.59,23524.72,21858.83,UPI,Completed
f05decff-45e7-4a4a-9019-0b81ba74d299,2026_W22,O48643,U25528,P199,2026-05-27 01:09:25,3,10122.76,4365.89,144.58,4680.43,30368.28,26002.39,UPI,Completed
f05decff-45e7-4a4a-9019-0b81ba74d299,2026_W22,O48644,U19578,P29,2026-05-28 06:38:38,4,7432.15,3093.89,82.2,4794.25,29728.6,26634.71,UPI,Completed
f05decff-45e7-4a4a-9019-0b81ba74d299,2026_W22,O48645,U13185,P70,2026-05-26 11:48:33,4,2246.89,687.12,134.04,1494.08,8987.56,8300.439999999999,Debit Card,Completed
f05decff-45e7-4a4a-9019-0b81ba74d299,2026_W22,O48646,U21111,P118,2026-05-28 03:01:39,2,5463.26,241.56,137.32,1923.29,10926.52,10684.960000000001,UPI,Completed
f05decff-45e7-4a4a-9019-0b81ba74d299,2026_W22,O48647,U8394,P95,2026-05-31 09:27:40,4,1959.5,276.52,55.32,1361.07,7838.0,7561.48,Debit Card,Completed
f05decff-45e7-4a4a-9019-0b81ba74d299,2026_W22,O48648,U10526,P190,2026-05-28 01:42:25,2,10065.15,1113.06,65.33,3423.1,20130.3,19017.239999999998,Wallet,Completed
f05decff-45e7-4a4a-9019-0b81ba74d299,2026_W22,O48649,U12339,P54,2026-05-30 16:48:27,4,5968.84,3122.17,176.79,3735.57,23875.36,20753.190000000002,Debit Card,Completed
f05decff-45e7-4a4a-9019-0b81ba74d299,2026_W22,O48650,U34581,P53,2026-05-29 16:22:02,2,8018.26,1897.06,65.47,2545.1,16036.52,14139.460000000001,Credit Card,Completed
f05decff-45e7-4a4a-9019-0b81ba74d299,2026_W22,O48651,U21719,P46,2026-05-29 00:19:31,2,7595.79,633.18,144.59,2620.51,15191.58,14558.4,Wallet,Completed
f05decff-45e7-4a4a-9019-0b81ba74d299,2026_W22,O48652,U23344,P41,2026-05-31 13:34:56,4,7272.45,158.81,181.95,5207.58,29089.8,28930.989999999998,UPI,Completed
f05decff-45e7-4a4a-9019-0b81ba74d299,2026_W22,O48653,U1202,P142,2026-05-30 20:23:11,2,4531.33,999.66,83.63,1451.34,9062.66,8063.0,Debit Card,Completed
f05decff-45e7-4a4a-9019-0b81ba74d299,2026_W22,O48654,U32347,P156,2026-05-27 08:36:57,4,2183.92,370.27,150.59,1505.77,8735.68,8365.41,Wallet,Completed
f05decff-45e7-4a4a-9019-0b81ba74d299,2026_W22,O48655,U28775,P189,2026-05-28 10:00:52,2,7353.02,858.16,170.68,2492.62,14706.04,13847.880000000001,Wallet,Completed
f05decff-45e7-4a4a-9019-0b81ba74d299,2026_W22,O48656,U26982,P166,2026-05-27 23:15:27,3,8475.87,1033.7,176.72,4390.9,25427.61,24393.91,UPI,Completed
f05decff-45e7-4a4a-9019-0b81ba74d299,2026_W22,O48657,U31723,P39,2026-05-27 03:43:46,3,5048.64,1251.73,133.99,2500.95,15145.920000000002,13894.190000000002,Debit Card,Completed
f05decff-45e7-4a4a-9019-0b81ba74d299,2026_W22,O48658,U16818,P47,2026-05-31 12:19:25,1,4728.62,501.18,105.73,760.94,4728.62,4227.44,Credit Card,Completed
f05decff-45e7-4a4a-9019-0b81ba74d299,2026_W22,O48659,U24995,P147,2026-05-28 22:42:00,2,2240.85,668.01,54.32,686.46,4481.7,3813.6899999999996,UPI,Completed
f05decff-45e7-4a4a-9019-0b81ba74d299,2026_W22,O48660,U5810,P90,2026-05-29 19:21:58,2,6467.75,65.6,119.23,2316.58,12935.5,12869.9,Wallet,Completed
f05decff-45e7-4a4a-9019-0b81ba74d299,2026_W22,O48661,U34747,P182,2026-05-28 07:45:33,2,6023.28,529.15,151.42,2073.13,12046.56,11517.41,Credit Card,Completed
f05decff-45e7-4a4a-9019-0b81ba74d299,2026_W22,O48662,U22734,P80,2026-05-28 22:46:21,4,7227.02,500.23,196.27,5113.41,28908.08,28407.850000000002,Credit Card,Completed
f05decff-45e7-4a4a-9019-0b81ba74d299,2026_W22,O48663,U22282,P151,2026-05-26 17:35:37,2,7426.21,1247.4,111.8,2448.9,14852.42,13605.02,UPI,Completed
f05decff-45e7-4a4a-9019-0b81ba74d299,2026_W22,O48664,U4775,P97,2026-05-27 20:58:57,2,5383.07,1055.21,79.53,1747.97,10766.14,9710.93,UPI,Completed
f05decff-45e7-4a4a-9019-0b81ba74d299,2026_W22,O48665,U33059,P58,2026-05-28 16:05:33,3,2716.51,1173.25,62.55,1255.73,8149.530000000001,6976.280000000001,Wallet,Completed
f05decff-45e7-4a4a-9019-0b81ba74d299,2026_W22,O48666,U23042,P39,2026-05-31 09:10:35,1,5048.64,7.0,165.48,907.5,5048.64,5041.64,Wallet,Completed
f05decff-45e7-4a4a-9019-0b81ba74d299,2026_W22,O48667,U3015,P2,2026-05-26 07:02:11,3,1543.5,222.62,95.54,793.42,4630.5,4407.88,UPI,Completed
f05decff-45e7-4a4a-9019-0b81ba74d299,2026_W22,O48668,U23568,P67,2026-05-27 23:41:50,1,6555.74,60.27,185.75,1169.18,6555.74,6495.469999999999,Wallet,Completed
f05decff-45e7-4a4a-9019-0b81ba74d299,2026_W22,O48669,U10708,P95,2026-05-27 05:22:50,1,1959.5,245.44,130.34,308.53,1959.5,1714.06,Wallet,Completed
f05decff-45e7-4a4a-9019-0b81ba74d299,2026_W22,O48670,U23207,P165,2026-05-25 23:27:59,1,4063.67,463.66,120.01,648.0,4063.67,3600.01,Credit Card,Completed
f05decff-45e7-4a4a-9019-0b81ba74d299,2026_W22,O48671,U24957,P133,2026-05-26 00:53:32,4,7230.51,3792.26,107.75,4523.36,28922.04,25129.78,Debit Card,Completed
f05decff-45e7-4a4a-9019-0b81ba74d299,2026_W22,O48672,U11983,P80,2026-05-30 08:48:26,4,7227.02,2478.01,143.24,4757.41,28908.08,26430.07,Credit Card,Completed
f05decff-45e7-4a4a-9019-0b81ba74d299,2026_W22,O48673,U1798,P156,2026-05-27 14:11:07,3,2183.92,580.08,95.07,1074.9,6551.76,5971.68,Credit Card,Completed
f05decff-45e7-4a4a-9019-0b81ba74d299,2026_W22,O48674,U3666,P17,2026-05-30 00:53:58,1,3339.42,442.38,143.62,521.47,3339.42,2897.04,Credit Card,Completed
f05decff-45e7-4a4a-9019-0b81ba74d299,2026_W22,O48675,U8164,P170,2026-05-28 11:28:54,3,2744.23,1195.89,179.97,1266.62,8232.69,7036.8,UPI,Completed
f05decff-45e7-4a4a-9019-0b81ba74d299,2026_W22,O48676,U16782,P163,2026-05-30 08:55:40,4,2156.08,1203.37,112.55,1335.77,8624.32,7420.95,Credit Card,Completed
f05decff-45e7-4a4a-9019-0b81ba74d299,2026_W22,O48677,U21734,P188,2026-05-28 23:25:08,3,3237.34,49.42,164.04,1739.27,9712.02,9662.6,Debit Card,Completed
f05decff-45e7-4a4a-9019-0b81ba74d299,2026_W22,O48678,U20872,P166,2026-05-31 14:48:53,3,8475.87,1966.34,137.11,4223.03,25427.61,23461.27,UPI,Completed
f05decff-45e7-4a4a-9019-0b81ba74d299,2026_W22,O48679,U7027,P162,2026-05-27 21:05:04,1,5576.16,690.09,64.11,879.49,5576.16,4886.07,Debit Card,Completed
f05decff-45e7-4a4a-9019-0b81ba74d299,2026_W22,O48680,U33168,P74,2026-05-29 13:56:46,2,8026.5,946.28,113.96,2719.21,16053.0,15106.72,Credit Card,Completed
f05decff-45e7-4a4a-9019-0b81ba74d299,2026_W22,O48681,U10144,P143,2026-05-27 07:41:53,2,6038.03,1807.66,187.38,1848.31,12076.06,10268.4,Wallet,Completed
f05decff-45e7-4a4a-9019-0b81ba74d299,2026_W22,O48682,U12416,P18,2026-05-30 03:55:21,1,2101.11,36.5,162.38,371.63,2101.11,2064.61,Wallet,Completed
f05decff-45e7-4a4a-9019-0b81ba74d299,2026_W22,O48683,U7141,P88,2026-05-29 09:26:24,4,2502.34,982.45,172.13,1624.84,10009.36,9026.91,Wallet,Completed
f05decff-45e7-4a4a-9019-0b81ba74d299,2026_W22,O48684,U29083,P181,2026-05-26 05:11:59,4,8581.69,3604.69,52.81,5529.97,34326.76,30722.070000000003,UPI,Completed
f05decff-45e7-4a4a-9019-0b81ba74d299,2026_W22,O48685,U4180,P33,2026-05-28 12:10:11,4,7861.44,696.54,193.22,5534.86,31445.76,30749.219999999998,Debit Card,Completed
f05decff-45e7-4a4a-9019-0b81ba74d299,2026_W22,O48686,U3574,P189,2026-05-31 03:32:54,1,7353.02,675.69,136.81,1201.92,7353.02,6677.33,Credit Card,Completed
f05decff-45e7-4a4a-9019-0b81ba74d299,2026_W22,O48687,U26223,P123,2026-05-27 15:54:40,4,2425.48,918.76,173.07,1580.97,9701.92,8783.16,Credit Card,Completed
f05decff-45e7-4a4a-9019-0b81ba74d299,2026_W22,O48688,U11511,P40,2026-05-29 11:29:14,1,4177.53,178.38,160.3,719.85,4177.53,3999.1499999999996,Debit Card,Completed
f05decff-45e7-4a4a-9019-0b81ba74d299,2026_W22,O48689,U6338,P134,2026-05-31 11:27:44,2,3654.35,868.27,61.1,1159.28,7308.7,6440.43,UPI,Completed
f05decff-45e7-4a4a-9019-0b81ba74d299,2026_W22,O48690,U21604,P175,2026-05-28 07:25:16,3,10082.38,215.64,171.28,5405.67,30247.14,30031.5,Debit Card,Completed
f05decff-45e7-4a4a-9019-0b81ba74d299,2026_W22,O48691,U15711,P60,2026-05-28 06:01:25,1,3458.47,190.33,113.54,588.27,3458.47,3268.14,UPI,Completed
f05decff-45e7-4a4a-9019-0b81ba74d299,2026_W22,O48692,U32019,P119,2026-05-26 13:51:40,3,10133.79,3434.42,60.33,4854.05,30401.370000000003,26966.950000000004,Debit Card,Completed
f05decff-45e7-4a4a-9019-0b81ba74d299,2026_W22,O48693,U23053,P54,2026-05-30 04:53:52,3,5968.84,1332.02,171.6,2983.41,17906.52,16574.5,Credit Card,Completed
f05decff-45e7-4a4a-9019-0b81ba74d299,2026_W22,O48694,U983,P30,2026-05-31 04:24:43,4,10909.65,183.79,131.23,7821.87,43638.6,43454.81,Debit Card,Completed
f05decff-45e7-4a4a-9019-0b81ba74d299,2026_W22,O48695,U3308,P81,2026-05-30 17:38:11,2,1659.37,406.41,110.13,524.22,3318.74,2912.33,Credit Card,Completed
f05decff-45e7-4a4a-9019-0b81ba74d299,2026_W22,O48696,U28404,P101,2026-05-28 23:49:31,4,2760.68,1550.84,88.18,1708.54,11042.72,9491.88,UPI,Completed
f05decff-45e7-4a4a-9019-0b81ba74d299,2026_W22,O48697,U9200,P85,2026-05-30 21:27:03,2,7274.5,2101.22,103.56,2240.6,14549.0,12447.78,Debit Card,Completed
f05decff-45e7-4a4a-9019-0b81ba74d299,2026_W22,O48698,U10751,P34,2026-05-27 04:17:08,2,8777.08,2135.43,154.36,2775.37,17554.16,15418.73,UPI,Completed
f05decff-45e7-4a4a-9019-0b81ba74d299,2026_W22,O48699,U19934,P35,2026-05-29 11:27:24,2,3801.69,350.86,141.9,1305.45,7603.38,7252.52,Credit Card,Completed
f05decff-45e7-4a4a-9019-0b81ba74d299,2026_W22,O48700,U9989,P129,2026-05-26 16:02:08,4,5625.8,2615.99,197.21,3579.7,22503.2,19887.21,Debit Card,Completed
f05decff-45e7-4a4a-9019-0b81ba74d299,2026_W22,O48701,U18140,P181,2026-05-29 20:22:09,4,8581.69,4067.86,181.99,5446.6,34326.76,30258.9,UPI,Completed
f05decff-45e7-4a4a-9019-0b81ba74d299,2026_W22,O48702,U15308,P52,2026-05-26 19:09:24,2,4538.36,342.46,60.03,1572.17,9076.72,8734.26,Wallet,Completed
f05decff-45e7-4a4a-9019-0b81ba74d299,2026_W22,O48703,U15815,P167,2026-05-29 23:25:04,3,6729.0,1480.72,60.07,3367.13,20187.0,18706.28,UPI,Completed
f05decff-45e7-4a4a-9019-0b81ba74d299,2026_W22,O48704,U22160,P99,2026-05-31 18:55:23,2,4457.11,798.21,90.21,1460.88,8914.22,8116.009999999999,Debit Card,Completed
f05decff-45e7-4a4a-9019-0b81ba74d299,2026_W22,O48705,U22531,P79,2026-05-27 23:00:07,3,2810.31,824.27,123.07,1369.2,8430.93,7606.66,Credit Card,Completed
f05decff-45e7-4a4a-9019-0b81ba74d299,2026_W22,O48706,U18938,P191,2026-05-30 03:16:40,3,4973.99,1647.37,103.28,2389.43,14921.97,13274.599999999999,Wallet,Completed
f05decff-45e7-4a4a-9019-0b81ba74d299,2026_W22,O48707,U14771,P155,2026-05-28 23:15:47,4,8707.69,3160.79,79.72,5700.59,34830.76,31669.97,Debit Card,Completed
f05decff-45e7-4a4a-9019-0b81ba74d299,2026_W22,O48708,U22492,P81,2026-05-28 17:05:50,2,1659.37,381.96,61.0,528.62,3318.74,2936.7799999999997,UPI,Completed
f05decff-45e7-4a4a-9019-0b81ba74d299,2026_W22,O48709,U13982,P160,2026-05-31 09:03:34,3,6919.48,2905.65,61.28,3213.5,20758.44,17852.789999999997,Wallet,Completed
f05decff-45e7-4a4a-9019-0b81ba74d299,2026_W22,O48710,U23663,P168,2026-05-29 20:30:47,2,4263.52,683.45,172.01,1411.85,8527.04,7843.590000000001,Credit Card,Completed
f05decff-45e7-4a4a-9019-0b81ba74d299,2026_W22,O48711,U8730,P10,2026-05-31 11:12:18,3,6983.65,661.33,68.63,3652.13,20950.949999999997,20289.619999999995,Credit Card,Completed
f05decff-45e7-4a4a-9019-0b81ba74d299,2026_W22,O48712,U610,P63,2026-05-27 01:52:53,4,5767.08,143.22,138.25,4126.52,23068.32,22925.1,Debit Card,Completed
f05decff-45e7-4a4a-9019-0b81ba74d299,2026_W22,O48713,U12416,P111,2026-05-30 23:40:32,2,9541.24,1288.52,106.7,3202.91,19082.48,17793.96,Wallet,Completed
f05decff-45e7-4a4a-9019-0b81ba74d299,2026_W22,O48714,U32508,P116,2026-05-28 21:30:11,3,4661.13,1072.57,139.86,2323.95,13983.39,12910.82,Credit Card,Completed
f05decff-45e7-4a4a-9019-0b81ba74d299,2026_W22,O48715,U16547,P38,2026-05-30 20:16:51,4,7075.19,4123.88,134.05,4351.84,28300.76,24176.879999999997,Debit Card,Completed
f05decff-45e7-4a4a-9019-0b81ba74d299,2026_W22,O48716,U33848,P94,2026-05-28 15:09:29,3,4145.07,1545.97,164.62,1960.06,12435.21,10889.24,Wallet,Completed
f05decff-45e7-4a4a-9019-0b81ba74d299,2026_W22,O48717,U14935,P140,2026-05-26 09:07:07,1,3133.21,119.97,79.9,542.38,3133.21,3013.2400000000002,Credit Card,Completed
f05decff-45e7-4a4a-9019-0b81ba74d299,2026_W22,O48718,U34536,P113,2026-05-27 16:48:47,1,2934.32,201.95,81.34,491.83,2934.32,2732.3700000000003,Credit Card,Completed
f05decff-45e7-4a4a-9019-0b81ba74d299,2026_W22,O48719,U33953,P85,2026-05-27 14:14:26,2,7274.5,2067.29,191.43,2246.71,14549.0,12481.71,Debit Card,Completed
f05decff-45e7-4a4a-9019-0b81ba74d299,2026_W22,O48720,U21983,P173,2026-05-27 14:25:53,2,4326.87,112.54,99.41,1537.42,8653.74,8541.199999999999,Credit Card,Completed
f05decff-45e7-4a4a-9019-0b81ba74d299,2026_W22,O48721,U3974,P174,2026-05-28 12:37:29,1,3233.65,26.77,186.79,577.24,3233.65,3206.88,UPI,Completed
f05decff-45e7-4a4a-9019-0b81ba74d299,2026_W22,O48722,U4150,P87,2026-05-29 03:34:07,2,7395.64,412.15,103.45,2588.24,14791.28,14379.130000000001,Debit Card,Completed
f05decff-45e7-4a4a-9019-0b81ba74d299,2026_W22,O48723,U17500,P160,2026-05-30 16:02:47,1,6919.48,593.05,151.97,1138.76,6919.48,6326.429999999999,Wallet,Completed
f05decff-45e7-4a4a-9019-0b81ba74d299,2026_W22,O48724,U31951,P30,2026-05-31 03:20:07,2,10909.65,1907.67,75.48,3584.09,21819.3,19911.629999999997,UPI,Completed
f05decff-45e7-4a4a-9019-0b81ba74d299,2026_W22,O48725,U15936,P153,2026-05-26 19:02:47,1,11343.81,157.16,134.0,2013.6,11343.81,11186.65,UPI,Completed
f05decff-45e7-4a4a-9019-0b81ba74d299,2026_W22,O48726,U3944,P177,2026-05-28 21:56:06,3,5607.98,1865.76,65.8,2692.47,16823.94,14958.179999999998,Wallet,Completed
f05decff-45e7-4a4a-9019-0b81ba74d299,2026_W22,O48727,U26016,P121,2026-05-29 01:52:32,4,9562.01,1817.93,63.97,6557.42,38248.04,36430.11,UPI,Completed
f05decff-45e7-4a4a-9019-0b81ba74d299,2026_W22,O48728,U24363,P64,2026-05-29 15:05:49,3,5141.6,2097.42,187.63,2398.93,15424.800000000001,13327.380000000001,Debit Card,Completed
f05decff-45e7-4a4a-9019-0b81ba74d299,2026_W22,O48729,U1819,P88,2026-05-31 15:34:14,4,2502.34,779.69,187.2,1661.34,10009.36,9229.67,UPI,Completed
f05decff-45e7-4a4a-9019-0b81ba74d299,2026_W22,O48730,U26789,P191,2026-05-26 04:46:02,2,4973.99,1047.5,97.9,1602.09,9947.98,8900.48,Debit Card,Completed
f05decff-45e7-4a4a-9019-0b81ba74d299,2026_W22,O48731,U18279,P72,2026-05-30 01:36:28,2,8163.39,252.05,134.34,2893.45,16326.78,16074.730000000001,UPI,Completed
f05decff-45e7-4a4a-9019-0b81ba74d299,2026_W22,O48732,U22617,P120,2026-05-29 21:09:54,1,8125.66,1183.06,128.06,1249.67,8125.66,6942.6,Credit Card,Completed
f05decff-45e7-4a4a-9019-0b81ba74d299,2026_W22,O48733,U10237,P98,2026-05-31 13:31:44,3,3365.14,860.09,161.57,1662.36,10095.42,9235.33,Credit Card,Completed
f05decff-45e7-4a4a-9019-0b81ba74d299,2026_W22,O48734,U16619,P187,2026-05-26 21:01:30,1,4000.12,150.97,76.52,692.85,4000.12,3849.15,Debit Card,Completed
f05decff-45e7-4a4a-9019-0b81ba74d299,2026_W22,O48735,U2514,P126,2026-05-31 10:10:06,3,7171.16,2281.65,167.92,3461.73,21513.48,19231.829999999998,UPI,Completed
f05decff-45e7-4a4a-9019-0b81ba74d299,2026_W22,O48736,U34366,P166,2026-05-26 07:25:26,3,8475.87,1491.47,127.48,4308.51,25427.61,23936.14,UPI,Completed
f05decff-45e7-4a4a-9019-0b81ba74d299,2026_W22,O48737,U24340,P60,2026-05-29 13:54:34,4,3458.47,1286.64,182.42,2258.5,13833.88,12547.24,Debit Card,Completed
f05decff-45e7-4a4a-9019-0b81ba74d299,2026_W22,O48738,U10952,P69,2026-05-29 12:04:13,4,5881.18,1198.94,193.49,4018.64,23524.72,22325.780000000002,Wallet,Completed
f05decff-45e7-4a4a-9019-0b81ba74d299,2026_W22,O48739,U3617,P37,2026-05-27 22:39:26,2,9886.76,280.83,141.91,3508.68,19773.52,19492.69,UPI,Completed
f05decff-45e7-4a4a-9019-0b81ba74d299,2026_W22,O48740,U32941,P84,2026-05-30 10:15:16,2,8271.97,1135.96,86.2,2773.44,16543.94,15407.98,Wallet,Completed
f05decff-45e7-4a4a-9019-0b81ba74d299,2026_W22,O48741,U2196,P1,2026-05-27 11:13:27,3,6823.54,830.35,58.43,3535.25,20470.62,19640.27,Debit Card,Completed
f05decff-45e7-4a4a-9019-0b81ba74d299,2026_W22,O48742,U34767,P67,2026-05-26 15:55:05,1,6555.74,38.81,156.05,1173.05,6555.74,6516.929999999999,Debit Card,Completed
f05decff-45e7-4a4a-9019-0b81ba74d299,2026_W22,O48743,U11488,P90,2026-05-29 20:43:34,3,6467.75,810.86,124.33,3346.63,19403.25,18592.39,Wallet,Completed
f05decff-45e7-4a4a-9019-0b81ba74d299,2026_W22,O48744,U550,P80,2026-05-26 01:12:41,3,7227.02,2935.21,102.85,3374.25,21681.06,18745.850000000002,Debit Card,Completed
f05decff-45e7-4a4a-9019-0b81ba74d299,2026_W22,O48745,U29294,P39,2026-05-28 10:22:33,4,5048.64,520.35,84.43,3541.36,20194.56,19674.210000000003,Debit Card,Completed
f05decff-45e7-4a4a-9019-0b81ba74d299,2026_W22,O48746,U19561,P105,2026-05-31 06:55:57,4,7337.42,1069.11,81.69,5090.5,29349.68,28280.57,Debit Card,Completed
f05decff-45e7-4a4a-9019-0b81ba74d299,2026_W22,O48747,U7564,P137,2026-05-31 21:10:39,2,4729.65,814.07,121.71,1556.14,9459.3,8645.23,Debit Card,Completed
f05decff-45e7-4a4a-9019-0b81ba74d299,2026_W22,O48748,U26873,P66,2026-05-26 18:46:39,1,5399.1,293.11,155.4,919.08,5399.1,5105.990000000001,Wallet,Completed
f05decff-45e7-4a4a-9019-0b81ba74d299,2026_W22,O48749,U32983,P170,2026-05-29 01:22:09,4,2744.23,216.47,131.17,1936.88,10976.92,10760.45,Wallet,Completed
f05decff-45e7-4a4a-9019-0b81ba74d299,2026_W22,O48750,U34767,P92,2026-05-28 20:35:24,2,7099.99,505.42,121.36,2465.02,14199.98,13694.56,Wallet,Completed
f05decff-45e7-4a4a-9019-0b81ba74d299,2026_W22,O48751,U34964,P54,2026-05-30 11:25:46,2,5968.84,809.28,108.8,2003.11,11937.68,11128.4,Debit Card,Completed
f05decff-45e7-4a4a-9019-0b81ba74d299,2026_W22,O48752,U23047,P57,2026-05-30 17:18:28,2,3408.89,956.06,83.62,1055.11,6817.78,5861.719999999999,Credit Card,Completed
f05decff-45e7-4a4a-9019-0b81ba74d299,2026_W22,O48753,U8037,P27,2026-05-27 03:30:57,3,6106.97,799.55,164.97,3153.84,18320.91,17521.36,Wallet,Completed
f05decff-45e7-4a4a-9019-0b81ba74d299,2026_W22,O48754,U559,P79,2026-05-29 14:22:40,1,2810.31,248.25,110.65,461.17,2810.31,2562.06,Wallet,Completed
f05decff-45e7-4a4a-9019-0b81ba74d299,2026_W22,O48755,U26373,P74,2026-05-31 16:28:32,4,8026.5,290.11,72.91,5726.86,32106.0,31815.89,Credit Card,Completed
f05decff-45e7-4a4a-9019-0b81ba74d299,2026_W22,O48756,U6857,P98,2026-05-31 17:15:36,3,3365.14,329.03,121.61,1757.95,10095.42,9766.39,Wallet,Completed
f05decff-45e7-4a4a-9019-0b81ba74d299,2026_W22,O48757,U23424,P72,2026-05-30 18:03:12,1,8163.39,35.69,135.0,1462.99,8163.39,8127.700000000001,Credit Card,Completed
f05decff-45e7-4a4a-9019-0b81ba74d299,2026_W22,O48758,U34980,P91,2026-05-27 04:47:53,4,4627.39,797.97,162.46,3188.09,18509.56,17711.59,Debit Card,Completed
f05decff-45e7-4a4a-9019-0b81ba74d299,2026_W22,O48759,U3461,P13,2026-05-29 19:00:27,1,6805.73,702.06,192.15,1098.66,6805.73,6103.67,Wallet,Completed
f05decff-45e7-4a4a-9019-0b81ba74d299,2026_W22,O48760,U27359,P39,2026-05-25 22:49:08,2,5048.64,1488.83,90.4,1549.52,10097.28,8608.45,UPI,Completed
f05decff-45e7-4a4a-9019-0b81ba74d299,2026_W22,O48761,U32322,P179,2026-05-31 20:14:50,1,6580.06,131.13,181.09,1160.81,6580.06,6448.93,Wallet,Completed
f05decff-45e7-4a4a-9019-0b81ba74d299,2026_W22,O48762,U12556,P135,2026-05-31 14:02:17,4,7738.35,1745.11,131.58,5257.49,30953.4,29208.29,Credit Card,Completed
f05decff-45e7-4a4a-9019-0b81ba74d299,2026_W22,O48763,U14644,P52,2026-05-27 21:43:35,1,4538.36,672.43,137.94,695.87,4538.36,3865.93,Wallet,Completed
f05decff-45e7-4a4a-9019-0b81ba74d299,2026_W22,O48764,U15477,P197,2026-05-29 19:02:21,1,3825.75,326.29,117.67,629.9,3825.75,3499.46,Wallet,Completed
f05decff-45e7-4a4a-9019-0b81ba74d299,2026_W22,O48765,U33168,P169,2026-05-29 22:08:14,4,3759.37,552.35,129.65,2607.32,15037.48,14485.13,Wallet,Completed
f05decff-45e7-4a4a-9019-0b81ba74d299,2026_W22,O48766,U19580,P81,2026-05-31 08:31:21,1,1659.37,175.98,68.48,267.01,1659.37,1483.3899999999999,Wallet,Completed
f05decff-45e7-4a4a-9019-0b81ba74d299,2026_W22,O48767,U21098,P52,2026-05-27 15:50:17,2,4538.36,552.86,133.6,1534.29,9076.72,8523.859999999999,Credit Card,Completed
f05decff-45e7-4a4a-9019-0b81ba74d299,2026_W22,O48768,U21083,P99,2026-05-28 08:21:39,4,4457.11,411.74,99.71,3135.01,17828.44,17416.699999999997,Debit Card,Completed
f05decff-45e7-4a4a-9019-0b81ba74d299,2026_W22,O48769,U1204,P195,2026-05-26 19:42:21,3,3603.97,166.75,71.18,1916.13,10811.91,10645.16,Credit Card,Completed
f05decff-45e7-4a4a-9019-0b81ba74d299,2026_W22,O48770,U34397,P67,2026-05-26 02:02:31,2,6555.74,1628.94,129.74,2066.86,13111.48,11482.539999999999,Wallet,Completed
f05decff-45e7-4a4a-9019-0b81ba74d299,2026_W22,O48771,U22380,P182,2026-05-31 19:57:57,3,6023.28,2259.54,52.79,2845.85,18069.84,15810.3,Credit Card,Completed
f05decff-45e7-4a4a-9019-0b81ba74d299,2026_W22,O48772,U33535,P3,2026-05-29 01:53:31,4,6299.72,3192.1,124.45,3961.22,25198.88,22006.780000000002,Credit Card,Completed
f05decff-45e7-4a4a-9019-0b81ba74d299,2026_W22,O48773,U5837,P46,2026-05-31 02:47:06,3,7595.79,3151.13,82.15,3534.52,22787.37,19636.239999999998,Credit Card,Completed
f05decff-45e7-4a4a-9019-0b81ba74d299,2026_W22,O48774,U5000,P17,2026-05-30 12:54:18,2,3339.42,146.59,126.23,1175.8,6678.84,6532.25,Wallet,Completed
f05decff-45e7-4a4a-9019-0b81ba74d299,2026_W22,O48775,U8060,P111,2026-05-28 16:16:51,3,9541.24,1631.36,58.74,4858.62,28623.72,26992.36,Credit Card,Completed
f05decff-45e7-4a4a-9019-0b81ba74d299,2026_W22,O48776,U30175,P83,2026-05-26 17:08:41,1,5070.2,580.2,132.95,808.2,5070.2,4490.0,Credit Card,Completed
f05decff-45e7-4a4a-9019-0b81ba74d299,2026_W22,O48777,U34220,P178,2026-05-28 14:38:41,1,2500.92,300.59,174.89,396.06,2500.92,2200.33,Wallet,Completed
f05decff-45e7-4a4a-9019-0b81ba74d299,2026_W22,O48778,U10552,P32,2026-05-30 21:40:02,2,3711.51,364.82,128.87,1270.48,7423.02,7058.200000000001,Credit Card,Completed
f05decff-45e7-4a4a-9019-0b81ba74d299,2026_W22,O48779,U33028,P170,2026-05-28 16:06:56,2,2744.23,15.19,65.35,985.19,5488.46,5473.27,Debit Card,Completed
f05decff-45e7-4a4a-9019-0b81ba74d299,2026_W22,O48780,U22796,P92,2026-05-29 13:15:46,1,7099.99,788.13,115.75,1136.13,7099.99,6311.86,Credit Card,Completed
f05decff-45e7-4a4a-9019-0b81ba74d299,2026_W22,O48781,U30340,P138,2026-05-28 12:15:59,1,5599.95,111.45,83.39,987.93,5599.95,5488.5,Wallet,Completed
f05decff-45e7-4a4a-9019-0b81ba74d299,2026_W22,O48782,U28526,P107,2026-05-29 05:05:30,2,3660.65,135.89,135.26,1293.37,7321.3,7185.41,Wallet,Completed
f05decff-45e7-4a4a-9019-0b81ba74d299,2026_W22,O48783,U25435,P92,2026-05-27 18:51:20,2,7099.99,1652.11,156.05,2258.62,14199.98,12547.869999999999,Credit Card,Completed
f05decff-45e7-4a4a-9019-0b81ba74d299,2026_W22,O48784,U23835,P104,2026-05-26 04:20:01,4,5183.53,1870.8,88.96,3395.4,20734.12,18863.32,Wallet,Completed
f05decff-45e7-4a4a-9019-0b81ba74d299,2026_W22,O48785,U31414,P84,2026-05-28 01:57:14,1,8271.97,1019.7,129.48,1305.41,8271.97,7252.2699999999995,Debit Card,Completed
f05decff-45e7-4a4a-9019-0b81ba74d299,2026_W22,O48786,U397,P107,2026-05-29 05:33:40,1,3660.65,233.53,133.34,616.88,3660.65,3427.12,Credit Card,Completed
f05decff-45e7-4a4a-9019-0b81ba74d299,2026_W22,O48787,U21672,P64,2026-05-28 10:54:01,4,5141.6,774.51,87.07,3562.54,20566.4,19791.890000000003,UPI,Completed
f05decff-45e7-4a4a-9019-0b81ba74d299,2026_W22,O48788,U14248,P105,2026-05-28 00:46:18,3,7337.42,1580.95,94.69,3677.64,22012.260000000002,20431.31,Credit Card,Completed
f05decff-45e7-4a4a-9019-0b81ba74d299,2026_W22,O48789,U15998,P81,2026-05-31 17:30:41,4,1659.37,934.45,87.8,1026.55,6637.48,5703.03,Debit Card,Completed
f05decff-45e7-4a4a-9019-0b81ba74d299,2026_W22,O48790,U427,P189,2026-05-31 14:40:21,1,7353.02,274.64,171.38,1274.11,7353.02,7078.38,Wallet,Completed
f05decff-45e7-4a4a-9019-0b81ba74d299,2026_W22,O48791,U28455,P14,2026-05-26 23:32:29,1,4944.6,98.71,173.69,872.26,4944.6,4845.89,Debit Card,Completed
f05decff-45e7-4a4a-9019-0b81ba74d299,2026_W22,O48792,U33121,P100,2026-05-28 05:55:00,2,7089.35,1856.16,130.66,2218.06,14178.7,12322.54,Credit Card,Completed
f05decff-45e7-4a4a-9019-0b81ba74d299,2026_W22,O48793,U27685,P135,2026-05-26 17:19:30,4,7738.35,2721.85,139.8,5081.68,30953.4,28231.550000000003,Wallet,Completed
f05decff-45e7-4a4a-9019-0b81ba74d299,2026_W22,O48794,U1451,P128,2026-05-31 21:02:51,1,3133.44,21.91,155.73,560.08,3133.44,3111.53,UPI,Completed
f05decff-45e7-4a4a-9019-0b81ba74d299,2026_W22,O48795,U32347,P34,2026-05-30 13:32:06,3,8777.08,2271.65,177.85,4330.73,26331.239999999998,24059.589999999997,Wallet,Completed
f05decff-45e7-4a4a-9019-0b81ba74d299,2026_W22,O48796,U5474,P95,2026-05-31 06:46:37,4,1959.5,928.27,61.47,1243.75,7838.0,6909.73,UPI,Completed
f05decff-45e7-4a4a-9019-0b81ba74d299,2026_W22,O48797,U8290,P101,2026-05-27 21:37:24,4,2760.68,777.91,190.74,1847.67,11042.72,10264.81,Wallet,Completed
f05decff-45e7-4a4a-9019-0b81ba74d299,2026_W22,O48798,U29103,P50,2026-05-31 19:34:44,2,2033.45,471.29,71.98,647.21,4066.9,3595.61,Wallet,Completed
f05decff-45e7-4a4a-9019-0b81ba74d299,2026_W22,O48799,U10091,P200,2026-05-28 02:52:36,2,9143.2,2146.4,163.86,2905.2,18286.4,16140.000000000002,UPI,Completed
f05decff-45e7-4a4a-9019-0b81ba74d299,2026_W22,O48800,U22880,P16,2026-05-29 15:19:43,2,4498.86,247.15,108.86,1575.1,8997.72,8750.57,Wallet,Completed
f05decff-45e7-4a4a-9019-0b81ba74d299,2026_W22,O48801,U20771,P37,2026-05-26 21:04:25,4,9886.76,1675.46,122.83,6816.88,39547.04,37871.58,Wallet,Completed
f05decff-45e7-4a4a-9019-0b81ba74d299,2026_W22,O48802,U7632,P76,2026-05-27 01:17:51,2,3664.46,574.05,66.25,1215.88,7328.92,6754.87,Credit Card,Completed
f05decff-45e7-4a4a-9019-0b81ba74d299,2026_W22,O48803,U20594,P27,2026-05-29 07:21:13,3,6106.97,2555.85,136.96,2837.71,18320.91,15765.06,Credit Card,Completed
f05decff-45e7-4a4a-9019-0b81ba74d299,2026_W22,O48804,U4811,P19,2026-05-27 06:16:45,3,10873.73,3409.08,172.84,5258.18,32621.19,29212.11,Credit Card,Completed
f05decff-45e7-4a4a-9019-0b81ba74d299,2026_W22,O48805,U4065,P100,2026-05-27 08:09:18,2,7089.35,561.2,148.57,2451.15,14178.7,13617.5,Wallet,Completed
f05decff-45e7-4a4a-9019-0b81ba74d299,2026_W22,O48806,U34764,P63,2026-05-29 15:27:23,3,5767.08,885.09,182.55,2954.91,17301.239999999998,16416.149999999998,Credit Card,Completed
f05decff-45e7-4a4a-9019-0b81ba74d299,2026_W22,O48807,U22251,P170,2026-05-26 03:09:11,1,2744.23,207.31,140.87,456.65,2744.23,2536.92,Credit Card,Completed
f05decff-45e7-4a4a-9019-0b81ba74d299,2026_W22,O48808,U21721,P43,2026-05-27 06:47:13,1,9948.84,67.74,182.17,1778.6,9948.84,9881.1,Credit Card,Completed
f05decff-45e7-4a4a-9019-0b81ba74d299,2026_W22,O48809,U22885,P20,2026-05-27 23:04:53,3,6465.0,2192.45,63.65,3096.46,19395.0,17202.55,Credit Card,Completed
f05decff-45e7-4a4a-9019-0b81ba74d299,2026_W22,O48810,U26240,P121,2026-05-29 02:52:11,1,9562.01,1258.18,70.64,1494.69,9562.01,8303.83,Debit Card,Completed
f05decff-45e7-4a4a-9019-0b81ba74d299,2026_W22,O48811,U10402,P91,2026-05-29 20:34:14,2,4627.39,830.35,117.59,1516.4,9254.78,8424.43,Wallet,Completed
f05decff-45e7-4a4a-9019-0b81ba74d299,2026_W22,O48812,U23986,P9,2026-05-26 23:48:18,1,5369.05,283.92,175.65,915.32,5369.05,5085.13,Debit Card,Completed
f05decff-45e7-4a4a-9019-0b81ba74d299,2026_W22,O48813,U12416,P74,2026-05-31 14:34:40,1,8026.5,936.37,185.49,1276.22,8026.5,7090.13,Credit Card,Completed
f05decff-45e7-4a4a-9019-0b81ba74d299,2026_W22,O48814,U25938,P151,2026-05-27 07:33:08,2,7426.21,1500.14,71.71,2403.41,14852.42,13352.28,Credit Card,Completed
f05decff-45e7-4a4a-9019-0b81ba74d299,2026_W22,O48815,U28996,P114,2026-05-30 16:52:03,4,4373.67,771.22,56.92,3010.22,17494.68,16723.46,Credit Card,Completed
f05decff-45e7-4a4a-9019-0b81ba74d299,2026_W22,O48816,U11722,P58,2026-05-29 17:01:49,1,2716.51,406.56,155.15,415.79,2716.51,2309.9500000000003,Credit Card,Completed
f05decff-45e7-4a4a-9019-0b81ba74d299,2026_W22,O48817,U23741,P124,2026-05-26 23:15:18,2,7063.56,103.66,148.83,2524.22,14127.12,14023.460000000001,Debit Card,Completed
f05decff-45e7-4a4a-9019-0b81ba74d299,2026_W22,O48818,U5802,P85,2026-05-28 05:04:02,3,7274.5,1632.24,69.66,3634.43,21823.5,20191.26,Credit Card,Completed
f05decff-45e7-4a4a-9019-0b81ba74d299,2026_W22,O48819,U3574,P122,2026-05-29 19:07:48,2,5135.97,359.09,136.08,1784.31,10271.94,9912.85,Debit Card,Completed
f05decff-45e7-4a4a-9019-0b81ba74d299,2026_W22,O48820,U4227,P138,2026-05-31 00:37:43,3,5599.95,520.75,151.91,2930.24,16799.85,16279.099999999999,UPI,Completed
f05decff-45e7-4a4a-9019-0b81ba74d299,2026_W22,O48821,U8395,P32,2026-05-31 06:11:04,3,3711.51,1030.97,105.85,1818.64,11134.53,10103.560000000001,Wallet,Completed
f05decff-45e7-4a4a-9019-0b81ba74d299,2026_W22,O48822,U34166,P67,2026-05-27 19:50:02,4,6555.74,617.03,93.89,4609.07,26222.96,25605.93,Credit Card,Completed
f05decff-45e7-4a4a-9019-0b81ba74d299,2026_W22,O48823,U5101,P41,2026-05-26 14:31:13,2,7272.45,1537.14,175.71,2341.4,14544.9,13007.76,Wallet,Completed
f05decff-45e7-4a4a-9019-0b81ba74d299,2026_W22,O48824,U11090,P142,2026-05-29 16:08:09,1,4531.33,367.13,103.99,749.56,4531.33,4164.2,Debit Card,Completed
f05decff-45e7-4a4a-9019-0b81ba74d299,2026_W22,O48825,U13616,P34,2026-05-26 14:08:48,1,8777.08,218.59,65.39,1540.53,8777.08,8558.49,Wallet,Completed
f05decff-45e7-4a4a-9019-0b81ba74d299,2026_W22,O48826,U360,P23,2026-05-28 03:10:14,2,2281.71,32.07,117.07,815.64,4563.42,4531.35,Wallet,Completed
f05decff-45e7-4a4a-9019-0b81ba74d299,2026_W22,O48827,U5711,P126,2026-05-27 22:44:56,3,7171.16,27.2,132.39,3867.53,21513.48,21486.28,Wallet,Completed
f05decff-45e7-4a4a-9019-0b81ba74d299,2026_W22,O48828,U18096,P7,2026-05-30 20:06:01,2,8530.81,173.37,162.77,3039.88,17061.62,16888.25,UPI,Completed
f05decff-45e7-4a4a-9019-0b81ba74d299,2026_W22,O48829,U5371,P53,2026-05-28 11:23:18,1,8018.26,1149.3,181.92,1236.41,8018.26,6868.96,Debit Card,Completed
f05decff-45e7-4a4a-9019-0b81ba74d299,2026_W22,O48830,U19007,P124,2026-05-26 14:00:15,2,7063.56,691.4,112.07,2418.43,14127.12,13435.720000000001,UPI,Completed
f05decff-45e7-4a4a-9019-0b81ba74d299,2026_W22,O48831,U1108,P50,2026-05-30 23:02:24,2,2033.45,75.42,74.23,718.47,4066.9,3991.48,UPI,Completed
f05decff-45e7-4a4a-9019-0b81ba74d299,2026_W22,O48832,U17360,P142,2026-05-29 00:07:05,2,4531.33,812.65,51.91,1485.0,9062.66,8250.01,Credit Card,Completed
f05decff-45e7-4a4a-9019-0b81ba74d299,2026_W22,O48833,U11723,P172,2026-05-27 22:37:35,2,9925.52,2301.05,158.55,3159.0,19851.04,17549.99,UPI,Completed
f05decff-45e7-4a4a-9019-0b81ba74d299,2026_W22,O48834,U31284,P45,2026-05-30 23:27:02,2,7618.9,993.12,103.72,2564.04,15237.8,14244.679999999998,UPI,Completed
f05decff-45e7-4a4a-9019-0b81ba74d299,2026_W22,O48835,U1856,P41,2026-05-30 19:20:08,4,7272.45,450.43,99.45,5155.09,29089.8,28639.37,Debit Card,Completed
f05decff-45e7-4a4a-9019-0b81ba74d299,2026_W22,O48836,U25333,P147,2026-05-29 03:30:49,2,2240.85,450.39,74.56,725.64,4481.7,4031.31,Credit Card,Completed
f05decff-45e7-4a4a-9019-0b81ba74d299,2026_W22,O48837,U24595,P101,2026-05-28 22:18:47,4,2760.68,527.95,181.7,1892.66,11042.72,10514.769999999999,UPI,Completed
f05decff-45e7-4a4a-9019-0b81ba74d299,2026_W22,O48838,U18804,P100,2026-05-26 23:17:26,2,7089.35,1832.13,96.96,2222.38,14178.7,12346.57,UPI,Completed
f05decff-45e7-4a4a-9019-0b81ba74d299,2026_W22,O48839,U28005,P36,2026-05-26 03:24:59,3,8838.75,355.88,70.56,4708.87,26516.25,26160.37,Debit Card,Completed
f05decff-45e7-4a4a-9019-0b81ba74d299,2026_W22,O48840,U24729,P159,2026-05-29 22:08:54,3,8714.84,3036.76,56.8,4159.4,26144.52,23107.760000000002,Debit Card,Completed
f05decff-45e7-4a4a-9019-0b81ba74d299,2026_W22,O48841,U10077,P5,2026-05-27 13:31:10,2,5785.73,188.77,187.48,2048.88,11571.46,11382.689999999999,Credit Card,Completed
f05decff-45e7-4a4a-9019-0b81ba74d299,2026_W22,O48842,U19956,P10,2026-05-29 08:48:18,1,6983.65,4.07,171.84,1256.32,6983.65,6979.58,Credit Card,Completed
f05decff-45e7-4a4a-9019-0b81ba74d299,2026_W22,O48843,U12434,P15,2026-05-31 09:36:21,1,2472.77,24.33,126.19,440.72,2472.77,2448.44,Wallet,Completed
f05decff-45e7-4a4a-9019-0b81ba74d299,2026_W22,O48844,U427,P62,2026-05-25 21:52:32,4,2150.19,960.46,193.89,1375.25,8600.76,7640.3,Credit Card,Completed
f05decff-45e7-4a4a-9019-0b81ba74d299,2026_W22,O48845,U11269,P90,2026-05-26 16:36:33,2,6467.75,175.3,157.56,2296.84,12935.5,12760.2,UPI,Completed
f05decff-45e7-4a4a-9019-0b81ba74d299,2026_W22,O48846,U2714,P86,2026-05-26 23:15:10,3,7794.14,2075.16,186.06,3835.31,23382.420000000002,21307.260000000002,Wallet,Completed
f05decff-45e7-4a4a-9019-0b81ba74d299,2026_W22,O48847,U11459,P172,2026-05-26 11:22:36,3,9925.52,2784.97,100.43,4858.49,29776.56,26991.59,UPI,Completed
f05decff-45e7-4a4a-9019-0b81ba74d299,2026_W22,O48848,U34845,P3,2026-05-28 12:20:56,4,6299.72,2708.21,198.42,4048.32,25198.88,22490.670000000002,Credit Card,Completed
f05decff-45e7-4a4a-9019-0b81ba74d299,2026_W22,O48849,U10546,P176,2026-05-27 15:43:23,3,3628.75,833.84,65.15,1809.43,10886.25,10052.41,Wallet,Completed
f05decff-45e7-4a4a-9019-0b81ba74d299,2026_W22,O48850,U1102,P33,2026-05-30 19:29:30,4,7861.44,3744.66,108.47,4986.2,31445.76,27701.1,Credit Card,Completed
f05decff-45e7-4a4a-9019-0b81ba74d299,2026_W22,O48851,U29539,P81,2026-05-29 12:28:11,3,1659.37,530.37,175.47,800.59,4978.11,4447.74,Wallet,Completed
f05decff-45e7-4a4a-9019-0b81ba74d299,2026_W22,O48852,U28448,P7,2026-05-31 06:20:25,3,8530.81,2201.12,170.37,4210.44,25592.43,23391.31,UPI,Completed
f05decff-45e7-4a4a-9019-0b81ba74d299,2026_W22,O48853,U23338,P143,2026-05-29 05:50:28,1,6038.03,164.14,129.75,1057.3,6038.03,5873.889999999999,Debit Card,Completed
f05decff-45e7-4a4a-9019-0b81ba74d299,2026_W22,O48854,U19238,P146,2026-05-30 02:05:41,2,4559.37,573.84,152.86,1538.08,9118.74,8544.9,Wallet,Completed
f05decff-45e7-4a4a-9019-0b81ba74d299,2026_W22,O48855,U12734,P184,2026-05-30 07:11:40,3,3886.18,1025.23,82.25,1914.0,11658.539999999999,10633.31,Wallet,Completed
f05decff-45e7-4a4a-9019-0b81ba74d299,2026_W22,O48856,U2770,P155,2026-05-27 08:13:11,2,8707.69,468.19,160.93,3050.49,17415.38,16947.190000000002,Wallet,Completed
f05decff-45e7-4a4a-9019-0b81ba74d299,2026_W22,O48857,U22560,P13,2026-05-28 04:53:44,2,6805.73,5.33,172.01,2449.1,13611.46,13606.13,Credit Card,Completed
f05decff-45e7-4a4a-9019-0b81ba74d299,2026_W22,O48858,U32649,P108,2026-05-27 22:39:36,2,4001.51,881.65,123.07,1281.85,8003.02,7121.370000000001,Wallet,Completed
f05decff-45e7-4a4a-9019-0b81ba74d299,2026_W22,O48859,U21839,P49,2026-05-31 09:04:48,1,4925.87,83.69,190.33,871.59,4925.87,4842.18,Wallet,Completed
f05decff-45e7-4a4a-9019-0b81ba74d299,2026_W22,O48860,U12358,P190,2026-05-29 05:51:26,1,10065.15,336.25,54.12,1751.2,10065.15,9728.9,Credit Card,Completed
f05decff-45e7-4a4a-9019-0b81ba74d299,2026_W22,O48861,U5551,P171,2026-05-29 14:58:15,3,7036.96,1300.1,179.09,3565.94,21110.88,19810.780000000002,Debit Card,Completed
f05decff-45e7-4a4a-9019-0b81ba74d299,2026_W22,O48862,U13121,P162,2026-05-30 19:23:45,3,5576.16,600.69,154.31,2903.0,16728.48,16127.789999999999,Credit Card,Completed
f05decff-45e7-4a4a-9019-0b81ba74d299,2026_W22,O48863,U5444,P167,2026-05-26 10:07:28,1,6729.0,698.74,143.81,1085.45,6729.0,6030.26,Debit Card,Completed
f05decff-45e7-4a4a-9019-0b81ba74d299,2026_W22,O48864,U2312,P164,2026-05-31 09:43:28,3,7269.88,526.3,124.71,3831.0,21809.64,21283.34,Wallet,Completed
f05decff-45e7-4a4a-9019-0b81ba74d299,2026_W22,O48865,U26872,P40,2026-05-26 22:51:17,1,4177.53,570.34,103.18,649.29,4177.53,3607.1899999999996,Wallet,Completed
f05decff-45e7-4a4a-9019-0b81ba74d299,2026_W22,O48866,U8395,P198,2026-05-31 19:14:07,4,8888.97,3655.05,94.88,5742.15,35555.88,31900.829999999998,UPI,Completed
f05decff-45e7-4a4a-9019-0b81ba74d299,2026_W22,O48867,U18582,P45,2026-05-29 01:53:13,1,7618.9,623.67,66.24,1259.14,7618.9,6995.23,Credit Card,Completed
f05decff-45e7-4a4a-9019-0b81ba74d299,2026_W22,O48868,U10616,P124,2026-05-26 03:06:43,1,7063.56,765.79,162.22,1133.6,7063.56,6297.77,UPI,Completed
f05decff-45e7-4a4a-9019-0b81ba74d299,2026_W22,O48869,U7143,P57,2026-05-28 01:17:10,4,3408.89,1892.09,148.44,2113.82,13635.56,11743.47,Debit Card,Completed
f05decff-45e7-4a4a-9019-0b81ba74d299,2026_W22,O48870,U5299,P9,2026-05-30 01:42:26,4,5369.05,2675.4,145.18,3384.14,21476.2,18800.8,UPI,Completed
f05decff-45e7-4a4a-9019-0b81ba74d299,2026_W22,O48871,U18866,P125,2026-05-31 17:21:56,4,5593.86,724.01,117.39,3897.26,22375.44,21651.43,UPI,Completed
f05decff-45e7-4a4a-9019-0b81ba74d299,2026_W22,O48872,U27230,P2,2026-05-30 00:26:43,1,1543.5,12.08,154.41,275.66,1543.5,1531.42,Wallet,Completed
f05decff-45e7-4a4a-9019-0b81ba74d299,2026_W22,O48873,U31284,P111,2026-05-30 04:30:40,2,9541.24,1052.14,175.6,3245.46,19082.48,18030.34,UPI,Completed
f05decff-45e7-4a4a-9019-0b81ba74d299,2026_W22,O48874,U29843,P110,2026-05-30 18:38:44,2,1984.17,565.22,89.12,612.56,3968.34,3403.12,Wallet,Completed
f05decff-45e7-4a4a-9019-0b81ba74d299,2026_W22,O48875,U34619,P92,2026-05-30 21:39:34,2,7099.99,1822.72,109.46,2227.91,14199.98,12377.26,Credit Card,Completed
f05decff-45e7-4a4a-9019-0b81ba74d299,2026_W22,O48876,U25713,P127,2026-05-26 06:32:25,2,9140.26,1140.43,88.07,3085.22,18280.52,17140.09,Credit Card,Completed
f05decff-45e7-4a4a-9019-0b81ba74d299,2026_W22,O48877,U12888,P76,2026-05-30 03:39:21,1,3664.46,136.09,66.26,635.11,3664.46,3528.37,UPI,Completed
f05decff-45e7-4a4a-9019-0b81ba74d299,2026_W22,O48878,U31394,P141,2026-05-27 15:34:32,3,6658.31,1463.76,63.25,3332.01,19974.93,18511.170000000002,Credit Card,Completed
f05decff-45e7-4a4a-9019-0b81ba74d299,2026_W22,O48879,U29279,P97,2026-05-31 17:45:41,1,5383.07,378.0,186.8,900.91,5383.07,5005.07,Wallet,Completed
f05decff-45e7-4a4a-9019-0b81ba74d299,2026_W22,O48880,U29535,P90,2026-05-26 00:09:00,2,6467.75,1301.6,185.9,2094.1,12935.5,11633.9,Debit Card,Completed
f05decff-45e7-4a4a-9019-0b81ba74d299,2026_W22,O48881,U24706,P91,2026-05-26 15:45:37,1,4627.39,594.47,77.68,725.93,4627.39,4032.92,Credit Card,Completed
f05decff-45e7-4a4a-9019-0b81ba74d299,2026_W22,O48882,U33028,P73,2026-05-31 08:33:37,2,10930.99,1096.87,57.27,3737.72,21861.98,20765.11,Debit Card,Completed
f05decff-45e7-4a4a-9019-0b81ba74d299,2026_W22,O48883,U11440,P100,2026-05-27 19:49:28,1,7089.35,503.91,58.79,1185.38,7089.35,6585.4400000000005,Debit Card,Completed
f05decff-45e7-4a4a-9019-0b81ba74d299,2026_W22,O48884,U1663,P42,2026-05-30 13:59:43,2,5949.92,1023.76,130.14,1957.69,11899.84,10876.08,Debit Card,Completed
f05decff-45e7-4a4a-9019-0b81ba74d299,2026_W22,O48885,U24165,P52,2026-05-26 00:48:43,3,4538.36,810.88,101.36,2304.76,13615.079999999998,12804.199999999999,UPI,Completed
f05decff-45e7-4a4a-9019-0b81ba74d299,2026_W22,O48886,U2471,P12,2026-05-27 21:09:56,4,7089.88,2304.61,90.49,4689.88,28359.52,26054.91,Debit Card,Completed
f05decff-45e7-4a4a-9019-0b81ba74d299,2026_W22,O48887,U20,P105,2026-05-29 22:07:03,2,7337.42,1409.73,161.3,2387.72,14674.84,13265.11,Wallet,Completed
f05decff-45e7-4a4a-9019-0b81ba74d299,2026_W22,O48888,U24446,P128,2026-05-28 13:35:09,3,3133.44,575.57,175.37,1588.46,9400.32,8824.75,UPI,Completed
f05decff-45e7-4a4a-9019-0b81ba74d299,2026_W22,O48889,U4943,P32,2026-05-31 16:23:29,3,3711.51,853.87,194.3,1850.52,11134.53,10280.66,Wallet,Completed
f05decff-45e7-4a4a-9019-0b81ba74d299,2026_W22,O48890,U22318,P143,2026-05-31 09:30:32,2,6038.03,948.53,176.53,2002.96,12076.06,11127.529999999999,Credit Card,Completed
f05decff-45e7-4a4a-9019-0b81ba74d299,2026_W22,O48891,U17238,P177,2026-05-26 15:16:13,1,5607.98,64.0,89.19,997.92,5607.98,5543.98,Wallet,Completed
f05decff-45e7-4a4a-9019-0b81ba74d299,2026_W22,O48892,U18400,P120,2026-05-27 19:19:13,3,8125.66,3114.87,177.08,3827.18,24376.98,21262.11,UPI,Completed
f05decff-45e7-4a4a-9019-0b81ba74d299,2026_W22,O48893,U8551,P129,2026-05-30 03:58:04,4,5625.8,668.16,119.74,3930.31,22503.2,21835.04,UPI,Completed
f05decff-45e7-4a4a-9019-0b81ba74d299,2026_W22,O48894,U27911,P72,2026-05-28 04:04:11,4,8163.39,3642.96,136.91,5221.91,32653.56,29010.600000000002,Debit Card,Completed
f05decff-45e7-4a4a-9019-0b81ba74d299,2026_W22,O48895,U7880,P181,2026-05-31 14:31:40,1,8581.69,1162.93,104.31,1335.38,8581.69,7418.76,Credit Card,Completed
f05decff-45e7-4a4a-9019-0b81ba74d299,2026_W22,O48896,U31210,P93,2026-05-26 15:10:14,3,5224.43,1141.95,164.59,2615.64,15673.29,14531.34,Credit Card,Completed
f05decff-45e7-4a4a-9019-0b81ba74d299,2026_W22,O48897,U14056,P133,2026-05-30 06:01:07,3,7230.51,2551.85,140.33,3445.14,21691.53,19139.68,Wallet,Completed
f05decff-45e7-4a4a-9019-0b81ba74d299,2026_W22,O48898,U15936,P192,2026-05-28 15:22:39,3,8471.85,1313.61,52.87,4338.35,25415.550000000003,24101.940000000002,Credit Card,Completed
f05decff-45e7-4a4a-9019-0b81ba74d299,2026_W22,O48899,U25865,P82,2026-05-26 05:59:57,1,1796.79,236.64,92.88,280.83,1796.79,1560.15,Wallet,Completed
f05decff-45e7-4a4a-9019-0b81ba74d299,2026_W22,O48900,U33748,P143,2026-05-27 08:18:41,3,6038.03,1302.76,186.05,3026.04,18114.09,16811.33,Credit Card,Completed
f05decff-45e7-4a4a-9019-0b81ba74d299,2026_W22,O48901,U9110,P139,2026-05-30 16:12:20,3,7513.32,1295.19,119.73,3824.06,22539.96,21244.77,Debit Card,Completed
f05decff-45e7-4a4a-9019-0b81ba74d299,2026_W22,O48902,U1737,P181,2026-05-26 12:18:00,3,8581.69,1605.82,196.45,4345.06,25745.07,24139.25,UPI,Completed
f05decff-45e7-4a4a-9019-0b81ba74d299,2026_W22,O48903,U14691,P100,2026-05-26 22:56:50,3,7089.35,538.46,52.68,3731.33,21268.050000000003,20729.590000000004,Debit Card,Completed
f05decff-45e7-4a4a-9019-0b81ba74d299,2026_W22,O48904,U9434,P113,2026-05-26 19:29:19,1,2934.32,95.93,68.88,510.91,2934.32,2838.3900000000003,UPI,Completed
f05decff-45e7-4a4a-9019-0b81ba74d299,2026_W22,O48905,U1179,P192,2026-05-30 09:26:02,3,8471.85,1964.58,87.63,4221.17,25415.550000000003,23450.97,Wallet,Completed
f05decff-45e7-4a4a-9019-0b81ba74d299,2026_W22,O48906,U1085,P100,2026-05-28 23:36:39,3,7089.35,2145.87,169.47,3441.99,21268.050000000003,19122.180000000004,Credit Card,Completed
f05decff-45e7-4a4a-9019-0b81ba74d299,2026_W22,O48907,U19026,P106,2026-05-29 14:56:00,4,5172.75,2203.35,151.28,3327.78,20691.0,18487.65,Wallet,Completed
f05decff-45e7-4a4a-9019-0b81ba74d299,2026_W22,O48908,U27024,P196,2026-05-28 11:45:23,2,7726.11,1971.98,98.34,2426.44,15452.22,13480.24,Wallet,Completed
f05decff-45e7-4a4a-9019-0b81ba74d299,2026_W22,O48909,U23960,P195,2026-05-31 01:44:47,3,3603.97,440.76,110.91,1866.81,10811.91,10371.15,UPI,Completed
f05decff-45e7-4a4a-9019-0b81ba74d299,2026_W22,O48910,U12199,P64,2026-05-31 05:13:28,4,5141.6,2718.15,76.32,3212.68,20566.4,17848.25,UPI,Completed
f05decff-45e7-4a4a-9019-0b81ba74d299,2026_W22,O48911,U29932,P178,2026-05-26 18:53:45,2,2500.92,505.36,181.82,809.37,5001.84,4496.4800000000005,Debit Card,Completed
f05decff-45e7-4a4a-9019-0b81ba74d299,2026_W22,O48912,U21603,P81,2026-05-26 06:11:40,1,1659.37,221.72,133.32,258.78,1659.37,1437.6499999999999,Debit Card,Completed
f05decff-45e7-4a4a-9019-0b81ba74d299,2026_W22,O48913,U33115,P67,2026-05-29 23:09:21,1,6555.74,524.91,84.51,1085.55,6555.74,6030.83,Debit Card,Completed
f05decff-45e7-4a4a-9019-0b81ba74d299,2026_W22,O48914,U15002,P65,2026-05-28 16:54:13,3,1802.09,683.77,54.95,850.05,5406.2699999999995,4722.5,UPI,Completed
f05decff-45e7-4a4a-9019-0b81ba74d299,2026_W22,O48915,U27080,P11,2026-05-29 12:26:14,4,4897.66,2014.62,56.73,3163.68,19590.64,17576.02,Debit Card,Completed
f05decff-45e7-4a4a-9019-0b81ba74d299,2026_W22,O48916,U14767,P151,2026-05-26 19:31:29,4,7426.21,2946.8,143.52,4816.45,29704.84,26758.04,Debit Card,Completed
f05decff-45e7-4a4a-9019-0b81ba74d299,2026_W22,O48917,U29383,P160,2026-05-30 18:29:42,1,6919.48,802.07,185.01,1101.13,6919.48,6117.41,UPI,Completed
f05decff-45e7-4a4a-9019-0b81ba74d299,2026_W22,O48918,U24892,P127,2026-05-30 09:38:37,2,9140.26,359.9,129.31,3225.71,18280.52,17920.62,UPI,Completed
f05decff-45e7-4a4a-9019-0b81ba74d299,2026_W22,O48919,U844,P45,2026-05-30 14:38:32,1,7618.9,599.12,97.86,1263.56,7618.9,7019.78,Debit Card,Completed
f05decff-45e7-4a4a-9019-0b81ba74d299,2026_W22,O48920,U4918,P72,2026-05-27 22:30:58,2,8163.39,341.62,143.6,2877.33,16326.78,15985.16,Credit Card,Completed
f05decff-45e7-4a4a-9019-0b81ba74d299,2026_W22,O48921,U26220,P125,2026-05-26 01:29:10,4,5593.86,1052.21,162.03,3838.18,22375.44,21323.23,Wallet,Completed
f05decff-45e7-4a4a-9019-0b81ba74d299,2026_W22,O48922,U30178,P184,2026-05-28 17:33:05,4,3886.18,561.16,101.24,2697.04,15544.72,14983.56,Wallet,Completed
f05decff-45e7-4a4a-9019-0b81ba74d299,2026_W22,O48923,U20156,P33,2026-05-31 07:41:02,3,7861.44,26.21,169.46,4240.46,23584.32,23558.11,Debit Card,Completed
f05decff-45e7-4a4a-9019-0b81ba74d299,2026_W22,O48924,U29782,P66,2026-05-30 09:04:19,4,5399.1,1564.01,69.24,3605.83,21596.4,20032.390000000003,Debit Card,Completed
f05decff-45e7-4a4a-9019-0b81ba74d299,2026_W22,O48925,U11694,P58,2026-05-28 06:49:28,3,2716.51,104.46,167.85,1448.11,8149.530000000001,8045.070000000001,Wallet,Completed
f05decff-45e7-4a4a-9019-0b81ba74d299,2026_W22,O48926,U11034,P15,2026-05-30 09:24:24,1,2472.77,309.02,52.7,389.48,2472.77,2163.75,Debit Card,Completed
f05decff-45e7-4a4a-9019-0b81ba74d299,2026_W22,O48927,U11090,P98,2026-05-26 04:22:22,2,3365.14,233.94,163.66,1169.34,6730.28,6496.34,Debit Card,Completed
f05decff-45e7-4a4a-9019-0b81ba74d299,2026_W22,O48928,U22771,P138,2026-05-29 00:42:41,3,5599.95,1899.05,89.8,2682.14,16799.85,14900.8,UPI,Completed
f05decff-45e7-4a4a-9019-0b81ba74d299,2026_W22,O48929,U8048,P61,2026-05-30 09:57:06,1,7261.62,616.58,178.22,1196.11,7261.62,6645.04,Debit Card,Completed
f05decff-45e7-4a4a-9019-0b81ba74d299,2026_W22,O48930,U3461,P78,2026-05-27 13:41:31,4,4707.59,1497.65,95.97,3119.89,18830.36,17332.71,Wallet,Completed
f05decff-45e7-4a4a-9019-0b81ba74d299,2026_W22,O48931,U12740,P154,2026-05-27 16:38:16,2,4135.27,1094.48,85.86,1291.69,8270.54,7176.060000000001,Wallet,Completed
f05decff-45e7-4a4a-9019-0b81ba74d299,2026_W22,O48932,U13179,P106,2026-05-31 12:52:24,2,5172.75,1244.76,115.14,1638.13,10345.5,9100.74,Debit Card,Completed
f05decff-45e7-4a4a-9019-0b81ba74d299,2026_W22,O48933,U1136,P11,2026-05-31 12:17:08,2,4897.66,906.23,191.48,1600.04,9795.32,8889.09,UPI,Completed
f05decff-45e7-4a4a-9019-0b81ba74d299,2026_W22,O48934,U24472,P143,2026-05-26 11:41:46,2,6038.03,1497.03,174.12,1904.23,12076.06,10579.029999999999,UPI,Completed
f05decff-45e7-4a4a-9019-0b81ba74d299,2026_W22,O48935,U17875,P109,2026-05-31 17:47:57,4,5251.93,1044.01,186.79,3593.47,21007.72,19963.710000000003,Debit Card,Completed
f05decff-45e7-4a4a-9019-0b81ba74d299,2026_W22,O48936,U1973,P66,2026-05-29 04:25:57,3,5399.1,880.47,128.1,2757.03,16197.300000000001,15316.830000000002,UPI,Completed
f05decff-45e7-4a4a-9019-0b81ba74d299,2026_W22,O48937,U32941,P6,2026-05-28 19:27:48,3,7042.99,902.15,94.67,3640.83,21128.97,20226.82,Wallet,Completed
f05decff-45e7-4a4a-9019-0b81ba74d299,2026_W22,O48938,U27659,P25,2026-05-27 17:48:54,1,4602.38,447.86,92.29,747.81,4602.38,4154.52,Credit Card,Completed
f05decff-45e7-4a4a-9019-0b81ba74d299,2026_W22,O48939,U23338,P39,2026-05-29 13:09:15,2,5048.64,1350.19,159.84,1574.48,10097.28,8747.09,UPI,Completed
f05decff-45e7-4a4a-9019-0b81ba74d299,2026_W22,O48940,U14344,P124,2026-05-29 22:59:40,4,7063.56,170.68,86.55,5055.04,28254.24,28083.56,Credit Card,Completed
f05decff-45e7-4a4a-9019-0b81ba74d299,2026_W22,O48941,U11749,P11,2026-05-28 07:05:05,4,4897.66,434.49,69.4,3448.11,19590.64,19156.149999999998,Debit Card,Completed
f05decff-45e7-4a4a-9019-0b81ba74d299,2026_W22,O48942,U14344,P125,2026-05-27 21:20:59,3,5593.86,1937.82,115.33,2671.88,16781.579999999998,14843.759999999998,Credit Card,Completed
f05decff-45e7-4a4a-9019-0b81ba74d299,2026_W22,O48943,U32417,P159,2026-05-29 01:55:08,3,8714.84,682.08,118.78,4583.24,26144.52,25462.44,Credit Card,Completed
f05decff-45e7-4a4a-9019-0b81ba74d299,2026_W22,O48944,U20396,P85,2026-05-31 14:32:48,1,7274.5,469.72,132.74,1224.86,7274.5,6804.78,UPI,Completed
f05decff-45e7-4a4a-9019-0b81ba74d299,2026_W22,O48945,U9909,P129,2026-05-27 13:21:08,2,5625.8,189.13,71.49,1991.24,11251.6,11062.470000000001,Debit Card,Completed
f05decff-45e7-4a4a-9019-0b81ba74d299,2026_W22,O48946,U9949,P14,2026-05-27 11:01:24,1,4944.6,540.76,125.04,792.69,4944.6,4403.84,Wallet,Completed
f05decff-45e7-4a4a-9019-0b81ba74d299,2026_W22,O48947,U26978,P111,2026-05-27 04:16:24,1,9541.24,1030.45,137.13,1531.94,9541.24,8510.789999999999,Debit Card,Completed
f05decff-45e7-4a4a-9019-0b81ba74d299,2026_W22,O48948,U14148,P52,2026-05-27 12:47:57,4,4538.36,685.15,191.07,3144.29,18153.44,17468.289999999997,UPI,Completed
f05decff-45e7-4a4a-9019-0b81ba74d299,2026_W22,O48949,U22218,P16,2026-05-26 10:09:25,3,4498.86,382.13,61.18,2360.6,13496.579999999998,13114.449999999999,Wallet,Completed
f05decff-45e7-4a4a-9019-0b81ba74d299,2026_W22,O48950,U32299,P27,2026-05-27 19:32:10,1,6106.97,136.8,65.25,1074.63,6106.97,5970.17,Debit Card,Completed
f05decff-45e7-4a4a-9019-0b81ba74d299,2026_W22,O48951,U27740,P119,2026-05-30 00:17:38,3,10133.79,4145.56,143.16,4726.05,30401.370000000003,26255.81,Credit Card,Completed
f05decff-45e7-4a4a-9019-0b81ba74d299,2026_W22,O48952,U13349,P160,2026-05-26 15:55:04,1,6919.48,326.66,160.17,1186.71,6919.48,6592.82,Debit Card,Completed
f05decff-45e7-4a4a-9019-0b81ba74d299,2026_W22,O48953,U1771,P150,2026-05-30 02:50:55,3,7278.62,1743.49,105.01,3616.63,21835.86,20092.37,UPI,Completed
f05decff-45e7-4a4a-9019-0b81ba74d299,2026_W22,O48954,U12423,P23,2026-05-28 11:39:44,2,2281.71,124.67,144.23,798.98,4563.42,4438.75,Debit Card,Completed
f05decff-45e7-4a4a-9019-0b81ba74d299,2026_W22,O48955,U22549,P65,2026-05-29 00:12:03,1,1802.09,164.0,121.48,294.86,1802.09,1638.09,Credit Card,Completed
f05decff-45e7-4a4a-9019-0b81ba74d299,2026_W22,O48956,U23832,P30,2026-05-29 11:44:50,4,10909.65,748.23,109.65,7720.27,43638.6,42890.369999999995,Credit Card,Completed
f05decff-45e7-4a4a-9019-0b81ba74d299,2026_W22,O48957,U13328,P102,2026-05-28 23:00:22,3,3001.78,224.86,141.57,1580.49,9005.34,8780.48,Credit Card,Completed
f05decff-45e7-4a4a-9019-0b81ba74d299,2026_W22,O48958,U17459,P131,2026-05-29 16:11:55,4,5156.93,42.48,179.89,3705.34,20627.72,20585.24,Credit Card,Completed
f05decff-45e7-4a4a-9019-0b81ba74d299,2026_W22,O48959,U24820,P114,2026-05-30 03:38:10,4,4373.67,1267.29,141.72,2920.93,17494.68,16227.39,Wallet,Completed
f05decff-45e7-4a4a-9019-0b81ba74d299,2026_W22,O48960,U6016,P73,2026-05-30 21:29:30,4,10930.99,971.28,80.32,7695.48,43723.96,42752.68,Credit Card,Completed
f05decff-45e7-4a4a-9019-0b81ba74d299,2026_W22,O48961,U8038,P116,2026-05-29 17:08:33,4,4661.13,2362.84,81.1,2930.7,18644.52,16281.68,Debit Card,Completed
f05decff-45e7-4a4a-9019-0b81ba74d299,2026_W22,O48962,U33256,P109,2026-05-30 22:39:58,1,5251.93,335.21,141.39,885.01,5251.93,4916.72,Wallet,Completed
f05decff-45e7-4a4a-9019-0b81ba74d299,2026_W22,O48963,U33883,P183,2026-05-27 15:38:15,1,9215.45,50.85,142.4,1649.63,9215.45,9164.6,Wallet,Completed
f05decff-45e7-4a4a-9019-0b81ba74d299,2026_W22,O48964,U14191,P129,2026-05-26 12:30:51,4,5625.8,3225.36,136.82,3470.01,22503.2,19277.84,Debit Card,Completed
f05decff-45e7-4a4a-9019-0b81ba74d299,2026_W22,O48965,U17986,P117,2026-05-29 23:45:00,3,3717.32,1183.9,52.75,1794.25,11151.960000000001,9968.060000000001,UPI,Completed
f05decff-45e7-4a4a-9019-0b81ba74d299,2026_W22,O48966,U10666,P93,2026-05-29 03:22:50,2,5224.43,173.22,153.18,1849.62,10448.86,10275.640000000001,Credit Card,Completed
f05decff-45e7-4a4a-9019-0b81ba74d299,2026_W22,O48967,U18746,P113,2026-05-28 14:15:26,2,2934.32,249.75,99.58,1011.4,5868.64,5618.89,UPI,Completed
f05decff-45e7-4a4a-9019-0b81ba74d299,2026_W22,O48968,U27196,P172,2026-05-28 10:36:34,3,9925.52,922.12,149.12,5193.8,29776.56,28854.440000000002,Wallet,Completed
f05decff-45e7-4a4a-9019-0b81ba74d299,2026_W22,O48969,U18096,P71,2026-05-30 12:02:24,4,5001.28,671.25,182.17,3480.1,20005.12,19333.87,Debit Card,Completed
f05decff-45e7-4a4a-9019-0b81ba74d299,2026_W22,O48970,U13734,P39,2026-05-30 00:20:14,1,5048.64,217.78,89.68,869.55,5048.64,4830.860000000001,Credit Card,Completed
f05decff-45e7-4a4a-9019-0b81ba74d299,2026_W22,O48971,U10844,P72,2026-05-30 12:55:02,2,8163.39,1831.49,117.2,2609.15,16326.78,14495.29,Wallet,Completed
f05decff-45e7-4a4a-9019-0b81ba74d299,2026_W22,O48972,U8302,P89,2026-05-26 18:04:23,2,7149.14,1944.49,75.73,2223.68,14298.28,12353.79,Wallet,Completed
f05decff-45e7-4a4a-9019-0b81ba74d299,2026_W22,O48973,U9246,P74,2026-05-29 14:08:13,2,8026.5,259.4,109.52,2842.85,16053.0,15793.6,Debit Card,Completed
f05decff-45e7-4a4a-9019-0b81ba74d299,2026_W22,O48974,U31723,P115,2026-05-31 11:27:36,3,8486.85,3197.89,143.51,4007.28,25460.550000000003,22262.660000000003,Credit Card,Completed
f05decff-45e7-4a4a-9019-0b81ba74d299,2026_W22,O48975,U13328,P105,2026-05-28 05:46:56,2,7337.42,943.42,167.32,2471.66,14674.84,13731.42,UPI,Completed
f05decff-45e7-4a4a-9019-0b81ba74d299,2026_W22,O48976,U27014,P197,2026-05-28 23:57:23,1,3825.75,88.8,179.29,672.65,3825.75,3736.95,Wallet,Completed
f05decff-45e7-4a4a-9019-0b81ba74d299,2026_W22,O48977,U25180,P197,2026-05-26 16:51:47,1,3825.75,295.69,65.58,635.41,3825.75,3530.06,UPI,Completed
f05decff-45e7-4a4a-9019-0b81ba74d299,2026_W22,O48978,U24750,P200,2026-05-31 15:57:11,4,9143.2,3520.41,83.67,5949.43,36572.8,33052.39,Wallet,Completed
f05decff-45e7-4a4a-9019-0b81ba74d299,2026_W22,O48979,U4514,P83,2026-05-30 09:09:18,2,5070.2,838.68,51.68,1674.31,10140.4,9301.72,Debit Card,Completed
f05decff-45e7-4a4a-9019-0b81ba74d299,2026_W22,O48980,U1224,P136,2026-05-30 10:43:57,1,2314.22,64.34,108.58,404.98,2314.22,2249.8799999999997,Debit Card,Completed
f05decff-45e7-4a4a-9019-0b81ba74d299,2026_W22,O48981,U6321,P71,2026-05-26 11:14:28,4,5001.28,1022.19,131.13,3416.93,20005.12,18982.93,Debit Card,Completed
f05decff-45e7-4a4a-9019-0b81ba74d299,2026_W22,O48982,U28957,P115,2026-05-29 09:25:59,2,8486.85,870.97,196.16,2898.49,16973.7,16102.730000000001,UPI,Completed
f05decff-45e7-4a4a-9019-0b81ba74d299,2026_W22,O48983,U16204,P35,2026-05-30 10:34:02,1,3801.69,543.41,117.36,586.49,3801.69,3258.28,Debit Card,Completed
f05decff-45e7-4a4a-9019-0b81ba74d299,2026_W22,O48984,U10344,P190,2026-05-27 06:14:08,3,10065.15,4215.82,137.25,4676.33,30195.449999999997,25979.629999999997,Wallet,Completed
f05decff-45e7-4a4a-9019-0b81ba74d299,2026_W22,O48985,U24939,P181,2026-05-30 00:47:20,4,8581.69,2700.66,195.14,5692.7,34326.76,31626.100000000002,Debit Card,Completed
f05decff-45e7-4a4a-9019-0b81ba74d299,2026_W22,O48986,U4960,P6,2026-05-31 05:42:12,3,7042.99,47.61,93.36,3794.64,21128.97,21081.36,UPI,Completed
f05decff-45e7-4a4a-9019-0b81ba74d299,2026_W22,O48987,U6980,P190,2026-05-31 04:26:05,4,10065.15,2072.14,186.22,6873.92,40260.6,38188.46,Credit Card,Completed
f05decff-45e7-4a4a-9019-0b81ba74d299,2026_W22,O48988,U3692,P9,2026-05-30 08:09:03,3,5369.05,1817.01,183.02,2572.23,16107.150000000001,14290.140000000001,Credit Card,Completed
f05decff-45e7-4a4a-9019-0b81ba74d299,2026_W22,O48989,U28127,P80,2026-05-29 08:20:04,3,7227.02,2552.3,112.51,3443.18,21681.06,19128.760000000002,Debit Card,Completed
f05decff-45e7-4a4a-9019-0b81ba74d299,2026_W22,O48990,U9251,P77,2026-05-26 20:46:34,4,6432.15,2057.09,175.2,4260.87,25728.6,23671.51,Debit Card,Completed
f05decff-45e7-4a4a-9019-0b81ba74d299,2026_W22,O48991,U6841,P131,2026-05-26 16:25:19,2,5156.93,1460.61,158.34,1593.58,10313.86,8853.25,Debit Card,Completed
f05decff-45e7-4a4a-9019-0b81ba74d299,2026_W22,O48992,U8765,P46,2026-05-27 06:55:24,2,7595.79,1588.41,100.48,2448.57,15191.58,13603.17,Credit Card,Completed
f05decff-45e7-4a4a-9019-0b81ba74d299,2026_W22,O48993,U2725,P190,2026-05-31 07:14:18,3,10065.15,3334.44,150.84,4834.98,30195.449999999997,26861.01,Wallet,Completed
f05decff-45e7-4a4a-9019-0b81ba74d299,2026_W22,O48994,U3805,P151,2026-05-28 12:20:18,2,7426.21,1058.56,160.66,2482.89,14852.42,13793.86,UPI,Completed
f05decff-45e7-4a4a-9019-0b81ba74d299,2026_W22,O48995,U19365,P59,2026-05-28 13:07:05,2,4892.96,192.94,146.62,1726.74,9785.92,9592.98,UPI,Completed
f05decff-45e7-4a4a-9019-0b81ba74d299,2026_W22,O48996,U22321,P8,2026-05-29 05:03:42,2,7997.84,1869.97,102.85,2542.63,15995.68,14125.710000000001,Wallet,Completed
f05decff-45e7-4a4a-9019-0b81ba74d299,2026_W22,O48997,U28349,P77,2026-05-30 04:05:56,1,6432.15,336.4,123.84,1097.23,6432.15,6095.75,Debit Card,Completed
f05decff-45e7-4a4a-9019-0b81ba74d299,2026_W22,O48998,U7526,P164,2026-05-31 02:10:04,4,7269.88,2025.58,54.88,4869.71,29079.52,27053.940000000002,UPI,Completed
f05decff-45e7-4a4a-9019-0b81ba74d299,2026_W22,O48999,U5299,P79,2026-05-27 18:34:52,1,2810.31,39.99,181.32,498.66,2810.31,2770.32,Credit Card,Completed
f05decff-45e7-4a4a-9019-0b81ba74d299,2026_W22,O49000,U32730,P132,2026-05-29 18:57:14,3,5087.03,245.91,173.82,2702.73,15261.09,15015.18,Wallet,Completed
f05decff-45e7-4a4a-9019-0b81ba74d299,2026_W22,O49001,U3815,P2,2026-05-30 12:26:45,4,1543.5,696.29,193.05,985.99,6174.0,5477.71,Credit Card,Completed
f05decff-45e7-4a4a-9019-0b81ba74d299,2026_W22,O49002,U14426,P154,2026-05-31 17:31:53,4,4135.27,1453.67,123.11,2715.73,16541.08,15087.410000000002,Debit Card,Completed
f05decff-45e7-4a4a-9019-0b81ba74d299,2026_W22,O49003,U7529,P123,2026-05-28 09:08:47,4,2425.48,1016.49,126.64,1563.38,9701.92,8685.43,Wallet,Completed
f05decff-45e7-4a4a-9019-0b81ba74d299,2026_W22,O49004,U3772,P194,2026-05-30 21:59:45,3,3163.97,365.49,153.1,1642.76,9491.91,9126.42,UPI,Completed
f05decff-45e7-4a4a-9019-0b81ba74d299,2026_W22,O49005,U25259,P168,2026-05-27 03:12:02,4,4263.52,1251.16,139.68,2844.53,17054.08,15802.920000000002,Wallet,Completed
f05decff-45e7-4a4a-9019-0b81ba74d299,2026_W22,O49006,U6215,P167,2026-05-31 10:28:57,2,6729.0,798.84,75.24,2278.65,13458.0,12659.16,Credit Card,Completed
f05decff-45e7-4a4a-9019-0b81ba74d299,2026_W22,O49007,U26763,P194,2026-05-29 15:43:12,3,3163.97,1017.55,60.93,1525.38,9491.91,8474.36,Credit Card,Completed
f05decff-45e7-4a4a-9019-0b81ba74d299,2026_W22,O49008,U28768,P112,2026-05-27 21:11:35,1,4659.89,430.73,108.72,761.25,4659.89,4229.16,UPI,Completed
f05decff-45e7-4a4a-9019-0b81ba74d299,2026_W22,O49009,U32543,P198,2026-05-30 10:37:46,3,8888.97,3949.92,197.59,4089.06,26666.909999999996,22716.989999999998,Debit Card,Completed
f05decff-45e7-4a4a-9019-0b81ba74d299,2026_W22,O49010,U17015,P136,2026-05-28 20:40:21,3,2314.22,863.34,177.7,1094.28,6942.66,6079.32,UPI,Completed
f05decff-45e7-4a4a-9019-0b81ba74d299,2026_W22,O49011,U15423,P136,2026-05-28 21:17:41,4,2314.22,802.7,52.79,1521.75,9256.88,8454.179999999998,Wallet,Completed
f05decff-45e7-4a4a-9019-0b81ba74d299,2026_W22,O49012,U2471,P143,2026-05-26 14:54:25,1,6038.03,510.53,60.41,994.95,6038.03,5527.5,Debit Card,Completed
f05decff-45e7-4a4a-9019-0b81ba74d299,2026_W22,O49013,U10693,P61,2026-05-25 23:09:18,4,7261.62,3049.5,51.31,4679.46,29046.48,25996.98,Debit Card,Completed
f05decff-45e7-4a4a-9019-0b81ba74d299,2026_W22,O49014,U24341,P59,2026-05-29 07:31:48,2,4892.96,944.18,195.29,1591.51,9785.92,8841.74,Credit Card,Completed
f05decff-45e7-4a4a-9019-0b81ba74d299,2026_W22,O49015,U7426,P68,2026-05-27 14:36:57,1,10947.39,1511.21,142.87,1698.51,10947.39,9436.18,Wallet,Completed
f05decff-45e7-4a4a-9019-0b81ba74d299,2026_W22,O49016,U20609,P6,2026-05-29 19:09:59,3,7042.99,1126.32,188.97,3600.48,21128.97,20002.65,Debit Card,Completed
f05decff-45e7-4a4a-9019-0b81ba74d299,2026_W22,O49017,U14159,P146,2026-05-27 01:46:11,2,4559.37,297.72,108.5,1587.78,9118.74,8821.02,Wallet,Completed
f05decff-45e7-4a4a-9019-0b81ba74d299,2026_W22,O49018,U4689,P53,2026-05-28 05:44:03,2,8018.26,2204.86,156.34,2489.7,16036.52,13831.66,Wallet,Completed
f05decff-45e7-4a4a-9019-0b81ba74d299,2026_W22,O49019,U3629,P23,2026-05-31 03:12:22,1,2281.71,281.74,137.26,359.99,2281.71,1999.97,Credit Card,Completed
f05decff-45e7-4a4a-9019-0b81ba74d299,2026_W22,O49020,U8533,P23,2026-05-30 06:24:22,3,2281.71,664.29,116.73,1112.55,6845.13,6180.84,Wallet,Completed
f05decff-45e7-4a4a-9019-0b81ba74d299,2026_W22,O49021,U9338,P163,2026-05-28 23:57:19,2,2156.08,520.68,141.56,682.47,4312.16,3791.48,UPI,Completed
f05decff-45e7-4a4a-9019-0b81ba74d299,2026_W22,O49022,U18211,P164,2026-05-27 16:00:08,1,7269.88,239.22,75.56,1265.52,7269.88,7030.66,Credit Card,Completed
f05decff-45e7-4a4a-9019-0b81ba74d299,2026_W22,O49023,U18283,P140,2026-05-29 07:47:36,3,3133.21,753.81,175.24,1556.25,9399.630000000001,8645.820000000002,Wallet,Completed
f05decff-45e7-4a4a-9019-0b81ba74d299,2026_W22,O49024,U20980,P61,2026-05-27 00:17:21,1,7261.62,732.83,67.18,1175.18,7261.62,6528.79,Credit Card,Completed
f05decff-45e7-4a4a-9019-0b81ba74d299,2026_W22,O49025,U15931,P60,2026-05-31 09:29:34,4,3458.47,940.61,100.25,2320.79,13833.88,12893.269999999999,Wallet,Completed
f05decff-45e7-4a4a-9019-0b81ba74d299,2026_W22,O49026,U9989,P8,2026-05-25 23:33:31,3,7997.84,1646.95,96.98,4022.38,23993.52,22346.57,Credit Card,Completed
f05decff-45e7-4a4a-9019-0b81ba74d299,2026_W22,O49027,U23588,P150,2026-05-29 06:05:17,3,7278.62,2782.55,54.75,3429.6,21835.86,19053.31,Debit Card,Completed
f05decff-45e7-4a4a-9019-0b81ba74d299,2026_W22,O49028,U11977,P12,2026-05-26 08:23:35,2,7089.88,458.47,171.51,2469.83,14179.76,13721.29,Debit Card,Completed
f05decff-45e7-4a4a-9019-0b81ba74d299,2026_W22,O49029,U7598,P96,2026-05-31 17:45:19,1,6676.27,748.33,146.38,1067.03,6676.27,5927.9400000000005,Debit Card,Completed
f05decff-45e7-4a4a-9019-0b81ba74d299,2026_W22,O49030,U1410,P100,2026-05-26 19:07:56,2,7089.35,188.72,142.31,2518.2,14178.7,13989.980000000001,UPI,Completed
f05decff-45e7-4a4a-9019-0b81ba74d299,2026_W22,O49031,U23876,P191,2026-05-28 16:08:39,1,4973.99,110.06,188.62,875.51,4973.99,4863.929999999999,UPI,Completed
f05decff-45e7-4a4a-9019-0b81ba74d299,2026_W22,O49032,U25328,P65,2026-05-31 02:43:18,4,1802.09,788.45,137.34,1155.58,7208.36,6419.91,Wallet,Completed
f05decff-45e7-4a4a-9019-0b81ba74d299,2026_W22,O49033,U4975,P55,2026-05-31 05:05:38,1,10434.9,526.38,101.31,1783.53,10434.9,9908.52,Credit Card,Completed
f05decff-45e7-4a4a-9019-0b81ba74d299,2026_W22,O49034,U16761,P171,2026-05-30 00:01:05,4,7036.96,3934.69,159.83,4358.37,28147.84,24213.15,Wallet,Completed
f05decff-45e7-4a4a-9019-0b81ba74d299,2026_W22,O49035,U7199,P193,2026-05-31 03:47:21,4,5013.68,2848.49,167.6,3097.12,20054.72,17206.230000000003,Debit Card,Completed
f05decff-45e7-4a4a-9019-0b81ba74d299,2026_W22,O49036,U17107,P65,2026-05-28 02:45:15,2,1802.09,61.21,197.21,637.73,3604.18,3542.97,UPI,Completed
f05decff-45e7-4a4a-9019-0b81ba74d299,2026_W22,O49037,U34928,P143,2026-05-31 19:03:20,2,6038.03,1746.15,120.49,1859.38,12076.06,10329.91,Credit Card,Completed
f05decff-45e7-4a4a-9019-0b81ba74d299,2026_W22,O49038,U20702,P169,2026-05-26 11:38:33,3,3759.37,1625.65,56.96,1737.44,11278.11,9652.460000000001,Wallet,Completed
f05decff-45e7-4a4a-9019-0b81ba74d299,2026_W22,O49039,U4444,P133,2026-05-28 20:55:30,4,7230.51,3943.71,118.69,4496.1,28922.04,24978.33,Debit Card,Completed
f05decff-45e7-4a4a-9019-0b81ba74d299,2026_W22,O49040,U29577,P54,2026-05-26 10:18:03,4,5968.84,782.65,115.35,4156.69,23875.36,23092.71,Wallet,Completed
f05decff-45e7-4a4a-9019-0b81ba74d299,2026_W22,O49041,U14422,P94,2026-05-27 22:30:03,2,4145.07,51.99,71.17,1482.87,8290.14,8238.15,Credit Card,Completed
f05decff-45e7-4a4a-9019-0b81ba74d299,2026_W22,O49042,U19589,P174,2026-05-28 08:03:48,4,3233.65,1355.62,165.37,2084.22,12934.6,11578.98,UPI,Completed
f05decff-45e7-4a4a-9019-0b81ba74d299,2026_W22,O49043,U2242,P45,2026-05-28 20:06:26,3,7618.9,3371.53,93.37,3507.33,22856.699999999997,19485.17,Wallet,Completed
f05decff-45e7-4a4a-9019-0b81ba74d299,2026_W22,O49044,U18959,P113,2026-05-28 15:54:36,2,2934.32,331.88,108.1,996.62,5868.64,5536.76,UPI,Completed
f05decff-45e7-4a4a-9019-0b81ba74d299,2026_W22,O49045,U4625,P76,2026-05-31 01:32:05,4,3664.46,1378.57,151.46,2390.27,14657.84,13279.27,Wallet,Completed
f05decff-45e7-4a4a-9019-0b81ba74d299,2026_W22,O49046,U25726,P47,2026-05-31 10:04:08,3,4728.62,1716.71,166.84,2244.45,14185.86,12469.150000000001,UPI,Completed
f05decff-45e7-4a4a-9019-0b81ba74d299,2026_W22,O49047,U34180,P136,2026-05-30 12:23:34,1,2314.22,263.92,164.51,369.05,2314.22,2050.2999999999997,UPI,Completed
f05decff-45e7-4a4a-9019-0b81ba74d299,2026_W22,O49048,U22596,P184,2026-05-27 18:08:52,4,3886.18,668.86,90.05,2677.65,15544.72,14875.859999999999,Wallet,Completed
f05decff-45e7-4a4a-9019-0b81ba74d299,2026_W22,O49049,U20076,P144,2026-05-30 09:38:53,3,1737.47,575.87,170.52,834.58,5212.41,4636.54,Wallet,Completed
f05decff-45e7-4a4a-9019-0b81ba74d299,2026_W22,O49050,U21589,P195,2026-05-26 15:41:16,4,3603.97,847.13,79.56,2442.38,14415.88,13568.75,Credit Card,Completed
f05decff-45e7-4a4a-9019-0b81ba74d299,2026_W22,O49051,U3323,P62,2026-05-29 19:28:31,4,2150.19,1151.68,155.73,1340.83,8600.76,7449.08,Credit Card,Completed
f05decff-45e7-4a4a-9019-0b81ba74d299,2026_W22,O49052,U13734,P181,2026-05-27 05:20:27,3,8581.69,3234.09,63.62,4051.98,25745.07,22510.98,Credit Card,Completed
f05decff-45e7-4a4a-9019-0b81ba74d299,2026_W22,O49053,U23868,P128,2026-05-31 03:24:22,3,3133.44,342.63,89.51,1630.38,9400.32,9057.69,Debit Card,Completed
f05decff-45e7-4a4a-9019-0b81ba74d299,2026_W22,O49054,U33481,P146,2026-05-30 20:25:53,4,4559.37,1202.24,97.38,3066.34,18237.48,17035.239999999998,Credit Card,Completed
f05decff-45e7-4a4a-9019-0b81ba74d299,2026_W22,O49055,U18193,P68,2026-05-31 02:34:32,4,10947.39,6156.28,175.23,6773.99,43789.56,37633.28,UPI,Completed
f05decff-45e7-4a4a-9019-0b81ba74d299,2026_W22,O49056,U4932,P21,2026-05-29 03:02:14,3,7585.24,1482.67,111.54,3829.15,22755.72,21273.050000000003,Wallet,Completed
f05decff-45e7-4a4a-9019-0b81ba74d299,2026_W22,O49057,U31711,P46,2026-05-31 02:31:13,3,7595.79,155.9,136.96,4073.66,22787.37,22631.469999999998,UPI,Completed
f05decff-45e7-4a4a-9019-0b81ba74d299,2026_W22,O49058,U2597,P142,2026-05-28 05:02:25,2,4531.33,73.19,143.03,1618.1,9062.66,8989.47,Credit Card,Completed
f05decff-45e7-4a4a-9019-0b81ba74d299,2026_W22,O49059,U11201,P27,2026-05-25 21:41:46,2,6106.97,1505.91,64.2,1927.45,12213.94,10708.03,Wallet,Completed
f05decff-45e7-4a4a-9019-0b81ba74d299,2026_W22,O49060,U14983,P45,2026-05-29 15:30:41,4,7618.9,1849.89,157.7,5152.63,30475.6,28625.71,Wallet,Completed
f05decff-45e7-4a4a-9019-0b81ba74d299,2026_W22,O49061,U13101,P161,2026-05-30 23:48:10,4,5474.81,1099.15,67.14,3744.02,21899.24,20800.09,UPI,Completed
f05decff-45e7-4a4a-9019-0b81ba74d299,2026_W22,O49062,U18565,P78,2026-05-26 06:21:56,4,4707.59,686.71,88.63,3265.86,18830.36,18143.65,Credit Card,Completed
f05decff-45e7-4a4a-9019-0b81ba74d299,2026_W22,O49063,U29239,P60,2026-05-31 01:31:52,3,3458.47,1108.28,176.69,1668.08,10375.41,9267.13,Debit Card,Completed
f05decff-45e7-4a4a-9019-0b81ba74d299,2026_W22,O49064,U15167,P101,2026-05-28 16:41:48,1,2760.68,6.85,152.12,495.69,2760.68,2753.83,Wallet,Completed
f05decff-45e7-4a4a-9019-0b81ba74d299,2026_W22,O49065,U360,P114,2026-05-30 19:04:58,4,4373.67,1550.44,69.15,2869.96,17494.68,15944.24,Debit Card,Completed
f05decff-45e7-4a4a-9019-0b81ba74d299,2026_W22,O49066,U20574,P18,2026-05-29 19:06:57,2,2101.11,170.6,102.42,725.69,4202.22,4031.6200000000003,Credit Card,Completed
f05decff-45e7-4a4a-9019-0b81ba74d299,2026_W22,O49067,U5282,P195,2026-05-30 04:14:46,2,3603.97,918.57,115.66,1132.09,7207.94,6289.37,Wallet,Completed
f05decff-45e7-4a4a-9019-0b81ba74d299,2026_W22,O49068,U5032,P64,2026-05-30 21:53:41,4,5141.6,665.65,132.98,3582.14,20566.4,19900.75,UPI,Completed
f05decff-45e7-4a4a-9019-0b81ba74d299,2026_W22,O49069,U22791,P178,2026-05-26 18:17:06,1,2500.92,56.49,174.95,440.0,2500.92,2444.4300000000003,UPI,Completed
f05decff-45e7-4a4a-9019-0b81ba74d299,2026_W22,O49070,U26312,P128,2026-05-29 05:05:02,2,3133.44,518.54,83.02,1034.7,6266.88,5748.34,Debit Card,Completed
f05decff-45e7-4a4a-9019-0b81ba74d299,2026_W22,O49071,U23075,P3,2026-05-28 21:15:48,1,6299.72,365.12,50.12,1068.23,6299.72,5934.6,Credit Card,Completed
f05decff-45e7-4a4a-9019-0b81ba74d299,2026_W22,O49072,U11592,P67,2026-05-28 06:22:57,2,6555.74,995.22,171.88,2180.93,13111.48,12116.26,Credit Card,Completed
f05decff-45e7-4a4a-9019-0b81ba74d299,2026_W22,O49073,U11376,P67,2026-05-30 04:16:24,4,6555.74,2696.49,52.68,4234.76,26222.96,23526.47,Debit Card,Completed
f05decff-45e7-4a4a-9019-0b81ba74d299,2026_W22,O49074,U16314,P90,2026-05-28 16:05:03,3,6467.75,915.11,91.52,3327.87,19403.25,18488.14,Wallet,Completed
f05decff-45e7-4a4a-9019-0b81ba74d299,2026_W22,O49075,U8709,P173,2026-05-26 09:08:08,2,4326.87,332.61,189.2,1497.8,8653.74,8321.13,Wallet,Completed
f05decff-45e7-4a4a-9019-0b81ba74d299,2026_W22,O49076,U2428,P77,2026-05-27 04:11:57,1,6432.15,156.71,160.19,1129.58,6432.15,6275.44,Wallet,Completed
f05decff-45e7-4a4a-9019-0b81ba74d299,2026_W22,O49077,U16358,P3,2026-05-31 13:24:55,4,6299.72,3767.21,55.02,3857.7,25198.88,21431.670000000002,Wallet,Completed
f05decff-45e7-4a4a-9019-0b81ba74d299,2026_W22,O49078,U30453,P30,2026-05-31 16:57:25,1,10909.65,450.36,105.02,1882.67,10909.65,10459.289999999999,Debit Card,Completed
f05decff-45e7-4a4a-9019-0b81ba74d299,2026_W22,O49079,U16094,P23,2026-05-26 16:30:26,4,2281.71,691.47,99.33,1518.37,9126.84,8435.37,Wallet,Completed
f05decff-45e7-4a4a-9019-0b81ba74d299,2026_W22,O49080,U12279,P189,2026-05-30 09:39:05,2,7353.02,1523.89,166.85,2372.79,14706.04,13182.150000000001,UPI,Completed
f05decff-45e7-4a4a-9019-0b81ba74d299,2026_W22,O49081,U9637,P169,2026-05-30 21:22:47,2,3759.37,981.3,113.41,1176.74,7518.74,6537.44,Debit Card,Completed
f05decff-45e7-4a4a-9019-0b81ba74d299,2026_W22,O49082,U9766,P5,2026-05-31 06:18:35,3,5785.73,1319.24,60.77,2886.83,17357.19,16037.949999999999,UPI,Completed
f05decff-45e7-4a4a-9019-0b81ba74d299,2026_W22,O49083,U6431,P63,2026-05-27 17:11:28,2,5767.08,1634.57,142.78,1781.93,11534.16,9899.59,Wallet,Completed
f05decff-45e7-4a4a-9019-0b81ba74d299,2026_W22,O49084,U13713,P164,2026-05-31 10:04:29,2,7269.88,314.03,110.81,2560.63,14539.76,14225.73,Debit Card,Completed
f05decff-45e7-4a4a-9019-0b81ba74d299,2026_W22,O49085,U5455,P135,2026-05-27 01:42:37,4,7738.35,3150.44,59.81,5004.53,30953.4,27802.960000000003,Credit Card,Completed
f05decff-45e7-4a4a-9019-0b81ba74d299,2026_W22,O49086,U11111,P78,2026-05-30 18:02:39,3,4707.59,986.64,75.09,2364.5,14122.77,13136.130000000001,UPI,Completed
f05decff-45e7-4a4a-9019-0b81ba74d299,2026_W22,O49087,U20620,P42,2026-05-27 08:35:27,1,5949.92,757.7,54.62,934.6,5949.92,5192.22,Debit Card,Completed
f05decff-45e7-4a4a-9019-0b81ba74d299,2026_W22,O49088,U13061,P153,2026-05-28 21:43:51,4,11343.81,3373.72,186.13,7560.27,45375.24,42001.52,Wallet,Completed
f05decff-45e7-4a4a-9019-0b81ba74d299,2026_W22,O49089,U6826,P144,2026-05-27 00:26:42,4,1737.47,97.9,176.28,1233.36,6949.88,6851.9800000000005,Credit Card,Completed
f05decff-45e7-4a4a-9019-0b81ba74d299,2026_W22,O49090,U20279,P2,2026-05-26 11:39:04,2,1543.5,430.62,153.28,478.15,3087.0,2656.38,Debit Card,Completed
f05decff-45e7-4a4a-9019-0b81ba74d299,2026_W22,O49091,U2636,P146,2026-05-30 06:42:25,1,4559.37,548.27,198.23,722.0,4559.37,4011.1,Debit Card,Completed
f05decff-45e7-4a4a-9019-0b81ba74d299,2026_W22,O49092,U30958,P184,2026-05-30 08:15:00,4,3886.18,1127.33,137.14,2595.13,15544.72,14417.39,Wallet,Completed
f05decff-45e7-4a4a-9019-0b81ba74d299,2026_W22,O49093,U20584,P188,2026-05-29 07:01:53,3,3237.34,837.45,107.19,1597.42,9712.02,8874.57,Debit Card,Completed
f05decff-45e7-4a4a-9019-0b81ba74d299,2026_W22,O49094,U26290,P159,2026-05-30 05:22:55,4,8714.84,3562.91,118.97,5633.36,34859.36,31296.45,Credit Card,Completed
f05decff-45e7-4a4a-9019-0b81ba74d299,2026_W22,O49095,U17270,P197,2026-05-26 22:46:25,2,3825.75,993.82,77.04,1198.38,7651.5,6657.68,Wallet,Completed
f05decff-45e7-4a4a-9019-0b81ba74d299,2026_W22,O49096,U723,P16,2026-05-27 04:03:03,2,4498.86,1007.4,140.55,1438.26,8997.72,7990.32,UPI,Completed
f05decff-45e7-4a4a-9019-0b81ba74d299,2026_W22,O49097,U9553,P112,2026-05-31 08:13:33,2,4659.89,1258.6,192.02,1451.01,9319.78,8061.18,Debit Card,Completed
f05decff-45e7-4a4a-9019-0b81ba74d299,2026_W22,O49098,U21076,P198,2026-05-27 22:28:01,4,8888.97,3116.16,165.65,5839.15,35555.88,32439.719999999998,Debit Card,Completed
f05decff-45e7-4a4a-9019-0b81ba74d299,2026_W22,O49099,U4611,P14,2026-05-29 11:55:48,4,4944.6,2824.71,129.92,3051.66,19778.4,16953.690000000002,Debit Card,Completed
f05decff-45e7-4a4a-9019-0b81ba74d299,2026_W22,O49100,U26589,P173,2026-05-30 01:15:48,4,4326.87,453.66,172.98,3033.69,17307.48,16853.82,Debit Card,Completed
f05decff-45e7-4a4a-9019-0b81ba74d299,2026_W22,O49101,U13092,P113,2026-05-31 06:24:19,4,2934.32,552.52,84.13,2013.26,11737.28,11184.76,Credit Card,Completed
f05decff-45e7-4a4a-9019-0b81ba74d299,2026_W22,O49102,U9251,P126,2026-05-30 21:41:32,4,7171.16,345.17,138.18,5101.1,28684.64,28339.47,UPI,Completed
f05decff-45e7-4a4a-9019-0b81ba74d299,2026_W22,O49103,U27572,P96,2026-05-27 19:06:21,4,6676.27,2200.28,67.14,4410.86,26705.08,24504.800000000003,UPI,Completed
f05decff-45e7-4a4a-9019-0b81ba74d299,2026_W22,O49104,U31001,P105,2026-05-30 11:55:45,4,7337.42,3461.95,62.92,4659.79,29349.68,25887.73,Debit Card,Completed
f05decff-45e7-4a4a-9019-0b81ba74d299,2026_W22,O49105,U13179,P84,2026-05-29 15:21:41,2,8271.97,2299.91,120.97,2563.93,16543.94,14244.029999999999,Wallet,Completed
f05decff-45e7-4a4a-9019-0b81ba74d299,2026_W22,O49106,U8840,P119,2026-05-26 14:54:54,2,10133.79,792.64,115.26,3505.49,20267.58,19474.940000000002,UPI,Completed
f05decff-45e7-4a4a-9019-0b81ba74d299,2026_W22,O49107,U3398,P9,2026-05-27 20:09:22,2,5369.05,391.94,88.34,1862.31,10738.1,10346.16,Credit Card,Completed
f05decff-45e7-4a4a-9019-0b81ba74d299,2026_W22,O49108,U30555,P48,2026-05-27 22:13:51,3,10990.29,4829.77,99.58,5065.4,32970.87,28141.100000000002,UPI,Completed
f05decff-45e7-4a4a-9019-0b81ba74d299,2026_W22,O49109,U19865,P187,2026-05-28 20:40:11,4,4000.12,1203.43,158.64,2663.47,16000.48,14797.05,Wallet,Completed
f05decff-45e7-4a4a-9019-0b81ba74d299,2026_W22,O49110,U25946,P114,2026-05-27 07:21:59,2,4373.67,1.06,62.98,1574.33,8747.34,8746.28,Debit Card,Completed
f05decff-45e7-4a4a-9019-0b81ba74d299,2026_W22,O49111,U6462,P57,2026-05-26 21:57:25,3,3408.89,1481.08,134.7,1574.21,10226.67,8745.59,Credit Card,Completed
f05decff-45e7-4a4a-9019-0b81ba74d299,2026_W22,O49112,U30630,P140,2026-05-29 00:52:29,2,3133.21,214.11,177.47,1089.42,6266.42,6052.31,Wallet,Completed
f05decff-45e7-4a4a-9019-0b81ba74d299,2026_W22,O49113,U14662,P129,2026-05-30 20:16:50,2,5625.8,1093.16,114.37,1828.52,11251.6,10158.44,UPI,Completed
f05decff-45e7-4a4a-9019-0b81ba74d299,2026_W22,O49114,U674,P125,2026-05-29 11:34:56,1,5593.86,741.33,141.65,873.46,5593.86,4852.53,Wallet,Completed
f05decff-45e7-4a4a-9019-0b81ba74d299,2026_W22,O49115,U27569,P87,2026-05-26 05:38:59,1,7395.64,530.17,138.55,1235.78,7395.64,6865.47,Wallet,Completed
f05decff-45e7-4a4a-9019-0b81ba74d299,2026_W22,O49116,U14159,P53,2026-05-26 14:03:42,2,8018.26,984.74,71.71,2709.32,16036.52,15051.78,Credit Card,Completed
f05decff-45e7-4a4a-9019-0b81ba74d299,2026_W22,O49117,U14934,P187,2026-05-26 00:21:53,3,4000.12,104.77,83.36,2141.21,12000.36,11895.59,Wallet,Completed
f05decff-45e7-4a4a-9019-0b81ba74d299,2026_W22,O49118,U11876,P85,2026-05-28 07:53:02,2,7274.5,978.2,127.35,2442.74,14549.0,13570.8,Credit Card,Completed
f05decff-45e7-4a4a-9019-0b81ba74d299,2026_W22,O49119,U23650,P126,2026-05-26 16:21:09,2,7171.16,273.05,188.71,2532.47,14342.32,14069.27,Credit Card,Completed
f05decff-45e7-4a4a-9019-0b81ba74d299,2026_W22,O49120,U31297,P164,2026-05-26 10:49:17,3,7269.88,2381.87,123.34,3497.0,21809.64,19427.77,Wallet,Completed
f05decff-45e7-4a4a-9019-0b81ba74d299,2026_W22,O49121,U723,P73,2026-05-26 02:34:42,4,10930.99,2138.9,180.88,7485.31,43723.96,41585.06,UPI,Completed
f05decff-45e7-4a4a-9019-0b81ba74d299,2026_W22,O49122,U14413,P147,2026-05-28 06:38:47,4,2240.85,133.76,181.78,1589.34,8963.4,8829.64,Credit Card,Completed
f05decff-45e7-4a4a-9019-0b81ba74d299,2026_W22,O49123,U29646,P114,2026-05-29 08:07:24,1,4373.67,380.21,98.35,718.82,4373.67,3993.46,UPI,Completed
f05decff-45e7-4a4a-9019-0b81ba74d299,2026_W22,O49124,U12155,P133,2026-05-29 23:29:51,2,7230.51,1933.86,73.77,2254.89,14461.02,12527.16,Debit Card,Completed
f05decff-45e7-4a4a-9019-0b81ba74d299,2026_W22,O49125,U23872,P39,2026-05-27 02:45:44,1,5048.64,329.94,53.83,849.37,5048.64,4718.700000000001,Wallet,Completed
f05decff-45e7-4a4a-9019-0b81ba74d299,2026_W22,O49126,U10254,P198,2026-05-29 01:56:34,2,8888.97,2483.73,121.97,2752.96,17777.94,15294.21,Wallet,Completed
f05decff-45e7-4a4a-9019-0b81ba74d299,2026_W22,O49127,U34267,P41,2026-05-31 15:44:28,3,7272.45,498.52,78.67,3837.39,21817.35,21318.829999999998,Credit Card,Completed
f05decff-45e7-4a4a-9019-0b81ba74d299,2026_W22,O49128,U1973,P40,2026-05-28 21:37:00,2,4177.53,933.0,72.11,1335.97,8355.06,7422.0599999999995,Debit Card,Completed
f05decff-45e7-4a4a-9019-0b81ba74d299,2026_W22,O49129,U23754,P82,2026-05-27 05:16:26,2,1796.79,138.13,56.83,621.98,3593.58,3455.45,Wallet,Completed
f05decff-45e7-4a4a-9019-0b81ba74d299,2026_W22,O49130,U30610,P38,2026-05-28 22:59:54,4,7075.19,1322.0,177.03,4856.18,28300.76,26978.76,Debit Card,Completed
f05decff-45e7-4a4a-9019-0b81ba74d299,2026_W22,O49131,U9465,P185,2026-05-26 22:33:42,2,8108.47,1740.05,132.48,2605.84,16216.94,14476.890000000001,Wallet,Completed
f05decff-45e7-4a4a-9019-0b81ba74d299,2026_W22,O49132,U16614,P73,2026-05-31 00:25:10,1,10930.99,1422.79,197.29,1711.48,10930.99,9508.2,Wallet,Completed
f05decff-45e7-4a4a-9019-0b81ba74d299,2026_W22,O49133,U12615,P48,2026-05-27 01:07:32,1,10990.29,1015.41,178.72,1795.48,10990.29,9974.880000000001,Debit Card,Completed
f05decff-45e7-4a4a-9019-0b81ba74d299,2026_W22,O49134,U4050,P51,2026-05-26 04:28:54,2,6572.59,214.64,139.08,2327.5,13145.18,12930.54,UPI,Completed
f05decff-45e7-4a4a-9019-0b81ba74d299,2026_W22,O49135,U2128,P160,2026-05-29 07:43:09,1,6919.48,1008.28,185.46,1064.02,6919.48,5911.2,Wallet,Completed
f05decff-45e7-4a4a-9019-0b81ba74d299,2026_W22,O49136,U14223,P199,2026-05-29 22:11:42,3,10122.76,1317.01,172.96,5229.23,30368.28,29051.27,UPI,Completed
f05decff-45e7-4a4a-9019-0b81ba74d299,2026_W22,O49137,U34246,P84,2026-05-29 18:29:48,2,8271.97,2070.09,169.8,2605.29,16543.94,14473.849999999999,Debit Card,Completed
f05decff-45e7-4a4a-9019-0b81ba74d299,2026_W22,O49138,U27928,P93,2026-05-29 10:13:28,4,5224.43,1077.39,103.1,3567.66,20897.72,19820.33,Debit Card,Completed
f05decff-45e7-4a4a-9019-0b81ba74d299,2026_W22,O49139,U28255,P114,2026-05-30 16:04:36,4,4373.67,1437.41,154.75,2890.31,17494.68,16057.27,UPI,Completed
f05decff-45e7-4a4a-9019-0b81ba74d299,2026_W22,O49140,U24033,P133,2026-05-26 10:47:07,3,7230.51,1161.55,136.73,3695.4,21691.53,20529.98,Wallet,Completed
f05decff-45e7-4a4a-9019-0b81ba74d299,2026_W22,O49141,U21518,P11,2026-05-26 03:15:17,4,4897.66,1992.45,87.52,3167.67,19590.64,17598.19,UPI,Completed
f05decff-45e7-4a4a-9019-0b81ba74d299,2026_W22,O49142,U27226,P72,2026-05-27 20:42:19,1,8163.39,558.95,175.38,1368.8,8163.39,7604.4400000000005,Credit Card,Completed
f05decff-45e7-4a4a-9019-0b81ba74d299,2026_W22,O49143,U29452,P193,2026-05-26 07:12:11,4,5013.68,904.25,126.56,3447.08,20054.72,19150.47,Wallet,Completed
f05decff-45e7-4a4a-9019-0b81ba74d299,2026_W22,O49144,U13713,P70,2026-05-31 02:59:01,2,2246.89,573.54,133.0,705.64,4493.78,3920.24,Wallet,Completed
f05decff-45e7-4a4a-9019-0b81ba74d299,2026_W22,O49145,U4213,P152,2026-05-31 10:13:01,2,1970.06,285.05,174.0,657.91,3940.12,3655.0699999999997,Credit Card,Completed
f05decff-45e7-4a4a-9019-0b81ba74d299,2026_W22,O49146,U197,P169,2026-05-28 19:28:12,3,3759.37,312.17,65.01,1973.87,11278.11,10965.94,Wallet,Completed
f05decff-45e7-4a4a-9019-0b81ba74d299,2026_W22,O49147,U1791,P191,2026-05-30 06:52:51,3,4973.99,556.65,98.04,2585.76,14921.97,14365.32,Credit Card,Completed
f05decff-45e7-4a4a-9019-0b81ba74d299,2026_W22,O49148,U15431,P89,2026-05-30 14:30:27,2,7149.14,1727.72,103.96,2262.7,14298.28,12570.560000000001,Wallet,Completed
f05decff-45e7-4a4a-9019-0b81ba74d299,2026_W22,O49149,U14158,P108,2026-05-31 06:45:26,1,4001.51,513.76,150.28,627.79,4001.51,3487.75,Credit Card,Completed
f05decff-45e7-4a4a-9019-0b81ba74d299,2026_W22,O49150,U20030,P60,2026-05-29 20:23:53,1,3458.47,237.89,143.2,579.7,3458.47,3220.58,Credit Card,Completed
f05decff-45e7-4a4a-9019-0b81ba74d299,2026_W22,O49151,U6401,P93,2026-05-30 13:28:45,4,5224.43,1811.26,128.51,3435.56,20897.72,19086.460000000003,Credit Card,Completed
f05decff-45e7-4a4a-9019-0b81ba74d299,2026_W22,O49152,U19893,P48,2026-05-26 13:10:19,2,10990.29,2325.98,60.07,3537.83,21980.58,19654.600000000002,UPI,Completed
f05decff-45e7-4a4a-9019-0b81ba74d299,2026_W22,O49153,U2337,P95,2026-05-28 06:15:32,1,1959.5,227.23,111.62,311.81,1959.5,1732.27,Debit Card,Completed
f05decff-45e7-4a4a-9019-0b81ba74d299,2026_W22,O49154,U29648,P4,2026-05-29 07:13:36,3,11646.79,547.02,66.43,6190.8,34940.37,34393.350000000006,UPI,Completed
f05decff-45e7-4a4a-9019-0b81ba74d299,2026_W22,O49155,U28768,P162,2026-05-28 13:05:16,4,5576.16,1554.58,100.76,3735.01,22304.64,20750.059999999998,Debit Card,Completed
f05decff-45e7-4a4a-9019-0b81ba74d299,2026_W22,O49156,U10951,P41,2026-05-29 01:35:52,2,7272.45,631.34,131.95,2504.44,14544.9,13913.56,Debit Card,Completed
f05decff-45e7-4a4a-9019-0b81ba74d299,2026_W22,O49157,U7997,P66,2026-05-28 14:45:14,4,5399.1,104.31,50.35,3868.58,21596.4,21492.09,UPI,Completed
f05decff-45e7-4a4a-9019-0b81ba74d299,2026_W22,O49158,U24165,P81,2026-05-26 13:07:25,2,1659.37,73.2,83.11,584.2,3318.74,3245.54,Wallet,Completed
f05decff-45e7-4a4a-9019-0b81ba74d299,2026_W22,O49159,U27698,P80,2026-05-28 18:42:23,1,7227.02,524.46,125.79,1206.46,7227.02,6702.56,Debit Card,Completed
f05decff-45e7-4a4a-9019-0b81ba74d299,2026_W22,O49160,U8319,P59,2026-05-30 16:30:10,1,4892.96,609.52,94.12,771.02,4892.96,4283.4400000000005,Wallet,Completed
f05decff-45e7-4a4a-9019-0b81ba74d299,2026_W22,O49161,U21135,P182,2026-05-31 14:32:14,4,6023.28,108.23,160.4,4317.28,24093.12,23984.89,Credit Card,Completed
f05decff-45e7-4a4a-9019-0b81ba74d299,2026_W22,O49162,U31487,P19,2026-05-31 17:09:59,1,10873.73,54.16,140.0,1947.52,10873.73,10819.57,Wallet,Completed
f05decff-45e7-4a4a-9019-0b81ba74d299,2026_W22,O49163,U8060,P40,2026-05-31 03:30:35,3,4177.53,1318.8,77.82,2018.48,12532.59,11213.79,Wallet,Completed
f05decff-45e7-4a4a-9019-0b81ba74d299,2026_W22,O49164,U1236,P179,2026-05-28 14:08:35,2,6580.06,1174.55,197.97,2157.4,13160.12,11985.570000000002,Wallet,Completed
f05decff-45e7-4a4a-9019-0b81ba74d299,2026_W22,O49165,U8551,P85,2026-05-28 12:20:41,2,7274.5,392.24,60.51,2548.22,14549.0,14156.76,Wallet,Completed
f05decff-45e7-4a4a-9019-0b81ba74d299,2026_W22,O49166,U10526,P90,2026-05-31 12:20:27,3,6467.75,2807.73,99.91,2987.19,19403.25,16595.52,Debit Card,Completed
f05decff-45e7-4a4a-9019-0b81ba74d299,2026_W22,O49167,U3280,P175,2026-05-26 09:51:23,1,10082.38,132.3,133.86,1791.01,10082.38,9950.08,UPI,Completed
f05decff-45e7-4a4a-9019-0b81ba74d299,2026_W22,O49168,U3750,P138,2026-05-27 10:46:49,1,5599.95,432.23,67.59,930.19,5599.95,5167.719999999999,Credit Card,Completed
f05decff-45e7-4a4a-9019-0b81ba74d299,2026_W22,O49169,U2115,P187,2026-05-27 05:39:36,1,4000.12,35.88,67.69,713.56,4000.12,3964.24,Wallet,Completed
f05decff-45e7-4a4a-9019-0b81ba74d299,2026_W22,O49170,U12523,P69,2026-05-29 22:44:01,2,5881.18,273.1,101.79,2068.07,11762.36,11489.26,UPI,Completed
f05decff-45e7-4a4a-9019-0b81ba74d299,2026_W22,O49171,U18828,P111,2026-05-31 21:20:24,4,9541.24,4411.79,94.04,6075.57,38164.96,33753.17,Debit Card,Completed
f05decff-45e7-4a4a-9019-0b81ba74d299,2026_W22,O49172,U9434,P193,2026-05-29 09:04:33,4,5013.68,140.18,50.49,3584.62,20054.72,19914.54,Credit Card,Completed
f05decff-45e7-4a4a-9019-0b81ba74d299,2026_W22,O49173,U26755,P131,2026-05-28 00:38:10,3,5156.93,258.4,183.41,2738.23,15470.79,15212.390000000001,UPI,Completed
f05decff-45e7-4a4a-9019-0b81ba74d299,2026_W22,O49174,U18980,P198,2026-05-28 01:06:46,4,8888.97,547.02,113.69,6301.59,35555.88,35008.86,Credit Card,Completed
f05decff-45e7-4a4a-9019-0b81ba74d299,2026_W22,O49175,U6730,P31,2026-05-27 08:20:07,4,4234.09,526.23,188.87,2953.82,16936.36,16410.13,Debit Card,Completed
f05decff-45e7-4a4a-9019-0b81ba74d299,2026_W22,O49176,U1412,P25,2026-05-27 07:16:47,1,4602.38,634.78,122.79,714.17,4602.38,3967.6000000000004,Debit Card,Completed
f05decff-45e7-4a4a-9019-0b81ba74d299,2026_W22,O49177,U15998,P5,2026-05-30 12:25:04,2,5785.73,411.8,122.29,2008.74,11571.46,11159.66,Credit Card,Completed
f05decff-45e7-4a4a-9019-0b81ba74d299,2026_W22,O49178,U31237,P59,2026-05-26 12:25:40,3,4892.96,882.11,186.73,2483.42,14678.880000000001,13796.77,Credit Card,Completed
f05decff-45e7-4a4a-9019-0b81ba74d299,2026_W22,O49179,U13792,P141,2026-05-27 07:27:10,3,6658.31,1573.2,137.15,3312.31,19974.93,18401.73,Wallet,Completed
f05decff-45e7-4a4a-9019-0b81ba74d299,2026_W22,O49180,U14326,P180,2026-05-28 21:49:17,1,6781.04,778.98,163.91,1080.37,6781.04,6002.0599999999995,Credit Card,Completed
f05decff-45e7-4a4a-9019-0b81ba74d299,2026_W22,O49181,U26812,P7,2026-05-30 11:33:37,1,8530.81,425.8,143.96,1458.9,8530.81,8105.009999999999,Wallet,Completed
f05decff-45e7-4a4a-9019-0b81ba74d299,2026_W22,O49182,U10432,P199,2026-05-31 01:33:28,1,10122.76,364.89,113.45,1756.42,10122.76,9757.87,Credit Card,Completed
f05decff-45e7-4a4a-9019-0b81ba74d299,2026_W22,O49183,U23146,P82,2026-05-30 04:08:14,3,1796.79,512.74,53.05,877.97,5390.37,4877.63,Wallet,Completed
f05decff-45e7-4a4a-9019-0b81ba74d299,2026_W22,O49184,U25734,P154,2026-05-29 15:25:32,4,4135.27,1429.81,135.76,2720.03,16541.08,15111.270000000002,Credit Card,Completed
f05decff-45e7-4a4a-9019-0b81ba74d299,2026_W22,O49185,U18731,P39,2026-05-28 09:19:56,3,5048.64,2133.59,136.28,2342.22,15145.920000000002,13012.330000000002,Wallet,Completed
f05decff-45e7-4a4a-9019-0b81ba74d299,2026_W22,O49186,U28768,P119,2026-05-30 09:24:07,4,10133.79,5592.28,168.55,6289.72,40535.16,34942.880000000005,Wallet,Completed
f05decff-45e7-4a4a-9019-0b81ba74d299,2026_W22,O49187,U20936,P187,2026-05-26 19:51:55,2,4000.12,1087.86,111.72,1244.23,8000.24,6912.38,Wallet,Completed
f05decff-45e7-4a4a-9019-0b81ba74d299,2026_W22,O49188,U17488,P57,2026-05-28 10:42:38,2,3408.89,0.54,182.38,1227.1,6817.78,6817.24,Credit Card,Completed
f05decff-45e7-4a4a-9019-0b81ba74d299,2026_W22,O49189,U27111,P56,2026-05-31 14:31:17,1,9725.09,228.48,195.75,1709.39,9725.09,9496.61,Debit Card,Completed
f05decff-45e7-4a4a-9019-0b81ba74d299,2026_W22,O49190,U25336,P2,2026-05-29 02:44:04,4,1543.5,9.51,117.06,1109.61,6174.0,6164.49,Credit Card,Completed
f05decff-45e7-4a4a-9019-0b81ba74d299,2026_W22,O49191,U30609,P34,2026-05-28 14:50:11,1,8777.08,1220.91,141.44,1360.11,8777.08,7556.17,Debit Card,Completed
f05decff-45e7-4a4a-9019-0b81ba74d299,2026_W22,O49192,U3759,P87,2026-05-31 03:14:34,3,7395.64,1797.57,96.49,3670.08,22186.920000000002,20389.350000000002,Wallet,Completed
f05decff-45e7-4a4a-9019-0b81ba74d299,2026_W22,O49193,U2742,P158,2026-05-31 19:15:42,2,6839.61,534.19,64.31,2366.11,13679.22,13145.029999999999,Wallet,Completed
f05decff-45e7-4a4a-9019-0b81ba74d299,2026_W22,O49194,U20264,P42,2026-05-31 08:25:51,4,5949.92,688.05,150.28,4160.09,23799.68,23111.63,Wallet,Completed
f05decff-45e7-4a4a-9019-0b81ba74d299,2026_W22,O49195,U24351,P180,2026-05-30 11:51:18,1,6781.04,655.56,155.85,1102.59,6781.04,6125.48,Debit Card,Completed
f05decff-45e7-4a4a-9019-0b81ba74d299,2026_W22,O49196,U15677,P97,2026-05-27 03:28:23,2,5383.07,1161.4,75.31,1728.85,10766.14,9604.74,UPI,Completed
f05decff-45e7-4a4a-9019-0b81ba74d299,2026_W22,O49197,U13000,P111,2026-05-29 03:09:17,4,9541.24,263.19,178.79,6822.32,38164.96,37901.77,UPI,Completed
f05decff-45e7-4a4a-9019-0b81ba74d299,2026_W22,O49198,U17725,P54,2026-05-26 21:00:32,3,5968.84,541.85,111.39,3125.64,17906.52,17364.670000000002,Debit Card,Completed
f05decff-45e7-4a4a-9019-0b81ba74d299,2026_W22,O49199,U17860,P34,2026-05-30 06:37:19,1,8777.08,298.36,93.08,1526.17,8777.08,8478.72,UPI,Completed
f05decff-45e7-4a4a-9019-0b81ba74d299,2026_W22,O49200,U8427,P120,2026-05-30 03:06:58,2,8125.66,985.94,88.26,2747.77,16251.32,15265.38,Wallet,Completed
f05decff-45e7-4a4a-9019-0b81ba74d299,2026_W22,O49201,U17683,P164,2026-05-26 10:33:47,4,7269.88,805.06,123.59,5089.4,29079.52,28274.46,Credit Card,Completed
f05decff-45e7-4a4a-9019-0b81ba74d299,2026_W22,O49202,U23754,P52,2026-05-31 14:18:58,4,4538.36,1888.05,170.58,2927.77,18153.44,16265.39,Debit Card,Completed
f05decff-45e7-4a4a-9019-0b81ba74d299,2026_W22,O49203,U31582,P37,2026-05-29 02:33:16,4,9886.76,4751.48,150.14,6263.2,39547.04,34795.56,UPI,Completed
f05decff-45e7-4a4a-9019-0b81ba74d299,2026_W22,O49204,U23483,P35,2026-05-30 17:49:39,3,3801.69,160.21,154.3,2024.07,11405.07,11244.86,Credit Card,Completed
f05decff-45e7-4a4a-9019-0b81ba74d299,2026_W22,O49205,U26310,P22,2026-05-26 17:36:22,1,6284.85,88.32,92.22,1115.38,6284.85,6196.530000000001,Debit Card,Completed
f05decff-45e7-4a4a-9019-0b81ba74d299,2026_W22,O49206,U20279,P21,2026-05-27 00:33:30,3,7585.24,363.32,174.86,4030.63,22755.72,22392.4,UPI,Completed
f05decff-45e7-4a4a-9019-0b81ba74d299,2026_W22,O49207,U9039,P161,2026-05-26 18:25:42,3,5474.81,1875.15,127.39,2618.87,16424.43,14549.28,Wallet,Completed
f05decff-45e7-4a4a-9019-0b81ba74d299,2026_W22,O49208,U34440,P81,2026-05-28 06:51:38,4,1659.37,96.75,107.98,1177.33,6637.48,6540.73,Wallet,Completed
f05decff-45e7-4a4a-9019-0b81ba74d299,2026_W22,O49209,U9334,P22,2026-05-27 08:20:50,1,6284.85,506.25,70.25,1040.15,6284.85,5778.6,Debit Card,Completed
f05decff-45e7-4a4a-9019-0b81ba74d299,2026_W22,O49210,U9970,P136,2026-05-30 02:27:30,1,2314.22,287.75,148.07,364.76,2314.22,2026.4699999999998,UPI,Completed
f05decff-45e7-4a4a-9019-0b81ba74d299,2026_W22,O49211,U15407,P101,2026-05-30 03:22:49,4,2760.68,539.5,69.17,1890.58,11042.72,10503.22,UPI,Completed
f05decff-45e7-4a4a-9019-0b81ba74d299,2026_W22,O49212,U427,P53,2026-05-27 07:39:29,4,8018.26,4723.42,103.04,4922.93,32073.04,27349.620000000003,Debit Card,Completed
f05decff-45e7-4a4a-9019-0b81ba74d299,2026_W22,O49213,U29762,P194,2026-05-27 13:06:51,1,3163.97,397.49,133.9,497.97,3163.97,2766.4799999999996,Wallet,Completed
f05decff-45e7-4a4a-9019-0b81ba74d299,2026_W22,O49214,U11129,P102,2026-05-30 12:31:42,2,3001.78,598.31,62.62,972.94,6003.56,5405.25,Debit Card,Completed
f05decff-45e7-4a4a-9019-0b81ba74d299,2026_W22,O49215,U29916,P78,2026-05-30 14:02:39,4,4707.59,1856.4,160.78,3055.31,18830.36,16973.96,Credit Card,Completed
f05decff-45e7-4a4a-9019-0b81ba74d299,2026_W22,O49216,U20604,P9,2026-05-31 13:53:45,4,5369.05,204.91,135.41,3828.83,21476.2,21271.29,Debit Card,Completed
f05decff-45e7-4a4a-9019-0b81ba74d299,2026_W22,O49217,U8164,P104,2026-05-31 05:31:26,1,5183.53,280.75,112.74,882.5,5183.53,4902.78,Debit Card,Completed
f05decff-45e7-4a4a-9019-0b81ba74d299,2026_W22,O49218,U13292,P20,2026-05-30 11:23:11,3,6465.0,1467.52,104.71,3226.95,19395.0,17927.48,Credit Card,Completed
f05decff-45e7-4a4a-9019-0b81ba74d299,2026_W22,O49219,U4177,P57,2026-05-26 11:20:33,1,3408.89,259.01,77.94,566.98,3408.89,3149.88,Wallet,Completed
f05decff-45e7-4a4a-9019-0b81ba74d299,2026_W22,O49220,U23109,P13,2026-05-30 12:15:36,1,6805.73,893.73,120.04,1064.16,6805.73,5912.0,UPI,Completed
f05decff-45e7-4a4a-9019-0b81ba74d299,2026_W22,O49221,U5089,P133,2026-05-29 00:13:30,1,7230.51,621.53,85.45,1189.62,7230.51,6608.9800000000005,Debit Card,Completed
f05decff-45e7-4a4a-9019-0b81ba74d299,2026_W22,O49222,U16562,P58,2026-05-26 20:04:07,2,2716.51,667.1,118.46,857.87,5433.02,4765.92,Debit Card,Completed
f05decff-45e7-4a4a-9019-0b81ba74d299,2026_W22,O49223,U12274,P47,2026-05-29 21:11:30,2,4728.62,1027.9,133.19,1517.28,9457.24,8429.34,UPI,Completed
f05decff-45e7-4a4a-9019-0b81ba74d299,2026_W22,O49224,U19431,P180,2026-05-31 06:38:06,2,6781.04,914.85,159.15,2276.5,13562.08,12647.23,Credit Card,Completed
f05decff-45e7-4a4a-9019-0b81ba74d299,2026_W22,O49225,U10374,P28,2026-05-27 10:28:49,4,3349.46,834.17,145.55,2261.46,13397.84,12563.67,Debit Card,Completed
f05decff-45e7-4a4a-9019-0b81ba74d299,2026_W22,O49226,U17902,P164,2026-05-28 07:40:57,3,7269.88,978.85,157.7,3749.54,21809.64,20830.79,Wallet,Completed
f05decff-45e7-4a4a-9019-0b81ba74d299,2026_W22,O49227,U24135,P191,2026-05-29 04:19:29,3,4973.99,1307.76,119.05,2450.56,14921.97,13614.21,Debit Card,Completed
f05decff-45e7-4a4a-9019-0b81ba74d299,2026_W22,O49228,U22160,P196,2026-05-27 10:47:49,2,7726.11,2223.77,60.45,2381.12,15452.22,13228.449999999999,Wallet,Completed
f05decff-45e7-4a4a-9019-0b81ba74d299,2026_W22,O49229,U13788,P44,2026-05-28 19:17:10,2,1679.28,387.01,143.68,534.88,3358.56,2971.55,Credit Card,Completed
f05decff-45e7-4a4a-9019-0b81ba74d299,2026_W22,O49230,U26743,P149,2026-05-29 18:30:53,3,7089.62,2209.53,126.53,3430.68,21268.86,19059.33,Debit Card,Completed
f05decff-45e7-4a4a-9019-0b81ba74d299,2026_W22,O49231,U12836,P167,2026-05-30 16:01:02,1,6729.0,337.7,177.21,1150.43,6729.0,6391.3,UPI,Completed
f05decff-45e7-4a4a-9019-0b81ba74d299,2026_W22,O49232,U23190,P107,2026-05-29 11:23:05,2,3660.65,620.39,55.78,1206.16,7321.3,6700.91,Wallet,Completed
f05decff-45e7-4a4a-9019-0b81ba74d299,2026_W22,O49233,U18959,P29,2026-05-26 21:13:38,3,7432.15,1211.13,147.29,3795.36,22296.449999999997,21085.319999999996,UPI,Completed
f05decff-45e7-4a4a-9019-0b81ba74d299,2026_W22,O49234,U28063,P102,2026-05-30 04:29:04,3,3001.78,1062.71,193.68,1429.67,9005.34,7942.63,Wallet,Completed
f05decff-45e7-4a4a-9019-0b81ba74d299,2026_W22,O49235,U25547,P54,2026-05-28 10:25:38,3,5968.84,1921.37,89.44,2877.33,17906.52,15985.150000000001,Debit Card,Completed
f05decff-45e7-4a4a-9019-0b81ba74d299,2026_W22,O49236,U34599,P8,2026-05-28 17:05:38,2,7997.84,1614.65,91.23,2588.59,15995.68,14381.03,Debit Card,Completed
f05decff-45e7-4a4a-9019-0b81ba74d299,2026_W22,O49237,U28089,P5,2026-05-27 10:22:46,3,5785.73,203.79,165.63,3087.61,17357.19,17153.399999999998,UPI,Completed
f05decff-45e7-4a4a-9019-0b81ba74d299,2026_W22,O49238,U12715,P97,2026-05-27 08:01:53,4,5383.07,3005.62,169.8,3334.8,21532.28,18526.66,Wallet,Completed
f05decff-45e7-4a4a-9019-0b81ba74d299,2026_W22,O49239,U20778,P133,2026-05-27 21:12:59,3,7230.51,2758.43,137.33,3407.96,21691.53,18933.1,Debit Card,Completed
f05decff-45e7-4a4a-9019-0b81ba74d299,2026_W22,O49240,U16236,P33,2026-05-26 15:53:22,2,7861.44,347.85,194.12,2767.51,15722.88,15375.029999999999,UPI,Completed
f05decff-45e7-4a4a-9019-0b81ba74d299,2026_W22,O49241,U30189,P10,2026-05-30 08:38:04,1,6983.65,439.35,96.44,1177.97,6983.65,6544.299999999999,Wallet,Completed
f05decff-45e7-4a4a-9019-0b81ba74d299,2026_W22,O49242,U19551,P37,2026-05-29 08:32:08,4,9886.76,490.06,147.58,7030.26,39547.04,39056.98,Wallet,Completed
f05decff-45e7-4a4a-9019-0b81ba74d299,2026_W22,O49243,U8656,P22,2026-05-27 12:55:20,3,6284.85,2555.26,115.88,2933.87,18854.550000000003,16299.290000000003,Wallet,Completed
f05decff-45e7-4a4a-9019-0b81ba74d299,2026_W22,O49244,U1204,P200,2026-05-30 20:20:14,1,9143.2,918.99,159.69,1480.36,9143.2,8224.210000000001,UPI,Completed
f05decff-45e7-4a4a-9019-0b81ba74d299,2026_W22,O49245,U24782,P2,2026-05-29 02:35:27,2,1543.5,302.15,181.11,501.27,3087.0,2784.85,Credit Card,Completed
f05decff-45e7-4a4a-9019-0b81ba74d299,2026_W22,O49246,U22560,P163,2026-05-28 05:18:34,3,2156.08,536.26,59.03,1067.76,6468.24,5931.98,Debit Card,Completed
f05decff-45e7-4a4a-9019-0b81ba74d299,2026_W22,O49247,U9844,P49,2026-05-30 10:29:19,4,4925.87,2522.83,197.63,3092.52,19703.48,17180.65,Wallet,Completed
f05decff-45e7-4a4a-9019-0b81ba74d299,2026_W22,O49248,U31383,P96,2026-05-27 16:01:43,4,6676.27,966.68,170.42,4632.91,26705.08,25738.4,Debit Card,Completed
f05decff-45e7-4a4a-9019-0b81ba74d299,2026_W22,O49249,U13874,P120,2026-05-30 06:36:19,4,8125.66,4431.84,181.9,5052.74,32502.64,28070.8,Debit Card,Completed
f05decff-45e7-4a4a-9019-0b81ba74d299,2026_W22,O49250,U33467,P55,2026-05-29 12:19:28,2,10434.9,208.07,155.05,3719.11,20869.8,20661.73,Wallet,Completed
f05decff-45e7-4a4a-9019-0b81ba74d299,2026_W22,O49251,U6520,P84,2026-05-28 10:39:16,4,8271.97,1570.47,171.62,5673.13,33087.88,31517.409999999996,Wallet,Completed
f05decff-45e7-4a4a-9019-0b81ba74d299,2026_W22,O49252,U26240,P144,2026-05-27 17:12:52,1,1737.47,93.83,106.76,295.86,1737.47,1643.64,Wallet,Completed
f05decff-45e7-4a4a-9019-0b81ba74d299,2026_W22,O49253,U13882,P10,2026-05-28 02:57:32,3,6983.65,3084.43,81.49,3215.97,20950.949999999997,17866.519999999997,Wallet,Completed
f05decff-45e7-4a4a-9019-0b81ba74d299,2026_W22,O49254,U9312,P75,2026-05-28 11:16:30,3,3046.83,394.23,134.53,1574.33,9140.49,8746.26,UPI,Completed
f05decff-45e7-4a4a-9019-0b81ba74d299,2026_W22,O49255,U9995,P159,2026-05-30 08:47:28,3,8714.84,2056.12,65.42,4335.91,26144.52,24088.4,Wallet,Completed
f05decff-45e7-4a4a-9019-0b81ba74d299,2026_W22,O49256,U33035,P181,2026-05-27 10:56:41,1,8581.69,214.93,105.22,1506.02,8581.69,8366.76,Wallet,Completed
f05decff-45e7-4a4a-9019-0b81ba74d299,2026_W22,O49257,U16358,P136,2026-05-30 14:10:45,1,2314.22,104.77,104.24,397.7,2314.22,2209.45,Credit Card,Completed
f05decff-45e7-4a4a-9019-0b81ba74d299,2026_W22,O49258,U7954,P29,2026-05-30 17:35:28,4,7432.15,1100.05,132.98,5153.14,29728.6,28628.55,UPI,Completed
f05decff-45e7-4a4a-9019-0b81ba74d299,2026_W22,O49259,U1263,P39,2026-05-27 11:29:40,4,5048.64,1098.18,99.47,3437.35,20194.56,19096.38,Wallet,Completed
f05decff-45e7-4a4a-9019-0b81ba74d299,2026_W22,O49260,U7436,P97,2026-05-27 19:41:08,4,5383.07,107.65,125.31,3856.43,21532.28,21424.629999999997,Debit Card,Completed
f05decff-45e7-4a4a-9019-0b81ba74d299,2026_W22,O49261,U28112,P151,2026-05-28 03:54:57,3,7426.21,2004.43,161.18,3649.36,22278.63,20274.2,UPI,Completed
f05decff-45e7-4a4a-9019-0b81ba74d299,2026_W22,O49262,U25666,P68,2026-05-27 20:57:11,4,10947.39,3632.79,57.27,7228.22,43789.56,40156.77,Debit Card,Completed
f05decff-45e7-4a4a-9019-0b81ba74d299,2026_W22,O49263,U33762,P68,2026-05-28 11:58:34,3,10947.39,2565.42,94.6,5449.82,32842.17,30276.75,UPI,Completed
f05decff-45e7-4a4a-9019-0b81ba74d299,2026_W22,O49264,U34473,P158,2026-05-28 10:06:05,4,6839.61,601.48,133.82,4816.25,27358.44,26756.96,Credit Card,Completed
f05decff-45e7-4a4a-9019-0b81ba74d299,2026_W22,O49265,U15588,P76,2026-05-25 21:57:33,1,3664.46,234.82,134.9,617.34,3664.46,3429.64,Wallet,Completed
f05decff-45e7-4a4a-9019-0b81ba74d299,2026_W22,O49266,U31694,P18,2026-05-30 04:35:41,3,2101.11,360.5,184.75,1069.71,6303.33,5942.83,Credit Card,Completed
f05decff-45e7-4a4a-9019-0b81ba74d299,2026_W22,O49267,U8869,P40,2026-05-31 19:39:30,2,4177.53,642.44,156.04,1388.27,8355.06,7712.619999999999,UPI,Completed
f05decff-45e7-4a4a-9019-0b81ba74d299,2026_W22,O49268,U2488,P189,2026-05-29 10:38:35,3,7353.02,468.11,143.54,3886.37,22059.06,21590.95,Debit Card,Completed
f05decff-45e7-4a4a-9019-0b81ba74d299,2026_W22,O49269,U24472,P101,2026-05-28 15:30:43,3,2760.68,1158.58,109.34,1282.22,8282.039999999999,7123.459999999999,UPI,Completed
f05decff-45e7-4a4a-9019-0b81ba74d299,2026_W22,O49270,U5326,P41,2026-05-30 21:44:17,1,7272.45,560.73,83.45,1208.11,7272.45,6711.719999999999,Debit Card,Completed
f05decff-45e7-4a4a-9019-0b81ba74d299,2026_W22,O49271,U10557,P136,2026-05-31 18:14:00,4,2314.22,374.59,186.82,1598.81,9256.88,8882.289999999999,Credit Card,Completed
f05decff-45e7-4a4a-9019-0b81ba74d299,2026_W22,O49272,U13185,P182,2026-05-26 06:20:00,3,6023.28,117.95,103.19,3231.34,18069.84,17951.89,Debit Card,Completed
f05decff-45e7-4a4a-9019-0b81ba74d299,2026_W22,O49273,U24601,P67,2026-05-29 07:45:48,2,6555.74,310.7,193.64,2304.14,13111.48,12800.779999999999,Credit Card,Completed
f05decff-45e7-4a4a-9019-0b81ba74d299,2026_W22,O49274,U14607,P10,2026-05-26 02:08:51,4,6983.65,1228.81,95.46,4807.04,27934.6,26705.789999999997,Debit Card,Completed
f05decff-45e7-4a4a-9019-0b81ba74d299,2026_W22,O49275,U33198,P180,2026-05-26 02:54:56,1,6781.04,1015.74,75.81,1037.75,6781.04,5765.3,Debit Card,Completed
f05decff-45e7-4a4a-9019-0b81ba74d299,2026_W22,O49276,U16305,P23,2026-05-29 04:41:35,1,2281.71,276.53,162.07,360.93,2281.71,2005.18,UPI,Completed
f05decff-45e7-4a4a-9019-0b81ba74d299,2026_W22,O49277,U12812,P49,2026-05-29 11:47:43,4,4925.87,2805.76,115.87,3041.59,19703.48,16897.72,Wallet,Completed
f05decff-45e7-4a4a-9019-0b81ba74d299,2026_W22,O49278,U9835,P37,2026-05-26 16:36:37,1,9886.76,530.27,99.29,1684.17,9886.76,9356.49,Debit Card,Completed
f05decff-45e7-4a4a-9019-0b81ba74d299,2026_W22,O49279,U13319,P76,2026-05-30 08:26:28,3,3664.46,492.76,138.91,1890.11,10993.380000000001,10500.62,Debit Card,Completed
f05decff-45e7-4a4a-9019-0b81ba74d299,2026_W22,O49280,U34845,P29,2026-05-27 13:21:23,3,7432.15,1184.96,92.68,3800.07,22296.449999999997,21111.489999999998,UPI,Completed
f05decff-45e7-4a4a-9019-0b81ba74d299,2026_W22,O49281,U13269,P140,2026-05-27 01:01:01,2,3133.21,247.86,70.78,1083.34,6266.42,6018.56,Credit Card,Completed
f05decff-45e7-4a4a-9019-0b81ba74d299,2026_W22,O49282,U34267,P142,2026-05-30 17:16:25,3,4531.33,4.89,183.85,2446.04,13593.99,13589.1,Credit Card,Completed
f05decff-45e7-4a4a-9019-0b81ba74d299,2026_W22,O49283,U28841,P181,2026-05-29 04:40:30,1,8581.69,627.94,177.46,1431.68,8581.69,7953.75,Debit Card,Completed
f05decff-45e7-4a4a-9019-0b81ba74d299,2026_W22,O49284,U308,P68,2026-05-31 19:49:27,1,10947.39,1153.55,117.07,1762.89,10947.39,9793.84,Wallet,Completed
f05decff-45e7-4a4a-9019-0b81ba74d299,2026_W22,O49285,U34034,P116,2026-05-28 14:54:07,4,4661.13,419.61,162.46,3280.48,18644.52,18224.91,UPI,Completed
f05decff-45e7-4a4a-9019-0b81ba74d299,2026_W22,O49286,U29956,P174,2026-05-30 10:29:14,2,3233.65,848.21,184.92,1011.44,6467.3,5619.09,UPI,Completed
f05decff-45e7-4a4a-9019-0b81ba74d299,2026_W22,O49287,U20702,P15,2026-05-29 13:57:58,3,2472.77,1073.19,58.96,1142.12,7418.3099999999995,6345.119999999999,UPI,Completed
f05decff-45e7-4a4a-9019-0b81ba74d299,2026_W22,O49288,U13449,P153,2026-05-27 15:25:17,4,11343.81,3120.03,138.5,7605.94,45375.24,42255.21,UPI,Completed
f05decff-45e7-4a4a-9019-0b81ba74d299,2026_W22,O49289,U33115,P35,2026-05-26 15:20:55,3,3801.69,653.39,112.97,1935.3,11405.07,10751.68,Credit Card,Completed
f05decff-45e7-4a4a-9019-0b81ba74d299,2026_W22,O49290,U30630,P180,2026-05-27 14:35:38,2,6781.04,1039.96,164.81,2253.98,13562.08,12522.119999999999,Credit Card,Completed
f05decff-45e7-4a4a-9019-0b81ba74d299,2026_W22,O49291,U18334,P13,2026-05-29 07:48:09,1,6805.73,336.6,171.47,1164.44,6805.73,6469.129999999999,Credit Card,Completed
f05decff-45e7-4a4a-9019-0b81ba74d299,2026_W22,O49292,U34366,P50,2026-05-28 01:57:39,4,2033.45,940.29,189.41,1294.83,8133.8,7193.51,Wallet,Completed
f05decff-45e7-4a4a-9019-0b81ba74d299,2026_W22,O49293,U7501,P5,2026-05-28 02:23:09,4,5785.73,2470.34,178.56,3721.06,23142.92,20672.579999999998,Debit Card,Completed
f05decff-45e7-4a4a-9019-0b81ba74d299,2026_W22,O49294,U9448,P109,2026-05-29 02:26:56,2,5251.93,1124.01,137.8,1688.37,10503.86,9379.85,UPI,Completed
f05decff-45e7-4a4a-9019-0b81ba74d299,2026_W22,O49295,U28765,P1,2026-05-30 00:31:34,1,6823.54,880.93,173.42,1069.67,6823.54,5942.61,Debit Card,Completed
f05decff-45e7-4a4a-9019-0b81ba74d299,2026_W22,O49296,U25577,P25,2026-05-30 17:21:50,2,4602.38,783.69,62.44,1515.79,9204.76,8421.07,Credit Card,Completed
f05decff-45e7-4a4a-9019-0b81ba74d299,2026_W22,O49297,U12836,P50,2026-05-26 20:15:14,2,2033.45,532.73,162.68,636.15,4066.9,3534.17,Credit Card,Completed
f05decff-45e7-4a4a-9019-0b81ba74d299,2026_W22,O49298,U10693,P174,2026-05-28 13:06:57,2,3233.65,902.11,170.6,1001.73,6467.3,5565.1900000000005,Wallet,Completed
f05decff-45e7-4a4a-9019-0b81ba74d299,2026_W22,O49299,U5282,P29,2026-05-30 21:13:26,4,7432.15,2379.2,146.02,4922.89,29728.6,27349.399999999998,Wallet,Completed
f05decff-45e7-4a4a-9019-0b81ba74d299,2026_W22,O49300,U22380,P119,2026-05-31 07:31:07,4,10133.79,3696.87,142.33,6630.89,40535.16,36838.29,Credit Card,Completed
f05decff-45e7-4a4a-9019-0b81ba74d299,2026_W22,O49301,U11909,P93,2026-05-26 14:30:28,3,5224.43,1753.11,192.87,2505.63,15673.29,13920.18,Credit Card,Completed
f05decff-45e7-4a4a-9019-0b81ba74d299,2026_W22,O49302,U16302,P181,2026-05-26 08:46:31,1,8581.69,96.77,121.85,1527.29,8581.69,8484.92,Debit Card,Completed
f05decff-45e7-4a4a-9019-0b81ba74d299,2026_W22,O49303,U12340,P70,2026-05-27 09:54:47,1,2246.89,98.82,150.39,386.65,2246.89,2148.0699999999997,Credit Card,Completed
f05decff-45e7-4a4a-9019-0b81ba74d299,2026_W22,O49304,U2714,P160,2026-05-28 18:09:32,2,6919.48,537.83,173.12,2394.2,13838.96,13301.13,Debit Card,Completed
f05decff-45e7-4a4a-9019-0b81ba74d299,2026_W22,O49305,U31891,P180,2026-05-31 04:17:53,1,6781.04,299.88,176.18,1166.61,6781.04,6481.16,Wallet,Completed
f05decff-45e7-4a4a-9019-0b81ba74d299,2026_W22,O49306,U5857,P13,2026-05-31 07:29:20,4,6805.73,2724.65,154.16,4409.69,27222.92,24498.269999999997,Wallet,Completed
f05decff-45e7-4a4a-9019-0b81ba74d299,2026_W22,O49307,U30478,P97,2026-05-29 13:34:40,2,5383.07,567.1,188.54,1835.83,10766.14,10199.039999999999,UPI,Completed
f05decff-45e7-4a4a-9019-0b81ba74d299,2026_W22,O49308,U29778,P125,2026-05-28 19:19:34,3,5593.86,1580.39,109.37,2736.21,16781.579999999998,15201.189999999999,Debit Card,Completed
f05decff-45e7-4a4a-9019-0b81ba74d299,2026_W22,O49309,U29470,P99,2026-05-31 03:59:15,1,4457.11,311.66,96.76,746.18,4457.11,4145.45,UPI,Completed
f05decff-45e7-4a4a-9019-0b81ba74d299,2026_W22,O49310,U17015,P2,2026-05-31 04:38:59,2,1543.5,32.83,131.85,549.75,3087.0,3054.17,UPI,Completed
f05decff-45e7-4a4a-9019-0b81ba74d299,2026_W22,O49311,U27664,P141,2026-05-29 20:19:38,1,6658.31,390.12,99.67,1128.27,6658.31,6268.1900000000005,Wallet,Completed
f05decff-45e7-4a4a-9019-0b81ba74d299,2026_W22,O49312,U17075,P183,2026-05-30 16:50:41,2,9215.45,2184.47,102.2,2924.36,18430.9,16246.430000000002,Credit Card,Completed
f05decff-45e7-4a4a-9019-0b81ba74d299,2026_W22,O49313,U13734,P29,2026-05-31 08:36:22,3,7432.15,3132.33,149.48,3449.54,22296.449999999997,19164.119999999995,UPI,Completed
f05decff-45e7-4a4a-9019-0b81ba74d299,2026_W22,O49314,U21605,P92,2026-05-27 12:37:29,2,7099.99,1925.72,140.7,2209.37,14199.98,12274.26,Debit Card,Completed
f05decff-45e7-4a4a-9019-0b81ba74d299,2026_W22,O49315,U13840,P184,2026-05-31 16:00:42,2,3886.18,990.42,136.39,1220.75,7772.36,6781.94,UPI,Completed
f05decff-45e7-4a4a-9019-0b81ba74d299,2026_W22,O49316,U25976,P86,2026-05-27 14:06:28,4,7794.14,3100.79,159.26,5053.64,31176.56,28075.77,Wallet,Completed
f05decff-45e7-4a4a-9019-0b81ba74d299,2026_W22,O49317,U10126,P189,2026-05-27 21:20:23,4,7353.02,423.69,177.53,5217.91,29412.08,28988.390000000003,Credit Card,Completed
f05decff-45e7-4a4a-9019-0b81ba74d299,2026_W22,O49318,U21830,P125,2026-05-29 22:17:28,4,5593.86,3027.98,72.0,3482.54,22375.44,19347.46,Wallet,Completed
f05decff-45e7-4a4a-9019-0b81ba74d299,2026_W22,O49319,U1161,P22,2026-05-28 07:54:38,1,6284.85,0.27,131.67,1131.22,6284.85,6284.58,UPI,Completed
f05decff-45e7-4a4a-9019-0b81ba74d299,2026_W22,O49320,U33018,P20,2026-05-26 06:48:49,1,6465.0,440.02,196.16,1084.5,6465.0,6024.98,Wallet,Completed
f05decff-45e7-4a4a-9019-0b81ba74d299,2026_W22,O49321,U10666,P182,2026-05-27 05:44:29,4,6023.28,639.45,100.68,4221.66,24093.12,23453.67,Debit Card,Completed
f05decff-45e7-4a4a-9019-0b81ba74d299,2026_W22,O49322,U24081,P127,2026-05-30 02:34:13,4,9140.26,3910.25,57.1,5877.14,36561.04,32650.79,Credit Card,Completed
f05decff-45e7-4a4a-9019-0b81ba74d299,2026_W22,O49323,U18866,P61,2026-05-28 15:26:50,2,7261.62,2029.35,78.34,2248.9,14523.24,12493.89,Credit Card,Completed
f05decff-45e7-4a4a-9019-0b81ba74d299,2026_W22,O49324,U27116,P195,2026-05-27 09:52:53,2,3603.97,533.85,149.19,1201.34,7207.94,6674.089999999999,Wallet,Completed
f05decff-45e7-4a4a-9019-0b81ba74d299,2026_W22,O49325,U18468,P92,2026-05-27 18:48:57,4,7099.99,3850.56,81.18,4418.89,28399.96,24549.399999999998,UPI,Completed
f05decff-45e7-4a4a-9019-0b81ba74d299,2026_W22,O49326,U19984,P156,2026-05-30 10:01:08,1,2183.92,8.69,128.16,391.54,2183.92,2175.23,Debit Card,Completed
f05decff-45e7-4a4a-9019-0b81ba74d299,2026_W22,O49327,U8570,P78,2026-05-29 07:31:42,3,4707.59,934.35,127.12,2373.92,14122.77,13188.42,Debit Card,Completed
f05decff-45e7-4a4a-9019-0b81ba74d299,2026_W22,O49328,U29556,P170,2026-05-29 05:13:03,1,2744.23,10.96,63.66,491.99,2744.23,2733.27,UPI,Completed
f05decff-45e7-4a4a-9019-0b81ba74d299,2026_W22,O49329,U4799,P100,2026-05-31 13:45:38,1,7089.35,351.13,157.52,1212.88,7089.35,6738.22,Wallet,Completed
f05decff-45e7-4a4a-9019-0b81ba74d299,2026_W22,O49330,U16465,P100,2026-05-28 15:55:31,4,7089.35,2600.53,55.76,4636.24,28357.4,25756.870000000003,Debit Card,Completed
f05decff-45e7-4a4a-9019-0b81ba74d299,2026_W22,O49331,U5810,P15,2026-05-31 15:49:26,4,2472.77,576.94,104.86,1676.55,9891.08,9314.14,Debit Card,Completed
f05decff-45e7-4a4a-9019-0b81ba74d299,2026_W22,O49332,U24655,P155,2026-05-31 12:12:45,4,8707.69,4270.46,92.46,5500.85,34830.76,30560.300000000003,UPI,Completed
f05decff-45e7-4a4a-9019-0b81ba74d299,2026_W22,O49333,U26361,P151,2026-05-30 15:18:55,4,7426.21,213.55,57.43,5308.43,29704.84,29491.29,Debit Card,Completed
f05decff-45e7-4a4a-9019-0b81ba74d299,2026_W22,O49334,U13795,P200,2026-05-29 05:25:28,3,9143.2,849.07,160.92,4784.5,27429.600000000002,26580.530000000002,Wallet,Completed
f05decff-45e7-4a4a-9019-0b81ba74d299,2026_W22,O49335,U16839,P80,2026-05-30 21:11:18,1,7227.02,1080.31,166.7,1106.41,7227.02,6146.710000000001,Debit Card,Completed
f05decff-45e7-4a4a-9019-0b81ba74d299,2026_W22,O49336,U9389,P128,2026-05-29 17:08:59,2,3133.44,378.26,99.04,1059.95,6266.88,5888.62,Wallet,Completed
f05decff-45e7-4a4a-9019-0b81ba74d299,2026_W22,O49337,U4401,P92,2026-05-26 18:09:06,1,7099.99,364.17,146.82,1212.45,7099.99,6735.82,Debit Card,Completed
f05decff-45e7-4a4a-9019-0b81ba74d299,2026_W22,O49338,U1713,P39,2026-05-27 00:24:34,1,5048.64,342.22,179.25,847.16,5048.64,4706.42,Credit Card,Completed
f05decff-45e7-4a4a-9019-0b81ba74d299,2026_W22,O49339,U19786,P2,2026-05-26 21:02:42,3,1543.5,671.46,112.91,712.63,4630.5,3959.04,Debit Card,Completed
f05decff-45e7-4a4a-9019-0b81ba74d299,2026_W22,O49340,U4927,P56,2026-05-31 16:43:12,3,9725.09,258.7,196.5,5204.98,29175.27,28916.57,Wallet,Completed
f05decff-45e7-4a4a-9019-0b81ba74d299,2026_W22,O49341,U13741,P143,2026-05-30 20:47:19,4,6038.03,1911.02,124.16,4003.4,24152.12,22241.1,Debit Card,Completed
f05decff-45e7-4a4a-9019-0b81ba74d299,2026_W22,O49342,U5475,P173,2026-05-30 05:48:32,4,4326.87,595.45,113.31,3008.17,17307.48,16712.03,UPI,Completed
f05decff-45e7-4a4a-9019-0b81ba74d299,2026_W22,O49343,U9539,P104,2026-05-29 13:38:29,4,5183.53,2657.92,190.23,3253.72,20734.12,18076.199999999997,UPI,Completed
f05decff-45e7-4a4a-9019-0b81ba74d299,2026_W22,O49344,U24945,P78,2026-05-27 15:37:21,4,4707.59,1426.86,198.79,3132.63,18830.36,17403.5,Wallet,Completed
f05decff-45e7-4a4a-9019-0b81ba74d299,2026_W22,O49345,U22153,P60,2026-05-26 20:04:22,4,3458.47,1317.49,103.75,2252.95,13833.88,12516.39,Debit Card,Completed
f05decff-45e7-4a4a-9019-0b81ba74d299,2026_W22,O49346,U27017,P13,2026-05-31 09:23:50,4,6805.73,3026.46,156.66,4355.36,27222.92,24196.46,Credit Card,Completed
f05decff-45e7-4a4a-9019-0b81ba74d299,2026_W22,O49347,U31801,P133,2026-05-27 05:31:55,2,7230.51,11.08,116.83,2600.99,14461.02,14449.94,Debit Card,Completed
f05decff-45e7-4a4a-9019-0b81ba74d299,2026_W22,O49348,U29308,P35,2026-05-28 00:48:53,3,3801.69,741.89,66.64,1919.37,11405.07,10663.18,Credit Card,Completed
f05decff-45e7-4a4a-9019-0b81ba74d299,2026_W22,O49349,U15375,P108,2026-05-26 09:33:27,3,4001.51,1214.65,106.95,1942.18,12004.53,10789.880000000001,Wallet,Completed
f05decff-45e7-4a4a-9019-0b81ba74d299,2026_W22,O49350,U19257,P30,2026-05-30 12:07:01,4,10909.65,2457.7,74.76,7412.56,43638.6,41180.9,UPI,Completed
f05decff-45e7-4a4a-9019-0b81ba74d299,2026_W22,O49351,U24865,P177,2026-05-29 05:15:00,4,5607.98,2419.08,183.85,3602.31,22431.92,20012.839999999997,Wallet,Completed
f05decff-45e7-4a4a-9019-0b81ba74d299,2026_W22,O49352,U5906,P93,2026-05-30 13:27:12,4,5224.43,1219.54,94.19,3542.07,20897.72,19678.18,Debit Card,Completed
f05decff-45e7-4a4a-9019-0b81ba74d299,2026_W22,O49353,U3756,P51,2026-05-27 00:53:58,2,6572.59,671.63,132.27,2245.24,13145.18,12473.550000000001,Wallet,Completed
f05decff-45e7-4a4a-9019-0b81ba74d299,2026_W22,O49354,U11730,P94,2026-05-31 10:10:03,2,4145.07,954.32,89.27,1320.45,8290.14,7335.82,Debit Card,Completed
f05decff-45e7-4a4a-9019-0b81ba74d299,2026_W22,O49355,U8328,P10,2026-05-27 06:58:25,2,6983.65,1065.56,107.25,2322.31,13967.3,12901.74,UPI,Completed
f05decff-45e7-4a4a-9019-0b81ba74d299,2026_W22,O49356,U22206,P149,2026-05-28 16:55:09,3,7089.62,2437.68,114.86,3389.61,21268.86,18831.18,Debit Card,Completed
f05decff-45e7-4a4a-9019-0b81ba74d299,2026_W22,O49357,U18301,P99,2026-05-27 19:14:12,3,4457.11,533.84,61.44,2310.75,13371.329999999998,12837.489999999998,UPI,Completed
f05decff-45e7-4a4a-9019-0b81ba74d299,2026_W22,O49358,U32257,P157,2026-05-28 08:15:43,3,5290.96,1915.12,127.82,2512.4,15872.880000000001,13957.760000000002,Debit Card,Completed
f05decff-45e7-4a4a-9019-0b81ba74d299,2026_W22,O49359,U33312,P163,2026-05-27 15:40:24,1,2156.08,145.93,159.17,361.83,2156.08,2010.1499999999999,Debit Card,Completed
f05decff-45e7-4a4a-9019-0b81ba74d299,2026_W22,O49360,U31934,P121,2026-05-26 08:53:19,3,9562.01,1631.55,196.42,4869.81,28686.03,27054.48,UPI,Completed
f05decff-45e7-4a4a-9019-0b81ba74d299,2026_W22,O49361,U32941,P60,2026-05-29 03:18:58,2,3458.47,820.37,61.32,1097.38,6916.94,6096.57,Debit Card,Completed
f05decff-45e7-4a4a-9019-0b81ba74d299,2026_W22,O49362,U22004,P62,2026-05-30 10:10:47,1,2150.19,144.67,133.28,360.99,2150.19,2005.52,Debit Card,Completed
f05decff-45e7-4a4a-9019-0b81ba74d299,2026_W22,O49363,U2828,P115,2026-05-30 09:05:16,3,8486.85,3064.7,82.81,4031.25,25460.550000000003,22395.850000000002,Wallet,Completed
f05decff-45e7-4a4a-9019-0b81ba74d299,2026_W22,O49364,U23832,P13,2026-05-28 14:32:36,4,6805.73,1710.86,63.37,4592.17,27222.92,25512.059999999998,Debit Card,Completed
f05decff-45e7-4a4a-9019-0b81ba74d299,2026_W22,O49365,U13923,P42,2026-05-31 06:46:39,3,5949.92,2399.24,78.38,2781.09,17849.760000000002,15450.520000000002,UPI,Completed
f05decff-45e7-4a4a-9019-0b81ba74d299,2026_W22,O49366,U3142,P113,2026-05-31 05:42:26,1,2934.32,133.29,79.12,504.19,2934.32,2801.03,UPI,Completed
f05decff-45e7-4a4a-9019-0b81ba74d299,2026_W22,O49367,U10770,P155,2026-05-31 03:24:38,1,8707.69,1211.02,115.7,1349.4,8707.69,7496.67,Wallet,Completed
f05decff-45e7-4a4a-9019-0b81ba74d299,2026_W22,O49368,U22727,P8,2026-05-31 09:33:02,4,7997.84,2515.77,82.01,5305.61,31991.36,29475.59,Debit Card,Completed
f05decff-45e7-4a4a-9019-0b81ba74d299,2026_W22,O49369,U26976,P157,2026-05-27 04:29:47,1,5290.96,547.17,179.37,853.88,5290.96,4743.79,Debit Card,Completed
f05decff-45e7-4a4a-9019-0b81ba74d299,2026_W22,O49370,U10091,P133,2026-05-26 22:58:23,2,7230.51,1648.71,81.4,2306.22,14461.02,12812.310000000001,Debit Card,Completed
f05decff-45e7-4a4a-9019-0b81ba74d299,2026_W22,O49371,U2329,P101,2026-05-26 04:19:01,1,2760.68,98.9,192.47,479.12,2760.68,2661.7799999999997,Wallet,Completed
f05decff-45e7-4a4a-9019-0b81ba74d299,2026_W22,O49372,U4716,P154,2026-05-26 11:30:00,1,4135.27,214.73,170.45,705.7,4135.27,3920.5400000000004,Debit Card,Completed
f05decff-45e7-4a4a-9019-0b81ba74d299,2026_W22,O49373,U14165,P139,2026-05-26 18:30:30,4,7513.32,801.65,94.2,5265.29,30053.28,29251.629999999997,Wallet,Completed
f05decff-45e7-4a4a-9019-0b81ba74d299,2026_W22,O49374,U18274,P63,2026-05-30 18:34:31,3,5767.08,1526.28,148.04,2839.49,17301.239999999998,15774.959999999997,Credit Card,Completed
f05decff-45e7-4a4a-9019-0b81ba74d299,2026_W22,O49375,U30178,P34,2026-05-27 00:20:29,4,8777.08,202.45,112.28,6283.06,35108.32,34905.87,UPI,Completed
f05decff-45e7-4a4a-9019-0b81ba74d299,2026_W22,O49376,U3929,P88,2026-05-29 22:56:43,2,2502.34,641.32,136.24,785.4,5004.68,4363.360000000001,UPI,Completed
f05decff-45e7-4a4a-9019-0b81ba74d299,2026_W22,O49377,U6221,P139,2026-05-26 13:31:42,4,7513.32,1107.93,118.66,5210.16,30053.28,28945.35,Debit Card,Completed
f05decff-45e7-4a4a-9019-0b81ba74d299,2026_W22,O49378,U9403,P165,2026-05-30 17:34:36,3,4063.67,1271.96,84.61,1965.43,12191.01,10919.05,UPI,Completed
f05decff-45e7-4a4a-9019-0b81ba74d299,2026_W22,O49379,U14901,P134,2026-05-26 08:00:28,2,3654.35,918.12,194.85,1150.3,7308.7,6390.58,UPI,Completed
f05decff-45e7-4a4a-9019-0b81ba74d299,2026_W22,O49380,U31108,P186,2026-05-26 16:31:24,4,7849.55,2418.41,67.5,5216.36,31398.2,28979.79,Wallet,Completed
f05decff-45e7-4a4a-9019-0b81ba74d299,2026_W22,O49381,U12740,P81,2026-05-29 19:21:36,3,1659.37,260.42,120.81,849.18,4978.11,4717.69,Credit Card,Completed
f05decff-45e7-4a4a-9019-0b81ba74d299,2026_W22,O49382,U2514,P83,2026-05-30 14:15:08,1,5070.2,30.44,133.5,907.16,5070.2,5039.76,Credit Card,Completed
f05decff-45e7-4a4a-9019-0b81ba74d299,2026_W22,O49383,U3445,P126,2026-05-31 02:52:48,3,7171.16,176.76,182.84,3840.61,21513.48,21336.72,UPI,Completed
f05decff-45e7-4a4a-9019-0b81ba74d299,2026_W22,O49384,U31233,P1,2026-05-27 12:08:27,1,6823.54,81.61,149.3,1213.55,6823.54,6741.93,Debit Card,Completed
f05decff-45e7-4a4a-9019-0b81ba74d299,2026_W22,O49385,U5032,P8,2026-05-30 13:15:05,2,7997.84,1531.25,62.0,2603.6,15995.68,14464.43,Credit Card,Completed
f05decff-45e7-4a4a-9019-0b81ba74d299,2026_W22,O49386,U18698,P96,2026-05-29 01:41:50,3,6676.27,273.81,61.03,3555.9,20028.81,19755.0,Credit Card,Completed
f05decff-45e7-4a4a-9019-0b81ba74d299,2026_W22,O49387,U22999,P133,2026-05-26 07:25:45,2,7230.51,1475.68,179.14,2337.36,14461.02,12985.34,Debit Card,Completed
f05decff-45e7-4a4a-9019-0b81ba74d299,2026_W22,O49388,U12836,P153,2026-05-31 07:37:13,3,11343.81,1825.99,128.03,5796.98,34031.43,32205.44,Wallet,Completed
f05decff-45e7-4a4a-9019-0b81ba74d299,2026_W22,O49389,U8337,P129,2026-05-30 08:09:17,4,5625.8,3208.11,106.73,3473.12,22503.2,19295.09,UPI,Completed
f05decff-45e7-4a4a-9019-0b81ba74d299,2026_W22,O49390,U31913,P53,2026-05-27 10:00:33,3,8018.26,2385.14,102.34,3900.54,24054.78,21669.64,UPI,Completed
f05decff-45e7-4a4a-9019-0b81ba74d299,2026_W22,O49391,U2895,P188,2026-05-27 20:26:20,2,3237.34,936.75,116.87,996.83,6474.68,5537.93,UPI,Completed
f05decff-45e7-4a4a-9019-0b81ba74d299,2026_W22,O49392,U5473,P65,2026-05-29 05:13:43,2,1802.09,485.24,96.82,561.41,3604.18,3118.9399999999996,Debit Card,Completed
f05decff-45e7-4a4a-9019-0b81ba74d299,2026_W22,O49393,U19451,P193,2026-05-27 21:34:43,1,5013.68,518.83,141.7,809.07,5013.68,4494.85,Credit Card,Completed
f05decff-45e7-4a4a-9019-0b81ba74d299,2026_W22,O49394,U21531,P136,2026-05-29 02:02:04,1,2314.22,203.29,87.05,379.97,2314.22,2110.93,Credit Card,Completed
f05decff-45e7-4a4a-9019-0b81ba74d299,2026_W22,O49395,U25649,P69,2026-05-26 22:42:38,1,5881.18,793.38,170.48,915.8,5881.18,5087.8,Debit Card,Completed
f05decff-45e7-4a4a-9019-0b81ba74d299,2026_W22,O49396,U4065,P50,2026-05-28 02:23:15,2,2033.45,336.05,67.37,671.55,4066.9,3730.85,Credit Card,Completed
f05decff-45e7-4a4a-9019-0b81ba74d299,2026_W22,O49397,U5041,P161,2026-05-30 17:59:44,1,5474.81,459.52,96.5,902.75,5474.81,5015.290000000001,Wallet,Completed
f05decff-45e7-4a4a-9019-0b81ba74d299,2026_W22,O49398,U11976,P94,2026-05-29 08:04:01,4,4145.07,231.84,199.99,2942.72,16580.28,16348.439999999999,Credit Card,Completed
f05decff-45e7-4a4a-9019-0b81ba74d299,2026_W22,O49399,U10237,P74,2026-05-28 08:23:52,2,8026.5,21.88,70.03,2885.6,16053.0,16031.12,Debit Card,Completed
f05decff-45e7-4a4a-9019-0b81ba74d299,2026_W22,O49400,U4503,P111,2026-05-27 05:30:26,3,9541.24,514.53,123.35,5059.65,28623.72,28109.190000000002,UPI,Completed
f05decff-45e7-4a4a-9019-0b81ba74d299,2026_W22,O49401,U280,P198,2026-05-29 09:36:06,3,8888.97,2857.94,64.89,4285.61,26666.909999999996,23808.969999999998,Credit Card,Completed
f05decff-45e7-4a4a-9019-0b81ba74d299,2026_W22,O49402,U9675,P138,2026-05-27 02:53:04,2,5599.95,942.7,139.13,1846.3,11199.9,10257.199999999999,Wallet,Completed
f05decff-45e7-4a4a-9019-0b81ba74d299,2026_W22,O49403,U34485,P12,2026-05-29 10:32:51,4,7089.88,2755.71,145.15,4608.69,28359.52,25603.81,Debit Card,Completed
f05decff-45e7-4a4a-9019-0b81ba74d299,2026_W22,O49404,U20193,P19,2026-05-27 08:00:18,3,10873.73,4830.74,50.99,5002.28,32621.19,27790.449999999997,Debit Card,Completed
f05decff-45e7-4a4a-9019-0b81ba74d299,2026_W22,O49405,U26934,P23,2026-05-28 21:02:10,2,2281.71,583.03,62.65,716.47,4563.42,3980.3900000000003,UPI,Completed
f05decff-45e7-4a4a-9019-0b81ba74d299,2026_W22,O49406,U34347,P71,2026-05-29 16:03:49,1,5001.28,128.92,71.75,877.02,5001.28,4872.36,Wallet,Completed
f05decff-45e7-4a4a-9019-0b81ba74d299,2026_W22,O49407,U3071,P70,2026-05-31 11:20:44,3,2246.89,975.74,115.74,1037.69,6740.67,5764.93,UPI,Completed
f05decff-45e7-4a4a-9019-0b81ba74d299,2026_W22,O49408,U12416,P15,2026-05-26 09:26:37,4,2472.77,630.5,137.75,1666.9,9891.08,9260.58,Credit Card,Completed
f05decff-45e7-4a4a-9019-0b81ba74d299,2026_W22,O49409,U10191,P48,2026-05-31 00:42:41,2,10990.29,352.02,111.14,3893.14,21980.58,21628.56,Wallet,Completed
f05decff-45e7-4a4a-9019-0b81ba74d299,2026_W22,O49410,U1228,P84,2026-05-27 19:22:26,1,8271.97,114.26,178.09,1468.39,8271.97,8157.709999999999,Credit Card,Completed
f05decff-45e7-4a4a-9019-0b81ba74d299,2026_W22,O49411,U34869,P56,2026-05-26 20:05:07,1,9725.09,312.39,166.47,1694.29,9725.09,9412.7,Credit Card,Completed
f05decff-45e7-4a4a-9019-0b81ba74d299,2026_W22,O49412,U8658,P98,2026-05-28 06:02:54,1,3365.14,266.02,144.89,557.84,3365.14,3099.12,Credit Card,Completed
f05decff-45e7-4a4a-9019-0b81ba74d299,2026_W22,O49413,U8420,P10,2026-05-28 22:49:38,2,6983.65,1816.67,151.18,2187.11,13967.3,12150.63,Debit Card,Completed
f05decff-45e7-4a4a-9019-0b81ba74d299,2026_W22,O49414,U28255,P137,2026-05-28 01:25:42,1,4729.65,136.74,56.35,826.72,4729.65,4592.91,Wallet,Completed
f05decff-45e7-4a4a-9019-0b81ba74d299,2026_W22,O49415,U27189,P130,2026-05-28 06:44:22,2,11039.76,245.31,197.36,3930.16,22079.52,21834.21,UPI,Completed
f05decff-45e7-4a4a-9019-0b81ba74d299,2026_W22,O49416,U1796,P188,2026-05-29 04:15:13,2,3237.34,44.97,172.05,1157.35,6474.68,6429.71,Wallet,Completed
f05decff-45e7-4a4a-9019-0b81ba74d299,2026_W22,O49417,U28026,P44,2026-05-30 14:29:17,1,1679.28,232.92,193.48,260.34,1679.28,1446.36,Wallet,Completed
f05decff-45e7-4a4a-9019-0b81ba74d299,2026_W22,O49418,U25666,P60,2026-05-27 00:51:55,3,3458.47,1349.2,97.92,1624.72,10375.41,9026.21,UPI,Completed
f05decff-45e7-4a4a-9019-0b81ba74d299,2026_W22,O49419,U33367,P132,2026-05-28 18:22:52,1,5087.03,469.37,116.29,831.18,5087.03,4617.66,UPI,Completed
f05decff-45e7-4a4a-9019-0b81ba74d299,2026_W22,O49420,U34108,P176,2026-05-29 19:15:20,3,3628.75,1488.9,178.18,1691.52,10886.25,9397.35,Debit Card,Completed
f05decff-45e7-4a4a-9019-0b81ba74d299,2026_W22,O49421,U23752,P103,2026-05-28 19:37:06,3,5314.76,2169.74,153.54,2479.42,15944.28,13774.54,UPI,Completed
f05decff-45e7-4a4a-9019-0b81ba74d299,2026_W22,O49422,U24472,P40,2026-05-28 11:50:19,2,4177.53,1098.55,104.03,1306.17,8355.06,7256.509999999999,Wallet,Completed
f05decff-45e7-4a4a-9019-0b81ba74d299,2026_W22,O49423,U1355,P110,2026-05-26 05:08:38,1,1984.17,58.1,86.36,346.69,1984.17,1926.0700000000002,UPI,Completed
f05decff-45e7-4a4a-9019-0b81ba74d299,2026_W22,O49424,U3712,P140,2026-05-29 18:38:41,2,3133.21,539.59,132.15,1030.83,6266.42,5726.83,Wallet,Completed
f05decff-45e7-4a4a-9019-0b81ba74d299,2026_W22,O49425,U26814,P98,2026-05-26 10:14:08,3,3365.14,1034.38,66.34,1630.99,10095.42,9061.04,Credit Card,Completed
f05decff-45e7-4a4a-9019-0b81ba74d299,2026_W22,O49426,U24823,P94,2026-05-30 21:20:55,1,4145.07,335.05,92.54,685.8,4145.07,3810.0199999999995,UPI,Completed
f05decff-45e7-4a4a-9019-0b81ba74d299,2026_W22,O49427,U34034,P35,2026-05-29 12:02:44,4,3801.69,1364.04,79.05,2491.69,15206.76,13842.720000000001,Debit Card,Completed
f05decff-45e7-4a4a-9019-0b81ba74d299,2026_W22,O49428,U11459,P24,2026-05-29 12:59:24,3,4886.78,971.45,87.38,2464.0,14660.34,13688.89,Credit Card,Completed
f05decff-45e7-4a4a-9019-0b81ba74d299,2026_W22,O49429,U3540,P68,2026-05-31 18:01:26,1,10947.39,1349.36,60.69,1727.65,10947.39,9598.029999999999,Debit Card,Completed
f05decff-45e7-4a4a-9019-0b81ba74d299,2026_W22,O49430,U22999,P116,2026-05-26 20:52:35,4,4661.13,129.59,76.58,3332.69,18644.52,18514.93,Credit Card,Completed
f05decff-45e7-4a4a-9019-0b81ba74d299,2026_W22,O49431,U22078,P102,2026-05-28 18:39:23,3,3001.78,437.43,58.0,1542.22,9005.34,8567.91,Wallet,Completed
f05decff-45e7-4a4a-9019-0b81ba74d299,2026_W22,O49432,U26525,P185,2026-05-31 07:27:17,4,8108.47,2515.25,102.98,5385.35,32433.88,29918.63,Debit Card,Completed
f05decff-45e7-4a4a-9019-0b81ba74d299,2026_W22,O49433,U34180,P163,2026-05-26 23:10:45,3,2156.08,211.09,125.66,1126.29,6468.24,6257.15,UPI,Completed
f05decff-45e7-4a4a-9019-0b81ba74d299,2026_W22,O49434,U31937,P119,2026-05-28 03:56:18,2,10133.79,1854.58,95.67,3314.34,20267.58,18413.0,Wallet,Completed
f05decff-45e7-4a4a-9019-0b81ba74d299,2026_W22,O49435,U8551,P175,2026-05-25 23:14:01,1,10082.38,1446.27,115.33,1554.5,10082.38,8636.109999999999,Wallet,Completed
f05decff-45e7-4a4a-9019-0b81ba74d299,2026_W22,O49436,U21371,P89,2026-05-26 10:36:17,1,7149.14,611.86,70.35,1176.71,7149.14,6537.280000000001,UPI,Completed
f05decff-45e7-4a4a-9019-0b81ba74d299,2026_W22,O49437,U31378,P167,2026-05-27 20:37:15,2,6729.0,1021.65,56.86,2238.54,13458.0,12436.35,Credit Card,Completed
f05decff-45e7-4a4a-9019-0b81ba74d299,2026_W22,O49438,U13032,P174,2026-05-27 07:52:27,3,3233.65,185.9,137.26,1712.71,9700.95,9515.050000000001,UPI,Completed
f05decff-45e7-4a4a-9019-0b81ba74d299,2026_W22,O49439,U23050,P112,2026-05-30 14:08:46,2,4659.89,469.91,172.26,1592.98,9319.78,8849.87,UPI,Completed
f05decff-45e7-4a4a-9019-0b81ba74d299,2026_W22,O49440,U5475,P54,2026-05-31 19:16:57,2,5968.84,96.25,78.6,2131.46,11937.68,11841.43,Debit Card,Completed
f05decff-45e7-4a4a-9019-0b81ba74d299,2026_W22,O49441,U23050,P168,2026-05-28 01:25:42,2,4263.52,163.97,131.65,1505.35,8527.04,8363.070000000002,Credit Card,Completed
f05decff-45e7-4a4a-9019-0b81ba74d299,2026_W22,O49442,U22376,P12,2026-05-29 03:09:13,3,7089.88,843.53,142.05,3676.7,21269.64,20426.11,Debit Card,Completed
f05decff-45e7-4a4a-9019-0b81ba74d299,2026_W22,O49443,U20057,P161,2026-05-26 05:11:54,1,5474.81,447.65,195.14,904.89,5474.81,5027.160000000001,Debit Card,Completed
f05decff-45e7-4a4a-9019-0b81ba74d299,2026_W22,O49444,U28825,P5,2026-05-29 08:35:12,2,5785.73,875.79,143.47,1925.22,11571.46,10695.669999999998,Debit Card,Completed
f05decff-45e7-4a4a-9019-0b81ba74d299,2026_W22,O49445,U22679,P70,2026-05-27 03:46:28,3,2246.89,1.95,117.76,1212.97,6740.67,6738.72,Wallet,Completed
f05decff-45e7-4a4a-9019-0b81ba74d299,2026_W22,O49446,U22596,P38,2026-05-27 16:35:03,3,7075.19,1397.48,73.4,3569.06,21225.57,19828.09,Wallet,Completed
f05decff-45e7-4a4a-9019-0b81ba74d299,2026_W22,O49447,U12276,P52,2026-05-30 23:30:17,2,4538.36,1093.6,193.25,1436.96,9076.72,7983.119999999999,Wallet,Completed
f05decff-45e7-4a4a-9019-0b81ba74d299,2026_W22,O49448,U16747,P41,2026-05-27 10:48:26,1,7272.45,194.3,70.22,1274.07,7272.45,7078.15,Debit Card,Completed
f05decff-45e7-4a4a-9019-0b81ba74d299,2026_W22,O49449,U23021,P5,2026-05-31 04:03:23,2,5785.73,692.72,80.17,1958.17,11571.46,10878.74,Credit Card,Completed
f05decff-45e7-4a4a-9019-0b81ba74d299,2026_W22,O49450,U28950,P190,2026-05-30 13:28:20,2,10065.15,1749.24,97.58,3308.59,20130.3,18381.059999999998,Wallet,Completed
f05decff-45e7-4a4a-9019-0b81ba74d299,2026_W22,O49451,U27152,P200,2026-05-30 16:10:54,4,9143.2,81.67,139.17,6568.4,36572.8,36491.130000000005,Wallet,Completed
f05decff-45e7-4a4a-9019-0b81ba74d299,2026_W22,O49452,U13382,P189,2026-05-29 12:09:48,3,7353.02,1129.35,173.09,3767.35,22059.06,20929.710000000003,Debit Card,Completed
f05decff-45e7-4a4a-9019-0b81ba74d299,2026_W22,O49453,U21071,P52,2026-05-27 00:32:21,2,4538.36,943.66,165.53,1463.95,9076.72,8133.0599999999995,UPI,Completed
f05decff-45e7-4a4a-9019-0b81ba74d299,2026_W22,O49454,U26041,P176,2026-05-26 03:35:40,2,3628.75,1006.36,136.17,1125.21,7257.5,6251.14,Wallet,Completed
f05decff-45e7-4a4a-9019-0b81ba74d299,2026_W22,O49455,U13604,P22,2026-05-27 20:06:09,3,6284.85,1689.31,64.94,3089.74,18854.550000000003,17165.24,Wallet,Completed
f05decff-45e7-4a4a-9019-0b81ba74d299,2026_W22,O49456,U33136,P93,2026-05-27 02:19:31,2,5224.43,134.87,106.61,1856.52,10448.86,10313.99,Debit Card,Completed
f05decff-45e7-4a4a-9019-0b81ba74d299,2026_W22,O49457,U9644,P29,2026-05-29 17:12:10,1,7432.15,521.2,145.61,1243.97,7432.15,6910.95,UPI,Completed
f05decff-45e7-4a4a-9019-0b81ba74d299,2026_W22,O49458,U15482,P100,2026-05-28 00:26:54,4,7089.35,1557.24,57.96,4824.03,28357.4,26800.16,UPI,Completed
f05decff-45e7-4a4a-9019-0b81ba74d299,2026_W22,O49459,U31856,P161,2026-05-26 05:42:15,1,5474.81,385.66,164.16,916.05,5474.81,5089.150000000001,UPI,Completed
f05decff-45e7-4a4a-9019-0b81ba74d299,2026_W22,O49460,U8963,P120,2026-05-26 01:15:42,4,8125.66,4454.97,157.66,5048.58,32502.64,28047.67,Wallet,Completed
f05decff-45e7-4a4a-9019-0b81ba74d299,2026_W22,O49461,U20431,P41,2026-05-28 04:14:35,1,7272.45,670.26,62.09,1188.39,7272.45,6602.19,Credit Card,Completed
f05decff-45e7-4a4a-9019-0b81ba74d299,2026_W22,O49462,U33003,P158,2026-05-31 03:32:30,4,6839.61,241.34,148.69,4881.08,27358.44,27117.1,Wallet,Completed
f05decff-45e7-4a4a-9019-0b81ba74d299,2026_W22,O49463,U10646,P174,2026-05-30 17:36:30,2,3233.65,529.21,87.79,1068.86,6467.3,5938.09,UPI,Completed
f05decff-45e7-4a4a-9019-0b81ba74d299,2026_W22,O49464,U25211,P116,2026-05-28 14:39:50,4,4661.13,288.33,161.07,3304.11,18644.52,18356.19,Credit Card,Completed
f05decff-45e7-4a4a-9019-0b81ba74d299,2026_W22,O49465,U10857,P80,2026-05-28 15:56:30,4,7227.02,817.06,182.87,5056.38,28908.08,28091.02,Debit Card,Completed
f05decff-45e7-4a4a-9019-0b81ba74d299,2026_W22,O49466,U7795,P25,2026-05-28 13:51:59,2,4602.38,137.39,106.53,1632.13,9204.76,9067.37,Credit Card,Completed
f05decff-45e7-4a4a-9019-0b81ba74d299,2026_W22,O49467,U23217,P43,2026-05-28 17:13:09,1,9948.84,1126.65,101.95,1587.99,9948.84,8822.19,Debit Card,Completed
f05decff-45e7-4a4a-9019-0b81ba74d299,2026_W22,O49468,U17178,P118,2026-05-30 03:55:01,3,5463.26,296.12,73.09,2896.86,16389.78,16093.659999999998,Debit Card,Completed
f05decff-45e7-4a4a-9019-0b81ba74d299,2026_W22,O49469,U18716,P76,2026-05-30 14:56:39,2,3664.46,567.09,106.71,1217.13,7328.92,6761.83,Debit Card,Completed
f05decff-45e7-4a4a-9019-0b81ba74d299,2026_W22,O49470,U34924,P111,2026-05-29 11:16:08,2,9541.24,2687.83,88.41,2951.04,19082.48,16394.65,Credit Card,Completed
f05decff-45e7-4a4a-9019-0b81ba74d299,2026_W22,O49471,U9899,P76,2026-05-27 14:14:27,2,3664.46,1062.91,115.42,1127.88,7328.92,6266.01,Credit Card,Completed
f05decff-45e7-4a4a-9019-0b81ba74d299,2026_W22,O49472,U32838,P55,2026-05-27 16:36:47,3,10434.9,4474.57,86.19,4829.42,31304.699999999997,26830.129999999997,Debit Card,Completed
f05decff-45e7-4a4a-9019-0b81ba74d299,2026_W22,O49473,U29757,P80,2026-05-30 05:50:16,3,7227.02,3159.47,169.23,3333.89,21681.06,18521.59,UPI,Completed
f05decff-45e7-4a4a-9019-0b81ba74d299,2026_W22,O49474,U5404,P200,2026-05-28 05:32:09,1,9143.2,135.09,173.06,1621.46,9143.2,9008.11,Wallet,Completed
f05decff-45e7-4a4a-9019-0b81ba74d299,2026_W22,O49475,U4210,P176,2026-05-28 22:06:12,4,3628.75,2075.66,173.61,2239.08,14515.0,12439.34,UPI,Completed
f05decff-45e7-4a4a-9019-0b81ba74d299,2026_W22,O49476,U12421,P32,2026-05-29 07:38:30,3,3711.51,224.83,154.03,1963.75,11134.53,10909.7,Wallet,Completed
f05decff-45e7-4a4a-9019-0b81ba74d299,2026_W22,O49477,U16357,P137,2026-05-26 08:14:26,1,4729.65,406.25,163.38,778.21,4729.65,4323.4,UPI,Completed
f05decff-45e7-4a4a-9019-0b81ba74d299,2026_W22,O49478,U3179,P135,2026-05-30 16:57:50,1,7738.35,614.14,92.73,1282.36,7738.35,7124.21,UPI,Completed
f05decff-45e7-4a4a-9019-0b81ba74d299,2026_W22,O49479,U32067,P16,2026-05-29 20:14:52,3,4498.86,1812.04,184.24,2103.22,13496.579999999998,11684.539999999997,Wallet,Completed
f05decff-45e7-4a4a-9019-0b81ba74d299,2026_W22,O49480,U20700,P101,2026-05-29 00:31:32,4,2760.68,1076.33,95.24,1793.95,11042.72,9966.39,UPI,Completed
f05decff-45e7-4a4a-9019-0b81ba74d299,2026_W22,O49481,U31097,P23,2026-05-31 09:54:05,4,2281.71,928.49,58.99,1475.7,9126.84,8198.35,Debit Card,Completed
f05decff-45e7-4a4a-9019-0b81ba74d299,2026_W22,O49482,U14629,P73,2026-05-26 17:52:43,4,10930.99,155.02,71.87,7842.41,43723.96,43568.94,Credit Card,Completed
f05decff-45e7-4a4a-9019-0b81ba74d299,2026_W22,O49483,U19115,P44,2026-05-27 06:18:21,4,1679.28,845.08,160.25,1056.97,6717.12,5872.04,Wallet,Completed
f05decff-45e7-4a4a-9019-0b81ba74d299,2026_W22,O49484,U22321,P177,2026-05-28 18:29:44,1,5607.98,399.33,71.6,937.56,5607.98,5208.65,Credit Card,Completed
f05decff-45e7-4a4a-9019-0b81ba74d299,2026_W22,O49485,U14691,P6,2026-05-29 19:23:44,2,7042.99,1218.29,114.0,2316.18,14085.98,12867.689999999999,UPI,Completed
f05decff-45e7-4a4a-9019-0b81ba74d299,2026_W22,O49486,U18376,P69,2026-05-27 13:58:07,4,5881.18,1983.13,59.17,3877.49,23524.72,21541.59,UPI,Completed
f05decff-45e7-4a4a-9019-0b81ba74d299,2026_W22,O49487,U13305,P30,2026-05-29 01:15:14,4,10909.65,2179.49,184.34,7462.64,43638.6,41459.11,UPI,Completed
f05decff-45e7-4a4a-9019-0b81ba74d299,2026_W22,O49488,U21135,P185,2026-05-29 20:42:13,2,8108.47,2147.76,78.85,2532.45,16216.94,14069.18,Credit Card,Completed
f05decff-45e7-4a4a-9019-0b81ba74d299,2026_W22,O49489,U30310,P126,2026-05-29 12:00:38,3,7171.16,1020.57,158.54,3688.72,21513.48,20492.91,Debit Card,Completed
f05decff-45e7-4a4a-9019-0b81ba74d299,2026_W22,O49490,U1755,P29,2026-05-26 04:04:10,3,7432.15,2939.79,128.39,3484.2,22296.449999999997,19356.659999999996,Debit Card,Completed
f05decff-45e7-4a4a-9019-0b81ba74d299,2026_W22,O49491,U1102,P162,2026-05-30 13:36:51,2,5576.16,901.94,186.84,1845.07,11152.32,10250.38,Debit Card,Completed
f05decff-45e7-4a4a-9019-0b81ba74d299,2026_W22,O49492,U26223,P119,2026-05-28 07:38:04,2,10133.79,617.42,104.54,3537.03,20267.58,19650.160000000003,UPI,Completed
f05decff-45e7-4a4a-9019-0b81ba74d299,2026_W22,O49493,U23310,P16,2026-05-30 20:48:53,1,4498.86,246.52,128.87,765.42,4498.86,4252.339999999999,UPI,Completed
f05decff-45e7-4a4a-9019-0b81ba74d299,2026_W22,O49494,U31233,P164,2026-05-27 04:27:00,2,7269.88,166.14,77.78,2587.25,14539.76,14373.62,UPI,Completed
f05decff-45e7-4a4a-9019-0b81ba74d299,2026_W22,O49495,U7655,P141,2026-05-28 15:18:26,4,6658.31,374.65,86.22,4726.55,26633.24,26258.59,Debit Card,Completed
f05decff-45e7-4a4a-9019-0b81ba74d299,2026_W22,O49496,U13851,P71,2026-05-27 08:56:57,3,5001.28,403.98,190.53,2627.97,15003.84,14599.86,Wallet,Completed
f05decff-45e7-4a4a-9019-0b81ba74d299,2026_W22,O49497,U32682,P169,2026-05-27 04:24:07,4,3759.37,557.58,127.58,2606.38,15037.48,14479.9,Credit Card,Completed
f05decff-45e7-4a4a-9019-0b81ba74d299,2026_W22,O49498,U17375,P70,2026-05-31 00:29:52,3,2246.89,532.44,58.02,1117.48,6740.67,6208.23,Credit Card,Completed
f05decff-45e7-4a4a-9019-0b81ba74d299,2026_W22,O49499,U2514,P76,2026-05-26 03:16:20,3,3664.46,1403.95,74.07,1726.1,10993.380000000001,9589.43,Debit Card,Completed
f05decff-45e7-4a4a-9019-0b81ba74d299,2026_W22,O49500,U12678,P199,2026-05-28 14:26:18,3,10122.76,3093.03,117.33,4909.54,30368.28,27275.25,Credit Card,Completed
f05decff-45e7-4a4a-9019-0b81ba74d299,2026_W22,O49501,U31451,P33,2026-05-27 10:39:41,3,7861.44,2827.28,90.58,3736.27,23584.32,20757.04,UPI,Completed
f05decff-45e7-4a4a-9019-0b81ba74d299,2026_W22,O49502,U32170,P82,2026-05-29 20:04:10,3,1796.79,608.5,138.71,860.74,5390.37,4781.87,Credit Card,Completed
f05decff-45e7-4a4a-9019-0b81ba74d299,2026_W22,O49503,U22748,P188,2026-05-26 14:28:30,3,3237.34,895.72,188.28,1586.93,9712.02,8816.300000000001,Debit Card,Completed
f05decff-45e7-4a4a-9019-0b81ba74d299,2026_W22,O49504,U10543,P13,2026-05-27 06:13:43,1,6805.73,618.41,181.72,1113.72,6805.73,6187.32,Wallet,Completed
f05decff-45e7-4a4a-9019-0b81ba74d299,2026_W22,O49505,U29025,P199,2026-05-29 16:04:35,3,10122.76,2995.63,88.54,4927.08,30368.28,27372.649999999998,Credit Card,Completed
f05decff-45e7-4a4a-9019-0b81ba74d299,2026_W22,O49506,U5714,P47,2026-05-29 00:55:46,1,4728.62,638.42,195.72,736.24,4728.62,4090.2,Wallet,Completed
f05decff-45e7-4a4a-9019-0b81ba74d299,2026_W22,O49507,U24633,P82,2026-05-30 08:57:09,2,1796.79,175.2,199.95,615.31,3593.58,3418.38,Debit Card,Completed
f05decff-45e7-4a4a-9019-0b81ba74d299,2026_W22,O49508,U30305,P31,2026-05-27 03:06:04,3,4234.09,1768.07,183.95,1968.16,12702.27,10934.2,UPI,Completed
f05decff-45e7-4a4a-9019-0b81ba74d299,2026_W22,O49509,U32982,P106,2026-05-29 06:00:03,4,5172.75,28.19,154.72,3719.31,20691.0,20662.81,Debit Card,Completed
f05decff-45e7-4a4a-9019-0b81ba74d299,2026_W22,O49510,U11694,P83,2026-05-30 01:51:46,1,5070.2,652.95,131.19,795.1,5070.2,4417.25,Debit Card,Completed
f05decff-45e7-4a4a-9019-0b81ba74d299,2026_W22,O49511,U6303,P8,2026-05-31 08:04:40,3,7997.84,1938.86,54.94,3969.84,23993.52,22054.66,Debit Card,Completed
f05decff-45e7-4a4a-9019-0b81ba74d299,2026_W22,O49512,U31389,P162,2026-05-31 16:48:59,3,5576.16,1516.59,134.2,2738.14,16728.48,15211.89,UPI,Completed
f05decff-45e7-4a4a-9019-0b81ba74d299,2026_W22,O49513,U16746,P59,2026-05-31 07:37:30,4,4892.96,1169.44,154.93,3312.43,19571.84,18402.4,Debit Card,Completed
f05decff-45e7-4a4a-9019-0b81ba74d299,2026_W22,O49514,U8328,P117,2026-05-31 09:11:27,1,3717.32,43.9,139.15,661.22,3717.32,3673.42,Credit Card,Completed
f05decff-45e7-4a4a-9019-0b81ba74d299,2026_W22,O49515,U4691,P103,2026-05-26 01:35:53,4,5314.76,2122.94,143.03,3444.5,21259.04,19136.100000000002,Credit Card,Completed
f05decff-45e7-4a4a-9019-0b81ba74d299,2026_W22,O49516,U10268,P19,2026-05-31 06:23:40,4,10873.73,5372.6,84.77,6862.02,43494.92,38122.32,UPI,Completed
f05decff-45e7-4a4a-9019-0b81ba74d299,2026_W22,O49517,U1183,P155,2026-05-27 17:33:12,4,8707.69,544.4,117.19,6171.54,34830.76,34286.36,UPI,Completed
f05decff-45e7-4a4a-9019-0b81ba74d299,2026_W22,O49518,U30439,P73,2026-05-30 20:32:46,1,10930.99,779.11,136.98,1827.34,10930.99,10151.88,Debit Card,Completed
f05decff-45e7-4a4a-9019-0b81ba74d299,2026_W22,O49519,U10770,P126,2026-05-31 20:40:42,1,7171.16,670.18,109.98,1170.18,7171.16,6500.98,UPI,Completed
f05decff-45e7-4a4a-9019-0b81ba74d299,2026_W22,O49520,U32649,P36,2026-05-31 03:28:41,3,8838.75,2217.68,88.25,4373.74,26516.25,24298.57,UPI,Completed
f05decff-45e7-4a4a-9019-0b81ba74d299,2026_W22,O49521,U33018,P131,2026-05-29 10:06:25,4,5156.93,1788.24,128.64,3391.11,20627.72,18839.48,Wallet,Completed
f05decff-45e7-4a4a-9019-0b81ba74d299,2026_W22,O49522,U19437,P42,2026-05-26 07:13:18,3,5949.92,2226.95,86.51,2812.11,17849.760000000002,15622.810000000001,Credit Card,Completed
f05decff-45e7-4a4a-9019-0b81ba74d299,2026_W22,O49523,U31471,P30,2026-05-30 15:30:33,3,10909.65,2364.48,80.11,5465.6,32728.949999999997,30364.469999999998,UPI,Completed
f05decff-45e7-4a4a-9019-0b81ba74d299,2026_W22,O49524,U11357,P122,2026-05-31 02:15:21,4,5135.97,2615.02,54.07,3227.19,20543.88,17928.86,Credit Card,Completed
f05decff-45e7-4a4a-9019-0b81ba74d299,2026_W22,O49525,U9338,P97,2026-05-26 16:49:17,1,5383.07,535.28,80.69,872.6,5383.07,4847.79,Wallet,Completed
f05decff-45e7-4a4a-9019-0b81ba74d299,2026_W22,O49526,U7049,P26,2026-05-28 20:37:13,4,8687.74,3652.35,184.59,5597.75,34750.96,31098.61,UPI,Completed
f05decff-45e7-4a4a-9019-0b81ba74d299,2026_W22,O49527,U8840,P41,2026-05-27 13:17:17,2,7272.45,680.97,174.93,2495.51,14544.9,13863.93,Wallet,Completed
f05decff-45e7-4a4a-9019-0b81ba74d299,2026_W22,O49528,U21371,P8,2026-05-29 06:05:59,1,7997.84,1028.45,90.52,1254.49,7997.84,6969.39,UPI,Completed
f05decff-45e7-4a4a-9019-0b81ba74d299,2026_W22,O49529,U9579,P146,2026-05-28 11:11:57,2,4559.37,1299.05,84.46,1407.54,9118.74,7819.69,Wallet,Completed
f05decff-45e7-4a4a-9019-0b81ba74d299,2026_W22,O49530,U22282,P74,2026-05-26 08:57:56,3,8026.5,471.56,186.59,4249.43,24079.5,23607.94,Wallet,Completed
f05decff-45e7-4a4a-9019-0b81ba74d299,2026_W22,O49531,U2346,P45,2026-05-26 17:59:26,4,7618.9,3620.13,88.63,4833.98,30475.6,26855.469999999998,Wallet,Completed
f05decff-45e7-4a4a-9019-0b81ba74d299,2026_W22,O49532,U32339,P163,2026-05-28 03:03:49,4,2156.08,93.4,129.18,1535.57,8624.32,8530.92,Credit Card,Completed
f05decff-45e7-4a4a-9019-0b81ba74d299,2026_W22,O49533,U2978,P14,2026-05-27 06:38:38,1,4944.6,277.61,83.14,840.06,4944.6,4666.990000000001,Debit Card,Completed
f05decff-45e7-4a4a-9019-0b81ba74d299,2026_W22,O49534,U20829,P200,2026-05-26 19:37:52,2,9143.2,2032.72,188.17,2925.66,18286.4,16253.680000000002,UPI,Completed
f05decff-45e7-4a4a-9019-0b81ba74d299,2026_W22,O49535,U19692,P58,2026-05-30 08:36:01,1,2716.51,148.7,161.77,462.21,2716.51,2567.8100000000004,Debit Card,Completed
f05decff-45e7-4a4a-9019-0b81ba74d299,2026_W22,O49536,U30829,P162,2026-05-27 18:17:53,2,5576.16,669.91,187.76,1886.83,11152.32,10482.41,Debit Card,Completed
f05decff-45e7-4a4a-9019-0b81ba74d299,2026_W22,O49537,U14526,P19,2026-05-29 10:40:28,1,10873.73,1499.11,141.42,1687.43,10873.73,9374.619999999999,Debit Card,Completed
f05decff-45e7-4a4a-9019-0b81ba74d299,2026_W22,O49538,U34366,P91,2026-05-28 04:00:57,3,4627.39,59.48,173.65,2488.08,13882.170000000002,13822.690000000002,Credit Card,Completed
f05decff-45e7-4a4a-9019-0b81ba74d299,2026_W22,O49539,U22603,P106,2026-05-29 18:36:53,4,5172.75,1175.55,106.98,3512.78,20691.0,19515.45,Wallet,Completed
f05decff-45e7-4a4a-9019-0b81ba74d299,2026_W22,O49540,U13604,P192,2026-05-26 23:14:12,3,8471.85,346.1,58.08,4512.5,25415.550000000003,25069.450000000004,UPI,Completed
f05decff-45e7-4a4a-9019-0b81ba74d299,2026_W22,O49541,U7795,P148,2026-05-26 18:19:27,4,2017.95,1137.95,169.03,1248.09,8071.8,6933.85,Credit Card,Completed
f05decff-45e7-4a4a-9019-0b81ba74d299,2026_W22,O49542,U20476,P38,2026-05-28 05:19:36,4,7075.19,1366.7,153.34,4848.13,28300.76,26934.059999999998,Credit Card,Completed
f05decff-45e7-4a4a-9019-0b81ba74d299,2026_W22,O49543,U30702,P20,2026-05-27 04:35:06,3,6465.0,2193.73,144.49,3096.23,19395.0,17201.27,UPI,Completed
f05decff-45e7-4a4a-9019-0b81ba74d299,2026_W22,O49544,U1102,P162,2026-05-26 09:26:09,4,5576.16,1678.97,124.17,3712.62,22304.64,20625.67,Wallet,Completed
f05decff-45e7-4a4a-9019-0b81ba74d299,2026_W22,O49545,U26978,P101,2026-05-29 10:08:02,1,2760.68,232.68,104.82,455.04,2760.68,2528.0,Credit Card,Completed
f05decff-45e7-4a4a-9019-0b81ba74d299,2026_W22,O49546,U9756,P5,2026-05-29 06:02:59,4,5785.73,532.83,60.14,4069.82,23142.92,22610.089999999997,Debit Card,Completed
f05decff-45e7-4a4a-9019-0b81ba74d299,2026_W22,O49547,U15530,P56,2026-05-27 21:53:13,3,9725.09,502.36,85.26,5161.12,29175.27,28672.91,UPI,Completed
f05decff-45e7-4a4a-9019-0b81ba74d299,2026_W22,O49548,U23419,P145,2026-05-26 02:39:26,3,4583.49,206.85,130.78,2437.85,13750.47,13543.619999999999,Credit Card,Completed
f05decff-45e7-4a4a-9019-0b81ba74d299,2026_W22,O49549,U6751,P38,2026-05-27 17:42:12,4,7075.19,481.18,86.22,5007.52,28300.76,27819.579999999998,Credit Card,Completed
f05decff-45e7-4a4a-9019-0b81ba74d299,2026_W22,O49550,U9652,P191,2026-05-30 09:29:26,1,4973.99,413.52,121.81,820.88,4973.99,4560.469999999999,Debit Card,Completed
f05decff-45e7-4a4a-9019-0b81ba74d299,2026_W22,O49551,U26468,P23,2026-05-30 21:27:50,3,2281.71,550.45,160.38,1133.04,6845.13,6294.68,Debit Card,Completed
f05decff-45e7-4a4a-9019-0b81ba74d299,2026_W22,O49552,U13708,P72,2026-05-27 14:24:05,3,8163.39,2518.93,74.64,3954.82,24490.170000000002,21971.24,Debit Card,Completed
f05decff-45e7-4a4a-9019-0b81ba74d299,2026_W22,O49553,U1560,P62,2026-05-26 07:50:39,3,2150.19,362.18,117.48,1095.91,6450.57,6088.389999999999,Debit Card,Completed
f05decff-45e7-4a4a-9019-0b81ba74d299,2026_W22,O49554,U17392,P199,2026-05-30 11:03:33,1,10122.76,472.15,55.62,1737.11,10122.76,9650.61,UPI,Completed
f05decff-45e7-4a4a-9019-0b81ba74d299,2026_W22,O49555,U27359,P179,2026-05-31 14:01:42,3,6580.06,1996.15,146.9,3193.93,19740.18,17744.03,Credit Card,Completed
f05decff-45e7-4a4a-9019-0b81ba74d299,2026_W22,O49556,U9459,P84,2026-05-26 13:22:07,1,8271.97,713.87,98.76,1360.46,8271.97,7558.099999999999,UPI,Completed
f05decff-45e7-4a4a-9019-0b81ba74d299,2026_W22,O49557,U24125,P75,2026-05-30 14:37:27,3,3046.83,649.02,119.56,1528.46,9140.49,8491.47,UPI,Completed
f05decff-45e7-4a4a-9019-0b81ba74d299,2026_W22,O49558,U24423,P63,2026-05-29 06:37:08,1,5767.08,524.13,149.35,943.73,5767.08,5242.95,Wallet,Completed
f05decff-45e7-4a4a-9019-0b81ba74d299,2026_W22,O49559,U4301,P177,2026-05-29 05:20:53,3,5607.98,1071.23,145.5,2835.49,16823.94,15752.71,Debit Card,Completed
f05decff-45e7-4a4a-9019-0b81ba74d299,2026_W22,O49560,U13000,P90,2026-05-29 08:23:36,3,6467.75,1309.53,188.7,3256.87,19403.25,18093.72,UPI,Completed
f05decff-45e7-4a4a-9019-0b81ba74d299,2026_W22,O49561,U32729,P96,2026-05-26 23:28:29,3,6676.27,2641.48,159.53,3129.72,20028.81,17387.33,Wallet,Completed
f05decff-45e7-4a4a-9019-0b81ba74d299,2026_W22,O49562,U1810,P91,2026-05-30 04:25:22,3,4627.39,1628.57,176.3,2205.65,13882.170000000002,12253.600000000002,Wallet,Completed
f05decff-45e7-4a4a-9019-0b81ba74d299,2026_W22,O49563,U6462,P114,2026-05-25 22:23:45,2,4373.67,561.27,140.0,1473.49,8747.34,8186.07,Credit Card,Completed
f05decff-45e7-4a4a-9019-0b81ba74d299,2026_W22,O49564,U19109,P8,2026-05-30 08:14:06,4,7997.84,2030.7,64.62,5392.92,31991.36,29960.66,Wallet,Completed
f05decff-45e7-4a4a-9019-0b81ba74d299,2026_W22,O49565,U18085,P123,2026-05-29 05:25:09,2,2425.48,584.23,103.86,768.01,4850.96,4266.73,UPI,Completed
f05decff-45e7-4a4a-9019-0b81ba74d299,2026_W22,O49566,U16305,P156,2026-05-28 09:50:27,4,2183.92,627.91,198.96,1459.4,8735.68,8107.77,Debit Card,Completed
f05decff-45e7-4a4a-9019-0b81ba74d299,2026_W22,O49567,U31755,P199,2026-05-27 17:08:48,4,10122.76,4605.01,187.53,6459.49,40491.04,35886.03,Debit Card,Completed
f05decff-45e7-4a4a-9019-0b81ba74d299,2026_W22,O49568,U21532,P158,2026-05-28 00:30:50,1,6839.61,415.44,107.74,1156.35,6839.61,6424.17,Debit Card,Completed
f05decff-45e7-4a4a-9019-0b81ba74d299,2026_W22,O49569,U25677,P126,2026-05-27 06:59:00,3,7171.16,983.44,144.59,3695.41,21513.48,20530.04,UPI,Completed
f05decff-45e7-4a4a-9019-0b81ba74d299,2026_W22,O49570,U26455,P25,2026-05-30 19:59:05,1,4602.38,116.1,161.41,807.53,4602.38,4486.28,Credit Card,Completed
f05decff-45e7-4a4a-9019-0b81ba74d299,2026_W22,O49571,U15911,P128,2026-05-28 06:37:49,1,3133.44,309.91,64.95,508.24,3133.44,2823.53,Credit Card,Completed
f05decff-45e7-4a4a-9019-0b81ba74d299,2026_W22,O49572,U18655,P17,2026-05-27 10:22:32,3,3339.42,79.88,180.89,1788.91,10018.26,9938.380000000001,Wallet,Completed
f05decff-45e7-4a4a-9019-0b81ba74d299,2026_W22,O49573,U34751,P128,2026-05-26 04:20:26,2,3133.44,397.48,72.71,1056.49,6266.88,5869.4,Wallet,Completed
f05decff-45e7-4a4a-9019-0b81ba74d299,2026_W22,O49574,U7773,P28,2026-05-29 16:38:56,2,3349.46,552.38,80.34,1106.38,6698.92,6146.54,Debit Card,Completed
f05decff-45e7-4a4a-9019-0b81ba74d299,2026_W22,O49575,U23379,P50,2026-05-26 07:28:27,3,2033.45,645.09,191.41,981.95,6100.35,5455.26,Credit Card,Completed
f05decff-45e7-4a4a-9019-0b81ba74d299,2026_W22,O49576,U23802,P93,2026-05-30 12:24:49,2,5224.43,886.5,118.53,1721.22,10448.86,9562.36,UPI,Completed
f05decff-45e7-4a4a-9019-0b81ba74d299,2026_W22,O49577,U15900,P77,2026-05-27 15:16:16,4,6432.15,3328.28,63.95,4032.06,25728.6,22400.32,UPI,Completed
f05decff-45e7-4a4a-9019-0b81ba74d299,2026_W22,O49578,U30200,P167,2026-05-28 14:38:16,2,6729.0,88.51,60.75,2406.51,13458.0,13369.49,Wallet,Completed
f05decff-45e7-4a4a-9019-0b81ba74d299,2026_W22,O49579,U12117,P130,2026-05-26 14:45:59,3,11039.76,1849.16,183.88,5628.62,33119.28,31270.12,UPI,Completed
f05decff-45e7-4a4a-9019-0b81ba74d299,2026_W22,O49580,U32034,P59,2026-05-27 19:26:13,3,4892.96,2192.38,191.8,2247.57,14678.880000000001,12486.5,UPI,Completed
f05decff-45e7-4a4a-9019-0b81ba74d299,2026_W22,O49581,U8352,P6,2026-05-25 23:31:22,3,7042.99,1589.89,188.3,3517.03,21128.97,19539.08,Credit Card,Completed
f05decff-45e7-4a4a-9019-0b81ba74d299,2026_W22,O49582,U25577,P138,2026-05-28 17:30:07,4,5599.95,201.49,102.88,3995.7,22399.8,22198.309999999998,UPI,Completed
f05decff-45e7-4a4a-9019-0b81ba74d299,2026_W22,O49583,U33462,P46,2026-05-30 15:32:36,3,7595.79,3025.49,179.71,3557.14,22787.37,19761.879999999997,Wallet,Completed
f05decff-45e7-4a4a-9019-0b81ba74d299,2026_W22,O49584,U1784,P199,2026-05-27 15:00:55,4,10122.76,3747.69,174.91,6613.8,40491.04,36743.35,UPI,Completed
f05decff-45e7-4a4a-9019-0b81ba74d299,2026_W22,O49585,U4903,P68,2026-05-28 08:03:19,3,10947.39,2681.66,121.14,5428.89,32842.17,30160.51,UPI,Completed
f05decff-45e7-4a4a-9019-0b81ba74d299,2026_W22,O49586,U10242,P36,2026-05-28 13:40:39,4,8838.75,1711.48,113.14,6055.83,35355.0,33643.52,Debit Card,Completed
f05decff-45e7-4a4a-9019-0b81ba74d299,2026_W22,O49587,U28475,P186,2026-05-28 16:17:31,1,7849.55,471.05,81.81,1328.13,7849.55,7378.5,UPI,Completed
f05decff-45e7-4a4a-9019-0b81ba74d299,2026_W22,O49588,U11357,P134,2026-05-31 18:37:16,4,3654.35,1896.64,107.65,2289.74,14617.4,12720.76,Debit Card,Completed
f05decff-45e7-4a4a-9019-0b81ba74d299,2026_W22,O49589,U26218,P27,2026-05-30 22:36:48,2,6106.97,1349.06,142.81,1955.68,12213.94,10864.880000000001,Wallet,Completed
f05decff-45e7-4a4a-9019-0b81ba74d299,2026_W22,O49590,U658,P105,2026-05-31 05:07:59,3,7337.42,1835.8,52.05,3631.76,22012.260000000002,20176.460000000003,Debit Card,Completed
f05decff-45e7-4a4a-9019-0b81ba74d299,2026_W22,O49591,U2002,P31,2026-05-30 08:01:16,2,4234.09,1152.13,136.19,1316.89,8468.18,7316.05,Credit Card,Completed
f05decff-45e7-4a4a-9019-0b81ba74d299,2026_W22,O49592,U18325,P7,2026-05-30 14:54:36,1,8530.81,569.05,67.21,1433.12,8530.81,7961.759999999999,UPI,Completed
f05decff-45e7-4a4a-9019-0b81ba74d299,2026_W22,O49593,U10742,P14,2026-05-26 21:25:02,2,4944.6,271.41,132.23,1731.2,9889.2,9617.79,Debit Card,Completed
f05decff-45e7-4a4a-9019-0b81ba74d299,2026_W22,O49594,U22617,P193,2026-05-30 00:44:55,3,5013.68,723.29,59.54,2577.19,15041.04,14317.75,Wallet,Completed
f05decff-45e7-4a4a-9019-0b81ba74d299,2026_W22,O49595,U4978,P59,2026-05-27 04:13:07,4,4892.96,2444.08,67.78,3083.0,19571.84,17127.760000000002,UPI,Completed
f05decff-45e7-4a4a-9019-0b81ba74d299,2026_W22,O49596,U17813,P31,2026-05-26 05:24:18,1,4234.09,311.61,110.96,706.05,4234.09,3922.48,Debit Card,Completed
f05decff-45e7-4a4a-9019-0b81ba74d299,2026_W22,O49597,U12251,P150,2026-05-30 15:06:16,2,7278.62,673.32,153.32,2499.11,14557.24,13883.92,Wallet,Completed
f05decff-45e7-4a4a-9019-0b81ba74d299,2026_W22,O49598,U27739,P80,2026-05-26 02:27:34,4,7227.02,3900.15,168.34,4501.43,28908.08,25007.93,Wallet,Completed
f05decff-45e7-4a4a-9019-0b81ba74d299,2026_W22,O49599,U28506,P45,2026-05-27 16:44:10,1,7618.9,450.8,59.18,1290.26,7618.9,7168.099999999999,Credit Card,Completed
f05decff-45e7-4a4a-9019-0b81ba74d299,2026_W22,O49600,U5838,P152,2026-05-29 19:38:05,1,1970.06,115.19,125.0,333.88,1970.06,1854.87,Wallet,Completed
f05decff-45e7-4a4a-9019-0b81ba74d299,2026_W22,O49601,U34872,P167,2026-05-27 13:57:41,2,6729.0,837.61,177.13,2271.67,13458.0,12620.39,Credit Card,Completed
f05decff-45e7-4a4a-9019-0b81ba74d299,2026_W22,O49602,U19081,P156,2026-05-28 03:37:31,1,2183.92,295.16,172.04,339.98,2183.92,1888.76,Wallet,Completed
f05decff-45e7-4a4a-9019-0b81ba74d299,2026_W22,O49603,U11382,P138,2026-05-26 10:05:48,2,5599.95,1364.65,79.93,1770.34,11199.9,9835.25,Credit Card,Completed
f05decff-45e7-4a4a-9019-0b81ba74d299,2026_W22,O49604,U868,P73,2026-05-31 00:39:17,3,10930.99,619.23,98.4,5791.27,32792.97,32173.74,Wallet,Completed
f05decff-45e7-4a4a-9019-0b81ba74d299,2026_W22,O49605,U18334,P101,2026-05-27 09:30:36,2,2760.68,296.58,120.55,940.46,5521.36,5224.78,UPI,Completed
f05decff-45e7-4a4a-9019-0b81ba74d299,2026_W22,O49606,U711,P36,2026-05-29 06:08:20,2,8838.75,75.04,114.9,3168.44,17677.5,17602.46,Wallet,Completed
f05decff-45e7-4a4a-9019-0b81ba74d299,2026_W22,O49607,U27400,P15,2026-05-31 06:44:20,4,2472.77,1426.54,78.7,1523.62,9891.08,8464.54,Credit Card,Completed
f05decff-45e7-4a4a-9019-0b81ba74d299,2026_W22,O49608,U33812,P28,2026-05-29 03:33:35,4,3349.46,1243.88,183.25,2187.71,13397.84,12153.96,Credit Card,Completed
f05decff-45e7-4a4a-9019-0b81ba74d299,2026_W22,O49609,U24645,P50,2026-05-27 08:32:29,3,2033.45,332.11,147.18,1038.28,6100.35,5768.240000000001,Credit Card,Completed
f05decff-45e7-4a4a-9019-0b81ba74d299,2026_W22,O49610,U32398,P199,2026-05-29 13:11:35,1,10122.76,1366.42,177.94,1576.14,10122.76,8756.34,Debit Card,Completed
f05decff-45e7-4a4a-9019-0b81ba74d299,2026_W22,O49611,U25575,P93,2026-05-27 18:59:36,1,5224.43,649.73,108.35,823.45,5224.43,4574.700000000001,UPI,Completed
f05decff-45e7-4a4a-9019-0b81ba74d299,2026_W22,O49612,U34347,P76,2026-05-30 07:19:03,4,3664.46,2015.43,174.17,2275.63,14657.84,12642.41,UPI,Completed
f05decff-45e7-4a4a-9019-0b81ba74d299,2026_W22,O49613,U26789,P151,2026-05-28 07:17:21,3,7426.21,3124.65,61.75,3447.72,22278.63,19153.98,Debit Card,Completed
f05decff-45e7-4a4a-9019-0b81ba74d299,2026_W22,O49614,U22305,P164,2026-05-31 04:50:43,2,7269.88,1132.02,77.12,2413.39,14539.76,13407.74,Wallet,Completed
f05decff-45e7-4a4a-9019-0b81ba74d299,2026_W22,O49615,U31889,P134,2026-05-29 13:42:15,1,3654.35,535.18,122.46,561.45,3654.35,3119.17,Credit Card,Completed
f05decff-45e7-4a4a-9019-0b81ba74d299,2026_W22,O49616,U14563,P7,2026-05-27 04:47:46,2,8530.81,1312.36,121.45,2834.87,17061.62,15749.259999999998,Debit Card,Completed
f05decff-45e7-4a4a-9019-0b81ba74d299,2026_W22,O49617,U15588,P136,2026-05-27 03:32:56,1,2314.22,128.68,168.04,393.4,2314.22,2185.54,Wallet,Completed
f05decff-45e7-4a4a-9019-0b81ba74d299,2026_W22,O49618,U8531,P107,2026-05-30 13:00:41,1,3660.65,209.22,137.36,621.26,3660.65,3451.4300000000003,Credit Card,Completed
f05decff-45e7-4a4a-9019-0b81ba74d299,2026_W22,O49619,U29294,P181,2026-05-31 13:05:17,4,8581.69,1054.77,93.52,5988.96,34326.76,33271.990000000005,Wallet,Completed
f05decff-45e7-4a4a-9019-0b81ba74d299,2026_W22,O49620,U26915,P135,2026-05-31 11:45:58,3,7738.35,1698.65,128.38,3872.95,23215.050000000003,21516.4,Debit Card,Completed
f05decff-45e7-4a4a-9019-0b81ba74d299,2026_W22,O49621,U12191,P124,2026-05-29 17:56:23,3,7063.56,3028.36,65.5,3269.22,21190.68,18162.32,Wallet,Completed
f05decff-45e7-4a4a-9019-0b81ba74d299,2026_W22,O49622,U2329,P35,2026-05-27 19:03:09,4,3801.69,227.72,101.39,2696.23,15206.76,14979.04,Wallet,Completed
f05decff-45e7-4a4a-9019-0b81ba74d299,2026_W22,O49623,U17483,P97,2026-05-29 07:55:27,1,5383.07,435.66,94.71,890.53,5383.07,4947.41,UPI,Completed
f05decff-45e7-4a4a-9019-0b81ba74d299,2026_W22,O49624,U13708,P43,2026-05-26 12:01:13,1,9948.84,1128.29,137.03,1587.7,9948.84,8820.55,Credit Card,Completed
f05decff-45e7-4a4a-9019-0b81ba74d299,2026_W22,O49625,U29491,P123,2026-05-28 07:04:36,1,2425.48,155.89,122.43,408.53,2425.48,2269.59,Wallet,Completed
f05decff-45e7-4a4a-9019-0b81ba74d299,2026_W22,O49626,U19636,P188,2026-05-31 19:04:41,3,3237.34,628.62,116.86,1635.01,9712.02,9083.4,UPI,Completed
f05decff-45e7-4a4a-9019-0b81ba74d299,2026_W22,O49627,U10947,P131,2026-05-25 22:45:32,3,5156.93,1410.47,55.1,2530.86,15470.79,14060.320000000002,Credit Card,Completed
f05decff-45e7-4a4a-9019-0b81ba74d299,2026_W22,O49628,U24152,P156,2026-05-26 07:00:24,3,2183.92,966.26,193.42,1005.39,6551.76,5585.5,Credit Card,Completed
f05decff-45e7-4a4a-9019-0b81ba74d299,2026_W22,O49629,U1045,P116,2026-05-29 15:01:17,4,4661.13,2444.03,177.62,2916.09,18644.52,16200.49,Wallet,Completed
f05decff-45e7-4a4a-9019-0b81ba74d299,2026_W22,O49630,U20911,P15,2026-05-27 08:00:15,2,2472.77,334.52,133.34,829.98,4945.54,4611.02,Wallet,Completed
f05decff-45e7-4a4a-9019-0b81ba74d299,2026_W22,O49631,U20486,P161,2026-05-28 23:21:04,4,5474.81,3033.48,89.25,3395.84,21899.24,18865.760000000002,Debit Card,Completed
f05decff-45e7-4a4a-9019-0b81ba74d299,2026_W22,O49632,U29866,P22,2026-05-26 08:13:44,4,6284.85,3415.16,171.67,3910.36,25139.4,21724.24,UPI,Completed
f05decff-45e7-4a4a-9019-0b81ba74d299,2026_W22,O49633,U6751,P16,2026-05-31 14:32:30,2,4498.86,142.62,51.86,1593.92,8997.72,8855.099999999999,Wallet,Completed
f05decff-45e7-4a4a-9019-0b81ba74d299,2026_W22,O49634,U11181,P51,2026-05-28 18:42:09,4,6572.59,3908.61,156.48,4028.71,26290.36,22381.75,Debit Card,Completed
f05decff-45e7-4a4a-9019-0b81ba74d299,2026_W22,O49635,U21804,P93,2026-05-30 03:57:07,4,5224.43,1121.88,167.25,3559.65,20897.72,19775.84,Wallet,Completed
f05decff-45e7-4a4a-9019-0b81ba74d299,2026_W22,O49636,U6172,P160,2026-05-26 20:25:33,1,6919.48,1025.92,87.76,1060.84,6919.48,5893.5599999999995,Credit Card,Completed
f05decff-45e7-4a4a-9019-0b81ba74d299,2026_W22,O49637,U17589,P175,2026-05-28 23:06:35,4,10082.38,2118.01,98.49,6878.07,40329.52,38211.509999999995,UPI,Completed
f05decff-45e7-4a4a-9019-0b81ba74d299,2026_W22,O49638,U10952,P93,2026-05-29 01:17:06,3,5224.43,246.97,67.15,2776.74,15673.29,15426.320000000002,Credit Card,Completed
f05decff-45e7-4a4a-9019-0b81ba74d299,2026_W22,O49639,U11931,P9,2026-05-28 09:03:25,3,5369.05,1623.24,81.68,2607.1,16107.150000000001,14483.910000000002,Credit Card,Completed
f05decff-45e7-4a4a-9019-0b81ba74d299,2026_W22,O49640,U30161,P74,2026-05-26 22:20:48,2,8026.5,1056.67,182.24,2699.34,16053.0,14996.33,Debit Card,Completed
f05decff-45e7-4a4a-9019-0b81ba74d299,2026_W22,O49641,U2583,P172,2026-05-28 15:13:44,1,9925.52,206.39,123.06,1749.44,9925.52,9719.130000000001,Credit Card,Completed
f05decff-45e7-4a4a-9019-0b81ba74d299,2026_W22,O49642,U2565,P39,2026-05-27 01:20:29,1,5048.64,263.22,197.5,861.38,5048.64,4785.42,Credit Card,Completed
f05decff-45e7-4a4a-9019-0b81ba74d299,2026_W22,O49643,U27981,P118,2026-05-26 02:28:02,3,5463.26,1213.64,58.97,2731.71,16389.78,15176.14,Debit Card,Completed
f05decff-45e7-4a4a-9019-0b81ba74d299,2026_W22,O49644,U23511,P140,2026-05-28 18:30:03,2,3133.21,488.17,179.38,1040.08,6266.42,5778.25,UPI,Completed
f05decff-45e7-4a4a-9019-0b81ba74d299,2026_W22,O49645,U14255,P17,2026-05-26 09:01:25,1,3339.42,311.93,143.38,544.95,3339.42,3027.4900000000002,Wallet,Completed
f05decff-45e7-4a4a-9019-0b81ba74d299,2026_W22,O49646,U5103,P150,2026-05-26 15:09:07,1,7278.62,630.27,67.45,1196.7,7278.62,6648.35,Credit Card,Completed
f05decff-45e7-4a4a-9019-0b81ba74d299,2026_W22,O49647,U2471,P42,2026-05-26 20:47:26,4,5949.92,3180.1,167.7,3711.52,23799.68,20619.58,Wallet,Completed
f05decff-45e7-4a4a-9019-0b81ba74d299,2026_W22,O49648,U3179,P13,2026-05-29 15:44:16,3,6805.73,739.11,56.16,3542.05,20417.19,19678.079999999998,UPI,Completed
f05decff-45e7-4a4a-9019-0b81ba74d299,2026_W22,O49649,U9883,P196,2026-05-28 14:45:23,4,7726.11,167.12,147.04,5532.72,30904.44,30737.32,UPI,Completed
f05decff-45e7-4a4a-9019-0b81ba74d299,2026_W22,O49650,U26373,P140,2026-05-29 12:13:29,3,3133.21,705.35,168.76,1564.97,9399.630000000001,8694.28,Debit Card,Completed
f05decff-45e7-4a4a-9019-0b81ba74d299,2026_W22,O49651,U6585,P145,2026-05-29 07:16:28,1,4583.49,144.2,178.0,799.07,4583.49,4439.29,Debit Card,Completed
f05decff-45e7-4a4a-9019-0b81ba74d299,2026_W22,O49652,U14046,P48,2026-05-28 17:34:55,4,10990.29,6511.46,95.59,6740.95,43961.16,37449.700000000004,UPI,Completed
f05decff-45e7-4a4a-9019-0b81ba74d299,2026_W22,O49653,U3440,P46,2026-05-30 11:36:20,2,7595.79,425.15,63.18,2657.96,15191.58,14766.43,Wallet,Completed
f05decff-45e7-4a4a-9019-0b81ba74d299,2026_W22,O49654,U10791,P51,2026-05-31 20:20:43,4,6572.59,40.44,96.87,4724.99,26290.36,26249.920000000002,UPI,Completed
f05decff-45e7-4a4a-9019-0b81ba74d299,2026_W22,O49655,U32257,P70,2026-05-26 07:56:44,4,2246.89,319.23,111.33,1560.3,8987.56,8668.33,Wallet,Completed
f05decff-45e7-4a4a-9019-0b81ba74d299,2026_W22,O49656,U20227,P23,2026-05-26 10:58:30,2,2281.71,46.54,100.93,813.04,4563.42,4516.88,Debit Card,Completed
f05decff-45e7-4a4a-9019-0b81ba74d299,2026_W22,O49657,U14637,P5,2026-05-29 17:31:40,2,5785.73,303.35,64.22,2028.26,11571.46,11268.109999999999,UPI,Completed
f05decff-45e7-4a4a-9019-0b81ba74d299,2026_W22,O49658,U32094,P5,2026-05-29 10:31:46,2,5785.73,1334.69,154.08,1842.62,11571.46,10236.769999999999,Wallet,Completed
f05decff-45e7-4a4a-9019-0b81ba74d299,2026_W22,O49659,U24125,P103,2026-05-31 15:53:56,3,5314.76,1496.78,135.28,2600.55,15944.28,14447.5,Wallet,Completed
f05decff-45e7-4a4a-9019-0b81ba74d299,2026_W22,O49660,U28590,P81,2026-05-27 14:26:07,4,1659.37,501.51,51.48,1104.47,6637.48,6135.969999999999,Credit Card,Completed
f05decff-45e7-4a4a-9019-0b81ba74d299,2026_W22,O49661,U26978,P119,2026-05-27 20:01:57,3,10133.79,973.93,192.97,5296.94,30401.370000000003,29427.440000000002,Debit Card,Completed
f05decff-45e7-4a4a-9019-0b81ba74d299,2026_W22,O49662,U10616,P181,2026-05-27 13:54:17,3,8581.69,1584.84,75.0,4348.84,25745.07,24160.23,UPI,Completed
f05decff-45e7-4a4a-9019-0b81ba74d299,2026_W22,O49663,U20620,P185,2026-05-29 08:14:33,4,8108.47,531.01,199.81,5742.52,32433.88,31902.870000000003,Debit Card,Completed
f05decff-45e7-4a4a-9019-0b81ba74d299,2026_W22,O49664,U28071,P45,2026-05-28 06:46:54,2,7618.9,655.34,71.69,2624.84,15237.8,14582.46,Debit Card,Completed
f05decff-45e7-4a4a-9019-0b81ba74d299,2026_W22,O49665,U18801,P172,2026-05-26 23:38:58,2,9925.52,1907.33,161.35,3229.87,19851.04,17943.71,Debit Card,Completed
f05decff-45e7-4a4a-9019-0b81ba74d299,2026_W22,O49666,U23319,P140,2026-05-26 22:42:39,2,3133.21,524.23,119.66,1033.59,6266.42,5742.1900000000005,Credit Card,Completed
f05decff-45e7-4a4a-9019-0b81ba74d299,2026_W22,O49667,U24226,P164,2026-05-29 04:55:02,2,7269.88,1503.49,134.7,2346.53,14539.76,13036.27,Credit Card,Completed
f05decff-45e7-4a4a-9019-0b81ba74d299,2026_W22,O49668,U1566,P143,2026-05-26 21:13:44,3,6038.03,976.98,129.53,3084.68,18114.09,17137.11,Wallet,Completed
f05decff-45e7-4a4a-9019-0b81ba74d299,2026_W22,O49669,U34695,P177,2026-05-30 19:55:03,2,5607.98,3.64,158.59,2018.22,11215.96,11212.32,Credit Card,Completed
f05decff-45e7-4a4a-9019-0b81ba74d299,2026_W22,O49670,U15338,P145,2026-05-29 19:20:41,1,4583.49,270.86,113.51,776.27,4583.49,4312.63,Debit Card,Completed
f05decff-45e7-4a4a-9019-0b81ba74d299,2026_W22,O49671,U13837,P54,2026-05-26 07:23:45,4,5968.84,1942.37,90.62,3947.94,23875.36,21932.99,Debit Card,Completed
f05decff-45e7-4a4a-9019-0b81ba74d299,2026_W22,O49672,U29026,P193,2026-05-28 15:35:45,3,5013.68,327.91,99.44,2648.36,15041.04,14713.130000000001,Credit Card,Completed
f05decff-45e7-4a4a-9019-0b81ba74d299,2026_W22,O49673,U23593,P189,2026-05-27 07:12:50,4,7353.02,1904.84,103.94,4951.3,29412.08,27507.24,UPI,Completed
f05decff-45e7-4a4a-9019-0b81ba74d299,2026_W22,O49674,U33110,P29,2026-05-30 13:56:23,1,7432.15,596.96,162.71,1230.33,7432.15,6835.19,Credit Card,Completed
f05decff-45e7-4a4a-9019-0b81ba74d299,2026_W22,O49675,U5501,P146,2026-05-29 06:52:44,2,4559.37,1222.41,196.74,1421.34,9118.74,7896.33,UPI,Completed
f05decff-45e7-4a4a-9019-0b81ba74d299,2026_W22,O49676,U24226,P98,2026-05-31 16:20:20,2,3365.14,262.03,142.09,1164.28,6730.28,6468.25,Debit Card,Completed
f05decff-45e7-4a4a-9019-0b81ba74d299,2026_W22,O49677,U1382,P198,2026-05-29 05:13:19,1,8888.97,591.64,58.13,1493.52,8888.97,8297.33,Credit Card,Completed
f05decff-45e7-4a4a-9019-0b81ba74d299,2026_W22,O49678,U25557,P131,2026-05-30 20:21:16,3,5156.93,2200.83,107.94,2388.59,15470.79,13269.960000000001,UPI,Completed
f05decff-45e7-4a4a-9019-0b81ba74d299,2026_W22,O49679,U14488,P196,2026-05-26 23:44:35,2,7726.11,2107.33,71.22,2402.08,15452.22,13344.89,Wallet,Completed
f05decff-45e7-4a4a-9019-0b81ba74d299,2026_W22,O49680,U6969,P199,2026-05-31 06:51:37,1,10122.76,1031.38,120.93,1636.45,10122.76,9091.380000000001,UPI,Completed
f05decff-45e7-4a4a-9019-0b81ba74d299,2026_W22,O49681,U605,P105,2026-05-31 09:51:13,2,7337.42,473.18,173.87,2556.3,14674.84,14201.66,UPI,Completed
f05decff-45e7-4a4a-9019-0b81ba74d299,2026_W22,O49682,U25617,P4,2026-05-28 10:31:22,2,11646.79,2103.29,158.94,3814.25,23293.58,21190.29,Debit Card,Completed
f05decff-45e7-4a4a-9019-0b81ba74d299,2026_W22,O49683,U21830,P152,2026-05-28 14:03:25,4,1970.06,163.42,143.45,1389.03,7880.24,7716.82,UPI,Completed
f05decff-45e7-4a4a-9019-0b81ba74d299,2026_W22,O49684,U5326,P155,2026-05-26 21:52:29,3,8707.69,1143.44,157.34,4496.33,26123.07,24979.63,Wallet,Completed
f05decff-45e7-4a4a-9019-0b81ba74d299,2026_W22,O49685,U31423,P188,2026-05-28 23:27:00,3,3237.34,281.3,141.08,1697.53,9712.02,9430.720000000001,Debit Card,Completed
f05decff-45e7-4a4a-9019-0b81ba74d299,2026_W22,O49686,U28727,P118,2026-05-27 12:15:18,1,5463.26,468.71,99.49,899.02,5463.26,4994.55,Credit Card,Completed
f05decff-45e7-4a4a-9019-0b81ba74d299,2026_W22,O49687,U14595,P32,2026-05-26 03:15:34,4,3711.51,2025.07,169.42,2307.77,14846.04,12820.970000000001,Wallet,Completed
f05decff-45e7-4a4a-9019-0b81ba74d299,2026_W22,O49688,U7859,P77,2026-05-30 10:11:34,2,6432.15,532.88,73.72,2219.66,12864.3,12331.42,Credit Card,Completed
f05decff-45e7-4a4a-9019-0b81ba74d299,2026_W22,O49689,U9835,P35,2026-05-29 21:35:17,2,3801.69,87.04,62.45,1352.94,7603.38,7516.34,Credit Card,Completed
f05decff-45e7-4a4a-9019-0b81ba74d299,2026_W22,O49690,U24105,P181,2026-05-31 03:44:23,2,8581.69,362.28,145.85,3024.2,17163.38,16801.100000000002,Wallet,Completed
f05decff-45e7-4a4a-9019-0b81ba74d299,2026_W22,O49691,U27,P93,2026-05-30 19:37:41,4,5224.43,2062.04,146.91,3390.42,20897.72,18835.68,UPI,Completed
f05decff-45e7-4a4a-9019-0b81ba74d299,2026_W22,O49692,U19916,P44,2026-05-28 07:21:41,2,1679.28,430.37,143.72,527.07,3358.56,2928.19,Wallet,Completed
f05decff-45e7-4a4a-9019-0b81ba74d299,2026_W22,O49693,U28115,P100,2026-05-30 23:14:50,3,7089.35,769.66,164.83,3689.71,21268.050000000003,20498.390000000003,Credit Card,Completed
f05decff-45e7-4a4a-9019-0b81ba74d299,2026_W22,O49694,U15767,P19,2026-05-28 08:44:34,1,10873.73,237.79,160.62,1914.47,10873.73,10635.939999999999,UPI,Completed
f05decff-45e7-4a4a-9019-0b81ba74d299,2026_W22,O49695,U17285,P124,2026-05-30 17:03:10,1,7063.56,613.29,152.86,1161.05,7063.56,6450.27,Wallet,Completed
f05decff-45e7-4a4a-9019-0b81ba74d299,2026_W22,O49696,U11781,P169,2026-05-30 18:50:29,2,3759.37,231.44,71.36,1311.71,7518.74,7287.3,UPI,Completed
f05decff-45e7-4a4a-9019-0b81ba74d299,2026_W22,O49697,U26072,P66,2026-05-28 02:56:57,1,5399.1,650.66,84.0,854.72,5399.1,4748.4400000000005,UPI,Completed
f05decff-45e7-4a4a-9019-0b81ba74d299,2026_W22,O49698,U32730,P173,2026-05-26 17:30:01,2,4326.87,747.52,152.06,1423.12,8653.74,7906.219999999999,Debit Card,Completed
f05decff-45e7-4a4a-9019-0b81ba74d299,2026_W22,O49699,U13837,P116,2026-05-27 01:16:16,2,4661.13,942.51,195.75,1508.36,9322.26,8379.75,Debit Card,Completed
f05decff-45e7-4a4a-9019-0b81ba74d299,2026_W22,O49700,U7652,P117,2026-05-31 13:41:31,2,3717.32,374.38,60.01,1270.85,7434.64,7060.26,Debit Card,Completed
f05decff-45e7-4a4a-9019-0b81ba74d299,2026_W22,O49701,U22087,P24,2026-05-26 17:30:32,1,4886.78,639.56,109.37,764.5,4886.78,4247.219999999999,UPI,Completed
f05decff-45e7-4a4a-9019-0b81ba74d299,2026_W22,O49702,U1426,P118,2026-05-27 22:00:22,4,5463.26,828.38,63.5,3784.44,21853.04,21024.66,Credit Card,Completed
f05decff-45e7-4a4a-9019-0b81ba74d299,2026_W22,O49703,U30768,P111,2026-05-26 21:55:47,3,9541.24,488.24,191.4,5064.39,28623.72,28135.48,Wallet,Completed
f05decff-45e7-4a4a-9019-0b81ba74d299,2026_W22,O49704,U29965,P137,2026-05-30 12:39:19,1,4729.65,569.55,105.08,748.82,4729.65,4160.099999999999,Wallet,Completed
f05decff-45e7-4a4a-9019-0b81ba74d299,2026_W22,O49705,U2943,P178,2026-05-31 01:19:37,4,2500.92,358.95,186.98,1736.05,10003.68,9644.73,Credit Card,Completed
f05decff-45e7-4a4a-9019-0b81ba74d299,2026_W22,O49706,U9518,P2,2026-05-28 10:56:51,4,1543.5,351.65,61.03,1048.02,6174.0,5822.35,UPI,Completed
f05decff-45e7-4a4a-9019-0b81ba74d299,2026_W22,O49707,U4340,P103,2026-05-31 08:59:11,2,5314.76,1013.81,151.85,1730.83,10629.52,9615.710000000001,Debit Card,Completed
f05decff-45e7-4a4a-9019-0b81ba74d299,2026_W22,O49708,U8352,P153,2026-05-30 23:43:08,2,11343.81,2653.4,183.85,3606.16,22687.62,20034.219999999998,Wallet,Completed
f05decff-45e7-4a4a-9019-0b81ba74d299,2026_W22,O49709,U24378,P78,2026-05-26 21:50:33,3,4707.59,326.83,107.32,2483.27,14122.77,13795.94,Wallet,Completed
f05decff-45e7-4a4a-9019-0b81ba74d299,2026_W22,O49710,U26743,P74,2026-05-26 04:28:47,2,8026.5,644.71,135.91,2773.49,16053.0,15408.29,Credit Card,Completed
f05decff-45e7-4a4a-9019-0b81ba74d299,2026_W22,O49711,U5200,P75,2026-05-28 22:31:07,2,3046.83,785.19,140.36,955.52,6093.66,5308.469999999999,Credit Card,Completed
f05decff-45e7-4a4a-9019-0b81ba74d299,2026_W22,O49712,U13877,P132,2026-05-29 15:34:40,3,5087.03,2269.2,188.62,2338.54,15261.09,12991.89,Debit Card,Completed
f05decff-45e7-4a4a-9019-0b81ba74d299,2026_W22,O49713,U25575,P149,2026-05-28 17:41:14,1,7089.62,733.82,64.05,1144.04,7089.62,6355.8,Wallet,Completed
f05decff-45e7-4a4a-9019-0b81ba74d299,2026_W22,O49714,U21688,P53,2026-05-27 01:37:04,2,8018.26,1627.99,156.43,2593.54,16036.52,14408.53,Wallet,Completed
f05decff-45e7-4a4a-9019-0b81ba74d299,2026_W22,O49715,U18275,P108,2026-05-29 18:08:49,3,4001.51,1255.15,103.36,1934.89,12004.53,10749.380000000001,UPI,Completed
f05decff-45e7-4a4a-9019-0b81ba74d299,2026_W22,O49716,U27111,P49,2026-05-28 09:22:21,3,4925.87,1996.53,70.7,2300.59,14777.61,12781.08,Wallet,Completed
f05decff-45e7-4a4a-9019-0b81ba74d299,2026_W22,O49717,U24432,P95,2026-05-31 16:00:37,1,1959.5,70.5,128.86,340.02,1959.5,1889.0,Credit Card,Completed
f05decff-45e7-4a4a-9019-0b81ba74d299,2026_W22,O49718,U18049,P178,2026-05-29 21:00:26,4,2500.92,1319.47,156.51,1563.16,10003.68,8684.210000000001,Credit Card,Completed
f05decff-45e7-4a4a-9019-0b81ba74d299,2026_W22,O49719,U13407,P35,2026-05-29 06:10:44,4,3801.69,1645.7,131.47,2440.99,15206.76,13561.06,Credit Card,Completed
f05decff-45e7-4a4a-9019-0b81ba74d299,2026_W22,O49720,U33826,P106,2026-05-31 01:42:22,2,5172.75,798.97,70.65,1718.38,10345.5,9546.53,Credit Card,Completed
f05decff-45e7-4a4a-9019-0b81ba74d299,2026_W22,O49721,U12888,P6,2026-05-30 07:05:55,3,7042.99,1955.49,137.92,3451.23,21128.97,19173.48,Wallet,Completed
f05decff-45e7-4a4a-9019-0b81ba74d299,2026_W22,O49722,U31032,P87,2026-05-26 07:02:28,4,7395.64,2177.97,133.34,4932.83,29582.56,27404.59,Wallet,Completed
f05decff-45e7-4a4a-9019-0b81ba74d299,2026_W22,O49723,U15241,P138,2026-05-31 13:32:40,2,5599.95,961.8,189.01,1842.86,11199.9,10238.1,Wallet,Completed
f05decff-45e7-4a4a-9019-0b81ba74d299,2026_W22,O49724,U3603,P73,2026-05-26 16:57:39,3,10930.99,1758.39,85.0,5586.22,32792.97,31034.58,Credit Card,Completed
f05decff-45e7-4a4a-9019-0b81ba74d299,2026_W22,O49725,U17222,P181,2026-05-31 11:11:42,2,8581.69,2079.68,69.05,2715.07,17163.38,15083.7,Wallet,Completed
f05decff-45e7-4a4a-9019-0b81ba74d299,2026_W22,O49726,U12191,P30,2026-05-31 13:38:19,1,10909.65,1425.7,51.7,1707.11,10909.65,9483.949999999999,Wallet,Completed
f05decff-45e7-4a4a-9019-0b81ba74d299,2026_W22,O49727,U3692,P200,2026-05-30 21:57:15,4,9143.2,44.09,119.25,6575.17,36572.8,36528.71000000001,Debit Card,Completed
f05decff-45e7-4a4a-9019-0b81ba74d299,2026_W22,O49728,U10519,P44,2026-05-29 17:43:47,3,1679.28,2.73,104.9,906.32,5037.84,5035.110000000001,UPI,Completed
f05decff-45e7-4a4a-9019-0b81ba74d299,2026_W22,O49729,U14344,P4,2026-05-27 13:18:49,4,11646.79,1618.92,183.43,8094.28,46587.16,44968.240000000005,Wallet,Completed
f05decff-45e7-4a4a-9019-0b81ba74d299,2026_W22,O49730,U26815,P33,2026-05-31 14:10:27,4,7861.44,3728.17,192.23,4989.17,31445.76,27717.589999999997,Wallet,Completed
f05decff-45e7-4a4a-9019-0b81ba74d299,2026_W22,O49731,U2329,P124,2026-05-31 06:29:54,4,7063.56,1068.76,165.31,4893.39,28254.24,27185.480000000003,UPI,Completed
f05decff-45e7-4a4a-9019-0b81ba74d299,2026_W22,O49732,U27014,P137,2026-05-30 21:38:54,1,4729.65,537.84,61.37,754.53,4729.65,4191.8099999999995,Credit Card,Completed
f05decff-45e7-4a4a-9019-0b81ba74d299,2026_W22,O49733,U13913,P163,2026-05-30 06:38:46,3,2156.08,968.91,90.2,989.88,6468.24,5499.33,Credit Card,Completed
f05decff-45e7-4a4a-9019-0b81ba74d299,2026_W22,O49734,U20184,P189,2026-05-29 14:32:37,2,7353.02,1507.48,80.79,2375.74,14706.04,13198.560000000001,Credit Card,Completed
f05decff-45e7-4a4a-9019-0b81ba74d299,2026_W22,O49735,U16314,P186,2026-05-30 09:23:42,4,7849.55,4616.56,122.53,4820.7,31398.2,26781.64,Wallet,Completed
f05decff-45e7-4a4a-9019-0b81ba74d299,2026_W22,O49736,U26290,P21,2026-05-31 05:17:23,3,7585.24,2129.24,143.47,3712.77,22755.72,20626.480000000003,UPI,Completed
f05decff-45e7-4a4a-9019-0b81ba74d299,2026_W22,O49737,U32430,P105,2026-05-31 12:51:45,4,7337.42,4007.32,99.39,4561.62,29349.68,25342.36,Wallet,Completed
f05decff-45e7-4a4a-9019-0b81ba74d299,2026_W22,O49738,U28636,P173,2026-05-26 20:22:12,3,4326.87,576.07,193.3,2232.82,12980.61,12404.54,Debit Card,Completed
f05decff-45e7-4a4a-9019-0b81ba74d299,2026_W22,O49739,U7679,P67,2026-05-31 08:30:17,4,6555.74,3680.58,190.73,4057.63,26222.96,22542.379999999997,UPI,Completed
f05decff-45e7-4a4a-9019-0b81ba74d299,2026_W22,O49740,U32919,P45,2026-05-27 11:57:15,1,7618.9,418.16,56.15,1296.13,7618.9,7200.74,Wallet,Completed
f05decff-45e7-4a4a-9019-0b81ba74d299,2026_W22,O49741,U23650,P136,2026-05-27 08:28:19,4,2314.22,242.48,175.77,1622.59,9256.88,9014.4,Debit Card,Completed
f05decff-45e7-4a4a-9019-0b81ba74d299,2026_W22,O49742,U22733,P193,2026-05-29 18:32:25,1,5013.68,497.93,75.83,812.83,5013.68,4515.75,Debit Card,Completed
f05decff-45e7-4a4a-9019-0b81ba74d299,2026_W22,O49743,U12279,P61,2026-05-28 14:56:51,4,7261.62,709.06,188.57,5100.74,29046.48,28337.42,Debit Card,Completed
f05decff-45e7-4a4a-9019-0b81ba74d299,2026_W22,O49744,U33848,P132,2026-05-26 19:56:35,1,5087.03,706.61,69.12,788.48,5087.03,4380.42,Debit Card,Completed
f05decff-45e7-4a4a-9019-0b81ba74d299,2026_W22,O49745,U15241,P27,2026-05-31 01:32:52,2,6106.97,146.06,123.69,2172.22,12213.94,12067.880000000001,Wallet,Completed
f05decff-45e7-4a4a-9019-0b81ba74d299,2026_W22,O49746,U26218,P100,2026-05-28 14:59:15,3,7089.35,864.58,56.35,3672.62,21268.050000000003,20403.47,Debit Card,Completed
f05decff-45e7-4a4a-9019-0b81ba74d299,2026_W22,O49747,U6401,P151,2026-05-30 22:08:25,2,7426.21,27.62,129.42,2668.46,14852.42,14824.8,Credit Card,Completed
f05decff-45e7-4a4a-9019-0b81ba74d299,2026_W22,O49748,U18927,P67,2026-05-30 21:24:37,2,6555.74,134.56,109.55,2335.85,13111.48,12976.92,Debit Card,Completed
f05decff-45e7-4a4a-9019-0b81ba74d299,2026_W22,O49749,U29093,P39,2026-05-26 00:13:09,1,5048.64,163.63,162.7,879.3,5048.64,4885.01,Wallet,Completed
f05decff-45e7-4a4a-9019-0b81ba74d299,2026_W22,O49750,U13453,P105,2026-05-27 23:18:44,3,7337.42,2334.33,127.73,3542.03,22012.260000000002,19677.93,Wallet,Completed
f05decff-45e7-4a4a-9019-0b81ba74d299,2026_W22,O49751,U3825,P14,2026-05-28 07:46:41,1,4944.6,452.24,140.19,808.62,4944.6,4492.360000000001,Debit Card,Completed
f05decff-45e7-4a4a-9019-0b81ba74d299,2026_W22,O49752,U31418,P135,2026-05-26 03:29:28,1,7738.35,917.51,135.27,1227.75,7738.35,6820.84,Wallet,Completed
f05decff-45e7-4a4a-9019-0b81ba74d299,2026_W22,O49753,U1123,P30,2026-05-27 19:35:12,1,10909.65,302.95,98.27,1909.21,10909.65,10606.699999999999,Wallet,Completed
f05decff-45e7-4a4a-9019-0b81ba74d299,2026_W22,O49754,U16761,P141,2026-05-30 19:38:11,3,6658.31,1767.64,125.71,3277.31,19974.93,18207.29,UPI,Completed
f05decff-45e7-4a4a-9019-0b81ba74d299,2026_W22,O49755,U32169,P52,2026-05-28 08:54:55,4,4538.36,1774.3,173.53,2948.25,18153.44,16379.14,Debit Card,Completed
f05decff-45e7-4a4a-9019-0b81ba74d299,2026_W22,O49756,U26528,P72,2026-05-26 07:16:16,4,8163.39,708.88,155.45,5750.04,32653.56,31944.68,Debit Card,Completed
f05decff-45e7-4a4a-9019-0b81ba74d299,2026_W22,O49757,U5032,P181,2026-05-26 16:03:09,3,8581.69,1664.37,159.45,4334.53,25745.07,24080.7,Debit Card,Completed
f05decff-45e7-4a4a-9019-0b81ba74d299,2026_W22,O49758,U20303,P103,2026-05-31 02:43:05,3,5314.76,1501.46,196.15,2599.71,15944.28,14442.82,Debit Card,Completed
f05decff-45e7-4a4a-9019-0b81ba74d299,2026_W22,O49759,U280,P103,2026-05-25 23:57:35,1,5314.76,609.55,53.33,846.94,5314.76,4705.21,Wallet,Completed
f05decff-45e7-4a4a-9019-0b81ba74d299,2026_W22,O49760,U29578,P152,2026-05-29 20:12:53,3,1970.06,250.56,176.24,1018.73,5910.18,5659.62,Debit Card,Completed
f05decff-45e7-4a4a-9019-0b81ba74d299,2026_W22,O49761,U29518,P142,2026-05-26 18:13:29,4,4531.33,827.74,96.46,3113.56,18125.32,17297.579999999998,Wallet,Completed
f05decff-45e7-4a4a-9019-0b81ba74d299,2026_W22,O49762,U13081,P98,2026-05-28 03:08:17,4,3365.14,1026.42,146.5,2238.15,13460.56,12434.14,Debit Card,Completed
f05decff-45e7-4a4a-9019-0b81ba74d299,2026_W22,O49763,U27008,P71,2026-05-27 21:57:47,1,5001.28,663.72,141.9,780.76,5001.28,4337.5599999999995,Wallet,Completed
f05decff-45e7-4a4a-9019-0b81ba74d299,2026_W22,O49764,U12289,P187,2026-05-28 08:17:09,3,4000.12,897.59,99.71,1998.5,12000.36,11102.77,Credit Card,Completed
f05decff-45e7-4a4a-9019-0b81ba74d299,2026_W22,O49765,U18334,P6,2026-05-30 19:19:03,4,7042.99,663.78,89.1,4951.47,28171.96,27508.18,Wallet,Completed
f05decff-45e7-4a4a-9019-0b81ba74d299,2026_W22,O49766,U29383,P82,2026-05-26 23:55:16,2,1796.79,137.79,157.76,622.04,3593.58,3455.79,Wallet,Completed
f05decff-45e7-4a4a-9019-0b81ba74d299,2026_W22,O49767,U11694,P164,2026-05-28 15:12:47,2,7269.88,1277.78,188.3,2387.16,14539.76,13261.98,Debit Card,Completed
f05decff-45e7-4a4a-9019-0b81ba74d299,2026_W22,O49768,U29103,P44,2026-05-31 05:50:33,3,1679.28,745.96,51.36,772.54,5037.84,4291.88,Credit Card,Completed
f05decff-45e7-4a4a-9019-0b81ba74d299,2026_W22,O49769,U13453,P4,2026-05-30 07:36:27,2,11646.79,3451.74,147.75,3571.53,23293.58,19841.840000000004,Wallet,Completed
f05decff-45e7-4a4a-9019-0b81ba74d299,2026_W22,O49770,U4360,P4,2026-05-29 03:33:58,2,11646.79,1729.83,136.32,3881.48,23293.58,21563.75,Debit Card,Completed
f05decff-45e7-4a4a-9019-0b81ba74d299,2026_W22,O49771,U8420,P88,2026-05-27 17:33:54,2,2502.34,97.02,73.32,883.38,5004.68,4907.66,UPI,Completed
f05decff-45e7-4a4a-9019-0b81ba74d299,2026_W22,O49772,U26725,P186,2026-05-30 13:43:41,3,7849.55,164.91,156.0,4209.07,23548.65,23383.74,UPI,Completed
f05decff-45e7-4a4a-9019-0b81ba74d299,2026_W22,O49773,U4301,P185,2026-05-30 09:21:39,3,8108.47,1336.49,131.89,4138.01,24325.41,22988.92,Credit Card,Completed
f05decff-45e7-4a4a-9019-0b81ba74d299,2026_W22,O49774,U32504,P97,2026-05-29 19:23:17,4,5383.07,3117.44,136.86,3314.67,21532.28,18414.84,Credit Card,Completed
f05decff-45e7-4a4a-9019-0b81ba74d299,2026_W22,O49775,U20652,P174,2026-05-29 10:41:34,4,3233.65,1648.53,114.06,2031.49,12934.6,11286.07,UPI,Completed
f05decff-45e7-4a4a-9019-0b81ba74d299,2026_W22,O49776,U3831,P138,2026-05-27 14:17:49,1,5599.95,255.83,184.51,961.94,5599.95,5344.12,Debit Card,Completed
f05decff-45e7-4a4a-9019-0b81ba74d299,2026_W22,O49777,U2597,P46,2026-05-29 14:13:30,2,7595.79,193.65,74.42,2699.63,15191.58,14997.93,UPI,Completed
f05decff-45e7-4a4a-9019-0b81ba74d299,2026_W22,O49778,U8531,P152,2026-05-28 01:04:22,4,1970.06,664.89,194.21,1298.76,7880.24,7215.349999999999,Credit Card,Completed
f05decff-45e7-4a4a-9019-0b81ba74d299,2026_W22,O49779,U9337,P15,2026-05-31 01:05:54,2,2472.77,357.91,198.06,825.77,4945.54,4587.63,UPI,Completed
f05decff-45e7-4a4a-9019-0b81ba74d299,2026_W22,O49780,U30630,P190,2026-05-26 14:41:55,4,10065.15,721.56,111.87,7117.03,40260.6,39539.04,Debit Card,Completed
f05decff-45e7-4a4a-9019-0b81ba74d299,2026_W22,O49781,U4960,P52,2026-05-29 14:34:29,4,4538.36,797.35,172.3,3124.1,18153.44,17356.09,Credit Card,Completed
f05decff-45e7-4a4a-9019-0b81ba74d299,2026_W22,O49782,U20247,P74,2026-05-26 07:02:21,4,8026.5,4363.35,151.51,4993.68,32106.0,27742.65,Wallet,Completed
f05decff-45e7-4a4a-9019-0b81ba74d299,2026_W22,O49783,U12423,P119,2026-05-27 06:46:14,3,10133.79,869.33,103.27,5315.77,30401.370000000003,29532.04,Credit Card,Completed
f05decff-45e7-4a4a-9019-0b81ba74d299,2026_W22,O49784,U1810,P69,2026-05-31 16:32:32,2,5881.18,331.61,102.38,2057.54,11762.36,11430.75,Wallet,Completed
f05decff-45e7-4a4a-9019-0b81ba74d299,2026_W22,O49785,U9399,P16,2026-05-26 06:20:41,4,4498.86,223.89,123.64,3198.88,17995.44,17771.55,Credit Card,Completed
f05decff-45e7-4a4a-9019-0b81ba74d299,2026_W22,O49786,U5012,P57,2026-05-27 13:21:29,3,3408.89,340.22,199.79,1779.56,10226.67,9886.45,UPI,Completed
f05decff-45e7-4a4a-9019-0b81ba74d299,2026_W22,O49787,U8223,P191,2026-05-31 08:02:20,4,4973.99,2816.65,165.24,3074.28,19895.96,17079.309999999998,UPI,Completed
f05decff-45e7-4a4a-9019-0b81ba74d299,2026_W22,O49788,U14665,P70,2026-05-26 20:21:40,1,2246.89,131.0,106.79,380.86,2246.89,2115.89,Credit Card,Completed
f05decff-45e7-4a4a-9019-0b81ba74d299,2026_W22,O49789,U14148,P137,2026-05-28 07:00:58,1,4729.65,525.95,128.5,756.67,4729.65,4203.7,Credit Card,Completed
f05decff-45e7-4a4a-9019-0b81ba74d299,2026_W22,O49790,U18698,P177,2026-05-30 09:41:06,3,5607.98,414.96,140.38,2953.62,16823.94,16408.98,UPI,Completed
f05decff-45e7-4a4a-9019-0b81ba74d299,2026_W22,O49791,U20167,P100,2026-05-29 20:10:09,3,7089.35,542.2,83.67,3730.65,21268.050000000003,20725.850000000002,Credit Card,Completed
f05decff-45e7-4a4a-9019-0b81ba74d299,2026_W22,O49792,U14552,P152,2026-05-31 20:30:39,3,1970.06,440.39,107.43,984.56,5910.18,5469.79,Debit Card,Completed
f05decff-45e7-4a4a-9019-0b81ba74d299,2026_W22,O49793,U23632,P192,2026-05-30 04:26:13,2,8471.85,895.35,155.96,2888.7,16943.7,16048.35,Wallet,Completed
f05decff-45e7-4a4a-9019-0b81ba74d299,2026_W22,O49794,U7754,P152,2026-05-30 20:51:23,3,1970.06,736.19,73.03,931.32,5910.18,5173.99,Debit Card,Completed
f05decff-45e7-4a4a-9019-0b81ba74d299,2026_W22,O49795,U13097,P135,2026-05-28 09:04:29,2,7738.35,184.44,74.74,2752.61,15476.7,15292.26,Wallet,Completed
f05decff-45e7-4a4a-9019-0b81ba74d299,2026_W22,O49796,U905,P147,2026-05-29 02:04:58,3,2240.85,413.38,198.11,1135.65,6722.549999999999,6309.169999999999,Wallet,Completed
f05decff-45e7-4a4a-9019-0b81ba74d299,2026_W22,O49797,U1680,P35,2026-05-26 02:22:24,1,3801.69,197.43,58.31,648.77,3801.69,3604.26,Credit Card,Completed
f05decff-45e7-4a4a-9019-0b81ba74d299,2026_W22,O49798,U18376,P193,2026-05-28 08:06:57,1,5013.68,232.47,199.03,860.62,5013.68,4781.21,Credit Card,Completed
f05decff-45e7-4a4a-9019-0b81ba74d299,2026_W22,O49799,U17030,P112,2026-05-30 10:27:44,2,4659.89,797.9,175.54,1533.94,9319.78,8521.880000000001,Credit Card,Completed
f05decff-45e7-4a4a-9019-0b81ba74d299,2026_W22,O49800,U25304,P48,2026-05-31 07:18:49,1,10990.29,155.03,70.75,1950.35,10990.29,10835.26,UPI,Completed
f05decff-45e7-4a4a-9019-0b81ba74d299,2026_W22,O49801,U29418,P48,2026-05-31 13:27:13,4,10990.29,5300.7,105.35,6958.88,43961.16,38660.46000000001,UPI,Completed
f05decff-45e7-4a4a-9019-0b81ba74d299,2026_W22,O49802,U17184,P14,2026-05-28 15:43:59,2,4944.6,664.58,112.38,1660.43,9889.2,9224.62,Debit Card,Completed
f05decff-45e7-4a4a-9019-0b81ba74d299,2026_W22,O49803,U15789,P193,2026-05-30 08:49:45,3,5013.68,2059.46,174.69,2336.68,15041.04,12981.580000000002,UPI,Completed
f05decff-45e7-4a4a-9019-0b81ba74d299,2026_W22,O49804,U32355,P154,2026-05-30 00:04:37,3,4135.27,1735.75,111.68,1920.61,12405.810000000001,10670.060000000001,UPI,Completed
f05decff-45e7-4a4a-9019-0b81ba74d299,2026_W22,O49805,U4781,P42,2026-05-26 05:28:39,2,5949.92,777.66,103.38,2001.99,11899.84,11122.18,Wallet,Completed
f05decff-45e7-4a4a-9019-0b81ba74d299,2026_W22,O49806,U10646,P12,2026-05-29 17:45:50,1,7089.88,192.23,87.08,1241.58,7089.88,6897.650000000001,UPI,Completed
f05decff-45e7-4a4a-9019-0b81ba74d299,2026_W22,O49807,U2657,P95,2026-05-29 17:56:41,4,1959.5,36.75,111.65,1404.22,7838.0,7801.25,Wallet,Completed
f05decff-45e7-4a4a-9019-0b81ba74d299,2026_W22,O49808,U5299,P2,2026-05-26 16:17:58,3,1543.5,596.52,112.82,726.12,4630.5,4033.98,UPI,Completed
f05decff-45e7-4a4a-9019-0b81ba74d299,2026_W22,O49809,U23489,P51,2026-05-27 02:09:58,2,6572.59,1722.69,151.7,2056.05,13145.18,11422.49,Wallet,Completed
f05decff-45e7-4a4a-9019-0b81ba74d299,2026_W22,O49810,U34176,P84,2026-05-30 02:34:53,4,8271.97,2293.08,162.33,5543.06,33087.88,30794.799999999996,Credit Card,Completed
f05decff-45e7-4a4a-9019-0b81ba74d299,2026_W22,O49811,U5147,P54,2026-05-26 19:55:51,1,5968.84,204.48,166.85,1037.58,5968.84,5764.360000000001,Debit Card,Completed
f05decff-45e7-4a4a-9019-0b81ba74d299,2026_W22,O49812,U10276,P76,2026-05-30 02:30:00,4,3664.46,279.27,171.99,2588.14,14657.84,14378.57,Wallet,Completed
f05decff-45e7-4a4a-9019-0b81ba74d299,2026_W22,O49813,U5878,P74,2026-05-29 06:45:50,3,8026.5,2515.03,198.95,3881.6,24079.5,21564.47,UPI,Completed
f05decff-45e7-4a4a-9019-0b81ba74d299,2026_W22,O49814,U30555,P83,2026-05-27 12:13:25,2,5070.2,774.01,189.22,1685.95,10140.4,9366.39,UPI,Completed
f05decff-45e7-4a4a-9019-0b81ba74d299,2026_W22,O49815,U16226,P93,2026-05-29 19:27:21,4,5224.43,1586.24,116.58,3476.07,20897.72,19311.48,Debit Card,Completed
f05decff-45e7-4a4a-9019-0b81ba74d299,2026_W22,O49816,U14662,P141,2026-05-31 02:21:18,3,6658.31,578.79,74.57,3491.31,19974.93,19396.14,Credit Card,Completed
f05decff-45e7-4a4a-9019-0b81ba74d299,2026_W22,O49817,U20227,P76,2026-05-29 21:16:12,4,3664.46,2110.32,95.08,2258.55,14657.84,12547.52,Credit Card,Completed
f05decff-45e7-4a4a-9019-0b81ba74d299,2026_W22,O49818,U29655,P164,2026-05-31 07:38:50,3,7269.88,2165.88,138.6,3535.88,21809.64,19643.76,Wallet,Completed
f05decff-45e7-4a4a-9019-0b81ba74d299,2026_W22,O49819,U31418,P200,2026-05-31 17:54:35,1,9143.2,622.58,81.92,1533.71,9143.2,8520.62,Debit Card,Completed
f05decff-45e7-4a4a-9019-0b81ba74d299,2026_W22,O49820,U13920,P23,2026-05-27 15:33:27,2,2281.71,495.02,138.04,732.31,4563.42,4068.4,Wallet,Completed
f05decff-45e7-4a4a-9019-0b81ba74d299,2026_W22,O49821,U6187,P89,2026-05-26 13:45:15,2,7149.14,857.02,104.2,2419.43,14298.28,13441.26,Wallet,Completed
f05decff-45e7-4a4a-9019-0b81ba74d299,2026_W22,O49822,U24423,P136,2026-05-31 08:31:51,2,2314.22,193.31,56.23,798.32,4628.44,4435.129999999999,UPI,Completed
f05decff-45e7-4a4a-9019-0b81ba74d299,2026_W22,O49823,U21479,P144,2026-05-30 04:26:15,3,1737.47,632.26,96.55,824.43,5212.41,4580.15,Credit Card,Completed
f05decff-45e7-4a4a-9019-0b81ba74d299,2026_W22,O49824,U13239,P155,2026-05-31 15:03:30,3,8707.69,2694.98,67.98,4217.06,26123.07,23428.09,Credit Card,Completed
f05decff-45e7-4a4a-9019-0b81ba74d299,2026_W22,O49825,U17494,P15,2026-05-28 20:00:16,2,2472.77,477.4,93.56,804.27,4945.54,4468.14,Credit Card,Completed
f05decff-45e7-4a4a-9019-0b81ba74d299,2026_W22,O49826,U25211,P110,2026-05-27 18:15:58,4,1984.17,383.16,111.64,1359.63,7936.68,7553.52,UPI,Completed
f05decff-45e7-4a4a-9019-0b81ba74d299,2026_W22,O49827,U3831,P1,2026-05-27 05:10:42,2,6823.54,1370.72,152.23,2209.74,13647.08,12276.36,Debit Card,Completed
f05decff-45e7-4a4a-9019-0b81ba74d299,2026_W22,O49828,U28565,P131,2026-05-30 10:42:56,1,5156.93,236.3,50.99,885.71,5156.93,4920.63,Credit Card,Completed
f05decff-45e7-4a4a-9019-0b81ba74d299,2026_W22,O49829,U22318,P78,2026-05-27 05:55:06,3,4707.59,1635.15,188.77,2247.77,14122.77,12487.62,UPI,Completed
f05decff-45e7-4a4a-9019-0b81ba74d299,2026_W22,O49830,U18743,P75,2026-05-31 17:05:27,4,3046.83,887.55,102.56,2033.96,12187.32,11299.77,Wallet,Completed
f05decff-45e7-4a4a-9019-0b81ba74d299,2026_W22,O49831,U13792,P106,2026-05-28 02:54:00,3,5172.75,296.19,174.85,2739.97,15518.25,15222.06,Credit Card,Completed
f05decff-45e7-4a4a-9019-0b81ba74d299,2026_W22,O49832,U19786,P14,2026-05-26 19:27:06,2,4944.6,1453.31,86.63,1518.46,9889.2,8435.890000000001,Credit Card,Completed
f05decff-45e7-4a4a-9019-0b81ba74d299,2026_W22,O49833,U2372,P191,2026-05-31 10:50:58,4,4973.99,1197.65,136.15,3365.7,19895.96,18698.309999999998,UPI,Completed
f05decff-45e7-4a4a-9019-0b81ba74d299,2026_W22,O49834,U32156,P189,2026-05-29 23:11:54,1,7353.02,943.05,123.41,1153.79,7353.02,6409.97,Debit Card,Completed
f05decff-45e7-4a4a-9019-0b81ba74d299,2026_W22,O49835,U23300,P87,2026-05-27 15:15:09,1,7395.64,356.87,197.65,1266.98,7395.64,7038.77,Debit Card,Completed
f05decff-45e7-4a4a-9019-0b81ba74d299,2026_W22,O49836,U17500,P166,2026-05-26 05:43:45,2,8475.87,361.31,93.99,2986.28,16951.74,16590.43,UPI,Completed
f05decff-45e7-4a4a-9019-0b81ba74d299,2026_W22,O49837,U8893,P161,2026-05-27 11:16:06,2,5474.81,1137.95,111.86,1766.1,10949.62,9811.67,UPI,Completed
f05decff-45e7-4a4a-9019-0b81ba74d299,2026_W22,O49838,U10483,P192,2026-05-29 07:11:57,3,8471.85,636.73,52.59,4460.19,25415.550000000003,24778.820000000003,Debit Card,Completed
f05decff-45e7-4a4a-9019-0b81ba74d299,2026_W22,O49839,U24292,P137,2026-05-28 02:10:28,1,4729.65,64.16,85.56,839.79,4729.65,4665.49,Debit Card,Completed
f05decff-45e7-4a4a-9019-0b81ba74d299,2026_W22,O49840,U32950,P65,2026-05-30 12:47:50,3,1802.09,434.99,137.95,894.83,5406.2699999999995,4971.28,Wallet,Completed
f05decff-45e7-4a4a-9019-0b81ba74d299,2026_W22,O49841,U27017,P36,2026-05-28 22:50:35,4,8838.75,2612.85,136.17,5893.59,35355.0,32742.15,UPI,Completed
f05decff-45e7-4a4a-9019-0b81ba74d299,2026_W22,O49842,U1161,P164,2026-05-29 07:36:55,3,7269.88,585.58,109.35,3820.33,21809.64,21224.059999999998,UPI,Completed
f05decff-45e7-4a4a-9019-0b81ba74d299,2026_W22,O49843,U19984,P139,2026-05-31 01:00:43,2,7513.32,1348.96,54.6,2461.98,15026.64,13677.68,Debit Card,Completed
f05decff-45e7-4a4a-9019-0b81ba74d299,2026_W22,O49844,U27149,P196,2026-05-30 10:15:39,2,7726.11,1985.19,83.08,2424.07,15452.22,13467.029999999999,Wallet,Completed
f05decff-45e7-4a4a-9019-0b81ba74d299,2026_W22,O49845,U7412,P27,2026-05-30 12:24:12,2,6106.97,449.8,138.57,2117.55,12213.94,11764.140000000001,Debit Card,Completed
f05decff-45e7-4a4a-9019-0b81ba74d299,2026_W22,O49846,U14801,P76,2026-05-28 08:35:02,2,3664.46,96.37,95.83,1301.86,7328.92,7232.55,Wallet,Completed
f05decff-45e7-4a4a-9019-0b81ba74d299,2026_W22,O49847,U13840,P16,2026-05-29 12:10:17,1,4498.86,419.09,133.43,734.36,4498.86,4079.7699999999995,Credit Card,Completed
f05decff-45e7-4a4a-9019-0b81ba74d299,2026_W22,O49848,U26320,P195,2026-05-29 09:26:06,3,3603.97,360.07,78.19,1881.33,10811.91,10451.84,Credit Card,Completed
f05decff-45e7-4a4a-9019-0b81ba74d299,2026_W22,O49849,U33464,P88,2026-05-28 22:52:29,4,2502.34,1023.79,178.91,1617.4,10009.36,8985.57,UPI,Completed
f05decff-45e7-4a4a-9019-0b81ba74d299,2026_W22,O49850,U23614,P158,2026-05-28 04:33:15,2,6839.61,1166.85,65.77,2252.23,13679.22,12512.369999999999,Credit Card,Completed
f05decff-45e7-4a4a-9019-0b81ba74d299,2026_W22,O49851,U16117,P140,2026-05-27 12:27:16,3,3133.21,955.41,96.01,1519.96,9399.630000000001,8444.220000000001,Wallet,Completed
f05decff-45e7-4a4a-9019-0b81ba74d299,2026_W22,O49852,U8302,P138,2026-05-28 19:03:26,2,5599.95,1217.11,189.72,1796.9,11199.9,9982.789999999999,UPI,Completed
f05decff-45e7-4a4a-9019-0b81ba74d299,2026_W22,O49853,U504,P105,2026-05-29 07:23:03,2,7337.42,2032.23,86.78,2275.67,14674.84,12642.61,Debit Card,Completed
f05decff-45e7-4a4a-9019-0b81ba74d299,2026_W22,O49854,U26585,P161,2026-05-31 09:41:56,3,5474.81,1212.57,142.4,2738.13,16424.43,15211.86,Wallet,Completed
f05decff-45e7-4a4a-9019-0b81ba74d299,2026_W22,O49855,U13738,P107,2026-05-31 03:54:26,2,3660.65,292.22,196.01,1265.23,7321.3,7029.08,Debit Card,Completed
f05decff-45e7-4a4a-9019-0b81ba74d299,2026_W22,O49856,U34952,P195,2026-05-28 13:42:54,3,3603.97,821.1,81.53,1798.35,10811.91,9990.81,UPI,Completed
f05decff-45e7-4a4a-9019-0b81ba74d299,2026_W22,O49857,U19467,P7,2026-05-29 10:47:00,4,8530.81,2906.91,99.46,5618.94,34123.24,31216.329999999998,UPI,Completed
f05decff-45e7-4a4a-9019-0b81ba74d299,2026_W22,O49858,U33884,P83,2026-05-31 19:47:22,1,5070.2,490.0,79.84,824.44,5070.2,4580.2,UPI,Completed
f05decff-45e7-4a4a-9019-0b81ba74d299,2026_W22,O49859,U7361,P139,2026-05-28 21:32:02,2,7513.32,927.68,141.83,2537.81,15026.64,14098.96,UPI,Completed
f05decff-45e7-4a4a-9019-0b81ba74d299,2026_W22,O49860,U32194,P48,2026-05-29 14:24:06,2,10990.29,1306.61,60.33,3721.31,21980.58,20673.97,Debit Card,Completed
f05decff-45e7-4a4a-9019-0b81ba74d299,2026_W22,O49861,U18896,P162,2026-05-30 20:08:55,3,5576.16,20.7,80.15,3007.4,16728.48,16707.78,Credit Card,Completed
f05decff-45e7-4a4a-9019-0b81ba74d299,2026_W22,O49862,U12082,P142,2026-05-27 08:32:12,2,4531.33,63.37,137.4,1619.87,9062.66,8999.289999999999,Wallet,Completed
f05decff-45e7-4a4a-9019-0b81ba74d299,2026_W22,O49863,U30201,P190,2026-05-27 01:40:57,4,10065.15,3622.08,114.28,6594.93,40260.6,36638.52,Credit Card,Completed
f05decff-45e7-4a4a-9019-0b81ba74d299,2026_W22,O49864,U21637,P123,2026-05-30 01:37:33,4,2425.48,950.02,113.66,1575.34,9701.92,8751.9,Wallet,Completed
f05decff-45e7-4a4a-9019-0b81ba74d299,2026_W22,O49865,U1156,P199,2026-05-26 10:54:41,2,10122.76,470.21,99.36,3559.56,20245.52,19775.31,Debit Card,Completed
f05decff-45e7-4a4a-9019-0b81ba74d299,2026_W22,O49866,U33056,P165,2026-05-26 19:32:44,3,4063.67,940.3,152.89,2025.13,12191.01,11250.710000000001,Wallet,Completed
f05decff-45e7-4a4a-9019-0b81ba74d299,2026_W22,O49867,U21165,P59,2026-05-30 22:04:41,1,4892.96,282.26,118.12,829.93,4892.96,4610.7,Wallet,Completed
f05decff-45e7-4a4a-9019-0b81ba74d299,2026_W22,O49868,U11386,P184,2026-05-26 17:23:53,2,3886.18,837.74,166.58,1248.23,7772.36,6934.62,Debit Card,Completed
f05decff-45e7-4a4a-9019-0b81ba74d299,2026_W22,O49869,U1655,P188,2026-05-31 02:10:15,3,3237.34,138.95,98.27,1723.15,9712.02,9573.07,UPI,Completed
f05decff-45e7-4a4a-9019-0b81ba74d299,2026_W22,O49870,U5000,P88,2026-05-29 03:56:01,3,2502.34,505.57,54.11,1260.26,7507.02,7001.450000000001,Wallet,Completed
f05decff-45e7-4a4a-9019-0b81ba74d299,2026_W22,O49871,U11393,P67,2026-05-26 10:13:50,1,6555.74,666.58,98.56,1060.05,6555.74,5889.16,Debit Card,Completed
f05decff-45e7-4a4a-9019-0b81ba74d299,2026_W22,O49872,U4561,P135,2026-05-26 01:18:07,4,7738.35,2479.9,101.76,5125.23,30953.4,28473.5,Credit Card,Completed
f05decff-45e7-4a4a-9019-0b81ba74d299,2026_W22,O49873,U16761,P116,2026-05-30 07:33:48,2,4661.13,531.95,129.85,1582.26,9322.26,8790.31,Debit Card,Completed
f05decff-45e7-4a4a-9019-0b81ba74d299,2026_W22,O49874,U4340,P156,2026-05-29 11:54:08,2,2183.92,608.27,155.51,676.72,4367.84,3759.57,Debit Card,Completed
f05decff-45e7-4a4a-9019-0b81ba74d299,2026_W22,O49875,U22771,P7,2026-05-31 13:02:45,3,8530.81,2611.99,111.04,4136.48,25592.43,22980.440000000002,UPI,Completed
f05decff-45e7-4a4a-9019-0b81ba74d299,2026_W22,O49876,U25069,P163,2026-05-28 01:50:04,4,2156.08,531.06,186.32,1456.79,8624.32,8093.26,Wallet,Completed
f05decff-45e7-4a4a-9019-0b81ba74d299,2026_W22,O49877,U8956,P84,2026-05-27 06:08:20,2,8271.97,172.09,148.73,2946.93,16543.94,16371.849999999999,Debit Card,Completed
f05decff-45e7-4a4a-9019-0b81ba74d299,2026_W22,O49878,U11376,P111,2026-05-28 00:05:59,1,9541.24,465.87,147.01,1633.57,9541.24,9075.369999999999,Debit Card,Completed
f05decff-45e7-4a4a-9019-0b81ba74d299,2026_W22,O49879,U17151,P132,2026-05-26 00:21:39,2,5087.03,653.0,165.52,1713.79,10174.06,9521.06,Credit Card,Completed
f05decff-45e7-4a4a-9019-0b81ba74d299,2026_W22,O49880,U5000,P131,2026-05-27 16:25:13,2,5156.93,559.22,52.2,1755.84,10313.86,9754.640000000001,Credit Card,Completed
f05decff-45e7-4a4a-9019-0b81ba74d299,2026_W22,O49881,U17875,P158,2026-05-30 17:59:25,4,6839.61,1584.63,169.02,4639.29,27358.44,25773.809999999998,Debit Card,Completed
f05decff-45e7-4a4a-9019-0b81ba74d299,2026_W22,O49882,U34599,P165,2026-05-29 10:03:59,1,4063.67,83.37,169.23,716.45,4063.67,3980.3,Debit Card,Completed
f05decff-45e7-4a4a-9019-0b81ba74d299,2026_W22,O49883,U905,P122,2026-05-27 18:24:25,1,5135.97,576.35,141.35,820.73,5135.97,4559.62,Debit Card,Completed
f05decff-45e7-4a4a-9019-0b81ba74d299,2026_W22,O49884,U12885,P181,2026-05-31 03:35:34,2,8581.69,2032.46,132.52,2723.57,17163.38,15130.920000000002,UPI,Completed
f05decff-45e7-4a4a-9019-0b81ba74d299,2026_W22,O49885,U6591,P5,2026-05-31 18:29:06,2,5785.73,1547.55,193.92,1804.3,11571.46,10023.91,UPI,Completed
f05decff-45e7-4a4a-9019-0b81ba74d299,2026_W22,O49886,U24679,P162,2026-05-30 07:33:46,3,5576.16,1808.68,182.5,2685.56,16728.48,14919.8,Credit Card,Completed
f05decff-45e7-4a4a-9019-0b81ba74d299,2026_W22,O49887,U8471,P150,2026-05-31 13:58:03,1,7278.62,436.19,81.87,1231.64,7278.62,6842.43,UPI,Completed
f05decff-45e7-4a4a-9019-0b81ba74d299,2026_W22,O49888,U15338,P18,2026-05-27 01:18:20,4,2101.11,513.8,94.64,1420.32,8404.44,7890.64,Credit Card,Completed
f05decff-45e7-4a4a-9019-0b81ba74d299,2026_W22,O49889,U860,P185,2026-05-30 04:30:28,3,8108.47,166.63,150.51,4348.58,24325.41,24158.78,UPI,Completed
f05decff-45e7-4a4a-9019-0b81ba74d299,2026_W22,O49890,U20911,P94,2026-05-28 17:59:52,4,4145.07,131.15,146.84,2960.84,16580.28,16449.129999999997,UPI,Completed
f05decff-45e7-4a4a-9019-0b81ba74d299,2026_W22,O49891,U27111,P85,2026-05-28 07:35:59,3,7274.5,1476.0,76.99,3662.55,21823.5,20347.5,Wallet,Completed
f05decff-45e7-4a4a-9019-0b81ba74d299,2026_W22,O49892,U15086,P194,2026-05-26 11:17:01,2,3163.97,493.48,190.88,1050.2,6327.94,5834.459999999999,Wallet,Completed
f05decff-45e7-4a4a-9019-0b81ba74d299,2026_W22,O49893,U26207,P122,2026-05-30 16:37:42,4,5135.97,2088.2,134.46,3322.02,20543.88,18455.68,Debit Card,Completed
f05decff-45e7-4a4a-9019-0b81ba74d299,2026_W22,O49894,U12251,P157,2026-05-27 22:03:34,3,5290.96,2253.33,93.7,2451.52,15872.880000000001,13619.550000000001,Debit Card,Completed
f05decff-45e7-4a4a-9019-0b81ba74d299,2026_W22,O49895,U12519,P75,2026-05-28 09:51:35,3,3046.83,1368.13,83.04,1399.02,9140.49,7772.36,Debit Card,Completed
f05decff-45e7-4a4a-9019-0b81ba74d299,2026_W22,O49896,U24002,P53,2026-05-29 21:46:05,2,8018.26,261.56,67.9,2839.49,16036.52,15774.960000000001,Debit Card,Completed
f05decff-45e7-4a4a-9019-0b81ba74d299,2026_W22,O49897,U27502,P146,2026-05-28 19:49:12,2,4559.37,1073.36,199.47,1448.17,9118.74,8045.38,Wallet,Completed
f05decff-45e7-4a4a-9019-0b81ba74d299,2026_W22,O49898,U649,P163,2026-05-30 00:21:22,4,2156.08,530.71,102.61,1456.85,8624.32,8093.61,Credit Card,Completed
f05decff-45e7-4a4a-9019-0b81ba74d299,2026_W22,O49899,U31856,P66,2026-05-31 03:08:34,1,5399.1,535.33,90.61,875.48,5399.1,4863.77,Wallet,Completed
f05decff-45e7-4a4a-9019-0b81ba74d299,2026_W22,O49900,U4210,P154,2026-05-26 10:33:59,3,4135.27,305.95,73.3,2177.97,12405.810000000001,12099.86,Debit Card,Completed
f05decff-45e7-4a4a-9019-0b81ba74d299,2026_W22,O49901,U33891,P176,2026-05-26 04:36:20,1,3628.75,387.48,120.02,583.43,3628.75,3241.27,Credit Card,Completed
f05decff-45e7-4a4a-9019-0b81ba74d299,2026_W22,O49902,U20303,P18,2026-05-30 11:04:29,2,2101.11,546.03,90.04,658.11,4202.22,3656.1900000000005,Debit Card,Completed
f05decff-45e7-4a4a-9019-0b81ba74d299,2026_W22,O49903,U34459,P65,2026-05-25 21:38:31,2,1802.09,489.85,54.66,560.58,3604.18,3114.33,UPI,Completed
f05decff-45e7-4a4a-9019-0b81ba74d299,2026_W22,O49904,U1810,P180,2026-05-26 12:14:58,3,6781.04,1213.38,50.25,3443.35,20343.12,19129.739999999998,Debit Card,Completed
f05decff-45e7-4a4a-9019-0b81ba74d299,2026_W22,O49905,U5787,P93,2026-05-30 16:02:36,2,5224.43,535.29,189.67,1784.44,10448.86,9913.57,UPI,Completed
f05decff-45e7-4a4a-9019-0b81ba74d299,2026_W22,O49906,U30305,P59,2026-05-30 07:14:21,1,4892.96,633.27,87.06,766.74,4892.96,4259.6900000000005,Credit Card,Completed
f05decff-45e7-4a4a-9019-0b81ba74d299,2026_W22,O49907,U8656,P106,2026-05-26 06:43:13,3,5172.75,1426.75,129.45,2536.47,15518.25,14091.5,UPI,Completed
f05decff-45e7-4a4a-9019-0b81ba74d299,2026_W22,O49908,U27572,P172,2026-05-27 07:34:53,3,9925.52,620.51,54.49,5248.09,29776.56,29156.050000000003,Debit Card,Completed
f05decff-45e7-4a4a-9019-0b81ba74d299,2026_W22,O49909,U25582,P73,2026-05-29 22:30:11,3,10930.99,2562.81,92.28,5441.43,32792.97,30230.16,Credit Card,Completed
f05decff-45e7-4a4a-9019-0b81ba74d299,2026_W22,O49910,U34613,P103,2026-05-27 17:04:16,2,5314.76,1128.47,159.12,1710.19,10629.52,9501.050000000001,Wallet,Completed
f05decff-45e7-4a4a-9019-0b81ba74d299,2026_W22,O49911,U18394,P93,2026-05-28 11:59:54,4,5224.43,414.52,95.54,3686.98,20897.72,20483.2,Credit Card,Completed
f05decff-45e7-4a4a-9019-0b81ba74d299,2026_W22,O49912,U30505,P120,2026-05-27 13:41:04,2,8125.66,1583.24,75.2,2640.25,16251.32,14668.08,UPI,Completed
f05decff-45e7-4a4a-9019-0b81ba74d299,2026_W22,O49913,U7393,P170,2026-05-31 19:15:20,2,2744.23,516.22,93.41,895.0,5488.46,4972.24,Credit Card,Completed
f05decff-45e7-4a4a-9019-0b81ba74d299,2026_W22,O49914,U1829,P5,2026-05-30 09:15:46,2,5785.73,200.77,155.93,2046.72,11571.46,11370.689999999999,Debit Card,Completed
f05decff-45e7-4a4a-9019-0b81ba74d299,2026_W22,O49915,U8302,P56,2026-05-26 10:42:11,1,9725.09,1376.93,177.56,1502.67,9725.09,8348.16,UPI,Completed
f05decff-45e7-4a4a-9019-0b81ba74d299,2026_W22,O49916,U2702,P113,2026-05-26 09:10:52,2,2934.32,206.56,102.67,1019.17,5868.64,5662.08,UPI,Completed
f05decff-45e7-4a4a-9019-0b81ba74d299,2026_W22,O49917,U9579,P55,2026-05-27 01:10:37,1,10434.9,309.93,194.86,1822.49,10434.9,10124.97,Credit Card,Completed
f05decff-45e7-4a4a-9019-0b81ba74d299,2026_W22,O49918,U18096,P82,2026-05-27 13:09:30,4,1796.79,768.34,64.89,1155.39,7187.16,6418.82,UPI,Completed
f05decff-45e7-4a4a-9019-0b81ba74d299,2026_W22,O49919,U9107,P137,2026-05-31 06:18:05,2,4729.65,1250.68,187.28,1477.55,9459.3,8208.619999999999,Credit Card,Completed
f05decff-45e7-4a4a-9019-0b81ba74d299,2026_W22,O49920,U33929,P64,2026-05-30 10:23:19,1,5141.6,22.69,101.6,921.4,5141.6,5118.910000000001,Wallet,Completed
f05decff-45e7-4a4a-9019-0b81ba74d299,2026_W22,O49921,U23547,P98,2026-05-30 18:53:07,4,3365.14,669.88,106.99,2302.32,13460.56,12790.68,UPI,Completed
f05decff-45e7-4a4a-9019-0b81ba74d299,2026_W22,O49922,U4234,P155,2026-05-30 17:46:57,4,8707.69,1986.6,80.56,5911.95,34830.76,32844.16,UPI,Completed
f05decff-45e7-4a4a-9019-0b81ba74d299,2026_W22,O49923,U14699,P192,2026-05-30 14:37:18,3,8471.85,236.43,137.64,4532.24,25415.550000000003,25179.120000000003,UPI,Completed
f05decff-45e7-4a4a-9019-0b81ba74d299,2026_W22,O49924,U25582,P124,2026-05-31 12:07:46,2,7063.56,639.6,116.77,2427.75,14127.12,13487.52,Wallet,Completed
f05decff-45e7-4a4a-9019-0b81ba74d299,2026_W22,O49925,U8081,P134,2026-05-30 13:25:08,4,3654.35,420.97,121.17,2555.36,14617.4,14196.43,Wallet,Completed
f05decff-45e7-4a4a-9019-0b81ba74d299,2026_W22,O49926,U18174,P150,2026-05-26 01:56:08,3,7278.62,113.45,51.29,3910.03,21835.86,21722.41,Wallet,Completed
f05decff-45e7-4a4a-9019-0b81ba74d299,2026_W22,O49927,U30189,P143,2026-05-31 15:21:33,2,6038.03,373.5,119.81,2106.46,12076.06,11702.56,Debit Card,Completed
f05decff-45e7-4a4a-9019-0b81ba74d299,2026_W22,O49928,U5947,P143,2026-05-30 15:46:15,2,6038.03,107.02,196.7,2154.43,12076.06,11969.039999999999,Debit Card,Completed
f05decff-45e7-4a4a-9019-0b81ba74d299,2026_W22,O49929,U22235,P143,2026-05-30 16:44:20,1,6038.03,784.46,89.76,945.64,6038.03,5253.57,UPI,Completed
f05decff-45e7-4a4a-9019-0b81ba74d299,2026_W22,O49930,U42,P96,2026-05-30 11:44:31,1,6676.27,876.07,130.1,1044.04,6676.27,5800.200000000001,UPI,Completed
f05decff-45e7-4a4a-9019-0b81ba74d299,2026_W22,O49931,U28171,P65,2026-05-29 20:35:15,3,1802.09,297.55,198.14,919.57,5406.2699999999995,5108.719999999999,Wallet,Completed
f05decff-45e7-4a4a-9019-0b81ba74d299,2026_W22,O49932,U19691,P113,2026-05-27 03:28:55,4,2934.32,91.24,74.32,2096.29,11737.28,11646.04,Credit Card,Completed
f05decff-45e7-4a4a-9019-0b81ba74d299,2026_W22,O49933,U26882,P162,2026-05-27 14:12:06,3,5576.16,2426.57,82.55,2574.34,16728.48,14301.91,Credit Card,Completed
f05decff-45e7-4a4a-9019-0b81ba74d299,2026_W22,O49934,U19633,P199,2026-05-30 05:46:47,1,10122.76,705.12,172.4,1695.18,10122.76,9417.64,UPI,Completed
f05decff-45e7-4a4a-9019-0b81ba74d299,2026_W22,O49935,U13622,P196,2026-05-26 04:10:27,3,7726.11,2024.86,69.16,3807.62,23178.329999999998,21153.469999999998,Wallet,Completed
f05decff-45e7-4a4a-9019-0b81ba74d299,2026_W22,O49936,U8893,P157,2026-05-28 08:44:38,4,5290.96,2483.82,141.76,3362.4,21163.84,18680.02,UPI,Completed
f05decff-45e7-4a4a-9019-0b81ba74d299,2026_W22,O49937,U4503,P13,2026-05-29 12:43:16,2,6805.73,259.22,181.02,2403.4,13611.46,13352.24,UPI,Completed
f05decff-45e7-4a4a-9019-0b81ba74d299,2026_W22,O49938,U32682,P116,2026-05-28 17:07:37,3,4661.13,180.74,159.33,2484.48,13983.39,13802.65,UPI,Completed
f05decff-45e7-4a4a-9019-0b81ba74d299,2026_W22,O49939,U18022,P119,2026-05-27 06:44:08,2,10133.79,1695.85,158.32,3342.91,20267.58,18571.730000000003,UPI,Completed
f05decff-45e7-4a4a-9019-0b81ba74d299,2026_W22,O49940,U34581,P136,2026-05-31 18:59:20,1,2314.22,197.72,83.13,380.97,2314.22,2116.5,UPI,Completed
f05decff-45e7-4a4a-9019-0b81ba74d299,2026_W22,O49941,U29260,P24,2026-05-29 17:35:02,3,4886.78,2161.46,89.15,2249.8,14660.34,12498.880000000001,Credit Card,Completed
f05decff-45e7-4a4a-9019-0b81ba74d299,2026_W22,O49942,U20652,P162,2026-05-28 03:54:54,3,5576.16,1274.92,196.35,2781.64,16728.48,15453.56,Debit Card,Completed
f05decff-45e7-4a4a-9019-0b81ba74d299,2026_W22,O49943,U2554,P66,2026-05-26 22:40:09,1,5399.1,683.6,174.74,848.79,5399.1,4715.5,Credit Card,Completed
f05decff-45e7-4a4a-9019-0b81ba74d299,2026_W22,O49944,U17881,P24,2026-05-26 20:35:30,1,4886.78,638.91,76.11,764.62,4886.78,4247.87,UPI,Completed
f05decff-45e7-4a4a-9019-0b81ba74d299,2026_W22,O49945,U26929,P22,2026-05-27 04:32:18,1,6284.85,862.94,60.04,975.94,6284.85,5421.91,Credit Card,Completed
f05decff-45e7-4a4a-9019-0b81ba74d299,2026_W22,O49946,U29854,P20,2026-05-29 22:01:10,3,6465.0,2443.67,96.88,3051.24,19395.0,16951.33,Credit Card,Completed
f05decff-45e7-4a4a-9019-0b81ba74d299,2026_W22,O49947,U11748,P195,2026-05-30 16:35:34,3,3603.97,223.73,84.85,1905.87,10811.91,10588.18,UPI,Completed
f05decff-45e7-4a4a-9019-0b81ba74d299,2026_W22,O49948,U16972,P185,2026-05-26 22:54:56,2,8108.47,2177.64,143.15,2527.07,16216.94,14039.300000000001,UPI,Completed
f05decff-45e7-4a4a-9019-0b81ba74d299,2026_W22,O49949,U25458,P19,2026-05-31 18:41:42,1,10873.73,442.3,125.86,1877.66,10873.73,10431.43,Credit Card,Completed
f05decff-45e7-4a4a-9019-0b81ba74d299,2026_W22,O49950,U11056,P5,2026-05-27 00:30:04,3,5785.73,1173.6,136.23,2913.05,17357.19,16183.589999999998,Credit Card,Completed
f05decff-45e7-4a4a-9019-0b81ba74d299,2026_W22,O49951,U11865,P166,2026-05-30 17:39:39,3,8475.87,1942.96,111.76,4227.24,25427.61,23484.65,UPI,Completed
f05decff-45e7-4a4a-9019-0b81ba74d299,2026_W22,O49952,U34764,P33,2026-05-26 12:01:54,3,7861.44,1519.87,193.32,3971.6,23584.32,22064.45,UPI,Completed
f05decff-45e7-4a4a-9019-0b81ba74d299,2026_W22,O49953,U14935,P145,2026-05-26 21:23:33,1,4583.49,485.79,152.32,737.59,4583.49,4097.7,UPI,Completed
f05decff-45e7-4a4a-9019-0b81ba74d299,2026_W22,O49954,U16593,P35,2026-05-30 17:59:30,3,3801.69,224.95,57.94,2012.42,11405.07,11180.119999999999,UPI,Completed
f05decff-45e7-4a4a-9019-0b81ba74d299,2026_W22,O49955,U6163,P48,2026-05-29 21:28:05,4,10990.29,5296.96,191.84,6959.56,43961.16,38664.200000000004,Wallet,Completed
f05decff-45e7-4a4a-9019-0b81ba74d299,2026_W22,O49956,U31104,P137,2026-05-29 02:00:18,1,4729.65,539.91,119.77,754.15,4729.65,4189.74,Wallet,Completed
f05decff-45e7-4a4a-9019-0b81ba74d299,2026_W22,O49957,U29605,P171,2026-05-29 04:40:48,4,7036.96,186.49,59.3,5033.04,28147.84,27961.35,UPI,Completed
f05decff-45e7-4a4a-9019-0b81ba74d299,2026_W22,O49958,U18429,P17,2026-05-27 20:21:59,3,3339.42,97.75,132.92,1785.69,10018.26,9920.51,Credit Card,Completed
f05decff-45e7-4a4a-9019-0b81ba74d299,2026_W22,O49959,U22753,P121,2026-05-28 04:31:34,3,9562.01,4083.47,87.67,4428.46,28686.03,24602.559999999998,Debit Card,Completed
f05decff-45e7-4a4a-9019-0b81ba74d299,2026_W22,O49960,U20608,P129,2026-05-29 18:21:21,3,5625.8,2086.16,125.25,2662.42,16877.4,14791.240000000002,Credit Card,Completed
f05decff-45e7-4a4a-9019-0b81ba74d299,2026_W22,O49961,U13688,P52,2026-05-27 12:26:34,4,4538.36,927.69,191.3,3100.64,18153.44,17225.75,Credit Card,Completed
f05decff-45e7-4a4a-9019-0b81ba74d299,2026_W22,O49962,U14498,P177,2026-05-28 22:08:32,1,5607.98,491.94,155.67,920.89,5607.98,5116.04,Debit Card,Completed
f05decff-45e7-4a4a-9019-0b81ba74d299,2026_W22,O49963,U8730,P110,2026-05-26 10:03:54,1,1984.17,129.38,72.37,333.86,1984.17,1854.79,Debit Card,Completed
f05decff-45e7-4a4a-9019-0b81ba74d299,2026_W22,O49964,U26632,P26,2026-05-31 02:40:46,2,8687.74,335.6,86.74,3067.18,17375.48,17039.88,Wallet,Completed
f05decff-45e7-4a4a-9019-0b81ba74d299,2026_W22,O49965,U1859,P146,2026-05-29 19:59:57,3,4559.37,1753.59,125.19,2146.41,13678.11,11924.52,Wallet,Completed
f05decff-45e7-4a4a-9019-0b81ba74d299,2026_W22,O49966,U27809,P178,2026-05-28 14:27:02,2,2500.92,671.75,125.55,779.42,5001.84,4330.09,Wallet,Completed
f05decff-45e7-4a4a-9019-0b81ba74d299,2026_W22,O49967,U22083,P176,2026-05-26 21:16:10,4,3628.75,1966.78,104.31,2258.68,14515.0,12548.22,Credit Card,Completed
f05decff-45e7-4a4a-9019-0b81ba74d299,2026_W22,O49968,U10237,P182,2026-05-26 13:11:04,2,6023.28,1628.96,182.54,1875.17,12046.56,10417.599999999999,UPI,Completed
f05decff-45e7-4a4a-9019-0b81ba74d299,2026_W22,O49969,U5088,P38,2026-05-30 00:45:42,3,7075.19,1966.77,115.34,3466.58,21225.57,19258.8,Wallet,Completed
f05decff-45e7-4a4a-9019-0b81ba74d299,2026_W22,O49970,U5050,P83,2026-05-29 17:16:04,1,5070.2,609.9,179.69,802.85,5070.2,4460.3,Debit Card,Completed
f05decff-45e7-4a4a-9019-0b81ba74d299,2026_W22,O49971,U23961,P125,2026-05-31 09:07:52,1,5593.86,644.22,135.03,890.94,5593.86,4949.639999999999,Credit Card,Completed
f05decff-45e7-4a4a-9019-0b81ba74d299,2026_W22,O49972,U32050,P33,2026-05-27 19:53:01,2,7861.44,1580.57,125.03,2545.62,15722.88,14142.31,Debit Card,Completed
f05decff-45e7-4a4a-9019-0b81ba74d299,2026_W22,O49973,U23047,P112,2026-05-27 04:44:33,4,4659.89,125.35,52.28,3332.56,18639.56,18514.210000000003,Credit Card,Completed
f05decff-45e7-4a4a-9019-0b81ba74d299,2026_W22,O49974,U13185,P98,2026-05-30 18:39:55,3,3365.14,215.21,165.43,1778.44,10095.42,9880.210000000001,Credit Card,Completed
f05decff-45e7-4a4a-9019-0b81ba74d299,2026_W22,O49975,U7564,P53,2026-05-26 15:55:45,4,8018.26,4108.01,196.19,5033.71,32073.04,27965.03,Credit Card,Completed
f05decff-45e7-4a4a-9019-0b81ba74d299,2026_W22,O49976,U28739,P51,2026-05-31 01:23:45,3,6572.59,2509.76,102.15,3097.44,19717.77,17208.010000000002,Wallet,Completed
f05decff-45e7-4a4a-9019-0b81ba74d299,2026_W22,O49977,U19578,P55,2026-05-30 13:47:04,4,10434.9,5523.59,69.46,6518.88,41739.6,36216.009999999995,Wallet,Completed
f05decff-45e7-4a4a-9019-0b81ba74d299,2026_W22,O49978,U29465,P127,2026-05-29 13:32:01,2,9140.26,1890.87,56.42,2950.14,18280.52,16389.65,Debit Card,Completed
f05decff-45e7-4a4a-9019-0b81ba74d299,2026_W22,O49979,U30911,P7,2026-05-29 15:16:11,2,8530.81,61.08,134.37,3060.1,17061.62,17000.539999999997,Credit Card,Completed
f05decff-45e7-4a4a-9019-0b81ba74d299,2026_W22,O49980,U19978,P185,2026-05-26 01:28:40,1,8108.47,647.31,102.11,1343.01,8108.47,7461.16,Debit Card,Completed
f05decff-45e7-4a4a-9019-0b81ba74d299,2026_W22,O49981,U17701,P8,2026-05-30 22:32:02,2,7997.84,1472.7,52.64,2614.14,15995.68,14522.98,Credit Card,Completed
f05decff-45e7-4a4a-9019-0b81ba74d299,2026_W22,O49982,U9990,P102,2026-05-26 11:30:26,1,3001.78,247.73,116.3,495.73,3001.78,2754.05,Debit Card,Completed
f05decff-45e7-4a4a-9019-0b81ba74d299,2026_W22,O49983,U11803,P129,2026-05-26 03:23:02,2,5625.8,743.08,89.99,1891.53,11251.6,10508.52,Credit Card,Completed
f05decff-45e7-4a4a-9019-0b81ba74d299,2026_W22,O49984,U9883,P144,2026-05-26 23:19:45,4,1737.47,324.74,85.17,1192.53,6949.88,6625.14,Credit Card,Completed
f05decff-45e7-4a4a-9019-0b81ba74d299,2026_W22,O49985,U11669,P81,2026-05-29 06:47:23,3,1659.37,304.22,80.83,841.3,4978.11,4673.889999999999,UPI,Completed
f05decff-45e7-4a4a-9019-0b81ba74d299,2026_W22,O49986,U8103,P67,2026-05-31 14:57:36,3,6555.74,1070.89,142.94,3347.34,19667.22,18596.33,UPI,Completed
f05decff-45e7-4a4a-9019-0b81ba74d299,2026_W22,O49987,U32071,P101,2026-05-27 20:50:41,4,2760.68,1486.74,61.03,1720.08,11042.72,9555.98,UPI,Completed
f05decff-45e7-4a4a-9019-0b81ba74d299,2026_W22,O49988,U12416,P188,2026-05-28 20:21:26,2,3237.34,498.98,51.56,1075.63,6474.68,5975.700000000001,Credit Card,Completed
f05decff-45e7-4a4a-9019-0b81ba74d299,2026_W22,O49989,U16257,P75,2026-05-28 09:48:17,3,3046.83,386.21,105.77,1575.77,9140.49,8754.28,Wallet,Completed
f05decff-45e7-4a4a-9019-0b81ba74d299,2026_W22,O49990,U6431,P60,2026-05-26 00:17:15,1,3458.47,110.07,95.62,602.71,3458.47,3348.3999999999996,Debit Card,Completed
f05decff-45e7-4a4a-9019-0b81ba74d299,2026_W22,O49991,U26116,P49,2026-05-29 10:31:30,4,4925.87,529.02,139.01,3451.4,19703.48,19174.46,Wallet,Completed
f05decff-45e7-4a4a-9019-0b81ba74d299,2026_W22,O49992,U24939,P179,2026-05-30 11:56:04,2,6580.06,5.73,64.9,2367.79,13160.12,13154.390000000001,UPI,Completed
f05decff-45e7-4a4a-9019-0b81ba74d299,2026_W22,O49993,U868,P97,2026-05-30 07:21:42,4,5383.07,1456.25,164.91,3613.69,21532.28,20076.03,Debit Card,Completed
f05decff-45e7-4a4a-9019-0b81ba74d299,2026_W22,O49994,U7192,P152,2026-05-26 10:01:47,2,1970.06,122.43,64.06,687.18,3940.12,3817.69,Wallet,Completed
f05decff-45e7-4a4a-9019-0b81ba74d299,2026_W22,O49995,U15979,P68,2026-05-26 07:20:03,4,10947.39,2202.84,181.86,7485.61,43789.56,41586.72,Debit Card,Completed
f05decff-45e7-4a4a-9019-0b81ba74d299,2026_W22,O49996,U23406,P86,2026-05-26 02:23:46,3,7794.14,1673.86,88.52,3907.54,23382.420000000002,21708.56,UPI,Completed
f05decff-45e7-4a4a-9019-0b81ba74d299,2026_W22,O49997,U9218,P27,2026-05-26 12:18:56,2,6106.97,612.92,71.98,2088.18,12213.94,11601.02,Wallet,Completed
f05decff-45e7-4a4a-9019-0b81ba74d299,2026_W22,O49998,U24233,P94,2026-05-31 12:58:59,1,4145.07,414.35,139.42,671.53,4145.07,3730.72,Wallet,Completed
f05decff-45e7-4a4a-9019-0b81ba74d299,2026_W22,O49999,U20351,P172,2026-05-28 02:08:55,1,9925.52,1460.73,59.07,1523.66,9925.52,8464.79,Debit Card,Completed
f05decff-45e7-4a4a-9019-0b81ba74d299,2026_W22,O50000,U15505,P27,2026-05-28 17:01:22,2,6106.97,183.66,157.39,2165.45,12213.94,12030.28,Debit Card,Completed
f05decff-45e7-4a4a-9019-0b81ba74d299,2026_W22,O50001,U20085,P173,2026-05-29 03:32:57,2,4326.87,127.67,105.75,1534.69,8653.74,8526.07,Wallet,Completed
f05decff-45e7-4a4a-9019-0b81ba74d299,2026_W22,O50002,U22141,P140,2026-05-27 01:44:43,2,3133.21,264.93,62.7,1080.27,6266.42,6001.49,UPI,Completed
f05decff-45e7-4a4a-9019-0b81ba74d299,2026_W22,O50003,U17107,P124,2026-05-29 17:47:14,3,7063.56,1126.84,129.72,3611.49,21190.68,20063.84,Debit Card,Completed
f05decff-45e7-4a4a-9019-0b81ba74d299,2026_W22,O50004,U29154,P123,2026-05-31 17:30:56,1,2425.48,163.07,56.48,407.23,2425.48,2262.41,UPI,Completed
f05decff-45e7-4a4a-9019-0b81ba74d299,2026_W22,O50005,U15101,P164,2026-05-27 02:49:23,4,7269.88,4270.14,164.13,4465.69,29079.52,24809.38,Debit Card,Completed
f05decff-45e7-4a4a-9019-0b81ba74d299,2026_W22,O50006,U26240,P85,2026-05-29 17:08:30,3,7274.5,3025.37,56.05,3383.66,21823.5,18798.13,Credit Card,Completed
f05decff-45e7-4a4a-9019-0b81ba74d299,2026_W22,O50007,U27884,P183,2026-05-30 06:00:32,3,9215.45,342.08,108.46,4914.77,27646.350000000002,27304.27,Debit Card,Completed
f05decff-45e7-4a4a-9019-0b81ba74d299,2026_W22,O50008,U4864,P90,2026-05-28 03:15:42,1,6467.75,377.84,112.51,1096.18,6467.75,6089.91,Debit Card,Completed
f05decff-45e7-4a4a-9019-0b81ba74d299,2026_W22,O50009,U8977,P158,2026-05-31 01:28:09,4,6839.61,846.65,176.04,4772.12,27358.44,26511.789999999997,Debit Card,Completed
f05decff-45e7-4a4a-9019-0b81ba74d299,2026_W22,O50010,U32466,P126,2026-05-27 12:44:51,3,7171.16,463.54,193.58,3788.99,21513.48,21049.94,UPI,Completed
f05decff-45e7-4a4a-9019-0b81ba74d299,2026_W22,O50011,U10424,P147,2026-05-29 13:32:06,1,2240.85,230.24,66.18,361.91,2240.85,2010.61,Wallet,Completed
f05decff-45e7-4a4a-9019-0b81ba74d299,2026_W22,O50012,U4349,P146,2026-05-29 03:20:48,4,4559.37,1590.02,129.37,2996.54,18237.48,16647.46,UPI,Completed
f05decff-45e7-4a4a-9019-0b81ba74d299,2026_W22,O50013,U12659,P70,2026-05-26 20:10:09,4,2246.89,176.23,97.87,1586.04,8987.56,8811.33,UPI,Completed
f05decff-45e7-4a4a-9019-0b81ba74d299,2026_W22,O50014,U22288,P181,2026-05-30 19:52:36,3,8581.69,3483.47,125.51,4007.09,25745.07,22261.6,UPI,Completed
f05decff-45e7-4a4a-9019-0b81ba74d299,2026_W22,O50015,U990,P110,2026-05-27 19:29:23,2,1984.17,10.34,51.56,712.44,3968.34,3958.0,Debit Card,Completed
f05decff-45e7-4a4a-9019-0b81ba74d299,2026_W22,O50016,U9246,P159,2026-05-28 20:51:37,3,8714.84,2575.67,152.91,4242.39,26144.52,23568.85,Credit Card,Completed
f05decff-45e7-4a4a-9019-0b81ba74d299,2026_W22,O50017,U20976,P81,2026-05-31 03:11:13,1,1659.37,185.73,174.86,265.26,1659.37,1473.6399999999999,Debit Card,Completed
f05decff-45e7-4a4a-9019-0b81ba74d299,2026_W22,O50018,U18193,P111,2026-05-29 06:33:10,1,9541.24,862.12,53.58,1562.24,9541.24,8679.119999999999,UPI,Completed
f05decff-45e7-4a4a-9019-0b81ba74d299,2026_W22,O50019,U32799,P150,2026-05-26 18:50:43,4,7278.62,951.11,110.14,5069.41,29114.48,28163.37,Debit Card,Completed
f05decff-45e7-4a4a-9019-0b81ba74d299,2026_W22,O50020,U8570,P35,2026-05-25 22:15:35,4,3801.69,1714.04,182.64,2428.69,15206.76,13492.720000000001,Debit Card,Completed
f05decff-45e7-4a4a-9019-0b81ba74d299,2026_W22,O50021,U10265,P109,2026-05-26 13:55:30,4,5251.93,133.9,177.91,3757.29,21007.72,20873.82,Debit Card,Completed
f05decff-45e7-4a4a-9019-0b81ba74d299,2026_W22,O50022,U24789,P10,2026-05-29 20:00:15,1,6983.65,906.83,141.7,1093.83,6983.65,6076.82,Wallet,Completed
f05decff-45e7-4a4a-9019-0b81ba74d299,2026_W22,O50023,U32071,P18,2026-05-26 16:34:37,2,2101.11,123.81,128.5,734.11,4202.22,4078.4100000000003,Credit Card,Completed
f05decff-45e7-4a4a-9019-0b81ba74d299,2026_W22,O50024,U11836,P13,2026-05-26 11:17:44,4,6805.73,208.67,128.06,4862.56,27222.92,27014.25,Debit Card,Completed
f05decff-45e7-4a4a-9019-0b81ba74d299,2026_W22,O50025,U6016,P105,2026-05-31 00:39:41,3,7337.42,2248.18,172.46,3557.53,22012.260000000002,19764.08,Credit Card,Completed
f05decff-45e7-4a4a-9019-0b81ba74d299,2026_W22,O50026,U5672,P161,2026-05-29 23:04:25,2,5474.81,543.85,84.19,1873.04,10949.62,10405.77,UPI,Completed
f05decff-45e7-4a4a-9019-0b81ba74d299,2026_W22,O50027,U29200,P13,2026-05-27 21:16:48,1,6805.73,986.77,59.76,1047.41,6805.73,5818.959999999999,Credit Card,Completed
f05decff-45e7-4a4a-9019-0b81ba74d299,2026_W22,O50028,U20612,P5,2026-05-27 22:36:21,1,5785.73,135.78,175.19,1016.99,5785.73,5649.95,Credit Card,Completed
f05decff-45e7-4a4a-9019-0b81ba74d299,2026_W22,O50029,U28281,P173,2026-05-27 14:38:47,2,4326.87,871.37,87.8,1400.83,8653.74,7782.37,Credit Card,Completed
f05decff-45e7-4a4a-9019-0b81ba74d299,2026_W22,O50030,U16066,P16,2026-05-26 16:34:19,2,4498.86,909.73,147.53,1455.84,8997.72,8087.99,Debit Card,Completed
f05decff-45e7-4a4a-9019-0b81ba74d299,2026_W22,O50031,U4349,P114,2026-05-29 03:35:32,2,4373.67,143.86,72.35,1548.63,8747.34,8603.48,Credit Card,Completed
f05decff-45e7-4a4a-9019-0b81ba74d299,2026_W22,O50032,U6163,P64,2026-05-28 05:41:22,1,5141.6,118.27,170.01,904.2,5141.6,5023.33,Credit Card,Completed
f05decff-45e7-4a4a-9019-0b81ba74d299,2026_W22,O50033,U29763,P39,2026-05-31 14:36:43,3,5048.64,1357.6,145.32,2481.9,15145.920000000002,13788.320000000002,Debit Card,Completed
f05decff-45e7-4a4a-9019-0b81ba74d299,2026_W22,O50034,U23482,P165,2026-05-31 20:36:04,1,4063.67,39.16,158.9,724.41,4063.67,4024.51,Wallet,Completed
f05decff-45e7-4a4a-9019-0b81ba74d299,2026_W22,O50035,U4073,P94,2026-05-26 04:58:24,1,4145.07,144.95,178.92,720.02,4145.07,4000.12,Debit Card,Completed
f05decff-45e7-4a4a-9019-0b81ba74d299,2026_W22,O50036,U25263,P145,2026-05-25 22:41:23,3,4583.49,1297.09,128.81,2241.61,13750.47,12453.38,Debit Card,Completed
f05decff-45e7-4a4a-9019-0b81ba74d299,2026_W22,O50037,U33003,P51,2026-05-31 02:53:15,3,6572.59,2808.24,74.6,3043.72,19717.77,16909.53,Wallet,Completed
f05decff-45e7-4a4a-9019-0b81ba74d299,2026_W22,O50038,U16204,P28,2026-05-26 17:44:35,1,3349.46,336.04,109.46,542.42,3349.46,3013.42,UPI,Completed
f05decff-45e7-4a4a-9019-0b81ba74d299,2026_W22,O50039,U22078,P83,2026-05-27 23:07:16,1,5070.2,230.81,105.53,871.09,5070.2,4839.389999999999,Wallet,Completed
f05decff-45e7-4a4a-9019-0b81ba74d299,2026_W22,O50040,U30118,P146,2026-05-30 01:52:10,2,4559.37,493.1,160.67,1552.62,9118.74,8625.64,Credit Card,Completed
f05decff-45e7-4a4a-9019-0b81ba74d299,2026_W22,O50041,U26794,P3,2026-05-27 11:04:45,4,6299.72,508.55,95.51,4444.26,25198.88,24690.33,Wallet,Completed
f05decff-45e7-4a4a-9019-0b81ba74d299,2026_W22,O50042,U5087,P173,2026-05-31 12:20:48,4,4326.87,397.5,72.58,3043.8,17307.48,16909.98,UPI,Completed
f05decff-45e7-4a4a-9019-0b81ba74d299,2026_W22,O50043,U14321,P77,2026-05-27 06:30:01,3,6432.15,1243.07,82.35,3249.61,19296.449999999997,18053.379999999997,UPI,Completed
f05decff-45e7-4a4a-9019-0b81ba74d299,2026_W22,O50044,U1430,P131,2026-05-29 20:28:37,2,5156.93,390.9,189.71,1786.13,10313.86,9922.960000000001,UPI,Completed
f05decff-45e7-4a4a-9019-0b81ba74d299,2026_W22,O50045,U16196,P80,2026-05-27 13:38:14,3,7227.02,2581.84,125.6,3437.86,21681.06,19099.22,UPI,Completed
f05decff-45e7-4a4a-9019-0b81ba74d299,2026_W22,O50046,U20287,P192,2026-05-28 18:57:38,1,8471.85,676.0,181.85,1403.25,8471.85,7795.85,Credit Card,Completed
f05decff-45e7-4a4a-9019-0b81ba74d299,2026_W22,O50047,U22010,P45,2026-05-28 17:59:06,3,7618.9,396.32,77.03,4042.87,22856.699999999997,22460.379999999997,Debit Card,Completed
f05decff-45e7-4a4a-9019-0b81ba74d299,2026_W22,O50048,U2176,P200,2026-05-26 06:16:19,4,9143.2,464.84,78.69,6499.43,36572.8,36107.96000000001,UPI,Completed
f05decff-45e7-4a4a-9019-0b81ba74d299,2026_W22,O50049,U8824,P39,2026-05-30 23:52:50,2,5048.64,896.62,84.51,1656.12,10097.28,9200.66,Debit Card,Completed
f05decff-45e7-4a4a-9019-0b81ba74d299,2026_W22,O50050,U21578,P23,2026-05-31 06:23:01,3,2281.71,691.41,64.77,1107.67,6845.13,6153.72,Wallet,Completed
f05decff-45e7-4a4a-9019-0b81ba74d299,2026_W22,O50051,U21688,P104,2026-05-26 03:32:56,1,5183.53,453.45,176.49,851.41,5183.53,4730.08,Wallet,Completed
f05decff-45e7-4a4a-9019-0b81ba74d299,2026_W22,O50052,U32431,P4,2026-05-28 10:10:24,3,11646.79,5238.02,50.61,5346.42,34940.37,29702.350000000002,Debit Card,Completed
f05decff-45e7-4a4a-9019-0b81ba74d299,2026_W22,O50053,U25528,P42,2026-05-27 04:10:37,4,5949.92,42.26,102.21,4276.34,23799.68,23757.420000000002,Wallet,Completed
f05decff-45e7-4a4a-9019-0b81ba74d299,2026_W22,O50054,U10651,P52,2026-05-30 07:12:42,4,4538.36,50.71,179.69,3258.49,18153.44,18102.73,Credit Card,Completed
f05decff-45e7-4a4a-9019-0b81ba74d299,2026_W22,O50055,U20303,P200,2026-05-29 15:38:51,4,9143.2,1951.37,154.51,6231.86,36572.8,34621.43,Debit Card,Completed
f05decff-45e7-4a4a-9019-0b81ba74d299,2026_W22,O50056,U15937,P137,2026-05-26 17:46:57,4,4729.65,2131.63,195.06,3021.65,18918.6,16786.969999999998,UPI,Completed
f05decff-45e7-4a4a-9019-0b81ba74d299,2026_W22,O50057,U30609,P176,2026-05-26 02:08:44,1,3628.75,172.09,159.98,622.2,3628.75,3456.66,UPI,Completed
f05decff-45e7-4a4a-9019-0b81ba74d299,2026_W22,O50058,U33462,P25,2026-05-31 20:16:17,3,4602.38,1479.42,156.44,2218.99,13807.14,12327.72,Debit Card,Completed
f05decff-45e7-4a4a-9019-0b81ba74d299,2026_W22,O50059,U12598,P128,2026-05-30 15:54:03,2,3133.44,884.86,153.15,968.76,6266.88,5382.02,Debit Card,Completed
f05decff-45e7-4a4a-9019-0b81ba74d299,2026_W22,O50060,U23268,P180,2026-05-29 10:17:40,4,6781.04,2346.65,177.1,4459.95,27124.16,24777.51,Wallet,Completed
f05decff-45e7-4a4a-9019-0b81ba74d299,2026_W22,O50061,U20,P82,2026-05-28 15:18:55,2,1796.79,529.79,125.11,551.48,3593.58,3063.79,Credit Card,Completed
f05decff-45e7-4a4a-9019-0b81ba74d299,2026_W22,O50062,U20161,P192,2026-05-26 05:38:52,2,8471.85,987.38,158.92,2872.14,16943.7,15956.320000000002,Wallet,Completed
f05decff-45e7-4a4a-9019-0b81ba74d299,2026_W22,O50063,U20831,P25,2026-05-26 10:02:42,4,4602.38,617.05,53.62,3202.64,18409.52,17792.47,Wallet,Completed
f05decff-45e7-4a4a-9019-0b81ba74d299,2026_W22,O50064,U30768,P153,2026-05-29 04:47:36,3,11343.81,1595.0,149.94,5838.56,34031.43,32436.43,UPI,Completed
f05decff-45e7-4a4a-9019-0b81ba74d299,2026_W22,O50065,U12152,P153,2026-05-26 15:50:07,2,11343.81,363.35,94.36,4018.37,22687.62,22324.27,UPI,Completed
f05decff-45e7-4a4a-9019-0b81ba74d299,2026_W22,O50066,U27229,P80,2026-05-31 07:22:15,1,7227.02,321.64,94.1,1242.97,7227.02,6905.38,Debit Card,Completed
f05decff-45e7-4a4a-9019-0b81ba74d299,2026_W22,O50067,U4072,P71,2026-05-29 06:04:18,3,5001.28,2009.51,77.33,2338.98,15003.84,12994.33,UPI,Completed
f05decff-45e7-4a4a-9019-0b81ba74d299,2026_W22,O50068,U31131,P184,2026-05-26 03:36:26,1,3886.18,361.04,125.63,634.53,3886.18,3525.14,Credit Card,Completed
f05decff-45e7-4a4a-9019-0b81ba74d299,2026_W22,O50069,U16331,P119,2026-05-26 07:19:26,1,10133.79,145.52,161.66,1797.89,10133.79,9988.27,UPI,Completed
f05decff-45e7-4a4a-9019-0b81ba74d299,2026_W22,O50070,U10743,P121,2026-05-26 17:45:33,2,9562.01,2569.11,173.66,2979.88,19124.02,16554.91,UPI,Completed
f05decff-45e7-4a4a-9019-0b81ba74d299,2026_W22,O50071,U19517,P162,2026-05-30 20:38:08,2,5576.16,866.87,114.65,1851.38,11152.32,10285.449999999999,UPI,Completed
f05decff-45e7-4a4a-9019-0b81ba74d299,2026_W22,O50072,U24135,P122,2026-05-26 15:30:40,3,5135.97,1112.41,71.82,2573.19,15407.91,14295.5,Wallet,Completed
f05decff-45e7-4a4a-9019-0b81ba74d299,2026_W22,O50073,U27363,P138,2026-05-30 21:05:36,3,5599.95,1476.19,149.29,2758.26,16799.85,15323.659999999998,Credit Card,Completed
f05decff-45e7-4a4a-9019-0b81ba74d299,2026_W22,O50074,U3531,P37,2026-05-28 04:47:54,3,9886.76,1853.32,120.19,5005.25,29660.28,27806.96,Credit Card,Completed
f05decff-45e7-4a4a-9019-0b81ba74d299,2026_W22,O50075,U14564,P137,2026-05-27 06:22:05,1,4729.65,398.79,180.15,779.55,4729.65,4330.86,Debit Card,Completed
f05decff-45e7-4a4a-9019-0b81ba74d299,2026_W22,O50076,U15167,P139,2026-05-31 03:29:12,4,7513.32,2003.21,88.66,5049.01,30053.28,28050.07,Wallet,Completed
f05decff-45e7-4a4a-9019-0b81ba74d299,2026_W22,O50077,U18090,P36,2026-05-28 23:39:20,1,8838.75,1099.79,79.42,1393.01,8838.75,7738.96,UPI,Completed
f05decff-45e7-4a4a-9019-0b81ba74d299,2026_W22,O50078,U34714,P43,2026-05-31 13:32:02,3,9948.84,853.21,65.24,5218.8,29846.52,28993.31,UPI,Completed
f05decff-45e7-4a4a-9019-0b81ba74d299,2026_W22,O50079,U15010,P107,2026-05-30 03:05:52,4,3660.65,837.78,181.55,2484.87,14642.6,13804.82,Debit Card,Completed
f05decff-45e7-4a4a-9019-0b81ba74d299,2026_W22,O50080,U9868,P1,2026-05-28 17:46:02,4,6823.54,1990.67,149.8,4554.63,27294.16,25303.489999999998,Debit Card,Completed
f05decff-45e7-4a4a-9019-0b81ba74d299,2026_W22,O50081,U19561,P15,2026-05-26 17:50:29,2,2472.77,289.68,95.46,838.05,4945.54,4655.86,Wallet,Completed
f05decff-45e7-4a4a-9019-0b81ba74d299,2026_W22,O50082,U7392,P94,2026-05-31 08:06:40,2,4145.07,366.96,127.14,1426.17,8290.14,7923.179999999999,UPI,Completed
f05decff-45e7-4a4a-9019-0b81ba74d299,2026_W22,O50083,U33171,P68,2026-05-26 12:13:26,2,10947.39,3044.38,101.91,3393.07,21894.78,18850.399999999998,UPI,Completed
f05decff-45e7-4a4a-9019-0b81ba74d299,2026_W22,O50084,U3800,P142,2026-05-28 11:48:45,2,4531.33,135.65,77.87,1606.86,9062.66,8927.01,Debit Card,Completed
f05decff-45e7-4a4a-9019-0b81ba74d299,2026_W22,O50085,U19238,P9,2026-05-28 06:03:02,4,5369.05,877.48,109.82,3707.77,21476.2,20598.72,Wallet,Completed
f05decff-45e7-4a4a-9019-0b81ba74d299,2026_W22,O50086,U15590,P17,2026-05-31 15:28:24,1,3339.42,231.98,80.74,559.34,3339.42,3107.44,Credit Card,Completed
f05decff-45e7-4a4a-9019-0b81ba74d299,2026_W22,O50087,U24957,P156,2026-05-30 01:59:35,3,2183.92,66.5,132.56,1167.35,6551.76,6485.26,Wallet,Completed
f05decff-45e7-4a4a-9019-0b81ba74d299,2026_W22,O50088,U20751,P175,2026-05-26 18:47:34,1,10082.38,461.31,61.69,1731.79,10082.38,9621.07,Debit Card,Completed
f05decff-45e7-4a4a-9019-0b81ba74d299,2026_W22,O50089,U31356,P106,2026-05-28 16:25:12,4,5172.75,789.8,79.97,3582.22,20691.0,19901.2,Wallet,Completed
f05decff-45e7-4a4a-9019-0b81ba74d299,2026_W22,O50090,U26120,P5,2026-05-31 03:11:43,4,5785.73,3310.09,126.77,3569.91,23142.92,19832.829999999998,UPI,Completed
f05decff-45e7-4a4a-9019-0b81ba74d299,2026_W22,O50091,U2488,P150,2026-05-29 02:06:21,1,7278.62,541.85,85.8,1212.62,7278.62,6736.7699999999995,Wallet,Completed
f05decff-45e7-4a4a-9019-0b81ba74d299,2026_W22,O50092,U292,P37,2026-05-28 02:26:56,2,9886.76,2368.51,146.05,3132.9,19773.52,17405.010000000002,UPI,Completed
f05decff-45e7-4a4a-9019-0b81ba74d299,2026_W22,O50093,U12338,P121,2026-05-26 19:41:40,4,9562.01,2710.26,143.81,6396.8,38248.04,35537.78,Wallet,Completed
f05decff-45e7-4a4a-9019-0b81ba74d299,2026_W22,O50094,U18624,P64,2026-05-30 14:56:43,3,5141.6,1158.86,172.6,2567.87,15424.800000000001,14265.94,Debit Card,Completed
f05decff-45e7-4a4a-9019-0b81ba74d299,2026_W22,O50095,U26392,P72,2026-05-28 13:23:34,3,8163.39,1972.2,189.73,4053.23,24490.170000000002,22517.97,Wallet,Completed
f05decff-45e7-4a4a-9019-0b81ba74d299,2026_W22,O50096,U12504,P74,2026-05-28 03:27:56,2,8026.5,1847.87,151.95,2556.92,16053.0,14205.130000000001,UPI,Completed
f05decff-45e7-4a4a-9019-0b81ba74d299,2026_W22,O50097,U17825,P74,2026-05-27 10:48:35,1,8026.5,946.35,62.7,1274.43,8026.5,7080.15,UPI,Completed
f05decff-45e7-4a4a-9019-0b81ba74d299,2026_W22,O50098,U32692,P79,2026-05-30 16:53:59,3,2810.31,683.95,170.09,1394.46,8430.93,7746.9800000000005,Debit Card,Completed
f05decff-45e7-4a4a-9019-0b81ba74d299,2026_W22,O50099,U11694,P60,2026-05-29 11:18:50,2,3458.47,77.0,147.54,1231.19,6916.94,6839.94,Wallet,Completed
f05decff-45e7-4a4a-9019-0b81ba74d299,2026_W22,O50100,U21886,P109,2026-05-27 03:43:43,3,5251.93,384.02,178.03,2766.92,15755.79,15371.77,UPI,Completed
f05decff-45e7-4a4a-9019-0b81ba74d299,2026_W22,O50101,U25333,P120,2026-05-31 16:12:43,1,8125.66,525.73,112.44,1367.99,8125.66,7599.93,UPI,Completed
f05decff-45e7-4a4a-9019-0b81ba74d299,2026_W22,O50102,U5094,P102,2026-05-26 16:26:19,3,3001.78,108.23,157.11,1601.48,9005.34,8897.11,UPI,Completed
f05decff-45e7-4a4a-9019-0b81ba74d299,2026_W22,O50103,U32534,P131,2026-05-29 17:26:07,4,5156.93,2037.67,114.84,3346.21,20627.72,18590.050000000003,Credit Card,Completed
f05decff-45e7-4a4a-9019-0b81ba74d299,2026_W22,O50104,U33176,P62,2026-05-26 01:07:22,4,2150.19,843.47,64.43,1396.31,8600.76,7757.29,UPI,Completed
f05decff-45e7-4a4a-9019-0b81ba74d299,2026_W22,O50105,U18896,P1,2026-05-31 18:11:30,4,6823.54,2325.25,101.07,4494.4,27294.16,24968.91,Wallet,Completed
f05decff-45e7-4a4a-9019-0b81ba74d299,2026_W22,O50106,U16663,P62,2026-05-31 12:51:06,3,2150.19,803.48,59.25,1016.48,6450.57,5647.09,UPI,Completed
f05decff-45e7-4a4a-9019-0b81ba74d299,2026_W22,O50107,U20476,P165,2026-05-27 21:53:08,4,4063.67,1808.71,199.85,2600.27,16254.68,14445.970000000001,Credit Card,Completed
f05decff-45e7-4a4a-9019-0b81ba74d299,2026_W22,O50108,U3831,P103,2026-05-30 15:15:25,2,5314.76,1132.5,80.2,1709.46,10629.52,9497.02,Wallet,Completed
f05decff-45e7-4a4a-9019-0b81ba74d299,2026_W22,O50109,U12092,P4,2026-05-29 13:34:10,4,11646.79,4935.5,88.68,7497.3,46587.16,41651.66,Credit Card,Completed
f05decff-45e7-4a4a-9019-0b81ba74d299,2026_W22,O50110,U12428,P40,2026-05-28 14:46:58,4,4177.53,1.7,180.78,3007.52,16710.12,16708.42,UPI,Completed
f05decff-45e7-4a4a-9019-0b81ba74d299,2026_W22,O50111,U27928,P14,2026-05-28 14:34:44,4,4944.6,2143.52,129.87,3174.28,19778.4,17634.88,UPI,Completed
f05decff-45e7-4a4a-9019-0b81ba74d299,2026_W22,O50112,U3440,P115,2026-05-31 16:18:45,2,8486.85,226.67,121.62,3014.47,16973.7,16747.030000000002,Wallet,Completed
f05decff-45e7-4a4a-9019-0b81ba74d299,2026_W22,O50113,U5067,P184,2026-05-30 15:14:34,3,3886.18,370.99,183.0,2031.76,11658.539999999999,11287.55,Wallet,Completed
f05decff-45e7-4a4a-9019-0b81ba74d299,2026_W22,O50114,U25803,P121,2026-05-28 07:13:17,1,9562.01,126.31,99.21,1698.43,9562.01,9435.7,Debit Card,Completed
f05decff-45e7-4a4a-9019-0b81ba74d299,2026_W22,O50115,U12842,P193,2026-05-26 09:47:40,2,5013.68,252.94,111.08,1759.4,10027.36,9774.42,Wallet,Completed
f05decff-45e7-4a4a-9019-0b81ba74d299,2026_W22,O50116,U33130,P200,2026-05-26 14:27:53,2,9143.2,972.98,135.92,3116.42,18286.4,17313.420000000002,Wallet,Completed
f05decff-45e7-4a4a-9019-0b81ba74d299,2026_W22,O50117,U16342,P37,2026-05-26 19:35:35,2,9886.76,819.44,199.99,3411.73,19773.52,18954.08,Wallet,Completed
f05decff-45e7-4a4a-9019-0b81ba74d299,2026_W22,O50118,U19956,P148,2026-05-26 17:45:26,4,2017.95,479.19,184.58,1366.67,8071.8,7592.610000000001,UPI,Completed
f05decff-45e7-4a4a-9019-0b81ba74d299,2026_W22,O50119,U8898,P189,2026-05-29 22:31:23,4,7353.02,1552.56,98.95,5014.71,29412.08,27859.52,Debit Card,Completed
f05decff-45e7-4a4a-9019-0b81ba74d299,2026_W22,O50120,U17515,P196,2026-05-29 13:58:10,2,7726.11,1899.29,105.51,2439.53,15452.22,13552.93,Debit Card,Completed
f05decff-45e7-4a4a-9019-0b81ba74d299,2026_W22,O50121,U19592,P22,2026-05-27 03:12:27,1,6284.85,49.9,131.35,1122.29,6284.85,6234.950000000001,Credit Card,Completed
f05decff-45e7-4a4a-9019-0b81ba74d299,2026_W22,O50122,U13124,P105,2026-05-31 19:01:51,4,7337.42,2403.97,116.82,4850.23,29349.68,26945.71,Wallet,Completed
f05decff-45e7-4a4a-9019-0b81ba74d299,2026_W22,O50123,U19636,P165,2026-05-28 14:53:44,2,4063.67,543.48,103.32,1365.09,8127.34,7583.860000000001,Debit Card,Completed
f05decff-45e7-4a4a-9019-0b81ba74d299,2026_W22,O50124,U15101,P192,2026-05-31 13:40:06,3,8471.85,374.26,116.36,4507.43,25415.550000000003,25041.290000000005,Debit Card,Completed
f05decff-45e7-4a4a-9019-0b81ba74d299,2026_W22,O50125,U16806,P107,2026-05-31 15:36:52,1,3660.65,489.57,166.39,570.79,3660.65,3171.08,Debit Card,Completed
f05decff-45e7-4a4a-9019-0b81ba74d299,2026_W22,O50126,U31254,P145,2026-05-30 07:19:14,1,4583.49,399.34,91.01,753.15,4583.49,4184.15,Debit Card,Completed
f05decff-45e7-4a4a-9019-0b81ba74d299,2026_W22,O50127,U10100,P95,2026-05-28 14:33:12,1,1959.5,254.31,163.19,306.93,1959.5,1705.19,UPI,Completed
f05decff-45e7-4a4a-9019-0b81ba74d299,2026_W22,O50128,U19461,P43,2026-05-28 09:12:28,1,9948.84,847.56,65.75,1638.23,9948.84,9101.28,Wallet,Completed
f05decff-45e7-4a4a-9019-0b81ba74d299,2026_W22,O50129,U15607,P175,2026-05-28 15:59:00,3,10082.38,3354.21,166.57,4840.73,30247.14,26892.93,Wallet,Completed
f05decff-45e7-4a4a-9019-0b81ba74d299,2026_W22,O50130,U29459,P74,2026-05-27 08:58:21,4,8026.5,2395.93,132.6,5347.81,32106.0,29710.07,Debit Card,Completed
f05decff-45e7-4a4a-9019-0b81ba74d299,2026_W22,O50131,U31310,P57,2026-05-30 00:21:22,1,3408.89,228.51,134.86,572.47,3408.89,3180.38,UPI,Completed
f05decff-45e7-4a4a-9019-0b81ba74d299,2026_W22,O50132,U34864,P43,2026-05-28 20:54:03,1,9948.84,572.85,70.27,1687.68,9948.84,9375.99,Debit Card,Completed
f05decff-45e7-4a4a-9019-0b81ba74d299,2026_W22,O50133,U24362,P33,2026-05-26 22:01:59,4,7861.44,4013.81,72.47,4937.75,31445.76,27431.949999999997,Credit Card,Completed
f05decff-45e7-4a4a-9019-0b81ba74d299,2026_W22,O50134,U29416,P137,2026-05-26 00:45:45,4,4729.65,2080.44,180.89,3030.87,18918.6,16838.16,Credit Card,Completed
f05decff-45e7-4a4a-9019-0b81ba74d299,2026_W22,O50135,U17749,P88,2026-05-31 10:56:11,4,2502.34,895.81,67.33,1640.44,10009.36,9113.550000000001,Wallet,Completed
f05decff-45e7-4a4a-9019-0b81ba74d299,2026_W22,O50136,U16593,P157,2026-05-27 20:05:02,2,5290.96,1259.04,196.27,1678.12,10581.92,9322.880000000001,Debit Card,Completed
f05decff-45e7-4a4a-9019-0b81ba74d299,2026_W22,O50137,U17668,P38,2026-05-28 04:36:08,1,7075.19,136.5,137.66,1248.96,7075.19,6938.69,Credit Card,Completed
f05decff-45e7-4a4a-9019-0b81ba74d299,2026_W22,O50138,U10048,P103,2026-05-28 04:59:22,1,5314.76,298.42,53.96,902.94,5314.76,5016.34,Credit Card,Completed
f05decff-45e7-4a4a-9019-0b81ba74d299,2026_W22,O50139,U2471,P92,2026-05-26 19:22:56,4,7099.99,1432.89,172.85,4854.07,28399.96,26967.07,Wallet,Completed
f05decff-45e7-4a4a-9019-0b81ba74d299,2026_W22,O50140,U18624,P35,2026-05-29 06:50:39,3,3801.69,523.52,79.41,1958.68,11405.07,10881.55,Wallet,Completed
f05decff-45e7-4a4a-9019-0b81ba74d299,2026_W22,O50141,U6969,P60,2026-05-28 04:01:09,1,3458.47,457.87,194.38,540.11,3458.47,3000.6,Credit Card,Completed
f05decff-45e7-4a4a-9019-0b81ba74d299,2026_W22,O50142,U33462,P29,2026-05-30 13:05:46,3,7432.15,65.42,125.37,4001.59,22296.449999999997,22231.03,Credit Card,Completed
f05decff-45e7-4a4a-9019-0b81ba74d299,2026_W22,O50143,U1810,P85,2026-05-30 07:55:19,3,7274.5,259.59,199.79,3881.5,21823.5,21563.91,Wallet,Completed
f05decff-45e7-4a4a-9019-0b81ba74d299,2026_W22,O50144,U20802,P145,2026-05-27 14:59:22,3,4583.49,44.55,80.35,2467.07,13750.47,13705.92,Credit Card,Completed
f05decff-45e7-4a4a-9019-0b81ba74d299,2026_W22,O50145,U28093,P162,2026-05-31 13:51:02,1,5576.16,524.35,59.0,909.33,5576.16,5051.8099999999995,Debit Card,Completed
f05decff-45e7-4a4a-9019-0b81ba74d299,2026_W22,O50146,U20194,P48,2026-05-29 16:19:38,1,10990.29,140.12,98.13,1953.03,10990.29,10850.17,UPI,Completed
f05decff-45e7-4a4a-9019-0b81ba74d299,2026_W22,O50147,U22668,P65,2026-05-27 22:11:33,2,1802.09,532.72,160.06,552.86,3604.18,3071.46,Credit Card,Completed
f05decff-45e7-4a4a-9019-0b81ba74d299,2026_W22,O50148,U31936,P103,2026-05-29 08:18:39,3,5314.76,673.7,134.35,2748.7,15944.28,15270.58,Credit Card,Completed
f05decff-45e7-4a4a-9019-0b81ba74d299,2026_W22,O50149,U26198,P162,2026-05-29 11:49:51,4,5576.16,2839.96,80.14,3503.64,22304.64,19464.68,Debit Card,Completed
f05decff-45e7-4a4a-9019-0b81ba74d299,2026_W22,O50150,U15781,P169,2026-05-31 12:40:25,3,3759.37,584.13,110.12,1924.92,11278.11,10693.980000000001,Credit Card,Completed
f05decff-45e7-4a4a-9019-0b81ba74d299,2026_W22,O50151,U29134,P161,2026-05-27 18:57:59,1,5474.81,123.42,136.5,963.25,5474.81,5351.39,Wallet,Completed
f05decff-45e7-4a4a-9019-0b81ba74d299,2026_W22,O50152,U5838,P134,2026-05-27 05:24:51,3,3654.35,734.48,72.72,1841.14,10963.05,10228.57,Debit Card,Completed
f05decff-45e7-4a4a-9019-0b81ba74d299,2026_W22,O50153,U15444,P71,2026-05-31 01:31:56,4,5001.28,703.78,181.07,3474.24,20005.12,19301.34,Wallet,Completed
f05decff-45e7-4a4a-9019-0b81ba74d299,2026_W22,O50154,U16357,P75,2026-05-26 03:11:49,1,3046.83,43.5,101.47,540.6,3046.83,3003.33,Wallet,Completed
f05decff-45e7-4a4a-9019-0b81ba74d299,2026_W22,O50155,U13741,P50,2026-05-29 14:01:57,1,2033.45,7.29,92.28,364.71,2033.45,2026.16,UPI,Completed
f05decff-45e7-4a4a-9019-0b81ba74d299,2026_W22,O50156,U25585,P115,2026-05-28 17:47:16,1,8486.85,376.21,84.94,1459.92,8486.85,8110.64,Wallet,Completed
f05decff-45e7-4a4a-9019-0b81ba74d299,2026_W22,O50157,U21988,P170,2026-05-31 08:41:23,3,2744.23,854.44,90.74,1328.08,8232.69,7378.25,Credit Card,Completed
f05decff-45e7-4a4a-9019-0b81ba74d299,2026_W22,O50158,U29091,P117,2026-05-30 15:08:31,1,3717.32,481.28,74.56,582.49,3717.32,3236.04,Credit Card,Completed
f05decff-45e7-4a4a-9019-0b81ba74d299,2026_W22,O50159,U28576,P110,2026-05-31 18:08:38,2,1984.17,523.31,186.79,620.11,3968.34,3445.03,Debit Card,Completed
f05decff-45e7-4a4a-9019-0b81ba74d299,2026_W22,O50160,U2010,P82,2026-05-26 06:17:08,3,1796.79,143.0,145.0,944.53,5390.37,5247.37,Debit Card,Completed
f05decff-45e7-4a4a-9019-0b81ba74d299,2026_W22,O50161,U20253,P110,2026-05-29 11:48:37,3,1984.17,529.62,97.9,976.12,5952.51,5422.89,UPI,Completed
f05decff-45e7-4a4a-9019-0b81ba74d299,2026_W22,O50162,U33929,P16,2026-05-26 07:46:21,4,4498.86,1219.3,152.43,3019.71,17995.44,16776.14,Credit Card,Completed
f05decff-45e7-4a4a-9019-0b81ba74d299,2026_W22,O50163,U29965,P157,2026-05-31 00:38:04,1,5290.96,415.35,77.79,877.61,5290.96,4875.61,UPI,Completed
f05decff-45e7-4a4a-9019-0b81ba74d299,2026_W22,O50164,U10242,P158,2026-05-29 07:18:46,1,6839.61,89.05,62.42,1215.1,6839.61,6750.5599999999995,UPI,Completed
f05decff-45e7-4a4a-9019-0b81ba74d299,2026_W22,O50165,U2305,P2,2026-05-28 20:33:35,4,1543.5,344.8,88.07,1049.26,6174.0,5829.2,Debit Card,Completed
f05decff-45e7-4a4a-9019-0b81ba74d299,2026_W22,O50166,U2251,P115,2026-05-29 20:23:33,3,8486.85,3307.8,196.55,3987.5,25460.550000000003,22152.750000000004,UPI,Completed
f05decff-45e7-4a4a-9019-0b81ba74d299,2026_W22,O50167,U8840,P91,2026-05-31 09:57:46,4,4627.39,975.9,95.13,3156.06,18509.56,17533.66,Wallet,Completed
f05decff-45e7-4a4a-9019-0b81ba74d299,2026_W22,O50168,U23268,P163,2026-05-30 21:33:27,1,2156.08,126.18,88.77,365.38,2156.08,2029.8999999999999,UPI,Completed
f05decff-45e7-4a4a-9019-0b81ba74d299,2026_W22,O50169,U15711,P102,2026-05-31 08:59:22,3,3001.78,119.85,192.58,1599.39,9005.34,8885.49,Wallet,Completed
f05decff-45e7-4a4a-9019-0b81ba74d299,2026_W22,O50170,U3543,P103,2026-05-31 08:46:02,3,5314.76,1016.3,113.0,2687.04,15944.28,14927.980000000001,Debit Card,Completed
f05decff-45e7-4a4a-9019-0b81ba74d299,2026_W22,O50171,U34084,P68,2026-05-26 22:26:01,1,10947.39,112.91,175.64,1950.21,10947.39,10834.48,Wallet,Completed
f05decff-45e7-4a4a-9019-0b81ba74d299,2026_W22,O50172,U10235,P30,2026-05-26 04:16:50,4,10909.65,2162.95,113.5,7465.62,43638.6,41475.65,Credit Card,Completed
f05decff-45e7-4a4a-9019-0b81ba74d299,2026_W22,O50173,U25212,P75,2026-05-29 18:04:47,3,3046.83,903.93,194.7,1482.58,9140.49,8236.56,UPI,Completed
f05decff-45e7-4a4a-9019-0b81ba74d299,2026_W22,O50174,U33358,P101,2026-05-28 10:45:01,3,2760.68,819.42,152.74,1343.27,8282.039999999999,7462.619999999999,Credit Card,Completed
f05decff-45e7-4a4a-9019-0b81ba74d299,2026_W22,O50175,U1045,P136,2026-05-28 09:21:13,1,2314.22,299.82,196.26,362.59,2314.22,2014.3999999999999,Wallet,Completed
f05decff-45e7-4a4a-9019-0b81ba74d299,2026_W22,O50176,U6999,P23,2026-05-28 08:07:22,1,2281.71,192.06,181.65,376.14,2281.71,2089.65,Debit Card,Completed
f05decff-45e7-4a4a-9019-0b81ba74d299,2026_W22,O50177,U25761,P175,2026-05-29 07:07:54,3,10082.38,2892.48,188.67,4923.84,30247.14,27354.66,Wallet,Completed
f05decff-45e7-4a4a-9019-0b81ba74d299,2026_W22,O50178,U14191,P138,2026-05-27 11:50:10,4,5599.95,1306.67,119.87,3796.76,22399.8,21093.129999999997,Wallet,Completed
f05decff-45e7-4a4a-9019-0b81ba74d299,2026_W22,O50179,U19691,P127,2026-05-27 15:03:34,4,9140.26,3602.32,180.46,5932.57,36561.04,32958.72,Credit Card,Completed
f05decff-45e7-4a4a-9019-0b81ba74d299,2026_W22,O50180,U16849,P164,2026-05-26 05:47:29,3,7269.88,435.81,54.4,3847.29,21809.64,21373.829999999998,Wallet,Completed
f05decff-45e7-4a4a-9019-0b81ba74d299,2026_W22,O50181,U1663,P125,2026-05-29 15:58:38,2,5593.86,707.52,60.02,1886.44,11187.72,10480.199999999999,Debit Card,Completed
f05decff-45e7-4a4a-9019-0b81ba74d299,2026_W22,O50182,U21165,P108,2026-05-28 03:26:30,3,4001.51,856.81,189.22,2006.59,12004.53,11147.720000000001,Wallet,Completed
f05decff-45e7-4a4a-9019-0b81ba74d299,2026_W22,O50183,U23344,P200,2026-05-28 18:17:55,3,9143.2,3043.87,143.44,4389.43,27429.600000000002,24385.730000000003,UPI,Completed
f05decff-45e7-4a4a-9019-0b81ba74d299,2026_W22,O50184,U21189,P77,2026-05-26 10:23:06,4,6432.15,2696.32,115.38,4145.81,25728.6,23032.28,UPI,Completed
f05decff-45e7-4a4a-9019-0b81ba74d299,2026_W22,O50185,U3337,P153,2026-05-26 18:12:52,3,11343.81,2994.25,112.65,5586.69,34031.43,31037.18,UPI,Completed
f05decff-45e7-4a4a-9019-0b81ba74d299,2026_W22,O50186,U33171,P24,2026-05-31 05:13:15,1,4886.78,654.39,81.37,761.83,4886.78,4232.389999999999,Debit Card,Completed
f05decff-45e7-4a4a-9019-0b81ba74d299,2026_W22,O50187,U8223,P107,2026-05-30 02:23:19,3,3660.65,766.13,160.86,1838.85,10981.95,10215.820000000002,Debit Card,Completed
f05decff-45e7-4a4a-9019-0b81ba74d299,2026_W22,O50188,U34485,P136,2026-05-29 12:28:27,3,2314.22,250.39,61.81,1204.61,6942.66,6692.2699999999995,UPI,Completed
f05decff-45e7-4a4a-9019-0b81ba74d299,2026_W22,O50189,U22406,P183,2026-05-26 18:13:22,1,9215.45,680.14,123.54,1536.36,9215.45,8535.310000000001,UPI,Completed
f05decff-45e7-4a4a-9019-0b81ba74d299,2026_W22,O50190,U20980,P14,2026-05-26 18:10:38,1,4944.6,659.98,188.29,771.23,4944.6,4284.620000000001,Debit Card,Completed
f05decff-45e7-4a4a-9019-0b81ba74d299,2026_W22,O50191,U31378,P85,2026-05-31 13:07:57,2,7274.5,1062.32,124.05,2427.6,14549.0,13486.68,Credit Card,Completed
f05decff-45e7-4a4a-9019-0b81ba74d299,2026_W22,O50192,U30118,P101,2026-05-28 16:41:53,1,2760.68,394.04,189.99,426.0,2760.68,2366.64,UPI,Completed
f05decff-45e7-4a4a-9019-0b81ba74d299,2026_W22,O50193,U15101,P200,2026-05-26 02:14:11,4,9143.2,3120.22,66.72,6021.46,36572.8,33452.58,UPI,Completed
f05decff-45e7-4a4a-9019-0b81ba74d299,2026_W22,O50194,U29782,P118,2026-05-31 07:15:38,4,5463.26,1068.4,122.79,3741.24,21853.04,20784.64,Wallet,Completed
f05decff-45e7-4a4a-9019-0b81ba74d299,2026_W22,O50195,U21448,P114,2026-05-30 03:01:13,3,4373.67,1083.62,196.9,2166.73,13121.01,12037.39,Debit Card,Completed
f05decff-45e7-4a4a-9019-0b81ba74d299,2026_W22,O50196,U8792,P159,2026-05-26 15:55:55,2,8714.84,666.22,89.02,3017.42,17429.68,16763.46,Credit Card,Completed
f05decff-45e7-4a4a-9019-0b81ba74d299,2026_W22,O50197,U22349,P86,2026-05-26 17:11:29,1,7794.14,1078.86,173.49,1208.75,7794.14,6715.280000000001,Wallet,Completed
f05decff-45e7-4a4a-9019-0b81ba74d299,2026_W22,O50198,U22160,P142,2026-05-27 22:58:58,4,4531.33,550.65,193.25,3163.44,18125.32,17574.67,Wallet,Completed
f05decff-45e7-4a4a-9019-0b81ba74d299,2026_W22,O50199,U1361,P158,2026-05-25 22:22:40,4,6839.61,1770.9,175.04,4605.76,27358.44,25587.539999999997,Debit Card,Completed
f05decff-45e7-4a4a-9019-0b81ba74d299,2026_W22,O50200,U34949,P17,2026-05-29 14:43:48,3,3339.42,987.84,182.72,1625.48,10018.26,9030.42,Credit Card,Completed
f05decff-45e7-4a4a-9019-0b81ba74d299,2026_W22,O50201,U9459,P150,2026-05-27 19:17:26,3,7278.62,3275.01,187.84,3340.95,21835.86,18560.85,UPI,Completed
f05decff-45e7-4a4a-9019-0b81ba74d299,2026_W22,O50202,U28115,P178,2026-05-30 09:30:19,2,2500.92,419.1,199.22,824.89,5001.84,4582.74,Debit Card,Completed
f05decff-45e7-4a4a-9019-0b81ba74d299,2026_W22,O50203,U30962,P21,2026-05-30 00:49:31,1,7585.24,328.75,186.2,1306.17,7585.24,7256.49,Credit Card,Completed
f05decff-45e7-4a4a-9019-0b81ba74d299,2026_W22,O50204,U5827,P192,2026-05-29 21:59:34,3,8471.85,1364.23,106.21,4329.24,25415.550000000003,24051.320000000003,Wallet,Completed
f05decff-45e7-4a4a-9019-0b81ba74d299,2026_W22,O50205,U1859,P90,2026-05-26 14:44:15,4,6467.75,437.91,126.02,4577.96,25871.0,25433.09,UPI,Completed
f05decff-45e7-4a4a-9019-0b81ba74d299,2026_W22,O50206,U15979,P142,2026-05-29 01:18:28,4,4531.33,2713.94,82.96,2774.05,18125.32,15411.38,UPI,Completed
f05decff-45e7-4a4a-9019-0b81ba74d299,2026_W22,O50207,U26361,P47,2026-05-29 18:57:52,1,4728.62,657.93,102.16,732.72,4728.62,4070.69,Debit Card,Completed
f05decff-45e7-4a4a-9019-0b81ba74d299,2026_W22,O50208,U30962,P100,2026-05-29 20:29:56,3,7089.35,3083.27,79.06,3273.26,21268.050000000003,18184.780000000002,Credit Card,Completed
f05decff-45e7-4a4a-9019-0b81ba74d299,2026_W22,O50209,U32723,P156,2026-05-31 03:08:26,1,2183.92,305.78,104.16,338.07,2183.92,1878.14,Wallet,Completed
f05decff-45e7-4a4a-9019-0b81ba74d299,2026_W22,O50210,U1713,P5,2026-05-26 13:51:00,1,5785.73,576.84,197.82,937.6,5785.73,5208.889999999999,Credit Card,Completed
f05decff-45e7-4a4a-9019-0b81ba74d299,2026_W22,O50211,U29753,P189,2026-05-28 22:41:52,3,7353.02,722.31,95.23,3840.62,22059.06,21336.75,UPI,Completed
f05decff-45e7-4a4a-9019-0b81ba74d299,2026_W22,O50212,U33885,P156,2026-05-28 22:01:00,2,2183.92,132.87,191.67,762.29,4367.84,4234.97,UPI,Completed
f05decff-45e7-4a4a-9019-0b81ba74d299,2026_W22,O50213,U13217,P73,2026-05-27 02:57:26,1,10930.99,73.06,113.23,1954.43,10930.99,10857.93,Debit Card,Completed
f05decff-45e7-4a4a-9019-0b81ba74d299,2026_W22,O50214,U26465,P183,2026-05-30 07:16:25,2,9215.45,1310.4,134.19,3081.69,18430.9,17120.5,Credit Card,Completed
f05decff-45e7-4a4a-9019-0b81ba74d299,2026_W22,O50215,U7265,P95,2026-05-31 12:02:38,1,1959.5,180.46,80.38,320.23,1959.5,1779.04,Debit Card,Completed
f05decff-45e7-4a4a-9019-0b81ba74d299,2026_W22,O50216,U5090,P161,2026-05-30 11:05:03,3,5474.81,372.51,185.62,2889.35,16424.43,16051.92,Wallet,Completed
f05decff-45e7-4a4a-9019-0b81ba74d299,2026_W22,O50217,U18429,P56,2026-05-27 19:48:57,3,9725.09,3578.68,167.52,4607.39,29175.27,25596.59,Debit Card,Completed
f05decff-45e7-4a4a-9019-0b81ba74d299,2026_W22,O50218,U18279,P122,2026-05-28 21:09:40,4,5135.97,1534.36,102.35,3421.71,20543.88,19009.52,Credit Card,Completed
f05decff-45e7-4a4a-9019-0b81ba74d299,2026_W22,O50219,U8285,P41,2026-05-31 15:12:16,1,7272.45,216.46,128.24,1270.08,7272.45,7055.99,Credit Card,Completed
f05decff-45e7-4a4a-9019-0b81ba74d299,2026_W22,O50220,U2725,P80,2026-05-30 03:01:38,3,7227.02,228.06,170.74,3861.54,21681.06,21453.0,Wallet,Completed
f05decff-45e7-4a4a-9019-0b81ba74d299,2026_W22,O50221,U24246,P189,2026-05-27 21:49:13,4,7353.02,196.41,128.74,5258.82,29412.08,29215.670000000002,Credit Card,Completed
f05decff-45e7-4a4a-9019-0b81ba74d299,2026_W22,O50222,U23424,P183,2026-05-27 01:41:27,1,9215.45,58.77,188.21,1648.2,9215.45,9156.68,Wallet,Completed
f05decff-45e7-4a4a-9019-0b81ba74d299,2026_W22,O50223,U31794,P7,2026-05-27 20:04:25,3,8530.81,1864.1,146.78,4271.1,25592.43,23728.33,UPI,Completed
f05decff-45e7-4a4a-9019-0b81ba74d299,2026_W22,O50224,U15950,P86,2026-05-28 07:30:34,2,7794.14,2074.89,169.93,2432.41,15588.28,13513.390000000001,Debit Card,Completed
f05decff-45e7-4a4a-9019-0b81ba74d299,2026_W22,O50225,U21602,P132,2026-05-29 10:25:04,2,5087.03,576.93,93.88,1727.48,10174.06,9597.13,Wallet,Completed
f05decff-45e7-4a4a-9019-0b81ba74d299,2026_W22,O50226,U18754,P177,2026-05-31 18:49:20,4,5607.98,2532.76,147.88,3581.85,22431.92,19899.159999999996,UPI,Completed
f05decff-45e7-4a4a-9019-0b81ba74d299,2026_W22,O50227,U14087,P46,2026-05-26 18:01:50,3,7595.79,1077.38,183.4,3907.8,22787.37,21709.989999999998,Credit Card,Completed
f05decff-45e7-4a4a-9019-0b81ba74d299,2026_W22,O50228,U12586,P138,2026-05-29 12:09:11,4,5599.95,1118.82,157.41,3830.58,22399.8,21280.98,UPI,Completed
f05decff-45e7-4a4a-9019-0b81ba74d299,2026_W22,O50229,U22129,P68,2026-05-28 22:08:37,3,10947.39,3153.7,132.45,5343.92,32842.17,29688.469999999998,UPI,Completed
f05decff-45e7-4a4a-9019-0b81ba74d299,2026_W22,O50230,U19440,P112,2026-05-26 00:18:28,4,4659.89,1885.19,52.79,3015.79,18639.56,16754.370000000003,UPI,Completed
f05decff-45e7-4a4a-9019-0b81ba74d299,2026_W22,O50231,U16497,P23,2026-05-26 02:19:03,4,2281.71,383.37,97.96,1573.82,9126.84,8743.47,Wallet,Completed
f05decff-45e7-4a4a-9019-0b81ba74d299,2026_W22,O50232,U18320,P134,2026-05-31 07:19:48,1,3654.35,127.62,95.04,634.81,3654.35,3526.73,UPI,Completed
f05decff-45e7-4a4a-9019-0b81ba74d299,2026_W22,O50233,U33588,P10,2026-05-30 20:48:05,2,6983.65,1520.94,129.01,2240.34,13967.3,12446.359999999999,Debit Card,Completed
f05decff-45e7-4a4a-9019-0b81ba74d299,2026_W22,O50234,U13717,P154,2026-05-31 12:09:51,3,4135.27,1020.22,98.9,2049.41,12405.810000000001,11385.590000000002,UPI,Completed
f05decff-45e7-4a4a-9019-0b81ba74d299,2026_W22,O50235,U7801,P144,2026-05-29 16:09:44,4,1737.47,407.37,153.57,1177.65,6949.88,6542.51,Wallet,Completed
f05decff-45e7-4a4a-9019-0b81ba74d299,2026_W22,O50236,U13197,P135,2026-05-28 13:42:25,4,7738.35,1052.68,147.89,5382.13,30953.4,29900.72,Credit Card,Completed
f05decff-45e7-4a4a-9019-0b81ba74d299,2026_W22,O50237,U10693,P194,2026-05-27 12:35:01,3,3163.97,544.79,114.36,1610.48,9491.91,8947.119999999999,Credit Card,Completed
f05decff-45e7-4a4a-9019-0b81ba74d299,2026_W22,O50238,U21391,P132,2026-05-30 03:09:27,1,5087.03,215.0,132.24,876.97,5087.03,4872.03,UPI,Completed
f05decff-45e7-4a4a-9019-0b81ba74d299,2026_W22,O50239,U33401,P3,2026-05-29 04:36:56,3,6299.72,2076.88,153.36,3028.01,18899.16,16822.28,Debit Card,Completed
f05decff-45e7-4a4a-9019-0b81ba74d299,2026_W22,O50240,U12199,P49,2026-05-30 02:48:32,1,4925.87,19.66,151.46,883.12,4925.87,4906.21,UPI,Completed
f05decff-45e7-4a4a-9019-0b81ba74d299,2026_W22,O50241,U5247,P82,2026-05-30 06:43:28,3,1796.79,528.89,100.84,875.07,5390.37,4861.48,UPI,Completed
f05decff-45e7-4a4a-9019-0b81ba74d299,2026_W22,O50242,U27581,P121,2026-05-26 12:07:02,3,9562.01,3841.92,125.92,4471.94,28686.03,24844.11,UPI,Completed
f05decff-45e7-4a4a-9019-0b81ba74d299,2026_W22,O50243,U31988,P11,2026-05-27 18:40:00,2,4897.66,1309.5,158.11,1527.45,9795.32,8485.82,UPI,Completed
f05decff-45e7-4a4a-9019-0b81ba74d299,2026_W22,O50244,U20290,P138,2026-05-30 13:48:52,2,5599.95,1336.53,65.82,1775.41,11199.9,9863.369999999999,Credit Card,Completed
f05decff-45e7-4a4a-9019-0b81ba74d299,2026_W22,O50245,U18656,P134,2026-05-26 02:02:45,3,3654.35,584.17,52.12,1868.2,10963.05,10378.88,UPI,Completed
f05decff-45e7-4a4a-9019-0b81ba74d299,2026_W22,O50246,U27626,P182,2026-05-31 00:33:31,3,6023.28,1746.29,161.94,2938.24,18069.84,16323.55,Wallet,Completed
f05decff-45e7-4a4a-9019-0b81ba74d299,2026_W22,O50247,U2128,P162,2026-05-31 14:38:58,3,5576.16,2016.79,137.69,2648.1,16728.48,14711.689999999999,Wallet,Completed
f05decff-45e7-4a4a-9019-0b81ba74d299,2026_W22,O50248,U28523,P200,2026-05-31 14:15:44,3,9143.2,1429.37,107.83,4680.04,27429.600000000002,26000.230000000003,Debit Card,Completed
f05decff-45e7-4a4a-9019-0b81ba74d299,2026_W22,O50249,U23940,P145,2026-05-30 22:47:50,2,4583.49,143.93,181.17,1624.15,9166.98,9023.05,Debit Card,Completed
f05decff-45e7-4a4a-9019-0b81ba74d299,2026_W22,O50250,U15247,P50,2026-05-27 00:04:37,3,2033.45,187.68,160.65,1064.28,6100.35,5912.67,Debit Card,Completed
f05decff-45e7-4a4a-9019-0b81ba74d299,2026_W22,O50251,U9117,P179,2026-05-30 14:14:49,3,6580.06,2287.73,59.15,3141.44,19740.18,17452.45,Wallet,Completed
f05decff-45e7-4a4a-9019-0b81ba74d299,2026_W22,O50252,U31428,P165,2026-05-31 07:16:29,2,4063.67,318.2,127.49,1405.65,8127.34,7809.14,UPI,Completed
f05decff-45e7-4a4a-9019-0b81ba74d299,2026_W22,O50253,U12152,P159,2026-05-28 20:09:40,1,8714.84,1039.87,160.11,1381.49,8714.84,7674.97,Wallet,Completed
f05decff-45e7-4a4a-9019-0b81ba74d299,2026_W22,O50254,U32733,P59,2026-05-28 05:38:10,4,4892.96,746.52,197.0,3388.56,19571.84,18825.32,Wallet,Completed
f05decff-45e7-4a4a-9019-0b81ba74d299,2026_W22,O50255,U34153,P5,2026-05-28 16:53:35,1,5785.73,344.48,133.68,979.42,5785.73,5441.25,Credit Card,Completed
f05decff-45e7-4a4a-9019-0b81ba74d299,2026_W22,O50256,U1869,P72,2026-05-31 11:41:47,1,8163.39,1167.7,82.53,1259.22,8163.39,6995.6900000000005,Wallet,Completed
f05decff-45e7-4a4a-9019-0b81ba74d299,2026_W22,O50257,U21605,P83,2026-05-28 13:51:13,2,5070.2,1343.34,173.75,1583.47,10140.4,8797.06,Credit Card,Completed
f05decff-45e7-4a4a-9019-0b81ba74d299,2026_W22,O50258,U17157,P90,2026-05-26 07:04:06,4,6467.75,854.65,117.67,4502.94,25871.0,25016.35,Credit Card,Completed
f05decff-45e7-4a4a-9019-0b81ba74d299,2026_W22,O50259,U1791,P2,2026-05-28 10:08:54,3,1543.5,571.08,56.88,730.7,4630.5,4059.42,Debit Card,Completed
f05decff-45e7-4a4a-9019-0b81ba74d299,2026_W22,O50260,U9971,P61,2026-05-31 05:38:59,1,7261.62,298.97,152.66,1253.28,7261.62,6962.65,UPI,Completed
f05decff-45e7-4a4a-9019-0b81ba74d299,2026_W22,O50261,U33464,P51,2026-05-28 18:46:03,3,6572.59,1160.73,62.56,3340.27,19717.77,18557.04,Debit Card,Completed
f05decff-45e7-4a4a-9019-0b81ba74d299,2026_W22,O50262,U5452,P81,2026-05-29 23:49:30,1,1659.37,231.03,94.1,257.1,1659.37,1428.34,UPI,Completed
f05decff-45e7-4a4a-9019-0b81ba74d299,2026_W22,O50263,U28593,P9,2026-05-30 19:04:49,2,5369.05,371.16,104.78,1866.05,10738.1,10366.94,UPI,Completed
f05decff-45e7-4a4a-9019-0b81ba74d299,2026_W22,O50264,U13913,P142,2026-05-31 12:02:30,2,4531.33,224.62,77.19,1590.85,9062.66,8838.039999999999,Credit Card,Completed
f05decff-45e7-4a4a-9019-0b81ba74d299,2026_W22,O50265,U2471,P26,2026-05-29 19:35:23,2,8687.74,159.94,112.21,3098.8,17375.48,17215.54,Debit Card,Completed
f05decff-45e7-4a4a-9019-0b81ba74d299,2026_W22,O50266,U27196,P49,2026-05-28 03:03:28,2,4925.87,14.41,129.72,1770.72,9851.74,9837.33,Debit Card,Completed
f05decff-45e7-4a4a-9019-0b81ba74d299,2026_W22,O50267,U22218,P135,2026-05-28 18:22:02,4,7738.35,2435.28,155.17,5133.26,30953.4,28518.120000000003,Credit Card,Completed
f05decff-45e7-4a4a-9019-0b81ba74d299,2026_W22,O50268,U18427,P15,2026-05-30 05:49:02,4,2472.77,300.07,185.13,1726.38,9891.08,9591.01,Debit Card,Completed
f05decff-45e7-4a4a-9019-0b81ba74d299,2026_W22,O50269,U3531,P82,2026-05-27 08:09:28,4,1796.79,528.23,126.47,1198.61,7187.16,6658.93,UPI,Completed
f05decff-45e7-4a4a-9019-0b81ba74d299,2026_W22,O50270,U723,P85,2026-05-29 06:43:34,3,7274.5,1309.98,132.47,3692.43,21823.5,20513.52,UPI,Completed
f05decff-45e7-4a4a-9019-0b81ba74d299,2026_W22,O50271,U27304,P156,2026-05-28 16:36:46,4,2183.92,156.68,132.09,1544.22,8735.68,8579.0,Credit Card,Completed
f05decff-45e7-4a4a-9019-0b81ba74d299,2026_W22,O50272,U6875,P64,2026-05-30 17:55:16,2,5141.6,1045.55,150.69,1662.78,10283.2,9237.650000000001,UPI,Completed
f05decff-45e7-4a4a-9019-0b81ba74d299,2026_W22,O50273,U13560,P187,2026-05-28 16:24:04,3,4000.12,650.56,57.54,2042.96,12000.36,11349.800000000001,UPI,Completed
f05decff-45e7-4a4a-9019-0b81ba74d299,2026_W22,O50274,U22733,P32,2026-05-29 04:26:16,1,3711.51,270.26,62.75,619.42,3711.51,3441.25,Wallet,Completed
f05decff-45e7-4a4a-9019-0b81ba74d299,2026_W22,O50275,U23044,P21,2026-05-26 14:07:18,3,7585.24,1032.75,97.52,3910.13,22755.72,21722.97,Debit Card,Completed
f05decff-45e7-4a4a-9019-0b81ba74d299,2026_W22,O50276,U34980,P93,2026-05-31 13:16:18,2,5224.43,175.01,188.72,1849.29,10448.86,10273.85,Wallet,Completed
f05decff-45e7-4a4a-9019-0b81ba74d299,2026_W22,O50277,U14662,P101,2026-05-27 03:14:59,1,2760.68,166.33,161.58,466.98,2760.68,2594.35,Credit Card,Completed
f05decff-45e7-4a4a-9019-0b81ba74d299,2026_W22,O50278,U852,P132,2026-05-26 15:08:16,4,5087.03,1127.34,73.14,3459.74,20348.12,19220.78,Wallet,Completed
f05decff-45e7-4a4a-9019-0b81ba74d299,2026_W22,O50279,U32941,P137,2026-05-26 03:12:46,3,4729.65,603.97,145.87,2445.3,14188.949999999999,13584.98,Credit Card,Completed
f05decff-45e7-4a4a-9019-0b81ba74d299,2026_W22,O50280,U18745,P81,2026-05-29 22:45:01,4,1659.37,412.63,93.83,1120.47,6637.48,6224.849999999999,Debit Card,Completed
f05decff-45e7-4a4a-9019-0b81ba74d299,2026_W22,O50281,U29757,P153,2026-05-30 20:57:21,3,11343.81,787.73,62.76,5983.87,34031.43,33243.7,Credit Card,Completed
f05decff-45e7-4a4a-9019-0b81ba74d299,2026_W22,O50282,U7141,P104,2026-05-31 11:32:20,4,5183.53,440.9,85.09,3652.78,20734.12,20293.219999999998,Wallet,Completed
f05decff-45e7-4a4a-9019-0b81ba74d299,2026_W22,O50283,U26890,P38,2026-05-29 07:23:49,2,7075.19,212.02,65.28,2508.9,14150.38,13938.359999999999,Debit Card,Completed
f05decff-45e7-4a4a-9019-0b81ba74d299,2026_W22,O50284,U19818,P154,2026-05-30 21:26:18,4,4135.27,2388.57,102.7,2547.45,16541.08,14152.510000000002,Wallet,Completed
f05decff-45e7-4a4a-9019-0b81ba74d299,2026_W22,O50285,U10992,P122,2026-05-29 19:52:47,3,5135.97,1512.68,187.37,2501.14,15407.91,13895.23,UPI,Completed
f05decff-45e7-4a4a-9019-0b81ba74d299,2026_W22,O50286,U28308,P2,2026-05-29 01:32:36,4,1543.5,525.38,170.84,1016.75,6174.0,5648.62,Wallet,Completed
f05decff-45e7-4a4a-9019-0b81ba74d299,2026_W22,O50287,U22425,P173,2026-05-31 04:59:25,2,4326.87,288.21,198.77,1505.8,8653.74,8365.53,UPI,Completed
f05decff-45e7-4a4a-9019-0b81ba74d299,2026_W22,O50288,U200,P48,2026-05-25 22:02:43,3,10990.29,448.6,181.47,5854.01,32970.87,32522.270000000004,Credit Card,Completed
f05decff-45e7-4a4a-9019-0b81ba74d299,2026_W22,O50289,U6221,P172,2026-05-27 06:08:22,3,9925.52,2090.3,64.21,4983.53,29776.56,27686.260000000002,Wallet,Completed
f05decff-45e7-4a4a-9019-0b81ba74d299,2026_W22,O50290,U18185,P12,2026-05-31 14:30:09,2,7089.88,216.63,87.52,2513.36,14179.76,13963.130000000001,Wallet,Completed
f05decff-45e7-4a4a-9019-0b81ba74d299,2026_W22,O50291,U30310,P143,2026-05-28 16:47:23,3,6038.03,1489.13,68.91,2992.49,18114.09,16624.96,Wallet,Completed
f05decff-45e7-4a4a-9019-0b81ba74d299,2026_W22,O50292,U905,P180,2026-05-31 17:29:08,1,6781.04,683.65,161.83,1097.53,6781.04,6097.39,Credit Card,Completed
f05decff-45e7-4a4a-9019-0b81ba74d299,2026_W22,O50293,U10511,P20,2026-05-26 09:24:55,3,6465.0,1619.01,103.93,3199.68,19395.0,17775.99,Credit Card,Completed
f05decff-45e7-4a4a-9019-0b81ba74d299,2026_W22,O50294,U9693,P90,2026-05-27 04:57:15,1,6467.75,548.39,95.38,1065.48,6467.75,5919.36,Credit Card,Completed
f05decff-45e7-4a4a-9019-0b81ba74d299,2026_W22,O50295,U29961,P4,2026-05-27 08:25:46,2,11646.79,1509.01,69.84,3921.22,23293.58,21784.570000000003,Debit Card,Completed
f05decff-45e7-4a4a-9019-0b81ba74d299,2026_W22,O50296,U12071,P185,2026-05-28 11:15:01,4,8108.47,2022.72,144.18,5474.01,32433.88,30411.16,Credit Card,Completed
f05decff-45e7-4a4a-9019-0b81ba74d299,2026_W22,O50297,U13451,P193,2026-05-28 22:32:37,3,5013.68,1644.71,81.73,2411.34,15041.04,13396.330000000002,Debit Card,Completed
f05decff-45e7-4a4a-9019-0b81ba74d299,2026_W22,O50298,U15678,P150,2026-05-27 19:48:53,2,7278.62,1638.63,153.85,2325.35,14557.24,12918.61,UPI,Completed
f05decff-45e7-4a4a-9019-0b81ba74d299,2026_W22,O50299,U34951,P38,2026-05-31 16:28:24,1,7075.19,734.88,143.31,1141.26,7075.19,6340.3099999999995,UPI,Completed
f05decff-45e7-4a4a-9019-0b81ba74d299,2026_W22,O50300,U15086,P108,2026-05-29 20:39:23,2,4001.51,115.52,74.53,1419.75,8003.02,7887.5,Credit Card,Completed
f05decff-45e7-4a4a-9019-0b81ba74d299,2026_W22,O50301,U4839,P38,2026-05-30 01:01:40,2,7075.19,1067.01,142.31,2355.01,14150.38,13083.369999999999,Credit Card,Completed
f05decff-45e7-4a4a-9019-0b81ba74d299,2026_W22,O50302,U5223,P137,2026-05-27 11:57:12,3,4729.65,311.36,148.12,2497.97,14188.949999999999,13877.589999999998,Debit Card,Completed
f05decff-45e7-4a4a-9019-0b81ba74d299,2026_W22,O50303,U33018,P37,2026-05-30 15:10:40,2,9886.76,387.27,93.33,3489.52,19773.52,19386.25,Credit Card,Completed
f05decff-45e7-4a4a-9019-0b81ba74d299,2026_W22,O50304,U27327,P147,2026-05-26 02:13:08,4,2240.85,664.23,181.47,1493.85,8963.4,8299.17,Credit Card,Completed
f05decff-45e7-4a4a-9019-0b81ba74d299,2026_W22,O50305,U27873,P129,2026-05-28 17:03:32,1,5625.8,716.77,136.77,883.63,5625.8,4909.030000000001,UPI,Completed
f05decff-45e7-4a4a-9019-0b81ba74d299,2026_W22,O50306,U1973,P146,2026-05-31 19:13:12,3,4559.37,1853.76,57.19,2128.38,13678.11,11824.35,Wallet,Completed
f05decff-45e7-4a4a-9019-0b81ba74d299,2026_W22,O50307,U15484,P37,2026-05-31 19:32:40,1,9886.76,485.5,83.17,1692.23,9886.76,9401.26,Credit Card,Completed
f05decff-45e7-4a4a-9019-0b81ba74d299,2026_W22,O50308,U6841,P75,2026-05-31 20:03:05,4,3046.83,1322.21,62.17,1955.72,12187.32,10865.11,UPI,Completed
f05decff-45e7-4a4a-9019-0b81ba74d299,2026_W22,O50309,U10708,P81,2026-05-28 14:56:52,3,1659.37,277.31,118.58,846.14,4978.11,4700.799999999999,Credit Card,Completed
f05decff-45e7-4a4a-9019-0b81ba74d299,2026_W22,O50310,U18992,P63,2026-05-27 20:55:22,3,5767.08,1638.03,193.57,2819.38,17301.239999999998,15663.209999999997,Credit Card,Completed
f05decff-45e7-4a4a-9019-0b81ba74d299,2026_W22,O50311,U11775,P119,2026-05-28 19:50:33,2,10133.79,68.46,159.39,3635.84,20267.58,20199.120000000003,Wallet,Completed
f05decff-45e7-4a4a-9019-0b81ba74d299,2026_W22,O50312,U27152,P175,2026-05-28 19:00:53,4,10082.38,3503.24,135.6,6628.73,40329.52,36826.28,Wallet,Completed
f05decff-45e7-4a4a-9019-0b81ba74d299,2026_W22,O50313,U12866,P170,2026-05-27 10:02:09,1,2744.23,51.5,111.52,484.69,2744.23,2692.73,Debit Card,Completed
f05decff-45e7-4a4a-9019-0b81ba74d299,2026_W22,O50314,U28754,P180,2026-05-27 15:55:22,4,6781.04,2816.04,169.42,4375.46,27124.16,24308.12,Debit Card,Completed
f05decff-45e7-4a4a-9019-0b81ba74d299,2026_W22,O50315,U23013,P181,2026-05-28 21:14:45,3,8581.69,1942.31,55.48,4284.5,25745.07,23802.76,Wallet,Completed
f05decff-45e7-4a4a-9019-0b81ba74d299,2026_W22,O50316,U23483,P142,2026-05-26 19:06:43,3,4531.33,773.01,86.68,2307.78,13593.99,12820.98,Credit Card,Completed
f05decff-45e7-4a4a-9019-0b81ba74d299,2026_W22,O50317,U32879,P189,2026-05-29 17:27:05,4,7353.02,2096.96,183.48,4916.72,29412.08,27315.120000000003,UPI,Completed
f05decff-45e7-4a4a-9019-0b81ba74d299,2026_W22,O50318,U17359,P163,2026-05-28 14:16:42,2,2156.08,383.47,159.65,707.16,4312.16,3928.6899999999996,Credit Card,Completed
f05decff-45e7-4a4a-9019-0b81ba74d299,2026_W22,O50319,U22180,P156,2026-05-28 09:50:54,2,2183.92,606.39,141.43,677.06,4367.84,3761.4500000000003,Debit Card,Completed
f05decff-45e7-4a4a-9019-0b81ba74d299,2026_W22,O50320,U28255,P25,2026-05-28 10:23:36,2,4602.38,749.41,79.7,1521.96,9204.76,8455.35,Wallet,Completed
f05decff-45e7-4a4a-9019-0b81ba74d299,2026_W22,O50321,U8869,P27,2026-05-27 03:59:59,4,6106.97,2734.49,141.84,3904.81,24427.88,21693.39,Credit Card,Completed
f05decff-45e7-4a4a-9019-0b81ba74d299,2026_W22,O50322,U19081,P131,2026-05-27 22:20:00,4,5156.93,1853.04,61.39,3379.44,20627.72,18774.68,Credit Card,Completed
f05decff-45e7-4a4a-9019-0b81ba74d299,2026_W22,O50323,U14934,P146,2026-05-29 08:08:34,1,4559.37,308.14,118.19,765.22,4559.37,4251.23,Debit Card,Completed
f05decff-45e7-4a4a-9019-0b81ba74d299,2026_W22,O50324,U28224,P124,2026-05-29 17:16:32,1,7063.56,205.37,168.65,1234.47,7063.56,6858.1900000000005,Wallet,Completed
f05decff-45e7-4a4a-9019-0b81ba74d299,2026_W22,O50325,U21471,P89,2026-05-28 02:24:13,2,7149.14,796.87,146.93,2430.25,14298.28,13501.41,UPI,Completed
f05decff-45e7-4a4a-9019-0b81ba74d299,2026_W22,O50326,U33623,P148,2026-05-30 22:29:23,1,2017.95,172.58,83.35,332.17,2017.95,1845.3700000000001,UPI,Completed
f05decff-45e7-4a4a-9019-0b81ba74d299,2026_W22,O50327,U1156,P171,2026-05-30 11:58:25,2,7036.96,1976.38,132.06,2177.56,14073.92,12097.54,Debit Card,Completed
f05decff-45e7-4a4a-9019-0b81ba74d299,2026_W22,O50328,U10795,P110,2026-05-30 03:25:35,1,1984.17,122.35,184.87,335.13,1984.17,1861.8200000000002,Wallet,Completed
f05decff-45e7-4a4a-9019-0b81ba74d299,2026_W22,O50329,U26954,P196,2026-05-29 01:20:30,1,7726.11,588.23,136.94,1284.82,7726.11,7137.879999999999,Credit Card,Completed
f05decff-45e7-4a4a-9019-0b81ba74d299,2026_W22,O50330,U3247,P189,2026-05-27 00:18:18,4,7353.02,3675.05,60.52,4632.67,29412.08,25737.030000000002,UPI,Completed
f05decff-45e7-4a4a-9019-0b81ba74d299,2026_W22,O50331,U31104,P106,2026-05-30 08:53:03,1,5172.75,541.75,118.61,833.58,5172.75,4631.0,Credit Card,Completed
f05decff-45e7-4a4a-9019-0b81ba74d299,2026_W22,O50332,U19223,P72,2026-05-27 19:25:13,2,8163.39,1008.95,105.18,2757.21,16326.78,15317.83,Debit Card,Completed
f05decff-45e7-4a4a-9019-0b81ba74d299,2026_W22,O50333,U21019,P15,2026-05-28 19:27:05,4,2472.77,1150.9,83.36,1573.23,9891.08,8740.18,Debit Card,Completed
f05decff-45e7-4a4a-9019-0b81ba74d299,2026_W22,O50334,U18376,P79,2026-05-29 21:24:11,3,2810.31,834.23,90.67,1367.41,8430.93,7596.700000000001,Debit Card,Completed
f05decff-45e7-4a4a-9019-0b81ba74d299,2026_W22,O50335,U11030,P59,2026-05-27 08:25:36,3,4892.96,319.66,143.01,2584.66,14678.880000000001,14359.220000000001,UPI,Completed
f05decff-45e7-4a4a-9019-0b81ba74d299,2026_W22,O50336,U33688,P162,2026-05-29 04:13:57,3,5576.16,2343.21,62.11,2589.35,16728.48,14385.27,Credit Card,Completed
f05decff-45e7-4a4a-9019-0b81ba74d299,2026_W22,O50337,U16761,P57,2026-05-31 18:30:03,4,3408.89,1669.33,193.63,2153.92,13635.56,11966.23,Credit Card,Completed
f05decff-45e7-4a4a-9019-0b81ba74d299,2026_W22,O50338,U34203,P175,2026-05-28 09:03:07,2,10082.38,394.56,102.16,3558.64,20164.76,19770.199999999997,Debit Card,Completed
f05decff-45e7-4a4a-9019-0b81ba74d299,2026_W22,O50339,U30771,P1,2026-05-26 10:06:05,2,6823.54,2028.01,61.87,2091.43,13647.08,11619.07,Debit Card,Completed
f05decff-45e7-4a4a-9019-0b81ba74d299,2026_W22,O50340,U9309,P43,2026-05-27 10:52:58,3,9948.84,1964.73,186.95,5018.72,29846.52,27881.79,Debit Card,Completed
f05decff-45e7-4a4a-9019-0b81ba74d299,2026_W22,O50341,U7604,P118,2026-05-26 15:32:13,1,5463.26,375.63,97.33,915.77,5463.26,5087.63,Credit Card,Completed
f05decff-45e7-4a4a-9019-0b81ba74d299,2026_W22,O50342,U9990,P123,2026-05-27 03:56:10,4,2425.48,1250.32,105.04,1521.29,9701.92,8451.6,Credit Card,Completed
f05decff-45e7-4a4a-9019-0b81ba74d299,2026_W22,O50343,U34599,P45,2026-05-28 10:05:20,4,7618.9,1568.86,92.05,5203.21,30475.6,28906.739999999998,UPI,Completed
f05decff-45e7-4a4a-9019-0b81ba74d299,2026_W22,O50344,U199,P32,2026-05-31 10:38:32,4,3711.51,242.01,130.82,2628.73,14846.04,14604.03,Credit Card,Completed
f05decff-45e7-4a4a-9019-0b81ba74d299,2026_W22,O50345,U24749,P94,2026-05-30 18:56:22,1,4145.07,123.47,99.92,723.89,4145.07,4021.6,Wallet,Completed
f05decff-45e7-4a4a-9019-0b81ba74d299,2026_W22,O50346,U6641,P39,2026-05-25 23:51:09,2,5048.64,1397.39,145.27,1565.98,10097.28,8699.890000000001,UPI,Completed
f05decff-45e7-4a4a-9019-0b81ba74d299,2026_W22,O50347,U13453,P107,2026-05-31 15:08:41,2,3660.65,863.95,169.59,1162.32,7321.3,6457.35,Debit Card,Completed
f05decff-45e7-4a4a-9019-0b81ba74d299,2026_W22,O50348,U10432,P49,2026-05-26 19:33:01,1,4925.87,63.12,198.55,875.3,4925.87,4862.75,Debit Card,Completed
f05decff-45e7-4a4a-9019-0b81ba74d299,2026_W22,O50349,U16223,P18,2026-05-29 04:04:27,4,2101.11,1225.73,75.36,1292.17,8404.44,7178.710000000001,Wallet,Completed
f05decff-45e7-4a4a-9019-0b81ba74d299,2026_W22,O50350,U15997,P84,2026-05-27 06:54:00,1,8271.97,75.52,84.45,1475.36,8271.97,8196.449999999999,Debit Card,Completed
f05decff-45e7-4a4a-9019-0b81ba74d299,2026_W22,O50351,U14046,P91,2026-05-26 19:14:47,2,4627.39,967.88,75.92,1491.64,9254.78,8286.900000000001,Credit Card,Completed
f05decff-45e7-4a4a-9019-0b81ba74d299,2026_W22,O50352,U30404,P82,2026-05-27 06:19:19,4,1796.79,1015.05,153.13,1110.98,7187.16,6172.11,Credit Card,Completed
f05decff-45e7-4a4a-9019-0b81ba74d299,2026_W22,O50353,U199,P70,2026-05-31 03:58:05,4,2246.89,836.76,131.82,1467.14,8987.56,8150.799999999999,Debit Card,Completed
f05decff-45e7-4a4a-9019-0b81ba74d299,2026_W22,O50354,U3903,P100,2026-05-31 18:11:47,2,7089.35,253.16,62.15,2506.6,14178.7,13925.54,Debit Card,Completed
f05decff-45e7-4a4a-9019-0b81ba74d299,2026_W22,O50355,U13124,P97,2026-05-28 00:10:23,4,5383.07,2915.75,108.73,3350.98,21532.28,18616.53,Wallet,Completed
f05decff-45e7-4a4a-9019-0b81ba74d299,2026_W22,O50356,U5792,P178,2026-05-26 06:29:51,3,2500.92,581.32,68.03,1245.86,7502.76,6921.4400000000005,Credit Card,Completed
f05decff-45e7-4a4a-9019-0b81ba74d299,2026_W22,O50357,U32421,P162,2026-05-27 16:50:37,1,5576.16,780.26,85.45,863.26,5576.16,4795.9,Debit Card,Completed
f05decff-45e7-4a4a-9019-0b81ba74d299,2026_W22,O50358,U4055,P12,2026-05-30 10:27:55,1,7089.88,222.39,114.0,1236.15,7089.88,6867.49,UPI,Completed
f05decff-45e7-4a4a-9019-0b81ba74d299,2026_W22,O50359,U10747,P167,2026-05-30 01:27:31,4,6729.0,2358.88,102.16,4420.28,26916.0,24557.12,Wallet,Completed
f05decff-45e7-4a4a-9019-0b81ba74d299,2026_W22,O50360,U3731,P106,2026-05-26 04:58:27,1,5172.75,225.29,69.17,890.54,5172.75,4947.46,UPI,Completed
f05decff-45e7-4a4a-9019-0b81ba74d299,2026_W22,O50361,U1796,P146,2026-05-27 10:07:34,1,4559.37,43.52,188.93,812.85,4559.37,4515.849999999999,UPI,Completed
f05decff-45e7-4a4a-9019-0b81ba74d299,2026_W22,O50362,U24749,P99,2026-05-29 09:01:18,2,4457.11,170.86,66.99,1573.8,8914.22,8743.359999999999,Credit Card,Completed
f05decff-45e7-4a4a-9019-0b81ba74d299,2026_W22,O50363,U31237,P39,2026-05-26 09:47:14,2,5048.64,1070.65,117.1,1624.79,10097.28,9026.630000000001,Wallet,Completed
f05decff-45e7-4a4a-9019-0b81ba74d299,2026_W22,O50364,U10877,P72,2026-05-29 19:59:45,1,8163.39,686.63,95.0,1345.82,8163.39,7476.76,Credit Card,Completed
f05decff-45e7-4a4a-9019-0b81ba74d299,2026_W22,O50365,U13124,P116,2026-05-28 15:45:02,2,4661.13,743.85,190.72,1544.11,9322.26,8578.41,Wallet,Completed
f05decff-45e7-4a4a-9019-0b81ba74d299,2026_W22,O50366,U5711,P178,2026-05-31 07:52:46,1,2500.92,234.53,195.66,407.95,2500.92,2266.39,Wallet,Completed
f05decff-45e7-4a4a-9019-0b81ba74d299,2026_W22,O50367,U18698,P61,2026-05-26 02:35:52,2,7261.62,1035.04,96.07,2427.88,14523.24,13488.2,UPI,Completed
f05decff-45e7-4a4a-9019-0b81ba74d299,2026_W22,O50368,U26125,P199,2026-05-28 13:40:27,1,10122.76,872.29,165.2,1665.08,10122.76,9250.470000000001,Wallet,Completed
f05decff-45e7-4a4a-9019-0b81ba74d299,2026_W22,O50369,U13121,P108,2026-05-28 12:06:23,1,4001.51,250.16,57.56,675.24,4001.51,3751.3500000000004,Wallet,Completed
f05decff-45e7-4a4a-9019-0b81ba74d299,2026_W22,O50370,U25666,P54,2026-05-27 06:40:55,2,5968.84,1078.81,144.4,1954.6,11937.68,10858.87,Credit Card,Completed
f05decff-45e7-4a4a-9019-0b81ba74d299,2026_W22,O50371,U24233,P85,2026-05-27 12:17:29,4,7274.5,1038.8,155.03,5050.66,29098.0,28059.2,UPI,Completed
f05decff-45e7-4a4a-9019-0b81ba74d299,2026_W22,O50372,U21887,P16,2026-05-27 15:27:08,1,4498.86,165.35,109.78,780.03,4498.86,4333.509999999999,UPI,Completed
f05decff-45e7-4a4a-9019-0b81ba74d299,2026_W22,O50373,U14056,P198,2026-05-30 00:46:10,4,8888.97,2446.93,125.76,5959.61,35555.88,33108.95,Wallet,Completed
f05decff-45e7-4a4a-9019-0b81ba74d299,2026_W22,O50374,U1068,P165,2026-05-31 11:08:07,1,4063.67,25.97,107.05,726.79,4063.67,4037.7000000000003,UPI,Completed
f05decff-45e7-4a4a-9019-0b81ba74d299,2026_W22,O50375,U16395,P147,2026-05-31 00:27:47,2,2240.85,434.31,97.89,728.53,4481.7,4047.39,Debit Card,Completed
f05decff-45e7-4a4a-9019-0b81ba74d299,2026_W22,O50376,U2123,P11,2026-05-30 09:36:50,2,4897.66,561.03,108.52,1662.17,9795.32,9234.289999999999,Credit Card,Completed
f05decff-45e7-4a4a-9019-0b81ba74d299,2026_W22,O50377,U28200,P32,2026-05-27 02:00:20,4,3711.51,1564.53,100.29,2390.67,14846.04,13281.51,Wallet,Completed
f05decff-45e7-4a4a-9019-0b81ba74d299,2026_W22,O50378,U1847,P168,2026-05-28 21:38:43,1,4263.52,22.12,119.47,763.45,4263.52,4241.400000000001,Debit Card,Completed
f05decff-45e7-4a4a-9019-0b81ba74d299,2026_W22,O50379,U29463,P52,2026-05-30 22:18:46,1,4538.36,149.55,102.26,789.99,4538.36,4388.8099999999995,Wallet,Completed
f05decff-45e7-4a4a-9019-0b81ba74d299,2026_W22,O50380,U10129,P146,2026-05-28 07:55:19,2,4559.37,1024.39,114.93,1456.98,9118.74,8094.349999999999,Credit Card,Completed
f05decff-45e7-4a4a-9019-0b81ba74d299,2026_W22,O50381,U12152,P121,2026-05-26 08:42:07,3,9562.01,2158.0,109.55,4775.05,28686.03,26528.03,Credit Card,Completed
f05decff-45e7-4a4a-9019-0b81ba74d299,2026_W22,O50382,U26310,P15,2026-05-30 09:17:40,3,2472.77,257.12,53.63,1289.01,7418.3099999999995,7161.19,Debit Card,Completed
f05decff-45e7-4a4a-9019-0b81ba74d299,2026_W22,O50383,U17258,P120,2026-05-30 06:54:59,2,8125.66,231.49,75.86,2883.57,16251.32,16019.83,Debit Card,Completed
f05decff-45e7-4a4a-9019-0b81ba74d299,2026_W22,O50384,U11056,P88,2026-05-26 03:28:38,4,2502.34,542.85,124.26,1703.97,10009.36,9466.51,UPI,Completed
f05decff-45e7-4a4a-9019-0b81ba74d299,2026_W22,O50385,U30447,P2,2026-05-27 11:27:30,3,1543.5,84.92,150.42,818.2,4630.5,4545.58,UPI,Completed
f05decff-45e7-4a4a-9019-0b81ba74d299,2026_W22,O50386,U9092,P188,2026-05-26 04:52:46,4,3237.34,608.39,182.61,2221.37,12949.36,12340.970000000001,Wallet,Completed
f05decff-45e7-4a4a-9019-0b81ba74d299,2026_W22,O50387,U7880,P189,2026-05-26 11:33:05,1,7353.02,521.2,95.58,1229.73,7353.02,6831.820000000001,Credit Card,Completed
f05decff-45e7-4a4a-9019-0b81ba74d299,2026_W22,O50388,U26485,P16,2026-05-29 06:24:32,4,4498.86,1231.11,110.92,3017.58,17995.44,16764.329999999998,UPI,Completed
f05decff-45e7-4a4a-9019-0b81ba74d299,2026_W22,O50389,U21361,P100,2026-05-30 22:11:27,3,7089.35,1834.43,141.07,3498.05,21268.050000000003,19433.620000000003,Debit Card,Completed
f05decff-45e7-4a4a-9019-0b81ba74d299,2026_W22,O50390,U7816,P89,2026-05-29 10:48:26,4,7149.14,2382.17,68.51,4718.59,28596.56,26214.39,Credit Card,Completed
f05decff-45e7-4a4a-9019-0b81ba74d299,2026_W22,O50391,U16717,P154,2026-05-28 23:06:40,1,4135.27,133.61,114.17,720.3,4135.27,4001.6600000000003,Credit Card,Completed
f05decff-45e7-4a4a-9019-0b81ba74d299,2026_W22,O50392,U1451,P21,2026-05-28 13:55:55,4,7585.24,2650.83,59.83,4984.22,30340.96,27690.129999999997,Credit Card,Completed
f05decff-45e7-4a4a-9019-0b81ba74d299,2026_W22,O50393,U1056,P17,2026-05-30 12:39:43,4,3339.42,1254.14,193.8,2178.64,13357.68,12103.54,Debit Card,Completed
f05decff-45e7-4a4a-9019-0b81ba74d299,2026_W22,O50394,U5510,P163,2026-05-27 00:41:49,4,2156.08,520.35,171.89,1458.71,8624.32,8103.969999999999,Credit Card,Completed
f05decff-45e7-4a4a-9019-0b81ba74d299,2026_W22,O50395,U3825,P172,2026-05-26 21:18:32,3,9925.52,3694.29,160.04,4694.81,29776.56,26082.27,Wallet,Completed
f05decff-45e7-4a4a-9019-0b81ba74d299,2026_W22,O50396,U33664,P20,2026-05-27 08:11:05,1,6465.0,625.03,194.38,1051.19,6465.0,5839.97,UPI,Completed
f05decff-45e7-4a4a-9019-0b81ba74d299,2026_W22,O50397,U27291,P58,2026-05-30 17:05:32,4,2716.51,1052.82,72.51,1766.38,10866.04,9813.220000000001,Credit Card,Completed
f05decff-45e7-4a4a-9019-0b81ba74d299,2026_W22,O50398,U33312,P8,2026-05-28 05:33:29,2,7997.84,1454.63,69.37,2617.39,15995.68,14541.05,Wallet,Completed
f05decff-45e7-4a4a-9019-0b81ba74d299,2026_W22,O50399,U21672,P157,2026-05-30 21:15:25,2,5290.96,431.02,173.25,1827.16,10581.92,10150.9,Credit Card,Completed
f05decff-45e7-4a4a-9019-0b81ba74d299,2026_W22,O50400,U23268,P127,2026-05-27 18:55:19,4,9140.26,2467.89,105.66,6136.77,36561.04,34093.15,Wallet,Completed
f05decff-45e7-4a4a-9019-0b81ba74d299,2026_W22,O50401,U30702,P67,2026-05-31 12:39:20,2,6555.74,1120.1,63.64,2158.45,13111.48,11991.38,Wallet,Completed
f05decff-45e7-4a4a-9019-0b81ba74d299,2026_W22,O50402,U24351,P42,2026-05-31 21:34:29,1,5949.92,742.69,55.28,937.3,5949.92,5207.23,Wallet,Completed
f05decff-45e7-4a4a-9019-0b81ba74d299,2026_W22,O50403,U29459,P18,2026-05-30 00:19:50,1,2101.11,159.9,73.94,349.42,2101.11,1941.21,Wallet,Completed
f05decff-45e7-4a4a-9019-0b81ba74d299,2026_W22,O50404,U11748,P64,2026-05-26 09:28:29,3,5141.6,2252.28,114.36,2371.05,15424.800000000001,13172.52,UPI,Completed
f05decff-45e7-4a4a-9019-0b81ba74d299,2026_W22,O50405,U21217,P146,2026-05-29 08:02:36,1,4559.37,226.4,74.64,779.93,4559.37,4332.97,Credit Card,Completed
f05decff-45e7-4a4a-9019-0b81ba74d299,2026_W22,O50406,U1856,P118,2026-05-28 00:24:16,1,5463.26,625.96,90.92,870.71,5463.26,4837.3,Credit Card,Completed
f05decff-45e7-4a4a-9019-0b81ba74d299,2026_W22,O50407,U18992,P85,2026-05-29 17:38:43,2,7274.5,556.78,74.43,2518.6,14549.0,13992.22,Debit Card,Completed
f05decff-45e7-4a4a-9019-0b81ba74d299,2026_W22,O50408,U33312,P27,2026-05-31 04:43:15,4,6106.97,979.59,89.8,4220.69,24427.88,23448.29,UPI,Completed
f05decff-45e7-4a4a-9019-0b81ba74d299,2026_W22,O50409,U21165,P52,2026-05-29 07:05:26,1,4538.36,656.04,123.94,698.82,4538.36,3882.3199999999997,Wallet,Completed
f05decff-45e7-4a4a-9019-0b81ba74d299,2026_W22,O50410,U26632,P190,2026-05-28 11:45:51,4,10065.15,2154.42,79.53,6859.11,40260.6,38106.18,Wallet,Completed
f05decff-45e7-4a4a-9019-0b81ba74d299,2026_W22,O50411,U23268,P95,2026-05-29 01:37:06,1,1959.5,169.19,54.87,322.26,1959.5,1790.31,UPI,Completed
f05decff-45e7-4a4a-9019-0b81ba74d299,2026_W22,O50412,U34114,P51,2026-05-30 19:27:05,1,6572.59,693.49,69.18,1058.24,6572.59,5879.1,Wallet,Completed
f05decff-45e7-4a4a-9019-0b81ba74d299,2026_W22,O50413,U10877,P166,2026-05-30 05:28:44,4,8475.87,2513.38,184.62,5650.22,33903.48,31390.100000000002,UPI,Completed
f05decff-45e7-4a4a-9019-0b81ba74d299,2026_W22,O50414,U20831,P130,2026-05-26 21:28:17,4,11039.76,796.75,117.05,7805.21,44159.04,43362.29,UPI,Completed
f05decff-45e7-4a4a-9019-0b81ba74d299,2026_W22,O50415,U13081,P137,2026-05-31 15:58:45,3,4729.65,1031.89,93.33,2368.27,14188.949999999999,13157.06,UPI,Completed
f05decff-45e7-4a4a-9019-0b81ba74d299,2026_W22,O50416,U22318,P79,2026-05-29 04:23:28,4,2810.31,326.01,147.23,1964.74,11241.24,10915.23,Debit Card,Completed
f05decff-45e7-4a4a-9019-0b81ba74d299,2026_W22,O50417,U21762,P135,2026-05-28 02:50:28,3,7738.35,439.06,108.28,4099.68,23215.050000000003,22775.99,UPI,Completed
f05decff-45e7-4a4a-9019-0b81ba74d299,2026_W22,O50418,U4956,P4,2026-05-30 13:23:49,2,11646.79,3108.38,122.54,3633.34,23293.58,20185.2,Debit Card,Completed
f05decff-45e7-4a4a-9019-0b81ba74d299,2026_W22,O50419,U29903,P96,2026-05-27 23:35:12,1,6676.27,720.31,79.63,1072.07,6676.27,5955.960000000001,Credit Card,Completed
f05decff-45e7-4a4a-9019-0b81ba74d299,2026_W22,O50420,U12133,P87,2026-05-30 20:23:16,2,7395.64,436.85,137.3,2583.8,14791.28,14354.43,Wallet,Completed
f05decff-45e7-4a4a-9019-0b81ba74d299,2026_W22,O50421,U4561,P48,2026-05-31 03:56:17,1,10990.29,993.56,95.04,1799.41,10990.29,9996.730000000001,Debit Card,Completed
f05decff-45e7-4a4a-9019-0b81ba74d299,2026_W22,O50422,U2657,P98,2026-05-30 02:40:50,3,3365.14,939.91,161.99,1647.99,10095.42,9155.51,Credit Card,Completed
f05decff-45e7-4a4a-9019-0b81ba74d299,2026_W22,O50423,U12276,P86,2026-05-26 03:13:19,1,7794.14,1156.47,78.44,1194.78,7794.14,6637.67,UPI,Completed
f05decff-45e7-4a4a-9019-0b81ba74d299,2026_W22,O50424,U32465,P74,2026-05-30 02:19:41,4,8026.5,1087.82,84.75,5583.27,32106.0,31018.18,Wallet,Completed
f05decff-45e7-4a4a-9019-0b81ba74d299,2026_W22,O50425,U31254,P195,2026-05-28 03:13:57,3,3603.97,1072.43,118.02,1753.11,10811.91,9739.48,Credit Card,Completed
f05decff-45e7-4a4a-9019-0b81ba74d299,2026_W22,O50426,U1299,P174,2026-05-26 17:23:02,3,3233.65,182.11,119.19,1713.39,9700.95,9518.84,Debit Card,Completed
f05decff-45e7-4a4a-9019-0b81ba74d299,2026_W22,O50427,U22406,P31,2026-05-31 07:33:54,1,4234.09,117.25,176.18,741.03,4234.09,4116.84,Wallet,Completed
f05decff-45e7-4a4a-9019-0b81ba74d299,2026_W22,O50428,U3121,P107,2026-05-30 14:53:41,2,3660.65,53.91,91.96,1308.13,7321.3,7267.39,Debit Card,Completed
f05decff-45e7-4a4a-9019-0b81ba74d299,2026_W22,O50429,U26606,P132,2026-05-26 16:31:58,4,5087.03,1224.6,89.09,3442.23,20348.12,19123.52,UPI,Completed
f05decff-45e7-4a4a-9019-0b81ba74d299,2026_W22,O50430,U33224,P8,2026-05-27 11:39:17,3,7997.84,2951.36,189.35,3787.59,23993.52,21042.16,Debit Card,Completed
f05decff-45e7-4a4a-9019-0b81ba74d299,2026_W22,O50431,U25263,P154,2026-05-28 04:55:00,4,4135.27,882.88,58.48,2818.48,16541.08,15658.200000000003,Credit Card,Completed
f05decff-45e7-4a4a-9019-0b81ba74d299,2026_W22,O50432,U22616,P170,2026-05-28 02:49:52,3,2744.23,766.65,123.17,1343.89,8232.69,7466.040000000001,Debit Card,Completed
f05decff-45e7-4a4a-9019-0b81ba74d299,2026_W22,O50433,U8533,P9,2026-05-28 18:25:39,4,5369.05,3124.29,125.47,3303.34,21476.2,18351.91,Wallet,Completed
f05decff-45e7-4a4a-9019-0b81ba74d299,2026_W22,O50434,U9564,P141,2026-05-29 23:08:16,4,6658.31,1771.87,95.65,4475.05,26633.24,24861.370000000003,UPI,Completed
f05decff-45e7-4a4a-9019-0b81ba74d299,2026_W22,O50435,U2583,P160,2026-05-26 03:10:08,2,6919.48,662.3,101.32,2371.8,13838.96,13176.66,Debit Card,Completed
f05decff-45e7-4a4a-9019-0b81ba74d299,2026_W22,O50436,U24423,P30,2026-05-27 05:07:44,1,10909.65,31.87,136.03,1958.0,10909.65,10877.779999999999,Debit Card,Completed
f05decff-45e7-4a4a-9019-0b81ba74d299,2026_W22,O50437,U22679,P86,2026-05-30 13:17:16,1,7794.14,418.48,138.82,1327.62,7794.14,7375.66,Wallet,Completed
f05decff-45e7-4a4a-9019-0b81ba74d299,2026_W22,O50438,U22100,P5,2026-05-29 12:24:59,4,5785.73,3031.72,127.72,3620.02,23142.92,20111.199999999997,UPI,Completed
f05decff-45e7-4a4a-9019-0b81ba74d299,2026_W22,O50439,U23294,P13,2026-05-28 09:24:37,3,6805.73,715.3,125.46,3546.34,20417.19,19701.89,Wallet,Completed
f05decff-45e7-4a4a-9019-0b81ba74d299,2026_W22,O50440,U5872,P138,2026-05-31 01:40:44,3,5599.95,290.61,196.64,2971.66,16799.85,16509.239999999998,Credit Card,Completed
f05decff-45e7-4a4a-9019-0b81ba74d299,2026_W22,O50441,U23482,P199,2026-05-31 10:30:50,3,10122.76,2709.02,50.44,4978.67,30368.28,27659.26,Debit Card,Completed
f05decff-45e7-4a4a-9019-0b81ba74d299,2026_W22,O50442,U4628,P153,2026-05-28 21:33:25,4,11343.81,458.55,112.95,8085.0,45375.24,44916.689999999995,UPI,Completed
f05decff-45e7-4a4a-9019-0b81ba74d299,2026_W22,O50443,U18655,P67,2026-05-30 17:56:21,4,6555.74,2837.31,62.04,4209.42,26222.96,23385.649999999998,UPI,Completed
f05decff-45e7-4a4a-9019-0b81ba74d299,2026_W22,O50444,U25649,P162,2026-05-26 12:16:39,4,5576.16,3332.32,168.99,3415.02,22304.64,18972.32,Credit Card,Completed
f05decff-45e7-4a4a-9019-0b81ba74d299,2026_W22,O50445,U19843,P27,2026-05-27 11:37:22,4,6106.97,1742.93,131.28,4083.29,24427.88,22684.95,Debit Card,Completed
f05decff-45e7-4a4a-9019-0b81ba74d299,2026_W22,O50446,U31937,P138,2026-05-31 21:27:29,2,5599.95,1430.72,195.58,1758.45,11199.9,9769.18,Debit Card,Completed
f05decff-45e7-4a4a-9019-0b81ba74d299,2026_W22,O50447,U1045,P61,2026-05-28 12:33:13,3,7261.62,968.11,83.71,3747.02,21784.86,20816.75,Debit Card,Completed
f05decff-45e7-4a4a-9019-0b81ba74d299,2026_W22,O50448,U7318,P8,2026-05-26 03:09:50,3,7997.84,617.26,124.17,4207.73,23993.52,23376.260000000002,Credit Card,Completed
f05decff-45e7-4a4a-9019-0b81ba74d299,2026_W22,O50449,U29567,P131,2026-05-30 03:27:38,4,5156.93,2564.56,183.07,3251.37,20627.72,18063.16,Debit Card,Completed
f05decff-45e7-4a4a-9019-0b81ba74d299,2026_W22,O50450,U11752,P43,2026-05-30 09:58:37,4,9948.84,2717.79,67.52,6673.96,39795.36,37077.57,Wallet,Completed
f05decff-45e7-4a4a-9019-0b81ba74d299,2026_W22,O50451,U10218,P138,2026-05-31 01:10:06,1,5599.95,298.83,186.66,954.2,5599.95,5301.12,Debit Card,Completed
f05decff-45e7-4a4a-9019-0b81ba74d299,2026_W22,O50452,U11909,P120,2026-05-31 06:00:42,2,8125.66,1647.74,114.68,2628.64,16251.32,14603.58,Wallet,Completed
f05decff-45e7-4a4a-9019-0b81ba74d299,2026_W22,O50453,U2427,P180,2026-05-27 17:27:56,2,6781.04,837.09,83.82,2290.5,13562.08,12724.99,Debit Card,Completed
f05decff-45e7-4a4a-9019-0b81ba74d299,2026_W22,O50454,U3154,P85,2026-05-29 08:09:04,2,7274.5,1649.56,189.46,2321.9,14549.0,12899.44,Credit Card,Completed
f05decff-45e7-4a4a-9019-0b81ba74d299,2026_W22,O50455,U25987,P32,2026-05-27 20:13:20,4,3711.51,1565.5,53.01,2390.5,14846.04,13280.54,Debit Card,Completed
f05decff-45e7-4a4a-9019-0b81ba74d299,2026_W22,O50456,U27587,P171,2026-05-30 13:50:24,4,7036.96,2971.02,185.66,4531.83,28147.84,25176.82,Wallet,Completed
f05decff-45e7-4a4a-9019-0b81ba74d299,2026_W22,O50457,U9835,P134,2026-05-30 23:38:36,4,3654.35,1605.03,61.31,2342.23,14617.4,13012.369999999999,Credit Card,Completed
f05decff-45e7-4a4a-9019-0b81ba74d299,2026_W22,O50458,U3603,P139,2026-05-27 21:58:53,4,7513.32,2716.06,178.47,4920.7,30053.28,27337.219999999998,Credit Card,Completed
f05decff-45e7-4a4a-9019-0b81ba74d299,2026_W22,O50459,U15970,P200,2026-05-28 01:54:04,2,9143.2,2138.0,112.34,2906.71,18286.4,16148.400000000001,UPI,Completed
f05decff-45e7-4a4a-9019-0b81ba74d299,2026_W22,O50460,U23940,P171,2026-05-31 00:24:15,1,7036.96,649.66,110.2,1149.71,7036.96,6387.3,Debit Card,Completed
f05decff-45e7-4a4a-9019-0b81ba74d299,2026_W22,O50461,U34480,P179,2026-05-29 07:13:19,4,6580.06,1548.32,79.52,4458.95,26320.24,24771.920000000002,Debit Card,Completed
f05decff-45e7-4a4a-9019-0b81ba74d299,2026_W22,O50462,U5897,P167,2026-05-26 13:09:10,3,6729.0,1738.55,126.25,3320.72,20187.0,18448.45,UPI,Completed
f05decff-45e7-4a4a-9019-0b81ba74d299,2026_W22,O50463,U11694,P73,2026-05-29 16:01:56,2,10930.99,2857.13,88.66,3420.87,21861.98,19004.85,Credit Card,Completed
f05decff-45e7-4a4a-9019-0b81ba74d299,2026_W22,O50464,U11005,P90,2026-05-31 13:11:30,2,6467.75,415.12,162.06,2253.67,12935.5,12520.38,Debit Card,Completed
f05decff-45e7-4a4a-9019-0b81ba74d299,2026_W22,O50465,U31889,P39,2026-05-29 20:15:39,3,5048.64,1590.98,53.24,2439.89,15145.920000000002,13554.940000000002,Debit Card,Completed
f05decff-45e7-4a4a-9019-0b81ba74d299,2026_W22,O50466,U25600,P49,2026-05-26 23:01:36,3,4925.87,1277.34,66.38,2430.05,14777.61,13500.27,UPI,Completed
f05decff-45e7-4a4a-9019-0b81ba74d299,2026_W22,O50467,U33385,P101,2026-05-30 10:39:12,4,2760.68,1222.06,106.69,1767.72,11042.72,9820.66,Credit Card,Completed
f05decff-45e7-4a4a-9019-0b81ba74d299,2026_W22,O50468,U23338,P80,2026-05-26 07:41:07,2,7227.02,122.44,88.07,2579.69,14454.04,14331.6,Credit Card,Completed
f05decff-45e7-4a4a-9019-0b81ba74d299,2026_W22,O50469,U22679,P24,2026-05-27 10:34:05,1,4886.78,494.08,115.84,790.69,4886.78,4392.7,Credit Card,Completed
f05decff-45e7-4a4a-9019-0b81ba74d299,2026_W22,O50470,U25952,P152,2026-05-29 06:35:12,4,1970.06,722.95,55.98,1288.31,7880.24,7157.29,Debit Card,Completed
f05decff-45e7-4a4a-9019-0b81ba74d299,2026_W22,O50471,U3998,P92,2026-05-26 22:07:20,4,7099.99,879.64,128.5,4953.66,28399.96,27520.32,Credit Card,Completed
f05decff-45e7-4a4a-9019-0b81ba74d299,2026_W22,O50472,U8770,P123,2026-05-31 05:08:09,4,2425.48,288.69,67.62,1694.38,9701.92,9413.23,UPI,Completed
f05decff-45e7-4a4a-9019-0b81ba74d299,2026_W22,O50473,U31913,P129,2026-05-26 15:42:32,3,5625.8,1901.46,139.26,2695.67,16877.4,14975.940000000002,Credit Card,Completed
f05decff-45e7-4a4a-9019-0b81ba74d299,2026_W22,O50474,U34295,P13,2026-05-27 05:31:56,1,6805.73,369.03,166.56,1158.61,6805.73,6436.7,Credit Card,Completed
f05decff-45e7-4a4a-9019-0b81ba74d299,2026_W22,O50475,U13430,P163,2026-05-27 23:13:38,4,2156.08,176.05,83.15,1520.69,8624.32,8448.27,Wallet,Completed
f05decff-45e7-4a4a-9019-0b81ba74d299,2026_W22,O50476,U19971,P153,2026-05-28 06:29:11,1,11343.81,724.09,128.61,1911.55,11343.81,10619.72,UPI,Completed
f05decff-45e7-4a4a-9019-0b81ba74d299,2026_W22,O50477,U24150,P102,2026-05-26 14:13:00,4,3001.78,1093.23,90.53,1964.5,12007.12,10913.890000000001,Debit Card,Completed
f05decff-45e7-4a4a-9019-0b81ba74d299,2026_W22,O50478,U14826,P193,2026-05-27 01:04:38,2,5013.68,477.89,132.45,1718.9,10027.36,9549.470000000001,Debit Card,Completed
f05decff-45e7-4a4a-9019-0b81ba74d299,2026_W22,O50479,U31082,P26,2026-05-29 18:14:23,4,8687.74,1254.4,147.17,6029.38,34750.96,33496.56,UPI,Completed
f05decff-45e7-4a4a-9019-0b81ba74d299,2026_W22,O50480,U6314,P196,2026-05-29 05:36:51,2,7726.11,1839.8,166.42,2450.24,15452.22,13612.42,Debit Card,Completed
f05decff-45e7-4a4a-9019-0b81ba74d299,2026_W22,O50481,U29903,P114,2026-05-29 03:17:00,2,4373.67,1222.19,143.04,1354.53,8747.34,7525.15,Wallet,Completed
f05decff-45e7-4a4a-9019-0b81ba74d299,2026_W22,O50482,U22897,P110,2026-05-31 00:28:17,3,1984.17,814.12,64.75,924.91,5952.51,5138.39,Wallet,Completed
f05decff-45e7-4a4a-9019-0b81ba74d299,2026_W22,O50483,U27912,P43,2026-05-28 08:11:54,4,9948.84,1032.08,82.55,6977.39,39795.36,38763.28,UPI,Completed
f05decff-45e7-4a4a-9019-0b81ba74d299,2026_W22,O50484,U33953,P169,2026-05-30 07:20:59,2,3759.37,217.92,137.0,1314.15,7518.74,7300.82,Wallet,Completed
f05decff-45e7-4a4a-9019-0b81ba74d299,2026_W22,O50485,U30956,P52,2026-05-29 18:30:17,2,4538.36,828.68,67.85,1484.65,9076.72,8248.039999999999,Wallet,Completed
f05decff-45e7-4a4a-9019-0b81ba74d299,2026_W22,O50486,U17931,P14,2026-05-31 04:36:41,2,4944.6,329.99,167.79,1720.66,9889.2,9559.210000000001,Wallet,Completed
f05decff-45e7-4a4a-9019-0b81ba74d299,2026_W22,O50487,U34246,P64,2026-05-27 10:53:17,1,5141.6,683.85,132.72,802.4,5141.6,4457.75,UPI,Completed
f05decff-45e7-4a4a-9019-0b81ba74d299,2026_W22,O50488,U25811,P30,2026-05-30 18:50:48,3,10909.65,63.89,51.88,5879.71,32728.949999999997,32665.059999999998,Wallet,Completed
f05decff-45e7-4a4a-9019-0b81ba74d299,2026_W22,O50489,U34964,P37,2026-05-31 01:54:07,3,9886.76,2348.7,144.23,4916.08,29660.28,27311.579999999998,UPI,Completed
f05decff-45e7-4a4a-9019-0b81ba74d299,2026_W22,O50490,U26980,P175,2026-05-31 03:07:09,2,10082.38,1443.2,101.46,3369.88,20164.76,18721.559999999998,UPI,Completed
f05decff-45e7-4a4a-9019-0b81ba74d299,2026_W22,O50491,U15173,P157,2026-05-27 05:40:43,1,5290.96,628.75,191.63,839.2,5290.96,4662.21,UPI,Completed
f05decff-45e7-4a4a-9019-0b81ba74d299,2026_W22,O50492,U3929,P174,2026-05-31 02:04:41,2,3233.65,581.17,78.37,1059.5,6467.3,5886.13,UPI,Completed
f05decff-45e7-4a4a-9019-0b81ba74d299,2026_W22,O50493,U5851,P153,2026-05-29 05:57:51,3,11343.81,1685.76,79.28,5822.22,34031.43,32345.670000000002,UPI,Completed
f05decff-45e7-4a4a-9019-0b81ba74d299,2026_W22,O50494,U34299,P59,2026-05-26 22:11:15,1,4892.96,105.66,109.54,861.71,4892.96,4787.3,Credit Card,Completed
f05decff-45e7-4a4a-9019-0b81ba74d299,2026_W22,O50495,U29515,P193,2026-05-27 09:49:43,4,5013.68,1256.63,57.63,3383.66,20054.72,18798.09,Credit Card,Completed
f05decff-45e7-4a4a-9019-0b81ba74d299,2026_W22,O50496,U32043,P41,2026-05-26 22:31:09,3,7272.45,3197.96,119.77,3351.49,21817.35,18619.39,Credit Card,Completed
f05decff-45e7-4a4a-9019-0b81ba74d299,2026_W22,O50497,U3540,P6,2026-05-29 07:46:22,2,7042.99,124.9,128.32,2512.99,14085.98,13961.08,UPI,Completed
f05decff-45e7-4a4a-9019-0b81ba74d299,2026_W22,O50498,U32028,P135,2026-05-25 23:41:24,1,7738.35,1018.02,107.69,1209.66,7738.35,6720.33,Debit Card,Completed
f05decff-45e7-4a4a-9019-0b81ba74d299,2026_W22,O50499,U12890,P169,2026-05-28 13:00:15,4,3759.37,1602.85,70.09,2418.23,15037.48,13434.63,UPI,Completed
f05decff-45e7-4a4a-9019-0b81ba74d299,2026_W22,O50500,U21605,P121,2026-05-26 08:46:47,3,9562.01,340.71,108.18,5102.16,28686.03,28345.32,Debit Card,Completed
f05decff-45e7-4a4a-9019-0b81ba74d299,2026_W22,O50501,U20612,P180,2026-05-30 14:17:54,1,6781.04,233.45,125.64,1178.57,6781.04,6547.59,Wallet,Completed
f05decff-45e7-4a4a-9019-0b81ba74d299,2026_W22,O50502,U3222,P103,2026-05-29 17:59:28,1,5314.76,505.39,195.29,865.69,5314.76,4809.37,Wallet,Completed
f05decff-45e7-4a4a-9019-0b81ba74d299,2026_W22,O50503,U6008,P99,2026-05-30 15:08:17,3,4457.11,137.41,83.35,2382.11,13371.329999999998,13233.919999999998,Debit Card,Completed
f05decff-45e7-4a4a-9019-0b81ba74d299,2026_W22,O50504,U17656,P88,2026-05-28 19:02:55,4,2502.34,512.62,143.55,1709.41,10009.36,9496.74,Wallet,Completed
f05decff-45e7-4a4a-9019-0b81ba74d299,2026_W22,O50505,U26041,P155,2026-05-28 11:24:25,4,8707.69,3237.26,171.65,5686.83,34830.76,31593.5,UPI,Completed
f05decff-45e7-4a4a-9019-0b81ba74d299,2026_W22,O50506,U22282,P39,2026-05-30 01:05:08,2,5048.64,544.85,124.68,1719.44,10097.28,9552.43,Credit Card,Completed
f05decff-45e7-4a4a-9019-0b81ba74d299,2026_W22,O50507,U19257,P190,2026-05-29 12:13:25,2,10065.15,2285.7,198.57,3212.03,20130.3,17844.6,Debit Card,Completed
f05decff-45e7-4a4a-9019-0b81ba74d299,2026_W22,O50508,U34220,P73,2026-05-30 22:05:18,1,10930.99,1351.67,191.43,1724.28,10930.99,9579.32,Debit Card,Completed
f05decff-45e7-4a4a-9019-0b81ba74d299,2026_W22,O50509,U15135,P132,2026-05-30 08:15:18,3,5087.03,1854.72,152.32,2413.15,15261.09,13406.37,Credit Card,Completed
f05decff-45e7-4a4a-9019-0b81ba74d299,2026_W22,O50510,U6496,P150,2026-05-28 19:37:00,4,7278.62,4357.67,142.15,4456.23,29114.48,24756.809999999998,Debit Card,Completed
f05decff-45e7-4a4a-9019-0b81ba74d299,2026_W22,O50511,U10594,P200,2026-05-25 22:30:47,1,9143.2,1271.86,156.76,1416.84,9143.2,7871.340000000001,Credit Card,Completed
f05decff-45e7-4a4a-9019-0b81ba74d299,2026_W22,O50512,U21496,P118,2026-05-31 14:39:24,3,5463.26,1709.38,71.68,2642.47,16389.78,14680.399999999998,Credit Card,Completed
f05decff-45e7-4a4a-9019-0b81ba74d299,2026_W22,O50513,U4678,P92,2026-05-30 03:35:55,4,7099.99,3187.94,124.52,4538.16,28399.96,25212.02,UPI,Completed
f05decff-45e7-4a4a-9019-0b81ba74d299,2026_W22,O50514,U29107,P43,2026-05-31 00:26:26,2,9948.84,804.91,184.95,3436.7,19897.68,19092.77,Debit Card,Completed
f05decff-45e7-4a4a-9019-0b81ba74d299,2026_W22,O50515,U5200,P24,2026-05-29 07:55:12,1,4886.78,426.69,153.75,802.82,4886.78,4460.09,UPI,Completed
f05decff-45e7-4a4a-9019-0b81ba74d299,2026_W22,O50516,U11714,P182,2026-05-28 22:12:10,3,6023.28,2279.69,199.48,2842.23,18069.84,15790.15,Wallet,Completed
f05decff-45e7-4a4a-9019-0b81ba74d299,2026_W22,O50517,U14327,P20,2026-05-31 16:31:35,4,6465.0,307.57,152.34,4599.44,25860.0,25552.43,Credit Card,Completed
f05decff-45e7-4a4a-9019-0b81ba74d299,2026_W22,O50518,U27100,P165,2026-05-30 23:03:43,4,4063.67,1668.31,131.75,2625.55,16254.68,14586.37,Debit Card,Completed
f05decff-45e7-4a4a-9019-0b81ba74d299,2026_W22,O50519,U10884,P72,2026-05-31 05:00:09,2,8163.39,240.3,138.71,2895.57,16326.78,16086.480000000001,UPI,Completed
f05decff-45e7-4a4a-9019-0b81ba74d299,2026_W22,O50520,U23876,P42,2026-05-30 16:23:48,4,5949.92,2623.51,196.68,3811.71,23799.68,21176.17,UPI,Completed
f05decff-45e7-4a4a-9019-0b81ba74d299,2026_W22,O50521,U1202,P50,2026-05-28 04:03:48,2,2033.45,35.56,82.49,725.64,4066.9,4031.34,Debit Card,Completed
f05decff-45e7-4a4a-9019-0b81ba74d299,2026_W22,O50522,U14690,P14,2026-05-26 13:49:00,1,4944.6,441.13,140.99,810.62,4944.6,4503.47,Wallet,Completed
f05decff-45e7-4a4a-9019-0b81ba74d299,2026_W22,O50523,U25236,P110,2026-05-30 08:25:03,3,1984.17,872.13,144.21,914.47,5952.51,5080.38,UPI,Completed
f05decff-45e7-4a4a-9019-0b81ba74d299,2026_W22,O50524,U29916,P197,2026-05-31 21:29:00,1,3825.75,401.07,55.55,616.44,3825.75,3424.68,Wallet,Completed
f05decff-45e7-4a4a-9019-0b81ba74d299,2026_W22,O50525,U31457,P191,2026-05-26 06:06:38,4,4973.99,1743.24,176.21,3267.49,19895.96,18152.719999999998,Debit Card,Completed
f05decff-45e7-4a4a-9019-0b81ba74d299,2026_W22,O50526,U29793,P95,2026-05-31 01:55:19,3,1959.5,465.19,157.07,974.4,5878.5,5413.31,Credit Card,Completed
f05decff-45e7-4a4a-9019-0b81ba74d299,2026_W22,O50527,U11010,P158,2026-05-30 22:55:56,1,6839.61,3.54,162.99,1230.49,6839.61,6836.07,Credit Card,Completed
f05decff-45e7-4a4a-9019-0b81ba74d299,2026_W22,O50528,U28506,P59,2026-05-29 15:54:38,1,4892.96,171.28,188.81,849.9,4892.96,4721.68,Wallet,Completed
f05decff-45e7-4a4a-9019-0b81ba74d299,2026_W22,O50529,U24351,P163,2026-05-26 07:43:20,2,2156.08,216.67,54.79,737.19,4312.16,4095.49,Wallet,Completed
f05decff-45e7-4a4a-9019-0b81ba74d299,2026_W22,O50530,U32002,P105,2026-05-26 10:26:02,2,7337.42,2142.41,67.77,2255.84,14674.84,12532.43,Debit Card,Completed
f05decff-45e7-4a4a-9019-0b81ba74d299,2026_W22,O50531,U6940,P55,2026-05-28 16:10:42,3,10434.9,641.13,170.98,5519.44,31304.699999999997,30663.569999999996,Debit Card,Completed
f05decff-45e7-4a4a-9019-0b81ba74d299,2026_W22,O50532,U26393,P82,2026-05-26 02:36:13,3,1796.79,624.58,51.65,857.84,5390.37,4765.79,Credit Card,Completed
f05decff-45e7-4a4a-9019-0b81ba74d299,2026_W22,O50533,U7606,P57,2026-05-29 23:53:47,3,3408.89,398.39,166.28,1769.09,10226.67,9828.28,UPI,Completed
f05decff-45e7-4a4a-9019-0b81ba74d299,2026_W22,O50534,U22978,P109,2026-05-30 11:37:49,3,5251.93,546.95,158.13,2737.59,15755.79,15208.84,UPI,Completed
f05decff-45e7-4a4a-9019-0b81ba74d299,2026_W22,O50535,U15173,P125,2026-05-26 20:45:15,2,5593.86,944.76,182.07,1843.73,11187.72,10242.96,Credit Card,Completed
f05decff-45e7-4a4a-9019-0b81ba74d299,2026_W22,O50536,U19301,P46,2026-05-26 10:25:07,2,7595.79,2004.08,95.96,2373.75,15191.58,13187.5,Credit Card,Completed
f05decff-45e7-4a4a-9019-0b81ba74d299,2026_W22,O50537,U19986,P155,2026-05-27 20:19:47,3,8707.69,1900.95,62.43,4359.98,26123.07,24222.12,Wallet,Completed
f05decff-45e7-4a4a-9019-0b81ba74d299,2026_W22,O50538,U15247,P160,2026-05-28 01:53:21,3,6919.48,1691.53,183.78,3432.04,20758.44,19066.91,Debit Card,Completed
f05decff-45e7-4a4a-9019-0b81ba74d299,2026_W22,O50539,U7461,P71,2026-05-29 11:48:28,3,5001.28,814.69,128.32,2554.05,15003.84,14189.15,Wallet,Completed
f05decff-45e7-4a4a-9019-0b81ba74d299,2026_W22,O50540,U21496,P125,2026-05-30 17:06:33,4,5593.86,1632.28,152.24,3733.77,22375.44,20743.16,Debit Card,Completed
f05decff-45e7-4a4a-9019-0b81ba74d299,2026_W22,O50541,U34729,P164,2026-05-31 00:58:09,4,7269.88,4144.9,185.26,4488.23,29079.52,24934.620000000003,UPI,Completed
f05decff-45e7-4a4a-9019-0b81ba74d299,2026_W22,O50542,U15767,P182,2026-05-30 23:06:43,1,6023.28,168.42,140.32,1053.87,6023.28,5854.86,Debit Card,Completed
f05decff-45e7-4a4a-9019-0b81ba74d299,2026_W22,O50543,U32002,P122,2026-05-27 05:39:51,2,5135.97,115.38,115.34,1828.18,10271.94,10156.560000000001,Debit Card,Completed
f05decff-45e7-4a4a-9019-0b81ba74d299,2026_W22,O50544,U26788,P2,2026-05-29 17:33:14,4,1543.5,914.5,144.45,946.71,6174.0,5259.5,Debit Card,Completed
f05decff-45e7-4a4a-9019-0b81ba74d299,2026_W22,O50545,U20392,P48,2026-05-28 10:59:34,1,10990.29,1431.23,115.43,1720.63,10990.29,9559.060000000001,Debit Card,Completed
f05decff-45e7-4a4a-9019-0b81ba74d299,2026_W22,O50546,U12358,P116,2026-05-27 10:53:48,1,4661.13,386.1,193.0,769.51,4661.13,4275.03,Debit Card,Completed
f05decff-45e7-4a4a-9019-0b81ba74d299,2026_W22,O50547,U5452,P4,2026-05-29 20:48:16,2,11646.79,60.64,51.21,4181.93,23293.58,23232.940000000002,Debit Card,Completed
f05decff-45e7-4a4a-9019-0b81ba74d299,2026_W22,O50548,U15085,P1,2026-05-27 12:47:08,2,6823.54,1931.31,153.96,2108.84,13647.08,11715.77,UPI,Completed
f05decff-45e7-4a4a-9019-0b81ba74d299,2026_W22,O50549,U961,P199,2026-05-30 20:12:53,3,10122.76,3236.2,184.67,4883.77,30368.28,27132.079999999998,Credit Card,Completed
f05decff-45e7-4a4a-9019-0b81ba74d299,2026_W22,O50550,U22349,P33,2026-05-26 20:09:34,3,7861.44,633.78,70.21,4131.1,23584.32,22950.54,Wallet,Completed
f05decff-45e7-4a4a-9019-0b81ba74d299,2026_W22,O50551,U13840,P84,2026-05-26 06:58:05,2,8271.97,2132.93,81.32,2593.98,16543.94,14411.009999999998,Credit Card,Completed
f05decff-45e7-4a4a-9019-0b81ba74d299,2026_W22,O50552,U23298,P6,2026-05-30 22:31:05,1,7042.99,783.19,117.25,1126.76,7042.99,6259.799999999999,Wallet,Completed
f05decff-45e7-4a4a-9019-0b81ba74d299,2026_W22,O50553,U20609,P14,2026-05-30 15:50:58,1,4944.6,440.81,129.48,810.68,4944.6,4503.79,UPI,Completed
f05decff-45e7-4a4a-9019-0b81ba74d299,2026_W22,O50554,U23614,P139,2026-05-28 10:31:14,1,7513.32,626.6,129.01,1239.61,7513.32,6886.719999999999,Wallet,Completed
f05decff-45e7-4a4a-9019-0b81ba74d299,2026_W22,O50555,U21314,P93,2026-05-28 07:39:32,2,5224.43,131.26,87.77,1857.17,10448.86,10317.6,UPI,Completed
f05decff-45e7-4a4a-9019-0b81ba74d299,2026_W22,O50556,U12686,P194,2026-05-30 07:38:00,4,3163.97,155.78,148.85,2250.02,12655.88,12500.099999999999,UPI,Completed
f05decff-45e7-4a4a-9019-0b81ba74d299,2026_W22,O50557,U33110,P200,2026-05-28 01:19:08,2,9143.2,658.23,74.96,3173.07,18286.4,17628.170000000002,Debit Card,Completed
f05decff-45e7-4a4a-9019-0b81ba74d299,2026_W22,O50558,U16938,P109,2026-05-26 08:06:24,1,5251.93,243.8,89.79,901.46,5251.93,5008.13,Wallet,Completed
f05decff-45e7-4a4a-9019-0b81ba74d299,2026_W22,O50559,U16855,P197,2026-05-28 08:29:06,4,3825.75,494.3,80.01,2665.57,15303.0,14808.7,Wallet,Completed
f05decff-45e7-4a4a-9019-0b81ba74d299,2026_W22,O50560,U13185,P183,2026-05-27 03:14:31,3,9215.45,2057.89,91.02,4605.92,27646.350000000002,25588.460000000003,Debit Card,Completed
f05decff-45e7-4a4a-9019-0b81ba74d299,2026_W22,O50561,U10765,P174,2026-05-30 14:46:49,4,3233.65,104.74,61.7,2309.37,12934.6,12829.86,UPI,Completed
f05decff-45e7-4a4a-9019-0b81ba74d299,2026_W22,O50562,U14311,P120,2026-05-31 02:09:26,2,8125.66,873.9,135.78,2767.94,16251.32,15377.42,UPI,Completed
f05decff-45e7-4a4a-9019-0b81ba74d299,2026_W22,O50563,U8319,P78,2026-05-29 16:00:06,1,4707.59,510.95,165.51,755.4,4707.59,4196.64,Credit Card,Completed
f05decff-45e7-4a4a-9019-0b81ba74d299,2026_W22,O50564,U4198,P100,2026-05-30 02:18:46,4,7089.35,1673.14,92.08,4803.17,28357.4,26684.260000000002,Wallet,Completed
f05decff-45e7-4a4a-9019-0b81ba74d299,2026_W22,O50565,U23338,P190,2026-05-28 22:48:01,3,10065.15,3990.98,77.92,4716.8,30195.449999999997,26204.469999999998,Wallet,Completed
f05decff-45e7-4a4a-9019-0b81ba74d299,2026_W22,O50566,U244,P183,2026-05-30 15:16:13,1,9215.45,1041.71,176.08,1471.27,9215.45,8173.740000000001,Wallet,Completed
f05decff-45e7-4a4a-9019-0b81ba74d299,2026_W22,O50567,U22617,P96,2026-05-29 14:26:03,2,6676.27,492.97,77.08,2314.72,13352.54,12859.570000000002,Wallet,Completed
f05decff-45e7-4a4a-9019-0b81ba74d299,2026_W22,O50568,U27809,P150,2026-05-30 16:06:52,4,7278.62,2759.63,181.14,4743.87,29114.48,26354.85,Wallet,Completed
f05decff-45e7-4a4a-9019-0b81ba74d299,2026_W22,O50569,U34891,P122,2026-05-31 03:38:10,4,5135.97,1338.75,128.1,3456.92,20543.88,19205.13,Debit Card,Completed
f05decff-45e7-4a4a-9019-0b81ba74d299,2026_W22,O50570,U18241,P57,2026-05-31 18:18:14,3,3408.89,1309.4,154.75,1605.11,10226.67,8917.27,Debit Card,Completed
f05decff-45e7-4a4a-9019-0b81ba74d299,2026_W22,O50571,U19298,P61,2026-05-27 07:35:21,4,7261.62,1202.49,182.07,5011.92,29046.48,27843.989999999998,Wallet,Completed
f05decff-45e7-4a4a-9019-0b81ba74d299,2026_W22,O50572,U16764,P138,2026-05-28 19:28:00,3,5599.95,733.7,137.45,2891.91,16799.85,16066.149999999998,Credit Card,Completed
f05decff-45e7-4a4a-9019-0b81ba74d299,2026_W22,O50573,U31369,P146,2026-05-30 16:29:28,3,4559.37,1002.51,62.2,2281.61,13678.11,12675.6,Wallet,Completed
f05decff-45e7-4a4a-9019-0b81ba74d299,2026_W22,O50574,U352,P117,2026-05-27 10:25:21,2,3717.32,766.82,94.57,1200.21,7434.64,6667.820000000001,UPI,Completed
f05decff-45e7-4a4a-9019-0b81ba74d299,2026_W22,O50575,U25979,P124,2026-05-30 11:22:06,4,7063.56,521.66,131.97,4991.86,28254.24,27732.58,Credit Card,Completed
f05decff-45e7-4a4a-9019-0b81ba74d299,2026_W22,O50576,U18158,P181,2026-05-30 02:09:00,2,8581.69,2425.39,151.96,2652.84,17163.38,14737.990000000002,UPI,Completed
f05decff-45e7-4a4a-9019-0b81ba74d299,2026_W22,O50577,U14446,P174,2026-05-30 13:19:14,1,3233.65,137.58,124.07,557.29,3233.65,3096.07,Credit Card,Completed
f05decff-45e7-4a4a-9019-0b81ba74d299,2026_W22,O50578,U13437,P68,2026-05-26 06:17:37,4,10947.39,5208.88,186.41,6944.52,43789.56,38580.68,Debit Card,Completed
f05decff-45e7-4a4a-9019-0b81ba74d299,2026_W22,O50579,U30260,P77,2026-05-29 16:47:43,3,6432.15,1050.0,131.03,3284.36,19296.449999999997,18246.449999999997,Debit Card,Completed
f05decff-45e7-4a4a-9019-0b81ba74d299,2026_W22,O50580,U12434,P88,2026-05-28 07:27:54,1,2502.34,188.15,75.09,416.55,2502.34,2314.19,UPI,Completed
f05decff-45e7-4a4a-9019-0b81ba74d299,2026_W22,O50581,U23419,P135,2026-05-28 19:46:14,2,7738.35,1705.47,134.88,2478.82,15476.7,13771.230000000001,UPI,Completed
f05decff-45e7-4a4a-9019-0b81ba74d299,2026_W22,O50582,U92,P25,2026-05-29 22:56:20,2,4602.38,1038.61,149.52,1469.91,9204.76,8166.150000000001,Debit Card,Completed
f05decff-45e7-4a4a-9019-0b81ba74d299,2026_W22,O50583,U4270,P77,2026-05-30 16:09:30,3,6432.15,499.15,141.27,3383.51,19296.449999999997,18797.299999999996,Wallet,Completed
f05decff-45e7-4a4a-9019-0b81ba74d299,2026_W22,O50584,U26632,P100,2026-05-29 03:38:11,1,7089.35,1000.33,132.64,1096.02,7089.35,6089.02,Credit Card,Completed
f05decff-45e7-4a4a-9019-0b81ba74d299,2026_W22,O50585,U30771,P51,2026-05-29 08:09:57,1,6572.59,630.6,142.37,1069.56,6572.59,5941.99,Debit Card,Completed
f05decff-45e7-4a4a-9019-0b81ba74d299,2026_W22,O50586,U9459,P73,2026-05-26 21:50:17,4,10930.99,3940.66,147.31,7160.99,43723.96,39783.3,Debit Card,Completed
f05decff-45e7-4a4a-9019-0b81ba74d299,2026_W22,O50587,U4561,P126,2026-05-30 00:46:40,3,7171.16,3115.31,151.59,3311.67,21513.48,18398.17,UPI,Completed
f05decff-45e7-4a4a-9019-0b81ba74d299,2026_W22,O50588,U31517,P114,2026-05-30 12:41:33,2,4373.67,1252.71,52.04,1349.03,8747.34,7494.63,UPI,Completed
f05decff-45e7-4a4a-9019-0b81ba74d299,2026_W22,O50589,U10557,P165,2026-05-31 12:41:15,3,4063.67,274.63,139.53,2144.95,12191.01,11916.380000000001,Wallet,Completed
f05decff-45e7-4a4a-9019-0b81ba74d299,2026_W22,O50590,U32347,P134,2026-05-30 22:20:33,1,3654.35,366.59,91.88,591.8,3654.35,3287.7599999999998,UPI,Completed
f05decff-45e7-4a4a-9019-0b81ba74d299,2026_W22,O50591,U24135,P139,2026-05-29 23:27:55,3,7513.32,1811.76,176.89,3731.08,22539.96,20728.2,Credit Card,Completed
f05decff-45e7-4a4a-9019-0b81ba74d299,2026_W22,O50592,U27649,P76,2026-05-26 13:21:53,2,3664.46,867.14,198.96,1163.12,7328.92,6461.78,Debit Card,Completed
f05decff-45e7-4a4a-9019-0b81ba74d299,2026_W22,O50593,U5474,P119,2026-05-29 02:46:36,2,10133.79,488.01,187.03,3560.32,20267.58,19779.570000000003,Credit Card,Completed
f05decff-45e7-4a4a-9019-0b81ba74d299,2026_W22,O50594,U25328,P151,2026-05-30 02:24:56,3,7426.21,11.5,120.59,4008.08,22278.63,22267.13,Debit Card,Completed
f05decff-45e7-4a4a-9019-0b81ba74d299,2026_W22,O50595,U6023,P189,2026-05-31 09:53:08,1,7353.02,131.8,95.81,1299.82,7353.02,7221.22,Debit Card,Completed
f05decff-45e7-4a4a-9019-0b81ba74d299,2026_W22,O50596,U32838,P109,2026-05-26 20:36:02,1,5251.93,438.94,131.23,866.34,5251.93,4812.990000000001,Debit Card,Completed
f05decff-45e7-4a4a-9019-0b81ba74d299,2026_W22,O50597,U21204,P189,2026-05-28 08:53:13,4,7353.02,4068.43,156.76,4561.86,29412.08,25343.65,Debit Card,Completed
f05decff-45e7-4a4a-9019-0b81ba74d299,2026_W22,O50598,U30956,P75,2026-05-26 22:42:26,4,3046.83,150.17,174.55,2166.69,12187.32,12037.15,UPI,Completed
f05decff-45e7-4a4a-9019-0b81ba74d299,2026_W22,O50599,U25458,P53,2026-05-28 20:19:39,2,8018.26,1488.16,98.02,2618.7,16036.52,14548.36,Debit Card,Completed
f05decff-45e7-4a4a-9019-0b81ba74d299,2026_W22,O50600,U4951,P20,2026-05-27 15:37:40,4,6465.0,1482.66,187.62,4387.92,25860.0,24377.34,UPI,Completed
f05decff-45e7-4a4a-9019-0b81ba74d299,2026_W22,O50601,U32618,P130,2026-05-26 14:09:48,1,11039.76,807.34,194.53,1841.84,11039.76,10232.42,Wallet,Completed
f05decff-45e7-4a4a-9019-0b81ba74d299,2026_W22,O50602,U9460,P194,2026-05-30 15:19:14,1,3163.97,300.45,117.14,515.43,3163.97,2863.52,Credit Card,Completed
f05decff-45e7-4a4a-9019-0b81ba74d299,2026_W22,O50603,U1183,P159,2026-05-26 18:17:25,2,8714.84,1668.61,175.7,2836.99,17429.68,15761.07,Wallet,Completed
f05decff-45e7-4a4a-9019-0b81ba74d299,2026_W22,O50604,U17881,P44,2026-05-27 01:47:11,3,1679.28,744.42,117.22,772.82,5037.84,4293.42,UPI,Completed
f05decff-45e7-4a4a-9019-0b81ba74d299,2026_W22,O50605,U6745,P97,2026-05-30 01:21:06,2,5383.07,1479.87,120.76,1671.53,10766.14,9286.27,UPI,Completed
f05decff-45e7-4a4a-9019-0b81ba74d299,2026_W22,O50606,U34650,P152,2026-05-27 17:27:44,2,1970.06,395.48,154.7,638.04,3940.12,3544.64,Debit Card,Completed
f05decff-45e7-4a4a-9019-0b81ba74d299,2026_W22,O50607,U30184,P110,2026-05-26 17:12:49,3,1984.17,138.36,86.08,1046.55,5952.51,5814.150000000001,Credit Card,Completed
f05decff-45e7-4a4a-9019-0b81ba74d299,2026_W22,O50608,U14242,P21,2026-05-31 05:59:51,1,7585.24,61.48,140.98,1354.28,7585.24,7523.76,Wallet,Completed
f05decff-45e7-4a4a-9019-0b81ba74d299,2026_W22,O50609,U5097,P137,2026-05-29 14:00:22,1,4729.65,676.21,173.74,729.62,4729.65,4053.4399999999996,Wallet,Completed
f05decff-45e7-4a4a-9019-0b81ba74d299,2026_W22,O50610,U7604,P41,2026-05-30 02:51:45,2,7272.45,1463.37,85.99,2354.68,14544.9,13081.529999999999,Credit Card,Completed
f05decff-45e7-4a4a-9019-0b81ba74d299,2026_W22,O50611,U34579,P101,2026-05-26 05:19:54,1,2760.68,241.82,188.75,453.39,2760.68,2518.8599999999997,Credit Card,Completed
f05decff-45e7-4a4a-9019-0b81ba74d299,2026_W22,O50612,U23306,P198,2026-05-31 13:14:13,2,8888.97,1736.19,156.27,2887.51,17777.94,16041.749999999998,Wallet,Completed
f05decff-45e7-4a4a-9019-0b81ba74d299,2026_W22,O50613,U2702,P113,2026-05-31 03:32:28,1,2934.32,101.15,172.31,509.97,2934.32,2833.17,UPI,Completed
f05decff-45e7-4a4a-9019-0b81ba74d299,2026_W22,O50614,U16882,P69,2026-05-30 16:52:27,2,5881.18,315.23,136.43,2060.48,11762.36,11447.130000000001,UPI,Completed
f05decff-45e7-4a4a-9019-0b81ba74d299,2026_W22,O50615,U3692,P172,2026-05-31 10:44:19,2,9925.52,1181.05,74.94,3360.6,19851.04,18669.99,UPI,Completed
f05decff-45e7-4a4a-9019-0b81ba74d299,2026_W22,O50616,U3929,P166,2026-05-28 01:44:35,1,8475.87,788.1,73.29,1383.8,8475.87,7687.77,Wallet,Completed
f05decff-45e7-4a4a-9019-0b81ba74d299,2026_W22,O50617,U16917,P138,2026-05-26 12:33:26,2,5599.95,696.42,153.41,1890.63,11199.9,10503.48,UPI,Completed
f05decff-45e7-4a4a-9019-0b81ba74d299,2026_W22,O50618,U3223,P71,2026-05-29 08:57:58,4,5001.28,2568.18,162.64,3138.65,20005.12,17436.94,UPI,Completed
f05decff-45e7-4a4a-9019-0b81ba74d299,2026_W22,O50619,U12522,P63,2026-05-26 11:09:56,4,5767.08,1056.94,159.38,3962.05,23068.32,22011.38,Wallet,Completed
f05decff-45e7-4a4a-9019-0b81ba74d299,2026_W22,O50620,U25545,P183,2026-05-31 07:00:54,3,9215.45,1351.21,139.14,4733.13,27646.350000000002,26295.140000000003,UPI,Completed
f05decff-45e7-4a4a-9019-0b81ba74d299,2026_W22,O50621,U14158,P150,2026-05-29 19:21:20,1,7278.62,248.88,131.58,1265.35,7278.62,7029.74,Debit Card,Completed
f05decff-45e7-4a4a-9019-0b81ba74d299,2026_W22,O50622,U32156,P112,2026-05-29 05:01:09,1,4659.89,90.16,177.78,822.55,4659.89,4569.7300000000005,Debit Card,Completed
f05decff-45e7-4a4a-9019-0b81ba74d299,2026_W22,O50623,U7203,P111,2026-05-30 04:26:05,4,9541.24,4388.27,140.82,6079.8,38164.96,33776.69,UPI,Completed
f05decff-45e7-4a4a-9019-0b81ba74d299,2026_W22,O50624,U34589,P46,2026-05-26 08:04:24,3,7595.79,47.14,180.78,4093.24,22787.37,22740.23,Debit Card,Completed
f05decff-45e7-4a4a-9019-0b81ba74d299,2026_W22,O50625,U18095,P165,2026-05-29 19:05:59,3,4063.67,9.1,196.62,2192.74,12191.01,12181.91,Wallet,Completed
f05decff-45e7-4a4a-9019-0b81ba74d299,2026_W22,O50626,U17184,P24,2026-05-26 19:50:42,4,4886.78,1793.8,70.07,3195.6,19547.12,17753.32,Wallet,Completed
f05decff-45e7-4a4a-9019-0b81ba74d299,2026_W22,O50627,U32541,P130,2026-05-30 04:14:59,4,11039.76,1544.36,121.05,7670.64,44159.04,42614.68,Debit Card,Completed
f05decff-45e7-4a4a-9019-0b81ba74d299,2026_W22,O50628,U22051,P66,2026-05-29 11:33:41,2,5399.1,129.69,161.07,1920.33,10798.2,10668.51,UPI,Completed
f05decff-45e7-4a4a-9019-0b81ba74d299,2026_W22,O50629,U22855,P180,2026-05-30 12:49:53,4,6781.04,2359.1,125.95,4457.71,27124.16,24765.06,Credit Card,Completed
f05decff-45e7-4a4a-9019-0b81ba74d299,2026_W22,O50630,U14187,P6,2026-05-30 04:22:06,1,7042.99,379.53,131.78,1199.42,7042.99,6663.46,Debit Card,Completed
f05decff-45e7-4a4a-9019-0b81ba74d299,2026_W22,O50631,U7374,P68,2026-05-29 01:07:55,4,10947.39,6194.41,55.93,6767.13,43789.56,37595.149999999994,Credit Card,Completed
f05decff-45e7-4a4a-9019-0b81ba74d299,2026_W22,O50632,U22769,P125,2026-05-27 15:38:12,2,5593.86,48.26,134.94,2005.1,11187.72,11139.46,UPI,Completed
f05decff-45e7-4a4a-9019-0b81ba74d299,2026_W22,O50633,U24992,P68,2026-05-27 12:57:31,2,10947.39,401.71,144.68,3868.75,21894.78,21493.07,Wallet,Completed
f05decff-45e7-4a4a-9019-0b81ba74d299,2026_W22,O50634,U2019,P22,2026-05-27 23:11:11,3,6284.85,1024.36,179.35,3209.43,18854.550000000003,17830.190000000002,Credit Card,Completed
f05decff-45e7-4a4a-9019-0b81ba74d299,2026_W22,O50635,U15006,P185,2026-05-31 19:24:28,3,8108.47,3390.51,124.81,3768.28,24325.41,20934.9,Debit Card,Completed
f05decff-45e7-4a4a-9019-0b81ba74d299,2026_W22,O50636,U7241,P3,2026-05-26 05:09:15,1,6299.72,681.43,197.53,1011.29,6299.72,5618.29,Credit Card,Completed
f05decff-45e7-4a4a-9019-0b81ba74d299,2026_W22,O50637,U24992,P181,2026-05-27 13:40:21,3,8581.69,3059.45,61.13,4083.41,25745.07,22685.62,Debit Card,Completed
f05decff-45e7-4a4a-9019-0b81ba74d299,2026_W22,O50638,U1314,P143,2026-05-31 16:33:25,4,6038.03,197.95,92.01,4311.75,24152.12,23954.17,UPI,Completed
f05decff-45e7-4a4a-9019-0b81ba74d299,2026_W22,O50639,U18167,P133,2026-05-29 23:35:16,1,7230.51,250.82,101.22,1256.34,7230.51,6979.6900000000005,Debit Card,Completed
f05decff-45e7-4a4a-9019-0b81ba74d299,2026_W22,O50640,U3163,P156,2026-05-27 15:14:05,1,2183.92,309.46,116.48,337.4,2183.92,1874.46,Credit Card,Completed
f05decff-45e7-4a4a-9019-0b81ba74d299,2026_W22,O50641,U13101,P28,2026-05-27 15:00:13,2,3349.46,707.72,126.27,1078.42,6698.92,5991.2,Wallet,Completed
f05decff-45e7-4a4a-9019-0b81ba74d299,2026_W22,O50642,U1216,P119,2026-05-29 17:56:59,2,10133.79,2363.18,122.57,3222.79,20267.58,17904.4,UPI,Completed
f05decff-45e7-4a4a-9019-0b81ba74d299,2026_W22,O50643,U16818,P57,2026-05-28 14:24:09,3,3408.89,189.44,53.03,1806.7,10226.67,10037.23,Credit Card,Completed
f05decff-45e7-4a4a-9019-0b81ba74d299,2026_W22,O50644,U8249,P59,2026-05-26 20:32:30,4,4892.96,55.88,139.92,3512.87,19571.84,19515.96,Credit Card,Completed
f05decff-45e7-4a4a-9019-0b81ba74d299,2026_W22,O50645,U19865,P175,2026-05-26 08:01:55,1,10082.38,450.11,83.65,1733.81,10082.38,9632.269999999999,UPI,Completed
f05decff-45e7-4a4a-9019-0b81ba74d299,2026_W22,O50646,U20574,P50,2026-05-26 18:23:54,3,2033.45,432.33,147.46,1020.24,6100.35,5668.02,Debit Card,Completed
f05decff-45e7-4a4a-9019-0b81ba74d299,2026_W22,O50647,U17994,P68,2026-05-26 16:48:35,1,10947.39,381.72,135.59,1901.82,10947.39,10565.67,UPI,Completed
f05decff-45e7-4a4a-9019-0b81ba74d299,2026_W22,O50648,U7141,P107,2026-05-27 18:53:37,2,3660.65,792.6,82.54,1175.17,7321.3,6528.7,UPI,Completed
f05decff-45e7-4a4a-9019-0b81ba74d299,2026_W22,O50649,U2643,P139,2026-05-28 02:12:45,1,7513.32,903.88,53.18,1189.7,7513.32,6609.44,Debit Card,Completed
f05decff-45e7-4a4a-9019-0b81ba74d299,2026_W22,O50650,U23053,P139,2026-05-31 18:50:34,1,7513.32,1073.69,149.23,1159.13,7513.32,6439.629999999999,UPI,Completed
f05decff-45e7-4a4a-9019-0b81ba74d299,2026_W22,O50651,U33812,P128,2026-05-29 15:16:24,3,3133.44,790.43,186.36,1549.78,9400.32,8609.89,Wallet,Completed
f05decff-45e7-4a4a-9019-0b81ba74d299,2026_W22,O50652,U17178,P187,2026-05-30 03:50:21,3,4000.12,560.27,190.06,2059.22,12000.36,11440.09,UPI,Completed
f05decff-45e7-4a4a-9019-0b81ba74d299,2026_W22,O50653,U19141,P41,2026-05-26 14:51:49,1,7272.45,801.04,118.18,1164.85,7272.45,6471.41,Debit Card,Completed
f05decff-45e7-4a4a-9019-0b81ba74d299,2026_W22,O50654,U15547,P3,2026-05-30 13:29:32,4,6299.72,3093.11,55.6,3979.04,25198.88,22105.77,UPI,Completed
f05decff-45e7-4a4a-9019-0b81ba74d299,2026_W22,O50655,U18109,P183,2026-05-31 11:12:26,1,9215.45,718.06,113.91,1529.53,9215.45,8497.390000000001,UPI,Completed
f05decff-45e7-4a4a-9019-0b81ba74d299,2026_W22,O50656,U13437,P91,2026-05-27 12:34:30,3,4627.39,1107.31,189.46,2299.47,13882.170000000002,12774.860000000002,Credit Card,Completed
f05decff-45e7-4a4a-9019-0b81ba74d299,2026_W22,O50657,U15637,P111,2026-05-27 08:34:02,2,9541.24,830.72,93.71,3285.32,19082.48,18251.76,Wallet,Completed
f05decff-45e7-4a4a-9019-0b81ba74d299,2026_W22,O50658,U33035,P161,2026-05-27 16:45:09,1,5474.81,597.37,163.0,877.94,5474.81,4877.4400000000005,Debit Card,Completed
f05decff-45e7-4a4a-9019-0b81ba74d299,2026_W22,O50659,U20484,P60,2026-05-25 23:21:05,2,3458.47,341.08,192.76,1183.65,6916.94,6575.86,Debit Card,Completed
f05decff-45e7-4a4a-9019-0b81ba74d299,2026_W22,O50660,U1309,P95,2026-05-30 18:20:59,2,1959.5,542.75,126.97,607.72,3919.0,3376.25,Wallet,Completed
f05decff-45e7-4a4a-9019-0b81ba74d299,2026_W22,O50661,U25861,P196,2026-05-30 12:38:22,3,7726.11,3225.04,116.9,3591.59,23178.329999999998,19953.289999999997,Credit Card,Completed
f05decff-45e7-4a4a-9019-0b81ba74d299,2026_W22,O50662,U24425,P64,2026-05-27 10:49:21,2,5141.6,896.57,117.27,1689.59,10283.2,9386.630000000001,Wallet,Completed
f05decff-45e7-4a4a-9019-0b81ba74d299,2026_W22,O50663,U4270,P13,2026-05-27 12:30:39,1,6805.73,236.49,175.36,1182.46,6805.73,6569.24,Credit Card,Completed
f05decff-45e7-4a4a-9019-0b81ba74d299,2026_W22,O50664,U34965,P12,2026-05-28 13:07:19,3,7089.88,696.59,126.32,3703.15,21269.64,20573.05,UPI,Completed
f05decff-45e7-4a4a-9019-0b81ba74d299,2026_W22,O50665,U21204,P150,2026-05-30 10:05:57,1,7278.62,186.03,147.74,1276.67,7278.62,7092.59,UPI,Completed
f05decff-45e7-4a4a-9019-0b81ba74d299,2026_W22,O50666,U15373,P199,2026-05-28 06:19:52,2,10122.76,1423.3,52.78,3388.0,20245.52,18822.22,UPI,Completed
f05decff-45e7-4a4a-9019-0b81ba74d299,2026_W22,O50667,U2870,P35,2026-05-31 02:54:08,4,3801.69,2221.79,73.33,2337.29,15206.76,12984.970000000001,Wallet,Completed
f05decff-45e7-4a4a-9019-0b81ba74d299,2026_W22,O50668,U4716,P136,2026-05-26 18:16:37,1,2314.22,287.73,158.31,364.77,2314.22,2026.4899999999998,Debit Card,Completed
f05decff-45e7-4a4a-9019-0b81ba74d299,2026_W22,O50669,U17500,P163,2026-05-29 22:50:30,2,2156.08,38.38,166.85,769.28,4312.16,4273.78,UPI,Completed
f05decff-45e7-4a4a-9019-0b81ba74d299,2026_W22,O50670,U29126,P5,2026-05-28 13:57:07,4,5785.73,1568.86,118.1,3883.33,23142.92,21574.059999999998,Wallet,Completed
f05decff-45e7-4a4a-9019-0b81ba74d299,2026_W22,O50671,U17397,P26,2026-05-31 17:06:22,3,8687.74,1090.39,101.77,4495.11,26063.22,24972.83,Credit Card,Completed
f05decff-45e7-4a4a-9019-0b81ba74d299,2026_W22,O50672,U1673,P200,2026-05-28 02:44:37,3,9143.2,3890.55,129.57,4237.03,27429.600000000002,23539.050000000003,Debit Card,Completed
f05decff-45e7-4a4a-9019-0b81ba74d299,2026_W22,O50673,U23109,P110,2026-05-28 12:10:51,3,1984.17,160.48,186.46,1042.57,5952.51,5792.030000000001,Debit Card,Completed
f05decff-45e7-4a4a-9019-0b81ba74d299,2026_W22,O50674,U27344,P189,2026-05-30 10:56:48,3,7353.02,1174.25,75.64,3759.27,22059.06,20884.81,UPI,Completed
f05decff-45e7-4a4a-9019-0b81ba74d299,2026_W22,O50675,U28858,P136,2026-05-28 19:10:02,4,2314.22,291.08,81.98,1613.84,9256.88,8965.8,Credit Card,Completed
f05decff-45e7-4a4a-9019-0b81ba74d299,2026_W22,O50676,U33536,P61,2026-05-28 12:22:26,2,7261.62,1989.93,89.04,2256.0,14523.24,12533.31,Wallet,Completed
f05decff-45e7-4a4a-9019-0b81ba74d299,2026_W22,O50677,U20976,P82,2026-05-31 03:47:11,4,1796.79,441.11,116.24,1214.29,7187.16,6746.05,UPI,Completed
f05decff-45e7-4a4a-9019-0b81ba74d299,2026_W22,O50678,U13026,P121,2026-05-30 15:39:35,1,9562.01,1042.36,186.03,1533.54,9562.01,8519.65,Wallet,Completed
f05decff-45e7-4a4a-9019-0b81ba74d299,2026_W22,O50679,U1355,P41,2026-05-31 06:13:24,4,7272.45,2966.27,101.05,4702.24,29089.8,26123.53,UPI,Completed
f05decff-45e7-4a4a-9019-0b81ba74d299,2026_W22,O50680,U30184,P15,2026-05-30 19:27:55,3,2472.77,779.74,183.22,1194.94,7418.3099999999995,6638.57,Debit Card,Completed
f05decff-45e7-4a4a-9019-0b81ba74d299,2026_W22,O50681,U23664,P19,2026-05-30 11:00:12,3,10873.73,2436.99,144.25,5433.16,32621.19,30184.199999999997,Debit Card,Completed
f05decff-45e7-4a4a-9019-0b81ba74d299,2026_W22,O50682,U30453,P32,2026-05-26 06:57:37,2,3711.51,1010.58,106.88,1154.24,7423.02,6412.4400000000005,Credit Card,Completed
f05decff-45e7-4a4a-9019-0b81ba74d299,2026_W22,O50683,U21983,P165,2026-05-29 10:49:54,2,4063.67,1205.57,51.35,1245.92,8127.34,6921.77,Debit Card,Completed
f05decff-45e7-4a4a-9019-0b81ba74d299,2026_W22,O50684,U2819,P192,2026-05-26 07:28:40,3,8471.85,1802.82,88.27,4250.29,25415.550000000003,23612.730000000003,Wallet,Completed
f05decff-45e7-4a4a-9019-0b81ba74d299,2026_W22,O50685,U9107,P5,2026-05-27 19:51:21,1,5785.73,445.49,58.17,961.24,5785.73,5340.24,Debit Card,Completed
f05decff-45e7-4a4a-9019-0b81ba74d299,2026_W22,O50686,U11902,P143,2026-05-30 11:54:07,3,6038.03,2232.02,168.92,2858.77,18114.09,15882.07,Credit Card,Completed
f05decff-45e7-4a4a-9019-0b81ba74d299,2026_W22,O50687,U27014,P141,2026-05-29 15:43:46,4,6658.31,3859.79,121.5,4099.22,26633.24,22773.45,Credit Card,Completed
f05decff-45e7-4a4a-9019-0b81ba74d299,2026_W22,O50688,U3084,P102,2026-05-28 14:13:21,1,3001.78,381.44,159.42,471.66,3001.78,2620.34,UPI,Completed
f05decff-45e7-4a4a-9019-0b81ba74d299,2026_W22,O50689,U19421,P194,2026-05-28 23:56:44,2,3163.97,589.01,79.99,1033.01,6327.94,5738.929999999999,UPI,Completed
f05decff-45e7-4a4a-9019-0b81ba74d299,2026_W22,O50690,U17986,P183,2026-05-27 23:58:25,1,9215.45,678.33,163.93,1536.68,9215.45,8537.12,Credit Card,Completed
f05decff-45e7-4a4a-9019-0b81ba74d299,2026_W22,O50691,U17238,P179,2026-05-31 04:35:30,1,6580.06,705.99,53.74,1057.33,6580.06,5874.070000000001,Wallet,Completed
f05decff-45e7-4a4a-9019-0b81ba74d299,2026_W22,O50692,U31284,P158,2026-05-26 22:46:18,4,6839.61,2741.52,124.37,4431.05,27358.44,24616.92,Credit Card,Completed
f05decff-45e7-4a4a-9019-0b81ba74d299,2026_W22,O50693,U7049,P178,2026-05-30 11:43:46,2,2500.92,224.38,170.45,859.94,5001.84,4777.46,Credit Card,Completed
f05decff-45e7-4a4a-9019-0b81ba74d299,2026_W22,O50694,U4799,P145,2026-05-30 01:11:42,4,4583.49,631.64,131.83,3186.42,18333.96,17702.32,Credit Card,Completed
f05decff-45e7-4a4a-9019-0b81ba74d299,2026_W22,O50695,U17360,P33,2026-05-27 23:27:18,4,7861.44,3030.68,58.96,5114.71,31445.76,28415.079999999998,Debit Card,Completed
f05decff-45e7-4a4a-9019-0b81ba74d299,2026_W22,O50696,U27196,P63,2026-05-27 20:36:47,4,5767.08,950.22,91.5,3981.26,23068.32,22118.1,Debit Card,Completed
f05decff-45e7-4a4a-9019-0b81ba74d299,2026_W22,O50697,U15423,P132,2026-05-27 21:58:44,3,5087.03,255.63,117.42,2700.98,15261.09,15005.460000000001,UPI,Completed
f05decff-45e7-4a4a-9019-0b81ba74d299,2026_W22,O50698,U32066,P186,2026-05-30 18:31:09,3,7849.55,2369.46,77.79,3812.25,23548.65,21179.190000000002,UPI,Completed
f05decff-45e7-4a4a-9019-0b81ba74d299,2026_W22,O50699,U17702,P153,2026-05-29 19:24:14,4,11343.81,285.81,174.48,8116.1,45375.24,45089.43,Credit Card,Completed
f05decff-45e7-4a4a-9019-0b81ba74d299,2026_W22,O50700,U27291,P190,2026-05-30 13:10:29,1,10065.15,840.36,138.16,1660.46,10065.15,9224.789999999999,Debit Card,Completed
f05decff-45e7-4a4a-9019-0b81ba74d299,2026_W22,O50701,U27245,P30,2026-05-30 03:44:14,1,10909.65,214.51,156.63,1925.13,10909.65,10695.14,Debit Card,Completed
f05decff-45e7-4a4a-9019-0b81ba74d299,2026_W22,O50702,U31233,P140,2026-05-27 11:38:50,4,3133.21,441.24,197.12,2176.49,12532.84,12091.6,UPI,Completed
f05decff-45e7-4a4a-9019-0b81ba74d299,2026_W22,O50703,U7128,P33,2026-05-30 04:10:17,1,7861.44,1153.24,198.89,1207.48,7861.44,6708.2,Wallet,Completed
f05decff-45e7-4a4a-9019-0b81ba74d299,2026_W22,O50704,U18337,P176,2026-05-29 11:58:42,1,3628.75,303.07,115.9,598.62,3628.75,3325.68,Wallet,Completed
f05decff-45e7-4a4a-9019-0b81ba74d299,2026_W22,O50705,U22774,P151,2026-05-29 23:40:34,3,7426.21,2270.67,183.68,3601.43,22278.63,20007.96,Credit Card,Completed
f05decff-45e7-4a4a-9019-0b81ba74d299,2026_W22,O50706,U16651,P146,2026-05-26 19:10:25,2,4559.37,970.38,198.91,1466.7,9118.74,8148.36,Credit Card,Completed
f05decff-45e7-4a4a-9019-0b81ba74d299,2026_W22,O50707,U12522,P107,2026-05-31 17:12:08,2,3660.65,784.49,111.44,1176.63,7321.3,6536.81,Wallet,Completed
f05decff-45e7-4a4a-9019-0b81ba74d299,2026_W22,O50708,U31779,P177,2026-05-26 22:34:40,2,5607.98,724.64,137.72,1888.44,11215.96,10491.32,Credit Card,Completed
f05decff-45e7-4a4a-9019-0b81ba74d299,2026_W22,O50709,U1129,P196,2026-05-26 14:01:21,4,7726.11,496.17,143.13,5473.49,30904.44,30408.27,Wallet,Completed
f05decff-45e7-4a4a-9019-0b81ba74d299,2026_W22,O50710,U13097,P75,2026-05-28 08:22:52,1,3046.83,270.93,145.43,499.66,3046.83,2775.9,Wallet,Completed
f05decff-45e7-4a4a-9019-0b81ba74d299,2026_W22,O50711,U22251,P84,2026-05-26 21:41:54,2,8271.97,1586.02,114.9,2692.43,16543.94,14957.919999999998,UPI,Completed
f05decff-45e7-4a4a-9019-0b81ba74d299,2026_W22,O50712,U23751,P155,2026-05-28 15:35:25,2,8707.69,1020.58,164.04,2951.06,17415.38,16394.8,UPI,Completed
f05decff-45e7-4a4a-9019-0b81ba74d299,2026_W22,O50713,U9579,P101,2026-05-26 02:26:26,4,2760.68,296.27,183.46,1934.36,11042.72,10746.449999999999,Debit Card,Completed
f05decff-45e7-4a4a-9019-0b81ba74d299,2026_W22,O50714,U19283,P6,2026-05-26 12:28:04,3,7042.99,2264.87,98.83,3395.54,21128.97,18864.100000000002,UPI,Completed
f05decff-45e7-4a4a-9019-0b81ba74d299,2026_W22,O50715,U7728,P97,2026-05-30 23:32:03,2,5383.07,1196.55,189.88,1722.53,10766.14,9569.59,Wallet,Completed
f05decff-45e7-4a4a-9019-0b81ba74d299,2026_W22,O50716,U23152,P55,2026-05-27 07:14:16,4,10434.9,2632.25,194.86,7039.32,41739.6,39107.35,UPI,Completed
f05decff-45e7-4a4a-9019-0b81ba74d299,2026_W22,O50717,U4738,P29,2026-05-30 14:58:39,1,7432.15,661.82,63.7,1218.66,7432.15,6770.33,Wallet,Completed
f05decff-45e7-4a4a-9019-0b81ba74d299,2026_W22,O50718,U29818,P70,2026-05-30 05:58:46,3,2246.89,892.37,72.19,1052.69,6740.67,5848.3,Credit Card,Completed
f05decff-45e7-4a4a-9019-0b81ba74d299,2026_W22,O50719,U20911,P171,2026-05-26 23:21:05,2,7036.96,327.24,75.43,2474.4,14073.92,13746.68,Debit Card,Completed
f05decff-45e7-4a4a-9019-0b81ba74d299,2026_W22,O50720,U10742,P115,2026-05-26 03:54:31,3,8486.85,1475.22,51.01,4317.36,25460.550000000003,23985.33,Wallet,Completed
f05decff-45e7-4a4a-9019-0b81ba74d299,2026_W22,O50721,U23650,P109,2026-05-29 23:51:15,4,5251.93,2105.8,172.87,3402.35,21007.72,18901.920000000002,UPI,Completed
f05decff-45e7-4a4a-9019-0b81ba74d299,2026_W22,O50722,U26882,P59,2026-05-30 21:24:12,2,4892.96,430.22,81.1,1684.03,9785.92,9355.7,Wallet,Completed
f05decff-45e7-4a4a-9019-0b81ba74d299,2026_W22,O50723,U14595,P47,2026-05-27 05:25:54,2,4728.62,1315.5,109.41,1465.51,9457.24,8141.74,Debit Card,Completed
f05decff-45e7-4a4a-9019-0b81ba74d299,2026_W22,O50724,U9844,P65,2026-05-29 13:50:50,3,1802.09,608.89,153.84,863.53,5406.2699999999995,4797.379999999999,UPI,Completed
f05decff-45e7-4a4a-9019-0b81ba74d299,2026_W22,O50725,U17671,P151,2026-05-27 03:56:24,2,7426.21,1538.27,86.1,2396.55,14852.42,13314.15,UPI,Completed
f05decff-45e7-4a4a-9019-0b81ba74d299,2026_W22,O50726,U18938,P62,2026-05-30 14:44:56,4,2150.19,210.37,122.51,1510.27,8600.76,8390.39,Credit Card,Completed
f05decff-45e7-4a4a-9019-0b81ba74d299,2026_W22,O50727,U27928,P91,2026-05-28 18:17:18,3,4627.39,1004.42,157.49,2318.0,13882.170000000002,12877.750000000002,Debit Card,Completed
f05decff-45e7-4a4a-9019-0b81ba74d299,2026_W22,O50728,U27981,P99,2026-05-31 19:02:03,3,4457.11,1820.76,54.28,2079.1,13371.329999999998,11550.569999999998,UPI,Completed
f05decff-45e7-4a4a-9019-0b81ba74d299,2026_W22,O50729,U32723,P25,2026-05-31 02:34:42,3,4602.38,1406.22,161.18,2232.17,13807.14,12400.92,UPI,Completed
f05decff-45e7-4a4a-9019-0b81ba74d299,2026_W22,O50730,U22668,P100,2026-05-29 12:48:30,2,7089.35,1386.13,192.45,2302.66,14178.7,12792.57,Credit Card,Completed
f05decff-45e7-4a4a-9019-0b81ba74d299,2026_W22,O50731,U21189,P190,2026-05-27 12:07:48,2,10065.15,466.9,69.73,3539.41,20130.3,19663.399999999998,Wallet,Completed
f05decff-45e7-4a4a-9019-0b81ba74d299,2026_W22,O50732,U6434,P141,2026-05-27 18:27:45,3,6658.31,110.93,122.54,3575.52,19974.93,19864.0,Credit Card,Completed
f05decff-45e7-4a4a-9019-0b81ba74d299,2026_W22,O50733,U14191,P179,2026-05-28 05:22:23,2,6580.06,1002.64,113.66,2188.35,13160.12,12157.480000000001,UPI,Completed
f05decff-45e7-4a4a-9019-0b81ba74d299,2026_W22,O50734,U29828,P178,2026-05-29 14:23:47,2,2500.92,368.47,181.62,834.01,5001.84,4633.37,UPI,Completed
f05decff-45e7-4a4a-9019-0b81ba74d299,2026_W22,O50735,U19230,P161,2026-05-27 03:24:03,4,5474.81,2337.73,177.6,3521.07,21899.24,19561.510000000002,Credit Card,Completed
f05decff-45e7-4a4a-9019-0b81ba74d299,2026_W22,O50736,U21372,P4,2026-05-26 21:36:12,4,11646.79,6460.35,167.1,7222.83,46587.16,40126.810000000005,Wallet,Completed
f05decff-45e7-4a4a-9019-0b81ba74d299,2026_W22,O50737,U7461,P56,2026-05-30 09:31:34,1,9725.09,323.35,105.11,1692.31,9725.09,9401.74,Debit Card,Completed
f05decff-45e7-4a4a-9019-0b81ba74d299,2026_W22,O50738,U1619,P186,2026-05-26 11:48:35,1,7849.55,6.78,52.69,1411.7,7849.55,7842.77,Credit Card,Completed
f05decff-45e7-4a4a-9019-0b81ba74d299,2026_W22,O50739,U397,P94,2026-05-28 05:31:33,2,4145.07,507.09,120.42,1400.95,8290.14,7783.049999999999,Credit Card,Completed
f05decff-45e7-4a4a-9019-0b81ba74d299,2026_W22,O50740,U24571,P128,2026-05-27 07:14:33,3,3133.44,180.74,190.19,1659.52,9400.32,9219.58,UPI,Completed
f05decff-45e7-4a4a-9019-0b81ba74d299,2026_W22,O50741,U21672,P114,2026-05-28 20:07:36,1,4373.67,476.52,68.31,701.49,4373.67,3897.15,Credit Card,Completed
f05decff-45e7-4a4a-9019-0b81ba74d299,2026_W22,O50742,U19277,P40,2026-05-26 06:54:34,2,4177.53,9.7,81.69,1502.16,8355.06,8345.359999999999,Debit Card,Completed
f05decff-45e7-4a4a-9019-0b81ba74d299,2026_W22,O50743,U22944,P177,2026-05-30 21:48:38,1,5607.98,71.04,72.25,996.65,5607.98,5536.94,Debit Card,Completed
f05decff-45e7-4a4a-9019-0b81ba74d299,2026_W22,O50744,U34704,P114,2026-05-26 13:00:44,1,4373.67,150.19,187.45,760.23,4373.67,4223.4800000000005,UPI,Completed
f05decff-45e7-4a4a-9019-0b81ba74d299,2026_W22,O50745,U20568,P67,2026-05-31 18:55:51,2,6555.74,1479.89,195.55,2093.69,13111.48,11631.59,Credit Card,Completed
f05decff-45e7-4a4a-9019-0b81ba74d299,2026_W22,O50746,U27208,P47,2026-05-27 17:42:38,2,4728.62,939.3,190.38,1533.23,9457.24,8517.94,Credit Card,Completed
f05decff-45e7-4a4a-9019-0b81ba74d299,2026_W22,O50747,U12454,P103,2026-05-25 22:01:29,4,5314.76,1592.27,145.27,3540.02,21259.04,19666.77,Debit Card,Completed
f05decff-45e7-4a4a-9019-0b81ba74d299,2026_W22,O50748,U22315,P193,2026-05-29 19:46:33,4,5013.68,2377.85,70.7,3181.84,20054.72,17676.870000000003,Credit Card,Completed
f05decff-45e7-4a4a-9019-0b81ba74d299,2026_W22,O50749,U21750,P9,2026-05-28 21:44:44,4,5369.05,1304.86,67.94,3630.84,21476.2,20171.34,Wallet,Completed
f05decff-45e7-4a4a-9019-0b81ba74d299,2026_W22,O50750,U6546,P12,2026-05-29 19:48:54,4,7089.88,914.61,51.94,4940.08,28359.52,27444.91,Credit Card,Completed
f05decff-45e7-4a4a-9019-0b81ba74d299,2026_W22,O50751,U13750,P17,2026-05-26 00:28:58,2,3339.42,828.45,160.82,1053.07,6678.84,5850.39,Credit Card,Completed
f05decff-45e7-4a4a-9019-0b81ba74d299,2026_W22,O50752,U6711,P187,2026-05-27 21:19:59,1,4000.12,381.58,118.76,651.34,4000.12,3618.54,Wallet,Completed
f05decff-45e7-4a4a-9019-0b81ba74d299,2026_W22,O50753,U32071,P152,2026-05-31 12:30:11,1,1970.06,231.23,84.55,312.99,1970.06,1738.83,Debit Card,Completed
f05decff-45e7-4a4a-9019-0b81ba74d299,2026_W22,O50754,U17968,P28,2026-05-27 15:39:41,4,3349.46,1220.99,192.0,2191.83,13397.84,12176.85,UPI,Completed
f05decff-45e7-4a4a-9019-0b81ba74d299,2026_W22,O50755,U6810,P69,2026-05-29 11:27:36,4,5881.18,2742.02,77.76,3740.89,23524.72,20782.7,Debit Card,Completed
f05decff-45e7-4a4a-9019-0b81ba74d299,2026_W22,O50756,U29322,P108,2026-05-31 04:52:21,1,4001.51,118.97,137.89,698.86,4001.51,3882.5400000000004,UPI,Completed
f05decff-45e7-4a4a-9019-0b81ba74d299,2026_W22,O50757,U197,P37,2026-05-28 12:04:50,3,9886.76,2325.71,124.7,4920.22,29660.28,27334.57,UPI,Completed
f05decff-45e7-4a4a-9019-0b81ba74d299,2026_W22,O50758,U22616,P197,2026-05-31 18:04:50,2,3825.75,713.88,78.41,1248.77,7651.5,6937.62,UPI,Completed
f05decff-45e7-4a4a-9019-0b81ba74d299,2026_W22,O50759,U15102,P181,2026-05-29 21:48:24,3,8581.69,3695.03,80.34,3969.01,25745.07,22050.04,UPI,Completed
f05decff-45e7-4a4a-9019-0b81ba74d299,2026_W22,O50760,U4956,P183,2026-05-30 12:44:38,4,9215.45,4544.61,174.23,5817.09,36861.8,32317.190000000002,UPI,Completed
f05decff-45e7-4a4a-9019-0b81ba74d299,2026_W22,O50761,U15006,P62,2026-05-27 16:15:20,1,2150.19,193.28,127.72,352.24,2150.19,1956.91,Debit Card,Completed
f05decff-45e7-4a4a-9019-0b81ba74d299,2026_W22,O50762,U6546,P37,2026-05-30 21:16:10,4,9886.76,1302.33,55.92,6884.05,39547.04,38244.71,Debit Card,Completed
f05decff-45e7-4a4a-9019-0b81ba74d299,2026_W22,O50763,U26570,P82,2026-05-28 05:02:06,3,1796.79,676.42,106.92,848.51,5390.37,4713.95,Debit Card,Completed
f05decff-45e7-4a4a-9019-0b81ba74d299,2026_W22,O50764,U33176,P131,2026-05-29 14:44:56,3,5156.93,504.83,109.89,2693.87,15470.79,14965.960000000001,UPI,Completed
f05decff-45e7-4a4a-9019-0b81ba74d299,2026_W22,O50765,U17881,P72,2026-05-27 13:18:29,3,8163.39,2414.61,170.03,3973.6,24490.170000000002,22075.56,Wallet,Completed
f05decff-45e7-4a4a-9019-0b81ba74d299,2026_W22,O50766,U11377,P99,2026-05-30 08:33:50,2,4457.11,692.56,75.25,1479.9,8914.22,8221.66,UPI,Completed
f05decff-45e7-4a4a-9019-0b81ba74d299,2026_W22,O50767,U33167,P25,2026-05-27 20:29:58,3,4602.38,1541.93,64.87,2207.74,13807.14,12265.21,Debit Card,Completed
f05decff-45e7-4a4a-9019-0b81ba74d299,2026_W22,O50768,U33485,P116,2026-05-26 12:00:59,3,4661.13,480.32,163.97,2430.55,13983.39,13503.07,UPI,Completed
f05decff-45e7-4a4a-9019-0b81ba74d299,2026_W22,O50769,U19622,P179,2026-05-27 08:53:19,4,6580.06,407.96,111.8,4664.21,26320.24,25912.280000000002,UPI,Completed
f05decff-45e7-4a4a-9019-0b81ba74d299,2026_W22,O50770,U32301,P109,2026-05-28 15:59:41,3,5251.93,1147.23,52.66,2629.54,15755.79,14608.560000000001,Debit Card,Completed
f05decff-45e7-4a4a-9019-0b81ba74d299,2026_W22,O50771,U1981,P111,2026-05-27 23:22:52,4,9541.24,421.72,51.85,6793.78,38164.96,37743.24,UPI,Completed
f05decff-45e7-4a4a-9019-0b81ba74d299,2026_W22,O50772,U27873,P46,2026-05-26 01:54:40,3,7595.79,1974.76,98.85,3746.27,22787.37,20812.61,Credit Card,Completed
f05decff-45e7-4a4a-9019-0b81ba74d299,2026_W22,O50773,U10822,P145,2026-05-31 15:30:02,4,4583.49,924.44,89.19,3133.71,18333.96,17409.52,Debit Card,Completed
f05decff-45e7-4a4a-9019-0b81ba74d299,2026_W22,O50774,U13721,P155,2026-05-27 11:46:10,2,8707.69,1720.39,174.89,2825.1,17415.38,15694.990000000002,Credit Card,Completed
f05decff-45e7-4a4a-9019-0b81ba74d299,2026_W22,O50775,U6129,P105,2026-05-28 04:06:23,4,7337.42,3847.08,175.11,4590.47,29349.68,25502.6,Wallet,Completed
f05decff-45e7-4a4a-9019-0b81ba74d299,2026_W22,O50776,U13231,P117,2026-05-27 16:36:35,2,3717.32,1040.85,100.51,1150.88,7434.64,6393.790000000001,Wallet,Completed
f05decff-45e7-4a4a-9019-0b81ba74d299,2026_W22,O50777,U13552,P184,2026-05-31 03:03:41,2,3886.18,697.67,112.7,1273.44,7772.36,7074.69,UPI,Completed
f05decff-45e7-4a4a-9019-0b81ba74d299,2026_W22,O50778,U21394,P101,2026-05-31 14:58:28,1,2760.68,30.3,96.38,491.47,2760.68,2730.3799999999997,Credit Card,Completed
f05decff-45e7-4a4a-9019-0b81ba74d299,2026_W22,O50779,U7199,P124,2026-05-31 04:21:10,1,7063.56,140.29,120.33,1246.19,7063.56,6923.27,UPI,Completed
f05decff-45e7-4a4a-9019-0b81ba74d299,2026_W22,O50780,U3595,P95,2026-05-27 19:52:54,3,1959.5,695.33,149.93,932.97,5878.5,5183.17,UPI,Completed
f05decff-45e7-4a4a-9019-0b81ba74d299,2026_W22,O50781,U3629,P67,2026-05-28 02:05:11,2,6555.74,254.98,177.88,2314.17,13111.48,12856.5,Credit Card,Completed
f05decff-45e7-4a4a-9019-0b81ba74d299,2026_W22,O50782,U22321,P33,2026-05-27 09:06:28,4,7861.44,1286.48,193.18,5428.67,31445.76,30159.28,UPI,Completed
f05decff-45e7-4a4a-9019-0b81ba74d299,2026_W22,O50783,U10546,P132,2026-05-26 21:05:30,2,5087.03,1318.74,118.39,1593.96,10174.06,8855.32,Credit Card,Completed
f05decff-45e7-4a4a-9019-0b81ba74d299,2026_W22,O50784,U5189,P148,2026-05-28 22:26:46,1,2017.95,283.49,92.66,312.2,2017.95,1734.46,Debit Card,Completed
f05decff-45e7-4a4a-9019-0b81ba74d299,2026_W22,O50785,U27824,P182,2026-05-31 07:01:15,1,6023.28,440.36,81.77,1004.93,6023.28,5582.92,Wallet,Completed
f05decff-45e7-4a4a-9019-0b81ba74d299,2026_W22,O50786,U27017,P135,2026-05-31 19:35:21,3,7738.35,327.23,55.08,4119.81,23215.050000000003,22887.820000000003,UPI,Completed
f05decff-45e7-4a4a-9019-0b81ba74d299,2026_W22,O50787,U29778,P94,2026-05-30 19:47:10,4,4145.07,443.58,182.72,2904.61,16580.28,16136.699999999999,Debit Card,Completed
f05decff-45e7-4a4a-9019-0b81ba74d299,2026_W22,O50788,U32649,P59,2026-05-30 10:24:49,3,4892.96,1703.46,115.25,2335.58,14678.880000000001,12975.420000000002,UPI,Completed
f05decff-45e7-4a4a-9019-0b81ba74d299,2026_W22,O50789,U29107,P64,2026-05-31 13:08:26,4,5141.6,2131.19,62.47,3318.34,20566.4,18435.210000000003,Debit Card,Completed
f05decff-45e7-4a4a-9019-0b81ba74d299,2026_W22,O50790,U22531,P46,2026-05-31 09:05:38,2,7595.79,850.9,58.73,2581.32,15191.58,14340.68,Credit Card,Completed
f05decff-45e7-4a4a-9019-0b81ba74d299,2026_W22,O50791,U4340,P164,2026-05-31 00:15:16,4,7269.88,596.08,92.76,5127.02,29079.52,28483.44,Credit Card,Completed
f05decff-45e7-4a4a-9019-0b81ba74d299,2026_W22,O50792,U22113,P197,2026-05-27 21:00:01,1,3825.75,319.42,186.88,631.14,3825.75,3506.33,Credit Card,Completed
f05decff-45e7-4a4a-9019-0b81ba74d299,2026_W22,O50793,U2532,P174,2026-05-26 13:15:05,1,3233.65,332.34,187.41,522.24,3233.65,2901.31,Credit Card,Completed
f05decff-45e7-4a4a-9019-0b81ba74d299,2026_W22,O50794,U18174,P73,2026-05-27 13:12:37,4,10930.99,5970.47,70.9,6795.63,43723.96,37753.49,Wallet,Completed
f05decff-45e7-4a4a-9019-0b81ba74d299,2026_W22,O50795,U13687,P38,2026-05-30 20:34:29,3,7075.19,2944.79,83.04,3290.54,21225.57,18280.78,UPI,Completed
f05decff-45e7-4a4a-9019-0b81ba74d299,2026_W22,O50796,U1244,P57,2026-05-27 15:39:29,4,3408.89,1456.56,110.6,2192.22,13635.56,12179.0,Debit Card,Completed
f05decff-45e7-4a4a-9019-0b81ba74d299,2026_W22,O50797,U19779,P199,2026-05-26 05:39:25,4,10122.76,1448.54,181.61,7027.65,40491.04,39042.5,UPI,Completed
f05decff-45e7-4a4a-9019-0b81ba74d299,2026_W22,O50798,U27027,P80,2026-05-31 05:05:58,4,7227.02,2729.01,192.35,4712.23,28908.08,26179.07,Credit Card,Completed
f05decff-45e7-4a4a-9019-0b81ba74d299,2026_W22,O50799,U5189,P149,2026-05-31 03:09:44,4,7089.62,734.73,105.3,4972.27,28358.48,27623.75,Wallet,Completed
f05decff-45e7-4a4a-9019-0b81ba74d299,2026_W22,O50800,U30590,P179,2026-05-29 20:47:32,3,6580.06,252.29,75.67,3507.82,19740.18,19487.89,Wallet,Completed
f05decff-45e7-4a4a-9019-0b81ba74d299,2026_W22,O50801,U34864,P90,2026-05-26 13:09:49,2,6467.75,1087.38,109.32,2132.66,12935.5,11848.119999999999,Credit Card,Completed
f05decff-45e7-4a4a-9019-0b81ba74d299,2026_W22,O50802,U10191,P182,2026-05-28 01:06:51,3,6023.28,423.99,92.33,3176.25,18069.84,17645.85,Debit Card,Completed
f05decff-45e7-4a4a-9019-0b81ba74d299,2026_W22,O50803,U14032,P166,2026-05-26 12:09:08,2,8475.87,2299.27,50.33,2637.44,16951.74,14652.470000000001,Credit Card,Completed
f05decff-45e7-4a4a-9019-0b81ba74d299,2026_W22,O50804,U26556,P151,2026-05-28 06:38:06,1,7426.21,804.58,61.57,1191.89,7426.21,6621.63,Wallet,Completed
f05decff-45e7-4a4a-9019-0b81ba74d299,2026_W22,O50805,U2329,P193,2026-05-28 07:54:21,1,5013.68,744.47,60.27,768.46,5013.68,4269.21,Debit Card,Completed
f05decff-45e7-4a4a-9019-0b81ba74d299,2026_W22,O50806,U10384,P36,2026-05-29 22:29:22,4,8838.75,1332.78,54.73,6124.0,35355.0,34022.22,Credit Card,Completed
f05decff-45e7-4a4a-9019-0b81ba74d299,2026_W22,O50807,U14254,P27,2026-05-28 17:14:17,3,6106.97,2417.39,137.25,2862.63,18320.91,15903.52,Debit Card,Completed
f05decff-45e7-4a4a-9019-0b81ba74d299,2026_W22,O50808,U28300,P177,2026-05-28 18:32:28,2,5607.98,864.32,51.69,1863.3,11215.96,10351.64,Wallet,Completed
f05decff-45e7-4a4a-9019-0b81ba74d299,2026_W22,O50809,U34295,P3,2026-05-28 12:26:25,4,6299.72,1615.26,149.73,4245.05,25198.88,23583.620000000003,UPI,Completed
f05decff-45e7-4a4a-9019-0b81ba74d299,2026_W22,O50810,U8956,P5,2026-05-28 04:52:22,4,5785.73,1848.15,50.88,3833.06,23142.92,21294.769999999997,Wallet,Completed
f05decff-45e7-4a4a-9019-0b81ba74d299,2026_W22,O50811,U20655,P200,2026-05-31 13:39:52,2,9143.2,918.18,142.77,3126.28,18286.4,17368.22,UPI,Completed
f05decff-45e7-4a4a-9019-0b81ba74d299,2026_W22,O50812,U24305,P180,2026-05-27 02:39:03,2,6781.04,1177.99,177.55,2229.14,13562.08,12384.09,Credit Card,Completed
f05decff-45e7-4a4a-9019-0b81ba74d299,2026_W22,O50813,U31891,P116,2026-05-29 05:51:50,4,4661.13,2027.95,92.45,2990.98,18644.52,16616.57,UPI,Completed
f05decff-45e7-4a4a-9019-0b81ba74d299,2026_W22,O50814,U15530,P194,2026-05-26 10:18:16,3,3163.97,290.31,152.67,1656.29,9491.91,9201.6,UPI,Completed
f05decff-45e7-4a4a-9019-0b81ba74d299,2026_W22,O50815,U10100,P117,2026-05-27 15:13:52,4,3717.32,575.36,146.02,2572.91,14869.28,14293.92,Debit Card,Completed
f05decff-45e7-4a4a-9019-0b81ba74d299,2026_W22,O50816,U24818,P174,2026-05-29 14:05:13,4,3233.65,1299.2,181.1,2094.37,12934.6,11635.4,Debit Card,Completed
f05decff-45e7-4a4a-9019-0b81ba74d299,2026_W22,O50817,U33710,P8,2026-05-28 00:03:41,1,7997.84,718.76,156.88,1310.23,7997.84,7279.08,UPI,Completed
f05decff-45e7-4a4a-9019-0b81ba74d299,2026_W22,O50818,U8060,P181,2026-05-29 04:34:57,3,8581.69,624.6,106.63,4521.68,25745.07,25120.47,Wallet,Completed
f05decff-45e7-4a4a-9019-0b81ba74d299,2026_W22,O50819,U19815,P178,2026-05-28 09:06:52,1,2500.92,231.34,155.49,408.52,2500.92,2269.58,Wallet,Completed
f05decff-45e7-4a4a-9019-0b81ba74d299,2026_W22,O50820,U4147,P130,2026-05-30 21:53:51,2,11039.76,241.57,121.48,3930.83,22079.52,21837.95,Wallet,Completed
f05decff-45e7-4a4a-9019-0b81ba74d299,2026_W22,O50821,U22805,P73,2026-05-28 23:34:28,1,10930.99,1255.95,188.01,1741.51,10930.99,9675.039999999999,Credit Card,Completed
f05decff-45e7-4a4a-9019-0b81ba74d299,2026_W22,O50822,U12279,P195,2026-05-30 10:17:28,3,3603.97,885.99,123.55,1786.67,10811.91,9925.92,UPI,Completed
f05decff-45e7-4a4a-9019-0b81ba74d299,2026_W22,O50823,U33430,P77,2026-05-30 07:16:38,2,6432.15,747.43,99.84,2181.04,12864.3,12116.869999999999,Debit Card,Completed
f05decff-45e7-4a4a-9019-0b81ba74d299,2026_W22,O50824,U15241,P162,2026-05-27 13:00:11,2,5576.16,230.44,97.03,1965.94,11152.32,10921.88,Credit Card,Completed
f05decff-45e7-4a4a-9019-0b81ba74d299,2026_W22,O50825,U26135,P20,2026-05-27 19:41:10,3,6465.0,547.77,161.91,3392.5,19395.0,18847.23,Debit Card,Completed
f05decff-45e7-4a4a-9019-0b81ba74d299,2026_W22,O50826,U2819,P104,2026-05-26 10:10:28,3,5183.53,1817.82,99.16,2471.9,15550.59,13732.77,Credit Card,Completed
f05decff-45e7-4a4a-9019-0b81ba74d299,2026_W22,O50827,U13437,P30,2026-05-26 08:00:24,1,10909.65,1479.83,89.47,1697.37,10909.65,9429.82,Wallet,Completed
f05decff-45e7-4a4a-9019-0b81ba74d299,2026_W22,O50828,U27587,P106,2026-05-31 17:22:04,1,5172.75,485.06,87.42,843.78,5172.75,4687.69,UPI,Completed
f05decff-45e7-4a4a-9019-0b81ba74d299,2026_W22,O50829,U7966,P68,2026-05-28 08:31:35,4,10947.39,4663.45,79.21,7042.7,43789.56,39126.11,UPI,Completed
f05decff-45e7-4a4a-9019-0b81ba74d299,2026_W22,O50830,U9258,P125,2026-05-26 21:40:50,1,5593.86,727.72,146.19,875.91,5593.86,4866.139999999999,Credit Card,Completed
f05decff-45e7-4a4a-9019-0b81ba74d299,2026_W22,O50831,U11199,P72,2026-05-30 16:49:44,2,8163.39,1835.16,131.8,2608.49,16326.78,14491.62,Wallet,Completed
f05decff-45e7-4a4a-9019-0b81ba74d299,2026_W22,O50832,U12191,P53,2026-05-26 10:50:27,2,8018.26,1320.95,154.45,2648.8,16036.52,14715.57,Credit Card,Completed
f05decff-45e7-4a4a-9019-0b81ba74d299,2026_W22,O50833,U9251,P47,2026-05-31 03:57:16,4,4728.62,1866.57,131.86,3068.62,18914.48,17047.91,UPI,Completed
f05decff-45e7-4a4a-9019-0b81ba74d299,2026_W22,O50834,U21485,P59,2026-05-27 20:48:55,1,4892.96,450.44,104.38,799.65,4892.96,4442.52,Debit Card,Completed
f05decff-45e7-4a4a-9019-0b81ba74d299,2026_W22,O50835,U20574,P72,2026-05-30 02:47:47,1,8163.39,182.32,173.01,1436.59,8163.39,7981.070000000001,UPI,Completed
f05decff-45e7-4a4a-9019-0b81ba74d299,2026_W22,O50836,U25795,P101,2026-05-25 21:50:56,1,2760.68,94.84,106.85,479.85,2760.68,2665.8399999999997,UPI,Completed
f05decff-45e7-4a4a-9019-0b81ba74d299,2026_W22,O50837,U17459,P200,2026-05-29 08:21:54,3,9143.2,1533.73,64.44,4661.26,27429.600000000002,25895.870000000003,Debit Card,Completed
f05decff-45e7-4a4a-9019-0b81ba74d299,2026_W22,O50838,U27427,P3,2026-05-30 10:29:41,1,6299.72,386.27,83.07,1064.42,6299.72,5913.450000000001,Credit Card,Completed
f05decff-45e7-4a4a-9019-0b81ba74d299,2026_W22,O50839,U9246,P117,2026-05-26 14:33:47,4,3717.32,690.17,148.31,2552.24,14869.28,14179.11,UPI,Completed
f05decff-45e7-4a4a-9019-0b81ba74d299,2026_W22,O50840,U28752,P55,2026-05-27 05:04:16,4,10434.9,5019.86,134.02,6609.55,41739.6,36719.74,Wallet,Completed
f05decff-45e7-4a4a-9019-0b81ba74d299,2026_W22,O50841,U26261,P62,2026-05-31 17:45:25,2,2150.19,581.42,70.29,669.41,4300.38,3718.96,Wallet,Completed
f05decff-45e7-4a4a-9019-0b81ba74d299,2026_W22,O50842,U33098,P149,2026-05-29 22:17:58,3,7089.62,1856.27,84.01,3494.27,21268.86,19412.59,Wallet,Completed
f05decff-45e7-4a4a-9019-0b81ba74d299,2026_W22,O50843,U15767,P24,2026-05-31 13:49:55,1,4886.78,83.08,121.46,864.67,4886.78,4803.7,UPI,Completed
f05decff-45e7-4a4a-9019-0b81ba74d299,2026_W22,O50844,U25713,P21,2026-05-27 19:37:21,2,7585.24,1655.33,101.32,2432.73,15170.48,13515.15,UPI,Completed
f05decff-45e7-4a4a-9019-0b81ba74d299,2026_W22,O50845,U6422,P24,2026-05-30 19:16:51,3,4886.78,1049.97,195.25,2449.87,14660.34,13610.37,Wallet,Completed
f05decff-45e7-4a4a-9019-0b81ba74d299,2026_W22,O50846,U26095,P133,2026-05-26 08:02:27,4,7230.51,2357.83,148.84,4781.56,28922.04,26564.21,UPI,Completed
f05decff-45e7-4a4a-9019-0b81ba74d299,2026_W22,O50847,U13741,P102,2026-05-29 16:20:40,3,3001.78,535.64,191.42,1524.55,9005.34,8469.7,Debit Card,Completed
f05decff-45e7-4a4a-9019-0b81ba74d299,2026_W22,O50848,U11592,P95,2026-05-31 02:09:54,2,1959.5,122.2,67.87,683.42,3919.0,3796.8,Debit Card,Completed
f05decff-45e7-4a4a-9019-0b81ba74d299,2026_W22,O50849,U25565,P74,2026-05-29 21:32:30,1,8026.5,851.38,135.79,1291.52,8026.5,7175.12,Debit Card,Completed
f05decff-45e7-4a4a-9019-0b81ba74d299,2026_W22,O50850,U18098,P64,2026-05-26 19:58:21,2,5141.6,61.53,157.64,1839.9,10283.2,10221.67,Credit Card,Completed
f05decff-45e7-4a4a-9019-0b81ba74d299,2026_W22,O50851,U6137,P122,2026-05-28 10:10:43,1,5135.97,151.34,67.17,897.23,5135.97,4984.63,UPI,Completed
f05decff-45e7-4a4a-9019-0b81ba74d299,2026_W22,O50852,U20700,P129,2026-05-28 20:07:25,1,5625.8,456.6,159.21,930.46,5625.8,5169.2,Debit Card,Completed
f05decff-45e7-4a4a-9019-0b81ba74d299,2026_W22,O50853,U24200,P96,2026-05-28 00:52:48,3,6676.27,2597.92,145.0,3137.56,20028.81,17430.89,UPI,Completed
f05decff-45e7-4a4a-9019-0b81ba74d299,2026_W22,O50854,U33706,P74,2026-05-29 09:07:29,1,8026.5,1121.66,125.46,1242.87,8026.5,6904.84,Wallet,Completed
f05decff-45e7-4a4a-9019-0b81ba74d299,2026_W22,O50855,U30916,P190,2026-05-30 23:04:25,4,10065.15,5715.21,72.52,6218.17,40260.6,34545.39,Wallet,Completed
f05decff-45e7-4a4a-9019-0b81ba74d299,2026_W22,O50856,U19124,P98,2026-05-26 17:12:40,1,3365.14,1.56,175.49,605.44,3365.14,3363.58,Wallet,Completed
f05decff-45e7-4a4a-9019-0b81ba74d299,2026_W22,O50857,U18805,P80,2026-05-29 03:07:57,2,7227.02,1782.09,130.01,2280.95,14454.04,12671.95,Credit Card,Completed
f05decff-45e7-4a4a-9019-0b81ba74d299,2026_W22,O50858,U7888,P62,2026-05-29 22:51:44,1,2150.19,94.1,95.14,370.1,2150.19,2056.09,Debit Card,Completed
f05decff-45e7-4a4a-9019-0b81ba74d299,2026_W22,O50859,U29112,P88,2026-05-31 05:00:17,4,2502.34,1015.6,97.42,1618.88,10009.36,8993.76,Debit Card,Completed
f05decff-45e7-4a4a-9019-0b81ba74d299,2026_W22,O50860,U19978,P150,2026-05-30 10:38:29,3,7278.62,1428.51,148.63,3673.32,21835.86,20407.350000000002,Debit Card,Completed
f05decff-45e7-4a4a-9019-0b81ba74d299,2026_W22,O50861,U28597,P9,2026-05-30 21:42:41,4,5369.05,55.62,161.81,3855.7,21476.2,21420.58,Debit Card,Completed
f05decff-45e7-4a4a-9019-0b81ba74d299,2026_W22,O50862,U25828,P75,2026-05-31 20:34:22,2,3046.83,502.89,90.12,1006.34,6093.66,5590.7699999999995,Wallet,Completed
f05decff-45e7-4a4a-9019-0b81ba74d299,2026_W22,O50863,U30290,P98,2026-05-30 14:11:08,4,3365.14,1394.65,78.58,2171.86,13460.56,12065.91,UPI,Completed
f05decff-45e7-4a4a-9019-0b81ba74d299,2026_W22,O50864,U527,P88,2026-05-28 13:03:52,3,2502.34,84.38,55.33,1336.08,7507.02,7422.64,UPI,Completed
f05decff-45e7-4a4a-9019-0b81ba74d299,2026_W22,O50865,U17090,P121,2026-05-28 01:04:06,1,9562.01,741.82,57.11,1587.63,9562.01,8820.19,Credit Card,Completed
f05decff-45e7-4a4a-9019-0b81ba74d299,2026_W22,O50866,U30740,P177,2026-05-31 06:29:24,2,5607.98,1274.03,63.93,1789.55,11215.96,9941.929999999998,Debit Card,Completed
f05decff-45e7-4a4a-9019-0b81ba74d299,2026_W22,O50867,U3315,P56,2026-05-27 15:48:22,3,9725.09,585.71,172.68,5146.12,29175.27,28589.56,Wallet,Completed
f05decff-45e7-4a4a-9019-0b81ba74d299,2026_W22,O50868,U19014,P136,2026-05-28 07:32:11,1,2314.22,87.93,199.49,400.73,2314.22,2226.29,Credit Card,Completed
f05decff-45e7-4a4a-9019-0b81ba74d299,2026_W22,O50869,U18450,P187,2026-05-26 20:26:04,1,4000.12,261.23,149.2,673.0,4000.12,3738.89,Wallet,Completed
f05decff-45e7-4a4a-9019-0b81ba74d299,2026_W22,O50870,U10512,P115,2026-05-27 22:36:18,1,8486.85,1.81,165.58,1527.31,8486.85,8485.04,UPI,Completed
f05decff-45e7-4a4a-9019-0b81ba74d299,2026_W22,O50871,U23745,P21,2026-05-31 00:51:49,3,7585.24,1207.6,56.64,3878.66,22755.72,21548.120000000003,Wallet,Completed
f05decff-45e7-4a4a-9019-0b81ba74d299,2026_W22,O50872,U16743,P190,2026-05-29 02:12:50,2,10065.15,2801.45,147.25,3119.19,20130.3,17328.85,Wallet,Completed
f05decff-45e7-4a4a-9019-0b81ba74d299,2026_W22,O50873,U31951,P146,2026-05-31 09:09:18,4,4559.37,2593.91,51.43,2815.84,18237.48,15643.57,Debit Card,Completed
f05decff-45e7-4a4a-9019-0b81ba74d299,2026_W22,O50874,U14148,P160,2026-05-27 15:11:18,4,6919.48,685.87,186.3,4858.57,27677.92,26992.05,Wallet,Completed
f05decff-45e7-4a4a-9019-0b81ba74d299,2026_W22,O50875,U8302,P97,2026-05-28 02:10:53,4,5383.07,1120.02,124.66,3674.21,21532.28,20412.26,Credit Card,Completed
f05decff-45e7-4a4a-9019-0b81ba74d299,2026_W22,O50876,U10988,P58,2026-05-29 15:29:14,4,2716.51,1434.63,122.8,1697.65,10866.04,9431.41,Wallet,Completed
f05decff-45e7-4a4a-9019-0b81ba74d299,2026_W22,O50877,U22153,P69,2026-05-28 01:50:14,3,5881.18,2299.31,143.16,2761.96,17643.54,15344.230000000001,Debit Card,Completed
f05decff-45e7-4a4a-9019-0b81ba74d299,2026_W22,O50878,U7049,P112,2026-05-28 00:43:26,3,4659.89,1042.39,103.43,2328.71,13979.670000000002,12937.280000000002,Debit Card,Completed
f05decff-45e7-4a4a-9019-0b81ba74d299,2026_W22,O50879,U2583,P165,2026-05-29 05:58:11,1,4063.67,410.41,98.85,657.59,4063.67,3653.26,Debit Card,Completed
f05decff-45e7-4a4a-9019-0b81ba74d299,2026_W22,O50880,U18561,P11,2026-05-31 12:05:39,1,4897.66,211.58,72.46,843.49,4897.66,4686.08,Wallet,Completed
f05decff-45e7-4a4a-9019-0b81ba74d299,2026_W22,O50881,U20305,P123,2026-05-30 10:06:52,4,2425.48,1226.15,110.4,1525.64,9701.92,8475.77,Wallet,Completed
f05decff-45e7-4a4a-9019-0b81ba74d299,2026_W22,O50882,U16910,P134,2026-05-28 11:46:30,1,3654.35,218.42,170.87,618.47,3654.35,3435.93,UPI,Completed
f05decff-45e7-4a4a-9019-0b81ba74d299,2026_W22,O50883,U15815,P116,2026-05-31 20:02:31,1,4661.13,644.92,106.79,722.92,4661.13,4016.21,Wallet,Completed
f05decff-45e7-4a4a-9019-0b81ba74d299,2026_W22,O50884,U33678,P101,2026-05-27 01:51:25,2,2760.68,671.26,134.09,873.02,5521.36,4850.099999999999,Credit Card,Completed
f05decff-45e7-4a4a-9019-0b81ba74d299,2026_W22,O50885,U15404,P182,2026-05-29 22:06:49,4,6023.28,597.5,144.35,4229.21,24093.12,23495.62,Credit Card,Completed
f05decff-45e7-4a4a-9019-0b81ba74d299,2026_W22,O50886,U1969,P199,2026-05-27 07:34:01,2,10122.76,806.66,193.82,3498.99,20245.52,19438.86,Credit Card,Completed
f05decff-45e7-4a4a-9019-0b81ba74d299,2026_W22,O50887,U3617,P161,2026-05-31 07:50:28,4,5474.81,305.62,110.54,3886.85,21899.24,21593.620000000003,Wallet,Completed
f05decff-45e7-4a4a-9019-0b81ba74d299,2026_W22,O50888,U26611,P36,2026-05-31 10:27:55,1,8838.75,268.07,54.8,1542.72,8838.75,8570.68,UPI,Completed
f05decff-45e7-4a4a-9019-0b81ba74d299,2026_W22,O50889,U4664,P2,2026-05-29 13:12:15,2,1543.5,41.33,199.09,548.22,3087.0,3045.67,UPI,Completed
f05decff-45e7-4a4a-9019-0b81ba74d299,2026_W22,O50890,U28112,P42,2026-05-27 23:42:18,2,5949.92,1260.02,140.81,1915.17,11899.84,10639.82,Credit Card,Completed
f05decff-45e7-4a4a-9019-0b81ba74d299,2026_W22,O50891,U28946,P36,2026-05-31 06:41:55,2,8838.75,506.14,136.47,3090.84,17677.5,17171.36,Debit Card,Completed
f05decff-45e7-4a4a-9019-0b81ba74d299,2026_W22,O50892,U21812,P107,2026-05-30 21:12:49,3,3660.65,1183.02,138.08,1763.81,10981.95,9798.93,Debit Card,Completed
f05decff-45e7-4a4a-9019-0b81ba74d299,2026_W22,O50893,U33198,P197,2026-05-30 14:57:01,3,3825.75,863.05,177.44,1910.56,11477.25,10614.2,UPI,Completed
f05decff-45e7-4a4a-9019-0b81ba74d299,2026_W22,O50894,U16076,P131,2026-05-31 12:16:47,4,5156.93,543.08,111.95,3615.24,20627.72,20084.64,Wallet,Completed
f05decff-45e7-4a4a-9019-0b81ba74d299,2026_W22,O50895,U28523,P151,2026-05-26 03:16:55,4,7426.21,563.3,113.17,5245.48,29704.84,29141.54,Wallet,Completed
f05decff-45e7-4a4a-9019-0b81ba74d299,2026_W22,O50896,U771,P181,2026-05-30 22:05:34,2,8581.69,2474.24,110.26,2644.05,17163.38,14689.140000000001,Wallet,Completed
f05decff-45e7-4a4a-9019-0b81ba74d299,2026_W22,O50897,U6016,P189,2026-05-28 09:59:43,1,7353.02,301.35,80.69,1269.3,7353.02,7051.67,Wallet,Completed
f05decff-45e7-4a4a-9019-0b81ba74d299,2026_W22,O50898,U3459,P44,2026-05-28 01:38:30,3,1679.28,69.1,91.85,894.37,5037.84,4968.74,Debit Card,Completed
f05decff-45e7-4a4a-9019-0b81ba74d299,2026_W22,O50899,U19444,P179,2026-05-31 17:40:14,1,6580.06,504.94,84.42,1093.52,6580.06,6075.120000000001,Debit Card,Completed
f05decff-45e7-4a4a-9019-0b81ba74d299,2026_W22,O50900,U22141,P187,2026-05-28 09:39:19,3,4000.12,553.22,192.92,2060.49,12000.36,11447.140000000001,UPI,Completed
f05decff-45e7-4a4a-9019-0b81ba74d299,2026_W22,O50901,U18427,P143,2026-05-29 13:14:29,3,6038.03,1405.34,81.87,3007.58,18114.09,16708.75,Credit Card,Completed
f05decff-45e7-4a4a-9019-0b81ba74d299,2026_W22,O50902,U711,P35,2026-05-26 10:09:43,4,3801.69,602.24,199.08,2628.81,15206.76,14604.52,Debit Card,Completed
f05decff-45e7-4a4a-9019-0b81ba74d299,2026_W22,O50903,U7080,P149,2026-05-26 16:26:34,1,7089.62,375.45,88.95,1208.55,7089.62,6714.17,Credit Card,Completed
f05decff-45e7-4a4a-9019-0b81ba74d299,2026_W22,O50904,U7307,P13,2026-05-26 11:41:34,3,6805.73,3052.64,123.38,3125.62,20417.19,17364.55,Debit Card,Completed
f05decff-45e7-4a4a-9019-0b81ba74d299,2026_W22,O50905,U28475,P40,2026-05-31 05:58:36,2,4177.53,411.04,147.95,1429.92,8355.06,7944.0199999999995,UPI,Completed
f05decff-45e7-4a4a-9019-0b81ba74d299,2026_W22,O50906,U31306,P11,2026-05-29 09:28:23,1,4897.66,465.02,199.84,797.88,4897.66,4432.639999999999,Debit Card,Completed
f05decff-45e7-4a4a-9019-0b81ba74d299,2026_W22,O50907,U27460,P101,2026-05-26 00:44:39,2,2760.68,468.71,127.52,909.48,5521.36,5052.65,Wallet,Completed
f05decff-45e7-4a4a-9019-0b81ba74d299,2026_W22,O50908,U19238,P113,2026-05-31 16:54:15,4,2934.32,585.43,87.63,2007.33,11737.28,11151.85,UPI,Completed
f05decff-45e7-4a4a-9019-0b81ba74d299,2026_W22,O50909,U8103,P85,2026-05-29 23:44:18,1,7274.5,436.68,121.46,1230.81,7274.5,6837.82,Credit Card,Completed
f05decff-45e7-4a4a-9019-0b81ba74d299,2026_W22,O50910,U26605,P194,2026-05-30 22:54:08,2,3163.97,385.5,167.14,1069.64,6327.94,5942.44,Credit Card,Completed
f05decff-45e7-4a4a-9019-0b81ba74d299,2026_W22,O50911,U27025,P95,2026-05-28 04:24:15,4,1959.5,762.21,168.3,1273.64,7838.0,7075.79,UPI,Completed
f05decff-45e7-4a4a-9019-0b81ba74d299,2026_W22,O50912,U24152,P33,2026-05-30 18:10:02,1,7861.44,341.3,71.8,1353.63,7861.44,7520.139999999999,Wallet,Completed
f05decff-45e7-4a4a-9019-0b81ba74d299,2026_W22,O50913,U18767,P53,2026-05-29 19:45:40,4,8018.26,1965.13,116.17,5419.42,32073.04,30107.91,UPI,Completed
f05decff-45e7-4a4a-9019-0b81ba74d299,2026_W22,O50914,U28837,P169,2026-05-27 04:11:55,4,3759.37,1442.88,86.57,2447.03,15037.48,13594.599999999999,Wallet,Completed
f05decff-45e7-4a4a-9019-0b81ba74d299,2026_W22,O50915,U19984,P88,2026-05-31 09:19:35,4,2502.34,162.84,135.7,1772.37,10009.36,9846.52,Debit Card,Completed
f05decff-45e7-4a4a-9019-0b81ba74d299,2026_W22,O50916,U31517,P55,2026-05-28 10:30:52,3,10434.9,3791.81,81.28,4952.32,31304.699999999997,27512.889999999996,UPI,Completed
f05decff-45e7-4a4a-9019-0b81ba74d299,2026_W22,O50917,U22153,P176,2026-05-28 17:38:23,3,3628.75,1590.17,143.81,1673.29,10886.25,9296.08,Wallet,Completed
f05decff-45e7-4a4a-9019-0b81ba74d299,2026_W22,O50918,U33167,P192,2026-05-28 00:47:19,1,8471.85,793.31,92.04,1382.14,8471.85,7678.540000000001,UPI,Completed
f05decff-45e7-4a4a-9019-0b81ba74d299,2026_W22,O50919,U2819,P32,2026-05-30 02:04:31,1,3711.51,532.41,140.07,572.24,3711.51,3179.1000000000004,Wallet,Completed
f05decff-45e7-4a4a-9019-0b81ba74d299,2026_W22,O50920,U29782,P150,2026-05-27 04:52:23,2,7278.62,679.21,153.91,2498.05,14557.24,13878.029999999999,Credit Card,Completed
f05decff-45e7-4a4a-9019-0b81ba74d299,2026_W22,O50921,U22658,P164,2026-05-29 11:26:33,4,7269.88,1555.69,166.35,4954.29,29079.52,27523.83,Wallet,Completed
f05decff-45e7-4a4a-9019-0b81ba74d299,2026_W22,O50922,U1355,P94,2026-05-28 01:21:43,1,4145.07,221.46,155.85,706.25,4145.07,3923.6099999999997,Debit Card,Completed
f05decff-45e7-4a4a-9019-0b81ba74d299,2026_W22,O50923,U24341,P128,2026-05-27 22:45:23,2,3133.44,893.95,89.95,967.13,6266.88,5372.93,Credit Card,Completed
f05decff-45e7-4a4a-9019-0b81ba74d299,2026_W22,O50924,U17338,P170,2026-05-29 08:18:39,2,2744.23,330.86,106.73,928.37,5488.46,5157.6,UPI,Completed
f05decff-45e7-4a4a-9019-0b81ba74d299,2026_W22,O50925,U32939,P74,2026-05-28 22:40:52,2,8026.5,104.14,95.0,2870.79,16053.0,15948.86,Wallet,Completed
f05decff-45e7-4a4a-9019-0b81ba74d299,2026_W22,O50926,U31972,P120,2026-05-28 18:00:48,1,8125.66,1118.99,120.62,1261.2,8125.66,7006.67,Debit Card,Completed
f05decff-45e7-4a4a-9019-0b81ba74d299,2026_W22,O50927,U1045,P198,2026-05-27 23:27:30,1,8888.97,1258.51,99.24,1373.48,8888.97,7630.459999999999,Debit Card,Completed
f05decff-45e7-4a4a-9019-0b81ba74d299,2026_W22,O50928,U3337,P137,2026-05-29 07:53:10,4,4729.65,2792.42,89.7,2902.71,18918.6,16126.179999999998,Debit Card,Completed
f05decff-45e7-4a4a-9019-0b81ba74d299,2026_W22,O50929,U16465,P128,2026-05-25 23:23:14,4,3133.44,1482.76,147.0,1989.18,12533.76,11051.0,UPI,Completed
f05decff-45e7-4a4a-9019-0b81ba74d299,2026_W22,O50930,U12488,P120,2026-05-29 18:12:56,3,8125.66,2435.23,144.25,3949.52,24376.98,21941.75,Wallet,Completed
f05decff-45e7-4a4a-9019-0b81ba74d299,2026_W22,O50931,U12469,P86,2026-05-26 00:34:16,3,7794.14,3221.13,122.07,3629.03,23382.420000000002,20161.29,UPI,Completed
f05decff-45e7-4a4a-9019-0b81ba74d299,2026_W22,O50932,U16773,P164,2026-05-28 21:41:38,2,7269.88,69.59,133.95,2604.63,14539.76,14470.17,Credit Card,Completed
f05decff-45e7-4a4a-9019-0b81ba74d299,2026_W22,O50933,U17338,P185,2026-05-27 23:05:27,4,8108.47,114.87,68.28,5817.42,32433.88,32319.010000000002,Debit Card,Completed
f05decff-45e7-4a4a-9019-0b81ba74d299,2026_W22,O50934,U12715,P75,2026-05-27 02:56:05,1,3046.83,455.04,193.13,466.52,3046.83,2591.79,Debit Card,Completed
f05decff-45e7-4a4a-9019-0b81ba74d299,2026_W22,O50935,U17507,P50,2026-05-29 14:50:32,3,2033.45,663.61,95.98,978.61,6100.35,5436.740000000001,Wallet,Completed
f05decff-45e7-4a4a-9019-0b81ba74d299,2026_W22,O50936,U397,P9,2026-05-26 04:26:27,4,5369.05,1393.95,144.32,3614.8,21476.2,20082.25,Debit Card,Completed
f05decff-45e7-4a4a-9019-0b81ba74d299,2026_W22,O50937,U10801,P186,2026-05-28 08:11:00,4,7849.55,647.81,81.14,5535.07,31398.2,30750.39,Debit Card,Completed
f05decff-45e7-4a4a-9019-0b81ba74d299,2026_W22,O50938,U1088,P85,2026-05-26 14:26:20,4,7274.5,4220.68,103.19,4477.92,29098.0,24877.32,UPI,Completed
f05decff-45e7-4a4a-9019-0b81ba74d299,2026_W22,O50939,U6857,P30,2026-05-26 14:40:22,4,10909.65,4762.44,116.74,6997.71,43638.6,38876.159999999996,Wallet,Completed
f05decff-45e7-4a4a-9019-0b81ba74d299,2026_W22,O50940,U8653,P38,2026-05-30 10:32:45,1,7075.19,593.24,128.1,1166.75,7075.19,6481.95,Credit Card,Completed
f05decff-45e7-4a4a-9019-0b81ba74d299,2026_W22,O50941,U3485,P102,2026-05-30 15:43:37,2,3001.78,347.12,87.69,1018.16,6003.56,5656.4400000000005,Credit Card,Completed
f05decff-45e7-4a4a-9019-0b81ba74d299,2026_W22,O50942,U22596,P116,2026-05-27 14:28:45,4,4661.13,2153.06,119.05,2968.46,18644.52,16491.46,Credit Card,Completed
f05decff-45e7-4a4a-9019-0b81ba74d299,2026_W22,O50943,U658,P46,2026-05-29 01:34:11,1,7595.79,4.48,152.67,1366.44,7595.79,7591.31,Wallet,Completed
f05decff-45e7-4a4a-9019-0b81ba74d299,2026_W22,O50944,U4326,P98,2026-05-26 17:55:59,4,3365.14,516.56,143.18,2329.92,13460.56,12944.0,Wallet,Completed
f05decff-45e7-4a4a-9019-0b81ba74d299,2026_W22,O50945,U12965,P69,2026-05-27 04:48:52,2,5881.18,1098.04,144.76,1919.58,11762.36,10664.32,UPI,Completed
f05decff-45e7-4a4a-9019-0b81ba74d299,2026_W22,O50946,U10743,P197,2026-05-28 07:47:46,2,3825.75,784.27,60.2,1236.1,7651.5,6867.23,Credit Card,Completed
f05decff-45e7-4a4a-9019-0b81ba74d299,2026_W22,O50947,U21241,P154,2026-05-27 22:35:52,3,4135.27,622.82,86.24,2120.94,12405.810000000001,11782.990000000002,Debit Card,Completed
f05decff-45e7-4a4a-9019-0b81ba74d299,2026_W22,O50948,U9312,P15,2026-05-31 07:15:07,2,2472.77,700.05,69.85,764.19,4945.54,4245.49,Wallet,Completed
f05decff-45e7-4a4a-9019-0b81ba74d299,2026_W22,O50949,U3969,P37,2026-05-31 18:16:17,2,9886.76,1104.83,82.47,3360.36,19773.52,18668.690000000002,Wallet,Completed
f05decff-45e7-4a4a-9019-0b81ba74d299,2026_W22,O50950,U23649,P112,2026-05-29 17:47:59,2,4659.89,871.23,134.85,1520.74,9319.78,8448.550000000001,UPI,Completed
f05decff-45e7-4a4a-9019-0b81ba74d299,2026_W22,O50951,U16257,P114,2026-05-30 02:44:37,4,4373.67,33.19,186.74,3143.07,17494.68,17461.49,Wallet,Completed
f05decff-45e7-4a4a-9019-0b81ba74d299,2026_W22,O50952,U7020,P129,2026-05-28 02:44:02,4,5625.8,2205.97,81.92,3653.5,22503.2,20297.23,Debit Card,Completed
f05decff-45e7-4a4a-9019-0b81ba74d299,2026_W22,O50953,U29867,P36,2026-05-26 03:56:23,1,8838.75,1105.93,181.86,1391.91,8838.75,7732.82,Debit Card,Completed
f05decff-45e7-4a4a-9019-0b81ba74d299,2026_W22,O50954,U14531,P138,2026-05-30 20:04:46,2,5599.95,228.09,193.73,1974.93,11199.9,10971.81,Wallet,Completed
f05decff-45e7-4a4a-9019-0b81ba74d299,2026_W22,O50955,U19382,P93,2026-05-30 19:18:04,2,5224.43,327.27,163.35,1821.89,10448.86,10121.59,Credit Card,Completed
f05decff-45e7-4a4a-9019-0b81ba74d299,2026_W22,O50956,U33216,P91,2026-05-29 05:11:15,4,4627.39,51.54,187.2,3322.44,18509.56,18458.02,Wallet,Completed
f05decff-45e7-4a4a-9019-0b81ba74d299,2026_W22,O50957,U13179,P64,2026-05-28 17:08:07,4,5141.6,1923.38,164.75,3355.74,20566.4,18643.02,Debit Card,Completed
f05decff-45e7-4a4a-9019-0b81ba74d299,2026_W22,O50958,U19117,P86,2026-05-30 11:45:53,1,7794.14,893.63,121.78,1242.09,7794.14,6900.51,Wallet,Completed
f05decff-45e7-4a4a-9019-0b81ba74d299,2026_W22,O50959,U30740,P84,2026-05-27 16:54:39,4,8271.97,4544.6,73.13,5137.79,33087.88,28543.28,Wallet,Completed
f05decff-45e7-4a4a-9019-0b81ba74d299,2026_W22,O50960,U8027,P82,2026-05-26 02:45:53,4,1796.79,1066.13,184.67,1101.79,7187.16,6121.03,Wallet,Completed
f05decff-45e7-4a4a-9019-0b81ba74d299,2026_W22,O50961,U33588,P4,2026-05-30 01:41:13,2,11646.79,1447.33,183.25,3932.32,23293.58,21846.25,UPI,Completed
f05decff-45e7-4a4a-9019-0b81ba74d299,2026_W22,O50962,U550,P16,2026-05-31 15:04:46,1,4498.86,557.71,50.64,709.41,4498.86,3941.1499999999996,Credit Card,Completed
f05decff-45e7-4a4a-9019-0b81ba74d299,2026_W22,O50963,U11762,P155,2026-05-27 13:07:52,1,8707.69,883.39,165.18,1408.37,8707.69,7824.3,Wallet,Completed
f05decff-45e7-4a4a-9019-0b81ba74d299,2026_W22,O50964,U8840,P171,2026-05-30 10:57:40,4,7036.96,1436.72,197.04,4808.0,28147.84,26711.12,Wallet,Completed
f05decff-45e7-4a4a-9019-0b81ba74d299,2026_W22,O50965,U11976,P181,2026-05-31 18:40:41,1,8581.69,259.1,76.6,1498.07,8581.69,8322.59,UPI,Completed
f05decff-45e7-4a4a-9019-0b81ba74d299,2026_W22,O50966,U3692,P128,2026-05-28 19:20:25,3,3133.44,379.15,190.83,1623.81,9400.32,9021.17,UPI,Completed
f05decff-45e7-4a4a-9019-0b81ba74d299,2026_W22,O50967,U404,P66,2026-05-27 04:07:21,2,5399.1,1156.31,176.27,1735.54,10798.2,9641.890000000001,Credit Card,Completed
f05decff-45e7-4a4a-9019-0b81ba74d299,2026_W22,O50968,U14983,P75,2026-05-28 23:42:04,1,3046.83,389.35,71.03,478.35,3046.83,2657.48,Wallet,Completed
f05decff-45e7-4a4a-9019-0b81ba74d299,2026_W22,O50969,U26604,P49,2026-05-30 20:00:13,1,4925.87,538.58,56.05,789.71,4925.87,4387.29,Wallet,Completed
f05decff-45e7-4a4a-9019-0b81ba74d299,2026_W22,O50970,U6691,P169,2026-05-27 13:18:13,3,3759.37,1555.78,178.01,1750.02,11278.11,9722.33,UPI,Completed
f05decff-45e7-4a4a-9019-0b81ba74d299,2026_W22,O50971,U18744,P75,2026-05-26 11:36:28,3,3046.83,1278.11,153.1,1415.23,9140.49,7862.38,UPI,Completed
f05decff-45e7-4a4a-9019-0b81ba74d299,2026_W22,O50972,U18400,P50,2026-05-31 10:39:40,1,2033.45,276.12,195.6,316.32,2033.45,1757.33,Wallet,Completed
f05decff-45e7-4a4a-9019-0b81ba74d299,2026_W22,O50973,U4239,P59,2026-05-29 14:29:17,2,4892.96,1181.52,97.83,1548.79,9785.92,8604.4,Debit Card,Completed
f05decff-45e7-4a4a-9019-0b81ba74d299,2026_W22,O50974,U26915,P63,2026-05-30 09:59:25,1,5767.08,770.42,146.35,899.4,5767.08,4996.66,Credit Card,Completed
f05decff-45e7-4a4a-9019-0b81ba74d299,2026_W22,O50975,U32604,P120,2026-05-27 09:20:14,1,8125.66,649.8,152.6,1345.65,8125.66,7475.86,Wallet,Completed
f05decff-45e7-4a4a-9019-0b81ba74d299,2026_W22,O50976,U21748,P74,2026-05-31 14:39:10,4,8026.5,3105.13,130.51,5220.16,32106.0,29000.87,Debit Card,Completed
f05decff-45e7-4a4a-9019-0b81ba74d299,2026_W22,O50977,U1430,P179,2026-05-27 01:20:07,1,6580.06,144.88,69.35,1158.33,6580.06,6435.18,Debit Card,Completed
f05decff-45e7-4a4a-9019-0b81ba74d299,2026_W22,O50978,U25995,P18,2026-05-26 03:54:26,4,2101.11,727.22,98.5,1381.9,8404.44,7677.22,Credit Card,Completed
f05decff-45e7-4a4a-9019-0b81ba74d299,2026_W22,O50979,U34980,P167,2026-05-28 06:25:26,3,6729.0,284.74,185.49,3582.41,20187.0,19902.26,Credit Card,Completed
f05decff-45e7-4a4a-9019-0b81ba74d299,2026_W22,O50980,U6810,P110,2026-05-26 13:11:19,2,1984.17,285.63,127.97,662.89,3968.34,3682.71,UPI,Completed
f05decff-45e7-4a4a-9019-0b81ba74d299,2026_W22,O50981,U11034,P101,2026-05-28 21:15:37,3,2760.68,1221.6,122.17,1270.88,8282.039999999999,7060.439999999999,Wallet,Completed
f05decff-45e7-4a4a-9019-0b81ba74d299,2026_W22,O50982,U2895,P17,2026-05-26 00:50:29,1,3339.42,214.73,184.15,562.44,3339.42,3124.69,Debit Card,Completed
f05decff-45e7-4a4a-9019-0b81ba74d299,2026_W22,O50983,U2255,P149,2026-05-26 07:50:06,4,7089.62,2389.84,167.64,4674.36,28358.48,25968.64,Credit Card,Completed
f05decff-45e7-4a4a-9019-0b81ba74d299,2026_W22,O50984,U25679,P53,2026-05-28 04:56:19,2,8018.26,266.05,155.69,2838.68,16036.52,15770.470000000001,Credit Card,Completed
f05decff-45e7-4a4a-9019-0b81ba74d299,2026_W22,O50985,U23090,P174,2026-05-27 09:20:30,2,3233.65,749.91,194.01,1029.13,6467.3,5717.39,Debit Card,Completed
f05decff-45e7-4a4a-9019-0b81ba74d299,2026_W22,O50986,U27128,P6,2026-05-27 01:09:43,3,7042.99,76.85,198.88,3789.38,21128.97,21052.120000000003,Wallet,Completed
f05decff-45e7-4a4a-9019-0b81ba74d299,2026_W22,O50987,U1177,P6,2026-05-29 09:53:00,2,7042.99,1754.42,170.11,2219.68,14085.98,12331.56,Wallet,Completed
f05decff-45e7-4a4a-9019-0b81ba74d299,2026_W22,O50988,U30740,P85,2026-05-30 01:48:56,2,7274.5,867.58,179.49,2462.66,14549.0,13681.42,Credit Card,Completed
f05decff-45e7-4a4a-9019-0b81ba74d299,2026_W22,O50989,U13079,P116,2026-05-29 02:50:47,2,4661.13,847.0,89.02,1525.55,9322.26,8475.26,Credit Card,Completed
f05decff-45e7-4a4a-9019-0b81ba74d299,2026_W22,O50990,U814,P193,2026-05-30 22:42:13,1,5013.68,656.07,105.68,784.37,5013.68,4357.610000000001,Debit Card,Completed
f05decff-45e7-4a4a-9019-0b81ba74d299,2026_W22,O50991,U32886,P6,2026-05-31 19:45:46,1,7042.99,694.21,185.0,1142.78,7042.99,6348.78,Wallet,Completed
f05decff-45e7-4a4a-9019-0b81ba74d299,2026_W22,O50992,U33580,P84,2026-05-29 12:20:33,3,8271.97,2226.52,76.11,4066.09,24815.909999999996,22589.389999999996,Wallet,Completed
f05decff-45e7-4a4a-9019-0b81ba74d299,2026_W22,O50993,U23277,P124,2026-05-31 16:10:11,3,7063.56,1499.61,107.09,3544.39,21190.68,19691.07,Debit Card,Completed
f05decff-45e7-4a4a-9019-0b81ba74d299,2026_W22,O50994,U5944,P152,2026-05-26 17:40:22,3,1970.06,824.15,165.21,915.49,5910.18,5086.030000000001,Credit Card,Completed
f05decff-45e7-4a4a-9019-0b81ba74d299,2026_W22,O50995,U8709,P65,2026-05-26 02:23:02,1,1802.09,264.69,62.28,276.73,1802.09,1537.3999999999999,Debit Card,Completed
f05decff-45e7-4a4a-9019-0b81ba74d299,2026_W22,O50996,U6526,P89,2026-05-30 01:26:26,2,7149.14,352.34,146.48,2510.27,14298.28,13945.94,Credit Card,Completed
f05decff-45e7-4a4a-9019-0b81ba74d299,2026_W22,O50997,U17813,P122,2026-05-27 04:35:20,1,5135.97,9.41,68.16,922.78,5135.97,5126.56,Wallet,Completed
f05decff-45e7-4a4a-9019-0b81ba74d299,2026_W22,O50998,U12825,P69,2026-05-28 01:44:53,3,5881.18,723.74,79.01,3045.56,17643.54,16919.8,Credit Card,Completed
f05decff-45e7-4a4a-9019-0b81ba74d299,2026_W22,O50999,U15111,P181,2026-05-30 19:16:54,3,8581.69,944.15,164.41,4464.17,25745.07,24800.92,Wallet,Completed
f05decff-45e7-4a4a-9019-0b81ba74d299,2026_W22,O51000,U28380,P160,2026-05-29 14:01:19,1,6919.48,486.61,124.11,1157.92,6919.48,6432.87,Credit Card,Completed
f05decff-45e7-4a4a-9019-0b81ba74d299,2026_W22,O51001,U10015,P73,2026-05-30 19:12:13,1,10930.99,1300.03,94.23,1733.57,10930.99,9630.96,Credit Card,Completed
f05decff-45e7-4a4a-9019-0b81ba74d299,2026_W22,O51002,U8394,P29,2026-05-30 22:01:19,2,7432.15,519.88,150.17,2582.0,14864.3,14344.42,UPI,Completed
f05decff-45e7-4a4a-9019-0b81ba74d299,2026_W22,O51003,U24820,P89,2026-05-26 18:05:49,1,7149.14,854.87,92.78,1132.97,7149.14,6294.27,Debit Card,Completed
f05decff-45e7-4a4a-9019-0b81ba74d299,2026_W22,O51004,U6623,P14,2026-05-27 04:11:18,1,4944.6,576.46,195.88,786.27,4944.6,4368.14,Credit Card,Completed
f05decff-45e7-4a4a-9019-0b81ba74d299,2026_W22,O51005,U11425,P158,2026-05-28 04:44:27,3,6839.61,1152.4,65.49,3485.96,20518.829999999998,19366.429999999997,Credit Card,Completed
f05decff-45e7-4a4a-9019-0b81ba74d299,2026_W22,O51006,U8223,P2,2026-05-29 22:57:28,2,1543.5,54.63,174.57,545.83,3087.0,3032.37,UPI,Completed
f05decff-45e7-4a4a-9019-0b81ba74d299,2026_W22,O51007,U8062,P16,2026-05-30 13:31:49,4,4498.86,2661.36,120.92,2760.13,17995.44,15334.079999999998,Wallet,Completed
f05decff-45e7-4a4a-9019-0b81ba74d299,2026_W22,O51008,U15103,P127,2026-05-30 15:29:05,2,9140.26,1389.21,77.69,3040.44,18280.52,16891.31,Credit Card,Completed
f05decff-45e7-4a4a-9019-0b81ba74d299,2026_W22,O51009,U23298,P180,2026-05-29 12:38:34,2,6781.04,1819.04,71.98,2113.75,13562.08,11743.04,UPI,Completed
f05decff-45e7-4a4a-9019-0b81ba74d299,2026_W22,O51010,U21071,P187,2026-05-29 05:12:58,2,4000.12,828.65,80.79,1290.89,8000.24,7171.59,Credit Card,Completed
f05decff-45e7-4a4a-9019-0b81ba74d299,2026_W22,O51011,U33929,P172,2026-05-28 18:31:52,2,9925.52,1035.29,150.03,3386.84,19851.04,18815.75,Debit Card,Completed
f05decff-45e7-4a4a-9019-0b81ba74d299,2026_W22,O51012,U24957,P72,2026-05-27 11:23:26,1,8163.39,1219.76,133.68,1249.85,8163.39,6943.63,Wallet,Completed
f05decff-45e7-4a4a-9019-0b81ba74d299,2026_W22,O51013,U29782,P44,2026-05-25 22:19:23,3,1679.28,136.39,78.13,882.26,5037.84,4901.45,Credit Card,Completed
f05decff-45e7-4a4a-9019-0b81ba74d299,2026_W22,O51014,U7474,P149,2026-05-27 02:48:03,1,7089.62,1018.33,194.48,1092.83,7089.62,6071.29,Wallet,Completed
f05decff-45e7-4a4a-9019-0b81ba74d299,2026_W22,O51015,U2039,P111,2026-05-29 03:48:35,2,9541.24,1495.99,157.79,3165.57,19082.48,17586.489999999998,UPI,Completed
f05decff-45e7-4a4a-9019-0b81ba74d299,2026_W22,O51016,U92,P187,2026-05-30 09:48:56,1,4000.12,439.04,126.1,640.99,4000.12,3561.08,Debit Card,Completed
f05decff-45e7-4a4a-9019-0b81ba74d299,2026_W22,O51017,U4234,P130,2026-05-29 22:59:34,2,11039.76,3000.63,174.93,3434.2,22079.52,19078.89,Credit Card,Completed
f05decff-45e7-4a4a-9019-0b81ba74d299,2026_W22,O51018,U1267,P64,2026-05-31 03:47:04,1,5141.6,445.44,163.16,845.31,5141.6,4696.160000000001,Debit Card,Completed
f05decff-45e7-4a4a-9019-0b81ba74d299,2026_W22,O51019,U20305,P181,2026-05-30 23:27:35,3,8581.69,3375.74,70.08,4026.48,25745.07,22369.33,UPI,Completed
f05decff-45e7-4a4a-9019-0b81ba74d299,2026_W22,O51020,U20667,P69,2026-05-29 06:01:02,1,5881.18,435.93,185.34,980.14,5881.18,5445.25,Credit Card,Completed
f05decff-45e7-4a4a-9019-0b81ba74d299,2026_W22,O51021,U17668,P144,2026-05-30 09:43:57,1,1737.47,70.8,135.55,300.0,1737.47,1666.67,UPI,Completed
f05decff-45e7-4a4a-9019-0b81ba74d299,2026_W22,O51022,U23802,P184,2026-05-28 10:52:32,1,3886.18,490.72,182.5,611.18,3886.18,3395.46,Debit Card,Completed
f05decff-45e7-4a4a-9019-0b81ba74d299,2026_W22,O51023,U8765,P190,2026-05-30 23:20:24,4,10065.15,5611.83,136.74,6236.78,40260.6,34648.77,Wallet,Completed
f05decff-45e7-4a4a-9019-0b81ba74d299,2026_W22,O51024,U13141,P83,2026-05-28 13:14:17,4,5070.2,190.85,182.98,3616.19,20280.8,20089.95,Credit Card,Completed
f05decff-45e7-4a4a-9019-0b81ba74d299,2026_W22,O51025,U8671,P30,2026-05-31 13:33:57,3,10909.65,1455.42,158.75,5629.24,32728.949999999997,31273.53,Wallet,Completed
f05decff-45e7-4a4a-9019-0b81ba74d299,2026_W22,O51026,U34764,P82,2026-05-27 07:33:10,2,1796.79,41.3,131.82,639.41,3593.58,3552.2799999999997,Debit Card,Completed
f05decff-45e7-4a4a-9019-0b81ba74d299,2026_W22,O51027,U33198,P200,2026-05-28 19:49:01,3,9143.2,3241.95,91.24,4353.78,27429.600000000002,24187.65,Credit Card,Completed
f05decff-45e7-4a4a-9019-0b81ba74d299,2026_W22,O51028,U322,P2,2026-05-26 06:34:43,2,1543.5,74.12,163.09,542.32,3087.0,3012.88,Debit Card,Completed
f05decff-45e7-4a4a-9019-0b81ba74d299,2026_W22,O51029,U11348,P157,2026-05-27 02:25:20,4,5290.96,2259.58,169.53,3402.77,21163.84,18904.260000000002,Credit Card,Completed
f05decff-45e7-4a4a-9019-0b81ba74d299,2026_W22,O51030,U18269,P51,2026-05-31 00:48:32,2,6572.59,826.3,114.32,2217.4,13145.18,12318.880000000001,Wallet,Completed
f05decff-45e7-4a4a-9019-0b81ba74d299,2026_W22,O51031,U24679,P151,2026-05-30 01:15:40,3,7426.21,623.57,70.93,3897.91,22278.63,21655.06,Debit Card,Completed
f05decff-45e7-4a4a-9019-0b81ba74d299,2026_W22,O51032,U13269,P8,2026-05-27 11:57:38,4,7997.84,4246.13,115.83,4994.14,31991.36,27745.23,Wallet,Completed
f05decff-45e7-4a4a-9019-0b81ba74d299,2026_W22,O51033,U34395,P158,2026-05-29 08:12:19,2,6839.61,1104.09,77.63,2263.52,13679.22,12575.13,Debit Card,Completed
f05decff-45e7-4a4a-9019-0b81ba74d299,2026_W22,O51034,U19785,P146,2026-05-28 23:37:02,4,4559.37,2238.77,99.88,2879.77,18237.48,15998.71,Debit Card,Completed
f05decff-45e7-4a4a-9019-0b81ba74d299,2026_W22,O51035,U4147,P82,2026-05-28 09:25:33,4,1796.79,74.75,108.96,1280.23,7187.16,7112.41,Wallet,Completed
f05decff-45e7-4a4a-9019-0b81ba74d299,2026_W22,O51036,U30357,P163,2026-05-30 02:26:24,4,2156.08,874.88,190.28,1394.9,8624.32,7749.44,Credit Card,Completed
f05decff-45e7-4a4a-9019-0b81ba74d299,2026_W22,O51037,U9732,P186,2026-05-29 22:04:59,2,7849.55,956.35,180.61,2653.7,15699.1,14742.75,Credit Card,Completed
f05decff-45e7-4a4a-9019-0b81ba74d299,2026_W22,O51038,U1355,P170,2026-05-29 20:30:11,2,2744.23,187.01,134.36,954.26,5488.46,5301.45,UPI,Completed
f05decff-45e7-4a4a-9019-0b81ba74d299,2026_W22,O51039,U16627,P179,2026-05-28 12:07:00,1,6580.06,721.59,73.49,1054.52,6580.06,5858.47,UPI,Completed
f05decff-45e7-4a4a-9019-0b81ba74d299,2026_W22,O51040,U8427,P11,2026-05-28 06:59:23,4,4897.66,1484.3,96.46,3259.14,19590.64,18106.34,Credit Card,Completed
f05decff-45e7-4a4a-9019-0b81ba74d299,2026_W22,O51041,U5444,P168,2026-05-26 19:39:05,2,4263.52,857.63,59.99,1380.49,8527.04,7669.410000000001,Credit Card,Completed
f05decff-45e7-4a4a-9019-0b81ba74d299,2026_W22,O51042,U26274,P134,2026-05-30 14:25:13,3,3654.35,1626.17,62.49,1680.64,10963.05,9336.88,UPI,Completed
f05decff-45e7-4a4a-9019-0b81ba74d299,2026_W22,O51043,U3988,P181,2026-05-26 23:50:11,1,8581.69,1186.97,193.21,1331.05,8581.69,7394.72,Credit Card,Completed
f05decff-45e7-4a4a-9019-0b81ba74d299,2026_W22,O51044,U19007,P182,2026-05-28 00:09:02,2,6023.28,359.41,127.86,2103.69,12046.56,11687.15,Debit Card,Completed
f05decff-45e7-4a4a-9019-0b81ba74d299,2026_W22,O51045,U14498,P190,2026-05-26 11:03:11,1,10065.15,549.24,156.25,1712.86,10065.15,9515.91,UPI,Completed
f05decff-45e7-4a4a-9019-0b81ba74d299,2026_W22,O51046,U10278,P56,2026-05-30 14:27:52,1,9725.09,605.36,68.41,1641.55,9725.09,9119.73,Debit Card,Completed
f05decff-45e7-4a4a-9019-0b81ba74d299,2026_W22,O51047,U19014,P157,2026-05-30 07:59:18,4,5290.96,668.11,50.43,3689.23,21163.84,20495.73,Debit Card,Completed
f05decff-45e7-4a4a-9019-0b81ba74d299,2026_W22,O51048,U3974,P36,2026-05-30 13:20:17,1,8838.75,9.71,126.09,1589.23,8838.75,8829.04,UPI,Completed
f05decff-45e7-4a4a-9019-0b81ba74d299,2026_W22,O51049,U27149,P187,2026-05-30 23:23:50,1,4000.12,256.47,126.81,673.86,4000.12,3743.6499999999996,Debit Card,Completed
f05decff-45e7-4a4a-9019-0b81ba74d299,2026_W22,O51050,U2242,P174,2026-05-25 23:35:42,4,3233.65,946.29,141.13,2157.9,12934.6,11988.310000000001,UPI,Completed
f05decff-45e7-4a4a-9019-0b81ba74d299,2026_W22,O51051,U28149,P107,2026-05-27 22:12:12,3,3660.65,249.49,194.21,1931.84,10981.95,10732.460000000001,UPI,Completed
f05decff-45e7-4a4a-9019-0b81ba74d299,2026_W22,O51052,U11525,P182,2026-05-29 19:43:30,1,6023.28,381.01,71.36,1015.61,6023.28,5642.2699999999995,Credit Card,Completed
f05decff-45e7-4a4a-9019-0b81ba74d299,2026_W22,O51053,U11090,P43,2026-05-26 21:37:40,1,9948.84,44.58,184.74,1782.77,9948.84,9904.26,Debit Card,Completed
f05decff-45e7-4a4a-9019-0b81ba74d299,2026_W22,O51054,U27020,P115,2026-05-26 00:22:19,1,8486.85,70.73,126.35,1514.9,8486.85,8416.12,Credit Card,Completed
f05decff-45e7-4a4a-9019-0b81ba74d299,2026_W22,O51055,U1406,P23,2026-05-27 18:09:32,3,2281.71,1006.85,93.09,1050.89,6845.13,5838.28,Credit Card,Completed
f05decff-45e7-4a4a-9019-0b81ba74d299,2026_W22,O51056,U30760,P192,2026-05-26 15:30:44,2,8471.85,921.92,195.69,2883.92,16943.7,16021.78,Debit Card,Completed
f05decff-45e7-4a4a-9019-0b81ba74d299,2026_W22,O51057,U9762,P27,2026-05-28 13:40:32,2,6106.97,1520.73,174.3,1924.78,12213.94,10693.210000000001,Wallet,Completed
f05decff-45e7-4a4a-9019-0b81ba74d299,2026_W22,O51058,U6533,P94,2026-05-27 23:45:01,1,4145.07,513.69,74.86,653.65,4145.07,3631.3799999999997,UPI,Completed
f05decff-45e7-4a4a-9019-0b81ba74d299,2026_W22,O51059,U1451,P200,2026-05-30 05:57:28,4,9143.2,4592.85,144.6,5756.39,36572.8,31979.950000000004,Credit Card,Completed
f05decff-45e7-4a4a-9019-0b81ba74d299,2026_W22,O51060,U13778,P105,2026-05-28 07:38:10,4,7337.42,3894.72,170.46,4581.89,29349.68,25454.96,UPI,Completed
f05decff-45e7-4a4a-9019-0b81ba74d299,2026_W22,O51061,U13368,P58,2026-05-30 05:23:46,3,2716.51,10.53,123.19,1465.02,8149.530000000001,8139.000000000001,Wallet,Completed
f05decff-45e7-4a4a-9019-0b81ba74d299,2026_W22,O51062,U2127,P86,2026-05-26 03:31:05,3,7794.14,2513.89,104.93,3756.34,23382.420000000002,20868.530000000002,UPI,Completed
f05decff-45e7-4a4a-9019-0b81ba74d299,2026_W22,O51063,U4791,P32,2026-05-27 18:06:59,1,3711.51,471.85,198.04,583.14,3711.51,3239.6600000000003,Debit Card,Completed
f05decff-45e7-4a4a-9019-0b81ba74d299,2026_W22,O51064,U2721,P88,2026-05-31 21:00:35,3,2502.34,704.3,198.93,1224.49,7507.02,6802.72,UPI,Completed
f05decff-45e7-4a4a-9019-0b81ba74d299,2026_W22,O51065,U34693,P115,2026-05-31 12:16:54,3,8486.85,3815.72,99.9,3896.07,25460.550000000003,21644.83,UPI,Completed
f05decff-45e7-4a4a-9019-0b81ba74d299,2026_W22,O51066,U10646,P112,2026-05-27 23:48:46,3,4659.89,1646.99,63.32,2219.88,13979.670000000002,12332.680000000002,Wallet,Completed
f05decff-45e7-4a4a-9019-0b81ba74d299,2026_W22,O51067,U29916,P96,2026-05-31 01:55:37,3,6676.27,1816.93,81.84,3278.14,20028.81,18211.88,Credit Card,Completed
f05decff-45e7-4a4a-9019-0b81ba74d299,2026_W22,O51068,U11441,P82,2026-05-30 21:25:04,2,1796.79,29.7,89.77,641.5,3593.58,3563.88,UPI,Completed
f05decff-45e7-4a4a-9019-0b81ba74d299,2026_W22,O51069,U17642,P36,2026-05-30 00:39:57,4,8838.75,4863.07,131.66,5488.55,35355.0,30491.93,UPI,Completed
f05decff-45e7-4a4a-9019-0b81ba74d299,2026_W22,O51070,U33664,P160,2026-05-28 19:20:27,3,6919.48,2510.97,80.57,3284.54,20758.44,18247.469999999998,UPI,Completed
f05decff-45e7-4a4a-9019-0b81ba74d299,2026_W22,O51071,U20351,P32,2026-05-27 23:36:58,2,3711.51,1014.11,148.25,1153.6,7423.02,6408.910000000001,Credit Card,Completed
f05decff-45e7-4a4a-9019-0b81ba74d299,2026_W22,O51072,U9757,P107,2026-05-26 08:07:31,1,3660.65,66.28,66.87,646.99,3660.65,3594.37,Credit Card,Completed
f05decff-45e7-4a4a-9019-0b81ba74d299,2026_W22,O51073,U32939,P51,2026-05-29 05:01:53,1,6572.59,892.77,93.74,1022.37,6572.59,5679.82,Debit Card,Completed
f05decff-45e7-4a4a-9019-0b81ba74d299,2026_W22,O51074,U7115,P114,2026-05-29 15:48:14,4,4373.67,1576.4,106.75,2865.29,17494.68,15918.28,Debit Card,Completed
f05decff-45e7-4a4a-9019-0b81ba74d299,2026_W22,O51075,U18212,P111,2026-05-30 16:52:34,4,9541.24,5655.71,185.16,5851.66,38164.96,32509.25,UPI,Completed
f05decff-45e7-4a4a-9019-0b81ba74d299,2026_W22,O51076,U14501,P111,2026-05-26 17:41:41,2,9541.24,668.22,170.97,3314.57,19082.48,18414.26,Debit Card,Completed
f05decff-45e7-4a4a-9019-0b81ba74d299,2026_W22,O51077,U5535,P163,2026-05-28 16:15:34,4,2156.08,910.93,53.62,1388.41,8624.32,7713.389999999999,Wallet,Completed
f05decff-45e7-4a4a-9019-0b81ba74d299,2026_W22,O51078,U32107,P9,2026-05-27 08:13:12,1,5369.05,89.84,171.28,950.26,5369.05,5279.21,Wallet,Completed
f05decff-45e7-4a4a-9019-0b81ba74d299,2026_W22,O51079,U1006,P78,2026-05-26 16:27:31,2,4707.59,167.09,64.3,1664.66,9415.18,9248.09,Wallet,Completed
f05decff-45e7-4a4a-9019-0b81ba74d299,2026_W22,O51080,U24975,P137,2026-05-28 23:29:40,3,4729.65,447.15,130.09,2473.52,14188.949999999999,13741.8,Credit Card,Completed
f05decff-45e7-4a4a-9019-0b81ba74d299,2026_W22,O51081,U31934,P42,2026-05-27 15:32:58,2,5949.92,1724.61,50.38,1831.54,11899.84,10175.23,Wallet,Completed
f05decff-45e7-4a4a-9019-0b81ba74d299,2026_W22,O51082,U1161,P141,2026-05-30 12:00:50,1,6658.31,272.71,189.04,1149.41,6658.31,6385.6,UPI,Completed
f05decff-45e7-4a4a-9019-0b81ba74d299,2026_W22,O51083,U26016,P171,2026-05-27 21:52:11,3,7036.96,1791.21,72.58,3477.54,21110.88,19319.670000000002,Debit Card,Completed
f05decff-45e7-4a4a-9019-0b81ba74d299,2026_W22,O51084,U5532,P176,2026-05-27 01:56:50,1,3628.75,459.22,59.85,570.52,3628.75,3169.5299999999997,Credit Card,Completed
f05decff-45e7-4a4a-9019-0b81ba74d299,2026_W22,O51085,U843,P125,2026-05-30 19:47:49,1,5593.86,537.59,157.38,910.13,5593.86,5056.2699999999995,UPI,Completed
f05decff-45e7-4a4a-9019-0b81ba74d299,2026_W22,O51086,U26420,P104,2026-05-29 04:43:29,4,5183.53,95.79,104.86,3714.9,20734.12,20638.329999999998,Credit Card,Completed
f05decff-45e7-4a4a-9019-0b81ba74d299,2026_W22,O51087,U4198,P151,2026-05-31 12:21:35,4,7426.21,943.82,54.14,5176.98,29704.84,28761.02,Wallet,Completed
f05decff-45e7-4a4a-9019-0b81ba74d299,2026_W22,O51088,U20167,P199,2026-05-26 18:15:54,3,10122.76,3339.94,112.13,4865.1,30368.28,27028.34,Debit Card,Completed
f05decff-45e7-4a4a-9019-0b81ba74d299,2026_W22,O51089,U26443,P33,2026-05-30 06:45:41,1,7861.44,552.74,87.27,1315.57,7861.44,7308.7,Wallet,Completed
f05decff-45e7-4a4a-9019-0b81ba74d299,2026_W22,O51090,U7728,P91,2026-05-28 15:42:34,4,4627.39,2060.02,185.82,2960.92,18509.56,16449.54,Debit Card,Completed
f05decff-45e7-4a4a-9019-0b81ba74d299,2026_W22,O51091,U10021,P178,2026-05-27 17:54:01,3,2500.92,1122.33,98.32,1148.48,7502.76,6380.43,Credit Card,Completed
f05decff-45e7-4a4a-9019-0b81ba74d299,2026_W22,O51092,U11781,P51,2026-05-27 17:49:01,4,6572.59,2235.37,76.39,4329.9,26290.36,24054.99,Wallet,Completed
f05decff-45e7-4a4a-9019-0b81ba74d299,2026_W22,O51093,U14314,P126,2026-05-26 12:10:07,4,7171.16,1992.42,181.24,4804.6,28684.64,26692.22,Debit Card,Completed
f05decff-45e7-4a4a-9019-0b81ba74d299,2026_W22,O51094,U19058,P34,2026-05-26 10:48:17,4,8777.08,290.7,63.33,6267.17,35108.32,34817.62,Wallet,Completed
f05decff-45e7-4a4a-9019-0b81ba74d299,2026_W22,O51095,U34119,P166,2026-05-28 07:54:37,2,8475.87,1385.48,82.37,2801.93,16951.74,15566.260000000002,Wallet,Completed
f05decff-45e7-4a4a-9019-0b81ba74d299,2026_W22,O51096,U12836,P49,2026-05-30 19:43:49,2,4925.87,128.3,118.11,1750.22,9851.74,9723.44,Wallet,Completed
f05decff-45e7-4a4a-9019-0b81ba74d299,2026_W22,O51097,U13750,P130,2026-05-28 06:08:51,2,11039.76,3053.57,62.4,3424.67,22079.52,19025.95,UPI,Completed
f05decff-45e7-4a4a-9019-0b81ba74d299,2026_W22,O51098,U14526,P189,2026-05-27 02:34:59,4,7353.02,1294.47,150.22,5061.17,29412.08,28117.61,Debit Card,Completed
f05decff-45e7-4a4a-9019-0b81ba74d299,2026_W22,O51099,U11621,P183,2026-05-28 00:29:37,3,9215.45,2039.94,152.34,4609.15,27646.350000000002,25606.410000000003,Credit Card,Completed
f05decff-45e7-4a4a-9019-0b81ba74d299,2026_W22,O51100,U18370,P97,2026-05-28 21:56:26,1,5383.07,749.75,107.66,834.0,5383.07,4633.32,Credit Card,Completed
f05decff-45e7-4a4a-9019-0b81ba74d299,2026_W22,O51101,U34756,P182,2026-05-29 07:46:18,3,6023.28,941.38,63.32,3083.12,18069.84,17128.46,Wallet,Completed
f05decff-45e7-4a4a-9019-0b81ba74d299,2026_W22,O51102,U18450,P164,2026-05-30 03:06:10,3,7269.88,208.7,145.12,3888.17,21809.64,21600.94,Wallet,Completed
f05decff-45e7-4a4a-9019-0b81ba74d299,2026_W22,O51103,U280,P195,2026-05-27 17:09:04,2,3603.97,633.42,60.42,1183.41,7207.94,6574.5199999999995,Debit Card,Completed
f05decff-45e7-4a4a-9019-0b81ba74d299,2026_W22,O51104,U31658,P195,2026-05-31 04:41:21,2,3603.97,923.98,77.77,1131.11,7207.94,6283.959999999999,Debit Card,Completed
f05decff-45e7-4a4a-9019-0b81ba74d299,2026_W22,O51105,U11183,P156,2026-05-30 03:54:38,3,2183.92,610.03,132.33,1069.51,6551.76,5941.7300000000005,Wallet,Completed
f05decff-45e7-4a4a-9019-0b81ba74d299,2026_W22,O51106,U24536,P20,2026-05-27 18:31:30,1,6465.0,866.15,78.04,1007.79,6465.0,5598.85,UPI,Completed
f05decff-45e7-4a4a-9019-0b81ba74d299,2026_W22,O51107,U25367,P98,2026-05-29 19:02:59,1,3365.14,325.63,57.02,547.11,3365.14,3039.5099999999998,Credit Card,Completed
f05decff-45e7-4a4a-9019-0b81ba74d299,2026_W22,O51108,U22380,P24,2026-05-31 10:25:59,4,4886.78,2352.57,69.1,3095.02,19547.12,17194.55,Wallet,Completed
f05decff-45e7-4a4a-9019-0b81ba74d299,2026_W22,O51109,U8963,P74,2026-05-27 07:33:05,1,8026.5,4.31,104.66,1443.99,8026.5,8022.19,Debit Card,Completed
f05decff-45e7-4a4a-9019-0b81ba74d299,2026_W22,O51110,U18959,P163,2026-05-31 15:56:07,2,2156.08,197.87,87.35,740.57,4312.16,4114.29,UPI,Completed
f05decff-45e7-4a4a-9019-0b81ba74d299,2026_W22,O51111,U33988,P92,2026-05-31 08:13:52,3,7099.99,668.06,180.19,3713.74,21299.97,20631.91,Credit Card,Completed
f05decff-45e7-4a4a-9019-0b81ba74d299,2026_W22,O51112,U27401,P131,2026-05-28 01:53:35,3,5156.93,1127.95,157.97,2581.71,15470.79,14342.84,UPI,Completed
f05decff-45e7-4a4a-9019-0b81ba74d299,2026_W22,O51113,U26125,P16,2026-05-30 07:29:38,4,4498.86,1305.35,187.92,3004.22,17995.44,16690.09,UPI,Completed
f05decff-45e7-4a4a-9019-0b81ba74d299,2026_W22,O51114,U34108,P92,2026-05-27 01:35:56,1,7099.99,178.66,180.68,1245.84,7099.99,6921.33,Debit Card,Completed
f05decff-45e7-4a4a-9019-0b81ba74d299,2026_W22,O51115,U7474,P90,2026-05-28 08:57:23,4,6467.75,3079.92,136.7,4102.39,25871.0,22791.08,Credit Card,Completed
f05decff-45e7-4a4a-9019-0b81ba74d299,2026_W22,O51116,U26072,P120,2026-05-29 20:56:26,3,8125.66,1774.22,175.96,4068.5,24376.98,22602.76,Wallet,Completed
f05decff-45e7-4a4a-9019-0b81ba74d299,2026_W22,O51117,U11056,P31,2026-05-25 23:37:30,2,4234.09,529.27,74.14,1429.0,8468.18,7938.91,Wallet,Completed
f05decff-45e7-4a4a-9019-0b81ba74d299,2026_W22,O51118,U199,P54,2026-05-29 16:02:11,4,5968.84,1381.67,99.8,4048.86,23875.36,22493.690000000002,Credit Card,Completed
f05decff-45e7-4a4a-9019-0b81ba74d299,2026_W22,O51119,U7830,P121,2026-05-31 12:58:23,2,9562.01,2028.65,56.08,3077.17,19124.02,17095.37,UPI,Completed
f05decff-45e7-4a4a-9019-0b81ba74d299,2026_W22,O51120,U9675,P186,2026-05-29 11:09:57,1,7849.55,400.67,113.13,1340.8,7849.55,7448.88,Wallet,Completed
f05decff-45e7-4a4a-9019-0b81ba74d299,2026_W22,O51121,U31636,P97,2026-05-29 00:28:59,1,5383.07,225.22,163.99,928.41,5383.07,5157.849999999999,Debit Card,Completed
f05decff-45e7-4a4a-9019-0b81ba74d299,2026_W22,O51122,U22773,P158,2026-05-30 08:11:50,2,6839.61,595.88,80.68,2355.0,13679.22,13083.34,Debit Card,Completed
f05decff-45e7-4a4a-9019-0b81ba74d299,2026_W22,O51123,U2624,P44,2026-05-27 06:18:10,3,1679.28,1.02,174.41,906.63,5037.84,5036.82,Debit Card,Completed
f05decff-45e7-4a4a-9019-0b81ba74d299,2026_W22,O51124,U1738,P26,2026-05-29 02:46:32,3,8687.74,1128.25,91.85,4488.29,26063.22,24934.97,Credit Card,Completed
f05decff-45e7-4a4a-9019-0b81ba74d299,2026_W22,O51125,U11181,P83,2026-05-28 07:08:18,3,5070.2,1006.64,71.08,2556.71,15210.599999999999,14203.96,Debit Card,Completed
f05decff-45e7-4a4a-9019-0b81ba74d299,2026_W22,O51126,U2939,P79,2026-05-31 08:03:25,1,2810.31,416.6,159.39,430.87,2810.31,2393.71,UPI,Completed
f05decff-45e7-4a4a-9019-0b81ba74d299,2026_W22,O51127,U14488,P8,2026-05-29 06:40:06,3,7997.84,2274.03,135.23,3909.51,23993.52,21719.49,Debit Card,Completed
f05decff-45e7-4a4a-9019-0b81ba74d299,2026_W22,O51128,U16117,P67,2026-05-29 15:45:50,1,6555.74,753.56,156.29,1044.39,6555.74,5802.18,Wallet,Completed
f05decff-45e7-4a4a-9019-0b81ba74d299,2026_W22,O51129,U14586,P130,2026-05-28 07:37:45,3,11039.76,1295.9,96.57,5728.21,33119.28,31823.379999999997,UPI,Completed
f05decff-45e7-4a4a-9019-0b81ba74d299,2026_W22,O51130,U20875,P80,2026-05-30 16:19:07,1,7227.02,490.32,183.17,1212.61,7227.02,6736.700000000001,Wallet,Completed
f05decff-45e7-4a4a-9019-0b81ba74d299,2026_W22,O51131,U33272,P9,2026-05-27 16:11:04,1,5369.05,545.7,73.37,868.2,5369.05,4823.35,UPI,Completed
f05decff-45e7-4a4a-9019-0b81ba74d299,2026_W22,O51132,U31310,P26,2026-05-27 21:35:46,1,8687.74,1274.47,110.63,1334.39,8687.74,7413.2699999999995,Credit Card,Completed
f05decff-45e7-4a4a-9019-0b81ba74d299,2026_W22,O51133,U18826,P51,2026-05-27 16:10:26,3,6572.59,1195.56,98.08,3334.0,19717.77,18522.21,Debit Card,Completed
f05decff-45e7-4a4a-9019-0b81ba74d299,2026_W22,O51134,U11425,P178,2026-05-30 06:56:54,1,2500.92,239.79,92.19,407.0,2500.92,2261.13,Credit Card,Completed
f05decff-45e7-4a4a-9019-0b81ba74d299,2026_W22,O51135,U33550,P84,2026-05-31 10:28:14,4,8271.97,2737.36,73.76,5463.09,33087.88,30350.519999999997,Credit Card,Completed
f05decff-45e7-4a4a-9019-0b81ba74d299,2026_W22,O51136,U18147,P107,2026-05-30 15:58:09,3,3660.65,694.12,155.2,1851.81,10981.95,10287.83,Credit Card,Completed
f05decff-45e7-4a4a-9019-0b81ba74d299,2026_W22,O51137,U2398,P158,2026-05-31 02:23:39,1,6839.61,621.37,76.27,1119.28,6839.61,6218.24,Credit Card,Completed
f05decff-45e7-4a4a-9019-0b81ba74d299,2026_W22,O51138,U470,P138,2026-05-26 15:30:24,1,5599.95,535.14,63.56,911.67,5599.95,5064.8099999999995,Credit Card,Completed
f05decff-45e7-4a4a-9019-0b81ba74d299,2026_W22,O51139,U13923,P173,2026-05-29 10:40:00,1,4326.87,246.48,162.34,734.47,4326.87,4080.39,Wallet,Completed
f05decff-45e7-4a4a-9019-0b81ba74d299,2026_W22,O51140,U26120,P53,2026-05-30 12:31:00,1,8018.26,217.3,149.52,1404.17,8018.26,7800.96,Wallet,Completed
f05decff-45e7-4a4a-9019-0b81ba74d299,2026_W22,O51141,U26589,P152,2026-05-31 18:37:43,2,1970.06,151.17,165.95,682.01,3940.12,3788.95,Wallet,Completed
f05decff-45e7-4a4a-9019-0b81ba74d299,2026_W22,O51142,U1244,P147,2026-05-30 18:23:34,2,2240.85,77.93,187.17,792.68,4481.7,4403.7699999999995,Credit Card,Completed
f05decff-45e7-4a4a-9019-0b81ba74d299,2026_W22,O51143,U27292,P123,2026-05-29 01:05:20,4,2425.48,760.69,160.74,1609.42,9701.92,8941.23,Wallet,Completed
f05decff-45e7-4a4a-9019-0b81ba74d299,2026_W22,O51144,U7979,P30,2026-05-28 07:28:41,3,10909.65,564.94,82.58,5789.52,32728.949999999997,32164.01,Wallet,Completed
f05decff-45e7-4a4a-9019-0b81ba74d299,2026_W22,O51145,U5505,P177,2026-05-28 07:15:58,1,5607.98,794.74,194.21,866.38,5607.98,4813.24,Debit Card,Completed
f05decff-45e7-4a4a-9019-0b81ba74d299,2026_W22,O51146,U17080,P35,2026-05-31 09:10:18,4,3801.69,4.38,140.54,2736.43,15206.76,15202.380000000001,Wallet,Completed
f05decff-45e7-4a4a-9019-0b81ba74d299,2026_W22,O51147,U27188,P70,2026-05-26 15:33:04,4,2246.89,740.66,52.19,1484.44,8987.56,8246.9,Debit Card,Completed
f05decff-45e7-4a4a-9019-0b81ba74d299,2026_W22,O51148,U20476,P187,2026-05-28 17:53:41,4,4000.12,1534.57,142.36,2603.86,16000.48,14465.91,Debit Card,Completed
f05decff-45e7-4a4a-9019-0b81ba74d299,2026_W22,O51149,U12596,P129,2026-05-28 09:18:00,2,5625.8,426.34,183.37,1948.55,11251.6,10825.26,Credit Card,Completed
f05decff-45e7-4a4a-9019-0b81ba74d299,2026_W22,O51150,U478,P165,2026-05-31 14:08:28,4,4063.67,879.78,65.69,2767.48,16254.68,15374.9,UPI,Completed
f05decff-45e7-4a4a-9019-0b81ba74d299,2026_W22,O51151,U22703,P152,2026-05-29 14:06:14,1,1970.06,158.98,160.18,325.99,1970.06,1811.08,Wallet,Completed
f05decff-45e7-4a4a-9019-0b81ba74d299,2026_W22,O51152,U8205,P107,2026-05-31 07:38:04,2,3660.65,301.07,135.42,1263.64,7321.3,7020.2300000000005,Credit Card,Completed
f05decff-45e7-4a4a-9019-0b81ba74d299,2026_W22,O51153,U33272,P40,2026-05-26 23:27:06,1,4177.53,145.61,144.83,725.75,4177.53,4031.9199999999996,UPI,Completed
f05decff-45e7-4a4a-9019-0b81ba74d299,2026_W22,O51154,U17855,P5,2026-05-31 02:23:44,1,5785.73,295.77,90.53,988.19,5785.73,5489.959999999999,Debit Card,Completed
f05decff-45e7-4a4a-9019-0b81ba74d299,2026_W22,O51155,U18169,P134,2026-05-31 04:31:16,2,3654.35,495.08,104.38,1226.45,7308.7,6813.62,UPI,Completed
f05decff-45e7-4a4a-9019-0b81ba74d299,2026_W22,O51156,U29788,P182,2026-05-29 10:35:50,1,6023.28,332.29,186.28,1024.38,6023.28,5690.99,UPI,Completed
f05decff-45e7-4a4a-9019-0b81ba74d299,2026_W22,O51157,U22218,P170,2026-05-29 10:10:49,1,2744.23,253.19,88.27,448.39,2744.23,2491.04,Wallet,Completed
f05decff-45e7-4a4a-9019-0b81ba74d299,2026_W22,O51158,U13604,P39,2026-05-29 12:07:51,3,5048.64,1944.29,164.73,2376.29,15145.920000000002,13201.630000000001,Wallet,Completed
f05decff-45e7-4a4a-9019-0b81ba74d299,2026_W22,O51159,U32649,P11,2026-05-31 00:10:20,4,4897.66,978.87,183.74,3350.12,19590.64,18611.77,Wallet,Completed
f05decff-45e7-4a4a-9019-0b81ba74d299,2026_W22,O51160,U30786,P27,2026-05-28 22:25:06,2,6106.97,813.5,120.58,2052.08,12213.94,11400.44,UPI,Completed
f05decff-45e7-4a4a-9019-0b81ba74d299,2026_W22,O51161,U12957,P52,2026-05-26 07:30:43,2,4538.36,1049.61,109.0,1444.88,9076.72,8027.11,Debit Card,Completed
f05decff-45e7-4a4a-9019-0b81ba74d299,2026_W22,O51162,U19633,P157,2026-05-26 21:41:16,2,5290.96,941.32,130.95,1735.31,10581.92,9640.6,Debit Card,Completed
f05decff-45e7-4a4a-9019-0b81ba74d299,2026_W22,O51163,U3984,P191,2026-05-26 23:03:47,1,4973.99,472.43,180.18,810.28,4973.99,4501.5599999999995,Wallet,Completed
f05decff-45e7-4a4a-9019-0b81ba74d299,2026_W22,O51164,U31517,P37,2026-05-26 18:00:44,3,9886.76,798.34,69.62,5195.15,29660.28,28861.94,Credit Card,Completed
f05decff-45e7-4a4a-9019-0b81ba74d299,2026_W22,O51165,U31866,P177,2026-05-27 00:39:36,1,5607.98,336.32,101.97,948.9,5607.98,5271.66,Debit Card,Completed
f05decff-45e7-4a4a-9019-0b81ba74d299,2026_W22,O51166,U5372,P74,2026-05-29 09:33:38,2,8026.5,1996.76,93.99,2530.12,16053.0,14056.24,Wallet,Completed
f05decff-45e7-4a4a-9019-0b81ba74d299,2026_W22,O51167,U10573,P17,2026-05-29 15:38:54,3,3339.42,94.46,115.81,1786.28,10018.26,9923.800000000001,Wallet,Completed
f05decff-45e7-4a4a-9019-0b81ba74d299,2026_W22,O51168,U17500,P48,2026-05-27 05:03:04,3,10990.29,3457.8,173.55,5312.35,32970.87,29513.070000000003,UPI,Completed
f05decff-45e7-4a4a-9019-0b81ba74d299,2026_W22,O51169,U2643,P72,2026-05-26 19:55:06,1,8163.39,691.6,195.89,1344.92,8163.39,7471.79,Credit Card,Completed
f05decff-45e7-4a4a-9019-0b81ba74d299,2026_W22,O51170,U25028,P100,2026-05-27 21:39:42,3,7089.35,1203.9,74.28,3611.55,21268.050000000003,20064.15,Debit Card,Completed
f05decff-45e7-4a4a-9019-0b81ba74d299,2026_W22,O51171,U16782,P86,2026-05-30 23:42:13,2,7794.14,355.6,129.31,2741.88,15588.28,15232.68,Debit Card,Completed
f05decff-45e7-4a4a-9019-0b81ba74d299,2026_W22,O51172,U11464,P141,2026-05-29 23:50:02,3,6658.31,2730.54,106.38,3103.99,19974.93,17244.39,Credit Card,Completed
f05decff-45e7-4a4a-9019-0b81ba74d299,2026_W22,O51173,U26820,P193,2026-05-29 12:21:33,2,5013.68,415.95,154.64,1730.05,10027.36,9611.41,Credit Card,Completed
f05decff-45e7-4a4a-9019-0b81ba74d299,2026_W22,O51174,U19598,P155,2026-05-27 18:08:39,1,8707.69,1224.2,64.12,1347.03,8707.69,7483.490000000001,Debit Card,Completed
f05decff-45e7-4a4a-9019-0b81ba74d299,2026_W22,O51175,U16096,P26,2026-05-26 10:21:48,3,8687.74,1855.24,165.2,4357.44,26063.22,24207.98,Debit Card,Completed
f05decff-45e7-4a4a-9019-0b81ba74d299,2026_W22,O51176,U28089,P99,2026-05-27 15:39:12,1,4457.11,129.12,63.67,779.04,4457.11,4327.99,Debit Card,Completed
f05decff-45e7-4a4a-9019-0b81ba74d299,2026_W22,O51177,U31976,P197,2026-05-27 10:06:40,2,3825.75,209.84,84.21,1339.5,7651.5,7441.66,Credit Card,Completed
f05decff-45e7-4a4a-9019-0b81ba74d299,2026_W22,O51178,U21234,P163,2026-05-30 04:44:41,4,2156.08,542.47,185.74,1454.73,8624.32,8081.849999999999,UPI,Completed
f05decff-45e7-4a4a-9019-0b81ba74d299,2026_W22,O51179,U31111,P192,2026-05-31 20:57:09,2,8471.85,2197.88,101.21,2654.25,16943.7,14745.82,Wallet,Completed
f05decff-45e7-4a4a-9019-0b81ba74d299,2026_W22,O51180,U18320,P124,2026-05-26 03:50:41,3,7063.56,128.8,153.97,3791.14,21190.68,21061.88,Debit Card,Completed
f05decff-45e7-4a4a-9019-0b81ba74d299,2026_W22,O51181,U932,P51,2026-05-29 23:29:28,3,6572.59,2723.1,113.17,3059.04,19717.77,16994.670000000002,UPI,Completed
f05decff-45e7-4a4a-9019-0b81ba74d299,2026_W22,O51182,U32257,P45,2026-05-30 16:20:27,3,7618.9,1508.7,162.82,3842.64,22856.699999999997,21347.999999999996,Wallet,Completed
f05decff-45e7-4a4a-9019-0b81ba74d299,2026_W22,O51183,U9382,P161,2026-05-28 14:41:15,3,5474.81,2410.55,101.94,2522.5,16424.43,14013.880000000001,Credit Card,Completed
f05decff-45e7-4a4a-9019-0b81ba74d299,2026_W22,O51184,U11550,P135,2026-05-28 18:07:09,3,7738.35,3264.89,168.57,3591.03,23215.050000000003,19950.160000000003,UPI,Completed
f05decff-45e7-4a4a-9019-0b81ba74d299,2026_W22,O51185,U7259,P57,2026-05-29 08:44:11,4,3408.89,1363.28,80.39,2209.01,13635.56,12272.279999999999,Debit Card,Completed
f05decff-45e7-4a4a-9019-0b81ba74d299,2026_W22,O51186,U16472,P169,2026-05-30 06:29:49,2,3759.37,657.7,185.92,1234.99,7518.74,6861.04,Wallet,Completed
f05decff-45e7-4a4a-9019-0b81ba74d299,2026_W22,O51187,U2128,P109,2026-05-30 13:01:11,2,5251.93,792.5,51.75,1748.04,10503.86,9711.36,UPI,Completed
f05decff-45e7-4a4a-9019-0b81ba74d299,2026_W22,O51188,U9218,P68,2026-05-26 08:35:10,2,10947.39,782.54,167.72,3800.2,21894.78,21112.239999999998,Wallet,Completed
f05decff-45e7-4a4a-9019-0b81ba74d299,2026_W22,O51189,U32127,P183,2026-05-27 17:23:28,3,9215.45,1340.64,67.95,4735.03,27646.350000000002,26305.710000000003,Wallet,Completed
f05decff-45e7-4a4a-9019-0b81ba74d299,2026_W22,O51190,U31356,P82,2026-05-26 12:32:48,1,1796.79,60.93,145.56,312.45,1796.79,1735.86,UPI,Completed
f05decff-45e7-4a4a-9019-0b81ba74d299,2026_W22,O51191,U20829,P183,2026-05-27 13:11:55,4,9215.45,4745.15,121.49,5781.0,36861.8,32116.65,Debit Card,Completed
f05decff-45e7-4a4a-9019-0b81ba74d299,2026_W22,O51192,U6934,P2,2026-05-30 08:35:35,2,1543.5,101.45,81.31,537.4,3087.0,2985.55,Wallet,Completed
f05decff-45e7-4a4a-9019-0b81ba74d299,2026_W22,O51193,U13397,P47,2026-05-26 00:17:57,2,4728.62,171.01,88.13,1671.52,9457.24,9286.23,Wallet,Completed
f05decff-45e7-4a4a-9019-0b81ba74d299,2026_W22,O51194,U8825,P49,2026-05-27 01:30:14,1,4925.87,224.73,174.13,846.21,4925.87,4701.14,UPI,Completed
f05decff-45e7-4a4a-9019-0b81ba74d299,2026_W22,O51195,U8634,P5,2026-05-28 23:24:15,4,5785.73,1460.49,58.98,3902.84,23142.92,21682.429999999997,Debit Card,Completed
f05decff-45e7-4a4a-9019-0b81ba74d299,2026_W22,O51196,U29877,P18,2026-05-28 22:27:05,3,2101.11,907.79,143.32,971.2,6303.33,5395.54,UPI,Completed
f05decff-45e7-4a4a-9019-0b81ba74d299,2026_W22,O51197,U24351,P111,2026-05-27 22:50:41,4,9541.24,938.81,170.82,6700.71,38164.96,37226.15,UPI,Completed
f05decff-45e7-4a4a-9019-0b81ba74d299,2026_W22,O51198,U34891,P115,2026-05-29 08:29:20,2,8486.85,1291.3,144.86,2822.83,16973.7,15682.400000000001,Wallet,Completed
f05decff-45e7-4a4a-9019-0b81ba74d299,2026_W22,O51199,U9460,P96,2026-05-30 20:24:30,4,6676.27,3107.13,78.32,4247.63,26705.08,23597.95,UPI,Completed
f05decff-45e7-4a4a-9019-0b81ba74d299,2026_W22,O51200,U10988,P45,2026-05-27 17:58:01,2,7618.9,1482.4,195.37,2475.97,15237.8,13755.4,UPI,Completed
f05decff-45e7-4a4a-9019-0b81ba74d299,2026_W22,O51201,U9110,P193,2026-05-30 20:13:17,4,5013.68,1314.95,158.44,3373.16,20054.72,18739.77,UPI,Completed
f05decff-45e7-4a4a-9019-0b81ba74d299,2026_W22,O51202,U20156,P120,2026-05-26 19:05:52,3,8125.66,364.18,115.59,4322.3,24376.98,24012.8,Debit Card,Completed
f05decff-45e7-4a4a-9019-0b81ba74d299,2026_W22,O51203,U5380,P134,2026-05-31 19:25:02,1,3654.35,35.87,199.93,651.33,3654.35,3618.48,Credit Card,Completed
f05decff-45e7-4a4a-9019-0b81ba74d299,2026_W22,O51204,U17828,P146,2026-05-29 09:15:16,3,4559.37,1134.34,177.29,2257.88,13678.11,12543.77,Credit Card,Completed
f05decff-45e7-4a4a-9019-0b81ba74d299,2026_W22,O51205,U18927,P44,2026-05-30 04:18:55,1,1679.28,11.66,184.33,300.17,1679.28,1667.62,Credit Card,Completed
f05decff-45e7-4a4a-9019-0b81ba74d299,2026_W22,O51206,U30125,P118,2026-05-27 09:04:54,4,5463.26,974.23,50.34,3758.19,21853.04,20878.81,Wallet,Completed
f05decff-45e7-4a4a-9019-0b81ba74d299,2026_W22,O51207,U1006,P173,2026-05-29 01:37:28,1,4326.87,351.42,154.6,715.58,4326.87,3975.45,Debit Card,Completed
f05decff-45e7-4a4a-9019-0b81ba74d299,2026_W22,O51208,U1712,P167,2026-05-30 06:07:34,1,6729.0,199.05,62.04,1175.39,6729.0,6529.95,Wallet,Completed
f05decff-45e7-4a4a-9019-0b81ba74d299,2026_W22,O51209,U649,P36,2026-05-26 06:28:24,1,8838.75,233.97,89.76,1548.86,8838.75,8604.78,UPI,Completed
f05decff-45e7-4a4a-9019-0b81ba74d299,2026_W22,O51210,U22790,P133,2026-05-29 18:54:04,1,7230.51,395.68,192.23,1230.27,7230.51,6834.83,Debit Card,Completed
f05decff-45e7-4a4a-9019-0b81ba74d299,2026_W22,O51211,U16736,P153,2026-05-28 12:14:25,1,11343.81,1142.71,127.06,1836.2,11343.81,10201.099999999999,UPI,Completed
f05decff-45e7-4a4a-9019-0b81ba74d299,2026_W22,O51212,U26297,P53,2026-05-26 13:44:29,1,8018.26,316.65,153.07,1386.29,8018.26,7701.610000000001,UPI,Completed
f05decff-45e7-4a4a-9019-0b81ba74d299,2026_W22,O51213,U8893,P62,2026-05-26 07:30:14,3,2150.19,623.72,89.41,1048.83,6450.57,5826.849999999999,Debit Card,Completed
f05decff-45e7-4a4a-9019-0b81ba74d299,2026_W22,O51214,U23511,P116,2026-05-30 14:52:45,1,4661.13,290.65,130.86,786.69,4661.13,4370.4800000000005,Wallet,Completed
f05decff-45e7-4a4a-9019-0b81ba74d299,2026_W22,O51215,U34949,P26,2026-05-27 13:27:46,1,8687.74,270.04,102.48,1515.19,8687.74,8417.699999999999,Wallet,Completed
f05decff-45e7-4a4a-9019-0b81ba74d299,2026_W22,O51216,U27256,P136,2026-05-30 15:45:12,1,2314.22,218.55,194.84,377.22,2314.22,2095.6699999999996,UPI,Completed
f05decff-45e7-4a4a-9019-0b81ba74d299,2026_W22,O51217,U1566,P143,2026-05-28 13:40:40,2,6038.03,499.42,85.68,2083.8,12076.06,11576.64,Wallet,Completed
f05decff-45e7-4a4a-9019-0b81ba74d299,2026_W22,O51218,U15177,P174,2026-05-27 05:24:55,2,3233.65,506.05,192.43,1073.02,6467.3,5961.25,Debit Card,Completed
f05decff-45e7-4a4a-9019-0b81ba74d299,2026_W22,O51219,U24818,P189,2026-05-31 09:35:59,4,7353.02,1501.1,145.78,5023.98,29412.08,27910.980000000003,Debit Card,Completed
f05decff-45e7-4a4a-9019-0b81ba74d299,2026_W22,O51220,U17184,P111,2026-05-26 12:26:10,2,9541.24,2128.26,76.15,3051.76,19082.48,16954.22,Debit Card,Completed
f05decff-45e7-4a4a-9019-0b81ba74d299,2026_W22,O51221,U12812,P164,2026-05-26 07:55:09,1,7269.88,150.1,129.26,1281.56,7269.88,7119.78,Credit Card,Completed
f05decff-45e7-4a4a-9019-0b81ba74d299,2026_W22,O51222,U22753,P181,2026-05-26 21:13:43,1,8581.69,152.44,160.13,1517.26,8581.69,8429.25,Credit Card,Completed
f05decff-45e7-4a4a-9019-0b81ba74d299,2026_W22,O51223,U31801,P168,2026-05-30 06:00:37,3,4263.52,1686.26,149.65,1998.77,12790.560000000001,11104.300000000001,UPI,Completed
f05decff-45e7-4a4a-9019-0b81ba74d299,2026_W22,O51224,U29491,P79,2026-05-28 16:37:46,2,2810.31,664.28,189.81,892.14,5620.62,4956.34,Debit Card,Completed
f05decff-45e7-4a4a-9019-0b81ba74d299,2026_W22,O51225,U28475,P15,2026-05-31 04:00:13,2,2472.77,235.19,131.08,847.86,4945.54,4710.35,Debit Card,Completed
f05decff-45e7-4a4a-9019-0b81ba74d299,2026_W22,O51226,U9573,P180,2026-05-27 06:55:20,1,6781.04,42.69,197.6,1212.9,6781.04,6738.35,UPI,Completed
f05decff-45e7-4a4a-9019-0b81ba74d299,2026_W22,O51227,U2731,P25,2026-05-26 22:54:27,4,4602.38,347.87,127.51,3251.1,18409.52,18061.65,Debit Card,Completed
f05decff-45e7-4a4a-9019-0b81ba74d299,2026_W22,O51228,U14321,P145,2026-05-29 20:47:20,2,4583.49,858.67,115.7,1495.5,9166.98,8308.31,Debit Card,Completed
f05decff-45e7-4a4a-9019-0b81ba74d299,2026_W22,O51229,U30394,P99,2026-05-31 20:43:03,2,4457.11,129.59,167.61,1581.23,8914.22,8784.63,Wallet,Completed
f05decff-45e7-4a4a-9019-0b81ba74d299,2026_W22,O51230,U30530,P13,2026-05-28 15:48:50,4,6805.73,1028.63,116.57,4714.97,27222.92,26194.289999999997,UPI,Completed
f05decff-45e7-4a4a-9019-0b81ba74d299,2026_W22,O51231,U21135,P67,2026-05-27 19:52:46,3,6555.74,316.42,144.36,3483.14,19667.22,19350.800000000003,Wallet,Completed
f05decff-45e7-4a4a-9019-0b81ba74d299,2026_W22,O51232,U18241,P169,2026-05-29 18:40:54,1,3759.37,237.35,113.97,633.96,3759.37,3522.02,UPI,Completed
f05decff-45e7-4a4a-9019-0b81ba74d299,2026_W22,O51233,U33778,P185,2026-05-27 20:27:16,1,8108.47,475.66,64.36,1373.91,8108.47,7632.81,UPI,Completed
f05decff-45e7-4a4a-9019-0b81ba74d299,2026_W22,O51234,U18007,P188,2026-05-30 01:53:17,4,3237.34,726.44,184.19,2200.13,12949.36,12222.92,Credit Card,Completed
f05decff-45e7-4a4a-9019-0b81ba74d299,2026_W22,O51235,U3103,P50,2026-05-28 13:26:58,4,2033.45,481.82,70.27,1377.36,8133.8,7651.9800000000005,Wallet,Completed
f05decff-45e7-4a4a-9019-0b81ba74d299,2026_W22,O51236,U31528,P7,2026-05-26 12:14:09,2,8530.81,1497.36,154.21,2801.57,17061.62,15564.259999999998,Wallet,Completed
f05decff-45e7-4a4a-9019-0b81ba74d299,2026_W22,O51237,U10091,P76,2026-05-26 06:53:09,2,3664.46,658.05,109.85,1200.76,7328.92,6670.87,Credit Card,Completed
f05decff-45e7-4a4a-9019-0b81ba74d299,2026_W22,O51238,U21391,P64,2026-05-26 20:51:17,1,5141.6,603.2,71.83,816.91,5141.6,4538.400000000001,Debit Card,Completed
f05decff-45e7-4a4a-9019-0b81ba74d299,2026_W22,O51239,U844,P21,2026-05-27 00:55:55,3,7585.24,2752.9,140.13,3600.51,22755.72,20002.82,UPI,Completed
f05decff-45e7-4a4a-9019-0b81ba74d299,2026_W22,O51240,U4975,P197,2026-05-30 14:38:55,3,3825.75,226.68,183.92,2025.1,11477.25,11250.57,Credit Card,Completed
f05decff-45e7-4a4a-9019-0b81ba74d299,2026_W22,O51241,U19956,P158,2026-05-31 13:32:19,2,6839.61,1407.69,146.49,2208.88,13679.22,12271.529999999999,Credit Card,Completed
f05decff-45e7-4a4a-9019-0b81ba74d299,2026_W22,O51242,U21586,P99,2026-05-26 23:34:59,1,4457.11,75.47,160.08,788.7,4457.11,4381.639999999999,Debit Card,Completed
f05decff-45e7-4a4a-9019-0b81ba74d299,2026_W22,O51243,U10432,P82,2026-05-26 13:26:57,2,1796.79,487.95,113.44,559.01,3593.58,3105.63,Wallet,Completed
f05decff-45e7-4a4a-9019-0b81ba74d299,2026_W22,O51244,U25565,P114,2026-05-28 22:33:11,3,4373.67,139.04,65.62,2336.75,13121.01,12981.97,Credit Card,Completed
f05decff-45e7-4a4a-9019-0b81ba74d299,2026_W22,O51245,U9273,P11,2026-05-30 20:36:15,3,4897.66,279.39,82.0,2594.45,14692.98,14413.59,Debit Card,Completed
f05decff-45e7-4a4a-9019-0b81ba74d299,2026_W22,O51246,U2655,P148,2026-05-29 07:43:18,4,2017.95,1142.55,56.66,1247.26,8071.8,6929.25,Credit Card,Completed
f05decff-45e7-4a4a-9019-0b81ba74d299,2026_W22,O51247,U14073,P101,2026-05-29 08:28:22,1,2760.68,197.46,73.2,461.38,2760.68,2563.22,Credit Card,Completed
f05decff-45e7-4a4a-9019-0b81ba74d299,2026_W22,O51248,U8724,P137,2026-05-27 01:46:09,4,4729.65,1978.91,105.32,3049.14,18918.6,16939.69,UPI,Completed
f05decff-45e7-4a4a-9019-0b81ba74d299,2026_W22,O51249,U9876,P182,2026-05-29 07:05:10,2,6023.28,26.87,79.6,2163.54,12046.56,12019.689999999999,Credit Card,Completed
f05decff-45e7-4a4a-9019-0b81ba74d299,2026_W22,O51250,U4187,P7,2026-05-31 02:16:57,3,8530.81,700.86,135.32,4480.48,25592.43,24891.57,Credit Card,Completed
f05decff-45e7-4a4a-9019-0b81ba74d299,2026_W22,O51251,U16857,P127,2026-05-26 04:47:42,1,9140.26,903.94,52.11,1482.54,9140.26,8236.32,Wallet,Completed
f05decff-45e7-4a4a-9019-0b81ba74d299,2026_W22,O51252,U26920,P156,2026-05-28 18:09:46,1,2183.92,152.47,167.21,365.66,2183.92,2031.45,UPI,Completed
f05decff-45e7-4a4a-9019-0b81ba74d299,2026_W22,O51253,U2255,P143,2026-05-31 01:00:07,2,6038.03,1615.44,110.58,1882.91,12076.06,10460.619999999999,Wallet,Completed
f05decff-45e7-4a4a-9019-0b81ba74d299,2026_W22,O51254,U5474,P132,2026-05-28 11:14:00,4,5087.03,923.7,186.62,3496.4,20348.12,19424.42,Debit Card,Completed
f05decff-45e7-4a4a-9019-0b81ba74d299,2026_W22,O51255,U1918,P197,2026-05-30 22:46:49,3,3825.75,476.52,100.11,1980.13,11477.25,11000.73,Credit Card,Completed
f05decff-45e7-4a4a-9019-0b81ba74d299,2026_W22,O51256,U29575,P54,2026-05-26 13:02:57,1,5968.84,707.31,92.91,947.08,5968.84,5261.530000000001,Wallet,Completed
f05decff-45e7-4a4a-9019-0b81ba74d299,2026_W22,O51257,U12370,P81,2026-05-30 23:09:23,1,1659.37,222.22,142.87,258.69,1659.37,1437.1499999999999,Credit Card,Completed
f05decff-45e7-4a4a-9019-0b81ba74d299,2026_W22,O51258,U7456,P142,2026-05-31 03:39:58,4,4531.33,1851.2,119.22,2929.34,18125.32,16274.119999999999,Wallet,Completed
f05decff-45e7-4a4a-9019-0b81ba74d299,2026_W22,O51259,U12556,P83,2026-05-30 05:01:52,4,5070.2,1027.67,123.89,3465.56,20280.8,19253.129999999997,Debit Card,Completed
f05decff-45e7-4a4a-9019-0b81ba74d299,2026_W22,O51260,U33975,P66,2026-05-30 11:58:04,1,5399.1,767.03,178.06,833.77,5399.1,4632.070000000001,Credit Card,Completed
f05decff-45e7-4a4a-9019-0b81ba74d299,2026_W22,O51261,U20867,P31,2026-05-31 00:00:22,3,4234.09,982.84,148.24,2109.5,12702.27,11719.43,Debit Card,Completed
f05decff-45e7-4a4a-9019-0b81ba74d299,2026_W22,O51262,U6509,P158,2026-05-26 00:13:38,2,6839.61,714.55,137.66,2333.64,13679.22,12964.67,Wallet,Completed
f05decff-45e7-4a4a-9019-0b81ba74d299,2026_W22,O51263,U16841,P176,2026-05-30 23:44:25,4,3628.75,2075.02,159.43,2239.2,14515.0,12439.98,UPI,Completed
f05decff-45e7-4a4a-9019-0b81ba74d299,2026_W22,O51264,U10015,P29,2026-05-28 14:37:42,2,7432.15,1870.34,67.14,2338.91,14864.3,12993.96,Wallet,Completed
f05decff-45e7-4a4a-9019-0b81ba74d299,2026_W22,O51265,U29762,P39,2026-05-31 18:44:34,4,5048.64,42.59,87.83,3627.35,20194.56,20151.97,Wallet,Completed
f05decff-45e7-4a4a-9019-0b81ba74d299,2026_W22,O51266,U14610,P94,2026-05-26 08:27:57,2,4145.07,1122.41,128.48,1290.19,8290.14,7167.73,Debit Card,Completed
f05decff-45e7-4a4a-9019-0b81ba74d299,2026_W22,O51267,U19230,P25,2026-05-29 00:07:49,1,4602.38,605.75,179.57,719.39,4602.38,3996.63,Wallet,Completed
f05decff-45e7-4a4a-9019-0b81ba74d299,2026_W22,O51268,U25979,P103,2026-05-30 12:18:25,2,5314.76,914.77,130.38,1748.66,10629.52,9714.75,Credit Card,Completed
f05decff-45e7-4a4a-9019-0b81ba74d299,2026_W22,O51269,U4332,P63,2026-05-31 17:45:41,1,5767.08,570.27,102.21,935.43,5767.08,5196.8099999999995,Wallet,Completed
f05decff-45e7-4a4a-9019-0b81ba74d299,2026_W22,O51270,U8223,P62,2026-05-30 18:24:25,2,2150.19,102.81,98.25,755.56,4300.38,4197.57,Debit Card,Completed
f05decff-45e7-4a4a-9019-0b81ba74d299,2026_W22,O51271,U32493,P25,2026-05-29 16:38:29,1,4602.38,116.26,199.88,807.5,4602.38,4486.12,Debit Card,Completed
f05decff-45e7-4a4a-9019-0b81ba74d299,2026_W22,O51272,U10327,P98,2026-05-26 23:04:02,3,3365.14,1444.25,132.73,1557.21,10095.42,8651.17,Credit Card,Completed
f05decff-45e7-4a4a-9019-0b81ba74d299,2026_W22,O51273,U23319,P192,2026-05-31 13:17:46,2,8471.85,315.29,178.99,2993.11,16943.7,16628.41,Debit Card,Completed
f05decff-45e7-4a4a-9019-0b81ba74d299,2026_W22,O51274,U7128,P30,2026-05-31 20:37:11,1,10909.65,506.78,146.08,1872.52,10909.65,10402.869999999999,Debit Card,Completed
f05decff-45e7-4a4a-9019-0b81ba74d299,2026_W22,O51275,U22218,P195,2026-05-26 10:33:09,1,3603.97,423.69,76.65,572.45,3603.97,3180.2799999999997,Credit Card,Completed
f05decff-45e7-4a4a-9019-0b81ba74d299,2026_W22,O51276,U22347,P97,2026-05-31 20:40:28,2,5383.07,821.48,77.06,1790.04,10766.14,9944.66,Wallet,Completed
f05decff-45e7-4a4a-9019-0b81ba74d299,2026_W22,O51277,U25069,P172,2026-05-31 03:02:31,1,9925.52,545.3,76.64,1688.44,9925.52,9380.220000000001,UPI,Completed
f05decff-45e7-4a4a-9019-0b81ba74d299,2026_W22,O51278,U11640,P99,2026-05-30 04:31:35,2,4457.11,5.6,73.31,1603.55,8914.22,8908.619999999999,Debit Card,Completed
f05decff-45e7-4a4a-9019-0b81ba74d299,2026_W22,O51279,U12591,P53,2026-05-29 06:48:03,4,8018.26,2891.17,144.47,5252.74,32073.04,29181.870000000003,Credit Card,Completed
f05decff-45e7-4a4a-9019-0b81ba74d299,2026_W22,O51280,U3584,P95,2026-05-30 09:06:19,4,1959.5,852.74,152.43,1257.35,7838.0,6985.26,Debit Card,Completed
f05decff-45e7-4a4a-9019-0b81ba74d299,2026_W22,O51281,U21748,P1,2026-05-30 04:39:01,1,6823.54,973.15,197.9,1053.07,6823.54,5850.39,Wallet,Completed
f05decff-45e7-4a4a-9019-0b81ba74d299,2026_W22,O51282,U13769,P183,2026-05-30 00:58:03,4,9215.45,5181.69,117.29,5702.42,36861.8,31680.110000000004,UPI,Completed
f05decff-45e7-4a4a-9019-0b81ba74d299,2026_W22,O51283,U15936,P133,2026-05-26 16:53:06,3,7230.51,2378.42,197.25,3476.36,21691.53,19313.11,UPI,Completed
f05decff-45e7-4a4a-9019-0b81ba74d299,2026_W22,O51284,U33280,P46,2026-05-30 03:52:24,1,7595.79,283.58,108.83,1316.2,7595.79,7312.21,UPI,Completed
f05decff-45e7-4a4a-9019-0b81ba74d299,2026_W22,O51285,U21578,P121,2026-05-26 12:00:26,3,9562.01,1803.36,168.08,4838.88,28686.03,26882.67,Debit Card,Completed
f05decff-45e7-4a4a-9019-0b81ba74d299,2026_W22,O51286,U13721,P104,2026-05-28 22:24:37,2,5183.53,1155.28,145.46,1658.12,10367.06,9211.779999999999,Wallet,Completed
f05decff-45e7-4a4a-9019-0b81ba74d299,2026_W22,O51287,U14326,P65,2026-05-27 14:35:03,1,1802.09,216.67,108.26,285.38,1802.09,1585.4199999999998,Wallet,Completed
f05decff-45e7-4a4a-9019-0b81ba74d299,2026_W22,O51288,U7374,P23,2026-05-26 17:56:29,3,2281.71,779.13,95.84,1091.88,6845.13,6066.0,UPI,Completed
f05decff-45e7-4a4a-9019-0b81ba74d299,2026_W22,O51289,U15398,P103,2026-05-31 14:18:42,4,5314.76,2489.23,152.3,3378.57,21259.04,18769.81,Wallet,Completed
f05decff-45e7-4a4a-9019-0b81ba74d299,2026_W22,O51290,U10946,P33,2026-05-31 13:37:45,3,7861.44,2358.11,170.59,3820.72,23584.32,21226.21,Credit Card,Completed
f05decff-45e7-4a4a-9019-0b81ba74d299,2026_W22,O51291,U9295,P82,2026-05-26 05:43:52,2,1796.79,314.48,55.91,590.24,3593.58,3279.1,Wallet,Completed
f05decff-45e7-4a4a-9019-0b81ba74d299,2026_W22,O51292,U9995,P5,2026-05-30 01:51:27,3,5785.73,1756.48,168.46,2808.13,17357.19,15600.71,Wallet,Completed
f05decff-45e7-4a4a-9019-0b81ba74d299,2026_W22,O51293,U14526,P200,2026-05-27 09:09:48,2,9143.2,1925.28,84.02,2945.0,18286.4,16361.12,Wallet,Completed
f05decff-45e7-4a4a-9019-0b81ba74d299,2026_W22,O51294,U26056,P188,2026-05-31 03:27:22,4,3237.34,297.0,110.98,2277.42,12949.36,12652.36,Wallet,Completed
f05decff-45e7-4a4a-9019-0b81ba74d299,2026_W22,O51295,U19956,P152,2026-05-27 01:55:11,1,1970.06,165.45,58.21,324.83,1970.06,1804.61,Wallet,Completed
f05decff-45e7-4a4a-9019-0b81ba74d299,2026_W22,O51296,U29178,P129,2026-05-27 13:45:29,3,5625.8,847.48,68.29,2885.39,16877.4,16029.920000000002,Credit Card,Completed
f05decff-45e7-4a4a-9019-0b81ba74d299,2026_W22,O51297,U3800,P10,2026-05-29 02:13:11,1,6983.65,989.37,189.56,1078.97,6983.65,5994.28,Debit Card,Completed
f05decff-45e7-4a4a-9019-0b81ba74d299,2026_W22,O51298,U19656,P178,2026-05-26 23:58:50,2,2500.92,582.13,146.84,795.55,5001.84,4419.71,Credit Card,Completed
f05decff-45e7-4a4a-9019-0b81ba74d299,2026_W22,O51299,U15324,P82,2026-05-27 00:18:52,4,1796.79,1023.56,126.79,1109.45,7187.16,6163.6,UPI,Completed
f05decff-45e7-4a4a-9019-0b81ba74d299,2026_W22,O51300,U31910,P183,2026-05-29 11:47:08,4,9215.45,369.81,106.83,6568.56,36861.8,36491.990000000005,UPI,Completed
f05decff-45e7-4a4a-9019-0b81ba74d299,2026_W22,O51301,U32017,P144,2026-05-29 04:31:23,3,1737.47,308.88,67.65,882.64,5212.41,4903.53,Debit Card,Completed
f05decff-45e7-4a4a-9019-0b81ba74d299,2026_W22,O51302,U29577,P60,2026-05-28 10:59:32,4,3458.47,593.53,73.45,2383.26,13833.88,13240.349999999999,Debit Card,Completed
f05decff-45e7-4a4a-9019-0b81ba74d299,2026_W22,O51303,U23745,P15,2026-05-28 08:07:40,3,2472.77,110.38,67.66,1315.43,7418.3099999999995,7307.929999999999,Wallet,Completed
f05decff-45e7-4a4a-9019-0b81ba74d299,2026_W22,O51304,U23491,P105,2026-05-26 04:19:30,3,7337.42,2514.19,102.0,3509.65,22012.260000000002,19498.070000000003,UPI,Completed
f05decff-45e7-4a4a-9019-0b81ba74d299,2026_W22,O51305,U1267,P67,2026-05-31 10:04:42,2,6555.74,216.49,91.87,2321.1,13111.48,12894.99,Credit Card,Completed
f05decff-45e7-4a4a-9019-0b81ba74d299,2026_W22,O51306,U4507,P44,2026-05-29 03:50:51,2,1679.28,419.76,133.93,528.98,3358.56,2938.8,Credit Card,Completed
f05decff-45e7-4a4a-9019-0b81ba74d299,2026_W22,O51307,U15482,P12,2026-05-30 17:40:33,1,7089.88,134.22,119.47,1252.02,7089.88,6955.66,Credit Card,Completed
f05decff-45e7-4a4a-9019-0b81ba74d299,2026_W22,O51308,U23075,P179,2026-05-28 23:26:03,1,6580.06,357.41,87.03,1120.08,6580.06,6222.650000000001,Credit Card,Completed
f05decff-45e7-4a4a-9019-0b81ba74d299,2026_W22,O51309,U26419,P74,2026-05-26 22:46:48,2,8026.5,1303.45,105.89,2654.92,16053.0,14749.55,UPI,Completed
f05decff-45e7-4a4a-9019-0b81ba74d299,2026_W22,O51310,U27502,P10,2026-05-28 22:38:13,3,6983.65,2009.41,182.4,3409.48,20950.949999999997,18941.539999999997,Credit Card,Completed
f05decff-45e7-4a4a-9019-0b81ba74d299,2026_W22,O51311,U3823,P37,2026-05-29 01:29:36,1,9886.76,613.22,177.45,1669.24,9886.76,9273.54,Credit Card,Completed
f05decff-45e7-4a4a-9019-0b81ba74d299,2026_W22,O51312,U33962,P6,2026-05-29 21:58:41,3,7042.99,2051.93,64.05,3433.87,21128.97,19077.04,UPI,Completed
f05decff-45e7-4a4a-9019-0b81ba74d299,2026_W22,O51313,U28026,P200,2026-05-28 05:23:31,2,9143.2,1501.22,136.23,3021.33,18286.4,16785.18,Wallet,Completed
f05decff-45e7-4a4a-9019-0b81ba74d299,2026_W22,O51314,U20167,P67,2026-05-31 18:45:38,1,6555.74,68.85,100.45,1167.64,6555.74,6486.889999999999,Debit Card,Completed
f05decff-45e7-4a4a-9019-0b81ba74d299,2026_W22,O51315,U14204,P44,2026-05-26 16:11:55,1,1679.28,126.36,198.87,279.53,1679.28,1552.92,Debit Card,Completed
f05decff-45e7-4a4a-9019-0b81ba74d299,2026_W22,O51316,U19773,P179,2026-05-26 23:05:52,2,6580.06,77.83,85.67,2354.81,13160.12,13082.29,UPI,Completed
f05decff-45e7-4a4a-9019-0b81ba74d299,2026_W22,O51317,U13792,P165,2026-05-31 11:00:29,4,4063.67,27.46,112.11,2920.9,16254.68,16227.220000000001,Credit Card,Completed
f05decff-45e7-4a4a-9019-0b81ba74d299,2026_W22,O51318,U8770,P45,2026-05-28 16:45:14,1,7618.9,801.78,95.91,1227.08,7618.9,6817.12,Debit Card,Completed
f05decff-45e7-4a4a-9019-0b81ba74d299,2026_W22,O51319,U6886,P83,2026-05-26 17:37:47,1,5070.2,9.48,61.13,910.93,5070.2,5060.72,Wallet,Completed
f05decff-45e7-4a4a-9019-0b81ba74d299,2026_W22,O51320,U8048,P107,2026-05-26 19:09:01,3,3660.65,697.06,103.1,1851.28,10981.95,10284.890000000001,UPI,Completed
f05decff-45e7-4a4a-9019-0b81ba74d299,2026_W22,O51321,U16236,P74,2026-05-30 19:46:24,4,8026.5,2994.18,187.68,5240.13,32106.0,29111.82,Debit Card,Completed
f05decff-45e7-4a4a-9019-0b81ba74d299,2026_W22,O51322,U6163,P198,2026-05-31 07:56:22,2,8888.97,213.71,176.51,3161.56,17777.94,17564.23,UPI,Completed
f05decff-45e7-4a4a-9019-0b81ba74d299,2026_W22,O51323,U21589,P53,2026-05-27 16:23:00,3,8018.26,2292.15,66.76,3917.27,24054.78,21762.629999999997,Credit Card,Completed
f05decff-45e7-4a4a-9019-0b81ba74d299,2026_W22,O51324,U17169,P134,2026-05-31 08:17:50,3,3654.35,466.58,190.56,1889.36,10963.05,10496.47,Wallet,Completed
f05decff-45e7-4a4a-9019-0b81ba74d299,2026_W22,O51325,U29916,P3,2026-05-31 03:33:45,3,6299.72,928.57,173.59,3234.71,18899.16,17970.59,Debit Card,Completed
f05decff-45e7-4a4a-9019-0b81ba74d299,2026_W22,O51326,U32421,P29,2026-05-27 21:48:03,4,7432.15,4347.88,138.42,4568.53,29728.6,25380.719999999998,Credit Card,Completed
f05decff-45e7-4a4a-9019-0b81ba74d299,2026_W22,O51327,U17994,P157,2026-05-31 08:55:52,1,5290.96,288.64,69.7,900.42,5290.96,5002.32,UPI,Completed
f05decff-45e7-4a4a-9019-0b81ba74d299,2026_W22,O51328,U19351,P138,2026-05-26 12:28:01,3,5599.95,920.75,170.25,2858.24,16799.85,15879.099999999999,Credit Card,Completed
f05decff-45e7-4a4a-9019-0b81ba74d299,2026_W22,O51329,U1045,P165,2026-05-27 11:43:26,2,4063.67,70.02,50.61,1450.32,8127.34,8057.32,UPI,Completed
f05decff-45e7-4a4a-9019-0b81ba74d299,2026_W22,O51330,U19815,P151,2026-05-31 02:51:01,2,7426.21,1745.56,74.67,2359.23,14852.42,13106.86,Credit Card,Completed
f05decff-45e7-4a4a-9019-0b81ba74d299,2026_W22,O51331,U13837,P39,2026-05-30 19:24:46,3,5048.64,1132.49,186.29,2522.42,15145.920000000002,14013.430000000002,Wallet,Completed
f05decff-45e7-4a4a-9019-0b81ba74d299,2026_W22,O51332,U28224,P195,2026-05-26 20:23:35,3,3603.97,1246.31,142.14,1721.81,10811.91,9565.6,Debit Card,Completed
f05decff-45e7-4a4a-9019-0b81ba74d299,2026_W22,O51333,U22997,P134,2026-05-26 02:50:32,1,3654.35,469.98,81.9,573.19,3654.35,3184.37,Debit Card,Completed
f05decff-45e7-4a4a-9019-0b81ba74d299,2026_W22,O51334,U8179,P88,2026-05-30 03:11:08,3,2502.34,1069.77,154.15,1158.7,7507.02,6437.25,UPI,Completed
f05decff-45e7-4a4a-9019-0b81ba74d299,2026_W22,O51335,U30760,P58,2026-05-27 14:43:35,3,2716.51,1133.52,70.53,1262.88,8149.530000000001,7016.01,Debit Card,Completed
f05decff-45e7-4a4a-9019-0b81ba74d299,2026_W22,O51336,U30394,P191,2026-05-29 07:35:40,4,4973.99,2146.55,181.26,3194.89,19895.96,17749.41,Credit Card,Completed
f05decff-45e7-4a4a-9019-0b81ba74d299,2026_W22,O51337,U28727,P133,2026-05-26 02:17:13,1,7230.51,196.88,103.63,1266.05,7230.51,7033.63,UPI,Completed
f05decff-45e7-4a4a-9019-0b81ba74d299,2026_W22,O51338,U12288,P104,2026-05-26 17:34:49,4,5183.53,2407.97,95.21,3298.71,20734.12,18326.149999999998,Credit Card,Completed
f05decff-45e7-4a4a-9019-0b81ba74d299,2026_W22,O51339,U32355,P190,2026-05-31 20:47:50,4,10065.15,5582.74,61.93,6242.01,40260.6,34677.86,UPI,Completed
f05decff-45e7-4a4a-9019-0b81ba74d299,2026_W22,O51340,U34419,P188,2026-05-26 22:22:09,4,3237.34,778.61,88.94,2190.74,12949.36,12170.75,Wallet,Completed
f05decff-45e7-4a4a-9019-0b81ba74d299,2026_W22,O51341,U14157,P80,2026-05-29 00:24:49,1,7227.02,1039.44,102.64,1113.76,7227.02,6187.58,UPI,Completed
f05decff-45e7-4a4a-9019-0b81ba74d299,2026_W22,O51342,U8830,P20,2026-05-26 02:30:28,4,6465.0,787.79,132.66,4513.0,25860.0,25072.21,Credit Card,Completed
f05decff-45e7-4a4a-9019-0b81ba74d299,2026_W22,O51343,U24706,P67,2026-05-30 15:16:19,4,6555.74,3539.66,116.02,4082.99,26222.96,22683.3,Credit Card,Completed
f05decff-45e7-4a4a-9019-0b81ba74d299,2026_W22,O51344,U24856,P147,2026-05-29 09:41:14,4,2240.85,872.8,104.22,1456.31,8963.4,8090.599999999999,Credit Card,Completed
f05decff-45e7-4a4a-9019-0b81ba74d299,2026_W22,O51345,U28590,P123,2026-05-28 18:58:09,3,2425.48,326.3,168.08,1251.03,7276.4400000000005,6950.14,Debit Card,Completed
f05decff-45e7-4a4a-9019-0b81ba74d299,2026_W22,O51346,U3223,P162,2026-05-26 06:32:11,2,5576.16,919.59,171.11,1841.89,11152.32,10232.73,UPI,Completed
f05decff-45e7-4a4a-9019-0b81ba74d299,2026_W22,O51347,U9579,P101,2026-05-30 07:02:43,3,2760.68,355.82,151.02,1426.72,8282.039999999999,7926.219999999999,Credit Card,Completed
f05decff-45e7-4a4a-9019-0b81ba74d299,2026_W22,O51348,U8328,P156,2026-05-29 17:42:11,4,2183.92,545.54,161.62,1474.23,8735.68,8190.14,UPI,Completed
f05decff-45e7-4a4a-9019-0b81ba74d299,2026_W22,O51349,U10767,P138,2026-05-28 02:56:41,3,5599.95,2173.65,52.72,2632.72,16799.85,14626.199999999999,Wallet,Completed
f05decff-45e7-4a4a-9019-0b81ba74d299,2026_W22,O51350,U199,P130,2026-05-28 18:47:29,3,11039.76,3643.49,59.71,5305.64,33119.28,29475.79,Credit Card,Completed
f05decff-45e7-4a4a-9019-0b81ba74d299,2026_W22,O51351,U16736,P102,2026-05-31 12:27:02,3,3001.78,1180.71,137.15,1408.43,9005.34,7824.63,Credit Card,Completed
f05decff-45e7-4a4a-9019-0b81ba74d299,2026_W22,O51352,U1755,P164,2026-05-27 12:55:22,1,7269.88,933.61,122.9,1140.53,7269.88,6336.27,UPI,Completed
f05decff-45e7-4a4a-9019-0b81ba74d299,2026_W22,O51353,U19600,P136,2026-05-26 09:04:05,2,2314.22,191.29,66.25,798.69,4628.44,4437.15,Debit Card,Completed
f05decff-45e7-4a4a-9019-0b81ba74d299,2026_W22,O51354,U10324,P26,2026-05-30 17:32:45,1,8687.74,238.65,171.51,1520.84,8687.74,8449.09,Wallet,Completed
f05decff-45e7-4a4a-9019-0b81ba74d299,2026_W22,O51355,U26393,P142,2026-05-31 17:04:40,1,4531.33,470.8,113.69,730.9,4531.33,4060.5299999999997,UPI,Completed
f05decff-45e7-4a4a-9019-0b81ba74d299,2026_W22,O51356,U13403,P26,2026-05-26 08:47:50,3,8687.74,2012.04,76.67,4329.21,26063.22,24051.18,Wallet,Completed
f05decff-45e7-4a4a-9019-0b81ba74d299,2026_W22,O51357,U32373,P115,2026-05-30 00:31:29,1,8486.85,646.24,118.41,1411.31,8486.85,7840.610000000001,Credit Card,Completed
f05decff-45e7-4a4a-9019-0b81ba74d299,2026_W22,O51358,U15259,P152,2026-05-29 01:21:33,1,1970.06,140.18,186.64,329.38,1970.06,1829.8799999999999,UPI,Completed
f05decff-45e7-4a4a-9019-0b81ba74d299,2026_W22,O51359,U19486,P9,2026-05-28 16:14:06,3,5369.05,354.09,164.13,2835.55,16107.150000000001,15753.060000000001,Credit Card,Completed
f05decff-45e7-4a4a-9019-0b81ba74d299,2026_W22,O51360,U13734,P122,2026-05-31 02:29:52,4,5135.97,267.29,85.29,3649.79,20543.88,20276.59,UPI,Completed
f05decff-45e7-4a4a-9019-0b81ba74d299,2026_W22,O51361,U15339,P123,2026-05-31 17:33:47,2,2425.48,184.91,89.06,839.89,4850.96,4666.05,Wallet,Completed
f05decff-45e7-4a4a-9019-0b81ba74d299,2026_W22,O51362,U8168,P143,2026-05-31 16:20:34,1,6038.03,701.06,113.89,960.65,6038.03,5336.969999999999,Debit Card,Completed
f05decff-45e7-4a4a-9019-0b81ba74d299,2026_W22,O51363,U28306,P187,2026-05-31 21:11:47,3,4000.12,1625.12,72.57,1867.54,12000.36,10375.240000000002,UPI,Completed
f05decff-45e7-4a4a-9019-0b81ba74d299,2026_W22,O51364,U3388,P108,2026-05-28 08:10:24,3,4001.51,1428.98,180.27,1903.6,12004.53,10575.550000000001,Credit Card,Completed
f05decff-45e7-4a4a-9019-0b81ba74d299,2026_W22,O51365,U23261,P159,2026-05-30 02:31:32,2,8714.84,1772.63,63.72,2818.27,17429.68,15657.05,Debit Card,Completed
f05decff-45e7-4a4a-9019-0b81ba74d299,2026_W22,O51366,U21603,P150,2026-05-29 17:24:14,2,7278.62,1065.34,74.53,2428.54,14557.24,13491.9,UPI,Completed
f05decff-45e7-4a4a-9019-0b81ba74d299,2026_W22,O51367,U28995,P7,2026-05-26 19:51:55,2,8530.81,1056.89,76.64,2880.85,17061.62,16004.73,UPI,Completed
f05decff-45e7-4a4a-9019-0b81ba74d299,2026_W22,O51368,U17671,P171,2026-05-26 19:48:39,1,7036.96,930.68,114.67,1099.13,7036.96,6106.28,UPI,Completed
f05decff-45e7-4a4a-9019-0b81ba74d299,2026_W22,O51369,U25259,P12,2026-05-27 15:57:11,1,7089.88,732.83,91.59,1144.27,7089.88,6357.05,Debit Card,Completed
f05decff-45e7-4a4a-9019-0b81ba74d299,2026_W22,O51370,U17270,P13,2026-05-31 09:14:05,4,6805.73,771.69,107.18,4761.22,27222.92,26451.23,Debit Card,Completed
f05decff-45e7-4a4a-9019-0b81ba74d299,2026_W22,O51371,U8543,P163,2026-05-31 03:33:51,4,2156.08,353.65,133.86,1488.72,8624.32,8270.67,Debit Card,Completed
f05decff-45e7-4a4a-9019-0b81ba74d299,2026_W22,O51372,U3103,P148,2026-05-27 14:56:00,4,2017.95,707.73,74.93,1325.53,8071.8,7364.07,Debit Card,Completed
f05decff-45e7-4a4a-9019-0b81ba74d299,2026_W22,O51373,U30340,P102,2026-05-27 22:02:16,2,3001.78,802.63,191.28,936.17,6003.56,5200.93,UPI,Completed
f05decff-45e7-4a4a-9019-0b81ba74d299,2026_W22,O51374,U1088,P170,2026-05-28 13:54:46,4,2744.23,260.7,54.44,1928.92,10976.92,10716.22,Wallet,Completed
f05decff-45e7-4a4a-9019-0b81ba74d299,2026_W22,O51375,U2613,P144,2026-05-31 20:08:44,2,1737.47,478.54,134.51,539.35,3474.94,2996.4,Debit Card,Completed
f05decff-45e7-4a4a-9019-0b81ba74d299,2026_W22,O51376,U4359,P87,2026-05-28 08:49:23,1,7395.64,420.46,132.25,1255.53,7395.64,6975.18,Debit Card,Completed
f05decff-45e7-4a4a-9019-0b81ba74d299,2026_W22,O51377,U28765,P107,2026-05-29 17:11:17,2,3660.65,1055.76,83.34,1127.8,7321.3,6265.54,UPI,Completed
f05decff-45e7-4a4a-9019-0b81ba74d299,2026_W22,O51378,U31931,P1,2026-05-25 21:36:08,1,6823.54,774.58,134.6,1088.81,6823.54,6048.96,Debit Card,Completed
f05decff-45e7-4a4a-9019-0b81ba74d299,2026_W22,O51379,U16930,P137,2026-05-30 17:02:04,3,4729.65,566.53,180.3,2452.04,14188.949999999999,13622.419999999998,Credit Card,Completed
f05decff-45e7-4a4a-9019-0b81ba74d299,2026_W22,O51380,U25196,P102,2026-05-29 08:34:27,1,3001.78,157.37,172.37,511.99,3001.78,2844.4100000000003,UPI,Completed
f05decff-45e7-4a4a-9019-0b81ba74d299,2026_W22,O51381,U34845,P116,2026-05-30 14:11:51,3,4661.13,1765.21,159.3,2199.27,13983.39,12218.18,Credit Card,Completed
f05decff-45e7-4a4a-9019-0b81ba74d299,2026_W22,O51382,U468,P54,2026-05-26 17:09:08,4,5968.84,1423.52,126.25,4041.33,23875.36,22451.84,UPI,Completed
f05decff-45e7-4a4a-9019-0b81ba74d299,2026_W22,O51383,U25070,P33,2026-05-31 08:25:44,4,7861.44,3647.84,102.61,5003.63,31445.76,27797.92,Credit Card,Completed
f05decff-45e7-4a4a-9019-0b81ba74d299,2026_W22,O51384,U9803,P181,2026-05-30 20:12:56,2,8581.69,1585.93,167.85,2803.94,17163.38,15577.45,Debit Card,Completed
f05decff-45e7-4a4a-9019-0b81ba74d299,2026_W22,O51385,U16747,P189,2026-05-26 12:54:07,2,7353.02,437.95,191.41,2568.26,14706.04,14268.09,Debit Card,Completed
f05decff-45e7-4a4a-9019-0b81ba74d299,2026_W22,O51386,U16953,P140,2026-05-29 00:52:23,1,3133.21,160.22,74.51,535.14,3133.21,2972.9900000000002,Debit Card,Completed
f05decff-45e7-4a4a-9019-0b81ba74d299,2026_W22,O51387,U771,P170,2026-05-30 02:51:31,1,2744.23,227.73,147.34,452.97,2744.23,2516.5,Credit Card,Completed
f05decff-45e7-4a4a-9019-0b81ba74d299,2026_W22,O51388,U3204,P187,2026-05-29 06:50:27,4,4000.12,712.09,100.45,2751.91,16000.48,15288.39,Wallet,Completed
f05decff-45e7-4a4a-9019-0b81ba74d299,2026_W22,O51389,U30064,P3,2026-05-28 00:46:55,2,6299.72,1219.67,161.14,2048.36,12599.44,11379.77,Wallet,Completed
f05decff-45e7-4a4a-9019-0b81ba74d299,2026_W22,O51390,U21812,P21,2026-05-28 08:33:34,3,7585.24,782.07,125.27,3955.26,22755.72,21973.65,Wallet,Completed
f05decff-45e7-4a4a-9019-0b81ba74d299,2026_W22,O51391,U1679,P33,2026-05-27 01:16:19,3,7861.44,944.89,52.46,4075.1,23584.32,22639.43,Debit Card,Completed
f05decff-45e7-4a4a-9019-0b81ba74d299,2026_W22,O51392,U20184,P27,2026-05-28 18:58:48,1,6106.97,667.42,119.29,979.12,6106.97,5439.55,Debit Card,Completed
f05decff-45e7-4a4a-9019-0b81ba74d299,2026_W22,O51393,U20608,P172,2026-05-26 12:58:10,4,9925.52,2491.81,92.75,6697.85,39702.08,37210.270000000004,Credit Card,Completed
f05decff-45e7-4a4a-9019-0b81ba74d299,2026_W22,O51394,U4125,P194,2026-05-31 20:00:20,1,3163.97,204.18,82.46,532.76,3163.97,2959.79,Wallet,Completed
f05decff-45e7-4a4a-9019-0b81ba74d299,2026_W22,O51395,U2525,P173,2026-05-31 12:27:50,3,4326.87,1253.07,172.75,2110.96,12980.61,11727.54,UPI,Completed
f05decff-45e7-4a4a-9019-0b81ba74d299,2026_W22,O51396,U24818,P128,2026-05-27 19:12:36,3,3133.44,437.09,191.44,1613.38,9400.32,8963.23,Debit Card,Completed
f05decff-45e7-4a4a-9019-0b81ba74d299,2026_W22,O51397,U19995,P31,2026-05-31 16:06:38,4,4234.09,501.88,50.68,2958.21,16936.36,16434.48,UPI,Completed
f05decff-45e7-4a4a-9019-0b81ba74d299,2026_W22,O51398,U30184,P60,2026-05-26 05:59:15,2,3458.47,172.66,69.72,1213.97,6916.94,6744.28,Debit Card,Completed
f05decff-45e7-4a4a-9019-0b81ba74d299,2026_W22,O51399,U34812,P162,2026-05-28 22:44:16,3,5576.16,1359.97,110.9,2766.33,16728.48,15368.51,Wallet,Completed
f05decff-45e7-4a4a-9019-0b81ba74d299,2026_W22,O51400,U20875,P6,2026-05-27 21:49:10,3,7042.99,191.43,75.11,3768.76,21128.97,20937.54,Wallet,Completed
f05decff-45e7-4a4a-9019-0b81ba74d299,2026_W22,O51401,U32143,P119,2026-05-27 05:12:43,4,10133.79,3684.35,133.08,6633.15,40535.16,36850.810000000005,Debit Card,Completed
f05decff-45e7-4a4a-9019-0b81ba74d299,2026_W22,O51402,U9874,P54,2026-05-27 22:23:35,2,5968.84,141.82,134.22,2123.25,11937.68,11795.86,UPI,Completed
f05decff-45e7-4a4a-9019-0b81ba74d299,2026_W22,O51403,U2132,P6,2026-05-28 07:17:13,1,7042.99,946.97,60.28,1097.28,7042.99,6096.0199999999995,Debit Card,Completed
f05decff-45e7-4a4a-9019-0b81ba74d299,2026_W22,O51404,U17804,P5,2026-05-28 13:16:41,2,5785.73,642.68,184.46,1967.18,11571.46,10928.779999999999,UPI,Completed
f05decff-45e7-4a4a-9019-0b81ba74d299,2026_W22,O51405,U29416,P172,2026-05-28 06:34:28,4,9925.52,1181.19,65.46,6933.76,39702.08,38520.89,Wallet,Completed
f05decff-45e7-4a4a-9019-0b81ba74d299,2026_W22,O51406,U14426,P89,2026-05-29 01:36:11,4,7149.14,265.79,134.08,5099.54,28596.56,28330.77,Wallet,Completed
f05decff-45e7-4a4a-9019-0b81ba74d299,2026_W22,O51407,U14821,P77,2026-05-28 08:49:40,4,6432.15,1412.14,173.47,4376.96,25728.6,24316.46,Credit Card,Completed
f05decff-45e7-4a4a-9019-0b81ba74d299,2026_W22,O51408,U29567,P84,2026-05-29 00:44:04,3,8271.97,194.07,141.72,4431.93,24815.909999999996,24621.839999999997,Credit Card,Completed
f05decff-45e7-4a4a-9019-0b81ba74d299,2026_W22,O51409,U34011,P5,2026-05-27 15:30:08,1,5785.73,425.21,62.41,964.89,5785.73,5360.5199999999995,Credit Card,Completed
f05decff-45e7-4a4a-9019-0b81ba74d299,2026_W22,O51410,U21027,P123,2026-05-30 08:22:06,2,2425.48,496.34,52.33,783.83,4850.96,4354.62,Credit Card,Completed
f05decff-45e7-4a4a-9019-0b81ba74d299,2026_W22,O51411,U29867,P115,2026-05-26 15:05:10,2,8486.85,244.84,121.17,3011.19,16973.7,16728.86,Credit Card,Completed
f05decff-45e7-4a4a-9019-0b81ba74d299,2026_W22,O51412,U26760,P183,2026-05-28 17:08:48,3,9215.45,515.71,91.82,4883.52,27646.350000000002,27130.640000000003,Debit Card,Completed
f05decff-45e7-4a4a-9019-0b81ba74d299,2026_W22,O51413,U20875,P154,2026-05-29 14:46:53,2,4135.27,397.74,112.4,1417.1,8270.54,7872.800000000001,Wallet,Completed
f05decff-45e7-4a4a-9019-0b81ba74d299,2026_W22,O51414,U17338,P91,2026-05-27 20:55:28,2,4627.39,1372.14,160.65,1418.88,9254.78,7882.64,UPI,Completed
f05decff-45e7-4a4a-9019-0b81ba74d299,2026_W22,O51415,U1361,P81,2026-05-28 04:51:57,2,1659.37,408.89,137.26,523.77,3318.74,2909.85,Debit Card,Completed
f05decff-45e7-4a4a-9019-0b81ba74d299,2026_W22,O51416,U11387,P143,2026-05-28 22:32:26,2,6038.03,626.23,89.62,2060.97,12076.06,11449.83,UPI,Completed
f05decff-45e7-4a4a-9019-0b81ba74d299,2026_W22,O51417,U26796,P12,2026-05-27 16:15:23,2,7089.88,677.03,186.87,2430.49,14179.76,13502.73,Credit Card,Completed
f05decff-45e7-4a4a-9019-0b81ba74d299,2026_W22,O51418,U11201,P32,2026-05-28 00:56:14,3,3711.51,757.7,99.94,1867.83,11134.53,10376.83,Wallet,Completed
f05decff-45e7-4a4a-9019-0b81ba74d299,2026_W22,O51419,U4678,P96,2026-05-26 14:33:42,1,6676.27,378.85,156.28,1133.54,6676.27,6297.42,Wallet,Completed
f05decff-45e7-4a4a-9019-0b81ba74d299,2026_W22,O51420,U8159,P85,2026-05-28 21:07:27,1,7274.5,47.09,159.45,1300.93,7274.5,7227.41,Credit Card,Completed
f05decff-45e7-4a4a-9019-0b81ba74d299,2026_W22,O51421,U34306,P16,2026-05-27 12:01:40,4,4498.86,2202.69,61.61,2842.7,17995.44,15792.749999999998,Debit Card,Completed
f05decff-45e7-4a4a-9019-0b81ba74d299,2026_W22,O51422,U2307,P94,2026-05-28 23:43:39,1,4145.07,172.04,51.12,715.15,4145.07,3973.0299999999997,Debit Card,Completed
f05decff-45e7-4a4a-9019-0b81ba74d299,2026_W22,O51423,U30771,P81,2026-05-30 03:02:37,2,1659.37,269.58,88.25,548.85,3318.74,3049.16,Debit Card,Completed
f05decff-45e7-4a4a-9019-0b81ba74d299,2026_W22,O51424,U27359,P130,2026-05-28 19:01:44,2,11039.76,390.31,113.14,3904.06,22079.52,21689.21,UPI,Completed
f05decff-45e7-4a4a-9019-0b81ba74d299,2026_W22,O51425,U27698,P121,2026-05-31 08:18:50,3,9562.01,659.38,94.4,5044.8,28686.03,28026.649999999998,Wallet,Completed
f05decff-45e7-4a4a-9019-0b81ba74d299,2026_W22,O51426,U34306,P134,2026-05-28 17:01:51,4,3654.35,120.1,161.41,2609.51,14617.4,14497.3,Debit Card,Completed
f05decff-45e7-4a4a-9019-0b81ba74d299,2026_W22,O51427,U16716,P147,2026-05-29 09:07:43,1,2240.85,306.79,86.47,348.13,2240.85,1934.06,Wallet,Completed
f05decff-45e7-4a4a-9019-0b81ba74d299,2026_W22,O51428,U29447,P33,2026-05-31 16:59:18,4,7861.44,2059.98,181.24,5289.44,31445.76,29385.78,Wallet,Completed
f05decff-45e7-4a4a-9019-0b81ba74d299,2026_W22,O51429,U1711,P195,2026-05-29 02:37:22,1,3603.97,307.85,75.11,593.3,3603.97,3296.12,UPI,Completed
f05decff-45e7-4a4a-9019-0b81ba74d299,2026_W22,O51430,U11010,P113,2026-05-28 13:09:07,3,2934.32,617.69,129.57,1473.35,8802.960000000001,8185.27,Wallet,Completed
f05decff-45e7-4a4a-9019-0b81ba74d299,2026_W22,O51431,U24152,P83,2026-05-30 23:22:32,4,5070.2,2306.65,64.41,3235.35,20280.8,17974.149999999998,UPI,Completed
f05decff-45e7-4a4a-9019-0b81ba74d299,2026_W22,O51432,U9092,P112,2026-05-26 00:31:14,3,4659.89,532.57,98.98,2420.48,13979.670000000002,13447.100000000002,UPI,Completed
f05decff-45e7-4a4a-9019-0b81ba74d299,2026_W22,O51433,U515,P27,2026-05-30 05:59:22,4,6106.97,642.2,109.17,4281.42,24427.88,23785.68,Wallet,Completed
f05decff-45e7-4a4a-9019-0b81ba74d299,2026_W22,O51434,U10877,P110,2026-05-26 13:19:03,2,1984.17,486.55,110.79,626.72,3968.34,3481.79,Credit Card,Completed
f05decff-45e7-4a4a-9019-0b81ba74d299,2026_W22,O51435,U34698,P94,2026-05-28 20:13:05,3,4145.07,1703.77,76.13,1931.66,12435.21,10731.439999999999,Wallet,Completed
f05decff-45e7-4a4a-9019-0b81ba74d299,2026_W22,O51436,U452,P160,2026-05-28 21:54:02,2,6919.48,1308.15,145.98,2255.55,13838.96,12530.81,Credit Card,Completed
f05decff-45e7-4a4a-9019-0b81ba74d299,2026_W22,O51437,U10327,P67,2026-05-26 11:43:42,3,6555.74,2387.93,125.78,3110.27,19667.22,17279.29,Debit Card,Completed
f05decff-45e7-4a4a-9019-0b81ba74d299,2026_W22,O51438,U12340,P8,2026-05-28 15:28:33,3,7997.84,2995.27,100.85,3779.68,23993.52,20998.25,Wallet,Completed
f05decff-45e7-4a4a-9019-0b81ba74d299,2026_W22,O51439,U33883,P79,2026-05-31 07:23:58,2,2810.31,748.31,169.83,877.02,5620.62,4872.3099999999995,Debit Card,Completed
f05decff-45e7-4a4a-9019-0b81ba74d299,2026_W22,O51440,U711,P78,2026-05-27 16:54:08,3,4707.59,483.73,178.74,2455.03,14122.77,13639.04,Debit Card,Completed
f05decff-45e7-4a4a-9019-0b81ba74d299,2026_W22,O51441,U30184,P95,2026-05-26 20:46:51,3,1959.5,369.7,162.01,991.58,5878.5,5508.8,UPI,Completed
f05decff-45e7-4a4a-9019-0b81ba74d299,2026_W22,O51442,U27737,P146,2026-05-31 01:26:04,4,4559.37,1595.29,144.43,2995.59,18237.48,16642.19,Credit Card,Completed
f05decff-45e7-4a4a-9019-0b81ba74d299,2026_W22,O51443,U26016,P62,2026-05-27 07:18:44,4,2150.19,1118.03,87.38,1346.89,8600.76,7482.7300000000005,UPI,Completed
f05decff-45e7-4a4a-9019-0b81ba74d299,2026_W22,O51444,U22733,P180,2026-05-31 15:44:24,3,6781.04,1583.77,152.61,3376.68,20343.12,18759.35,Credit Card,Completed
f05decff-45e7-4a4a-9019-0b81ba74d299,2026_W22,O51445,U25411,P142,2026-05-30 00:52:32,2,4531.33,1043.33,157.42,1443.48,9062.66,8019.33,Wallet,Completed
f05decff-45e7-4a4a-9019-0b81ba74d299,2026_W22,O51446,U7499,P122,2026-05-31 16:58:37,2,5135.97,1033.48,157.62,1662.92,10271.94,9238.460000000001,Debit Card,Completed
f05decff-45e7-4a4a-9019-0b81ba74d299,2026_W22,O51447,U852,P190,2026-05-27 01:54:29,2,10065.15,493.37,144.19,3534.65,20130.3,19636.93,Wallet,Completed
f05decff-45e7-4a4a-9019-0b81ba74d299,2026_W22,O51448,U27197,P191,2026-05-30 19:28:11,3,4973.99,1169.02,86.42,2475.53,14921.97,13752.949999999999,Debit Card,Completed
f05decff-45e7-4a4a-9019-0b81ba74d299,2026_W22,O51449,U25383,P50,2026-05-29 15:13:59,4,2033.45,116.47,104.55,1443.12,8133.8,8017.33,UPI,Completed
f05decff-45e7-4a4a-9019-0b81ba74d299,2026_W22,O51450,U16953,P83,2026-05-27 02:55:12,2,5070.2,706.07,119.96,1698.18,10140.4,9434.33,UPI,Completed
f05decff-45e7-4a4a-9019-0b81ba74d299,2026_W22,O51451,U31660,P117,2026-05-29 12:47:42,4,3717.32,202.12,109.41,2640.09,14869.28,14667.16,UPI,Completed
f05decff-45e7-4a4a-9019-0b81ba74d299,2026_W22,O51452,U33588,P147,2026-05-26 10:59:37,3,2240.85,28.91,112.0,1204.86,6722.549999999999,6693.639999999999,UPI,Completed
f05decff-45e7-4a4a-9019-0b81ba74d299,2026_W22,O51453,U15579,P108,2026-05-30 02:06:54,4,4001.51,1168.11,146.51,2670.83,16006.04,14837.93,Wallet,Completed
f05decff-45e7-4a4a-9019-0b81ba74d299,2026_W22,O51454,U21069,P86,2026-05-26 03:24:08,4,7794.14,2575.67,192.86,5148.16,31176.56,28600.89,Debit Card,Completed
f05decff-45e7-4a4a-9019-0b81ba74d299,2026_W22,O51455,U26848,P84,2026-05-26 07:54:27,4,8271.97,312.16,96.11,5899.63,33087.88,32775.719999999994,UPI,Completed
f05decff-45e7-4a4a-9019-0b81ba74d299,2026_W22,O51456,U23225,P60,2026-05-31 03:37:00,3,3458.47,1371.48,176.02,1620.71,10375.41,9003.93,Credit Card,Completed
f05decff-45e7-4a4a-9019-0b81ba74d299,2026_W22,O51457,U9056,P22,2026-05-30 10:24:57,4,6284.85,292.7,182.38,4472.41,25139.4,24846.7,UPI,Completed
f05decff-45e7-4a4a-9019-0b81ba74d299,2026_W22,O51458,U10163,P161,2026-05-29 20:41:08,1,5474.81,349.68,119.19,922.52,5474.81,5125.13,UPI,Completed
f05decff-45e7-4a4a-9019-0b81ba74d299,2026_W22,O51459,U6730,P176,2026-05-29 13:03:23,4,3628.75,1179.24,172.47,2400.44,14515.0,13335.76,UPI,Completed
f05decff-45e7-4a4a-9019-0b81ba74d299,2026_W22,O51460,U34473,P113,2026-05-27 06:56:07,3,2934.32,970.94,132.27,1409.76,8802.960000000001,7832.02,Wallet,Completed
f05decff-45e7-4a4a-9019-0b81ba74d299,2026_W22,O51461,U15986,P52,2026-05-26 13:29:53,1,4538.36,552.34,118.75,717.48,4538.36,3986.0199999999995,UPI,Completed
f05decff-45e7-4a4a-9019-0b81ba74d299,2026_W22,O51462,U22564,P170,2026-05-27 16:41:10,2,2744.23,548.39,128.01,889.21,5488.46,4940.07,Wallet,Completed
f05decff-45e7-4a4a-9019-0b81ba74d299,2026_W22,O51463,U3574,P119,2026-05-29 16:38:04,1,10133.79,553.26,74.18,1724.5,10133.79,9580.53,Wallet,Completed
f05decff-45e7-4a4a-9019-0b81ba74d299,2026_W22,O51464,U2488,P109,2026-05-29 22:54:28,1,5251.93,97.18,169.4,927.86,5251.93,5154.75,Credit Card,Completed
f05decff-45e7-4a4a-9019-0b81ba74d299,2026_W22,O51465,U2337,P106,2026-05-26 09:39:32,3,5172.75,201.42,119.68,2757.03,15518.25,15316.83,UPI,Completed
f05decff-45e7-4a4a-9019-0b81ba74d299,2026_W22,O51466,U13397,P110,2026-05-31 08:36:57,1,1984.17,106.21,136.84,338.03,1984.17,1877.96,Credit Card,Completed
f05decff-45e7-4a4a-9019-0b81ba74d299,2026_W22,O51467,U1768,P4,2026-05-25 22:33:32,4,11646.79,6521.85,196.14,7211.76,46587.16,40065.310000000005,Credit Card,Completed
f05decff-45e7-4a4a-9019-0b81ba74d299,2026_W22,O51468,U18380,P74,2026-05-28 18:25:58,1,8026.5,389.97,188.34,1374.58,8026.5,7636.53,UPI,Completed
f05decff-45e7-4a4a-9019-0b81ba74d299,2026_W22,O51469,U13208,P173,2026-05-30 01:32:26,4,4326.87,2059.55,197.61,2744.63,17307.48,15247.93,Debit Card,Completed
f05decff-45e7-4a4a-9019-0b81ba74d299,2026_W22,O51470,U29961,P184,2026-05-27 23:06:14,3,3886.18,1407.2,179.85,1845.24,11658.539999999999,10251.339999999998,Debit Card,Completed
f05decff-45e7-4a4a-9019-0b81ba74d299,2026_W22,O51471,U14901,P130,2026-05-30 03:21:07,3,11039.76,390.39,195.53,5891.2,33119.28,32728.89,Wallet,Completed
f05decff-45e7-4a4a-9019-0b81ba74d299,2026_W22,O51472,U13093,P61,2026-05-29 00:53:17,2,7261.62,1649.72,144.8,2317.23,14523.24,12873.52,Debit Card,Completed
f05decff-45e7-4a4a-9019-0b81ba74d299,2026_W22,O51473,U13437,P102,2026-05-29 23:38:01,1,3001.78,338.38,68.89,479.41,3001.78,2663.4,UPI,Completed
f05decff-45e7-4a4a-9019-0b81ba74d299,2026_W22,O51474,U12660,P140,2026-05-28 00:52:45,4,3133.21,900.93,148.36,2093.74,12532.84,11631.91,UPI,Completed
f05decff-45e7-4a4a-9019-0b81ba74d299,2026_W22,O51475,U28448,P162,2026-05-29 15:50:47,2,5576.16,1067.09,171.57,1815.34,11152.32,10085.23,Debit Card,Completed
f05decff-45e7-4a4a-9019-0b81ba74d299,2026_W22,O51476,U3439,P199,2026-05-27 18:40:57,3,10122.76,2428.93,117.3,5029.08,30368.28,27939.35,Debit Card,Completed
f05decff-45e7-4a4a-9019-0b81ba74d299,2026_W22,O51477,U9342,P20,2026-05-26 22:40:42,2,6465.0,218.69,180.76,2288.04,12930.0,12711.31,Debit Card,Completed
f05decff-45e7-4a4a-9019-0b81ba74d299,2026_W22,O51478,U13941,P33,2026-05-27 20:01:01,4,7861.44,3714.94,191.97,4991.55,31445.76,27730.82,Credit Card,Completed
f05decff-45e7-4a4a-9019-0b81ba74d299,2026_W22,O51479,U26652,P177,2026-05-26 09:06:09,4,5607.98,2706.04,105.0,3550.66,22431.92,19725.879999999997,UPI,Completed
f05decff-45e7-4a4a-9019-0b81ba74d299,2026_W22,O51480,U11376,P126,2026-05-31 20:14:53,2,7171.16,1536.22,113.63,2305.1,14342.32,12806.1,Debit Card,Completed
f05decff-45e7-4a4a-9019-0b81ba74d299,2026_W22,O51481,U5050,P160,2026-05-27 02:39:12,4,6919.48,4143.22,53.52,4236.25,27677.92,23534.699999999997,Credit Card,Completed
f05decff-45e7-4a4a-9019-0b81ba74d299,2026_W22,O51482,U2056,P36,2026-05-29 11:59:16,1,8838.75,448.6,67.22,1510.23,8838.75,8390.15,Debit Card,Completed
f05decff-45e7-4a4a-9019-0b81ba74d299,2026_W22,O51483,U31891,P47,2026-05-28 03:10:18,4,4728.62,2149.91,98.05,3017.62,18914.48,16764.57,Wallet,Completed
f05decff-45e7-4a4a-9019-0b81ba74d299,2026_W22,O51484,U27720,P94,2026-05-30 18:31:36,3,4145.07,815.43,180.64,2091.56,12435.21,11619.779999999999,Debit Card,Completed
f05decff-45e7-4a4a-9019-0b81ba74d299,2026_W22,O51485,U27824,P183,2026-05-31 04:18:28,3,9215.45,1247.56,60.22,4751.78,27646.350000000002,26398.79,Wallet,Completed
f05decff-45e7-4a4a-9019-0b81ba74d299,2026_W22,O51486,U10699,P95,2026-05-31 14:41:14,3,1959.5,421.0,69.67,982.35,5878.5,5457.5,Wallet,Completed
f05decff-45e7-4a4a-9019-0b81ba74d299,2026_W22,O51487,U12812,P36,2026-05-28 23:58:39,2,8838.75,677.07,192.02,3060.08,17677.5,17000.43,Debit Card,Completed
f05decff-45e7-4a4a-9019-0b81ba74d299,2026_W22,O51488,U13371,P184,2026-05-29 01:29:05,2,3886.18,555.34,180.4,1299.06,7772.36,7217.0199999999995,Debit Card,Completed
f05decff-45e7-4a4a-9019-0b81ba74d299,2026_W22,O51489,U14191,P75,2026-05-31 11:36:24,4,3046.83,1313.17,71.02,1957.35,12187.32,10874.15,Wallet,Completed
f05decff-45e7-4a4a-9019-0b81ba74d299,2026_W22,O51490,U17397,P45,2026-05-30 17:16:19,1,7618.9,511.88,124.84,1279.26,7618.9,7107.0199999999995,Wallet,Completed
f05decff-45e7-4a4a-9019-0b81ba74d299,2026_W22,O51491,U33848,P157,2026-05-29 06:40:14,4,5290.96,1878.47,101.99,3471.37,21163.84,19285.37,UPI,Completed
f05decff-45e7-4a4a-9019-0b81ba74d299,2026_W22,O51492,U2643,P149,2026-05-26 07:07:19,1,7089.62,748.37,73.88,1141.42,7089.62,6341.25,Credit Card,Completed
f05decff-45e7-4a4a-9019-0b81ba74d299,2026_W22,O51493,U24135,P84,2026-05-31 06:52:00,1,8271.97,1103.63,166.7,1290.3,8271.97,7168.339999999999,UPI,Completed
f05decff-45e7-4a4a-9019-0b81ba74d299,2026_W22,O51494,U24598,P156,2026-05-26 00:48:15,1,2183.92,89.98,198.26,376.91,2183.92,2093.94,Wallet,Completed
f05decff-45e7-4a4a-9019-0b81ba74d299,2026_W22,O51495,U18999,P194,2026-05-31 18:05:02,3,3163.97,1264.12,188.18,1481.0,9491.91,8227.79,Credit Card,Completed
f05decff-45e7-4a4a-9019-0b81ba74d299,2026_W22,O51496,U8869,P159,2026-05-30 00:15:57,2,8714.84,2259.55,130.64,2730.62,17429.68,15170.130000000001,Debit Card,Completed
f05decff-45e7-4a4a-9019-0b81ba74d299,2026_W22,O51497,U2731,P56,2026-05-27 06:15:21,4,9725.09,1616.94,89.68,6711.02,38900.36,37283.42,Credit Card,Completed
f05decff-45e7-4a4a-9019-0b81ba74d299,2026_W22,O51498,U16953,P118,2026-05-26 08:43:32,2,5463.26,247.37,190.98,1922.25,10926.52,10679.15,Debit Card,Completed
f05decff-45e7-4a4a-9019-0b81ba74d299,2026_W22,O51499,U25041,P199,2026-05-27 21:21:05,4,10122.76,1537.65,57.08,7011.61,40491.04,38953.39,Credit Card,Completed
f05decff-45e7-4a4a-9019-0b81ba74d299,2026_W22,O51500,U33297,P24,2026-05-28 10:37:53,3,4886.78,554.35,101.73,2539.08,14660.34,14105.99,UPI,Completed
f05decff-45e7-4a4a-9019-0b81ba74d299,2026_W22,O51501,U31787,P117,2026-05-28 23:25:22,3,3717.32,521.58,174.27,1913.47,11151.960000000001,10630.380000000001,Wallet,Completed
f05decff-45e7-4a4a-9019-0b81ba74d299,2026_W22,O51502,U26882,P106,2026-05-27 13:28:48,3,5172.75,1773.91,159.16,2473.98,15518.25,13744.34,Wallet,Completed
f05decff-45e7-4a4a-9019-0b81ba74d299,2026_W22,O51503,U10268,P94,2026-05-26 12:00:27,1,4145.07,202.72,53.28,709.62,4145.07,3942.35,Wallet,Completed
f05decff-45e7-4a4a-9019-0b81ba74d299,2026_W22,O51504,U24627,P32,2026-05-27 03:06:02,3,3711.51,1588.78,121.0,1718.24,11134.53,9545.75,Credit Card,Completed
f05decff-45e7-4a4a-9019-0b81ba74d299,2026_W22,O51505,U22482,P160,2026-05-28 13:01:23,1,6919.48,10.96,111.01,1243.53,6919.48,6908.5199999999995,Debit Card,Completed
f05decff-45e7-4a4a-9019-0b81ba74d299,2026_W22,O51506,U404,P64,2026-05-30 07:50:10,4,5141.6,662.57,101.05,3582.69,20566.4,19903.83,UPI,Completed
f05decff-45e7-4a4a-9019-0b81ba74d299,2026_W22,O51507,U34440,P69,2026-05-30 19:28:10,1,5881.18,800.85,127.87,914.46,5881.18,5080.33,Debit Card,Completed
f05decff-45e7-4a4a-9019-0b81ba74d299,2026_W22,O51508,U21391,P160,2026-05-29 07:19:58,3,6919.48,2582.0,108.56,3271.76,20758.44,18176.44,Credit Card,Completed
f05decff-45e7-4a4a-9019-0b81ba74d299,2026_W22,O51509,U4717,P48,2026-05-27 00:07:51,4,10990.29,4257.0,82.12,7146.75,43961.16,39704.16,Debit Card,Completed
f05decff-45e7-4a4a-9019-0b81ba74d299,2026_W22,O51510,U22288,P84,2026-05-28 04:02:43,4,8271.97,4162.47,154.4,5206.57,33087.88,28925.409999999996,Credit Card,Completed
f05decff-45e7-4a4a-9019-0b81ba74d299,2026_W22,O51511,U30334,P158,2026-05-27 03:39:14,1,6839.61,889.58,98.16,1071.01,6839.61,5950.03,Credit Card,Completed
f05decff-45e7-4a4a-9019-0b81ba74d299,2026_W22,O51512,U14631,P46,2026-05-30 15:08:20,4,7595.79,1282.04,83.54,5238.2,30383.16,29101.12,Wallet,Completed
f05decff-45e7-4a4a-9019-0b81ba74d299,2026_W22,O51513,U18212,P22,2026-05-28 12:27:48,1,6284.85,731.18,83.01,999.66,6284.85,5553.67,Credit Card,Completed
f05decff-45e7-4a4a-9019-0b81ba74d299,2026_W22,O51514,U4709,P70,2026-05-25 21:49:24,1,2246.89,90.87,136.8,388.08,2246.89,2156.02,Debit Card,Completed
f05decff-45e7-4a4a-9019-0b81ba74d299,2026_W22,O51515,U18927,P63,2026-05-27 21:37:13,4,5767.08,2111.49,54.19,3772.23,23068.32,20956.83,Wallet,Completed
f05decff-45e7-4a4a-9019-0b81ba74d299,2026_W22,O51516,U11865,P123,2026-05-31 02:05:55,1,2425.48,239.6,66.32,393.46,2425.48,2185.88,Wallet,Completed
f05decff-45e7-4a4a-9019-0b81ba74d299,2026_W22,O51517,U11876,P14,2026-05-30 14:43:19,3,4944.6,377.6,195.73,2602.12,14833.800000000001,14456.2,Debit Card,Completed
f05decff-45e7-4a4a-9019-0b81ba74d299,2026_W22,O51518,U33623,P19,2026-05-31 05:55:16,3,10873.73,836.93,90.76,5721.17,32621.19,31784.26,Credit Card,Completed
f05decff-45e7-4a4a-9019-0b81ba74d299,2026_W22,O51519,U21199,P14,2026-05-29 09:17:57,1,4944.6,581.07,156.88,785.44,4944.6,4363.530000000001,Debit Card,Completed
f05decff-45e7-4a4a-9019-0b81ba74d299,2026_W22,O51520,U3629,P116,2026-05-28 13:31:50,2,4661.13,81.85,75.52,1663.27,9322.26,9240.41,Wallet,Completed
f05decff-45e7-4a4a-9019-0b81ba74d299,2026_W22,O51521,U26135,P191,2026-05-30 04:35:44,2,4973.99,571.29,135.19,1687.8,9947.98,9376.689999999999,UPI,Completed
f05decff-45e7-4a4a-9019-0b81ba74d299,2026_W22,O51522,U16223,P45,2026-05-28 17:30:51,1,7618.9,708.76,58.65,1243.83,7618.9,6910.139999999999,Wallet,Completed
f05decff-45e7-4a4a-9019-0b81ba74d299,2026_W22,O51523,U13727,P188,2026-05-30 22:45:30,3,3237.34,1254.41,140.75,1522.37,9712.02,8457.61,UPI,Completed
f05decff-45e7-4a4a-9019-0b81ba74d299,2026_W22,O51524,U27572,P104,2026-05-31 03:28:43,4,5183.53,2608.74,129.96,3262.57,20734.12,18125.379999999997,Credit Card,Completed
f05decff-45e7-4a4a-9019-0b81ba74d299,2026_W22,O51525,U15454,P162,2026-05-26 05:45:48,4,5576.16,1471.79,90.15,3749.91,22304.64,20832.85,Wallet,Completed
f05decff-45e7-4a4a-9019-0b81ba74d299,2026_W22,O51526,U12295,P108,2026-05-30 21:45:25,3,4001.51,850.98,195.38,2007.64,12004.53,11153.550000000001,Credit Card,Completed
f05decff-45e7-4a4a-9019-0b81ba74d299,2026_W22,O51527,U15075,P24,2026-05-31 03:54:53,2,4886.78,807.43,67.94,1613.9,9773.56,8966.13,UPI,Completed
f05decff-45e7-4a4a-9019-0b81ba74d299,2026_W22,O51528,U29453,P18,2026-05-30 05:39:31,1,2101.11,167.86,122.85,347.98,2101.11,1933.25,Debit Card,Completed
f05decff-45e7-4a4a-9019-0b81ba74d299,2026_W22,O51529,U21217,P58,2026-05-31 05:28:51,2,2716.51,357.4,121.66,913.61,5433.02,5075.620000000001,Credit Card,Completed
f05decff-45e7-4a4a-9019-0b81ba74d299,2026_W22,O51530,U11533,P162,2026-05-28 06:22:24,4,5576.16,536.3,57.24,3918.3,22304.64,21768.34,Credit Card,Completed
f05decff-45e7-4a4a-9019-0b81ba74d299,2026_W22,O51531,U31938,P153,2026-05-31 09:10:13,2,11343.81,1007.74,171.33,3902.38,22687.62,21679.879999999997,Credit Card,Completed
f05decff-45e7-4a4a-9019-0b81ba74d299,2026_W22,O51532,U19589,P22,2026-05-30 12:28:38,1,6284.85,598.4,193.76,1023.56,6284.85,5686.450000000001,UPI,Completed
f05decff-45e7-4a4a-9019-0b81ba74d299,2026_W22,O51533,U24150,P92,2026-05-26 12:07:53,2,7099.99,1165.34,136.67,2346.24,14199.98,13034.64,UPI,Completed
f05decff-45e7-4a4a-9019-0b81ba74d299,2026_W22,O51534,U25118,P137,2026-05-30 00:10:29,1,4729.65,174.27,136.06,819.97,4729.65,4555.379999999999,Wallet,Completed
f05decff-45e7-4a4a-9019-0b81ba74d299,2026_W22,O51535,U8395,P112,2026-05-30 14:31:23,2,4659.89,479.05,169.05,1591.33,9319.78,8840.730000000001,Debit Card,Completed
f05decff-45e7-4a4a-9019-0b81ba74d299,2026_W22,O51536,U8198,P13,2026-05-28 15:15:34,2,6805.73,1566.42,86.39,2168.11,13611.46,12045.039999999999,Wallet,Completed
f05decff-45e7-4a4a-9019-0b81ba74d299,2026_W22,O51537,U14670,P176,2026-05-29 15:09:27,3,3628.75,1445.91,160.01,1699.26,10886.25,9440.34,Debit Card,Completed
f05decff-45e7-4a4a-9019-0b81ba74d299,2026_W22,O51538,U29463,P125,2026-05-27 12:27:30,4,5593.86,2611.44,124.24,3557.52,22375.44,19764.0,Wallet,Completed
f05decff-45e7-4a4a-9019-0b81ba74d299,2026_W22,O51539,U31937,P158,2026-05-31 05:06:40,3,6839.61,1009.62,167.27,3511.66,20518.829999999998,19509.21,Wallet,Completed
f05decff-45e7-4a4a-9019-0b81ba74d299,2026_W22,O51540,U25125,P166,2026-05-26 06:16:26,1,8475.87,1110.85,80.96,1325.7,8475.87,7365.02,Debit Card,Completed
f05decff-45e7-4a4a-9019-0b81ba74d299,2026_W22,O51541,U31558,P45,2026-05-26 21:43:15,3,7618.9,2895.77,65.43,3592.97,22856.699999999997,19960.929999999997,UPI,Completed
f05decff-45e7-4a4a-9019-0b81ba74d299,2026_W22,O51542,U29878,P164,2026-05-31 00:16:02,1,7269.88,544.32,126.64,1210.6,7269.88,6725.56,UPI,Completed
f05decff-45e7-4a4a-9019-0b81ba74d299,2026_W22,O51543,U31108,P78,2026-05-28 04:45:44,1,4707.59,307.6,179.3,792.0,4707.59,4399.99,Wallet,Completed
f05decff-45e7-4a4a-9019-0b81ba74d299,2026_W22,O51544,U19786,P6,2026-05-27 06:11:18,2,7042.99,189.8,130.77,2501.31,14085.98,13896.18,UPI,Completed
f05decff-45e7-4a4a-9019-0b81ba74d299,2026_W22,O51545,U1706,P142,2026-05-30 21:12:20,4,4531.33,1819.23,172.63,2935.1,18125.32,16306.09,Credit Card,Completed
f05decff-45e7-4a4a-9019-0b81ba74d299,2026_W22,O51546,U2115,P194,2026-05-30 09:15:00,3,3163.97,959.64,106.3,1535.81,9491.91,8532.27,Debit Card,Completed
f05decff-45e7-4a4a-9019-0b81ba74d299,2026_W22,O51547,U28506,P55,2026-05-26 22:06:25,4,10434.9,3756.12,112.42,6837.03,41739.6,37983.479999999996,Wallet,Completed
f05decff-45e7-4a4a-9019-0b81ba74d299,2026_W22,O51548,U15677,P51,2026-05-26 13:23:53,2,6572.59,1533.97,170.39,2090.02,13145.18,11611.210000000001,Wallet,Completed
f05decff-45e7-4a4a-9019-0b81ba74d299,2026_W22,O51549,U17431,P162,2026-05-27 03:08:38,1,5576.16,817.8,193.77,856.5,5576.16,4758.36,Debit Card,Completed
f05decff-45e7-4a4a-9019-0b81ba74d299,2026_W22,O51550,U14191,P142,2026-05-28 00:52:58,4,4531.33,320.53,158.91,3204.86,18125.32,17804.79,Credit Card,Completed
f05decff-45e7-4a4a-9019-0b81ba74d299,2026_W22,O51551,U7412,P182,2026-05-30 11:14:31,2,6023.28,217.84,168.82,2129.17,12046.56,11828.72,Credit Card,Completed
f05decff-45e7-4a4a-9019-0b81ba74d299,2026_W22,O51552,U33953,P189,2026-05-31 16:15:05,1,7353.02,192.43,143.84,1288.91,7353.02,7160.59,Credit Card,Completed
f05decff-45e7-4a4a-9019-0b81ba74d299,2026_W22,O51553,U9377,P94,2026-05-26 02:31:37,4,4145.07,1405.27,63.68,2731.5,16580.28,15175.009999999998,Credit Card,Completed
f05decff-45e7-4a4a-9019-0b81ba74d299,2026_W22,O51554,U24916,P65,2026-05-31 17:34:12,4,1802.09,877.04,92.86,1139.64,7208.36,6331.32,Debit Card,Completed
f05decff-45e7-4a4a-9019-0b81ba74d299,2026_W22,O51555,U11642,P136,2026-05-31 18:50:56,3,2314.22,585.01,79.06,1144.38,6942.66,6357.65,Wallet,Completed
f05decff-45e7-4a4a-9019-0b81ba74d299,2026_W22,O51556,U3685,P102,2026-05-27 05:09:08,1,3001.78,328.16,88.83,481.25,3001.78,2673.6200000000003,Wallet,Completed
f05decff-45e7-4a4a-9019-0b81ba74d299,2026_W22,O51557,U31229,P145,2026-05-30 11:31:04,4,4583.49,290.42,186.38,3247.84,18333.96,18043.54,Debit Card,Completed
f05decff-45e7-4a4a-9019-0b81ba74d299,2026_W22,O51558,U23489,P23,2026-05-31 17:22:39,1,2281.71,318.27,61.64,353.42,2281.71,1963.44,Credit Card,Completed
f05decff-45e7-4a4a-9019-0b81ba74d299,2026_W22,O51559,U29360,P120,2026-05-30 12:35:02,4,8125.66,3390.84,100.92,5240.12,32502.64,29111.8,UPI,Completed
f05decff-45e7-4a4a-9019-0b81ba74d299,2026_W22,O51560,U32400,P139,2026-05-27 22:39:54,2,7513.32,1481.61,118.07,2438.11,15026.64,13545.029999999999,UPI,Completed
f05decff-45e7-4a4a-9019-0b81ba74d299,2026_W22,O51561,U33035,P21,2026-05-26 18:35:15,2,7585.24,17.48,113.74,2727.54,15170.48,15153.0,Credit Card,Completed
f05decff-45e7-4a4a-9019-0b81ba74d299,2026_W22,O51562,U15505,P95,2026-05-31 17:25:31,2,1959.5,227.25,134.73,664.52,3919.0,3691.75,UPI,Completed
f05decff-45e7-4a4a-9019-0b81ba74d299,2026_W22,O51563,U33939,P107,2026-05-26 14:37:56,3,3660.65,47.21,95.63,1968.25,10981.95,10934.740000000002,Credit Card,Completed
f05decff-45e7-4a4a-9019-0b81ba74d299,2026_W22,O51564,U24378,P115,2026-05-27 05:57:11,4,8486.85,1116.2,170.1,5909.62,33947.4,32831.200000000004,Wallet,Completed
f05decff-45e7-4a4a-9019-0b81ba74d299,2026_W22,O51565,U33791,P91,2026-05-29 23:53:10,1,4627.39,479.77,100.24,746.57,4627.39,4147.620000000001,Debit Card,Completed
f05decff-45e7-4a4a-9019-0b81ba74d299,2026_W22,O51566,U21098,P104,2026-05-28 18:14:07,4,5183.53,2164.55,73.76,3342.52,20734.12,18569.57,UPI,Completed
f05decff-45e7-4a4a-9019-0b81ba74d299,2026_W22,O51567,U20637,P109,2026-05-26 03:41:09,4,5251.93,1871.68,127.92,3444.49,21007.72,19136.04,Credit Card,Completed
f05decff-45e7-4a4a-9019-0b81ba74d299,2026_W22,O51568,U23525,P118,2026-05-26 18:36:04,4,5463.26,548.93,149.83,3834.74,21853.04,21304.11,Debit Card,Completed
f05decff-45e7-4a4a-9019-0b81ba74d299,2026_W22,O51569,U31446,P133,2026-05-30 09:09:39,1,7230.51,986.8,103.4,1123.87,7230.51,6243.71,Wallet,Completed
f05decff-45e7-4a4a-9019-0b81ba74d299,2026_W22,O51570,U16076,P186,2026-05-31 15:08:41,1,7849.55,651.91,60.19,1295.58,7849.55,7197.64,Debit Card,Completed
f05decff-45e7-4a4a-9019-0b81ba74d299,2026_W22,O51571,U15252,P42,2026-05-29 19:14:33,3,5949.92,1981.01,74.49,2856.38,17849.760000000002,15868.750000000002,Wallet,Completed
f05decff-45e7-4a4a-9019-0b81ba74d299,2026_W22,O51572,U30876,P139,2026-05-29 19:20:18,1,7513.32,1018.45,140.74,1169.08,7513.32,6494.87,Credit Card,Completed
f05decff-45e7-4a4a-9019-0b81ba74d299,2026_W22,O51573,U8551,P5,2026-05-27 18:48:46,1,5785.73,104.04,199.55,1022.7,5785.73,5681.69,Wallet,Completed
f05decff-45e7-4a4a-9019-0b81ba74d299,2026_W22,O51574,U8893,P122,2026-05-28 13:34:09,1,5135.97,688.92,157.0,800.47,5135.97,4447.05,Wallet,Completed
f05decff-45e7-4a4a-9019-0b81ba74d299,2026_W22,O51575,U14311,P15,2026-05-28 08:58:07,4,2472.77,1063.39,136.87,1588.98,9891.08,8827.69,UPI,Completed
f05decff-45e7-4a4a-9019-0b81ba74d299,2026_W22,O51576,U26848,P120,2026-05-30 02:49:02,2,8125.66,685.37,131.01,2801.87,16251.32,15565.949999999999,Credit Card,Completed
f05decff-45e7-4a4a-9019-0b81ba74d299,2026_W22,O51577,U29382,P176,2026-05-28 15:28:00,3,3628.75,1360.43,91.15,1714.65,10886.25,9525.82,UPI,Completed
f05decff-45e7-4a4a-9019-0b81ba74d299,2026_W22,O51578,U29671,P36,2026-05-28 06:37:08,1,8838.75,83.04,141.97,1576.03,8838.75,8755.71,UPI,Completed
f05decff-45e7-4a4a-9019-0b81ba74d299,2026_W22,O51579,U29577,P163,2026-05-29 00:38:58,4,2156.08,98.59,88.76,1534.63,8624.32,8525.73,Debit Card,Completed
f05decff-45e7-4a4a-9019-0b81ba74d299,2026_W22,O51580,U22083,P13,2026-05-29 08:54:10,3,6805.73,862.48,167.71,3519.85,20417.19,19554.71,Wallet,Completed
f05decff-45e7-4a4a-9019-0b81ba74d299,2026_W22,O51581,U19173,P132,2026-05-30 17:12:45,4,5087.03,2437.7,55.99,3223.88,20348.12,17910.42,UPI,Completed
f05decff-45e7-4a4a-9019-0b81ba74d299,2026_W22,O51582,U24246,P99,2026-05-29 17:39:37,3,4457.11,1547.86,151.14,2128.22,13371.329999999998,11823.469999999998,Debit Card,Completed
f05decff-45e7-4a4a-9019-0b81ba74d299,2026_W22,O51583,U32327,P18,2026-05-29 08:44:25,2,2101.11,178.86,63.51,724.2,4202.22,4023.36,Credit Card,Completed
f05decff-45e7-4a4a-9019-0b81ba74d299,2026_W22,O51584,U1808,P53,2026-05-25 22:07:22,2,8018.26,1263.17,133.29,2659.2,16036.52,14773.35,UPI,Completed
f05decff-45e7-4a4a-9019-0b81ba74d299,2026_W22,O51585,U3223,P114,2026-05-31 04:15:50,2,4373.67,987.1,92.57,1396.84,8747.34,7760.24,Wallet,Completed
f05decff-45e7-4a4a-9019-0b81ba74d299,2026_W22,O51586,U15789,P161,2026-05-28 23:58:45,2,5474.81,1490.96,55.44,1702.56,10949.62,9458.66,UPI,Completed
f05decff-45e7-4a4a-9019-0b81ba74d299,2026_W22,O51587,U5023,P39,2026-05-29 10:45:44,2,5048.64,279.88,97.95,1767.13,10097.28,9817.400000000001,Credit Card,Completed
f05decff-45e7-4a4a-9019-0b81ba74d299,2026_W22,O51588,U13982,P7,2026-05-31 06:26:40,4,8530.81,355.14,54.54,6078.26,34123.24,33768.1,Debit Card,Completed
f05decff-45e7-4a4a-9019-0b81ba74d299,2026_W22,O51589,U17986,P65,2026-05-27 21:31:11,2,1802.09,507.22,105.71,557.45,3604.18,3096.96,Credit Card,Completed
f05decff-45e7-4a4a-9019-0b81ba74d299,2026_W22,O51590,U21754,P49,2026-05-28 07:57:53,1,4925.87,288.84,106.08,834.67,4925.87,4637.03,Debit Card,Completed
f05decff-45e7-4a4a-9019-0b81ba74d299,2026_W22,O51591,U6745,P29,2026-05-26 13:56:20,2,7432.15,1721.54,60.33,2365.7,14864.3,13142.759999999998,Wallet,Completed
f05decff-45e7-4a4a-9019-0b81ba74d299,2026_W22,O51592,U15607,P85,2026-05-27 16:15:17,3,7274.5,599.26,85.65,3820.36,21823.5,21224.24,Credit Card,Completed
f05decff-45e7-4a4a-9019-0b81ba74d299,2026_W22,O51593,U20976,P155,2026-05-30 16:29:21,1,8707.69,382.76,188.93,1498.49,8707.69,8324.93,Wallet,Completed
f05decff-45e7-4a4a-9019-0b81ba74d299,2026_W22,O51594,U3769,P149,2026-05-28 17:32:12,2,7089.62,1197.91,157.47,2336.64,14179.24,12981.33,Credit Card,Completed
f05decff-45e7-4a4a-9019-0b81ba74d299,2026_W22,O51595,U27100,P113,2026-05-28 02:29:49,1,2934.32,161.74,160.68,499.06,2934.32,2772.58,UPI,Completed
f05decff-45e7-4a4a-9019-0b81ba74d299,2026_W22,O51596,U15678,P76,2026-05-30 08:47:18,2,3664.46,350.93,137.01,1256.04,7328.92,6977.99,Debit Card,Completed
f05decff-45e7-4a4a-9019-0b81ba74d299,2026_W22,O51597,U18144,P33,2026-05-29 03:47:33,3,7861.44,55.54,199.6,4235.18,23584.32,23528.78,Debit Card,Completed
f05decff-45e7-4a4a-9019-0b81ba74d299,2026_W22,O51598,U13436,P124,2026-05-28 17:27:14,4,7063.56,2998.3,63.31,4546.07,28254.24,25255.940000000002,Debit Card,Completed
f05decff-45e7-4a4a-9019-0b81ba74d299,2026_W22,O51599,U13470,P153,2026-05-29 20:06:27,1,11343.81,763.82,196.34,1904.4,11343.81,10579.99,Debit Card,Completed
f05decff-45e7-4a4a-9019-0b81ba74d299,2026_W22,O51600,U13717,P102,2026-05-29 14:10:34,2,3001.78,470.53,134.81,995.95,6003.56,5533.030000000001,Debit Card,Completed
f05decff-45e7-4a4a-9019-0b81ba74d299,2026_W22,O51601,U20778,P56,2026-05-29 03:14:12,1,9725.09,549.35,71.78,1651.63,9725.09,9175.74,Credit Card,Completed
f05decff-45e7-4a4a-9019-0b81ba74d299,2026_W22,O51602,U24833,P141,2026-05-29 05:08:48,1,6658.31,768.07,71.31,1060.24,6658.31,5890.240000000001,Wallet,Completed
f05decff-45e7-4a4a-9019-0b81ba74d299,2026_W22,O51603,U24177,P115,2026-05-29 12:55:43,3,8486.85,2698.5,54.5,4097.17,25460.550000000003,22762.050000000003,UPI,Completed
f05decff-45e7-4a4a-9019-0b81ba74d299,2026_W22,O51604,U12812,P9,2026-05-31 03:22:31,1,5369.05,411.63,74.2,892.34,5369.05,4957.42,Credit Card,Completed
f05decff-45e7-4a4a-9019-0b81ba74d299,2026_W22,O51605,U22218,P177,2026-05-29 18:13:56,3,5607.98,1130.49,184.9,2824.82,16823.94,15693.449999999999,Debit Card,Completed
f05decff-45e7-4a4a-9019-0b81ba74d299,2026_W22,O51606,U494,P165,2026-05-30 16:28:51,4,4063.67,2095.33,160.25,2548.68,16254.68,14159.35,UPI,Completed
f05decff-45e7-4a4a-9019-0b81ba74d299,2026_W22,O51607,U31165,P197,2026-05-27 14:53:31,2,3825.75,435.61,88.75,1298.86,7651.5,7215.89,UPI,Completed
f05decff-45e7-4a4a-9019-0b81ba74d299,2026_W22,O51608,U25901,P15,2026-05-27 12:35:59,3,2472.77,421.63,105.39,1259.4,7418.3099999999995,6996.679999999999,UPI,Completed
f05decff-45e7-4a4a-9019-0b81ba74d299,2026_W22,O51609,U17406,P56,2026-05-28 17:48:45,1,9725.09,29.11,58.72,1745.28,9725.09,9695.98,UPI,Completed
f05decff-45e7-4a4a-9019-0b81ba74d299,2026_W22,O51610,U5097,P82,2026-05-26 14:37:03,2,1796.79,150.8,176.93,619.7,3593.58,3442.7799999999997,Credit Card,Completed
f05decff-45e7-4a4a-9019-0b81ba74d299,2026_W22,O51611,U14644,P142,2026-05-30 17:36:35,2,4531.33,458.27,183.86,1548.79,9062.66,8604.39,Credit Card,Completed
f05decff-45e7-4a4a-9019-0b81ba74d299,2026_W22,O51612,U22114,P60,2026-05-30 15:47:39,2,3458.47,549.55,72.08,1146.13,6916.94,6367.389999999999,Debit Card,Completed
f05decff-45e7-4a4a-9019-0b81ba74d299,2026_W22,O51613,U9399,P36,2026-05-30 04:30:25,1,8838.75,810.1,137.62,1445.16,8838.75,8028.65,UPI,Completed
f05decff-45e7-4a4a-9019-0b81ba74d299,2026_W22,O51614,U25952,P155,2026-05-31 05:51:53,3,8707.69,2249.25,83.7,4297.29,26123.07,23873.82,Debit Card,Completed
f05decff-45e7-4a4a-9019-0b81ba74d299,2026_W22,O51615,U17968,P58,2026-05-28 19:02:52,2,2716.51,554.99,97.06,878.05,5433.02,4878.030000000001,Debit Card,Completed
f05decff-45e7-4a4a-9019-0b81ba74d299,2026_W22,O51616,U13219,P177,2026-05-27 03:39:52,3,5607.98,367.56,57.07,2962.15,16823.94,16456.379999999997,Debit Card,Completed
f05decff-45e7-4a4a-9019-0b81ba74d299,2026_W22,O51617,U1451,P160,2026-05-27 13:30:34,3,6919.48,759.36,155.81,3599.83,20758.44,19999.079999999998,Wallet,Completed
f05decff-45e7-4a4a-9019-0b81ba74d299,2026_W22,O51618,U30676,P40,2026-05-30 20:39:53,4,4177.53,1332.53,157.32,2767.97,16710.12,15377.589999999998,Debit Card,Completed
f05decff-45e7-4a4a-9019-0b81ba74d299,2026_W22,O51619,U25180,P83,2026-05-27 01:09:08,1,5070.2,503.28,60.06,822.05,5070.2,4566.92,Wallet,Completed
f05decff-45e7-4a4a-9019-0b81ba74d299,2026_W22,O51620,U10857,P56,2026-05-26 12:27:03,1,9725.09,394.62,168.97,1679.48,9725.09,9330.47,UPI,Completed
f05decff-45e7-4a4a-9019-0b81ba74d299,2026_W22,O51621,U1832,P159,2026-05-31 18:55:19,2,8714.84,511.56,73.45,3045.26,17429.68,16918.12,Credit Card,Completed
f05decff-45e7-4a4a-9019-0b81ba74d299,2026_W22,O51622,U10021,P97,2026-05-30 19:39:59,3,5383.07,1543.1,90.59,2629.1,16149.21,14606.109999999999,Wallet,Completed
f05decff-45e7-4a4a-9019-0b81ba74d299,2026_W22,O51623,U18224,P45,2026-05-31 02:35:48,3,7618.9,2058.68,173.64,3743.64,22856.699999999997,20798.019999999997,Credit Card,Completed
f05decff-45e7-4a4a-9019-0b81ba74d299,2026_W22,O51624,U13788,P25,2026-05-29 11:47:42,2,4602.38,1373.24,183.58,1409.67,9204.76,7831.52,Debit Card,Completed
f05decff-45e7-4a4a-9019-0b81ba74d299,2026_W22,O51625,U27597,P17,2026-05-26 11:20:32,3,3339.42,175.82,142.07,1771.64,10018.26,9842.44,Wallet,Completed
f05decff-45e7-4a4a-9019-0b81ba74d299,2026_W22,O51626,U9756,P12,2026-05-29 22:32:23,1,7089.88,757.03,52.16,1139.91,7089.88,6332.85,Debit Card,Completed
f05decff-45e7-4a4a-9019-0b81ba74d299,2026_W22,O51627,U25695,P35,2026-05-27 19:53:15,3,3801.69,1073.21,102.34,1859.73,11405.07,10331.86,Wallet,Completed
f05decff-45e7-4a4a-9019-0b81ba74d299,2026_W22,O51628,U34991,P50,2026-05-26 15:38:55,4,2033.45,556.48,189.7,1363.92,8133.8,7577.32,Debit Card,Completed
f05decff-45e7-4a4a-9019-0b81ba74d299,2026_W22,O51629,U28003,P61,2026-05-31 18:49:02,2,7261.62,159.88,97.59,2585.4,14523.24,14363.36,Debit Card,Completed
f05decff-45e7-4a4a-9019-0b81ba74d299,2026_W22,O51630,U26536,P107,2026-05-29 21:01:42,2,3660.65,1030.14,150.53,1132.41,7321.3,6291.16,Credit Card,Completed
f05decff-45e7-4a4a-9019-0b81ba74d299,2026_W22,O51631,U6472,P22,2026-05-29 21:53:18,2,6284.85,379.82,63.61,2194.18,12569.7,12189.880000000001,Debit Card,Completed
f05decff-45e7-4a4a-9019-0b81ba74d299,2026_W22,O51632,U34613,P86,2026-05-31 13:00:49,2,7794.14,884.66,107.87,2646.65,15588.28,14703.62,Debit Card,Completed
f05decff-45e7-4a4a-9019-0b81ba74d299,2026_W22,O51633,U10434,P181,2026-05-26 23:21:25,1,8581.69,527.91,105.75,1449.68,8581.69,8053.780000000001,Wallet,Completed
f05decff-45e7-4a4a-9019-0b81ba74d299,2026_W22,O51634,U18400,P165,2026-05-26 18:48:15,3,4063.67,227.38,139.05,2153.45,12191.01,11963.630000000001,Credit Card,Completed
f05decff-45e7-4a4a-9019-0b81ba74d299,2026_W22,O51635,U9361,P169,2026-05-25 22:36:20,4,3759.37,457.25,74.77,2624.44,15037.48,14580.23,Debit Card,Completed
f05decff-45e7-4a4a-9019-0b81ba74d299,2026_W22,O51636,U2597,P129,2026-05-27 07:10:19,4,5625.8,3010.66,174.15,3508.66,22503.2,19492.54,UPI,Completed
f05decff-45e7-4a4a-9019-0b81ba74d299,2026_W22,O51637,U32430,P38,2026-05-28 11:17:03,2,7075.19,1618.25,197.26,2255.78,14150.38,12532.13,Wallet,Completed
f05decff-45e7-4a4a-9019-0b81ba74d299,2026_W22,O51638,U28929,P14,2026-05-31 21:06:48,3,4944.6,639.24,145.47,2555.02,14833.800000000001,14194.560000000001,Wallet,Completed
f05decff-45e7-4a4a-9019-0b81ba74d299,2026_W22,O51639,U29732,P178,2026-05-26 07:14:57,4,2500.92,918.35,78.17,1635.36,10003.68,9085.33,UPI,Completed
f05decff-45e7-4a4a-9019-0b81ba74d299,2026_W22,O51640,U4664,P46,2026-05-28 20:13:04,1,7595.79,991.65,113.39,1188.75,7595.79,6604.14,UPI,Completed
f05decff-45e7-4a4a-9019-0b81ba74d299,2026_W22,O51641,U22425,P169,2026-05-28 19:32:43,3,3759.37,1548.81,145.0,1751.27,11278.11,9729.300000000001,Debit Card,Completed
f05decff-45e7-4a4a-9019-0b81ba74d299,2026_W22,O51642,U29763,P1,2026-05-30 10:15:38,3,6823.54,494.49,88.14,3595.7,20470.62,19976.129999999997,Debit Card,Completed
f05decff-45e7-4a4a-9019-0b81ba74d299,2026_W22,O51643,U34419,P129,2026-05-25 21:58:08,3,5625.8,1150.36,100.59,2830.87,16877.4,15727.04,Debit Card,Completed
f05decff-45e7-4a4a-9019-0b81ba74d299,2026_W22,O51644,U24466,P72,2026-05-28 01:36:50,2,8163.39,668.86,197.17,2818.43,16326.78,15657.92,Debit Card,Completed
f05decff-45e7-4a4a-9019-0b81ba74d299,2026_W22,O51645,U34759,P176,2026-05-30 07:24:04,1,3628.75,184.46,56.15,619.97,3628.75,3444.29,Credit Card,Completed
f05decff-45e7-4a4a-9019-0b81ba74d299,2026_W22,O51646,U29698,P117,2026-05-31 05:05:36,3,3717.32,1589.13,68.98,1721.31,11151.960000000001,9562.830000000002,Debit Card,Completed
f05decff-45e7-4a4a-9019-0b81ba74d299,2026_W22,O51647,U24011,P8,2026-05-27 19:58:42,3,7997.84,750.34,183.25,4183.77,23993.52,23243.18,Debit Card,Completed
f05decff-45e7-4a4a-9019-0b81ba74d299,2026_W22,O51648,U22912,P200,2026-05-27 00:40:16,4,9143.2,1548.74,61.7,6304.33,36572.8,35024.060000000005,Debit Card,Completed
f05decff-45e7-4a4a-9019-0b81ba74d299,2026_W22,O51649,U29026,P60,2026-05-28 20:47:29,2,3458.47,429.37,99.47,1167.76,6916.94,6487.57,UPI,Completed
f05decff-45e7-4a4a-9019-0b81ba74d299,2026_W22,O51650,U25726,P137,2026-05-31 03:17:22,2,4729.65,347.98,107.22,1640.04,9459.3,9111.32,UPI,Completed
f05decff-45e7-4a4a-9019-0b81ba74d299,2026_W22,O51651,U30787,P192,2026-05-29 19:54:58,4,8471.85,1911.54,59.13,5755.65,33887.4,31975.86,Wallet,Completed
f05decff-45e7-4a4a-9019-0b81ba74d299,2026_W22,O51652,U13741,P91,2026-05-28 23:10:06,3,4627.39,1688.73,139.2,2194.82,13882.170000000002,12193.440000000002,Wallet,Completed
f05decff-45e7-4a4a-9019-0b81ba74d299,2026_W22,O51653,U3280,P153,2026-05-29 21:52:09,3,11343.81,2406.35,116.12,5692.51,34031.43,31625.08,Wallet,Completed
f05decff-45e7-4a4a-9019-0b81ba74d299,2026_W22,O51654,U11189,P68,2026-05-29 01:09:50,3,10947.39,1783.08,118.13,5590.64,32842.17,31059.089999999997,Credit Card,Completed
f05decff-45e7-4a4a-9019-0b81ba74d299,2026_W22,O51655,U20386,P142,2026-05-25 22:12:53,4,4531.33,1323.08,66.38,3024.4,18125.32,16802.239999999998,UPI,Completed
f05decff-45e7-4a4a-9019-0b81ba74d299,2026_W22,O51656,U16663,P1,2026-05-26 00:46:04,1,6823.54,180.09,130.49,1195.82,6823.54,6643.45,Wallet,Completed
f05decff-45e7-4a4a-9019-0b81ba74d299,2026_W22,O51657,U14413,P31,2026-05-25 22:05:12,2,4234.09,192.45,142.79,1489.63,8468.18,8275.73,UPI,Completed
f05decff-45e7-4a4a-9019-0b81ba74d299,2026_W22,O51658,U10597,P125,2026-05-28 10:09:48,1,5593.86,441.09,127.64,927.5,5593.86,5152.7699999999995,Credit Card,Completed
f05decff-45e7-4a4a-9019-0b81ba74d299,2026_W22,O51659,U2196,P173,2026-05-27 04:41:41,4,4326.87,2106.85,117.44,2736.11,17307.48,15200.63,Wallet,Completed
f05decff-45e7-4a4a-9019-0b81ba74d299,2026_W22,O51660,U14637,P45,2026-05-29 18:10:54,4,7618.9,2753.58,86.1,4989.96,30475.6,27722.019999999997,Credit Card,Completed
f05decff-45e7-4a4a-9019-0b81ba74d299,2026_W22,O51661,U11377,P148,2026-05-30 17:21:50,1,2017.95,163.39,87.23,333.82,2017.95,1854.56,Wallet,Completed
f05decff-45e7-4a4a-9019-0b81ba74d299,2026_W22,O51662,U11627,P197,2026-05-26 22:09:34,2,3825.75,187.7,163.71,1343.48,7651.5,7463.8,Debit Card,Completed
f05decff-45e7-4a4a-9019-0b81ba74d299,2026_W22,O51663,U11873,P58,2026-05-31 02:09:34,1,2716.51,241.15,92.52,445.56,2716.51,2475.36,UPI,Completed
f05decff-45e7-4a4a-9019-0b81ba74d299,2026_W22,O51664,U34419,P50,2026-05-31 05:47:28,3,2033.45,705.89,63.53,971.0,6100.35,5394.46,Debit Card,Completed
f05decff-45e7-4a4a-9019-0b81ba74d299,2026_W22,O51665,U23268,P105,2026-05-30 16:48:54,3,7337.42,1769.59,130.38,3643.68,22012.260000000002,20242.670000000002,Credit Card,Completed
f05decff-45e7-4a4a-9019-0b81ba74d299,2026_W22,O51666,U13851,P134,2026-05-25 22:12:46,3,3654.35,319.07,181.76,1915.92,10963.05,10643.98,Wallet,Completed
f05decff-45e7-4a4a-9019-0b81ba74d299,2026_W22,O51667,U3805,P68,2026-05-29 20:31:15,4,10947.39,1602.55,106.11,7593.66,43789.56,42187.009999999995,Credit Card,Completed
f05decff-45e7-4a4a-9019-0b81ba74d299,2026_W22,O51668,U27879,P44,2026-05-31 11:29:18,1,1679.28,86.75,99.96,286.66,1679.28,1592.53,Wallet,Completed
f05decff-45e7-4a4a-9019-0b81ba74d299,2026_W22,O51669,U34767,P136,2026-05-31 05:57:24,2,2314.22,633.07,90.88,719.17,4628.44,3995.3699999999994,UPI,Completed
f05decff-45e7-4a4a-9019-0b81ba74d299,2026_W22,O51670,U30394,P28,2026-05-27 17:15:03,2,3349.46,815.19,72.46,1059.07,6698.92,5883.73,Credit Card,Completed
f05decff-45e7-4a4a-9019-0b81ba74d299,2026_W22,O51671,U19600,P154,2026-05-29 18:27:49,1,4135.27,141.39,121.7,718.9,4135.27,3993.8800000000006,Credit Card,Completed
f05decff-45e7-4a4a-9019-0b81ba74d299,2026_W22,O51672,U25982,P75,2026-05-29 18:35:26,1,3046.83,128.48,187.49,525.3,3046.83,2918.35,Credit Card,Completed
f05decff-45e7-4a4a-9019-0b81ba74d299,2026_W22,O51673,U25459,P58,2026-05-27 23:19:19,3,2716.51,257.97,137.2,1420.48,8149.530000000001,7891.56,Wallet,Completed
f05decff-45e7-4a4a-9019-0b81ba74d299,2026_W22,O51674,U34306,P173,2026-05-30 19:07:02,4,4326.87,846.69,98.01,2962.94,17307.48,16460.79,Credit Card,Completed
f05decff-45e7-4a4a-9019-0b81ba74d299,2026_W22,O51675,U19304,P177,2026-05-30 14:24:44,3,5607.98,502.44,66.17,2937.87,16823.94,16321.499999999998,Wallet,Completed
f05decff-45e7-4a4a-9019-0b81ba74d299,2026_W22,O51676,U34991,P70,2026-05-31 11:42:18,3,2246.89,333.0,70.25,1153.38,6740.67,6407.67,UPI,Completed
f05decff-45e7-4a4a-9019-0b81ba74d299,2026_W22,O51677,U7357,P46,2026-05-30 19:03:58,3,7595.79,1480.34,170.31,3835.27,22787.37,21307.03,Credit Card,Completed
f05decff-45e7-4a4a-9019-0b81ba74d299,2026_W22,O51678,U13269,P149,2026-05-31 00:03:09,1,7089.62,14.77,132.31,1273.47,7089.62,7074.849999999999,Debit Card,Completed
f05decff-45e7-4a4a-9019-0b81ba74d299,2026_W22,O51679,U23045,P180,2026-05-31 21:13:21,1,6781.04,509.21,147.74,1128.93,6781.04,6271.83,Wallet,Completed
f05decff-45e7-4a4a-9019-0b81ba74d299,2026_W22,O51680,U10947,P196,2026-05-26 23:13:07,2,7726.11,582.66,105.31,2676.52,15452.22,14869.56,Credit Card,Completed
f05decff-45e7-4a4a-9019-0b81ba74d299,2026_W22,O51681,U3531,P99,2026-05-27 19:17:36,4,4457.11,2326.92,83.93,2790.27,17828.44,15501.519999999999,Credit Card,Completed
f05decff-45e7-4a4a-9019-0b81ba74d299,2026_W22,O51682,U31281,P37,2026-05-27 11:33:42,4,9886.76,2145.41,72.98,6732.29,39547.04,37401.630000000005,UPI,Completed
f05decff-45e7-4a4a-9019-0b81ba74d299,2026_W22,O51683,U34817,P46,2026-05-26 22:37:31,1,7595.79,926.92,61.92,1200.4,7595.79,6668.87,Debit Card,Completed
f05decff-45e7-4a4a-9019-0b81ba74d299,2026_W22,O51684,U1130,P14,2026-05-30 08:08:05,4,4944.6,995.49,152.57,3380.92,19778.4,18782.91,Wallet,Completed
f05decff-45e7-4a4a-9019-0b81ba74d299,2026_W22,O51685,U19548,P40,2026-05-25 23:41:46,4,4177.53,662.41,122.72,2888.59,16710.12,16047.71,UPI,Completed
f05decff-45e7-4a4a-9019-0b81ba74d299,2026_W22,O51686,U1918,P107,2026-05-28 02:17:34,2,3660.65,405.23,150.84,1244.89,7321.3,6916.07,Wallet,Completed
f05decff-45e7-4a4a-9019-0b81ba74d299,2026_W22,O51687,U31274,P45,2026-05-30 11:05:31,2,7618.9,216.06,135.21,2703.91,15237.8,15021.74,UPI,Completed
f05decff-45e7-4a4a-9019-0b81ba74d299,2026_W22,O51688,U24944,P119,2026-05-30 15:53:27,1,10133.79,1361.87,130.47,1578.95,10133.79,8771.920000000002,Wallet,Completed
f05decff-45e7-4a4a-9019-0b81ba74d299,2026_W22,O51689,U25112,P74,2026-05-27 09:59:25,3,8026.5,1088.18,166.17,4138.44,24079.5,22991.32,UPI,Completed
f05decff-45e7-4a4a-9019-0b81ba74d299,2026_W22,O51690,U26442,P82,2026-05-27 04:49:42,1,1796.79,58.94,85.32,312.81,1796.79,1737.85,Debit Card,Completed
f05decff-45e7-4a4a-9019-0b81ba74d299,2026_W22,O51691,U29692,P24,2026-05-30 13:29:34,1,4886.78,497.33,80.33,790.1,4886.78,4389.45,Credit Card,Completed
f05decff-45e7-4a4a-9019-0b81ba74d299,2026_W22,O51692,U2159,P142,2026-05-26 16:35:27,1,4531.33,207.2,191.34,778.34,4531.33,4324.13,Debit Card,Completed
f05decff-45e7-4a4a-9019-0b81ba74d299,2026_W22,O51693,U28250,P80,2026-05-28 10:14:57,3,7227.02,2489.2,94.57,3454.53,21681.06,19191.86,Wallet,Completed
f05decff-45e7-4a4a-9019-0b81ba74d299,2026_W22,O51694,U19692,P111,2026-05-27 08:20:37,2,9541.24,2106.74,117.01,3055.63,19082.48,16975.739999999998,Wallet,Completed
f05decff-45e7-4a4a-9019-0b81ba74d299,2026_W22,O51695,U13713,P155,2026-05-26 11:43:20,2,8707.69,1953.87,137.5,2783.07,17415.38,15461.510000000002,Credit Card,Completed
f05decff-45e7-4a4a-9019-0b81ba74d299,2026_W22,O51696,U23489,P28,2026-05-31 06:55:31,2,3349.46,106.52,108.28,1186.63,6698.92,6592.4,Wallet,Completed
f05decff-45e7-4a4a-9019-0b81ba74d299,2026_W22,O51697,U17500,P65,2026-05-31 07:40:15,3,1802.09,300.94,161.21,918.96,5406.2699999999995,5105.33,Credit Card,Completed
f05decff-45e7-4a4a-9019-0b81ba74d299,2026_W22,O51698,U8890,P14,2026-05-28 18:17:30,1,4944.6,170.28,73.35,859.38,4944.6,4774.320000000001,UPI,Completed
f05decff-45e7-4a4a-9019-0b81ba74d299,2026_W22,O51699,U397,P17,2026-05-29 22:02:32,1,3339.42,45.73,185.1,592.86,3339.42,3293.69,Credit Card,Completed
f05decff-45e7-4a4a-9019-0b81ba74d299,2026_W22,O51700,U11922,P25,2026-05-30 19:55:55,2,4602.38,464.9,74.51,1573.17,9204.76,8739.86,Debit Card,Completed
f05decff-45e7-4a4a-9019-0b81ba74d299,2026_W22,O51701,U5941,P96,2026-05-31 07:49:24,4,6676.27,2042.11,148.61,4439.33,26705.08,24662.97,Credit Card,Completed
f05decff-45e7-4a4a-9019-0b81ba74d299,2026_W22,O51702,U14670,P195,2026-05-26 08:52:23,1,3603.97,530.77,176.29,553.18,3603.97,3073.2,Credit Card,Completed
f05decff-45e7-4a4a-9019-0b81ba74d299,2026_W22,O51703,U26542,P109,2026-05-27 06:31:54,4,5251.93,404.57,74.5,3708.57,21007.72,20603.15,UPI,Completed
f05decff-45e7-4a4a-9019-0b81ba74d299,2026_W22,O51704,U7500,P126,2026-05-26 18:50:30,4,7171.16,3535.75,116.57,4526.8,28684.64,25148.89,UPI,Completed
f05decff-45e7-4a4a-9019-0b81ba74d299,2026_W22,O51705,U10877,P49,2026-05-28 05:54:12,2,4925.87,479.84,92.38,1686.94,9851.74,9371.9,Credit Card,Completed
f05decff-45e7-4a4a-9019-0b81ba74d299,2026_W22,O51706,U21515,P105,2026-05-27 16:43:37,4,7337.42,4080.5,92.31,4548.45,29349.68,25269.18,Credit Card,Completed
f05decff-45e7-4a4a-9019-0b81ba74d299,2026_W22,O51707,U29782,P44,2026-05-31 11:25:25,3,1679.28,752.05,113.29,771.44,5037.84,4285.79,Debit Card,Completed
f05decff-45e7-4a4a-9019-0b81ba74d299,2026_W22,O51708,U4276,P19,2026-05-31 10:02:27,1,10873.73,1089.72,157.56,1761.12,10873.73,9784.01,Wallet,Completed
f05decff-45e7-4a4a-9019-0b81ba74d299,2026_W22,O51709,U22988,P44,2026-05-30 10:55:20,3,1679.28,59.38,55.4,896.12,5037.84,4978.46,Wallet,Completed
f05decff-45e7-4a4a-9019-0b81ba74d299,2026_W22,O51710,U9352,P185,2026-05-27 14:41:09,1,8108.47,744.89,197.77,1325.44,8108.47,7363.58,Wallet,Completed
f05decff-45e7-4a4a-9019-0b81ba74d299,2026_W22,O51711,U31780,P33,2026-05-29 22:59:10,1,7861.44,76.31,101.11,1401.32,7861.44,7785.129999999999,UPI,Completed
f05decff-45e7-4a4a-9019-0b81ba74d299,2026_W22,O51712,U21688,P171,2026-05-27 07:19:04,4,7036.96,983.6,63.58,4889.56,28147.84,27164.24,UPI,Completed
f05decff-45e7-4a4a-9019-0b81ba74d299,2026_W22,O51713,U33381,P168,2026-05-28 02:09:11,4,4263.52,2010.09,189.74,2707.92,17054.08,15043.990000000002,UPI,Completed
f05decff-45e7-4a4a-9019-0b81ba74d299,2026_W22,O51714,U10015,P170,2026-05-26 00:38:20,3,2744.23,613.43,60.92,1371.47,8232.69,7619.26,Debit Card,Completed
f05decff-45e7-4a4a-9019-0b81ba74d299,2026_W22,O51715,U10218,P173,2026-05-26 15:33:52,3,4326.87,755.67,148.9,2200.49,12980.61,12224.94,UPI,Completed
f05decff-45e7-4a4a-9019-0b81ba74d299,2026_W22,O51716,U4536,P30,2026-05-27 01:28:14,1,10909.65,426.19,175.7,1887.02,10909.65,10483.46,UPI,Completed
f05decff-45e7-4a4a-9019-0b81ba74d299,2026_W22,O51717,U10742,P165,2026-05-29 02:31:36,4,4063.67,1508.27,124.17,2654.35,16254.68,14746.41,Debit Card,Completed
f05decff-45e7-4a4a-9019-0b81ba74d299,2026_W22,O51718,U14682,P106,2026-05-28 05:40:45,1,5172.75,539.22,98.18,834.04,5172.75,4633.53,Wallet,Completed
f05decff-45e7-4a4a-9019-0b81ba74d299,2026_W22,O51719,U5637,P124,2026-05-28 12:40:26,1,7063.56,691.44,71.58,1146.98,7063.56,6372.120000000001,Wallet,Completed
f05decff-45e7-4a4a-9019-0b81ba74d299,2026_W22,O51720,U17238,P135,2026-05-29 00:04:49,2,7738.35,1913.43,144.89,2441.39,15476.7,13563.27,Debit Card,Completed
f05decff-45e7-4a4a-9019-0b81ba74d299,2026_W22,O51721,U24957,P111,2026-05-26 06:19:52,2,9541.24,1804.65,60.28,3110.01,19082.48,17277.829999999998,Debit Card,Completed
f05decff-45e7-4a4a-9019-0b81ba74d299,2026_W22,O51722,U26576,P89,2026-05-29 00:35:49,1,7149.14,708.53,107.3,1159.31,7149.14,6440.610000000001,Credit Card,Completed
f05decff-45e7-4a4a-9019-0b81ba74d299,2026_W22,O51723,U26297,P78,2026-05-27 06:39:56,2,4707.59,1244.23,136.56,1470.77,9415.18,8170.950000000001,Credit Card,Completed
f05decff-45e7-4a4a-9019-0b81ba74d299,2026_W22,O51724,U33588,P96,2026-05-29 20:24:38,2,6676.27,1799.58,78.88,2079.53,13352.54,11552.960000000001,Credit Card,Completed
f05decff-45e7-4a4a-9019-0b81ba74d299,2026_W22,O51725,U27478,P159,2026-05-26 06:11:17,1,8714.84,107.75,128.46,1549.28,8714.84,8607.09,UPI,Completed
f05decff-45e7-4a4a-9019-0b81ba74d299,2026_W22,O51726,U16717,P18,2026-05-26 16:21:52,3,2101.11,716.49,198.33,1005.63,6303.33,5586.84,Debit Card,Completed
f05decff-45e7-4a4a-9019-0b81ba74d299,2026_W22,O51727,U32729,P167,2026-05-30 21:56:57,3,6729.0,1480.5,151.42,3367.17,20187.0,18706.5,Credit Card,Completed
f05decff-45e7-4a4a-9019-0b81ba74d299,2026_W22,O51728,U9803,P28,2026-05-31 13:16:46,4,3349.46,1529.52,176.8,2136.3,13397.84,11868.32,Wallet,Completed
f05decff-45e7-4a4a-9019-0b81ba74d299,2026_W22,O51729,U3485,P195,2026-05-28 18:22:04,3,3603.97,378.96,144.59,1877.93,10811.91,10432.95,Credit Card,Completed
f05decff-45e7-4a4a-9019-0b81ba74d299,2026_W22,O51730,U31934,P91,2026-05-30 21:11:59,4,4627.39,741.02,167.77,3198.34,18509.56,17768.54,Debit Card,Completed
f05decff-45e7-4a4a-9019-0b81ba74d299,2026_W22,O51731,U3880,P66,2026-05-28 20:36:50,4,5399.1,784.4,50.97,3746.16,21596.4,20812.0,Debit Card,Completed
f05decff-45e7-4a4a-9019-0b81ba74d299,2026_W22,O51732,U32833,P101,2026-05-26 15:53:03,4,2760.68,1531.46,182.42,1712.03,11042.72,9511.259999999998,Debit Card,Completed
f05decff-45e7-4a4a-9019-0b81ba74d299,2026_W22,O51733,U27149,P76,2026-05-31 10:34:08,1,3664.46,20.98,155.68,655.83,3664.46,3643.48,Wallet,Completed
f05decff-45e7-4a4a-9019-0b81ba74d299,2026_W22,O51734,U10695,P83,2026-05-29 08:13:08,4,5070.2,1604.49,193.86,3361.74,20280.8,18676.309999999998,Debit Card,Completed
f05decff-45e7-4a4a-9019-0b81ba74d299,2026_W22,O51735,U25761,P22,2026-05-26 22:47:47,2,6284.85,1405.41,58.24,2009.57,12569.7,11164.29,UPI,Completed
f05decff-45e7-4a4a-9019-0b81ba74d299,2026_W22,O51736,U19893,P176,2026-05-26 08:12:23,4,3628.75,155.22,54.08,2584.76,14515.0,14359.78,UPI,Completed
f05decff-45e7-4a4a-9019-0b81ba74d299,2026_W22,O51737,U13091,P109,2026-05-27 14:15:26,2,5251.93,95.14,137.53,1873.57,10503.86,10408.720000000001,Credit Card,Completed
f05decff-45e7-4a4a-9019-0b81ba74d299,2026_W22,O51738,U6077,P61,2026-05-30 09:02:03,2,7261.62,1334.99,62.44,2373.88,14523.24,13188.25,Debit Card,Completed
f05decff-45e7-4a4a-9019-0b81ba74d299,2026_W22,O51739,U31627,P123,2026-05-31 02:24:36,2,2425.48,649.53,99.2,756.26,4850.96,4201.43,Debit Card,Completed
f05decff-45e7-4a4a-9019-0b81ba74d299,2026_W22,O51740,U26023,P34,2026-05-26 09:56:51,4,8777.08,4280.07,122.61,5549.08,35108.32,30828.25,Wallet,Completed
f05decff-45e7-4a4a-9019-0b81ba74d299,2026_W22,O51741,U13549,P56,2026-05-30 11:22:02,4,9725.09,5056.54,98.47,6091.89,38900.36,33843.82,UPI,Completed
f05decff-45e7-4a4a-9019-0b81ba74d299,2026_W22,O51742,U24782,P78,2026-05-28 02:04:09,4,4707.59,1849.23,109.75,3056.6,18830.36,16981.13,UPI,Completed
f05decff-45e7-4a4a-9019-0b81ba74d299,2026_W22,O51743,U20356,P175,2026-05-29 02:41:05,2,10082.38,214.32,167.54,3591.08,20164.76,19950.44,UPI,Completed
f05decff-45e7-4a4a-9019-0b81ba74d299,2026_W22,O51744,U33451,P147,2026-05-27 23:56:27,2,2240.85,12.91,129.96,804.38,4481.7,4468.79,Debit Card,Completed
f05decff-45e7-4a4a-9019-0b81ba74d299,2026_W22,O51745,U29004,P8,2026-05-30 08:54:55,2,7997.84,1035.86,80.75,2692.77,15995.68,14959.82,Wallet,Completed
f05decff-45e7-4a4a-9019-0b81ba74d299,2026_W22,O51746,U29916,P142,2026-05-29 00:09:07,3,4531.33,1347.34,91.61,2204.4,13593.99,12246.65,Wallet,Completed
f05decff-45e7-4a4a-9019-0b81ba74d299,2026_W22,O51747,U9116,P63,2026-05-30 16:47:12,1,5767.08,471.32,66.66,953.24,5767.08,5295.76,Credit Card,Completed
f05decff-45e7-4a4a-9019-0b81ba74d299,2026_W22,O51748,U33249,P64,2026-05-26 12:37:44,2,5141.6,1323.94,169.58,1612.67,10283.2,8959.26,Debit Card,Completed
f05decff-45e7-4a4a-9019-0b81ba74d299,2026_W22,O51749,U10526,P128,2026-05-31 09:07:46,3,3133.44,1238.0,122.54,1469.22,9400.32,8162.32,Debit Card,Completed
f05decff-45e7-4a4a-9019-0b81ba74d299,2026_W22,O51750,U17506,P103,2026-05-28 00:22:24,3,5314.76,1780.46,120.28,2549.49,15944.28,14163.82,Debit Card,Completed
f05decff-45e7-4a4a-9019-0b81ba74d299,2026_W22,O51751,U10298,P47,2026-05-29 14:54:52,3,4728.62,2092.15,63.09,2176.87,14185.86,12093.710000000001,Wallet,Completed
f05decff-45e7-4a4a-9019-0b81ba74d299,2026_W22,O51752,U5174,P1,2026-05-28 14:51:38,1,6823.54,367.61,150.43,1162.07,6823.54,6455.93,Wallet,Completed
f05decff-45e7-4a4a-9019-0b81ba74d299,2026_W22,O51753,U4781,P66,2026-05-30 05:43:38,3,5399.1,369.97,126.74,2848.92,16197.300000000001,15827.330000000002,Wallet,Completed
f05decff-45e7-4a4a-9019-0b81ba74d299,2026_W22,O51754,U7863,P63,2026-05-31 15:53:44,4,5767.08,480.89,183.22,4065.74,23068.32,22587.43,UPI,Completed
f05decff-45e7-4a4a-9019-0b81ba74d299,2026_W22,O51755,U12358,P132,2026-05-30 19:22:49,3,5087.03,552.56,162.7,2647.54,15261.09,14708.53,Debit Card,Completed
f05decff-45e7-4a4a-9019-0b81ba74d299,2026_W22,O51756,U15324,P48,2026-05-31 06:29:33,4,10990.29,2488.49,196.33,7465.08,43961.16,41472.670000000006,Wallet,Completed
f05decff-45e7-4a4a-9019-0b81ba74d299,2026_W22,O51757,U3629,P18,2026-05-25 23:33:21,4,2101.11,1140.05,152.17,1307.59,8404.44,7264.39,Wallet,Completed
f05decff-45e7-4a4a-9019-0b81ba74d299,2026_W22,O51758,U18275,P111,2026-05-31 00:22:38,1,9541.24,275.63,124.76,1667.81,9541.24,9265.61,UPI,Completed
f05decff-45e7-4a4a-9019-0b81ba74d299,2026_W22,O51759,U19117,P157,2026-05-30 18:43:35,3,5290.96,2040.79,197.52,2489.78,15872.880000000001,13832.09,Credit Card,Completed
f05decff-45e7-4a4a-9019-0b81ba74d299,2026_W22,O51760,U3223,P14,2026-05-27 21:33:51,4,4944.6,0.89,72.78,3559.95,19778.4,19777.510000000002,Wallet,Completed
f05decff-45e7-4a4a-9019-0b81ba74d299,2026_W22,O51761,U7326,P5,2026-05-30 16:39:21,3,5785.73,1815.11,124.71,2797.57,17357.19,15542.079999999998,Wallet,Completed
f05decff-45e7-4a4a-9019-0b81ba74d299,2026_W22,O51762,U29134,P74,2026-05-29 06:55:01,1,8026.5,941.72,126.39,1275.26,8026.5,7084.78,Credit Card,Completed
f05decff-45e7-4a4a-9019-0b81ba74d299,2026_W22,O51763,U21762,P11,2026-05-28 13:07:32,2,4897.66,1081.77,81.5,1568.44,9795.32,8713.55,Debit Card,Completed
f05decff-45e7-4a4a-9019-0b81ba74d299,2026_W22,O51764,U28089,P147,2026-05-28 07:06:57,4,2240.85,967.83,153.92,1439.2,8963.4,7995.57,Wallet,Completed
f05decff-45e7-4a4a-9019-0b81ba74d299,2026_W22,O51765,U13687,P32,2026-05-30 14:10:50,4,3711.51,1156.75,112.64,2464.07,14846.04,13689.29,Credit Card,Completed
f05decff-45e7-4a4a-9019-0b81ba74d299,2026_W22,O51766,U7863,P130,2026-05-27 03:03:56,2,11039.76,1946.3,128.98,3623.98,22079.52,20133.22,Debit Card,Completed
f05decff-45e7-4a4a-9019-0b81ba74d299,2026_W22,O51767,U6980,P158,2026-05-30 14:51:29,3,6839.61,2386.44,93.38,3263.83,20518.829999999998,18132.39,Wallet,Completed
f05decff-45e7-4a4a-9019-0b81ba74d299,2026_W22,O51768,U24814,P86,2026-05-26 02:23:11,2,7794.14,579.87,158.68,2701.51,15588.28,15008.41,Debit Card,Completed
f05decff-45e7-4a4a-9019-0b81ba74d299,2026_W22,O51769,U33130,P153,2026-05-31 20:35:14,4,11343.81,6426.23,90.91,7010.82,45375.24,38949.009999999995,Debit Card,Completed
f05decff-45e7-4a4a-9019-0b81ba74d299,2026_W22,O51770,U14607,P58,2026-05-31 17:02:35,4,2716.51,786.27,146.64,1814.36,10866.04,10079.77,Wallet,Completed
f05decff-45e7-4a4a-9019-0b81ba74d299,2026_W22,O51771,U16257,P161,2026-05-27 15:27:38,4,5474.81,796.12,104.84,3798.56,21899.24,21103.120000000003,Credit Card,Completed
f05decff-45e7-4a4a-9019-0b81ba74d299,2026_W22,O51772,U29698,P67,2026-05-31 13:24:41,1,6555.74,490.77,110.73,1091.69,6555.74,6064.969999999999,Wallet,Completed
f05decff-45e7-4a4a-9019-0b81ba74d299,2026_W22,O51773,U27392,P64,2026-05-30 09:20:29,4,5141.6,45.27,188.44,3693.8,20566.4,20521.13,UPI,Completed
f05decff-45e7-4a4a-9019-0b81ba74d299,2026_W22,O51774,U24083,P34,2026-05-30 17:41:19,1,8777.08,1202.66,138.45,1363.4,8777.08,7574.42,Wallet,Completed
f05decff-45e7-4a4a-9019-0b81ba74d299,2026_W22,O51775,U5501,P3,2026-05-31 12:00:22,4,6299.72,1136.89,60.45,4331.16,25198.88,24061.99,Debit Card,Completed
f05decff-45e7-4a4a-9019-0b81ba74d299,2026_W22,O51776,U21098,P133,2026-05-30 01:01:15,2,7230.51,1693.88,150.61,2298.09,14461.02,12767.14,UPI,Completed
f05decff-45e7-4a4a-9019-0b81ba74d299,2026_W22,O51777,U10402,P139,2026-05-29 10:13:49,2,7513.32,1426.99,196.83,2447.94,15026.64,13599.65,UPI,Completed
f05decff-45e7-4a4a-9019-0b81ba74d299,2026_W22,O51778,U9909,P77,2026-05-26 01:28:04,4,6432.15,2838.47,115.79,4120.22,25728.6,22890.129999999997,Debit Card,Completed
f05decff-45e7-4a4a-9019-0b81ba74d299,2026_W22,O51779,U13436,P188,2026-05-28 00:57:17,4,3237.34,190.57,169.25,2296.58,12949.36,12758.79,Wallet,Completed
f05decff-45e7-4a4a-9019-0b81ba74d299,2026_W22,O51780,U19764,P14,2026-05-27 13:05:55,3,4944.6,371.15,62.53,2603.28,14833.800000000001,14462.650000000001,Wallet,Completed
f05decff-45e7-4a4a-9019-0b81ba74d299,2026_W22,O51781,U18370,P127,2026-05-30 02:25:01,2,9140.26,1042.45,179.2,3102.85,18280.52,17238.07,Credit Card,Completed
f05decff-45e7-4a4a-9019-0b81ba74d299,2026_W22,O51782,U29698,P12,2026-05-31 02:04:50,3,7089.88,2996.97,156.16,3289.08,21269.64,18272.67,Debit Card,Completed
f05decff-45e7-4a4a-9019-0b81ba74d299,2026_W22,O51783,U1230,P3,2026-05-27 06:07:48,4,6299.72,2172.49,108.42,4144.75,25198.88,23026.39,Debit Card,Completed
f05decff-45e7-4a4a-9019-0b81ba74d299,2026_W22,O51784,U12646,P156,2026-05-28 01:52:31,3,2183.92,263.47,105.45,1131.89,6551.76,6288.29,UPI,Completed
f05decff-45e7-4a4a-9019-0b81ba74d299,2026_W22,O51785,U30771,P79,2026-05-30 09:08:11,1,2810.31,192.31,198.1,471.24,2810.31,2618.0,UPI,Completed
f05decff-45e7-4a4a-9019-0b81ba74d299,2026_W22,O51786,U30590,P67,2026-05-30 20:44:14,2,6555.74,429.45,118.8,2282.77,13111.48,12682.029999999999,Wallet,Completed
f05decff-45e7-4a4a-9019-0b81ba74d299,2026_W22,O51787,U1593,P65,2026-05-31 01:05:59,4,1802.09,187.58,142.13,1263.74,7208.36,7020.78,Wallet,Completed
f05decff-45e7-4a4a-9019-0b81ba74d299,2026_W22,O51788,U17506,P66,2026-05-28 21:56:37,2,5399.1,453.41,192.94,1862.06,10798.2,10344.79,Wallet,Completed
f05decff-45e7-4a4a-9019-0b81ba74d299,2026_W22,O51789,U20227,P42,2026-05-29 23:14:52,4,5949.92,2437.96,124.94,3845.11,23799.68,21361.72,UPI,Completed
f05decff-45e7-4a4a-9019-0b81ba74d299,2026_W22,O51790,U22796,P135,2026-05-31 08:26:17,1,7738.35,85.88,187.14,1377.44,7738.35,7652.47,Wallet,Completed
f05decff-45e7-4a4a-9019-0b81ba74d299,2026_W22,O51791,U16806,P21,2026-05-27 12:57:32,2,7585.24,1552.82,103.08,2451.18,15170.48,13617.66,Debit Card,Completed
f05decff-45e7-4a4a-9019-0b81ba74d299,2026_W22,O51792,U25333,P59,2026-05-28 11:59:54,4,4892.96,36.0,195.53,3516.45,19571.84,19535.84,Credit Card,Completed
f05decff-45e7-4a4a-9019-0b81ba74d299,2026_W22,O51793,U29107,P103,2026-05-26 22:37:53,1,5314.76,222.82,186.4,916.55,5314.76,5091.9400000000005,UPI,Completed
f05decff-45e7-4a4a-9019-0b81ba74d299,2026_W22,O51794,U24636,P14,2026-05-26 12:51:40,4,4944.6,2911.6,181.94,3036.02,19778.4,16866.800000000003,UPI,Completed
f05decff-45e7-4a4a-9019-0b81ba74d299,2026_W22,O51795,U5372,P9,2026-05-29 17:25:51,2,5369.05,112.72,75.42,1912.57,10738.1,10625.380000000001,Credit Card,Completed
f05decff-45e7-4a4a-9019-0b81ba74d299,2026_W22,O51796,U18169,P175,2026-05-28 21:29:17,3,10082.38,2074.85,101.86,5071.01,30247.14,28172.29,Debit Card,Completed
f05decff-45e7-4a4a-9019-0b81ba74d299,2026_W22,O51797,U28593,P139,2026-05-25 23:07:27,4,7513.32,125.92,110.39,5386.92,30053.28,29927.36,Wallet,Completed
f05decff-45e7-4a4a-9019-0b81ba74d299,2026_W22,O51798,U29236,P25,2026-05-30 08:58:42,2,4602.38,417.13,108.16,1581.77,9204.76,8787.630000000001,Debit Card,Completed
f05decff-45e7-4a4a-9019-0b81ba74d299,2026_W22,O51799,U21111,P52,2026-05-31 19:46:26,3,4538.36,105.96,121.24,2431.64,13615.079999999998,13509.119999999999,Wallet,Completed
f05decff-45e7-4a4a-9019-0b81ba74d299,2026_W22,O51800,U23752,P49,2026-05-30 22:27:40,3,4925.87,553.12,104.76,2560.41,14777.61,14224.49,Debit Card,Completed
f05decff-45e7-4a4a-9019-0b81ba74d299,2026_W22,O51801,U25435,P102,2026-05-28 10:13:40,3,3001.78,418.23,53.75,1545.68,9005.34,8587.11,Debit Card,Completed
f05decff-45e7-4a4a-9019-0b81ba74d299,2026_W22,O51802,U31779,P15,2026-05-26 09:41:37,2,2472.77,416.14,56.09,815.29,4945.54,4529.4,UPI,Completed
f05decff-45e7-4a4a-9019-0b81ba74d299,2026_W22,O51803,U29795,P184,2026-05-29 14:33:48,4,3886.18,160.4,139.25,2769.18,15544.72,15384.32,Debit Card,Completed
f05decff-45e7-4a4a-9019-0b81ba74d299,2026_W22,O51804,U11129,P168,2026-05-31 17:34:16,2,4263.52,623.4,112.84,1422.66,8527.04,7903.640000000001,UPI,Completed
f05decff-45e7-4a4a-9019-0b81ba74d299,2026_W22,O51805,U7412,P25,2026-05-28 17:51:20,3,4602.38,972.72,158.7,2310.2,13807.14,12834.42,Credit Card,Completed
f05decff-45e7-4a4a-9019-0b81ba74d299,2026_W22,O51806,U16339,P136,2026-05-29 02:04:49,4,2314.22,670.29,50.36,1545.59,9256.88,8586.59,Debit Card,Completed
f05decff-45e7-4a4a-9019-0b81ba74d299,2026_W22,O51807,U15114,P52,2026-05-31 04:46:52,3,4538.36,1349.05,80.28,2207.89,13615.079999999998,12266.029999999999,UPI,Completed
f05decff-45e7-4a4a-9019-0b81ba74d299,2026_W22,O51808,U21698,P159,2026-05-29 12:04:15,1,8714.84,1211.72,78.94,1350.56,8714.84,7503.12,Debit Card,Completed
f05decff-45e7-4a4a-9019-0b81ba74d299,2026_W22,O51809,U20518,P2,2026-05-29 08:32:33,4,1543.5,140.63,103.83,1086.01,6174.0,6033.37,Debit Card,Completed
f05decff-45e7-4a4a-9019-0b81ba74d299,2026_W22,O51810,U15173,P7,2026-05-27 14:22:53,1,8530.81,1232.69,126.67,1313.66,8530.81,7298.119999999999,Debit Card,Completed
f05decff-45e7-4a4a-9019-0b81ba74d299,2026_W22,O51811,U17238,P43,2026-05-26 20:53:40,4,9948.84,1430.85,108.07,6905.61,39795.36,38364.51,UPI,Completed
f05decff-45e7-4a4a-9019-0b81ba74d299,2026_W22,O51812,U33833,P34,2026-05-30 05:12:16,1,8777.08,266.15,167.22,1531.97,8777.08,8510.93,UPI,Completed
f05decff-45e7-4a4a-9019-0b81ba74d299,2026_W22,O51813,U10298,P57,2026-05-27 12:27:06,4,3408.89,1465.23,54.79,2190.66,13635.56,12170.33,Debit Card,Completed
f05decff-45e7-4a4a-9019-0b81ba74d299,2026_W22,O51814,U6927,P18,2026-05-27 19:19:59,2,2101.11,280.99,134.04,705.82,4202.22,3921.2300000000005,Debit Card,Completed
f05decff-45e7-4a4a-9019-0b81ba74d299,2026_W22,O51815,U13032,P85,2026-05-30 18:02:35,1,7274.5,679.76,165.23,1187.05,7274.5,6594.74,Credit Card,Completed
f05decff-45e7-4a4a-9019-0b81ba74d299,2026_W22,O51816,U31972,P151,2026-05-31 17:38:27,2,7426.21,673.0,155.32,2552.3,14852.42,14179.42,UPI,Completed
f05decff-45e7-4a4a-9019-0b81ba74d299,2026_W22,O51817,U1881,P15,2026-05-27 15:49:31,4,2472.77,561.87,88.31,1679.26,9891.08,9329.21,Wallet,Completed
f05decff-45e7-4a4a-9019-0b81ba74d299,2026_W22,O51818,U2184,P182,2026-05-26 13:19:24,3,6023.28,1368.62,117.28,3006.22,18069.84,16701.22,Debit Card,Completed
f05decff-45e7-4a4a-9019-0b81ba74d299,2026_W22,O51819,U16575,P157,2026-05-26 18:13:26,3,5290.96,384.18,92.59,2787.97,15872.880000000001,15488.7,Credit Card,Completed
f05decff-45e7-4a4a-9019-0b81ba74d299,2026_W22,O51820,U14653,P163,2026-05-28 07:29:13,3,2156.08,861.92,74.23,1009.14,6468.24,5606.32,Debit Card,Completed
f05decff-45e7-4a4a-9019-0b81ba74d299,2026_W22,O51821,U32983,P20,2026-05-27 18:01:36,3,6465.0,1164.34,158.98,3281.52,19395.0,18230.66,Credit Card,Completed
f05decff-45e7-4a4a-9019-0b81ba74d299,2026_W22,O51822,U18743,P22,2026-05-29 00:37:52,4,6284.85,1248.03,77.7,4300.45,25139.4,23891.370000000003,UPI,Completed
f05decff-45e7-4a4a-9019-0b81ba74d299,2026_W22,O51823,U12591,P92,2026-05-31 15:20:36,2,7099.99,2078.49,95.56,2181.87,14199.98,12121.49,Debit Card,Completed
f05decff-45e7-4a4a-9019-0b81ba74d299,2026_W22,O51824,U12714,P86,2026-05-30 05:01:52,3,7794.14,3151.37,131.32,3641.59,23382.420000000002,20231.050000000003,UPI,Completed
f05decff-45e7-4a4a-9019-0b81ba74d299,2026_W22,O51825,U30178,P43,2026-05-26 06:30:58,2,9948.84,940.62,157.27,3412.27,19897.68,18957.06,Credit Card,Completed
f05decff-45e7-4a4a-9019-0b81ba74d299,2026_W22,O51826,U9289,P16,2026-05-31 09:24:40,2,4498.86,1153.34,56.74,1411.99,8997.72,7844.379999999999,UPI,Completed
f05decff-45e7-4a4a-9019-0b81ba74d299,2026_W22,O51827,U5487,P165,2026-05-26 18:41:51,4,4063.67,1500.81,59.95,2655.7,16254.68,14753.87,UPI,Completed
f05decff-45e7-4a4a-9019-0b81ba74d299,2026_W22,O51828,U19301,P7,2026-05-27 05:17:46,2,8530.81,1855.89,90.13,2737.03,17061.62,15205.73,Credit Card,Completed
f05decff-45e7-4a4a-9019-0b81ba74d299,2026_W22,O51829,U21076,P118,2026-05-27 13:50:57,3,5463.26,853.24,78.04,2796.58,16389.78,15536.539999999999,Credit Card,Completed
f05decff-45e7-4a4a-9019-0b81ba74d299,2026_W22,O51830,U21811,P158,2026-05-28 20:45:07,2,6839.61,939.76,128.13,2293.1,13679.22,12739.46,UPI,Completed
f05decff-45e7-4a4a-9019-0b81ba74d299,2026_W22,O51831,U32430,P12,2026-05-27 09:29:43,4,7089.88,327.39,194.66,5045.78,28359.52,28032.13,Wallet,Completed
f05decff-45e7-4a4a-9019-0b81ba74d299,2026_W22,O51832,U26745,P178,2026-05-31 21:22:51,1,2500.92,6.33,131.25,449.03,2500.92,2494.59,UPI,Completed
f05decff-45e7-4a4a-9019-0b81ba74d299,2026_W22,O51833,U27912,P62,2026-05-30 08:17:14,4,2150.19,26.57,176.16,1543.35,8600.76,8574.19,Debit Card,Completed
f05decff-45e7-4a4a-9019-0b81ba74d299,2026_W22,O51834,U34579,P107,2026-05-28 04:17:08,1,3660.65,43.59,70.71,651.07,3660.65,3617.06,Credit Card,Completed
f05decff-45e7-4a4a-9019-0b81ba74d299,2026_W22,O51835,U4570,P162,2026-05-30 12:02:29,2,5576.16,1511.59,60.19,1735.33,11152.32,9640.73,Debit Card,Completed
f05decff-45e7-4a4a-9019-0b81ba74d299,2026_W22,O51836,U34229,P166,2026-05-30 03:26:00,2,8475.87,1723.88,94.53,2741.01,16951.74,15227.86,Wallet,Completed
f05decff-45e7-4a4a-9019-0b81ba74d299,2026_W22,O51837,U31451,P149,2026-05-28 18:28:05,4,7089.62,1684.51,198.11,4801.31,28358.48,26673.97,UPI,Completed
f05decff-45e7-4a4a-9019-0b81ba74d299,2026_W22,O51838,U24664,P20,2026-05-28 06:52:44,1,6465.0,212.76,148.92,1125.4,6465.0,6252.24,Wallet,Completed
f05decff-45e7-4a4a-9019-0b81ba74d299,2026_W22,O51839,U25300,P61,2026-05-28 04:44:31,3,7261.62,2630.59,112.44,3447.77,21784.86,19154.27,Wallet,Completed
f05decff-45e7-4a4a-9019-0b81ba74d299,2026_W22,O51840,U24330,P168,2026-05-26 19:56:35,4,4263.52,2149.96,165.3,2682.74,17054.08,14904.120000000003,Debit Card,Completed
f05decff-45e7-4a4a-9019-0b81ba74d299,2026_W22,O51841,U19311,P134,2026-05-27 20:25:54,4,3654.35,1516.11,159.18,2358.23,14617.4,13101.289999999999,Wallet,Completed
f05decff-45e7-4a4a-9019-0b81ba74d299,2026_W22,O51842,U17593,P119,2026-05-26 05:35:42,3,10133.79,2708.68,167.94,4984.68,30401.370000000003,27692.690000000002,UPI,Completed
f05decff-45e7-4a4a-9019-0b81ba74d299,2026_W22,O51843,U9258,P61,2026-05-26 22:19:20,3,7261.62,862.83,54.18,3765.97,21784.86,20922.03,UPI,Completed
f05decff-45e7-4a4a-9019-0b81ba74d299,2026_W22,O51844,U3659,P124,2026-05-26 17:43:51,4,7063.56,2100.03,181.77,4707.76,28254.24,26154.210000000003,Debit Card,Completed
f05decff-45e7-4a4a-9019-0b81ba74d299,2026_W22,O51845,U29866,P99,2026-05-27 22:54:52,1,4457.11,388.3,138.77,732.39,4457.11,4068.8099999999995,Wallet,Completed
f05decff-45e7-4a4a-9019-0b81ba74d299,2026_W22,O51846,U12460,P63,2026-05-31 00:17:31,1,5767.08,364.31,149.04,972.5,5767.08,5402.7699999999995,UPI,Completed
f05decff-45e7-4a4a-9019-0b81ba74d299,2026_W22,O51847,U14665,P89,2026-05-31 21:18:09,4,7149.14,4057.04,182.91,4417.11,28596.56,24539.52,Wallet,Completed
f05decff-45e7-4a4a-9019-0b81ba74d299,2026_W22,O51848,U4903,P32,2026-05-26 19:12:06,1,3711.51,139.95,66.23,642.88,3711.51,3571.5600000000004,Debit Card,Completed
f05decff-45e7-4a4a-9019-0b81ba74d299,2026_W22,O51849,U805,P134,2026-05-30 11:47:59,2,3654.35,730.01,177.47,1184.16,7308.7,6578.69,UPI,Completed
f05decff-45e7-4a4a-9019-0b81ba74d299,2026_W22,O51850,U24391,P45,2026-05-30 01:46:50,4,7618.9,3268.33,88.73,4897.31,30475.6,27207.269999999997,UPI,Completed
f05decff-45e7-4a4a-9019-0b81ba74d299,2026_W22,O51851,U9990,P40,2026-05-29 08:25:57,1,4177.53,483.77,113.59,664.88,4177.53,3693.7599999999998,UPI,Completed
f05decff-45e7-4a4a-9019-0b81ba74d299,2026_W22,O51852,U4864,P178,2026-05-28 22:25:50,4,2500.92,696.88,172.21,1675.22,10003.68,9306.800000000001,UPI,Completed
f05decff-45e7-4a4a-9019-0b81ba74d299,2026_W22,O51853,U3637,P33,2026-05-26 14:20:13,3,7861.44,2441.09,99.37,3805.78,23584.32,21143.23,UPI,Completed
f05decff-45e7-4a4a-9019-0b81ba74d299,2026_W22,O51854,U10992,P124,2026-05-28 17:44:16,1,7063.56,282.73,105.48,1220.55,7063.56,6780.83,Debit Card,Completed
f05decff-45e7-4a4a-9019-0b81ba74d299,2026_W22,O51855,U11303,P130,2026-05-26 15:04:23,3,11039.76,3900.61,195.6,5259.36,33119.28,29218.67,Credit Card,Completed
f05decff-45e7-4a4a-9019-0b81ba74d299,2026_W22,O51856,U27530,P82,2026-05-26 11:52:19,3,1796.79,499.57,89.22,880.34,5390.37,4890.8,UPI,Completed
f05decff-45e7-4a4a-9019-0b81ba74d299,2026_W22,O51857,U24636,P174,2026-05-28 02:15:13,4,3233.65,1491.63,149.98,2059.73,12934.6,11442.970000000001,Credit Card,Completed
f05decff-45e7-4a4a-9019-0b81ba74d299,2026_W22,O51858,U25603,P82,2026-05-26 05:42:57,3,1796.79,615.43,168.56,859.49,5390.37,4774.94,Wallet,Completed
f05decff-45e7-4a4a-9019-0b81ba74d299,2026_W22,O51859,U26147,P2,2026-05-28 11:41:22,3,1543.5,159.56,166.08,804.77,4630.5,4470.94,Wallet,Completed
f05decff-45e7-4a4a-9019-0b81ba74d299,2026_W22,O51860,U22318,P29,2026-05-27 08:33:24,2,7432.15,1575.06,79.79,2392.06,14864.3,13289.24,Wallet,Completed
f05decff-45e7-4a4a-9019-0b81ba74d299,2026_W22,O51861,U25069,P53,2026-05-30 19:07:27,3,8018.26,167.71,136.02,4299.67,24054.78,23887.07,Debit Card,Completed
f05decff-45e7-4a4a-9019-0b81ba74d299,2026_W22,O51862,U8742,P110,2026-05-30 04:54:48,2,1984.17,137.76,186.85,689.5,3968.34,3830.58,Credit Card,Completed
f05decff-45e7-4a4a-9019-0b81ba74d299,2026_W22,O51863,U14150,P37,2026-05-28 17:48:55,4,9886.76,2111.53,103.07,6738.39,39547.04,37435.51,Wallet,Completed
f05decff-45e7-4a4a-9019-0b81ba74d299,2026_W22,O51864,U10735,P65,2026-05-26 22:15:04,4,1802.09,510.1,73.91,1205.69,7208.36,6698.259999999999,Wallet,Completed
f05decff-45e7-4a4a-9019-0b81ba74d299,2026_W22,O51865,U6016,P115,2026-05-27 15:54:41,2,8486.85,1638.96,140.28,2760.25,16973.7,15334.740000000002,Credit Card,Completed
f05decff-45e7-4a4a-9019-0b81ba74d299,2026_W22,O51866,U5780,P162,2026-05-31 05:01:38,3,5576.16,984.37,62.7,2833.94,16728.48,15744.109999999999,UPI,Completed
f05decff-45e7-4a4a-9019-0b81ba74d299,2026_W22,O51867,U26789,P137,2026-05-30 16:27:43,3,4729.65,1192.25,164.63,2339.41,14188.949999999999,12996.699999999999,Debit Card,Completed
f05decff-45e7-4a4a-9019-0b81ba74d299,2026_W22,O51868,U13470,P65,2026-05-29 07:13:59,3,1802.09,413.5,182.51,898.7,5406.2699999999995,4992.7699999999995,Credit Card,Completed
f05decff-45e7-4a4a-9019-0b81ba74d299,2026_W22,O51869,U32886,P62,2026-05-31 15:52:59,4,2150.19,867.95,118.64,1391.91,8600.76,7732.81,Debit Card,Completed
f05decff-45e7-4a4a-9019-0b81ba74d299,2026_W22,O51870,U14436,P172,2026-05-26 13:03:06,2,9925.52,2753.74,152.77,3077.51,19851.04,17097.300000000003,Wallet,Completed
f05decff-45e7-4a4a-9019-0b81ba74d299,2026_W22,O51871,U29465,P132,2026-05-30 13:52:22,1,5087.03,517.2,177.11,822.57,5087.03,4569.83,Credit Card,Completed
f05decff-45e7-4a4a-9019-0b81ba74d299,2026_W22,O51872,U26325,P168,2026-05-31 10:34:12,2,4263.52,1176.13,75.26,1323.16,8527.04,7350.910000000001,Credit Card,Completed
f05decff-45e7-4a4a-9019-0b81ba74d299,2026_W22,O51873,U11459,P133,2026-05-30 13:57:13,2,7230.51,362.04,161.74,2537.82,14461.02,14098.98,Credit Card,Completed
f05decff-45e7-4a4a-9019-0b81ba74d299,2026_W22,O51874,U322,P119,2026-05-30 03:38:59,3,10133.79,124.44,148.99,5449.85,30401.370000000003,30276.930000000004,Credit Card,Completed
f05decff-45e7-4a4a-9019-0b81ba74d299,2026_W22,O51875,U7979,P135,2026-05-27 08:04:03,3,7738.35,1416.46,82.65,3923.75,23215.050000000003,21798.590000000004,UPI,Completed
f05decff-45e7-4a4a-9019-0b81ba74d299,2026_W22,O51876,U32733,P110,2026-05-28 07:34:11,3,1984.17,395.5,128.4,1000.26,5952.51,5557.01,Debit Card,Completed
f05decff-45e7-4a4a-9019-0b81ba74d299,2026_W22,O51877,U31866,P53,2026-05-29 22:16:49,4,8018.26,1320.94,78.21,5535.38,32073.04,30752.100000000002,Credit Card,Completed
f05decff-45e7-4a4a-9019-0b81ba74d299,2026_W22,O51878,U2184,P99,2026-05-31 12:03:41,3,4457.11,913.85,119.3,2242.35,13371.329999999998,12457.479999999998,Debit Card,Completed
f05decff-45e7-4a4a-9019-0b81ba74d299,2026_W22,O51879,U22004,P136,2026-05-28 07:46:26,3,2314.22,185.7,89.43,1216.25,6942.66,6756.96,Wallet,Completed
f05decff-45e7-4a4a-9019-0b81ba74d299,2026_W22,O51880,U29026,P142,2026-05-26 06:42:46,2,4531.33,506.27,187.15,1540.15,9062.66,8556.39,Credit Card,Completed
f05decff-45e7-4a4a-9019-0b81ba74d299,2026_W22,O51881,U884,P164,2026-05-26 05:01:55,1,7269.88,838.14,75.76,1157.71,7269.88,6431.74,UPI,Completed
f05decff-45e7-4a4a-9019-0b81ba74d299,2026_W22,O51882,U6428,P81,2026-05-27 17:07:28,2,1659.37,311.35,54.39,541.33,3318.74,3007.39,Debit Card,Completed
f05decff-45e7-4a4a-9019-0b81ba74d299,2026_W22,O51883,U11106,P74,2026-05-26 21:49:33,1,8026.5,445.22,129.42,1364.63,8026.5,7581.28,Credit Card,Completed
f05decff-45e7-4a4a-9019-0b81ba74d299,2026_W22,O51884,U30290,P194,2026-05-29 00:42:38,4,3163.97,468.45,92.34,2193.74,12655.88,12187.429999999998,Credit Card,Completed
f05decff-45e7-4a4a-9019-0b81ba74d299,2026_W22,O51885,U2398,P32,2026-05-27 13:34:49,4,3711.51,1452.05,160.0,2410.92,14846.04,13393.990000000002,Credit Card,Completed
f05decff-45e7-4a4a-9019-0b81ba74d299,2026_W22,O51886,U3129,P141,2026-05-31 01:07:56,4,6658.31,850.14,80.29,4640.96,26633.24,25783.100000000002,Debit Card,Completed
f05decff-45e7-4a4a-9019-0b81ba74d299,2026_W22,O51887,U21171,P158,2026-05-29 02:38:31,1,6839.61,327.2,91.72,1172.23,6839.61,6512.41,Wallet,Completed
f05decff-45e7-4a4a-9019-0b81ba74d299,2026_W22,O51888,U5403,P125,2026-05-29 01:23:50,1,5593.86,170.22,82.56,976.26,5593.86,5423.639999999999,Wallet,Completed
f05decff-45e7-4a4a-9019-0b81ba74d299,2026_W22,O51889,U15865,P58,2026-05-27 11:16:24,3,2716.51,1025.5,95.2,1282.33,8149.530000000001,7124.030000000001,UPI,Completed
f05decff-45e7-4a4a-9019-0b81ba74d299,2026_W22,O51890,U17252,P27,2026-05-30 10:50:57,4,6106.97,3301.5,50.2,3802.75,24427.88,21126.38,UPI,Completed
f05decff-45e7-4a4a-9019-0b81ba74d299,2026_W22,O51891,U29426,P50,2026-05-29 14:14:44,4,2033.45,6.17,52.43,1462.97,8133.8,8127.63,Debit Card,Completed
f05decff-45e7-4a4a-9019-0b81ba74d299,2026_W22,O51892,U723,P104,2026-05-30 12:16:12,1,5183.53,399.2,105.58,861.18,5183.53,4784.33,Wallet,Completed
f05decff-45e7-4a4a-9019-0b81ba74d299,2026_W22,O51893,U5637,P191,2026-05-28 01:00:22,1,4973.99,496.07,93.44,806.03,4973.99,4477.92,Credit Card,Completed
f05decff-45e7-4a4a-9019-0b81ba74d299,2026_W22,O51894,U26920,P184,2026-05-29 05:21:20,1,3886.18,483.55,124.86,612.47,3886.18,3402.6299999999997,UPI,Completed
f05decff-45e7-4a4a-9019-0b81ba74d299,2026_W22,O51895,U8524,P115,2026-05-28 17:59:25,3,8486.85,205.5,91.07,4545.91,25460.550000000003,25255.050000000003,Credit Card,Completed
f05decff-45e7-4a4a-9019-0b81ba74d299,2026_W22,O51896,U5802,P145,2026-05-28 21:50:52,4,4583.49,396.48,194.49,3228.75,18333.96,17937.48,Credit Card,Completed
f05decff-45e7-4a4a-9019-0b81ba74d299,2026_W22,O51897,U1299,P130,2026-05-28 01:27:34,4,11039.76,5457.01,54.87,6966.37,44159.04,38702.03,Wallet,Completed
f05decff-45e7-4a4a-9019-0b81ba74d299,2026_W22,O51898,U34108,P15,2026-05-30 01:11:27,4,2472.77,1371.76,131.78,1533.48,9891.08,8519.32,UPI,Completed
f05decff-45e7-4a4a-9019-0b81ba74d299,2026_W22,O51899,U25753,P88,2026-05-28 02:24:50,2,2502.34,464.63,90.04,817.21,5004.68,4540.05,UPI,Completed
f05decff-45e7-4a4a-9019-0b81ba74d299,2026_W22,O51900,U34964,P34,2026-05-28 01:54:06,4,8777.08,2488.01,197.58,5871.66,35108.32,32620.309999999998,UPI,Completed
f05decff-45e7-4a4a-9019-0b81ba74d299,2026_W22,O51901,U33722,P61,2026-05-26 09:40:46,1,7261.62,314.81,163.01,1250.43,7261.62,6946.8099999999995,UPI,Completed
f05decff-45e7-4a4a-9019-0b81ba74d299,2026_W22,O51902,U6810,P175,2026-05-29 20:17:50,1,10082.38,248.86,76.1,1770.03,10082.38,9833.519999999999,Wallet,Completed
f05decff-45e7-4a4a-9019-0b81ba74d299,2026_W22,O51903,U10801,P127,2026-05-26 16:04:01,3,9140.26,1712.88,158.11,4627.42,27420.78,25707.899999999998,UPI,Completed
f05decff-45e7-4a4a-9019-0b81ba74d299,2026_W22,O51904,U11906,P34,2026-05-29 13:25:43,2,8777.08,641.91,195.58,3044.2,17554.16,16912.25,UPI,Completed
f05decff-45e7-4a4a-9019-0b81ba74d299,2026_W22,O51905,U6695,P172,2026-05-28 07:03:24,3,9925.52,2043.56,60.14,4991.94,29776.56,27733.0,Wallet,Completed
f05decff-45e7-4a4a-9019-0b81ba74d299,2026_W22,O51906,U24353,P184,2026-05-27 08:59:24,3,3886.18,352.09,78.83,2035.16,11658.539999999999,11306.449999999999,Debit Card,Completed
f05decff-45e7-4a4a-9019-0b81ba74d299,2026_W22,O51907,U16972,P110,2026-05-28 09:02:34,4,1984.17,67.69,126.52,1416.42,7936.68,7868.990000000001,Debit Card,Completed
f05decff-45e7-4a4a-9019-0b81ba74d299,2026_W22,O51908,U2281,P33,2026-05-31 07:51:16,2,7861.44,2004.38,100.55,2469.33,15722.88,13718.5,Debit Card,Completed
f05decff-45e7-4a4a-9019-0b81ba74d299,2026_W22,O51909,U18117,P121,2026-05-26 12:56:08,2,9562.01,299.82,55.12,3388.36,19124.02,18824.2,UPI,Completed
f05decff-45e7-4a4a-9019-0b81ba74d299,2026_W22,O51910,U25683,P29,2026-05-28 21:54:00,2,7432.15,445.65,106.37,2595.36,14864.3,14418.65,Credit Card,Completed
f05decff-45e7-4a4a-9019-0b81ba74d299,2026_W22,O51911,U22211,P152,2026-05-28 21:36:49,3,1970.06,812.51,64.86,917.58,5910.18,5097.67,Debit Card,Completed
f05decff-45e7-4a4a-9019-0b81ba74d299,2026_W22,O51912,U30323,P172,2026-05-28 08:10:46,4,9925.52,4072.85,135.29,6413.26,39702.08,35629.23,Credit Card,Completed
f05decff-45e7-4a4a-9019-0b81ba74d299,2026_W22,O51913,U18534,P105,2026-05-26 05:25:00,3,7337.42,159.82,193.25,3933.44,22012.260000000002,21852.440000000002,UPI,Completed
f05decff-45e7-4a4a-9019-0b81ba74d299,2026_W22,O51914,U22380,P34,2026-05-26 16:35:01,4,8777.08,5229.31,187.37,5378.22,35108.32,29879.01,Credit Card,Completed
f05decff-45e7-4a4a-9019-0b81ba74d299,2026_W22,O51915,U25304,P88,2026-05-28 18:26:19,3,2502.34,929.74,101.03,1183.91,7507.02,6577.280000000001,Credit Card,Completed
f05decff-45e7-4a4a-9019-0b81ba74d299,2026_W22,O51916,U7632,P145,2026-05-27 03:13:03,2,4583.49,1321.85,175.48,1412.12,9166.98,7845.129999999999,Wallet,Completed
f05decff-45e7-4a4a-9019-0b81ba74d299,2026_W22,O51917,U34756,P51,2026-05-30 01:43:56,3,6572.59,2010.04,176.23,3187.39,19717.77,17707.73,Credit Card,Completed
f05decff-45e7-4a4a-9019-0b81ba74d299,2026_W22,O51918,U27824,P59,2026-05-29 22:34:45,2,4892.96,352.53,175.91,1698.01,9785.92,9433.39,Debit Card,Completed
f05decff-45e7-4a4a-9019-0b81ba74d299,2026_W22,O51919,U4725,P90,2026-05-27 19:12:11,1,6467.75,943.81,61.3,994.31,6467.75,5523.9400000000005,Credit Card,Completed
f05decff-45e7-4a4a-9019-0b81ba74d299,2026_W22,O51920,U15163,P49,2026-05-29 12:16:23,3,4925.87,939.84,189.0,2490.8,14777.61,13837.77,UPI,Completed
f05decff-45e7-4a4a-9019-0b81ba74d299,2026_W22,O51921,U10201,P87,2026-05-28 19:21:06,3,7395.64,1925.57,123.7,3647.04,22186.920000000002,20261.350000000002,Debit Card,Completed
f05decff-45e7-4a4a-9019-0b81ba74d299,2026_W22,O51922,U512,P93,2026-05-28 11:18:49,1,5224.43,247.62,101.54,895.83,5224.43,4976.81,Wallet,Completed
f05decff-45e7-4a4a-9019-0b81ba74d299,2026_W22,O51923,U29783,P18,2026-05-27 23:27:51,2,2101.11,262.49,160.41,709.15,4202.22,3939.7300000000005,Debit Card,Completed
f05decff-45e7-4a4a-9019-0b81ba74d299,2026_W22,O51924,U14690,P53,2026-05-25 23:35:44,2,8018.26,519.66,75.16,2793.03,16036.52,15516.86,Credit Card,Completed
f05decff-45e7-4a4a-9019-0b81ba74d299,2026_W22,O51925,U34000,P29,2026-05-29 04:54:13,3,7432.15,2646.0,147.07,3537.08,22296.449999999997,19650.449999999997,Credit Card,Completed
f05decff-45e7-4a4a-9019-0b81ba74d299,2026_W22,O51926,U1088,P152,2026-05-31 21:01:14,4,1970.06,460.91,88.46,1335.48,7880.24,7419.33,Wallet,Completed
f05decff-45e7-4a4a-9019-0b81ba74d299,2026_W22,O51927,U15799,P90,2026-05-31 04:34:56,4,6467.75,3374.51,63.22,4049.37,25871.0,22496.489999999998,Wallet,Completed
f05decff-45e7-4a4a-9019-0b81ba74d299,2026_W22,O51928,U29302,P49,2026-05-29 02:07:02,1,4925.87,59.99,181.02,875.86,4925.87,4865.88,UPI,Completed
f05decff-45e7-4a4a-9019-0b81ba74d299,2026_W22,O51929,U10402,P79,2026-05-27 15:29:36,3,2810.31,607.77,88.45,1408.17,8430.93,7823.16,UPI,Completed
f05decff-45e7-4a4a-9019-0b81ba74d299,2026_W22,O51930,U17774,P194,2026-05-30 03:37:24,1,3163.97,173.4,169.89,538.3,3163.97,2990.5699999999997,Wallet,Completed
f05decff-45e7-4a4a-9019-0b81ba74d299,2026_W22,O51931,U12183,P185,2026-05-31 04:30:30,3,8108.47,2986.88,70.32,3840.94,24325.41,21338.53,Wallet,Completed
f05decff-45e7-4a4a-9019-0b81ba74d299,2026_W22,O51932,U20523,P125,2026-05-28 20:28:44,4,5593.86,3162.28,106.73,3458.37,22375.44,19213.16,UPI,Completed
f05decff-45e7-4a4a-9019-0b81ba74d299,2026_W22,O51933,U21721,P23,2026-05-28 03:39:56,4,2281.71,185.74,112.75,1609.4,9126.84,8941.1,Debit Card,Completed
f05decff-45e7-4a4a-9019-0b81ba74d299,2026_W22,O51934,U17288,P110,2026-05-26 08:43:02,2,1984.17,171.37,131.94,683.45,3968.34,3796.9700000000003,Wallet,Completed
f05decff-45e7-4a4a-9019-0b81ba74d299,2026_W22,O51935,U3685,P70,2026-05-29 16:56:00,4,2246.89,349.18,86.73,1554.91,8987.56,8638.38,Wallet,Completed
f05decff-45e7-4a4a-9019-0b81ba74d299,2026_W22,O51936,U10432,P192,2026-05-28 03:14:58,4,8471.85,2309.36,158.23,5684.05,33887.4,31578.04,Credit Card,Completed
f05decff-45e7-4a4a-9019-0b81ba74d299,2026_W22,O51937,U34964,P19,2026-05-30 09:09:33,3,10873.73,3670.29,149.91,5211.16,32621.19,28950.899999999998,Credit Card,Completed
f05decff-45e7-4a4a-9019-0b81ba74d299,2026_W22,O51938,U1688,P159,2026-05-29 18:20:05,2,8714.84,1951.56,168.72,2786.06,17429.68,15478.12,Wallet,Completed
f05decff-45e7-4a4a-9019-0b81ba74d299,2026_W22,O51939,U6422,P189,2026-05-28 23:58:46,1,7353.02,224.51,158.9,1283.13,7353.02,7128.51,UPI,Completed
f05decff-45e7-4a4a-9019-0b81ba74d299,2026_W22,O51940,U20411,P183,2026-05-25 23:51:42,4,9215.45,145.61,190.89,6608.91,36861.8,36716.19,Wallet,Completed
f05decff-45e7-4a4a-9019-0b81ba74d299,2026_W22,O51941,U26321,P178,2026-05-27 05:24:07,2,2500.92,514.78,179.04,807.67,5001.84,4487.06,Credit Card,Completed
f05decff-45e7-4a4a-9019-0b81ba74d299,2026_W22,O51942,U11642,P167,2026-05-31 01:12:27,2,6729.0,1478.08,194.32,2156.39,13458.0,11979.92,Wallet,Completed
f05decff-45e7-4a4a-9019-0b81ba74d299,2026_W22,O51943,U6999,P126,2026-05-31 09:07:40,3,7171.16,1480.72,154.15,3605.9,21513.48,20032.76,Debit Card,Completed
f05decff-45e7-4a4a-9019-0b81ba74d299,2026_W22,O51944,U504,P43,2026-05-31 04:13:53,3,9948.84,1607.29,151.11,5083.06,29846.52,28239.23,Wallet,Completed
f05decff-45e7-4a4a-9019-0b81ba74d299,2026_W22,O51945,U15010,P180,2026-05-31 20:29:41,4,6781.04,1708.23,88.5,4574.87,27124.16,25415.93,Debit Card,Completed
f05decff-45e7-4a4a-9019-0b81ba74d299,2026_W22,O51946,U33167,P60,2026-05-28 01:54:53,3,3458.47,1201.9,150.3,1651.23,10375.41,9173.51,UPI,Completed
f05decff-45e7-4a4a-9019-0b81ba74d299,2026_W22,O51947,U1559,P41,2026-05-27 13:11:10,2,7272.45,1072.79,196.81,2424.98,14544.9,13472.11,Wallet,Completed
f05decff-45e7-4a4a-9019-0b81ba74d299,2026_W22,O51948,U14659,P70,2026-05-28 17:11:10,3,2246.89,779.27,146.76,1073.05,6740.67,5961.4,Wallet,Completed
f05decff-45e7-4a4a-9019-0b81ba74d299,2026_W22,O51949,U33866,P165,2026-05-29 23:43:16,3,4063.67,1220.43,74.83,1974.7,12191.01,10970.58,Wallet,Completed
f05decff-45e7-4a4a-9019-0b81ba74d299,2026_W22,O51950,U27928,P158,2026-05-30 01:18:46,1,6839.61,353.11,184.07,1167.57,6839.61,6486.5,UPI,Completed
f05decff-45e7-4a4a-9019-0b81ba74d299,2026_W22,O51951,U17804,P47,2026-05-29 11:31:37,1,4728.62,47.09,94.58,842.68,4728.62,4681.53,Debit Card,Completed
f05decff-45e7-4a4a-9019-0b81ba74d299,2026_W22,O51952,U24536,P55,2026-05-27 08:49:22,3,10434.9,4240.1,178.94,4871.63,31304.699999999997,27064.6,Debit Card,Completed
f05decff-45e7-4a4a-9019-0b81ba74d299,2026_W22,O51953,U23752,P113,2026-05-28 19:24:31,4,2934.32,1523.04,64.41,1838.56,11737.28,10214.240000000002,Debit Card,Completed
f05decff-45e7-4a4a-9019-0b81ba74d299,2026_W22,O51954,U33535,P141,2026-05-29 10:03:25,3,6658.31,2917.1,146.08,3070.41,19974.93,17057.83,UPI,Completed
f05decff-45e7-4a4a-9019-0b81ba74d299,2026_W22,O51955,U1810,P5,2026-05-28 21:25:32,3,5785.73,2.1,160.76,3123.92,17357.19,17355.09,Credit Card,Completed
f05decff-45e7-4a4a-9019-0b81ba74d299,2026_W22,O51956,U29956,P101,2026-05-29 15:30:56,4,2760.68,352.16,151.59,1924.3,11042.72,10690.56,Credit Card,Completed
f05decff-45e7-4a4a-9019-0b81ba74d299,2026_W22,O51957,U31891,P178,2026-05-26 19:18:15,1,2500.92,300.27,96.75,396.12,2500.92,2200.65,Credit Card,Completed
f05decff-45e7-4a4a-9019-0b81ba74d299,2026_W22,O51958,U22305,P108,2026-05-30 17:05:26,1,4001.51,485.06,147.41,632.96,4001.51,3516.4500000000003,UPI,Completed
f05decff-45e7-4a4a-9019-0b81ba74d299,2026_W22,O51959,U18158,P15,2026-05-29 14:57:07,4,2472.77,400.63,180.27,1708.28,9891.08,9490.45,Wallet,Completed
f05decff-45e7-4a4a-9019-0b81ba74d299,2026_W22,O51960,U29515,P129,2026-05-28 13:48:07,3,5625.8,2044.52,180.54,2669.92,16877.4,14832.880000000001,Wallet,Completed
f05decff-45e7-4a4a-9019-0b81ba74d299,2026_W22,O51961,U20275,P197,2026-05-30 08:02:35,2,3825.75,621.68,128.84,1265.37,7651.5,7029.82,Credit Card,Completed
f05decff-45e7-4a4a-9019-0b81ba74d299,2026_W22,O51962,U34554,P174,2026-05-27 03:59:52,3,3233.65,1448.43,72.23,1485.45,9700.95,8252.52,UPI,Completed
f05decff-45e7-4a4a-9019-0b81ba74d299,2026_W22,O51963,U24939,P8,2026-05-26 05:54:17,3,7997.84,2249.39,172.11,3913.94,23993.52,21744.13,Credit Card,Completed
f05decff-45e7-4a4a-9019-0b81ba74d299,2026_W22,O51964,U24939,P74,2026-05-26 06:18:02,2,8026.5,1374.67,144.1,2642.1,16053.0,14678.33,Debit Card,Completed
f05decff-45e7-4a4a-9019-0b81ba74d299,2026_W22,O51965,U9899,P11,2026-05-31 08:02:29,2,4897.66,199.47,95.76,1727.25,9795.32,9595.85,Credit Card,Completed
f05decff-45e7-4a4a-9019-0b81ba74d299,2026_W22,O51966,U33953,P34,2026-05-27 10:11:38,1,8777.08,586.47,124.9,1474.31,8777.08,8190.61,UPI,Completed
f05decff-45e7-4a4a-9019-0b81ba74d299,2026_W22,O51967,U18429,P106,2026-05-26 21:32:09,1,5172.75,137.49,71.09,906.35,5172.75,5035.26,Credit Card,Completed
f05decff-45e7-4a4a-9019-0b81ba74d299,2026_W22,O51968,U25324,P79,2026-05-29 09:17:53,4,2810.31,901.02,199.94,1861.24,11241.24,10340.22,Wallet,Completed
f05decff-45e7-4a4a-9019-0b81ba74d299,2026_W22,O51969,U29315,P187,2026-05-27 04:29:50,4,4000.12,1901.68,71.29,2537.78,16000.48,14098.8,Credit Card,Completed
f05decff-45e7-4a4a-9019-0b81ba74d299,2026_W22,O51970,U1108,P162,2026-05-30 19:56:39,2,5576.16,683.07,199.28,1884.46,11152.32,10469.25,Credit Card,Completed
f05decff-45e7-4a4a-9019-0b81ba74d299,2026_W22,O51971,U30688,P104,2026-05-30 07:36:05,4,5183.53,1413.45,121.3,3477.72,20734.12,19320.67,Credit Card,Completed
f05decff-45e7-4a4a-9019-0b81ba74d299,2026_W22,O51972,U11090,P104,2026-05-30 07:53:37,4,5183.53,905.68,136.34,3569.12,20734.12,19828.44,UPI,Completed
f05decff-45e7-4a4a-9019-0b81ba74d299,2026_W22,O51973,U28303,P43,2026-05-27 08:02:19,1,9948.84,1129.22,173.48,1587.53,9948.84,8819.62,UPI,Completed
f05decff-45e7-4a4a-9019-0b81ba74d299,2026_W22,O51974,U17431,P73,2026-05-26 23:26:48,1,10930.99,886.61,97.22,1807.99,10930.99,10044.38,UPI,Completed
f05decff-45e7-4a4a-9019-0b81ba74d299,2026_W22,O51975,U3124,P164,2026-05-29 22:48:22,1,7269.88,958.8,191.25,1135.99,7269.88,6311.08,Credit Card,Completed
f05decff-45e7-4a4a-9019-0b81ba74d299,2026_W22,O51976,U23986,P72,2026-05-29 12:20:45,4,8163.39,1768.01,157.1,5559.4,32653.56,30885.550000000003,UPI,Completed
f05decff-45e7-4a4a-9019-0b81ba74d299,2026_W22,O51977,U5792,P50,2026-05-28 20:22:04,3,2033.45,510.77,138.09,1006.12,6100.35,5589.58,UPI,Completed
f05decff-45e7-4a4a-9019-0b81ba74d299,2026_W22,O51978,U6526,P198,2026-05-31 11:10:45,2,8888.97,1484.2,158.14,2932.87,17777.94,16293.739999999998,Wallet,Completed
f05decff-45e7-4a4a-9019-0b81ba74d299,2026_W22,O51979,U22083,P51,2026-05-30 15:54:57,2,6572.59,1652.33,74.13,2068.71,13145.18,11492.85,UPI,Completed
f05decff-45e7-4a4a-9019-0b81ba74d299,2026_W22,O51980,U3323,P109,2026-05-26 02:10:47,3,5251.93,1690.07,85.12,2531.83,15755.79,14065.720000000001,Wallet,Completed
f05decff-45e7-4a4a-9019-0b81ba74d299,2026_W22,O51981,U10662,P39,2026-05-26 07:45:51,1,5048.64,665.71,177.76,788.93,5048.64,4382.93,Debit Card,Completed
f05decff-45e7-4a4a-9019-0b81ba74d299,2026_W22,O51982,U20574,P79,2026-05-31 06:02:42,2,2810.31,431.94,114.78,933.96,5620.62,5188.68,Debit Card,Completed
f05decff-45e7-4a4a-9019-0b81ba74d299,2026_W22,O51983,U14955,P95,2026-05-25 23:46:56,3,1959.5,485.9,129.23,970.67,5878.5,5392.6,Credit Card,Completed
f05decff-45e7-4a4a-9019-0b81ba74d299,2026_W22,O51984,U4507,P10,2026-05-30 05:08:38,4,6983.65,2167.48,174.75,4638.08,27934.6,25767.12,UPI,Completed
f05decff-45e7-4a4a-9019-0b81ba74d299,2026_W22,O51985,U6526,P164,2026-05-28 01:05:12,4,7269.88,1658.2,124.99,4935.84,29079.52,27421.32,Wallet,Completed
f05decff-45e7-4a4a-9019-0b81ba74d299,2026_W22,O51986,U22855,P140,2026-05-27 01:52:54,3,3133.21,740.68,106.89,1558.61,9399.630000000001,8658.95,Debit Card,Completed
f05decff-45e7-4a4a-9019-0b81ba74d299,2026_W22,O51987,U10163,P149,2026-05-30 11:26:16,2,7089.62,1191.21,104.29,2337.85,14179.24,12988.029999999999,Wallet,Completed
f05decff-45e7-4a4a-9019-0b81ba74d299,2026_W22,O51988,U8543,P135,2026-05-29 14:21:31,4,7738.35,877.56,109.12,5413.65,30953.4,30075.84,Debit Card,Completed
f05decff-45e7-4a4a-9019-0b81ba74d299,2026_W22,O51989,U7877,P70,2026-05-30 02:42:24,2,2246.89,571.69,114.93,705.98,4493.78,3922.0899999999997,Debit Card,Completed
f05decff-45e7-4a4a-9019-0b81ba74d299,2026_W22,O51990,U8159,P50,2026-05-28 05:36:27,4,2033.45,340.16,118.94,1402.86,8133.8,7793.64,UPI,Completed
f05decff-45e7-4a4a-9019-0b81ba74d299,2026_W22,O51991,U4691,P52,2026-05-30 01:56:56,3,4538.36,516.52,56.68,2357.74,13615.079999999998,13098.559999999998,Debit Card,Completed
f05decff-45e7-4a4a-9019-0b81ba74d299,2026_W22,O51992,U25236,P83,2026-05-31 06:27:35,4,5070.2,2880.82,140.31,3132.0,20280.8,17399.98,UPI,Completed
f05decff-45e7-4a4a-9019-0b81ba74d299,2026_W22,O51993,U33115,P55,2026-05-31 20:09:30,1,10434.9,106.43,121.47,1859.12,10434.9,10328.47,Wallet,Completed
f05decff-45e7-4a4a-9019-0b81ba74d299,2026_W22,O51994,U4537,P190,2026-05-31 03:29:48,4,10065.15,5028.94,180.43,6341.7,40260.6,35231.659999999996,Credit Card,Completed
f05decff-45e7-4a4a-9019-0b81ba74d299,2026_W22,O51995,U17500,P167,2026-05-31 14:04:44,1,6729.0,380.41,75.98,1142.75,6729.0,6348.59,Debit Card,Completed
f05decff-45e7-4a4a-9019-0b81ba74d299,2026_W22,O51996,U24689,P171,2026-05-29 12:19:03,4,7036.96,2485.92,117.91,4619.15,28147.84,25661.92,UPI,Completed
f05decff-45e7-4a4a-9019-0b81ba74d299,2026_W22,O51997,U32537,P108,2026-05-30 22:19:45,2,4001.51,410.7,56.63,1366.62,8003.02,7592.320000000001,Wallet,Completed
f05decff-45e7-4a4a-9019-0b81ba74d299,2026_W22,O51998,U6631,P96,2026-05-31 16:34:56,1,6676.27,219.12,88.71,1162.29,6676.27,6457.150000000001,Debit Card,Completed
f05decff-45e7-4a4a-9019-0b81ba74d299,2026_W22,O51999,U7816,P98,2026-05-26 08:27:52,4,3365.14,1480.22,138.78,2156.46,13460.56,11980.34,Credit Card,Completed
f05decff-45e7-4a4a-9019-0b81ba74d299,2026_W22,O52000,U13101,P24,2026-05-29 10:33:24,2,4886.78,101.56,97.75,1740.96,9773.56,9672.0,Credit Card,Completed
f05decff-45e7-4a4a-9019-0b81ba74d299,2026_W22,O52001,U12488,P4,2026-05-26 02:55:24,1,11646.79,630.2,121.92,1982.99,11646.79,11016.59,UPI,Completed
f05decff-45e7-4a4a-9019-0b81ba74d299,2026_W22,O52002,U30742,P153,2026-05-27 02:39:22,1,11343.81,751.67,60.88,1906.59,11343.81,10592.14,Debit Card,Completed
f05decff-45e7-4a4a-9019-0b81ba74d299,2026_W22,O52003,U10218,P149,2026-05-26 09:19:05,1,7089.62,115.18,106.71,1255.4,7089.62,6974.44,Credit Card,Completed
f05decff-45e7-4a4a-9019-0b81ba74d299,2026_W22,O52004,U18301,P105,2026-05-30 05:58:05,4,7337.42,3279.7,83.47,4692.6,29349.68,26069.98,UPI,Completed
f05decff-45e7-4a4a-9019-0b81ba74d299,2026_W22,O52005,U24135,P164,2026-05-30 20:52:15,3,7269.88,1499.3,179.98,3655.86,21809.64,20310.34,Credit Card,Completed
f05decff-45e7-4a4a-9019-0b81ba74d299,2026_W22,O52006,U9039,P2,2026-05-29 07:36:04,3,1543.5,221.07,127.74,793.7,4630.5,4409.43,Wallet,Completed
f05decff-45e7-4a4a-9019-0b81ba74d299,2026_W22,O52007,U10727,P103,2026-05-26 18:43:08,2,5314.76,614.64,116.05,1802.68,10629.52,10014.880000000001,Debit Card,Completed
f05decff-45e7-4a4a-9019-0b81ba74d299,2026_W22,O52008,U8977,P26,2026-05-25 22:09:52,3,8687.74,1416.21,175.77,4436.46,26063.22,24647.010000000002,Wallet,Completed
f05decff-45e7-4a4a-9019-0b81ba74d299,2026_W22,O52009,U17969,P26,2026-05-31 16:26:18,3,8687.74,1664.62,188.11,4391.75,26063.22,24398.600000000002,Wallet,Completed
f05decff-45e7-4a4a-9019-0b81ba74d299,2026_W22,O52010,U9465,P199,2026-05-31 10:49:30,1,10122.76,434.67,173.39,1743.86,10122.76,9688.09,Wallet,Completed
f05decff-45e7-4a4a-9019-0b81ba74d299,2026_W22,O52011,U15465,P4,2026-05-28 11:39:33,1,11646.79,32.14,182.68,2090.64,11646.79,11614.650000000001,Debit Card,Completed
f05decff-45e7-4a4a-9019-0b81ba74d299,2026_W22,O52012,U12518,P172,2026-05-26 22:42:51,4,9925.52,688.55,174.01,7022.44,39702.08,39013.53,Debit Card,Completed
f05decff-45e7-4a4a-9019-0b81ba74d299,2026_W22,O52013,U13046,P48,2026-05-28 14:48:08,4,10990.29,2350.85,136.98,7489.86,43961.16,41610.310000000005,UPI,Completed
f05decff-45e7-4a4a-9019-0b81ba74d299,2026_W22,O52014,U27854,P192,2026-05-26 15:24:31,2,8471.85,1277.65,73.24,2819.89,16943.7,15666.050000000001,Wallet,Completed
f05decff-45e7-4a4a-9019-0b81ba74d299,2026_W22,O52015,U2132,P186,2026-05-31 16:08:55,4,7849.55,4072.87,92.71,4918.56,31398.2,27325.33,Wallet,Completed
f05decff-45e7-4a4a-9019-0b81ba74d299,2026_W22,O52016,U29965,P51,2026-05-31 10:01:25,1,6572.59,448.34,165.13,1102.36,6572.59,6124.25,Debit Card,Completed
f05decff-45e7-4a4a-9019-0b81ba74d299,2026_W22,O52017,U20305,P28,2026-05-29 21:11:01,2,3349.46,869.87,125.82,1049.23,6698.92,5829.05,Credit Card,Completed
f05decff-45e7-4a4a-9019-0b81ba74d299,2026_W22,O52018,U30654,P46,2026-05-26 02:12:33,3,7595.79,2124.47,62.46,3719.32,22787.37,20662.899999999998,UPI,Completed
f05decff-45e7-4a4a-9019-0b81ba74d299,2026_W22,O52019,U6274,P190,2026-05-30 05:57:52,1,10065.15,1299.96,165.08,1577.73,10065.15,8765.189999999999,Credit Card,Completed
f05decff-45e7-4a4a-9019-0b81ba74d299,2026_W22,O52020,U24246,P195,2026-05-28 13:24:10,1,3603.97,524.57,117.96,554.29,3603.97,3079.3999999999996,Debit Card,Completed
f05decff-45e7-4a4a-9019-0b81ba74d299,2026_W22,O52021,U32682,P164,2026-05-28 19:32:27,1,7269.88,975.8,180.04,1132.93,7269.88,6294.08,Wallet,Completed
f05decff-45e7-4a4a-9019-0b81ba74d299,2026_W22,O52022,U6029,P193,2026-05-28 03:54:56,2,5013.68,1363.14,55.53,1559.56,10027.36,8664.220000000001,UPI,Completed
f05decff-45e7-4a4a-9019-0b81ba74d299,2026_W22,O52023,U22318,P120,2026-05-26 23:10:31,4,8125.66,3612.41,85.49,5200.24,32502.64,28890.23,UPI,Completed
f05decff-45e7-4a4a-9019-0b81ba74d299,2026_W22,O52024,U32421,P176,2026-05-29 23:12:39,1,3628.75,423.41,152.05,576.96,3628.75,3205.34,Debit Card,Completed
f05decff-45e7-4a4a-9019-0b81ba74d299,2026_W22,O52025,U3133,P118,2026-05-26 23:56:21,1,5463.26,141.34,163.57,957.95,5463.26,5321.92,UPI,Completed
f05decff-45e7-4a4a-9019-0b81ba74d299,2026_W22,O52026,U2407,P106,2026-05-27 23:33:04,1,5172.75,703.02,141.55,804.55,5172.75,4469.73,UPI,Completed
f05decff-45e7-4a4a-9019-0b81ba74d299,2026_W22,O52027,U25807,P126,2026-05-30 05:55:49,2,7171.16,1636.63,90.01,2287.02,14342.32,12705.689999999999,UPI,Completed
f05decff-45e7-4a4a-9019-0b81ba74d299,2026_W22,O52028,U29782,P110,2026-05-27 22:14:51,2,1984.17,309.0,89.86,658.68,3968.34,3659.34,Credit Card,Completed
f05decff-45e7-4a4a-9019-0b81ba74d299,2026_W22,O52029,U27704,P98,2026-05-29 09:39:06,1,3365.14,325.73,193.05,547.09,3365.14,3039.41,Wallet,Completed
f05decff-45e7-4a4a-9019-0b81ba74d299,2026_W22,O52030,U12678,P21,2026-05-28 04:15:46,4,7585.24,546.95,98.04,5362.92,30340.96,29794.01,Credit Card,Completed
f05decff-45e7-4a4a-9019-0b81ba74d299,2026_W22,O52031,U14469,P137,2026-05-26 23:41:38,1,4729.65,32.25,164.17,845.53,4729.65,4697.4,Wallet,Completed
f05decff-45e7-4a4a-9019-0b81ba74d299,2026_W22,O52032,U10313,P82,2026-05-27 16:12:06,3,1796.79,642.04,153.41,854.7,5390.37,4748.33,Credit Card,Completed
f05decff-45e7-4a4a-9019-0b81ba74d299,2026_W22,O52033,U14531,P118,2026-05-26 06:34:41,2,5463.26,594.02,51.51,1859.85,10926.52,10332.5,Wallet,Completed
f05decff-45e7-4a4a-9019-0b81ba74d299,2026_W22,O52034,U14046,P31,2026-05-27 12:44:05,3,4234.09,188.19,166.29,2252.53,12702.27,12514.08,Credit Card,Completed
f05decff-45e7-4a4a-9019-0b81ba74d299,2026_W22,O52035,U27245,P100,2026-05-27 09:33:39,2,7089.35,1067.32,60.28,2360.05,14178.7,13111.380000000001,Credit Card,Completed
f05decff-45e7-4a4a-9019-0b81ba74d299,2026_W22,O52036,U33086,P186,2026-05-30 02:04:26,1,7849.55,438.93,102.86,1333.91,7849.55,7410.62,Debit Card,Completed
f05decff-45e7-4a4a-9019-0b81ba74d299,2026_W22,O52037,U12251,P60,2026-05-26 17:27:58,4,3458.47,327.22,132.22,2431.2,13833.88,13506.66,Debit Card,Completed
f05decff-45e7-4a4a-9019-0b81ba74d299,2026_W22,O52038,U12965,P31,2026-05-31 14:55:42,3,4234.09,17.62,150.36,2283.24,12702.27,12684.65,UPI,Completed
f05decff-45e7-4a4a-9019-0b81ba74d299,2026_W22,O52039,U7919,P187,2026-05-27 01:44:48,4,4000.12,2127.29,88.98,2497.17,16000.48,13873.189999999999,Wallet,Completed
f05decff-45e7-4a4a-9019-0b81ba74d299,2026_W22,O52040,U18746,P176,2026-05-29 14:35:13,2,3628.75,267.74,50.9,1258.16,7257.5,6989.76,Credit Card,Completed
f05decff-45e7-4a4a-9019-0b81ba74d299,2026_W22,O52041,U3744,P4,2026-05-31 20:14:35,1,11646.79,766.74,104.38,1958.41,11646.79,10880.050000000001,UPI,Completed
f05decff-45e7-4a4a-9019-0b81ba74d299,2026_W22,O52042,U3676,P151,2026-05-26 05:30:19,1,7426.21,499.92,71.03,1246.73,7426.21,6926.29,Credit Card,Completed
f05decff-45e7-4a4a-9019-0b81ba74d299,2026_W22,O52043,U14922,P136,2026-05-29 11:14:48,2,2314.22,305.87,141.94,778.06,4628.44,4322.57,Debit Card,Completed
f05decff-45e7-4a4a-9019-0b81ba74d299,2026_W22,O52044,U33059,P88,2026-05-29 04:34:57,3,2502.34,330.14,95.06,1291.84,7507.02,7176.88,UPI,Completed
f05decff-45e7-4a4a-9019-0b81ba74d299,2026_W22,O52045,U8864,P1,2026-05-30 15:05:26,1,6823.54,469.51,128.31,1143.73,6823.54,6354.03,Credit Card,Completed
f05decff-45e7-4a4a-9019-0b81ba74d299,2026_W22,O52046,U24729,P173,2026-05-30 09:24:18,2,4326.87,176.32,130.37,1525.94,8653.74,8477.42,Credit Card,Completed
f05decff-45e7-4a4a-9019-0b81ba74d299,2026_W22,O52047,U2501,P41,2026-05-28 02:40:09,4,7272.45,3226.23,105.96,4655.44,29089.8,25863.57,Debit Card,Completed
f05decff-45e7-4a4a-9019-0b81ba74d299,2026_W22,O52048,U10763,P84,2026-05-28 13:23:30,2,8271.97,2480.4,196.39,2531.44,16543.94,14063.539999999999,Wallet,Completed
f05decff-45e7-4a4a-9019-0b81ba74d299,2026_W22,O52049,U360,P89,2026-05-25 21:54:34,4,7149.14,473.61,188.1,5062.13,28596.56,28122.95,Wallet,Completed
f05decff-45e7-4a4a-9019-0b81ba74d299,2026_W22,O52050,U23872,P108,2026-05-30 18:56:30,4,4001.51,411.9,91.31,2806.95,16006.04,15594.140000000001,UPI,Completed
f05decff-45e7-4a4a-9019-0b81ba74d299,2026_W22,O52051,U13436,P4,2026-05-27 18:19:09,4,11646.79,3818.06,140.95,7698.44,46587.16,42769.100000000006,Debit Card,Completed
f05decff-45e7-4a4a-9019-0b81ba74d299,2026_W22,O52052,U12539,P97,2026-05-31 08:06:28,4,5383.07,1165.53,114.53,3666.02,21532.28,20366.75,UPI,Completed
f05decff-45e7-4a4a-9019-0b81ba74d299,2026_W22,O52053,U12598,P137,2026-05-31 00:51:20,3,4729.65,598.57,115.31,2446.27,14188.949999999999,13590.38,Debit Card,Completed
f05decff-45e7-4a4a-9019-0b81ba74d299,2026_W22,O52054,U4731,P173,2026-05-29 15:22:51,3,4326.87,371.33,121.76,2269.67,12980.61,12609.28,Debit Card,Completed
f05decff-45e7-4a4a-9019-0b81ba74d299,2026_W22,O52055,U4374,P151,2026-05-27 23:52:33,1,7426.21,1070.32,102.65,1144.06,7426.21,6355.89,Credit Card,Completed
f05decff-45e7-4a4a-9019-0b81ba74d299,2026_W22,O52056,U7474,P99,2026-05-30 14:56:35,4,4457.11,2420.55,148.57,2773.42,17828.44,15407.89,UPI,Completed
f05decff-45e7-4a4a-9019-0b81ba74d299,2026_W22,O52057,U21773,P42,2026-05-31 13:01:38,4,5949.92,586.39,91.05,4178.39,23799.68,23213.29,Wallet,Completed
f05decff-45e7-4a4a-9019-0b81ba74d299,2026_W22,O52058,U22114,P93,2026-05-31 00:25:17,1,5224.43,323.77,171.38,882.12,5224.43,4900.66,Debit Card,Completed
f05decff-45e7-4a4a-9019-0b81ba74d299,2026_W22,O52059,U13549,P80,2026-05-26 16:27:45,3,7227.02,130.07,194.05,3879.18,21681.06,21550.99,Credit Card,Completed
f05decff-45e7-4a4a-9019-0b81ba74d299,2026_W22,O52060,U16359,P2,2026-05-28 00:32:02,1,1543.5,23.96,91.53,273.52,1543.5,1519.54,Debit Card,Completed
f05decff-45e7-4a4a-9019-0b81ba74d299,2026_W22,O52061,U21589,P53,2026-05-27 06:02:59,2,8018.26,1278.65,78.32,2656.42,16036.52,14757.87,Debit Card,Completed
f05decff-45e7-4a4a-9019-0b81ba74d299,2026_W22,O52062,U539,P169,2026-05-30 22:34:32,1,3759.37,56.44,79.28,666.53,3759.37,3702.93,Debit Card,Completed
f05decff-45e7-4a4a-9019-0b81ba74d299,2026_W22,O52063,U9989,P53,2026-05-29 17:08:16,3,8018.26,3401.09,97.36,3717.66,24054.78,20653.69,Credit Card,Completed
f05decff-45e7-4a4a-9019-0b81ba74d299,2026_W22,O52064,U30189,P53,2026-05-28 18:05:28,1,8018.26,279.27,68.2,1393.02,8018.26,7738.99,Credit Card,Completed
f05decff-45e7-4a4a-9019-0b81ba74d299,2026_W22,O52065,U33272,P55,2026-05-28 12:29:57,1,10434.9,1355.98,186.5,1634.21,10434.9,9078.92,Credit Card,Completed
f05decff-45e7-4a4a-9019-0b81ba74d299,2026_W22,O52066,U13810,P16,2026-05-28 19:40:13,1,4498.86,229.75,109.59,768.44,4498.86,4269.11,Wallet,Completed
f05decff-45e7-4a4a-9019-0b81ba74d299,2026_W22,O52067,U1410,P149,2026-05-31 19:02:02,1,7089.62,22.87,137.27,1272.01,7089.62,7066.75,UPI,Completed
f05decff-45e7-4a4a-9019-0b81ba74d299,2026_W22,O52068,U32257,P77,2026-05-28 19:28:32,2,6432.15,175.88,84.09,2283.92,12864.3,12688.42,Wallet,Completed
f05decff-45e7-4a4a-9019-0b81ba74d299,2026_W22,O52069,U21094,P183,2026-05-26 20:43:02,4,9215.45,2931.09,102.18,6107.53,36861.8,33930.71000000001,Wallet,Completed
f05decff-45e7-4a4a-9019-0b81ba74d299,2026_W22,O52070,U19285,P62,2026-05-30 23:11:45,1,2150.19,300.58,51.77,332.93,2150.19,1849.6100000000001,UPI,Completed
f05decff-45e7-4a4a-9019-0b81ba74d299,2026_W22,O52071,U10493,P109,2026-05-29 11:17:25,3,5251.93,1887.6,136.96,2496.27,15755.79,13868.19,Debit Card,Completed
f05decff-45e7-4a4a-9019-0b81ba74d299,2026_W22,O52072,U2531,P174,2026-05-26 11:37:11,2,3233.65,246.2,176.86,1119.8,6467.3,6221.1,Credit Card,Completed
f05decff-45e7-4a4a-9019-0b81ba74d299,2026_W22,O52073,U4678,P156,2026-05-30 04:35:44,4,2183.92,889.97,146.45,1412.23,8735.68,7845.71,Wallet,Completed
f05decff-45e7-4a4a-9019-0b81ba74d299,2026_W22,O52074,U20392,P108,2026-05-29 02:59:35,2,4001.51,659.62,103.43,1321.81,8003.02,7343.400000000001,UPI,Completed
f05decff-45e7-4a4a-9019-0b81ba74d299,2026_W22,O52075,U10021,P14,2026-05-31 14:00:31,1,4944.6,4.76,65.5,889.17,4944.6,4939.84,Wallet,Completed
f05decff-45e7-4a4a-9019-0b81ba74d299,2026_W22,O52076,U12525,P182,2026-05-31 01:45:47,2,6023.28,395.9,68.42,2097.12,12046.56,11650.66,Credit Card,Completed
f05decff-45e7-4a4a-9019-0b81ba74d299,2026_W22,O52077,U13407,P52,2026-05-28 08:12:51,3,4538.36,622.61,186.23,2338.64,13615.079999999998,12992.469999999998,Credit Card,Completed
f05decff-45e7-4a4a-9019-0b81ba74d299,2026_W22,O52078,U508,P121,2026-05-31 08:51:11,4,9562.01,3688.8,112.97,6220.66,38248.04,34559.24,UPI,Completed
f05decff-45e7-4a4a-9019-0b81ba74d299,2026_W22,O52079,U3731,P106,2026-05-26 21:35:23,1,5172.75,237.09,63.39,888.42,5172.75,4935.66,UPI,Completed
f05decff-45e7-4a4a-9019-0b81ba74d299,2026_W22,O52080,U29154,P133,2026-05-30 02:50:38,4,7230.51,1253.78,172.45,4980.29,28922.04,27668.260000000002,Debit Card,Completed
f05decff-45e7-4a4a-9019-0b81ba74d299,2026_W22,O52081,U6641,P69,2026-05-30 06:48:52,2,5881.18,1448.49,141.0,1856.5,11762.36,10313.87,Credit Card,Completed
f05decff-45e7-4a4a-9019-0b81ba74d299,2026_W22,O52082,U30869,P15,2026-05-30 06:11:12,2,2472.77,373.99,104.26,822.88,4945.54,4571.55,UPI,Completed
f05decff-45e7-4a4a-9019-0b81ba74d299,2026_W22,O52083,U16972,P8,2026-05-29 10:04:30,1,7997.84,1077.75,54.51,1245.62,7997.84,6920.09,Debit Card,Completed
f05decff-45e7-4a4a-9019-0b81ba74d299,2026_W22,O52084,U14552,P9,2026-05-27 19:42:32,4,5369.05,1976.52,162.64,3509.94,21476.2,19499.68,Credit Card,Completed
f05decff-45e7-4a4a-9019-0b81ba74d299,2026_W22,O52085,U22742,P194,2026-05-30 09:04:56,4,3163.97,1738.94,95.32,1965.05,12655.88,10916.939999999999,Credit Card,Completed
f05decff-45e7-4a4a-9019-0b81ba74d299,2026_W22,O52086,U29091,P123,2026-05-30 00:40:17,1,2425.48,346.91,109.89,374.14,2425.48,2078.57,Debit Card,Completed
f05decff-45e7-4a4a-9019-0b81ba74d299,2026_W22,O52087,U22347,P179,2026-05-30 19:42:34,3,6580.06,2383.6,148.41,3124.18,19740.18,17356.58,Credit Card,Completed
f05decff-45e7-4a4a-9019-0b81ba74d299,2026_W22,O52088,U1798,P91,2026-05-29 04:36:15,4,4627.39,1437.8,152.54,3072.92,18509.56,17071.760000000002,Credit Card,Completed
f05decff-45e7-4a4a-9019-0b81ba74d299,2026_W22,O52089,U4731,P96,2026-05-29 00:33:17,3,6676.27,500.93,167.51,3515.02,20028.81,19527.88,Wallet,Completed
f05decff-45e7-4a4a-9019-0b81ba74d299,2026_W22,O52090,U19109,P176,2026-05-28 17:25:18,2,3628.75,1047.35,86.78,1117.83,7257.5,6210.15,Credit Card,Completed
f05decff-45e7-4a4a-9019-0b81ba74d299,2026_W22,O52091,U15950,P116,2026-05-28 16:57:06,1,4661.13,262.07,87.16,791.83,4661.13,4399.06,Credit Card,Completed
f05decff-45e7-4a4a-9019-0b81ba74d299,2026_W22,O52092,U18778,P100,2026-05-26 08:36:31,1,7089.35,15.76,147.55,1273.25,7089.35,7073.59,Credit Card,Completed
f05decff-45e7-4a4a-9019-0b81ba74d299,2026_W22,O52093,U15970,P157,2026-05-26 11:29:15,3,5290.96,1736.4,195.14,2544.57,15872.880000000001,14136.480000000001,UPI,Completed
f05decff-45e7-4a4a-9019-0b81ba74d299,2026_W22,O52094,U17107,P29,2026-05-30 15:44:54,3,7432.15,1193.87,193.69,3798.46,22296.449999999997,21102.579999999998,UPI,Completed
f05decff-45e7-4a4a-9019-0b81ba74d299,2026_W22,O52095,U6127,P86,2026-05-28 20:34:44,1,7794.14,625.79,81.37,1290.3,7794.14,7168.35,Credit Card,Completed
f05decff-45e7-4a4a-9019-0b81ba74d299,2026_W22,O52096,U16076,P12,2026-05-27 19:14:20,3,7089.88,191.62,140.94,3794.04,21269.64,21078.02,UPI,Completed
f05decff-45e7-4a4a-9019-0b81ba74d299,2026_W22,O52097,U27325,P192,2026-05-31 06:29:53,2,8471.85,315.89,127.59,2993.01,16943.7,16627.81,Credit Card,Completed
f05decff-45e7-4a4a-9019-0b81ba74d299,2026_W22,O52098,U20076,P52,2026-05-31 07:48:10,4,4538.36,507.25,113.73,3176.31,18153.44,17646.19,UPI,Completed
f05decff-45e7-4a4a-9019-0b81ba74d299,2026_W22,O52099,U5097,P7,2026-05-31 00:40:33,4,8530.81,5069.35,84.0,5229.7,34123.24,29053.89,Credit Card,Completed
f05decff-45e7-4a4a-9019-0b81ba74d299,2026_W22,O52100,U13445,P24,2026-05-27 07:25:34,2,4886.78,907.96,62.07,1595.81,9773.56,8865.599999999999,Credit Card,Completed
f05decff-45e7-4a4a-9019-0b81ba74d299,2026_W22,O52101,U30719,P151,2026-05-26 13:57:38,2,7426.21,358.29,144.95,2608.94,14852.42,14494.13,UPI,Completed
f05decff-45e7-4a4a-9019-0b81ba74d299,2026_W22,O52102,U5094,P169,2026-05-26 13:30:54,1,3759.37,382.85,137.58,607.77,3759.37,3376.52,UPI,Completed
f05decff-45e7-4a4a-9019-0b81ba74d299,2026_W22,O52103,U27704,P153,2026-05-30 16:15:39,3,11343.81,2879.36,111.83,5607.37,34031.43,31152.07,Debit Card,Completed
f05decff-45e7-4a4a-9019-0b81ba74d299,2026_W22,O52104,U30231,P19,2026-05-26 21:50:07,3,10873.73,2910.19,163.22,5347.98,32621.19,29711.0,Debit Card,Completed
f05decff-45e7-4a4a-9019-0b81ba74d299,2026_W22,O52105,U23379,P4,2026-05-30 04:03:11,3,11646.79,2235.35,143.55,5886.9,34940.37,32705.020000000004,Wallet,Completed
f05decff-45e7-4a4a-9019-0b81ba74d299,2026_W22,O52106,U16296,P19,2026-05-27 14:37:46,1,10873.73,642.82,51.78,1841.56,10873.73,10230.91,Credit Card,Completed
f05decff-45e7-4a4a-9019-0b81ba74d299,2026_W22,O52107,U22211,P134,2026-05-26 19:09:25,3,3654.35,245.99,189.72,1929.07,10963.05,10717.06,Wallet,Completed
f05decff-45e7-4a4a-9019-0b81ba74d299,2026_W22,O52108,U33299,P132,2026-05-29 22:09:07,4,5087.03,152.46,126.59,3635.22,20348.12,20195.66,Credit Card,Completed
f05decff-45e7-4a4a-9019-0b81ba74d299,2026_W22,O52109,U3785,P158,2026-05-27 10:01:50,4,6839.61,3563.76,162.97,4283.04,27358.44,23794.68,Wallet,Completed
f05decff-45e7-4a4a-9019-0b81ba74d299,2026_W22,O52110,U33256,P192,2026-05-27 22:28:27,2,8471.85,1067.95,90.9,2857.64,16943.7,15875.75,Debit Card,Completed
f05decff-45e7-4a4a-9019-0b81ba74d299,2026_W22,O52111,U7307,P155,2026-05-31 16:22:36,1,8707.69,1019.68,108.3,1383.84,8707.69,7688.01,Wallet,Completed
f05decff-45e7-4a4a-9019-0b81ba74d299,2026_W22,O52112,U14930,P102,2026-05-28 03:02:17,2,3001.78,185.53,177.0,1047.25,6003.56,5818.030000000001,Credit Card,Completed
f05decff-45e7-4a4a-9019-0b81ba74d299,2026_W22,O52113,U33722,P101,2026-05-27 23:36:49,3,2760.68,1040.4,170.38,1303.5,8282.039999999999,7241.639999999999,Credit Card,Completed
f05decff-45e7-4a4a-9019-0b81ba74d299,2026_W22,O52114,U16524,P132,2026-05-31 10:13:56,3,5087.03,2035.51,76.85,2380.6,15261.09,13225.58,Credit Card,Completed
f05decff-45e7-4a4a-9019-0b81ba74d299,2026_W22,O52115,U961,P82,2026-05-31 00:38:31,4,1796.79,53.73,95.39,1284.02,7187.16,7133.43,UPI,Completed
f05decff-45e7-4a4a-9019-0b81ba74d299,2026_W22,O52116,U8405,P69,2026-05-29 22:17:09,3,5881.18,1577.67,120.39,2891.86,17643.54,16065.87,Wallet,Completed
f05decff-45e7-4a4a-9019-0b81ba74d299,2026_W22,O52117,U22596,P148,2026-05-31 19:59:47,2,2017.95,416.29,112.45,651.53,4035.9,3619.61,Credit Card,Completed
f05decff-45e7-4a4a-9019-0b81ba74d299,2026_W22,O52118,U4340,P199,2026-05-30 05:12:59,1,10122.76,820.97,188.51,1674.32,10122.76,9301.79,Credit Card,Completed
f05decff-45e7-4a4a-9019-0b81ba74d299,2026_W22,O52119,U4332,P126,2026-05-29 05:20:36,1,7171.16,934.03,96.93,1122.68,7171.16,6237.13,UPI,Completed
f05decff-45e7-4a4a-9019-0b81ba74d299,2026_W22,O52120,U22288,P92,2026-05-29 04:20:22,2,7099.99,1768.21,152.6,2237.72,14199.98,12431.77,UPI,Completed
f05decff-45e7-4a4a-9019-0b81ba74d299,2026_W22,O52121,U31383,P119,2026-05-30 18:30:50,2,10133.79,717.55,154.7,3519.01,20267.58,19550.030000000002,Credit Card,Completed
f05decff-45e7-4a4a-9019-0b81ba74d299,2026_W22,O52122,U13734,P90,2026-05-31 04:38:10,1,6467.75,452.98,54.04,1082.66,6467.75,6014.77,Wallet,Completed
f05decff-45e7-4a4a-9019-0b81ba74d299,2026_W22,O52123,U23766,P117,2026-05-25 22:50:47,2,3717.32,1087.58,156.21,1142.47,7434.64,6347.06,Debit Card,Completed
f05decff-45e7-4a4a-9019-0b81ba74d299,2026_W22,O52124,U13831,P189,2026-05-31 20:09:45,2,7353.02,1276.39,114.31,2417.34,14706.04,13429.650000000001,Debit Card,Completed
f05decff-45e7-4a4a-9019-0b81ba74d299,2026_W22,O52125,U3657,P13,2026-05-31 20:34:21,3,6805.73,1729.97,181.29,3363.7,20417.19,18687.219999999998,Debit Card,Completed
f05decff-45e7-4a4a-9019-0b81ba74d299,2026_W22,O52126,U13618,P136,2026-05-28 04:54:38,4,2314.22,946.88,151.24,1495.8,9256.88,8310.0,Wallet,Completed
f05decff-45e7-4a4a-9019-0b81ba74d299,2026_W22,O52127,U25263,P161,2026-05-31 19:39:21,3,5474.81,1256.02,183.77,2730.31,16424.43,15168.41,Credit Card,Completed
f05decff-45e7-4a4a-9019-0b81ba74d299,2026_W22,O52128,U18147,P47,2026-05-26 18:11:41,4,4728.62,2067.31,178.39,3032.49,18914.48,16847.17,Credit Card,Completed
f05decff-45e7-4a4a-9019-0b81ba74d299,2026_W22,O52129,U30336,P66,2026-05-31 07:40:26,1,5399.1,331.84,66.56,912.11,5399.1,5067.26,UPI,Completed
f05decff-45e7-4a4a-9019-0b81ba74d299,2026_W22,O52130,U34153,P130,2026-05-30 17:53:02,3,11039.76,1263.95,62.05,5733.96,33119.28,31855.329999999998,UPI,Completed
f05decff-45e7-4a4a-9019-0b81ba74d299,2026_W22,O52131,U21688,P149,2026-05-27 20:25:04,4,7089.62,559.04,84.9,5003.9,28358.48,27799.44,Credit Card,Completed
f05decff-45e7-4a4a-9019-0b81ba74d299,2026_W22,O52132,U2372,P54,2026-05-27 01:50:54,2,5968.84,1289.18,172.52,1916.73,11937.68,10648.5,UPI,Completed
f05decff-45e7-4a4a-9019-0b81ba74d299,2026_W22,O52133,U5444,P47,2026-05-29 03:35:57,4,4728.62,2517.0,60.37,2951.55,18914.48,16397.48,UPI,Completed
f05decff-45e7-4a4a-9019-0b81ba74d299,2026_W22,O52134,U13217,P3,2026-05-26 19:52:35,3,6299.72,2812.5,94.84,2895.6,18899.16,16086.66,Debit Card,Completed
f05decff-45e7-4a4a-9019-0b81ba74d299,2026_W22,O52135,U12539,P199,2026-05-27 23:49:07,4,10122.76,3178.29,125.94,6716.3,40491.04,37312.75,Credit Card,Completed
f05decff-45e7-4a4a-9019-0b81ba74d299,2026_W22,O52136,U31931,P31,2026-05-26 07:45:14,3,4234.09,789.86,60.58,2144.23,12702.27,11912.41,Credit Card,Completed
f05decff-45e7-4a4a-9019-0b81ba74d299,2026_W22,O52137,U24536,P138,2026-05-29 05:35:53,3,5599.95,882.47,99.14,2865.13,16799.85,15917.38,UPI,Completed
f05decff-45e7-4a4a-9019-0b81ba74d299,2026_W22,O52138,U3880,P63,2026-05-31 08:20:21,1,5767.08,410.52,154.39,964.18,5767.08,5356.5599999999995,Debit Card,Completed
f05decff-45e7-4a4a-9019-0b81ba74d299,2026_W22,O52139,U8179,P62,2026-05-26 03:41:18,3,2150.19,698.28,171.19,1035.41,6450.57,5752.29,UPI,Completed
f05decff-45e7-4a4a-9019-0b81ba74d299,2026_W22,O52140,U1918,P183,2026-05-26 11:49:01,2,9215.45,1281.33,199.51,3086.92,18430.9,17149.57,Credit Card,Completed
f05decff-45e7-4a4a-9019-0b81ba74d299,2026_W22,O52141,U20872,P106,2026-05-30 05:40:40,4,5172.75,2574.69,90.23,3260.94,20691.0,18116.31,Debit Card,Completed
f05decff-45e7-4a4a-9019-0b81ba74d299,2026_W22,O52142,U15114,P16,2026-05-30 07:34:33,1,4498.86,444.91,132.56,729.71,4498.86,4053.95,UPI,Completed
f05decff-45e7-4a4a-9019-0b81ba74d299,2026_W22,O52143,U26976,P141,2026-05-27 02:22:38,4,6658.31,2262.56,173.81,4386.72,26633.24,24370.68,Wallet,Completed
f05decff-45e7-4a4a-9019-0b81ba74d299,2026_W22,O52144,U11387,P181,2026-05-28 19:06:04,4,8581.69,5035.19,95.38,5272.48,34326.76,29291.570000000003,Wallet,Completed
f05decff-45e7-4a4a-9019-0b81ba74d299,2026_W22,O52145,U28404,P69,2026-05-31 03:49:20,4,5881.18,421.24,102.74,4158.63,23524.72,23103.48,Credit Card,Completed
f05decff-45e7-4a4a-9019-0b81ba74d299,2026_W22,O52146,U16632,P89,2026-05-27 09:40:46,2,7149.14,1042.51,79.98,2386.04,14298.28,13255.77,Wallet,Completed
f05decff-45e7-4a4a-9019-0b81ba74d299,2026_W22,O52147,U22211,P168,2026-05-26 22:08:35,3,4263.52,1006.32,192.86,2121.16,12790.560000000001,11784.240000000002,Debit Card,Completed
f05decff-45e7-4a4a-9019-0b81ba74d299,2026_W22,O52148,U6591,P163,2026-05-29 10:44:59,3,2156.08,489.21,162.23,1076.23,6468.24,5979.03,Credit Card,Completed
f05decff-45e7-4a4a-9019-0b81ba74d299,2026_W22,O52149,U15308,P119,2026-05-29 04:13:31,2,10133.79,1351.88,193.4,3404.83,20267.58,18915.7,UPI,Completed
f05decff-45e7-4a4a-9019-0b81ba74d299,2026_W22,O52150,U8372,P179,2026-05-29 01:48:56,4,6580.06,3735.13,182.99,4065.32,26320.24,22585.11,Credit Card,Completed
f05decff-45e7-4a4a-9019-0b81ba74d299,2026_W22,O52151,U26556,P181,2026-05-29 19:42:15,4,8581.69,2871.49,135.15,5661.95,34326.76,31455.270000000004,UPI,Completed
f05decff-45e7-4a4a-9019-0b81ba74d299,2026_W22,O52152,U2514,P32,2026-05-31 01:20:03,2,3711.51,207.76,142.45,1298.75,7423.02,7215.26,Credit Card,Completed
f05decff-45e7-4a4a-9019-0b81ba74d299,2026_W22,O52153,U4830,P86,2026-05-28 02:12:17,3,7794.14,174.74,132.79,4177.38,23382.420000000002,23207.68,UPI,Completed
f05decff-45e7-4a4a-9019-0b81ba74d299,2026_W22,O52154,U13349,P7,2026-05-30 23:59:11,4,8530.81,4620.23,106.61,5310.54,34123.24,29503.01,Credit Card,Completed
f05decff-45e7-4a4a-9019-0b81ba74d299,2026_W22,O52155,U4628,P16,2026-05-30 02:41:33,4,4498.86,2301.12,111.62,2824.98,17995.44,15694.32,Wallet,Completed
f05decff-45e7-4a4a-9019-0b81ba74d299,2026_W22,O52156,U2870,P47,2026-05-26 03:49:25,4,4728.62,2024.92,168.66,3040.12,18914.48,16889.559999999998,UPI,Completed
f05decff-45e7-4a4a-9019-0b81ba74d299,2026_W22,O52157,U27912,P187,2026-05-28 04:28:25,4,4000.12,584.97,126.21,2774.79,16000.48,15415.51,Debit Card,Completed
f05decff-45e7-4a4a-9019-0b81ba74d299,2026_W22,O52158,U19373,P3,2026-05-29 13:12:00,1,6299.72,164.91,75.49,1104.27,6299.72,6134.81,Credit Card,Completed
f05decff-45e7-4a4a-9019-0b81ba74d299,2026_W22,O52159,U9434,P155,2026-05-30 07:28:58,4,8707.69,410.45,84.45,6195.66,34830.76,34420.310000000005,UPI,Completed
f05decff-45e7-4a4a-9019-0b81ba74d299,2026_W22,O52160,U7679,P102,2026-05-28 09:23:45,2,3001.78,55.25,76.29,1070.7,6003.56,5948.31,Credit Card,Completed
f05decff-45e7-4a4a-9019-0b81ba74d299,2026_W22,O52161,U33535,P174,2026-05-29 15:52:43,2,3233.65,633.47,121.84,1050.09,6467.3,5833.83,UPI,Completed
f05decff-45e7-4a4a-9019-0b81ba74d299,2026_W22,O52162,U34325,P58,2026-05-27 22:05:33,2,2716.51,270.75,196.8,929.21,5433.02,5162.27,Debit Card,Completed
f05decff-45e7-4a4a-9019-0b81ba74d299,2026_W22,O52163,U22734,P172,2026-05-28 00:17:14,2,9925.52,231.95,126.7,3531.44,19851.04,19619.09,Debit Card,Completed
f05decff-45e7-4a4a-9019-0b81ba74d299,2026_W22,O52164,U15865,P156,2026-05-28 01:42:44,4,2183.92,735.75,152.54,1439.99,8735.68,7999.93,Wallet,Completed
f05decff-45e7-4a4a-9019-0b81ba74d299,2026_W22,O52165,U6318,P192,2026-05-26 10:22:16,3,8471.85,2445.8,113.02,4134.56,25415.550000000003,22969.750000000004,Debit Card,Completed
f05decff-45e7-4a4a-9019-0b81ba74d299,2026_W22,O52166,U12295,P186,2026-05-31 12:18:12,1,7849.55,482.76,78.05,1326.02,7849.55,7366.79,Debit Card,Completed
f05decff-45e7-4a4a-9019-0b81ba74d299,2026_W22,O52167,U6472,P58,2026-05-31 02:03:01,4,2716.51,119.7,99.36,1934.34,10866.04,10746.34,Wallet,Completed
f05decff-45e7-4a4a-9019-0b81ba74d299,2026_W22,O52168,U5897,P194,2026-05-30 06:05:22,1,3163.97,441.47,53.74,490.05,3163.97,2722.5,UPI,Completed
f05decff-45e7-4a4a-9019-0b81ba74d299,2026_W22,O52169,U32613,P69,2026-05-29 06:27:24,3,5881.18,1100.24,61.6,2977.79,17643.54,16543.3,Credit Card,Completed
f05decff-45e7-4a4a-9019-0b81ba74d299,2026_W22,O52170,U12797,P45,2026-05-29 23:23:52,1,7618.9,377.56,144.66,1303.44,7618.9,7241.339999999999,Wallet,Completed
f05decff-45e7-4a4a-9019-0b81ba74d299,2026_W22,O52171,U24381,P11,2026-05-29 02:36:17,2,4897.66,977.95,91.63,1587.13,9795.32,8817.369999999999,Wallet,Completed
f05decff-45e7-4a4a-9019-0b81ba74d299,2026_W22,O52172,U21887,P117,2026-05-27 21:58:11,2,3717.32,1005.75,162.12,1157.2,7434.64,6428.89,UPI,Completed
f05decff-45e7-4a4a-9019-0b81ba74d299,2026_W22,O52173,U3016,P67,2026-05-28 06:52:44,1,6555.74,914.36,119.93,1015.45,6555.74,5641.38,Debit Card,Completed
f05decff-45e7-4a4a-9019-0b81ba74d299,2026_W22,O52174,U14327,P41,2026-05-31 02:33:11,4,7272.45,1015.49,185.04,5053.38,29089.8,28074.309999999998,UPI,Completed
f05decff-45e7-4a4a-9019-0b81ba74d299,2026_W22,O52175,U16663,P39,2026-05-30 13:26:15,3,5048.64,211.85,154.58,2688.13,15145.920000000002,14934.070000000002,Debit Card,Completed
f05decff-45e7-4a4a-9019-0b81ba74d299,2026_W22,O52176,U8709,P166,2026-05-29 17:12:45,1,8475.87,301.81,190.76,1471.33,8475.87,8174.06,Wallet,Completed
f05decff-45e7-4a4a-9019-0b81ba74d299,2026_W22,O52177,U32071,P90,2026-05-28 02:38:53,1,6467.75,620.36,185.18,1052.53,6467.75,5847.39,Wallet,Completed
f05decff-45e7-4a4a-9019-0b81ba74d299,2026_W22,O52178,U18801,P85,2026-05-29 12:24:05,1,7274.5,321.22,56.68,1251.59,7274.5,6953.28,Wallet,Completed
f05decff-45e7-4a4a-9019-0b81ba74d299,2026_W22,O52179,U2346,P18,2026-05-27 23:27:39,1,2101.11,196.72,198.94,342.79,2101.11,1904.39,Credit Card,Completed
f05decff-45e7-4a4a-9019-0b81ba74d299,2026_W22,O52180,U550,P162,2026-05-29 09:39:34,4,5576.16,2714.07,59.38,3526.3,22304.64,19590.57,UPI,Completed
f05decff-45e7-4a4a-9019-0b81ba74d299,2026_W22,O52181,U5887,P59,2026-05-27 11:29:00,4,4892.96,962.25,96.57,3349.73,19571.84,18609.59,UPI,Completed
f05decff-45e7-4a4a-9019-0b81ba74d299,2026_W22,O52182,U14644,P173,2026-05-26 05:20:56,1,4326.87,415.82,138.84,703.99,4326.87,3911.0499999999997,Credit Card,Completed
f05decff-45e7-4a4a-9019-0b81ba74d299,2026_W22,O52183,U1557,P75,2026-05-30 01:38:37,4,3046.83,1244.86,127.08,1969.64,12187.32,10942.46,UPI,Completed
f05decff-45e7-4a4a-9019-0b81ba74d299,2026_W22,O52184,U19517,P154,2026-05-30 14:58:49,1,4135.27,73.92,180.97,731.04,4135.27,4061.3500000000004,UPI,Completed
f05decff-45e7-4a4a-9019-0b81ba74d299,2026_W22,O52185,U5843,P24,2026-05-27 07:46:49,1,4886.78,174.72,119.75,848.17,4886.78,4712.0599999999995,Wallet,Completed
f05decff-45e7-4a4a-9019-0b81ba74d299,2026_W22,O52186,U31844,P197,2026-05-27 09:13:57,2,3825.75,920.04,82.4,1211.66,7651.5,6731.46,Credit Card,Completed
f05decff-45e7-4a4a-9019-0b81ba74d299,2026_W22,O52187,U34389,P132,2026-05-28 04:50:13,2,5087.03,41.63,151.68,1823.84,10174.06,10132.43,Debit Card,Completed
f05decff-45e7-4a4a-9019-0b81ba74d299,2026_W22,O52188,U19956,P73,2026-05-30 09:56:42,3,10930.99,2946.94,77.29,5372.29,32792.97,29846.030000000002,UPI,Completed
f05decff-45e7-4a4a-9019-0b81ba74d299,2026_W22,O52189,U8471,P30,2026-05-31 12:14:17,2,10909.65,2732.37,157.69,3435.65,21819.3,19086.93,Debit Card,Completed
f05decff-45e7-4a4a-9019-0b81ba74d299,2026_W22,O52190,U33194,P25,2026-05-25 21:54:10,3,4602.38,1529.92,85.89,2209.9,13807.14,12277.22,Credit Card,Completed
f05decff-45e7-4a4a-9019-0b81ba74d299,2026_W22,O52191,U11894,P11,2026-05-26 13:03:44,3,4897.66,1046.54,161.77,2456.36,14692.98,13646.439999999999,UPI,Completed
f05decff-45e7-4a4a-9019-0b81ba74d299,2026_W22,O52192,U27392,P47,2026-05-26 22:51:28,4,4728.62,407.93,159.53,3331.18,18914.48,18506.55,Wallet,Completed
f05decff-45e7-4a4a-9019-0b81ba74d299,2026_W22,O52193,U15711,P63,2026-05-30 19:06:40,4,5767.08,1521.47,64.3,3878.43,23068.32,21546.85,Credit Card,Completed
f05decff-45e7-4a4a-9019-0b81ba74d299,2026_W22,O52194,U10988,P74,2026-05-27 02:03:09,4,8026.5,24.57,193.14,5774.66,32106.0,32081.43,Credit Card,Completed
f05decff-45e7-4a4a-9019-0b81ba74d299,2026_W22,O52195,U25458,P3,2026-05-31 02:14:43,3,6299.72,2216.18,57.59,3002.94,18899.16,16682.98,Debit Card,Completed
f05decff-45e7-4a4a-9019-0b81ba74d299,2026_W22,O52196,U13032,P8,2026-05-29 22:38:48,4,7997.84,2954.79,73.72,5226.58,31991.36,29036.57,Credit Card,Completed
f05decff-45e7-4a4a-9019-0b81ba74d299,2026_W22,O52197,U3530,P108,2026-05-27 10:15:46,1,4001.51,269.31,198.33,671.8,4001.51,3732.2000000000003,Debit Card,Completed
f05decff-45e7-4a4a-9019-0b81ba74d299,2026_W22,O52198,U11729,P138,2026-05-30 10:41:36,3,5599.95,1210.65,157.56,2806.06,16799.85,15589.199999999999,Debit Card,Completed
f05decff-45e7-4a4a-9019-0b81ba74d299,2026_W22,O52199,U7131,P152,2026-05-30 19:07:43,1,1970.06,24.64,69.3,350.18,1970.06,1945.4199999999998,UPI,Completed
f05decff-45e7-4a4a-9019-0b81ba74d299,2026_W22,O52200,U13032,P192,2026-05-30 05:56:51,4,8471.85,1407.9,189.32,5846.31,33887.4,32479.5,Credit Card,Completed
f05decff-45e7-4a4a-9019-0b81ba74d299,2026_W22,O52201,U3164,P143,2026-05-26 14:44:22,1,6038.03,236.8,187.84,1044.22,6038.03,5801.23,Wallet,Completed
f05decff-45e7-4a4a-9019-0b81ba74d299,2026_W22,O52202,U15322,P28,2026-05-31 17:07:11,2,3349.46,103.79,116.05,1187.12,6698.92,6595.13,UPI,Completed
f05decff-45e7-4a4a-9019-0b81ba74d299,2026_W22,O52203,U8840,P122,2026-05-26 11:59:25,1,5135.97,106.54,196.43,905.3,5135.97,5029.43,UPI,Completed
f05decff-45e7-4a4a-9019-0b81ba74d299,2026_W22,O52204,U32299,P117,2026-05-25 21:37:44,1,3717.32,522.27,194.79,575.11,3717.32,3195.05,Debit Card,Completed
f05decff-45e7-4a4a-9019-0b81ba74d299,2026_W22,O52205,U21059,P125,2026-05-28 04:59:48,4,5593.86,2228.99,143.61,3626.36,22375.44,20146.449999999997,Credit Card,Completed
f05decff-45e7-4a4a-9019-0b81ba74d299,2026_W22,O52206,U29246,P47,2026-05-27 20:12:29,1,4728.62,202.31,132.8,814.74,4728.62,4526.3099999999995,Credit Card,Completed
f05decff-45e7-4a4a-9019-0b81ba74d299,2026_W22,O52207,U31936,P36,2026-05-29 00:27:35,3,8838.75,1807.2,56.77,4447.63,26516.25,24709.05,Credit Card,Completed
f05decff-45e7-4a4a-9019-0b81ba74d299,2026_W22,O52208,U25282,P156,2026-05-30 16:41:14,1,2183.92,99.68,189.57,375.16,2183.92,2084.2400000000002,Debit Card,Completed
f05decff-45e7-4a4a-9019-0b81ba74d299,2026_W22,O52209,U19785,P115,2026-05-30 07:56:07,2,8486.85,1573.44,136.53,2772.05,16973.7,15400.26,UPI,Completed
f05decff-45e7-4a4a-9019-0b81ba74d299,2026_W22,O52210,U33949,P16,2026-05-26 12:43:24,1,4498.86,577.65,134.97,705.82,4498.86,3921.2099999999996,Credit Card,Completed
f05decff-45e7-4a4a-9019-0b81ba74d299,2026_W22,O52211,U18007,P105,2026-05-31 00:56:04,3,7337.42,1750.72,151.92,3647.08,22012.260000000002,20261.54,Wallet,Completed
f05decff-45e7-4a4a-9019-0b81ba74d299,2026_W22,O52212,U18275,P164,2026-05-28 10:33:48,3,7269.88,2676.57,76.73,3443.95,21809.64,19133.07,Credit Card,Completed
f05decff-45e7-4a4a-9019-0b81ba74d299,2026_W22,O52213,U10446,P178,2026-05-26 01:46:25,4,2500.92,825.08,82.77,1652.15,10003.68,9178.6,UPI,Completed
f05decff-45e7-4a4a-9019-0b81ba74d299,2026_W22,O52214,U5147,P193,2026-05-25 23:50:25,1,5013.68,129.4,175.56,879.17,5013.68,4884.280000000001,UPI,Completed
f05decff-45e7-4a4a-9019-0b81ba74d299,2026_W22,O52215,U14488,P172,2026-05-26 07:47:37,1,9925.52,1312.06,58.5,1550.42,9925.52,8613.460000000001,Wallet,Completed
f05decff-45e7-4a4a-9019-0b81ba74d299,2026_W22,O52216,U16938,P173,2026-05-31 08:34:28,4,4326.87,2029.2,110.7,2750.09,17307.48,15278.279999999999,UPI,Completed
f05decff-45e7-4a4a-9019-0b81ba74d299,2026_W22,O52217,U19295,P116,2026-05-30 19:28:34,3,4661.13,1533.27,78.06,2241.02,13983.39,12450.119999999999,UPI,Completed
f05decff-45e7-4a4a-9019-0b81ba74d299,2026_W22,O52218,U14326,P81,2026-05-30 16:39:49,3,1659.37,467.43,147.01,811.92,4978.11,4510.679999999999,Wallet,Completed
f05decff-45e7-4a4a-9019-0b81ba74d299,2026_W22,O52219,U31530,P153,2026-05-29 04:26:02,1,11343.81,9.47,84.25,2040.18,11343.81,11334.34,Debit Card,Completed
f05decff-45e7-4a4a-9019-0b81ba74d299,2026_W22,O52220,U7307,P121,2026-05-28 16:19:00,2,9562.01,833.98,182.38,3292.21,19124.02,18290.04,UPI,Completed
f05decff-45e7-4a4a-9019-0b81ba74d299,2026_W22,O52221,U14501,P33,2026-05-26 18:44:29,1,7861.44,975.29,109.11,1239.51,7861.44,6886.15,Debit Card,Completed
f05decff-45e7-4a4a-9019-0b81ba74d299,2026_W22,O52222,U25982,P72,2026-05-27 13:07:31,1,8163.39,518.65,199.7,1376.05,8163.39,7644.740000000001,Credit Card,Completed
f05decff-45e7-4a4a-9019-0b81ba74d299,2026_W22,O52223,U14488,P161,2026-05-31 04:40:39,3,5474.81,2305.77,170.13,2541.36,16424.43,14118.66,UPI,Completed
f05decff-45e7-4a4a-9019-0b81ba74d299,2026_W22,O52224,U27911,P190,2026-05-26 11:00:05,2,10065.15,2659.8,83.96,3144.69,20130.3,17470.5,Debit Card,Completed
f05decff-45e7-4a4a-9019-0b81ba74d299,2026_W22,O52225,U27025,P45,2026-05-31 08:22:12,3,7618.9,1035.29,108.9,3927.85,22856.699999999997,21821.409999999996,UPI,Completed
f05decff-45e7-4a4a-9019-0b81ba74d299,2026_W22,O52226,U32354,P1,2026-05-28 06:14:55,4,6823.54,539.13,137.8,4815.91,27294.16,26755.03,Credit Card,Completed
f05decff-45e7-4a4a-9019-0b81ba74d299,2026_W22,O52227,U14517,P95,2026-05-28 14:10:27,4,1959.5,196.35,109.98,1375.5,7838.0,7641.65,Debit Card,Completed
f05decff-45e7-4a4a-9019-0b81ba74d299,2026_W22,O52228,U12522,P140,2026-05-27 14:21:21,3,3133.21,539.71,56.85,1594.79,9399.630000000001,8859.920000000002,UPI,Completed
f05decff-45e7-4a4a-9019-0b81ba74d299,2026_W22,O52229,U11169,P168,2026-05-27 03:08:17,2,4263.52,784.83,183.44,1393.6,8527.04,7742.210000000001,UPI,Completed
f05decff-45e7-4a4a-9019-0b81ba74d299,2026_W22,O52230,U21531,P3,2026-05-27 01:27:35,2,6299.72,1712.03,93.61,1959.73,12599.44,10887.41,Debit Card,Completed
f05decff-45e7-4a4a-9019-0b81ba74d299,2026_W22,O52231,U34532,P166,2026-05-29 11:09:26,3,8475.87,423.1,144.82,4500.81,25427.61,25004.510000000002,Debit Card,Completed
f05decff-45e7-4a4a-9019-0b81ba74d299,2026_W22,O52232,U32032,P145,2026-05-29 15:04:46,1,4583.49,362.9,134.66,759.71,4583.49,4220.59,Wallet,Completed
f05decff-45e7-4a4a-9019-0b81ba74d299,2026_W22,O52233,U16358,P99,2026-05-31 15:04:16,1,4457.11,345.08,179.61,740.17,4457.11,4112.03,Credit Card,Completed
f05decff-45e7-4a4a-9019-0b81ba74d299,2026_W22,O52234,U23143,P96,2026-05-30 08:16:42,1,6676.27,552.2,89.33,1102.33,6676.27,6124.070000000001,UPI,Completed
f05decff-45e7-4a4a-9019-0b81ba74d299,2026_W22,O52235,U34246,P149,2026-05-28 14:27:38,4,7089.62,2908.51,58.99,4580.99,28358.48,25449.97,UPI,Completed
f05decff-45e7-4a4a-9019-0b81ba74d299,2026_W22,O52236,U14191,P74,2026-05-28 01:57:03,3,8026.5,867.93,158.32,4178.08,24079.5,23211.57,UPI,Completed
f05decff-45e7-4a4a-9019-0b81ba74d299,2026_W22,O52237,U7062,P112,2026-05-28 14:52:40,3,4659.89,1046.33,106.17,2328.0,13979.670000000002,12933.340000000002,UPI,Completed
f05decff-45e7-4a4a-9019-0b81ba74d299,2026_W22,O52238,U12890,P57,2026-05-27 20:10:10,1,3408.89,392.56,198.6,542.94,3408.89,3016.33,Debit Card,Completed
f05decff-45e7-4a4a-9019-0b81ba74d299,2026_W22,O52239,U1068,P55,2026-05-26 22:41:50,1,10434.9,125.24,74.47,1855.74,10434.9,10309.66,Wallet,Completed
f05decff-45e7-4a4a-9019-0b81ba74d299,2026_W22,O52240,U8037,P163,2026-05-28 10:39:41,1,2156.08,47.1,94.1,379.62,2156.08,2108.98,Wallet,Completed
f05decff-45e7-4a4a-9019-0b81ba74d299,2026_W22,O52241,U4628,P145,2026-05-28 23:06:02,4,4583.49,1053.86,104.9,3110.42,18333.96,17280.1,UPI,Completed
f05decff-45e7-4a4a-9019-0b81ba74d299,2026_W22,O52242,U5728,P178,2026-05-30 19:31:44,1,2500.92,86.31,105.92,434.63,2500.92,2414.61,Debit Card,Completed
f05decff-45e7-4a4a-9019-0b81ba74d299,2026_W22,O52243,U34975,P20,2026-05-28 05:29:29,1,6465.0,118.92,137.97,1142.29,6465.0,6346.08,UPI,Completed
f05decff-45e7-4a4a-9019-0b81ba74d299,2026_W22,O52244,U16743,P183,2026-05-25 22:07:13,3,9215.45,625.88,133.54,4863.68,27646.350000000002,27020.47,Credit Card,Completed
f05decff-45e7-4a4a-9019-0b81ba74d299,2026_W22,O52245,U11010,P94,2026-05-26 15:33:25,2,4145.07,816.25,127.76,1345.3,8290.14,7473.889999999999,Wallet,Completed
f05decff-45e7-4a4a-9019-0b81ba74d299,2026_W22,O52246,U26759,P144,2026-05-28 18:30:49,1,1737.47,254.44,146.84,266.95,1737.47,1483.03,Credit Card,Completed
f05decff-45e7-4a4a-9019-0b81ba74d299,2026_W22,O52247,U23745,P111,2026-05-27 05:49:13,1,9541.24,1299.27,51.18,1483.55,9541.24,8241.97,Credit Card,Completed
f05decff-45e7-4a4a-9019-0b81ba74d299,2026_W22,O52248,U21394,P141,2026-05-31 19:36:20,4,6658.31,1649.92,171.57,4497.0,26633.24,24983.32,Credit Card,Completed
f05decff-45e7-4a4a-9019-0b81ba74d299,2026_W22,O52249,U13132,P149,2026-05-30 18:00:08,1,7089.62,772.87,178.92,1137.01,7089.62,6316.75,Debit Card,Completed
f05decff-45e7-4a4a-9019-0b81ba74d299,2026_W22,O52250,U1348,P58,2026-05-30 15:55:10,2,2716.51,735.19,179.65,845.61,5433.02,4697.83,Debit Card,Completed
f05decff-45e7-4a4a-9019-0b81ba74d299,2026_W22,O52251,U33885,P82,2026-05-31 14:21:00,2,1796.79,59.44,64.99,636.15,3593.58,3534.14,Debit Card,Completed
f05decff-45e7-4a4a-9019-0b81ba74d299,2026_W22,O52252,U9309,P84,2026-05-29 08:26:37,3,8271.97,2262.01,145.29,4059.7,24815.909999999996,22553.899999999994,UPI,Completed
f05decff-45e7-4a4a-9019-0b81ba74d299,2026_W22,O52253,U17683,P153,2026-05-27 22:45:55,2,11343.81,869.07,120.74,3927.34,22687.62,21818.55,Debit Card,Completed
f05decff-45e7-4a4a-9019-0b81ba74d299,2026_W22,O52254,U12152,P70,2026-05-27 22:47:34,1,2246.89,168.73,85.85,374.07,2246.89,2078.16,Debit Card,Completed
f05decff-45e7-4a4a-9019-0b81ba74d299,2026_W22,O52255,U21602,P133,2026-05-28 03:18:12,4,7230.51,4264.62,120.2,4438.34,28922.04,24657.420000000002,UPI,Completed
f05decff-45e7-4a4a-9019-0b81ba74d299,2026_W22,O52256,U14771,P16,2026-05-26 20:05:28,3,4498.86,227.26,199.37,2388.48,13496.579999999998,13269.319999999998,Wallet,Completed
f05decff-45e7-4a4a-9019-0b81ba74d299,2026_W22,O52257,U9870,P15,2026-05-31 16:14:53,2,2472.77,224.4,64.7,849.81,4945.54,4721.14,Debit Card,Completed
f05decff-45e7-4a4a-9019-0b81ba74d299,2026_W22,O52258,U27809,P57,2026-05-28 21:18:35,1,3408.89,500.95,65.0,523.43,3408.89,2907.94,Credit Card,Completed
f05decff-45e7-4a4a-9019-0b81ba74d299,2026_W22,O52259,U31877,P102,2026-05-30 22:37:27,2,3001.78,382.73,191.4,1011.75,6003.56,5620.83,Debit Card,Completed
f05decff-45e7-4a4a-9019-0b81ba74d299,2026_W22,O52260,U23153,P45,2026-05-27 07:25:40,3,7618.9,1946.14,179.77,3763.9,22856.699999999997,20910.559999999998,Wallet,Completed
f05decff-45e7-4a4a-9019-0b81ba74d299,2026_W22,O52261,U21098,P159,2026-05-26 19:23:44,2,8714.84,1418.66,117.04,2881.98,17429.68,16011.02,Wallet,Completed
f05decff-45e7-4a4a-9019-0b81ba74d299,2026_W22,O52262,U18370,P2,2026-05-26 05:37:00,1,1543.5,193.16,54.09,243.06,1543.5,1350.34,Credit Card,Completed
f05decff-45e7-4a4a-9019-0b81ba74d299,2026_W22,O52263,U15987,P152,2026-05-29 23:29:26,4,1970.06,105.43,86.96,1399.47,7880.24,7774.8099999999995,Wallet,Completed
f05decff-45e7-4a4a-9019-0b81ba74d299,2026_W22,O52264,U15677,P124,2026-05-30 17:15:35,1,7063.56,153.73,90.07,1243.77,7063.56,6909.830000000001,Wallet,Completed
f05decff-45e7-4a4a-9019-0b81ba74d299,2026_W22,O52265,U2655,P150,2026-05-27 21:49:17,4,7278.62,2535.44,188.24,4784.23,29114.48,26579.04,Credit Card,Completed
f05decff-45e7-4a4a-9019-0b81ba74d299,2026_W22,O52266,U3434,P131,2026-05-30 20:31:32,2,5156.93,134.6,116.49,1832.27,10313.86,10179.26,UPI,Completed
f05decff-45e7-4a4a-9019-0b81ba74d299,2026_W22,O52267,U9863,P124,2026-05-29 19:41:26,4,7063.56,2717.03,150.59,4596.7,28254.24,25537.210000000003,Wallet,Completed
f05decff-45e7-4a4a-9019-0b81ba74d299,2026_W22,O52268,U944,P138,2026-05-31 01:12:05,3,5599.95,1261.79,83.74,2796.85,16799.85,15538.059999999998,UPI,Completed
f05decff-45e7-4a4a-9019-0b81ba74d299,2026_W22,O52269,U4838,P85,2026-05-29 16:56:37,1,7274.5,118.05,176.14,1288.16,7274.5,7156.45,Wallet,Completed
f05decff-45e7-4a4a-9019-0b81ba74d299,2026_W22,O52270,U22769,P192,2026-05-28 07:37:21,3,8471.85,1277.88,194.91,4344.78,25415.550000000003,24137.670000000002,Debit Card,Completed
f05decff-45e7-4a4a-9019-0b81ba74d299,2026_W22,O52271,U530,P175,2026-05-30 12:38:54,3,10082.38,3968.66,147.36,4730.13,30247.14,26278.48,UPI,Completed
f05decff-45e7-4a4a-9019-0b81ba74d299,2026_W22,O52272,U23741,P183,2026-05-27 17:08:50,3,9215.45,1273.58,196.23,4747.1,27646.350000000002,26372.770000000004,Debit Card,Completed
f05decff-45e7-4a4a-9019-0b81ba74d299,2026_W22,O52273,U4689,P21,2026-05-26 09:54:21,3,7585.24,1656.04,99.6,3797.94,22755.72,21099.68,Wallet,Completed
f05decff-45e7-4a4a-9019-0b81ba74d299,2026_W22,O52274,U15477,P19,2026-05-27 02:31:33,3,10873.73,169.29,193.64,5841.34,32621.19,32451.899999999998,Credit Card,Completed
f05decff-45e7-4a4a-9019-0b81ba74d299,2026_W22,O52275,U29169,P140,2026-05-30 16:58:13,2,3133.21,126.67,134.13,1105.16,6266.42,6139.75,Wallet,Completed
f05decff-45e7-4a4a-9019-0b81ba74d299,2026_W22,O52276,U2819,P33,2026-05-26 20:44:27,4,7861.44,3192.12,75.32,5085.66,31445.76,28253.64,Debit Card,Completed
f05decff-45e7-4a4a-9019-0b81ba74d299,2026_W22,O52277,U4511,P184,2026-05-31 19:47:13,3,3886.18,381.9,88.01,2029.8,11658.539999999999,11276.64,Credit Card,Completed
f05decff-45e7-4a4a-9019-0b81ba74d299,2026_W22,O52278,U3685,P28,2026-05-27 23:49:43,3,3349.46,1283.22,172.88,1577.73,10048.380000000001,8765.160000000002,UPI,Completed
f05decff-45e7-4a4a-9019-0b81ba74d299,2026_W22,O52279,U19995,P25,2026-05-26 16:30:34,4,4602.38,2717.44,65.05,2824.57,18409.52,15692.08,Debit Card,Completed
f05decff-45e7-4a4a-9019-0b81ba74d299,2026_W22,O52280,U16257,P185,2026-05-30 15:51:06,4,8108.47,2936.92,85.75,5309.45,32433.88,29496.96,UPI,Completed
f05decff-45e7-4a4a-9019-0b81ba74d299,2026_W22,O52281,U32649,P193,2026-05-29 12:58:07,3,5013.68,646.43,78.74,2591.03,15041.04,14394.61,Credit Card,Completed
f05decff-45e7-4a4a-9019-0b81ba74d299,2026_W22,O52282,U10662,P139,2026-05-27 08:24:05,2,7513.32,163.29,78.49,2675.4,15026.64,14863.349999999999,Credit Card,Completed
f05decff-45e7-4a4a-9019-0b81ba74d299,2026_W22,O52283,U3543,P61,2026-05-28 01:16:08,1,7261.62,624.1,183.75,1194.75,7261.62,6637.5199999999995,UPI,Completed
f05decff-45e7-4a4a-9019-0b81ba74d299,2026_W22,O52284,U11199,P188,2026-05-26 02:36:45,3,3237.34,534.08,117.03,1652.03,9712.02,9177.94,Wallet,Completed
f05decff-45e7-4a4a-9019-0b81ba74d299,2026_W22,O52285,U30123,P94,2026-05-28 00:17:39,4,4145.07,1313.49,50.86,2748.02,16580.28,15266.789999999999,UPI,Completed
f05decff-45e7-4a4a-9019-0b81ba74d299,2026_W22,O52286,U5380,P79,2026-05-28 07:34:22,2,2810.31,436.76,139.71,933.09,5620.62,5183.86,Debit Card,Completed
f05decff-45e7-4a4a-9019-0b81ba74d299,2026_W22,O52287,U17560,P10,2026-05-26 23:10:13,1,6983.65,180.43,100.86,1224.58,6983.65,6803.219999999999,Wallet,Completed
f05decff-45e7-4a4a-9019-0b81ba74d299,2026_W22,O52288,U14191,P104,2026-05-26 20:06:57,2,5183.53,808.36,107.9,1720.57,10367.06,9558.699999999999,Credit Card,Completed
f05decff-45e7-4a4a-9019-0b81ba74d299,2026_W22,O52289,U14111,P84,2026-05-26 15:33:22,4,8271.97,4143.06,103.63,5210.07,33087.88,28944.819999999996,Wallet,Completed
f05decff-45e7-4a4a-9019-0b81ba74d299,2026_W22,O52290,U22855,P10,2026-05-29 21:52:36,1,6983.65,632.36,135.35,1143.23,6983.65,6351.29,UPI,Completed
f05decff-45e7-4a4a-9019-0b81ba74d299,2026_W22,O52291,U1462,P159,2026-05-26 23:53:37,4,8714.84,3210.96,117.85,5696.71,34859.36,31648.4,Debit Card,Completed
f05decff-45e7-4a4a-9019-0b81ba74d299,2026_W22,O52292,U5243,P79,2026-05-28 02:02:35,1,2810.31,100.48,53.69,487.77,2810.31,2709.83,Wallet,Completed
f05decff-45e7-4a4a-9019-0b81ba74d299,2026_W22,O52293,U9842,P16,2026-05-27 06:08:44,2,4498.86,1204.4,55.35,1402.8,8997.72,7793.32,Credit Card,Completed
f05decff-45e7-4a4a-9019-0b81ba74d299,2026_W22,O52294,U2372,P54,2026-05-29 11:21:16,3,5968.84,1391.25,156.85,2972.75,17906.52,16515.27,Debit Card,Completed
f05decff-45e7-4a4a-9019-0b81ba74d299,2026_W22,O52295,U26920,P108,2026-05-30 18:32:34,1,4001.51,347.78,52.73,657.67,4001.51,3653.7300000000005,Debit Card,Completed
f05decff-45e7-4a4a-9019-0b81ba74d299,2026_W22,O52296,U34704,P125,2026-05-26 21:34:49,4,5593.86,382.03,112.7,3958.81,22375.44,21993.41,Credit Card,Completed
f05decff-45e7-4a4a-9019-0b81ba74d299,2026_W22,O52297,U8019,P179,2026-05-28 15:42:33,3,6580.06,518.88,156.19,3459.83,19740.18,19221.3,Debit Card,Completed
f05decff-45e7-4a4a-9019-0b81ba74d299,2026_W22,O52298,U34450,P145,2026-05-31 11:15:14,3,4583.49,152.41,54.86,2447.65,13750.47,13598.06,Wallet,Completed
f05decff-45e7-4a4a-9019-0b81ba74d299,2026_W22,O52299,U3132,P31,2026-05-31 17:11:50,4,4234.09,2162.22,63.17,2659.35,16936.36,14774.140000000001,Wallet,Completed
f05decff-45e7-4a4a-9019-0b81ba74d299,2026_W22,O52300,U17182,P25,2026-05-28 18:36:06,3,4602.38,1294.19,176.29,2252.33,13807.14,12512.949999999999,UPI,Completed
f05decff-45e7-4a4a-9019-0b81ba74d299,2026_W22,O52301,U26760,P192,2026-05-30 19:13:33,3,8471.85,375.54,173.53,4507.2,25415.550000000003,25040.010000000002,Credit Card,Completed
f05decff-45e7-4a4a-9019-0b81ba74d299,2026_W22,O52302,U24497,P72,2026-05-26 06:16:24,1,8163.39,1051.72,132.06,1280.1,8163.39,7111.67,Wallet,Completed
f05decff-45e7-4a4a-9019-0b81ba74d299,2026_W22,O52303,U32465,P16,2026-05-26 20:04:18,3,4498.86,502.23,150.84,2338.98,13496.579999999998,12994.349999999999,UPI,Completed
f05decff-45e7-4a4a-9019-0b81ba74d299,2026_W22,O52304,U17507,P135,2026-05-29 20:24:07,4,7738.35,3060.5,57.35,5020.72,30953.4,27892.9,Wallet,Completed
f05decff-45e7-4a4a-9019-0b81ba74d299,2026_W22,O52305,U10001,P77,2026-05-28 17:42:49,1,6432.15,379.08,162.65,1089.55,6432.15,6053.07,UPI,Completed
f05decff-45e7-4a4a-9019-0b81ba74d299,2026_W22,O52306,U22314,P194,2026-05-26 12:58:16,3,3163.97,426.16,86.06,1631.84,9491.91,9065.75,Wallet,Completed
f05decff-45e7-4a4a-9019-0b81ba74d299,2026_W22,O52307,U9766,P186,2026-05-26 03:20:00,3,7849.55,1471.72,77.13,3973.85,23548.65,22076.93,Credit Card,Completed
f05decff-45e7-4a4a-9019-0b81ba74d299,2026_W22,O52308,U5337,P180,2026-05-30 13:21:17,2,6781.04,1821.83,76.53,2113.24,13562.08,11740.25,Wallet,Completed
f05decff-45e7-4a4a-9019-0b81ba74d299,2026_W22,O52309,U16223,P46,2026-05-30 03:54:12,3,7595.79,3104.17,140.53,3542.98,22787.37,19683.199999999997,Wallet,Completed
f05decff-45e7-4a4a-9019-0b81ba74d299,2026_W22,O52310,U6729,P30,2026-05-29 09:12:36,1,10909.65,1148.17,196.2,1757.07,10909.65,9761.48,UPI,Completed
f05decff-45e7-4a4a-9019-0b81ba74d299,2026_W22,O52311,U4570,P173,2026-05-28 21:59:39,3,4326.87,1443.6,82.76,2076.66,12980.61,11537.01,Debit Card,Completed
f05decff-45e7-4a4a-9019-0b81ba74d299,2026_W22,O52312,U13185,P177,2026-05-26 21:25:05,2,5607.98,861.57,107.21,1863.79,11215.96,10354.39,Credit Card,Completed
f05decff-45e7-4a4a-9019-0b81ba74d299,2026_W22,O52313,U9675,P74,2026-05-26 18:34:05,1,8026.5,402.28,59.49,1372.36,8026.5,7624.22,Debit Card,Completed
f05decff-45e7-4a4a-9019-0b81ba74d299,2026_W22,O52314,U27664,P151,2026-05-31 17:40:12,1,7426.21,609.99,114.07,1226.92,7426.21,6816.22,Debit Card,Completed
f05decff-45e7-4a4a-9019-0b81ba74d299,2026_W22,O52315,U34743,P161,2026-05-31 19:38:02,1,5474.81,405.43,183.36,912.49,5474.81,5069.38,Wallet,Completed
f05decff-45e7-4a4a-9019-0b81ba74d299,2026_W22,O52316,U9459,P139,2026-05-30 08:12:43,4,7513.32,1952.93,143.17,5058.06,30053.28,28100.35,Wallet,Completed
f05decff-45e7-4a4a-9019-0b81ba74d299,2026_W22,O52317,U19400,P26,2026-05-29 14:46:23,4,8687.74,1853.78,51.6,5921.49,34750.96,32897.18,Wallet,Completed
f05decff-45e7-4a4a-9019-0b81ba74d299,2026_W22,O52318,U7579,P93,2026-05-29 05:04:58,1,5224.43,607.79,102.43,831.0,5224.43,4616.64,UPI,Completed
f05decff-45e7-4a4a-9019-0b81ba74d299,2026_W22,O52319,U32002,P51,2026-05-29 08:41:57,3,6572.59,900.27,177.25,3387.15,19717.77,18817.5,Credit Card,Completed
f05decff-45e7-4a4a-9019-0b81ba74d299,2026_W22,O52320,U29748,P183,2026-05-29 23:32:29,3,9215.45,1091.47,118.78,4779.88,27646.350000000002,26554.88,UPI,Completed
f05decff-45e7-4a4a-9019-0b81ba74d299,2026_W22,O52321,U28093,P70,2026-05-26 12:23:52,4,2246.89,170.56,193.19,1587.06,8987.56,8817.0,Credit Card,Completed
f05decff-45e7-4a4a-9019-0b81ba74d299,2026_W22,O52322,U19147,P3,2026-05-27 17:01:44,2,6299.72,334.51,184.22,2207.69,12599.44,12264.93,Credit Card,Completed
f05decff-45e7-4a4a-9019-0b81ba74d299,2026_W22,O52323,U25020,P107,2026-05-30 03:14:42,3,3660.65,547.94,113.19,1878.12,10981.95,10434.01,UPI,Completed
f05decff-45e7-4a4a-9019-0b81ba74d299,2026_W22,O52324,U2458,P25,2026-05-28 20:16:43,1,4602.38,259.08,93.0,781.79,4602.38,4343.3,Debit Card,Completed
f05decff-45e7-4a4a-9019-0b81ba74d299,2026_W22,O52325,U344,P176,2026-05-29 00:13:44,2,3628.75,805.56,170.0,1161.35,7257.5,6451.9400000000005,Debit Card,Completed
f05decff-45e7-4a4a-9019-0b81ba74d299,2026_W22,O52326,U17749,P176,2026-05-26 23:34:42,2,3628.75,601.38,107.18,1198.1,7257.5,6656.12,UPI,Completed
f05decff-45e7-4a4a-9019-0b81ba74d299,2026_W22,O52327,U18224,P167,2026-05-31 20:45:54,1,6729.0,112.31,89.81,1191.0,6729.0,6616.69,Debit Card,Completed
f05decff-45e7-4a4a-9019-0b81ba74d299,2026_W22,O52328,U27327,P172,2026-05-31 13:10:28,2,9925.52,2289.38,117.95,3161.1,19851.04,17561.66,Credit Card,Completed
f05decff-45e7-4a4a-9019-0b81ba74d299,2026_W22,O52329,U30733,P158,2026-05-27 20:30:56,4,6839.61,2864.19,134.7,4408.96,27358.44,24494.25,Credit Card,Completed
f05decff-45e7-4a4a-9019-0b81ba74d299,2026_W22,O52330,U3061,P159,2026-05-27 18:53:04,1,8714.84,650.0,156.6,1451.67,8714.84,8064.84,Credit Card,Completed
f05decff-45e7-4a4a-9019-0b81ba74d299,2026_W22,O52331,U15323,P63,2026-05-26 02:47:11,3,5767.08,2028.09,144.37,2749.17,17301.239999999998,15273.149999999998,Debit Card,Completed
f05decff-45e7-4a4a-9019-0b81ba74d299,2026_W22,O52332,U33748,P33,2026-05-28 09:03:13,1,7861.44,530.19,79.78,1319.62,7861.44,7331.25,Debit Card,Completed
f05decff-45e7-4a4a-9019-0b81ba74d299,2026_W22,O52333,U26465,P37,2026-05-30 17:19:13,4,9886.76,3103.13,177.27,6559.9,39547.04,36443.91,Wallet,Completed
f05decff-45e7-4a4a-9019-0b81ba74d299,2026_W22,O52334,U7412,P169,2026-05-30 01:05:52,3,3759.37,342.18,102.01,1968.47,11278.11,10935.93,Credit Card,Completed
f05decff-45e7-4a4a-9019-0b81ba74d299,2026_W22,O52335,U6434,P61,2026-05-28 12:29:43,4,7261.62,4113.72,60.8,4487.9,29046.48,24932.76,Credit Card,Completed
f05decff-45e7-4a4a-9019-0b81ba74d299,2026_W22,O52336,U8319,P35,2026-05-30 00:04:42,2,3801.69,227.78,158.07,1327.61,7603.38,7375.6,Credit Card,Completed
f05decff-45e7-4a4a-9019-0b81ba74d299,2026_W22,O52337,U14885,P159,2026-05-29 01:58:53,1,8714.84,63.86,183.54,1557.18,8714.84,8650.98,Wallet,Completed
f05decff-45e7-4a4a-9019-0b81ba74d299,2026_W22,O52338,U19273,P200,2026-05-31 09:41:44,2,9143.2,1543.15,195.94,3013.78,18286.4,16743.25,Wallet,Completed
f05decff-45e7-4a4a-9019-0b81ba74d299,2026_W22,O52339,U6633,P187,2026-05-27 08:26:09,2,4000.12,491.51,75.93,1351.57,8000.24,7508.73,UPI,Completed
f05decff-45e7-4a4a-9019-0b81ba74d299,2026_W22,O52340,U771,P149,2026-05-28 21:34:26,1,7089.62,948.42,161.88,1105.42,7089.62,6141.2,UPI,Completed
f05decff-45e7-4a4a-9019-0b81ba74d299,2026_W22,O52341,U23856,P154,2026-05-27 19:45:08,2,4135.27,20.38,197.31,1485.03,8270.54,8250.160000000002,Credit Card,Completed
f05decff-45e7-4a4a-9019-0b81ba74d299,2026_W22,O52342,U13368,P197,2026-05-27 19:29:43,3,3825.75,532.33,50.66,1970.09,11477.25,10944.92,Debit Card,Completed
f05decff-45e7-4a4a-9019-0b81ba74d299,2026_W22,O52343,U23050,P75,2026-05-30 10:20:59,3,3046.83,1190.97,141.83,1430.91,9140.49,7949.5199999999995,Wallet,Completed
f05decff-45e7-4a4a-9019-0b81ba74d299,2026_W22,O52344,U508,P55,2026-05-30 06:12:52,3,10434.9,1688.23,62.03,5330.96,31304.699999999997,29616.469999999998,Debit Card,Completed
f05decff-45e7-4a4a-9019-0b81ba74d299,2026_W22,O52345,U30676,P96,2026-05-25 22:58:53,4,6676.27,1792.89,101.35,4484.19,26705.08,24912.190000000002,Debit Card,Completed
f05decff-45e7-4a4a-9019-0b81ba74d299,2026_W22,O52346,U25556,P164,2026-05-30 10:07:58,4,7269.88,1739.81,139.18,4921.15,29079.52,27339.71,UPI,Completed
f05decff-45e7-4a4a-9019-0b81ba74d299,2026_W22,O52347,U3831,P138,2026-05-29 19:20:23,2,5599.95,558.5,189.98,1915.45,11199.9,10641.4,Debit Card,Completed
f05decff-45e7-4a4a-9019-0b81ba74d299,2026_W22,O52348,U18224,P174,2026-05-30 18:27:46,1,3233.65,312.67,129.68,525.78,3233.65,2920.98,Wallet,Completed
f05decff-45e7-4a4a-9019-0b81ba74d299,2026_W22,O52349,U28063,P174,2026-05-31 11:56:55,1,3233.65,121.3,139.86,560.22,3233.65,3112.35,Wallet,Completed
f05decff-45e7-4a4a-9019-0b81ba74d299,2026_W22,O52350,U10947,P31,2026-05-28 03:50:23,4,4234.09,608.36,77.25,2939.04,16936.36,16328.0,Credit Card,Completed
f05decff-45e7-4a4a-9019-0b81ba74d299,2026_W22,O52351,U15075,P112,2026-05-31 03:57:43,2,4659.89,364.76,63.45,1611.9,9319.78,8955.02,Credit Card,Completed
f05decff-45e7-4a4a-9019-0b81ba74d299,2026_W22,O52352,U34362,P41,2026-05-27 20:53:37,3,7272.45,1262.02,108.47,3699.96,21817.35,20555.329999999998,Wallet,Completed
f05decff-45e7-4a4a-9019-0b81ba74d299,2026_W22,O52353,U21314,P21,2026-05-29 21:40:15,4,7585.24,563.58,182.57,5359.93,30340.96,29777.379999999997,Wallet,Completed
f05decff-45e7-4a4a-9019-0b81ba74d299,2026_W22,O52354,U13727,P78,2026-05-27 22:42:04,4,4707.59,9.28,84.03,3387.79,18830.36,18821.08,Debit Card,Completed
f05decff-45e7-4a4a-9019-0b81ba74d299,2026_W22,O52355,U17442,P98,2026-05-29 10:06:16,3,3365.14,64.53,96.43,1805.56,10095.42,10030.89,Credit Card,Completed
f05decff-45e7-4a4a-9019-0b81ba74d299,2026_W22,O52356,U7062,P196,2026-05-31 08:58:39,3,7726.11,548.4,125.86,4073.39,23178.329999999998,22629.929999999997,Debit Card,Completed
f05decff-45e7-4a4a-9019-0b81ba74d299,2026_W22,O52357,U30404,P43,2026-05-27 23:14:28,3,9948.84,4039.68,151.36,4645.23,29846.52,25806.84,UPI,Completed
f05decff-45e7-4a4a-9019-0b81ba74d299,2026_W22,O52358,U6832,P40,2026-05-30 08:15:08,2,4177.53,974.25,180.04,1328.55,8355.06,7380.8099999999995,Credit Card,Completed
f05decff-45e7-4a4a-9019-0b81ba74d299,2026_W22,O52359,U4612,P105,2026-05-27 09:11:54,3,7337.42,1047.79,65.8,3773.6,22012.260000000002,20964.47,Wallet,Completed
f05decff-45e7-4a4a-9019-0b81ba74d299,2026_W22,O52360,U34952,P82,2026-05-31 14:51:00,3,1796.79,162.84,70.78,940.96,5390.37,5227.53,UPI,Completed
f05decff-45e7-4a4a-9019-0b81ba74d299,2026_W22,O52361,U15247,P140,2026-05-30 19:59:05,1,3133.21,108.79,154.18,544.4,3133.21,3024.42,Credit Card,Completed
f05decff-45e7-4a4a-9019-0b81ba74d299,2026_W22,O52362,U8337,P66,2026-05-30 20:44:28,1,5399.1,195.93,184.6,936.57,5399.1,5203.17,Wallet,Completed
f05decff-45e7-4a4a-9019-0b81ba74d299,2026_W22,O52363,U29605,P21,2026-05-31 02:59:08,4,7585.24,2201.57,128.23,5065.09,30340.96,28139.39,Credit Card,Completed
f05decff-45e7-4a4a-9019-0b81ba74d299,2026_W22,O52364,U26393,P172,2026-05-26 06:37:25,1,9925.52,502.63,99.52,1696.12,9925.52,9422.890000000001,UPI,Completed
f05decff-45e7-4a4a-9019-0b81ba74d299,2026_W22,O52365,U17881,P164,2026-05-27 03:28:58,2,7269.88,1693.63,169.44,2312.3,14539.76,12846.130000000001,Wallet,Completed
f05decff-45e7-4a4a-9019-0b81ba74d299,2026_W22,O52366,U4480,P61,2026-05-27 02:56:31,2,7261.62,471.63,130.98,2529.29,14523.24,14051.61,Debit Card,Completed
f05decff-45e7-4a4a-9019-0b81ba74d299,2026_W22,O52367,U15075,P4,2026-05-30 07:24:33,4,11646.79,1375.98,175.15,8138.01,46587.16,45211.18,Credit Card,Completed
f05decff-45e7-4a4a-9019-0b81ba74d299,2026_W22,O52368,U27732,P73,2026-05-31 10:21:40,2,10930.99,1630.71,132.13,3641.63,21861.98,20231.27,UPI,Completed
f05decff-45e7-4a4a-9019-0b81ba74d299,2026_W22,O52369,U5505,P148,2026-05-29 17:06:59,4,2017.95,280.9,91.83,1402.36,8071.8,7790.900000000001,UPI,Completed
f05decff-45e7-4a4a-9019-0b81ba74d299,2026_W22,O52370,U4927,P20,2026-05-29 17:50:17,3,6465.0,2660.01,111.35,3012.3,19395.0,16734.989999999998,Credit Card,Completed
f05decff-45e7-4a4a-9019-0b81ba74d299,2026_W22,O52371,U23525,P195,2026-05-31 17:32:29,3,3603.97,1510.26,153.84,1674.3,10811.91,9301.65,Credit Card,Completed
f05decff-45e7-4a4a-9019-0b81ba74d299,2026_W22,O52372,U12556,P192,2026-05-27 06:05:59,4,8471.85,1835.75,128.22,5769.3,33887.4,32051.65,Credit Card,Completed
f05decff-45e7-4a4a-9019-0b81ba74d299,2026_W22,O52373,U18901,P18,2026-05-28 06:52:43,3,2101.11,897.52,171.66,973.05,6303.33,5405.8099999999995,Credit Card,Completed
f05decff-45e7-4a4a-9019-0b81ba74d299,2026_W22,O52374,U16743,P141,2026-05-26 19:18:56,4,6658.31,1542.16,109.02,4516.39,26633.24,25091.08,Debit Card,Completed
f05decff-45e7-4a4a-9019-0b81ba74d299,2026_W22,O52375,U25263,P128,2026-05-30 18:54:17,1,3133.44,382.63,110.13,495.15,3133.44,2750.81,UPI,Completed
f05decff-45e7-4a4a-9019-0b81ba74d299,2026_W22,O52376,U26556,P46,2026-05-27 18:01:21,3,7595.79,3230.94,129.2,3520.16,22787.37,19556.43,Wallet,Completed
f05decff-45e7-4a4a-9019-0b81ba74d299,2026_W22,O52377,U32355,P141,2026-05-27 22:50:44,2,6658.31,1087.42,63.64,2201.26,13316.62,12229.2,Debit Card,Completed
f05decff-45e7-4a4a-9019-0b81ba74d299,2026_W22,O52378,U26120,P167,2026-05-29 07:51:40,2,6729.0,376.09,171.9,2354.74,13458.0,13081.91,UPI,Completed
f05decff-45e7-4a4a-9019-0b81ba74d299,2026_W22,O52379,U3245,P38,2026-05-30 18:54:24,4,7075.19,212.43,50.43,5055.9,28300.76,28088.329999999998,UPI,Completed
f05decff-45e7-4a4a-9019-0b81ba74d299,2026_W22,O52380,U12289,P159,2026-05-30 21:56:57,1,8714.84,636.57,89.13,1454.09,8714.84,8078.27,Credit Card,Completed
f05decff-45e7-4a4a-9019-0b81ba74d299,2026_W22,O52381,U22288,P52,2026-05-29 14:40:43,3,4538.36,438.63,110.41,2371.76,13615.079999999998,13176.449999999999,Wallet,Completed
f05decff-45e7-4a4a-9019-0b81ba74d299,2026_W22,O52382,U24484,P55,2026-05-30 23:11:13,3,10434.9,567.62,169.58,5532.67,31304.699999999997,30737.079999999998,Credit Card,Completed
f05decff-45e7-4a4a-9019-0b81ba74d299,2026_W22,O52383,U32977,P152,2026-05-30 03:06:23,4,1970.06,533.27,92.55,1322.45,7880.24,7346.969999999999,Debit Card,Completed
f05decff-45e7-4a4a-9019-0b81ba74d299,2026_W22,O52384,U7412,P43,2026-05-26 10:59:04,4,9948.84,5848.67,188.17,6110.4,39795.36,33946.69,UPI,Completed
f05decff-45e7-4a4a-9019-0b81ba74d299,2026_W22,O52385,U18311,P197,2026-05-29 19:02:30,2,3825.75,905.47,158.45,1214.29,7651.5,6746.03,Credit Card,Completed
f05decff-45e7-4a4a-9019-0b81ba74d299,2026_W22,O52386,U12615,P121,2026-05-30 21:29:18,2,9562.01,1055.37,90.77,3252.36,19124.02,18068.65,Credit Card,Completed
f05decff-45e7-4a4a-9019-0b81ba74d299,2026_W22,O52387,U34346,P91,2026-05-31 06:33:30,3,4627.39,863.6,185.84,2343.34,13882.170000000002,13018.570000000002,Credit Card,Completed
f05decff-45e7-4a4a-9019-0b81ba74d299,2026_W22,O52388,U3712,P163,2026-05-29 07:17:42,3,2156.08,717.72,186.33,1035.09,6468.24,5750.5199999999995,Credit Card,Completed
f05decff-45e7-4a4a-9019-0b81ba74d299,2026_W22,O52389,U28565,P167,2026-05-29 00:25:19,3,6729.0,1907.26,102.81,3290.35,20187.0,18279.74,Credit Card,Completed
f05decff-45e7-4a4a-9019-0b81ba74d299,2026_W22,O52390,U14187,P55,2026-05-28 21:20:54,4,10434.9,5226.01,174.24,6572.45,41739.6,36513.59,Credit Card,Completed
f05decff-45e7-4a4a-9019-0b81ba74d299,2026_W22,O52391,U29252,P188,2026-05-31 07:27:43,1,3237.34,214.03,60.2,544.2,3237.34,3023.31,UPI,Completed
f05decff-45e7-4a4a-9019-0b81ba74d299,2026_W22,O52392,U5473,P110,2026-05-28 19:45:34,1,1984.17,6.79,190.03,355.93,1984.17,1977.38,Wallet,Completed
f05decff-45e7-4a4a-9019-0b81ba74d299,2026_W22,O52393,U1768,P45,2026-05-27 22:35:23,1,7618.9,1089.58,83.53,1175.28,7618.9,6529.32,Debit Card,Completed
f05decff-45e7-4a4a-9019-0b81ba74d299,2026_W22,O52394,U31293,P115,2026-05-30 10:21:16,1,8486.85,61.66,94.72,1516.53,8486.85,8425.19,Credit Card,Completed
f05decff-45e7-4a4a-9019-0b81ba74d299,2026_W22,O52395,U16337,P94,2026-05-31 16:57:13,2,4145.07,438.19,68.93,1413.35,8290.14,7851.95,Credit Card,Completed
f05decff-45e7-4a4a-9019-0b81ba74d299,2026_W22,O52396,U21506,P130,2026-05-25 22:25:28,2,11039.76,2174.81,147.28,3582.85,22079.52,19904.71,UPI,Completed
f05decff-45e7-4a4a-9019-0b81ba74d299,2026_W22,O52397,U18980,P93,2026-05-29 10:27:20,4,5224.43,1166.3,58.38,3551.66,20897.72,19731.420000000002,Credit Card,Completed
f05decff-45e7-4a4a-9019-0b81ba74d299,2026_W22,O52398,U28707,P26,2026-05-26 02:02:37,2,8687.74,2377.63,141.08,2699.61,17375.48,14997.849999999999,Wallet,Completed
f05decff-45e7-4a4a-9019-0b81ba74d299,2026_W22,O52399,U1224,P197,2026-05-26 13:14:49,3,3825.75,1368.09,158.22,1819.65,11477.25,10109.16,UPI,Completed
f05decff-45e7-4a4a-9019-0b81ba74d299,2026_W22,O52400,U13097,P77,2026-05-30 07:38:21,3,6432.15,1173.26,176.58,3262.17,19296.449999999997,18123.19,Debit Card,Completed
f05decff-45e7-4a4a-9019-0b81ba74d299,2026_W22,O52401,U1059,P4,2026-05-28 18:55:56,4,11646.79,2439.41,118.6,7946.59,46587.16,44147.75,Wallet,Completed
f05decff-45e7-4a4a-9019-0b81ba74d299,2026_W22,O52402,U20522,P40,2026-05-30 20:08:15,4,4177.53,2303.05,167.14,2593.27,16710.12,14407.07,Credit Card,Completed
f05decff-45e7-4a4a-9019-0b81ba74d299,2026_W22,O52403,U13202,P183,2026-05-30 20:26:10,1,9215.45,926.83,72.96,1491.95,9215.45,8288.62,Debit Card,Completed
f05decff-45e7-4a4a-9019-0b81ba74d299,2026_W22,O52404,U25972,P61,2026-05-31 18:53:56,4,7261.62,3348.8,174.18,4625.58,29046.48,25697.68,Wallet,Completed
f05decff-45e7-4a4a-9019-0b81ba74d299,2026_W22,O52405,U1790,P103,2026-05-26 09:55:32,3,5314.76,509.19,152.04,2778.32,15944.28,15435.09,Credit Card,Completed
f05decff-45e7-4a4a-9019-0b81ba74d299,2026_W22,O52406,U31254,P173,2026-05-31 21:19:32,3,4326.87,91.95,61.81,2319.96,12980.61,12888.66,Wallet,Completed
f05decff-45e7-4a4a-9019-0b81ba74d299,2026_W22,O52407,U34747,P71,2026-05-30 06:14:25,2,5001.28,537.62,67.22,1703.69,10002.56,9464.939999999999,UPI,Completed
f05decff-45e7-4a4a-9019-0b81ba74d299,2026_W22,O52408,U8724,P103,2026-05-26 18:43:26,4,5314.76,1882.69,174.36,3487.74,21259.04,19376.350000000002,Debit Card,Completed
f05decff-45e7-4a4a-9019-0b81ba74d299,2026_W22,O52409,U25469,P85,2026-05-28 15:08:05,3,7274.5,1590.69,156.3,3641.91,21823.5,20232.81,Wallet,Completed
f05decff-45e7-4a4a-9019-0b81ba74d299,2026_W22,O52410,U31102,P19,2026-05-28 19:59:14,4,10873.73,4376.66,166.07,7041.29,43494.92,39118.259999999995,Debit Card,Completed
f05decff-45e7-4a4a-9019-0b81ba74d299,2026_W22,O52411,U11642,P10,2026-05-27 19:25:51,3,6983.65,1800.6,71.36,3447.06,20950.949999999997,19150.35,Debit Card,Completed
f05decff-45e7-4a4a-9019-0b81ba74d299,2026_W22,O52412,U24633,P49,2026-05-27 23:41:29,1,4925.87,456.74,161.82,804.44,4925.87,4469.13,UPI,Completed
f05decff-45e7-4a4a-9019-0b81ba74d299,2026_W22,O52413,U228,P95,2026-05-30 09:02:12,4,1959.5,478.94,80.24,1324.63,7838.0,7359.06,Credit Card,Completed
f05decff-45e7-4a4a-9019-0b81ba74d299,2026_W22,O52414,U23650,P53,2026-05-27 06:38:08,1,8018.26,777.32,195.63,1303.37,8018.26,7240.9400000000005,UPI,Completed
f05decff-45e7-4a4a-9019-0b81ba74d299,2026_W22,O52415,U32028,P67,2026-05-29 01:47:47,3,6555.74,630.91,153.38,3426.54,19667.22,19036.31,Debit Card,Completed
f05decff-45e7-4a4a-9019-0b81ba74d299,2026_W22,O52416,U32618,P159,2026-05-29 19:17:35,1,8714.84,337.26,195.23,1507.96,8714.84,8377.58,UPI,Completed
f05decff-45e7-4a4a-9019-0b81ba74d299,2026_W22,O52417,U30123,P129,2026-05-27 01:31:28,1,5625.8,157.42,176.01,984.31,5625.8,5468.38,Debit Card,Completed
f05decff-45e7-4a4a-9019-0b81ba74d299,2026_W22,O52418,U4332,P41,2026-05-30 16:46:39,4,7272.45,3948.02,153.55,4525.52,29089.8,25141.78,Credit Card,Completed
f05decff-45e7-4a4a-9019-0b81ba74d299,2026_W22,O52419,U23884,P133,2026-05-26 22:59:05,4,7230.51,2879.24,114.73,4687.7,28922.04,26042.800000000003,Credit Card,Completed
f05decff-45e7-4a4a-9019-0b81ba74d299,2026_W22,O52420,U34267,P58,2026-05-27 07:03:20,3,2716.51,661.54,135.69,1347.84,8149.530000000001,7487.990000000001,Debit Card,Completed
f05decff-45e7-4a4a-9019-0b81ba74d299,2026_W22,O52421,U3831,P138,2026-05-30 04:47:09,4,5599.95,1243.58,136.97,3808.12,22399.8,21156.22,Credit Card,Completed
f05decff-45e7-4a4a-9019-0b81ba74d299,2026_W22,O52422,U18377,P11,2026-05-31 10:47:29,1,4897.66,165.2,138.79,851.84,4897.66,4732.46,Wallet,Completed
f05decff-45e7-4a4a-9019-0b81ba74d299,2026_W22,O52423,U33167,P146,2026-05-27 10:54:47,2,4559.37,283.69,144.74,1590.31,9118.74,8835.05,Wallet,Completed
f05decff-45e7-4a4a-9019-0b81ba74d299,2026_W22,O52424,U15010,P71,2026-05-29 23:20:45,3,5001.28,2190.89,90.21,2306.33,15003.84,12812.95,Wallet,Completed
f05decff-45e7-4a4a-9019-0b81ba74d299,2026_W22,O52425,U22211,P133,2026-05-28 20:20:37,1,7230.51,772.38,69.27,1162.46,7230.51,6458.13,Credit Card,Completed
f05decff-45e7-4a4a-9019-0b81ba74d299,2026_W22,O52426,U15986,P146,2026-05-31 19:01:43,1,4559.37,543.61,102.4,722.84,4559.37,4015.7599999999998,Credit Card,Completed
f05decff-45e7-4a4a-9019-0b81ba74d299,2026_W22,O52427,U9246,P171,2026-05-29 05:59:22,4,7036.96,2727.09,52.47,4575.73,28147.84,25420.75,UPI,Completed
f05decff-45e7-4a4a-9019-0b81ba74d299,2026_W22,O52428,U8501,P64,2026-05-28 07:47:54,4,5141.6,1189.09,131.37,3487.92,20566.4,19377.31,Wallet,Completed
f05decff-45e7-4a4a-9019-0b81ba74d299,2026_W22,O52429,U2326,P75,2026-05-27 10:40:46,2,3046.83,93.96,177.67,1079.95,6093.66,5999.7,Wallet,Completed
f05decff-45e7-4a4a-9019-0b81ba74d299,2026_W22,O52430,U15318,P92,2026-05-31 07:05:31,1,7099.99,61.97,182.73,1266.84,7099.99,7038.0199999999995,Credit Card,Completed
f05decff-45e7-4a4a-9019-0b81ba74d299,2026_W22,O52431,U2019,P71,2026-05-30 18:33:52,3,5001.28,539.76,149.78,2603.53,15003.84,14464.08,Credit Card,Completed
f05decff-45e7-4a4a-9019-0b81ba74d299,2026_W22,O52432,U16094,P85,2026-05-30 21:58:06,2,7274.5,1071.97,105.03,2425.87,14549.0,13477.03,Debit Card,Completed
f05decff-45e7-4a4a-9019-0b81ba74d299,2026_W22,O52433,U6810,P199,2026-05-27 00:22:00,3,10122.76,1934.62,71.33,5118.06,30368.28,28433.66,Credit Card,Completed
f05decff-45e7-4a4a-9019-0b81ba74d299,2026_W22,O52434,U539,P108,2026-05-31 12:28:24,2,4001.51,645.03,123.94,1324.44,8003.02,7357.990000000001,Credit Card,Completed
f05decff-45e7-4a4a-9019-0b81ba74d299,2026_W22,O52435,U5470,P35,2026-05-29 18:38:55,3,3801.69,186.53,141.27,2019.34,11405.07,11218.539999999999,Credit Card,Completed
f05decff-45e7-4a4a-9019-0b81ba74d299,2026_W22,O52436,U1771,P194,2026-05-30 16:42:18,1,3163.97,10.5,143.96,567.62,3163.97,3153.47,Wallet,Completed
f05decff-45e7-4a4a-9019-0b81ba74d299,2026_W22,O52437,U32484,P16,2026-05-26 06:40:45,4,4498.86,787.57,92.88,3097.42,17995.44,17207.87,UPI,Completed
f05decff-45e7-4a4a-9019-0b81ba74d299,2026_W22,O52438,U12416,P189,2026-05-30 16:03:18,2,7353.02,1230.68,154.29,2425.56,14706.04,13475.36,UPI,Completed
f05decff-45e7-4a4a-9019-0b81ba74d299,2026_W22,O52439,U6401,P158,2026-05-30 16:03:46,4,6839.61,2200.49,176.44,4528.43,27358.44,25157.949999999997,Credit Card,Completed
f05decff-45e7-4a4a-9019-0b81ba74d299,2026_W22,O52440,U22010,P10,2026-05-31 09:56:09,2,6983.65,1083.03,156.9,2319.17,13967.3,12884.269999999999,Wallet,Completed
f05decff-45e7-4a4a-9019-0b81ba74d299,2026_W22,O52441,U3164,P64,2026-05-30 10:15:31,4,5141.6,1708.04,135.55,3394.5,20566.4,18858.36,UPI,Completed
f05decff-45e7-4a4a-9019-0b81ba74d299,2026_W22,O52442,U30829,P148,2026-05-27 23:21:50,3,2017.95,904.59,126.6,926.87,6053.85,5149.26,Debit Card,Completed
f05decff-45e7-4a4a-9019-0b81ba74d299,2026_W22,O52443,U14564,P133,2026-05-27 19:31:55,1,7230.51,813.76,110.66,1155.01,7230.51,6416.75,Credit Card,Completed
f05decff-45e7-4a4a-9019-0b81ba74d299,2026_W22,O52444,U34172,P63,2026-05-27 07:31:15,1,5767.08,770.65,77.43,899.36,5767.08,4996.43,Wallet,Completed
f05decff-45e7-4a4a-9019-0b81ba74d299,2026_W22,O52445,U27347,P76,2026-05-29 05:31:46,4,3664.46,1924.93,154.8,2291.92,14657.84,12732.91,Credit Card,Completed
f05decff-45e7-4a4a-9019-0b81ba74d299,2026_W22,O52446,U24459,P184,2026-05-26 23:26:49,2,3886.18,668.5,145.53,1278.69,7772.36,7103.86,Debit Card,Completed
f05decff-45e7-4a4a-9019-0b81ba74d299,2026_W22,O52447,U7061,P105,2026-05-27 08:14:14,2,7337.42,989.9,68.86,2463.29,14674.84,13684.94,UPI,Completed
f05decff-45e7-4a4a-9019-0b81ba74d299,2026_W22,O52448,U34526,P75,2026-05-27 17:19:40,4,3046.83,1274.28,135.99,1964.35,12187.32,10913.039999999999,Debit Card,Completed
f05decff-45e7-4a4a-9019-0b81ba74d299,2026_W22,O52449,U29867,P88,2026-05-26 07:41:32,3,2502.34,548.91,157.05,1252.46,7507.02,6958.110000000001,Wallet,Completed
f05decff-45e7-4a4a-9019-0b81ba74d299,2026_W22,O52450,U2895,P121,2026-05-29 19:08:14,2,9562.01,1132.85,191.57,3238.41,19124.02,17991.170000000002,Debit Card,Completed
f05decff-45e7-4a4a-9019-0b81ba74d299,2026_W22,O52451,U17090,P137,2026-05-29 22:01:59,3,4729.65,1701.37,51.34,2247.76,14188.949999999999,12487.579999999998,Wallet,Completed
f05decff-45e7-4a4a-9019-0b81ba74d299,2026_W22,O52452,U13668,P11,2026-05-27 14:41:25,2,4897.66,413.41,119.89,1688.74,9795.32,9381.91,Debit Card,Completed
f05decff-45e7-4a4a-9019-0b81ba74d299,2026_W22,O52453,U28318,P25,2026-05-27 20:35:46,1,4602.38,489.54,195.54,740.31,4602.38,4112.84,Debit Card,Completed
f05decff-45e7-4a4a-9019-0b81ba74d299,2026_W22,O52454,U1593,P23,2026-05-28 04:04:15,1,2281.71,54.72,160.67,400.86,2281.71,2226.9900000000002,Wallet,Completed
f05decff-45e7-4a4a-9019-0b81ba74d299,2026_W22,O52455,U19986,P96,2026-05-27 12:11:09,3,6676.27,1796.73,161.87,3281.77,20028.81,18232.08,Credit Card,Completed
f05decff-45e7-4a4a-9019-0b81ba74d299,2026_W22,O52456,U2803,P138,2026-05-31 09:57:21,3,5599.95,2333.14,166.76,2604.01,16799.85,14466.71,UPI,Completed
f05decff-45e7-4a4a-9019-0b81ba74d299,2026_W22,O52457,U34117,P167,2026-05-28 11:06:25,3,6729.0,695.51,68.74,3508.47,20187.0,19491.49,Wallet,Completed
f05decff-45e7-4a4a-9019-0b81ba74d299,2026_W22,O52458,U32618,P76,2026-05-28 18:54:55,2,3664.46,1070.32,183.44,1126.55,7328.92,6258.6,Credit Card,Completed
f05decff-45e7-4a4a-9019-0b81ba74d299,2026_W22,O52459,U15075,P73,2026-05-31 20:37:15,1,10930.99,1020.91,58.48,1783.81,10930.99,9910.08,UPI,Completed
f05decff-45e7-4a4a-9019-0b81ba74d299,2026_W22,O52460,U10708,P117,2026-05-29 05:25:46,4,3717.32,627.47,197.61,2563.53,14869.28,14241.810000000001,UPI,Completed
f05decff-45e7-4a4a-9019-0b81ba74d299,2026_W22,O52461,U9667,P119,2026-05-31 11:27:45,1,10133.79,230.32,112.17,1782.62,10133.79,9903.470000000001,Debit Card,Completed
f05decff-45e7-4a4a-9019-0b81ba74d299,2026_W22,O52462,U24381,P53,2026-05-27 02:14:08,3,8018.26,2779.84,112.99,3829.49,24054.78,21274.94,Wallet,Completed
f05decff-45e7-4a4a-9019-0b81ba74d299,2026_W22,O52463,U8653,P9,2026-05-30 19:03:11,1,5369.05,347.03,187.52,903.96,5369.05,5022.02,UPI,Completed
f05decff-45e7-4a4a-9019-0b81ba74d299,2026_W22,O52464,U868,P38,2026-05-29 09:29:43,1,7075.19,142.89,191.81,1247.81,7075.19,6932.299999999999,Debit Card,Completed
f05decff-45e7-4a4a-9019-0b81ba74d299,2026_W22,O52465,U29535,P91,2026-05-29 02:59:49,3,4627.39,896.0,76.76,2337.51,13882.170000000002,12986.170000000002,Wallet,Completed
f05decff-45e7-4a4a-9019-0b81ba74d299,2026_W22,O52466,U20482,P23,2026-05-31 13:56:36,3,2281.71,415.38,141.31,1157.36,6845.13,6429.75,UPI,Completed
f05decff-45e7-4a4a-9019-0b81ba74d299,2026_W22,O52467,U1680,P173,2026-05-29 02:17:32,4,4326.87,491.97,70.84,3026.79,17307.48,16815.51,Credit Card,Completed
f05decff-45e7-4a4a-9019-0b81ba74d299,2026_W22,O52468,U22401,P101,2026-05-28 23:34:49,2,2760.68,90.72,84.19,977.52,5521.36,5430.639999999999,Credit Card,Completed
f05decff-45e7-4a4a-9019-0b81ba74d299,2026_W22,O52469,U13845,P85,2026-05-26 22:26:12,4,7274.5,4319.9,173.04,4460.06,29098.0,24778.1,Credit Card,Completed
f05decff-45e7-4a4a-9019-0b81ba74d299,2026_W22,O52470,U2714,P196,2026-05-28 03:42:08,1,7726.11,606.85,151.7,1281.47,7726.11,7119.259999999999,Wallet,Completed
f05decff-45e7-4a4a-9019-0b81ba74d299,2026_W22,O52471,U26993,P7,2026-05-28 03:56:39,4,8530.81,3634.75,132.19,5487.93,34123.24,30488.489999999998,Wallet,Completed
f05decff-45e7-4a4a-9019-0b81ba74d299,2026_W22,O52472,U10693,P145,2026-05-28 19:11:56,3,4583.49,1910.96,112.56,2131.11,13750.47,11839.509999999998,Wallet,Completed
f05decff-45e7-4a4a-9019-0b81ba74d299,2026_W22,O52473,U26310,P34,2026-05-26 13:31:53,3,8777.08,3603.96,90.08,4090.91,26331.239999999998,22727.28,Credit Card,Completed
f05decff-45e7-4a4a-9019-0b81ba74d299,2026_W22,O52474,U34589,P148,2026-05-30 08:35:57,3,2017.95,883.83,193.06,930.6,6053.85,5170.02,Debit Card,Completed
f05decff-45e7-4a4a-9019-0b81ba74d299,2026_W22,O52475,U16866,P54,2026-05-30 21:06:04,1,5968.84,560.67,159.01,973.47,5968.84,5408.17,UPI,Completed
f05decff-45e7-4a4a-9019-0b81ba74d299,2026_W22,O52476,U12598,P55,2026-05-26 02:18:04,4,10434.9,3615.49,97.47,6862.34,41739.6,38124.11,Wallet,Completed
f05decff-45e7-4a4a-9019-0b81ba74d299,2026_W22,O52477,U32712,P48,2026-05-26 10:53:58,4,10990.29,1398.13,152.74,7661.35,43961.16,42563.030000000006,Debit Card,Completed
f05decff-45e7-4a4a-9019-0b81ba74d299,2026_W22,O52478,U20584,P126,2026-05-25 22:31:31,1,7171.16,325.46,143.94,1232.23,7171.16,6845.7,UPI,Completed
f05decff-45e7-4a4a-9019-0b81ba74d299,2026_W22,O52479,U24939,P126,2026-05-27 16:53:23,2,7171.16,962.37,97.93,2408.39,14342.32,13379.949999999999,Debit Card,Completed
f05decff-45e7-4a4a-9019-0b81ba74d299,2026_W22,O52480,U10708,P165,2026-05-27 05:31:55,4,4063.67,537.36,73.45,2829.12,16254.68,15717.32,Wallet,Completed
f05decff-45e7-4a4a-9019-0b81ba74d299,2026_W22,O52481,U29698,P47,2026-05-29 05:48:41,4,4728.62,2797.9,72.21,2900.98,18914.48,16116.58,Credit Card,Completed
f05decff-45e7-4a4a-9019-0b81ba74d299,2026_W22,O52482,U29239,P126,2026-05-28 14:17:42,4,7171.16,1649.47,105.64,4866.33,28684.64,27035.17,Credit Card,Completed
f05decff-45e7-4a4a-9019-0b81ba74d299,2026_W22,O52483,U28093,P100,2026-05-27 18:21:51,2,7089.35,873.2,180.73,2394.99,14178.7,13305.5,Debit Card,Completed
f05decff-45e7-4a4a-9019-0b81ba74d299,2026_W22,O52484,U19382,P16,2026-05-27 07:26:55,2,4498.86,303.67,64.69,1564.93,8997.72,8694.05,UPI,Completed
f05decff-45e7-4a4a-9019-0b81ba74d299,2026_W22,O52485,U20620,P155,2026-05-28 10:06:18,2,8707.69,2355.28,113.93,2710.82,17415.38,15060.1,Wallet,Completed
f05decff-45e7-4a4a-9019-0b81ba74d299,2026_W22,O52486,U28093,P114,2026-05-29 10:03:32,3,4373.67,862.71,96.28,2206.49,13121.01,12258.3,Credit Card,Completed
f05decff-45e7-4a4a-9019-0b81ba74d299,2026_W22,O52487,U34671,P90,2026-05-26 10:31:36,2,6467.75,369.49,105.5,2261.88,12935.5,12566.01,Credit Card,Completed
f05decff-45e7-4a4a-9019-0b81ba74d299,2026_W22,O52488,U15138,P86,2026-05-26 14:21:30,2,7794.14,1696.89,106.18,2500.45,15588.28,13891.390000000001,UPI,Completed
f05decff-45e7-4a4a-9019-0b81ba74d299,2026_W22,O52489,U12797,P142,2026-05-30 23:32:09,2,4531.33,1010.42,124.13,1449.4,9062.66,8052.24,Credit Card,Completed
f05decff-45e7-4a4a-9019-0b81ba74d299,2026_W22,O52490,U6711,P23,2026-05-30 08:05:20,3,2281.71,416.28,197.77,1157.19,6845.13,6428.85,UPI,Completed
f05decff-45e7-4a4a-9019-0b81ba74d299,2026_W22,O52491,U6623,P17,2026-05-26 05:34:26,2,3339.42,987.61,72.3,1024.42,6678.84,5691.2300000000005,Debit Card,Completed
f05decff-45e7-4a4a-9019-0b81ba74d299,2026_W22,O52492,U2372,P98,2026-05-28 12:57:15,1,3365.14,407.31,197.52,532.41,3365.14,2957.83,Debit Card,Completed
f05decff-45e7-4a4a-9019-0b81ba74d299,2026_W22,O52493,U19263,P44,2026-05-28 09:26:08,4,1679.28,654.82,127.64,1091.21,6717.12,6062.3,Wallet,Completed
f05decff-45e7-4a4a-9019-0b81ba74d299,2026_W22,O52494,U34747,P98,2026-05-29 15:53:54,1,3365.14,491.6,176.36,517.24,3365.14,2873.54,UPI,Completed
f05decff-45e7-4a4a-9019-0b81ba74d299,2026_W22,O52495,U3530,P23,2026-05-31 16:31:41,1,2281.71,125.8,188.67,388.06,2281.71,2155.91,UPI,Completed
f05decff-45e7-4a4a-9019-0b81ba74d299,2026_W22,O52496,U19014,P171,2026-05-28 23:47:24,2,7036.96,1039.2,72.75,2346.25,14073.92,13034.72,Wallet,Completed
f05decff-45e7-4a4a-9019-0b81ba74d299,2026_W22,O52497,U25324,P102,2026-05-27 22:19:30,3,3001.78,220.67,85.81,1581.24,9005.34,8784.67,Debit Card,Completed
f05decff-45e7-4a4a-9019-0b81ba74d299,2026_W22,O52498,U18634,P138,2026-05-26 06:05:42,1,5599.95,758.57,189.57,871.45,5599.95,4841.38,Credit Card,Completed
f05decff-45e7-4a4a-9019-0b81ba74d299,2026_W22,O52499,U31704,P132,2026-05-31 09:04:44,1,5087.03,758.97,114.81,779.05,5087.03,4328.0599999999995,Credit Card,Completed
f05decff-45e7-4a4a-9019-0b81ba74d299,2026_W22,O52500,U29878,P174,2026-05-28 09:20:42,3,3233.65,1404.43,197.16,1493.37,9700.95,8296.52,UPI,Completed
f05decff-45e7-4a4a-9019-0b81ba74d299,2026_W22,O52501,U3106,P67,2026-05-26 13:36:38,4,6555.74,878.93,155.78,4561.93,26222.96,25344.03,Debit Card,Completed
f05decff-45e7-4a4a-9019-0b81ba74d299,2026_W22,O52502,U1784,P78,2026-05-27 19:04:27,1,4707.59,43.53,112.17,839.53,4707.59,4664.06,Credit Card,Completed
f05decff-45e7-4a4a-9019-0b81ba74d299,2026_W22,O52503,U6875,P1,2026-05-31 00:50:47,3,6823.54,555.75,137.58,3584.68,20470.62,19914.87,Credit Card,Completed
f05decff-45e7-4a4a-9019-0b81ba74d299,2026_W22,O52504,U3030,P101,2026-05-27 23:16:15,1,2760.68,98.8,191.91,479.14,2760.68,2661.8799999999997,Debit Card,Completed
f05decff-45e7-4a4a-9019-0b81ba74d299,2026_W22,O52505,U5693,P54,2026-05-28 18:26:17,2,5968.84,76.68,130.62,2134.98,11937.68,11861.0,Wallet,Completed
f05decff-45e7-4a4a-9019-0b81ba74d299,2026_W22,O52506,U27685,P141,2026-05-30 13:57:59,4,6658.31,507.76,63.69,4702.59,26633.24,26125.480000000003,Wallet,Completed
f05decff-45e7-4a4a-9019-0b81ba74d299,2026_W22,O52507,U30175,P58,2026-05-29 18:06:33,3,2716.51,610.83,144.13,1356.97,8149.530000000001,7538.700000000001,Credit Card,Completed
f05decff-45e7-4a4a-9019-0b81ba74d299,2026_W22,O52508,U7759,P20,2026-05-30 02:12:22,4,6465.0,1087.97,197.38,4458.97,25860.0,24772.03,Credit Card,Completed
f05decff-45e7-4a4a-9019-0b81ba74d299,2026_W22,O52509,U29382,P102,2026-05-31 13:56:07,1,3001.78,203.05,187.49,503.77,3001.78,2798.73,UPI,Completed
f05decff-45e7-4a4a-9019-0b81ba74d299,2026_W22,O52510,U21839,P173,2026-05-27 07:00:43,3,4326.87,382.55,178.12,2267.65,12980.61,12598.060000000001,Debit Card,Completed
f05decff-45e7-4a4a-9019-0b81ba74d299,2026_W22,O52511,U16581,P119,2026-05-30 04:18:53,4,10133.79,2509.67,121.08,6844.59,40535.16,38025.490000000005,Debit Card,Completed
f05decff-45e7-4a4a-9019-0b81ba74d299,2026_W22,O52512,U34980,P139,2026-05-26 04:23:03,1,7513.32,988.72,170.75,1174.43,7513.32,6524.599999999999,Credit Card,Completed
f05decff-45e7-4a4a-9019-0b81ba74d299,2026_W22,O52513,U21719,P91,2026-05-30 16:13:43,4,4627.39,2325.02,123.62,2913.22,18509.56,16184.54,UPI,Completed
f05decff-45e7-4a4a-9019-0b81ba74d299,2026_W22,O52514,U30061,P150,2026-05-28 18:22:31,1,7278.62,557.42,105.36,1209.82,7278.62,6721.2,Credit Card,Completed
f05decff-45e7-4a4a-9019-0b81ba74d299,2026_W22,O52515,U21027,P183,2026-05-26 00:43:29,3,9215.45,340.95,155.02,4914.97,27646.350000000002,27305.4,Credit Card,Completed
f05decff-45e7-4a4a-9019-0b81ba74d299,2026_W22,O52516,U28297,P41,2026-05-31 09:51:33,1,7272.45,267.1,115.48,1260.96,7272.45,7005.349999999999,Debit Card,Completed
f05decff-45e7-4a4a-9019-0b81ba74d299,2026_W22,O52517,U8537,P160,2026-05-30 12:49:01,4,6919.48,487.08,97.8,4894.35,27677.92,27190.839999999997,Credit Card,Completed
f05decff-45e7-4a4a-9019-0b81ba74d299,2026_W22,O52518,U13132,P127,2026-05-27 16:15:56,3,9140.26,2049.69,197.79,4566.8,27420.78,25371.09,UPI,Completed
f05decff-45e7-4a4a-9019-0b81ba74d299,2026_W22,O52519,U11199,P157,2026-05-29 17:46:53,3,5290.96,2363.97,151.12,2431.6,15872.880000000001,13508.910000000002,Debit Card,Completed
f05decff-45e7-4a4a-9019-0b81ba74d299,2026_W22,O52520,U29903,P176,2026-05-29 12:04:43,3,3628.75,799.57,146.36,1815.6,10886.25,10086.68,Debit Card,Completed
f05decff-45e7-4a4a-9019-0b81ba74d299,2026_W22,O52521,U26276,P5,2026-05-25 23:40:23,3,5785.73,2107.91,169.96,2744.87,17357.19,15249.279999999999,Credit Card,Completed
f05decff-45e7-4a4a-9019-0b81ba74d299,2026_W22,O52522,U29128,P22,2026-05-28 17:54:06,2,6284.85,1808.54,158.7,1937.01,12569.7,10761.16,Credit Card,Completed
f05decff-45e7-4a4a-9019-0b81ba74d299,2026_W22,O52523,U10946,P163,2026-05-29 02:36:14,4,2156.08,1289.09,187.69,1320.34,8624.32,7335.23,Debit Card,Completed
f05decff-45e7-4a4a-9019-0b81ba74d299,2026_W22,O52524,U9949,P124,2026-05-28 12:59:10,3,7063.56,2697.68,71.94,3328.74,21190.68,18493.0,Wallet,Completed
f05decff-45e7-4a4a-9019-0b81ba74d299,2026_W22,O52525,U29453,P154,2026-05-30 16:14:45,4,4135.27,1709.38,123.31,2669.71,16541.08,14831.7,UPI,Completed
f05decff-45e7-4a4a-9019-0b81ba74d299,2026_W22,O52526,U12071,P69,2026-05-29 15:56:16,2,5881.18,800.52,114.1,1973.13,11762.36,10961.84,Debit Card,Completed
f05decff-45e7-4a4a-9019-0b81ba74d299,2026_W22,O52527,U17003,P34,2026-05-26 17:08:00,4,8777.08,4412.26,70.46,5525.29,35108.32,30696.059999999998,UPI,Completed
f05decff-45e7-4a4a-9019-0b81ba74d299,2026_W22,O52528,U23483,P90,2026-05-31 11:15:24,4,6467.75,3580.94,178.05,4012.21,25871.0,22290.06,Debit Card,Completed
f05decff-45e7-4a4a-9019-0b81ba74d299,2026_W22,O52529,U9762,P180,2026-05-29 21:05:39,1,6781.04,159.59,75.39,1191.86,6781.04,6621.45,Debit Card,Completed
f05decff-45e7-4a4a-9019-0b81ba74d299,2026_W22,O52530,U10557,P152,2026-05-29 10:40:47,3,1970.06,296.23,96.8,1010.51,5910.18,5613.950000000001,Credit Card,Completed
f05decff-45e7-4a4a-9019-0b81ba74d299,2026_W22,O52531,U22468,P31,2026-05-31 18:21:21,3,4234.09,1588.26,178.43,2000.52,12702.27,11114.01,Debit Card,Completed
f05decff-45e7-4a4a-9019-0b81ba74d299,2026_W22,O52532,U6826,P199,2026-05-26 22:01:38,3,10122.76,1957.57,81.69,5113.93,30368.28,28410.71,UPI,Completed
f05decff-45e7-4a4a-9019-0b81ba74d299,2026_W22,O52533,U29567,P107,2026-05-29 20:34:29,4,3660.65,2081.7,136.42,2260.96,14642.6,12560.900000000001,UPI,Completed
f05decff-45e7-4a4a-9019-0b81ba74d299,2026_W22,O52534,U31536,P193,2026-05-29 12:59:46,4,5013.68,1459.97,186.18,3347.06,20054.72,18594.75,Debit Card,Completed
f05decff-45e7-4a4a-9019-0b81ba74d299,2026_W22,O52535,U31077,P171,2026-05-26 09:28:55,3,7036.96,130.25,53.49,3776.51,21110.88,20980.63,Wallet,Completed
f05decff-45e7-4a4a-9019-0b81ba74d299,2026_W22,O52536,U1829,P100,2026-05-30 12:43:38,2,7089.35,1020.9,58.47,2368.4,14178.7,13157.800000000001,Wallet,Completed
f05decff-45e7-4a4a-9019-0b81ba74d299,2026_W22,O52537,U7090,P96,2026-05-31 21:00:20,1,6676.27,445.31,73.66,1121.57,6676.27,6230.96,UPI,Completed
f05decff-45e7-4a4a-9019-0b81ba74d299,2026_W22,O52538,U14032,P21,2026-05-31 02:14:34,2,7585.24,823.97,54.03,2582.37,15170.48,14346.51,Wallet,Completed
f05decff-45e7-4a4a-9019-0b81ba74d299,2026_W22,O52539,U25070,P200,2026-05-31 00:07:15,1,9143.2,859.1,196.63,1491.14,9143.2,8284.1,Wallet,Completed
f05decff-45e7-4a4a-9019-0b81ba74d299,2026_W22,O52540,U22603,P192,2026-05-31 08:50:01,1,8471.85,1202.86,182.94,1308.42,8471.85,7268.990000000001,Credit Card,Completed
f05decff-45e7-4a4a-9019-0b81ba74d299,2026_W22,O52541,U13982,P100,2026-05-30 00:35:19,4,7089.35,4125.74,61.79,4361.7,28357.4,24231.660000000003,Debit Card,Completed
f05decff-45e7-4a4a-9019-0b81ba74d299,2026_W22,O52542,U33385,P23,2026-05-30 23:39:43,2,2281.71,210.95,168.26,783.44,4563.42,4352.47,UPI,Completed
f05decff-45e7-4a4a-9019-0b81ba74d299,2026_W22,O52543,U11905,P20,2026-05-26 00:30:11,2,6465.0,955.27,51.99,2155.45,12930.0,11974.73,Wallet,Completed
f05decff-45e7-4a4a-9019-0b81ba74d299,2026_W22,O52544,U1918,P154,2026-05-28 16:02:49,1,4135.27,395.56,119.74,673.15,4135.27,3739.7100000000005,UPI,Completed
f05decff-45e7-4a4a-9019-0b81ba74d299,2026_W22,O52545,U13668,P104,2026-05-28 15:21:49,4,5183.53,2283.97,192.75,3321.03,20734.12,18450.149999999998,Debit Card,Completed
f05decff-45e7-4a4a-9019-0b81ba74d299,2026_W22,O52546,U32723,P197,2026-05-28 23:43:47,2,3825.75,510.46,81.48,1285.39,7651.5,7141.04,Debit Card,Completed
f05decff-45e7-4a4a-9019-0b81ba74d299,2026_W22,O52547,U23017,P50,2026-05-27 03:55:18,3,2033.45,466.61,50.3,1014.07,6100.35,5633.740000000001,UPI,Completed
f05decff-45e7-4a4a-9019-0b81ba74d299,2026_W22,O52548,U6338,P141,2026-05-31 09:45:23,2,6658.31,801.58,140.15,2252.71,13316.62,12515.04,Debit Card,Completed
f05decff-45e7-4a4a-9019-0b81ba74d299,2026_W22,O52549,U11977,P7,2026-05-29 20:38:06,2,8530.81,496.22,196.62,2981.77,17061.62,16565.399999999998,Wallet,Completed
f05decff-45e7-4a4a-9019-0b81ba74d299,2026_W22,O52550,U11010,P71,2026-05-27 11:42:40,1,5001.28,660.76,193.2,781.29,5001.28,4340.5199999999995,Debit Card,Completed
f05decff-45e7-4a4a-9019-0b81ba74d299,2026_W22,O52551,U3998,P4,2026-05-31 03:50:51,4,11646.79,783.86,140.22,8244.59,46587.16,45803.3,Debit Card,Completed
f05decff-45e7-4a4a-9019-0b81ba74d299,2026_W22,O52552,U2208,P143,2026-05-30 15:48:39,4,6038.03,1825.5,142.43,4018.79,24152.12,22326.62,Credit Card,Completed
f05decff-45e7-4a4a-9019-0b81ba74d299,2026_W22,O52553,U31660,P186,2026-05-29 09:31:55,2,7849.55,330.22,141.17,2766.4,15699.1,15368.880000000001,Debit Card,Completed
f05decff-45e7-4a4a-9019-0b81ba74d299,2026_W22,O52554,U8551,P76,2026-05-26 15:17:43,3,3664.46,1604.01,169.13,1690.09,10993.380000000001,9389.37,Credit Card,Completed
f05decff-45e7-4a4a-9019-0b81ba74d299,2026_W22,O52555,U7115,P139,2026-05-29 04:23:53,2,7513.32,1841.52,150.39,2373.32,15026.64,13185.119999999999,Wallet,Completed
f05decff-45e7-4a4a-9019-0b81ba74d299,2026_W22,O52556,U16649,P60,2026-05-29 12:24:22,2,3458.47,11.99,56.76,1242.89,6916.94,6904.95,Wallet,Completed
f05decff-45e7-4a4a-9019-0b81ba74d299,2026_W22,O52557,U23922,P189,2026-05-31 09:31:18,2,7353.02,674.22,77.71,2525.73,14706.04,14031.820000000002,Wallet,Completed
f05decff-45e7-4a4a-9019-0b81ba74d299,2026_W22,O52558,U13618,P3,2026-05-27 13:19:53,2,6299.72,1468.87,57.93,2003.5,12599.44,11130.57,UPI,Completed
f05decff-45e7-4a4a-9019-0b81ba74d299,2026_W22,O52559,U11237,P194,2026-05-26 05:44:59,4,3163.97,1231.48,125.16,2056.39,12655.88,11424.4,Debit Card,Completed
f05decff-45e7-4a4a-9019-0b81ba74d299,2026_W22,O52560,U13882,P87,2026-05-30 07:56:21,1,7395.64,699.25,135.78,1205.35,7395.64,6696.39,Credit Card,Completed
f05decff-45e7-4a4a-9019-0b81ba74d299,2026_W22,O52561,U2458,P184,2026-05-28 14:59:25,4,3886.18,322.86,182.29,2739.93,15544.72,15221.859999999999,UPI,Completed
f05decff-45e7-4a4a-9019-0b81ba74d299,2026_W22,O52562,U31012,P141,2026-05-29 09:29:18,1,6658.31,616.13,65.02,1087.59,6658.31,6042.18,UPI,Completed
f05decff-45e7-4a4a-9019-0b81ba74d299,2026_W22,O52563,U880,P161,2026-05-28 13:48:24,4,5474.81,2696.83,53.85,3456.43,21899.24,19202.410000000003,Debit Card,Completed
f05decff-45e7-4a4a-9019-0b81ba74d299,2026_W22,O52564,U13721,P141,2026-05-27 11:01:54,2,6658.31,1542.97,187.56,2119.26,13316.62,11773.650000000001,Debit Card,Completed
f05decff-45e7-4a4a-9019-0b81ba74d299,2026_W22,O52565,U5573,P128,2026-05-29 00:09:55,3,3133.44,354.78,137.7,1628.2,9400.32,9045.539999999999,Debit Card,Completed
f05decff-45e7-4a4a-9019-0b81ba74d299,2026_W22,O52566,U22790,P110,2026-05-27 08:51:39,1,1984.17,118.12,147.15,335.89,1984.17,1866.0500000000002,Credit Card,Completed
f05decff-45e7-4a4a-9019-0b81ba74d299,2026_W22,O52567,U26016,P24,2026-05-30 14:01:08,1,4886.78,151.52,62.96,852.35,4886.78,4735.259999999999,Credit Card,Completed
f05decff-45e7-4a4a-9019-0b81ba74d299,2026_W22,O52568,U30123,P178,2026-05-28 17:36:12,4,2500.92,5.33,157.28,1799.7,10003.68,9998.35,Debit Card,Completed
f05decff-45e7-4a4a-9019-0b81ba74d299,2026_W22,O52569,U29854,P114,2026-05-30 11:18:47,4,4373.67,2584.29,61.84,2683.87,17494.68,14910.39,Credit Card,Completed
f05decff-45e7-4a4a-9019-0b81ba74d299,2026_W22,O52570,U11213,P192,2026-05-28 15:19:02,2,8471.85,2355.72,85.86,2625.84,16943.7,14587.980000000001,Wallet,Completed
f05decff-45e7-4a4a-9019-0b81ba74d299,2026_W22,O52571,U13449,P37,2026-05-31 07:52:57,4,9886.76,1714.03,65.6,6809.94,39547.04,37833.01,UPI,Completed
f05decff-45e7-4a4a-9019-0b81ba74d299,2026_W22,O52572,U29916,P128,2026-05-31 10:01:58,3,3133.44,222.15,161.96,1652.07,9400.32,9178.17,Credit Card,Completed
f05decff-45e7-4a4a-9019-0b81ba74d299,2026_W22,O52573,U10163,P31,2026-05-30 02:36:34,4,4234.09,979.65,154.11,2872.21,16936.36,15956.710000000001,UPI,Completed
f05decff-45e7-4a4a-9019-0b81ba74d299,2026_W22,O52574,U14150,P57,2026-05-27 07:45:47,3,3408.89,952.27,73.94,1669.39,10226.67,9274.4,Wallet,Completed
f05decff-45e7-4a4a-9019-0b81ba74d299,2026_W22,O52575,U15398,P21,2026-05-30 02:35:20,4,7585.24,1981.55,192.71,5104.69,30340.96,28359.41,Wallet,Completed
f05decff-45e7-4a4a-9019-0b81ba74d299,2026_W22,O52576,U28224,P31,2026-05-27 07:24:13,1,4234.09,188.78,185.2,728.16,4234.09,4045.31,Wallet,Completed
f05decff-45e7-4a4a-9019-0b81ba74d299,2026_W22,O52577,U5452,P150,2026-05-26 13:53:13,4,7278.62,2818.84,145.64,4733.22,29114.48,26295.64,UPI,Completed
f05decff-45e7-4a4a-9019-0b81ba74d299,2026_W22,O52578,U32047,P125,2026-05-31 03:49:20,3,5593.86,1360.91,196.63,2775.72,16781.579999999998,15420.669999999998,UPI,Completed
f05decff-45e7-4a4a-9019-0b81ba74d299,2026_W22,O52579,U27664,P159,2026-05-27 18:04:35,4,8714.84,1337.96,160.9,6033.85,34859.36,33521.4,Wallet,Completed
f05decff-45e7-4a4a-9019-0b81ba74d299,2026_W22,O52580,U15373,P16,2026-05-31 03:52:52,2,4498.86,200.02,93.76,1583.59,8997.72,8797.699999999999,Credit Card,Completed
f05decff-45e7-4a4a-9019-0b81ba74d299,2026_W22,O52581,U1032,P156,2026-05-30 01:49:17,1,2183.92,287.28,72.68,341.4,2183.92,1896.64,Credit Card,Completed
f05decff-45e7-4a4a-9019-0b81ba74d299,2026_W22,O52582,U12965,P158,2026-05-31 02:54:04,3,6839.61,383.11,175.24,3624.43,20518.829999999998,20135.719999999998,Debit Card,Completed
f05decff-45e7-4a4a-9019-0b81ba74d299,2026_W22,O52583,U25246,P85,2026-05-27 14:07:34,4,7274.5,782.16,161.98,5096.85,29098.0,28315.84,Wallet,Completed
f05decff-45e7-4a4a-9019-0b81ba74d299,2026_W22,O52584,U24759,P160,2026-05-27 11:03:24,1,6919.48,47.05,191.72,1237.04,6919.48,6872.429999999999,Debit Card,Completed
f05decff-45e7-4a4a-9019-0b81ba74d299,2026_W22,O52585,U4777,P126,2026-05-29 15:36:38,2,7171.16,1228.51,161.77,2360.49,14342.32,13113.81,UPI,Completed
f05decff-45e7-4a4a-9019-0b81ba74d299,2026_W22,O52586,U21361,P84,2026-05-31 09:02:29,1,8271.97,1221.22,125.77,1269.13,8271.97,7050.749999999999,Wallet,Completed
f05decff-45e7-4a4a-9019-0b81ba74d299,2026_W22,O52587,U31866,P134,2026-05-31 02:31:24,2,3654.35,380.93,69.06,1247.0,7308.7,6927.7699999999995,Wallet,Completed
f05decff-45e7-4a4a-9019-0b81ba74d299,2026_W22,O52588,U25811,P184,2026-05-29 22:39:50,1,3886.18,251.96,168.0,654.16,3886.18,3634.22,Debit Card,Completed
f05decff-45e7-4a4a-9019-0b81ba74d299,2026_W22,O52589,U26518,P176,2026-05-30 04:01:16,3,3628.75,1279.64,150.2,1729.19,10886.25,9606.61,UPI,Completed
f05decff-45e7-4a4a-9019-0b81ba74d299,2026_W22,O52590,U30260,P29,2026-05-30 06:10:03,4,7432.15,3317.15,104.32,4754.06,29728.6,26411.449999999997,Wallet,Completed
f05decff-45e7-4a4a-9019-0b81ba74d299,2026_W22,O52591,U21578,P57,2026-05-28 01:54:20,2,3408.89,178.04,100.2,1195.15,6817.78,6639.74,Debit Card,Completed
f05decff-45e7-4a4a-9019-0b81ba74d299,2026_W22,O52592,U32763,P111,2026-05-29 18:43:37,2,9541.24,2725.86,87.05,2944.19,19082.48,16356.619999999999,Wallet,Completed
f05decff-45e7-4a4a-9019-0b81ba74d299,2026_W22,O52593,U31976,P23,2026-05-26 16:42:34,4,2281.71,96.07,84.49,1625.54,9126.84,9030.77,Credit Card,Completed
f05decff-45e7-4a4a-9019-0b81ba74d299,2026_W22,O52594,U344,P120,2026-05-28 00:54:56,1,8125.66,804.78,177.56,1317.76,8125.66,7320.88,UPI,Completed
f05decff-45e7-4a4a-9019-0b81ba74d299,2026_W22,O52595,U15986,P147,2026-05-31 09:07:35,2,2240.85,624.12,71.76,694.36,4481.7,3857.58,Credit Card,Completed
f05decff-45e7-4a4a-9019-0b81ba74d299,2026_W22,O52596,U23987,P127,2026-05-26 05:59:02,2,9140.26,1529.1,168.49,3015.26,18280.52,16751.420000000002,Debit Card,Completed
f05decff-45e7-4a4a-9019-0b81ba74d299,2026_W22,O52597,U22235,P70,2026-05-27 18:50:12,3,2246.89,973.22,70.07,1038.14,6740.67,5767.45,Debit Card,Completed
f05decff-45e7-4a4a-9019-0b81ba74d299,2026_W22,O52598,U34579,P95,2026-05-27 01:59:42,4,1959.5,644.7,115.15,1294.79,7838.0,7193.3,Wallet,Completed
f05decff-45e7-4a4a-9019-0b81ba74d299,2026_W22,O52599,U18165,P35,2026-05-28 00:08:11,4,3801.69,818.33,69.59,2589.92,15206.76,14388.43,Credit Card,Completed
f05decff-45e7-4a4a-9019-0b81ba74d299,2026_W22,O52600,U26606,P135,2026-05-31 16:16:51,3,7738.35,1158.98,136.35,3970.09,23215.050000000003,22056.070000000003,Credit Card,Completed
f05decff-45e7-4a4a-9019-0b81ba74d299,2026_W22,O52601,U31131,P127,2026-05-27 12:11:39,4,9140.26,2056.08,56.69,6210.89,36561.04,34504.96,UPI,Completed
f05decff-45e7-4a4a-9019-0b81ba74d299,2026_W22,O52602,U19277,P129,2026-05-29 04:43:23,4,5625.8,2918.99,72.59,3525.16,22503.2,19584.21,Debit Card,Completed
f05decff-45e7-4a4a-9019-0b81ba74d299,2026_W22,O52603,U11046,P6,2026-05-28 18:03:36,4,7042.99,3625.4,125.29,4418.38,28171.96,24546.559999999998,UPI,Completed
f05decff-45e7-4a4a-9019-0b81ba74d299,2026_W22,O52604,U6656,P124,2026-05-28 06:48:03,2,7063.56,1387.51,160.49,2293.13,14127.12,12739.61,Credit Card,Completed
f05decff-45e7-4a4a-9019-0b81ba74d299,2026_W22,O52605,U33297,P158,2026-05-31 09:33:59,3,6839.61,26.82,86.63,3688.56,20518.829999999998,20492.01,Wallet,Completed
f05decff-45e7-4a4a-9019-0b81ba74d299,2026_W22,O52606,U27659,P132,2026-05-28 13:13:24,3,5087.03,2281.35,164.8,2336.35,15261.09,12979.74,Wallet,Completed
f05decff-45e7-4a4a-9019-0b81ba74d299,2026_W22,O52607,U34473,P177,2026-05-27 05:23:02,2,5607.98,659.63,161.99,1900.14,11215.96,10556.33,Credit Card,Completed
f05decff-45e7-4a4a-9019-0b81ba74d299,2026_W22,O52608,U22409,P123,2026-05-31 20:10:13,2,2425.48,426.37,80.09,796.43,4850.96,4424.59,Credit Card,Completed
f05decff-45e7-4a4a-9019-0b81ba74d299,2026_W22,O52609,U27685,P24,2026-05-31 12:44:03,1,4886.78,179.03,194.66,847.4,4886.78,4707.75,Credit Card,Completed
f05decff-45e7-4a4a-9019-0b81ba74d299,2026_W22,O52610,U9056,P15,2026-05-26 01:54:02,2,2472.77,218.44,140.88,850.88,4945.54,4727.1,Wallet,Completed
f05decff-45e7-4a4a-9019-0b81ba74d299,2026_W22,O52611,U31537,P65,2026-05-29 23:52:59,4,1802.09,45.82,144.47,1289.26,7208.36,7162.54,Credit Card,Completed
f05decff-45e7-4a4a-9019-0b81ba74d299,2026_W22,O52612,U3308,P32,2026-05-25 22:17:51,1,3711.51,250.25,184.77,623.03,3711.51,3461.26,Credit Card,Completed
f05decff-45e7-4a4a-9019-0b81ba74d299,2026_W22,O52613,U18298,P105,2026-05-28 01:40:07,4,7337.42,4244.03,52.31,4519.02,29349.68,25105.65,Credit Card,Completed
f05decff-45e7-4a4a-9019-0b81ba74d299,2026_W22,O52614,U20431,P16,2026-05-31 04:22:17,3,4498.86,201.04,69.38,2393.2,13496.579999999998,13295.539999999997,Credit Card,Completed
f05decff-45e7-4a4a-9019-0b81ba74d299,2026_W22,O52615,U25246,P180,2026-05-30 13:34:00,4,6781.04,3755.74,84.14,4206.32,27124.16,23368.42,UPI,Completed
f05decff-45e7-4a4a-9019-0b81ba74d299,2026_W22,O52616,U6969,P175,2026-05-29 06:30:12,4,10082.38,79.25,127.88,7245.05,40329.52,40250.27,UPI,Completed
f05decff-45e7-4a4a-9019-0b81ba74d299,2026_W22,O52617,U13000,P177,2026-05-26 13:18:05,3,5607.98,518.59,141.14,2934.96,16823.94,16305.349999999999,Wallet,Completed
f05decff-45e7-4a4a-9019-0b81ba74d299,2026_W22,O52618,U16358,P113,2026-05-28 23:29:16,4,2934.32,1242.62,164.26,1889.04,11737.28,10494.66,Credit Card,Completed
f05decff-45e7-4a4a-9019-0b81ba74d299,2026_W22,O52619,U21578,P73,2026-05-26 10:01:03,1,10930.99,1581.18,197.17,1682.97,10930.99,9349.81,Debit Card,Completed
f05decff-45e7-4a4a-9019-0b81ba74d299,2026_W22,O52620,U14242,P64,2026-05-27 10:41:39,3,5141.6,1334.4,166.0,2536.27,15424.800000000001,14090.400000000001,Debit Card,Completed
f05decff-45e7-4a4a-9019-0b81ba74d299,2026_W22,O52621,U1228,P40,2026-05-25 23:38:06,4,4177.53,2506.35,155.52,2556.68,16710.12,14203.769999999999,Debit Card,Completed
f05decff-45e7-4a4a-9019-0b81ba74d299,2026_W22,O52622,U10735,P98,2026-05-28 15:44:43,3,3365.14,166.07,152.59,1787.28,10095.42,9929.35,Credit Card,Completed
f05decff-45e7-4a4a-9019-0b81ba74d299,2026_W22,O52623,U1869,P79,2026-05-26 20:11:41,2,2810.31,790.03,137.69,869.51,5620.62,4830.59,Wallet,Completed
f05decff-45e7-4a4a-9019-0b81ba74d299,2026_W22,O52624,U27197,P75,2026-05-27 04:36:45,4,3046.83,557.43,98.73,2093.38,12187.32,11629.89,Credit Card,Completed
f05decff-45e7-4a4a-9019-0b81ba74d299,2026_W22,O52625,U4602,P119,2026-05-30 10:50:34,4,10133.79,3955.45,69.76,6584.35,40535.16,36579.71000000001,Wallet,Completed
f05decff-45e7-4a4a-9019-0b81ba74d299,2026_W22,O52626,U6127,P158,2026-05-25 23:17:31,1,6839.61,660.07,152.75,1112.32,6839.61,6179.54,Credit Card,Completed
f05decff-45e7-4a4a-9019-0b81ba74d299,2026_W22,O52627,U11013,P120,2026-05-31 08:44:52,4,8125.66,840.0,55.12,5699.28,32502.64,31662.64,UPI,Completed
f05decff-45e7-4a4a-9019-0b81ba74d299,2026_W22,O52628,U17065,P152,2026-05-29 06:13:17,1,1970.06,27.63,138.42,349.64,1970.06,1942.4299999999998,Debit Card,Completed
f05decff-45e7-4a4a-9019-0b81ba74d299,2026_W22,O52629,U18634,P50,2026-05-29 18:40:17,3,2033.45,601.92,64.74,989.72,6100.35,5498.43,Debit Card,Completed
f05decff-45e7-4a4a-9019-0b81ba74d299,2026_W22,O52630,U30873,P182,2026-05-28 05:20:32,1,6023.28,725.94,63.64,953.52,6023.28,5297.34,UPI,Completed
f05decff-45e7-4a4a-9019-0b81ba74d299,2026_W22,O52631,U13081,P41,2026-05-26 05:17:54,3,7272.45,2891.3,176.53,3406.69,21817.35,18926.05,UPI,Completed
f05decff-45e7-4a4a-9019-0b81ba74d299,2026_W22,O52632,U30802,P117,2026-05-30 15:30:15,4,3717.32,822.77,67.98,2528.37,14869.28,14046.51,Debit Card,Completed
f05decff-45e7-4a4a-9019-0b81ba74d299,2026_W22,O52633,U21256,P191,2026-05-30 09:06:57,4,4973.99,860.17,87.05,3426.44,19895.96,19035.79,Wallet,Completed
f05decff-45e7-4a4a-9019-0b81ba74d299,2026_W22,O52634,U3434,P187,2026-05-26 23:52:10,3,4000.12,787.22,151.14,2018.37,12000.36,11213.140000000001,Wallet,Completed
f05decff-45e7-4a4a-9019-0b81ba74d299,2026_W22,O52635,U32604,P80,2026-05-31 02:30:47,4,7227.02,3571.51,72.06,4560.58,28908.08,25336.57,UPI,Completed
f05decff-45e7-4a4a-9019-0b81ba74d299,2026_W22,O52636,U23832,P137,2026-05-26 00:29:34,2,4729.65,178.81,87.72,1670.49,9459.3,9280.49,Wallet,Completed
f05decff-45e7-4a4a-9019-0b81ba74d299,2026_W22,O52637,U17343,P115,2026-05-29 04:51:45,3,8486.85,568.26,140.18,4480.61,25460.550000000003,24892.290000000005,Wallet,Completed
f05decff-45e7-4a4a-9019-0b81ba74d299,2026_W22,O52638,U24664,P195,2026-05-27 12:27:52,3,3603.97,1447.94,83.04,1685.51,10811.91,9363.97,Debit Card,Completed
f05decff-45e7-4a4a-9019-0b81ba74d299,2026_W22,O52639,U7401,P148,2026-05-28 15:04:20,3,2017.95,668.82,83.89,969.31,6053.85,5385.030000000001,Credit Card,Completed
f05decff-45e7-4a4a-9019-0b81ba74d299,2026_W22,O52640,U29539,P40,2026-05-27 20:43:53,1,4177.53,603.16,190.44,643.39,4177.53,3574.37,Wallet,Completed
f05decff-45e7-4a4a-9019-0b81ba74d299,2026_W22,O52641,U12251,P3,2026-05-30 21:43:00,4,6299.72,552.66,191.16,4436.32,25198.88,24646.22,Wallet,Completed
f05decff-45e7-4a4a-9019-0b81ba74d299,2026_W22,O52642,U31976,P161,2026-05-31 17:09:03,4,5474.81,415.08,139.3,3867.15,21899.24,21484.16,Credit Card,Completed
f05decff-45e7-4a4a-9019-0b81ba74d299,2026_W22,O52643,U21518,P51,2026-05-27 00:46:01,4,6572.59,1611.4,181.87,4442.21,26290.36,24678.96,Credit Card,Completed
f05decff-45e7-4a4a-9019-0b81ba74d299,2026_W22,O52644,U29453,P1,2026-05-28 05:56:47,3,6823.54,65.71,120.83,3672.88,20470.62,20404.91,Debit Card,Completed
f05decff-45e7-4a4a-9019-0b81ba74d299,2026_W22,O52645,U11350,P197,2026-05-30 22:17:19,2,3825.75,209.57,76.26,1339.55,7651.5,7441.93,Credit Card,Completed
f05decff-45e7-4a4a-9019-0b81ba74d299,2026_W22,O52646,U32838,P89,2026-05-30 12:30:49,2,7149.14,1950.37,70.89,2222.62,14298.28,12347.91,Wallet,Completed
f05decff-45e7-4a4a-9019-0b81ba74d299,2026_W22,O52647,U26815,P2,2026-05-27 01:50:35,4,1543.5,776.12,187.54,971.62,6174.0,5397.88,Credit Card,Completed
f05decff-45e7-4a4a-9019-0b81ba74d299,2026_W22,O52648,U2864,P33,2026-05-28 19:52:11,2,7861.44,437.4,193.66,2751.39,15722.88,15285.48,Wallet,Completed
f05decff-45e7-4a4a-9019-0b81ba74d299,2026_W22,O52649,U21199,P56,2026-05-28 14:54:52,4,9725.09,2114.02,131.86,6621.54,38900.36,36786.340000000004,Wallet,Completed
f05decff-45e7-4a4a-9019-0b81ba74d299,2026_W22,O52650,U18798,P28,2026-05-30 01:50:53,1,3349.46,229.91,87.9,561.52,3349.46,3119.55,Debit Card,Completed
f05decff-45e7-4a4a-9019-0b81ba74d299,2026_W22,O52651,U19548,P191,2026-05-26 01:50:25,3,4973.99,2069.87,103.47,2313.38,14921.97,12852.099999999999,Debit Card,Completed
f05decff-45e7-4a4a-9019-0b81ba74d299,2026_W22,O52652,U19242,P136,2026-05-30 18:02:52,3,2314.22,1016.11,134.42,1066.78,6942.66,5926.55,UPI,Completed
f05decff-45e7-4a4a-9019-0b81ba74d299,2026_W22,O52653,U28308,P52,2026-05-30 13:48:03,4,4538.36,1254.21,124.79,3041.86,18153.44,16899.23,Wallet,Completed
f05decff-45e7-4a4a-9019-0b81ba74d299,2026_W22,O52654,U13604,P141,2026-05-31 04:40:10,4,6658.31,3937.26,170.06,4085.28,26633.24,22695.980000000003,Debit Card,Completed
f05decff-45e7-4a4a-9019-0b81ba74d299,2026_W22,O52655,U11983,P67,2026-05-27 18:30:43,1,6555.74,112.91,60.36,1159.71,6555.74,6442.83,Debit Card,Completed
f05decff-45e7-4a4a-9019-0b81ba74d299,2026_W22,O52656,U32692,P37,2026-05-26 16:27:13,2,9886.76,24.08,99.84,3554.9,19773.52,19749.44,Debit Card,Completed
f05decff-45e7-4a4a-9019-0b81ba74d299,2026_W22,O52657,U25069,P117,2026-05-26 22:09:37,1,3717.32,8.81,177.21,667.53,3717.32,3708.51,Credit Card,Completed
f05decff-45e7-4a4a-9019-0b81ba74d299,2026_W22,O52658,U1204,P69,2026-05-30 19:43:50,2,5881.18,1598.95,163.99,1829.41,11762.36,10163.41,Credit Card,Completed
f05decff-45e7-4a4a-9019-0b81ba74d299,2026_W22,O52659,U24177,P13,2026-05-27 10:57:32,4,6805.73,338.34,182.72,4839.22,27222.92,26884.579999999998,Credit Card,Completed
f05decff-45e7-4a4a-9019-0b81ba74d299,2026_W22,O52660,U15970,P9,2026-05-29 11:39:20,2,5369.05,849.45,85.34,1779.96,10738.1,9888.65,UPI,Completed
f05decff-45e7-4a4a-9019-0b81ba74d299,2026_W22,O52661,U30230,P195,2026-05-27 04:39:55,1,3603.97,99.53,130.83,630.8,3603.97,3504.4399999999996,Wallet,Completed
f05decff-45e7-4a4a-9019-0b81ba74d299,2026_W22,O52662,U1593,P158,2026-05-27 22:59:32,1,6839.61,626.9,127.58,1118.29,6839.61,6212.71,Debit Card,Completed
f05decff-45e7-4a4a-9019-0b81ba74d299,2026_W22,O52663,U13810,P165,2026-05-28 03:35:57,1,4063.67,59.28,83.96,720.79,4063.67,4004.39,Credit Card,Completed
f05decff-45e7-4a4a-9019-0b81ba74d299,2026_W22,O52664,U12338,P7,2026-05-31 17:10:15,4,8530.81,1780.08,139.54,5821.77,34123.24,32343.159999999996,Wallet,Completed
f05decff-45e7-4a4a-9019-0b81ba74d299,2026_W22,O52665,U19032,P89,2026-05-27 16:18:49,1,7149.14,897.37,134.22,1125.32,7149.14,6251.77,Wallet,Completed
f05decff-45e7-4a4a-9019-0b81ba74d299,2026_W22,O52666,U13795,P113,2026-05-31 19:19:15,4,2934.32,620.51,160.32,2001.02,11737.28,11116.77,Credit Card,Completed
f05decff-45e7-4a4a-9019-0b81ba74d299,2026_W22,O52667,U6810,P100,2026-05-29 05:58:35,2,7089.35,783.46,147.07,2411.14,14178.7,13395.240000000002,Credit Card,Completed
f05decff-45e7-4a4a-9019-0b81ba74d299,2026_W22,O52668,U15006,P189,2026-05-26 16:50:50,2,7353.02,1129.42,71.04,2443.79,14706.04,13576.62,Debit Card,Completed
f05decff-45e7-4a4a-9019-0b81ba74d299,2026_W22,O52669,U31684,P52,2026-05-28 14:47:49,1,4538.36,648.96,190.05,700.09,4538.36,3889.3999999999996,Debit Card,Completed
f05decff-45e7-4a4a-9019-0b81ba74d299,2026_W22,O52670,U32917,P107,2026-05-27 04:22:17,4,3660.65,2092.41,194.58,2259.03,14642.6,12550.19,Wallet,Completed
f05decff-45e7-4a4a-9019-0b81ba74d299,2026_W22,O52671,U31528,P154,2026-05-28 08:29:43,1,4135.27,492.15,127.72,655.76,4135.27,3643.1200000000003,Wallet,Completed
f05decff-45e7-4a4a-9019-0b81ba74d299,2026_W22,O52672,U7120,P71,2026-05-27 18:25:52,4,5001.28,1549.9,161.94,3321.94,20005.12,18455.219999999998,Wallet,Completed
f05decff-45e7-4a4a-9019-0b81ba74d299,2026_W22,O52673,U32032,P79,2026-05-27 05:08:06,4,2810.31,1226.89,155.88,1802.58,11241.24,10014.35,Debit Card,Completed
f05decff-45e7-4a4a-9019-0b81ba74d299,2026_W22,O52674,U1156,P73,2026-05-27 14:06:40,4,10930.99,5188.42,192.88,6936.4,43723.96,38535.54,Credit Card,Completed
f05decff-45e7-4a4a-9019-0b81ba74d299,2026_W22,O52675,U24105,P14,2026-05-26 13:10:03,1,4944.6,652.85,181.96,772.52,4944.6,4291.75,UPI,Completed
f05decff-45e7-4a4a-9019-0b81ba74d299,2026_W22,O52676,U8916,P77,2026-05-26 01:27:05,4,6432.15,97.0,111.7,4613.69,25728.6,25631.6,Credit Card,Completed
f05decff-45e7-4a4a-9019-0b81ba74d299,2026_W22,O52677,U20569,P33,2026-05-30 02:14:00,1,7861.44,550.77,178.21,1315.92,7861.44,7310.67,Credit Card,Completed
f05decff-45e7-4a4a-9019-0b81ba74d299,2026_W22,O52678,U24083,P196,2026-05-26 20:02:57,3,7726.11,1206.61,115.09,3954.91,23178.329999999998,21971.719999999998,Credit Card,Completed
f05decff-45e7-4a4a-9019-0b81ba74d299,2026_W22,O52679,U20046,P31,2026-05-27 05:37:19,1,4234.09,166.34,158.63,732.2,4234.09,4067.75,Debit Card,Completed
f05decff-45e7-4a4a-9019-0b81ba74d299,2026_W22,O52680,U6163,P5,2026-05-26 06:00:17,3,5785.73,1280.39,81.05,2893.82,17357.19,16076.8,Credit Card,Completed
f05decff-45e7-4a4a-9019-0b81ba74d299,2026_W22,O52681,U34347,P18,2026-05-30 20:51:20,2,2101.11,476.16,63.62,670.69,4202.22,3726.0600000000004,Debit Card,Completed
f05decff-45e7-4a4a-9019-0b81ba74d299,2026_W22,O52682,U26849,P147,2026-05-27 13:54:22,2,2240.85,504.37,190.77,715.92,4481.7,3977.33,Wallet,Completed
f05decff-45e7-4a4a-9019-0b81ba74d299,2026_W22,O52683,U16465,P66,2026-05-29 20:29:55,4,5399.1,1685.21,169.86,3584.01,21596.4,19911.190000000002,Wallet,Completed
f05decff-45e7-4a4a-9019-0b81ba74d299,2026_W22,O52684,U26796,P79,2026-05-27 18:52:23,3,2810.31,380.85,192.57,1449.01,8430.93,8050.08,UPI,Completed
f05decff-45e7-4a4a-9019-0b81ba74d299,2026_W22,O52685,U5844,P197,2026-05-27 13:06:13,1,3825.75,422.82,147.13,612.53,3825.75,3402.93,Debit Card,Completed
f05decff-45e7-4a4a-9019-0b81ba74d299,2026_W22,O52686,U30440,P160,2026-05-27 05:51:03,3,6919.48,1519.3,142.62,3463.05,20758.44,19239.14,UPI,Completed
f05decff-45e7-4a4a-9019-0b81ba74d299,2026_W22,O52687,U14894,P169,2026-05-27 20:21:01,4,3759.37,1833.54,195.67,2376.71,15037.48,13203.939999999999,UPI,Completed
f05decff-45e7-4a4a-9019-0b81ba74d299,2026_W22,O52688,U20207,P68,2026-05-26 15:07:59,2,10947.39,336.76,111.96,3880.44,21894.78,21558.02,Wallet,Completed
f05decff-45e7-4a4a-9019-0b81ba74d299,2026_W22,O52689,U25383,P108,2026-05-27 14:33:00,1,4001.51,325.64,156.55,661.66,4001.51,3675.8700000000003,Debit Card,Completed
f05decff-45e7-4a4a-9019-0b81ba74d299,2026_W22,O52690,U27664,P99,2026-05-26 05:40:34,1,4457.11,199.87,186.7,766.3,4457.11,4257.24,Credit Card,Completed
f05decff-45e7-4a4a-9019-0b81ba74d299,2026_W22,O52691,U34812,P94,2026-05-28 00:15:01,4,4145.07,494.17,109.5,2895.5,16580.28,16086.109999999999,Debit Card,Completed
f05decff-45e7-4a4a-9019-0b81ba74d299,2026_W22,O52692,U1426,P16,2026-05-28 04:15:20,1,4498.86,133.96,101.01,785.68,4498.86,4364.9,UPI,Completed
f05decff-45e7-4a4a-9019-0b81ba74d299,2026_W22,O52693,U23961,P91,2026-05-29 23:24:56,4,4627.39,841.77,161.32,3180.2,18509.56,17667.79,Debit Card,Completed
f05decff-45e7-4a4a-9019-0b81ba74d299,2026_W22,O52694,U34397,P187,2026-05-25 22:33:18,4,4000.12,45.96,178.25,2871.81,16000.48,15954.52,Credit Card,Completed
f05decff-45e7-4a4a-9019-0b81ba74d299,2026_W22,O52695,U24706,P85,2026-05-26 03:39:39,3,7274.5,3096.06,72.99,3370.94,21823.5,18727.44,Debit Card,Completed
f05decff-45e7-4a4a-9019-0b81ba74d299,2026_W22,O52696,U3121,P25,2026-05-26 04:41:33,1,4602.38,201.29,96.66,792.2,4602.38,4401.09,UPI,Completed
f05decff-45e7-4a4a-9019-0b81ba74d299,2026_W22,O52697,U322,P158,2026-05-29 01:52:07,1,6839.61,80.95,176.03,1216.56,6839.61,6758.66,Debit Card,Completed
f05decff-45e7-4a4a-9019-0b81ba74d299,2026_W22,O52698,U25603,P2,2026-05-29 18:04:33,1,1543.5,32.95,141.8,271.9,1543.5,1510.55,Debit Card,Completed
f05decff-45e7-4a4a-9019-0b81ba74d299,2026_W22,O52699,U24083,P141,2026-05-29 08:16:42,4,6658.31,2436.56,193.69,4355.4,26633.24,24196.68,Wallet,Completed
f05decff-45e7-4a4a-9019-0b81ba74d299,2026_W22,O52700,U29995,P8,2026-05-26 06:44:22,1,7997.84,320.52,175.22,1381.92,7997.84,7677.32,Wallet,Completed
f05decff-45e7-4a4a-9019-0b81ba74d299,2026_W22,O52701,U27945,P183,2026-05-28 04:38:30,1,9215.45,546.13,67.12,1560.48,9215.45,8669.320000000002,UPI,Completed
f05decff-45e7-4a4a-9019-0b81ba74d299,2026_W22,O52702,U3756,P103,2026-05-27 06:56:08,2,5314.76,406.14,141.9,1840.21,10629.52,10223.380000000001,Wallet,Completed
f05decff-45e7-4a4a-9019-0b81ba74d299,2026_W22,O52703,U814,P93,2026-05-25 21:39:59,4,5224.43,2344.83,155.15,3339.52,20897.72,18552.89,Debit Card,Completed
f05decff-45e7-4a4a-9019-0b81ba74d299,2026_W22,O52704,U10392,P90,2026-05-29 18:25:17,3,6467.75,1012.77,198.84,3310.29,19403.25,18390.48,Wallet,Completed
f05decff-45e7-4a4a-9019-0b81ba74d299,2026_W22,O52705,U29965,P74,2026-05-26 12:33:09,1,8026.5,143.15,175.48,1419.0,8026.5,7883.35,Credit Card,Completed
f05decff-45e7-4a4a-9019-0b81ba74d299,2026_W22,O52706,U13439,P39,2026-05-27 22:56:30,4,5048.64,1268.59,172.4,3406.67,20194.56,18925.97,UPI,Completed
f05decff-45e7-4a4a-9019-0b81ba74d299,2026_W22,O52707,U3271,P29,2026-05-27 08:14:48,2,7432.15,714.09,128.88,2547.04,14864.3,14150.21,Credit Card,Completed
f05decff-45e7-4a4a-9019-0b81ba74d299,2026_W22,O52708,U7631,P155,2026-05-30 20:11:28,2,8707.69,604.39,83.56,3025.98,17415.38,16810.99,Credit Card,Completed
f05decff-45e7-4a4a-9019-0b81ba74d299,2026_W22,O52709,U5937,P78,2026-05-31 01:21:46,1,4707.59,453.81,143.44,765.68,4707.59,4253.78,Credit Card,Completed
f05decff-45e7-4a4a-9019-0b81ba74d299,2026_W22,O52710,U199,P138,2026-05-30 10:03:17,2,5599.95,1264.44,97.75,1788.38,11199.9,9935.46,Wallet,Completed
f05decff-45e7-4a4a-9019-0b81ba74d299,2026_W22,O52711,U28071,P61,2026-05-28 05:59:00,3,7261.62,2291.54,191.44,3508.8,21784.86,19493.32,UPI,Completed
f05decff-45e7-4a4a-9019-0b81ba74d299,2026_W22,O52712,U34108,P178,2026-05-28 06:25:58,4,2500.92,450.12,71.46,1719.64,10003.68,9553.56,Credit Card,Completed
f05decff-45e7-4a4a-9019-0b81ba74d299,2026_W22,O52713,U30394,P97,2026-05-29 03:10:21,1,5383.07,582.28,179.98,864.14,5383.07,4800.79,UPI,Completed
f05decff-45e7-4a4a-9019-0b81ba74d299,2026_W22,O52714,U10077,P144,2026-05-29 14:33:32,1,1737.47,44.24,57.92,304.78,1737.47,1693.23,Debit Card,Completed
f05decff-45e7-4a4a-9019-0b81ba74d299,2026_W22,O52715,U23225,P2,2026-05-26 04:33:54,2,1543.5,250.58,68.15,510.56,3087.0,2836.42,Debit Card,Completed
f05decff-45e7-4a4a-9019-0b81ba74d299,2026_W22,O52716,U28393,P180,2026-05-27 05:14:52,3,6781.04,899.38,145.91,3499.87,20343.12,19443.739999999998,Wallet,Completed
f05decff-45e7-4a4a-9019-0b81ba74d299,2026_W22,O52717,U1712,P60,2026-05-26 19:12:23,3,3458.47,897.42,166.99,1706.04,10375.41,9477.99,Debit Card,Completed
f05decff-45e7-4a4a-9019-0b81ba74d299,2026_W22,O52718,U32649,P165,2026-05-29 08:50:38,2,4063.67,942.4,138.84,1293.29,8127.34,7184.9400000000005,Debit Card,Completed
f05decff-45e7-4a4a-9019-0b81ba74d299,2026_W22,O52719,U29757,P48,2026-05-30 09:00:13,4,10990.29,6314.54,180.01,6776.39,43961.16,37646.62,Wallet,Completed
f05decff-45e7-4a4a-9019-0b81ba74d299,2026_W22,O52720,U32002,P189,2026-05-30 19:08:44,1,7353.02,290.05,74.2,1271.33,7353.02,7062.97,Debit Card,Completed
f05decff-45e7-4a4a-9019-0b81ba74d299,2026_W22,O52721,U34891,P169,2026-05-28 03:50:39,4,3759.37,1537.8,151.78,2429.94,15037.48,13499.68,Wallet,Completed
f05decff-45e7-4a4a-9019-0b81ba74d299,2026_W22,O52722,U7238,P189,2026-05-30 01:09:06,4,7353.02,3500.76,57.54,4664.04,29412.08,25911.32,Debit Card,Completed
f05decff-45e7-4a4a-9019-0b81ba74d299,2026_W22,O52723,U5872,P157,2026-05-26 19:47:41,1,5290.96,256.48,59.11,906.21,5290.96,5034.48,Wallet,Completed
f05decff-45e7-4a4a-9019-0b81ba74d299,2026_W22,O52724,U7795,P107,2026-05-25 23:58:39,1,3660.65,339.8,92.79,597.75,3660.65,3320.85,UPI,Completed
f05decff-45e7-4a4a-9019-0b81ba74d299,2026_W22,O52725,U11696,P194,2026-05-27 10:44:32,2,3163.97,164.97,170.99,1109.33,6327.94,6162.969999999999,Wallet,Completed
f05decff-45e7-4a4a-9019-0b81ba74d299,2026_W22,O52726,U26743,P200,2026-05-26 05:06:16,2,9143.2,2617.0,116.28,2820.49,18286.4,15669.400000000001,UPI,Completed
f05decff-45e7-4a4a-9019-0b81ba74d299,2026_W22,O52727,U228,P134,2026-05-26 11:55:26,3,3654.35,1565.62,89.04,1691.54,10963.05,9397.43,Debit Card,Completed
f05decff-45e7-4a4a-9019-0b81ba74d299,2026_W22,O52728,U10682,P159,2026-05-30 01:19:47,1,8714.84,1162.45,112.62,1359.43,8714.84,7552.39,Wallet,Completed
f05decff-45e7-4a4a-9019-0b81ba74d299,2026_W22,O52729,U25726,P109,2026-05-27 13:21:14,1,5251.93,686.32,53.74,821.81,5251.93,4565.610000000001,Debit Card,Completed
f05decff-45e7-4a4a-9019-0b81ba74d299,2026_W22,O52730,U6187,P44,2026-05-28 02:44:09,2,1679.28,291.8,81.5,552.02,3358.56,3066.7599999999998,Wallet,Completed
f05decff-45e7-4a4a-9019-0b81ba74d299,2026_W22,O52731,U30125,P181,2026-05-29 01:08:47,3,8581.69,2831.98,113.23,4124.36,25745.07,22913.09,Credit Card,Completed
f05decff-45e7-4a4a-9019-0b81ba74d299,2026_W22,O52732,U27508,P146,2026-05-26 04:03:28,1,4559.37,13.12,68.68,818.32,4559.37,4546.25,Debit Card,Completed
f05decff-45e7-4a4a-9019-0b81ba74d299,2026_W22,O52733,U4695,P91,2026-05-31 18:20:13,1,4627.39,215.66,140.84,794.11,4627.39,4411.7300000000005,Credit Card,Completed
f05decff-45e7-4a4a-9019-0b81ba74d299,2026_W22,O52734,U32006,P75,2026-05-26 19:22:05,1,3046.83,77.83,162.88,534.42,3046.83,2969.0,UPI,Completed
f05decff-45e7-4a4a-9019-0b81ba74d299,2026_W22,O52735,U8471,P147,2026-05-27 18:45:00,1,2240.85,276.49,131.21,353.58,2240.85,1964.36,Debit Card,Completed
f05decff-45e7-4a4a-9019-0b81ba74d299,2026_W22,O52736,U3984,P139,2026-05-30 17:43:00,2,7513.32,429.65,161.79,2627.46,15026.64,14596.99,Credit Card,Completed
f05decff-45e7-4a4a-9019-0b81ba74d299,2026_W22,O52737,U14255,P44,2026-05-31 09:04:31,4,1679.28,287.9,188.81,1157.26,6717.12,6429.22,Debit Card,Completed
f05decff-45e7-4a4a-9019-0b81ba74d299,2026_W22,O52738,U16066,P30,2026-05-27 11:25:21,4,10909.65,3058.5,147.14,7304.42,43638.6,40580.1,Debit Card,Completed
f05decff-45e7-4a4a-9019-0b81ba74d299,2026_W22,O52739,U34153,P73,2026-05-30 20:54:47,4,10930.99,6037.21,88.28,6783.62,43723.96,37686.75,Wallet,Completed
f05decff-45e7-4a4a-9019-0b81ba74d299,2026_W22,O52740,U18283,P172,2026-05-27 15:57:13,1,9925.52,1282.44,83.21,1555.75,9925.52,8643.08,UPI,Completed
f05decff-45e7-4a4a-9019-0b81ba74d299,2026_W22,O52741,U23571,P172,2026-05-30 18:41:09,3,9925.52,2940.33,194.89,4830.52,29776.56,26836.230000000003,UPI,Completed
f05decff-45e7-4a4a-9019-0b81ba74d299,2026_W22,O52742,U21602,P85,2026-05-31 07:47:52,2,7274.5,1736.15,194.15,2306.31,14549.0,12812.85,UPI,Completed
f05decff-45e7-4a4a-9019-0b81ba74d299,2026_W22,O52743,U22010,P70,2026-05-26 06:37:06,3,2246.89,502.62,50.53,1122.85,6740.67,6238.05,Credit Card,Completed
f05decff-45e7-4a4a-9019-0b81ba74d299,2026_W22,O52744,U9989,P178,2026-05-29 13:09:25,4,2500.92,1170.3,186.43,1590.01,10003.68,8833.380000000001,Wallet,Completed
f05decff-45e7-4a4a-9019-0b81ba74d299,2026_W22,O52745,U25367,P153,2026-05-29 20:03:54,2,11343.81,1739.44,139.1,3770.67,22687.62,20948.18,Wallet,Completed
f05decff-45e7-4a4a-9019-0b81ba74d299,2026_W22,O52746,U7881,P39,2026-05-28 06:45:40,2,5048.64,1416.79,116.86,1562.49,10097.28,8680.490000000002,Debit Card,Completed
f05decff-45e7-4a4a-9019-0b81ba74d299,2026_W22,O52747,U10237,P93,2026-05-28 20:36:28,3,5224.43,693.5,163.51,2696.36,15673.29,14979.79,Debit Card,Completed
f05decff-45e7-4a4a-9019-0b81ba74d299,2026_W22,O52748,U26325,P23,2026-05-28 23:00:02,4,2281.71,1067.45,162.16,1450.69,9126.84,8059.39,Credit Card,Completed
f05decff-45e7-4a4a-9019-0b81ba74d299,2026_W22,O52749,U28636,P164,2026-05-29 13:17:00,1,7269.88,165.17,180.7,1278.85,7269.88,7104.71,Credit Card,Completed
f05decff-45e7-4a4a-9019-0b81ba74d299,2026_W22,O52750,U11722,P134,2026-05-30 15:58:37,1,3654.35,450.67,51.07,576.66,3654.35,3203.68,Debit Card,Completed
f05decff-45e7-4a4a-9019-0b81ba74d299,2026_W22,O52751,U10742,P31,2026-05-30 20:26:10,1,4234.09,115.88,198.97,741.28,4234.09,4118.21,Credit Card,Completed
f05decff-45e7-4a4a-9019-0b81ba74d299,2026_W22,O52752,U9342,P135,2026-05-28 18:58:05,2,7738.35,195.13,144.48,2750.68,15476.7,15281.570000000002,Debit Card,Completed
f05decff-45e7-4a4a-9019-0b81ba74d299,2026_W22,O52753,U20967,P124,2026-05-27 14:46:59,3,7063.56,170.41,82.82,3783.65,21190.68,21020.27,Wallet,Completed
f05decff-45e7-4a4a-9019-0b81ba74d299,2026_W22,O52754,U26956,P113,2026-05-31 12:44:17,1,2934.32,187.84,85.2,494.37,2934.32,2746.48,UPI,Completed
f05decff-45e7-4a4a-9019-0b81ba74d299,2026_W22,O52755,U615,P55,2026-05-29 04:44:39,1,10434.9,1032.55,154.14,1692.42,10434.9,9402.35,Wallet,Completed
f05decff-45e7-4a4a-9019-0b81ba74d299,2026_W22,O52756,U22595,P152,2026-05-27 02:41:29,3,1970.06,567.43,132.5,961.7,5910.18,5342.75,Debit Card,Completed
f05decff-45e7-4a4a-9019-0b81ba74d299,2026_W22,O52757,U13290,P119,2026-05-29 13:14:23,3,10133.79,1442.61,176.89,5212.58,30401.370000000003,28958.760000000002,Credit Card,Completed
f05decff-45e7-4a4a-9019-0b81ba74d299,2026_W22,O52758,U7760,P18,2026-05-29 11:33:12,4,2101.11,373.65,151.07,1445.54,8404.44,8030.790000000001,Wallet,Completed
f05decff-45e7-4a4a-9019-0b81ba74d299,2026_W22,O52759,U13327,P193,2026-05-26 02:14:07,3,5013.68,350.8,193.76,2644.24,15041.04,14690.240000000002,UPI,Completed
f05decff-45e7-4a4a-9019-0b81ba74d299,2026_W22,O52760,U4360,P183,2026-05-31 07:20:31,3,9215.45,3564.32,176.01,4334.77,27646.350000000002,24082.030000000002,Credit Card,Completed
f05decff-45e7-4a4a-9019-0b81ba74d299,2026_W22,O52761,U12646,P88,2026-05-28 20:56:15,2,2502.34,636.83,121.04,786.21,5004.68,4367.85,Wallet,Completed
f05decff-45e7-4a4a-9019-0b81ba74d299,2026_W22,O52762,U13671,P187,2026-05-28 18:58:22,3,4000.12,1537.73,187.63,1883.27,12000.36,10462.630000000001,UPI,Completed
f05decff-45e7-4a4a-9019-0b81ba74d299,2026_W22,O52763,U8890,P119,2026-05-30 07:46:59,2,10133.79,2993.83,129.29,3109.28,20267.58,17273.75,Wallet,Completed
f05decff-45e7-4a4a-9019-0b81ba74d299,2026_W22,O52764,U21471,P132,2026-05-26 04:16:54,1,5087.03,135.06,118.3,891.35,5087.03,4951.969999999999,Debit Card,Completed
f05decff-45e7-4a4a-9019-0b81ba74d299,2026_W22,O52765,U34817,P149,2026-05-28 04:45:28,2,7089.62,912.47,161.61,2388.02,14179.24,13266.77,Debit Card,Completed
f05decff-45e7-4a4a-9019-0b81ba74d299,2026_W22,O52766,U27208,P121,2026-05-29 21:50:18,4,9562.01,3723.69,152.23,6214.38,38248.04,34524.35,UPI,Completed
f05decff-45e7-4a4a-9019-0b81ba74d299,2026_W22,O52767,U10597,P104,2026-05-28 04:16:35,3,5183.53,757.11,128.76,2662.83,15550.59,14793.48,Debit Card,Completed
f05decff-45e7-4a4a-9019-0b81ba74d299,2026_W22,O52768,U18698,P5,2026-05-26 06:15:45,3,5785.73,1227.15,189.78,2903.41,17357.19,16130.039999999999,Credit Card,Completed
f05decff-45e7-4a4a-9019-0b81ba74d299,2026_W22,O52769,U22129,P193,2026-05-29 06:42:40,1,5013.68,723.01,71.87,772.32,5013.68,4290.67,Credit Card,Completed
f05decff-45e7-4a4a-9019-0b81ba74d299,2026_W22,O52770,U22742,P130,2026-05-26 22:55:49,2,11039.76,725.04,68.58,3843.81,22079.52,21354.48,Wallet,Completed
f05decff-45e7-4a4a-9019-0b81ba74d299,2026_W22,O52771,U24378,P16,2026-05-28 04:43:58,4,4498.86,1422.32,165.85,2983.16,17995.44,16573.12,Credit Card,Completed
f05decff-45e7-4a4a-9019-0b81ba74d299,2026_W22,O52772,U28754,P26,2026-05-28 00:42:23,2,8687.74,1734.96,119.23,2815.29,17375.48,15640.52,Debit Card,Completed
f05decff-45e7-4a4a-9019-0b81ba74d299,2026_W22,O52773,U12416,P20,2026-05-31 13:07:08,3,6465.0,1453.03,165.26,3229.55,19395.0,17941.97,UPI,Completed
f05decff-45e7-4a4a-9019-0b81ba74d299,2026_W22,O52774,U703,P199,2026-05-30 21:50:16,1,10122.76,850.46,113.72,1669.01,10122.76,9272.3,Credit Card,Completed
f05decff-45e7-4a4a-9019-0b81ba74d299,2026_W22,O52775,U24163,P152,2026-05-27 02:31:00,3,1970.06,511.71,131.16,971.72,5910.18,5398.47,Credit Card,Completed
f05decff-45e7-4a4a-9019-0b81ba74d299,2026_W22,O52776,U21324,P16,2026-05-29 07:16:54,2,4498.86,248.1,73.86,1574.93,8997.72,8749.619999999999,Debit Card,Completed
f05decff-45e7-4a4a-9019-0b81ba74d299,2026_W22,O52777,U120,P95,2026-05-29 17:13:18,3,1959.5,128.12,85.33,1035.07,5878.5,5750.38,Wallet,Completed
f05decff-45e7-4a4a-9019-0b81ba74d299,2026_W22,O52778,U12460,P1,2026-05-29 16:50:11,2,6823.54,1161.88,66.91,2247.34,13647.08,12485.2,UPI,Completed
f05decff-45e7-4a4a-9019-0b81ba74d299,2026_W22,O52779,U5843,P165,2026-05-26 16:08:04,4,4063.67,551.97,191.98,2826.49,16254.68,15702.710000000001,Debit Card,Completed
f05decff-45e7-4a4a-9019-0b81ba74d299,2026_W22,O52780,U4210,P181,2026-05-28 14:07:53,1,8581.69,993.94,188.97,1365.79,8581.69,7587.75,UPI,Completed
f05decff-45e7-4a4a-9019-0b81ba74d299,2026_W22,O52781,U8019,P28,2026-05-27 17:00:34,4,3349.46,884.2,93.66,2252.46,13397.84,12513.64,Debit Card,Completed
f05decff-45e7-4a4a-9019-0b81ba74d299,2026_W22,O52782,U19843,P18,2026-05-26 10:49:02,3,2101.11,690.14,194.88,1010.37,6303.33,5613.19,UPI,Completed
f05decff-45e7-4a4a-9019-0b81ba74d299,2026_W22,O52783,U19141,P167,2026-05-27 06:13:25,2,6729.0,1133.13,123.04,2218.48,13458.0,12324.869999999999,UPI,Completed
f05decff-45e7-4a4a-9019-0b81ba74d299,2026_W22,O52784,U21812,P49,2026-05-29 02:39:02,2,4925.87,379.96,164.44,1704.92,9851.74,9471.78,UPI,Completed
f05decff-45e7-4a4a-9019-0b81ba74d299,2026_W22,O52785,U2471,P24,2026-05-28 02:49:54,3,4886.78,153.03,179.41,2611.32,14660.34,14507.31,Wallet,Completed
f05decff-45e7-4a4a-9019-0b81ba74d299,2026_W22,O52786,U13064,P117,2026-05-26 20:53:47,4,3717.32,1891.71,110.48,2335.96,14869.28,12977.57,Credit Card,Completed
f05decff-45e7-4a4a-9019-0b81ba74d299,2026_W22,O52787,U9389,P83,2026-05-31 20:39:02,1,5070.2,209.67,103.29,874.9,5070.2,4860.53,Wallet,Completed
f05decff-45e7-4a4a-9019-0b81ba74d299,2026_W22,O52788,U26033,P193,2026-05-27 06:14:30,3,5013.68,2093.98,110.71,2330.47,15041.04,12947.060000000001,Credit Card,Completed
f05decff-45e7-4a4a-9019-0b81ba74d299,2026_W22,O52789,U539,P21,2026-05-31 11:34:31,4,7585.24,3436.46,88.36,4842.81,30340.96,26904.5,Debit Card,Completed
f05decff-45e7-4a4a-9019-0b81ba74d299,2026_W22,O52790,U13349,P80,2026-05-26 02:20:47,2,7227.02,1174.43,160.27,2390.33,14454.04,13279.61,UPI,Completed
f05decff-45e7-4a4a-9019-0b81ba74d299,2026_W22,O52791,U28950,P157,2026-05-27 07:49:49,1,5290.96,629.87,112.31,839.0,5290.96,4661.09,Wallet,Completed
f05decff-45e7-4a4a-9019-0b81ba74d299,2026_W22,O52792,U34237,P148,2026-05-31 12:02:37,3,2017.95,772.88,84.92,950.57,6053.85,5280.97,UPI,Completed
f05decff-45e7-4a4a-9019-0b81ba74d299,2026_W22,O52793,U17222,P86,2026-05-27 00:01:19,3,7794.14,1622.48,58.99,3916.79,23382.420000000002,21759.940000000002,Credit Card,Completed
f05decff-45e7-4a4a-9019-0b81ba74d299,2026_W22,O52794,U1897,P166,2026-05-29 06:14:11,1,8475.87,1203.76,113.7,1308.98,8475.87,7272.110000000001,Wallet,Completed
f05decff-45e7-4a4a-9019-0b81ba74d299,2026_W22,O52795,U28446,P66,2026-05-26 19:56:29,4,5399.1,658.14,181.2,3768.89,21596.4,20938.260000000002,Wallet,Completed
f05decff-45e7-4a4a-9019-0b81ba74d299,2026_W22,O52796,U8124,P167,2026-05-30 09:46:52,2,6729.0,445.51,117.38,2342.25,13458.0,13012.49,Credit Card,Completed
f05decff-45e7-4a4a-9019-0b81ba74d299,2026_W22,O52797,U33698,P121,2026-05-27 00:34:18,1,9562.01,205.31,157.09,1684.21,9562.01,9356.7,Debit Card,Completed
f05decff-45e7-4a4a-9019-0b81ba74d299,2026_W22,O52798,U24246,P155,2026-05-30 00:47:19,3,8707.69,1207.39,119.14,4484.82,26123.07,24915.68,Debit Card,Completed
f05decff-45e7-4a4a-9019-0b81ba74d299,2026_W22,O52799,U1102,P46,2026-05-30 16:56:35,2,7595.79,724.09,114.9,2604.15,15191.58,14467.49,Wallet,Completed
f05decff-45e7-4a4a-9019-0b81ba74d299,2026_W22,O52800,U13688,P83,2026-05-28 07:46:32,3,5070.2,903.62,196.53,2575.26,15210.599999999999,14306.979999999998,Credit Card,Completed
f05decff-45e7-4a4a-9019-0b81ba74d299,2026_W22,O52801,U30326,P25,2026-05-31 07:40:12,1,4602.38,632.83,190.3,714.52,4602.38,3969.55,Debit Card,Completed
f05decff-45e7-4a4a-9019-0b81ba74d299,2026_W22,O52802,U33136,P120,2026-05-27 05:23:34,4,8125.66,3075.09,157.64,5296.96,32502.64,29427.55,Wallet,Completed
f05decff-45e7-4a4a-9019-0b81ba74d299,2026_W22,O52803,U9671,P36,2026-05-28 10:09:50,3,8838.75,884.43,83.16,4613.73,26516.25,25631.82,Debit Card,Completed
f05decff-45e7-4a4a-9019-0b81ba74d299,2026_W22,O52804,U26501,P101,2026-05-27 21:00:38,3,2760.68,1227.06,116.81,1269.9,8282.039999999999,7054.98,UPI,Completed
f05decff-45e7-4a4a-9019-0b81ba74d299,2026_W22,O52805,U21027,P189,2026-05-30 20:50:30,2,7353.02,1131.29,60.14,2443.46,14706.04,13574.75,Credit Card,Completed
f05decff-45e7-4a4a-9019-0b81ba74d299,2026_W22,O52806,U7361,P159,2026-05-31 15:01:50,4,8714.84,4760.87,107.8,5417.73,34859.36,30098.49,Wallet,Completed
f05decff-45e7-4a4a-9019-0b81ba74d299,2026_W22,O52807,U23430,P102,2026-05-29 23:50:58,4,3001.78,1323.98,92.57,1922.97,12007.12,10683.140000000001,Credit Card,Completed
f05decff-45e7-4a4a-9019-0b81ba74d299,2026_W22,O52808,U10493,P132,2026-05-30 00:22:01,3,5087.03,2249.89,119.97,2342.02,15261.09,13011.2,Debit Card,Completed
f05decff-45e7-4a4a-9019-0b81ba74d299,2026_W22,O52809,U26481,P16,2026-05-31 04:48:10,2,4498.86,55.41,132.43,1609.62,8997.72,8942.31,UPI,Completed
f05decff-45e7-4a4a-9019-0b81ba74d299,2026_W22,O52810,U13124,P73,2026-05-28 03:34:01,1,10930.99,1306.33,111.28,1732.44,10930.99,9624.66,Debit Card,Completed
f05decff-45e7-4a4a-9019-0b81ba74d299,2026_W22,O52811,U8302,P154,2026-05-29 03:58:20,4,4135.27,682.89,80.32,2854.47,16541.08,15858.190000000002,Debit Card,Completed
f05decff-45e7-4a4a-9019-0b81ba74d299,2026_W22,O52812,U25753,P19,2026-05-29 11:58:26,3,10873.73,2031.36,88.44,5506.17,32621.19,30589.829999999998,Wallet,Completed
f05decff-45e7-4a4a-9019-0b81ba74d299,2026_W22,O52813,U15679,P167,2026-05-26 20:25:01,4,6729.0,4036.86,130.29,4118.25,26916.0,22879.14,Debit Card,Completed
f05decff-45e7-4a4a-9019-0b81ba74d299,2026_W22,O52814,U10695,P89,2026-05-30 01:21:05,1,7149.14,589.87,87.66,1180.67,7149.14,6559.27,Debit Card,Completed
f05decff-45e7-4a4a-9019-0b81ba74d299,2026_W22,O52815,U33944,P109,2026-05-27 15:34:38,3,5251.93,1526.62,189.12,2561.25,15755.79,14229.170000000002,Wallet,Completed
f05decff-45e7-4a4a-9019-0b81ba74d299,2026_W22,O52816,U17258,P61,2026-05-31 19:48:43,3,7261.62,2859.65,133.0,3406.54,21784.86,18925.21,Debit Card,Completed
f05decff-45e7-4a4a-9019-0b81ba74d299,2026_W22,O52817,U13000,P9,2026-05-29 15:50:25,2,5369.05,880.45,189.01,1774.38,10738.1,9857.65,Credit Card,Completed
f05decff-45e7-4a4a-9019-0b81ba74d299,2026_W22,O52818,U18158,P70,2026-05-31 16:48:03,4,2246.89,1009.46,122.76,1436.06,8987.56,7978.099999999999,Credit Card,Completed
f05decff-45e7-4a4a-9019-0b81ba74d299,2026_W22,O52819,U15547,P13,2026-05-28 11:57:12,3,6805.73,202.0,93.67,3638.73,20417.19,20215.19,UPI,Completed
f05decff-45e7-4a4a-9019-0b81ba74d299,2026_W22,O52820,U6422,P168,2026-05-28 11:06:19,4,4263.52,2493.57,75.03,2620.89,17054.08,14560.510000000002,UPI,Completed
f05decff-45e7-4a4a-9019-0b81ba74d299,2026_W22,O52821,U27111,P50,2026-05-31 03:13:59,1,2033.45,178.33,144.76,333.92,2033.45,1855.1200000000001,Debit Card,Completed
f05decff-45e7-4a4a-9019-0b81ba74d299,2026_W22,O52822,U2280,P72,2026-05-26 09:58:42,3,8163.39,654.53,105.84,4290.42,24490.170000000002,23835.640000000003,Debit Card,Completed
f05decff-45e7-4a4a-9019-0b81ba74d299,2026_W22,O52823,U33110,P126,2026-05-29 13:38:57,4,7171.16,804.35,67.12,5018.45,28684.64,27880.29,Credit Card,Completed
f05decff-45e7-4a4a-9019-0b81ba74d299,2026_W22,O52824,U34459,P138,2026-05-28 03:08:54,1,5599.95,668.55,86.91,887.65,5599.95,4931.4,Credit Card,Completed
f05decff-45e7-4a4a-9019-0b81ba74d299,2026_W22,O52825,U6875,P94,2026-05-29 08:18:06,1,4145.07,400.58,134.72,674.01,4145.07,3744.49,Credit Card,Completed
f05decff-45e7-4a4a-9019-0b81ba74d299,2026_W22,O52826,U26528,P175,2026-05-26 08:47:55,3,10082.38,3037.74,191.81,4897.69,30247.14,27209.4,Wallet,Completed
f05decff-45e7-4a4a-9019-0b81ba74d299,2026_W22,O52827,U22129,P105,2026-05-25 23:17:33,2,7337.42,1981.41,173.84,2284.82,14674.84,12693.43,Wallet,Completed
f05decff-45e7-4a4a-9019-0b81ba74d299,2026_W22,O52828,U27266,P33,2026-05-27 02:12:18,3,7861.44,589.01,113.4,4139.16,23584.32,22995.31,Debit Card,Completed
f05decff-45e7-4a4a-9019-0b81ba74d299,2026_W22,O52829,U33883,P66,2026-05-30 20:01:31,2,5399.1,451.39,123.76,1862.43,10798.2,10346.810000000001,Debit Card,Completed
f05decff-45e7-4a4a-9019-0b81ba74d299,2026_W22,O52830,U18999,P138,2026-05-27 06:36:41,3,5599.95,1647.7,74.81,2727.39,16799.85,15152.149999999998,Credit Card,Completed
f05decff-45e7-4a4a-9019-0b81ba74d299,2026_W22,O52831,U18098,P84,2026-05-30 17:09:11,4,8271.97,4194.96,110.73,5200.73,33087.88,28892.92,Credit Card,Completed
f05decff-45e7-4a4a-9019-0b81ba74d299,2026_W22,O52832,U12812,P143,2026-05-30 09:50:13,1,6038.03,865.5,185.68,931.06,6038.03,5172.53,Debit Card,Completed
f05decff-45e7-4a4a-9019-0b81ba74d299,2026_W22,O52833,U9835,P40,2026-05-31 06:23:45,1,4177.53,456.2,118.77,669.84,4177.53,3721.33,Debit Card,Completed
f05decff-45e7-4a4a-9019-0b81ba74d299,2026_W22,O52834,U20608,P90,2026-05-28 00:31:26,1,6467.75,29.85,147.4,1158.82,6467.75,6437.9,Credit Card,Completed
f05decff-45e7-4a4a-9019-0b81ba74d299,2026_W22,O52835,U21754,P13,2026-05-26 02:58:41,3,6805.73,303.95,169.41,3620.38,20417.19,20113.239999999998,Credit Card,Completed
f05decff-45e7-4a4a-9019-0b81ba74d299,2026_W22,O52836,U20523,P26,2026-05-28 08:12:36,1,8687.74,226.38,191.24,1523.04,8687.74,8461.36,Debit Card,Completed
f05decff-45e7-4a4a-9019-0b81ba74d299,2026_W22,O52837,U24200,P123,2026-05-29 14:13:22,4,2425.48,455.78,134.64,1664.31,9701.92,9246.14,Debit Card,Completed
f05decff-45e7-4a4a-9019-0b81ba74d299,2026_W22,O52838,U4065,P118,2026-05-26 16:20:58,1,5463.26,642.55,80.73,867.73,5463.26,4820.71,Wallet,Completed
f05decff-45e7-4a4a-9019-0b81ba74d299,2026_W22,O52839,U6321,P84,2026-05-30 09:37:24,4,8271.97,3170.42,171.26,5385.14,33087.88,29917.46,UPI,Completed
f05decff-45e7-4a4a-9019-0b81ba74d299,2026_W22,O52840,U27720,P180,2026-05-30 04:35:31,2,6781.04,1839.27,164.77,2110.11,13562.08,11722.81,UPI,Completed
f05decff-45e7-4a4a-9019-0b81ba74d299,2026_W22,O52841,U21314,P78,2026-05-27 15:04:25,4,4707.59,1961.99,124.45,3036.31,18830.36,16868.37,UPI,Completed
f05decff-45e7-4a4a-9019-0b81ba74d299,2026_W22,O52842,U9399,P82,2026-05-28 21:23:33,1,1796.79,203.95,136.88,286.71,1796.79,1592.84,Debit Card,Completed
f05decff-45e7-4a4a-9019-0b81ba74d299,2026_W22,O52843,U16339,P87,2026-05-30 20:44:35,2,7395.64,406.95,89.06,2589.18,14791.28,14384.33,UPI,Completed
f05decff-45e7-4a4a-9019-0b81ba74d299,2026_W22,O52844,U7090,P138,2026-05-30 12:08:36,1,5599.95,157.48,190.34,979.64,5599.95,5442.47,UPI,Completed
f05decff-45e7-4a4a-9019-0b81ba74d299,2026_W22,O52845,U13305,P111,2026-05-29 07:04:06,4,9541.24,4780.33,188.61,6009.23,38164.96,33384.63,Credit Card,Completed
f05decff-45e7-4a4a-9019-0b81ba74d299,2026_W22,O52846,U21822,P153,2026-05-28 22:27:07,3,11343.81,4426.02,99.68,5328.97,34031.43,29605.41,Wallet,Completed
f05decff-45e7-4a4a-9019-0b81ba74d299,2026_W22,O52847,U13239,P124,2026-05-27 23:44:12,3,7063.56,1841.17,149.73,3482.91,21190.68,19349.510000000002,Wallet,Completed
f05decff-45e7-4a4a-9019-0b81ba74d299,2026_W22,O52848,U33256,P14,2026-05-27 20:48:01,2,4944.6,1234.5,67.97,1557.85,9889.2,8654.7,Credit Card,Completed
f05decff-45e7-4a4a-9019-0b81ba74d299,2026_W22,O52849,U34117,P157,2026-05-28 15:24:52,2,5290.96,211.4,83.18,1866.69,10581.92,10370.52,UPI,Completed
f05decff-45e7-4a4a-9019-0b81ba74d299,2026_W22,O52850,U17914,P6,2026-05-28 03:43:14,1,7042.99,525.24,179.18,1173.2,7042.99,6517.75,Credit Card,Completed
f05decff-45e7-4a4a-9019-0b81ba74d299,2026_W22,O52851,U9693,P141,2026-05-29 20:19:58,1,6658.31,863.9,155.12,1042.99,6658.31,5794.410000000001,Wallet,Completed
f05decff-45e7-4a4a-9019-0b81ba74d299,2026_W22,O52852,U8671,P85,2026-05-27 05:50:14,3,7274.5,3176.57,116.98,3356.45,21823.5,18646.93,Debit Card,Completed
f05decff-45e7-4a4a-9019-0b81ba74d299,2026_W22,O52853,U32811,P51,2026-05-27 22:52:41,4,6572.59,2181.76,134.19,4339.55,26290.36,24108.6,Credit Card,Completed
f05decff-45e7-4a4a-9019-0b81ba74d299,2026_W22,O52854,U6472,P62,2026-05-25 21:59:37,1,2150.19,69.55,110.31,374.52,2150.19,2080.64,Wallet,Completed
f05decff-45e7-4a4a-9019-0b81ba74d299,2026_W22,O52855,U11262,P112,2026-05-29 11:58:47,2,4659.89,921.78,185.72,1511.64,9319.78,8398.0,Debit Card,Completed
f05decff-45e7-4a4a-9019-0b81ba74d299,2026_W22,O52856,U30060,P151,2026-05-29 04:55:16,1,7426.21,17.39,197.88,1333.59,7426.21,7408.82,Credit Card,Completed
f05decff-45e7-4a4a-9019-0b81ba74d299,2026_W22,O52857,U13032,P162,2026-05-31 06:49:40,2,5576.16,1588.08,59.56,1721.56,11152.32,9564.24,Credit Card,Completed
f05decff-45e7-4a4a-9019-0b81ba74d299,2026_W22,O52858,U6411,P64,2026-05-26 05:48:31,1,5141.6,606.11,131.36,816.39,5141.6,4535.490000000001,Debit Card,Completed
f05decff-45e7-4a4a-9019-0b81ba74d299,2026_W22,O52859,U13734,P20,2026-05-31 04:15:14,3,6465.0,907.18,137.16,3327.81,19395.0,18487.82,Credit Card,Completed
f05decff-45e7-4a4a-9019-0b81ba74d299,2026_W22,O52860,U32682,P16,2026-05-31 10:35:25,1,4498.86,197.3,102.5,774.28,4498.86,4301.5599999999995,Wallet,Completed
f05decff-45e7-4a4a-9019-0b81ba74d299,2026_W22,O52861,U10992,P128,2026-05-29 03:44:50,1,3133.44,416.98,77.3,488.96,3133.44,2716.46,Credit Card,Completed
f05decff-45e7-4a4a-9019-0b81ba74d299,2026_W22,O52862,U14157,P129,2026-05-31 11:31:33,1,5625.8,666.74,110.3,892.63,5625.8,4959.06,Debit Card,Completed
f05decff-45e7-4a4a-9019-0b81ba74d299,2026_W22,O52863,U1395,P70,2026-05-26 01:00:21,4,2246.89,625.28,80.49,1505.21,8987.56,8362.279999999999,Credit Card,Completed
f05decff-45e7-4a4a-9019-0b81ba74d299,2026_W22,O52864,U17404,P129,2026-05-26 01:25:54,4,5625.8,240.93,184.63,4007.21,22503.2,22262.27,UPI,Completed
f05decff-45e7-4a4a-9019-0b81ba74d299,2026_W22,O52865,U13340,P13,2026-05-27 08:04:20,2,6805.73,1157.4,166.81,2241.73,13611.46,12454.06,UPI,Completed
f05decff-45e7-4a4a-9019-0b81ba74d299,2026_W22,O52866,U22771,P172,2026-05-27 00:05:51,3,9925.52,802.24,92.77,5215.38,29776.56,28974.32,Wallet,Completed
f05decff-45e7-4a4a-9019-0b81ba74d299,2026_W22,O52867,U24943,P147,2026-05-28 23:05:51,2,2240.85,286.57,71.83,755.12,4481.7,4195.13,Wallet,Completed
f05decff-45e7-4a4a-9019-0b81ba74d299,2026_W22,O52868,U32194,P185,2026-05-30 11:23:05,3,8108.47,2908.79,144.73,3854.99,24325.41,21416.62,UPI,Completed
f05decff-45e7-4a4a-9019-0b81ba74d299,2026_W22,O52869,U28245,P190,2026-05-27 11:13:42,1,10065.15,223.31,79.72,1771.53,10065.15,9841.84,UPI,Completed
f05decff-45e7-4a4a-9019-0b81ba74d299,2026_W22,O52870,U932,P15,2026-05-27 08:58:41,4,2472.77,1070.44,166.3,1587.72,9891.08,8820.64,Credit Card,Completed
f05decff-45e7-4a4a-9019-0b81ba74d299,2026_W22,O52871,U8523,P46,2026-05-29 08:02:18,3,7595.79,854.31,133.35,3947.95,22787.37,21933.059999999998,Credit Card,Completed
f05decff-45e7-4a4a-9019-0b81ba74d299,2026_W22,O52872,U9560,P99,2026-05-31 04:19:48,1,4457.11,292.72,100.48,749.59,4457.11,4164.389999999999,Debit Card,Completed
f05decff-45e7-4a4a-9019-0b81ba74d299,2026_W22,O52873,U1813,P98,2026-05-30 06:12:07,3,3365.14,212.88,118.54,1778.86,10095.42,9882.54,Wallet,Completed
f05decff-45e7-4a4a-9019-0b81ba74d299,2026_W22,O52874,U29248,P142,2026-05-29 16:38:33,3,4531.33,1132.64,153.04,2243.04,13593.99,12461.35,Wallet,Completed
f05decff-45e7-4a4a-9019-0b81ba74d299,2026_W22,O52875,U11387,P12,2026-05-31 19:10:21,2,7089.88,1909.55,89.81,2208.64,14179.76,12270.210000000001,Debit Card,Completed
f05decff-45e7-4a4a-9019-0b81ba74d299,2026_W22,O52876,U9579,P100,2026-05-30 13:15:43,4,7089.35,1204.49,80.59,4887.52,28357.4,27152.91,Credit Card,Completed
f05decff-45e7-4a4a-9019-0b81ba74d299,2026_W22,O52877,U961,P187,2026-05-31 10:11:25,2,4000.12,543.81,79.95,1342.16,8000.24,7456.43,Credit Card,Completed
f05decff-45e7-4a4a-9019-0b81ba74d299,2026_W22,O52878,U34108,P105,2026-05-29 05:33:26,1,7337.42,723.26,183.96,1190.55,7337.42,6614.16,Debit Card,Completed
f05decff-45e7-4a4a-9019-0b81ba74d299,2026_W22,O52879,U17774,P29,2026-05-26 17:45:58,2,7432.15,1275.99,130.15,2445.9,14864.3,13588.31,Debit Card,Completed
f05decff-45e7-4a4a-9019-0b81ba74d299,2026_W22,O52880,U1711,P148,2026-05-27 00:50:02,1,2017.95,263.61,73.91,315.78,2017.95,1754.3400000000001,UPI,Completed
f05decff-45e7-4a4a-9019-0b81ba74d299,2026_W22,O52881,U5372,P100,2026-05-25 22:39:34,3,7089.35,369.03,125.79,3761.82,21268.050000000003,20899.020000000004,UPI,Completed
f05decff-45e7-4a4a-9019-0b81ba74d299,2026_W22,O52882,U550,P168,2026-05-29 03:24:44,2,4263.52,617.07,180.92,1423.79,8527.04,7909.970000000001,Wallet,Completed
f05decff-45e7-4a4a-9019-0b81ba74d299,2026_W22,O52883,U4230,P128,2026-05-29 21:18:13,2,3133.44,515.11,164.4,1035.32,6266.88,5751.77,Wallet,Completed
f05decff-45e7-4a4a-9019-0b81ba74d299,2026_W22,O52884,U14150,P22,2026-05-26 08:15:23,1,6284.85,443.32,189.7,1051.48,6284.85,5841.530000000001,Credit Card,Completed
f05decff-45e7-4a4a-9019-0b81ba74d299,2026_W22,O52885,U7117,P176,2026-05-28 15:40:06,3,3628.75,670.63,63.88,1838.81,10886.25,10215.62,Credit Card,Completed
f05decff-45e7-4a4a-9019-0b81ba74d299,2026_W22,O52886,U31254,P200,2026-05-31 16:16:29,1,9143.2,63.92,156.71,1634.27,9143.2,9079.28,Wallet,Completed
f05decff-45e7-4a4a-9019-0b81ba74d299,2026_W22,O52887,U23305,P82,2026-05-27 16:33:11,1,1796.79,180.33,143.12,290.96,1796.79,1616.46,Wallet,Completed
f05decff-45e7-4a4a-9019-0b81ba74d299,2026_W22,O52888,U10597,P17,2026-05-29 12:04:46,2,3339.42,985.11,189.61,1024.87,6678.84,5693.7300000000005,Debit Card,Completed
f05decff-45e7-4a4a-9019-0b81ba74d299,2026_W22,O52889,U2196,P130,2026-05-29 20:17:54,1,11039.76,1180.69,168.35,1774.63,11039.76,9859.07,Debit Card,Completed
f05decff-45e7-4a4a-9019-0b81ba74d299,2026_W22,O52890,U26223,P126,2026-05-29 09:08:36,2,7171.16,698.86,106.7,2455.82,14342.32,13643.46,UPI,Completed
f05decff-45e7-4a4a-9019-0b81ba74d299,2026_W22,O52891,U30125,P159,2026-05-28 07:29:52,3,8714.84,3362.3,122.86,4100.8,26144.52,22782.22,Wallet,Completed
f05decff-45e7-4a4a-9019-0b81ba74d299,2026_W22,O52892,U17506,P99,2026-05-28 02:06:21,3,4457.11,1681.19,168.17,2104.23,13371.329999999998,11690.139999999998,Debit Card,Completed
f05decff-45e7-4a4a-9019-0b81ba74d299,2026_W22,O52893,U175,P21,2026-05-26 16:49:08,4,7585.24,1083.1,176.54,5266.41,30340.96,29257.86,Debit Card,Completed
f05decff-45e7-4a4a-9019-0b81ba74d299,2026_W22,O52894,U20536,P168,2026-05-28 05:16:28,2,4263.52,499.37,194.57,1444.98,8527.04,8027.670000000001,Wallet,Completed
f05decff-45e7-4a4a-9019-0b81ba74d299,2026_W22,O52895,U22912,P140,2026-05-27 13:18:08,2,3133.21,667.65,136.67,1007.78,6266.42,5598.77,Wallet,Completed
f05decff-45e7-4a4a-9019-0b81ba74d299,2026_W22,O52896,U7326,P139,2026-05-29 11:16:07,4,7513.32,854.89,164.91,5255.71,30053.28,29198.39,Wallet,Completed
f05decff-45e7-4a4a-9019-0b81ba74d299,2026_W22,O52897,U28841,P2,2026-05-27 22:55:09,4,1543.5,503.96,173.58,1020.61,6174.0,5670.04,Credit Card,Completed
f05decff-45e7-4a4a-9019-0b81ba74d299,2026_W22,O52898,U31237,P21,2026-05-26 09:50:37,3,7585.24,931.05,166.98,3928.44,22755.72,21824.670000000002,Debit Card,Completed
f05decff-45e7-4a4a-9019-0b81ba74d299,2026_W22,O52899,U30702,P177,2026-05-28 16:26:43,4,5607.98,2727.12,123.17,3546.86,22431.92,19704.8,Wallet,Completed
f05decff-45e7-4a4a-9019-0b81ba74d299,2026_W22,O52900,U16910,P89,2026-05-28 07:58:18,2,7149.14,1863.79,185.65,2238.21,14298.28,12434.490000000002,Debit Card,Completed
f05decff-45e7-4a4a-9019-0b81ba74d299,2026_W22,O52901,U1869,P121,2026-05-27 10:52:33,3,9562.01,4230.05,86.18,4402.08,28686.03,24455.98,Debit Card,Completed
f05decff-45e7-4a4a-9019-0b81ba74d299,2026_W22,O52902,U16761,P34,2026-05-30 17:45:20,2,8777.08,119.54,180.34,3138.23,17554.16,17434.62,Wallet,Completed
f05decff-45e7-4a4a-9019-0b81ba74d299,2026_W22,O52903,U8770,P129,2026-05-31 17:13:34,3,5625.8,1116.88,108.82,2836.89,16877.4,15760.52,Credit Card,Completed
f05decff-45e7-4a4a-9019-0b81ba74d299,2026_W22,O52904,U9459,P153,2026-05-26 09:42:31,1,11343.81,888.64,126.19,1881.93,11343.81,10455.17,UPI,Completed
f05decff-45e7-4a4a-9019-0b81ba74d299,2026_W22,O52905,U14607,P48,2026-05-30 02:51:13,3,10990.29,2498.89,72.76,5484.96,32970.87,30471.980000000003,Wallet,Completed
f05decff-45e7-4a4a-9019-0b81ba74d299,2026_W22,O52906,U16104,P62,2026-05-26 01:32:20,1,2150.19,62.41,111.78,375.8,2150.19,2087.78,UPI,Completed
f05decff-45e7-4a4a-9019-0b81ba74d299,2026_W22,O52907,U14488,P158,2026-05-27 17:35:47,1,6839.61,880.78,81.83,1072.59,6839.61,5958.83,UPI,Completed
