run_id,batch_id,session_id,user_id,session_start,session_end,traffic_source,campaign_name,device_type,browser,operating_system,landing_page
72e8cd21-4747-456a-bffd-d6498ce448d1,2026_W23,S1,U23950,2026-06-02 02:05:55,2026-06-02 02:20:55,Email,Director,Desktop,Safari,iOS,/products
72e8cd21-4747-456a-bffd-d6498ce448d1,2026_W23,S2,U14470,2026-06-03 13:55:16,2026-06-03 14:29:16,Facebook,Run,Mobile,Edge,Android,/products
72e8cd21-4747-456a-bffd-d6498ce448d1,2026_W23,S3,U21483,2026-06-04 21:45:52,2026-06-04 22:24:52,Email,Computer,Tablet,Firefox,Windows,/home
72e8cd21-4747-456a-bffd-d6498ce448d1,2026_W23,S4,U14071,2026-06-04 09:45:47,2026-06-04 10:04:47,Google Ads,Forget,Desktop,Chrome,Android,/offers
72e8cd21-4747-456a-bffd-d6498ce448d1,2026_W23,S5,U3474,2026-06-05 03:36:43,2026-06-05 03:46:43,Google Ads,Check,Mobile,Edge,iOS,/products
72e8cd21-4747-456a-bffd-d6498ce448d1,2026_W23,S6,U16723,2026-06-04 14:25:52,2026-06-04 14:26:52,Facebook,Wall,Tablet,Safari,Android,/offers
72e8cd21-4747-456a-bffd-d6498ce448d1,2026_W23,S7,U33943,2026-06-06 19:33:27,2026-06-06 20:10:27,Email,Series,Desktop,Firefox,MacOS,/products
72e8cd21-4747-456a-bffd-d6498ce448d1,2026_W23,S8,U20990,2026-06-03 01:58:36,2026-06-03 02:08:36,Direct,Four,Mobile,Chrome,Windows,/offers
72e8cd21-4747-456a-bffd-d6498ce448d1,2026_W23,S9,U23387,2026-06-05 09:26:53,2026-06-05 10:01:53,Instagram,Identify,Mobile,Firefox,iOS,/offers
72e8cd21-4747-456a-bffd-d6498ce448d1,2026_W23,S10,U18758,2026-06-06 16:06:50,2026-06-06 16:43:50,Direct,Card,Desktop,Edge,Android,/offers
72e8cd21-4747-456a-bffd-d6498ce448d1,2026_W23,S11,U11811,2026-06-04 01:42:59,2026-06-04 02:02:59,Direct,Theory,Mobile,Chrome,Windows,/offers
72e8cd21-4747-456a-bffd-d6498ce448d1,2026_W23,S12,U8459,2026-06-03 09:58:34,2026-06-03 10:15:34,Facebook,Night,Mobile,Firefox,MacOS,/offers
72e8cd21-4747-456a-bffd-d6498ce448d1,2026_W23,S13,U23930,2026-06-05 14:13:59,2026-06-05 14:20:59,Email,Do,Tablet,Firefox,MacOS,/offers
72e8cd21-4747-456a-bffd-d6498ce448d1,2026_W23,S14,U22067,2026-06-05 20:54:25,2026-06-05 21:28:25,Direct,Occur,Tablet,Safari,iOS,/home
72e8cd21-4747-456a-bffd-d6498ce448d1,2026_W23,S15,U22906,2026-06-04 16:31:22,2026-06-04 16:52:22,Instagram,Personal,Tablet,Edge,Windows,/home
72e8cd21-4747-456a-bffd-d6498ce448d1,2026_W23,S16,U34399,2026-06-06 14:28:22,2026-06-06 14:35:22,Direct,Soldier,Desktop,Safari,Windows,/home
72e8cd21-4747-456a-bffd-d6498ce448d1,2026_W23,S17,U21272,2026-06-02 13:28:13,2026-06-02 13:41:13,Facebook,Director,Mobile,Chrome,Android,/offers
72e8cd21-4747-456a-bffd-d6498ce448d1,2026_W23,S18,U5207,2026-06-05 01:57:01,2026-06-05 02:10:01,Email,Next,Tablet,Safari,iOS,/offers
72e8cd21-4747-456a-bffd-d6498ce448d1,2026_W23,S19,U2555,2026-06-05 14:31:10,2026-06-05 14:38:10,Instagram,With,Desktop,Firefox,iOS,/products
72e8cd21-4747-456a-bffd-d6498ce448d1,2026_W23,S20,U22759,2026-06-02 12:57:06,2026-06-02 13:11:06,Email,Parent,Tablet,Chrome,Windows,/offers
72e8cd21-4747-456a-bffd-d6498ce448d1,2026_W23,S21,U10437,2026-06-06 18:27:59,2026-06-06 18:44:59,Organic,Respond,Tablet,Edge,MacOS,/offers
72e8cd21-4747-456a-bffd-d6498ce448d1,2026_W23,S22,U10248,2026-06-05 20:53:51,2026-06-05 21:24:51,Direct,Degree,Desktop,Firefox,Android,/home
72e8cd21-4747-456a-bffd-d6498ce448d1,2026_W23,S23,U11524,2026-06-06 14:17:57,2026-06-06 14:31:57,Google Ads,Million,Mobile,Safari,Android,/offers
72e8cd21-4747-456a-bffd-d6498ce448d1,2026_W23,S24,U15656,2026-06-05 14:46:26,2026-06-05 15:16:26,Direct,Able,Tablet,Firefox,Android,/products
72e8cd21-4747-456a-bffd-d6498ce448d1,2026_W23,S25,U15322,2026-06-06 11:25:49,2026-06-06 11:32:49,Facebook,Think,Desktop,Chrome,Windows,/home
72e8cd21-4747-456a-bffd-d6498ce448d1,2026_W23,S26,U17825,2026-06-03 14:04:22,2026-06-03 14:19:22,Direct,Effort,Tablet,Safari,Windows,/products
72e8cd21-4747-456a-bffd-d6498ce448d1,2026_W23,S27,U11906,2026-06-02 05:20:05,2026-06-02 06:00:05,Direct,Fact,Tablet,Firefox,Windows,/products
72e8cd21-4747-456a-bffd-d6498ce448d1,2026_W23,S28,U10924,2026-06-05 06:03:40,2026-06-05 06:04:40,Direct,Of,Mobile,Firefox,Windows,/products
72e8cd21-4747-456a-bffd-d6498ce448d1,2026_W23,S29,U33214,2026-06-03 12:01:21,2026-06-03 12:16:21,Direct,Again,Tablet,Chrome,Windows,/home
72e8cd21-4747-456a-bffd-d6498ce448d1,2026_W23,S30,U25773,2026-06-06 21:01:19,2026-06-06 21:40:19,Instagram,Too,Mobile,Safari,Windows,/products
72e8cd21-4747-456a-bffd-d6498ce448d1,2026_W23,S31,U9705,2026-06-07 17:14:37,2026-06-07 17:41:37,Instagram,Market,Mobile,Chrome,Android,/home
72e8cd21-4747-456a-bffd-d6498ce448d1,2026_W23,S32,U34555,2026-06-06 09:18:13,2026-06-06 09:25:13,Email,Fast,Tablet,Safari,Android,/offers
72e8cd21-4747-456a-bffd-d6498ce448d1,2026_W23,S33,U13811,2026-06-06 15:49:35,2026-06-06 16:18:35,Instagram,Hold,Desktop,Safari,iOS,/home
72e8cd21-4747-456a-bffd-d6498ce448d1,2026_W23,S34,U27237,2026-06-06 08:26:35,2026-06-06 08:49:35,Facebook,Relationship,Tablet,Firefox,Windows,/offers
72e8cd21-4747-456a-bffd-d6498ce448d1,2026_W23,S35,U34586,2026-06-02 14:55:36,2026-06-02 15:17:36,Google Ads,Sit,Desktop,Chrome,MacOS,/products
72e8cd21-4747-456a-bffd-d6498ce448d1,2026_W23,S36,U23922,2026-06-04 17:18:34,2026-06-04 17:21:34,Facebook,Argue,Tablet,Edge,Windows,/products
72e8cd21-4747-456a-bffd-d6498ce448d1,2026_W23,S37,U12313,2026-06-05 02:47:12,2026-06-05 03:01:12,Facebook,Speak,Desktop,Chrome,Android,/products
72e8cd21-4747-456a-bffd-d6498ce448d1,2026_W23,S38,U24780,2026-06-05 10:11:18,2026-06-05 10:18:18,Facebook,Member,Desktop,Firefox,Windows,/products
72e8cd21-4747-456a-bffd-d6498ce448d1,2026_W23,S39,U16164,2026-06-07 20:11:34,2026-06-07 20:47:34,Direct,Although,Mobile,Safari,MacOS,/home
72e8cd21-4747-456a-bffd-d6498ce448d1,2026_W23,S40,U32307,2026-06-06 03:15:42,2026-06-06 03:16:42,Facebook,Shoulder,Desktop,Safari,Android,/products
72e8cd21-4747-456a-bffd-d6498ce448d1,2026_W23,S41,U26548,2026-06-04 21:27:54,2026-06-04 21:40:54,Instagram,Best,Mobile,Edge,Windows,/offers
72e8cd21-4747-456a-bffd-d6498ce448d1,2026_W23,S42,U13531,2026-06-07 17:55:56,2026-06-07 18:33:56,Organic,Paper,Mobile,Safari,Windows,/products
72e8cd21-4747-456a-bffd-d6498ce448d1,2026_W23,S43,U601,2026-06-03 16:22:20,2026-06-03 16:58:20,Direct,He,Tablet,Firefox,Windows,/products
72e8cd21-4747-456a-bffd-d6498ce448d1,2026_W23,S44,U13808,2026-06-02 06:20:26,2026-06-02 06:22:26,Direct,Real,Tablet,Safari,iOS,/home
72e8cd21-4747-456a-bffd-d6498ce448d1,2026_W23,S45,U1252,2026-06-07 08:04:27,2026-06-07 08:09:27,Instagram,Traditional,Mobile,Firefox,MacOS,/products
72e8cd21-4747-456a-bffd-d6498ce448d1,2026_W23,S46,U8435,2026-06-05 23:48:52,2026-06-06 00:01:52,Google Ads,Save,Mobile,Firefox,iOS,/products
72e8cd21-4747-456a-bffd-d6498ce448d1,2026_W23,S47,U5016,2026-06-02 07:36:48,2026-06-02 07:47:48,Direct,Return,Tablet,Safari,MacOS,/offers
72e8cd21-4747-456a-bffd-d6498ce448d1,2026_W23,S48,U512,2026-06-01 23:43:39,2026-06-01 23:45:39,Direct,Ok,Mobile,Safari,iOS,/products
72e8cd21-4747-456a-bffd-d6498ce448d1,2026_W23,S49,U34908,2026-06-02 01:33:30,2026-06-02 01:53:30,Instagram,Accept,Desktop,Chrome,iOS,/home
72e8cd21-4747-456a-bffd-d6498ce448d1,2026_W23,S50,U15557,2026-06-02 04:57:20,2026-06-02 04:59:20,Facebook,Cultural,Mobile,Firefox,MacOS,/products
72e8cd21-4747-456a-bffd-d6498ce448d1,2026_W23,S51,U21887,2026-06-07 19:24:54,2026-06-07 20:02:54,Google Ads,Class,Desktop,Firefox,Android,/home
72e8cd21-4747-456a-bffd-d6498ce448d1,2026_W23,S52,U14713,2026-06-06 09:54:13,2026-06-06 10:22:13,Instagram,Others,Desktop,Firefox,iOS,/products
72e8cd21-4747-456a-bffd-d6498ce448d1,2026_W23,S53,U7455,2026-06-02 23:44:52,2026-06-03 00:06:52,Email,Fire,Tablet,Edge,Windows,/products
72e8cd21-4747-456a-bffd-d6498ce448d1,2026_W23,S54,U20450,2026-06-06 10:51:41,2026-06-06 11:03:41,Direct,Television,Desktop,Safari,Windows,/home
72e8cd21-4747-456a-bffd-d6498ce448d1,2026_W23,S55,U26073,2026-06-04 05:07:06,2026-06-04 05:09:06,Facebook,Show,Tablet,Firefox,MacOS,/home
72e8cd21-4747-456a-bffd-d6498ce448d1,2026_W23,S56,U8732,2026-06-01 21:52:01,2026-06-01 21:56:01,Google Ads,Cell,Tablet,Edge,Windows,/offers
72e8cd21-4747-456a-bffd-d6498ce448d1,2026_W23,S57,U13851,2026-06-02 03:50:09,2026-06-02 04:24:09,Facebook,World,Mobile,Firefox,Android,/home
72e8cd21-4747-456a-bffd-d6498ce448d1,2026_W23,S58,U28776,2026-06-04 21:59:28,2026-06-04 22:32:28,Google Ads,Audience,Mobile,Safari,MacOS,/products
72e8cd21-4747-456a-bffd-d6498ce448d1,2026_W23,S59,U9496,2026-06-04 16:24:30,2026-06-04 16:53:30,Email,Left,Mobile,Safari,Windows,/products
72e8cd21-4747-456a-bffd-d6498ce448d1,2026_W23,S60,U12557,2026-06-04 08:36:50,2026-06-04 09:08:50,Google Ads,Community,Mobile,Chrome,iOS,/offers
72e8cd21-4747-456a-bffd-d6498ce448d1,2026_W23,S61,U24269,2026-06-02 01:30:17,2026-06-02 01:59:17,Instagram,Example,Desktop,Edge,iOS,/offers
72e8cd21-4747-456a-bffd-d6498ce448d1,2026_W23,S62,U15176,2026-06-07 19:37:25,2026-06-07 19:58:25,Direct,Measure,Tablet,Edge,Android,/home
72e8cd21-4747-456a-bffd-d6498ce448d1,2026_W23,S63,U19469,2026-06-06 20:06:35,2026-06-06 20:17:35,Facebook,Can,Mobile,Firefox,Windows,/home
72e8cd21-4747-456a-bffd-d6498ce448d1,2026_W23,S64,U2037,2026-06-03 04:07:35,2026-06-03 04:40:35,Email,Could,Desktop,Firefox,MacOS,/products
72e8cd21-4747-456a-bffd-d6498ce448d1,2026_W23,S65,U26052,2026-06-07 03:59:24,2026-06-07 04:14:24,Instagram,Interesting,Desktop,Edge,Android,/offers
72e8cd21-4747-456a-bffd-d6498ce448d1,2026_W23,S66,U1021,2026-06-06 02:41:22,2026-06-06 03:01:22,Email,Factor,Mobile,Chrome,iOS,/offers
72e8cd21-4747-456a-bffd-d6498ce448d1,2026_W23,S67,U29816,2026-06-02 14:53:19,2026-06-02 15:19:19,Direct,Total,Mobile,Firefox,Windows,/home
72e8cd21-4747-456a-bffd-d6498ce448d1,2026_W23,S68,U18782,2026-06-03 09:13:48,2026-06-03 09:22:48,Google Ads,Particular,Desktop,Firefox,iOS,/products
72e8cd21-4747-456a-bffd-d6498ce448d1,2026_W23,S69,U26430,2026-06-03 06:11:28,2026-06-03 06:45:28,Organic,Sort,Desktop,Safari,Windows,/home
72e8cd21-4747-456a-bffd-d6498ce448d1,2026_W23,S70,U23182,2026-06-04 15:41:42,2026-06-04 15:45:42,Organic,Evening,Desktop,Safari,Windows,/home
72e8cd21-4747-456a-bffd-d6498ce448d1,2026_W23,S71,U4515,2026-06-06 02:30:05,2026-06-06 02:46:05,Instagram,Lead,Desktop,Firefox,iOS,/home
72e8cd21-4747-456a-bffd-d6498ce448d1,2026_W23,S72,U34315,2026-06-04 00:45:03,2026-06-04 01:23:03,Google Ads,Quickly,Mobile,Firefox,Windows,/home
72e8cd21-4747-456a-bffd-d6498ce448d1,2026_W23,S73,U5930,2026-06-06 11:21:18,2026-06-06 11:56:18,Organic,Thank,Mobile,Firefox,iOS,/products
72e8cd21-4747-456a-bffd-d6498ce448d1,2026_W23,S74,U8272,2026-06-02 01:56:31,2026-06-02 02:10:31,Organic,Ground,Desktop,Edge,Android,/products
72e8cd21-4747-456a-bffd-d6498ce448d1,2026_W23,S75,U13086,2026-06-03 06:39:02,2026-06-03 06:54:02,Direct,World,Mobile,Edge,iOS,/products
72e8cd21-4747-456a-bffd-d6498ce448d1,2026_W23,S76,U19626,2026-06-05 02:26:10,2026-06-05 02:41:10,Facebook,Reach,Tablet,Safari,iOS,/products
72e8cd21-4747-456a-bffd-d6498ce448d1,2026_W23,S77,U19930,2026-06-03 15:09:37,2026-06-03 15:45:37,Google Ads,Whose,Mobile,Firefox,MacOS,/products
72e8cd21-4747-456a-bffd-d6498ce448d1,2026_W23,S78,U34280,2026-06-06 16:07:45,2026-06-06 16:46:45,Instagram,Enter,Mobile,Firefox,MacOS,/products
72e8cd21-4747-456a-bffd-d6498ce448d1,2026_W23,S79,U15440,2026-06-05 19:05:45,2026-06-05 19:09:45,Email,Environmental,Desktop,Chrome,Android,/home
72e8cd21-4747-456a-bffd-d6498ce448d1,2026_W23,S80,U11533,2026-06-06 01:08:31,2026-06-06 01:10:31,Email,Not,Desktop,Edge,Android,/home
72e8cd21-4747-456a-bffd-d6498ce448d1,2026_W23,S81,U2598,2026-06-04 19:31:45,2026-06-04 19:46:45,Organic,Budget,Tablet,Chrome,iOS,/offers
72e8cd21-4747-456a-bffd-d6498ce448d1,2026_W23,S82,U15695,2026-06-06 05:10:45,2026-06-06 05:44:45,Email,Everybody,Tablet,Firefox,MacOS,/offers
72e8cd21-4747-456a-bffd-d6498ce448d1,2026_W23,S83,U16982,2026-06-03 13:00:01,2026-06-03 13:11:01,Organic,Test,Tablet,Safari,Windows,/home
72e8cd21-4747-456a-bffd-d6498ce448d1,2026_W23,S84,U34700,2026-06-02 05:46:16,2026-06-02 06:09:16,Organic,Officer,Desktop,Chrome,iOS,/products
72e8cd21-4747-456a-bffd-d6498ce448d1,2026_W23,S85,U13270,2026-06-06 18:26:57,2026-06-06 18:57:57,Google Ads,Prove,Tablet,Safari,Android,/products
72e8cd21-4747-456a-bffd-d6498ce448d1,2026_W23,S86,U29942,2026-06-06 00:21:46,2026-06-06 00:54:46,Google Ads,Consider,Mobile,Firefox,iOS,/home
72e8cd21-4747-456a-bffd-d6498ce448d1,2026_W23,S87,U24820,2026-06-05 22:34:04,2026-06-05 23:07:04,Direct,Case,Desktop,Safari,Windows,/offers
72e8cd21-4747-456a-bffd-d6498ce448d1,2026_W23,S88,U3951,2026-06-07 05:14:02,2026-06-07 05:28:02,Organic,Oil,Mobile,Firefox,Windows,/home
72e8cd21-4747-456a-bffd-d6498ce448d1,2026_W23,S89,U25827,2026-06-02 02:12:18,2026-06-02 02:24:18,Email,Up,Mobile,Safari,Windows,/products
72e8cd21-4747-456a-bffd-d6498ce448d1,2026_W23,S90,U11141,2026-06-06 01:02:46,2026-06-06 01:35:46,Organic,Others,Tablet,Firefox,Android,/home
72e8cd21-4747-456a-bffd-d6498ce448d1,2026_W23,S91,U6650,2026-06-07 19:26:12,2026-06-07 20:06:12,Google Ads,News,Mobile,Edge,iOS,/products
72e8cd21-4747-456a-bffd-d6498ce448d1,2026_W23,S92,U19268,2026-06-07 08:57:07,2026-06-07 09:16:07,Direct,Enough,Tablet,Safari,Android,/products
72e8cd21-4747-456a-bffd-d6498ce448d1,2026_W23,S93,U27333,2026-06-04 13:34:02,2026-06-04 14:07:02,Email,Material,Tablet,Edge,MacOS,/products
72e8cd21-4747-456a-bffd-d6498ce448d1,2026_W23,S94,U28795,2026-06-03 11:53:05,2026-06-03 11:57:05,Direct,Region,Tablet,Safari,iOS,/home
72e8cd21-4747-456a-bffd-d6498ce448d1,2026_W23,S95,U3343,2026-06-02 01:34:06,2026-06-02 01:54:06,Instagram,Control,Mobile,Chrome,MacOS,/products
72e8cd21-4747-456a-bffd-d6498ce448d1,2026_W23,S96,U21867,2026-06-05 06:32:51,2026-06-05 06:36:51,Instagram,Tell,Mobile,Edge,iOS,/home
72e8cd21-4747-456a-bffd-d6498ce448d1,2026_W23,S97,U7757,2026-06-04 02:04:34,2026-06-04 02:22:34,Instagram,Dark,Mobile,Edge,Android,/products
72e8cd21-4747-456a-bffd-d6498ce448d1,2026_W23,S98,U34937,2026-06-02 04:35:42,2026-06-02 04:43:42,Direct,Congress,Mobile,Chrome,Android,/home
72e8cd21-4747-456a-bffd-d6498ce448d1,2026_W23,S99,U14191,2026-06-03 23:54:44,2026-06-04 00:21:44,Email,Close,Tablet,Firefox,Windows,/home
72e8cd21-4747-456a-bffd-d6498ce448d1,2026_W23,S100,U18409,2026-06-04 02:47:11,2026-06-04 02:55:11,Google Ads,Other,Tablet,Chrome,Android,/home
72e8cd21-4747-456a-bffd-d6498ce448d1,2026_W23,S101,U8785,2026-06-03 00:55:35,2026-06-03 01:00:35,Direct,Meet,Desktop,Safari,iOS,/products
72e8cd21-4747-456a-bffd-d6498ce448d1,2026_W23,S102,U1343,2026-06-04 05:19:34,2026-06-04 05:23:34,Email,Teach,Mobile,Edge,MacOS,/products
72e8cd21-4747-456a-bffd-d6498ce448d1,2026_W23,S103,U16268,2026-06-02 21:30:49,2026-06-02 21:37:49,Direct,Police,Tablet,Safari,MacOS,/offers
72e8cd21-4747-456a-bffd-d6498ce448d1,2026_W23,S104,U21877,2026-06-02 19:29:51,2026-06-02 19:50:51,Email,Person,Desktop,Edge,iOS,/home
72e8cd21-4747-456a-bffd-d6498ce448d1,2026_W23,S105,U1247,2026-06-03 00:14:10,2026-06-03 00:17:10,Google Ads,Product,Mobile,Edge,Android,/offers
72e8cd21-4747-456a-bffd-d6498ce448d1,2026_W23,S106,U478,2026-06-07 03:53:57,2026-06-07 04:04:57,Direct,Line,Desktop,Safari,MacOS,/products
72e8cd21-4747-456a-bffd-d6498ce448d1,2026_W23,S107,U24424,2026-06-06 22:10:30,2026-06-06 22:47:30,Email,Once,Desktop,Chrome,Android,/home
72e8cd21-4747-456a-bffd-d6498ce448d1,2026_W23,S108,U7258,2026-06-04 03:58:04,2026-06-04 04:02:04,Instagram,Hard,Desktop,Edge,Android,/home
72e8cd21-4747-456a-bffd-d6498ce448d1,2026_W23,S109,U34750,2026-06-04 08:30:49,2026-06-04 08:50:49,Facebook,Room,Tablet,Safari,Android,/products
72e8cd21-4747-456a-bffd-d6498ce448d1,2026_W23,S110,U19788,2026-06-06 16:43:14,2026-06-06 16:58:14,Instagram,Remember,Desktop,Firefox,Windows,/products
72e8cd21-4747-456a-bffd-d6498ce448d1,2026_W23,S111,U23482,2026-06-06 09:29:24,2026-06-06 09:38:24,Organic,Between,Mobile,Edge,Windows,/offers
72e8cd21-4747-456a-bffd-d6498ce448d1,2026_W23,S112,U26114,2026-06-03 23:53:32,2026-06-04 00:21:32,Google Ads,Year,Tablet,Safari,Android,/offers
72e8cd21-4747-456a-bffd-d6498ce448d1,2026_W23,S113,U29742,2026-06-07 00:17:27,2026-06-07 00:55:27,Organic,Six,Mobile,Safari,Android,/products
72e8cd21-4747-456a-bffd-d6498ce448d1,2026_W23,S114,U1050,2026-06-03 18:52:32,2026-06-03 19:05:32,Instagram,Set,Tablet,Safari,MacOS,/offers
72e8cd21-4747-456a-bffd-d6498ce448d1,2026_W23,S115,U2633,2026-06-04 04:09:35,2026-06-04 04:13:35,Facebook,New,Tablet,Edge,MacOS,/offers
72e8cd21-4747-456a-bffd-d6498ce448d1,2026_W23,S116,U28840,2026-06-04 08:03:30,2026-06-04 08:23:30,Facebook,Form,Desktop,Chrome,Windows,/offers
72e8cd21-4747-456a-bffd-d6498ce448d1,2026_W23,S117,U24087,2026-06-07 08:57:40,2026-06-07 09:24:40,Facebook,Throw,Tablet,Edge,MacOS,/products
72e8cd21-4747-456a-bffd-d6498ce448d1,2026_W23,S118,U6173,2026-06-04 23:05:45,2026-06-04 23:29:45,Organic,Energy,Tablet,Safari,MacOS,/products
72e8cd21-4747-456a-bffd-d6498ce448d1,2026_W23,S119,U29264,2026-06-03 19:23:49,2026-06-03 19:49:49,Organic,Phone,Tablet,Chrome,Windows,/home
72e8cd21-4747-456a-bffd-d6498ce448d1,2026_W23,S120,U16526,2026-06-03 12:42:07,2026-06-03 13:19:07,Facebook,Here,Desktop,Firefox,MacOS,/home
72e8cd21-4747-456a-bffd-d6498ce448d1,2026_W23,S121,U16235,2026-06-07 04:16:13,2026-06-07 04:38:13,Facebook,Career,Mobile,Firefox,Windows,/products
72e8cd21-4747-456a-bffd-d6498ce448d1,2026_W23,S122,U21669,2026-06-03 05:08:01,2026-06-03 05:32:01,Google Ads,Stock,Desktop,Safari,Windows,/products
72e8cd21-4747-456a-bffd-d6498ce448d1,2026_W23,S123,U9203,2026-06-04 15:38:22,2026-06-04 15:49:22,Facebook,High,Desktop,Chrome,MacOS,/products
72e8cd21-4747-456a-bffd-d6498ce448d1,2026_W23,S124,U17396,2026-06-07 05:01:46,2026-06-07 05:34:46,Direct,Surface,Mobile,Chrome,Android,/products
72e8cd21-4747-456a-bffd-d6498ce448d1,2026_W23,S125,U12211,2026-06-06 18:56:08,2026-06-06 19:17:08,Google Ads,Home,Mobile,Safari,iOS,/home
72e8cd21-4747-456a-bffd-d6498ce448d1,2026_W23,S126,U7642,2026-06-07 03:09:54,2026-06-07 03:44:54,Google Ads,Since,Mobile,Safari,iOS,/home
72e8cd21-4747-456a-bffd-d6498ce448d1,2026_W23,S127,U18848,2026-06-04 10:42:18,2026-06-04 11:10:18,Facebook,Mr,Tablet,Firefox,MacOS,/offers
72e8cd21-4747-456a-bffd-d6498ce448d1,2026_W23,S128,U20411,2026-06-02 02:05:15,2026-06-02 02:15:15,Google Ads,Development,Tablet,Edge,Windows,/products
72e8cd21-4747-456a-bffd-d6498ce448d1,2026_W23,S129,U28477,2026-06-07 11:34:36,2026-06-07 11:46:36,Organic,Necessary,Mobile,Edge,Windows,/offers
72e8cd21-4747-456a-bffd-d6498ce448d1,2026_W23,S130,U18801,2026-06-05 18:19:45,2026-06-05 18:46:45,Google Ads,Adult,Tablet,Firefox,iOS,/products
72e8cd21-4747-456a-bffd-d6498ce448d1,2026_W23,S131,U24970,2026-06-02 22:20:11,2026-06-02 22:34:11,Direct,Store,Desktop,Firefox,iOS,/products
72e8cd21-4747-456a-bffd-d6498ce448d1,2026_W23,S132,U14213,2026-06-07 15:48:36,2026-06-07 16:21:36,Email,Day,Desktop,Edge,MacOS,/offers
72e8cd21-4747-456a-bffd-d6498ce448d1,2026_W23,S133,U21769,2026-06-05 05:26:36,2026-06-05 06:02:36,Email,Entire,Tablet,Safari,MacOS,/home
72e8cd21-4747-456a-bffd-d6498ce448d1,2026_W23,S134,U15124,2026-06-04 19:58:27,2026-06-04 20:27:27,Instagram,List,Desktop,Edge,Android,/offers
72e8cd21-4747-456a-bffd-d6498ce448d1,2026_W23,S135,U24517,2026-06-03 18:27:43,2026-06-03 18:56:43,Direct,Source,Desktop,Edge,MacOS,/products
72e8cd21-4747-456a-bffd-d6498ce448d1,2026_W23,S136,U28972,2026-06-06 01:23:15,2026-06-06 01:31:15,Facebook,Take,Mobile,Firefox,Windows,/products
72e8cd21-4747-456a-bffd-d6498ce448d1,2026_W23,S137,U31425,2026-06-03 14:09:25,2026-06-03 14:26:25,Organic,Decide,Desktop,Safari,MacOS,/offers
72e8cd21-4747-456a-bffd-d6498ce448d1,2026_W23,S138,U29854,2026-06-06 08:08:59,2026-06-06 08:26:59,Email,Letter,Tablet,Firefox,Windows,/products
72e8cd21-4747-456a-bffd-d6498ce448d1,2026_W23,S139,U618,2026-06-05 02:31:26,2026-06-05 02:38:26,Facebook,Sister,Desktop,Chrome,MacOS,/products
72e8cd21-4747-456a-bffd-d6498ce448d1,2026_W23,S140,U24044,2026-06-03 13:04:45,2026-06-03 13:44:45,Email,Head,Mobile,Safari,MacOS,/offers
72e8cd21-4747-456a-bffd-d6498ce448d1,2026_W23,S141,U30305,2026-06-03 03:26:22,2026-06-03 03:48:22,Google Ads,Dark,Desktop,Firefox,MacOS,/offers
72e8cd21-4747-456a-bffd-d6498ce448d1,2026_W23,S142,U807,2026-06-02 14:10:56,2026-06-02 14:19:56,Facebook,Shake,Desktop,Edge,Windows,/products
72e8cd21-4747-456a-bffd-d6498ce448d1,2026_W23,S143,U1841,2026-06-05 11:24:18,2026-06-05 11:43:18,Direct,Attention,Desktop,Firefox,MacOS,/offers
72e8cd21-4747-456a-bffd-d6498ce448d1,2026_W23,S144,U24082,2026-06-03 23:46:03,2026-06-04 00:18:03,Organic,Western,Mobile,Safari,MacOS,/home
72e8cd21-4747-456a-bffd-d6498ce448d1,2026_W23,S145,U34553,2026-06-04 17:55:12,2026-06-04 18:31:12,Direct,Debate,Desktop,Firefox,MacOS,/home
72e8cd21-4747-456a-bffd-d6498ce448d1,2026_W23,S146,U809,2026-06-06 04:27:52,2026-06-06 04:33:52,Instagram,Care,Mobile,Firefox,Android,/offers
72e8cd21-4747-456a-bffd-d6498ce448d1,2026_W23,S147,U33522,2026-06-04 04:52:33,2026-06-04 05:20:33,Instagram,Foot,Desktop,Safari,iOS,/products
72e8cd21-4747-456a-bffd-d6498ce448d1,2026_W23,S148,U1286,2026-06-06 11:45:22,2026-06-06 11:46:22,Instagram,Cover,Desktop,Edge,Windows,/home
72e8cd21-4747-456a-bffd-d6498ce448d1,2026_W23,S149,U13826,2026-06-03 14:28:07,2026-06-03 15:06:07,Organic,Stay,Tablet,Edge,iOS,/home
72e8cd21-4747-456a-bffd-d6498ce448d1,2026_W23,S150,U33601,2026-06-04 21:36:39,2026-06-04 22:14:39,Google Ads,Entire,Desktop,Chrome,iOS,/offers
72e8cd21-4747-456a-bffd-d6498ce448d1,2026_W23,S151,U12748,2026-06-03 16:31:55,2026-06-03 16:38:55,Email,Process,Tablet,Edge,Windows,/home
72e8cd21-4747-456a-bffd-d6498ce448d1,2026_W23,S152,U30774,2026-06-06 07:44:24,2026-06-06 08:09:24,Instagram,Start,Tablet,Chrome,MacOS,/home
72e8cd21-4747-456a-bffd-d6498ce448d1,2026_W23,S153,U24745,2026-06-06 07:31:11,2026-06-06 08:09:11,Facebook,Seem,Tablet,Edge,Windows,/home
72e8cd21-4747-456a-bffd-d6498ce448d1,2026_W23,S154,U34048,2026-06-05 11:52:54,2026-06-05 12:28:54,Email,Population,Mobile,Firefox,Windows,/offers
72e8cd21-4747-456a-bffd-d6498ce448d1,2026_W23,S155,U31791,2026-06-02 22:36:21,2026-06-02 22:37:21,Instagram,Answer,Tablet,Firefox,iOS,/home
72e8cd21-4747-456a-bffd-d6498ce448d1,2026_W23,S156,U16629,2026-06-02 08:43:38,2026-06-02 09:05:38,Google Ads,Try,Mobile,Firefox,Android,/offers
72e8cd21-4747-456a-bffd-d6498ce448d1,2026_W23,S157,U5988,2026-06-04 10:12:47,2026-06-04 10:39:47,Direct,Cell,Desktop,Safari,Windows,/offers
72e8cd21-4747-456a-bffd-d6498ce448d1,2026_W23,S158,U12501,2026-06-06 19:14:07,2026-06-06 19:15:07,Organic,Station,Mobile,Edge,iOS,/offers
72e8cd21-4747-456a-bffd-d6498ce448d1,2026_W23,S159,U7388,2026-06-07 17:31:53,2026-06-07 17:39:53,Email,Investment,Desktop,Safari,Windows,/home
72e8cd21-4747-456a-bffd-d6498ce448d1,2026_W23,S160,U34789,2026-06-06 15:03:32,2026-06-06 15:30:32,Organic,Network,Desktop,Chrome,Android,/home
72e8cd21-4747-456a-bffd-d6498ce448d1,2026_W23,S161,U4797,2026-06-02 00:23:06,2026-06-02 00:52:06,Google Ads,Anything,Mobile,Safari,Windows,/products
72e8cd21-4747-456a-bffd-d6498ce448d1,2026_W23,S162,U29548,2026-06-02 04:34:44,2026-06-02 05:02:44,Facebook,Result,Desktop,Edge,Android,/offers
72e8cd21-4747-456a-bffd-d6498ce448d1,2026_W23,S163,U1453,2026-06-05 16:28:05,2026-06-05 16:51:05,Facebook,Act,Desktop,Chrome,MacOS,/products
72e8cd21-4747-456a-bffd-d6498ce448d1,2026_W23,S164,U12071,2026-06-07 19:49:50,2026-06-07 19:54:50,Instagram,Particular,Desktop,Safari,MacOS,/offers
72e8cd21-4747-456a-bffd-d6498ce448d1,2026_W23,S165,U34982,2026-06-04 14:23:32,2026-06-04 14:35:32,Facebook,For,Desktop,Chrome,MacOS,/home
72e8cd21-4747-456a-bffd-d6498ce448d1,2026_W23,S166,U18465,2026-06-02 06:50:41,2026-06-02 07:03:41,Facebook,Amount,Tablet,Firefox,MacOS,/products
72e8cd21-4747-456a-bffd-d6498ce448d1,2026_W23,S167,U25415,2026-06-04 17:00:06,2026-06-04 17:32:06,Facebook,Choice,Desktop,Safari,Windows,/home
72e8cd21-4747-456a-bffd-d6498ce448d1,2026_W23,S168,U18315,2026-06-04 22:43:08,2026-06-04 23:20:08,Organic,Serve,Desktop,Firefox,MacOS,/home
72e8cd21-4747-456a-bffd-d6498ce448d1,2026_W23,S169,U23097,2026-06-02 23:39:54,2026-06-02 23:46:54,Organic,Interest,Mobile,Chrome,Android,/home
72e8cd21-4747-456a-bffd-d6498ce448d1,2026_W23,S170,U2866,2026-06-06 09:52:29,2026-06-06 10:32:29,Email,Choice,Mobile,Edge,MacOS,/products
72e8cd21-4747-456a-bffd-d6498ce448d1,2026_W23,S171,U13579,2026-06-03 15:46:52,2026-06-03 16:15:52,Organic,Entire,Desktop,Safari,MacOS,/home
72e8cd21-4747-456a-bffd-d6498ce448d1,2026_W23,S172,U3515,2026-06-03 18:24:33,2026-06-03 18:52:33,Organic,Tell,Tablet,Edge,iOS,/products
72e8cd21-4747-456a-bffd-d6498ce448d1,2026_W23,S173,U29616,2026-06-05 18:02:33,2026-06-05 18:16:33,Facebook,Another,Desktop,Chrome,Windows,/products
72e8cd21-4747-456a-bffd-d6498ce448d1,2026_W23,S174,U23089,2026-06-01 22:27:08,2026-06-01 22:45:08,Organic,Behind,Mobile,Edge,Android,/offers
72e8cd21-4747-456a-bffd-d6498ce448d1,2026_W23,S175,U14731,2026-06-04 17:14:44,2026-06-04 17:30:44,Organic,Office,Tablet,Edge,Android,/home
72e8cd21-4747-456a-bffd-d6498ce448d1,2026_W23,S176,U14354,2026-06-06 22:27:03,2026-06-06 22:43:03,Google Ads,Successful,Desktop,Firefox,MacOS,/offers
72e8cd21-4747-456a-bffd-d6498ce448d1,2026_W23,S177,U24437,2026-06-05 20:49:01,2026-06-05 21:16:01,Instagram,Discussion,Desktop,Firefox,Android,/home
72e8cd21-4747-456a-bffd-d6498ce448d1,2026_W23,S178,U15706,2026-06-04 21:47:01,2026-06-04 22:22:01,Facebook,Collection,Desktop,Chrome,Android,/products
72e8cd21-4747-456a-bffd-d6498ce448d1,2026_W23,S179,U2167,2026-06-05 17:52:30,2026-06-05 18:08:30,Direct,Rise,Tablet,Safari,MacOS,/products
72e8cd21-4747-456a-bffd-d6498ce448d1,2026_W23,S180,U9142,2026-06-06 09:22:54,2026-06-06 09:28:54,Google Ads,Mean,Tablet,Safari,MacOS,/offers
72e8cd21-4747-456a-bffd-d6498ce448d1,2026_W23,S181,U30033,2026-06-05 12:21:08,2026-06-05 12:23:08,Direct,Between,Tablet,Safari,Windows,/home
72e8cd21-4747-456a-bffd-d6498ce448d1,2026_W23,S182,U32326,2026-06-06 12:25:49,2026-06-06 12:41:49,Instagram,Environmental,Desktop,Chrome,Windows,/home
72e8cd21-4747-456a-bffd-d6498ce448d1,2026_W23,S183,U12869,2026-06-06 18:33:51,2026-06-06 18:47:51,Direct,Store,Mobile,Edge,Windows,/offers
72e8cd21-4747-456a-bffd-d6498ce448d1,2026_W23,S184,U33039,2026-06-04 21:59:14,2026-06-04 22:06:14,Google Ads,Instead,Tablet,Chrome,Android,/offers
72e8cd21-4747-456a-bffd-d6498ce448d1,2026_W23,S185,U29855,2026-06-01 22:03:09,2026-06-01 22:40:09,Organic,Activity,Tablet,Edge,MacOS,/products
72e8cd21-4747-456a-bffd-d6498ce448d1,2026_W23,S186,U21734,2026-06-04 13:59:11,2026-06-04 14:06:11,Organic,Ask,Desktop,Chrome,iOS,/products
72e8cd21-4747-456a-bffd-d6498ce448d1,2026_W23,S187,U24180,2026-06-07 08:24:26,2026-06-07 08:28:26,Instagram,Attack,Tablet,Chrome,Windows,/home
72e8cd21-4747-456a-bffd-d6498ce448d1,2026_W23,S188,U14720,2026-06-06 00:54:53,2026-06-06 00:56:53,Google Ads,Decision,Tablet,Edge,Android,/products
72e8cd21-4747-456a-bffd-d6498ce448d1,2026_W23,S189,U23120,2026-06-06 14:40:30,2026-06-06 14:42:30,Direct,These,Tablet,Chrome,Windows,/products
72e8cd21-4747-456a-bffd-d6498ce448d1,2026_W23,S190,U1672,2026-06-03 03:44:14,2026-06-03 04:11:14,Google Ads,Week,Mobile,Safari,iOS,/products
72e8cd21-4747-456a-bffd-d6498ce448d1,2026_W23,S191,U5229,2026-06-04 07:10:59,2026-06-04 07:39:59,Instagram,Beat,Desktop,Firefox,MacOS,/products
72e8cd21-4747-456a-bffd-d6498ce448d1,2026_W23,S192,U29212,2026-06-05 08:57:58,2026-06-05 09:24:58,Facebook,When,Tablet,Chrome,iOS,/home
72e8cd21-4747-456a-bffd-d6498ce448d1,2026_W23,S193,U25115,2026-06-07 13:48:39,2026-06-07 13:58:39,Facebook,Pattern,Mobile,Safari,MacOS,/offers
72e8cd21-4747-456a-bffd-d6498ce448d1,2026_W23,S194,U14300,2026-06-03 16:06:45,2026-06-03 16:16:45,Direct,Nation,Tablet,Chrome,iOS,/offers
72e8cd21-4747-456a-bffd-d6498ce448d1,2026_W23,S195,U23498,2026-06-07 10:31:55,2026-06-07 10:40:55,Instagram,He,Desktop,Edge,MacOS,/products
72e8cd21-4747-456a-bffd-d6498ce448d1,2026_W23,S196,U23734,2026-06-02 08:53:01,2026-06-02 09:07:01,Direct,Seek,Mobile,Safari,Android,/products
72e8cd21-4747-456a-bffd-d6498ce448d1,2026_W23,S197,U34551,2026-06-04 20:25:59,2026-06-04 20:44:59,Organic,Rule,Tablet,Safari,MacOS,/offers
72e8cd21-4747-456a-bffd-d6498ce448d1,2026_W23,S198,U10983,2026-06-06 23:00:17,2026-06-06 23:36:17,Instagram,Story,Tablet,Safari,Windows,/products
72e8cd21-4747-456a-bffd-d6498ce448d1,2026_W23,S199,U16602,2026-06-06 21:17:41,2026-06-06 21:23:41,Email,Different,Tablet,Safari,Windows,/products
72e8cd21-4747-456a-bffd-d6498ce448d1,2026_W23,S200,U32989,2026-06-03 15:10:17,2026-06-03 15:23:17,Google Ads,Case,Mobile,Edge,Android,/offers
72e8cd21-4747-456a-bffd-d6498ce448d1,2026_W23,S201,U30007,2026-06-04 00:14:45,2026-06-04 00:52:45,Direct,Same,Tablet,Chrome,Windows,/products
72e8cd21-4747-456a-bffd-d6498ce448d1,2026_W23,S202,U33357,2026-06-02 07:24:35,2026-06-02 08:02:35,Google Ads,You,Tablet,Edge,iOS,/products
72e8cd21-4747-456a-bffd-d6498ce448d1,2026_W23,S203,U441,2026-06-02 14:56:46,2026-06-02 15:26:46,Instagram,Shake,Mobile,Safari,Windows,/home
72e8cd21-4747-456a-bffd-d6498ce448d1,2026_W23,S204,U10912,2026-06-06 19:46:17,2026-06-06 20:21:17,Instagram,Require,Mobile,Chrome,Windows,/products
72e8cd21-4747-456a-bffd-d6498ce448d1,2026_W23,S205,U30084,2026-06-03 10:07:16,2026-06-03 10:12:16,Email,Little,Mobile,Safari,Windows,/products
72e8cd21-4747-456a-bffd-d6498ce448d1,2026_W23,S206,U32539,2026-06-01 23:39:23,2026-06-02 00:19:23,Email,Can,Tablet,Edge,iOS,/products
72e8cd21-4747-456a-bffd-d6498ce448d1,2026_W23,S207,U12294,2026-06-05 03:22:28,2026-06-05 03:38:28,Facebook,Camera,Mobile,Safari,MacOS,/home
72e8cd21-4747-456a-bffd-d6498ce448d1,2026_W23,S208,U6180,2026-06-06 06:20:56,2026-06-06 06:45:56,Facebook,Paper,Desktop,Edge,iOS,/home
72e8cd21-4747-456a-bffd-d6498ce448d1,2026_W23,S209,U23814,2026-06-05 02:35:44,2026-06-05 02:36:44,Organic,Easy,Tablet,Chrome,Windows,/home
72e8cd21-4747-456a-bffd-d6498ce448d1,2026_W23,S210,U12880,2026-06-04 08:41:57,2026-06-04 09:13:57,Google Ads,Unit,Desktop,Edge,Android,/products
72e8cd21-4747-456a-bffd-d6498ce448d1,2026_W23,S211,U17427,2026-06-02 18:40:22,2026-06-02 18:58:22,Direct,Glass,Mobile,Firefox,iOS,/offers
72e8cd21-4747-456a-bffd-d6498ce448d1,2026_W23,S212,U23717,2026-06-06 18:19:20,2026-06-06 18:37:20,Email,Family,Tablet,Safari,Windows,/offers
72e8cd21-4747-456a-bffd-d6498ce448d1,2026_W23,S213,U4905,2026-06-05 11:19:57,2026-06-05 11:22:57,Facebook,Although,Mobile,Safari,MacOS,/home
72e8cd21-4747-456a-bffd-d6498ce448d1,2026_W23,S214,U6987,2026-06-03 13:05:06,2026-06-03 13:18:06,Facebook,Section,Mobile,Chrome,Android,/products
72e8cd21-4747-456a-bffd-d6498ce448d1,2026_W23,S215,U282,2026-06-02 12:32:30,2026-06-02 13:09:30,Google Ads,Father,Desktop,Chrome,iOS,/offers
72e8cd21-4747-456a-bffd-d6498ce448d1,2026_W23,S216,U21327,2026-06-04 10:42:09,2026-06-04 11:15:09,Organic,Poor,Mobile,Safari,iOS,/offers
72e8cd21-4747-456a-bffd-d6498ce448d1,2026_W23,S217,U4170,2026-06-03 04:27:51,2026-06-03 04:31:51,Direct,Light,Desktop,Firefox,iOS,/products
72e8cd21-4747-456a-bffd-d6498ce448d1,2026_W23,S218,U20576,2026-06-03 03:21:04,2026-06-03 03:56:04,Facebook,Perform,Mobile,Firefox,Windows,/products
72e8cd21-4747-456a-bffd-d6498ce448d1,2026_W23,S219,U11032,2026-06-04 21:32:49,2026-06-04 21:45:49,Organic,Wish,Desktop,Chrome,MacOS,/offers
72e8cd21-4747-456a-bffd-d6498ce448d1,2026_W23,S220,U27624,2026-06-07 05:57:18,2026-06-07 06:33:18,Direct,Social,Tablet,Chrome,Android,/products
72e8cd21-4747-456a-bffd-d6498ce448d1,2026_W23,S221,U32931,2026-06-02 13:23:30,2026-06-02 13:50:30,Email,Manage,Mobile,Safari,MacOS,/home
72e8cd21-4747-456a-bffd-d6498ce448d1,2026_W23,S222,U9659,2026-06-04 15:12:09,2026-06-04 15:44:09,Direct,Television,Desktop,Chrome,Android,/offers
72e8cd21-4747-456a-bffd-d6498ce448d1,2026_W23,S223,U5303,2026-06-05 11:08:39,2026-06-05 11:44:39,Facebook,Provide,Tablet,Chrome,Android,/home
72e8cd21-4747-456a-bffd-d6498ce448d1,2026_W23,S224,U2159,2026-06-06 08:02:22,2026-06-06 08:34:22,Google Ads,Focus,Desktop,Edge,MacOS,/products
72e8cd21-4747-456a-bffd-d6498ce448d1,2026_W23,S225,U22164,2026-06-05 07:35:38,2026-06-05 07:53:38,Direct,Nice,Mobile,Safari,MacOS,/home
72e8cd21-4747-456a-bffd-d6498ce448d1,2026_W23,S226,U11289,2026-06-06 19:49:39,2026-06-06 20:27:39,Email,Senior,Mobile,Firefox,MacOS,/offers
72e8cd21-4747-456a-bffd-d6498ce448d1,2026_W23,S227,U6138,2026-06-06 02:44:05,2026-06-06 02:54:05,Direct,Again,Desktop,Firefox,Android,/products
72e8cd21-4747-456a-bffd-d6498ce448d1,2026_W23,S228,U1860,2026-06-05 03:06:21,2026-06-05 03:40:21,Direct,Find,Desktop,Firefox,MacOS,/home
72e8cd21-4747-456a-bffd-d6498ce448d1,2026_W23,S229,U6021,2026-06-06 20:31:35,2026-06-06 21:00:35,Organic,Go,Tablet,Firefox,iOS,/products
72e8cd21-4747-456a-bffd-d6498ce448d1,2026_W23,S230,U20581,2026-06-02 17:11:52,2026-06-02 17:22:52,Instagram,Police,Desktop,Firefox,iOS,/home
72e8cd21-4747-456a-bffd-d6498ce448d1,2026_W23,S231,U14470,2026-06-03 19:34:47,2026-06-03 19:35:47,Facebook,Add,Mobile,Edge,Windows,/home
72e8cd21-4747-456a-bffd-d6498ce448d1,2026_W23,S232,U13982,2026-06-03 13:30:23,2026-06-03 14:01:23,Google Ads,Effort,Desktop,Firefox,MacOS,/products
72e8cd21-4747-456a-bffd-d6498ce448d1,2026_W23,S233,U7799,2026-06-02 07:23:33,2026-06-02 07:50:33,Organic,Near,Desktop,Safari,Windows,/offers
72e8cd21-4747-456a-bffd-d6498ce448d1,2026_W23,S234,U10490,2026-06-03 19:12:59,2026-06-03 19:24:59,Email,You,Desktop,Edge,MacOS,/offers
72e8cd21-4747-456a-bffd-d6498ce448d1,2026_W23,S235,U33051,2026-06-04 22:38:04,2026-06-04 23:11:04,Direct,Business,Desktop,Firefox,iOS,/products
72e8cd21-4747-456a-bffd-d6498ce448d1,2026_W23,S236,U31861,2026-06-06 01:20:45,2026-06-06 02:00:45,Direct,Difficult,Desktop,Chrome,MacOS,/home
72e8cd21-4747-456a-bffd-d6498ce448d1,2026_W23,S237,U11053,2026-06-04 11:09:04,2026-06-04 11:45:04,Instagram,The,Desktop,Edge,MacOS,/offers
72e8cd21-4747-456a-bffd-d6498ce448d1,2026_W23,S238,U4346,2026-06-05 11:15:27,2026-06-05 11:32:27,Direct,Into,Tablet,Chrome,Android,/home
72e8cd21-4747-456a-bffd-d6498ce448d1,2026_W23,S239,U22384,2026-06-02 20:42:05,2026-06-02 20:46:05,Facebook,Hundred,Tablet,Firefox,MacOS,/offers
72e8cd21-4747-456a-bffd-d6498ce448d1,2026_W23,S240,U26271,2026-06-05 14:17:50,2026-06-05 14:21:50,Direct,Simply,Tablet,Firefox,Android,/offers
72e8cd21-4747-456a-bffd-d6498ce448d1,2026_W23,S241,U27335,2026-06-03 23:28:10,2026-06-03 23:53:10,Direct,Could,Desktop,Chrome,Android,/home
72e8cd21-4747-456a-bffd-d6498ce448d1,2026_W23,S242,U33387,2026-06-02 08:51:48,2026-06-02 09:23:48,Organic,Policy,Tablet,Safari,iOS,/offers
72e8cd21-4747-456a-bffd-d6498ce448d1,2026_W23,S243,U21991,2026-06-07 20:17:02,2026-06-07 20:47:02,Google Ads,Capital,Desktop,Firefox,Android,/home
72e8cd21-4747-456a-bffd-d6498ce448d1,2026_W23,S244,U20554,2026-06-04 11:27:13,2026-06-04 12:07:13,Email,Show,Tablet,Chrome,iOS,/offers
72e8cd21-4747-456a-bffd-d6498ce448d1,2026_W23,S245,U884,2026-06-06 10:24:04,2026-06-06 10:58:04,Facebook,Manager,Tablet,Safari,Windows,/products
72e8cd21-4747-456a-bffd-d6498ce448d1,2026_W23,S246,U22774,2026-06-05 16:40:34,2026-06-05 17:00:34,Facebook,Sea,Desktop,Chrome,iOS,/offers
72e8cd21-4747-456a-bffd-d6498ce448d1,2026_W23,S247,U3115,2026-06-06 11:20:40,2026-06-06 11:37:40,Google Ads,Him,Tablet,Chrome,MacOS,/products
72e8cd21-4747-456a-bffd-d6498ce448d1,2026_W23,S248,U23411,2026-06-05 23:10:30,2026-06-05 23:30:30,Google Ads,Yeah,Desktop,Safari,iOS,/products
72e8cd21-4747-456a-bffd-d6498ce448d1,2026_W23,S249,U22196,2026-06-03 03:35:15,2026-06-03 04:13:15,Facebook,Call,Tablet,Safari,Windows,/products
72e8cd21-4747-456a-bffd-d6498ce448d1,2026_W23,S250,U19849,2026-06-02 02:54:40,2026-06-02 03:06:40,Google Ads,Authority,Tablet,Firefox,MacOS,/products
72e8cd21-4747-456a-bffd-d6498ce448d1,2026_W23,S251,U1555,2026-06-05 20:14:38,2026-06-05 20:54:38,Direct,Member,Tablet,Chrome,Android,/products
72e8cd21-4747-456a-bffd-d6498ce448d1,2026_W23,S252,U30770,2026-06-07 12:44:10,2026-06-07 13:21:10,Direct,Fast,Tablet,Chrome,MacOS,/products
72e8cd21-4747-456a-bffd-d6498ce448d1,2026_W23,S253,U21559,2026-06-07 07:12:44,2026-06-07 07:29:44,Instagram,Wish,Mobile,Firefox,Windows,/products
72e8cd21-4747-456a-bffd-d6498ce448d1,2026_W23,S254,U24673,2026-06-02 19:46:55,2026-06-02 19:49:55,Instagram,Be,Mobile,Safari,Android,/home
72e8cd21-4747-456a-bffd-d6498ce448d1,2026_W23,S255,U15712,2026-06-07 19:15:47,2026-06-07 19:48:47,Organic,Fast,Mobile,Chrome,MacOS,/offers
72e8cd21-4747-456a-bffd-d6498ce448d1,2026_W23,S256,U26071,2026-06-07 09:39:18,2026-06-07 10:00:18,Direct,National,Desktop,Chrome,MacOS,/home
72e8cd21-4747-456a-bffd-d6498ce448d1,2026_W23,S257,U4728,2026-06-02 20:02:13,2026-06-02 20:41:13,Google Ads,Image,Tablet,Edge,MacOS,/home
72e8cd21-4747-456a-bffd-d6498ce448d1,2026_W23,S258,U24754,2026-06-07 07:40:03,2026-06-07 08:04:03,Direct,Similar,Desktop,Firefox,MacOS,/products
72e8cd21-4747-456a-bffd-d6498ce448d1,2026_W23,S259,U24194,2026-06-07 01:51:25,2026-06-07 02:05:25,Direct,Kitchen,Mobile,Firefox,Android,/offers
72e8cd21-4747-456a-bffd-d6498ce448d1,2026_W23,S260,U30382,2026-06-05 06:00:51,2026-06-05 06:12:51,Facebook,Police,Desktop,Chrome,Android,/home
72e8cd21-4747-456a-bffd-d6498ce448d1,2026_W23,S261,U15629,2026-06-02 21:47:20,2026-06-02 22:21:20,Direct,Safe,Mobile,Safari,Windows,/products
72e8cd21-4747-456a-bffd-d6498ce448d1,2026_W23,S262,U1093,2026-06-06 05:19:52,2026-06-06 05:21:52,Facebook,Company,Tablet,Edge,iOS,/products
72e8cd21-4747-456a-bffd-d6498ce448d1,2026_W23,S263,U3899,2026-06-07 08:50:05,2026-06-07 09:10:05,Instagram,Result,Tablet,Firefox,Android,/home
72e8cd21-4747-456a-bffd-d6498ce448d1,2026_W23,S264,U10697,2026-06-06 10:59:53,2026-06-06 11:11:53,Organic,Resource,Tablet,Firefox,Android,/home
72e8cd21-4747-456a-bffd-d6498ce448d1,2026_W23,S265,U18212,2026-06-05 16:42:20,2026-06-05 16:47:20,Organic,Serve,Tablet,Chrome,Windows,/offers
72e8cd21-4747-456a-bffd-d6498ce448d1,2026_W23,S266,U29416,2026-06-04 12:03:53,2026-06-04 12:14:53,Facebook,Guy,Tablet,Edge,MacOS,/home
72e8cd21-4747-456a-bffd-d6498ce448d1,2026_W23,S267,U21985,2026-06-02 20:48:27,2026-06-02 21:01:27,Email,Rate,Desktop,Firefox,Windows,/home
72e8cd21-4747-456a-bffd-d6498ce448d1,2026_W23,S268,U16991,2026-06-03 21:10:25,2026-06-03 21:38:25,Google Ads,School,Tablet,Chrome,iOS,/home
72e8cd21-4747-456a-bffd-d6498ce448d1,2026_W23,S269,U1257,2026-06-05 17:11:54,2026-06-05 17:20:54,Direct,Stay,Mobile,Firefox,Windows,/offers
72e8cd21-4747-456a-bffd-d6498ce448d1,2026_W23,S270,U34640,2026-06-03 20:01:50,2026-06-03 20:16:50,Direct,Smile,Mobile,Chrome,Android,/offers
72e8cd21-4747-456a-bffd-d6498ce448d1,2026_W23,S271,U3313,2026-06-07 03:53:41,2026-06-07 03:58:41,Instagram,Couple,Tablet,Chrome,iOS,/products
72e8cd21-4747-456a-bffd-d6498ce448d1,2026_W23,S272,U816,2026-06-04 19:26:44,2026-06-04 19:38:44,Direct,Work,Tablet,Firefox,iOS,/offers
72e8cd21-4747-456a-bffd-d6498ce448d1,2026_W23,S273,U34962,2026-06-07 14:02:52,2026-06-07 14:07:52,Direct,Growth,Mobile,Firefox,Android,/offers
72e8cd21-4747-456a-bffd-d6498ce448d1,2026_W23,S274,U3956,2026-06-04 05:28:31,2026-06-04 05:50:31,Organic,Suddenly,Mobile,Chrome,Windows,/products
72e8cd21-4747-456a-bffd-d6498ce448d1,2026_W23,S275,U23520,2026-06-04 08:35:19,2026-06-04 08:37:19,Instagram,Affect,Desktop,Firefox,Windows,/products
72e8cd21-4747-456a-bffd-d6498ce448d1,2026_W23,S276,U32298,2026-06-05 11:54:31,2026-06-05 12:10:31,Google Ads,Early,Tablet,Edge,Windows,/offers
72e8cd21-4747-456a-bffd-d6498ce448d1,2026_W23,S277,U23473,2026-06-03 05:01:15,2026-06-03 05:10:15,Direct,Will,Mobile,Firefox,MacOS,/offers
72e8cd21-4747-456a-bffd-d6498ce448d1,2026_W23,S278,U16384,2026-06-02 14:05:42,2026-06-02 14:28:42,Instagram,Age,Tablet,Firefox,MacOS,/offers
72e8cd21-4747-456a-bffd-d6498ce448d1,2026_W23,S279,U29140,2026-06-05 20:40:14,2026-06-05 20:45:14,Direct,Value,Tablet,Edge,Windows,/offers
72e8cd21-4747-456a-bffd-d6498ce448d1,2026_W23,S280,U29129,2026-06-02 02:24:39,2026-06-02 02:37:39,Organic,Consider,Mobile,Edge,Windows,/home
72e8cd21-4747-456a-bffd-d6498ce448d1,2026_W23,S281,U4293,2026-06-02 08:01:49,2026-06-02 08:07:49,Email,Guess,Mobile,Edge,iOS,/offers
72e8cd21-4747-456a-bffd-d6498ce448d1,2026_W23,S282,U29534,2026-06-07 05:55:58,2026-06-07 06:11:58,Email,Spend,Desktop,Firefox,MacOS,/products
72e8cd21-4747-456a-bffd-d6498ce448d1,2026_W23,S283,U8953,2026-06-07 09:27:01,2026-06-07 09:55:01,Email,Major,Mobile,Firefox,iOS,/products
72e8cd21-4747-456a-bffd-d6498ce448d1,2026_W23,S284,U10180,2026-06-03 17:51:47,2026-06-03 18:11:47,Google Ads,Health,Mobile,Edge,iOS,/home
72e8cd21-4747-456a-bffd-d6498ce448d1,2026_W23,S285,U24214,2026-06-06 07:50:05,2026-06-06 07:56:05,Instagram,Hot,Tablet,Chrome,MacOS,/home
72e8cd21-4747-456a-bffd-d6498ce448d1,2026_W23,S286,U28961,2026-06-06 20:15:59,2026-06-06 20:40:59,Organic,White,Tablet,Firefox,iOS,/home
72e8cd21-4747-456a-bffd-d6498ce448d1,2026_W23,S287,U22038,2026-06-04 15:42:24,2026-06-04 15:50:24,Instagram,Team,Desktop,Safari,Android,/products
72e8cd21-4747-456a-bffd-d6498ce448d1,2026_W23,S288,U4161,2026-06-04 19:42:19,2026-06-04 19:56:19,Instagram,Ok,Desktop,Safari,iOS,/home
72e8cd21-4747-456a-bffd-d6498ce448d1,2026_W23,S289,U5273,2026-06-02 10:41:35,2026-06-02 10:43:35,Email,Indicate,Tablet,Safari,iOS,/offers
72e8cd21-4747-456a-bffd-d6498ce448d1,2026_W23,S290,U4222,2026-06-06 18:54:30,2026-06-06 19:18:30,Direct,Along,Mobile,Safari,Windows,/products
72e8cd21-4747-456a-bffd-d6498ce448d1,2026_W23,S291,U34843,2026-06-07 04:26:58,2026-06-07 04:43:58,Email,Specific,Mobile,Chrome,iOS,/offers
72e8cd21-4747-456a-bffd-d6498ce448d1,2026_W23,S292,U7778,2026-06-06 14:33:07,2026-06-06 15:02:07,Direct,Offer,Desktop,Edge,Windows,/offers
72e8cd21-4747-456a-bffd-d6498ce448d1,2026_W23,S293,U6704,2026-06-04 06:05:23,2026-06-04 06:32:23,Instagram,Try,Desktop,Firefox,MacOS,/products
72e8cd21-4747-456a-bffd-d6498ce448d1,2026_W23,S294,U21767,2026-06-02 05:39:01,2026-06-02 06:00:01,Organic,Better,Mobile,Chrome,Android,/home
72e8cd21-4747-456a-bffd-d6498ce448d1,2026_W23,S295,U3599,2026-06-03 18:51:31,2026-06-03 18:59:31,Direct,Produce,Mobile,Firefox,MacOS,/offers
72e8cd21-4747-456a-bffd-d6498ce448d1,2026_W23,S296,U5704,2026-06-06 00:56:45,2026-06-06 01:18:45,Organic,Budget,Mobile,Firefox,iOS,/products
72e8cd21-4747-456a-bffd-d6498ce448d1,2026_W23,S297,U23359,2026-06-05 05:11:45,2026-06-05 05:35:45,Facebook,Themselves,Desktop,Chrome,Windows,/offers
72e8cd21-4747-456a-bffd-d6498ce448d1,2026_W23,S298,U28103,2026-06-02 04:58:26,2026-06-02 05:33:26,Instagram,Any,Tablet,Firefox,MacOS,/home
72e8cd21-4747-456a-bffd-d6498ce448d1,2026_W23,S299,U1293,2026-06-05 01:33:53,2026-06-05 01:36:53,Direct,Race,Tablet,Firefox,MacOS,/offers
72e8cd21-4747-456a-bffd-d6498ce448d1,2026_W23,S300,U25055,2026-06-06 22:53:23,2026-06-06 22:59:23,Instagram,Other,Desktop,Safari,MacOS,/products
72e8cd21-4747-456a-bffd-d6498ce448d1,2026_W23,S301,U33157,2026-06-06 11:34:34,2026-06-06 11:46:34,Email,Management,Desktop,Firefox,Android,/products
72e8cd21-4747-456a-bffd-d6498ce448d1,2026_W23,S302,U2667,2026-06-06 06:24:00,2026-06-06 06:47:00,Organic,Whom,Desktop,Edge,iOS,/home
72e8cd21-4747-456a-bffd-d6498ce448d1,2026_W23,S303,U1456,2026-06-02 20:17:12,2026-06-02 20:18:12,Facebook,Indeed,Desktop,Edge,MacOS,/home
72e8cd21-4747-456a-bffd-d6498ce448d1,2026_W23,S304,U24072,2026-06-04 11:27:19,2026-06-04 11:53:19,Instagram,Energy,Tablet,Edge,iOS,/products
72e8cd21-4747-456a-bffd-d6498ce448d1,2026_W23,S305,U8722,2026-06-07 16:21:43,2026-06-07 16:22:43,Email,Movement,Mobile,Firefox,iOS,/products
72e8cd21-4747-456a-bffd-d6498ce448d1,2026_W23,S306,U18209,2026-06-04 03:25:45,2026-06-04 03:53:45,Google Ads,North,Mobile,Chrome,Android,/offers
72e8cd21-4747-456a-bffd-d6498ce448d1,2026_W23,S307,U12880,2026-06-04 11:09:43,2026-06-04 11:41:43,Direct,Five,Desktop,Edge,MacOS,/home
72e8cd21-4747-456a-bffd-d6498ce448d1,2026_W23,S308,U13166,2026-06-03 02:36:51,2026-06-03 02:49:51,Instagram,Measure,Mobile,Edge,Android,/offers
72e8cd21-4747-456a-bffd-d6498ce448d1,2026_W23,S309,U14087,2026-06-05 09:32:03,2026-06-05 10:00:03,Instagram,Five,Desktop,Edge,Windows,/products
72e8cd21-4747-456a-bffd-d6498ce448d1,2026_W23,S310,U37,2026-06-07 08:31:03,2026-06-07 08:42:03,Instagram,Kind,Mobile,Chrome,iOS,/offers
72e8cd21-4747-456a-bffd-d6498ce448d1,2026_W23,S311,U2807,2026-06-03 02:27:58,2026-06-03 02:52:58,Email,Say,Mobile,Edge,Windows,/offers
72e8cd21-4747-456a-bffd-d6498ce448d1,2026_W23,S312,U12965,2026-06-06 20:03:16,2026-06-06 20:41:16,Google Ads,Every,Tablet,Firefox,Android,/home
72e8cd21-4747-456a-bffd-d6498ce448d1,2026_W23,S313,U27476,2026-06-04 19:21:03,2026-06-04 19:38:03,Email,Old,Mobile,Safari,MacOS,/offers
72e8cd21-4747-456a-bffd-d6498ce448d1,2026_W23,S314,U21559,2026-06-07 14:13:19,2026-06-07 14:50:19,Direct,Child,Tablet,Edge,Android,/home
72e8cd21-4747-456a-bffd-d6498ce448d1,2026_W23,S315,U4631,2026-06-05 03:03:48,2026-06-05 03:35:48,Google Ads,Argue,Desktop,Chrome,Windows,/home
72e8cd21-4747-456a-bffd-d6498ce448d1,2026_W23,S316,U12941,2026-06-02 06:29:48,2026-06-02 06:44:48,Email,Watch,Desktop,Firefox,Windows,/offers
72e8cd21-4747-456a-bffd-d6498ce448d1,2026_W23,S317,U9754,2026-06-03 05:28:54,2026-06-03 05:30:54,Google Ads,Lawyer,Desktop,Edge,Windows,/offers
72e8cd21-4747-456a-bffd-d6498ce448d1,2026_W23,S318,U16901,2026-06-02 19:53:29,2026-06-02 20:29:29,Google Ads,Next,Tablet,Edge,MacOS,/home
72e8cd21-4747-456a-bffd-d6498ce448d1,2026_W23,S319,U892,2026-06-07 19:44:27,2026-06-07 19:51:27,Email,House,Desktop,Firefox,Windows,/products
72e8cd21-4747-456a-bffd-d6498ce448d1,2026_W23,S320,U11868,2026-06-02 09:33:12,2026-06-02 10:08:12,Organic,Organization,Desktop,Safari,MacOS,/products
72e8cd21-4747-456a-bffd-d6498ce448d1,2026_W23,S321,U13340,2026-06-05 22:07:50,2026-06-05 22:46:50,Facebook,Show,Mobile,Chrome,MacOS,/products
72e8cd21-4747-456a-bffd-d6498ce448d1,2026_W23,S322,U26527,2026-06-03 22:10:35,2026-06-03 22:41:35,Instagram,Style,Tablet,Edge,Windows,/offers
72e8cd21-4747-456a-bffd-d6498ce448d1,2026_W23,S323,U15942,2026-06-05 21:18:02,2026-06-05 21:35:02,Organic,It,Mobile,Chrome,Android,/products
72e8cd21-4747-456a-bffd-d6498ce448d1,2026_W23,S324,U19872,2026-06-04 19:25:16,2026-06-04 20:02:16,Direct,By,Desktop,Chrome,Android,/products
72e8cd21-4747-456a-bffd-d6498ce448d1,2026_W23,S325,U34717,2026-06-05 11:25:21,2026-06-05 11:26:21,Email,Voice,Mobile,Safari,Android,/offers
72e8cd21-4747-456a-bffd-d6498ce448d1,2026_W23,S326,U26795,2026-06-07 08:11:39,2026-06-07 08:33:39,Direct,Appear,Tablet,Safari,Windows,/products
72e8cd21-4747-456a-bffd-d6498ce448d1,2026_W23,S327,U16907,2026-06-03 00:32:22,2026-06-03 00:57:22,Google Ads,Community,Mobile,Safari,Windows,/products
72e8cd21-4747-456a-bffd-d6498ce448d1,2026_W23,S328,U13146,2026-06-02 00:15:10,2026-06-02 00:36:10,Direct,Federal,Mobile,Chrome,MacOS,/offers
72e8cd21-4747-456a-bffd-d6498ce448d1,2026_W23,S329,U3705,2026-06-04 04:54:03,2026-06-04 05:24:03,Google Ads,Dinner,Mobile,Edge,iOS,/offers
72e8cd21-4747-456a-bffd-d6498ce448d1,2026_W23,S330,U14436,2026-06-03 09:19:48,2026-06-03 09:54:48,Email,Entire,Mobile,Edge,Android,/products
72e8cd21-4747-456a-bffd-d6498ce448d1,2026_W23,S331,U7494,2026-06-06 20:43:36,2026-06-06 20:48:36,Email,Quickly,Desktop,Firefox,MacOS,/products
72e8cd21-4747-456a-bffd-d6498ce448d1,2026_W23,S332,U28010,2026-06-05 01:15:35,2026-06-05 01:21:35,Organic,Fly,Desktop,Safari,iOS,/offers
72e8cd21-4747-456a-bffd-d6498ce448d1,2026_W23,S333,U4882,2026-06-07 17:59:22,2026-06-07 18:03:22,Direct,Big,Mobile,Firefox,iOS,/home
72e8cd21-4747-456a-bffd-d6498ce448d1,2026_W23,S334,U8653,2026-06-04 04:38:34,2026-06-04 05:09:34,Email,Parent,Tablet,Firefox,iOS,/products
72e8cd21-4747-456a-bffd-d6498ce448d1,2026_W23,S335,U9734,2026-06-05 00:47:56,2026-06-05 01:11:56,Facebook,Forget,Tablet,Firefox,Android,/products
72e8cd21-4747-456a-bffd-d6498ce448d1,2026_W23,S336,U19133,2026-06-02 05:07:59,2026-06-02 05:44:59,Direct,See,Desktop,Edge,MacOS,/offers
72e8cd21-4747-456a-bffd-d6498ce448d1,2026_W23,S337,U19168,2026-06-04 07:39:42,2026-06-04 07:53:42,Organic,Year,Tablet,Firefox,MacOS,/offers
72e8cd21-4747-456a-bffd-d6498ce448d1,2026_W23,S338,U26542,2026-06-03 13:49:59,2026-06-03 14:00:59,Google Ads,Against,Tablet,Chrome,Windows,/offers
72e8cd21-4747-456a-bffd-d6498ce448d1,2026_W23,S339,U9691,2026-06-07 05:04:17,2026-06-07 05:09:17,Google Ads,Operation,Tablet,Edge,Windows,/home
72e8cd21-4747-456a-bffd-d6498ce448d1,2026_W23,S340,U29421,2026-06-05 21:41:55,2026-06-05 22:09:55,Email,Authority,Desktop,Chrome,MacOS,/offers
72e8cd21-4747-456a-bffd-d6498ce448d1,2026_W23,S341,U25848,2026-06-03 10:28:57,2026-06-03 10:58:57,Organic,Together,Desktop,Chrome,Windows,/products
72e8cd21-4747-456a-bffd-d6498ce448d1,2026_W23,S342,U26613,2026-06-07 07:00:19,2026-06-07 07:10:19,Direct,Industry,Tablet,Edge,Android,/home
72e8cd21-4747-456a-bffd-d6498ce448d1,2026_W23,S343,U7442,2026-06-02 02:11:28,2026-06-02 02:48:28,Email,Scientist,Desktop,Chrome,Windows,/products
72e8cd21-4747-456a-bffd-d6498ce448d1,2026_W23,S344,U14658,2026-06-07 13:33:01,2026-06-07 13:53:01,Direct,Doctor,Mobile,Firefox,MacOS,/offers
72e8cd21-4747-456a-bffd-d6498ce448d1,2026_W23,S345,U4066,2026-06-07 00:06:22,2026-06-07 00:13:22,Direct,Tend,Desktop,Chrome,Android,/home
72e8cd21-4747-456a-bffd-d6498ce448d1,2026_W23,S346,U10503,2026-06-04 02:51:21,2026-06-04 03:24:21,Instagram,Tax,Tablet,Chrome,MacOS,/offers
72e8cd21-4747-456a-bffd-d6498ce448d1,2026_W23,S347,U26940,2026-06-05 23:54:10,2026-06-06 00:03:10,Google Ads,Under,Mobile,Chrome,iOS,/products
72e8cd21-4747-456a-bffd-d6498ce448d1,2026_W23,S348,U12640,2026-06-06 16:27:03,2026-06-06 16:44:03,Instagram,Begin,Tablet,Chrome,Android,/offers
72e8cd21-4747-456a-bffd-d6498ce448d1,2026_W23,S349,U24769,2026-06-05 19:51:32,2026-06-05 20:09:32,Instagram,Before,Desktop,Chrome,MacOS,/home
72e8cd21-4747-456a-bffd-d6498ce448d1,2026_W23,S350,U6224,2026-06-03 09:10:22,2026-06-03 09:36:22,Google Ads,Sea,Desktop,Chrome,iOS,/offers
72e8cd21-4747-456a-bffd-d6498ce448d1,2026_W23,S351,U30195,2026-06-07 15:05:45,2026-06-07 15:33:45,Facebook,Me,Mobile,Safari,Android,/products
72e8cd21-4747-456a-bffd-d6498ce448d1,2026_W23,S352,U20022,2026-06-07 07:41:01,2026-06-07 08:19:01,Google Ads,Research,Desktop,Edge,Windows,/products
72e8cd21-4747-456a-bffd-d6498ce448d1,2026_W23,S353,U7132,2026-06-07 05:24:16,2026-06-07 06:00:16,Google Ads,Power,Mobile,Safari,Windows,/offers
72e8cd21-4747-456a-bffd-d6498ce448d1,2026_W23,S354,U28095,2026-06-02 10:53:21,2026-06-02 11:02:21,Direct,Worry,Tablet,Chrome,Windows,/home
72e8cd21-4747-456a-bffd-d6498ce448d1,2026_W23,S355,U2157,2026-06-07 02:03:50,2026-06-07 02:17:50,Direct,Law,Desktop,Safari,iOS,/home
72e8cd21-4747-456a-bffd-d6498ce448d1,2026_W23,S356,U186,2026-06-04 03:58:43,2026-06-04 04:18:43,Instagram,Police,Desktop,Firefox,MacOS,/home
72e8cd21-4747-456a-bffd-d6498ce448d1,2026_W23,S357,U26195,2026-06-03 15:37:54,2026-06-03 16:04:54,Facebook,No,Mobile,Firefox,Windows,/products
72e8cd21-4747-456a-bffd-d6498ce448d1,2026_W23,S358,U1779,2026-06-04 19:34:52,2026-06-04 19:52:52,Direct,Pressure,Mobile,Firefox,MacOS,/home
72e8cd21-4747-456a-bffd-d6498ce448d1,2026_W23,S359,U2043,2026-06-07 11:31:52,2026-06-07 11:53:52,Direct,Various,Tablet,Safari,Windows,/products
72e8cd21-4747-456a-bffd-d6498ce448d1,2026_W23,S360,U7849,2026-06-04 12:29:37,2026-06-04 12:39:37,Direct,First,Mobile,Edge,iOS,/products
72e8cd21-4747-456a-bffd-d6498ce448d1,2026_W23,S361,U23910,2026-06-05 23:11:20,2026-06-05 23:34:20,Organic,Item,Tablet,Chrome,Windows,/offers
72e8cd21-4747-456a-bffd-d6498ce448d1,2026_W23,S362,U3713,2026-06-07 02:06:09,2026-06-07 02:20:09,Facebook,Memory,Desktop,Firefox,Android,/products
72e8cd21-4747-456a-bffd-d6498ce448d1,2026_W23,S363,U28236,2026-06-03 22:42:40,2026-06-03 23:05:40,Email,Road,Tablet,Edge,Windows,/products
72e8cd21-4747-456a-bffd-d6498ce448d1,2026_W23,S364,U34965,2026-06-04 17:36:12,2026-06-04 17:57:12,Organic,Once,Tablet,Firefox,iOS,/home
72e8cd21-4747-456a-bffd-d6498ce448d1,2026_W23,S365,U4454,2026-06-05 03:18:29,2026-06-05 03:36:29,Instagram,Less,Tablet,Safari,MacOS,/products
72e8cd21-4747-456a-bffd-d6498ce448d1,2026_W23,S366,U2429,2026-06-07 02:20:19,2026-06-07 02:55:19,Organic,Part,Desktop,Chrome,iOS,/offers
72e8cd21-4747-456a-bffd-d6498ce448d1,2026_W23,S367,U2764,2026-06-03 10:15:40,2026-06-03 10:55:40,Instagram,Water,Mobile,Safari,Windows,/offers
72e8cd21-4747-456a-bffd-d6498ce448d1,2026_W23,S368,U21455,2026-06-07 04:10:22,2026-06-07 04:35:22,Direct,Other,Desktop,Firefox,iOS,/home
72e8cd21-4747-456a-bffd-d6498ce448d1,2026_W23,S369,U16322,2026-06-05 04:13:39,2026-06-05 04:44:39,Facebook,Seem,Tablet,Edge,Windows,/products
72e8cd21-4747-456a-bffd-d6498ce448d1,2026_W23,S370,U15788,2026-06-02 04:37:06,2026-06-02 04:51:06,Direct,Tell,Mobile,Firefox,MacOS,/products
72e8cd21-4747-456a-bffd-d6498ce448d1,2026_W23,S371,U15040,2026-06-05 14:17:15,2026-06-05 14:42:15,Organic,Plan,Tablet,Chrome,Android,/offers
72e8cd21-4747-456a-bffd-d6498ce448d1,2026_W23,S372,U29003,2026-06-05 02:20:15,2026-06-05 02:43:15,Google Ads,Near,Mobile,Firefox,Android,/offers
72e8cd21-4747-456a-bffd-d6498ce448d1,2026_W23,S373,U18789,2026-06-04 18:28:49,2026-06-04 18:36:49,Organic,Day,Tablet,Firefox,iOS,/offers
72e8cd21-4747-456a-bffd-d6498ce448d1,2026_W23,S374,U12334,2026-06-07 10:20:00,2026-06-07 10:43:00,Organic,Data,Desktop,Firefox,MacOS,/offers
72e8cd21-4747-456a-bffd-d6498ce448d1,2026_W23,S375,U9232,2026-06-03 18:58:03,2026-06-03 19:24:03,Organic,At,Tablet,Safari,Android,/offers
72e8cd21-4747-456a-bffd-d6498ce448d1,2026_W23,S376,U17491,2026-06-07 17:56:01,2026-06-07 18:19:01,Facebook,Above,Tablet,Firefox,MacOS,/home
72e8cd21-4747-456a-bffd-d6498ce448d1,2026_W23,S377,U8107,2026-06-07 19:09:09,2026-06-07 19:42:09,Instagram,Prove,Mobile,Firefox,iOS,/products
72e8cd21-4747-456a-bffd-d6498ce448d1,2026_W23,S378,U26374,2026-06-03 09:37:30,2026-06-03 09:43:30,Instagram,Forward,Tablet,Chrome,MacOS,/home
72e8cd21-4747-456a-bffd-d6498ce448d1,2026_W23,S379,U15669,2026-06-06 07:23:33,2026-06-06 07:44:33,Direct,Stand,Tablet,Safari,Windows,/offers
72e8cd21-4747-456a-bffd-d6498ce448d1,2026_W23,S380,U2307,2026-06-04 14:09:24,2026-06-04 14:26:24,Facebook,Become,Mobile,Firefox,MacOS,/home
72e8cd21-4747-456a-bffd-d6498ce448d1,2026_W23,S381,U3217,2026-06-07 11:58:54,2026-06-07 12:02:54,Instagram,System,Mobile,Safari,Windows,/offers
72e8cd21-4747-456a-bffd-d6498ce448d1,2026_W23,S382,U13178,2026-06-04 18:54:12,2026-06-04 19:25:12,Facebook,Beat,Desktop,Safari,Windows,/products
72e8cd21-4747-456a-bffd-d6498ce448d1,2026_W23,S383,U32312,2026-06-02 07:22:19,2026-06-02 07:49:19,Facebook,Fall,Mobile,Safari,Windows,/home
72e8cd21-4747-456a-bffd-d6498ce448d1,2026_W23,S384,U7888,2026-06-03 18:10:17,2026-06-03 18:11:17,Instagram,Affect,Mobile,Chrome,Windows,/products
72e8cd21-4747-456a-bffd-d6498ce448d1,2026_W23,S385,U23674,2026-06-07 14:07:33,2026-06-07 14:21:33,Direct,Next,Tablet,Firefox,Windows,/products
72e8cd21-4747-456a-bffd-d6498ce448d1,2026_W23,S386,U21347,2026-06-02 23:18:25,2026-06-02 23:57:25,Organic,Street,Mobile,Firefox,MacOS,/home
72e8cd21-4747-456a-bffd-d6498ce448d1,2026_W23,S387,U23167,2026-06-04 10:40:48,2026-06-04 10:57:48,Organic,Debate,Tablet,Firefox,Android,/home
72e8cd21-4747-456a-bffd-d6498ce448d1,2026_W23,S388,U15479,2026-06-06 06:55:56,2026-06-06 07:12:56,Google Ads,One,Desktop,Chrome,iOS,/home
72e8cd21-4747-456a-bffd-d6498ce448d1,2026_W23,S389,U25516,2026-06-03 07:48:21,2026-06-03 07:50:21,Organic,Language,Tablet,Edge,Android,/products
72e8cd21-4747-456a-bffd-d6498ce448d1,2026_W23,S390,U12531,2026-06-02 14:51:20,2026-06-02 15:02:20,Google Ads,Mr,Mobile,Firefox,iOS,/offers
72e8cd21-4747-456a-bffd-d6498ce448d1,2026_W23,S391,U31472,2026-06-05 02:15:16,2026-06-05 02:44:16,Google Ads,Interesting,Tablet,Safari,iOS,/home
72e8cd21-4747-456a-bffd-d6498ce448d1,2026_W23,S392,U5044,2026-06-03 10:57:05,2026-06-03 11:04:05,Email,Financial,Mobile,Safari,Android,/home
72e8cd21-4747-456a-bffd-d6498ce448d1,2026_W23,S393,U28610,2026-06-03 02:59:49,2026-06-03 03:23:49,Direct,Yourself,Mobile,Edge,Android,/products
72e8cd21-4747-456a-bffd-d6498ce448d1,2026_W23,S394,U10536,2026-06-04 15:19:57,2026-06-04 15:45:57,Email,Professor,Desktop,Chrome,iOS,/products
72e8cd21-4747-456a-bffd-d6498ce448d1,2026_W23,S395,U3940,2026-06-01 22:54:58,2026-06-01 23:18:58,Email,Measure,Tablet,Chrome,Windows,/home
72e8cd21-4747-456a-bffd-d6498ce448d1,2026_W23,S396,U2772,2026-06-02 11:20:35,2026-06-02 11:25:35,Email,Church,Desktop,Safari,Windows,/offers
72e8cd21-4747-456a-bffd-d6498ce448d1,2026_W23,S397,U28503,2026-06-03 02:49:49,2026-06-03 03:03:49,Instagram,Safe,Tablet,Firefox,MacOS,/offers
72e8cd21-4747-456a-bffd-d6498ce448d1,2026_W23,S398,U20917,2026-06-04 14:43:48,2026-06-04 15:23:48,Instagram,Consumer,Desktop,Chrome,Windows,/products
72e8cd21-4747-456a-bffd-d6498ce448d1,2026_W23,S399,U23578,2026-06-04 18:36:21,2026-06-04 19:16:21,Organic,At,Tablet,Firefox,Android,/home
72e8cd21-4747-456a-bffd-d6498ce448d1,2026_W23,S400,U4954,2026-06-02 20:03:27,2026-06-02 20:04:27,Google Ads,Hand,Mobile,Firefox,Windows,/offers
72e8cd21-4747-456a-bffd-d6498ce448d1,2026_W23,S401,U8967,2026-06-04 10:44:47,2026-06-04 10:55:47,Facebook,Republican,Tablet,Safari,Windows,/products
72e8cd21-4747-456a-bffd-d6498ce448d1,2026_W23,S402,U15524,2026-06-06 19:27:15,2026-06-06 20:05:15,Email,Girl,Desktop,Chrome,Android,/home
72e8cd21-4747-456a-bffd-d6498ce448d1,2026_W23,S403,U19943,2026-06-05 03:52:44,2026-06-05 04:19:44,Email,Box,Desktop,Edge,Windows,/home
72e8cd21-4747-456a-bffd-d6498ce448d1,2026_W23,S404,U30619,2026-06-04 19:10:51,2026-06-04 19:17:51,Facebook,Remember,Desktop,Chrome,Windows,/offers
72e8cd21-4747-456a-bffd-d6498ce448d1,2026_W23,S405,U1748,2026-06-05 18:44:45,2026-06-05 19:18:45,Direct,On,Tablet,Firefox,MacOS,/home
72e8cd21-4747-456a-bffd-d6498ce448d1,2026_W23,S406,U10939,2026-06-07 14:42:40,2026-06-07 15:11:40,Facebook,Kid,Tablet,Firefox,MacOS,/products
72e8cd21-4747-456a-bffd-d6498ce448d1,2026_W23,S407,U33079,2026-06-03 20:01:30,2026-06-03 20:26:30,Google Ads,Ahead,Mobile,Edge,MacOS,/home
72e8cd21-4747-456a-bffd-d6498ce448d1,2026_W23,S408,U13743,2026-06-06 08:26:19,2026-06-06 09:06:19,Instagram,Eat,Tablet,Edge,Android,/home
72e8cd21-4747-456a-bffd-d6498ce448d1,2026_W23,S409,U18686,2026-06-06 05:11:17,2026-06-06 05:43:17,Direct,Moment,Desktop,Firefox,iOS,/offers
72e8cd21-4747-456a-bffd-d6498ce448d1,2026_W23,S410,U33097,2026-06-05 07:21:35,2026-06-05 07:56:35,Email,Cold,Desktop,Edge,Android,/offers
72e8cd21-4747-456a-bffd-d6498ce448d1,2026_W23,S411,U12920,2026-06-02 07:31:44,2026-06-02 08:10:44,Instagram,Contain,Mobile,Safari,Windows,/offers
72e8cd21-4747-456a-bffd-d6498ce448d1,2026_W23,S412,U13700,2026-06-03 13:33:09,2026-06-03 13:53:09,Google Ads,Guy,Mobile,Safari,Windows,/products
72e8cd21-4747-456a-bffd-d6498ce448d1,2026_W23,S413,U3465,2026-06-07 15:45:20,2026-06-07 16:16:20,Direct,Whether,Desktop,Edge,Windows,/offers
72e8cd21-4747-456a-bffd-d6498ce448d1,2026_W23,S414,U15217,2026-06-06 16:00:33,2026-06-06 16:18:33,Organic,Single,Tablet,Safari,Windows,/offers
72e8cd21-4747-456a-bffd-d6498ce448d1,2026_W23,S415,U25632,2026-06-05 00:30:15,2026-06-05 00:37:15,Email,Reduce,Tablet,Firefox,Windows,/offers
72e8cd21-4747-456a-bffd-d6498ce448d1,2026_W23,S416,U12380,2026-06-03 15:21:23,2026-06-03 15:53:23,Organic,Pass,Tablet,Firefox,iOS,/home
72e8cd21-4747-456a-bffd-d6498ce448d1,2026_W23,S417,U27230,2026-06-04 18:41:54,2026-06-04 18:50:54,Email,Billion,Desktop,Firefox,Windows,/products
72e8cd21-4747-456a-bffd-d6498ce448d1,2026_W23,S418,U1027,2026-06-05 10:27:36,2026-06-05 10:32:36,Google Ads,May,Desktop,Safari,MacOS,/offers
72e8cd21-4747-456a-bffd-d6498ce448d1,2026_W23,S419,U32825,2026-06-03 21:27:47,2026-06-03 21:56:47,Organic,Have,Mobile,Safari,Android,/products
72e8cd21-4747-456a-bffd-d6498ce448d1,2026_W23,S420,U18226,2026-06-03 03:26:03,2026-06-03 03:42:03,Direct,Personal,Desktop,Chrome,iOS,/products
72e8cd21-4747-456a-bffd-d6498ce448d1,2026_W23,S421,U13101,2026-06-02 21:08:36,2026-06-02 21:33:36,Facebook,Yourself,Tablet,Chrome,Windows,/products
72e8cd21-4747-456a-bffd-d6498ce448d1,2026_W23,S422,U15172,2026-06-02 11:15:35,2026-06-02 11:50:35,Google Ads,Attention,Desktop,Firefox,Android,/products
72e8cd21-4747-456a-bffd-d6498ce448d1,2026_W23,S423,U31170,2026-06-02 17:25:20,2026-06-02 17:56:20,Organic,Somebody,Tablet,Edge,Android,/products
72e8cd21-4747-456a-bffd-d6498ce448d1,2026_W23,S424,U16379,2026-06-04 18:22:06,2026-06-04 18:54:06,Google Ads,Ability,Mobile,Edge,MacOS,/home
72e8cd21-4747-456a-bffd-d6498ce448d1,2026_W23,S425,U32047,2026-06-05 09:57:27,2026-06-05 10:17:27,Google Ads,Factor,Desktop,Edge,iOS,/home
72e8cd21-4747-456a-bffd-d6498ce448d1,2026_W23,S426,U24181,2026-06-05 11:27:24,2026-06-05 11:34:24,Instagram,Policy,Tablet,Firefox,iOS,/products
72e8cd21-4747-456a-bffd-d6498ce448d1,2026_W23,S427,U33493,2026-06-05 04:17:37,2026-06-05 04:19:37,Direct,Thousand,Mobile,Safari,Windows,/home
72e8cd21-4747-456a-bffd-d6498ce448d1,2026_W23,S428,U30482,2026-06-06 17:39:30,2026-06-06 18:08:30,Instagram,Join,Desktop,Firefox,iOS,/offers
72e8cd21-4747-456a-bffd-d6498ce448d1,2026_W23,S429,U33897,2026-06-03 12:43:54,2026-06-03 13:01:54,Google Ads,Edge,Tablet,Edge,MacOS,/products
72e8cd21-4747-456a-bffd-d6498ce448d1,2026_W23,S430,U19718,2026-06-05 18:27:32,2026-06-05 18:39:32,Organic,Now,Tablet,Safari,Android,/products
72e8cd21-4747-456a-bffd-d6498ce448d1,2026_W23,S431,U26498,2026-06-03 12:23:00,2026-06-03 12:30:00,Facebook,Whatever,Tablet,Firefox,MacOS,/home
72e8cd21-4747-456a-bffd-d6498ce448d1,2026_W23,S432,U19193,2026-06-04 16:17:12,2026-06-04 16:37:12,Organic,Lay,Tablet,Firefox,MacOS,/home
72e8cd21-4747-456a-bffd-d6498ce448d1,2026_W23,S433,U33819,2026-06-03 13:56:20,2026-06-03 13:58:20,Instagram,Themselves,Desktop,Edge,Android,/products
72e8cd21-4747-456a-bffd-d6498ce448d1,2026_W23,S434,U10262,2026-06-07 05:10:12,2026-06-07 05:36:12,Facebook,Pick,Desktop,Edge,Windows,/offers
72e8cd21-4747-456a-bffd-d6498ce448d1,2026_W23,S435,U29847,2026-06-06 08:14:19,2026-06-06 08:20:19,Instagram,Participant,Tablet,Chrome,iOS,/home
72e8cd21-4747-456a-bffd-d6498ce448d1,2026_W23,S436,U19580,2026-06-05 01:27:23,2026-06-05 01:59:23,Facebook,People,Desktop,Edge,Windows,/products
72e8cd21-4747-456a-bffd-d6498ce448d1,2026_W23,S437,U28489,2026-06-03 06:21:23,2026-06-03 06:40:23,Organic,Good,Desktop,Chrome,Android,/products
72e8cd21-4747-456a-bffd-d6498ce448d1,2026_W23,S438,U24286,2026-06-01 23:58:28,2026-06-02 00:20:28,Facebook,Cultural,Desktop,Safari,Windows,/home
72e8cd21-4747-456a-bffd-d6498ce448d1,2026_W23,S439,U34123,2026-06-07 07:02:04,2026-06-07 07:06:04,Organic,Pull,Desktop,Chrome,iOS,/products
72e8cd21-4747-456a-bffd-d6498ce448d1,2026_W23,S440,U7067,2026-06-03 13:40:52,2026-06-03 14:08:52,Email,Already,Mobile,Safari,Windows,/offers
72e8cd21-4747-456a-bffd-d6498ce448d1,2026_W23,S441,U33279,2026-06-02 14:55:24,2026-06-02 15:19:24,Email,Course,Mobile,Chrome,iOS,/home
72e8cd21-4747-456a-bffd-d6498ce448d1,2026_W23,S442,U29254,2026-06-04 21:31:10,2026-06-04 21:44:10,Direct,Everything,Mobile,Safari,iOS,/offers
72e8cd21-4747-456a-bffd-d6498ce448d1,2026_W23,S443,U13560,2026-06-05 13:36:41,2026-06-05 14:01:41,Google Ads,Way,Desktop,Edge,iOS,/products
72e8cd21-4747-456a-bffd-d6498ce448d1,2026_W23,S444,U33295,2026-06-06 16:34:51,2026-06-06 16:43:51,Facebook,Nation,Tablet,Safari,MacOS,/offers
72e8cd21-4747-456a-bffd-d6498ce448d1,2026_W23,S445,U24275,2026-06-05 05:54:56,2026-06-05 06:33:56,Direct,Go,Mobile,Firefox,iOS,/products
72e8cd21-4747-456a-bffd-d6498ce448d1,2026_W23,S446,U24523,2026-06-02 00:58:49,2026-06-02 01:03:49,Email,Day,Tablet,Edge,Windows,/products
72e8cd21-4747-456a-bffd-d6498ce448d1,2026_W23,S447,U28339,2026-06-05 03:12:31,2026-06-05 03:13:31,Instagram,Training,Desktop,Safari,MacOS,/home
72e8cd21-4747-456a-bffd-d6498ce448d1,2026_W23,S448,U13940,2026-06-04 07:27:54,2026-06-04 07:32:54,Email,Nation,Mobile,Edge,MacOS,/home
72e8cd21-4747-456a-bffd-d6498ce448d1,2026_W23,S449,U14940,2026-06-04 02:12:37,2026-06-04 02:32:37,Instagram,New,Mobile,Edge,MacOS,/products
72e8cd21-4747-456a-bffd-d6498ce448d1,2026_W23,S450,U34421,2026-06-05 05:15:37,2026-06-05 05:43:37,Google Ads,Top,Mobile,Safari,Android,/products
72e8cd21-4747-456a-bffd-d6498ce448d1,2026_W23,S451,U32564,2026-06-05 09:16:01,2026-06-05 09:34:01,Google Ads,Score,Mobile,Chrome,MacOS,/offers
72e8cd21-4747-456a-bffd-d6498ce448d1,2026_W23,S452,U445,2026-06-04 20:34:27,2026-06-04 21:03:27,Facebook,Black,Mobile,Edge,Windows,/home
72e8cd21-4747-456a-bffd-d6498ce448d1,2026_W23,S453,U11071,2026-06-06 08:16:22,2026-06-06 08:25:22,Instagram,Remember,Desktop,Firefox,MacOS,/home
72e8cd21-4747-456a-bffd-d6498ce448d1,2026_W23,S454,U28853,2026-06-02 15:25:17,2026-06-02 15:38:17,Organic,Time,Mobile,Chrome,MacOS,/products
72e8cd21-4747-456a-bffd-d6498ce448d1,2026_W23,S455,U8124,2026-06-02 22:29:00,2026-06-02 22:51:00,Email,Perform,Desktop,Edge,Android,/home
72e8cd21-4747-456a-bffd-d6498ce448d1,2026_W23,S456,U28665,2026-06-04 22:14:53,2026-06-04 22:28:53,Email,Seek,Desktop,Safari,Android,/products
72e8cd21-4747-456a-bffd-d6498ce448d1,2026_W23,S457,U19765,2026-06-03 03:25:27,2026-06-03 03:33:27,Email,Trouble,Desktop,Edge,iOS,/home
72e8cd21-4747-456a-bffd-d6498ce448d1,2026_W23,S458,U3119,2026-06-03 00:24:36,2026-06-03 00:46:36,Email,Quality,Mobile,Chrome,iOS,/products
72e8cd21-4747-456a-bffd-d6498ce448d1,2026_W23,S459,U10764,2026-06-04 23:41:38,2026-06-05 00:19:38,Email,Statement,Desktop,Chrome,MacOS,/offers
72e8cd21-4747-456a-bffd-d6498ce448d1,2026_W23,S460,U7099,2026-06-02 08:20:32,2026-06-02 08:31:32,Organic,Save,Desktop,Firefox,iOS,/home
72e8cd21-4747-456a-bffd-d6498ce448d1,2026_W23,S461,U31276,2026-06-03 05:25:31,2026-06-03 05:58:31,Direct,Loss,Mobile,Firefox,Android,/home
72e8cd21-4747-456a-bffd-d6498ce448d1,2026_W23,S462,U7976,2026-06-05 02:48:27,2026-06-05 03:20:27,Facebook,Heavy,Tablet,Edge,MacOS,/products
72e8cd21-4747-456a-bffd-d6498ce448d1,2026_W23,S463,U19761,2026-06-03 19:25:09,2026-06-03 19:59:09,Google Ads,Coach,Tablet,Safari,MacOS,/home
72e8cd21-4747-456a-bffd-d6498ce448d1,2026_W23,S464,U15002,2026-06-02 20:00:45,2026-06-02 20:20:45,Google Ads,Increase,Tablet,Safari,iOS,/home
72e8cd21-4747-456a-bffd-d6498ce448d1,2026_W23,S465,U18553,2026-06-06 00:19:53,2026-06-06 00:54:53,Instagram,View,Tablet,Chrome,Windows,/products
72e8cd21-4747-456a-bffd-d6498ce448d1,2026_W23,S466,U34502,2026-06-05 14:50:40,2026-06-05 15:20:40,Direct,Film,Desktop,Safari,MacOS,/products
72e8cd21-4747-456a-bffd-d6498ce448d1,2026_W23,S467,U381,2026-06-02 09:17:32,2026-06-02 09:43:32,Google Ads,Large,Desktop,Chrome,MacOS,/home
72e8cd21-4747-456a-bffd-d6498ce448d1,2026_W23,S468,U28297,2026-06-05 12:26:55,2026-06-05 12:37:55,Organic,Lawyer,Tablet,Firefox,MacOS,/offers
72e8cd21-4747-456a-bffd-d6498ce448d1,2026_W23,S469,U34976,2026-06-07 00:29:21,2026-06-07 00:31:21,Email,Mean,Desktop,Firefox,Windows,/products
72e8cd21-4747-456a-bffd-d6498ce448d1,2026_W23,S470,U34553,2026-06-05 00:00:53,2026-06-05 00:34:53,Google Ads,Long,Desktop,Safari,iOS,/home
72e8cd21-4747-456a-bffd-d6498ce448d1,2026_W23,S471,U30147,2026-06-03 04:08:37,2026-06-03 04:24:37,Email,Can,Tablet,Chrome,Android,/offers
72e8cd21-4747-456a-bffd-d6498ce448d1,2026_W23,S472,U24548,2026-06-03 18:48:04,2026-06-03 19:14:04,Email,Spring,Tablet,Chrome,iOS,/home
72e8cd21-4747-456a-bffd-d6498ce448d1,2026_W23,S473,U15738,2026-06-05 15:18:06,2026-06-05 15:21:06,Facebook,Throughout,Desktop,Firefox,iOS,/offers
72e8cd21-4747-456a-bffd-d6498ce448d1,2026_W23,S474,U2155,2026-06-05 12:53:38,2026-06-05 12:58:38,Email,Serious,Mobile,Edge,Android,/products
72e8cd21-4747-456a-bffd-d6498ce448d1,2026_W23,S475,U24057,2026-06-04 11:18:23,2026-06-04 11:51:23,Facebook,Piece,Desktop,Edge,MacOS,/products
72e8cd21-4747-456a-bffd-d6498ce448d1,2026_W23,S476,U28825,2026-06-06 21:58:02,2026-06-06 22:02:02,Email,From,Desktop,Firefox,MacOS,/offers
72e8cd21-4747-456a-bffd-d6498ce448d1,2026_W23,S477,U13360,2026-06-06 04:01:46,2026-06-06 04:17:46,Instagram,Truth,Mobile,Chrome,iOS,/home
72e8cd21-4747-456a-bffd-d6498ce448d1,2026_W23,S478,U10262,2026-06-05 17:29:51,2026-06-05 17:31:51,Organic,Experience,Mobile,Chrome,Windows,/products
72e8cd21-4747-456a-bffd-d6498ce448d1,2026_W23,S479,U24627,2026-06-02 14:24:24,2026-06-02 14:41:24,Facebook,Account,Mobile,Edge,iOS,/offers
72e8cd21-4747-456a-bffd-d6498ce448d1,2026_W23,S480,U31362,2026-06-07 08:44:22,2026-06-07 08:54:22,Instagram,Discover,Mobile,Chrome,Android,/offers
72e8cd21-4747-456a-bffd-d6498ce448d1,2026_W23,S481,U598,2026-06-03 18:28:51,2026-06-03 18:51:51,Instagram,Various,Desktop,Safari,Windows,/products
72e8cd21-4747-456a-bffd-d6498ce448d1,2026_W23,S482,U18303,2026-06-05 22:28:46,2026-06-05 23:05:46,Email,Single,Desktop,Chrome,MacOS,/products
72e8cd21-4747-456a-bffd-d6498ce448d1,2026_W23,S483,U3060,2026-06-06 19:45:43,2026-06-06 19:51:43,Facebook,Professor,Tablet,Safari,Windows,/home
72e8cd21-4747-456a-bffd-d6498ce448d1,2026_W23,S484,U7284,2026-06-05 22:30:25,2026-06-05 22:43:25,Instagram,Use,Mobile,Chrome,iOS,/home
72e8cd21-4747-456a-bffd-d6498ce448d1,2026_W23,S485,U28710,2026-06-04 19:57:23,2026-06-04 20:02:23,Google Ads,Rest,Mobile,Safari,MacOS,/products
72e8cd21-4747-456a-bffd-d6498ce448d1,2026_W23,S486,U30123,2026-06-02 10:21:47,2026-06-02 10:28:47,Email,Each,Desktop,Firefox,Android,/home
72e8cd21-4747-456a-bffd-d6498ce448d1,2026_W23,S487,U9840,2026-06-03 19:34:11,2026-06-03 20:09:11,Organic,Knowledge,Mobile,Firefox,Windows,/home
72e8cd21-4747-456a-bffd-d6498ce448d1,2026_W23,S488,U19251,2026-06-05 21:19:40,2026-06-05 21:34:40,Google Ads,Lead,Tablet,Firefox,Android,/offers
72e8cd21-4747-456a-bffd-d6498ce448d1,2026_W23,S489,U595,2026-06-02 11:09:54,2026-06-02 11:16:54,Direct,Door,Tablet,Chrome,iOS,/offers
72e8cd21-4747-456a-bffd-d6498ce448d1,2026_W23,S490,U16754,2026-06-01 21:46:31,2026-06-01 22:04:31,Direct,Remain,Desktop,Edge,Windows,/home
72e8cd21-4747-456a-bffd-d6498ce448d1,2026_W23,S491,U1062,2026-06-07 00:27:54,2026-06-07 00:42:54,Facebook,Ask,Tablet,Safari,Android,/offers
72e8cd21-4747-456a-bffd-d6498ce448d1,2026_W23,S492,U25516,2026-06-02 10:47:06,2026-06-02 11:18:06,Organic,Rock,Mobile,Edge,Windows,/home
72e8cd21-4747-456a-bffd-d6498ce448d1,2026_W23,S493,U18146,2026-06-07 15:24:31,2026-06-07 15:34:31,Email,Standard,Tablet,Chrome,Android,/home
72e8cd21-4747-456a-bffd-d6498ce448d1,2026_W23,S494,U26206,2026-06-07 06:34:14,2026-06-07 06:39:14,Facebook,Rather,Tablet,Firefox,MacOS,/products
72e8cd21-4747-456a-bffd-d6498ce448d1,2026_W23,S495,U15447,2026-06-07 06:09:38,2026-06-07 06:25:38,Email,Speak,Tablet,Edge,Android,/offers
72e8cd21-4747-456a-bffd-d6498ce448d1,2026_W23,S496,U2788,2026-06-07 12:18:56,2026-06-07 12:45:56,Facebook,Indeed,Mobile,Edge,Android,/home
72e8cd21-4747-456a-bffd-d6498ce448d1,2026_W23,S497,U23866,2026-06-03 03:42:46,2026-06-03 04:08:46,Instagram,Same,Desktop,Safari,Android,/products
72e8cd21-4747-456a-bffd-d6498ce448d1,2026_W23,S498,U29016,2026-06-06 09:32:53,2026-06-06 09:40:53,Google Ads,Live,Mobile,Edge,Android,/products
72e8cd21-4747-456a-bffd-d6498ce448d1,2026_W23,S499,U3717,2026-06-07 20:19:30,2026-06-07 20:51:30,Instagram,Generation,Mobile,Safari,MacOS,/home
72e8cd21-4747-456a-bffd-d6498ce448d1,2026_W23,S500,U7785,2026-06-05 05:32:37,2026-06-05 05:48:37,Facebook,Act,Mobile,Firefox,Windows,/home
72e8cd21-4747-456a-bffd-d6498ce448d1,2026_W23,S501,U33499,2026-06-07 11:14:48,2026-06-07 11:33:48,Google Ads,Some,Mobile,Safari,Android,/products
72e8cd21-4747-456a-bffd-d6498ce448d1,2026_W23,S502,U8267,2026-06-05 11:30:34,2026-06-05 11:35:34,Google Ads,System,Desktop,Firefox,MacOS,/products
72e8cd21-4747-456a-bffd-d6498ce448d1,2026_W23,S503,U23617,2026-06-04 17:44:47,2026-06-04 18:01:47,Google Ads,Degree,Mobile,Safari,iOS,/offers
72e8cd21-4747-456a-bffd-d6498ce448d1,2026_W23,S504,U8524,2026-06-07 10:48:43,2026-06-07 11:04:43,Email,Wait,Tablet,Edge,Android,/offers
72e8cd21-4747-456a-bffd-d6498ce448d1,2026_W23,S505,U30389,2026-06-06 14:37:42,2026-06-06 14:50:42,Organic,Tend,Tablet,Chrome,Android,/products
72e8cd21-4747-456a-bffd-d6498ce448d1,2026_W23,S506,U14206,2026-06-03 17:39:06,2026-06-03 18:08:06,Organic,Moment,Tablet,Chrome,Windows,/offers
72e8cd21-4747-456a-bffd-d6498ce448d1,2026_W23,S507,U23864,2026-06-04 06:50:35,2026-06-04 07:19:35,Google Ads,Network,Tablet,Chrome,Windows,/offers
72e8cd21-4747-456a-bffd-d6498ce448d1,2026_W23,S508,U33392,2026-06-06 22:51:47,2026-06-06 23:10:47,Google Ads,Police,Desktop,Chrome,MacOS,/home
72e8cd21-4747-456a-bffd-d6498ce448d1,2026_W23,S509,U15491,2026-06-06 04:16:24,2026-06-06 04:30:24,Direct,Indeed,Desktop,Firefox,Android,/offers
72e8cd21-4747-456a-bffd-d6498ce448d1,2026_W23,S510,U15694,2026-06-04 00:55:06,2026-06-04 01:04:06,Instagram,Standard,Desktop,Chrome,iOS,/offers
72e8cd21-4747-456a-bffd-d6498ce448d1,2026_W23,S511,U8560,2026-06-06 23:48:26,2026-06-07 00:16:26,Google Ads,Change,Desktop,Chrome,iOS,/offers
72e8cd21-4747-456a-bffd-d6498ce448d1,2026_W23,S512,U16090,2026-06-05 23:57:33,2026-06-06 00:10:33,Email,Up,Desktop,Edge,iOS,/products
72e8cd21-4747-456a-bffd-d6498ce448d1,2026_W23,S513,U5011,2026-06-02 15:10:21,2026-06-02 15:49:21,Facebook,Against,Mobile,Edge,iOS,/home
72e8cd21-4747-456a-bffd-d6498ce448d1,2026_W23,S514,U7827,2026-06-01 22:08:07,2026-06-01 22:26:07,Direct,Maybe,Mobile,Firefox,Windows,/home
72e8cd21-4747-456a-bffd-d6498ce448d1,2026_W23,S515,U2471,2026-06-01 22:08:58,2026-06-01 22:29:58,Google Ads,Leg,Mobile,Firefox,Windows,/offers
72e8cd21-4747-456a-bffd-d6498ce448d1,2026_W23,S516,U26232,2026-06-02 21:16:15,2026-06-02 21:28:15,Facebook,Without,Mobile,Safari,iOS,/products
72e8cd21-4747-456a-bffd-d6498ce448d1,2026_W23,S517,U5262,2026-06-03 03:43:35,2026-06-03 04:05:35,Instagram,Figure,Tablet,Edge,Windows,/home
72e8cd21-4747-456a-bffd-d6498ce448d1,2026_W23,S518,U21771,2026-06-07 00:28:59,2026-06-07 00:44:59,Google Ads,Environmental,Mobile,Safari,MacOS,/offers
72e8cd21-4747-456a-bffd-d6498ce448d1,2026_W23,S519,U26666,2026-06-05 23:59:37,2026-06-06 00:39:37,Instagram,Take,Mobile,Chrome,iOS,/home
72e8cd21-4747-456a-bffd-d6498ce448d1,2026_W23,S520,U20662,2026-06-03 09:42:13,2026-06-03 09:46:13,Facebook,Stuff,Tablet,Edge,Windows,/offers
72e8cd21-4747-456a-bffd-d6498ce448d1,2026_W23,S521,U29968,2026-06-06 08:46:12,2026-06-06 09:07:12,Organic,Listen,Desktop,Edge,MacOS,/products
72e8cd21-4747-456a-bffd-d6498ce448d1,2026_W23,S522,U3812,2026-06-07 17:32:18,2026-06-07 17:47:18,Instagram,Cover,Desktop,Firefox,Windows,/products
72e8cd21-4747-456a-bffd-d6498ce448d1,2026_W23,S523,U15034,2026-06-02 21:30:14,2026-06-02 21:55:14,Facebook,Right,Mobile,Safari,Android,/offers
72e8cd21-4747-456a-bffd-d6498ce448d1,2026_W23,S524,U23802,2026-06-06 17:10:15,2026-06-06 17:44:15,Direct,Anyone,Desktop,Safari,MacOS,/products
72e8cd21-4747-456a-bffd-d6498ce448d1,2026_W23,S525,U15503,2026-06-05 15:45:58,2026-06-05 16:21:58,Email,Official,Tablet,Chrome,Windows,/offers
72e8cd21-4747-456a-bffd-d6498ce448d1,2026_W23,S526,U6020,2026-06-03 02:16:56,2026-06-03 02:32:56,Facebook,State,Desktop,Firefox,iOS,/offers
72e8cd21-4747-456a-bffd-d6498ce448d1,2026_W23,S527,U20062,2026-06-02 08:33:47,2026-06-02 09:11:47,Email,Few,Desktop,Chrome,Android,/products
72e8cd21-4747-456a-bffd-d6498ce448d1,2026_W23,S528,U28640,2026-06-07 05:50:52,2026-06-07 06:22:52,Organic,Recently,Mobile,Chrome,Windows,/offers
72e8cd21-4747-456a-bffd-d6498ce448d1,2026_W23,S529,U15230,2026-06-03 22:04:16,2026-06-03 22:34:16,Organic,Camera,Tablet,Firefox,Android,/home
72e8cd21-4747-456a-bffd-d6498ce448d1,2026_W23,S530,U1926,2026-06-06 02:20:08,2026-06-06 02:40:08,Direct,Yourself,Desktop,Edge,MacOS,/offers
72e8cd21-4747-456a-bffd-d6498ce448d1,2026_W23,S531,U31122,2026-06-03 12:16:29,2026-06-03 12:48:29,Email,Loss,Desktop,Safari,MacOS,/products
72e8cd21-4747-456a-bffd-d6498ce448d1,2026_W23,S532,U4869,2026-06-06 16:56:42,2026-06-06 17:12:42,Organic,Indicate,Desktop,Safari,MacOS,/offers
72e8cd21-4747-456a-bffd-d6498ce448d1,2026_W23,S533,U4328,2026-06-03 23:17:17,2026-06-03 23:47:17,Organic,His,Mobile,Firefox,MacOS,/offers
72e8cd21-4747-456a-bffd-d6498ce448d1,2026_W23,S534,U10798,2026-06-02 19:37:30,2026-06-02 19:53:30,Facebook,Big,Tablet,Chrome,Android,/products
72e8cd21-4747-456a-bffd-d6498ce448d1,2026_W23,S535,U4856,2026-06-04 21:51:21,2026-06-04 22:25:21,Direct,Across,Tablet,Firefox,Android,/home
72e8cd21-4747-456a-bffd-d6498ce448d1,2026_W23,S536,U3472,2026-06-07 00:57:14,2026-06-07 01:34:14,Google Ads,Like,Tablet,Firefox,MacOS,/home
72e8cd21-4747-456a-bffd-d6498ce448d1,2026_W23,S537,U29374,2026-06-02 00:12:09,2026-06-02 00:48:09,Facebook,Capital,Desktop,Chrome,MacOS,/home
72e8cd21-4747-456a-bffd-d6498ce448d1,2026_W23,S538,U879,2026-06-07 15:19:54,2026-06-07 15:40:54,Direct,Today,Tablet,Edge,MacOS,/offers
72e8cd21-4747-456a-bffd-d6498ce448d1,2026_W23,S539,U33539,2026-06-02 23:48:42,2026-06-03 00:21:42,Direct,Table,Mobile,Chrome,Windows,/products
72e8cd21-4747-456a-bffd-d6498ce448d1,2026_W23,S540,U24526,2026-06-03 09:01:38,2026-06-03 09:28:38,Google Ads,Population,Desktop,Safari,MacOS,/products
72e8cd21-4747-456a-bffd-d6498ce448d1,2026_W23,S541,U4060,2026-06-04 05:00:01,2026-06-04 05:36:01,Google Ads,Each,Tablet,Firefox,MacOS,/products
72e8cd21-4747-456a-bffd-d6498ce448d1,2026_W23,S542,U4390,2026-06-06 06:41:09,2026-06-06 06:50:09,Direct,Minute,Desktop,Firefox,iOS,/products
72e8cd21-4747-456a-bffd-d6498ce448d1,2026_W23,S543,U10077,2026-06-04 03:09:51,2026-06-04 03:33:51,Facebook,Debate,Tablet,Firefox,MacOS,/home
72e8cd21-4747-456a-bffd-d6498ce448d1,2026_W23,S544,U5874,2026-06-02 11:57:24,2026-06-02 12:13:24,Facebook,Candidate,Mobile,Safari,Windows,/products
72e8cd21-4747-456a-bffd-d6498ce448d1,2026_W23,S545,U19028,2026-06-04 10:04:03,2026-06-04 10:39:03,Facebook,Imagine,Desktop,Edge,Windows,/products
72e8cd21-4747-456a-bffd-d6498ce448d1,2026_W23,S546,U11717,2026-06-02 13:28:14,2026-06-02 13:33:14,Google Ads,Record,Desktop,Chrome,iOS,/products
72e8cd21-4747-456a-bffd-d6498ce448d1,2026_W23,S547,U23152,2026-06-04 03:46:16,2026-06-04 04:17:16,Email,Floor,Desktop,Safari,Windows,/offers
72e8cd21-4747-456a-bffd-d6498ce448d1,2026_W23,S548,U22079,2026-06-04 23:06:13,2026-06-04 23:40:13,Google Ads,Service,Desktop,Firefox,Windows,/offers
72e8cd21-4747-456a-bffd-d6498ce448d1,2026_W23,S549,U21701,2026-06-07 14:38:17,2026-06-07 15:10:17,Instagram,See,Tablet,Firefox,iOS,/products
72e8cd21-4747-456a-bffd-d6498ce448d1,2026_W23,S550,U6748,2026-06-02 21:05:01,2026-06-02 21:37:01,Instagram,Consumer,Tablet,Edge,Android,/home
72e8cd21-4747-456a-bffd-d6498ce448d1,2026_W23,S551,U2596,2026-06-05 17:39:13,2026-06-05 18:18:13,Direct,Pattern,Tablet,Chrome,MacOS,/home
72e8cd21-4747-456a-bffd-d6498ce448d1,2026_W23,S552,U8536,2026-06-01 22:26:12,2026-06-01 22:47:12,Organic,Summer,Desktop,Chrome,iOS,/home
72e8cd21-4747-456a-bffd-d6498ce448d1,2026_W23,S553,U26958,2026-06-02 18:11:20,2026-06-02 18:36:20,Direct,Bag,Tablet,Safari,Windows,/home
72e8cd21-4747-456a-bffd-d6498ce448d1,2026_W23,S554,U1699,2026-06-05 12:38:14,2026-06-05 12:41:14,Google Ads,Agree,Desktop,Firefox,Android,/offers
72e8cd21-4747-456a-bffd-d6498ce448d1,2026_W23,S555,U26460,2026-06-06 06:16:25,2026-06-06 06:21:25,Facebook,Lot,Tablet,Safari,Android,/products
72e8cd21-4747-456a-bffd-d6498ce448d1,2026_W23,S556,U27875,2026-06-05 05:48:14,2026-06-05 05:52:14,Instagram,Participant,Desktop,Chrome,iOS,/products
72e8cd21-4747-456a-bffd-d6498ce448d1,2026_W23,S557,U33849,2026-06-03 06:42:35,2026-06-03 07:18:35,Direct,Event,Mobile,Firefox,Android,/home
72e8cd21-4747-456a-bffd-d6498ce448d1,2026_W23,S558,U25045,2026-06-01 23:48:36,2026-06-02 00:26:36,Direct,Standard,Mobile,Edge,Windows,/products
72e8cd21-4747-456a-bffd-d6498ce448d1,2026_W23,S559,U16585,2026-06-04 21:38:47,2026-06-04 21:48:47,Google Ads,Off,Desktop,Firefox,Windows,/home
72e8cd21-4747-456a-bffd-d6498ce448d1,2026_W23,S560,U3230,2026-06-06 08:12:38,2026-06-06 08:44:38,Instagram,Board,Tablet,Edge,Android,/offers
72e8cd21-4747-456a-bffd-d6498ce448d1,2026_W23,S561,U4641,2026-06-05 12:55:59,2026-06-05 13:14:59,Organic,Since,Tablet,Chrome,MacOS,/home
72e8cd21-4747-456a-bffd-d6498ce448d1,2026_W23,S562,U18803,2026-06-05 11:18:45,2026-06-05 11:21:45,Direct,Husband,Desktop,Firefox,iOS,/home
72e8cd21-4747-456a-bffd-d6498ce448d1,2026_W23,S563,U26162,2026-06-04 17:00:32,2026-06-04 17:14:32,Google Ads,Eight,Tablet,Firefox,Windows,/products
72e8cd21-4747-456a-bffd-d6498ce448d1,2026_W23,S564,U16467,2026-06-03 04:38:25,2026-06-03 05:12:25,Email,Big,Tablet,Safari,Windows,/products
72e8cd21-4747-456a-bffd-d6498ce448d1,2026_W23,S565,U16588,2026-06-06 15:58:52,2026-06-06 16:06:52,Instagram,People,Tablet,Chrome,Android,/home
72e8cd21-4747-456a-bffd-d6498ce448d1,2026_W23,S566,U30730,2026-06-05 10:22:51,2026-06-05 10:50:51,Direct,Front,Desktop,Chrome,iOS,/offers
72e8cd21-4747-456a-bffd-d6498ce448d1,2026_W23,S567,U29461,2026-06-05 06:06:06,2026-06-05 06:41:06,Email,Growth,Mobile,Safari,MacOS,/offers
72e8cd21-4747-456a-bffd-d6498ce448d1,2026_W23,S568,U24033,2026-06-04 07:49:59,2026-06-04 07:58:59,Instagram,Prevent,Tablet,Edge,MacOS,/offers
72e8cd21-4747-456a-bffd-d6498ce448d1,2026_W23,S569,U19880,2026-06-04 08:18:34,2026-06-04 08:56:34,Instagram,Trip,Tablet,Firefox,MacOS,/home
72e8cd21-4747-456a-bffd-d6498ce448d1,2026_W23,S570,U17652,2026-06-05 18:14:29,2026-06-05 18:54:29,Organic,Half,Mobile,Edge,MacOS,/home
72e8cd21-4747-456a-bffd-d6498ce448d1,2026_W23,S571,U3018,2026-06-03 15:02:53,2026-06-03 15:28:53,Google Ads,Various,Tablet,Edge,iOS,/offers
72e8cd21-4747-456a-bffd-d6498ce448d1,2026_W23,S572,U6439,2026-06-01 20:39:15,2026-06-01 21:07:15,Google Ads,Up,Tablet,Firefox,Windows,/products
72e8cd21-4747-456a-bffd-d6498ce448d1,2026_W23,S573,U10564,2026-06-03 01:37:24,2026-06-03 02:01:24,Email,Few,Desktop,Edge,iOS,/products
72e8cd21-4747-456a-bffd-d6498ce448d1,2026_W23,S574,U31848,2026-06-06 03:00:40,2026-06-06 03:31:40,Facebook,Piece,Tablet,Edge,MacOS,/products
72e8cd21-4747-456a-bffd-d6498ce448d1,2026_W23,S575,U4187,2026-06-05 19:08:29,2026-06-05 19:23:29,Facebook,Conference,Desktop,Chrome,MacOS,/home
72e8cd21-4747-456a-bffd-d6498ce448d1,2026_W23,S576,U9788,2026-06-02 08:37:00,2026-06-02 08:48:00,Email,Whatever,Desktop,Firefox,MacOS,/products
72e8cd21-4747-456a-bffd-d6498ce448d1,2026_W23,S577,U29794,2026-06-07 14:14:08,2026-06-07 14:19:08,Facebook,Report,Mobile,Firefox,Android,/offers
72e8cd21-4747-456a-bffd-d6498ce448d1,2026_W23,S578,U32390,2026-06-07 04:12:08,2026-06-07 04:49:08,Direct,Close,Mobile,Chrome,MacOS,/offers
72e8cd21-4747-456a-bffd-d6498ce448d1,2026_W23,S579,U33397,2026-06-02 17:42:37,2026-06-02 17:57:37,Email,Time,Desktop,Edge,MacOS,/offers
72e8cd21-4747-456a-bffd-d6498ce448d1,2026_W23,S580,U12786,2026-06-04 05:55:02,2026-06-04 06:35:02,Direct,Result,Desktop,Edge,MacOS,/offers
72e8cd21-4747-456a-bffd-d6498ce448d1,2026_W23,S581,U9095,2026-06-02 23:59:45,2026-06-03 00:24:45,Email,Responsibility,Desktop,Edge,iOS,/products
72e8cd21-4747-456a-bffd-d6498ce448d1,2026_W23,S582,U26681,2026-06-06 10:13:58,2026-06-06 10:24:58,Organic,Party,Desktop,Edge,Android,/products
72e8cd21-4747-456a-bffd-d6498ce448d1,2026_W23,S583,U12102,2026-06-06 18:29:01,2026-06-06 19:01:01,Instagram,Huge,Tablet,Firefox,Android,/home
72e8cd21-4747-456a-bffd-d6498ce448d1,2026_W23,S584,U15540,2026-06-06 16:44:39,2026-06-06 16:51:39,Email,Control,Mobile,Firefox,Windows,/products
72e8cd21-4747-456a-bffd-d6498ce448d1,2026_W23,S585,U14354,2026-06-05 05:49:31,2026-06-05 06:02:31,Organic,I,Desktop,Firefox,iOS,/products
72e8cd21-4747-456a-bffd-d6498ce448d1,2026_W23,S586,U8848,2026-06-06 12:12:11,2026-06-06 12:50:11,Email,My,Tablet,Chrome,MacOS,/offers
72e8cd21-4747-456a-bffd-d6498ce448d1,2026_W23,S587,U27543,2026-06-03 15:39:03,2026-06-03 15:57:03,Direct,Year,Tablet,Safari,iOS,/offers
72e8cd21-4747-456a-bffd-d6498ce448d1,2026_W23,S588,U2540,2026-06-03 04:41:08,2026-06-03 04:42:08,Direct,Reality,Desktop,Chrome,Windows,/offers
72e8cd21-4747-456a-bffd-d6498ce448d1,2026_W23,S589,U12662,2026-06-03 21:58:27,2026-06-03 22:26:27,Direct,Generation,Desktop,Edge,MacOS,/home
72e8cd21-4747-456a-bffd-d6498ce448d1,2026_W23,S590,U11364,2026-06-05 18:20:55,2026-06-05 18:44:55,Direct,Energy,Desktop,Edge,iOS,/offers
72e8cd21-4747-456a-bffd-d6498ce448d1,2026_W23,S591,U9457,2026-06-01 21:52:30,2026-06-01 22:03:30,Facebook,Hear,Tablet,Edge,MacOS,/home
72e8cd21-4747-456a-bffd-d6498ce448d1,2026_W23,S592,U30780,2026-06-06 05:59:15,2026-06-06 06:20:15,Email,Within,Tablet,Firefox,Windows,/offers
72e8cd21-4747-456a-bffd-d6498ce448d1,2026_W23,S593,U15386,2026-06-06 16:07:11,2026-06-06 16:36:11,Google Ads,Understand,Tablet,Chrome,MacOS,/home
72e8cd21-4747-456a-bffd-d6498ce448d1,2026_W23,S594,U15198,2026-06-02 23:33:32,2026-06-03 00:03:32,Email,Skin,Desktop,Firefox,iOS,/offers
72e8cd21-4747-456a-bffd-d6498ce448d1,2026_W23,S595,U34225,2026-06-04 12:43:22,2026-06-04 13:21:22,Organic,Next,Desktop,Edge,iOS,/offers
72e8cd21-4747-456a-bffd-d6498ce448d1,2026_W23,S596,U29196,2026-06-07 19:56:47,2026-06-07 20:01:47,Facebook,Bed,Desktop,Safari,iOS,/home
72e8cd21-4747-456a-bffd-d6498ce448d1,2026_W23,S597,U142,2026-06-07 04:36:25,2026-06-07 04:56:25,Email,Red,Desktop,Safari,MacOS,/offers
72e8cd21-4747-456a-bffd-d6498ce448d1,2026_W23,S598,U20548,2026-06-04 22:51:35,2026-06-04 23:26:35,Google Ads,Stay,Desktop,Edge,Android,/products
72e8cd21-4747-456a-bffd-d6498ce448d1,2026_W23,S599,U28701,2026-06-07 14:59:07,2026-06-07 15:39:07,Google Ads,Long,Desktop,Safari,iOS,/offers
72e8cd21-4747-456a-bffd-d6498ce448d1,2026_W23,S600,U7484,2026-06-03 04:18:43,2026-06-03 04:47:43,Instagram,Several,Desktop,Firefox,Windows,/home
72e8cd21-4747-456a-bffd-d6498ce448d1,2026_W23,S601,U31376,2026-06-03 17:26:13,2026-06-03 18:04:13,Instagram,Past,Desktop,Firefox,MacOS,/home
72e8cd21-4747-456a-bffd-d6498ce448d1,2026_W23,S602,U22933,2026-06-06 13:29:34,2026-06-06 13:31:34,Facebook,Institution,Desktop,Safari,Windows,/offers
72e8cd21-4747-456a-bffd-d6498ce448d1,2026_W23,S603,U27025,2026-06-05 12:56:46,2026-06-05 13:30:46,Instagram,Build,Desktop,Chrome,iOS,/offers
72e8cd21-4747-456a-bffd-d6498ce448d1,2026_W23,S604,U7179,2026-06-05 05:21:56,2026-06-05 05:42:56,Direct,Walk,Mobile,Firefox,MacOS,/home
72e8cd21-4747-456a-bffd-d6498ce448d1,2026_W23,S605,U26553,2026-06-02 04:14:35,2026-06-02 04:51:35,Organic,Go,Tablet,Chrome,Android,/home
72e8cd21-4747-456a-bffd-d6498ce448d1,2026_W23,S606,U6091,2026-06-05 03:06:37,2026-06-05 03:29:37,Google Ads,With,Tablet,Firefox,Windows,/home
72e8cd21-4747-456a-bffd-d6498ce448d1,2026_W23,S607,U32810,2026-06-03 06:36:44,2026-06-03 07:07:44,Direct,Beautiful,Desktop,Firefox,MacOS,/products
72e8cd21-4747-456a-bffd-d6498ce448d1,2026_W23,S608,U6071,2026-06-07 06:09:16,2026-06-07 06:25:16,Organic,Goal,Desktop,Chrome,MacOS,/home
72e8cd21-4747-456a-bffd-d6498ce448d1,2026_W23,S609,U28665,2026-06-04 07:39:08,2026-06-04 08:02:08,Instagram,What,Tablet,Edge,Android,/home
72e8cd21-4747-456a-bffd-d6498ce448d1,2026_W23,S610,U33191,2026-06-02 11:33:46,2026-06-02 11:36:46,Facebook,Report,Mobile,Edge,iOS,/home
72e8cd21-4747-456a-bffd-d6498ce448d1,2026_W23,S611,U21031,2026-06-05 11:04:37,2026-06-05 11:37:37,Email,Example,Mobile,Edge,Android,/offers
72e8cd21-4747-456a-bffd-d6498ce448d1,2026_W23,S612,U14601,2026-06-07 05:21:37,2026-06-07 05:39:37,Google Ads,Sort,Tablet,Edge,MacOS,/products
72e8cd21-4747-456a-bffd-d6498ce448d1,2026_W23,S613,U7574,2026-06-02 08:28:12,2026-06-02 08:58:12,Direct,Stage,Desktop,Safari,iOS,/offers
72e8cd21-4747-456a-bffd-d6498ce448d1,2026_W23,S614,U16203,2026-06-04 20:58:04,2026-06-04 21:00:04,Instagram,Close,Tablet,Edge,MacOS,/offers
72e8cd21-4747-456a-bffd-d6498ce448d1,2026_W23,S615,U3018,2026-06-02 21:47:44,2026-06-02 21:49:44,Google Ads,Medical,Tablet,Chrome,Android,/products
72e8cd21-4747-456a-bffd-d6498ce448d1,2026_W23,S616,U34179,2026-06-03 22:03:53,2026-06-03 22:34:53,Organic,Know,Mobile,Edge,MacOS,/home
72e8cd21-4747-456a-bffd-d6498ce448d1,2026_W23,S617,U1988,2026-06-06 07:32:40,2026-06-06 08:09:40,Direct,Everything,Tablet,Safari,Android,/offers
72e8cd21-4747-456a-bffd-d6498ce448d1,2026_W23,S618,U8507,2026-06-01 23:29:59,2026-06-01 23:44:59,Email,Himself,Desktop,Safari,MacOS,/products
72e8cd21-4747-456a-bffd-d6498ce448d1,2026_W23,S619,U7835,2026-06-04 06:56:03,2026-06-04 07:07:03,Direct,Crime,Tablet,Edge,Android,/home
72e8cd21-4747-456a-bffd-d6498ce448d1,2026_W23,S620,U19480,2026-06-05 10:43:54,2026-06-05 10:47:54,Organic,Reach,Desktop,Firefox,Windows,/products
72e8cd21-4747-456a-bffd-d6498ce448d1,2026_W23,S621,U3762,2026-06-05 14:24:56,2026-06-05 14:40:56,Direct,Wide,Desktop,Firefox,MacOS,/home
72e8cd21-4747-456a-bffd-d6498ce448d1,2026_W23,S622,U23723,2026-06-05 07:15:14,2026-06-05 07:22:14,Instagram,Discussion,Desktop,Safari,MacOS,/offers
72e8cd21-4747-456a-bffd-d6498ce448d1,2026_W23,S623,U26333,2026-06-06 11:38:15,2026-06-06 11:41:15,Email,Focus,Desktop,Safari,Android,/offers
72e8cd21-4747-456a-bffd-d6498ce448d1,2026_W23,S624,U31494,2026-06-04 07:07:50,2026-06-04 07:46:50,Organic,Half,Mobile,Safari,Windows,/products
72e8cd21-4747-456a-bffd-d6498ce448d1,2026_W23,S625,U9255,2026-06-04 07:27:02,2026-06-04 08:01:02,Facebook,Us,Mobile,Safari,iOS,/products
72e8cd21-4747-456a-bffd-d6498ce448d1,2026_W23,S626,U30723,2026-06-05 02:28:14,2026-06-05 02:49:14,Instagram,Loss,Tablet,Safari,MacOS,/home
72e8cd21-4747-456a-bffd-d6498ce448d1,2026_W23,S627,U23679,2026-06-02 09:02:53,2026-06-02 09:08:53,Organic,Turn,Desktop,Safari,iOS,/products
72e8cd21-4747-456a-bffd-d6498ce448d1,2026_W23,S628,U27542,2026-06-05 18:30:23,2026-06-05 18:56:23,Organic,Particularly,Desktop,Chrome,Windows,/offers
72e8cd21-4747-456a-bffd-d6498ce448d1,2026_W23,S629,U24749,2026-06-05 17:46:06,2026-06-05 18:09:06,Instagram,Resource,Tablet,Firefox,MacOS,/products
72e8cd21-4747-456a-bffd-d6498ce448d1,2026_W23,S630,U13653,2026-06-07 14:52:03,2026-06-07 15:14:03,Direct,Everybody,Mobile,Firefox,MacOS,/offers
72e8cd21-4747-456a-bffd-d6498ce448d1,2026_W23,S631,U34120,2026-06-07 07:51:59,2026-06-07 08:12:59,Google Ads,Will,Mobile,Chrome,iOS,/home
72e8cd21-4747-456a-bffd-d6498ce448d1,2026_W23,S632,U19322,2026-06-02 00:39:13,2026-06-02 01:02:13,Google Ads,Authority,Tablet,Edge,iOS,/offers
72e8cd21-4747-456a-bffd-d6498ce448d1,2026_W23,S633,U18021,2026-06-06 08:32:22,2026-06-06 08:56:22,Direct,Drop,Tablet,Chrome,MacOS,/products
72e8cd21-4747-456a-bffd-d6498ce448d1,2026_W23,S634,U17029,2026-06-03 04:25:31,2026-06-03 04:52:31,Organic,Series,Tablet,Chrome,Windows,/home
72e8cd21-4747-456a-bffd-d6498ce448d1,2026_W23,S635,U26715,2026-06-04 16:15:08,2026-06-04 16:38:08,Direct,Read,Mobile,Edge,MacOS,/home
72e8cd21-4747-456a-bffd-d6498ce448d1,2026_W23,S636,U12485,2026-06-07 16:27:22,2026-06-07 16:55:22,Google Ads,Media,Tablet,Chrome,Android,/offers
72e8cd21-4747-456a-bffd-d6498ce448d1,2026_W23,S637,U160,2026-06-05 16:55:10,2026-06-05 17:05:10,Instagram,Water,Mobile,Safari,iOS,/offers
72e8cd21-4747-456a-bffd-d6498ce448d1,2026_W23,S638,U12444,2026-06-06 12:52:23,2026-06-06 13:07:23,Facebook,Have,Tablet,Safari,MacOS,/home
72e8cd21-4747-456a-bffd-d6498ce448d1,2026_W23,S639,U33176,2026-06-04 15:08:31,2026-06-04 15:36:31,Organic,Edge,Mobile,Firefox,MacOS,/offers
72e8cd21-4747-456a-bffd-d6498ce448d1,2026_W23,S640,U5389,2026-06-07 07:58:58,2026-06-07 08:19:58,Organic,Agreement,Tablet,Chrome,Windows,/products
72e8cd21-4747-456a-bffd-d6498ce448d1,2026_W23,S641,U2447,2026-06-05 05:27:30,2026-06-05 05:50:30,Instagram,Hair,Mobile,Edge,Windows,/offers
72e8cd21-4747-456a-bffd-d6498ce448d1,2026_W23,S642,U13168,2026-06-04 15:57:45,2026-06-04 16:13:45,Organic,Thousand,Desktop,Safari,MacOS,/home
72e8cd21-4747-456a-bffd-d6498ce448d1,2026_W23,S643,U218,2026-06-02 23:23:56,2026-06-03 00:01:56,Direct,Month,Tablet,Firefox,iOS,/products
72e8cd21-4747-456a-bffd-d6498ce448d1,2026_W23,S644,U3989,2026-06-06 17:15:08,2026-06-06 17:23:08,Email,Visit,Mobile,Firefox,Windows,/offers
72e8cd21-4747-456a-bffd-d6498ce448d1,2026_W23,S645,U19936,2026-06-01 23:08:36,2026-06-01 23:36:36,Instagram,Catch,Desktop,Safari,MacOS,/products
72e8cd21-4747-456a-bffd-d6498ce448d1,2026_W23,S646,U9145,2026-06-07 18:33:10,2026-06-07 18:45:10,Organic,Building,Desktop,Safari,Windows,/home
72e8cd21-4747-456a-bffd-d6498ce448d1,2026_W23,S647,U29542,2026-06-06 17:50:46,2026-06-06 18:08:46,Email,Money,Mobile,Firefox,MacOS,/offers
72e8cd21-4747-456a-bffd-d6498ce448d1,2026_W23,S648,U34432,2026-06-06 15:48:05,2026-06-06 15:58:05,Facebook,Point,Mobile,Chrome,Windows,/offers
72e8cd21-4747-456a-bffd-d6498ce448d1,2026_W23,S649,U33705,2026-06-07 12:25:34,2026-06-07 12:37:34,Email,Any,Desktop,Chrome,Windows,/products
72e8cd21-4747-456a-bffd-d6498ce448d1,2026_W23,S650,U33964,2026-06-04 03:39:16,2026-06-04 03:42:16,Direct,Surface,Desktop,Chrome,iOS,/offers
72e8cd21-4747-456a-bffd-d6498ce448d1,2026_W23,S651,U13000,2026-06-06 09:15:08,2026-06-06 09:43:08,Instagram,Of,Mobile,Firefox,Android,/offers
72e8cd21-4747-456a-bffd-d6498ce448d1,2026_W23,S652,U1896,2026-06-03 10:33:18,2026-06-03 11:12:18,Instagram,Reach,Mobile,Edge,Android,/products
72e8cd21-4747-456a-bffd-d6498ce448d1,2026_W23,S653,U25594,2026-06-02 20:05:22,2026-06-02 20:34:22,Direct,Bank,Mobile,Safari,Android,/home
72e8cd21-4747-456a-bffd-d6498ce448d1,2026_W23,S654,U19427,2026-06-03 01:33:00,2026-06-03 02:07:00,Google Ads,Machine,Desktop,Safari,Android,/offers
72e8cd21-4747-456a-bffd-d6498ce448d1,2026_W23,S655,U22105,2026-06-03 19:39:02,2026-06-03 19:57:02,Email,Cause,Mobile,Chrome,Android,/products
72e8cd21-4747-456a-bffd-d6498ce448d1,2026_W23,S656,U22529,2026-06-07 08:46:23,2026-06-07 09:15:23,Direct,Federal,Mobile,Safari,Windows,/offers
72e8cd21-4747-456a-bffd-d6498ce448d1,2026_W23,S657,U18645,2026-06-02 21:12:52,2026-06-02 21:28:52,Instagram,My,Mobile,Firefox,Android,/offers
72e8cd21-4747-456a-bffd-d6498ce448d1,2026_W23,S658,U1257,2026-06-04 20:47:48,2026-06-04 21:00:48,Email,Follow,Desktop,Edge,iOS,/offers
72e8cd21-4747-456a-bffd-d6498ce448d1,2026_W23,S659,U26249,2026-06-03 12:55:20,2026-06-03 13:11:20,Instagram,Current,Tablet,Firefox,Windows,/home
72e8cd21-4747-456a-bffd-d6498ce448d1,2026_W23,S660,U26773,2026-06-02 00:44:21,2026-06-02 00:46:21,Google Ads,Attention,Tablet,Firefox,iOS,/products
72e8cd21-4747-456a-bffd-d6498ce448d1,2026_W23,S661,U2407,2026-06-03 01:24:18,2026-06-03 01:34:18,Instagram,Man,Mobile,Firefox,Android,/products
72e8cd21-4747-456a-bffd-d6498ce448d1,2026_W23,S662,U24213,2026-06-06 03:48:18,2026-06-06 04:13:18,Email,Six,Tablet,Firefox,Android,/offers
72e8cd21-4747-456a-bffd-d6498ce448d1,2026_W23,S663,U32189,2026-06-02 18:32:59,2026-06-02 18:47:59,Facebook,Than,Mobile,Firefox,Windows,/home
72e8cd21-4747-456a-bffd-d6498ce448d1,2026_W23,S664,U8907,2026-06-04 11:47:32,2026-06-04 11:53:32,Organic,Be,Tablet,Edge,Android,/products
72e8cd21-4747-456a-bffd-d6498ce448d1,2026_W23,S665,U15824,2026-06-06 13:19:45,2026-06-06 13:36:45,Instagram,Fish,Tablet,Edge,Windows,/offers
72e8cd21-4747-456a-bffd-d6498ce448d1,2026_W23,S666,U30155,2026-06-07 18:43:51,2026-06-07 19:07:51,Organic,Five,Tablet,Safari,iOS,/home
72e8cd21-4747-456a-bffd-d6498ce448d1,2026_W23,S667,U24406,2026-06-03 21:57:06,2026-06-03 22:35:06,Direct,Herself,Desktop,Chrome,iOS,/home
72e8cd21-4747-456a-bffd-d6498ce448d1,2026_W23,S668,U10914,2026-06-07 05:12:14,2026-06-07 05:26:14,Instagram,Truth,Mobile,Chrome,Windows,/offers
72e8cd21-4747-456a-bffd-d6498ce448d1,2026_W23,S669,U32876,2026-06-07 14:57:24,2026-06-07 15:25:24,Facebook,Service,Desktop,Safari,iOS,/offers
72e8cd21-4747-456a-bffd-d6498ce448d1,2026_W23,S670,U30998,2026-06-02 04:32:22,2026-06-02 04:51:22,Facebook,Task,Tablet,Edge,iOS,/offers
72e8cd21-4747-456a-bffd-d6498ce448d1,2026_W23,S671,U33411,2026-06-05 07:05:14,2026-06-05 07:17:14,Google Ads,Best,Mobile,Firefox,MacOS,/products
72e8cd21-4747-456a-bffd-d6498ce448d1,2026_W23,S672,U3598,2026-06-07 17:50:10,2026-06-07 18:12:10,Google Ads,Between,Desktop,Edge,Android,/home
72e8cd21-4747-456a-bffd-d6498ce448d1,2026_W23,S673,U4992,2026-06-06 00:50:07,2026-06-06 01:25:07,Facebook,Common,Desktop,Chrome,Windows,/home
72e8cd21-4747-456a-bffd-d6498ce448d1,2026_W23,S674,U21049,2026-06-07 07:36:20,2026-06-07 08:05:20,Instagram,Tough,Desktop,Firefox,iOS,/offers
72e8cd21-4747-456a-bffd-d6498ce448d1,2026_W23,S675,U23529,2026-06-07 08:54:24,2026-06-07 09:27:24,Direct,Beyond,Tablet,Firefox,Android,/home
72e8cd21-4747-456a-bffd-d6498ce448d1,2026_W23,S676,U33094,2026-06-05 08:30:48,2026-06-05 09:01:48,Organic,Voice,Mobile,Firefox,Android,/offers
72e8cd21-4747-456a-bffd-d6498ce448d1,2026_W23,S677,U10115,2026-06-04 09:32:42,2026-06-04 09:43:42,Facebook,Provide,Mobile,Firefox,Windows,/products
72e8cd21-4747-456a-bffd-d6498ce448d1,2026_W23,S678,U4406,2026-06-04 10:21:35,2026-06-04 10:40:35,Facebook,Mission,Desktop,Edge,MacOS,/home
72e8cd21-4747-456a-bffd-d6498ce448d1,2026_W23,S679,U32321,2026-06-06 18:18:17,2026-06-06 18:51:17,Organic,Enter,Tablet,Safari,iOS,/products
72e8cd21-4747-456a-bffd-d6498ce448d1,2026_W23,S680,U26591,2026-06-05 16:00:03,2026-06-05 16:31:03,Facebook,Center,Tablet,Firefox,Windows,/offers
72e8cd21-4747-456a-bffd-d6498ce448d1,2026_W23,S681,U24003,2026-06-03 10:43:02,2026-06-03 11:05:02,Google Ads,Them,Mobile,Chrome,Android,/home
72e8cd21-4747-456a-bffd-d6498ce448d1,2026_W23,S682,U14840,2026-06-02 21:50:10,2026-06-02 22:00:10,Google Ads,War,Tablet,Chrome,Android,/products
72e8cd21-4747-456a-bffd-d6498ce448d1,2026_W23,S683,U22373,2026-06-03 11:50:17,2026-06-03 12:04:17,Google Ads,City,Desktop,Safari,Android,/offers
72e8cd21-4747-456a-bffd-d6498ce448d1,2026_W23,S684,U11043,2026-06-07 13:21:04,2026-06-07 13:37:04,Facebook,Garden,Mobile,Chrome,iOS,/offers
72e8cd21-4747-456a-bffd-d6498ce448d1,2026_W23,S685,U10515,2026-06-02 09:41:22,2026-06-02 09:57:22,Instagram,If,Desktop,Safari,MacOS,/products
72e8cd21-4747-456a-bffd-d6498ce448d1,2026_W23,S686,U30267,2026-06-07 02:10:31,2026-06-07 02:41:31,Google Ads,Center,Tablet,Firefox,iOS,/products
72e8cd21-4747-456a-bffd-d6498ce448d1,2026_W23,S687,U18673,2026-06-05 05:34:17,2026-06-05 05:57:17,Email,Modern,Desktop,Firefox,Windows,/offers
72e8cd21-4747-456a-bffd-d6498ce448d1,2026_W23,S688,U20356,2026-06-02 09:12:27,2026-06-02 09:23:27,Direct,Number,Mobile,Safari,MacOS,/products
72e8cd21-4747-456a-bffd-d6498ce448d1,2026_W23,S689,U4279,2026-06-07 03:55:57,2026-06-07 04:23:57,Email,Head,Desktop,Firefox,Android,/offers
72e8cd21-4747-456a-bffd-d6498ce448d1,2026_W23,S690,U16822,2026-06-07 10:33:57,2026-06-07 11:11:57,Email,Discussion,Tablet,Safari,Windows,/home
72e8cd21-4747-456a-bffd-d6498ce448d1,2026_W23,S691,U26862,2026-06-03 20:22:48,2026-06-03 20:42:48,Direct,Assume,Desktop,Edge,iOS,/home
72e8cd21-4747-456a-bffd-d6498ce448d1,2026_W23,S692,U473,2026-06-05 11:23:58,2026-06-05 11:57:58,Instagram,Drug,Tablet,Chrome,Windows,/products
72e8cd21-4747-456a-bffd-d6498ce448d1,2026_W23,S693,U27247,2026-06-06 15:55:44,2026-06-06 16:04:44,Facebook,Support,Tablet,Edge,Android,/offers
72e8cd21-4747-456a-bffd-d6498ce448d1,2026_W23,S694,U1544,2026-06-07 18:37:25,2026-06-07 19:04:25,Google Ads,Money,Desktop,Safari,iOS,/offers
72e8cd21-4747-456a-bffd-d6498ce448d1,2026_W23,S695,U22104,2026-06-04 20:04:08,2026-06-04 20:29:08,Instagram,Interest,Tablet,Firefox,MacOS,/offers
72e8cd21-4747-456a-bffd-d6498ce448d1,2026_W23,S696,U16702,2026-06-05 18:26:28,2026-06-05 18:48:28,Instagram,Number,Tablet,Edge,Windows,/home
72e8cd21-4747-456a-bffd-d6498ce448d1,2026_W23,S697,U11199,2026-06-05 07:37:36,2026-06-05 08:12:36,Direct,Him,Mobile,Edge,Android,/home
72e8cd21-4747-456a-bffd-d6498ce448d1,2026_W23,S698,U20645,2026-06-02 00:31:43,2026-06-02 01:10:43,Google Ads,Glass,Tablet,Chrome,iOS,/home
72e8cd21-4747-456a-bffd-d6498ce448d1,2026_W23,S699,U7021,2026-06-02 12:15:32,2026-06-02 12:17:32,Instagram,Defense,Mobile,Edge,Windows,/offers
72e8cd21-4747-456a-bffd-d6498ce448d1,2026_W23,S700,U24335,2026-06-07 16:11:19,2026-06-07 16:34:19,Facebook,Structure,Tablet,Edge,Android,/home
72e8cd21-4747-456a-bffd-d6498ce448d1,2026_W23,S701,U14698,2026-06-03 18:31:04,2026-06-03 18:54:04,Facebook,Position,Desktop,Chrome,Android,/home
72e8cd21-4747-456a-bffd-d6498ce448d1,2026_W23,S702,U24913,2026-06-05 20:32:50,2026-06-05 20:55:50,Google Ads,Group,Desktop,Safari,MacOS,/home
72e8cd21-4747-456a-bffd-d6498ce448d1,2026_W23,S703,U7625,2026-06-07 00:39:49,2026-06-07 00:49:49,Email,Speech,Tablet,Chrome,MacOS,/home
72e8cd21-4747-456a-bffd-d6498ce448d1,2026_W23,S704,U23724,2026-06-02 14:30:41,2026-06-02 14:48:41,Facebook,Significant,Tablet,Firefox,iOS,/home
72e8cd21-4747-456a-bffd-d6498ce448d1,2026_W23,S705,U32587,2026-06-07 08:47:25,2026-06-07 08:53:25,Google Ads,Particular,Tablet,Edge,iOS,/products
72e8cd21-4747-456a-bffd-d6498ce448d1,2026_W23,S706,U23382,2026-06-03 18:00:29,2026-06-03 18:21:29,Email,Reduce,Mobile,Chrome,iOS,/home
72e8cd21-4747-456a-bffd-d6498ce448d1,2026_W23,S707,U18012,2026-06-06 09:35:46,2026-06-06 09:53:46,Direct,Hospital,Desktop,Edge,iOS,/home
72e8cd21-4747-456a-bffd-d6498ce448d1,2026_W23,S708,U30887,2026-06-01 21:16:34,2026-06-01 21:20:34,Instagram,Common,Tablet,Firefox,MacOS,/home
72e8cd21-4747-456a-bffd-d6498ce448d1,2026_W23,S709,U3473,2026-06-06 15:57:57,2026-06-06 16:02:57,Email,Fly,Mobile,Edge,MacOS,/products
72e8cd21-4747-456a-bffd-d6498ce448d1,2026_W23,S710,U15406,2026-06-03 22:57:53,2026-06-03 23:11:53,Organic,Mention,Mobile,Edge,Android,/offers
72e8cd21-4747-456a-bffd-d6498ce448d1,2026_W23,S711,U14218,2026-06-06 18:07:14,2026-06-06 18:10:14,Google Ads,House,Desktop,Edge,Android,/products
72e8cd21-4747-456a-bffd-d6498ce448d1,2026_W23,S712,U8884,2026-06-06 23:55:26,2026-06-07 00:03:26,Organic,Without,Mobile,Firefox,Android,/offers
72e8cd21-4747-456a-bffd-d6498ce448d1,2026_W23,S713,U685,2026-06-05 07:50:36,2026-06-05 08:29:36,Facebook,Enter,Mobile,Edge,MacOS,/home
72e8cd21-4747-456a-bffd-d6498ce448d1,2026_W23,S714,U13906,2026-06-03 17:41:08,2026-06-03 17:47:08,Direct,Call,Tablet,Edge,MacOS,/home
72e8cd21-4747-456a-bffd-d6498ce448d1,2026_W23,S715,U33369,2026-06-07 11:28:16,2026-06-07 12:02:16,Instagram,Word,Mobile,Safari,Android,/offers
72e8cd21-4747-456a-bffd-d6498ce448d1,2026_W23,S716,U26465,2026-06-03 21:42:35,2026-06-03 22:08:35,Organic,Information,Mobile,Firefox,iOS,/offers
72e8cd21-4747-456a-bffd-d6498ce448d1,2026_W23,S717,U7461,2026-06-06 11:31:53,2026-06-06 11:52:53,Instagram,Majority,Tablet,Firefox,Windows,/products
72e8cd21-4747-456a-bffd-d6498ce448d1,2026_W23,S718,U12899,2026-06-04 23:28:30,2026-06-04 23:35:30,Google Ads,Ever,Tablet,Edge,Windows,/home
72e8cd21-4747-456a-bffd-d6498ce448d1,2026_W23,S719,U14375,2026-06-03 01:46:27,2026-06-03 02:26:27,Facebook,Person,Mobile,Firefox,MacOS,/offers
72e8cd21-4747-456a-bffd-d6498ce448d1,2026_W23,S720,U15996,2026-06-03 18:31:34,2026-06-03 18:46:34,Instagram,Seem,Mobile,Safari,MacOS,/home
72e8cd21-4747-456a-bffd-d6498ce448d1,2026_W23,S721,U4405,2026-06-02 06:09:24,2026-06-02 06:17:24,Organic,Push,Desktop,Edge,MacOS,/home
72e8cd21-4747-456a-bffd-d6498ce448d1,2026_W23,S722,U22735,2026-06-03 19:25:18,2026-06-03 20:04:18,Email,Yard,Tablet,Safari,Windows,/products
72e8cd21-4747-456a-bffd-d6498ce448d1,2026_W23,S723,U3688,2026-06-06 00:49:52,2026-06-06 00:51:52,Instagram,Away,Tablet,Edge,iOS,/products
72e8cd21-4747-456a-bffd-d6498ce448d1,2026_W23,S724,U10990,2026-06-05 17:37:03,2026-06-05 18:17:03,Direct,Pattern,Mobile,Edge,Android,/products
72e8cd21-4747-456a-bffd-d6498ce448d1,2026_W23,S725,U23942,2026-06-02 05:08:11,2026-06-02 05:32:11,Facebook,Here,Mobile,Chrome,MacOS,/products
72e8cd21-4747-456a-bffd-d6498ce448d1,2026_W23,S726,U22151,2026-06-01 22:08:36,2026-06-01 22:40:36,Facebook,Within,Desktop,Edge,MacOS,/home
72e8cd21-4747-456a-bffd-d6498ce448d1,2026_W23,S727,U26477,2026-06-05 16:53:00,2026-06-05 17:03:00,Email,Easy,Tablet,Firefox,Windows,/offers
72e8cd21-4747-456a-bffd-d6498ce448d1,2026_W23,S728,U18180,2026-06-05 19:52:38,2026-06-05 20:19:38,Organic,Win,Mobile,Edge,iOS,/offers
72e8cd21-4747-456a-bffd-d6498ce448d1,2026_W23,S729,U31495,2026-06-07 10:32:46,2026-06-07 10:39:46,Instagram,Official,Mobile,Edge,MacOS,/offers
72e8cd21-4747-456a-bffd-d6498ce448d1,2026_W23,S730,U7707,2026-06-03 23:49:28,2026-06-04 00:18:28,Instagram,Full,Tablet,Safari,MacOS,/products
72e8cd21-4747-456a-bffd-d6498ce448d1,2026_W23,S731,U20711,2026-06-02 13:27:55,2026-06-02 13:51:55,Direct,Nature,Mobile,Chrome,Windows,/offers
72e8cd21-4747-456a-bffd-d6498ce448d1,2026_W23,S732,U17513,2026-06-06 16:02:51,2026-06-06 16:35:51,Organic,Answer,Mobile,Edge,Windows,/home
72e8cd21-4747-456a-bffd-d6498ce448d1,2026_W23,S733,U27497,2026-06-02 01:42:02,2026-06-02 02:04:02,Direct,Ever,Desktop,Firefox,iOS,/products
72e8cd21-4747-456a-bffd-d6498ce448d1,2026_W23,S734,U24381,2026-06-06 18:14:19,2026-06-06 18:33:19,Email,Some,Desktop,Chrome,iOS,/offers
72e8cd21-4747-456a-bffd-d6498ce448d1,2026_W23,S735,U2269,2026-06-06 10:55:03,2026-06-06 11:18:03,Facebook,People,Desktop,Firefox,Windows,/products
72e8cd21-4747-456a-bffd-d6498ce448d1,2026_W23,S736,U9689,2026-06-04 07:24:45,2026-06-04 07:49:45,Email,Sign,Mobile,Edge,iOS,/offers
72e8cd21-4747-456a-bffd-d6498ce448d1,2026_W23,S737,U30771,2026-06-07 15:06:11,2026-06-07 15:37:11,Direct,Election,Desktop,Edge,Android,/products
72e8cd21-4747-456a-bffd-d6498ce448d1,2026_W23,S738,U7475,2026-06-04 07:23:28,2026-06-04 07:56:28,Direct,Develop,Desktop,Firefox,MacOS,/products
72e8cd21-4747-456a-bffd-d6498ce448d1,2026_W23,S739,U33684,2026-06-03 04:46:21,2026-06-03 05:13:21,Google Ads,Lot,Desktop,Safari,Android,/home
72e8cd21-4747-456a-bffd-d6498ce448d1,2026_W23,S740,U22448,2026-06-06 02:10:42,2026-06-06 02:40:42,Direct,Owner,Tablet,Firefox,Android,/offers
72e8cd21-4747-456a-bffd-d6498ce448d1,2026_W23,S741,U19728,2026-06-03 17:52:39,2026-06-03 18:30:39,Direct,Project,Tablet,Chrome,Windows,/home
72e8cd21-4747-456a-bffd-d6498ce448d1,2026_W23,S742,U2137,2026-06-05 03:34:23,2026-06-05 03:41:23,Instagram,Plan,Mobile,Firefox,MacOS,/home
72e8cd21-4747-456a-bffd-d6498ce448d1,2026_W23,S743,U9070,2026-06-06 18:02:04,2026-06-06 18:28:04,Instagram,Behavior,Tablet,Safari,MacOS,/products
72e8cd21-4747-456a-bffd-d6498ce448d1,2026_W23,S744,U14301,2026-06-06 09:25:37,2026-06-06 09:38:37,Email,Piece,Tablet,Firefox,MacOS,/products
72e8cd21-4747-456a-bffd-d6498ce448d1,2026_W23,S745,U16561,2026-06-03 23:33:41,2026-06-03 23:52:41,Google Ads,Tonight,Tablet,Safari,iOS,/home
72e8cd21-4747-456a-bffd-d6498ce448d1,2026_W23,S746,U19941,2026-06-06 20:33:20,2026-06-06 21:13:20,Google Ads,Group,Desktop,Firefox,Windows,/offers
72e8cd21-4747-456a-bffd-d6498ce448d1,2026_W23,S747,U11013,2026-06-03 08:56:54,2026-06-03 09:32:54,Instagram,Structure,Desktop,Firefox,Windows,/home
72e8cd21-4747-456a-bffd-d6498ce448d1,2026_W23,S748,U34542,2026-06-03 09:29:25,2026-06-03 09:54:25,Organic,Your,Desktop,Edge,Windows,/home
72e8cd21-4747-456a-bffd-d6498ce448d1,2026_W23,S749,U4683,2026-06-04 23:14:25,2026-06-04 23:41:25,Email,Turn,Desktop,Edge,iOS,/products
72e8cd21-4747-456a-bffd-d6498ce448d1,2026_W23,S750,U2261,2026-06-07 16:23:05,2026-06-07 17:01:05,Organic,Especially,Desktop,Safari,iOS,/offers
72e8cd21-4747-456a-bffd-d6498ce448d1,2026_W23,S751,U32292,2026-06-04 09:51:43,2026-06-04 10:06:43,Facebook,Box,Desktop,Edge,MacOS,/home
72e8cd21-4747-456a-bffd-d6498ce448d1,2026_W23,S752,U1813,2026-06-04 20:52:36,2026-06-04 21:12:36,Email,How,Mobile,Firefox,MacOS,/products
72e8cd21-4747-456a-bffd-d6498ce448d1,2026_W23,S753,U16650,2026-06-05 18:28:34,2026-06-05 18:47:34,Organic,Kid,Mobile,Safari,Android,/home
72e8cd21-4747-456a-bffd-d6498ce448d1,2026_W23,S754,U28215,2026-06-02 16:04:47,2026-06-02 16:31:47,Email,Dog,Desktop,Firefox,Android,/offers
72e8cd21-4747-456a-bffd-d6498ce448d1,2026_W23,S755,U30589,2026-06-05 03:29:55,2026-06-05 03:53:55,Email,Over,Desktop,Edge,iOS,/offers
72e8cd21-4747-456a-bffd-d6498ce448d1,2026_W23,S756,U8331,2026-06-03 00:27:39,2026-06-03 00:49:39,Instagram,Check,Desktop,Edge,Android,/offers
72e8cd21-4747-456a-bffd-d6498ce448d1,2026_W23,S757,U3494,2026-06-02 12:22:24,2026-06-02 12:41:24,Facebook,Particular,Desktop,Firefox,Android,/products
72e8cd21-4747-456a-bffd-d6498ce448d1,2026_W23,S758,U16578,2026-06-05 16:14:44,2026-06-05 16:29:44,Email,Easy,Desktop,Safari,Android,/offers
72e8cd21-4747-456a-bffd-d6498ce448d1,2026_W23,S759,U6112,2026-06-06 04:11:39,2026-06-06 04:32:39,Organic,Team,Tablet,Safari,Windows,/products
72e8cd21-4747-456a-bffd-d6498ce448d1,2026_W23,S760,U2709,2026-06-03 06:31:18,2026-06-03 07:10:18,Instagram,Attack,Mobile,Safari,iOS,/home
72e8cd21-4747-456a-bffd-d6498ce448d1,2026_W23,S761,U34408,2026-06-03 18:50:47,2026-06-03 19:23:47,Direct,Focus,Tablet,Firefox,MacOS,/home
72e8cd21-4747-456a-bffd-d6498ce448d1,2026_W23,S762,U5148,2026-06-04 10:36:30,2026-06-04 10:42:30,Direct,Story,Mobile,Safari,Windows,/home
72e8cd21-4747-456a-bffd-d6498ce448d1,2026_W23,S763,U7211,2026-06-04 09:21:13,2026-06-04 09:32:13,Direct,Any,Desktop,Chrome,iOS,/products
72e8cd21-4747-456a-bffd-d6498ce448d1,2026_W23,S764,U24968,2026-06-03 13:34:44,2026-06-03 14:07:44,Direct,Less,Desktop,Edge,MacOS,/products
72e8cd21-4747-456a-bffd-d6498ce448d1,2026_W23,S765,U5897,2026-06-05 00:24:34,2026-06-05 00:39:34,Facebook,Suffer,Tablet,Safari,iOS,/offers
72e8cd21-4747-456a-bffd-d6498ce448d1,2026_W23,S766,U30137,2026-06-06 00:04:30,2026-06-06 00:20:30,Organic,Must,Tablet,Chrome,iOS,/offers
72e8cd21-4747-456a-bffd-d6498ce448d1,2026_W23,S767,U7020,2026-06-04 10:46:18,2026-06-04 11:19:18,Google Ads,Live,Desktop,Chrome,Android,/home
72e8cd21-4747-456a-bffd-d6498ce448d1,2026_W23,S768,U7225,2026-06-02 00:07:57,2026-06-02 00:21:57,Organic,Ground,Tablet,Edge,Windows,/home
72e8cd21-4747-456a-bffd-d6498ce448d1,2026_W23,S769,U7251,2026-06-02 15:01:14,2026-06-02 15:37:14,Organic,Good,Tablet,Safari,Android,/offers
72e8cd21-4747-456a-bffd-d6498ce448d1,2026_W23,S770,U15937,2026-06-03 02:54:35,2026-06-03 03:03:35,Direct,Different,Tablet,Safari,iOS,/products
72e8cd21-4747-456a-bffd-d6498ce448d1,2026_W23,S771,U8593,2026-06-02 10:46:53,2026-06-02 11:05:53,Direct,Black,Tablet,Chrome,MacOS,/offers
72e8cd21-4747-456a-bffd-d6498ce448d1,2026_W23,S772,U14930,2026-06-06 12:59:23,2026-06-06 13:11:23,Facebook,One,Mobile,Edge,Android,/home
72e8cd21-4747-456a-bffd-d6498ce448d1,2026_W23,S773,U12285,2026-06-04 18:37:53,2026-06-04 19:01:53,Direct,Exist,Tablet,Safari,MacOS,/offers
72e8cd21-4747-456a-bffd-d6498ce448d1,2026_W23,S774,U21386,2026-06-03 06:19:20,2026-06-03 06:47:20,Direct,Under,Mobile,Firefox,iOS,/offers
72e8cd21-4747-456a-bffd-d6498ce448d1,2026_W23,S775,U21,2026-06-06 01:34:09,2026-06-06 02:00:09,Direct,Area,Mobile,Chrome,Windows,/home
72e8cd21-4747-456a-bffd-d6498ce448d1,2026_W23,S776,U20739,2026-06-06 02:43:39,2026-06-06 02:47:39,Organic,Could,Tablet,Safari,Windows,/home
72e8cd21-4747-456a-bffd-d6498ce448d1,2026_W23,S777,U34024,2026-06-05 16:24:37,2026-06-05 16:52:37,Organic,Various,Desktop,Chrome,iOS,/home
72e8cd21-4747-456a-bffd-d6498ce448d1,2026_W23,S778,U2123,2026-06-02 22:20:35,2026-06-02 22:40:35,Email,Student,Tablet,Firefox,Android,/offers
72e8cd21-4747-456a-bffd-d6498ce448d1,2026_W23,S779,U4201,2026-06-07 10:00:02,2026-06-07 10:01:02,Instagram,Gas,Tablet,Chrome,MacOS,/home
72e8cd21-4747-456a-bffd-d6498ce448d1,2026_W23,S780,U30951,2026-06-06 12:52:35,2026-06-06 13:20:35,Facebook,Hand,Tablet,Firefox,iOS,/products
72e8cd21-4747-456a-bffd-d6498ce448d1,2026_W23,S781,U8519,2026-06-03 10:03:59,2026-06-03 10:24:59,Organic,Former,Mobile,Edge,iOS,/offers
72e8cd21-4747-456a-bffd-d6498ce448d1,2026_W23,S782,U2449,2026-06-05 11:17:23,2026-06-05 11:37:23,Direct,Anyone,Tablet,Edge,iOS,/products
72e8cd21-4747-456a-bffd-d6498ce448d1,2026_W23,S783,U14360,2026-06-05 13:43:21,2026-06-05 14:03:21,Facebook,Wonder,Mobile,Chrome,MacOS,/home
72e8cd21-4747-456a-bffd-d6498ce448d1,2026_W23,S784,U19385,2026-06-02 13:37:35,2026-06-02 14:06:35,Direct,Increase,Desktop,Chrome,MacOS,/offers
72e8cd21-4747-456a-bffd-d6498ce448d1,2026_W23,S785,U30639,2026-06-02 08:36:46,2026-06-02 09:10:46,Facebook,Than,Tablet,Safari,iOS,/products
72e8cd21-4747-456a-bffd-d6498ce448d1,2026_W23,S786,U31116,2026-06-07 12:20:55,2026-06-07 12:26:55,Email,Outside,Desktop,Edge,Android,/products
72e8cd21-4747-456a-bffd-d6498ce448d1,2026_W23,S787,U30805,2026-06-02 22:48:59,2026-06-02 22:58:59,Google Ads,Would,Tablet,Chrome,Android,/offers
72e8cd21-4747-456a-bffd-d6498ce448d1,2026_W23,S788,U34453,2026-06-03 00:26:38,2026-06-03 00:55:38,Facebook,All,Desktop,Firefox,Windows,/home
72e8cd21-4747-456a-bffd-d6498ce448d1,2026_W23,S789,U24557,2026-06-03 01:08:19,2026-06-03 01:26:19,Facebook,Sell,Desktop,Firefox,MacOS,/products
72e8cd21-4747-456a-bffd-d6498ce448d1,2026_W23,S790,U30933,2026-06-05 19:00:35,2026-06-05 19:26:35,Direct,Thing,Mobile,Edge,MacOS,/products
72e8cd21-4747-456a-bffd-d6498ce448d1,2026_W23,S791,U27416,2026-06-07 15:25:05,2026-06-07 15:29:05,Instagram,I,Mobile,Edge,Android,/home
72e8cd21-4747-456a-bffd-d6498ce448d1,2026_W23,S792,U5027,2026-06-04 06:00:43,2026-06-04 06:06:43,Instagram,Within,Desktop,Chrome,Android,/offers
72e8cd21-4747-456a-bffd-d6498ce448d1,2026_W23,S793,U22842,2026-06-06 17:21:09,2026-06-06 17:59:09,Google Ads,Style,Desktop,Edge,Android,/offers
72e8cd21-4747-456a-bffd-d6498ce448d1,2026_W23,S794,U23297,2026-06-04 09:26:50,2026-06-04 09:40:50,Email,Personal,Desktop,Firefox,MacOS,/home
72e8cd21-4747-456a-bffd-d6498ce448d1,2026_W23,S795,U32069,2026-06-02 12:24:20,2026-06-02 12:48:20,Instagram,Senior,Desktop,Edge,Windows,/home
72e8cd21-4747-456a-bffd-d6498ce448d1,2026_W23,S796,U11663,2026-06-07 13:58:42,2026-06-07 14:26:42,Facebook,Economic,Tablet,Firefox,Windows,/products
72e8cd21-4747-456a-bffd-d6498ce448d1,2026_W23,S797,U816,2026-06-02 02:03:15,2026-06-02 02:42:15,Direct,Protect,Desktop,Edge,Windows,/home
72e8cd21-4747-456a-bffd-d6498ce448d1,2026_W23,S798,U31484,2026-06-02 00:44:06,2026-06-02 01:14:06,Google Ads,Performance,Tablet,Firefox,Android,/offers
72e8cd21-4747-456a-bffd-d6498ce448d1,2026_W23,S799,U3882,2026-06-02 14:44:11,2026-06-02 15:11:11,Google Ads,Foreign,Tablet,Firefox,iOS,/offers
72e8cd21-4747-456a-bffd-d6498ce448d1,2026_W23,S800,U2355,2026-06-07 17:11:27,2026-06-07 17:38:27,Direct,Debate,Mobile,Edge,MacOS,/products
72e8cd21-4747-456a-bffd-d6498ce448d1,2026_W23,S801,U28545,2026-06-06 20:04:31,2026-06-06 20:15:31,Google Ads,Of,Desktop,Safari,MacOS,/offers
72e8cd21-4747-456a-bffd-d6498ce448d1,2026_W23,S802,U1347,2026-06-06 10:11:31,2026-06-06 10:41:31,Direct,Five,Desktop,Safari,Windows,/home
72e8cd21-4747-456a-bffd-d6498ce448d1,2026_W23,S803,U1937,2026-06-03 07:23:08,2026-06-03 07:47:08,Facebook,Reach,Desktop,Firefox,Android,/offers
72e8cd21-4747-456a-bffd-d6498ce448d1,2026_W23,S804,U5344,2026-06-06 12:44:46,2026-06-06 12:55:46,Direct,Arrive,Mobile,Safari,Android,/products
72e8cd21-4747-456a-bffd-d6498ce448d1,2026_W23,S805,U32751,2026-06-02 12:50:48,2026-06-02 13:06:48,Organic,Just,Desktop,Edge,MacOS,/products
72e8cd21-4747-456a-bffd-d6498ce448d1,2026_W23,S806,U24749,2026-06-07 14:01:21,2026-06-07 14:26:21,Email,Product,Mobile,Firefox,MacOS,/products
72e8cd21-4747-456a-bffd-d6498ce448d1,2026_W23,S807,U14090,2026-06-03 01:37:56,2026-06-03 02:01:56,Email,Bill,Mobile,Safari,Windows,/home
72e8cd21-4747-456a-bffd-d6498ce448d1,2026_W23,S808,U26311,2026-06-05 23:06:53,2026-06-05 23:42:53,Facebook,One,Mobile,Safari,iOS,/offers
72e8cd21-4747-456a-bffd-d6498ce448d1,2026_W23,S809,U1977,2026-06-01 21:00:15,2026-06-01 21:27:15,Email,Recognize,Tablet,Safari,Android,/home
72e8cd21-4747-456a-bffd-d6498ce448d1,2026_W23,S810,U3035,2026-06-06 09:16:47,2026-06-06 09:53:47,Facebook,At,Desktop,Chrome,MacOS,/offers
72e8cd21-4747-456a-bffd-d6498ce448d1,2026_W23,S811,U8384,2026-06-02 10:02:04,2026-06-02 10:10:04,Facebook,Bit,Desktop,Edge,MacOS,/offers
72e8cd21-4747-456a-bffd-d6498ce448d1,2026_W23,S812,U29640,2026-06-02 00:51:55,2026-06-02 01:04:55,Direct,Give,Tablet,Chrome,iOS,/products
72e8cd21-4747-456a-bffd-d6498ce448d1,2026_W23,S813,U2457,2026-06-07 05:30:10,2026-06-07 05:39:10,Email,Miss,Tablet,Chrome,MacOS,/products
72e8cd21-4747-456a-bffd-d6498ce448d1,2026_W23,S814,U20610,2026-06-07 13:28:12,2026-06-07 13:31:12,Organic,Market,Desktop,Safari,Windows,/home
72e8cd21-4747-456a-bffd-d6498ce448d1,2026_W23,S815,U2225,2026-06-03 18:20:22,2026-06-03 18:44:22,Instagram,Product,Mobile,Firefox,Windows,/products
72e8cd21-4747-456a-bffd-d6498ce448d1,2026_W23,S816,U21905,2026-06-02 23:58:35,2026-06-03 00:00:35,Instagram,Treat,Mobile,Chrome,MacOS,/products
72e8cd21-4747-456a-bffd-d6498ce448d1,2026_W23,S817,U8851,2026-06-05 08:29:09,2026-06-05 08:45:09,Email,Treat,Desktop,Edge,MacOS,/home
72e8cd21-4747-456a-bffd-d6498ce448d1,2026_W23,S818,U21885,2026-06-06 04:52:16,2026-06-06 05:18:16,Facebook,Us,Mobile,Chrome,MacOS,/offers
72e8cd21-4747-456a-bffd-d6498ce448d1,2026_W23,S819,U11827,2026-06-04 02:08:59,2026-06-04 02:31:59,Email,Thousand,Mobile,Chrome,Android,/products
72e8cd21-4747-456a-bffd-d6498ce448d1,2026_W23,S820,U31688,2026-06-02 15:14:44,2026-06-02 15:47:44,Instagram,Represent,Tablet,Firefox,Windows,/home
72e8cd21-4747-456a-bffd-d6498ce448d1,2026_W23,S821,U29563,2026-06-02 08:12:24,2026-06-02 08:42:24,Google Ads,Build,Tablet,Edge,Windows,/offers
72e8cd21-4747-456a-bffd-d6498ce448d1,2026_W23,S822,U28607,2026-06-06 14:42:59,2026-06-06 15:10:59,Direct,Let,Desktop,Safari,MacOS,/products
72e8cd21-4747-456a-bffd-d6498ce448d1,2026_W23,S823,U21693,2026-06-07 13:25:34,2026-06-07 14:04:34,Google Ads,Watch,Desktop,Edge,Windows,/home
72e8cd21-4747-456a-bffd-d6498ce448d1,2026_W23,S824,U22881,2026-06-06 03:03:30,2026-06-06 03:38:30,Google Ads,Could,Desktop,Safari,Windows,/products
72e8cd21-4747-456a-bffd-d6498ce448d1,2026_W23,S825,U27944,2026-06-04 16:34:32,2026-06-04 16:46:32,Email,Matter,Tablet,Firefox,iOS,/products
72e8cd21-4747-456a-bffd-d6498ce448d1,2026_W23,S826,U13711,2026-06-07 11:27:12,2026-06-07 12:04:12,Organic,Time,Mobile,Edge,MacOS,/products
72e8cd21-4747-456a-bffd-d6498ce448d1,2026_W23,S827,U28158,2026-06-03 12:06:37,2026-06-03 12:42:37,Direct,Him,Mobile,Edge,MacOS,/home
72e8cd21-4747-456a-bffd-d6498ce448d1,2026_W23,S828,U12236,2026-06-04 07:01:08,2026-06-04 07:18:08,Direct,Least,Mobile,Firefox,Windows,/products
72e8cd21-4747-456a-bffd-d6498ce448d1,2026_W23,S829,U9157,2026-06-04 09:04:56,2026-06-04 09:35:56,Google Ads,Pull,Desktop,Firefox,MacOS,/offers
72e8cd21-4747-456a-bffd-d6498ce448d1,2026_W23,S830,U26957,2026-06-03 00:38:45,2026-06-03 00:57:45,Facebook,New,Mobile,Firefox,iOS,/offers
72e8cd21-4747-456a-bffd-d6498ce448d1,2026_W23,S831,U3514,2026-06-04 15:01:26,2026-06-04 15:14:26,Google Ads,Stuff,Tablet,Edge,Android,/offers
72e8cd21-4747-456a-bffd-d6498ce448d1,2026_W23,S832,U24564,2026-06-03 19:22:56,2026-06-03 19:32:56,Instagram,Happen,Desktop,Chrome,iOS,/offers
72e8cd21-4747-456a-bffd-d6498ce448d1,2026_W23,S833,U33554,2026-06-07 01:13:36,2026-06-07 01:48:36,Instagram,See,Tablet,Firefox,MacOS,/offers
72e8cd21-4747-456a-bffd-d6498ce448d1,2026_W23,S834,U17802,2026-06-07 01:28:38,2026-06-07 01:34:38,Instagram,On,Tablet,Edge,Windows,/offers
72e8cd21-4747-456a-bffd-d6498ce448d1,2026_W23,S835,U12295,2026-06-07 03:37:43,2026-06-07 04:01:43,Direct,Pattern,Tablet,Chrome,Android,/offers
72e8cd21-4747-456a-bffd-d6498ce448d1,2026_W23,S836,U21102,2026-06-07 17:44:12,2026-06-07 17:58:12,Facebook,To,Desktop,Safari,Windows,/home
72e8cd21-4747-456a-bffd-d6498ce448d1,2026_W23,S837,U2091,2026-06-04 11:08:50,2026-06-04 11:14:50,Organic,Research,Mobile,Edge,MacOS,/products
72e8cd21-4747-456a-bffd-d6498ce448d1,2026_W23,S838,U8521,2026-06-07 04:05:56,2026-06-07 04:33:56,Email,On,Mobile,Edge,MacOS,/home
72e8cd21-4747-456a-bffd-d6498ce448d1,2026_W23,S839,U34963,2026-06-04 22:53:44,2026-06-04 23:08:44,Email,Oil,Mobile,Firefox,iOS,/offers
72e8cd21-4747-456a-bffd-d6498ce448d1,2026_W23,S840,U16686,2026-06-04 06:02:39,2026-06-04 06:12:39,Google Ads,Interview,Tablet,Edge,Windows,/products
72e8cd21-4747-456a-bffd-d6498ce448d1,2026_W23,S841,U18104,2026-06-03 08:00:13,2026-06-03 08:07:13,Organic,Identify,Desktop,Firefox,iOS,/products
72e8cd21-4747-456a-bffd-d6498ce448d1,2026_W23,S842,U30598,2026-06-03 21:08:33,2026-06-03 21:45:33,Email,Order,Desktop,Edge,iOS,/products
72e8cd21-4747-456a-bffd-d6498ce448d1,2026_W23,S843,U23047,2026-06-03 22:57:20,2026-06-03 23:24:20,Email,Thing,Mobile,Safari,MacOS,/products
72e8cd21-4747-456a-bffd-d6498ce448d1,2026_W23,S844,U5841,2026-06-06 18:46:41,2026-06-06 19:05:41,Organic,Education,Mobile,Firefox,Android,/products
72e8cd21-4747-456a-bffd-d6498ce448d1,2026_W23,S845,U13395,2026-06-06 23:23:21,2026-06-06 23:43:21,Instagram,Put,Desktop,Edge,Windows,/products
72e8cd21-4747-456a-bffd-d6498ce448d1,2026_W23,S846,U19306,2026-06-07 20:02:50,2026-06-07 20:15:50,Email,Chance,Tablet,Chrome,Android,/home
72e8cd21-4747-456a-bffd-d6498ce448d1,2026_W23,S847,U6178,2026-06-05 00:01:21,2026-06-05 00:36:21,Instagram,Trouble,Desktop,Safari,iOS,/products
72e8cd21-4747-456a-bffd-d6498ce448d1,2026_W23,S848,U5813,2026-06-05 14:53:56,2026-06-05 15:10:56,Facebook,Various,Mobile,Safari,iOS,/offers
72e8cd21-4747-456a-bffd-d6498ce448d1,2026_W23,S849,U22533,2026-06-06 10:29:17,2026-06-06 10:48:17,Google Ads,Morning,Desktop,Safari,Windows,/home
72e8cd21-4747-456a-bffd-d6498ce448d1,2026_W23,S850,U9438,2026-06-06 12:56:16,2026-06-06 12:58:16,Instagram,Cover,Mobile,Firefox,Windows,/products
72e8cd21-4747-456a-bffd-d6498ce448d1,2026_W23,S851,U27877,2026-06-03 19:34:35,2026-06-03 19:53:35,Email,Too,Mobile,Chrome,MacOS,/offers
72e8cd21-4747-456a-bffd-d6498ce448d1,2026_W23,S852,U2093,2026-06-07 17:18:03,2026-06-07 17:51:03,Google Ads,Charge,Desktop,Chrome,MacOS,/offers
72e8cd21-4747-456a-bffd-d6498ce448d1,2026_W23,S853,U30528,2026-06-03 23:11:41,2026-06-03 23:50:41,Email,Send,Mobile,Chrome,Android,/home
72e8cd21-4747-456a-bffd-d6498ce448d1,2026_W23,S854,U21077,2026-06-04 07:50:29,2026-06-04 07:59:29,Google Ads,Arrive,Mobile,Edge,Windows,/home
72e8cd21-4747-456a-bffd-d6498ce448d1,2026_W23,S855,U20759,2026-06-07 03:18:56,2026-06-07 03:24:56,Organic,Tonight,Tablet,Safari,iOS,/home
72e8cd21-4747-456a-bffd-d6498ce448d1,2026_W23,S856,U27617,2026-06-04 23:06:30,2026-06-04 23:21:30,Direct,Soldier,Desktop,Edge,Android,/home
72e8cd21-4747-456a-bffd-d6498ce448d1,2026_W23,S857,U26560,2026-06-06 22:43:00,2026-06-06 22:59:00,Google Ads,Election,Tablet,Edge,MacOS,/products
72e8cd21-4747-456a-bffd-d6498ce448d1,2026_W23,S858,U9488,2026-06-07 11:05:39,2026-06-07 11:13:39,Organic,Trouble,Desktop,Firefox,Android,/products
72e8cd21-4747-456a-bffd-d6498ce448d1,2026_W23,S859,U22087,2026-06-02 22:28:52,2026-06-02 22:39:52,Direct,Fear,Desktop,Safari,Android,/home
72e8cd21-4747-456a-bffd-d6498ce448d1,2026_W23,S860,U24856,2026-06-04 19:33:13,2026-06-04 20:06:13,Email,Land,Tablet,Safari,iOS,/home
72e8cd21-4747-456a-bffd-d6498ce448d1,2026_W23,S861,U31786,2026-06-06 15:57:10,2026-06-06 16:36:10,Email,Happen,Desktop,Edge,MacOS,/home
72e8cd21-4747-456a-bffd-d6498ce448d1,2026_W23,S862,U7760,2026-06-03 07:16:28,2026-06-03 07:46:28,Instagram,Song,Desktop,Chrome,Windows,/home
72e8cd21-4747-456a-bffd-d6498ce448d1,2026_W23,S863,U12868,2026-06-05 15:58:17,2026-06-05 16:26:17,Organic,Team,Tablet,Safari,iOS,/products
72e8cd21-4747-456a-bffd-d6498ce448d1,2026_W23,S864,U33905,2026-06-06 05:43:51,2026-06-06 06:12:51,Email,Indeed,Tablet,Edge,iOS,/home
72e8cd21-4747-456a-bffd-d6498ce448d1,2026_W23,S865,U13476,2026-06-06 12:00:49,2026-06-06 12:13:49,Facebook,Design,Desktop,Edge,MacOS,/home
72e8cd21-4747-456a-bffd-d6498ce448d1,2026_W23,S866,U24344,2026-06-07 10:43:03,2026-06-07 11:05:03,Email,Same,Tablet,Chrome,Android,/offers
72e8cd21-4747-456a-bffd-d6498ce448d1,2026_W23,S867,U15493,2026-06-04 22:23:40,2026-06-04 22:56:40,Email,Talk,Tablet,Firefox,Android,/offers
72e8cd21-4747-456a-bffd-d6498ce448d1,2026_W23,S868,U26749,2026-06-02 08:48:15,2026-06-02 09:09:15,Google Ads,Turn,Tablet,Edge,MacOS,/home
72e8cd21-4747-456a-bffd-d6498ce448d1,2026_W23,S869,U10548,2026-06-06 12:38:28,2026-06-06 12:40:28,Facebook,Mean,Desktop,Edge,Android,/products
72e8cd21-4747-456a-bffd-d6498ce448d1,2026_W23,S870,U2062,2026-06-02 23:32:01,2026-06-02 23:38:01,Organic,Staff,Mobile,Chrome,Android,/products
72e8cd21-4747-456a-bffd-d6498ce448d1,2026_W23,S871,U17419,2026-06-05 06:07:36,2026-06-05 06:29:36,Email,Bill,Tablet,Safari,iOS,/home
72e8cd21-4747-456a-bffd-d6498ce448d1,2026_W23,S872,U22784,2026-06-03 19:07:53,2026-06-03 19:11:53,Direct,Get,Desktop,Edge,iOS,/home
72e8cd21-4747-456a-bffd-d6498ce448d1,2026_W23,S873,U34209,2026-06-07 16:31:53,2026-06-07 17:05:53,Instagram,Tv,Tablet,Edge,Android,/offers
72e8cd21-4747-456a-bffd-d6498ce448d1,2026_W23,S874,U16903,2026-06-04 22:35:48,2026-06-04 22:37:48,Google Ads,Food,Desktop,Firefox,Android,/products
72e8cd21-4747-456a-bffd-d6498ce448d1,2026_W23,S875,U22267,2026-06-06 12:59:31,2026-06-06 13:08:31,Facebook,Spend,Mobile,Firefox,Windows,/products
72e8cd21-4747-456a-bffd-d6498ce448d1,2026_W23,S876,U608,2026-06-02 16:43:53,2026-06-02 16:55:53,Organic,Guess,Mobile,Firefox,Android,/offers
72e8cd21-4747-456a-bffd-d6498ce448d1,2026_W23,S877,U7813,2026-06-06 10:44:23,2026-06-06 11:18:23,Organic,Around,Mobile,Firefox,MacOS,/offers
72e8cd21-4747-456a-bffd-d6498ce448d1,2026_W23,S878,U9453,2026-06-06 21:36:41,2026-06-06 21:52:41,Facebook,Bit,Tablet,Chrome,Windows,/products
72e8cd21-4747-456a-bffd-d6498ce448d1,2026_W23,S879,U24744,2026-06-03 01:01:35,2026-06-03 01:32:35,Facebook,Over,Desktop,Chrome,iOS,/products
72e8cd21-4747-456a-bffd-d6498ce448d1,2026_W23,S880,U16238,2026-06-06 17:47:40,2026-06-06 18:17:40,Organic,Teacher,Tablet,Chrome,Windows,/offers
72e8cd21-4747-456a-bffd-d6498ce448d1,2026_W23,S881,U13771,2026-06-06 12:45:05,2026-06-06 13:04:05,Google Ads,Everything,Mobile,Safari,iOS,/home
72e8cd21-4747-456a-bffd-d6498ce448d1,2026_W23,S882,U29189,2026-06-03 08:47:34,2026-06-03 08:55:34,Facebook,Blue,Desktop,Edge,Android,/products
72e8cd21-4747-456a-bffd-d6498ce448d1,2026_W23,S883,U33874,2026-06-06 03:46:54,2026-06-06 03:59:54,Instagram,Rock,Tablet,Safari,iOS,/products
72e8cd21-4747-456a-bffd-d6498ce448d1,2026_W23,S884,U22053,2026-06-06 14:38:20,2026-06-06 14:49:20,Organic,Paper,Mobile,Chrome,Android,/offers
72e8cd21-4747-456a-bffd-d6498ce448d1,2026_W23,S885,U12235,2026-06-06 12:44:54,2026-06-06 13:02:54,Email,These,Mobile,Chrome,Windows,/home
72e8cd21-4747-456a-bffd-d6498ce448d1,2026_W23,S886,U34120,2026-06-06 19:17:17,2026-06-06 19:53:17,Google Ads,Federal,Desktop,Chrome,MacOS,/home
72e8cd21-4747-456a-bffd-d6498ce448d1,2026_W23,S887,U34368,2026-06-02 04:40:06,2026-06-02 05:12:06,Facebook,Trade,Mobile,Firefox,MacOS,/home
72e8cd21-4747-456a-bffd-d6498ce448d1,2026_W23,S888,U9315,2026-06-02 01:37:28,2026-06-02 02:11:28,Email,Staff,Desktop,Safari,Android,/home
72e8cd21-4747-456a-bffd-d6498ce448d1,2026_W23,S889,U8297,2026-06-07 09:16:10,2026-06-07 09:35:10,Facebook,Stay,Mobile,Edge,iOS,/products
72e8cd21-4747-456a-bffd-d6498ce448d1,2026_W23,S890,U8617,2026-06-07 09:33:02,2026-06-07 10:01:02,Email,Military,Desktop,Chrome,MacOS,/products
72e8cd21-4747-456a-bffd-d6498ce448d1,2026_W23,S891,U33373,2026-06-03 14:28:39,2026-06-03 14:59:39,Direct,Resource,Mobile,Safari,Windows,/home
72e8cd21-4747-456a-bffd-d6498ce448d1,2026_W23,S892,U13260,2026-06-06 18:57:01,2026-06-06 19:14:01,Facebook,Find,Mobile,Edge,Windows,/home
72e8cd21-4747-456a-bffd-d6498ce448d1,2026_W23,S893,U5717,2026-06-06 18:41:51,2026-06-06 18:57:51,Organic,Off,Tablet,Firefox,MacOS,/home
72e8cd21-4747-456a-bffd-d6498ce448d1,2026_W23,S894,U11649,2026-06-03 11:38:10,2026-06-03 11:45:10,Facebook,Upon,Desktop,Edge,iOS,/offers
72e8cd21-4747-456a-bffd-d6498ce448d1,2026_W23,S895,U1234,2026-06-05 02:10:14,2026-06-05 02:32:14,Facebook,Stand,Mobile,Firefox,iOS,/offers
72e8cd21-4747-456a-bffd-d6498ce448d1,2026_W23,S896,U3379,2026-06-02 19:44:19,2026-06-02 20:20:19,Facebook,Find,Desktop,Edge,iOS,/home
72e8cd21-4747-456a-bffd-d6498ce448d1,2026_W23,S897,U29705,2026-06-03 23:04:47,2026-06-03 23:11:47,Email,Exactly,Mobile,Chrome,MacOS,/home
72e8cd21-4747-456a-bffd-d6498ce448d1,2026_W23,S898,U10251,2026-06-07 09:53:45,2026-06-07 10:05:45,Instagram,Realize,Mobile,Edge,Windows,/offers
72e8cd21-4747-456a-bffd-d6498ce448d1,2026_W23,S899,U29233,2026-06-05 15:49:28,2026-06-05 15:54:28,Instagram,Number,Desktop,Edge,Windows,/products
72e8cd21-4747-456a-bffd-d6498ce448d1,2026_W23,S900,U20247,2026-06-03 22:17:46,2026-06-03 22:28:46,Direct,Statement,Desktop,Safari,Windows,/offers
72e8cd21-4747-456a-bffd-d6498ce448d1,2026_W23,S901,U14612,2026-06-02 02:27:36,2026-06-02 02:28:36,Instagram,Perform,Desktop,Safari,MacOS,/offers
72e8cd21-4747-456a-bffd-d6498ce448d1,2026_W23,S902,U23802,2026-06-05 11:23:49,2026-06-05 11:47:49,Direct,Develop,Mobile,Firefox,iOS,/home
72e8cd21-4747-456a-bffd-d6498ce448d1,2026_W23,S903,U4865,2026-06-02 12:28:38,2026-06-02 12:32:38,Instagram,Charge,Mobile,Chrome,Android,/home
72e8cd21-4747-456a-bffd-d6498ce448d1,2026_W23,S904,U16004,2026-06-01 22:04:39,2026-06-01 22:18:39,Email,Field,Tablet,Safari,Windows,/home
72e8cd21-4747-456a-bffd-d6498ce448d1,2026_W23,S905,U21929,2026-06-05 18:14:40,2026-06-05 18:50:40,Email,Hear,Desktop,Edge,Android,/offers
72e8cd21-4747-456a-bffd-d6498ce448d1,2026_W23,S906,U23366,2026-06-05 13:13:22,2026-06-05 13:34:22,Instagram,Door,Tablet,Firefox,iOS,/home
72e8cd21-4747-456a-bffd-d6498ce448d1,2026_W23,S907,U20975,2026-06-06 01:35:25,2026-06-06 02:12:25,Organic,State,Tablet,Safari,Windows,/offers
72e8cd21-4747-456a-bffd-d6498ce448d1,2026_W23,S908,U16352,2026-06-03 11:05:51,2026-06-03 11:18:51,Instagram,Young,Tablet,Edge,MacOS,/home
72e8cd21-4747-456a-bffd-d6498ce448d1,2026_W23,S909,U21853,2026-06-04 06:22:08,2026-06-04 06:37:08,Google Ads,Old,Tablet,Firefox,MacOS,/products
72e8cd21-4747-456a-bffd-d6498ce448d1,2026_W23,S910,U23418,2026-06-01 21:48:07,2026-06-01 22:10:07,Email,Still,Mobile,Edge,iOS,/products
72e8cd21-4747-456a-bffd-d6498ce448d1,2026_W23,S911,U1012,2026-06-04 03:34:07,2026-06-04 04:09:07,Email,Card,Desktop,Edge,Android,/products
72e8cd21-4747-456a-bffd-d6498ce448d1,2026_W23,S912,U3534,2026-06-07 16:52:10,2026-06-07 17:10:10,Instagram,Number,Tablet,Chrome,Windows,/products
72e8cd21-4747-456a-bffd-d6498ce448d1,2026_W23,S913,U19542,2026-06-07 01:33:56,2026-06-07 01:50:56,Instagram,Campaign,Mobile,Edge,iOS,/offers
72e8cd21-4747-456a-bffd-d6498ce448d1,2026_W23,S914,U26288,2026-06-05 01:14:43,2026-06-05 01:17:43,Organic,Key,Tablet,Safari,MacOS,/products
72e8cd21-4747-456a-bffd-d6498ce448d1,2026_W23,S915,U3231,2026-06-01 23:01:04,2026-06-01 23:05:04,Google Ads,Society,Tablet,Safari,Android,/home
72e8cd21-4747-456a-bffd-d6498ce448d1,2026_W23,S916,U782,2026-06-02 21:16:40,2026-06-02 21:21:40,Email,Design,Desktop,Safari,Windows,/home
72e8cd21-4747-456a-bffd-d6498ce448d1,2026_W23,S917,U21066,2026-06-05 00:53:13,2026-06-05 01:04:13,Facebook,Later,Tablet,Firefox,Windows,/products
72e8cd21-4747-456a-bffd-d6498ce448d1,2026_W23,S918,U12857,2026-06-05 11:41:43,2026-06-05 11:49:43,Instagram,Understand,Mobile,Edge,MacOS,/offers
72e8cd21-4747-456a-bffd-d6498ce448d1,2026_W23,S919,U15140,2026-06-04 15:34:40,2026-06-04 15:41:40,Direct,Around,Mobile,Chrome,Windows,/products
72e8cd21-4747-456a-bffd-d6498ce448d1,2026_W23,S920,U17923,2026-06-03 22:16:29,2026-06-03 22:39:29,Direct,Season,Tablet,Edge,iOS,/offers
72e8cd21-4747-456a-bffd-d6498ce448d1,2026_W23,S921,U687,2026-06-03 20:20:38,2026-06-03 20:42:38,Direct,Fly,Tablet,Firefox,iOS,/products
72e8cd21-4747-456a-bffd-d6498ce448d1,2026_W23,S922,U2773,2026-06-02 18:49:05,2026-06-02 18:52:05,Google Ads,Matter,Tablet,Safari,MacOS,/products
72e8cd21-4747-456a-bffd-d6498ce448d1,2026_W23,S923,U26442,2026-06-04 12:17:07,2026-06-04 12:54:07,Instagram,Skill,Tablet,Chrome,iOS,/offers
72e8cd21-4747-456a-bffd-d6498ce448d1,2026_W23,S924,U25980,2026-06-05 10:27:32,2026-06-05 10:57:32,Email,Involve,Desktop,Chrome,iOS,/home
72e8cd21-4747-456a-bffd-d6498ce448d1,2026_W23,S925,U23269,2026-06-07 18:13:41,2026-06-07 18:19:41,Direct,About,Tablet,Edge,iOS,/products
72e8cd21-4747-456a-bffd-d6498ce448d1,2026_W23,S926,U1619,2026-06-06 09:33:26,2026-06-06 09:47:26,Google Ads,Similar,Desktop,Edge,Windows,/products
72e8cd21-4747-456a-bffd-d6498ce448d1,2026_W23,S927,U24057,2026-06-03 15:14:35,2026-06-03 15:46:35,Direct,Gas,Desktop,Edge,iOS,/offers
72e8cd21-4747-456a-bffd-d6498ce448d1,2026_W23,S928,U11245,2026-06-05 19:41:00,2026-06-05 20:15:00,Direct,Forget,Tablet,Edge,MacOS,/offers
72e8cd21-4747-456a-bffd-d6498ce448d1,2026_W23,S929,U11673,2026-06-04 14:21:56,2026-06-04 14:30:56,Organic,Sister,Desktop,Chrome,Windows,/products
72e8cd21-4747-456a-bffd-d6498ce448d1,2026_W23,S930,U29623,2026-06-04 20:14:22,2026-06-04 20:50:22,Facebook,Pressure,Mobile,Edge,MacOS,/home
72e8cd21-4747-456a-bffd-d6498ce448d1,2026_W23,S931,U2230,2026-06-07 09:17:58,2026-06-07 09:23:58,Organic,Boy,Mobile,Firefox,iOS,/home
72e8cd21-4747-456a-bffd-d6498ce448d1,2026_W23,S932,U21705,2026-06-06 14:37:36,2026-06-06 14:56:36,Direct,Deal,Desktop,Edge,MacOS,/products
72e8cd21-4747-456a-bffd-d6498ce448d1,2026_W23,S933,U22109,2026-06-04 14:23:17,2026-06-04 14:27:17,Email,Fear,Tablet,Edge,Windows,/products
72e8cd21-4747-456a-bffd-d6498ce448d1,2026_W23,S934,U22523,2026-06-07 19:45:39,2026-06-07 20:05:39,Email,Group,Tablet,Edge,Android,/products
72e8cd21-4747-456a-bffd-d6498ce448d1,2026_W23,S935,U23173,2026-06-06 05:41:28,2026-06-06 05:52:28,Facebook,Catch,Mobile,Edge,MacOS,/products
72e8cd21-4747-456a-bffd-d6498ce448d1,2026_W23,S936,U5087,2026-06-06 12:44:26,2026-06-06 13:12:26,Facebook,Officer,Mobile,Chrome,MacOS,/home
72e8cd21-4747-456a-bffd-d6498ce448d1,2026_W23,S937,U17852,2026-06-03 21:37:23,2026-06-03 21:57:23,Google Ads,Go,Desktop,Chrome,MacOS,/home
72e8cd21-4747-456a-bffd-d6498ce448d1,2026_W23,S938,U16400,2026-06-02 00:32:13,2026-06-02 01:06:13,Facebook,Question,Tablet,Firefox,iOS,/products
72e8cd21-4747-456a-bffd-d6498ce448d1,2026_W23,S939,U15399,2026-06-04 23:04:04,2026-06-04 23:32:04,Instagram,Go,Desktop,Edge,iOS,/home
72e8cd21-4747-456a-bffd-d6498ce448d1,2026_W23,S940,U30830,2026-06-07 13:02:27,2026-06-07 13:29:27,Instagram,Realize,Tablet,Edge,MacOS,/home
72e8cd21-4747-456a-bffd-d6498ce448d1,2026_W23,S941,U29581,2026-06-07 10:49:06,2026-06-07 11:04:06,Google Ads,Contain,Mobile,Chrome,iOS,/products
72e8cd21-4747-456a-bffd-d6498ce448d1,2026_W23,S942,U15248,2026-06-02 00:57:54,2026-06-02 01:08:54,Email,Rather,Desktop,Edge,iOS,/products
72e8cd21-4747-456a-bffd-d6498ce448d1,2026_W23,S943,U22217,2026-06-04 19:45:28,2026-06-04 20:05:28,Direct,Military,Tablet,Safari,Windows,/products
72e8cd21-4747-456a-bffd-d6498ce448d1,2026_W23,S944,U25359,2026-06-03 17:48:09,2026-06-03 18:19:09,Instagram,Establish,Desktop,Firefox,Windows,/offers
72e8cd21-4747-456a-bffd-d6498ce448d1,2026_W23,S945,U31139,2026-06-03 05:12:25,2026-06-03 05:19:25,Google Ads,Top,Desktop,Firefox,Windows,/offers
72e8cd21-4747-456a-bffd-d6498ce448d1,2026_W23,S946,U4511,2026-06-04 12:37:41,2026-06-04 12:59:41,Organic,Blood,Tablet,Edge,Android,/offers
72e8cd21-4747-456a-bffd-d6498ce448d1,2026_W23,S947,U29843,2026-06-07 14:38:08,2026-06-07 15:08:08,Facebook,Yard,Tablet,Safari,Android,/offers
72e8cd21-4747-456a-bffd-d6498ce448d1,2026_W23,S948,U14543,2026-06-03 13:18:30,2026-06-03 13:43:30,Direct,Skill,Mobile,Chrome,Windows,/offers
72e8cd21-4747-456a-bffd-d6498ce448d1,2026_W23,S949,U4439,2026-06-07 11:03:15,2026-06-07 11:04:15,Organic,Republican,Mobile,Chrome,Windows,/home
72e8cd21-4747-456a-bffd-d6498ce448d1,2026_W23,S950,U17018,2026-06-05 19:05:44,2026-06-05 19:20:44,Facebook,Store,Mobile,Chrome,iOS,/products
72e8cd21-4747-456a-bffd-d6498ce448d1,2026_W23,S951,U34136,2026-06-07 15:22:15,2026-06-07 15:58:15,Organic,Fast,Mobile,Chrome,iOS,/home
72e8cd21-4747-456a-bffd-d6498ce448d1,2026_W23,S952,U25300,2026-06-02 06:19:54,2026-06-02 06:29:54,Instagram,Who,Tablet,Firefox,MacOS,/home
72e8cd21-4747-456a-bffd-d6498ce448d1,2026_W23,S953,U31218,2026-06-06 09:46:15,2026-06-06 10:24:15,Google Ads,Also,Tablet,Edge,Android,/products
72e8cd21-4747-456a-bffd-d6498ce448d1,2026_W23,S954,U33662,2026-06-03 21:12:34,2026-06-03 21:26:34,Google Ads,Field,Tablet,Firefox,iOS,/offers
72e8cd21-4747-456a-bffd-d6498ce448d1,2026_W23,S955,U22682,2026-06-07 00:04:56,2026-06-07 00:08:56,Organic,Area,Tablet,Firefox,iOS,/offers
72e8cd21-4747-456a-bffd-d6498ce448d1,2026_W23,S956,U22047,2026-06-05 12:52:04,2026-06-05 12:54:04,Organic,What,Mobile,Safari,iOS,/products
72e8cd21-4747-456a-bffd-d6498ce448d1,2026_W23,S957,U17652,2026-06-06 08:26:52,2026-06-06 09:06:52,Facebook,Six,Desktop,Safari,MacOS,/home
72e8cd21-4747-456a-bffd-d6498ce448d1,2026_W23,S958,U9566,2026-06-04 01:39:15,2026-06-04 02:13:15,Direct,Door,Tablet,Firefox,MacOS,/products
72e8cd21-4747-456a-bffd-d6498ce448d1,2026_W23,S959,U10420,2026-06-07 13:57:48,2026-06-07 14:18:48,Direct,Official,Tablet,Chrome,Windows,/offers
72e8cd21-4747-456a-bffd-d6498ce448d1,2026_W23,S960,U32692,2026-06-02 18:17:15,2026-06-02 18:44:15,Email,Wear,Mobile,Safari,Android,/offers
72e8cd21-4747-456a-bffd-d6498ce448d1,2026_W23,S961,U3936,2026-06-06 12:46:01,2026-06-06 13:00:01,Facebook,In,Tablet,Edge,Windows,/products
72e8cd21-4747-456a-bffd-d6498ce448d1,2026_W23,S962,U25883,2026-06-02 11:57:17,2026-06-02 12:36:17,Google Ads,Make,Mobile,Edge,Windows,/products
72e8cd21-4747-456a-bffd-d6498ce448d1,2026_W23,S963,U30659,2026-06-02 16:33:10,2026-06-02 16:37:10,Instagram,Only,Desktop,Chrome,Windows,/offers
72e8cd21-4747-456a-bffd-d6498ce448d1,2026_W23,S964,U34059,2026-06-03 03:27:59,2026-06-03 04:01:59,Organic,Teacher,Mobile,Safari,Windows,/home
72e8cd21-4747-456a-bffd-d6498ce448d1,2026_W23,S965,U9662,2026-06-06 00:34:23,2026-06-06 00:59:23,Email,Challenge,Mobile,Firefox,Android,/offers
72e8cd21-4747-456a-bffd-d6498ce448d1,2026_W23,S966,U21351,2026-06-03 09:58:12,2026-06-03 10:12:12,Direct,Production,Tablet,Safari,MacOS,/products
72e8cd21-4747-456a-bffd-d6498ce448d1,2026_W23,S967,U32341,2026-06-03 06:34:40,2026-06-03 06:58:40,Direct,Firm,Mobile,Edge,Windows,/home
72e8cd21-4747-456a-bffd-d6498ce448d1,2026_W23,S968,U9830,2026-06-05 22:26:19,2026-06-05 23:02:19,Organic,Item,Desktop,Safari,Android,/products
72e8cd21-4747-456a-bffd-d6498ce448d1,2026_W23,S969,U20467,2026-06-02 06:58:02,2026-06-02 07:13:02,Instagram,Hand,Mobile,Firefox,iOS,/products
72e8cd21-4747-456a-bffd-d6498ce448d1,2026_W23,S970,U29608,2026-06-07 03:51:46,2026-06-07 04:00:46,Direct,Around,Mobile,Safari,Android,/offers
72e8cd21-4747-456a-bffd-d6498ce448d1,2026_W23,S971,U14664,2026-06-05 06:34:18,2026-06-05 07:05:18,Instagram,Everything,Mobile,Safari,Windows,/products
72e8cd21-4747-456a-bffd-d6498ce448d1,2026_W23,S972,U24284,2026-06-04 08:53:48,2026-06-04 09:06:48,Google Ads,Yard,Tablet,Firefox,iOS,/offers
72e8cd21-4747-456a-bffd-d6498ce448d1,2026_W23,S973,U8115,2026-06-05 03:49:01,2026-06-05 04:07:01,Email,Several,Tablet,Firefox,Android,/home
72e8cd21-4747-456a-bffd-d6498ce448d1,2026_W23,S974,U710,2026-06-03 19:20:50,2026-06-03 19:26:50,Google Ads,Write,Desktop,Chrome,Android,/home
72e8cd21-4747-456a-bffd-d6498ce448d1,2026_W23,S975,U4460,2026-06-01 21:51:22,2026-06-01 22:27:22,Direct,Hand,Mobile,Edge,MacOS,/offers
72e8cd21-4747-456a-bffd-d6498ce448d1,2026_W23,S976,U28765,2026-06-05 04:41:54,2026-06-05 04:53:54,Facebook,Side,Mobile,Edge,Android,/offers
72e8cd21-4747-456a-bffd-d6498ce448d1,2026_W23,S977,U10276,2026-06-07 15:57:58,2026-06-07 16:16:58,Email,Seek,Desktop,Edge,Android,/home
72e8cd21-4747-456a-bffd-d6498ce448d1,2026_W23,S978,U6040,2026-06-06 19:41:26,2026-06-06 20:10:26,Instagram,Provide,Mobile,Firefox,Windows,/offers
72e8cd21-4747-456a-bffd-d6498ce448d1,2026_W23,S979,U24629,2026-06-04 00:58:11,2026-06-04 01:32:11,Instagram,Physical,Desktop,Edge,Android,/offers
72e8cd21-4747-456a-bffd-d6498ce448d1,2026_W23,S980,U34864,2026-06-06 23:22:49,2026-06-06 23:37:49,Email,Behind,Mobile,Edge,Windows,/offers
72e8cd21-4747-456a-bffd-d6498ce448d1,2026_W23,S981,U1284,2026-06-05 22:09:06,2026-06-05 22:31:06,Direct,Require,Desktop,Safari,MacOS,/home
72e8cd21-4747-456a-bffd-d6498ce448d1,2026_W23,S982,U9913,2026-06-05 09:19:31,2026-06-05 09:49:31,Email,Before,Tablet,Firefox,MacOS,/home
72e8cd21-4747-456a-bffd-d6498ce448d1,2026_W23,S983,U3969,2026-06-02 23:57:07,2026-06-03 00:16:07,Facebook,Agree,Mobile,Safari,MacOS,/offers
72e8cd21-4747-456a-bffd-d6498ce448d1,2026_W23,S984,U27043,2026-06-06 11:09:54,2026-06-06 11:17:54,Instagram,Medical,Desktop,Chrome,iOS,/offers
72e8cd21-4747-456a-bffd-d6498ce448d1,2026_W23,S985,U9750,2026-06-03 15:21:05,2026-06-03 15:41:05,Instagram,Seek,Desktop,Edge,iOS,/offers
72e8cd21-4747-456a-bffd-d6498ce448d1,2026_W23,S986,U30347,2026-06-03 19:45:34,2026-06-03 19:48:34,Email,Office,Desktop,Edge,Windows,/products
72e8cd21-4747-456a-bffd-d6498ce448d1,2026_W23,S987,U5032,2026-06-03 12:07:33,2026-06-03 12:43:33,Email,Even,Mobile,Firefox,Windows,/offers
72e8cd21-4747-456a-bffd-d6498ce448d1,2026_W23,S988,U2845,2026-06-04 18:07:48,2026-06-04 18:08:48,Instagram,Attorney,Tablet,Firefox,iOS,/offers
72e8cd21-4747-456a-bffd-d6498ce448d1,2026_W23,S989,U20676,2026-06-07 04:13:11,2026-06-07 04:24:11,Facebook,Near,Tablet,Firefox,Windows,/offers
72e8cd21-4747-456a-bffd-d6498ce448d1,2026_W23,S990,U8931,2026-06-03 03:42:47,2026-06-03 04:00:47,Facebook,Drive,Tablet,Edge,iOS,/products
72e8cd21-4747-456a-bffd-d6498ce448d1,2026_W23,S991,U12937,2026-06-07 17:31:51,2026-06-07 17:37:51,Direct,Purpose,Desktop,Safari,MacOS,/products
72e8cd21-4747-456a-bffd-d6498ce448d1,2026_W23,S992,U16756,2026-06-02 03:32:04,2026-06-02 04:10:04,Direct,Concern,Mobile,Edge,MacOS,/home
72e8cd21-4747-456a-bffd-d6498ce448d1,2026_W23,S993,U6187,2026-06-02 03:33:35,2026-06-02 03:41:35,Organic,Tax,Mobile,Edge,Windows,/offers
72e8cd21-4747-456a-bffd-d6498ce448d1,2026_W23,S994,U27002,2026-06-02 03:59:01,2026-06-02 04:17:01,Direct,Provide,Mobile,Safari,MacOS,/products
72e8cd21-4747-456a-bffd-d6498ce448d1,2026_W23,S995,U15530,2026-06-03 06:44:30,2026-06-03 07:17:30,Facebook,Smile,Mobile,Edge,iOS,/products
72e8cd21-4747-456a-bffd-d6498ce448d1,2026_W23,S996,U21646,2026-06-02 08:15:46,2026-06-02 08:39:46,Direct,Particular,Mobile,Chrome,Windows,/home
72e8cd21-4747-456a-bffd-d6498ce448d1,2026_W23,S997,U33202,2026-06-04 06:32:50,2026-06-04 06:58:50,Direct,Character,Desktop,Safari,iOS,/offers
72e8cd21-4747-456a-bffd-d6498ce448d1,2026_W23,S998,U20496,2026-06-06 10:21:45,2026-06-06 10:53:45,Organic,Away,Mobile,Chrome,MacOS,/offers
72e8cd21-4747-456a-bffd-d6498ce448d1,2026_W23,S999,U9465,2026-06-02 00:39:48,2026-06-02 01:08:48,Direct,Huge,Mobile,Edge,iOS,/products
72e8cd21-4747-456a-bffd-d6498ce448d1,2026_W23,S1000,U9486,2026-06-03 08:06:23,2026-06-03 08:07:23,Facebook,Movie,Desktop,Edge,Android,/products
72e8cd21-4747-456a-bffd-d6498ce448d1,2026_W23,S1001,U16694,2026-06-06 02:44:39,2026-06-06 02:47:39,Facebook,Along,Desktop,Chrome,iOS,/home
72e8cd21-4747-456a-bffd-d6498ce448d1,2026_W23,S1002,U23158,2026-06-03 13:01:40,2026-06-03 13:09:40,Google Ads,Nation,Mobile,Chrome,MacOS,/home
72e8cd21-4747-456a-bffd-d6498ce448d1,2026_W23,S1003,U4291,2026-06-05 06:11:20,2026-06-05 06:34:20,Direct,Stage,Desktop,Chrome,iOS,/products
72e8cd21-4747-456a-bffd-d6498ce448d1,2026_W23,S1004,U7494,2026-06-06 20:57:40,2026-06-06 21:21:40,Instagram,Accept,Mobile,Edge,Windows,/offers
72e8cd21-4747-456a-bffd-d6498ce448d1,2026_W23,S1005,U3084,2026-06-03 00:02:12,2026-06-03 00:19:12,Google Ads,Including,Desktop,Firefox,MacOS,/offers
72e8cd21-4747-456a-bffd-d6498ce448d1,2026_W23,S1006,U17976,2026-06-02 09:22:33,2026-06-02 09:28:33,Google Ads,Notice,Tablet,Edge,Android,/home
72e8cd21-4747-456a-bffd-d6498ce448d1,2026_W23,S1007,U33228,2026-06-04 18:46:38,2026-06-04 18:49:38,Email,One,Mobile,Safari,Windows,/home
72e8cd21-4747-456a-bffd-d6498ce448d1,2026_W23,S1008,U31380,2026-06-03 16:23:17,2026-06-03 16:55:17,Google Ads,Material,Tablet,Firefox,Windows,/offers
72e8cd21-4747-456a-bffd-d6498ce448d1,2026_W23,S1009,U16368,2026-06-05 23:01:25,2026-06-05 23:24:25,Email,Television,Mobile,Safari,Windows,/products
72e8cd21-4747-456a-bffd-d6498ce448d1,2026_W23,S1010,U15042,2026-06-06 07:17:50,2026-06-06 07:39:50,Facebook,Upon,Desktop,Firefox,MacOS,/products
72e8cd21-4747-456a-bffd-d6498ce448d1,2026_W23,S1011,U32199,2026-06-02 21:13:02,2026-06-02 21:51:02,Instagram,Window,Mobile,Firefox,iOS,/home
72e8cd21-4747-456a-bffd-d6498ce448d1,2026_W23,S1012,U8258,2026-06-04 17:42:23,2026-06-04 18:08:23,Email,Imagine,Tablet,Firefox,iOS,/home
72e8cd21-4747-456a-bffd-d6498ce448d1,2026_W23,S1013,U5881,2026-06-05 16:47:37,2026-06-05 17:13:37,Direct,Drop,Tablet,Chrome,Windows,/home
72e8cd21-4747-456a-bffd-d6498ce448d1,2026_W23,S1014,U666,2026-06-05 15:54:43,2026-06-05 16:11:43,Organic,Treatment,Mobile,Firefox,Windows,/products
72e8cd21-4747-456a-bffd-d6498ce448d1,2026_W23,S1015,U31994,2026-06-07 13:54:21,2026-06-07 13:56:21,Instagram,Be,Desktop,Firefox,Windows,/offers
72e8cd21-4747-456a-bffd-d6498ce448d1,2026_W23,S1016,U30851,2026-06-05 09:37:45,2026-06-05 10:05:45,Instagram,Class,Desktop,Edge,Windows,/products
72e8cd21-4747-456a-bffd-d6498ce448d1,2026_W23,S1017,U34759,2026-06-07 08:26:26,2026-06-07 08:48:26,Facebook,From,Mobile,Firefox,Android,/offers
72e8cd21-4747-456a-bffd-d6498ce448d1,2026_W23,S1018,U16896,2026-06-06 03:58:08,2026-06-06 04:03:08,Organic,Region,Mobile,Safari,Android,/home
72e8cd21-4747-456a-bffd-d6498ce448d1,2026_W23,S1019,U7841,2026-06-02 02:54:45,2026-06-02 03:13:45,Direct,Strong,Mobile,Chrome,Android,/home
72e8cd21-4747-456a-bffd-d6498ce448d1,2026_W23,S1020,U3351,2026-06-04 05:02:56,2026-06-04 05:24:56,Google Ads,Down,Tablet,Chrome,Android,/products
72e8cd21-4747-456a-bffd-d6498ce448d1,2026_W23,S1021,U9630,2026-06-06 12:34:09,2026-06-06 13:04:09,Organic,Car,Mobile,Edge,iOS,/offers
72e8cd21-4747-456a-bffd-d6498ce448d1,2026_W23,S1022,U2053,2026-06-04 18:38:59,2026-06-04 18:41:59,Google Ads,Body,Mobile,Edge,MacOS,/products
72e8cd21-4747-456a-bffd-d6498ce448d1,2026_W23,S1023,U16381,2026-06-04 21:12:11,2026-06-04 21:28:11,Organic,Wish,Desktop,Safari,Android,/home
72e8cd21-4747-456a-bffd-d6498ce448d1,2026_W23,S1024,U13947,2026-06-03 15:49:56,2026-06-03 15:54:56,Organic,Argue,Desktop,Firefox,MacOS,/offers
72e8cd21-4747-456a-bffd-d6498ce448d1,2026_W23,S1025,U29268,2026-06-06 17:34:15,2026-06-06 18:02:15,Organic,Now,Tablet,Safari,Android,/home
72e8cd21-4747-456a-bffd-d6498ce448d1,2026_W23,S1026,U10383,2026-06-05 23:14:29,2026-06-05 23:45:29,Direct,Approach,Desktop,Edge,MacOS,/products
72e8cd21-4747-456a-bffd-d6498ce448d1,2026_W23,S1027,U19357,2026-06-05 13:38:23,2026-06-05 13:46:23,Direct,State,Tablet,Firefox,MacOS,/home
72e8cd21-4747-456a-bffd-d6498ce448d1,2026_W23,S1028,U2257,2026-06-06 22:06:36,2026-06-06 22:27:36,Email,Rest,Mobile,Edge,iOS,/home
72e8cd21-4747-456a-bffd-d6498ce448d1,2026_W23,S1029,U21124,2026-06-02 20:46:56,2026-06-02 20:51:56,Facebook,Fast,Tablet,Edge,Windows,/products
72e8cd21-4747-456a-bffd-d6498ce448d1,2026_W23,S1030,U32822,2026-06-05 11:26:51,2026-06-05 12:06:51,Google Ads,Left,Tablet,Safari,Android,/home
72e8cd21-4747-456a-bffd-d6498ce448d1,2026_W23,S1031,U19271,2026-06-07 11:39:42,2026-06-07 11:49:42,Instagram,Man,Tablet,Safari,Android,/products
72e8cd21-4747-456a-bffd-d6498ce448d1,2026_W23,S1032,U8530,2026-06-04 20:28:39,2026-06-04 20:35:39,Organic,Another,Tablet,Firefox,Windows,/products
72e8cd21-4747-456a-bffd-d6498ce448d1,2026_W23,S1033,U4601,2026-06-07 08:09:31,2026-06-07 08:48:31,Email,Operation,Mobile,Edge,iOS,/offers
72e8cd21-4747-456a-bffd-d6498ce448d1,2026_W23,S1034,U9651,2026-06-07 07:49:20,2026-06-07 08:12:20,Google Ads,Six,Desktop,Firefox,Android,/offers
72e8cd21-4747-456a-bffd-d6498ce448d1,2026_W23,S1035,U32930,2026-06-02 09:21:38,2026-06-02 09:34:38,Instagram,Employee,Tablet,Chrome,MacOS,/products
72e8cd21-4747-456a-bffd-d6498ce448d1,2026_W23,S1036,U318,2026-06-07 04:23:54,2026-06-07 04:33:54,Facebook,Different,Desktop,Chrome,Windows,/products
72e8cd21-4747-456a-bffd-d6498ce448d1,2026_W23,S1037,U12397,2026-06-03 04:36:42,2026-06-03 04:52:42,Facebook,Maintain,Tablet,Firefox,Android,/home
72e8cd21-4747-456a-bffd-d6498ce448d1,2026_W23,S1038,U13979,2026-06-04 06:48:55,2026-06-04 07:17:55,Facebook,Yet,Tablet,Chrome,MacOS,/home
72e8cd21-4747-456a-bffd-d6498ce448d1,2026_W23,S1039,U7264,2026-06-01 21:24:59,2026-06-01 21:53:59,Organic,Image,Desktop,Chrome,Windows,/offers
72e8cd21-4747-456a-bffd-d6498ce448d1,2026_W23,S1040,U9609,2026-06-04 06:47:27,2026-06-04 07:02:27,Instagram,Buy,Desktop,Chrome,Windows,/home
72e8cd21-4747-456a-bffd-d6498ce448d1,2026_W23,S1041,U12014,2026-06-06 19:24:26,2026-06-06 19:33:26,Direct,Choice,Tablet,Edge,Android,/products
72e8cd21-4747-456a-bffd-d6498ce448d1,2026_W23,S1042,U21264,2026-06-04 17:24:28,2026-06-04 17:39:28,Direct,Again,Tablet,Edge,MacOS,/products
72e8cd21-4747-456a-bffd-d6498ce448d1,2026_W23,S1043,U20608,2026-06-05 02:29:14,2026-06-05 02:34:14,Organic,Remain,Mobile,Edge,Windows,/home
72e8cd21-4747-456a-bffd-d6498ce448d1,2026_W23,S1044,U25584,2026-06-04 03:03:09,2026-06-04 03:11:09,Facebook,Rule,Mobile,Firefox,Android,/home
72e8cd21-4747-456a-bffd-d6498ce448d1,2026_W23,S1045,U20828,2026-06-06 12:58:11,2026-06-06 13:04:11,Direct,Language,Tablet,Edge,MacOS,/offers
72e8cd21-4747-456a-bffd-d6498ce448d1,2026_W23,S1046,U32667,2026-06-02 03:39:19,2026-06-02 03:48:19,Google Ads,See,Desktop,Firefox,MacOS,/offers
72e8cd21-4747-456a-bffd-d6498ce448d1,2026_W23,S1047,U31223,2026-06-06 11:55:24,2026-06-06 12:35:24,Instagram,Open,Mobile,Chrome,Android,/home
72e8cd21-4747-456a-bffd-d6498ce448d1,2026_W23,S1048,U16116,2026-06-06 18:28:18,2026-06-06 18:44:18,Organic,Live,Mobile,Chrome,Windows,/products
72e8cd21-4747-456a-bffd-d6498ce448d1,2026_W23,S1049,U15029,2026-06-02 03:44:05,2026-06-02 04:10:05,Organic,Hold,Mobile,Chrome,Windows,/home
72e8cd21-4747-456a-bffd-d6498ce448d1,2026_W23,S1050,U14526,2026-06-05 17:37:27,2026-06-05 18:10:27,Organic,People,Desktop,Edge,Android,/offers
72e8cd21-4747-456a-bffd-d6498ce448d1,2026_W23,S1051,U24774,2026-06-07 09:59:45,2026-06-07 10:35:45,Facebook,Particular,Mobile,Firefox,iOS,/offers
72e8cd21-4747-456a-bffd-d6498ce448d1,2026_W23,S1052,U11006,2026-06-02 19:27:10,2026-06-02 19:38:10,Facebook,Most,Mobile,Chrome,Android,/products
72e8cd21-4747-456a-bffd-d6498ce448d1,2026_W23,S1053,U31188,2026-06-03 19:39:51,2026-06-03 20:01:51,Direct,Serve,Mobile,Chrome,Windows,/home
72e8cd21-4747-456a-bffd-d6498ce448d1,2026_W23,S1054,U3764,2026-06-07 11:50:31,2026-06-07 12:01:31,Organic,Off,Desktop,Firefox,iOS,/products
72e8cd21-4747-456a-bffd-d6498ce448d1,2026_W23,S1055,U10990,2026-06-03 16:36:50,2026-06-03 16:42:50,Facebook,Thing,Mobile,Firefox,Windows,/offers
72e8cd21-4747-456a-bffd-d6498ce448d1,2026_W23,S1056,U26394,2026-06-05 20:15:09,2026-06-05 20:41:09,Direct,Wear,Tablet,Safari,Windows,/offers
72e8cd21-4747-456a-bffd-d6498ce448d1,2026_W23,S1057,U6863,2026-06-06 12:28:30,2026-06-06 12:56:30,Email,Size,Mobile,Firefox,MacOS,/offers
72e8cd21-4747-456a-bffd-d6498ce448d1,2026_W23,S1058,U2847,2026-06-07 17:56:44,2026-06-07 17:59:44,Instagram,Cut,Tablet,Chrome,Windows,/home
72e8cd21-4747-456a-bffd-d6498ce448d1,2026_W23,S1059,U19528,2026-06-06 13:59:54,2026-06-06 14:36:54,Email,Well,Tablet,Safari,iOS,/products
72e8cd21-4747-456a-bffd-d6498ce448d1,2026_W23,S1060,U25410,2026-06-04 04:40:44,2026-06-04 04:58:44,Instagram,Little,Desktop,Safari,Windows,/offers
72e8cd21-4747-456a-bffd-d6498ce448d1,2026_W23,S1061,U8758,2026-06-03 18:43:13,2026-06-03 18:47:13,Instagram,Deep,Mobile,Firefox,Windows,/products
72e8cd21-4747-456a-bffd-d6498ce448d1,2026_W23,S1062,U26982,2026-06-06 06:18:40,2026-06-06 06:52:40,Google Ads,Prepare,Mobile,Edge,Windows,/products
72e8cd21-4747-456a-bffd-d6498ce448d1,2026_W23,S1063,U30622,2026-06-06 09:45:06,2026-06-06 10:19:06,Direct,Apply,Tablet,Chrome,MacOS,/products
72e8cd21-4747-456a-bffd-d6498ce448d1,2026_W23,S1064,U846,2026-06-03 06:06:24,2026-06-03 06:23:24,Instagram,Machine,Tablet,Firefox,Android,/offers
72e8cd21-4747-456a-bffd-d6498ce448d1,2026_W23,S1065,U12050,2026-06-02 21:57:51,2026-06-02 22:00:51,Facebook,For,Tablet,Edge,iOS,/products
72e8cd21-4747-456a-bffd-d6498ce448d1,2026_W23,S1066,U19510,2026-06-04 22:59:21,2026-06-04 23:06:21,Google Ads,Important,Desktop,Safari,MacOS,/offers
72e8cd21-4747-456a-bffd-d6498ce448d1,2026_W23,S1067,U28109,2026-06-07 07:45:12,2026-06-07 08:02:12,Direct,Of,Mobile,Chrome,Android,/offers
72e8cd21-4747-456a-bffd-d6498ce448d1,2026_W23,S1068,U18518,2026-06-07 07:38:00,2026-06-07 07:50:00,Google Ads,Give,Mobile,Edge,MacOS,/products
72e8cd21-4747-456a-bffd-d6498ce448d1,2026_W23,S1069,U34561,2026-06-05 03:30:42,2026-06-05 04:09:42,Direct,Rather,Desktop,Safari,Android,/offers
72e8cd21-4747-456a-bffd-d6498ce448d1,2026_W23,S1070,U12532,2026-06-05 05:34:14,2026-06-05 05:40:14,Google Ads,Successful,Desktop,Safari,iOS,/products
72e8cd21-4747-456a-bffd-d6498ce448d1,2026_W23,S1071,U31347,2026-06-04 23:35:03,2026-06-05 00:09:03,Instagram,To,Tablet,Safari,Windows,/products
72e8cd21-4747-456a-bffd-d6498ce448d1,2026_W23,S1072,U7255,2026-06-02 18:42:16,2026-06-02 19:04:16,Direct,Usually,Mobile,Safari,iOS,/home
72e8cd21-4747-456a-bffd-d6498ce448d1,2026_W23,S1073,U25102,2026-06-06 09:23:38,2026-06-06 09:57:38,Email,Right,Tablet,Firefox,MacOS,/offers
72e8cd21-4747-456a-bffd-d6498ce448d1,2026_W23,S1074,U19122,2026-06-06 01:32:53,2026-06-06 01:54:53,Instagram,Reason,Tablet,Chrome,iOS,/products
72e8cd21-4747-456a-bffd-d6498ce448d1,2026_W23,S1075,U32606,2026-06-06 23:40:11,2026-06-07 00:08:11,Google Ads,Say,Desktop,Chrome,iOS,/offers
72e8cd21-4747-456a-bffd-d6498ce448d1,2026_W23,S1076,U29994,2026-06-02 05:14:28,2026-06-02 05:26:28,Email,Find,Tablet,Chrome,Android,/home
72e8cd21-4747-456a-bffd-d6498ce448d1,2026_W23,S1077,U8185,2026-06-06 08:20:40,2026-06-06 08:22:40,Facebook,Hope,Mobile,Edge,iOS,/home
72e8cd21-4747-456a-bffd-d6498ce448d1,2026_W23,S1078,U3071,2026-06-06 03:13:22,2026-06-06 03:53:22,Facebook,Determine,Mobile,Edge,Android,/home
72e8cd21-4747-456a-bffd-d6498ce448d1,2026_W23,S1079,U15219,2026-06-07 16:15:49,2026-06-07 16:17:49,Facebook,Laugh,Tablet,Firefox,Android,/products
72e8cd21-4747-456a-bffd-d6498ce448d1,2026_W23,S1080,U14719,2026-06-03 15:40:30,2026-06-03 16:11:30,Direct,Once,Tablet,Safari,Android,/products
72e8cd21-4747-456a-bffd-d6498ce448d1,2026_W23,S1081,U16262,2026-06-06 14:16:49,2026-06-06 14:52:49,Organic,Candidate,Mobile,Chrome,iOS,/products
72e8cd21-4747-456a-bffd-d6498ce448d1,2026_W23,S1082,U7754,2026-06-05 18:18:23,2026-06-05 18:22:23,Direct,I,Tablet,Safari,MacOS,/home
72e8cd21-4747-456a-bffd-d6498ce448d1,2026_W23,S1083,U4637,2026-06-02 00:31:38,2026-06-02 01:11:38,Direct,Available,Tablet,Firefox,Android,/home
72e8cd21-4747-456a-bffd-d6498ce448d1,2026_W23,S1084,U30369,2026-06-05 16:05:44,2026-06-05 16:21:44,Email,Evening,Tablet,Edge,iOS,/products
72e8cd21-4747-456a-bffd-d6498ce448d1,2026_W23,S1085,U1530,2026-06-07 20:27:19,2026-06-07 20:38:19,Direct,What,Mobile,Chrome,Windows,/home
72e8cd21-4747-456a-bffd-d6498ce448d1,2026_W23,S1086,U6744,2026-06-05 00:42:36,2026-06-05 01:02:36,Facebook,Carry,Tablet,Firefox,MacOS,/home
72e8cd21-4747-456a-bffd-d6498ce448d1,2026_W23,S1087,U15672,2026-06-07 07:54:31,2026-06-07 08:15:31,Instagram,Simply,Tablet,Chrome,MacOS,/products
72e8cd21-4747-456a-bffd-d6498ce448d1,2026_W23,S1088,U22593,2026-06-03 02:49:12,2026-06-03 02:51:12,Organic,Animal,Tablet,Chrome,iOS,/offers
72e8cd21-4747-456a-bffd-d6498ce448d1,2026_W23,S1089,U15636,2026-06-07 09:33:13,2026-06-07 10:09:13,Instagram,Effort,Tablet,Firefox,Android,/home
72e8cd21-4747-456a-bffd-d6498ce448d1,2026_W23,S1090,U11346,2026-06-05 07:17:14,2026-06-05 07:46:14,Direct,Feeling,Tablet,Safari,MacOS,/offers
72e8cd21-4747-456a-bffd-d6498ce448d1,2026_W23,S1091,U26367,2026-06-02 22:59:52,2026-06-02 23:37:52,Direct,Task,Desktop,Edge,Windows,/products
72e8cd21-4747-456a-bffd-d6498ce448d1,2026_W23,S1092,U21396,2026-06-03 03:52:01,2026-06-03 03:59:01,Facebook,Hard,Mobile,Chrome,iOS,/offers
72e8cd21-4747-456a-bffd-d6498ce448d1,2026_W23,S1093,U15501,2026-06-05 16:41:07,2026-06-05 17:01:07,Organic,Increase,Mobile,Edge,Android,/home
72e8cd21-4747-456a-bffd-d6498ce448d1,2026_W23,S1094,U13298,2026-06-02 13:34:33,2026-06-02 13:59:33,Google Ads,Bar,Tablet,Chrome,Windows,/home
72e8cd21-4747-456a-bffd-d6498ce448d1,2026_W23,S1095,U23692,2026-06-02 03:21:50,2026-06-02 03:43:50,Email,Improve,Desktop,Safari,Android,/offers
72e8cd21-4747-456a-bffd-d6498ce448d1,2026_W23,S1096,U22398,2026-06-07 17:57:19,2026-06-07 18:16:19,Organic,Score,Desktop,Chrome,MacOS,/home
72e8cd21-4747-456a-bffd-d6498ce448d1,2026_W23,S1097,U24402,2026-06-05 16:58:58,2026-06-05 17:36:58,Direct,Usually,Tablet,Edge,Windows,/offers
72e8cd21-4747-456a-bffd-d6498ce448d1,2026_W23,S1098,U28720,2026-06-03 07:58:54,2026-06-03 07:59:54,Facebook,Establish,Desktop,Firefox,Android,/home
72e8cd21-4747-456a-bffd-d6498ce448d1,2026_W23,S1099,U13731,2026-06-07 13:58:45,2026-06-07 14:36:45,Instagram,Doctor,Tablet,Safari,Android,/products
72e8cd21-4747-456a-bffd-d6498ce448d1,2026_W23,S1100,U33067,2026-06-06 21:47:57,2026-06-06 22:16:57,Email,Month,Desktop,Safari,MacOS,/products
72e8cd21-4747-456a-bffd-d6498ce448d1,2026_W23,S1101,U21293,2026-06-02 22:29:45,2026-06-02 23:09:45,Organic,Always,Desktop,Safari,MacOS,/offers
72e8cd21-4747-456a-bffd-d6498ce448d1,2026_W23,S1102,U1003,2026-06-07 09:02:18,2026-06-07 09:20:18,Facebook,Recently,Mobile,Edge,iOS,/home
72e8cd21-4747-456a-bffd-d6498ce448d1,2026_W23,S1103,U33516,2026-06-07 04:06:05,2026-06-07 04:33:05,Direct,Spend,Tablet,Safari,iOS,/products
72e8cd21-4747-456a-bffd-d6498ce448d1,2026_W23,S1104,U3813,2026-06-02 22:40:32,2026-06-02 22:58:32,Facebook,Customer,Desktop,Edge,MacOS,/offers
72e8cd21-4747-456a-bffd-d6498ce448d1,2026_W23,S1105,U30586,2026-06-02 04:53:57,2026-06-02 05:07:57,Direct,Company,Tablet,Safari,Android,/home
72e8cd21-4747-456a-bffd-d6498ce448d1,2026_W23,S1106,U9700,2026-06-07 00:47:56,2026-06-07 01:02:56,Organic,Environment,Tablet,Firefox,iOS,/offers
72e8cd21-4747-456a-bffd-d6498ce448d1,2026_W23,S1107,U17753,2026-06-02 10:34:16,2026-06-02 10:48:16,Organic,Hit,Mobile,Chrome,MacOS,/offers
72e8cd21-4747-456a-bffd-d6498ce448d1,2026_W23,S1108,U18777,2026-06-03 19:09:45,2026-06-03 19:42:45,Organic,Protect,Mobile,Chrome,Windows,/offers
72e8cd21-4747-456a-bffd-d6498ce448d1,2026_W23,S1109,U16665,2026-06-05 04:14:16,2026-06-05 04:20:16,Organic,Pm,Tablet,Chrome,MacOS,/offers
72e8cd21-4747-456a-bffd-d6498ce448d1,2026_W23,S1110,U19273,2026-06-03 13:55:51,2026-06-03 14:09:51,Instagram,Tax,Desktop,Chrome,Windows,/products
72e8cd21-4747-456a-bffd-d6498ce448d1,2026_W23,S1111,U32347,2026-06-04 09:39:32,2026-06-04 09:51:32,Direct,Allow,Tablet,Safari,MacOS,/products
72e8cd21-4747-456a-bffd-d6498ce448d1,2026_W23,S1112,U5468,2026-06-02 04:01:49,2026-06-02 04:11:49,Email,Friend,Mobile,Firefox,MacOS,/products
72e8cd21-4747-456a-bffd-d6498ce448d1,2026_W23,S1113,U17208,2026-06-06 00:45:47,2026-06-06 01:17:47,Instagram,Road,Mobile,Firefox,Windows,/offers
72e8cd21-4747-456a-bffd-d6498ce448d1,2026_W23,S1114,U31735,2026-06-03 06:36:07,2026-06-03 06:38:07,Facebook,Movement,Desktop,Edge,Windows,/products
72e8cd21-4747-456a-bffd-d6498ce448d1,2026_W23,S1115,U30754,2026-06-03 05:21:39,2026-06-03 05:24:39,Email,North,Mobile,Firefox,MacOS,/home
72e8cd21-4747-456a-bffd-d6498ce448d1,2026_W23,S1116,U24747,2026-06-05 05:28:42,2026-06-05 05:56:42,Organic,Person,Tablet,Firefox,Windows,/offers
72e8cd21-4747-456a-bffd-d6498ce448d1,2026_W23,S1117,U34733,2026-06-07 19:56:00,2026-06-07 20:07:00,Organic,Method,Tablet,Firefox,MacOS,/offers
72e8cd21-4747-456a-bffd-d6498ce448d1,2026_W23,S1118,U33768,2026-06-05 02:55:27,2026-06-05 03:05:27,Email,Speech,Tablet,Safari,Android,/offers
72e8cd21-4747-456a-bffd-d6498ce448d1,2026_W23,S1119,U16188,2026-06-02 21:21:25,2026-06-02 21:29:25,Facebook,Region,Tablet,Chrome,iOS,/offers
72e8cd21-4747-456a-bffd-d6498ce448d1,2026_W23,S1120,U18581,2026-06-06 07:55:27,2026-06-06 08:32:27,Instagram,Police,Desktop,Edge,Android,/offers
72e8cd21-4747-456a-bffd-d6498ce448d1,2026_W23,S1121,U28716,2026-06-06 00:26:48,2026-06-06 00:39:48,Google Ads,Others,Mobile,Chrome,Android,/offers
72e8cd21-4747-456a-bffd-d6498ce448d1,2026_W23,S1122,U26807,2026-06-07 17:37:58,2026-06-07 18:16:58,Organic,Brother,Desktop,Firefox,Windows,/offers
72e8cd21-4747-456a-bffd-d6498ce448d1,2026_W23,S1123,U17160,2026-06-06 00:01:47,2026-06-06 00:33:47,Facebook,Republican,Desktop,Chrome,iOS,/home
72e8cd21-4747-456a-bffd-d6498ce448d1,2026_W23,S1124,U2411,2026-06-01 23:32:05,2026-06-01 23:55:05,Facebook,Mission,Tablet,Edge,iOS,/offers
72e8cd21-4747-456a-bffd-d6498ce448d1,2026_W23,S1125,U32233,2026-06-04 09:23:21,2026-06-04 09:24:21,Google Ads,Rather,Desktop,Chrome,MacOS,/products
72e8cd21-4747-456a-bffd-d6498ce448d1,2026_W23,S1126,U6710,2026-06-07 05:02:02,2026-06-07 05:15:02,Email,Office,Tablet,Edge,iOS,/products
72e8cd21-4747-456a-bffd-d6498ce448d1,2026_W23,S1127,U30120,2026-06-02 17:11:42,2026-06-02 17:51:42,Email,On,Mobile,Safari,iOS,/products
72e8cd21-4747-456a-bffd-d6498ce448d1,2026_W23,S1128,U6094,2026-06-06 14:05:02,2026-06-06 14:24:02,Organic,Enjoy,Desktop,Edge,iOS,/products
72e8cd21-4747-456a-bffd-d6498ce448d1,2026_W23,S1129,U15926,2026-06-06 14:59:38,2026-06-06 15:10:38,Email,Task,Mobile,Safari,MacOS,/products
72e8cd21-4747-456a-bffd-d6498ce448d1,2026_W23,S1130,U11192,2026-06-04 04:45:06,2026-06-04 05:11:06,Direct,Society,Tablet,Firefox,Android,/products
72e8cd21-4747-456a-bffd-d6498ce448d1,2026_W23,S1131,U19055,2026-06-02 17:25:43,2026-06-02 17:36:43,Organic,Sure,Tablet,Firefox,Android,/products
72e8cd21-4747-456a-bffd-d6498ce448d1,2026_W23,S1132,U33414,2026-06-07 09:41:15,2026-06-07 10:07:15,Facebook,Look,Mobile,Edge,Android,/home
72e8cd21-4747-456a-bffd-d6498ce448d1,2026_W23,S1133,U22556,2026-06-05 14:01:22,2026-06-05 14:35:22,Google Ads,Industry,Mobile,Firefox,iOS,/products
72e8cd21-4747-456a-bffd-d6498ce448d1,2026_W23,S1134,U18624,2026-06-07 00:44:33,2026-06-07 00:52:33,Email,Fear,Tablet,Edge,MacOS,/products
72e8cd21-4747-456a-bffd-d6498ce448d1,2026_W23,S1135,U23385,2026-06-04 18:01:03,2026-06-04 18:39:03,Organic,Short,Tablet,Chrome,Windows,/products
72e8cd21-4747-456a-bffd-d6498ce448d1,2026_W23,S1136,U11099,2026-06-07 06:11:05,2026-06-07 06:48:05,Facebook,That,Desktop,Chrome,iOS,/products
72e8cd21-4747-456a-bffd-d6498ce448d1,2026_W23,S1137,U13140,2026-06-02 20:47:48,2026-06-02 21:11:48,Facebook,Mother,Desktop,Chrome,MacOS,/home
72e8cd21-4747-456a-bffd-d6498ce448d1,2026_W23,S1138,U29033,2026-06-02 16:51:48,2026-06-02 17:30:48,Organic,Sing,Tablet,Safari,iOS,/home
72e8cd21-4747-456a-bffd-d6498ce448d1,2026_W23,S1139,U12127,2026-06-05 02:40:44,2026-06-05 02:47:44,Direct,Protect,Desktop,Firefox,MacOS,/home
72e8cd21-4747-456a-bffd-d6498ce448d1,2026_W23,S1140,U3438,2026-06-07 02:14:39,2026-06-07 02:51:39,Google Ads,Table,Desktop,Safari,iOS,/products
72e8cd21-4747-456a-bffd-d6498ce448d1,2026_W23,S1141,U6861,2026-06-05 11:15:49,2026-06-05 11:21:49,Email,Technology,Tablet,Firefox,MacOS,/products
72e8cd21-4747-456a-bffd-d6498ce448d1,2026_W23,S1142,U12436,2026-06-04 19:14:44,2026-06-04 19:33:44,Google Ads,Arm,Mobile,Safari,iOS,/products
72e8cd21-4747-456a-bffd-d6498ce448d1,2026_W23,S1143,U17582,2026-06-03 00:50:23,2026-06-03 01:14:23,Direct,Already,Desktop,Safari,MacOS,/home
72e8cd21-4747-456a-bffd-d6498ce448d1,2026_W23,S1144,U1679,2026-06-04 16:01:02,2026-06-04 16:04:02,Organic,Single,Desktop,Firefox,iOS,/home
72e8cd21-4747-456a-bffd-d6498ce448d1,2026_W23,S1145,U8637,2026-06-05 06:01:52,2026-06-05 06:22:52,Google Ads,Large,Mobile,Safari,iOS,/offers
72e8cd21-4747-456a-bffd-d6498ce448d1,2026_W23,S1146,U24104,2026-06-05 17:08:40,2026-06-05 17:37:40,Google Ads,Become,Desktop,Firefox,MacOS,/products
72e8cd21-4747-456a-bffd-d6498ce448d1,2026_W23,S1147,U32936,2026-06-04 13:56:00,2026-06-04 14:01:00,Instagram,Stop,Tablet,Chrome,iOS,/home
72e8cd21-4747-456a-bffd-d6498ce448d1,2026_W23,S1148,U18885,2026-06-02 05:07:38,2026-06-02 05:43:38,Instagram,Radio,Desktop,Firefox,MacOS,/home
72e8cd21-4747-456a-bffd-d6498ce448d1,2026_W23,S1149,U566,2026-06-04 06:09:54,2026-06-04 06:12:54,Direct,Why,Mobile,Edge,Android,/home
72e8cd21-4747-456a-bffd-d6498ce448d1,2026_W23,S1150,U15200,2026-06-07 00:15:35,2026-06-07 00:23:35,Email,Action,Tablet,Chrome,Android,/home
72e8cd21-4747-456a-bffd-d6498ce448d1,2026_W23,S1151,U26475,2026-06-06 20:33:45,2026-06-06 20:38:45,Facebook,Feeling,Desktop,Chrome,Windows,/offers
72e8cd21-4747-456a-bffd-d6498ce448d1,2026_W23,S1152,U32011,2026-06-07 15:28:00,2026-06-07 15:59:00,Facebook,Recently,Mobile,Firefox,iOS,/home
72e8cd21-4747-456a-bffd-d6498ce448d1,2026_W23,S1153,U16477,2026-06-06 17:39:53,2026-06-06 17:55:53,Email,Great,Tablet,Edge,Android,/products
72e8cd21-4747-456a-bffd-d6498ce448d1,2026_W23,S1154,U9493,2026-06-02 13:59:49,2026-06-02 14:05:49,Google Ads,Send,Tablet,Edge,Android,/home
72e8cd21-4747-456a-bffd-d6498ce448d1,2026_W23,S1155,U19263,2026-06-04 04:03:19,2026-06-04 04:39:19,Instagram,Concern,Mobile,Chrome,Android,/offers
72e8cd21-4747-456a-bffd-d6498ce448d1,2026_W23,S1156,U4661,2026-06-04 01:48:00,2026-06-04 01:59:00,Direct,Truth,Mobile,Chrome,iOS,/offers
72e8cd21-4747-456a-bffd-d6498ce448d1,2026_W23,S1157,U7736,2026-06-03 14:05:14,2026-06-03 14:37:14,Instagram,Still,Desktop,Safari,Windows,/home
72e8cd21-4747-456a-bffd-d6498ce448d1,2026_W23,S1158,U2896,2026-06-02 05:52:44,2026-06-02 06:27:44,Instagram,Player,Tablet,Chrome,iOS,/products
72e8cd21-4747-456a-bffd-d6498ce448d1,2026_W23,S1159,U26879,2026-06-02 14:06:12,2026-06-02 14:17:12,Google Ads,Least,Mobile,Edge,iOS,/home
72e8cd21-4747-456a-bffd-d6498ce448d1,2026_W23,S1160,U32075,2026-06-02 14:22:01,2026-06-02 14:57:01,Instagram,Event,Desktop,Safari,iOS,/offers
72e8cd21-4747-456a-bffd-d6498ce448d1,2026_W23,S1161,U24423,2026-06-04 08:36:36,2026-06-04 08:39:36,Instagram,Book,Desktop,Safari,Android,/products
72e8cd21-4747-456a-bffd-d6498ce448d1,2026_W23,S1162,U1146,2026-06-03 07:50:48,2026-06-03 08:06:48,Google Ads,Race,Desktop,Firefox,iOS,/products
72e8cd21-4747-456a-bffd-d6498ce448d1,2026_W23,S1163,U20530,2026-06-02 18:11:56,2026-06-02 18:16:56,Instagram,Policy,Mobile,Safari,Android,/offers
72e8cd21-4747-456a-bffd-d6498ce448d1,2026_W23,S1164,U14464,2026-06-05 18:42:54,2026-06-05 18:43:54,Direct,Central,Desktop,Edge,Windows,/home
72e8cd21-4747-456a-bffd-d6498ce448d1,2026_W23,S1165,U20539,2026-06-07 00:30:29,2026-06-07 01:07:29,Email,First,Desktop,Chrome,Windows,/home
72e8cd21-4747-456a-bffd-d6498ce448d1,2026_W23,S1166,U4102,2026-06-05 20:46:58,2026-06-05 20:47:58,Email,Hour,Tablet,Firefox,iOS,/offers
72e8cd21-4747-456a-bffd-d6498ce448d1,2026_W23,S1167,U31337,2026-06-05 21:45:48,2026-06-05 22:21:48,Email,Decision,Mobile,Safari,Android,/offers
72e8cd21-4747-456a-bffd-d6498ce448d1,2026_W23,S1168,U31456,2026-06-03 06:06:26,2026-06-03 06:09:26,Direct,Third,Desktop,Safari,Windows,/products
72e8cd21-4747-456a-bffd-d6498ce448d1,2026_W23,S1169,U8529,2026-06-06 01:54:16,2026-06-06 02:27:16,Google Ads,Anyone,Tablet,Safari,iOS,/offers
72e8cd21-4747-456a-bffd-d6498ce448d1,2026_W23,S1170,U8380,2026-06-02 21:34:14,2026-06-02 21:58:14,Google Ads,Sport,Desktop,Chrome,MacOS,/offers
72e8cd21-4747-456a-bffd-d6498ce448d1,2026_W23,S1171,U21813,2026-06-05 16:51:44,2026-06-05 17:18:44,Facebook,Food,Tablet,Edge,Windows,/products
72e8cd21-4747-456a-bffd-d6498ce448d1,2026_W23,S1172,U21896,2026-06-02 06:05:29,2026-06-02 06:15:29,Google Ads,Reflect,Mobile,Edge,MacOS,/home
72e8cd21-4747-456a-bffd-d6498ce448d1,2026_W23,S1173,U33283,2026-06-04 06:55:57,2026-06-04 07:31:57,Direct,Look,Desktop,Chrome,iOS,/offers
72e8cd21-4747-456a-bffd-d6498ce448d1,2026_W23,S1174,U33371,2026-06-03 11:06:35,2026-06-03 11:20:35,Email,Lot,Desktop,Firefox,Windows,/offers
72e8cd21-4747-456a-bffd-d6498ce448d1,2026_W23,S1175,U9877,2026-06-04 12:57:41,2026-06-04 13:33:41,Google Ads,Have,Tablet,Safari,MacOS,/offers
72e8cd21-4747-456a-bffd-d6498ce448d1,2026_W23,S1176,U7912,2026-06-03 13:04:53,2026-06-03 13:17:53,Instagram,Security,Desktop,Firefox,iOS,/products
72e8cd21-4747-456a-bffd-d6498ce448d1,2026_W23,S1177,U32747,2026-06-04 11:25:48,2026-06-04 11:36:48,Direct,Which,Desktop,Edge,Windows,/home
72e8cd21-4747-456a-bffd-d6498ce448d1,2026_W23,S1178,U28049,2026-06-04 17:15:53,2026-06-04 17:23:53,Organic,Bad,Desktop,Firefox,MacOS,/products
72e8cd21-4747-456a-bffd-d6498ce448d1,2026_W23,S1179,U17137,2026-06-05 21:30:21,2026-06-05 22:09:21,Google Ads,Bad,Mobile,Firefox,Windows,/offers
72e8cd21-4747-456a-bffd-d6498ce448d1,2026_W23,S1180,U15706,2026-06-05 12:01:53,2026-06-05 12:22:53,Instagram,Effort,Mobile,Firefox,Windows,/offers
72e8cd21-4747-456a-bffd-d6498ce448d1,2026_W23,S1181,U8441,2026-06-04 00:49:33,2026-06-04 01:09:33,Direct,Value,Mobile,Firefox,iOS,/products
72e8cd21-4747-456a-bffd-d6498ce448d1,2026_W23,S1182,U24100,2026-06-05 05:25:54,2026-06-05 05:29:54,Email,Young,Desktop,Chrome,iOS,/offers
72e8cd21-4747-456a-bffd-d6498ce448d1,2026_W23,S1183,U13963,2026-06-06 03:33:19,2026-06-06 03:53:19,Facebook,Mind,Tablet,Chrome,iOS,/products
72e8cd21-4747-456a-bffd-d6498ce448d1,2026_W23,S1184,U11055,2026-06-05 22:32:47,2026-06-05 22:57:47,Email,Reduce,Desktop,Safari,Android,/home
72e8cd21-4747-456a-bffd-d6498ce448d1,2026_W23,S1185,U5926,2026-06-04 07:17:52,2026-06-04 07:51:52,Direct,Say,Desktop,Firefox,Windows,/home
72e8cd21-4747-456a-bffd-d6498ce448d1,2026_W23,S1186,U28828,2026-06-03 08:24:55,2026-06-03 08:36:55,Email,Trip,Desktop,Firefox,MacOS,/offers
72e8cd21-4747-456a-bffd-d6498ce448d1,2026_W23,S1187,U22623,2026-06-05 05:43:35,2026-06-05 06:03:35,Email,Anything,Desktop,Edge,Android,/offers
72e8cd21-4747-456a-bffd-d6498ce448d1,2026_W23,S1188,U28923,2026-06-02 10:52:36,2026-06-02 11:10:36,Google Ads,East,Desktop,Edge,MacOS,/offers
72e8cd21-4747-456a-bffd-d6498ce448d1,2026_W23,S1189,U19127,2026-06-07 05:49:58,2026-06-07 06:11:58,Email,Program,Mobile,Chrome,iOS,/products
72e8cd21-4747-456a-bffd-d6498ce448d1,2026_W23,S1190,U6615,2026-06-05 19:23:51,2026-06-05 19:37:51,Google Ads,Loss,Tablet,Firefox,Android,/home
72e8cd21-4747-456a-bffd-d6498ce448d1,2026_W23,S1191,U22510,2026-06-05 07:09:04,2026-06-05 07:32:04,Instagram,Usually,Mobile,Safari,MacOS,/products
72e8cd21-4747-456a-bffd-d6498ce448d1,2026_W23,S1192,U9248,2026-06-02 20:50:31,2026-06-02 21:06:31,Google Ads,Night,Desktop,Safari,iOS,/offers
72e8cd21-4747-456a-bffd-d6498ce448d1,2026_W23,S1193,U3601,2026-06-07 06:44:37,2026-06-07 06:48:37,Email,Bar,Desktop,Firefox,MacOS,/offers
72e8cd21-4747-456a-bffd-d6498ce448d1,2026_W23,S1194,U9198,2026-06-06 08:42:29,2026-06-06 09:15:29,Email,Within,Desktop,Chrome,MacOS,/products
72e8cd21-4747-456a-bffd-d6498ce448d1,2026_W23,S1195,U5860,2026-06-05 12:57:48,2026-06-05 13:01:48,Email,Different,Desktop,Safari,Android,/home
72e8cd21-4747-456a-bffd-d6498ce448d1,2026_W23,S1196,U29043,2026-06-04 08:57:32,2026-06-04 09:31:32,Google Ads,Father,Mobile,Edge,MacOS,/offers
72e8cd21-4747-456a-bffd-d6498ce448d1,2026_W23,S1197,U29198,2026-06-05 14:19:12,2026-06-05 14:29:12,Google Ads,Threat,Mobile,Edge,iOS,/products
72e8cd21-4747-456a-bffd-d6498ce448d1,2026_W23,S1198,U20460,2026-06-07 00:04:46,2026-06-07 00:32:46,Facebook,Article,Tablet,Edge,Windows,/offers
72e8cd21-4747-456a-bffd-d6498ce448d1,2026_W23,S1199,U18511,2026-06-02 04:59:33,2026-06-02 05:03:33,Email,Worry,Mobile,Safari,MacOS,/offers
72e8cd21-4747-456a-bffd-d6498ce448d1,2026_W23,S1200,U24779,2026-06-04 21:20:04,2026-06-04 21:56:04,Google Ads,Character,Desktop,Edge,Android,/offers
72e8cd21-4747-456a-bffd-d6498ce448d1,2026_W23,S1201,U24715,2026-06-06 20:32:36,2026-06-06 20:41:36,Organic,Girl,Desktop,Firefox,Windows,/home
72e8cd21-4747-456a-bffd-d6498ce448d1,2026_W23,S1202,U22781,2026-06-04 12:37:22,2026-06-04 12:57:22,Instagram,Report,Mobile,Chrome,iOS,/home
72e8cd21-4747-456a-bffd-d6498ce448d1,2026_W23,S1203,U29061,2026-06-06 12:53:09,2026-06-06 13:20:09,Google Ads,Certainly,Desktop,Safari,iOS,/home
72e8cd21-4747-456a-bffd-d6498ce448d1,2026_W23,S1204,U16184,2026-06-03 00:23:13,2026-06-03 00:27:13,Instagram,Why,Tablet,Safari,iOS,/home
72e8cd21-4747-456a-bffd-d6498ce448d1,2026_W23,S1205,U1067,2026-06-03 04:00:54,2026-06-03 04:25:54,Facebook,Seven,Tablet,Chrome,Windows,/offers
72e8cd21-4747-456a-bffd-d6498ce448d1,2026_W23,S1206,U28702,2026-06-04 22:29:11,2026-06-04 22:47:11,Instagram,Recent,Desktop,Chrome,Android,/home
72e8cd21-4747-456a-bffd-d6498ce448d1,2026_W23,S1207,U9158,2026-06-06 15:29:56,2026-06-06 15:58:56,Facebook,Theory,Mobile,Safari,MacOS,/products
72e8cd21-4747-456a-bffd-d6498ce448d1,2026_W23,S1208,U33454,2026-06-02 15:44:25,2026-06-02 15:47:25,Direct,Green,Mobile,Chrome,Android,/home
72e8cd21-4747-456a-bffd-d6498ce448d1,2026_W23,S1209,U34504,2026-06-03 02:17:30,2026-06-03 02:28:30,Email,Simply,Desktop,Edge,MacOS,/offers
72e8cd21-4747-456a-bffd-d6498ce448d1,2026_W23,S1210,U19993,2026-06-02 13:38:11,2026-06-02 14:02:11,Direct,Send,Desktop,Safari,iOS,/home
72e8cd21-4747-456a-bffd-d6498ce448d1,2026_W23,S1211,U27514,2026-06-04 12:44:30,2026-06-04 13:15:30,Organic,Move,Desktop,Edge,Windows,/products
72e8cd21-4747-456a-bffd-d6498ce448d1,2026_W23,S1212,U14140,2026-06-05 11:00:00,2026-06-05 11:09:00,Direct,Factor,Mobile,Firefox,Android,/products
72e8cd21-4747-456a-bffd-d6498ce448d1,2026_W23,S1213,U30017,2026-06-02 12:11:49,2026-06-02 12:47:49,Instagram,Country,Mobile,Edge,Windows,/home
72e8cd21-4747-456a-bffd-d6498ce448d1,2026_W23,S1214,U17694,2026-06-05 01:44:53,2026-06-05 02:15:53,Direct,Bad,Desktop,Safari,iOS,/offers
72e8cd21-4747-456a-bffd-d6498ce448d1,2026_W23,S1215,U23852,2026-06-05 09:48:56,2026-06-05 09:52:56,Instagram,Eight,Tablet,Edge,Android,/products
72e8cd21-4747-456a-bffd-d6498ce448d1,2026_W23,S1216,U14222,2026-06-06 00:48:00,2026-06-06 01:16:00,Google Ads,Either,Tablet,Firefox,Android,/offers
72e8cd21-4747-456a-bffd-d6498ce448d1,2026_W23,S1217,U21529,2026-06-07 20:05:55,2026-06-07 20:10:55,Instagram,Evidence,Desktop,Chrome,Windows,/products
72e8cd21-4747-456a-bffd-d6498ce448d1,2026_W23,S1218,U27534,2026-06-02 14:32:27,2026-06-02 14:58:27,Organic,Design,Desktop,Safari,Android,/home
72e8cd21-4747-456a-bffd-d6498ce448d1,2026_W23,S1219,U17534,2026-06-03 21:42:18,2026-06-03 22:17:18,Facebook,Side,Tablet,Firefox,Windows,/offers
72e8cd21-4747-456a-bffd-d6498ce448d1,2026_W23,S1220,U24136,2026-06-03 14:41:47,2026-06-03 14:46:47,Email,Mouth,Desktop,Firefox,Windows,/offers
72e8cd21-4747-456a-bffd-d6498ce448d1,2026_W23,S1221,U13059,2026-06-07 01:52:15,2026-06-07 02:14:15,Organic,Visit,Mobile,Firefox,iOS,/offers
72e8cd21-4747-456a-bffd-d6498ce448d1,2026_W23,S1222,U10733,2026-06-03 07:28:34,2026-06-03 07:37:34,Organic,Fear,Tablet,Edge,Windows,/home
72e8cd21-4747-456a-bffd-d6498ce448d1,2026_W23,S1223,U29907,2026-06-03 22:11:12,2026-06-03 22:12:12,Organic,Baby,Desktop,Safari,Windows,/products
72e8cd21-4747-456a-bffd-d6498ce448d1,2026_W23,S1224,U15356,2026-06-05 14:10:09,2026-06-05 14:27:09,Organic,Wrong,Desktop,Safari,MacOS,/offers
72e8cd21-4747-456a-bffd-d6498ce448d1,2026_W23,S1225,U23959,2026-06-04 21:55:38,2026-06-04 21:56:38,Google Ads,Structure,Tablet,Edge,Windows,/home
72e8cd21-4747-456a-bffd-d6498ce448d1,2026_W23,S1226,U26552,2026-06-03 08:45:48,2026-06-03 08:54:48,Facebook,Environment,Desktop,Edge,iOS,/offers
72e8cd21-4747-456a-bffd-d6498ce448d1,2026_W23,S1227,U6164,2026-06-04 22:58:07,2026-06-04 23:19:07,Email,Happen,Tablet,Edge,Android,/products
72e8cd21-4747-456a-bffd-d6498ce448d1,2026_W23,S1228,U13465,2026-06-05 20:21:56,2026-06-05 20:25:56,Google Ads,Discussion,Desktop,Firefox,Android,/home
72e8cd21-4747-456a-bffd-d6498ce448d1,2026_W23,S1229,U16554,2026-06-05 18:50:51,2026-06-05 19:17:51,Facebook,Environmental,Tablet,Chrome,iOS,/offers
72e8cd21-4747-456a-bffd-d6498ce448d1,2026_W23,S1230,U26917,2026-06-04 07:16:57,2026-06-04 07:24:57,Instagram,Rise,Mobile,Edge,iOS,/products
72e8cd21-4747-456a-bffd-d6498ce448d1,2026_W23,S1231,U1386,2026-06-02 01:22:46,2026-06-02 01:23:46,Facebook,Mr,Tablet,Chrome,Android,/offers
72e8cd21-4747-456a-bffd-d6498ce448d1,2026_W23,S1232,U3781,2026-06-07 13:32:08,2026-06-07 13:48:08,Direct,Task,Mobile,Firefox,Windows,/products
72e8cd21-4747-456a-bffd-d6498ce448d1,2026_W23,S1233,U8908,2026-06-05 17:09:33,2026-06-05 17:25:33,Email,Have,Desktop,Safari,Windows,/home
72e8cd21-4747-456a-bffd-d6498ce448d1,2026_W23,S1234,U21871,2026-06-06 20:02:51,2026-06-06 20:09:51,Email,Must,Mobile,Safari,iOS,/products
72e8cd21-4747-456a-bffd-d6498ce448d1,2026_W23,S1235,U31671,2026-06-01 23:24:25,2026-06-01 23:45:25,Organic,Leg,Mobile,Firefox,MacOS,/offers
72e8cd21-4747-456a-bffd-d6498ce448d1,2026_W23,S1236,U20821,2026-06-06 18:39:27,2026-06-06 18:53:27,Organic,Catch,Tablet,Safari,Windows,/offers
72e8cd21-4747-456a-bffd-d6498ce448d1,2026_W23,S1237,U17587,2026-06-05 18:24:17,2026-06-05 18:53:17,Organic,Him,Mobile,Firefox,Android,/products
72e8cd21-4747-456a-bffd-d6498ce448d1,2026_W23,S1238,U24406,2026-06-04 23:54:52,2026-06-05 00:09:52,Organic,Hope,Desktop,Chrome,Windows,/offers
72e8cd21-4747-456a-bffd-d6498ce448d1,2026_W23,S1239,U5036,2026-06-05 14:11:51,2026-06-05 14:25:51,Instagram,For,Mobile,Firefox,Android,/products
72e8cd21-4747-456a-bffd-d6498ce448d1,2026_W23,S1240,U24982,2026-06-05 09:43:42,2026-06-05 09:52:42,Direct,Service,Mobile,Firefox,MacOS,/products
72e8cd21-4747-456a-bffd-d6498ce448d1,2026_W23,S1241,U19706,2026-06-06 20:13:30,2026-06-06 20:33:30,Email,Condition,Mobile,Edge,Windows,/home
72e8cd21-4747-456a-bffd-d6498ce448d1,2026_W23,S1242,U2799,2026-06-04 10:56:17,2026-06-04 11:27:17,Facebook,Not,Mobile,Edge,Windows,/offers
72e8cd21-4747-456a-bffd-d6498ce448d1,2026_W23,S1243,U23198,2026-06-04 07:45:20,2026-06-04 07:50:20,Facebook,Ball,Desktop,Firefox,Windows,/products
72e8cd21-4747-456a-bffd-d6498ce448d1,2026_W23,S1244,U2147,2026-06-06 04:19:14,2026-06-06 04:35:14,Direct,Difference,Mobile,Safari,Windows,/offers
72e8cd21-4747-456a-bffd-d6498ce448d1,2026_W23,S1245,U12805,2026-06-05 14:28:16,2026-06-05 15:03:16,Direct,American,Mobile,Edge,iOS,/products
72e8cd21-4747-456a-bffd-d6498ce448d1,2026_W23,S1246,U11591,2026-06-06 04:52:41,2026-06-06 05:17:41,Facebook,Skill,Desktop,Chrome,iOS,/home
72e8cd21-4747-456a-bffd-d6498ce448d1,2026_W23,S1247,U4337,2026-06-07 02:50:38,2026-06-07 03:13:38,Email,Amount,Tablet,Edge,MacOS,/offers
72e8cd21-4747-456a-bffd-d6498ce448d1,2026_W23,S1248,U18384,2026-06-05 09:03:00,2026-06-05 09:37:00,Google Ads,Record,Tablet,Firefox,iOS,/products
72e8cd21-4747-456a-bffd-d6498ce448d1,2026_W23,S1249,U7810,2026-06-06 04:14:28,2026-06-06 04:25:28,Instagram,Pressure,Mobile,Chrome,iOS,/home
72e8cd21-4747-456a-bffd-d6498ce448d1,2026_W23,S1250,U32128,2026-06-04 20:20:58,2026-06-04 20:46:58,Organic,Score,Mobile,Chrome,iOS,/home
72e8cd21-4747-456a-bffd-d6498ce448d1,2026_W23,S1251,U16138,2026-06-06 21:16:06,2026-06-06 21:53:06,Email,Boy,Tablet,Safari,Windows,/home
72e8cd21-4747-456a-bffd-d6498ce448d1,2026_W23,S1252,U10020,2026-06-06 21:09:01,2026-06-06 21:27:01,Instagram,Indicate,Tablet,Edge,Android,/products
72e8cd21-4747-456a-bffd-d6498ce448d1,2026_W23,S1253,U14662,2026-06-02 02:20:22,2026-06-02 02:48:22,Facebook,Question,Tablet,Chrome,Windows,/offers
72e8cd21-4747-456a-bffd-d6498ce448d1,2026_W23,S1254,U33002,2026-06-03 05:30:34,2026-06-03 05:58:34,Organic,Assume,Tablet,Chrome,iOS,/products
72e8cd21-4747-456a-bffd-d6498ce448d1,2026_W23,S1255,U30604,2026-06-03 00:00:06,2026-06-03 00:38:06,Instagram,View,Mobile,Safari,iOS,/products
72e8cd21-4747-456a-bffd-d6498ce448d1,2026_W23,S1256,U34085,2026-06-02 21:14:45,2026-06-02 21:38:45,Facebook,Billion,Desktop,Safari,Windows,/products
72e8cd21-4747-456a-bffd-d6498ce448d1,2026_W23,S1257,U29730,2026-06-05 08:11:44,2026-06-05 08:23:44,Direct,Market,Mobile,Chrome,Android,/home
72e8cd21-4747-456a-bffd-d6498ce448d1,2026_W23,S1258,U13103,2026-06-05 20:04:12,2026-06-05 20:08:12,Facebook,President,Mobile,Edge,MacOS,/offers
72e8cd21-4747-456a-bffd-d6498ce448d1,2026_W23,S1259,U34965,2026-06-05 13:11:38,2026-06-05 13:40:38,Organic,Alone,Tablet,Chrome,Windows,/products
72e8cd21-4747-456a-bffd-d6498ce448d1,2026_W23,S1260,U9025,2026-06-03 05:33:33,2026-06-03 06:02:33,Instagram,Than,Tablet,Safari,MacOS,/home
72e8cd21-4747-456a-bffd-d6498ce448d1,2026_W23,S1261,U28228,2026-06-02 19:59:24,2026-06-02 20:31:24,Email,Family,Mobile,Safari,iOS,/products
72e8cd21-4747-456a-bffd-d6498ce448d1,2026_W23,S1262,U23996,2026-06-02 03:57:12,2026-06-02 04:23:12,Instagram,Thing,Mobile,Edge,Windows,/offers
72e8cd21-4747-456a-bffd-d6498ce448d1,2026_W23,S1263,U5064,2026-06-04 05:03:31,2026-06-04 05:11:31,Instagram,Result,Desktop,Edge,iOS,/home
72e8cd21-4747-456a-bffd-d6498ce448d1,2026_W23,S1264,U6637,2026-06-02 04:27:53,2026-06-02 04:29:53,Facebook,Paper,Desktop,Safari,iOS,/home
72e8cd21-4747-456a-bffd-d6498ce448d1,2026_W23,S1265,U9614,2026-06-05 12:59:42,2026-06-05 13:09:42,Organic,How,Tablet,Edge,Android,/home
72e8cd21-4747-456a-bffd-d6498ce448d1,2026_W23,S1266,U27394,2026-06-04 15:18:57,2026-06-04 15:23:57,Google Ads,Message,Tablet,Chrome,iOS,/offers
72e8cd21-4747-456a-bffd-d6498ce448d1,2026_W23,S1267,U13653,2026-06-04 19:46:21,2026-06-04 20:13:21,Organic,Structure,Mobile,Safari,Windows,/products
72e8cd21-4747-456a-bffd-d6498ce448d1,2026_W23,S1268,U10204,2026-06-06 21:19:32,2026-06-06 21:52:32,Facebook,Work,Desktop,Safari,Windows,/offers
72e8cd21-4747-456a-bffd-d6498ce448d1,2026_W23,S1269,U18411,2026-06-06 03:26:23,2026-06-06 04:02:23,Email,Along,Desktop,Safari,iOS,/offers
72e8cd21-4747-456a-bffd-d6498ce448d1,2026_W23,S1270,U3550,2026-06-05 21:18:15,2026-06-05 21:22:15,Email,Job,Mobile,Safari,Windows,/products
72e8cd21-4747-456a-bffd-d6498ce448d1,2026_W23,S1271,U611,2026-06-01 22:36:17,2026-06-01 22:51:17,Direct,Night,Mobile,Firefox,Android,/home
72e8cd21-4747-456a-bffd-d6498ce448d1,2026_W23,S1272,U27101,2026-06-04 10:45:18,2026-06-04 10:59:18,Direct,Buy,Tablet,Chrome,Windows,/products
72e8cd21-4747-456a-bffd-d6498ce448d1,2026_W23,S1273,U6855,2026-06-07 18:09:33,2026-06-07 18:27:33,Direct,Over,Desktop,Safari,Windows,/home
72e8cd21-4747-456a-bffd-d6498ce448d1,2026_W23,S1274,U20739,2026-06-05 01:57:15,2026-06-05 02:13:15,Instagram,Eat,Tablet,Edge,MacOS,/offers
72e8cd21-4747-456a-bffd-d6498ce448d1,2026_W23,S1275,U7214,2026-06-03 19:31:14,2026-06-03 19:32:14,Instagram,Go,Desktop,Safari,Windows,/home
72e8cd21-4747-456a-bffd-d6498ce448d1,2026_W23,S1276,U19472,2026-06-07 09:24:10,2026-06-07 09:45:10,Facebook,Reveal,Desktop,Chrome,MacOS,/offers
72e8cd21-4747-456a-bffd-d6498ce448d1,2026_W23,S1277,U17645,2026-06-04 09:00:15,2026-06-04 09:02:15,Organic,Wide,Tablet,Safari,Windows,/offers
72e8cd21-4747-456a-bffd-d6498ce448d1,2026_W23,S1278,U26615,2026-06-05 04:30:15,2026-06-05 04:32:15,Google Ads,Process,Mobile,Chrome,Windows,/products
72e8cd21-4747-456a-bffd-d6498ce448d1,2026_W23,S1279,U34665,2026-06-07 05:05:10,2026-06-07 05:42:10,Instagram,American,Mobile,Firefox,iOS,/home
72e8cd21-4747-456a-bffd-d6498ce448d1,2026_W23,S1280,U26931,2026-06-04 03:53:07,2026-06-04 04:21:07,Google Ads,Forward,Tablet,Chrome,iOS,/products
72e8cd21-4747-456a-bffd-d6498ce448d1,2026_W23,S1281,U17897,2026-06-07 03:40:43,2026-06-07 04:09:43,Organic,Behavior,Mobile,Chrome,Android,/home
72e8cd21-4747-456a-bffd-d6498ce448d1,2026_W23,S1282,U33226,2026-06-06 15:52:33,2026-06-06 16:30:33,Organic,Probably,Tablet,Chrome,iOS,/offers
72e8cd21-4747-456a-bffd-d6498ce448d1,2026_W23,S1283,U7978,2026-06-07 06:06:45,2026-06-07 06:08:45,Google Ads,Size,Desktop,Chrome,iOS,/home
72e8cd21-4747-456a-bffd-d6498ce448d1,2026_W23,S1284,U20954,2026-06-07 02:41:09,2026-06-07 03:03:09,Instagram,Unit,Mobile,Safari,iOS,/home
72e8cd21-4747-456a-bffd-d6498ce448d1,2026_W23,S1285,U5638,2026-06-05 23:38:43,2026-06-05 23:40:43,Instagram,Many,Mobile,Safari,Android,/products
72e8cd21-4747-456a-bffd-d6498ce448d1,2026_W23,S1286,U4407,2026-06-06 18:31:10,2026-06-06 18:45:10,Email,Term,Desktop,Safari,Windows,/home
72e8cd21-4747-456a-bffd-d6498ce448d1,2026_W23,S1287,U6495,2026-06-03 21:55:43,2026-06-03 22:01:43,Direct,Explain,Mobile,Firefox,MacOS,/home
72e8cd21-4747-456a-bffd-d6498ce448d1,2026_W23,S1288,U27230,2026-06-03 09:49:02,2026-06-03 10:16:02,Google Ads,Dark,Mobile,Safari,Windows,/offers
72e8cd21-4747-456a-bffd-d6498ce448d1,2026_W23,S1289,U17739,2026-06-02 22:37:51,2026-06-02 22:50:51,Facebook,The,Desktop,Edge,Windows,/home
72e8cd21-4747-456a-bffd-d6498ce448d1,2026_W23,S1290,U10934,2026-06-05 03:34:01,2026-06-05 03:44:01,Facebook,Next,Tablet,Chrome,iOS,/home
72e8cd21-4747-456a-bffd-d6498ce448d1,2026_W23,S1291,U22739,2026-06-01 23:52:40,2026-06-02 00:09:40,Organic,Long,Mobile,Chrome,iOS,/offers
72e8cd21-4747-456a-bffd-d6498ce448d1,2026_W23,S1292,U23482,2026-06-05 14:21:08,2026-06-05 14:51:08,Direct,Son,Tablet,Safari,Android,/offers
72e8cd21-4747-456a-bffd-d6498ce448d1,2026_W23,S1293,U25456,2026-06-04 07:06:30,2026-06-04 07:27:30,Facebook,Sing,Tablet,Chrome,Android,/products
72e8cd21-4747-456a-bffd-d6498ce448d1,2026_W23,S1294,U25510,2026-06-06 00:50:01,2026-06-06 01:16:01,Direct,Marriage,Mobile,Safari,iOS,/offers
72e8cd21-4747-456a-bffd-d6498ce448d1,2026_W23,S1295,U28688,2026-06-04 20:56:47,2026-06-04 21:16:47,Facebook,Else,Mobile,Edge,Windows,/offers
72e8cd21-4747-456a-bffd-d6498ce448d1,2026_W23,S1296,U17213,2026-06-03 14:03:30,2026-06-03 14:34:30,Direct,Design,Desktop,Edge,Android,/products
72e8cd21-4747-456a-bffd-d6498ce448d1,2026_W23,S1297,U10543,2026-06-04 18:16:46,2026-06-04 18:47:46,Facebook,Group,Desktop,Chrome,iOS,/home
72e8cd21-4747-456a-bffd-d6498ce448d1,2026_W23,S1298,U9177,2026-06-07 06:15:12,2026-06-07 06:23:12,Google Ads,System,Tablet,Chrome,Android,/products
72e8cd21-4747-456a-bffd-d6498ce448d1,2026_W23,S1299,U30835,2026-06-03 19:34:29,2026-06-03 20:11:29,Instagram,Future,Tablet,Edge,iOS,/home
72e8cd21-4747-456a-bffd-d6498ce448d1,2026_W23,S1300,U27631,2026-06-03 02:47:22,2026-06-03 02:58:22,Email,Blood,Mobile,Edge,Android,/home
72e8cd21-4747-456a-bffd-d6498ce448d1,2026_W23,S1301,U33135,2026-06-06 01:49:07,2026-06-06 02:23:07,Facebook,Grow,Tablet,Chrome,MacOS,/home
72e8cd21-4747-456a-bffd-d6498ce448d1,2026_W23,S1302,U13566,2026-06-03 21:14:35,2026-06-03 21:19:35,Email,On,Desktop,Edge,MacOS,/offers
72e8cd21-4747-456a-bffd-d6498ce448d1,2026_W23,S1303,U29110,2026-06-02 21:48:09,2026-06-02 22:11:09,Google Ads,Hotel,Desktop,Edge,Android,/home
72e8cd21-4747-456a-bffd-d6498ce448d1,2026_W23,S1304,U13541,2026-06-04 17:52:44,2026-06-04 18:01:44,Organic,Great,Tablet,Edge,Android,/offers
72e8cd21-4747-456a-bffd-d6498ce448d1,2026_W23,S1305,U30937,2026-06-07 03:25:16,2026-06-07 03:54:16,Google Ads,Above,Desktop,Edge,Android,/offers
72e8cd21-4747-456a-bffd-d6498ce448d1,2026_W23,S1306,U4919,2026-06-06 17:00:44,2026-06-06 17:07:44,Direct,Writer,Mobile,Firefox,iOS,/home
72e8cd21-4747-456a-bffd-d6498ce448d1,2026_W23,S1307,U28473,2026-06-04 22:42:48,2026-06-04 23:09:48,Facebook,Me,Desktop,Firefox,Windows,/offers
72e8cd21-4747-456a-bffd-d6498ce448d1,2026_W23,S1308,U14021,2026-06-03 01:55:55,2026-06-03 02:13:55,Direct,Speech,Mobile,Safari,iOS,/home
72e8cd21-4747-456a-bffd-d6498ce448d1,2026_W23,S1309,U32852,2026-06-02 17:49:01,2026-06-02 18:04:01,Facebook,Group,Mobile,Chrome,Windows,/products
72e8cd21-4747-456a-bffd-d6498ce448d1,2026_W23,S1310,U27613,2026-06-05 09:14:35,2026-06-05 09:21:35,Facebook,Answer,Desktop,Chrome,Windows,/products
72e8cd21-4747-456a-bffd-d6498ce448d1,2026_W23,S1311,U4206,2026-06-03 09:40:15,2026-06-03 09:54:15,Organic,Question,Tablet,Chrome,iOS,/offers
72e8cd21-4747-456a-bffd-d6498ce448d1,2026_W23,S1312,U17554,2026-06-04 16:06:42,2026-06-04 16:30:42,Organic,Couple,Mobile,Edge,Android,/products
72e8cd21-4747-456a-bffd-d6498ce448d1,2026_W23,S1313,U31347,2026-06-07 15:29:22,2026-06-07 16:06:22,Facebook,Address,Desktop,Edge,Windows,/products
72e8cd21-4747-456a-bffd-d6498ce448d1,2026_W23,S1314,U17134,2026-06-06 02:06:58,2026-06-06 02:13:58,Facebook,Week,Mobile,Firefox,iOS,/home
72e8cd21-4747-456a-bffd-d6498ce448d1,2026_W23,S1315,U2139,2026-06-02 01:44:25,2026-06-02 02:02:25,Organic,Someone,Mobile,Chrome,Android,/home
72e8cd21-4747-456a-bffd-d6498ce448d1,2026_W23,S1316,U5620,2026-06-02 20:57:07,2026-06-02 21:33:07,Facebook,In,Desktop,Safari,Windows,/home
72e8cd21-4747-456a-bffd-d6498ce448d1,2026_W23,S1317,U19703,2026-06-02 10:32:37,2026-06-02 10:50:37,Direct,Effort,Tablet,Chrome,iOS,/home
72e8cd21-4747-456a-bffd-d6498ce448d1,2026_W23,S1318,U3379,2026-06-04 08:11:57,2026-06-04 08:18:57,Instagram,Pass,Tablet,Edge,Android,/products
72e8cd21-4747-456a-bffd-d6498ce448d1,2026_W23,S1319,U24603,2026-06-02 18:26:26,2026-06-02 19:05:26,Direct,Movement,Desktop,Firefox,MacOS,/offers
72e8cd21-4747-456a-bffd-d6498ce448d1,2026_W23,S1320,U15783,2026-06-06 09:27:41,2026-06-06 10:06:41,Instagram,Ten,Desktop,Edge,Windows,/offers
72e8cd21-4747-456a-bffd-d6498ce448d1,2026_W23,S1321,U20520,2026-06-03 21:46:13,2026-06-03 21:52:13,Instagram,Effort,Mobile,Chrome,iOS,/offers
72e8cd21-4747-456a-bffd-d6498ce448d1,2026_W23,S1322,U20259,2026-06-06 04:49:39,2026-06-06 05:29:39,Organic,Voice,Desktop,Chrome,iOS,/offers
72e8cd21-4747-456a-bffd-d6498ce448d1,2026_W23,S1323,U31399,2026-06-04 12:43:42,2026-06-04 12:56:42,Google Ads,Crime,Desktop,Safari,Windows,/products
72e8cd21-4747-456a-bffd-d6498ce448d1,2026_W23,S1324,U3672,2026-06-05 01:57:52,2026-06-05 02:30:52,Google Ads,Challenge,Mobile,Edge,Android,/home
72e8cd21-4747-456a-bffd-d6498ce448d1,2026_W23,S1325,U23843,2026-06-06 07:39:34,2026-06-06 07:55:34,Facebook,Treat,Mobile,Safari,iOS,/products
72e8cd21-4747-456a-bffd-d6498ce448d1,2026_W23,S1326,U21584,2026-06-05 07:57:34,2026-06-05 08:25:34,Email,Nature,Mobile,Firefox,MacOS,/products
72e8cd21-4747-456a-bffd-d6498ce448d1,2026_W23,S1327,U30181,2026-06-03 14:53:24,2026-06-03 14:58:24,Direct,Two,Desktop,Chrome,MacOS,/products
72e8cd21-4747-456a-bffd-d6498ce448d1,2026_W23,S1328,U1774,2026-06-06 14:01:33,2026-06-06 14:31:33,Facebook,Meet,Tablet,Safari,Android,/offers
72e8cd21-4747-456a-bffd-d6498ce448d1,2026_W23,S1329,U14451,2026-06-02 21:19:58,2026-06-02 21:53:58,Organic,Become,Tablet,Edge,MacOS,/home
72e8cd21-4747-456a-bffd-d6498ce448d1,2026_W23,S1330,U26812,2026-06-04 09:39:16,2026-06-04 09:46:16,Facebook,Else,Tablet,Safari,MacOS,/offers
72e8cd21-4747-456a-bffd-d6498ce448d1,2026_W23,S1331,U3198,2026-06-03 00:42:30,2026-06-03 01:06:30,Organic,Speak,Mobile,Chrome,iOS,/offers
72e8cd21-4747-456a-bffd-d6498ce448d1,2026_W23,S1332,U33644,2026-06-07 20:02:50,2026-06-07 20:12:50,Direct,Beautiful,Tablet,Edge,MacOS,/home
72e8cd21-4747-456a-bffd-d6498ce448d1,2026_W23,S1333,U14309,2026-06-04 15:14:11,2026-06-04 15:45:11,Google Ads,Suggest,Mobile,Safari,iOS,/products
72e8cd21-4747-456a-bffd-d6498ce448d1,2026_W23,S1334,U435,2026-06-04 04:38:00,2026-06-04 04:49:00,Google Ads,Vote,Tablet,Edge,MacOS,/offers
72e8cd21-4747-456a-bffd-d6498ce448d1,2026_W23,S1335,U22717,2026-06-06 06:47:22,2026-06-06 06:48:22,Instagram,Seek,Desktop,Edge,Windows,/products
72e8cd21-4747-456a-bffd-d6498ce448d1,2026_W23,S1336,U7738,2026-06-07 11:22:31,2026-06-07 11:26:31,Email,Language,Desktop,Firefox,Android,/offers
72e8cd21-4747-456a-bffd-d6498ce448d1,2026_W23,S1337,U17635,2026-06-06 23:28:26,2026-06-06 23:39:26,Google Ads,According,Mobile,Firefox,MacOS,/offers
72e8cd21-4747-456a-bffd-d6498ce448d1,2026_W23,S1338,U10545,2026-06-04 22:33:27,2026-06-04 23:05:27,Google Ads,As,Tablet,Safari,Android,/offers
72e8cd21-4747-456a-bffd-d6498ce448d1,2026_W23,S1339,U13089,2026-06-05 07:06:25,2026-06-05 07:17:25,Google Ads,Region,Mobile,Chrome,iOS,/home
72e8cd21-4747-456a-bffd-d6498ce448d1,2026_W23,S1340,U33428,2026-06-04 15:12:52,2026-06-04 15:42:52,Email,We,Desktop,Edge,Android,/offers
72e8cd21-4747-456a-bffd-d6498ce448d1,2026_W23,S1341,U2653,2026-06-07 06:52:54,2026-06-07 07:14:54,Instagram,Surface,Tablet,Firefox,Windows,/products
72e8cd21-4747-456a-bffd-d6498ce448d1,2026_W23,S1342,U19215,2026-06-04 12:42:11,2026-06-04 13:22:11,Instagram,Continue,Mobile,Edge,Android,/offers
72e8cd21-4747-456a-bffd-d6498ce448d1,2026_W23,S1343,U10781,2026-06-05 22:09:51,2026-06-05 22:34:51,Organic,Stay,Mobile,Edge,Android,/products
72e8cd21-4747-456a-bffd-d6498ce448d1,2026_W23,S1344,U24155,2026-06-03 13:01:51,2026-06-03 13:24:51,Direct,Stop,Desktop,Chrome,MacOS,/home
72e8cd21-4747-456a-bffd-d6498ce448d1,2026_W23,S1345,U22704,2026-06-07 15:54:18,2026-06-07 16:06:18,Organic,Art,Desktop,Chrome,Android,/offers
72e8cd21-4747-456a-bffd-d6498ce448d1,2026_W23,S1346,U3406,2026-06-05 19:22:59,2026-06-05 19:29:59,Facebook,Sister,Tablet,Chrome,Windows,/products
72e8cd21-4747-456a-bffd-d6498ce448d1,2026_W23,S1347,U33683,2026-06-02 09:41:55,2026-06-02 09:45:55,Facebook,Program,Mobile,Chrome,Android,/home
72e8cd21-4747-456a-bffd-d6498ce448d1,2026_W23,S1348,U17019,2026-06-02 09:43:04,2026-06-02 10:09:04,Facebook,Rich,Mobile,Safari,Windows,/home
72e8cd21-4747-456a-bffd-d6498ce448d1,2026_W23,S1349,U1486,2026-06-06 22:36:05,2026-06-06 22:51:05,Direct,How,Desktop,Firefox,Windows,/products
72e8cd21-4747-456a-bffd-d6498ce448d1,2026_W23,S1350,U20095,2026-06-02 10:01:56,2026-06-02 10:37:56,Facebook,Possible,Desktop,Edge,Android,/products
72e8cd21-4747-456a-bffd-d6498ce448d1,2026_W23,S1351,U30836,2026-06-05 13:04:08,2026-06-05 13:24:08,Facebook,Check,Mobile,Firefox,iOS,/home
72e8cd21-4747-456a-bffd-d6498ce448d1,2026_W23,S1352,U22208,2026-06-03 13:01:48,2026-06-03 13:24:48,Facebook,Occur,Desktop,Edge,Android,/home
72e8cd21-4747-456a-bffd-d6498ce448d1,2026_W23,S1353,U23996,2026-06-06 11:30:47,2026-06-06 11:38:47,Organic,Manager,Desktop,Chrome,Android,/home
72e8cd21-4747-456a-bffd-d6498ce448d1,2026_W23,S1354,U6259,2026-06-06 06:25:28,2026-06-06 06:39:28,Organic,Here,Mobile,Firefox,iOS,/offers
72e8cd21-4747-456a-bffd-d6498ce448d1,2026_W23,S1355,U1796,2026-06-02 03:53:44,2026-06-02 04:07:44,Email,Radio,Tablet,Safari,iOS,/products
72e8cd21-4747-456a-bffd-d6498ce448d1,2026_W23,S1356,U9589,2026-06-03 06:43:33,2026-06-03 06:49:33,Email,Employee,Mobile,Firefox,Windows,/home
72e8cd21-4747-456a-bffd-d6498ce448d1,2026_W23,S1357,U10235,2026-06-07 19:06:08,2026-06-07 19:32:08,Email,Final,Desktop,Safari,MacOS,/products
72e8cd21-4747-456a-bffd-d6498ce448d1,2026_W23,S1358,U6651,2026-06-03 01:39:56,2026-06-03 02:04:56,Google Ads,Dark,Mobile,Edge,Windows,/home
72e8cd21-4747-456a-bffd-d6498ce448d1,2026_W23,S1359,U29199,2026-06-03 17:16:58,2026-06-03 17:24:58,Instagram,Send,Mobile,Chrome,Windows,/offers
72e8cd21-4747-456a-bffd-d6498ce448d1,2026_W23,S1360,U24437,2026-06-02 15:14:35,2026-06-02 15:39:35,Google Ads,Why,Tablet,Safari,Windows,/home
72e8cd21-4747-456a-bffd-d6498ce448d1,2026_W23,S1361,U34684,2026-06-04 07:15:59,2026-06-04 07:16:59,Facebook,Husband,Tablet,Chrome,MacOS,/home
72e8cd21-4747-456a-bffd-d6498ce448d1,2026_W23,S1362,U2175,2026-06-04 23:04:50,2026-06-04 23:19:50,Google Ads,Garden,Mobile,Edge,iOS,/offers
72e8cd21-4747-456a-bffd-d6498ce448d1,2026_W23,S1363,U20162,2026-06-03 17:28:40,2026-06-03 17:46:40,Instagram,Fact,Desktop,Chrome,Windows,/home
72e8cd21-4747-456a-bffd-d6498ce448d1,2026_W23,S1364,U12491,2026-06-04 00:55:23,2026-06-04 01:12:23,Instagram,Without,Mobile,Chrome,iOS,/home
72e8cd21-4747-456a-bffd-d6498ce448d1,2026_W23,S1365,U9488,2026-06-07 18:44:05,2026-06-07 19:00:05,Email,Ability,Tablet,Edge,Android,/offers
72e8cd21-4747-456a-bffd-d6498ce448d1,2026_W23,S1366,U19614,2026-06-06 06:37:44,2026-06-06 06:40:44,Instagram,Help,Desktop,Safari,Android,/offers
72e8cd21-4747-456a-bffd-d6498ce448d1,2026_W23,S1367,U25322,2026-06-07 12:52:40,2026-06-07 13:30:40,Email,Suddenly,Mobile,Firefox,iOS,/home
72e8cd21-4747-456a-bffd-d6498ce448d1,2026_W23,S1368,U26390,2026-06-02 16:04:49,2026-06-02 16:15:49,Google Ads,High,Tablet,Edge,MacOS,/offers
72e8cd21-4747-456a-bffd-d6498ce448d1,2026_W23,S1369,U32256,2026-06-05 09:24:28,2026-06-05 09:54:28,Email,Fund,Desktop,Safari,iOS,/offers
72e8cd21-4747-456a-bffd-d6498ce448d1,2026_W23,S1370,U28473,2026-06-05 21:30:52,2026-06-05 21:42:52,Direct,Couple,Tablet,Edge,MacOS,/offers
72e8cd21-4747-456a-bffd-d6498ce448d1,2026_W23,S1371,U24813,2026-06-04 05:10:31,2026-06-04 05:31:31,Direct,Audience,Tablet,Edge,iOS,/products
72e8cd21-4747-456a-bffd-d6498ce448d1,2026_W23,S1372,U18694,2026-06-02 15:16:21,2026-06-02 15:30:21,Instagram,Nothing,Desktop,Firefox,MacOS,/offers
72e8cd21-4747-456a-bffd-d6498ce448d1,2026_W23,S1373,U23651,2026-06-02 23:03:59,2026-06-02 23:12:59,Direct,Still,Tablet,Edge,MacOS,/home
72e8cd21-4747-456a-bffd-d6498ce448d1,2026_W23,S1374,U17964,2026-06-04 12:29:35,2026-06-04 12:58:35,Google Ads,Support,Desktop,Chrome,MacOS,/products
72e8cd21-4747-456a-bffd-d6498ce448d1,2026_W23,S1375,U32756,2026-06-02 02:56:43,2026-06-02 03:02:43,Direct,Just,Mobile,Chrome,Windows,/home
72e8cd21-4747-456a-bffd-d6498ce448d1,2026_W23,S1376,U19125,2026-06-02 22:55:57,2026-06-02 23:32:57,Organic,Career,Desktop,Firefox,MacOS,/home
72e8cd21-4747-456a-bffd-d6498ce448d1,2026_W23,S1377,U20380,2026-06-03 23:01:20,2026-06-03 23:03:20,Email,Tv,Tablet,Chrome,Windows,/products
72e8cd21-4747-456a-bffd-d6498ce448d1,2026_W23,S1378,U24981,2026-06-06 17:16:48,2026-06-06 17:46:48,Organic,Three,Mobile,Firefox,MacOS,/products
72e8cd21-4747-456a-bffd-d6498ce448d1,2026_W23,S1379,U32465,2026-06-05 09:38:42,2026-06-05 09:44:42,Organic,Little,Tablet,Edge,iOS,/products
72e8cd21-4747-456a-bffd-d6498ce448d1,2026_W23,S1380,U7323,2026-06-03 18:39:22,2026-06-03 19:05:22,Instagram,Run,Mobile,Safari,MacOS,/home
72e8cd21-4747-456a-bffd-d6498ce448d1,2026_W23,S1381,U15453,2026-06-04 06:52:12,2026-06-04 07:32:12,Google Ads,Once,Mobile,Safari,Android,/home
72e8cd21-4747-456a-bffd-d6498ce448d1,2026_W23,S1382,U34502,2026-06-02 20:35:54,2026-06-02 20:37:54,Email,Consider,Desktop,Chrome,iOS,/offers
72e8cd21-4747-456a-bffd-d6498ce448d1,2026_W23,S1383,U22260,2026-06-06 14:03:11,2026-06-06 14:39:11,Instagram,Five,Tablet,Safari,Windows,/offers
72e8cd21-4747-456a-bffd-d6498ce448d1,2026_W23,S1384,U9631,2026-06-03 10:22:39,2026-06-03 10:43:39,Direct,Because,Mobile,Firefox,Android,/home
72e8cd21-4747-456a-bffd-d6498ce448d1,2026_W23,S1385,U33854,2026-06-07 12:09:43,2026-06-07 12:14:43,Direct,Office,Mobile,Chrome,iOS,/offers
72e8cd21-4747-456a-bffd-d6498ce448d1,2026_W23,S1386,U28004,2026-06-03 17:19:24,2026-06-03 17:26:24,Facebook,Determine,Desktop,Edge,iOS,/offers
72e8cd21-4747-456a-bffd-d6498ce448d1,2026_W23,S1387,U15711,2026-06-02 15:09:07,2026-06-02 15:36:07,Organic,Police,Tablet,Safari,Android,/products
72e8cd21-4747-456a-bffd-d6498ce448d1,2026_W23,S1388,U18856,2026-06-04 20:06:49,2026-06-04 20:30:49,Instagram,Material,Mobile,Safari,Android,/products
72e8cd21-4747-456a-bffd-d6498ce448d1,2026_W23,S1389,U15098,2026-06-07 04:04:19,2026-06-07 04:26:19,Organic,Energy,Mobile,Edge,Android,/products
72e8cd21-4747-456a-bffd-d6498ce448d1,2026_W23,S1390,U17602,2026-06-06 08:32:46,2026-06-06 08:58:46,Facebook,Station,Mobile,Safari,iOS,/home
72e8cd21-4747-456a-bffd-d6498ce448d1,2026_W23,S1391,U7993,2026-06-04 11:52:26,2026-06-04 12:19:26,Direct,Across,Tablet,Edge,Android,/products
72e8cd21-4747-456a-bffd-d6498ce448d1,2026_W23,S1392,U14096,2026-06-04 01:03:57,2026-06-04 01:28:57,Direct,Provide,Desktop,Firefox,MacOS,/home
72e8cd21-4747-456a-bffd-d6498ce448d1,2026_W23,S1393,U11159,2026-06-02 08:09:15,2026-06-02 08:48:15,Instagram,Yes,Tablet,Safari,iOS,/home
72e8cd21-4747-456a-bffd-d6498ce448d1,2026_W23,S1394,U5453,2026-06-05 21:41:55,2026-06-05 22:15:55,Email,Economy,Mobile,Safari,MacOS,/home
72e8cd21-4747-456a-bffd-d6498ce448d1,2026_W23,S1395,U21163,2026-06-04 22:49:23,2026-06-04 23:28:23,Google Ads,Statement,Tablet,Firefox,Android,/products
72e8cd21-4747-456a-bffd-d6498ce448d1,2026_W23,S1396,U20317,2026-06-06 02:38:49,2026-06-06 03:12:49,Organic,Dog,Mobile,Firefox,Windows,/products
72e8cd21-4747-456a-bffd-d6498ce448d1,2026_W23,S1397,U5065,2026-06-03 21:06:05,2026-06-03 21:45:05,Google Ads,Trial,Tablet,Safari,iOS,/products
72e8cd21-4747-456a-bffd-d6498ce448d1,2026_W23,S1398,U15846,2026-06-05 04:55:00,2026-06-05 05:08:00,Instagram,Over,Desktop,Safari,Windows,/home
72e8cd21-4747-456a-bffd-d6498ce448d1,2026_W23,S1399,U24790,2026-06-03 13:34:03,2026-06-03 14:04:03,Google Ads,Nature,Mobile,Chrome,Android,/products
72e8cd21-4747-456a-bffd-d6498ce448d1,2026_W23,S1400,U33018,2026-06-03 16:41:39,2026-06-03 16:45:39,Instagram,Among,Desktop,Chrome,iOS,/products
72e8cd21-4747-456a-bffd-d6498ce448d1,2026_W23,S1401,U18164,2026-06-03 21:54:11,2026-06-03 22:33:11,Organic,Guess,Desktop,Firefox,Android,/products
72e8cd21-4747-456a-bffd-d6498ce448d1,2026_W23,S1402,U24450,2026-06-07 13:20:12,2026-06-07 13:59:12,Facebook,Far,Desktop,Edge,iOS,/home
72e8cd21-4747-456a-bffd-d6498ce448d1,2026_W23,S1403,U3498,2026-06-05 17:48:22,2026-06-05 17:53:22,Facebook,Great,Tablet,Chrome,Android,/home
72e8cd21-4747-456a-bffd-d6498ce448d1,2026_W23,S1404,U8028,2026-06-07 18:54:58,2026-06-07 19:04:58,Instagram,Baby,Desktop,Firefox,iOS,/home
72e8cd21-4747-456a-bffd-d6498ce448d1,2026_W23,S1405,U2315,2026-06-04 12:33:59,2026-06-04 13:01:59,Organic,Against,Tablet,Safari,iOS,/offers
72e8cd21-4747-456a-bffd-d6498ce448d1,2026_W23,S1406,U4133,2026-06-03 10:34:51,2026-06-03 10:45:51,Email,Agency,Desktop,Chrome,Android,/home
72e8cd21-4747-456a-bffd-d6498ce448d1,2026_W23,S1407,U26244,2026-06-03 02:45:37,2026-06-03 03:15:37,Google Ads,Adult,Mobile,Safari,iOS,/offers
72e8cd21-4747-456a-bffd-d6498ce448d1,2026_W23,S1408,U3304,2026-06-03 10:19:26,2026-06-03 10:42:26,Instagram,Finish,Desktop,Edge,Android,/offers
72e8cd21-4747-456a-bffd-d6498ce448d1,2026_W23,S1409,U34777,2026-06-05 09:04:50,2026-06-05 09:14:50,Direct,Hotel,Desktop,Firefox,MacOS,/home
72e8cd21-4747-456a-bffd-d6498ce448d1,2026_W23,S1410,U9923,2026-06-01 20:47:31,2026-06-01 21:11:31,Facebook,Do,Mobile,Edge,iOS,/offers
72e8cd21-4747-456a-bffd-d6498ce448d1,2026_W23,S1411,U34244,2026-06-02 00:17:28,2026-06-02 00:38:28,Instagram,Although,Desktop,Chrome,iOS,/offers
72e8cd21-4747-456a-bffd-d6498ce448d1,2026_W23,S1412,U10645,2026-06-05 16:18:01,2026-06-05 16:47:01,Organic,Yard,Desktop,Safari,MacOS,/offers
72e8cd21-4747-456a-bffd-d6498ce448d1,2026_W23,S1413,U33082,2026-06-02 03:46:54,2026-06-02 04:06:54,Facebook,Couple,Mobile,Chrome,Android,/offers
72e8cd21-4747-456a-bffd-d6498ce448d1,2026_W23,S1414,U34493,2026-06-02 13:29:52,2026-06-02 13:38:52,Organic,Common,Mobile,Firefox,Windows,/home
72e8cd21-4747-456a-bffd-d6498ce448d1,2026_W23,S1415,U15389,2026-06-05 14:35:30,2026-06-05 14:37:30,Email,Test,Desktop,Safari,Android,/products
72e8cd21-4747-456a-bffd-d6498ce448d1,2026_W23,S1416,U20443,2026-06-07 10:17:32,2026-06-07 10:34:32,Instagram,Firm,Desktop,Chrome,Android,/products
72e8cd21-4747-456a-bffd-d6498ce448d1,2026_W23,S1417,U11960,2026-06-06 04:30:40,2026-06-06 05:00:40,Organic,Side,Tablet,Edge,Android,/offers
72e8cd21-4747-456a-bffd-d6498ce448d1,2026_W23,S1418,U27913,2026-06-04 17:32:07,2026-06-04 17:39:07,Organic,Material,Mobile,Edge,MacOS,/products
72e8cd21-4747-456a-bffd-d6498ce448d1,2026_W23,S1419,U18878,2026-06-03 20:39:59,2026-06-03 21:19:59,Instagram,Light,Tablet,Firefox,iOS,/home
72e8cd21-4747-456a-bffd-d6498ce448d1,2026_W23,S1420,U27222,2026-06-02 16:39:52,2026-06-02 16:52:52,Instagram,Face,Mobile,Chrome,Android,/offers
72e8cd21-4747-456a-bffd-d6498ce448d1,2026_W23,S1421,U34533,2026-06-04 04:09:03,2026-06-04 04:33:03,Facebook,Yard,Mobile,Edge,iOS,/products
72e8cd21-4747-456a-bffd-d6498ce448d1,2026_W23,S1422,U1865,2026-06-05 15:53:34,2026-06-05 16:04:34,Instagram,Those,Desktop,Chrome,Windows,/products
72e8cd21-4747-456a-bffd-d6498ce448d1,2026_W23,S1423,U32806,2026-06-07 10:45:11,2026-06-07 11:14:11,Email,Case,Mobile,Firefox,Android,/home
72e8cd21-4747-456a-bffd-d6498ce448d1,2026_W23,S1424,U19014,2026-06-02 06:38:18,2026-06-02 06:42:18,Direct,Happy,Mobile,Safari,MacOS,/home
72e8cd21-4747-456a-bffd-d6498ce448d1,2026_W23,S1425,U8905,2026-06-02 10:00:00,2026-06-02 10:09:00,Direct,Another,Tablet,Chrome,Android,/products
72e8cd21-4747-456a-bffd-d6498ce448d1,2026_W23,S1426,U23363,2026-06-05 21:22:57,2026-06-05 21:33:57,Google Ads,Smile,Desktop,Edge,Android,/home
72e8cd21-4747-456a-bffd-d6498ce448d1,2026_W23,S1427,U13710,2026-06-05 23:26:11,2026-06-05 23:59:11,Google Ads,Total,Mobile,Firefox,Windows,/offers
72e8cd21-4747-456a-bffd-d6498ce448d1,2026_W23,S1428,U22106,2026-06-06 23:20:31,2026-06-06 23:56:31,Google Ads,Hour,Desktop,Edge,iOS,/offers
72e8cd21-4747-456a-bffd-d6498ce448d1,2026_W23,S1429,U2790,2026-06-04 04:28:51,2026-06-04 05:05:51,Email,Entire,Mobile,Chrome,MacOS,/home
72e8cd21-4747-456a-bffd-d6498ce448d1,2026_W23,S1430,U22160,2026-06-05 08:15:44,2026-06-05 08:50:44,Google Ads,Down,Tablet,Safari,Windows,/home
72e8cd21-4747-456a-bffd-d6498ce448d1,2026_W23,S1431,U12270,2026-06-05 23:02:37,2026-06-05 23:35:37,Google Ads,Charge,Mobile,Chrome,Windows,/home
72e8cd21-4747-456a-bffd-d6498ce448d1,2026_W23,S1432,U31866,2026-06-03 09:49:28,2026-06-03 10:09:28,Direct,Fly,Tablet,Edge,iOS,/home
72e8cd21-4747-456a-bffd-d6498ce448d1,2026_W23,S1433,U32025,2026-06-07 03:50:27,2026-06-07 03:55:27,Organic,Try,Desktop,Firefox,Android,/offers
72e8cd21-4747-456a-bffd-d6498ce448d1,2026_W23,S1434,U23673,2026-06-02 11:59:39,2026-06-02 12:14:39,Email,Rule,Mobile,Safari,Android,/products
72e8cd21-4747-456a-bffd-d6498ce448d1,2026_W23,S1435,U31330,2026-06-06 01:29:27,2026-06-06 01:34:27,Email,Simply,Tablet,Safari,Android,/home
72e8cd21-4747-456a-bffd-d6498ce448d1,2026_W23,S1436,U13038,2026-06-03 05:29:58,2026-06-03 05:38:58,Facebook,Subject,Desktop,Safari,Android,/products
72e8cd21-4747-456a-bffd-d6498ce448d1,2026_W23,S1437,U33729,2026-06-04 13:04:48,2026-06-04 13:36:48,Facebook,Throughout,Mobile,Edge,iOS,/home
72e8cd21-4747-456a-bffd-d6498ce448d1,2026_W23,S1438,U14119,2026-06-02 15:20:50,2026-06-02 15:57:50,Instagram,And,Mobile,Edge,Android,/offers
72e8cd21-4747-456a-bffd-d6498ce448d1,2026_W23,S1439,U25924,2026-06-01 22:17:27,2026-06-01 22:57:27,Email,Wide,Tablet,Edge,MacOS,/home
72e8cd21-4747-456a-bffd-d6498ce448d1,2026_W23,S1440,U25920,2026-06-01 23:12:42,2026-06-01 23:16:42,Facebook,Indeed,Desktop,Firefox,iOS,/offers
72e8cd21-4747-456a-bffd-d6498ce448d1,2026_W23,S1441,U23264,2026-06-04 17:08:35,2026-06-04 17:46:35,Direct,Yeah,Tablet,Safari,Windows,/home
72e8cd21-4747-456a-bffd-d6498ce448d1,2026_W23,S1442,U353,2026-06-02 13:52:54,2026-06-02 14:18:54,Instagram,Find,Mobile,Firefox,Windows,/home
72e8cd21-4747-456a-bffd-d6498ce448d1,2026_W23,S1443,U23298,2026-06-07 14:13:48,2026-06-07 14:19:48,Direct,Trial,Desktop,Edge,iOS,/products
72e8cd21-4747-456a-bffd-d6498ce448d1,2026_W23,S1444,U22052,2026-06-03 10:58:38,2026-06-03 11:15:38,Direct,Hair,Desktop,Firefox,Windows,/offers
72e8cd21-4747-456a-bffd-d6498ce448d1,2026_W23,S1445,U9120,2026-06-02 05:27:35,2026-06-02 05:30:35,Facebook,Job,Tablet,Safari,iOS,/offers
72e8cd21-4747-456a-bffd-d6498ce448d1,2026_W23,S1446,U34320,2026-06-07 10:16:39,2026-06-07 10:45:39,Facebook,Down,Desktop,Firefox,Android,/products
72e8cd21-4747-456a-bffd-d6498ce448d1,2026_W23,S1447,U17795,2026-06-06 16:05:50,2026-06-06 16:13:50,Email,Trip,Mobile,Edge,iOS,/products
72e8cd21-4747-456a-bffd-d6498ce448d1,2026_W23,S1448,U11801,2026-06-02 04:10:52,2026-06-02 04:40:52,Organic,More,Mobile,Safari,iOS,/offers
72e8cd21-4747-456a-bffd-d6498ce448d1,2026_W23,S1449,U32289,2026-06-06 06:43:37,2026-06-06 06:53:37,Facebook,Realize,Desktop,Safari,Android,/products
72e8cd21-4747-456a-bffd-d6498ce448d1,2026_W23,S1450,U24117,2026-06-07 12:30:50,2026-06-07 13:03:50,Email,Part,Mobile,Chrome,MacOS,/offers
72e8cd21-4747-456a-bffd-d6498ce448d1,2026_W23,S1451,U23899,2026-06-07 09:33:38,2026-06-07 09:38:38,Facebook,Soldier,Tablet,Safari,Android,/offers
72e8cd21-4747-456a-bffd-d6498ce448d1,2026_W23,S1452,U16595,2026-06-07 12:18:42,2026-06-07 12:45:42,Google Ads,Prevent,Tablet,Chrome,MacOS,/home
72e8cd21-4747-456a-bffd-d6498ce448d1,2026_W23,S1453,U32114,2026-06-03 07:01:54,2026-06-03 07:03:54,Facebook,City,Desktop,Edge,Windows,/offers
72e8cd21-4747-456a-bffd-d6498ce448d1,2026_W23,S1454,U20262,2026-06-06 22:33:51,2026-06-06 23:06:51,Google Ads,Arrive,Mobile,Firefox,iOS,/home
72e8cd21-4747-456a-bffd-d6498ce448d1,2026_W23,S1455,U16108,2026-06-07 17:40:26,2026-06-07 17:48:26,Direct,Certain,Mobile,Firefox,Android,/offers
72e8cd21-4747-456a-bffd-d6498ce448d1,2026_W23,S1456,U5140,2026-06-06 22:53:45,2026-06-06 23:24:45,Instagram,Left,Tablet,Chrome,Windows,/home
72e8cd21-4747-456a-bffd-d6498ce448d1,2026_W23,S1457,U19920,2026-06-02 14:04:04,2026-06-02 14:38:04,Email,Start,Tablet,Edge,MacOS,/offers
72e8cd21-4747-456a-bffd-d6498ce448d1,2026_W23,S1458,U34644,2026-06-01 20:53:27,2026-06-01 20:57:27,Instagram,Carry,Mobile,Safari,Android,/offers
72e8cd21-4747-456a-bffd-d6498ce448d1,2026_W23,S1459,U30669,2026-06-06 16:26:36,2026-06-06 17:05:36,Organic,Talk,Tablet,Chrome,MacOS,/products
72e8cd21-4747-456a-bffd-d6498ce448d1,2026_W23,S1460,U2195,2026-06-06 08:03:56,2026-06-06 08:38:56,Google Ads,Adult,Desktop,Safari,Windows,/products
72e8cd21-4747-456a-bffd-d6498ce448d1,2026_W23,S1461,U25420,2026-06-04 12:09:45,2026-06-04 12:37:45,Email,End,Tablet,Firefox,MacOS,/offers
72e8cd21-4747-456a-bffd-d6498ce448d1,2026_W23,S1462,U2946,2026-06-07 05:22:18,2026-06-07 05:33:18,Organic,Little,Desktop,Firefox,MacOS,/products
72e8cd21-4747-456a-bffd-d6498ce448d1,2026_W23,S1463,U18527,2026-06-05 20:45:33,2026-06-05 21:06:33,Google Ads,Bit,Tablet,Safari,Windows,/offers
72e8cd21-4747-456a-bffd-d6498ce448d1,2026_W23,S1464,U29996,2026-06-05 20:10:39,2026-06-05 20:46:39,Instagram,Become,Desktop,Firefox,MacOS,/home
72e8cd21-4747-456a-bffd-d6498ce448d1,2026_W23,S1465,U8183,2026-06-04 16:24:04,2026-06-04 16:37:04,Google Ads,Officer,Mobile,Edge,Windows,/products
72e8cd21-4747-456a-bffd-d6498ce448d1,2026_W23,S1466,U31373,2026-06-02 21:55:45,2026-06-02 22:06:45,Organic,What,Mobile,Firefox,Windows,/home
72e8cd21-4747-456a-bffd-d6498ce448d1,2026_W23,S1467,U4457,2026-06-02 19:12:10,2026-06-02 19:17:10,Email,Determine,Tablet,Safari,Windows,/offers
72e8cd21-4747-456a-bffd-d6498ce448d1,2026_W23,S1468,U3512,2026-06-02 09:04:26,2026-06-02 09:26:26,Direct,Design,Desktop,Chrome,Android,/products
72e8cd21-4747-456a-bffd-d6498ce448d1,2026_W23,S1469,U27494,2026-06-07 08:49:34,2026-06-07 09:01:34,Direct,Real,Mobile,Firefox,Android,/home
72e8cd21-4747-456a-bffd-d6498ce448d1,2026_W23,S1470,U25977,2026-06-04 19:57:56,2026-06-04 20:12:56,Direct,Worker,Tablet,Chrome,MacOS,/offers
72e8cd21-4747-456a-bffd-d6498ce448d1,2026_W23,S1471,U30829,2026-06-05 03:53:51,2026-06-05 04:28:51,Direct,Friend,Tablet,Firefox,iOS,/products
72e8cd21-4747-456a-bffd-d6498ce448d1,2026_W23,S1472,U5867,2026-06-07 18:13:00,2026-06-07 18:51:00,Organic,Hear,Mobile,Edge,MacOS,/offers
72e8cd21-4747-456a-bffd-d6498ce448d1,2026_W23,S1473,U9994,2026-06-07 01:30:46,2026-06-07 01:40:46,Google Ads,Somebody,Desktop,Safari,MacOS,/home
72e8cd21-4747-456a-bffd-d6498ce448d1,2026_W23,S1474,U6059,2026-06-03 22:58:30,2026-06-03 23:23:30,Direct,Miss,Mobile,Safari,iOS,/offers
72e8cd21-4747-456a-bffd-d6498ce448d1,2026_W23,S1475,U14175,2026-06-03 11:23:31,2026-06-03 11:58:31,Direct,Night,Desktop,Safari,Android,/offers
72e8cd21-4747-456a-bffd-d6498ce448d1,2026_W23,S1476,U30248,2026-06-06 13:37:48,2026-06-06 14:03:48,Organic,Send,Tablet,Safari,MacOS,/products
72e8cd21-4747-456a-bffd-d6498ce448d1,2026_W23,S1477,U34922,2026-06-07 16:19:16,2026-06-07 16:22:16,Organic,Very,Mobile,Safari,MacOS,/products
72e8cd21-4747-456a-bffd-d6498ce448d1,2026_W23,S1478,U14508,2026-06-02 11:45:22,2026-06-02 12:09:22,Direct,Nation,Desktop,Edge,MacOS,/offers
72e8cd21-4747-456a-bffd-d6498ce448d1,2026_W23,S1479,U15788,2026-06-03 02:32:43,2026-06-03 02:36:43,Google Ads,Occur,Tablet,Edge,Android,/offers
72e8cd21-4747-456a-bffd-d6498ce448d1,2026_W23,S1480,U14532,2026-06-04 11:21:39,2026-06-04 11:50:39,Organic,Teach,Tablet,Chrome,Windows,/products
72e8cd21-4747-456a-bffd-d6498ce448d1,2026_W23,S1481,U9348,2026-06-07 19:52:46,2026-06-07 20:16:46,Organic,Maybe,Desktop,Safari,MacOS,/offers
72e8cd21-4747-456a-bffd-d6498ce448d1,2026_W23,S1482,U15547,2026-06-07 08:37:06,2026-06-07 08:42:06,Email,Small,Mobile,Firefox,Windows,/offers
72e8cd21-4747-456a-bffd-d6498ce448d1,2026_W23,S1483,U24979,2026-06-06 02:33:04,2026-06-06 02:59:04,Facebook,Edge,Tablet,Chrome,Windows,/offers
72e8cd21-4747-456a-bffd-d6498ce448d1,2026_W23,S1484,U31464,2026-06-02 22:31:44,2026-06-02 23:09:44,Direct,General,Desktop,Edge,Android,/offers
72e8cd21-4747-456a-bffd-d6498ce448d1,2026_W23,S1485,U23001,2026-06-05 18:58:52,2026-06-05 19:28:52,Direct,Side,Tablet,Safari,Android,/offers
72e8cd21-4747-456a-bffd-d6498ce448d1,2026_W23,S1486,U29277,2026-06-01 22:59:09,2026-06-01 23:31:09,Direct,Benefit,Mobile,Edge,MacOS,/products
72e8cd21-4747-456a-bffd-d6498ce448d1,2026_W23,S1487,U15649,2026-06-03 23:55:14,2026-06-04 00:02:14,Organic,Important,Desktop,Safari,Android,/offers
72e8cd21-4747-456a-bffd-d6498ce448d1,2026_W23,S1488,U30594,2026-06-07 18:13:33,2026-06-07 18:45:33,Email,Area,Mobile,Safari,iOS,/offers
72e8cd21-4747-456a-bffd-d6498ce448d1,2026_W23,S1489,U3866,2026-06-03 00:54:30,2026-06-03 01:23:30,Organic,None,Mobile,Safari,iOS,/products
72e8cd21-4747-456a-bffd-d6498ce448d1,2026_W23,S1490,U18871,2026-06-07 19:53:14,2026-06-07 19:56:14,Google Ads,Hotel,Tablet,Safari,Android,/offers
72e8cd21-4747-456a-bffd-d6498ce448d1,2026_W23,S1491,U33933,2026-06-04 07:19:14,2026-06-04 07:24:14,Instagram,Sign,Desktop,Edge,iOS,/home
72e8cd21-4747-456a-bffd-d6498ce448d1,2026_W23,S1492,U5588,2026-06-06 22:00:09,2026-06-06 22:37:09,Google Ads,Too,Tablet,Chrome,MacOS,/home
72e8cd21-4747-456a-bffd-d6498ce448d1,2026_W23,S1493,U24726,2026-06-07 00:12:10,2026-06-07 00:35:10,Email,Number,Mobile,Chrome,MacOS,/home
72e8cd21-4747-456a-bffd-d6498ce448d1,2026_W23,S1494,U28787,2026-06-03 20:22:55,2026-06-03 20:45:55,Email,Travel,Desktop,Edge,Windows,/products
72e8cd21-4747-456a-bffd-d6498ce448d1,2026_W23,S1495,U13508,2026-06-07 20:27:48,2026-06-07 20:34:48,Facebook,A,Mobile,Safari,Android,/home
72e8cd21-4747-456a-bffd-d6498ce448d1,2026_W23,S1496,U2785,2026-06-02 14:24:57,2026-06-02 14:58:57,Email,Boy,Mobile,Edge,iOS,/offers
72e8cd21-4747-456a-bffd-d6498ce448d1,2026_W23,S1497,U8941,2026-06-05 06:47:10,2026-06-05 07:07:10,Organic,Whether,Mobile,Safari,MacOS,/home
72e8cd21-4747-456a-bffd-d6498ce448d1,2026_W23,S1498,U22632,2026-06-02 17:55:50,2026-06-02 18:26:50,Direct,Send,Mobile,Chrome,Windows,/products
72e8cd21-4747-456a-bffd-d6498ce448d1,2026_W23,S1499,U16090,2026-06-07 02:26:10,2026-06-07 02:30:10,Facebook,In,Mobile,Safari,Android,/home
72e8cd21-4747-456a-bffd-d6498ce448d1,2026_W23,S1500,U14119,2026-06-05 15:29:06,2026-06-05 15:46:06,Instagram,Business,Tablet,Safari,Windows,/products
72e8cd21-4747-456a-bffd-d6498ce448d1,2026_W23,S1501,U29549,2026-06-03 13:06:23,2026-06-03 13:42:23,Google Ads,Occur,Desktop,Edge,Windows,/home
72e8cd21-4747-456a-bffd-d6498ce448d1,2026_W23,S1502,U3058,2026-06-04 19:27:16,2026-06-04 19:53:16,Instagram,Military,Mobile,Chrome,MacOS,/products
72e8cd21-4747-456a-bffd-d6498ce448d1,2026_W23,S1503,U9993,2026-06-05 16:25:49,2026-06-05 16:28:49,Instagram,Large,Desktop,Chrome,Windows,/offers
72e8cd21-4747-456a-bffd-d6498ce448d1,2026_W23,S1504,U34358,2026-06-04 00:41:25,2026-06-04 00:55:25,Google Ads,Do,Mobile,Chrome,MacOS,/home
72e8cd21-4747-456a-bffd-d6498ce448d1,2026_W23,S1505,U34512,2026-06-04 09:10:29,2026-06-04 09:16:29,Email,Part,Tablet,Safari,MacOS,/products
72e8cd21-4747-456a-bffd-d6498ce448d1,2026_W23,S1506,U28878,2026-06-03 18:56:22,2026-06-03 19:17:22,Email,Notice,Mobile,Safari,Windows,/offers
72e8cd21-4747-456a-bffd-d6498ce448d1,2026_W23,S1507,U17283,2026-06-03 06:12:27,2026-06-03 06:17:27,Organic,War,Desktop,Chrome,MacOS,/offers
72e8cd21-4747-456a-bffd-d6498ce448d1,2026_W23,S1508,U14348,2026-06-07 19:21:39,2026-06-07 19:36:39,Organic,Wind,Mobile,Safari,Android,/home
72e8cd21-4747-456a-bffd-d6498ce448d1,2026_W23,S1509,U23669,2026-06-04 00:29:30,2026-06-04 00:57:30,Organic,Themselves,Desktop,Edge,Android,/home
72e8cd21-4747-456a-bffd-d6498ce448d1,2026_W23,S1510,U141,2026-06-05 09:12:45,2026-06-05 09:21:45,Email,Everything,Tablet,Safari,Android,/products
72e8cd21-4747-456a-bffd-d6498ce448d1,2026_W23,S1511,U19326,2026-06-04 06:04:39,2026-06-04 06:12:39,Organic,Southern,Mobile,Firefox,Windows,/products
72e8cd21-4747-456a-bffd-d6498ce448d1,2026_W23,S1512,U34772,2026-06-05 07:09:44,2026-06-05 07:14:44,Google Ads,Television,Mobile,Safari,iOS,/products
72e8cd21-4747-456a-bffd-d6498ce448d1,2026_W23,S1513,U26056,2026-06-05 01:34:33,2026-06-05 02:03:33,Email,To,Mobile,Chrome,MacOS,/home
72e8cd21-4747-456a-bffd-d6498ce448d1,2026_W23,S1514,U13116,2026-06-02 13:32:35,2026-06-02 13:56:35,Facebook,Score,Mobile,Edge,MacOS,/offers
72e8cd21-4747-456a-bffd-d6498ce448d1,2026_W23,S1515,U13256,2026-06-02 11:34:07,2026-06-02 12:07:07,Facebook,Since,Desktop,Chrome,MacOS,/products
72e8cd21-4747-456a-bffd-d6498ce448d1,2026_W23,S1516,U26299,2026-06-06 09:23:51,2026-06-06 09:59:51,Facebook,Scene,Mobile,Safari,MacOS,/products
72e8cd21-4747-456a-bffd-d6498ce448d1,2026_W23,S1517,U25848,2026-06-03 02:11:08,2026-06-03 02:27:08,Facebook,Receive,Mobile,Safari,iOS,/offers
72e8cd21-4747-456a-bffd-d6498ce448d1,2026_W23,S1518,U31295,2026-06-07 15:26:21,2026-06-07 15:48:21,Email,Street,Mobile,Firefox,MacOS,/home
72e8cd21-4747-456a-bffd-d6498ce448d1,2026_W23,S1519,U29443,2026-06-02 09:40:03,2026-06-02 10:09:03,Instagram,Together,Tablet,Firefox,Android,/home
72e8cd21-4747-456a-bffd-d6498ce448d1,2026_W23,S1520,U12818,2026-06-05 22:31:53,2026-06-05 23:09:53,Organic,Address,Tablet,Safari,Windows,/products
72e8cd21-4747-456a-bffd-d6498ce448d1,2026_W23,S1521,U14909,2026-06-07 03:05:21,2026-06-07 03:11:21,Facebook,Community,Mobile,Firefox,Android,/offers
72e8cd21-4747-456a-bffd-d6498ce448d1,2026_W23,S1522,U34650,2026-06-03 01:48:02,2026-06-03 02:12:02,Direct,Mention,Mobile,Safari,Windows,/home
72e8cd21-4747-456a-bffd-d6498ce448d1,2026_W23,S1523,U6567,2026-06-01 23:00:49,2026-06-01 23:31:49,Organic,Simply,Tablet,Chrome,MacOS,/products
72e8cd21-4747-456a-bffd-d6498ce448d1,2026_W23,S1524,U7561,2026-06-03 10:26:00,2026-06-03 11:00:00,Google Ads,Support,Mobile,Safari,iOS,/home
72e8cd21-4747-456a-bffd-d6498ce448d1,2026_W23,S1525,U28880,2026-06-03 00:44:05,2026-06-03 01:19:05,Direct,Technology,Tablet,Chrome,Windows,/products
72e8cd21-4747-456a-bffd-d6498ce448d1,2026_W23,S1526,U1953,2026-06-07 13:42:03,2026-06-07 13:52:03,Email,Prove,Desktop,Chrome,Android,/offers
72e8cd21-4747-456a-bffd-d6498ce448d1,2026_W23,S1527,U30349,2026-06-01 22:41:22,2026-06-01 22:54:22,Direct,Network,Desktop,Edge,MacOS,/home
72e8cd21-4747-456a-bffd-d6498ce448d1,2026_W23,S1528,U17737,2026-06-02 14:16:16,2026-06-02 14:35:16,Direct,Long,Desktop,Chrome,MacOS,/offers
72e8cd21-4747-456a-bffd-d6498ce448d1,2026_W23,S1529,U22013,2026-06-02 12:54:46,2026-06-02 13:09:46,Email,The,Desktop,Firefox,iOS,/products
72e8cd21-4747-456a-bffd-d6498ce448d1,2026_W23,S1530,U17249,2026-06-04 04:03:53,2026-06-04 04:09:53,Email,These,Mobile,Safari,iOS,/offers
72e8cd21-4747-456a-bffd-d6498ce448d1,2026_W23,S1531,U11908,2026-06-06 00:09:16,2026-06-06 00:13:16,Google Ads,Kind,Mobile,Safari,Android,/products
72e8cd21-4747-456a-bffd-d6498ce448d1,2026_W23,S1532,U18441,2026-06-05 05:51:48,2026-06-05 06:17:48,Instagram,Interview,Mobile,Chrome,iOS,/products
72e8cd21-4747-456a-bffd-d6498ce448d1,2026_W23,S1533,U19579,2026-06-07 14:29:04,2026-06-07 14:36:04,Instagram,Use,Desktop,Safari,Windows,/offers
72e8cd21-4747-456a-bffd-d6498ce448d1,2026_W23,S1534,U18638,2026-06-07 07:16:15,2026-06-07 07:52:15,Google Ads,Phone,Tablet,Edge,Android,/home
72e8cd21-4747-456a-bffd-d6498ce448d1,2026_W23,S1535,U26885,2026-06-07 01:48:20,2026-06-07 02:01:20,Facebook,Health,Desktop,Edge,Windows,/products
72e8cd21-4747-456a-bffd-d6498ce448d1,2026_W23,S1536,U16850,2026-06-02 05:28:49,2026-06-02 06:03:49,Direct,Machine,Mobile,Edge,Android,/offers
72e8cd21-4747-456a-bffd-d6498ce448d1,2026_W23,S1537,U14454,2026-06-03 06:41:09,2026-06-03 07:20:09,Direct,End,Desktop,Safari,Windows,/products
72e8cd21-4747-456a-bffd-d6498ce448d1,2026_W23,S1538,U10375,2026-06-04 10:49:07,2026-06-04 11:09:07,Instagram,Economy,Mobile,Safari,Windows,/products
72e8cd21-4747-456a-bffd-d6498ce448d1,2026_W23,S1539,U16056,2026-06-01 23:41:15,2026-06-01 23:47:15,Google Ads,Recently,Tablet,Firefox,Android,/home
72e8cd21-4747-456a-bffd-d6498ce448d1,2026_W23,S1540,U4979,2026-06-06 18:22:27,2026-06-06 18:48:27,Organic,Tax,Desktop,Firefox,Android,/offers
72e8cd21-4747-456a-bffd-d6498ce448d1,2026_W23,S1541,U16251,2026-06-02 11:11:58,2026-06-02 11:39:58,Organic,Determine,Desktop,Chrome,MacOS,/products
72e8cd21-4747-456a-bffd-d6498ce448d1,2026_W23,S1542,U21306,2026-06-03 13:23:06,2026-06-03 13:42:06,Email,Really,Desktop,Edge,Android,/offers
72e8cd21-4747-456a-bffd-d6498ce448d1,2026_W23,S1543,U20993,2026-06-01 22:37:38,2026-06-01 22:42:38,Google Ads,Already,Mobile,Firefox,Windows,/home
72e8cd21-4747-456a-bffd-d6498ce448d1,2026_W23,S1544,U14186,2026-06-02 19:22:09,2026-06-02 19:54:09,Direct,Exist,Tablet,Safari,iOS,/products
72e8cd21-4747-456a-bffd-d6498ce448d1,2026_W23,S1545,U14687,2026-06-06 07:24:56,2026-06-06 07:40:56,Email,Part,Tablet,Safari,MacOS,/products
72e8cd21-4747-456a-bffd-d6498ce448d1,2026_W23,S1546,U4446,2026-06-04 06:28:55,2026-06-04 06:50:55,Email,Alone,Desktop,Safari,MacOS,/home
72e8cd21-4747-456a-bffd-d6498ce448d1,2026_W23,S1547,U27269,2026-06-04 15:02:47,2026-06-04 15:35:47,Email,Buy,Mobile,Safari,Windows,/products
72e8cd21-4747-456a-bffd-d6498ce448d1,2026_W23,S1548,U4219,2026-06-04 21:39:49,2026-06-04 22:08:49,Instagram,Those,Desktop,Safari,iOS,/offers
72e8cd21-4747-456a-bffd-d6498ce448d1,2026_W23,S1549,U4447,2026-06-05 19:32:17,2026-06-05 19:51:17,Instagram,Leg,Mobile,Firefox,MacOS,/home
72e8cd21-4747-456a-bffd-d6498ce448d1,2026_W23,S1550,U27138,2026-06-05 10:36:20,2026-06-05 11:00:20,Instagram,Challenge,Desktop,Firefox,MacOS,/products
72e8cd21-4747-456a-bffd-d6498ce448d1,2026_W23,S1551,U29361,2026-06-02 13:10:58,2026-06-02 13:43:58,Instagram,Modern,Desktop,Firefox,Android,/offers
72e8cd21-4747-456a-bffd-d6498ce448d1,2026_W23,S1552,U5155,2026-06-06 04:13:11,2026-06-06 04:35:11,Organic,Table,Desktop,Safari,Windows,/products
72e8cd21-4747-456a-bffd-d6498ce448d1,2026_W23,S1553,U11284,2026-06-05 23:19:46,2026-06-05 23:52:46,Instagram,Her,Desktop,Firefox,Android,/products
72e8cd21-4747-456a-bffd-d6498ce448d1,2026_W23,S1554,U15642,2026-06-03 13:46:46,2026-06-03 13:47:46,Instagram,Condition,Desktop,Chrome,iOS,/home
72e8cd21-4747-456a-bffd-d6498ce448d1,2026_W23,S1555,U4972,2026-06-05 05:07:57,2026-06-05 05:22:57,Google Ads,Together,Tablet,Chrome,Windows,/home
72e8cd21-4747-456a-bffd-d6498ce448d1,2026_W23,S1556,U266,2026-06-03 13:14:35,2026-06-03 13:25:35,Direct,Current,Mobile,Chrome,MacOS,/offers
72e8cd21-4747-456a-bffd-d6498ce448d1,2026_W23,S1557,U22845,2026-06-04 22:47:14,2026-06-04 23:07:14,Facebook,Yet,Desktop,Edge,iOS,/offers
72e8cd21-4747-456a-bffd-d6498ce448d1,2026_W23,S1558,U16010,2026-06-07 13:05:30,2026-06-07 13:35:30,Email,Doctor,Desktop,Chrome,MacOS,/home
72e8cd21-4747-456a-bffd-d6498ce448d1,2026_W23,S1559,U15944,2026-06-04 18:05:39,2026-06-04 18:10:39,Direct,Safe,Desktop,Firefox,Windows,/home
72e8cd21-4747-456a-bffd-d6498ce448d1,2026_W23,S1560,U30175,2026-06-02 05:04:49,2026-06-02 05:09:49,Email,Design,Mobile,Safari,Android,/products
72e8cd21-4747-456a-bffd-d6498ce448d1,2026_W23,S1561,U31810,2026-06-06 14:50:21,2026-06-06 15:04:21,Email,Dream,Mobile,Edge,iOS,/home
72e8cd21-4747-456a-bffd-d6498ce448d1,2026_W23,S1562,U18803,2026-06-03 11:08:28,2026-06-03 11:15:28,Google Ads,Under,Desktop,Edge,iOS,/products
72e8cd21-4747-456a-bffd-d6498ce448d1,2026_W23,S1563,U7612,2026-06-06 03:35:56,2026-06-06 03:40:56,Facebook,Say,Mobile,Edge,Windows,/products
72e8cd21-4747-456a-bffd-d6498ce448d1,2026_W23,S1564,U24923,2026-06-04 08:22:25,2026-06-04 08:48:25,Facebook,Result,Desktop,Safari,iOS,/products
72e8cd21-4747-456a-bffd-d6498ce448d1,2026_W23,S1565,U28371,2026-06-04 02:21:52,2026-06-04 02:38:52,Facebook,Drug,Mobile,Firefox,Android,/offers
72e8cd21-4747-456a-bffd-d6498ce448d1,2026_W23,S1566,U27152,2026-06-04 15:10:07,2026-06-04 15:19:07,Instagram,Generation,Desktop,Firefox,iOS,/products
72e8cd21-4747-456a-bffd-d6498ce448d1,2026_W23,S1567,U16957,2026-06-02 01:38:30,2026-06-02 01:47:30,Organic,Event,Tablet,Edge,Android,/home
72e8cd21-4747-456a-bffd-d6498ce448d1,2026_W23,S1568,U16596,2026-06-04 01:11:38,2026-06-04 01:33:38,Facebook,Require,Desktop,Edge,iOS,/offers
72e8cd21-4747-456a-bffd-d6498ce448d1,2026_W23,S1569,U26005,2026-06-05 10:22:04,2026-06-05 10:50:04,Direct,Camera,Mobile,Firefox,Android,/home
72e8cd21-4747-456a-bffd-d6498ce448d1,2026_W23,S1570,U4796,2026-06-04 23:04:27,2026-06-04 23:27:27,Direct,Few,Mobile,Edge,iOS,/home
72e8cd21-4747-456a-bffd-d6498ce448d1,2026_W23,S1571,U17608,2026-06-06 11:47:36,2026-06-06 11:55:36,Direct,Local,Mobile,Edge,Android,/offers
72e8cd21-4747-456a-bffd-d6498ce448d1,2026_W23,S1572,U26764,2026-06-02 15:59:04,2026-06-02 16:36:04,Facebook,Culture,Mobile,Safari,Windows,/offers
72e8cd21-4747-456a-bffd-d6498ce448d1,2026_W23,S1573,U33160,2026-06-05 01:08:32,2026-06-05 01:34:32,Direct,Above,Desktop,Edge,Android,/products
72e8cd21-4747-456a-bffd-d6498ce448d1,2026_W23,S1574,U25807,2026-06-05 18:06:38,2026-06-05 18:25:38,Facebook,Start,Tablet,Firefox,Android,/home
72e8cd21-4747-456a-bffd-d6498ce448d1,2026_W23,S1575,U13790,2026-06-04 07:26:25,2026-06-04 07:42:25,Google Ads,Husband,Desktop,Chrome,Windows,/products
72e8cd21-4747-456a-bffd-d6498ce448d1,2026_W23,S1576,U8659,2026-06-07 08:43:54,2026-06-07 09:13:54,Direct,Month,Desktop,Edge,Android,/products
72e8cd21-4747-456a-bffd-d6498ce448d1,2026_W23,S1577,U9730,2026-06-07 17:17:16,2026-06-07 17:28:16,Direct,Both,Desktop,Chrome,Android,/home
72e8cd21-4747-456a-bffd-d6498ce448d1,2026_W23,S1578,U22585,2026-06-03 18:20:01,2026-06-03 18:23:01,Email,Newspaper,Tablet,Edge,Windows,/home
72e8cd21-4747-456a-bffd-d6498ce448d1,2026_W23,S1579,U9161,2026-06-06 17:26:03,2026-06-06 17:28:03,Google Ads,Suggest,Tablet,Chrome,iOS,/offers
72e8cd21-4747-456a-bffd-d6498ce448d1,2026_W23,S1580,U28778,2026-06-03 17:30:54,2026-06-03 17:56:54,Direct,Picture,Desktop,Firefox,Android,/products
72e8cd21-4747-456a-bffd-d6498ce448d1,2026_W23,S1581,U28315,2026-06-07 12:23:27,2026-06-07 12:48:27,Google Ads,Family,Mobile,Edge,MacOS,/offers
72e8cd21-4747-456a-bffd-d6498ce448d1,2026_W23,S1582,U16361,2026-06-03 00:25:42,2026-06-03 00:40:42,Email,Road,Tablet,Chrome,MacOS,/products
72e8cd21-4747-456a-bffd-d6498ce448d1,2026_W23,S1583,U33201,2026-06-03 04:47:21,2026-06-03 04:56:21,Email,More,Desktop,Edge,iOS,/offers
72e8cd21-4747-456a-bffd-d6498ce448d1,2026_W23,S1584,U5041,2026-06-03 00:16:06,2026-06-03 00:23:06,Instagram,Low,Desktop,Firefox,Android,/offers
72e8cd21-4747-456a-bffd-d6498ce448d1,2026_W23,S1585,U9695,2026-06-06 05:17:39,2026-06-06 05:27:39,Facebook,Fast,Desktop,Chrome,Android,/offers
72e8cd21-4747-456a-bffd-d6498ce448d1,2026_W23,S1586,U25803,2026-06-07 14:28:59,2026-06-07 14:46:59,Google Ads,Strategy,Mobile,Chrome,MacOS,/products
72e8cd21-4747-456a-bffd-d6498ce448d1,2026_W23,S1587,U6522,2026-06-06 14:27:43,2026-06-06 14:46:43,Direct,Manager,Desktop,Edge,Windows,/offers
72e8cd21-4747-456a-bffd-d6498ce448d1,2026_W23,S1588,U34113,2026-06-06 11:56:16,2026-06-06 12:28:16,Facebook,Pull,Mobile,Safari,Android,/home
72e8cd21-4747-456a-bffd-d6498ce448d1,2026_W23,S1589,U26793,2026-06-07 05:19:29,2026-06-07 05:25:29,Google Ads,Man,Mobile,Edge,iOS,/offers
72e8cd21-4747-456a-bffd-d6498ce448d1,2026_W23,S1590,U17204,2026-06-02 21:21:46,2026-06-02 21:45:46,Google Ads,Mouth,Tablet,Firefox,Android,/home
72e8cd21-4747-456a-bffd-d6498ce448d1,2026_W23,S1591,U4003,2026-06-06 14:14:00,2026-06-06 14:15:00,Email,Themselves,Tablet,Safari,Android,/home
72e8cd21-4747-456a-bffd-d6498ce448d1,2026_W23,S1592,U3299,2026-06-07 04:06:56,2026-06-07 04:14:56,Instagram,Second,Mobile,Firefox,Windows,/offers
72e8cd21-4747-456a-bffd-d6498ce448d1,2026_W23,S1593,U30990,2026-06-07 16:55:02,2026-06-07 17:05:02,Direct,Person,Desktop,Safari,iOS,/offers
72e8cd21-4747-456a-bffd-d6498ce448d1,2026_W23,S1594,U29599,2026-06-06 00:08:51,2026-06-06 00:39:51,Instagram,Red,Desktop,Chrome,iOS,/products
72e8cd21-4747-456a-bffd-d6498ce448d1,2026_W23,S1595,U7289,2026-06-05 00:29:41,2026-06-05 01:04:41,Email,Age,Tablet,Chrome,Android,/products
72e8cd21-4747-456a-bffd-d6498ce448d1,2026_W23,S1596,U18432,2026-06-02 22:37:50,2026-06-02 22:45:50,Email,Painting,Desktop,Edge,Android,/products
72e8cd21-4747-456a-bffd-d6498ce448d1,2026_W23,S1597,U29564,2026-06-05 11:06:17,2026-06-05 11:09:17,Organic,Later,Tablet,Chrome,MacOS,/offers
72e8cd21-4747-456a-bffd-d6498ce448d1,2026_W23,S1598,U15720,2026-06-07 07:55:25,2026-06-07 08:17:25,Instagram,Space,Tablet,Edge,iOS,/offers
72e8cd21-4747-456a-bffd-d6498ce448d1,2026_W23,S1599,U9833,2026-06-06 12:00:39,2026-06-06 12:18:39,Instagram,Federal,Mobile,Safari,MacOS,/home
72e8cd21-4747-456a-bffd-d6498ce448d1,2026_W23,S1600,U19842,2026-06-02 17:54:34,2026-06-02 18:08:34,Facebook,Focus,Desktop,Chrome,Android,/products
72e8cd21-4747-456a-bffd-d6498ce448d1,2026_W23,S1601,U3167,2026-06-07 02:19:18,2026-06-07 02:27:18,Google Ads,Mother,Desktop,Chrome,Windows,/offers
72e8cd21-4747-456a-bffd-d6498ce448d1,2026_W23,S1602,U752,2026-06-05 17:40:38,2026-06-05 17:48:38,Google Ads,Personal,Tablet,Safari,Android,/home
72e8cd21-4747-456a-bffd-d6498ce448d1,2026_W23,S1603,U6814,2026-06-04 12:30:34,2026-06-04 13:00:34,Email,Throw,Tablet,Chrome,Android,/products
72e8cd21-4747-456a-bffd-d6498ce448d1,2026_W23,S1604,U15686,2026-06-06 13:33:33,2026-06-06 13:54:33,Email,Herself,Tablet,Safari,Android,/home
72e8cd21-4747-456a-bffd-d6498ce448d1,2026_W23,S1605,U13083,2026-06-07 16:32:17,2026-06-07 17:12:17,Instagram,Any,Desktop,Safari,iOS,/offers
72e8cd21-4747-456a-bffd-d6498ce448d1,2026_W23,S1606,U10199,2026-06-04 02:57:36,2026-06-04 02:59:36,Organic,Stay,Desktop,Safari,MacOS,/products
72e8cd21-4747-456a-bffd-d6498ce448d1,2026_W23,S1607,U18809,2026-06-04 15:51:20,2026-06-04 16:08:20,Google Ads,Build,Desktop,Safari,iOS,/home
72e8cd21-4747-456a-bffd-d6498ce448d1,2026_W23,S1608,U10907,2026-06-02 03:53:23,2026-06-02 04:21:23,Facebook,Film,Desktop,Edge,iOS,/home
72e8cd21-4747-456a-bffd-d6498ce448d1,2026_W23,S1609,U19916,2026-06-04 18:07:11,2026-06-04 18:20:11,Facebook,Worker,Mobile,Firefox,MacOS,/offers
72e8cd21-4747-456a-bffd-d6498ce448d1,2026_W23,S1610,U16087,2026-06-06 01:20:32,2026-06-06 01:59:32,Organic,They,Mobile,Edge,Android,/offers
72e8cd21-4747-456a-bffd-d6498ce448d1,2026_W23,S1611,U17605,2026-06-03 14:40:27,2026-06-03 15:03:27,Organic,East,Mobile,Safari,Android,/products
72e8cd21-4747-456a-bffd-d6498ce448d1,2026_W23,S1612,U5496,2026-06-07 14:09:35,2026-06-07 14:19:35,Direct,Language,Tablet,Edge,MacOS,/offers
72e8cd21-4747-456a-bffd-d6498ce448d1,2026_W23,S1613,U25576,2026-06-06 22:04:59,2026-06-06 22:08:59,Email,Test,Mobile,Edge,Windows,/products
72e8cd21-4747-456a-bffd-d6498ce448d1,2026_W23,S1614,U11373,2026-06-03 12:05:14,2026-06-03 12:29:14,Organic,To,Desktop,Edge,iOS,/offers
72e8cd21-4747-456a-bffd-d6498ce448d1,2026_W23,S1615,U25335,2026-06-05 19:52:59,2026-06-05 19:59:59,Google Ads,Up,Mobile,Firefox,Windows,/products
72e8cd21-4747-456a-bffd-d6498ce448d1,2026_W23,S1616,U29433,2026-06-02 08:09:26,2026-06-02 08:39:26,Email,Blood,Mobile,Edge,MacOS,/home
72e8cd21-4747-456a-bffd-d6498ce448d1,2026_W23,S1617,U7155,2026-06-03 19:11:33,2026-06-03 19:36:33,Direct,Media,Mobile,Firefox,iOS,/home
72e8cd21-4747-456a-bffd-d6498ce448d1,2026_W23,S1618,U21859,2026-06-03 11:06:19,2026-06-03 11:34:19,Facebook,School,Mobile,Safari,MacOS,/offers
72e8cd21-4747-456a-bffd-d6498ce448d1,2026_W23,S1619,U21507,2026-06-06 11:15:51,2026-06-06 11:41:51,Google Ads,Than,Mobile,Chrome,Android,/offers
72e8cd21-4747-456a-bffd-d6498ce448d1,2026_W23,S1620,U26057,2026-06-06 08:23:32,2026-06-06 08:44:32,Direct,Knowledge,Tablet,Firefox,Android,/offers
72e8cd21-4747-456a-bffd-d6498ce448d1,2026_W23,S1621,U283,2026-06-03 20:45:27,2026-06-03 21:14:27,Instagram,Notice,Tablet,Firefox,Windows,/home
72e8cd21-4747-456a-bffd-d6498ce448d1,2026_W23,S1622,U33761,2026-06-07 00:02:48,2026-06-07 00:38:48,Facebook,Rest,Desktop,Firefox,Windows,/home
72e8cd21-4747-456a-bffd-d6498ce448d1,2026_W23,S1623,U29609,2026-06-02 21:04:14,2026-06-02 21:38:14,Organic,Mouth,Desktop,Safari,Windows,/offers
72e8cd21-4747-456a-bffd-d6498ce448d1,2026_W23,S1624,U28892,2026-06-04 00:26:18,2026-06-04 00:50:18,Direct,Always,Mobile,Chrome,Windows,/products
72e8cd21-4747-456a-bffd-d6498ce448d1,2026_W23,S1625,U27007,2026-06-07 17:19:17,2026-06-07 17:25:17,Google Ads,Order,Desktop,Safari,Android,/offers
72e8cd21-4747-456a-bffd-d6498ce448d1,2026_W23,S1626,U31961,2026-06-05 14:24:15,2026-06-05 15:03:15,Email,Camera,Tablet,Chrome,MacOS,/products
72e8cd21-4747-456a-bffd-d6498ce448d1,2026_W23,S1627,U4704,2026-06-06 18:54:47,2026-06-06 19:08:47,Google Ads,Team,Mobile,Firefox,iOS,/products
72e8cd21-4747-456a-bffd-d6498ce448d1,2026_W23,S1628,U19862,2026-06-05 23:10:34,2026-06-05 23:40:34,Instagram,Nothing,Tablet,Chrome,Android,/offers
72e8cd21-4747-456a-bffd-d6498ce448d1,2026_W23,S1629,U9366,2026-06-02 10:46:13,2026-06-02 11:20:13,Direct,Recent,Desktop,Chrome,Android,/products
72e8cd21-4747-456a-bffd-d6498ce448d1,2026_W23,S1630,U2301,2026-06-06 06:18:32,2026-06-06 06:36:32,Facebook,News,Mobile,Firefox,Windows,/offers
72e8cd21-4747-456a-bffd-d6498ce448d1,2026_W23,S1631,U21926,2026-06-04 15:50:29,2026-06-04 15:52:29,Direct,Analysis,Mobile,Safari,MacOS,/offers
72e8cd21-4747-456a-bffd-d6498ce448d1,2026_W23,S1632,U27563,2026-06-03 11:18:47,2026-06-03 11:52:47,Direct,Money,Desktop,Chrome,Android,/offers
72e8cd21-4747-456a-bffd-d6498ce448d1,2026_W23,S1633,U31151,2026-06-04 21:10:07,2026-06-04 21:27:07,Email,Read,Mobile,Safari,Android,/offers
72e8cd21-4747-456a-bffd-d6498ce448d1,2026_W23,S1634,U28730,2026-06-06 15:14:10,2026-06-06 15:42:10,Email,Happy,Tablet,Safari,Android,/offers
72e8cd21-4747-456a-bffd-d6498ce448d1,2026_W23,S1635,U8629,2026-06-02 04:58:27,2026-06-02 05:37:27,Direct,East,Mobile,Safari,Android,/offers
72e8cd21-4747-456a-bffd-d6498ce448d1,2026_W23,S1636,U1030,2026-06-02 08:16:25,2026-06-02 08:30:25,Direct,Remember,Mobile,Safari,iOS,/home
72e8cd21-4747-456a-bffd-d6498ce448d1,2026_W23,S1637,U17767,2026-06-07 06:15:22,2026-06-07 06:45:22,Google Ads,Explain,Desktop,Firefox,iOS,/home
72e8cd21-4747-456a-bffd-d6498ce448d1,2026_W23,S1638,U8664,2026-06-07 01:32:46,2026-06-07 01:58:46,Organic,School,Desktop,Firefox,Android,/home
72e8cd21-4747-456a-bffd-d6498ce448d1,2026_W23,S1639,U15956,2026-06-01 23:15:27,2026-06-01 23:53:27,Facebook,Quite,Mobile,Chrome,Windows,/offers
72e8cd21-4747-456a-bffd-d6498ce448d1,2026_W23,S1640,U33156,2026-06-07 10:46:23,2026-06-07 11:18:23,Facebook,Result,Tablet,Safari,Windows,/offers
72e8cd21-4747-456a-bffd-d6498ce448d1,2026_W23,S1641,U21652,2026-06-01 21:48:00,2026-06-01 21:52:00,Email,Cold,Mobile,Firefox,iOS,/products
72e8cd21-4747-456a-bffd-d6498ce448d1,2026_W23,S1642,U18571,2026-06-05 12:52:26,2026-06-05 13:01:26,Email,Beyond,Mobile,Chrome,Windows,/home
72e8cd21-4747-456a-bffd-d6498ce448d1,2026_W23,S1643,U2475,2026-06-02 19:07:12,2026-06-02 19:46:12,Instagram,Knowledge,Desktop,Chrome,Android,/offers
72e8cd21-4747-456a-bffd-d6498ce448d1,2026_W23,S1644,U15596,2026-06-07 03:17:18,2026-06-07 03:49:18,Organic,Ten,Desktop,Safari,Android,/products
72e8cd21-4747-456a-bffd-d6498ce448d1,2026_W23,S1645,U5956,2026-06-02 13:45:56,2026-06-02 13:52:56,Organic,Loss,Mobile,Edge,Windows,/home
72e8cd21-4747-456a-bffd-d6498ce448d1,2026_W23,S1646,U20525,2026-06-07 09:11:32,2026-06-07 09:24:32,Google Ads,Nearly,Mobile,Chrome,MacOS,/offers
72e8cd21-4747-456a-bffd-d6498ce448d1,2026_W23,S1647,U3915,2026-06-07 13:55:21,2026-06-07 14:21:21,Facebook,Too,Mobile,Edge,MacOS,/home
72e8cd21-4747-456a-bffd-d6498ce448d1,2026_W23,S1648,U19578,2026-06-06 06:59:01,2026-06-06 07:10:01,Instagram,Modern,Desktop,Safari,Android,/products
72e8cd21-4747-456a-bffd-d6498ce448d1,2026_W23,S1649,U22658,2026-06-02 16:56:41,2026-06-02 17:25:41,Email,Us,Mobile,Firefox,iOS,/offers
72e8cd21-4747-456a-bffd-d6498ce448d1,2026_W23,S1650,U16767,2026-06-07 06:00:42,2026-06-07 06:36:42,Facebook,Change,Mobile,Chrome,Android,/products
72e8cd21-4747-456a-bffd-d6498ce448d1,2026_W23,S1651,U24221,2026-06-04 06:52:28,2026-06-04 07:01:28,Organic,Soon,Mobile,Safari,Android,/home
72e8cd21-4747-456a-bffd-d6498ce448d1,2026_W23,S1652,U8233,2026-06-02 00:20:40,2026-06-02 00:30:40,Direct,However,Desktop,Chrome,Android,/home
72e8cd21-4747-456a-bffd-d6498ce448d1,2026_W23,S1653,U7774,2026-06-02 11:40:17,2026-06-02 11:43:17,Email,Score,Mobile,Safari,iOS,/offers
72e8cd21-4747-456a-bffd-d6498ce448d1,2026_W23,S1654,U29589,2026-06-07 15:54:38,2026-06-07 16:12:38,Direct,Home,Desktop,Firefox,MacOS,/offers
72e8cd21-4747-456a-bffd-d6498ce448d1,2026_W23,S1655,U17770,2026-06-05 06:29:09,2026-06-05 06:55:09,Google Ads,Safe,Mobile,Edge,Windows,/home
72e8cd21-4747-456a-bffd-d6498ce448d1,2026_W23,S1656,U6780,2026-06-06 06:00:31,2026-06-06 06:24:31,Facebook,Democrat,Desktop,Safari,Android,/products
72e8cd21-4747-456a-bffd-d6498ce448d1,2026_W23,S1657,U8823,2026-06-05 08:08:38,2026-06-05 08:30:38,Email,Why,Desktop,Chrome,Android,/products
72e8cd21-4747-456a-bffd-d6498ce448d1,2026_W23,S1658,U15380,2026-06-02 05:45:20,2026-06-02 06:10:20,Instagram,Run,Mobile,Edge,Android,/offers
72e8cd21-4747-456a-bffd-d6498ce448d1,2026_W23,S1659,U26869,2026-06-02 12:28:40,2026-06-02 12:32:40,Instagram,Best,Mobile,Chrome,Windows,/home
72e8cd21-4747-456a-bffd-d6498ce448d1,2026_W23,S1660,U23658,2026-06-07 17:12:32,2026-06-07 17:48:32,Direct,Each,Tablet,Firefox,iOS,/home
72e8cd21-4747-456a-bffd-d6498ce448d1,2026_W23,S1661,U29224,2026-06-06 18:14:32,2026-06-06 18:54:32,Instagram,Upon,Desktop,Edge,Windows,/home
72e8cd21-4747-456a-bffd-d6498ce448d1,2026_W23,S1662,U6600,2026-06-02 21:38:09,2026-06-02 22:16:09,Instagram,Whose,Tablet,Chrome,Windows,/home
72e8cd21-4747-456a-bffd-d6498ce448d1,2026_W23,S1663,U33778,2026-06-06 04:08:14,2026-06-06 04:13:14,Instagram,Sister,Desktop,Edge,Android,/products
72e8cd21-4747-456a-bffd-d6498ce448d1,2026_W23,S1664,U29646,2026-06-05 21:12:36,2026-06-05 21:37:36,Direct,Early,Mobile,Firefox,Windows,/offers
72e8cd21-4747-456a-bffd-d6498ce448d1,2026_W23,S1665,U10238,2026-06-07 10:26:13,2026-06-07 10:56:13,Facebook,Include,Desktop,Edge,Windows,/products
72e8cd21-4747-456a-bffd-d6498ce448d1,2026_W23,S1666,U8644,2026-06-07 01:27:42,2026-06-07 01:37:42,Google Ads,Animal,Tablet,Edge,Windows,/home
72e8cd21-4747-456a-bffd-d6498ce448d1,2026_W23,S1667,U7337,2026-06-03 02:39:43,2026-06-03 02:43:43,Instagram,Himself,Desktop,Firefox,MacOS,/home
72e8cd21-4747-456a-bffd-d6498ce448d1,2026_W23,S1668,U8697,2026-06-07 13:23:57,2026-06-07 13:45:57,Organic,Nature,Mobile,Edge,Windows,/products
72e8cd21-4747-456a-bffd-d6498ce448d1,2026_W23,S1669,U19551,2026-06-06 20:33:28,2026-06-06 20:54:28,Direct,The,Desktop,Chrome,Android,/products
72e8cd21-4747-456a-bffd-d6498ce448d1,2026_W23,S1670,U22396,2026-06-01 21:07:44,2026-06-01 21:29:44,Email,Create,Tablet,Firefox,Android,/home
72e8cd21-4747-456a-bffd-d6498ce448d1,2026_W23,S1671,U2931,2026-06-04 15:15:45,2026-06-04 15:37:45,Direct,Food,Desktop,Safari,Windows,/offers
72e8cd21-4747-456a-bffd-d6498ce448d1,2026_W23,S1672,U14976,2026-06-05 22:41:19,2026-06-05 22:51:19,Instagram,Part,Mobile,Edge,iOS,/offers
72e8cd21-4747-456a-bffd-d6498ce448d1,2026_W23,S1673,U12738,2026-06-06 13:08:06,2026-06-06 13:24:06,Direct,Reduce,Mobile,Edge,Windows,/offers
72e8cd21-4747-456a-bffd-d6498ce448d1,2026_W23,S1674,U13031,2026-06-04 14:33:25,2026-06-04 14:48:25,Organic,Two,Mobile,Edge,Android,/offers
72e8cd21-4747-456a-bffd-d6498ce448d1,2026_W23,S1675,U5638,2026-06-05 11:11:06,2026-06-05 11:34:06,Google Ads,Democratic,Tablet,Edge,MacOS,/offers
72e8cd21-4747-456a-bffd-d6498ce448d1,2026_W23,S1676,U26947,2026-06-06 14:31:53,2026-06-06 14:46:53,Direct,Head,Mobile,Firefox,iOS,/offers
72e8cd21-4747-456a-bffd-d6498ce448d1,2026_W23,S1677,U1652,2026-06-07 17:31:37,2026-06-07 17:58:37,Direct,Issue,Mobile,Chrome,Windows,/offers
72e8cd21-4747-456a-bffd-d6498ce448d1,2026_W23,S1678,U29576,2026-06-03 00:24:15,2026-06-03 00:30:15,Email,Nation,Mobile,Chrome,MacOS,/offers
72e8cd21-4747-456a-bffd-d6498ce448d1,2026_W23,S1679,U29421,2026-06-01 21:37:09,2026-06-01 21:52:09,Email,Heart,Mobile,Firefox,MacOS,/home
72e8cd21-4747-456a-bffd-d6498ce448d1,2026_W23,S1680,U9437,2026-06-05 21:31:50,2026-06-05 21:51:50,Direct,Help,Desktop,Firefox,Windows,/offers
72e8cd21-4747-456a-bffd-d6498ce448d1,2026_W23,S1681,U34773,2026-06-06 13:33:29,2026-06-06 14:05:29,Organic,Fall,Desktop,Firefox,Android,/products
72e8cd21-4747-456a-bffd-d6498ce448d1,2026_W23,S1682,U14802,2026-06-06 21:37:47,2026-06-06 22:17:47,Organic,Radio,Mobile,Edge,iOS,/products
72e8cd21-4747-456a-bffd-d6498ce448d1,2026_W23,S1683,U20675,2026-06-05 07:55:45,2026-06-05 08:02:45,Direct,Plan,Desktop,Chrome,MacOS,/offers
72e8cd21-4747-456a-bffd-d6498ce448d1,2026_W23,S1684,U3641,2026-06-05 17:24:02,2026-06-05 17:29:02,Google Ads,Without,Tablet,Edge,Windows,/products
72e8cd21-4747-456a-bffd-d6498ce448d1,2026_W23,S1685,U7680,2026-06-06 05:51:10,2026-06-06 06:15:10,Email,Issue,Desktop,Safari,Windows,/products
72e8cd21-4747-456a-bffd-d6498ce448d1,2026_W23,S1686,U29082,2026-06-03 00:53:31,2026-06-03 00:55:31,Organic,Production,Mobile,Safari,Windows,/offers
72e8cd21-4747-456a-bffd-d6498ce448d1,2026_W23,S1687,U15897,2026-06-04 20:08:43,2026-06-04 20:48:43,Instagram,Investment,Mobile,Chrome,Android,/products
72e8cd21-4747-456a-bffd-d6498ce448d1,2026_W23,S1688,U1042,2026-06-07 07:23:10,2026-06-07 08:02:10,Instagram,Country,Tablet,Chrome,Windows,/offers
72e8cd21-4747-456a-bffd-d6498ce448d1,2026_W23,S1689,U13963,2026-06-02 19:34:21,2026-06-02 19:57:21,Organic,Would,Desktop,Edge,Windows,/products
72e8cd21-4747-456a-bffd-d6498ce448d1,2026_W23,S1690,U11355,2026-06-03 05:35:29,2026-06-03 05:41:29,Direct,Allow,Desktop,Chrome,iOS,/home
72e8cd21-4747-456a-bffd-d6498ce448d1,2026_W23,S1691,U33478,2026-06-05 23:07:39,2026-06-05 23:25:39,Instagram,White,Desktop,Safari,Android,/products
72e8cd21-4747-456a-bffd-d6498ce448d1,2026_W23,S1692,U26628,2026-06-06 16:07:29,2026-06-06 16:11:29,Organic,Difference,Tablet,Firefox,Android,/products
72e8cd21-4747-456a-bffd-d6498ce448d1,2026_W23,S1693,U4675,2026-06-07 06:14:52,2026-06-07 06:41:52,Facebook,Base,Mobile,Chrome,Windows,/offers
72e8cd21-4747-456a-bffd-d6498ce448d1,2026_W23,S1694,U10968,2026-06-04 05:06:34,2026-06-04 05:20:34,Instagram,Nor,Tablet,Edge,Windows,/home
72e8cd21-4747-456a-bffd-d6498ce448d1,2026_W23,S1695,U8912,2026-06-05 11:39:56,2026-06-05 11:45:56,Direct,Poor,Tablet,Edge,iOS,/offers
72e8cd21-4747-456a-bffd-d6498ce448d1,2026_W23,S1696,U20281,2026-06-06 05:11:49,2026-06-06 05:48:49,Organic,General,Desktop,Chrome,Android,/products
72e8cd21-4747-456a-bffd-d6498ce448d1,2026_W23,S1697,U5092,2026-06-07 19:36:55,2026-06-07 19:52:55,Direct,Manager,Mobile,Chrome,MacOS,/offers
72e8cd21-4747-456a-bffd-d6498ce448d1,2026_W23,S1698,U6333,2026-06-04 08:59:42,2026-06-04 09:01:42,Direct,Statement,Desktop,Firefox,MacOS,/offers
72e8cd21-4747-456a-bffd-d6498ce448d1,2026_W23,S1699,U26765,2026-06-06 01:11:47,2026-06-06 01:37:47,Instagram,Baby,Desktop,Chrome,Windows,/products
72e8cd21-4747-456a-bffd-d6498ce448d1,2026_W23,S1700,U10708,2026-06-07 10:13:52,2026-06-07 10:21:52,Facebook,Yard,Tablet,Safari,iOS,/offers
72e8cd21-4747-456a-bffd-d6498ce448d1,2026_W23,S1701,U25214,2026-06-02 10:42:01,2026-06-02 10:53:01,Instagram,Reach,Desktop,Safari,Android,/products
72e8cd21-4747-456a-bffd-d6498ce448d1,2026_W23,S1702,U8817,2026-06-04 22:39:58,2026-06-04 23:07:58,Instagram,Crime,Desktop,Edge,MacOS,/home
72e8cd21-4747-456a-bffd-d6498ce448d1,2026_W23,S1703,U8024,2026-06-03 10:16:55,2026-06-03 10:47:55,Facebook,Across,Mobile,Firefox,Android,/home
72e8cd21-4747-456a-bffd-d6498ce448d1,2026_W23,S1704,U24460,2026-06-03 11:27:26,2026-06-03 11:55:26,Direct,Experience,Desktop,Chrome,iOS,/offers
72e8cd21-4747-456a-bffd-d6498ce448d1,2026_W23,S1705,U12816,2026-06-04 11:11:33,2026-06-04 11:31:33,Facebook,Ready,Desktop,Chrome,MacOS,/products
72e8cd21-4747-456a-bffd-d6498ce448d1,2026_W23,S1706,U4247,2026-06-07 10:16:45,2026-06-07 10:41:45,Email,Save,Mobile,Firefox,Windows,/home
72e8cd21-4747-456a-bffd-d6498ce448d1,2026_W23,S1707,U20041,2026-06-02 02:33:12,2026-06-02 02:37:12,Google Ads,Without,Desktop,Edge,Android,/offers
72e8cd21-4747-456a-bffd-d6498ce448d1,2026_W23,S1708,U19707,2026-06-03 20:29:38,2026-06-03 20:52:38,Direct,Beyond,Mobile,Edge,iOS,/offers
72e8cd21-4747-456a-bffd-d6498ce448d1,2026_W23,S1709,U31458,2026-06-03 20:04:39,2026-06-03 20:35:39,Facebook,Security,Desktop,Edge,MacOS,/offers
72e8cd21-4747-456a-bffd-d6498ce448d1,2026_W23,S1710,U24235,2026-06-02 07:18:10,2026-06-02 07:40:10,Email,Write,Desktop,Edge,MacOS,/products
72e8cd21-4747-456a-bffd-d6498ce448d1,2026_W23,S1711,U11388,2026-06-05 23:03:06,2026-06-05 23:16:06,Organic,Claim,Tablet,Edge,Windows,/offers
72e8cd21-4747-456a-bffd-d6498ce448d1,2026_W23,S1712,U19609,2026-06-02 13:54:10,2026-06-02 14:21:10,Organic,Little,Mobile,Edge,iOS,/offers
72e8cd21-4747-456a-bffd-d6498ce448d1,2026_W23,S1713,U5321,2026-06-03 08:19:41,2026-06-03 08:27:41,Google Ads,Message,Desktop,Firefox,iOS,/products
72e8cd21-4747-456a-bffd-d6498ce448d1,2026_W23,S1714,U12839,2026-06-05 17:25:20,2026-06-05 17:52:20,Email,After,Desktop,Edge,Windows,/products
72e8cd21-4747-456a-bffd-d6498ce448d1,2026_W23,S1715,U21863,2026-06-05 03:23:03,2026-06-05 03:54:03,Direct,Program,Desktop,Chrome,Android,/offers
72e8cd21-4747-456a-bffd-d6498ce448d1,2026_W23,S1716,U2541,2026-06-03 02:43:20,2026-06-03 03:07:20,Instagram,Visit,Desktop,Chrome,Android,/offers
72e8cd21-4747-456a-bffd-d6498ce448d1,2026_W23,S1717,U17092,2026-06-04 01:53:39,2026-06-04 02:02:39,Google Ads,Five,Tablet,Chrome,Windows,/offers
72e8cd21-4747-456a-bffd-d6498ce448d1,2026_W23,S1718,U11439,2026-06-02 13:03:56,2026-06-02 13:21:56,Organic,Cut,Mobile,Chrome,Windows,/offers
72e8cd21-4747-456a-bffd-d6498ce448d1,2026_W23,S1719,U21178,2026-06-03 16:53:17,2026-06-03 17:26:17,Google Ads,Choice,Tablet,Edge,MacOS,/offers
72e8cd21-4747-456a-bffd-d6498ce448d1,2026_W23,S1720,U24201,2026-06-02 22:38:14,2026-06-02 22:54:14,Organic,Recently,Tablet,Firefox,Windows,/products
72e8cd21-4747-456a-bffd-d6498ce448d1,2026_W23,S1721,U7549,2026-06-07 17:15:08,2026-06-07 17:38:08,Email,Gun,Tablet,Safari,iOS,/products
72e8cd21-4747-456a-bffd-d6498ce448d1,2026_W23,S1722,U828,2026-06-02 17:29:35,2026-06-02 17:54:35,Facebook,Marriage,Tablet,Edge,Android,/offers
72e8cd21-4747-456a-bffd-d6498ce448d1,2026_W23,S1723,U31206,2026-06-04 01:47:57,2026-06-04 01:58:57,Organic,Again,Desktop,Chrome,Windows,/home
72e8cd21-4747-456a-bffd-d6498ce448d1,2026_W23,S1724,U18030,2026-06-05 00:37:44,2026-06-05 01:01:44,Organic,Way,Tablet,Firefox,iOS,/offers
72e8cd21-4747-456a-bffd-d6498ce448d1,2026_W23,S1725,U4224,2026-06-05 02:34:21,2026-06-05 03:11:21,Organic,Lead,Desktop,Safari,MacOS,/products
72e8cd21-4747-456a-bffd-d6498ce448d1,2026_W23,S1726,U18586,2026-06-04 17:02:57,2026-06-04 17:12:57,Google Ads,Live,Mobile,Safari,iOS,/offers
72e8cd21-4747-456a-bffd-d6498ce448d1,2026_W23,S1727,U12096,2026-06-07 08:22:24,2026-06-07 09:02:24,Facebook,Line,Desktop,Firefox,iOS,/offers
72e8cd21-4747-456a-bffd-d6498ce448d1,2026_W23,S1728,U10636,2026-06-03 16:32:02,2026-06-03 17:08:02,Instagram,Within,Tablet,Chrome,Android,/home
72e8cd21-4747-456a-bffd-d6498ce448d1,2026_W23,S1729,U17935,2026-06-07 13:37:14,2026-06-07 14:16:14,Email,Partner,Mobile,Edge,Windows,/offers
72e8cd21-4747-456a-bffd-d6498ce448d1,2026_W23,S1730,U26081,2026-06-05 23:55:30,2026-06-06 00:20:30,Google Ads,Arm,Tablet,Edge,Windows,/products
72e8cd21-4747-456a-bffd-d6498ce448d1,2026_W23,S1731,U22958,2026-06-07 01:27:44,2026-06-07 01:41:44,Organic,Consider,Tablet,Safari,Android,/products
72e8cd21-4747-456a-bffd-d6498ce448d1,2026_W23,S1732,U33652,2026-06-05 20:06:25,2026-06-05 20:13:25,Facebook,Involve,Tablet,Firefox,iOS,/offers
72e8cd21-4747-456a-bffd-d6498ce448d1,2026_W23,S1733,U28578,2026-06-02 03:43:09,2026-06-02 04:07:09,Email,Up,Desktop,Chrome,iOS,/offers
72e8cd21-4747-456a-bffd-d6498ce448d1,2026_W23,S1734,U19531,2026-06-06 17:52:02,2026-06-06 18:23:02,Instagram,Expert,Mobile,Safari,Windows,/home
72e8cd21-4747-456a-bffd-d6498ce448d1,2026_W23,S1735,U21387,2026-06-03 04:49:47,2026-06-03 05:20:47,Instagram,Seat,Desktop,Safari,Windows,/offers
72e8cd21-4747-456a-bffd-d6498ce448d1,2026_W23,S1736,U31363,2026-06-03 01:24:58,2026-06-03 01:41:58,Direct,Fine,Desktop,Safari,iOS,/products
72e8cd21-4747-456a-bffd-d6498ce448d1,2026_W23,S1737,U32591,2026-06-03 21:27:53,2026-06-03 21:52:53,Direct,Section,Tablet,Safari,iOS,/offers
72e8cd21-4747-456a-bffd-d6498ce448d1,2026_W23,S1738,U15082,2026-06-03 07:48:39,2026-06-03 08:07:39,Google Ads,Second,Tablet,Edge,Android,/home
72e8cd21-4747-456a-bffd-d6498ce448d1,2026_W23,S1739,U24983,2026-06-05 11:51:53,2026-06-05 12:27:53,Direct,Seat,Tablet,Chrome,iOS,/offers
72e8cd21-4747-456a-bffd-d6498ce448d1,2026_W23,S1740,U19721,2026-06-04 21:01:21,2026-06-04 21:16:21,Facebook,Animal,Tablet,Firefox,Windows,/offers
72e8cd21-4747-456a-bffd-d6498ce448d1,2026_W23,S1741,U26492,2026-06-03 20:25:18,2026-06-03 20:29:18,Google Ads,Left,Desktop,Chrome,Android,/offers
72e8cd21-4747-456a-bffd-d6498ce448d1,2026_W23,S1742,U13109,2026-06-02 21:03:53,2026-06-02 21:22:53,Instagram,Nothing,Desktop,Edge,Windows,/home
72e8cd21-4747-456a-bffd-d6498ce448d1,2026_W23,S1743,U18282,2026-06-02 10:07:21,2026-06-02 10:10:21,Organic,Generation,Tablet,Safari,Android,/home
72e8cd21-4747-456a-bffd-d6498ce448d1,2026_W23,S1744,U32573,2026-06-07 01:07:02,2026-06-07 01:38:02,Email,Long,Mobile,Chrome,MacOS,/products
72e8cd21-4747-456a-bffd-d6498ce448d1,2026_W23,S1745,U30325,2026-06-05 02:46:42,2026-06-05 03:03:42,Organic,History,Tablet,Safari,iOS,/offers
72e8cd21-4747-456a-bffd-d6498ce448d1,2026_W23,S1746,U9782,2026-06-06 15:59:22,2026-06-06 16:18:22,Google Ads,Agent,Tablet,Chrome,Windows,/home
72e8cd21-4747-456a-bffd-d6498ce448d1,2026_W23,S1747,U31458,2026-06-07 15:59:41,2026-06-07 16:09:41,Organic,Age,Desktop,Edge,MacOS,/home
72e8cd21-4747-456a-bffd-d6498ce448d1,2026_W23,S1748,U30933,2026-06-06 02:52:58,2026-06-06 03:02:58,Facebook,Someone,Tablet,Firefox,MacOS,/home
72e8cd21-4747-456a-bffd-d6498ce448d1,2026_W23,S1749,U12770,2026-06-06 01:13:28,2026-06-06 01:39:28,Facebook,Authority,Mobile,Chrome,Windows,/home
72e8cd21-4747-456a-bffd-d6498ce448d1,2026_W23,S1750,U26067,2026-06-03 20:49:02,2026-06-03 21:10:02,Direct,Suffer,Desktop,Chrome,Windows,/offers
72e8cd21-4747-456a-bffd-d6498ce448d1,2026_W23,S1751,U22739,2026-06-02 01:46:36,2026-06-02 02:22:36,Direct,Nation,Tablet,Edge,Android,/home
72e8cd21-4747-456a-bffd-d6498ce448d1,2026_W23,S1752,U21335,2026-06-02 14:04:50,2026-06-02 14:10:50,Instagram,Loss,Mobile,Firefox,MacOS,/offers
72e8cd21-4747-456a-bffd-d6498ce448d1,2026_W23,S1753,U13765,2026-06-04 02:08:24,2026-06-04 02:15:24,Facebook,Final,Mobile,Firefox,Android,/products
72e8cd21-4747-456a-bffd-d6498ce448d1,2026_W23,S1754,U11602,2026-06-04 04:00:39,2026-06-04 04:40:39,Facebook,Most,Desktop,Edge,MacOS,/products
72e8cd21-4747-456a-bffd-d6498ce448d1,2026_W23,S1755,U23483,2026-06-07 11:09:15,2026-06-07 11:21:15,Email,Which,Tablet,Firefox,Windows,/offers
72e8cd21-4747-456a-bffd-d6498ce448d1,2026_W23,S1756,U4218,2026-06-03 03:28:00,2026-06-03 03:53:00,Google Ads,College,Desktop,Firefox,Windows,/offers
72e8cd21-4747-456a-bffd-d6498ce448d1,2026_W23,S1757,U26459,2026-06-03 16:48:41,2026-06-03 17:12:41,Google Ads,Loss,Desktop,Firefox,MacOS,/products
72e8cd21-4747-456a-bffd-d6498ce448d1,2026_W23,S1758,U27671,2026-06-06 23:32:08,2026-06-06 23:43:08,Direct,Development,Tablet,Edge,MacOS,/products
72e8cd21-4747-456a-bffd-d6498ce448d1,2026_W23,S1759,U14780,2026-06-07 16:34:53,2026-06-07 17:13:53,Email,Right,Desktop,Firefox,MacOS,/offers
72e8cd21-4747-456a-bffd-d6498ce448d1,2026_W23,S1760,U2647,2026-06-02 20:11:40,2026-06-02 20:31:40,Email,Cost,Desktop,Safari,Windows,/products
72e8cd21-4747-456a-bffd-d6498ce448d1,2026_W23,S1761,U32238,2026-06-03 02:10:06,2026-06-03 02:17:06,Google Ads,Agreement,Desktop,Safari,Windows,/offers
72e8cd21-4747-456a-bffd-d6498ce448d1,2026_W23,S1762,U23593,2026-06-03 13:21:03,2026-06-03 13:27:03,Facebook,Sense,Mobile,Chrome,Android,/home
72e8cd21-4747-456a-bffd-d6498ce448d1,2026_W23,S1763,U25996,2026-06-01 22:24:30,2026-06-01 23:01:30,Instagram,Red,Desktop,Firefox,Windows,/home
72e8cd21-4747-456a-bffd-d6498ce448d1,2026_W23,S1764,U34030,2026-06-07 04:42:07,2026-06-07 05:09:07,Organic,Occur,Mobile,Safari,MacOS,/products
72e8cd21-4747-456a-bffd-d6498ce448d1,2026_W23,S1765,U20704,2026-06-02 23:36:26,2026-06-03 00:08:26,Google Ads,Into,Tablet,Edge,iOS,/home
72e8cd21-4747-456a-bffd-d6498ce448d1,2026_W23,S1766,U14634,2026-06-02 14:03:22,2026-06-02 14:40:22,Organic,Usually,Mobile,Chrome,Android,/home
72e8cd21-4747-456a-bffd-d6498ce448d1,2026_W23,S1767,U24946,2026-06-03 23:00:03,2026-06-03 23:25:03,Google Ads,Teach,Tablet,Chrome,Android,/offers
72e8cd21-4747-456a-bffd-d6498ce448d1,2026_W23,S1768,U8841,2026-06-06 19:40:12,2026-06-06 20:18:12,Email,Those,Desktop,Safari,Android,/offers
72e8cd21-4747-456a-bffd-d6498ce448d1,2026_W23,S1769,U11835,2026-06-03 03:30:55,2026-06-03 04:04:55,Email,Lose,Mobile,Chrome,MacOS,/offers
72e8cd21-4747-456a-bffd-d6498ce448d1,2026_W23,S1770,U31520,2026-06-04 09:45:43,2026-06-04 10:20:43,Organic,Low,Desktop,Safari,MacOS,/home
72e8cd21-4747-456a-bffd-d6498ce448d1,2026_W23,S1771,U8179,2026-06-07 14:34:07,2026-06-07 14:47:07,Email,Ok,Tablet,Chrome,iOS,/products
72e8cd21-4747-456a-bffd-d6498ce448d1,2026_W23,S1772,U20976,2026-06-05 16:20:26,2026-06-05 16:27:26,Organic,Significant,Mobile,Safari,Windows,/home
72e8cd21-4747-456a-bffd-d6498ce448d1,2026_W23,S1773,U29383,2026-06-04 12:15:54,2026-06-04 12:18:54,Direct,Or,Mobile,Firefox,MacOS,/offers
72e8cd21-4747-456a-bffd-d6498ce448d1,2026_W23,S1774,U29891,2026-06-07 11:19:46,2026-06-07 11:40:46,Email,Memory,Desktop,Edge,Android,/home
72e8cd21-4747-456a-bffd-d6498ce448d1,2026_W23,S1775,U12338,2026-06-02 18:16:49,2026-06-02 18:31:49,Organic,Move,Desktop,Chrome,iOS,/products
72e8cd21-4747-456a-bffd-d6498ce448d1,2026_W23,S1776,U22663,2026-06-03 07:43:54,2026-06-03 08:18:54,Direct,Employee,Desktop,Edge,iOS,/products
72e8cd21-4747-456a-bffd-d6498ce448d1,2026_W23,S1777,U15244,2026-06-05 17:47:35,2026-06-05 18:12:35,Organic,Bit,Tablet,Safari,MacOS,/offers
72e8cd21-4747-456a-bffd-d6498ce448d1,2026_W23,S1778,U24509,2026-06-07 01:38:24,2026-06-07 01:57:24,Direct,Both,Tablet,Firefox,Android,/products
72e8cd21-4747-456a-bffd-d6498ce448d1,2026_W23,S1779,U33820,2026-06-06 20:46:31,2026-06-06 21:06:31,Email,Here,Mobile,Safari,Android,/offers
72e8cd21-4747-456a-bffd-d6498ce448d1,2026_W23,S1780,U12452,2026-06-06 10:29:04,2026-06-06 10:35:04,Organic,Adult,Tablet,Firefox,MacOS,/offers
72e8cd21-4747-456a-bffd-d6498ce448d1,2026_W23,S1781,U7019,2026-06-02 06:12:44,2026-06-02 06:49:44,Email,Assume,Desktop,Safari,Android,/products
72e8cd21-4747-456a-bffd-d6498ce448d1,2026_W23,S1782,U7505,2026-06-02 17:06:19,2026-06-02 17:43:19,Email,Natural,Desktop,Chrome,MacOS,/home
72e8cd21-4747-456a-bffd-d6498ce448d1,2026_W23,S1783,U1166,2026-06-07 12:37:06,2026-06-07 13:11:06,Email,Few,Tablet,Edge,MacOS,/home
72e8cd21-4747-456a-bffd-d6498ce448d1,2026_W23,S1784,U26120,2026-06-02 17:37:15,2026-06-02 17:51:15,Organic,Loss,Desktop,Safari,iOS,/products
72e8cd21-4747-456a-bffd-d6498ce448d1,2026_W23,S1785,U17365,2026-06-04 08:21:51,2026-06-04 08:43:51,Direct,People,Mobile,Edge,Windows,/offers
72e8cd21-4747-456a-bffd-d6498ce448d1,2026_W23,S1786,U3582,2026-06-04 02:03:16,2026-06-04 02:43:16,Instagram,Low,Tablet,Chrome,iOS,/offers
72e8cd21-4747-456a-bffd-d6498ce448d1,2026_W23,S1787,U31194,2026-06-07 17:22:36,2026-06-07 17:40:36,Email,Laugh,Desktop,Firefox,Android,/home
72e8cd21-4747-456a-bffd-d6498ce448d1,2026_W23,S1788,U27981,2026-06-03 16:27:28,2026-06-03 16:39:28,Instagram,Matter,Mobile,Safari,Android,/products
72e8cd21-4747-456a-bffd-d6498ce448d1,2026_W23,S1789,U34052,2026-06-05 02:02:48,2026-06-05 02:40:48,Direct,Worker,Mobile,Firefox,Windows,/offers
72e8cd21-4747-456a-bffd-d6498ce448d1,2026_W23,S1790,U4441,2026-06-05 05:33:02,2026-06-05 05:47:02,Direct,By,Desktop,Safari,Android,/products
72e8cd21-4747-456a-bffd-d6498ce448d1,2026_W23,S1791,U18314,2026-06-04 18:16:35,2026-06-04 18:25:35,Google Ads,Practice,Mobile,Firefox,iOS,/home
72e8cd21-4747-456a-bffd-d6498ce448d1,2026_W23,S1792,U25578,2026-06-05 19:53:30,2026-06-05 20:17:30,Google Ads,Well,Desktop,Safari,MacOS,/offers
72e8cd21-4747-456a-bffd-d6498ce448d1,2026_W23,S1793,U19747,2026-06-03 08:48:19,2026-06-03 09:10:19,Direct,Glass,Mobile,Firefox,MacOS,/products
72e8cd21-4747-456a-bffd-d6498ce448d1,2026_W23,S1794,U3801,2026-06-06 05:39:22,2026-06-06 05:49:22,Organic,Sure,Tablet,Edge,MacOS,/home
72e8cd21-4747-456a-bffd-d6498ce448d1,2026_W23,S1795,U27380,2026-06-06 16:35:59,2026-06-06 17:04:59,Email,Him,Desktop,Safari,iOS,/products
72e8cd21-4747-456a-bffd-d6498ce448d1,2026_W23,S1796,U12505,2026-06-06 09:28:29,2026-06-06 09:44:29,Facebook,Word,Desktop,Chrome,Windows,/products
72e8cd21-4747-456a-bffd-d6498ce448d1,2026_W23,S1797,U3737,2026-06-04 02:55:41,2026-06-04 03:30:41,Instagram,Color,Tablet,Safari,iOS,/offers
72e8cd21-4747-456a-bffd-d6498ce448d1,2026_W23,S1798,U14635,2026-06-05 02:02:05,2026-06-05 02:23:05,Facebook,Report,Mobile,Firefox,Windows,/products
72e8cd21-4747-456a-bffd-d6498ce448d1,2026_W23,S1799,U20813,2026-06-07 19:30:40,2026-06-07 19:55:40,Organic,Road,Mobile,Edge,MacOS,/home
72e8cd21-4747-456a-bffd-d6498ce448d1,2026_W23,S1800,U29336,2026-06-06 20:42:38,2026-06-06 21:11:38,Facebook,Fire,Desktop,Safari,iOS,/products
72e8cd21-4747-456a-bffd-d6498ce448d1,2026_W23,S1801,U7195,2026-06-03 00:31:38,2026-06-03 01:04:38,Instagram,Matter,Tablet,Chrome,Android,/offers
72e8cd21-4747-456a-bffd-d6498ce448d1,2026_W23,S1802,U7596,2026-06-06 13:02:05,2026-06-06 13:22:05,Direct,Establish,Tablet,Safari,Android,/products
72e8cd21-4747-456a-bffd-d6498ce448d1,2026_W23,S1803,U17929,2026-06-06 05:30:54,2026-06-06 05:32:54,Organic,Deep,Desktop,Edge,iOS,/offers
72e8cd21-4747-456a-bffd-d6498ce448d1,2026_W23,S1804,U25945,2026-06-02 15:26:58,2026-06-02 15:58:58,Google Ads,Perhaps,Desktop,Chrome,MacOS,/home
72e8cd21-4747-456a-bffd-d6498ce448d1,2026_W23,S1805,U29660,2026-06-06 09:34:56,2026-06-06 09:39:56,Direct,Method,Desktop,Edge,MacOS,/home
72e8cd21-4747-456a-bffd-d6498ce448d1,2026_W23,S1806,U10808,2026-06-02 13:53:50,2026-06-02 14:23:50,Instagram,Reason,Desktop,Edge,MacOS,/offers
72e8cd21-4747-456a-bffd-d6498ce448d1,2026_W23,S1807,U9148,2026-06-02 17:45:11,2026-06-02 18:11:11,Direct,Tough,Desktop,Firefox,iOS,/products
72e8cd21-4747-456a-bffd-d6498ce448d1,2026_W23,S1808,U8711,2026-06-03 06:02:31,2026-06-03 06:22:31,Instagram,Analysis,Mobile,Chrome,Android,/offers
72e8cd21-4747-456a-bffd-d6498ce448d1,2026_W23,S1809,U12870,2026-06-07 07:25:35,2026-06-07 08:04:35,Organic,Indicate,Tablet,Firefox,MacOS,/home
72e8cd21-4747-456a-bffd-d6498ce448d1,2026_W23,S1810,U3811,2026-06-04 15:27:54,2026-06-04 15:54:54,Direct,Place,Desktop,Safari,MacOS,/home
72e8cd21-4747-456a-bffd-d6498ce448d1,2026_W23,S1811,U11688,2026-06-05 01:09:59,2026-06-05 01:47:59,Instagram,Level,Desktop,Firefox,Android,/home
72e8cd21-4747-456a-bffd-d6498ce448d1,2026_W23,S1812,U1107,2026-06-06 18:11:18,2026-06-06 18:39:18,Instagram,Between,Mobile,Chrome,iOS,/home
72e8cd21-4747-456a-bffd-d6498ce448d1,2026_W23,S1813,U15833,2026-06-03 00:02:22,2026-06-03 00:32:22,Instagram,Form,Tablet,Edge,Android,/products
72e8cd21-4747-456a-bffd-d6498ce448d1,2026_W23,S1814,U6224,2026-06-05 00:25:28,2026-06-05 00:32:28,Instagram,Ever,Tablet,Safari,Windows,/products
72e8cd21-4747-456a-bffd-d6498ce448d1,2026_W23,S1815,U15503,2026-06-02 15:59:04,2026-06-02 16:15:04,Facebook,Message,Tablet,Edge,Windows,/offers
72e8cd21-4747-456a-bffd-d6498ce448d1,2026_W23,S1816,U22421,2026-06-06 11:43:17,2026-06-06 12:20:17,Instagram,Community,Mobile,Firefox,MacOS,/products
72e8cd21-4747-456a-bffd-d6498ce448d1,2026_W23,S1817,U14737,2026-06-06 14:47:20,2026-06-06 14:57:20,Direct,Door,Tablet,Chrome,Windows,/products
72e8cd21-4747-456a-bffd-d6498ce448d1,2026_W23,S1818,U28202,2026-06-05 15:46:54,2026-06-05 15:51:54,Google Ads,Child,Mobile,Edge,iOS,/offers
72e8cd21-4747-456a-bffd-d6498ce448d1,2026_W23,S1819,U23880,2026-06-03 21:28:12,2026-06-03 21:32:12,Instagram,Grow,Mobile,Edge,iOS,/products
72e8cd21-4747-456a-bffd-d6498ce448d1,2026_W23,S1820,U1355,2026-06-02 15:55:23,2026-06-02 16:32:23,Google Ads,Never,Mobile,Safari,MacOS,/offers
72e8cd21-4747-456a-bffd-d6498ce448d1,2026_W23,S1821,U27743,2026-06-02 14:42:20,2026-06-02 14:44:20,Email,Offer,Mobile,Safari,MacOS,/offers
72e8cd21-4747-456a-bffd-d6498ce448d1,2026_W23,S1822,U30864,2026-06-07 08:07:21,2026-06-07 08:27:21,Organic,Office,Mobile,Firefox,iOS,/products
72e8cd21-4747-456a-bffd-d6498ce448d1,2026_W23,S1823,U34756,2026-06-03 16:45:03,2026-06-03 17:13:03,Organic,Two,Tablet,Safari,iOS,/products
72e8cd21-4747-456a-bffd-d6498ce448d1,2026_W23,S1824,U24031,2026-06-07 14:09:46,2026-06-07 14:30:46,Facebook,Dinner,Tablet,Firefox,iOS,/offers
72e8cd21-4747-456a-bffd-d6498ce448d1,2026_W23,S1825,U21617,2026-06-06 05:36:02,2026-06-06 05:54:02,Facebook,Technology,Tablet,Edge,Windows,/products
72e8cd21-4747-456a-bffd-d6498ce448d1,2026_W23,S1826,U24961,2026-06-05 10:19:37,2026-06-05 10:40:37,Google Ads,Key,Tablet,Chrome,iOS,/home
72e8cd21-4747-456a-bffd-d6498ce448d1,2026_W23,S1827,U9952,2026-06-05 02:28:03,2026-06-05 02:50:03,Direct,Stock,Desktop,Edge,Windows,/products
72e8cd21-4747-456a-bffd-d6498ce448d1,2026_W23,S1828,U21647,2026-06-06 21:05:24,2026-06-06 21:16:24,Direct,Sense,Desktop,Firefox,iOS,/products
72e8cd21-4747-456a-bffd-d6498ce448d1,2026_W23,S1829,U22121,2026-06-03 21:33:05,2026-06-03 21:45:05,Instagram,Maintain,Tablet,Chrome,Windows,/products
72e8cd21-4747-456a-bffd-d6498ce448d1,2026_W23,S1830,U8673,2026-06-03 03:16:17,2026-06-03 03:19:17,Organic,Camera,Mobile,Firefox,Windows,/products
72e8cd21-4747-456a-bffd-d6498ce448d1,2026_W23,S1831,U30308,2026-06-04 03:13:39,2026-06-04 03:16:39,Google Ads,Trouble,Tablet,Chrome,Windows,/offers
72e8cd21-4747-456a-bffd-d6498ce448d1,2026_W23,S1832,U29207,2026-06-05 01:09:00,2026-06-05 01:32:00,Instagram,Drug,Desktop,Chrome,Android,/home
72e8cd21-4747-456a-bffd-d6498ce448d1,2026_W23,S1833,U16563,2026-06-06 19:05:40,2026-06-06 19:08:40,Direct,Visit,Desktop,Chrome,MacOS,/home
72e8cd21-4747-456a-bffd-d6498ce448d1,2026_W23,S1834,U19697,2026-06-03 14:31:32,2026-06-03 14:58:32,Google Ads,Difficult,Desktop,Firefox,iOS,/offers
72e8cd21-4747-456a-bffd-d6498ce448d1,2026_W23,S1835,U14186,2026-06-02 15:29:01,2026-06-02 16:00:01,Facebook,Must,Desktop,Firefox,Windows,/offers
72e8cd21-4747-456a-bffd-d6498ce448d1,2026_W23,S1836,U17402,2026-06-07 18:03:19,2026-06-07 18:43:19,Facebook,Exactly,Tablet,Chrome,Android,/offers
72e8cd21-4747-456a-bffd-d6498ce448d1,2026_W23,S1837,U8194,2026-06-02 22:39:30,2026-06-02 22:42:30,Organic,Audience,Desktop,Edge,Windows,/products
72e8cd21-4747-456a-bffd-d6498ce448d1,2026_W23,S1838,U6341,2026-06-05 22:04:49,2026-06-05 22:37:49,Google Ads,Candidate,Desktop,Firefox,Android,/home
72e8cd21-4747-456a-bffd-d6498ce448d1,2026_W23,S1839,U14327,2026-06-01 22:14:07,2026-06-01 22:52:07,Facebook,Good,Tablet,Firefox,Android,/offers
72e8cd21-4747-456a-bffd-d6498ce448d1,2026_W23,S1840,U16642,2026-06-04 05:29:03,2026-06-04 05:38:03,Organic,State,Desktop,Chrome,iOS,/offers
72e8cd21-4747-456a-bffd-d6498ce448d1,2026_W23,S1841,U11673,2026-06-02 06:51:41,2026-06-02 06:55:41,Email,Wrong,Tablet,Safari,iOS,/offers
72e8cd21-4747-456a-bffd-d6498ce448d1,2026_W23,S1842,U15444,2026-06-03 16:19:17,2026-06-03 16:33:17,Facebook,Stuff,Tablet,Safari,MacOS,/offers
72e8cd21-4747-456a-bffd-d6498ce448d1,2026_W23,S1843,U285,2026-06-01 21:00:09,2026-06-01 21:35:09,Facebook,Scene,Tablet,Edge,Windows,/offers
72e8cd21-4747-456a-bffd-d6498ce448d1,2026_W23,S1844,U32725,2026-06-03 06:15:11,2026-06-03 06:19:11,Instagram,Have,Mobile,Safari,Android,/products
72e8cd21-4747-456a-bffd-d6498ce448d1,2026_W23,S1845,U6533,2026-06-03 22:05:09,2026-06-03 22:44:09,Organic,Amount,Mobile,Edge,Android,/offers
72e8cd21-4747-456a-bffd-d6498ce448d1,2026_W23,S1846,U14889,2026-06-02 14:16:49,2026-06-02 14:19:49,Facebook,Where,Desktop,Chrome,MacOS,/offers
72e8cd21-4747-456a-bffd-d6498ce448d1,2026_W23,S1847,U22623,2026-06-04 15:01:37,2026-06-04 15:16:37,Instagram,Itself,Tablet,Chrome,Android,/home
72e8cd21-4747-456a-bffd-d6498ce448d1,2026_W23,S1848,U10266,2026-06-03 17:10:28,2026-06-03 17:33:28,Email,Entire,Mobile,Edge,Windows,/offers
72e8cd21-4747-456a-bffd-d6498ce448d1,2026_W23,S1849,U33812,2026-06-03 22:08:29,2026-06-03 22:43:29,Facebook,Act,Desktop,Firefox,Android,/home
72e8cd21-4747-456a-bffd-d6498ce448d1,2026_W23,S1850,U16918,2026-06-02 05:27:29,2026-06-02 06:04:29,Instagram,Prevent,Desktop,Safari,iOS,/products
72e8cd21-4747-456a-bffd-d6498ce448d1,2026_W23,S1851,U3810,2026-06-03 13:12:01,2026-06-03 13:13:01,Direct,Generation,Desktop,Safari,Windows,/offers
72e8cd21-4747-456a-bffd-d6498ce448d1,2026_W23,S1852,U29737,2026-06-02 06:24:23,2026-06-02 06:53:23,Facebook,Choose,Tablet,Safari,iOS,/home
72e8cd21-4747-456a-bffd-d6498ce448d1,2026_W23,S1853,U4742,2026-06-02 10:59:25,2026-06-02 11:21:25,Facebook,Property,Desktop,Firefox,Windows,/products
72e8cd21-4747-456a-bffd-d6498ce448d1,2026_W23,S1854,U21843,2026-06-03 15:48:43,2026-06-03 16:21:43,Google Ads,Experience,Desktop,Firefox,Android,/offers
72e8cd21-4747-456a-bffd-d6498ce448d1,2026_W23,S1855,U26174,2026-06-05 11:57:08,2026-06-05 12:02:08,Google Ads,Arrive,Mobile,Chrome,Windows,/offers
72e8cd21-4747-456a-bffd-d6498ce448d1,2026_W23,S1856,U29665,2026-06-07 13:18:18,2026-06-07 13:20:18,Facebook,Must,Mobile,Safari,Windows,/home
72e8cd21-4747-456a-bffd-d6498ce448d1,2026_W23,S1857,U32003,2026-06-04 04:32:10,2026-06-04 05:07:10,Email,Marriage,Desktop,Chrome,MacOS,/home
72e8cd21-4747-456a-bffd-d6498ce448d1,2026_W23,S1858,U13648,2026-06-04 00:56:43,2026-06-04 01:02:43,Direct,Huge,Tablet,Firefox,Android,/offers
72e8cd21-4747-456a-bffd-d6498ce448d1,2026_W23,S1859,U9845,2026-06-05 07:47:34,2026-06-05 08:01:34,Organic,Human,Mobile,Edge,Windows,/home
72e8cd21-4747-456a-bffd-d6498ce448d1,2026_W23,S1860,U3314,2026-06-06 18:42:32,2026-06-06 18:44:32,Organic,Car,Mobile,Safari,MacOS,/home
72e8cd21-4747-456a-bffd-d6498ce448d1,2026_W23,S1861,U12019,2026-06-04 11:06:41,2026-06-04 11:33:41,Facebook,Unit,Mobile,Edge,MacOS,/products
72e8cd21-4747-456a-bffd-d6498ce448d1,2026_W23,S1862,U13939,2026-06-04 01:56:47,2026-06-04 02:00:47,Organic,Sit,Tablet,Chrome,MacOS,/offers
72e8cd21-4747-456a-bffd-d6498ce448d1,2026_W23,S1863,U15809,2026-06-06 05:51:18,2026-06-06 06:26:18,Instagram,Week,Tablet,Firefox,Windows,/products
72e8cd21-4747-456a-bffd-d6498ce448d1,2026_W23,S1864,U23890,2026-06-04 20:59:25,2026-06-04 21:04:25,Organic,Mouth,Mobile,Edge,Windows,/home
72e8cd21-4747-456a-bffd-d6498ce448d1,2026_W23,S1865,U21827,2026-06-02 02:33:39,2026-06-02 02:40:39,Organic,Candidate,Tablet,Firefox,iOS,/offers
72e8cd21-4747-456a-bffd-d6498ce448d1,2026_W23,S1866,U3169,2026-06-05 01:27:27,2026-06-05 01:43:27,Google Ads,Another,Desktop,Chrome,MacOS,/home
72e8cd21-4747-456a-bffd-d6498ce448d1,2026_W23,S1867,U11207,2026-06-05 00:57:55,2026-06-05 01:22:55,Facebook,Industry,Mobile,Edge,MacOS,/offers
72e8cd21-4747-456a-bffd-d6498ce448d1,2026_W23,S1868,U23390,2026-06-04 02:47:37,2026-06-04 02:48:37,Email,Police,Mobile,Edge,Windows,/products
72e8cd21-4747-456a-bffd-d6498ce448d1,2026_W23,S1869,U23607,2026-06-05 21:02:52,2026-06-05 21:09:52,Direct,Matter,Tablet,Safari,Windows,/home
72e8cd21-4747-456a-bffd-d6498ce448d1,2026_W23,S1870,U15656,2026-06-01 21:21:47,2026-06-01 21:50:47,Instagram,While,Mobile,Edge,MacOS,/offers
72e8cd21-4747-456a-bffd-d6498ce448d1,2026_W23,S1871,U15631,2026-06-06 17:45:58,2026-06-06 18:00:58,Google Ads,Teacher,Mobile,Edge,Android,/products
72e8cd21-4747-456a-bffd-d6498ce448d1,2026_W23,S1872,U31671,2026-06-02 20:05:12,2026-06-02 20:24:12,Organic,Work,Desktop,Safari,Windows,/products
72e8cd21-4747-456a-bffd-d6498ce448d1,2026_W23,S1873,U30761,2026-06-06 08:59:00,2026-06-06 09:02:00,Organic,Majority,Mobile,Safari,Android,/home
72e8cd21-4747-456a-bffd-d6498ce448d1,2026_W23,S1874,U22657,2026-06-03 00:05:35,2026-06-03 00:20:35,Facebook,Region,Mobile,Chrome,Android,/offers
72e8cd21-4747-456a-bffd-d6498ce448d1,2026_W23,S1875,U205,2026-06-02 14:55:36,2026-06-02 15:13:36,Google Ads,Side,Tablet,Chrome,MacOS,/home
72e8cd21-4747-456a-bffd-d6498ce448d1,2026_W23,S1876,U31776,2026-06-06 08:29:25,2026-06-06 09:00:25,Google Ads,Coach,Mobile,Edge,Windows,/products
72e8cd21-4747-456a-bffd-d6498ce448d1,2026_W23,S1877,U102,2026-06-05 15:05:21,2026-06-05 15:15:21,Email,Body,Mobile,Firefox,iOS,/offers
72e8cd21-4747-456a-bffd-d6498ce448d1,2026_W23,S1878,U6566,2026-06-03 04:13:52,2026-06-03 04:17:52,Email,It,Desktop,Chrome,Windows,/products
72e8cd21-4747-456a-bffd-d6498ce448d1,2026_W23,S1879,U32193,2026-06-06 19:49:20,2026-06-06 19:57:20,Instagram,Mouth,Mobile,Firefox,Windows,/products
72e8cd21-4747-456a-bffd-d6498ce448d1,2026_W23,S1880,U30930,2026-06-03 00:34:49,2026-06-03 00:49:49,Email,Yard,Tablet,Safari,Windows,/products
72e8cd21-4747-456a-bffd-d6498ce448d1,2026_W23,S1881,U30732,2026-06-06 16:45:16,2026-06-06 16:54:16,Facebook,Environment,Desktop,Firefox,iOS,/offers
72e8cd21-4747-456a-bffd-d6498ce448d1,2026_W23,S1882,U32939,2026-06-05 11:04:38,2026-06-05 11:42:38,Instagram,No,Tablet,Firefox,iOS,/home
72e8cd21-4747-456a-bffd-d6498ce448d1,2026_W23,S1883,U19780,2026-06-04 03:51:22,2026-06-04 04:23:22,Organic,Size,Tablet,Safari,Windows,/products
72e8cd21-4747-456a-bffd-d6498ce448d1,2026_W23,S1884,U27880,2026-06-07 16:56:17,2026-06-07 17:24:17,Facebook,Notice,Desktop,Chrome,Android,/products
72e8cd21-4747-456a-bffd-d6498ce448d1,2026_W23,S1885,U30331,2026-06-05 21:16:09,2026-06-05 21:27:09,Email,Both,Mobile,Firefox,Windows,/home
72e8cd21-4747-456a-bffd-d6498ce448d1,2026_W23,S1886,U32062,2026-06-03 22:25:41,2026-06-03 22:46:41,Facebook,Manage,Desktop,Chrome,iOS,/offers
72e8cd21-4747-456a-bffd-d6498ce448d1,2026_W23,S1887,U34913,2026-06-06 15:10:14,2026-06-06 15:48:14,Instagram,Box,Tablet,Edge,MacOS,/offers
72e8cd21-4747-456a-bffd-d6498ce448d1,2026_W23,S1888,U24830,2026-06-04 05:41:01,2026-06-04 06:06:01,Organic,Bring,Tablet,Safari,Android,/offers
72e8cd21-4747-456a-bffd-d6498ce448d1,2026_W23,S1889,U15636,2026-06-02 09:00:36,2026-06-02 09:28:36,Google Ads,Home,Desktop,Edge,Android,/offers
72e8cd21-4747-456a-bffd-d6498ce448d1,2026_W23,S1890,U7109,2026-06-04 03:59:07,2026-06-04 04:37:07,Instagram,Long,Mobile,Firefox,Android,/home
72e8cd21-4747-456a-bffd-d6498ce448d1,2026_W23,S1891,U18447,2026-06-04 22:22:43,2026-06-04 22:26:43,Direct,Degree,Desktop,Firefox,Android,/products
72e8cd21-4747-456a-bffd-d6498ce448d1,2026_W23,S1892,U25769,2026-06-02 05:13:02,2026-06-02 05:18:02,Google Ads,Third,Mobile,Edge,MacOS,/home
72e8cd21-4747-456a-bffd-d6498ce448d1,2026_W23,S1893,U2463,2026-06-04 19:42:52,2026-06-04 20:12:52,Instagram,Single,Tablet,Chrome,Windows,/offers
72e8cd21-4747-456a-bffd-d6498ce448d1,2026_W23,S1894,U33553,2026-06-05 23:29:56,2026-06-05 23:37:56,Google Ads,Short,Mobile,Firefox,MacOS,/home
72e8cd21-4747-456a-bffd-d6498ce448d1,2026_W23,S1895,U34150,2026-06-01 23:30:26,2026-06-01 23:43:26,Google Ads,Public,Mobile,Edge,MacOS,/offers
72e8cd21-4747-456a-bffd-d6498ce448d1,2026_W23,S1896,U20149,2026-06-04 20:23:21,2026-06-04 20:58:21,Direct,Property,Tablet,Firefox,MacOS,/offers
72e8cd21-4747-456a-bffd-d6498ce448d1,2026_W23,S1897,U20870,2026-06-04 14:35:32,2026-06-04 14:45:32,Direct,Believe,Mobile,Edge,Windows,/offers
72e8cd21-4747-456a-bffd-d6498ce448d1,2026_W23,S1898,U19079,2026-06-02 20:57:49,2026-06-02 21:26:49,Instagram,Cause,Tablet,Edge,Android,/products
72e8cd21-4747-456a-bffd-d6498ce448d1,2026_W23,S1899,U5159,2026-06-02 13:49:12,2026-06-02 14:08:12,Google Ads,Cultural,Desktop,Chrome,iOS,/products
72e8cd21-4747-456a-bffd-d6498ce448d1,2026_W23,S1900,U6481,2026-06-06 18:22:33,2026-06-06 18:51:33,Direct,Citizen,Mobile,Firefox,Android,/products
72e8cd21-4747-456a-bffd-d6498ce448d1,2026_W23,S1901,U32377,2026-06-02 15:20:24,2026-06-02 15:28:24,Organic,Support,Mobile,Chrome,Android,/home
72e8cd21-4747-456a-bffd-d6498ce448d1,2026_W23,S1902,U23093,2026-06-06 08:25:24,2026-06-06 08:40:24,Direct,Election,Tablet,Firefox,iOS,/offers
72e8cd21-4747-456a-bffd-d6498ce448d1,2026_W23,S1903,U19937,2026-06-07 06:04:35,2026-06-07 06:37:35,Instagram,Center,Mobile,Edge,MacOS,/products
72e8cd21-4747-456a-bffd-d6498ce448d1,2026_W23,S1904,U19276,2026-06-02 20:30:42,2026-06-02 21:02:42,Direct,The,Mobile,Chrome,iOS,/offers
72e8cd21-4747-456a-bffd-d6498ce448d1,2026_W23,S1905,U10762,2026-06-04 16:08:13,2026-06-04 16:32:13,Facebook,Accept,Desktop,Safari,Android,/offers
72e8cd21-4747-456a-bffd-d6498ce448d1,2026_W23,S1906,U29141,2026-06-06 18:04:28,2026-06-06 18:24:28,Direct,Partner,Desktop,Edge,Windows,/products
72e8cd21-4747-456a-bffd-d6498ce448d1,2026_W23,S1907,U13204,2026-06-07 02:18:42,2026-06-07 02:27:42,Email,While,Mobile,Safari,Android,/home
72e8cd21-4747-456a-bffd-d6498ce448d1,2026_W23,S1908,U32168,2026-06-04 10:02:08,2026-06-04 10:26:08,Google Ads,Control,Tablet,Firefox,Android,/offers
72e8cd21-4747-456a-bffd-d6498ce448d1,2026_W23,S1909,U30458,2026-06-02 11:34:14,2026-06-02 11:54:14,Google Ads,Decision,Mobile,Firefox,iOS,/products
72e8cd21-4747-456a-bffd-d6498ce448d1,2026_W23,S1910,U5376,2026-06-06 12:24:03,2026-06-06 12:55:03,Email,Employee,Mobile,Edge,Windows,/offers
72e8cd21-4747-456a-bffd-d6498ce448d1,2026_W23,S1911,U3203,2026-06-07 07:22:17,2026-06-07 07:54:17,Facebook,Hear,Desktop,Firefox,Windows,/products
72e8cd21-4747-456a-bffd-d6498ce448d1,2026_W23,S1912,U11383,2026-06-02 00:24:31,2026-06-02 01:02:31,Organic,Particular,Mobile,Chrome,Android,/home
72e8cd21-4747-456a-bffd-d6498ce448d1,2026_W23,S1913,U5763,2026-06-02 19:08:51,2026-06-02 19:35:51,Instagram,Himself,Mobile,Edge,Android,/home
72e8cd21-4747-456a-bffd-d6498ce448d1,2026_W23,S1914,U12787,2026-06-02 04:03:35,2026-06-02 04:07:35,Direct,Others,Tablet,Edge,Windows,/home
72e8cd21-4747-456a-bffd-d6498ce448d1,2026_W23,S1915,U3739,2026-06-04 14:59:34,2026-06-04 15:12:34,Organic,Simply,Mobile,Safari,MacOS,/products
72e8cd21-4747-456a-bffd-d6498ce448d1,2026_W23,S1916,U3537,2026-06-07 01:25:01,2026-06-07 01:32:01,Email,Total,Mobile,Firefox,Windows,/products
72e8cd21-4747-456a-bffd-d6498ce448d1,2026_W23,S1917,U29584,2026-06-03 15:40:20,2026-06-03 15:45:20,Facebook,Once,Desktop,Firefox,MacOS,/products
72e8cd21-4747-456a-bffd-d6498ce448d1,2026_W23,S1918,U13271,2026-06-04 00:16:56,2026-06-04 00:17:56,Email,Brother,Mobile,Edge,Android,/offers
72e8cd21-4747-456a-bffd-d6498ce448d1,2026_W23,S1919,U30568,2026-06-06 09:37:56,2026-06-06 09:39:56,Organic,Hundred,Desktop,Safari,Android,/products
72e8cd21-4747-456a-bffd-d6498ce448d1,2026_W23,S1920,U11909,2026-06-02 21:42:20,2026-06-02 21:55:20,Instagram,At,Mobile,Safari,MacOS,/home
72e8cd21-4747-456a-bffd-d6498ce448d1,2026_W23,S1921,U23150,2026-06-06 06:19:55,2026-06-06 06:32:55,Organic,Fear,Mobile,Edge,Windows,/home
72e8cd21-4747-456a-bffd-d6498ce448d1,2026_W23,S1922,U27434,2026-06-06 12:28:24,2026-06-06 12:48:24,Organic,Win,Tablet,Firefox,Android,/home
72e8cd21-4747-456a-bffd-d6498ce448d1,2026_W23,S1923,U5078,2026-06-04 17:59:17,2026-06-04 18:26:17,Direct,Thing,Mobile,Safari,Windows,/offers
72e8cd21-4747-456a-bffd-d6498ce448d1,2026_W23,S1924,U8278,2026-06-04 17:09:01,2026-06-04 17:32:01,Instagram,Really,Tablet,Safari,Windows,/home
72e8cd21-4747-456a-bffd-d6498ce448d1,2026_W23,S1925,U18959,2026-06-02 14:38:49,2026-06-02 14:41:49,Google Ads,The,Mobile,Edge,Windows,/offers
72e8cd21-4747-456a-bffd-d6498ce448d1,2026_W23,S1926,U34826,2026-06-05 04:04:41,2026-06-05 04:14:41,Direct,Window,Desktop,Edge,Android,/products
72e8cd21-4747-456a-bffd-d6498ce448d1,2026_W23,S1927,U29933,2026-06-03 04:54:08,2026-06-03 05:08:08,Google Ads,No,Desktop,Firefox,Android,/products
72e8cd21-4747-456a-bffd-d6498ce448d1,2026_W23,S1928,U7764,2026-06-07 07:11:02,2026-06-07 07:20:02,Organic,Note,Tablet,Chrome,iOS,/products
72e8cd21-4747-456a-bffd-d6498ce448d1,2026_W23,S1929,U6317,2026-06-06 08:11:10,2026-06-06 08:31:10,Email,Water,Desktop,Chrome,Android,/home
72e8cd21-4747-456a-bffd-d6498ce448d1,2026_W23,S1930,U13120,2026-06-05 21:46:21,2026-06-05 22:14:21,Direct,Lot,Desktop,Safari,iOS,/offers
72e8cd21-4747-456a-bffd-d6498ce448d1,2026_W23,S1931,U17119,2026-06-03 14:22:48,2026-06-03 14:36:48,Facebook,Future,Mobile,Safari,Windows,/home
72e8cd21-4747-456a-bffd-d6498ce448d1,2026_W23,S1932,U1815,2026-06-07 19:00:55,2026-06-07 19:25:55,Google Ads,Employee,Tablet,Edge,Android,/offers
72e8cd21-4747-456a-bffd-d6498ce448d1,2026_W23,S1933,U30443,2026-06-04 09:39:08,2026-06-04 09:47:08,Google Ads,Yard,Tablet,Firefox,iOS,/products
72e8cd21-4747-456a-bffd-d6498ce448d1,2026_W23,S1934,U19014,2026-06-02 13:21:15,2026-06-02 13:26:15,Organic,Feel,Tablet,Safari,Windows,/offers
72e8cd21-4747-456a-bffd-d6498ce448d1,2026_W23,S1935,U14433,2026-06-02 08:54:01,2026-06-02 09:08:01,Email,Put,Desktop,Edge,Windows,/offers
72e8cd21-4747-456a-bffd-d6498ce448d1,2026_W23,S1936,U13815,2026-06-07 04:39:44,2026-06-07 05:15:44,Instagram,Chair,Desktop,Edge,iOS,/offers
72e8cd21-4747-456a-bffd-d6498ce448d1,2026_W23,S1937,U28603,2026-06-07 15:17:06,2026-06-07 15:25:06,Instagram,Visit,Desktop,Chrome,Android,/home
72e8cd21-4747-456a-bffd-d6498ce448d1,2026_W23,S1938,U33400,2026-06-05 22:08:50,2026-06-05 22:13:50,Direct,Cultural,Desktop,Chrome,Windows,/products
72e8cd21-4747-456a-bffd-d6498ce448d1,2026_W23,S1939,U15966,2026-06-02 02:00:21,2026-06-02 02:02:21,Google Ads,Create,Tablet,Edge,MacOS,/products
72e8cd21-4747-456a-bffd-d6498ce448d1,2026_W23,S1940,U7925,2026-06-05 02:18:55,2026-06-05 02:30:55,Organic,Give,Mobile,Safari,Android,/products
72e8cd21-4747-456a-bffd-d6498ce448d1,2026_W23,S1941,U5588,2026-06-04 04:16:04,2026-06-04 04:50:04,Email,New,Desktop,Firefox,Android,/home
72e8cd21-4747-456a-bffd-d6498ce448d1,2026_W23,S1942,U3581,2026-06-06 16:28:52,2026-06-06 16:44:52,Facebook,Civil,Mobile,Firefox,iOS,/offers
72e8cd21-4747-456a-bffd-d6498ce448d1,2026_W23,S1943,U14287,2026-06-03 17:19:59,2026-06-03 17:32:59,Email,Letter,Tablet,Safari,MacOS,/home
72e8cd21-4747-456a-bffd-d6498ce448d1,2026_W23,S1944,U24402,2026-06-04 04:46:22,2026-06-04 05:10:22,Instagram,Per,Mobile,Chrome,MacOS,/offers
72e8cd21-4747-456a-bffd-d6498ce448d1,2026_W23,S1945,U7019,2026-06-03 11:42:32,2026-06-03 12:07:32,Email,Have,Mobile,Firefox,Android,/home
72e8cd21-4747-456a-bffd-d6498ce448d1,2026_W23,S1946,U4631,2026-06-05 17:43:44,2026-06-05 17:57:44,Email,Size,Mobile,Safari,MacOS,/home
72e8cd21-4747-456a-bffd-d6498ce448d1,2026_W23,S1947,U24436,2026-06-04 22:24:38,2026-06-04 22:31:38,Instagram,Fund,Desktop,Firefox,Windows,/offers
72e8cd21-4747-456a-bffd-d6498ce448d1,2026_W23,S1948,U31414,2026-06-05 05:48:30,2026-06-05 05:50:30,Organic,Consider,Mobile,Firefox,MacOS,/home
72e8cd21-4747-456a-bffd-d6498ce448d1,2026_W23,S1949,U23804,2026-06-06 02:41:22,2026-06-06 03:19:22,Direct,Feel,Desktop,Safari,Windows,/home
72e8cd21-4747-456a-bffd-d6498ce448d1,2026_W23,S1950,U13531,2026-06-05 17:24:44,2026-06-05 17:58:44,Facebook,Property,Mobile,Safari,MacOS,/home
72e8cd21-4747-456a-bffd-d6498ce448d1,2026_W23,S1951,U15524,2026-06-02 14:34:54,2026-06-02 15:05:54,Instagram,Effort,Mobile,Edge,Windows,/products
72e8cd21-4747-456a-bffd-d6498ce448d1,2026_W23,S1952,U6215,2026-06-07 07:48:57,2026-06-07 07:56:57,Facebook,Trouble,Tablet,Firefox,Windows,/home
72e8cd21-4747-456a-bffd-d6498ce448d1,2026_W23,S1953,U8089,2026-06-04 12:35:04,2026-06-04 13:08:04,Google Ads,Section,Tablet,Safari,iOS,/products
72e8cd21-4747-456a-bffd-d6498ce448d1,2026_W23,S1954,U1849,2026-06-06 19:48:21,2026-06-06 20:17:21,Email,Herself,Mobile,Firefox,Android,/products
72e8cd21-4747-456a-bffd-d6498ce448d1,2026_W23,S1955,U10658,2026-06-02 00:40:22,2026-06-02 01:19:22,Facebook,School,Desktop,Safari,Windows,/offers
72e8cd21-4747-456a-bffd-d6498ce448d1,2026_W23,S1956,U31853,2026-06-07 04:40:06,2026-06-07 05:15:06,Organic,Beyond,Tablet,Edge,MacOS,/products
72e8cd21-4747-456a-bffd-d6498ce448d1,2026_W23,S1957,U14111,2026-06-05 21:49:10,2026-06-05 22:08:10,Direct,Brother,Desktop,Chrome,Windows,/products
72e8cd21-4747-456a-bffd-d6498ce448d1,2026_W23,S1958,U5240,2026-06-06 01:56:02,2026-06-06 02:22:02,Organic,Republican,Mobile,Edge,MacOS,/home
72e8cd21-4747-456a-bffd-d6498ce448d1,2026_W23,S1959,U30328,2026-06-04 19:54:42,2026-06-04 20:21:42,Organic,One,Tablet,Chrome,iOS,/products
72e8cd21-4747-456a-bffd-d6498ce448d1,2026_W23,S1960,U25404,2026-06-06 07:02:13,2026-06-06 07:20:13,Facebook,Church,Mobile,Chrome,iOS,/home
72e8cd21-4747-456a-bffd-d6498ce448d1,2026_W23,S1961,U20400,2026-06-04 09:56:58,2026-06-04 10:00:58,Direct,Back,Tablet,Chrome,Android,/home
72e8cd21-4747-456a-bffd-d6498ce448d1,2026_W23,S1962,U32788,2026-06-02 11:36:18,2026-06-02 12:14:18,Email,Common,Mobile,Chrome,iOS,/products
72e8cd21-4747-456a-bffd-d6498ce448d1,2026_W23,S1963,U15785,2026-06-07 12:26:00,2026-06-07 12:47:00,Facebook,Water,Desktop,Chrome,Android,/products
72e8cd21-4747-456a-bffd-d6498ce448d1,2026_W23,S1964,U33501,2026-06-02 03:18:00,2026-06-02 03:36:00,Google Ads,Serious,Desktop,Chrome,Android,/offers
72e8cd21-4747-456a-bffd-d6498ce448d1,2026_W23,S1965,U19156,2026-06-02 04:49:39,2026-06-02 05:21:39,Instagram,Certainly,Tablet,Chrome,Windows,/home
72e8cd21-4747-456a-bffd-d6498ce448d1,2026_W23,S1966,U9966,2026-06-05 19:12:39,2026-06-05 19:33:39,Direct,Investment,Mobile,Chrome,Android,/products
72e8cd21-4747-456a-bffd-d6498ce448d1,2026_W23,S1967,U1059,2026-06-02 05:02:25,2026-06-02 05:09:25,Organic,Where,Tablet,Edge,Android,/products
72e8cd21-4747-456a-bffd-d6498ce448d1,2026_W23,S1968,U34951,2026-06-07 13:34:14,2026-06-07 13:50:14,Email,War,Tablet,Edge,Android,/products
72e8cd21-4747-456a-bffd-d6498ce448d1,2026_W23,S1969,U23417,2026-06-03 20:31:21,2026-06-03 20:45:21,Facebook,Station,Tablet,Edge,iOS,/offers
72e8cd21-4747-456a-bffd-d6498ce448d1,2026_W23,S1970,U21234,2026-06-02 13:43:39,2026-06-02 14:23:39,Google Ads,Marriage,Desktop,Edge,MacOS,/offers
72e8cd21-4747-456a-bffd-d6498ce448d1,2026_W23,S1971,U27987,2026-06-05 01:03:26,2026-06-05 01:22:26,Organic,Training,Mobile,Chrome,Android,/products
72e8cd21-4747-456a-bffd-d6498ce448d1,2026_W23,S1972,U3044,2026-06-06 16:45:12,2026-06-06 16:53:12,Organic,Right,Tablet,Edge,iOS,/products
72e8cd21-4747-456a-bffd-d6498ce448d1,2026_W23,S1973,U15205,2026-06-05 15:32:49,2026-06-05 16:02:49,Instagram,Tell,Desktop,Safari,Android,/offers
72e8cd21-4747-456a-bffd-d6498ce448d1,2026_W23,S1974,U6523,2026-06-06 14:22:53,2026-06-06 14:28:53,Instagram,Charge,Desktop,Chrome,iOS,/offers
72e8cd21-4747-456a-bffd-d6498ce448d1,2026_W23,S1975,U31583,2026-06-03 19:50:43,2026-06-03 19:56:43,Facebook,Skin,Desktop,Chrome,MacOS,/home
72e8cd21-4747-456a-bffd-d6498ce448d1,2026_W23,S1976,U26525,2026-06-02 13:10:49,2026-06-02 13:46:49,Direct,More,Tablet,Chrome,Windows,/products
72e8cd21-4747-456a-bffd-d6498ce448d1,2026_W23,S1977,U14493,2026-06-05 12:19:16,2026-06-05 12:23:16,Instagram,These,Tablet,Firefox,Windows,/offers
72e8cd21-4747-456a-bffd-d6498ce448d1,2026_W23,S1978,U10925,2026-06-05 06:37:56,2026-06-05 06:45:56,Direct,Special,Mobile,Safari,Android,/products
72e8cd21-4747-456a-bffd-d6498ce448d1,2026_W23,S1979,U28403,2026-06-06 21:24:54,2026-06-06 22:02:54,Email,Response,Tablet,Safari,Android,/products
72e8cd21-4747-456a-bffd-d6498ce448d1,2026_W23,S1980,U7520,2026-06-01 21:31:54,2026-06-01 22:00:54,Instagram,One,Tablet,Safari,MacOS,/offers
72e8cd21-4747-456a-bffd-d6498ce448d1,2026_W23,S1981,U16430,2026-06-03 01:14:24,2026-06-03 01:28:24,Facebook,Point,Mobile,Safari,iOS,/home
72e8cd21-4747-456a-bffd-d6498ce448d1,2026_W23,S1982,U9225,2026-06-07 15:38:52,2026-06-07 15:54:52,Google Ads,Candidate,Mobile,Edge,Android,/offers
72e8cd21-4747-456a-bffd-d6498ce448d1,2026_W23,S1983,U18592,2026-06-04 17:41:20,2026-06-04 18:16:20,Instagram,Draw,Tablet,Safari,MacOS,/products
72e8cd21-4747-456a-bffd-d6498ce448d1,2026_W23,S1984,U23561,2026-06-04 04:39:13,2026-06-04 05:02:13,Google Ads,Test,Desktop,Chrome,Android,/products
72e8cd21-4747-456a-bffd-d6498ce448d1,2026_W23,S1985,U7733,2026-06-02 19:33:12,2026-06-02 19:49:12,Google Ads,State,Tablet,Safari,Android,/products
72e8cd21-4747-456a-bffd-d6498ce448d1,2026_W23,S1986,U34809,2026-06-05 07:47:07,2026-06-05 08:16:07,Direct,Offer,Mobile,Edge,Windows,/products
72e8cd21-4747-456a-bffd-d6498ce448d1,2026_W23,S1987,U10599,2026-06-02 06:24:26,2026-06-02 06:29:26,Direct,Low,Tablet,Safari,MacOS,/products
72e8cd21-4747-456a-bffd-d6498ce448d1,2026_W23,S1988,U19831,2026-06-04 20:55:07,2026-06-04 21:23:07,Organic,Bank,Desktop,Firefox,Windows,/products
72e8cd21-4747-456a-bffd-d6498ce448d1,2026_W23,S1989,U5729,2026-06-05 22:40:19,2026-06-05 23:20:19,Email,Hand,Tablet,Chrome,iOS,/offers
72e8cd21-4747-456a-bffd-d6498ce448d1,2026_W23,S1990,U74,2026-06-02 05:19:34,2026-06-02 05:25:34,Direct,Politics,Tablet,Firefox,Android,/offers
72e8cd21-4747-456a-bffd-d6498ce448d1,2026_W23,S1991,U2046,2026-06-05 11:37:32,2026-06-05 11:49:32,Organic,Him,Desktop,Edge,MacOS,/offers
72e8cd21-4747-456a-bffd-d6498ce448d1,2026_W23,S1992,U3141,2026-06-06 18:27:35,2026-06-06 18:42:35,Direct,Hour,Desktop,Safari,Windows,/home
72e8cd21-4747-456a-bffd-d6498ce448d1,2026_W23,S1993,U28351,2026-06-07 19:48:59,2026-06-07 20:19:59,Instagram,Answer,Desktop,Chrome,Android,/offers
72e8cd21-4747-456a-bffd-d6498ce448d1,2026_W23,S1994,U6277,2026-06-05 09:09:45,2026-06-05 09:21:45,Instagram,Woman,Mobile,Chrome,Android,/offers
72e8cd21-4747-456a-bffd-d6498ce448d1,2026_W23,S1995,U10971,2026-06-05 09:48:57,2026-06-05 10:01:57,Instagram,Catch,Tablet,Safari,Windows,/offers
72e8cd21-4747-456a-bffd-d6498ce448d1,2026_W23,S1996,U26402,2026-06-02 16:09:48,2026-06-02 16:27:48,Direct,Buy,Tablet,Firefox,MacOS,/products
72e8cd21-4747-456a-bffd-d6498ce448d1,2026_W23,S1997,U5461,2026-06-05 17:05:12,2026-06-05 17:45:12,Google Ads,Child,Tablet,Edge,Windows,/products
72e8cd21-4747-456a-bffd-d6498ce448d1,2026_W23,S1998,U30680,2026-06-04 15:27:01,2026-06-04 15:50:01,Email,Brother,Desktop,Chrome,MacOS,/home
72e8cd21-4747-456a-bffd-d6498ce448d1,2026_W23,S1999,U19232,2026-06-03 14:15:35,2026-06-03 14:43:35,Facebook,Along,Mobile,Edge,Android,/offers
72e8cd21-4747-456a-bffd-d6498ce448d1,2026_W23,S2000,U24648,2026-06-03 15:57:17,2026-06-03 16:22:17,Email,While,Tablet,Edge,Android,/home
72e8cd21-4747-456a-bffd-d6498ce448d1,2026_W23,S2001,U30190,2026-06-05 03:19:03,2026-06-05 03:46:03,Facebook,Many,Desktop,Chrome,iOS,/offers
72e8cd21-4747-456a-bffd-d6498ce448d1,2026_W23,S2002,U845,2026-06-07 00:11:59,2026-06-07 00:46:59,Instagram,Role,Tablet,Firefox,MacOS,/home
72e8cd21-4747-456a-bffd-d6498ce448d1,2026_W23,S2003,U17035,2026-06-07 03:48:36,2026-06-07 04:11:36,Google Ads,Congress,Desktop,Chrome,Windows,/home
72e8cd21-4747-456a-bffd-d6498ce448d1,2026_W23,S2004,U17292,2026-06-02 06:50:51,2026-06-02 07:21:51,Direct,Meeting,Desktop,Safari,iOS,/products
72e8cd21-4747-456a-bffd-d6498ce448d1,2026_W23,S2005,U29944,2026-06-02 14:19:10,2026-06-02 14:20:10,Instagram,Account,Tablet,Chrome,Android,/offers
72e8cd21-4747-456a-bffd-d6498ce448d1,2026_W23,S2006,U15636,2026-06-05 05:42:23,2026-06-05 05:58:23,Instagram,Speech,Mobile,Firefox,Android,/home
72e8cd21-4747-456a-bffd-d6498ce448d1,2026_W23,S2007,U29504,2026-06-03 11:32:11,2026-06-03 11:48:11,Instagram,Box,Desktop,Edge,iOS,/products
72e8cd21-4747-456a-bffd-d6498ce448d1,2026_W23,S2008,U22100,2026-06-03 06:28:04,2026-06-03 06:45:04,Email,Own,Desktop,Safari,Android,/offers
72e8cd21-4747-456a-bffd-d6498ce448d1,2026_W23,S2009,U16323,2026-06-02 14:04:18,2026-06-02 14:30:18,Organic,Somebody,Desktop,Chrome,MacOS,/offers
72e8cd21-4747-456a-bffd-d6498ce448d1,2026_W23,S2010,U17641,2026-06-05 06:11:09,2026-06-05 06:36:09,Direct,Difference,Mobile,Firefox,Android,/home
72e8cd21-4747-456a-bffd-d6498ce448d1,2026_W23,S2011,U10873,2026-06-03 19:57:06,2026-06-03 20:36:06,Instagram,Service,Tablet,Safari,Android,/offers
72e8cd21-4747-456a-bffd-d6498ce448d1,2026_W23,S2012,U10380,2026-06-02 22:22:11,2026-06-02 23:02:11,Organic,Couple,Tablet,Firefox,iOS,/home
72e8cd21-4747-456a-bffd-d6498ce448d1,2026_W23,S2013,U13509,2026-06-07 15:31:10,2026-06-07 15:37:10,Email,Rest,Tablet,Safari,Android,/home
72e8cd21-4747-456a-bffd-d6498ce448d1,2026_W23,S2014,U10574,2026-06-05 21:00:14,2026-06-05 21:06:14,Google Ads,Close,Tablet,Chrome,Android,/products
72e8cd21-4747-456a-bffd-d6498ce448d1,2026_W23,S2015,U23691,2026-06-02 09:34:04,2026-06-02 10:02:04,Organic,Reach,Tablet,Chrome,iOS,/products
72e8cd21-4747-456a-bffd-d6498ce448d1,2026_W23,S2016,U30590,2026-06-06 05:36:43,2026-06-06 06:04:43,Email,Thus,Mobile,Chrome,MacOS,/home
72e8cd21-4747-456a-bffd-d6498ce448d1,2026_W23,S2017,U2737,2026-06-04 20:22:35,2026-06-04 20:45:35,Direct,Traditional,Desktop,Edge,MacOS,/offers
72e8cd21-4747-456a-bffd-d6498ce448d1,2026_W23,S2018,U16013,2026-06-07 07:05:43,2026-06-07 07:28:43,Direct,American,Desktop,Edge,iOS,/home
72e8cd21-4747-456a-bffd-d6498ce448d1,2026_W23,S2019,U34109,2026-06-04 05:39:13,2026-06-04 06:18:13,Direct,Probably,Mobile,Firefox,Android,/home
72e8cd21-4747-456a-bffd-d6498ce448d1,2026_W23,S2020,U27680,2026-06-02 01:41:09,2026-06-02 02:15:09,Instagram,Hundred,Mobile,Safari,Android,/offers
72e8cd21-4747-456a-bffd-d6498ce448d1,2026_W23,S2021,U2891,2026-06-05 19:06:50,2026-06-05 19:45:50,Email,Along,Mobile,Firefox,iOS,/home
72e8cd21-4747-456a-bffd-d6498ce448d1,2026_W23,S2022,U26311,2026-06-03 22:20:19,2026-06-03 22:56:19,Instagram,Language,Tablet,Chrome,Android,/products
72e8cd21-4747-456a-bffd-d6498ce448d1,2026_W23,S2023,U29988,2026-06-04 01:16:06,2026-06-04 01:19:06,Google Ads,Head,Tablet,Firefox,Android,/offers
72e8cd21-4747-456a-bffd-d6498ce448d1,2026_W23,S2024,U28040,2026-06-07 15:25:59,2026-06-07 15:39:59,Facebook,For,Tablet,Chrome,Windows,/products
72e8cd21-4747-456a-bffd-d6498ce448d1,2026_W23,S2025,U26633,2026-06-06 15:36:00,2026-06-06 16:02:00,Direct,Herself,Mobile,Chrome,iOS,/home
72e8cd21-4747-456a-bffd-d6498ce448d1,2026_W23,S2026,U19542,2026-06-05 03:08:15,2026-06-05 03:10:15,Direct,Fund,Tablet,Edge,MacOS,/home
72e8cd21-4747-456a-bffd-d6498ce448d1,2026_W23,S2027,U22295,2026-06-05 16:02:10,2026-06-05 16:36:10,Organic,Outside,Mobile,Edge,Windows,/home
72e8cd21-4747-456a-bffd-d6498ce448d1,2026_W23,S2028,U19611,2026-06-02 14:45:38,2026-06-02 15:16:38,Facebook,Everything,Tablet,Edge,iOS,/home
72e8cd21-4747-456a-bffd-d6498ce448d1,2026_W23,S2029,U7830,2026-06-06 07:24:19,2026-06-06 07:31:19,Email,Artist,Tablet,Firefox,Windows,/products
72e8cd21-4747-456a-bffd-d6498ce448d1,2026_W23,S2030,U6345,2026-06-06 19:51:01,2026-06-06 20:24:01,Organic,Quickly,Desktop,Safari,Android,/home
72e8cd21-4747-456a-bffd-d6498ce448d1,2026_W23,S2031,U7204,2026-06-04 21:09:58,2026-06-04 21:14:58,Facebook,Fall,Tablet,Firefox,Android,/products
72e8cd21-4747-456a-bffd-d6498ce448d1,2026_W23,S2032,U23425,2026-06-06 08:39:41,2026-06-06 09:06:41,Instagram,Eight,Desktop,Firefox,iOS,/offers
72e8cd21-4747-456a-bffd-d6498ce448d1,2026_W23,S2033,U25351,2026-06-07 00:54:24,2026-06-07 01:00:24,Organic,Receive,Tablet,Edge,Windows,/products
72e8cd21-4747-456a-bffd-d6498ce448d1,2026_W23,S2034,U13183,2026-06-06 12:41:57,2026-06-06 13:17:57,Direct,Attack,Mobile,Chrome,MacOS,/offers
72e8cd21-4747-456a-bffd-d6498ce448d1,2026_W23,S2035,U16620,2026-06-02 20:23:03,2026-06-02 20:43:03,Instagram,Program,Desktop,Firefox,MacOS,/products
72e8cd21-4747-456a-bffd-d6498ce448d1,2026_W23,S2036,U30309,2026-06-03 02:03:27,2026-06-03 02:36:27,Google Ads,Sell,Mobile,Safari,iOS,/home
72e8cd21-4747-456a-bffd-d6498ce448d1,2026_W23,S2037,U21232,2026-06-03 00:19:58,2026-06-03 00:25:58,Facebook,Part,Mobile,Chrome,iOS,/home
72e8cd21-4747-456a-bffd-d6498ce448d1,2026_W23,S2038,U12065,2026-06-05 12:24:47,2026-06-05 12:47:47,Facebook,Easy,Desktop,Chrome,iOS,/products
72e8cd21-4747-456a-bffd-d6498ce448d1,2026_W23,S2039,U32817,2026-06-03 09:26:34,2026-06-03 09:44:34,Email,Avoid,Tablet,Firefox,Windows,/offers
72e8cd21-4747-456a-bffd-d6498ce448d1,2026_W23,S2040,U24955,2026-06-05 08:29:34,2026-06-05 08:32:34,Email,Follow,Tablet,Edge,iOS,/offers
72e8cd21-4747-456a-bffd-d6498ce448d1,2026_W23,S2041,U12881,2026-06-04 01:18:11,2026-06-04 01:31:11,Facebook,Require,Desktop,Firefox,MacOS,/offers
72e8cd21-4747-456a-bffd-d6498ce448d1,2026_W23,S2042,U24061,2026-06-02 05:01:20,2026-06-02 05:30:20,Organic,Something,Tablet,Edge,iOS,/products
72e8cd21-4747-456a-bffd-d6498ce448d1,2026_W23,S2043,U23217,2026-06-04 00:51:06,2026-06-04 01:07:06,Email,From,Tablet,Edge,Windows,/products
72e8cd21-4747-456a-bffd-d6498ce448d1,2026_W23,S2044,U15500,2026-06-04 16:41:20,2026-06-04 17:05:20,Facebook,Expect,Desktop,Edge,Windows,/home
72e8cd21-4747-456a-bffd-d6498ce448d1,2026_W23,S2045,U27575,2026-06-05 18:53:50,2026-06-05 19:13:50,Direct,Anyone,Tablet,Firefox,Android,/products
72e8cd21-4747-456a-bffd-d6498ce448d1,2026_W23,S2046,U25791,2026-06-07 12:41:19,2026-06-07 13:16:19,Direct,War,Tablet,Chrome,iOS,/offers
72e8cd21-4747-456a-bffd-d6498ce448d1,2026_W23,S2047,U13507,2026-06-07 05:31:13,2026-06-07 05:52:13,Google Ads,Determine,Mobile,Firefox,iOS,/home
72e8cd21-4747-456a-bffd-d6498ce448d1,2026_W23,S2048,U12138,2026-06-07 00:25:05,2026-06-07 00:46:05,Facebook,Television,Desktop,Firefox,iOS,/offers
72e8cd21-4747-456a-bffd-d6498ce448d1,2026_W23,S2049,U3258,2026-06-01 23:31:47,2026-06-01 23:40:47,Organic,Speak,Desktop,Firefox,iOS,/home
72e8cd21-4747-456a-bffd-d6498ce448d1,2026_W23,S2050,U30898,2026-06-04 11:56:25,2026-06-04 12:21:25,Organic,Similar,Mobile,Safari,Windows,/products
72e8cd21-4747-456a-bffd-d6498ce448d1,2026_W23,S2051,U10638,2026-06-05 12:26:53,2026-06-05 13:05:53,Organic,Season,Mobile,Safari,Windows,/products
72e8cd21-4747-456a-bffd-d6498ce448d1,2026_W23,S2052,U8642,2026-06-06 18:54:23,2026-06-06 19:25:23,Email,Major,Mobile,Chrome,MacOS,/products
72e8cd21-4747-456a-bffd-d6498ce448d1,2026_W23,S2053,U20231,2026-06-06 19:47:36,2026-06-06 20:27:36,Google Ads,Person,Tablet,Edge,Android,/offers
72e8cd21-4747-456a-bffd-d6498ce448d1,2026_W23,S2054,U9968,2026-06-07 15:05:10,2026-06-07 15:10:10,Instagram,Trade,Mobile,Firefox,iOS,/offers
72e8cd21-4747-456a-bffd-d6498ce448d1,2026_W23,S2055,U18652,2026-06-04 02:33:23,2026-06-04 02:56:23,Organic,Culture,Desktop,Chrome,Android,/products
72e8cd21-4747-456a-bffd-d6498ce448d1,2026_W23,S2056,U3176,2026-06-07 06:17:05,2026-06-07 06:33:05,Email,School,Tablet,Chrome,Android,/products
72e8cd21-4747-456a-bffd-d6498ce448d1,2026_W23,S2057,U14286,2026-06-03 23:15:54,2026-06-03 23:27:54,Email,Report,Mobile,Chrome,Windows,/products
72e8cd21-4747-456a-bffd-d6498ce448d1,2026_W23,S2058,U4079,2026-06-04 16:53:47,2026-06-04 17:18:47,Google Ads,What,Mobile,Edge,Android,/home
72e8cd21-4747-456a-bffd-d6498ce448d1,2026_W23,S2059,U18145,2026-06-05 11:15:42,2026-06-05 11:16:42,Direct,Building,Mobile,Firefox,Windows,/products
72e8cd21-4747-456a-bffd-d6498ce448d1,2026_W23,S2060,U20080,2026-06-02 10:45:37,2026-06-02 11:03:37,Direct,Myself,Desktop,Firefox,Android,/home
72e8cd21-4747-456a-bffd-d6498ce448d1,2026_W23,S2061,U10581,2026-06-04 03:50:07,2026-06-04 04:15:07,Direct,Carry,Desktop,Safari,Windows,/offers
72e8cd21-4747-456a-bffd-d6498ce448d1,2026_W23,S2062,U1729,2026-06-05 04:36:09,2026-06-05 05:09:09,Instagram,Democrat,Desktop,Chrome,iOS,/home
72e8cd21-4747-456a-bffd-d6498ce448d1,2026_W23,S2063,U3145,2026-06-06 02:37:01,2026-06-06 03:14:01,Email,Weight,Tablet,Firefox,iOS,/home
72e8cd21-4747-456a-bffd-d6498ce448d1,2026_W23,S2064,U26599,2026-06-06 14:57:52,2026-06-06 15:09:52,Organic,Somebody,Mobile,Safari,Windows,/home
72e8cd21-4747-456a-bffd-d6498ce448d1,2026_W23,S2065,U27513,2026-06-06 04:19:32,2026-06-06 04:32:32,Instagram,Kind,Desktop,Firefox,Android,/offers
72e8cd21-4747-456a-bffd-d6498ce448d1,2026_W23,S2066,U26279,2026-06-05 08:34:52,2026-06-05 09:07:52,Instagram,Similar,Mobile,Safari,iOS,/home
72e8cd21-4747-456a-bffd-d6498ce448d1,2026_W23,S2067,U20944,2026-06-03 03:34:40,2026-06-03 04:12:40,Email,Manager,Desktop,Firefox,MacOS,/products
72e8cd21-4747-456a-bffd-d6498ce448d1,2026_W23,S2068,U7976,2026-06-07 05:59:29,2026-06-07 06:24:29,Email,Else,Tablet,Safari,Windows,/offers
72e8cd21-4747-456a-bffd-d6498ce448d1,2026_W23,S2069,U6375,2026-06-02 21:03:09,2026-06-02 21:39:09,Facebook,Item,Mobile,Chrome,Windows,/home
72e8cd21-4747-456a-bffd-d6498ce448d1,2026_W23,S2070,U2091,2026-06-02 14:27:02,2026-06-02 15:01:02,Email,Like,Mobile,Firefox,Windows,/home
72e8cd21-4747-456a-bffd-d6498ce448d1,2026_W23,S2071,U8900,2026-06-07 09:47:46,2026-06-07 09:48:46,Instagram,Which,Mobile,Firefox,iOS,/offers
72e8cd21-4747-456a-bffd-d6498ce448d1,2026_W23,S2072,U16915,2026-06-05 07:55:01,2026-06-05 08:22:01,Organic,Could,Desktop,Chrome,Windows,/offers
72e8cd21-4747-456a-bffd-d6498ce448d1,2026_W23,S2073,U23224,2026-06-05 08:57:09,2026-06-05 09:31:09,Email,Republican,Desktop,Firefox,MacOS,/products
72e8cd21-4747-456a-bffd-d6498ce448d1,2026_W23,S2074,U536,2026-06-04 15:28:10,2026-06-04 15:45:10,Email,Whose,Desktop,Chrome,Windows,/home
72e8cd21-4747-456a-bffd-d6498ce448d1,2026_W23,S2075,U20828,2026-06-05 18:52:14,2026-06-05 18:57:14,Instagram,Player,Desktop,Safari,iOS,/products
72e8cd21-4747-456a-bffd-d6498ce448d1,2026_W23,S2076,U7720,2026-06-05 20:27:15,2026-06-05 20:35:15,Google Ads,Their,Tablet,Edge,MacOS,/home
72e8cd21-4747-456a-bffd-d6498ce448d1,2026_W23,S2077,U1933,2026-06-02 05:43:02,2026-06-02 06:10:02,Instagram,Center,Desktop,Safari,Android,/home
72e8cd21-4747-456a-bffd-d6498ce448d1,2026_W23,S2078,U18471,2026-06-04 14:37:06,2026-06-04 14:50:06,Direct,Security,Mobile,Edge,iOS,/offers
72e8cd21-4747-456a-bffd-d6498ce448d1,2026_W23,S2079,U1047,2026-06-07 09:30:14,2026-06-07 09:36:14,Google Ads,Field,Tablet,Chrome,Windows,/offers
72e8cd21-4747-456a-bffd-d6498ce448d1,2026_W23,S2080,U34475,2026-06-06 16:20:58,2026-06-06 16:54:58,Direct,General,Desktop,Safari,iOS,/products
72e8cd21-4747-456a-bffd-d6498ce448d1,2026_W23,S2081,U31734,2026-06-02 05:42:20,2026-06-02 05:51:20,Google Ads,Simple,Tablet,Firefox,iOS,/offers
72e8cd21-4747-456a-bffd-d6498ce448d1,2026_W23,S2082,U10210,2026-06-04 00:05:24,2026-06-04 00:30:24,Facebook,Spend,Mobile,Edge,MacOS,/home
72e8cd21-4747-456a-bffd-d6498ce448d1,2026_W23,S2083,U31183,2026-06-06 11:33:41,2026-06-06 11:36:41,Direct,Pattern,Tablet,Safari,iOS,/products
72e8cd21-4747-456a-bffd-d6498ce448d1,2026_W23,S2084,U21381,2026-06-06 13:32:08,2026-06-06 13:48:08,Google Ads,Product,Desktop,Edge,Android,/home
72e8cd21-4747-456a-bffd-d6498ce448d1,2026_W23,S2085,U4242,2026-06-02 04:25:07,2026-06-02 04:48:07,Facebook,Give,Mobile,Chrome,Android,/home
72e8cd21-4747-456a-bffd-d6498ce448d1,2026_W23,S2086,U31651,2026-06-07 00:30:24,2026-06-07 00:31:24,Facebook,Cover,Tablet,Safari,iOS,/home
72e8cd21-4747-456a-bffd-d6498ce448d1,2026_W23,S2087,U26619,2026-06-05 02:12:55,2026-06-05 02:25:55,Direct,American,Mobile,Edge,iOS,/offers
72e8cd21-4747-456a-bffd-d6498ce448d1,2026_W23,S2088,U5629,2026-06-01 23:41:53,2026-06-02 00:17:53,Google Ads,Computer,Desktop,Chrome,Windows,/products
72e8cd21-4747-456a-bffd-d6498ce448d1,2026_W23,S2089,U23351,2026-06-05 20:48:45,2026-06-05 20:50:45,Facebook,Visit,Mobile,Chrome,Windows,/products
72e8cd21-4747-456a-bffd-d6498ce448d1,2026_W23,S2090,U6699,2026-06-02 20:41:06,2026-06-02 21:20:06,Email,System,Tablet,Firefox,Android,/home
72e8cd21-4747-456a-bffd-d6498ce448d1,2026_W23,S2091,U15793,2026-06-06 21:45:05,2026-06-06 21:46:05,Email,Discussion,Mobile,Edge,Windows,/products
72e8cd21-4747-456a-bffd-d6498ce448d1,2026_W23,S2092,U16237,2026-06-07 11:33:43,2026-06-07 11:36:43,Instagram,Court,Mobile,Chrome,Windows,/home
72e8cd21-4747-456a-bffd-d6498ce448d1,2026_W23,S2093,U6774,2026-06-07 00:43:29,2026-06-07 00:52:29,Direct,Wife,Tablet,Chrome,iOS,/products
72e8cd21-4747-456a-bffd-d6498ce448d1,2026_W23,S2094,U29763,2026-06-05 14:56:35,2026-06-05 15:23:35,Direct,Continue,Tablet,Chrome,Android,/products
72e8cd21-4747-456a-bffd-d6498ce448d1,2026_W23,S2095,U28187,2026-06-02 17:05:13,2026-06-02 17:19:13,Facebook,Space,Tablet,Safari,iOS,/offers
72e8cd21-4747-456a-bffd-d6498ce448d1,2026_W23,S2096,U30536,2026-06-07 09:57:40,2026-06-07 10:18:40,Google Ads,Look,Mobile,Safari,Windows,/offers
72e8cd21-4747-456a-bffd-d6498ce448d1,2026_W23,S2097,U14383,2026-06-04 15:24:51,2026-06-04 15:49:51,Facebook,Ball,Mobile,Chrome,Android,/offers
72e8cd21-4747-456a-bffd-d6498ce448d1,2026_W23,S2098,U16018,2026-06-04 09:17:45,2026-06-04 09:44:45,Organic,Describe,Desktop,Edge,iOS,/offers
72e8cd21-4747-456a-bffd-d6498ce448d1,2026_W23,S2099,U19727,2026-06-07 03:53:17,2026-06-07 04:19:17,Instagram,Off,Tablet,Chrome,iOS,/products
72e8cd21-4747-456a-bffd-d6498ce448d1,2026_W23,S2100,U23503,2026-06-05 22:30:49,2026-06-05 22:55:49,Direct,Fight,Desktop,Safari,Android,/products
72e8cd21-4747-456a-bffd-d6498ce448d1,2026_W23,S2101,U30092,2026-06-03 06:02:20,2026-06-03 06:41:20,Facebook,Able,Tablet,Safari,iOS,/offers
72e8cd21-4747-456a-bffd-d6498ce448d1,2026_W23,S2102,U6105,2026-06-05 09:54:20,2026-06-05 10:13:20,Facebook,Enter,Tablet,Safari,iOS,/offers
72e8cd21-4747-456a-bffd-d6498ce448d1,2026_W23,S2103,U473,2026-06-05 01:55:01,2026-06-05 01:56:01,Facebook,Nearly,Desktop,Firefox,Windows,/offers
72e8cd21-4747-456a-bffd-d6498ce448d1,2026_W23,S2104,U25702,2026-06-05 18:46:02,2026-06-05 19:13:02,Organic,Decade,Desktop,Safari,Windows,/home
72e8cd21-4747-456a-bffd-d6498ce448d1,2026_W23,S2105,U16877,2026-06-05 05:08:38,2026-06-05 05:31:38,Instagram,That,Tablet,Safari,Android,/home
72e8cd21-4747-456a-bffd-d6498ce448d1,2026_W23,S2106,U30290,2026-06-06 21:15:04,2026-06-06 21:24:04,Organic,Staff,Mobile,Safari,MacOS,/offers
72e8cd21-4747-456a-bffd-d6498ce448d1,2026_W23,S2107,U14260,2026-06-05 10:00:17,2026-06-05 10:15:17,Instagram,Fine,Mobile,Firefox,Windows,/home
72e8cd21-4747-456a-bffd-d6498ce448d1,2026_W23,S2108,U27328,2026-06-03 15:12:53,2026-06-03 15:15:53,Organic,Per,Mobile,Edge,Windows,/home
72e8cd21-4747-456a-bffd-d6498ce448d1,2026_W23,S2109,U8702,2026-06-06 08:45:35,2026-06-06 09:00:35,Facebook,Tend,Tablet,Firefox,iOS,/offers
72e8cd21-4747-456a-bffd-d6498ce448d1,2026_W23,S2110,U7241,2026-06-05 05:43:44,2026-06-05 05:58:44,Organic,Arm,Desktop,Chrome,MacOS,/offers
72e8cd21-4747-456a-bffd-d6498ce448d1,2026_W23,S2111,U19540,2026-06-04 17:12:05,2026-06-04 17:42:05,Organic,Various,Mobile,Firefox,MacOS,/offers
72e8cd21-4747-456a-bffd-d6498ce448d1,2026_W23,S2112,U14985,2026-06-04 12:46:34,2026-06-04 12:51:34,Instagram,Ask,Tablet,Edge,MacOS,/offers
72e8cd21-4747-456a-bffd-d6498ce448d1,2026_W23,S2113,U13577,2026-06-07 12:01:53,2026-06-07 12:16:53,Organic,Son,Tablet,Edge,Android,/offers
72e8cd21-4747-456a-bffd-d6498ce448d1,2026_W23,S2114,U18615,2026-06-07 15:30:44,2026-06-07 15:45:44,Google Ads,Would,Desktop,Edge,Windows,/offers
72e8cd21-4747-456a-bffd-d6498ce448d1,2026_W23,S2115,U25591,2026-06-06 00:53:14,2026-06-06 01:30:14,Google Ads,Student,Tablet,Edge,MacOS,/home
72e8cd21-4747-456a-bffd-d6498ce448d1,2026_W23,S2116,U28773,2026-06-06 04:19:44,2026-06-06 04:45:44,Direct,Example,Desktop,Edge,Windows,/offers
72e8cd21-4747-456a-bffd-d6498ce448d1,2026_W23,S2117,U27768,2026-06-03 16:28:34,2026-06-03 16:30:34,Direct,Sound,Desktop,Safari,Android,/products
72e8cd21-4747-456a-bffd-d6498ce448d1,2026_W23,S2118,U22789,2026-06-02 20:14:02,2026-06-02 20:43:02,Facebook,Treat,Desktop,Edge,Windows,/offers
72e8cd21-4747-456a-bffd-d6498ce448d1,2026_W23,S2119,U23616,2026-06-02 01:25:54,2026-06-02 01:47:54,Direct,Five,Tablet,Chrome,Android,/products
72e8cd21-4747-456a-bffd-d6498ce448d1,2026_W23,S2120,U22517,2026-06-02 15:46:42,2026-06-02 16:00:42,Organic,Ok,Desktop,Safari,iOS,/offers
72e8cd21-4747-456a-bffd-d6498ce448d1,2026_W23,S2121,U15416,2026-06-07 09:59:45,2026-06-07 10:11:45,Google Ads,Major,Tablet,Firefox,MacOS,/home
72e8cd21-4747-456a-bffd-d6498ce448d1,2026_W23,S2122,U10063,2026-06-06 14:02:33,2026-06-06 14:32:33,Direct,Seek,Mobile,Edge,iOS,/products
72e8cd21-4747-456a-bffd-d6498ce448d1,2026_W23,S2123,U633,2026-06-05 22:12:53,2026-06-05 22:44:53,Instagram,Show,Desktop,Safari,MacOS,/offers
72e8cd21-4747-456a-bffd-d6498ce448d1,2026_W23,S2124,U15756,2026-06-05 20:15:09,2026-06-05 20:23:09,Direct,Sort,Tablet,Chrome,iOS,/products
72e8cd21-4747-456a-bffd-d6498ce448d1,2026_W23,S2125,U14953,2026-06-02 02:03:09,2026-06-02 02:27:09,Email,Pass,Mobile,Edge,iOS,/products
72e8cd21-4747-456a-bffd-d6498ce448d1,2026_W23,S2126,U8566,2026-06-04 14:16:10,2026-06-04 14:21:10,Email,Body,Tablet,Chrome,Android,/home
72e8cd21-4747-456a-bffd-d6498ce448d1,2026_W23,S2127,U7419,2026-06-06 03:13:27,2026-06-06 03:39:27,Instagram,Meet,Mobile,Edge,MacOS,/offers
72e8cd21-4747-456a-bffd-d6498ce448d1,2026_W23,S2128,U12476,2026-06-03 14:24:27,2026-06-03 14:44:27,Direct,Campaign,Desktop,Safari,MacOS,/home
72e8cd21-4747-456a-bffd-d6498ce448d1,2026_W23,S2129,U342,2026-06-05 01:48:46,2026-06-05 02:14:46,Facebook,Statement,Desktop,Safari,MacOS,/offers
72e8cd21-4747-456a-bffd-d6498ce448d1,2026_W23,S2130,U33385,2026-06-03 02:13:45,2026-06-03 02:38:45,Facebook,Star,Mobile,Firefox,MacOS,/offers
72e8cd21-4747-456a-bffd-d6498ce448d1,2026_W23,S2131,U14238,2026-06-05 20:56:08,2026-06-05 21:13:08,Facebook,Personal,Desktop,Safari,Windows,/home
72e8cd21-4747-456a-bffd-d6498ce448d1,2026_W23,S2132,U11962,2026-06-07 12:29:39,2026-06-07 12:34:39,Facebook,Control,Desktop,Chrome,MacOS,/offers
72e8cd21-4747-456a-bffd-d6498ce448d1,2026_W23,S2133,U22678,2026-06-02 11:26:36,2026-06-02 12:06:36,Facebook,Manager,Desktop,Safari,Windows,/offers
72e8cd21-4747-456a-bffd-d6498ce448d1,2026_W23,S2134,U31094,2026-06-02 20:02:23,2026-06-02 20:04:23,Email,Special,Mobile,Chrome,MacOS,/offers
72e8cd21-4747-456a-bffd-d6498ce448d1,2026_W23,S2135,U33371,2026-06-03 05:48:01,2026-06-03 06:25:01,Instagram,Pass,Desktop,Edge,Windows,/products
72e8cd21-4747-456a-bffd-d6498ce448d1,2026_W23,S2136,U3747,2026-06-02 19:50:17,2026-06-02 19:55:17,Email,Second,Mobile,Edge,iOS,/home
72e8cd21-4747-456a-bffd-d6498ce448d1,2026_W23,S2137,U4338,2026-06-05 23:37:24,2026-06-06 00:05:24,Email,Health,Desktop,Edge,Windows,/products
72e8cd21-4747-456a-bffd-d6498ce448d1,2026_W23,S2138,U32344,2026-06-05 12:22:25,2026-06-05 12:32:25,Direct,Know,Desktop,Chrome,Windows,/offers
72e8cd21-4747-456a-bffd-d6498ce448d1,2026_W23,S2139,U23005,2026-06-07 19:53:16,2026-06-07 20:03:16,Facebook,Often,Desktop,Safari,Windows,/home
72e8cd21-4747-456a-bffd-d6498ce448d1,2026_W23,S2140,U25835,2026-06-04 21:51:53,2026-06-04 22:26:53,Direct,Without,Desktop,Firefox,Android,/products
72e8cd21-4747-456a-bffd-d6498ce448d1,2026_W23,S2141,U21933,2026-06-05 13:33:15,2026-06-05 14:12:15,Google Ads,Much,Desktop,Chrome,Windows,/products
72e8cd21-4747-456a-bffd-d6498ce448d1,2026_W23,S2142,U27563,2026-06-05 12:05:40,2026-06-05 12:17:40,Facebook,Ahead,Desktop,Edge,iOS,/offers
72e8cd21-4747-456a-bffd-d6498ce448d1,2026_W23,S2143,U9195,2026-06-07 09:30:10,2026-06-07 10:07:10,Google Ads,Campaign,Tablet,Edge,Windows,/offers
72e8cd21-4747-456a-bffd-d6498ce448d1,2026_W23,S2144,U13363,2026-06-06 06:52:33,2026-06-06 07:32:33,Email,Administration,Desktop,Edge,iOS,/home
72e8cd21-4747-456a-bffd-d6498ce448d1,2026_W23,S2145,U26327,2026-06-07 03:32:45,2026-06-07 04:01:45,Instagram,Sit,Mobile,Chrome,Windows,/home
72e8cd21-4747-456a-bffd-d6498ce448d1,2026_W23,S2146,U30954,2026-06-06 21:45:03,2026-06-06 22:18:03,Google Ads,Soldier,Mobile,Edge,Windows,/home
72e8cd21-4747-456a-bffd-d6498ce448d1,2026_W23,S2147,U27376,2026-06-04 22:12:12,2026-06-04 22:36:12,Email,Find,Mobile,Chrome,Android,/offers
72e8cd21-4747-456a-bffd-d6498ce448d1,2026_W23,S2148,U25946,2026-06-03 09:09:40,2026-06-03 09:35:40,Direct,Turn,Desktop,Firefox,Windows,/offers
72e8cd21-4747-456a-bffd-d6498ce448d1,2026_W23,S2149,U5418,2026-06-04 23:43:38,2026-06-04 23:50:38,Instagram,Eight,Desktop,Edge,Windows,/home
72e8cd21-4747-456a-bffd-d6498ce448d1,2026_W23,S2150,U28028,2026-06-02 10:30:06,2026-06-02 10:32:06,Direct,Have,Desktop,Firefox,iOS,/offers
72e8cd21-4747-456a-bffd-d6498ce448d1,2026_W23,S2151,U25602,2026-06-02 21:46:18,2026-06-02 22:16:18,Organic,Short,Tablet,Chrome,Windows,/offers
72e8cd21-4747-456a-bffd-d6498ce448d1,2026_W23,S2152,U6017,2026-06-07 00:09:18,2026-06-07 00:44:18,Google Ads,Imagine,Mobile,Chrome,iOS,/offers
72e8cd21-4747-456a-bffd-d6498ce448d1,2026_W23,S2153,U10424,2026-06-05 18:09:08,2026-06-05 18:33:08,Organic,Line,Mobile,Safari,Android,/products
72e8cd21-4747-456a-bffd-d6498ce448d1,2026_W23,S2154,U19242,2026-06-06 06:25:25,2026-06-06 06:39:25,Google Ads,Police,Tablet,Safari,Windows,/offers
72e8cd21-4747-456a-bffd-d6498ce448d1,2026_W23,S2155,U16136,2026-06-06 01:00:51,2026-06-06 01:16:51,Email,Decide,Tablet,Chrome,MacOS,/products
72e8cd21-4747-456a-bffd-d6498ce448d1,2026_W23,S2156,U16942,2026-06-02 14:15:34,2026-06-02 14:26:34,Instagram,Free,Desktop,Firefox,iOS,/home
72e8cd21-4747-456a-bffd-d6498ce448d1,2026_W23,S2157,U201,2026-06-04 21:44:10,2026-06-04 22:18:10,Instagram,Difference,Desktop,Chrome,Windows,/products
72e8cd21-4747-456a-bffd-d6498ce448d1,2026_W23,S2158,U14079,2026-06-04 08:24:44,2026-06-04 08:56:44,Facebook,Me,Mobile,Firefox,iOS,/home
72e8cd21-4747-456a-bffd-d6498ce448d1,2026_W23,S2159,U16247,2026-06-06 18:16:55,2026-06-06 18:33:55,Instagram,Teach,Mobile,Edge,Android,/products
72e8cd21-4747-456a-bffd-d6498ce448d1,2026_W23,S2160,U18283,2026-06-02 07:23:47,2026-06-02 07:34:47,Direct,Population,Mobile,Edge,Android,/offers
72e8cd21-4747-456a-bffd-d6498ce448d1,2026_W23,S2161,U11070,2026-06-03 01:21:43,2026-06-03 01:25:43,Direct,Act,Tablet,Firefox,MacOS,/offers
72e8cd21-4747-456a-bffd-d6498ce448d1,2026_W23,S2162,U17483,2026-06-04 16:35:34,2026-06-04 16:52:34,Email,Environmental,Desktop,Firefox,Android,/home
72e8cd21-4747-456a-bffd-d6498ce448d1,2026_W23,S2163,U14948,2026-06-07 12:44:43,2026-06-07 13:10:43,Instagram,Or,Desktop,Firefox,Windows,/home
72e8cd21-4747-456a-bffd-d6498ce448d1,2026_W23,S2164,U9088,2026-06-04 15:49:50,2026-06-04 16:18:50,Facebook,Or,Tablet,Chrome,MacOS,/offers
72e8cd21-4747-456a-bffd-d6498ce448d1,2026_W23,S2165,U18844,2026-06-07 12:35:49,2026-06-07 12:59:49,Google Ads,That,Tablet,Safari,Android,/offers
72e8cd21-4747-456a-bffd-d6498ce448d1,2026_W23,S2166,U29367,2026-06-05 15:12:13,2026-06-05 15:29:13,Organic,Coach,Desktop,Chrome,MacOS,/products
72e8cd21-4747-456a-bffd-d6498ce448d1,2026_W23,S2167,U17237,2026-06-02 09:47:59,2026-06-02 10:00:59,Organic,Economy,Desktop,Safari,iOS,/products
72e8cd21-4747-456a-bffd-d6498ce448d1,2026_W23,S2168,U17494,2026-06-06 08:40:53,2026-06-06 08:57:53,Direct,Fly,Desktop,Firefox,iOS,/offers
72e8cd21-4747-456a-bffd-d6498ce448d1,2026_W23,S2169,U1726,2026-06-06 23:42:00,2026-06-06 23:49:00,Facebook,Physical,Desktop,Safari,iOS,/offers
72e8cd21-4747-456a-bffd-d6498ce448d1,2026_W23,S2170,U34653,2026-06-07 11:09:18,2026-06-07 11:26:18,Facebook,Drive,Mobile,Safari,Windows,/home
72e8cd21-4747-456a-bffd-d6498ce448d1,2026_W23,S2171,U17139,2026-06-05 20:24:02,2026-06-05 21:04:02,Direct,Event,Desktop,Firefox,MacOS,/home
72e8cd21-4747-456a-bffd-d6498ce448d1,2026_W23,S2172,U11339,2026-06-03 22:37:54,2026-06-03 22:50:54,Facebook,Exist,Mobile,Edge,Windows,/products
72e8cd21-4747-456a-bffd-d6498ce448d1,2026_W23,S2173,U970,2026-06-03 22:10:08,2026-06-03 22:38:08,Instagram,Own,Desktop,Edge,Android,/products
72e8cd21-4747-456a-bffd-d6498ce448d1,2026_W23,S2174,U28779,2026-06-03 15:35:45,2026-06-03 15:52:45,Facebook,Surface,Mobile,Edge,MacOS,/products
72e8cd21-4747-456a-bffd-d6498ce448d1,2026_W23,S2175,U1807,2026-06-02 06:49:38,2026-06-02 07:21:38,Google Ads,Challenge,Tablet,Firefox,iOS,/products
72e8cd21-4747-456a-bffd-d6498ce448d1,2026_W23,S2176,U21474,2026-06-06 18:37:31,2026-06-06 18:48:31,Instagram,Hair,Desktop,Chrome,Android,/home
72e8cd21-4747-456a-bffd-d6498ce448d1,2026_W23,S2177,U1496,2026-06-06 07:34:33,2026-06-06 07:57:33,Direct,Receive,Tablet,Firefox,MacOS,/home
72e8cd21-4747-456a-bffd-d6498ce448d1,2026_W23,S2178,U9067,2026-06-03 09:20:02,2026-06-03 09:52:02,Email,Support,Desktop,Chrome,MacOS,/offers
72e8cd21-4747-456a-bffd-d6498ce448d1,2026_W23,S2179,U28236,2026-06-03 11:20:23,2026-06-03 11:37:23,Google Ads,Machine,Tablet,Chrome,Android,/home
72e8cd21-4747-456a-bffd-d6498ce448d1,2026_W23,S2180,U12391,2026-06-03 21:06:24,2026-06-03 21:45:24,Organic,Model,Mobile,Firefox,MacOS,/home
72e8cd21-4747-456a-bffd-d6498ce448d1,2026_W23,S2181,U33689,2026-06-07 01:42:13,2026-06-07 02:21:13,Google Ads,Series,Tablet,Safari,Android,/home
72e8cd21-4747-456a-bffd-d6498ce448d1,2026_W23,S2182,U33604,2026-06-02 14:51:58,2026-06-02 14:53:58,Email,City,Desktop,Edge,MacOS,/products
72e8cd21-4747-456a-bffd-d6498ce448d1,2026_W23,S2183,U21839,2026-06-06 16:19:14,2026-06-06 16:33:14,Organic,Clear,Mobile,Chrome,iOS,/products
72e8cd21-4747-456a-bffd-d6498ce448d1,2026_W23,S2184,U30285,2026-06-02 22:25:07,2026-06-02 22:30:07,Facebook,Own,Mobile,Firefox,iOS,/offers
72e8cd21-4747-456a-bffd-d6498ce448d1,2026_W23,S2185,U2389,2026-06-06 15:23:29,2026-06-06 15:25:29,Facebook,Political,Mobile,Chrome,MacOS,/offers
72e8cd21-4747-456a-bffd-d6498ce448d1,2026_W23,S2186,U18474,2026-06-07 01:51:25,2026-06-07 02:12:25,Direct,Film,Desktop,Firefox,iOS,/products
72e8cd21-4747-456a-bffd-d6498ce448d1,2026_W23,S2187,U11717,2026-06-03 19:31:48,2026-06-03 20:05:48,Facebook,Mention,Mobile,Edge,MacOS,/products
72e8cd21-4747-456a-bffd-d6498ce448d1,2026_W23,S2188,U29905,2026-06-04 15:06:39,2026-06-04 15:31:39,Direct,Box,Tablet,Edge,Android,/offers
72e8cd21-4747-456a-bffd-d6498ce448d1,2026_W23,S2189,U25670,2026-06-02 23:29:07,2026-06-02 23:53:07,Organic,Decade,Desktop,Firefox,iOS,/home
72e8cd21-4747-456a-bffd-d6498ce448d1,2026_W23,S2190,U21365,2026-06-03 20:39:37,2026-06-03 20:45:37,Instagram,Will,Tablet,Chrome,iOS,/offers
72e8cd21-4747-456a-bffd-d6498ce448d1,2026_W23,S2191,U11945,2026-06-05 08:39:17,2026-06-05 09:09:17,Instagram,Wait,Tablet,Chrome,Windows,/home
72e8cd21-4747-456a-bffd-d6498ce448d1,2026_W23,S2192,U6972,2026-06-02 01:28:27,2026-06-02 01:35:27,Facebook,Rise,Desktop,Firefox,Android,/home
72e8cd21-4747-456a-bffd-d6498ce448d1,2026_W23,S2193,U13457,2026-06-05 13:00:36,2026-06-05 13:23:36,Facebook,Work,Tablet,Edge,iOS,/home
72e8cd21-4747-456a-bffd-d6498ce448d1,2026_W23,S2194,U26133,2026-06-06 22:29:06,2026-06-06 22:46:06,Email,Lawyer,Mobile,Firefox,MacOS,/home
72e8cd21-4747-456a-bffd-d6498ce448d1,2026_W23,S2195,U20413,2026-06-03 19:15:11,2026-06-03 19:52:11,Google Ads,Above,Mobile,Edge,iOS,/offers
72e8cd21-4747-456a-bffd-d6498ce448d1,2026_W23,S2196,U34078,2026-06-04 08:41:33,2026-06-04 09:14:33,Instagram,Week,Desktop,Safari,Android,/products
72e8cd21-4747-456a-bffd-d6498ce448d1,2026_W23,S2197,U30112,2026-06-07 15:26:03,2026-06-07 15:32:03,Direct,Better,Tablet,Safari,Windows,/home
72e8cd21-4747-456a-bffd-d6498ce448d1,2026_W23,S2198,U32639,2026-06-03 06:03:43,2026-06-03 06:24:43,Facebook,Natural,Mobile,Safari,MacOS,/offers
72e8cd21-4747-456a-bffd-d6498ce448d1,2026_W23,S2199,U26332,2026-06-06 14:22:08,2026-06-06 14:57:08,Facebook,Candidate,Mobile,Chrome,Windows,/offers
72e8cd21-4747-456a-bffd-d6498ce448d1,2026_W23,S2200,U16824,2026-06-02 22:57:00,2026-06-02 23:26:00,Facebook,Will,Mobile,Safari,Android,/home
72e8cd21-4747-456a-bffd-d6498ce448d1,2026_W23,S2201,U629,2026-06-04 08:44:09,2026-06-04 09:02:09,Direct,Carry,Desktop,Safari,Android,/products
72e8cd21-4747-456a-bffd-d6498ce448d1,2026_W23,S2202,U23006,2026-06-05 21:49:04,2026-06-05 21:59:04,Facebook,Yourself,Desktop,Edge,iOS,/home
72e8cd21-4747-456a-bffd-d6498ce448d1,2026_W23,S2203,U4761,2026-06-02 15:13:36,2026-06-02 15:38:36,Facebook,Character,Tablet,Edge,MacOS,/products
72e8cd21-4747-456a-bffd-d6498ce448d1,2026_W23,S2204,U32940,2026-06-07 14:29:45,2026-06-07 14:55:45,Instagram,Right,Mobile,Edge,iOS,/home
72e8cd21-4747-456a-bffd-d6498ce448d1,2026_W23,S2205,U30410,2026-06-03 23:44:49,2026-06-03 23:47:49,Organic,Us,Desktop,Chrome,Windows,/home
72e8cd21-4747-456a-bffd-d6498ce448d1,2026_W23,S2206,U22011,2026-06-03 23:37:52,2026-06-03 23:50:52,Direct,Technology,Desktop,Edge,Android,/products
72e8cd21-4747-456a-bffd-d6498ce448d1,2026_W23,S2207,U32592,2026-06-03 12:14:30,2026-06-03 12:49:30,Google Ads,Win,Desktop,Chrome,Windows,/home
72e8cd21-4747-456a-bffd-d6498ce448d1,2026_W23,S2208,U1331,2026-06-07 11:37:07,2026-06-07 11:52:07,Email,Main,Mobile,Chrome,MacOS,/home
72e8cd21-4747-456a-bffd-d6498ce448d1,2026_W23,S2209,U20790,2026-06-07 15:29:20,2026-06-07 15:48:20,Instagram,Significant,Mobile,Firefox,MacOS,/home
72e8cd21-4747-456a-bffd-d6498ce448d1,2026_W23,S2210,U26020,2026-06-07 12:43:31,2026-06-07 12:53:31,Organic,Source,Desktop,Edge,MacOS,/home
72e8cd21-4747-456a-bffd-d6498ce448d1,2026_W23,S2211,U5817,2026-06-07 00:42:50,2026-06-07 00:50:50,Direct,Word,Desktop,Safari,Windows,/products
72e8cd21-4747-456a-bffd-d6498ce448d1,2026_W23,S2212,U33401,2026-06-03 01:20:52,2026-06-03 01:29:52,Email,Wife,Tablet,Safari,Android,/offers
72e8cd21-4747-456a-bffd-d6498ce448d1,2026_W23,S2213,U16958,2026-06-06 13:30:43,2026-06-06 13:59:43,Instagram,Fear,Tablet,Firefox,iOS,/offers
72e8cd21-4747-456a-bffd-d6498ce448d1,2026_W23,S2214,U5884,2026-06-05 23:04:15,2026-06-05 23:39:15,Organic,Sometimes,Tablet,Chrome,MacOS,/offers
72e8cd21-4747-456a-bffd-d6498ce448d1,2026_W23,S2215,U20334,2026-06-02 14:53:38,2026-06-02 15:23:38,Instagram,I,Desktop,Edge,Windows,/products
72e8cd21-4747-456a-bffd-d6498ce448d1,2026_W23,S2216,U22728,2026-06-05 20:19:11,2026-06-05 20:34:11,Direct,Choice,Tablet,Edge,iOS,/home
72e8cd21-4747-456a-bffd-d6498ce448d1,2026_W23,S2217,U11343,2026-06-05 01:27:50,2026-06-05 02:03:50,Email,By,Tablet,Firefox,Android,/products
72e8cd21-4747-456a-bffd-d6498ce448d1,2026_W23,S2218,U5042,2026-06-05 09:22:43,2026-06-05 09:32:43,Google Ads,College,Tablet,Edge,Android,/products
72e8cd21-4747-456a-bffd-d6498ce448d1,2026_W23,S2219,U32757,2026-06-04 14:35:56,2026-06-04 15:12:56,Email,Relationship,Tablet,Chrome,Android,/home
72e8cd21-4747-456a-bffd-d6498ce448d1,2026_W23,S2220,U26818,2026-06-04 10:28:11,2026-06-04 10:38:11,Direct,Discuss,Mobile,Firefox,MacOS,/home
72e8cd21-4747-456a-bffd-d6498ce448d1,2026_W23,S2221,U15479,2026-06-03 14:22:00,2026-06-03 14:29:00,Organic,Seven,Mobile,Chrome,Android,/home
72e8cd21-4747-456a-bffd-d6498ce448d1,2026_W23,S2222,U2076,2026-06-02 16:21:02,2026-06-02 16:50:02,Instagram,Part,Desktop,Edge,Android,/home
72e8cd21-4747-456a-bffd-d6498ce448d1,2026_W23,S2223,U28484,2026-06-04 22:50:18,2026-06-04 23:27:18,Direct,To,Mobile,Edge,iOS,/home
72e8cd21-4747-456a-bffd-d6498ce448d1,2026_W23,S2224,U8070,2026-06-05 17:51:07,2026-06-05 18:13:07,Facebook,Man,Tablet,Safari,iOS,/offers
72e8cd21-4747-456a-bffd-d6498ce448d1,2026_W23,S2225,U6099,2026-06-05 13:07:27,2026-06-05 13:45:27,Direct,Across,Tablet,Chrome,MacOS,/offers
72e8cd21-4747-456a-bffd-d6498ce448d1,2026_W23,S2226,U22065,2026-06-02 22:06:11,2026-06-02 22:25:11,Email,Become,Mobile,Safari,Android,/offers
72e8cd21-4747-456a-bffd-d6498ce448d1,2026_W23,S2227,U943,2026-06-07 02:47:54,2026-06-07 02:55:54,Google Ads,Financial,Mobile,Safari,Windows,/offers
72e8cd21-4747-456a-bffd-d6498ce448d1,2026_W23,S2228,U33372,2026-06-03 19:46:39,2026-06-03 20:09:39,Google Ads,Material,Tablet,Edge,Android,/offers
72e8cd21-4747-456a-bffd-d6498ce448d1,2026_W23,S2229,U9740,2026-06-06 00:45:17,2026-06-06 01:07:17,Email,Chair,Desktop,Firefox,Android,/products
72e8cd21-4747-456a-bffd-d6498ce448d1,2026_W23,S2230,U15677,2026-06-04 19:29:59,2026-06-04 19:55:59,Google Ads,Difficult,Mobile,Safari,MacOS,/offers
72e8cd21-4747-456a-bffd-d6498ce448d1,2026_W23,S2231,U12103,2026-06-03 12:31:42,2026-06-03 12:50:42,Direct,Red,Mobile,Edge,Android,/products
72e8cd21-4747-456a-bffd-d6498ce448d1,2026_W23,S2232,U32432,2026-06-04 03:57:55,2026-06-04 04:32:55,Google Ads,System,Tablet,Safari,MacOS,/products
72e8cd21-4747-456a-bffd-d6498ce448d1,2026_W23,S2233,U31292,2026-06-02 17:49:00,2026-06-02 18:17:00,Facebook,Where,Mobile,Chrome,iOS,/offers
72e8cd21-4747-456a-bffd-d6498ce448d1,2026_W23,S2234,U13095,2026-06-02 07:53:00,2026-06-02 08:16:00,Organic,North,Desktop,Firefox,MacOS,/offers
72e8cd21-4747-456a-bffd-d6498ce448d1,2026_W23,S2235,U1125,2026-06-04 05:23:09,2026-06-04 05:47:09,Google Ads,Mean,Tablet,Safari,Android,/products
72e8cd21-4747-456a-bffd-d6498ce448d1,2026_W23,S2236,U23017,2026-06-07 18:32:59,2026-06-07 18:50:59,Instagram,Care,Tablet,Firefox,Windows,/home
72e8cd21-4747-456a-bffd-d6498ce448d1,2026_W23,S2237,U424,2026-06-07 17:40:10,2026-06-07 18:14:10,Instagram,Control,Tablet,Edge,iOS,/home
72e8cd21-4747-456a-bffd-d6498ce448d1,2026_W23,S2238,U29313,2026-06-05 02:07:01,2026-06-05 02:14:01,Instagram,Term,Desktop,Edge,Android,/home
72e8cd21-4747-456a-bffd-d6498ce448d1,2026_W23,S2239,U19713,2026-06-05 13:10:16,2026-06-05 13:19:16,Organic,Pull,Desktop,Chrome,Windows,/products
72e8cd21-4747-456a-bffd-d6498ce448d1,2026_W23,S2240,U2938,2026-06-07 06:22:16,2026-06-07 06:53:16,Google Ads,Pay,Tablet,Edge,Android,/home
72e8cd21-4747-456a-bffd-d6498ce448d1,2026_W23,S2241,U16424,2026-06-03 19:10:52,2026-06-03 19:45:52,Google Ads,Hour,Desktop,Safari,Windows,/home
72e8cd21-4747-456a-bffd-d6498ce448d1,2026_W23,S2242,U8170,2026-06-01 21:31:46,2026-06-01 21:53:46,Email,Perform,Mobile,Edge,MacOS,/products
72e8cd21-4747-456a-bffd-d6498ce448d1,2026_W23,S2243,U10980,2026-06-05 05:14:51,2026-06-05 05:34:51,Direct,Some,Tablet,Firefox,Android,/home
72e8cd21-4747-456a-bffd-d6498ce448d1,2026_W23,S2244,U22462,2026-06-04 08:48:54,2026-06-04 08:57:54,Email,Little,Mobile,Chrome,iOS,/products
72e8cd21-4747-456a-bffd-d6498ce448d1,2026_W23,S2245,U336,2026-06-06 22:01:32,2026-06-06 22:28:32,Direct,Buy,Mobile,Firefox,iOS,/home
72e8cd21-4747-456a-bffd-d6498ce448d1,2026_W23,S2246,U15761,2026-06-01 22:51:43,2026-06-01 23:14:43,Google Ads,Lay,Mobile,Safari,MacOS,/home
72e8cd21-4747-456a-bffd-d6498ce448d1,2026_W23,S2247,U1486,2026-06-07 15:34:22,2026-06-07 15:45:22,Google Ads,Phone,Desktop,Edge,MacOS,/home
72e8cd21-4747-456a-bffd-d6498ce448d1,2026_W23,S2248,U32533,2026-06-03 00:50:00,2026-06-03 01:13:00,Google Ads,Population,Tablet,Chrome,iOS,/products
72e8cd21-4747-456a-bffd-d6498ce448d1,2026_W23,S2249,U8984,2026-06-01 23:23:41,2026-06-01 23:48:41,Facebook,Across,Tablet,Edge,iOS,/products
72e8cd21-4747-456a-bffd-d6498ce448d1,2026_W23,S2250,U10575,2026-06-06 19:54:50,2026-06-06 20:00:50,Organic,Personal,Desktop,Safari,Android,/offers
72e8cd21-4747-456a-bffd-d6498ce448d1,2026_W23,S2251,U3331,2026-06-05 04:40:39,2026-06-05 04:56:39,Email,Race,Tablet,Edge,MacOS,/offers
72e8cd21-4747-456a-bffd-d6498ce448d1,2026_W23,S2252,U25559,2026-06-06 06:06:40,2026-06-06 06:22:40,Facebook,Large,Mobile,Chrome,Android,/products
72e8cd21-4747-456a-bffd-d6498ce448d1,2026_W23,S2253,U19283,2026-06-05 08:14:39,2026-06-05 08:16:39,Email,Board,Tablet,Firefox,MacOS,/home
72e8cd21-4747-456a-bffd-d6498ce448d1,2026_W23,S2254,U13633,2026-06-06 03:23:27,2026-06-06 03:57:27,Google Ads,Player,Desktop,Chrome,iOS,/offers
72e8cd21-4747-456a-bffd-d6498ce448d1,2026_W23,S2255,U2210,2026-06-03 04:21:28,2026-06-03 04:39:28,Direct,Fish,Tablet,Safari,Windows,/products
72e8cd21-4747-456a-bffd-d6498ce448d1,2026_W23,S2256,U26098,2026-06-03 17:51:30,2026-06-03 18:31:30,Direct,Impact,Mobile,Chrome,iOS,/products
72e8cd21-4747-456a-bffd-d6498ce448d1,2026_W23,S2257,U22325,2026-06-01 21:13:28,2026-06-01 21:40:28,Email,Response,Desktop,Edge,Windows,/offers
72e8cd21-4747-456a-bffd-d6498ce448d1,2026_W23,S2258,U20806,2026-06-05 17:53:21,2026-06-05 18:10:21,Facebook,Measure,Tablet,Safari,MacOS,/home
72e8cd21-4747-456a-bffd-d6498ce448d1,2026_W23,S2259,U74,2026-06-03 06:26:51,2026-06-03 06:53:51,Direct,Play,Tablet,Edge,Android,/offers
72e8cd21-4747-456a-bffd-d6498ce448d1,2026_W23,S2260,U632,2026-06-07 00:44:40,2026-06-07 01:16:40,Email,Fill,Tablet,Safari,iOS,/products
72e8cd21-4747-456a-bffd-d6498ce448d1,2026_W23,S2261,U5221,2026-06-02 12:27:24,2026-06-02 12:52:24,Email,Poor,Desktop,Chrome,Android,/products
72e8cd21-4747-456a-bffd-d6498ce448d1,2026_W23,S2262,U6650,2026-06-04 17:08:51,2026-06-04 17:28:51,Email,Those,Desktop,Firefox,Android,/offers
72e8cd21-4747-456a-bffd-d6498ce448d1,2026_W23,S2263,U32300,2026-06-05 20:03:28,2026-06-05 20:13:28,Google Ads,Base,Mobile,Edge,Windows,/products
72e8cd21-4747-456a-bffd-d6498ce448d1,2026_W23,S2264,U21593,2026-06-05 08:45:58,2026-06-05 09:19:58,Facebook,Old,Mobile,Safari,MacOS,/home
72e8cd21-4747-456a-bffd-d6498ce448d1,2026_W23,S2265,U20947,2026-06-07 03:34:46,2026-06-07 03:47:46,Instagram,Few,Mobile,Safari,iOS,/offers
72e8cd21-4747-456a-bffd-d6498ce448d1,2026_W23,S2266,U27766,2026-06-02 13:35:18,2026-06-02 14:07:18,Organic,Man,Desktop,Chrome,MacOS,/home
72e8cd21-4747-456a-bffd-d6498ce448d1,2026_W23,S2267,U27391,2026-06-02 05:14:15,2026-06-02 05:43:15,Organic,Candidate,Mobile,Safari,Android,/products
72e8cd21-4747-456a-bffd-d6498ce448d1,2026_W23,S2268,U1572,2026-06-05 10:09:59,2026-06-05 10:13:59,Facebook,Summer,Mobile,Firefox,Windows,/products
72e8cd21-4747-456a-bffd-d6498ce448d1,2026_W23,S2269,U10210,2026-06-03 04:01:27,2026-06-03 04:04:27,Google Ads,Her,Tablet,Edge,Windows,/offers
72e8cd21-4747-456a-bffd-d6498ce448d1,2026_W23,S2270,U11048,2026-06-06 21:21:40,2026-06-06 21:32:40,Organic,Whether,Tablet,Firefox,Android,/products
72e8cd21-4747-456a-bffd-d6498ce448d1,2026_W23,S2271,U25568,2026-06-06 15:49:19,2026-06-06 16:19:19,Instagram,Final,Desktop,Chrome,Android,/products
72e8cd21-4747-456a-bffd-d6498ce448d1,2026_W23,S2272,U18213,2026-06-04 10:22:06,2026-06-04 11:02:06,Direct,President,Tablet,Firefox,Android,/offers
72e8cd21-4747-456a-bffd-d6498ce448d1,2026_W23,S2273,U5147,2026-06-05 14:39:20,2026-06-05 14:49:20,Direct,Girl,Tablet,Edge,Windows,/home
72e8cd21-4747-456a-bffd-d6498ce448d1,2026_W23,S2274,U3127,2026-06-06 02:34:34,2026-06-06 02:39:34,Organic,Seek,Mobile,Safari,iOS,/home
72e8cd21-4747-456a-bffd-d6498ce448d1,2026_W23,S2275,U3378,2026-06-06 14:52:14,2026-06-06 15:32:14,Direct,Suggest,Desktop,Chrome,MacOS,/offers
72e8cd21-4747-456a-bffd-d6498ce448d1,2026_W23,S2276,U33305,2026-06-05 06:43:17,2026-06-05 07:22:17,Facebook,Ok,Mobile,Firefox,MacOS,/products
72e8cd21-4747-456a-bffd-d6498ce448d1,2026_W23,S2277,U18827,2026-06-04 01:52:34,2026-06-04 02:29:34,Direct,Positive,Tablet,Chrome,iOS,/home
72e8cd21-4747-456a-bffd-d6498ce448d1,2026_W23,S2278,U24637,2026-06-02 20:19:08,2026-06-02 20:37:08,Google Ads,Of,Tablet,Firefox,Windows,/products
72e8cd21-4747-456a-bffd-d6498ce448d1,2026_W23,S2279,U20000,2026-06-05 08:19:33,2026-06-05 08:33:33,Organic,At,Desktop,Firefox,MacOS,/products
72e8cd21-4747-456a-bffd-d6498ce448d1,2026_W23,S2280,U23991,2026-06-06 01:13:21,2026-06-06 01:44:21,Organic,Seven,Tablet,Safari,iOS,/home
72e8cd21-4747-456a-bffd-d6498ce448d1,2026_W23,S2281,U5091,2026-06-04 06:47:27,2026-06-04 07:07:27,Facebook,Office,Mobile,Chrome,Android,/offers
72e8cd21-4747-456a-bffd-d6498ce448d1,2026_W23,S2282,U16465,2026-06-05 08:41:37,2026-06-05 08:57:37,Email,Front,Desktop,Firefox,iOS,/offers
72e8cd21-4747-456a-bffd-d6498ce448d1,2026_W23,S2283,U26983,2026-06-05 23:31:51,2026-06-05 23:37:51,Direct,Training,Mobile,Chrome,Windows,/home
72e8cd21-4747-456a-bffd-d6498ce448d1,2026_W23,S2284,U8915,2026-06-05 13:25:08,2026-06-05 14:05:08,Organic,Take,Tablet,Edge,Android,/home
72e8cd21-4747-456a-bffd-d6498ce448d1,2026_W23,S2285,U19083,2026-06-07 03:05:20,2026-06-07 03:34:20,Google Ads,Material,Tablet,Chrome,iOS,/offers
72e8cd21-4747-456a-bffd-d6498ce448d1,2026_W23,S2286,U20308,2026-06-04 11:39:55,2026-06-04 11:44:55,Instagram,Choose,Desktop,Safari,iOS,/products
72e8cd21-4747-456a-bffd-d6498ce448d1,2026_W23,S2287,U10485,2026-06-04 17:48:32,2026-06-04 18:00:32,Instagram,Oil,Mobile,Edge,Windows,/home
72e8cd21-4747-456a-bffd-d6498ce448d1,2026_W23,S2288,U5101,2026-06-05 05:06:40,2026-06-05 05:21:40,Direct,Whether,Desktop,Edge,iOS,/offers
72e8cd21-4747-456a-bffd-d6498ce448d1,2026_W23,S2289,U15375,2026-06-05 17:49:58,2026-06-05 17:56:58,Direct,Keep,Desktop,Firefox,MacOS,/products
72e8cd21-4747-456a-bffd-d6498ce448d1,2026_W23,S2290,U30788,2026-06-06 12:31:40,2026-06-06 12:40:40,Organic,When,Tablet,Chrome,MacOS,/home
72e8cd21-4747-456a-bffd-d6498ce448d1,2026_W23,S2291,U3910,2026-06-04 12:26:00,2026-06-04 12:40:00,Facebook,Walk,Mobile,Safari,iOS,/products
72e8cd21-4747-456a-bffd-d6498ce448d1,2026_W23,S2292,U20569,2026-06-06 13:09:47,2026-06-06 13:15:47,Instagram,Strategy,Tablet,Chrome,iOS,/products
72e8cd21-4747-456a-bffd-d6498ce448d1,2026_W23,S2293,U14567,2026-06-05 21:19:33,2026-06-05 21:40:33,Direct,Establish,Desktop,Safari,iOS,/products
72e8cd21-4747-456a-bffd-d6498ce448d1,2026_W23,S2294,U16549,2026-06-02 16:57:24,2026-06-02 17:28:24,Organic,Interest,Mobile,Safari,Windows,/offers
72e8cd21-4747-456a-bffd-d6498ce448d1,2026_W23,S2295,U29124,2026-06-04 02:27:05,2026-06-04 02:35:05,Facebook,Box,Tablet,Edge,Windows,/offers
72e8cd21-4747-456a-bffd-d6498ce448d1,2026_W23,S2296,U26707,2026-06-04 06:43:25,2026-06-04 06:58:25,Instagram,End,Tablet,Firefox,MacOS,/products
72e8cd21-4747-456a-bffd-d6498ce448d1,2026_W23,S2297,U32918,2026-06-03 13:47:57,2026-06-03 14:24:57,Organic,Majority,Desktop,Edge,MacOS,/offers
72e8cd21-4747-456a-bffd-d6498ce448d1,2026_W23,S2298,U4219,2026-06-07 18:02:34,2026-06-07 18:27:34,Direct,Season,Desktop,Firefox,iOS,/offers
72e8cd21-4747-456a-bffd-d6498ce448d1,2026_W23,S2299,U22988,2026-06-05 11:12:08,2026-06-05 11:49:08,Organic,Region,Mobile,Firefox,Windows,/home
72e8cd21-4747-456a-bffd-d6498ce448d1,2026_W23,S2300,U16665,2026-06-04 10:51:40,2026-06-04 11:19:40,Direct,Go,Desktop,Chrome,iOS,/products
72e8cd21-4747-456a-bffd-d6498ce448d1,2026_W23,S2301,U20642,2026-06-04 08:08:07,2026-06-04 08:44:07,Email,Simple,Tablet,Edge,Windows,/home
72e8cd21-4747-456a-bffd-d6498ce448d1,2026_W23,S2302,U12778,2026-06-03 04:57:49,2026-06-03 05:04:49,Instagram,Offer,Tablet,Chrome,MacOS,/home
72e8cd21-4747-456a-bffd-d6498ce448d1,2026_W23,S2303,U34695,2026-06-06 05:25:08,2026-06-06 05:36:08,Direct,Thought,Desktop,Chrome,iOS,/products
72e8cd21-4747-456a-bffd-d6498ce448d1,2026_W23,S2304,U8551,2026-06-04 18:08:44,2026-06-04 18:09:44,Email,Use,Desktop,Chrome,MacOS,/home
72e8cd21-4747-456a-bffd-d6498ce448d1,2026_W23,S2305,U29722,2026-06-04 23:59:15,2026-06-05 00:06:15,Google Ads,Drive,Mobile,Chrome,MacOS,/products
72e8cd21-4747-456a-bffd-d6498ce448d1,2026_W23,S2306,U18625,2026-06-07 18:36:40,2026-06-07 19:10:40,Google Ads,Affect,Mobile,Edge,iOS,/home
72e8cd21-4747-456a-bffd-d6498ce448d1,2026_W23,S2307,U23891,2026-06-04 10:13:57,2026-06-04 10:49:57,Direct,Meet,Tablet,Firefox,iOS,/offers
72e8cd21-4747-456a-bffd-d6498ce448d1,2026_W23,S2308,U30224,2026-06-07 09:08:38,2026-06-07 09:13:38,Google Ads,Husband,Mobile,Firefox,Android,/home
72e8cd21-4747-456a-bffd-d6498ce448d1,2026_W23,S2309,U12715,2026-06-05 06:46:44,2026-06-05 07:03:44,Direct,Almost,Tablet,Firefox,MacOS,/products
72e8cd21-4747-456a-bffd-d6498ce448d1,2026_W23,S2310,U10063,2026-06-02 19:10:43,2026-06-02 19:46:43,Facebook,Tax,Mobile,Safari,MacOS,/home
72e8cd21-4747-456a-bffd-d6498ce448d1,2026_W23,S2311,U31529,2026-06-04 01:13:21,2026-06-04 01:42:21,Email,In,Mobile,Firefox,Windows,/home
72e8cd21-4747-456a-bffd-d6498ce448d1,2026_W23,S2312,U936,2026-06-04 21:40:46,2026-06-04 22:14:46,Google Ads,Task,Desktop,Chrome,iOS,/offers
72e8cd21-4747-456a-bffd-d6498ce448d1,2026_W23,S2313,U1376,2026-06-02 09:18:39,2026-06-02 09:36:39,Email,Miss,Mobile,Chrome,Android,/products
72e8cd21-4747-456a-bffd-d6498ce448d1,2026_W23,S2314,U25150,2026-06-05 21:43:55,2026-06-05 21:45:55,Direct,Plan,Desktop,Edge,Windows,/offers
72e8cd21-4747-456a-bffd-d6498ce448d1,2026_W23,S2315,U11483,2026-06-05 05:24:21,2026-06-05 05:44:21,Email,Skill,Tablet,Firefox,Windows,/offers
72e8cd21-4747-456a-bffd-d6498ce448d1,2026_W23,S2316,U3387,2026-06-02 15:44:26,2026-06-02 15:48:26,Instagram,Standard,Tablet,Firefox,Android,/products
72e8cd21-4747-456a-bffd-d6498ce448d1,2026_W23,S2317,U2813,2026-06-05 11:50:19,2026-06-05 12:07:19,Google Ads,War,Mobile,Edge,Android,/home
72e8cd21-4747-456a-bffd-d6498ce448d1,2026_W23,S2318,U18905,2026-06-05 21:50:59,2026-06-05 22:12:59,Google Ads,Discuss,Tablet,Edge,Windows,/offers
72e8cd21-4747-456a-bffd-d6498ce448d1,2026_W23,S2319,U28423,2026-06-03 01:06:00,2026-06-03 01:21:00,Google Ads,Better,Mobile,Safari,Windows,/offers
72e8cd21-4747-456a-bffd-d6498ce448d1,2026_W23,S2320,U34210,2026-06-03 07:38:21,2026-06-03 08:10:21,Google Ads,Own,Tablet,Firefox,iOS,/products
72e8cd21-4747-456a-bffd-d6498ce448d1,2026_W23,S2321,U11755,2026-06-01 20:39:52,2026-06-01 21:10:52,Direct,Maintain,Tablet,Edge,Windows,/home
72e8cd21-4747-456a-bffd-d6498ce448d1,2026_W23,S2322,U24561,2026-06-02 23:43:26,2026-06-02 23:50:26,Facebook,That,Tablet,Firefox,iOS,/offers
72e8cd21-4747-456a-bffd-d6498ce448d1,2026_W23,S2323,U23718,2026-06-06 02:23:22,2026-06-06 02:44:22,Instagram,Word,Mobile,Edge,Windows,/offers
72e8cd21-4747-456a-bffd-d6498ce448d1,2026_W23,S2324,U19036,2026-06-05 13:00:17,2026-06-05 13:04:17,Email,Dinner,Desktop,Chrome,iOS,/home
72e8cd21-4747-456a-bffd-d6498ce448d1,2026_W23,S2325,U3443,2026-06-07 18:19:51,2026-06-07 18:38:51,Instagram,Every,Tablet,Safari,Android,/products
72e8cd21-4747-456a-bffd-d6498ce448d1,2026_W23,S2326,U3898,2026-06-06 17:38:51,2026-06-06 17:55:51,Organic,Director,Tablet,Safari,iOS,/offers
72e8cd21-4747-456a-bffd-d6498ce448d1,2026_W23,S2327,U28630,2026-06-02 22:56:37,2026-06-02 23:03:37,Google Ads,Include,Desktop,Chrome,Android,/home
72e8cd21-4747-456a-bffd-d6498ce448d1,2026_W23,S2328,U24693,2026-06-07 03:39:41,2026-06-07 04:07:41,Facebook,Structure,Desktop,Firefox,MacOS,/products
72e8cd21-4747-456a-bffd-d6498ce448d1,2026_W23,S2329,U13402,2026-06-07 01:32:18,2026-06-07 01:55:18,Facebook,How,Mobile,Edge,Android,/offers
72e8cd21-4747-456a-bffd-d6498ce448d1,2026_W23,S2330,U17771,2026-06-03 06:12:40,2026-06-03 06:36:40,Facebook,Task,Mobile,Edge,MacOS,/home
72e8cd21-4747-456a-bffd-d6498ce448d1,2026_W23,S2331,U225,2026-06-01 23:35:31,2026-06-01 23:58:31,Facebook,Week,Desktop,Edge,iOS,/home
72e8cd21-4747-456a-bffd-d6498ce448d1,2026_W23,S2332,U20203,2026-06-03 18:56:20,2026-06-03 19:28:20,Facebook,Better,Desktop,Firefox,Android,/home
72e8cd21-4747-456a-bffd-d6498ce448d1,2026_W23,S2333,U4237,2026-06-02 17:37:14,2026-06-02 18:08:14,Google Ads,Thing,Mobile,Edge,iOS,/offers
72e8cd21-4747-456a-bffd-d6498ce448d1,2026_W23,S2334,U2950,2026-06-04 09:05:13,2026-06-04 09:44:13,Organic,Until,Mobile,Firefox,MacOS,/products
72e8cd21-4747-456a-bffd-d6498ce448d1,2026_W23,S2335,U19620,2026-06-03 07:12:16,2026-06-03 07:21:16,Facebook,Black,Mobile,Edge,MacOS,/products
72e8cd21-4747-456a-bffd-d6498ce448d1,2026_W23,S2336,U1061,2026-06-06 02:14:32,2026-06-06 02:47:32,Organic,Least,Desktop,Safari,iOS,/offers
72e8cd21-4747-456a-bffd-d6498ce448d1,2026_W23,S2337,U22168,2026-06-02 11:18:51,2026-06-02 11:39:51,Google Ads,Mrs,Desktop,Firefox,iOS,/offers
72e8cd21-4747-456a-bffd-d6498ce448d1,2026_W23,S2338,U72,2026-06-04 12:11:17,2026-06-04 12:37:17,Direct,Difficult,Tablet,Firefox,MacOS,/home
72e8cd21-4747-456a-bffd-d6498ce448d1,2026_W23,S2339,U4748,2026-06-02 03:57:35,2026-06-02 04:06:35,Instagram,Medical,Mobile,Safari,Android,/home
72e8cd21-4747-456a-bffd-d6498ce448d1,2026_W23,S2340,U25291,2026-06-04 00:01:55,2026-06-04 00:07:55,Instagram,Impact,Desktop,Edge,Windows,/home
72e8cd21-4747-456a-bffd-d6498ce448d1,2026_W23,S2341,U4987,2026-06-02 10:55:40,2026-06-02 11:04:40,Google Ads,Feeling,Tablet,Chrome,Android,/offers
72e8cd21-4747-456a-bffd-d6498ce448d1,2026_W23,S2342,U24197,2026-06-02 19:02:07,2026-06-02 19:40:07,Facebook,Phone,Tablet,Chrome,iOS,/products
72e8cd21-4747-456a-bffd-d6498ce448d1,2026_W23,S2343,U9461,2026-06-02 01:52:58,2026-06-02 02:02:58,Facebook,Drug,Mobile,Chrome,Android,/home
72e8cd21-4747-456a-bffd-d6498ce448d1,2026_W23,S2344,U5775,2026-06-02 11:30:38,2026-06-02 11:58:38,Google Ads,Whom,Desktop,Chrome,MacOS,/home
72e8cd21-4747-456a-bffd-d6498ce448d1,2026_W23,S2345,U11639,2026-06-06 02:17:00,2026-06-06 02:48:00,Organic,Professional,Tablet,Edge,Android,/products
72e8cd21-4747-456a-bffd-d6498ce448d1,2026_W23,S2346,U25964,2026-06-07 14:51:40,2026-06-07 15:27:40,Email,Eye,Desktop,Safari,Windows,/products
72e8cd21-4747-456a-bffd-d6498ce448d1,2026_W23,S2347,U26719,2026-06-05 03:23:38,2026-06-05 03:49:38,Email,Everybody,Mobile,Firefox,MacOS,/products
72e8cd21-4747-456a-bffd-d6498ce448d1,2026_W23,S2348,U8611,2026-06-03 07:33:56,2026-06-03 07:34:56,Instagram,Try,Desktop,Firefox,MacOS,/products
72e8cd21-4747-456a-bffd-d6498ce448d1,2026_W23,S2349,U956,2026-06-07 06:18:01,2026-06-07 06:49:01,Facebook,Player,Mobile,Chrome,MacOS,/products
72e8cd21-4747-456a-bffd-d6498ce448d1,2026_W23,S2350,U33073,2026-06-03 10:54:26,2026-06-03 11:01:26,Instagram,Relate,Mobile,Safari,MacOS,/home
72e8cd21-4747-456a-bffd-d6498ce448d1,2026_W23,S2351,U30267,2026-06-06 10:55:13,2026-06-06 11:16:13,Facebook,Care,Tablet,Edge,iOS,/offers
72e8cd21-4747-456a-bffd-d6498ce448d1,2026_W23,S2352,U14412,2026-06-07 16:41:14,2026-06-07 17:15:14,Google Ads,Focus,Desktop,Firefox,Windows,/home
72e8cd21-4747-456a-bffd-d6498ce448d1,2026_W23,S2353,U8402,2026-06-06 07:21:34,2026-06-06 07:47:34,Google Ads,Myself,Desktop,Safari,Windows,/offers
72e8cd21-4747-456a-bffd-d6498ce448d1,2026_W23,S2354,U10321,2026-06-05 19:05:37,2026-06-05 19:39:37,Facebook,Grow,Mobile,Firefox,Windows,/products
72e8cd21-4747-456a-bffd-d6498ce448d1,2026_W23,S2355,U16566,2026-06-04 20:04:24,2026-06-04 20:27:24,Direct,Experience,Desktop,Edge,Windows,/offers
72e8cd21-4747-456a-bffd-d6498ce448d1,2026_W23,S2356,U23132,2026-06-05 21:20:23,2026-06-05 21:25:23,Email,Wonder,Mobile,Safari,Windows,/offers
72e8cd21-4747-456a-bffd-d6498ce448d1,2026_W23,S2357,U5488,2026-06-06 07:47:50,2026-06-06 08:05:50,Direct,Hair,Tablet,Firefox,MacOS,/products
72e8cd21-4747-456a-bffd-d6498ce448d1,2026_W23,S2358,U3756,2026-06-02 20:53:19,2026-06-02 21:32:19,Google Ads,First,Mobile,Safari,MacOS,/offers
72e8cd21-4747-456a-bffd-d6498ce448d1,2026_W23,S2359,U9593,2026-06-06 12:39:59,2026-06-06 13:13:59,Email,Cup,Desktop,Edge,Windows,/products
72e8cd21-4747-456a-bffd-d6498ce448d1,2026_W23,S2360,U34837,2026-06-05 13:34:01,2026-06-05 14:01:01,Direct,Example,Desktop,Chrome,Windows,/home
72e8cd21-4747-456a-bffd-d6498ce448d1,2026_W23,S2361,U9798,2026-06-06 21:09:14,2026-06-06 21:20:14,Instagram,Look,Mobile,Edge,Android,/offers
72e8cd21-4747-456a-bffd-d6498ce448d1,2026_W23,S2362,U15467,2026-06-07 06:05:33,2026-06-07 06:12:33,Instagram,Return,Mobile,Firefox,Android,/products
72e8cd21-4747-456a-bffd-d6498ce448d1,2026_W23,S2363,U32713,2026-06-07 20:19:06,2026-06-07 20:27:06,Instagram,Business,Desktop,Firefox,MacOS,/offers
72e8cd21-4747-456a-bffd-d6498ce448d1,2026_W23,S2364,U23405,2026-06-05 20:22:41,2026-06-05 20:55:41,Direct,Start,Desktop,Safari,Windows,/offers
72e8cd21-4747-456a-bffd-d6498ce448d1,2026_W23,S2365,U27736,2026-06-03 05:59:43,2026-06-03 06:15:43,Google Ads,Myself,Tablet,Chrome,iOS,/offers
72e8cd21-4747-456a-bffd-d6498ce448d1,2026_W23,S2366,U33946,2026-06-05 11:58:17,2026-06-05 12:31:17,Instagram,Grow,Desktop,Firefox,Android,/home
72e8cd21-4747-456a-bffd-d6498ce448d1,2026_W23,S2367,U21394,2026-06-02 04:14:04,2026-06-02 04:18:04,Organic,Challenge,Tablet,Firefox,MacOS,/offers
72e8cd21-4747-456a-bffd-d6498ce448d1,2026_W23,S2368,U24199,2026-06-04 03:30:21,2026-06-04 03:56:21,Email,Share,Mobile,Safari,MacOS,/products
72e8cd21-4747-456a-bffd-d6498ce448d1,2026_W23,S2369,U34645,2026-06-07 08:04:44,2026-06-07 08:41:44,Google Ads,Against,Tablet,Chrome,MacOS,/home
72e8cd21-4747-456a-bffd-d6498ce448d1,2026_W23,S2370,U33925,2026-06-03 23:06:13,2026-06-03 23:43:13,Email,Center,Desktop,Chrome,Android,/products
72e8cd21-4747-456a-bffd-d6498ce448d1,2026_W23,S2371,U15203,2026-06-04 10:38:46,2026-06-04 11:12:46,Instagram,Year,Tablet,Firefox,Windows,/products
72e8cd21-4747-456a-bffd-d6498ce448d1,2026_W23,S2372,U16001,2026-06-02 08:25:02,2026-06-02 08:27:02,Facebook,Movement,Mobile,Edge,iOS,/products
72e8cd21-4747-456a-bffd-d6498ce448d1,2026_W23,S2373,U2270,2026-06-04 00:06:33,2026-06-04 00:10:33,Email,His,Desktop,Edge,MacOS,/offers
72e8cd21-4747-456a-bffd-d6498ce448d1,2026_W23,S2374,U21183,2026-06-05 13:35:57,2026-06-05 13:44:57,Email,Water,Desktop,Chrome,MacOS,/home
72e8cd21-4747-456a-bffd-d6498ce448d1,2026_W23,S2375,U18186,2026-06-05 09:54:08,2026-06-05 09:59:08,Organic,Involve,Tablet,Firefox,MacOS,/home
72e8cd21-4747-456a-bffd-d6498ce448d1,2026_W23,S2376,U9961,2026-06-06 13:17:28,2026-06-06 13:42:28,Instagram,Church,Tablet,Firefox,MacOS,/home
72e8cd21-4747-456a-bffd-d6498ce448d1,2026_W23,S2377,U19560,2026-06-02 13:21:28,2026-06-02 13:41:28,Facebook,Sign,Tablet,Edge,Windows,/offers
72e8cd21-4747-456a-bffd-d6498ce448d1,2026_W23,S2378,U31157,2026-06-05 15:02:33,2026-06-05 15:34:33,Direct,Clearly,Desktop,Firefox,Android,/home
72e8cd21-4747-456a-bffd-d6498ce448d1,2026_W23,S2379,U12882,2026-06-04 05:57:56,2026-06-04 06:17:56,Direct,Accept,Tablet,Edge,Windows,/products
72e8cd21-4747-456a-bffd-d6498ce448d1,2026_W23,S2380,U25534,2026-06-03 16:20:35,2026-06-03 16:32:35,Organic,Set,Tablet,Chrome,Android,/offers
72e8cd21-4747-456a-bffd-d6498ce448d1,2026_W23,S2381,U6465,2026-06-03 09:43:26,2026-06-03 10:03:26,Instagram,System,Desktop,Firefox,Android,/home
72e8cd21-4747-456a-bffd-d6498ce448d1,2026_W23,S2382,U10967,2026-06-05 06:13:00,2026-06-05 06:29:00,Organic,Become,Mobile,Firefox,MacOS,/products
72e8cd21-4747-456a-bffd-d6498ce448d1,2026_W23,S2383,U19370,2026-06-02 12:47:27,2026-06-02 13:04:27,Instagram,Top,Tablet,Firefox,Windows,/offers
72e8cd21-4747-456a-bffd-d6498ce448d1,2026_W23,S2384,U10577,2026-06-07 06:47:19,2026-06-07 07:04:19,Direct,Born,Tablet,Chrome,Android,/offers
72e8cd21-4747-456a-bffd-d6498ce448d1,2026_W23,S2385,U19051,2026-06-02 16:12:01,2026-06-02 16:38:01,Email,Song,Tablet,Chrome,iOS,/home
72e8cd21-4747-456a-bffd-d6498ce448d1,2026_W23,S2386,U18240,2026-06-06 08:05:16,2026-06-06 08:16:16,Facebook,Quickly,Mobile,Edge,Windows,/offers
72e8cd21-4747-456a-bffd-d6498ce448d1,2026_W23,S2387,U28608,2026-06-03 23:31:31,2026-06-03 23:56:31,Email,Institution,Mobile,Firefox,MacOS,/products
72e8cd21-4747-456a-bffd-d6498ce448d1,2026_W23,S2388,U31930,2026-06-03 18:53:13,2026-06-03 19:08:13,Organic,Perhaps,Tablet,Safari,iOS,/products
72e8cd21-4747-456a-bffd-d6498ce448d1,2026_W23,S2389,U17054,2026-06-07 08:28:51,2026-06-07 08:50:51,Google Ads,Provide,Mobile,Edge,MacOS,/offers
72e8cd21-4747-456a-bffd-d6498ce448d1,2026_W23,S2390,U34286,2026-06-02 13:17:30,2026-06-02 13:33:30,Facebook,Example,Mobile,Edge,Android,/products
72e8cd21-4747-456a-bffd-d6498ce448d1,2026_W23,S2391,U6863,2026-06-06 12:44:18,2026-06-06 13:10:18,Facebook,Newspaper,Mobile,Chrome,MacOS,/products
72e8cd21-4747-456a-bffd-d6498ce448d1,2026_W23,S2392,U23932,2026-06-04 21:41:02,2026-06-04 21:55:02,Organic,Music,Mobile,Edge,MacOS,/products
72e8cd21-4747-456a-bffd-d6498ce448d1,2026_W23,S2393,U26602,2026-06-06 18:08:49,2026-06-06 18:34:49,Google Ads,To,Tablet,Firefox,Android,/products
72e8cd21-4747-456a-bffd-d6498ce448d1,2026_W23,S2394,U29927,2026-06-02 02:20:07,2026-06-02 03:00:07,Direct,Dinner,Desktop,Firefox,MacOS,/offers
72e8cd21-4747-456a-bffd-d6498ce448d1,2026_W23,S2395,U31199,2026-06-05 01:09:05,2026-06-05 01:15:05,Instagram,Above,Desktop,Firefox,iOS,/products
72e8cd21-4747-456a-bffd-d6498ce448d1,2026_W23,S2396,U1739,2026-06-06 10:42:09,2026-06-06 10:56:09,Google Ads,War,Tablet,Safari,Windows,/offers
72e8cd21-4747-456a-bffd-d6498ce448d1,2026_W23,S2397,U31954,2026-06-02 13:55:32,2026-06-02 14:29:32,Email,Activity,Desktop,Safari,MacOS,/home
72e8cd21-4747-456a-bffd-d6498ce448d1,2026_W23,S2398,U26740,2026-06-06 04:25:17,2026-06-06 04:26:17,Email,Fear,Desktop,Edge,Android,/products
72e8cd21-4747-456a-bffd-d6498ce448d1,2026_W23,S2399,U9401,2026-06-04 18:35:54,2026-06-04 19:02:54,Email,Effort,Desktop,Edge,iOS,/home
72e8cd21-4747-456a-bffd-d6498ce448d1,2026_W23,S2400,U24870,2026-06-06 17:35:30,2026-06-06 17:44:30,Google Ads,Report,Tablet,Safari,Android,/offers
72e8cd21-4747-456a-bffd-d6498ce448d1,2026_W23,S2401,U18934,2026-06-06 09:39:36,2026-06-06 10:00:36,Organic,Station,Tablet,Safari,Windows,/offers
72e8cd21-4747-456a-bffd-d6498ce448d1,2026_W23,S2402,U18294,2026-06-04 07:00:17,2026-06-04 07:24:17,Google Ads,Owner,Mobile,Edge,MacOS,/home
72e8cd21-4747-456a-bffd-d6498ce448d1,2026_W23,S2403,U8550,2026-06-03 15:54:50,2026-06-03 15:59:50,Facebook,Present,Tablet,Chrome,MacOS,/home
72e8cd21-4747-456a-bffd-d6498ce448d1,2026_W23,S2404,U28572,2026-06-04 18:54:09,2026-06-04 19:01:09,Instagram,Bar,Tablet,Edge,iOS,/products
72e8cd21-4747-456a-bffd-d6498ce448d1,2026_W23,S2405,U18535,2026-06-02 23:00:50,2026-06-02 23:40:50,Facebook,Program,Mobile,Safari,Windows,/offers
72e8cd21-4747-456a-bffd-d6498ce448d1,2026_W23,S2406,U28951,2026-06-04 08:49:21,2026-06-04 09:18:21,Email,Hope,Tablet,Chrome,Android,/products
72e8cd21-4747-456a-bffd-d6498ce448d1,2026_W23,S2407,U29388,2026-06-02 03:02:45,2026-06-02 03:32:45,Organic,Industry,Mobile,Firefox,MacOS,/products
72e8cd21-4747-456a-bffd-d6498ce448d1,2026_W23,S2408,U19736,2026-06-06 02:36:47,2026-06-06 02:51:47,Direct,Across,Tablet,Firefox,MacOS,/offers
72e8cd21-4747-456a-bffd-d6498ce448d1,2026_W23,S2409,U403,2026-06-02 06:47:44,2026-06-02 07:08:44,Google Ads,Soldier,Mobile,Edge,iOS,/home
72e8cd21-4747-456a-bffd-d6498ce448d1,2026_W23,S2410,U15765,2026-06-02 10:52:02,2026-06-02 11:00:02,Facebook,Ok,Tablet,Edge,Android,/home
72e8cd21-4747-456a-bffd-d6498ce448d1,2026_W23,S2411,U4252,2026-06-06 11:02:37,2026-06-06 11:05:37,Google Ads,About,Desktop,Chrome,MacOS,/offers
72e8cd21-4747-456a-bffd-d6498ce448d1,2026_W23,S2412,U24880,2026-06-06 23:55:28,2026-06-07 00:01:28,Direct,Become,Tablet,Firefox,Windows,/offers
72e8cd21-4747-456a-bffd-d6498ce448d1,2026_W23,S2413,U27380,2026-06-03 02:41:39,2026-06-03 03:08:39,Direct,Reflect,Mobile,Edge,MacOS,/home
72e8cd21-4747-456a-bffd-d6498ce448d1,2026_W23,S2414,U14931,2026-06-02 18:00:37,2026-06-02 18:34:37,Organic,Minute,Mobile,Edge,iOS,/home
72e8cd21-4747-456a-bffd-d6498ce448d1,2026_W23,S2415,U27262,2026-06-05 10:58:25,2026-06-05 10:59:25,Email,Into,Tablet,Firefox,iOS,/home
72e8cd21-4747-456a-bffd-d6498ce448d1,2026_W23,S2416,U13939,2026-06-02 02:52:24,2026-06-02 03:06:24,Google Ads,Sort,Desktop,Edge,Android,/products
72e8cd21-4747-456a-bffd-d6498ce448d1,2026_W23,S2417,U19766,2026-06-06 15:43:02,2026-06-06 16:15:02,Organic,Huge,Tablet,Safari,Windows,/home
72e8cd21-4747-456a-bffd-d6498ce448d1,2026_W23,S2418,U4642,2026-06-07 10:09:02,2026-06-07 10:20:02,Google Ads,Bed,Tablet,Firefox,Windows,/home
72e8cd21-4747-456a-bffd-d6498ce448d1,2026_W23,S2419,U16486,2026-06-04 07:14:54,2026-06-04 07:20:54,Instagram,Individual,Mobile,Safari,iOS,/offers
72e8cd21-4747-456a-bffd-d6498ce448d1,2026_W23,S2420,U17716,2026-06-07 10:55:16,2026-06-07 11:01:16,Organic,Officer,Tablet,Safari,Android,/products
72e8cd21-4747-456a-bffd-d6498ce448d1,2026_W23,S2421,U25555,2026-06-02 23:23:14,2026-06-02 23:51:14,Google Ads,Investment,Desktop,Edge,MacOS,/products
72e8cd21-4747-456a-bffd-d6498ce448d1,2026_W23,S2422,U20255,2026-06-06 19:05:38,2026-06-06 19:30:38,Email,Attention,Desktop,Firefox,Android,/home
72e8cd21-4747-456a-bffd-d6498ce448d1,2026_W23,S2423,U689,2026-06-02 14:07:43,2026-06-02 14:11:43,Email,Able,Tablet,Safari,MacOS,/offers
72e8cd21-4747-456a-bffd-d6498ce448d1,2026_W23,S2424,U21384,2026-06-07 15:49:52,2026-06-07 16:23:52,Instagram,Kid,Tablet,Chrome,iOS,/home
72e8cd21-4747-456a-bffd-d6498ce448d1,2026_W23,S2425,U24529,2026-06-07 11:13:03,2026-06-07 11:36:03,Direct,Chance,Tablet,Safari,Android,/products
72e8cd21-4747-456a-bffd-d6498ce448d1,2026_W23,S2426,U32056,2026-06-03 17:31:10,2026-06-03 17:46:10,Organic,Speech,Desktop,Chrome,Windows,/offers
72e8cd21-4747-456a-bffd-d6498ce448d1,2026_W23,S2427,U18438,2026-06-04 23:03:27,2026-06-04 23:19:27,Organic,Last,Tablet,Safari,Windows,/products
72e8cd21-4747-456a-bffd-d6498ce448d1,2026_W23,S2428,U31396,2026-06-02 17:24:03,2026-06-02 17:57:03,Google Ads,Research,Tablet,Edge,iOS,/offers
72e8cd21-4747-456a-bffd-d6498ce448d1,2026_W23,S2429,U19626,2026-06-02 22:35:54,2026-06-02 22:40:54,Direct,New,Desktop,Safari,Android,/offers
72e8cd21-4747-456a-bffd-d6498ce448d1,2026_W23,S2430,U3131,2026-06-07 16:40:38,2026-06-07 16:42:38,Organic,Art,Desktop,Safari,MacOS,/offers
72e8cd21-4747-456a-bffd-d6498ce448d1,2026_W23,S2431,U16930,2026-06-07 14:55:50,2026-06-07 15:04:50,Organic,Buy,Mobile,Chrome,Windows,/products
72e8cd21-4747-456a-bffd-d6498ce448d1,2026_W23,S2432,U925,2026-06-03 22:41:21,2026-06-03 23:02:21,Facebook,Concern,Tablet,Safari,Android,/offers
72e8cd21-4747-456a-bffd-d6498ce448d1,2026_W23,S2433,U6002,2026-06-03 09:25:32,2026-06-03 09:51:32,Direct,Side,Desktop,Edge,Windows,/products
72e8cd21-4747-456a-bffd-d6498ce448d1,2026_W23,S2434,U2204,2026-06-05 02:27:40,2026-06-05 02:43:40,Google Ads,Think,Mobile,Chrome,MacOS,/home
72e8cd21-4747-456a-bffd-d6498ce448d1,2026_W23,S2435,U5757,2026-06-03 12:26:25,2026-06-03 12:44:25,Organic,Minute,Desktop,Firefox,MacOS,/home
72e8cd21-4747-456a-bffd-d6498ce448d1,2026_W23,S2436,U918,2026-06-07 15:38:50,2026-06-07 16:01:50,Direct,Sell,Tablet,Chrome,iOS,/offers
72e8cd21-4747-456a-bffd-d6498ce448d1,2026_W23,S2437,U4370,2026-06-04 07:04:42,2026-06-04 07:36:42,Direct,Protect,Tablet,Safari,Android,/products
72e8cd21-4747-456a-bffd-d6498ce448d1,2026_W23,S2438,U29117,2026-06-04 12:14:58,2026-06-04 12:39:58,Email,Number,Tablet,Safari,iOS,/offers
72e8cd21-4747-456a-bffd-d6498ce448d1,2026_W23,S2439,U20513,2026-06-02 08:34:33,2026-06-02 08:46:33,Facebook,Trade,Desktop,Edge,Android,/products
72e8cd21-4747-456a-bffd-d6498ce448d1,2026_W23,S2440,U27421,2026-06-07 18:40:07,2026-06-07 18:59:07,Instagram,Force,Mobile,Chrome,Windows,/products
72e8cd21-4747-456a-bffd-d6498ce448d1,2026_W23,S2441,U8871,2026-06-06 01:52:52,2026-06-06 02:08:52,Google Ads,Choice,Mobile,Safari,iOS,/offers
72e8cd21-4747-456a-bffd-d6498ce448d1,2026_W23,S2442,U16815,2026-06-02 22:05:40,2026-06-02 22:44:40,Direct,Early,Mobile,Firefox,iOS,/products
72e8cd21-4747-456a-bffd-d6498ce448d1,2026_W23,S2443,U4932,2026-06-06 10:29:04,2026-06-06 10:59:04,Facebook,Young,Desktop,Firefox,Android,/home
72e8cd21-4747-456a-bffd-d6498ce448d1,2026_W23,S2444,U18450,2026-06-07 16:44:18,2026-06-07 17:18:18,Email,Perform,Tablet,Chrome,Android,/home
72e8cd21-4747-456a-bffd-d6498ce448d1,2026_W23,S2445,U27234,2026-06-06 08:38:03,2026-06-06 08:44:03,Facebook,Accept,Tablet,Edge,iOS,/offers
72e8cd21-4747-456a-bffd-d6498ce448d1,2026_W23,S2446,U10558,2026-06-02 15:01:27,2026-06-02 15:02:27,Email,Hear,Desktop,Edge,Android,/home
72e8cd21-4747-456a-bffd-d6498ce448d1,2026_W23,S2447,U27936,2026-06-04 11:36:38,2026-06-04 11:48:38,Direct,Difference,Desktop,Firefox,Windows,/products
72e8cd21-4747-456a-bffd-d6498ce448d1,2026_W23,S2448,U14780,2026-06-01 22:59:38,2026-06-01 23:04:38,Organic,Painting,Desktop,Safari,MacOS,/offers
72e8cd21-4747-456a-bffd-d6498ce448d1,2026_W23,S2449,U13656,2026-06-07 00:47:12,2026-06-07 01:10:12,Organic,Debate,Mobile,Safari,Android,/home
72e8cd21-4747-456a-bffd-d6498ce448d1,2026_W23,S2450,U31289,2026-06-06 10:20:20,2026-06-06 10:44:20,Direct,For,Mobile,Safari,Android,/offers
72e8cd21-4747-456a-bffd-d6498ce448d1,2026_W23,S2451,U1629,2026-06-06 04:06:59,2026-06-06 04:24:59,Organic,Arrive,Mobile,Safari,Windows,/home
72e8cd21-4747-456a-bffd-d6498ce448d1,2026_W23,S2452,U10464,2026-06-03 05:32:01,2026-06-03 05:56:01,Organic,Require,Tablet,Firefox,Windows,/products
72e8cd21-4747-456a-bffd-d6498ce448d1,2026_W23,S2453,U14287,2026-06-04 20:37:57,2026-06-04 21:03:57,Google Ads,Middle,Tablet,Edge,Android,/products
72e8cd21-4747-456a-bffd-d6498ce448d1,2026_W23,S2454,U15658,2026-06-04 04:32:11,2026-06-04 05:01:11,Email,Son,Mobile,Chrome,iOS,/offers
72e8cd21-4747-456a-bffd-d6498ce448d1,2026_W23,S2455,U6707,2026-06-04 00:32:35,2026-06-04 00:45:35,Organic,Father,Desktop,Edge,iOS,/home
72e8cd21-4747-456a-bffd-d6498ce448d1,2026_W23,S2456,U16322,2026-06-07 08:10:48,2026-06-07 08:45:48,Google Ads,Free,Mobile,Edge,Android,/home
72e8cd21-4747-456a-bffd-d6498ce448d1,2026_W23,S2457,U28316,2026-06-07 08:49:37,2026-06-07 09:19:37,Instagram,Adult,Mobile,Safari,Windows,/products
72e8cd21-4747-456a-bffd-d6498ce448d1,2026_W23,S2458,U4629,2026-06-05 15:15:24,2026-06-05 15:49:24,Instagram,Impact,Desktop,Safari,Windows,/home
72e8cd21-4747-456a-bffd-d6498ce448d1,2026_W23,S2459,U14846,2026-06-07 01:43:34,2026-06-07 02:04:34,Direct,Sometimes,Tablet,Chrome,iOS,/home
72e8cd21-4747-456a-bffd-d6498ce448d1,2026_W23,S2460,U19522,2026-06-03 13:01:08,2026-06-03 13:29:08,Google Ads,Southern,Mobile,Safari,Android,/products
72e8cd21-4747-456a-bffd-d6498ce448d1,2026_W23,S2461,U8006,2026-06-07 18:00:26,2026-06-07 18:14:26,Instagram,Arm,Desktop,Chrome,iOS,/home
72e8cd21-4747-456a-bffd-d6498ce448d1,2026_W23,S2462,U15488,2026-06-04 02:32:19,2026-06-04 03:10:19,Organic,Mother,Mobile,Edge,Windows,/offers
72e8cd21-4747-456a-bffd-d6498ce448d1,2026_W23,S2463,U5067,2026-06-05 01:57:29,2026-06-05 02:09:29,Facebook,Rate,Mobile,Edge,iOS,/offers
72e8cd21-4747-456a-bffd-d6498ce448d1,2026_W23,S2464,U25602,2026-06-02 00:49:24,2026-06-02 01:03:24,Facebook,Nature,Tablet,Safari,Windows,/products
72e8cd21-4747-456a-bffd-d6498ce448d1,2026_W23,S2465,U15697,2026-06-06 13:17:55,2026-06-06 13:43:55,Direct,Partner,Mobile,Chrome,Windows,/products
72e8cd21-4747-456a-bffd-d6498ce448d1,2026_W23,S2466,U31141,2026-06-02 23:00:24,2026-06-02 23:30:24,Email,Truth,Desktop,Firefox,MacOS,/home
72e8cd21-4747-456a-bffd-d6498ce448d1,2026_W23,S2467,U3300,2026-06-04 08:43:32,2026-06-04 08:55:32,Email,Time,Desktop,Firefox,Windows,/products
72e8cd21-4747-456a-bffd-d6498ce448d1,2026_W23,S2468,U25737,2026-06-06 00:52:06,2026-06-06 01:21:06,Email,Ready,Tablet,Firefox,MacOS,/home
72e8cd21-4747-456a-bffd-d6498ce448d1,2026_W23,S2469,U14948,2026-06-06 13:51:42,2026-06-06 13:57:42,Email,Tax,Desktop,Firefox,Android,/products
72e8cd21-4747-456a-bffd-d6498ce448d1,2026_W23,S2470,U24994,2026-06-03 02:58:48,2026-06-03 03:15:48,Organic,Report,Desktop,Edge,Android,/products
72e8cd21-4747-456a-bffd-d6498ce448d1,2026_W23,S2471,U3433,2026-06-05 07:29:31,2026-06-05 07:48:31,Email,Begin,Mobile,Safari,Android,/home
72e8cd21-4747-456a-bffd-d6498ce448d1,2026_W23,S2472,U16995,2026-06-01 20:41:17,2026-06-01 20:56:17,Email,Theory,Desktop,Safari,Windows,/home
72e8cd21-4747-456a-bffd-d6498ce448d1,2026_W23,S2473,U21027,2026-06-05 07:20:07,2026-06-05 07:35:07,Google Ads,Shake,Tablet,Edge,Android,/offers
72e8cd21-4747-456a-bffd-d6498ce448d1,2026_W23,S2474,U6395,2026-06-02 18:19:35,2026-06-02 18:51:35,Instagram,Building,Tablet,Chrome,MacOS,/products
72e8cd21-4747-456a-bffd-d6498ce448d1,2026_W23,S2475,U25903,2026-06-06 07:17:44,2026-06-06 07:56:44,Facebook,Well,Tablet,Chrome,iOS,/products
72e8cd21-4747-456a-bffd-d6498ce448d1,2026_W23,S2476,U22012,2026-06-02 22:19:00,2026-06-02 22:46:00,Instagram,Dinner,Tablet,Safari,iOS,/products
72e8cd21-4747-456a-bffd-d6498ce448d1,2026_W23,S2477,U4954,2026-06-03 10:15:38,2026-06-03 10:19:38,Facebook,Any,Desktop,Firefox,iOS,/home
72e8cd21-4747-456a-bffd-d6498ce448d1,2026_W23,S2478,U14851,2026-06-02 08:42:34,2026-06-02 09:22:34,Facebook,Ask,Tablet,Firefox,Windows,/home
72e8cd21-4747-456a-bffd-d6498ce448d1,2026_W23,S2479,U14484,2026-06-02 09:05:01,2026-06-02 09:11:01,Google Ads,Control,Desktop,Firefox,MacOS,/products
72e8cd21-4747-456a-bffd-d6498ce448d1,2026_W23,S2480,U21108,2026-06-03 04:40:45,2026-06-03 05:10:45,Direct,Recognize,Tablet,Safari,iOS,/products
72e8cd21-4747-456a-bffd-d6498ce448d1,2026_W23,S2481,U34909,2026-06-07 01:54:52,2026-06-07 02:32:52,Google Ads,Start,Desktop,Firefox,Windows,/products
72e8cd21-4747-456a-bffd-d6498ce448d1,2026_W23,S2482,U13875,2026-06-04 06:00:32,2026-06-04 06:14:32,Direct,Move,Desktop,Firefox,Android,/products
72e8cd21-4747-456a-bffd-d6498ce448d1,2026_W23,S2483,U13270,2026-06-03 13:48:42,2026-06-03 14:21:42,Organic,Agree,Desktop,Firefox,Android,/products
72e8cd21-4747-456a-bffd-d6498ce448d1,2026_W23,S2484,U8511,2026-06-07 14:46:02,2026-06-07 15:09:02,Email,Health,Mobile,Chrome,iOS,/offers
72e8cd21-4747-456a-bffd-d6498ce448d1,2026_W23,S2485,U9801,2026-06-05 12:50:00,2026-06-05 13:15:00,Email,Trip,Mobile,Safari,Android,/offers
72e8cd21-4747-456a-bffd-d6498ce448d1,2026_W23,S2486,U20936,2026-06-05 02:57:15,2026-06-05 03:10:15,Organic,Show,Tablet,Edge,iOS,/products
72e8cd21-4747-456a-bffd-d6498ce448d1,2026_W23,S2487,U2639,2026-06-04 09:35:49,2026-06-04 09:45:49,Email,Culture,Mobile,Edge,iOS,/home
72e8cd21-4747-456a-bffd-d6498ce448d1,2026_W23,S2488,U19698,2026-06-07 08:09:58,2026-06-07 08:19:58,Organic,Example,Mobile,Firefox,Windows,/products
72e8cd21-4747-456a-bffd-d6498ce448d1,2026_W23,S2489,U26915,2026-06-02 16:05:40,2026-06-02 16:13:40,Instagram,Decide,Mobile,Edge,MacOS,/products
72e8cd21-4747-456a-bffd-d6498ce448d1,2026_W23,S2490,U27029,2026-06-04 04:16:55,2026-06-04 04:25:55,Instagram,Ground,Mobile,Chrome,iOS,/home
72e8cd21-4747-456a-bffd-d6498ce448d1,2026_W23,S2491,U5018,2026-06-03 02:53:51,2026-06-03 03:24:51,Email,Tv,Tablet,Chrome,iOS,/products
72e8cd21-4747-456a-bffd-d6498ce448d1,2026_W23,S2492,U1359,2026-06-07 09:27:20,2026-06-07 09:33:20,Direct,Day,Desktop,Firefox,Windows,/home
72e8cd21-4747-456a-bffd-d6498ce448d1,2026_W23,S2493,U31292,2026-06-04 19:26:50,2026-06-04 19:27:50,Direct,Small,Mobile,Edge,MacOS,/home
72e8cd21-4747-456a-bffd-d6498ce448d1,2026_W23,S2494,U260,2026-06-07 16:12:57,2026-06-07 16:20:57,Direct,Deal,Desktop,Chrome,Android,/products
72e8cd21-4747-456a-bffd-d6498ce448d1,2026_W23,S2495,U23728,2026-06-03 00:36:36,2026-06-03 00:58:36,Direct,Program,Desktop,Chrome,Windows,/offers
72e8cd21-4747-456a-bffd-d6498ce448d1,2026_W23,S2496,U8226,2026-06-02 18:44:34,2026-06-02 19:20:34,Email,Difference,Desktop,Safari,MacOS,/offers
72e8cd21-4747-456a-bffd-d6498ce448d1,2026_W23,S2497,U1850,2026-06-05 13:20:22,2026-06-05 13:24:22,Facebook,Understand,Tablet,Edge,Windows,/home
72e8cd21-4747-456a-bffd-d6498ce448d1,2026_W23,S2498,U16615,2026-06-05 07:37:22,2026-06-05 08:02:22,Google Ads,View,Mobile,Edge,iOS,/products
72e8cd21-4747-456a-bffd-d6498ce448d1,2026_W23,S2499,U3604,2026-06-07 02:54:03,2026-06-07 03:26:03,Facebook,Network,Tablet,Chrome,Android,/home
72e8cd21-4747-456a-bffd-d6498ce448d1,2026_W23,S2500,U15484,2026-06-07 00:37:09,2026-06-07 01:14:09,Instagram,Region,Mobile,Edge,Android,/home
72e8cd21-4747-456a-bffd-d6498ce448d1,2026_W23,S2501,U11065,2026-06-03 09:56:09,2026-06-03 10:03:09,Direct,Material,Mobile,Safari,MacOS,/products
72e8cd21-4747-456a-bffd-d6498ce448d1,2026_W23,S2502,U17972,2026-06-06 07:22:52,2026-06-06 07:46:52,Email,Nor,Mobile,Safari,iOS,/products
72e8cd21-4747-456a-bffd-d6498ce448d1,2026_W23,S2503,U1133,2026-06-04 00:11:41,2026-06-04 00:17:41,Email,Camera,Desktop,Safari,Android,/products
72e8cd21-4747-456a-bffd-d6498ce448d1,2026_W23,S2504,U23087,2026-06-02 17:53:00,2026-06-02 18:27:00,Google Ads,Spend,Mobile,Chrome,MacOS,/home
72e8cd21-4747-456a-bffd-d6498ce448d1,2026_W23,S2505,U28156,2026-06-06 07:48:17,2026-06-06 08:20:17,Facebook,Bad,Mobile,Safari,iOS,/home
72e8cd21-4747-456a-bffd-d6498ce448d1,2026_W23,S2506,U23538,2026-06-02 11:57:25,2026-06-02 12:01:25,Instagram,Total,Tablet,Firefox,Android,/products
72e8cd21-4747-456a-bffd-d6498ce448d1,2026_W23,S2507,U13905,2026-06-07 16:29:51,2026-06-07 16:48:51,Email,Apply,Desktop,Edge,iOS,/home
72e8cd21-4747-456a-bffd-d6498ce448d1,2026_W23,S2508,U2626,2026-06-07 10:33:02,2026-06-07 10:55:02,Email,Everybody,Desktop,Safari,iOS,/offers
72e8cd21-4747-456a-bffd-d6498ce448d1,2026_W23,S2509,U24386,2026-06-06 09:24:10,2026-06-06 09:57:10,Facebook,Attorney,Desktop,Chrome,MacOS,/home
72e8cd21-4747-456a-bffd-d6498ce448d1,2026_W23,S2510,U6502,2026-06-05 22:42:01,2026-06-05 22:48:01,Direct,Message,Mobile,Edge,Windows,/offers
72e8cd21-4747-456a-bffd-d6498ce448d1,2026_W23,S2511,U16747,2026-06-05 11:58:58,2026-06-05 12:13:58,Direct,Modern,Mobile,Chrome,Android,/offers
72e8cd21-4747-456a-bffd-d6498ce448d1,2026_W23,S2512,U17492,2026-06-05 01:26:19,2026-06-05 01:29:19,Organic,Many,Mobile,Chrome,iOS,/offers
72e8cd21-4747-456a-bffd-d6498ce448d1,2026_W23,S2513,U11410,2026-06-02 20:22:39,2026-06-02 20:33:39,Facebook,Article,Desktop,Chrome,Android,/products
72e8cd21-4747-456a-bffd-d6498ce448d1,2026_W23,S2514,U10302,2026-06-02 15:54:53,2026-06-02 16:11:53,Direct,Capital,Desktop,Safari,MacOS,/home
72e8cd21-4747-456a-bffd-d6498ce448d1,2026_W23,S2515,U8921,2026-06-07 11:25:45,2026-06-07 11:50:45,Direct,Watch,Desktop,Edge,MacOS,/home
72e8cd21-4747-456a-bffd-d6498ce448d1,2026_W23,S2516,U5655,2026-06-02 19:00:00,2026-06-02 19:34:00,Instagram,Pattern,Mobile,Chrome,Windows,/products
72e8cd21-4747-456a-bffd-d6498ce448d1,2026_W23,S2517,U14758,2026-06-05 17:37:03,2026-06-05 17:53:03,Direct,Key,Tablet,Chrome,MacOS,/offers
72e8cd21-4747-456a-bffd-d6498ce448d1,2026_W23,S2518,U31367,2026-06-03 16:33:48,2026-06-03 16:37:48,Organic,Tv,Desktop,Edge,iOS,/offers
72e8cd21-4747-456a-bffd-d6498ce448d1,2026_W23,S2519,U9891,2026-06-03 07:35:17,2026-06-03 08:10:17,Facebook,Film,Tablet,Chrome,Windows,/offers
72e8cd21-4747-456a-bffd-d6498ce448d1,2026_W23,S2520,U8716,2026-06-07 04:05:33,2026-06-07 04:22:33,Google Ads,Ground,Mobile,Firefox,Android,/offers
72e8cd21-4747-456a-bffd-d6498ce448d1,2026_W23,S2521,U2244,2026-06-03 00:39:12,2026-06-03 00:51:12,Organic,Point,Tablet,Chrome,Android,/products
72e8cd21-4747-456a-bffd-d6498ce448d1,2026_W23,S2522,U9912,2026-06-06 00:04:20,2026-06-06 00:29:20,Organic,Join,Tablet,Chrome,MacOS,/home
72e8cd21-4747-456a-bffd-d6498ce448d1,2026_W23,S2523,U19315,2026-06-07 13:26:58,2026-06-07 13:36:58,Organic,Reveal,Tablet,Edge,MacOS,/offers
72e8cd21-4747-456a-bffd-d6498ce448d1,2026_W23,S2524,U21561,2026-06-02 12:10:25,2026-06-02 12:44:25,Organic,Support,Desktop,Chrome,MacOS,/offers
72e8cd21-4747-456a-bffd-d6498ce448d1,2026_W23,S2525,U155,2026-06-03 05:34:52,2026-06-03 05:52:52,Facebook,Whose,Tablet,Safari,Windows,/products
72e8cd21-4747-456a-bffd-d6498ce448d1,2026_W23,S2526,U18355,2026-06-05 03:01:48,2026-06-05 03:09:48,Email,Probably,Desktop,Safari,Windows,/products
72e8cd21-4747-456a-bffd-d6498ce448d1,2026_W23,S2527,U16967,2026-06-04 21:14:53,2026-06-04 21:28:53,Instagram,Purpose,Mobile,Edge,iOS,/home
72e8cd21-4747-456a-bffd-d6498ce448d1,2026_W23,S2528,U26511,2026-06-05 02:06:09,2026-06-05 02:15:09,Instagram,Life,Tablet,Firefox,iOS,/products
72e8cd21-4747-456a-bffd-d6498ce448d1,2026_W23,S2529,U29065,2026-06-02 06:12:16,2026-06-02 06:21:16,Facebook,Down,Desktop,Firefox,iOS,/home
72e8cd21-4747-456a-bffd-d6498ce448d1,2026_W23,S2530,U21861,2026-06-03 18:37:26,2026-06-03 19:12:26,Google Ads,Official,Tablet,Firefox,Windows,/home
72e8cd21-4747-456a-bffd-d6498ce448d1,2026_W23,S2531,U29215,2026-06-04 01:19:56,2026-06-04 01:22:56,Email,Land,Tablet,Safari,MacOS,/products
72e8cd21-4747-456a-bffd-d6498ce448d1,2026_W23,S2532,U358,2026-06-03 12:37:46,2026-06-03 13:14:46,Direct,Accept,Desktop,Chrome,iOS,/offers
72e8cd21-4747-456a-bffd-d6498ce448d1,2026_W23,S2533,U20104,2026-06-03 20:55:23,2026-06-03 21:24:23,Organic,Eat,Tablet,Safari,Windows,/offers
72e8cd21-4747-456a-bffd-d6498ce448d1,2026_W23,S2534,U3873,2026-06-05 04:49:12,2026-06-05 04:55:12,Google Ads,Really,Tablet,Edge,Windows,/offers
72e8cd21-4747-456a-bffd-d6498ce448d1,2026_W23,S2535,U32625,2026-06-06 08:33:21,2026-06-06 09:03:21,Email,Ask,Tablet,Edge,Windows,/home
72e8cd21-4747-456a-bffd-d6498ce448d1,2026_W23,S2536,U5023,2026-06-02 07:24:01,2026-06-02 08:02:01,Google Ads,Lay,Tablet,Safari,MacOS,/home
72e8cd21-4747-456a-bffd-d6498ce448d1,2026_W23,S2537,U17147,2026-06-05 03:31:51,2026-06-05 03:32:51,Google Ads,Indicate,Desktop,Safari,Windows,/offers
72e8cd21-4747-456a-bffd-d6498ce448d1,2026_W23,S2538,U1139,2026-06-02 16:45:03,2026-06-02 17:22:03,Direct,Adult,Mobile,Firefox,MacOS,/offers
72e8cd21-4747-456a-bffd-d6498ce448d1,2026_W23,S2539,U11235,2026-06-05 06:11:52,2026-06-05 06:36:52,Email,Official,Mobile,Safari,iOS,/products
72e8cd21-4747-456a-bffd-d6498ce448d1,2026_W23,S2540,U1625,2026-06-03 18:01:41,2026-06-03 18:05:41,Instagram,Nice,Desktop,Edge,Windows,/offers
72e8cd21-4747-456a-bffd-d6498ce448d1,2026_W23,S2541,U7760,2026-06-03 10:10:18,2026-06-03 10:47:18,Email,Section,Mobile,Chrome,iOS,/offers
72e8cd21-4747-456a-bffd-d6498ce448d1,2026_W23,S2542,U27257,2026-06-06 22:03:03,2026-06-06 22:17:03,Direct,Serve,Tablet,Safari,iOS,/products
72e8cd21-4747-456a-bffd-d6498ce448d1,2026_W23,S2543,U32233,2026-06-04 09:06:17,2026-06-04 09:44:17,Google Ads,Memory,Desktop,Chrome,Android,/offers
72e8cd21-4747-456a-bffd-d6498ce448d1,2026_W23,S2544,U34644,2026-06-05 08:18:12,2026-06-05 08:50:12,Organic,Another,Desktop,Edge,Windows,/home
72e8cd21-4747-456a-bffd-d6498ce448d1,2026_W23,S2545,U9948,2026-06-02 08:44:06,2026-06-02 09:19:06,Organic,Want,Desktop,Firefox,MacOS,/products
72e8cd21-4747-456a-bffd-d6498ce448d1,2026_W23,S2546,U9562,2026-06-04 11:47:07,2026-06-04 12:27:07,Direct,Safe,Tablet,Chrome,MacOS,/products
72e8cd21-4747-456a-bffd-d6498ce448d1,2026_W23,S2547,U23522,2026-06-06 11:28:24,2026-06-06 11:39:24,Google Ads,Fill,Desktop,Firefox,iOS,/products
72e8cd21-4747-456a-bffd-d6498ce448d1,2026_W23,S2548,U22896,2026-06-02 23:31:55,2026-06-02 23:34:55,Instagram,May,Mobile,Edge,Windows,/offers
72e8cd21-4747-456a-bffd-d6498ce448d1,2026_W23,S2549,U24582,2026-06-07 01:58:43,2026-06-07 02:28:43,Organic,Less,Mobile,Safari,Android,/offers
72e8cd21-4747-456a-bffd-d6498ce448d1,2026_W23,S2550,U25709,2026-06-03 11:59:15,2026-06-03 12:38:15,Instagram,Affect,Tablet,Safari,iOS,/products
72e8cd21-4747-456a-bffd-d6498ce448d1,2026_W23,S2551,U2013,2026-06-02 09:12:38,2026-06-02 09:47:38,Email,Father,Tablet,Firefox,iOS,/products
72e8cd21-4747-456a-bffd-d6498ce448d1,2026_W23,S2552,U5142,2026-06-05 00:35:28,2026-06-05 00:58:28,Facebook,Window,Tablet,Safari,MacOS,/home
72e8cd21-4747-456a-bffd-d6498ce448d1,2026_W23,S2553,U17896,2026-06-06 10:53:36,2026-06-06 11:12:36,Instagram,Under,Tablet,Chrome,MacOS,/products
72e8cd21-4747-456a-bffd-d6498ce448d1,2026_W23,S2554,U15824,2026-06-06 12:59:57,2026-06-06 13:37:57,Instagram,Hear,Mobile,Safari,Android,/offers
72e8cd21-4747-456a-bffd-d6498ce448d1,2026_W23,S2555,U8150,2026-06-02 03:11:24,2026-06-02 03:41:24,Google Ads,Her,Desktop,Safari,iOS,/products
72e8cd21-4747-456a-bffd-d6498ce448d1,2026_W23,S2556,U8960,2026-06-04 22:35:42,2026-06-04 22:43:42,Email,Without,Desktop,Edge,iOS,/offers
72e8cd21-4747-456a-bffd-d6498ce448d1,2026_W23,S2557,U9106,2026-06-07 02:15:09,2026-06-07 02:25:09,Direct,Place,Mobile,Chrome,Windows,/offers
72e8cd21-4747-456a-bffd-d6498ce448d1,2026_W23,S2558,U11786,2026-06-06 23:06:09,2026-06-06 23:21:09,Google Ads,One,Mobile,Safari,MacOS,/products
72e8cd21-4747-456a-bffd-d6498ce448d1,2026_W23,S2559,U3174,2026-06-06 16:31:18,2026-06-06 16:54:18,Email,Quality,Mobile,Firefox,iOS,/home
72e8cd21-4747-456a-bffd-d6498ce448d1,2026_W23,S2560,U4742,2026-06-05 11:45:37,2026-06-05 12:19:37,Email,Off,Mobile,Safari,MacOS,/home
72e8cd21-4747-456a-bffd-d6498ce448d1,2026_W23,S2561,U13912,2026-06-04 18:01:14,2026-06-04 18:22:14,Organic,Including,Mobile,Firefox,Windows,/home
72e8cd21-4747-456a-bffd-d6498ce448d1,2026_W23,S2562,U2064,2026-06-06 13:12:47,2026-06-06 13:42:47,Direct,Machine,Tablet,Edge,iOS,/offers
72e8cd21-4747-456a-bffd-d6498ce448d1,2026_W23,S2563,U24090,2026-06-07 03:19:45,2026-06-07 03:49:45,Organic,Central,Desktop,Edge,iOS,/home
72e8cd21-4747-456a-bffd-d6498ce448d1,2026_W23,S2564,U27380,2026-06-03 02:12:37,2026-06-03 02:13:37,Organic,Even,Tablet,Edge,Windows,/home
72e8cd21-4747-456a-bffd-d6498ce448d1,2026_W23,S2565,U25613,2026-06-02 18:47:39,2026-06-02 19:25:39,Direct,Common,Mobile,Chrome,Windows,/offers
72e8cd21-4747-456a-bffd-d6498ce448d1,2026_W23,S2566,U5622,2026-06-04 02:48:41,2026-06-04 03:06:41,Direct,Upon,Mobile,Chrome,MacOS,/home
72e8cd21-4747-456a-bffd-d6498ce448d1,2026_W23,S2567,U33577,2026-06-02 03:35:28,2026-06-02 03:54:28,Facebook,Fill,Mobile,Chrome,iOS,/products
72e8cd21-4747-456a-bffd-d6498ce448d1,2026_W23,S2568,U609,2026-06-04 22:21:19,2026-06-04 22:28:19,Organic,Six,Desktop,Chrome,MacOS,/home
72e8cd21-4747-456a-bffd-d6498ce448d1,2026_W23,S2569,U27733,2026-06-02 02:35:02,2026-06-02 02:46:02,Email,Address,Tablet,Firefox,Android,/home
72e8cd21-4747-456a-bffd-d6498ce448d1,2026_W23,S2570,U10271,2026-06-06 15:15:30,2026-06-06 15:55:30,Email,Network,Desktop,Safari,Android,/offers
72e8cd21-4747-456a-bffd-d6498ce448d1,2026_W23,S2571,U28067,2026-06-03 19:31:20,2026-06-03 19:59:20,Instagram,A,Tablet,Safari,Windows,/products
72e8cd21-4747-456a-bffd-d6498ce448d1,2026_W23,S2572,U31956,2026-06-06 19:44:51,2026-06-06 19:47:51,Facebook,Administration,Desktop,Firefox,Android,/offers
72e8cd21-4747-456a-bffd-d6498ce448d1,2026_W23,S2573,U1285,2026-06-06 08:59:25,2026-06-06 09:31:25,Google Ads,Raise,Mobile,Firefox,Windows,/home
72e8cd21-4747-456a-bffd-d6498ce448d1,2026_W23,S2574,U513,2026-06-07 04:51:13,2026-06-07 04:53:13,Instagram,Shoulder,Mobile,Chrome,iOS,/home
72e8cd21-4747-456a-bffd-d6498ce448d1,2026_W23,S2575,U29526,2026-06-06 13:34:47,2026-06-06 13:51:47,Email,Central,Tablet,Chrome,Android,/offers
72e8cd21-4747-456a-bffd-d6498ce448d1,2026_W23,S2576,U25056,2026-06-04 08:00:28,2026-06-04 08:39:28,Organic,Behind,Desktop,Chrome,MacOS,/home
72e8cd21-4747-456a-bffd-d6498ce448d1,2026_W23,S2577,U23794,2026-06-07 17:05:00,2026-06-07 17:10:00,Email,Mrs,Desktop,Chrome,Windows,/home
72e8cd21-4747-456a-bffd-d6498ce448d1,2026_W23,S2578,U22658,2026-06-07 01:00:16,2026-06-07 01:09:16,Facebook,Opportunity,Tablet,Safari,Windows,/home
72e8cd21-4747-456a-bffd-d6498ce448d1,2026_W23,S2579,U26437,2026-06-02 11:27:17,2026-06-02 12:05:17,Facebook,Month,Mobile,Safari,Windows,/products
72e8cd21-4747-456a-bffd-d6498ce448d1,2026_W23,S2580,U1983,2026-06-04 20:14:12,2026-06-04 20:31:12,Organic,Reflect,Tablet,Safari,Android,/home
72e8cd21-4747-456a-bffd-d6498ce448d1,2026_W23,S2581,U16456,2026-06-01 22:00:31,2026-06-01 22:29:31,Direct,Upon,Tablet,Chrome,MacOS,/products
72e8cd21-4747-456a-bffd-d6498ce448d1,2026_W23,S2582,U7962,2026-06-04 22:40:45,2026-06-04 23:01:45,Facebook,Generation,Desktop,Chrome,Android,/home
72e8cd21-4747-456a-bffd-d6498ce448d1,2026_W23,S2583,U22073,2026-06-05 21:30:24,2026-06-05 22:09:24,Direct,Campaign,Tablet,Safari,MacOS,/offers
72e8cd21-4747-456a-bffd-d6498ce448d1,2026_W23,S2584,U5661,2026-06-07 03:37:56,2026-06-07 03:38:56,Instagram,Everyone,Tablet,Safari,Windows,/offers
72e8cd21-4747-456a-bffd-d6498ce448d1,2026_W23,S2585,U34774,2026-06-03 19:40:03,2026-06-03 20:12:03,Direct,Mrs,Desktop,Firefox,Android,/offers
72e8cd21-4747-456a-bffd-d6498ce448d1,2026_W23,S2586,U3486,2026-06-05 08:51:31,2026-06-05 09:18:31,Instagram,Factor,Desktop,Firefox,Windows,/products
72e8cd21-4747-456a-bffd-d6498ce448d1,2026_W23,S2587,U637,2026-06-04 15:00:07,2026-06-04 15:11:07,Instagram,On,Tablet,Edge,MacOS,/home
72e8cd21-4747-456a-bffd-d6498ce448d1,2026_W23,S2588,U26708,2026-06-06 13:01:27,2026-06-06 13:19:27,Organic,Start,Tablet,Firefox,iOS,/products
72e8cd21-4747-456a-bffd-d6498ce448d1,2026_W23,S2589,U19491,2026-06-03 00:12:40,2026-06-03 00:50:40,Email,Boy,Tablet,Edge,iOS,/products
72e8cd21-4747-456a-bffd-d6498ce448d1,2026_W23,S2590,U24997,2026-06-04 13:06:19,2026-06-04 13:16:19,Direct,Interest,Tablet,Chrome,Windows,/home
72e8cd21-4747-456a-bffd-d6498ce448d1,2026_W23,S2591,U12050,2026-06-04 18:55:23,2026-06-04 19:19:23,Direct,Most,Desktop,Chrome,Windows,/products
72e8cd21-4747-456a-bffd-d6498ce448d1,2026_W23,S2592,U12340,2026-06-05 13:33:59,2026-06-05 14:12:59,Email,Agree,Desktop,Firefox,iOS,/home
72e8cd21-4747-456a-bffd-d6498ce448d1,2026_W23,S2593,U5529,2026-06-04 21:33:03,2026-06-04 22:12:03,Instagram,Now,Desktop,Firefox,MacOS,/products
72e8cd21-4747-456a-bffd-d6498ce448d1,2026_W23,S2594,U31862,2026-06-05 03:11:24,2026-06-05 03:24:24,Facebook,Painting,Desktop,Edge,Android,/offers
72e8cd21-4747-456a-bffd-d6498ce448d1,2026_W23,S2595,U29491,2026-06-02 02:20:17,2026-06-02 02:31:17,Email,Practice,Mobile,Chrome,Windows,/products
72e8cd21-4747-456a-bffd-d6498ce448d1,2026_W23,S2596,U28603,2026-06-03 01:29:19,2026-06-03 02:09:19,Google Ads,Unit,Tablet,Chrome,iOS,/home
72e8cd21-4747-456a-bffd-d6498ce448d1,2026_W23,S2597,U12743,2026-06-02 03:55:20,2026-06-02 04:35:20,Instagram,Any,Tablet,Chrome,iOS,/home
72e8cd21-4747-456a-bffd-d6498ce448d1,2026_W23,S2598,U28836,2026-06-07 02:34:27,2026-06-07 02:51:27,Instagram,Start,Tablet,Chrome,Android,/products
72e8cd21-4747-456a-bffd-d6498ce448d1,2026_W23,S2599,U9444,2026-06-07 18:08:22,2026-06-07 18:48:22,Instagram,Next,Desktop,Edge,iOS,/products
72e8cd21-4747-456a-bffd-d6498ce448d1,2026_W23,S2600,U23631,2026-06-02 07:30:25,2026-06-02 07:58:25,Organic,Partner,Desktop,Firefox,Android,/products
72e8cd21-4747-456a-bffd-d6498ce448d1,2026_W23,S2601,U18723,2026-06-02 16:43:27,2026-06-02 16:58:27,Instagram,Interesting,Desktop,Edge,MacOS,/products
72e8cd21-4747-456a-bffd-d6498ce448d1,2026_W23,S2602,U7550,2026-06-03 03:16:12,2026-06-03 03:38:12,Facebook,Agency,Mobile,Safari,Windows,/products
72e8cd21-4747-456a-bffd-d6498ce448d1,2026_W23,S2603,U7835,2026-06-04 02:04:15,2026-06-04 02:37:15,Direct,Main,Desktop,Chrome,Android,/products
72e8cd21-4747-456a-bffd-d6498ce448d1,2026_W23,S2604,U2856,2026-06-02 21:19:04,2026-06-02 21:37:04,Instagram,Know,Mobile,Edge,iOS,/home
72e8cd21-4747-456a-bffd-d6498ce448d1,2026_W23,S2605,U25662,2026-06-03 13:27:26,2026-06-03 13:48:26,Organic,Manage,Tablet,Firefox,Windows,/products
72e8cd21-4747-456a-bffd-d6498ce448d1,2026_W23,S2606,U14201,2026-06-06 18:53:12,2026-06-06 19:24:12,Facebook,Over,Desktop,Chrome,Windows,/home
72e8cd21-4747-456a-bffd-d6498ce448d1,2026_W23,S2607,U31803,2026-06-07 07:48:36,2026-06-07 08:17:36,Email,Create,Desktop,Firefox,Android,/products
72e8cd21-4747-456a-bffd-d6498ce448d1,2026_W23,S2608,U3908,2026-06-05 10:42:39,2026-06-05 10:46:39,Facebook,Money,Desktop,Chrome,Windows,/products
72e8cd21-4747-456a-bffd-d6498ce448d1,2026_W23,S2609,U14291,2026-06-02 12:44:55,2026-06-02 13:03:55,Google Ads,Exactly,Desktop,Edge,Android,/products
72e8cd21-4747-456a-bffd-d6498ce448d1,2026_W23,S2610,U14134,2026-06-02 04:52:04,2026-06-02 04:57:04,Google Ads,Their,Desktop,Edge,iOS,/home
72e8cd21-4747-456a-bffd-d6498ce448d1,2026_W23,S2611,U24518,2026-06-05 22:03:10,2026-06-05 22:26:10,Organic,View,Desktop,Chrome,Android,/products
72e8cd21-4747-456a-bffd-d6498ce448d1,2026_W23,S2612,U16569,2026-06-02 22:55:53,2026-06-02 23:09:53,Facebook,Place,Desktop,Edge,iOS,/home
72e8cd21-4747-456a-bffd-d6498ce448d1,2026_W23,S2613,U33696,2026-06-06 20:50:35,2026-06-06 21:18:35,Organic,Some,Mobile,Firefox,MacOS,/home
72e8cd21-4747-456a-bffd-d6498ce448d1,2026_W23,S2614,U614,2026-06-02 18:42:25,2026-06-02 18:52:25,Facebook,Article,Mobile,Safari,Android,/home
72e8cd21-4747-456a-bffd-d6498ce448d1,2026_W23,S2615,U4430,2026-06-05 14:26:14,2026-06-05 14:48:14,Google Ads,Candidate,Desktop,Firefox,iOS,/offers
72e8cd21-4747-456a-bffd-d6498ce448d1,2026_W23,S2616,U17976,2026-06-05 00:02:56,2026-06-05 00:08:56,Email,Poor,Desktop,Edge,iOS,/products
72e8cd21-4747-456a-bffd-d6498ce448d1,2026_W23,S2617,U3552,2026-06-03 10:46:17,2026-06-03 11:13:17,Facebook,Deep,Mobile,Firefox,MacOS,/products
72e8cd21-4747-456a-bffd-d6498ce448d1,2026_W23,S2618,U10561,2026-06-06 18:02:28,2026-06-06 18:24:28,Direct,Attention,Desktop,Chrome,iOS,/home
72e8cd21-4747-456a-bffd-d6498ce448d1,2026_W23,S2619,U14218,2026-06-05 12:09:11,2026-06-05 12:47:11,Instagram,Whatever,Mobile,Firefox,MacOS,/offers
72e8cd21-4747-456a-bffd-d6498ce448d1,2026_W23,S2620,U12085,2026-06-02 11:10:32,2026-06-02 11:19:32,Email,Mrs,Tablet,Safari,MacOS,/offers
72e8cd21-4747-456a-bffd-d6498ce448d1,2026_W23,S2621,U25041,2026-06-03 22:23:42,2026-06-03 22:26:42,Organic,Decade,Desktop,Safari,MacOS,/offers
72e8cd21-4747-456a-bffd-d6498ce448d1,2026_W23,S2622,U5630,2026-06-02 15:37:27,2026-06-02 16:16:27,Email,Civil,Mobile,Chrome,Android,/products
72e8cd21-4747-456a-bffd-d6498ce448d1,2026_W23,S2623,U2031,2026-06-02 20:36:43,2026-06-02 21:04:43,Organic,Director,Tablet,Firefox,MacOS,/offers
72e8cd21-4747-456a-bffd-d6498ce448d1,2026_W23,S2624,U25083,2026-06-02 07:56:21,2026-06-02 08:13:21,Instagram,Beyond,Tablet,Chrome,MacOS,/home
72e8cd21-4747-456a-bffd-d6498ce448d1,2026_W23,S2625,U4096,2026-06-03 11:50:04,2026-06-03 12:16:04,Organic,Whole,Mobile,Edge,Android,/offers
72e8cd21-4747-456a-bffd-d6498ce448d1,2026_W23,S2626,U19363,2026-06-03 10:51:12,2026-06-03 10:56:12,Email,By,Mobile,Edge,Android,/offers
72e8cd21-4747-456a-bffd-d6498ce448d1,2026_W23,S2627,U12419,2026-06-03 13:30:06,2026-06-03 13:31:06,Facebook,Near,Mobile,Safari,Windows,/home
72e8cd21-4747-456a-bffd-d6498ce448d1,2026_W23,S2628,U20683,2026-06-03 00:48:25,2026-06-03 01:07:25,Direct,Film,Tablet,Edge,MacOS,/home
72e8cd21-4747-456a-bffd-d6498ce448d1,2026_W23,S2629,U21464,2026-06-07 03:00:51,2026-06-07 03:27:51,Organic,Produce,Desktop,Chrome,Android,/offers
72e8cd21-4747-456a-bffd-d6498ce448d1,2026_W23,S2630,U17394,2026-06-03 12:51:49,2026-06-03 13:07:49,Organic,Plan,Mobile,Edge,iOS,/offers
72e8cd21-4747-456a-bffd-d6498ce448d1,2026_W23,S2631,U26145,2026-06-03 05:39:22,2026-06-03 06:03:22,Organic,Possible,Mobile,Chrome,MacOS,/offers
72e8cd21-4747-456a-bffd-d6498ce448d1,2026_W23,S2632,U6089,2026-06-04 04:02:23,2026-06-04 04:06:23,Facebook,Fill,Desktop,Edge,Android,/home
72e8cd21-4747-456a-bffd-d6498ce448d1,2026_W23,S2633,U9266,2026-06-03 15:51:09,2026-06-03 16:26:09,Instagram,Issue,Desktop,Edge,Windows,/products
72e8cd21-4747-456a-bffd-d6498ce448d1,2026_W23,S2634,U26926,2026-06-06 06:23:48,2026-06-06 06:57:48,Instagram,Gun,Desktop,Firefox,Android,/home
72e8cd21-4747-456a-bffd-d6498ce448d1,2026_W23,S2635,U14383,2026-06-06 08:40:19,2026-06-06 09:16:19,Direct,Special,Tablet,Chrome,Windows,/home
72e8cd21-4747-456a-bffd-d6498ce448d1,2026_W23,S2636,U5712,2026-06-02 08:00:31,2026-06-02 08:21:31,Instagram,Moment,Tablet,Safari,Android,/home
72e8cd21-4747-456a-bffd-d6498ce448d1,2026_W23,S2637,U31516,2026-06-06 08:48:05,2026-06-06 09:26:05,Facebook,Play,Tablet,Firefox,Windows,/products
72e8cd21-4747-456a-bffd-d6498ce448d1,2026_W23,S2638,U24625,2026-06-07 06:58:49,2026-06-07 07:02:49,Instagram,Action,Desktop,Edge,Windows,/products
72e8cd21-4747-456a-bffd-d6498ce448d1,2026_W23,S2639,U34982,2026-06-07 12:47:25,2026-06-07 13:22:25,Facebook,Analysis,Desktop,Safari,iOS,/offers
72e8cd21-4747-456a-bffd-d6498ce448d1,2026_W23,S2640,U457,2026-06-04 06:30:09,2026-06-04 07:02:09,Direct,Hair,Mobile,Edge,Android,/products
72e8cd21-4747-456a-bffd-d6498ce448d1,2026_W23,S2641,U10044,2026-06-06 03:26:52,2026-06-06 03:43:52,Instagram,Practice,Tablet,Edge,iOS,/home
72e8cd21-4747-456a-bffd-d6498ce448d1,2026_W23,S2642,U10203,2026-06-04 22:05:04,2026-06-04 22:44:04,Facebook,Language,Desktop,Safari,iOS,/products
72e8cd21-4747-456a-bffd-d6498ce448d1,2026_W23,S2643,U23251,2026-06-03 22:04:11,2026-06-03 22:14:11,Google Ads,Accept,Desktop,Chrome,iOS,/products
72e8cd21-4747-456a-bffd-d6498ce448d1,2026_W23,S2644,U17451,2026-06-02 04:23:52,2026-06-02 04:53:52,Organic,Many,Tablet,Firefox,Windows,/home
72e8cd21-4747-456a-bffd-d6498ce448d1,2026_W23,S2645,U725,2026-06-03 15:45:46,2026-06-03 15:54:46,Instagram,Power,Mobile,Edge,MacOS,/home
72e8cd21-4747-456a-bffd-d6498ce448d1,2026_W23,S2646,U9556,2026-06-07 13:42:47,2026-06-07 13:54:47,Email,Direction,Desktop,Chrome,Windows,/products
72e8cd21-4747-456a-bffd-d6498ce448d1,2026_W23,S2647,U9636,2026-06-06 04:13:10,2026-06-06 04:29:10,Direct,Draw,Mobile,Firefox,Android,/home
72e8cd21-4747-456a-bffd-d6498ce448d1,2026_W23,S2648,U1696,2026-06-04 17:22:22,2026-06-04 17:45:22,Organic,Marriage,Desktop,Safari,Windows,/home
72e8cd21-4747-456a-bffd-d6498ce448d1,2026_W23,S2649,U20076,2026-06-06 06:08:28,2026-06-06 06:33:28,Organic,Gas,Desktop,Edge,MacOS,/offers
72e8cd21-4747-456a-bffd-d6498ce448d1,2026_W23,S2650,U15557,2026-06-02 17:37:56,2026-06-02 17:45:56,Google Ads,Stop,Desktop,Chrome,Android,/home
72e8cd21-4747-456a-bffd-d6498ce448d1,2026_W23,S2651,U24451,2026-06-07 15:48:56,2026-06-07 15:53:56,Instagram,Try,Tablet,Safari,Android,/home
72e8cd21-4747-456a-bffd-d6498ce448d1,2026_W23,S2652,U2361,2026-06-05 05:33:53,2026-06-05 05:56:53,Organic,Particularly,Desktop,Chrome,iOS,/products
72e8cd21-4747-456a-bffd-d6498ce448d1,2026_W23,S2653,U10045,2026-06-02 19:02:56,2026-06-02 19:13:56,Instagram,Article,Tablet,Firefox,iOS,/home
72e8cd21-4747-456a-bffd-d6498ce448d1,2026_W23,S2654,U5361,2026-06-05 02:38:09,2026-06-05 03:10:09,Direct,List,Mobile,Chrome,iOS,/products
72e8cd21-4747-456a-bffd-d6498ce448d1,2026_W23,S2655,U2704,2026-06-06 09:47:15,2026-06-06 10:00:15,Email,Side,Tablet,Chrome,MacOS,/products
72e8cd21-4747-456a-bffd-d6498ce448d1,2026_W23,S2656,U31758,2026-06-05 15:57:15,2026-06-05 16:10:15,Facebook,Relate,Mobile,Safari,Android,/offers
72e8cd21-4747-456a-bffd-d6498ce448d1,2026_W23,S2657,U20788,2026-06-04 15:40:08,2026-06-04 16:10:08,Facebook,Color,Tablet,Chrome,Windows,/home
72e8cd21-4747-456a-bffd-d6498ce448d1,2026_W23,S2658,U20274,2026-06-07 10:11:19,2026-06-07 10:50:19,Instagram,Night,Desktop,Firefox,Windows,/products
72e8cd21-4747-456a-bffd-d6498ce448d1,2026_W23,S2659,U25324,2026-06-07 04:52:56,2026-06-07 05:25:56,Facebook,Example,Mobile,Chrome,iOS,/products
72e8cd21-4747-456a-bffd-d6498ce448d1,2026_W23,S2660,U12974,2026-06-07 05:19:06,2026-06-07 05:46:06,Direct,Store,Mobile,Chrome,Windows,/offers
72e8cd21-4747-456a-bffd-d6498ce448d1,2026_W23,S2661,U25937,2026-06-05 04:01:19,2026-06-05 04:39:19,Direct,Senior,Desktop,Safari,Windows,/home
72e8cd21-4747-456a-bffd-d6498ce448d1,2026_W23,S2662,U7134,2026-06-05 13:22:25,2026-06-05 13:48:25,Facebook,People,Mobile,Edge,MacOS,/offers
72e8cd21-4747-456a-bffd-d6498ce448d1,2026_W23,S2663,U469,2026-06-05 15:27:58,2026-06-05 15:39:58,Google Ads,Work,Mobile,Edge,Windows,/home
72e8cd21-4747-456a-bffd-d6498ce448d1,2026_W23,S2664,U33934,2026-06-03 02:49:12,2026-06-03 03:29:12,Facebook,Radio,Desktop,Safari,Windows,/offers
72e8cd21-4747-456a-bffd-d6498ce448d1,2026_W23,S2665,U26785,2026-06-03 23:15:47,2026-06-03 23:41:47,Email,Present,Tablet,Chrome,Windows,/offers
72e8cd21-4747-456a-bffd-d6498ce448d1,2026_W23,S2666,U26601,2026-06-07 12:57:31,2026-06-07 13:22:31,Facebook,Read,Mobile,Chrome,MacOS,/home
72e8cd21-4747-456a-bffd-d6498ce448d1,2026_W23,S2667,U25888,2026-06-04 08:22:48,2026-06-04 08:55:48,Organic,Rise,Tablet,Safari,iOS,/home
72e8cd21-4747-456a-bffd-d6498ce448d1,2026_W23,S2668,U22261,2026-06-07 08:09:32,2026-06-07 08:21:32,Instagram,Thought,Desktop,Firefox,Windows,/products
72e8cd21-4747-456a-bffd-d6498ce448d1,2026_W23,S2669,U3812,2026-06-06 01:56:30,2026-06-06 02:08:30,Direct,Try,Desktop,Chrome,Android,/offers
72e8cd21-4747-456a-bffd-d6498ce448d1,2026_W23,S2670,U12695,2026-06-06 22:58:05,2026-06-06 23:18:05,Google Ads,People,Mobile,Edge,Windows,/home
72e8cd21-4747-456a-bffd-d6498ce448d1,2026_W23,S2671,U26728,2026-06-04 14:32:50,2026-06-04 14:52:50,Google Ads,House,Mobile,Edge,Windows,/products
72e8cd21-4747-456a-bffd-d6498ce448d1,2026_W23,S2672,U21128,2026-06-02 23:47:08,2026-06-03 00:05:08,Google Ads,Perhaps,Mobile,Firefox,iOS,/offers
72e8cd21-4747-456a-bffd-d6498ce448d1,2026_W23,S2673,U30739,2026-06-01 21:32:50,2026-06-01 22:11:50,Organic,Population,Mobile,Firefox,MacOS,/offers
72e8cd21-4747-456a-bffd-d6498ce448d1,2026_W23,S2674,U8377,2026-06-02 09:35:31,2026-06-02 09:47:31,Direct,Answer,Mobile,Firefox,MacOS,/offers
72e8cd21-4747-456a-bffd-d6498ce448d1,2026_W23,S2675,U621,2026-06-03 23:58:02,2026-06-04 00:06:02,Direct,World,Desktop,Chrome,Windows,/products
72e8cd21-4747-456a-bffd-d6498ce448d1,2026_W23,S2676,U33817,2026-06-05 07:28:01,2026-06-05 07:32:01,Facebook,Article,Mobile,Edge,Android,/products
72e8cd21-4747-456a-bffd-d6498ce448d1,2026_W23,S2677,U30472,2026-06-07 10:10:46,2026-06-07 10:28:46,Instagram,Voice,Tablet,Chrome,MacOS,/offers
72e8cd21-4747-456a-bffd-d6498ce448d1,2026_W23,S2678,U16966,2026-06-02 01:56:29,2026-06-02 02:01:29,Facebook,Range,Desktop,Safari,MacOS,/products
72e8cd21-4747-456a-bffd-d6498ce448d1,2026_W23,S2679,U7586,2026-06-02 16:26:08,2026-06-02 16:59:08,Facebook,Project,Tablet,Firefox,Windows,/home
72e8cd21-4747-456a-bffd-d6498ce448d1,2026_W23,S2680,U3831,2026-06-05 12:24:24,2026-06-05 13:00:24,Organic,Pressure,Tablet,Safari,MacOS,/products
72e8cd21-4747-456a-bffd-d6498ce448d1,2026_W23,S2681,U1321,2026-06-06 00:01:19,2026-06-06 00:21:19,Email,Only,Desktop,Edge,iOS,/offers
72e8cd21-4747-456a-bffd-d6498ce448d1,2026_W23,S2682,U17682,2026-06-04 07:48:32,2026-06-04 08:28:32,Facebook,Know,Mobile,Firefox,Android,/home
72e8cd21-4747-456a-bffd-d6498ce448d1,2026_W23,S2683,U31245,2026-06-06 00:12:15,2026-06-06 00:36:15,Google Ads,Every,Mobile,Chrome,MacOS,/offers
72e8cd21-4747-456a-bffd-d6498ce448d1,2026_W23,S2684,U28567,2026-06-04 09:06:08,2026-06-04 09:15:08,Instagram,Go,Mobile,Safari,iOS,/offers
72e8cd21-4747-456a-bffd-d6498ce448d1,2026_W23,S2685,U34537,2026-06-02 10:07:51,2026-06-02 10:10:51,Email,Make,Mobile,Firefox,MacOS,/home
72e8cd21-4747-456a-bffd-d6498ce448d1,2026_W23,S2686,U33880,2026-06-05 06:06:35,2026-06-05 06:26:35,Facebook,Study,Desktop,Edge,MacOS,/products
72e8cd21-4747-456a-bffd-d6498ce448d1,2026_W23,S2687,U8178,2026-06-05 03:51:17,2026-06-05 04:23:17,Direct,Could,Desktop,Edge,iOS,/products
72e8cd21-4747-456a-bffd-d6498ce448d1,2026_W23,S2688,U21290,2026-06-03 17:13:29,2026-06-03 17:49:29,Instagram,Accept,Desktop,Edge,Windows,/products
72e8cd21-4747-456a-bffd-d6498ce448d1,2026_W23,S2689,U23848,2026-06-04 07:44:00,2026-06-04 08:22:00,Google Ads,Never,Mobile,Edge,MacOS,/products
72e8cd21-4747-456a-bffd-d6498ce448d1,2026_W23,S2690,U12188,2026-06-06 18:39:11,2026-06-06 18:41:11,Organic,Exactly,Mobile,Safari,MacOS,/home
72e8cd21-4747-456a-bffd-d6498ce448d1,2026_W23,S2691,U476,2026-06-01 21:12:23,2026-06-01 21:36:23,Direct,Off,Tablet,Edge,MacOS,/products
72e8cd21-4747-456a-bffd-d6498ce448d1,2026_W23,S2692,U27640,2026-06-03 07:21:50,2026-06-03 08:00:50,Direct,Black,Mobile,Edge,MacOS,/offers
72e8cd21-4747-456a-bffd-d6498ce448d1,2026_W23,S2693,U12678,2026-06-02 06:34:12,2026-06-02 07:12:12,Organic,Sound,Tablet,Safari,Android,/products
72e8cd21-4747-456a-bffd-d6498ce448d1,2026_W23,S2694,U14218,2026-06-06 13:00:23,2026-06-06 13:37:23,Google Ads,Factor,Desktop,Firefox,MacOS,/home
72e8cd21-4747-456a-bffd-d6498ce448d1,2026_W23,S2695,U21705,2026-06-03 21:54:28,2026-06-03 22:14:28,Facebook,Rate,Tablet,Chrome,iOS,/offers
72e8cd21-4747-456a-bffd-d6498ce448d1,2026_W23,S2696,U33224,2026-06-02 01:37:59,2026-06-02 01:44:59,Google Ads,Daughter,Mobile,Firefox,Android,/offers
72e8cd21-4747-456a-bffd-d6498ce448d1,2026_W23,S2697,U33403,2026-06-02 08:21:26,2026-06-02 08:39:26,Facebook,Position,Desktop,Chrome,MacOS,/offers
72e8cd21-4747-456a-bffd-d6498ce448d1,2026_W23,S2698,U26423,2026-06-07 09:11:44,2026-06-07 09:26:44,Facebook,Letter,Tablet,Chrome,Windows,/offers
72e8cd21-4747-456a-bffd-d6498ce448d1,2026_W23,S2699,U5609,2026-06-04 03:10:17,2026-06-04 03:48:17,Direct,Plant,Desktop,Edge,MacOS,/offers
72e8cd21-4747-456a-bffd-d6498ce448d1,2026_W23,S2700,U28063,2026-06-04 14:04:11,2026-06-04 14:20:11,Email,For,Tablet,Firefox,Windows,/offers
72e8cd21-4747-456a-bffd-d6498ce448d1,2026_W23,S2701,U18545,2026-06-05 01:33:52,2026-06-05 01:40:52,Instagram,Suddenly,Tablet,Chrome,Windows,/home
72e8cd21-4747-456a-bffd-d6498ce448d1,2026_W23,S2702,U16127,2026-06-04 12:49:30,2026-06-04 12:58:30,Organic,Sport,Desktop,Safari,Windows,/home
72e8cd21-4747-456a-bffd-d6498ce448d1,2026_W23,S2703,U22638,2026-06-03 18:05:30,2026-06-03 18:38:30,Email,Responsibility,Tablet,Edge,MacOS,/home
72e8cd21-4747-456a-bffd-d6498ce448d1,2026_W23,S2704,U25512,2026-06-05 17:05:56,2026-06-05 17:31:56,Facebook,Care,Desktop,Firefox,MacOS,/products
72e8cd21-4747-456a-bffd-d6498ce448d1,2026_W23,S2705,U7914,2026-06-04 10:23:23,2026-06-04 10:30:23,Organic,Nor,Tablet,Firefox,Android,/products
72e8cd21-4747-456a-bffd-d6498ce448d1,2026_W23,S2706,U23045,2026-06-02 15:54:10,2026-06-02 16:16:10,Instagram,Still,Mobile,Safari,Android,/products
72e8cd21-4747-456a-bffd-d6498ce448d1,2026_W23,S2707,U25169,2026-06-01 21:40:00,2026-06-01 21:55:00,Email,Song,Desktop,Safari,iOS,/home
72e8cd21-4747-456a-bffd-d6498ce448d1,2026_W23,S2708,U9535,2026-06-06 03:27:33,2026-06-06 03:50:33,Email,Direction,Mobile,Safari,MacOS,/offers
72e8cd21-4747-456a-bffd-d6498ce448d1,2026_W23,S2709,U33595,2026-06-04 16:32:13,2026-06-04 17:02:13,Facebook,Energy,Mobile,Safari,iOS,/offers
72e8cd21-4747-456a-bffd-d6498ce448d1,2026_W23,S2710,U15856,2026-06-05 02:07:15,2026-06-05 02:12:15,Direct,Easy,Tablet,Edge,Windows,/home
72e8cd21-4747-456a-bffd-d6498ce448d1,2026_W23,S2711,U7973,2026-06-02 10:43:44,2026-06-02 10:54:44,Direct,Nothing,Tablet,Edge,MacOS,/offers
72e8cd21-4747-456a-bffd-d6498ce448d1,2026_W23,S2712,U23442,2026-06-02 23:50:49,2026-06-03 00:09:49,Instagram,Control,Desktop,Chrome,Windows,/products
72e8cd21-4747-456a-bffd-d6498ce448d1,2026_W23,S2713,U19773,2026-06-03 20:14:31,2026-06-03 20:46:31,Email,Research,Tablet,Chrome,MacOS,/products
72e8cd21-4747-456a-bffd-d6498ce448d1,2026_W23,S2714,U26791,2026-06-03 23:01:50,2026-06-03 23:03:50,Organic,Candidate,Desktop,Chrome,MacOS,/home
72e8cd21-4747-456a-bffd-d6498ce448d1,2026_W23,S2715,U32888,2026-06-07 10:32:20,2026-06-07 10:39:20,Google Ads,Company,Mobile,Chrome,MacOS,/home
72e8cd21-4747-456a-bffd-d6498ce448d1,2026_W23,S2716,U13709,2026-06-03 00:29:42,2026-06-03 00:59:42,Organic,Yes,Desktop,Edge,MacOS,/home
72e8cd21-4747-456a-bffd-d6498ce448d1,2026_W23,S2717,U3358,2026-06-06 10:31:27,2026-06-06 10:57:27,Email,Situation,Mobile,Edge,Windows,/products
72e8cd21-4747-456a-bffd-d6498ce448d1,2026_W23,S2718,U31393,2026-06-03 05:13:35,2026-06-03 05:18:35,Instagram,Avoid,Tablet,Safari,MacOS,/offers
72e8cd21-4747-456a-bffd-d6498ce448d1,2026_W23,S2719,U18696,2026-06-06 04:05:28,2026-06-06 04:21:28,Organic,Space,Desktop,Firefox,Windows,/products
72e8cd21-4747-456a-bffd-d6498ce448d1,2026_W23,S2720,U24583,2026-06-03 08:29:21,2026-06-03 08:38:21,Organic,Imagine,Mobile,Edge,Android,/offers
72e8cd21-4747-456a-bffd-d6498ce448d1,2026_W23,S2721,U23869,2026-06-02 14:18:13,2026-06-02 14:23:13,Organic,Buy,Mobile,Firefox,MacOS,/home
72e8cd21-4747-456a-bffd-d6498ce448d1,2026_W23,S2722,U6065,2026-06-03 23:32:14,2026-06-03 23:37:14,Facebook,Maybe,Tablet,Firefox,MacOS,/products
72e8cd21-4747-456a-bffd-d6498ce448d1,2026_W23,S2723,U9029,2026-06-05 14:33:13,2026-06-05 15:13:13,Instagram,President,Desktop,Edge,MacOS,/products
72e8cd21-4747-456a-bffd-d6498ce448d1,2026_W23,S2724,U31962,2026-06-03 14:48:28,2026-06-03 14:50:28,Instagram,Parent,Desktop,Edge,Android,/offers
72e8cd21-4747-456a-bffd-d6498ce448d1,2026_W23,S2725,U1829,2026-06-02 20:14:10,2026-06-02 20:54:10,Google Ads,Radio,Desktop,Chrome,MacOS,/home
72e8cd21-4747-456a-bffd-d6498ce448d1,2026_W23,S2726,U11233,2026-06-04 21:54:00,2026-06-04 22:33:00,Email,Own,Tablet,Chrome,Windows,/products
72e8cd21-4747-456a-bffd-d6498ce448d1,2026_W23,S2727,U4409,2026-06-03 01:36:32,2026-06-03 02:03:32,Direct,Bad,Desktop,Firefox,iOS,/products
72e8cd21-4747-456a-bffd-d6498ce448d1,2026_W23,S2728,U10771,2026-06-06 17:25:38,2026-06-06 17:32:38,Google Ads,Ok,Desktop,Edge,Windows,/home
72e8cd21-4747-456a-bffd-d6498ce448d1,2026_W23,S2729,U11843,2026-06-06 04:17:10,2026-06-06 04:54:10,Google Ads,Cup,Tablet,Chrome,Android,/offers
72e8cd21-4747-456a-bffd-d6498ce448d1,2026_W23,S2730,U18828,2026-06-06 18:34:32,2026-06-06 18:42:32,Email,Agent,Tablet,Chrome,MacOS,/home
72e8cd21-4747-456a-bffd-d6498ce448d1,2026_W23,S2731,U19708,2026-06-02 01:28:38,2026-06-02 01:44:38,Email,Control,Desktop,Edge,iOS,/home
72e8cd21-4747-456a-bffd-d6498ce448d1,2026_W23,S2732,U32232,2026-06-07 06:21:06,2026-06-07 06:45:06,Email,Create,Mobile,Safari,Windows,/products
72e8cd21-4747-456a-bffd-d6498ce448d1,2026_W23,S2733,U9560,2026-06-02 13:08:55,2026-06-02 13:18:55,Direct,Than,Tablet,Safari,MacOS,/offers
72e8cd21-4747-456a-bffd-d6498ce448d1,2026_W23,S2734,U7865,2026-06-02 11:08:25,2026-06-02 11:37:25,Direct,Court,Tablet,Firefox,MacOS,/products
72e8cd21-4747-456a-bffd-d6498ce448d1,2026_W23,S2735,U4918,2026-06-03 22:32:56,2026-06-03 22:36:56,Instagram,Remember,Mobile,Edge,iOS,/home
72e8cd21-4747-456a-bffd-d6498ce448d1,2026_W23,S2736,U9450,2026-06-04 02:48:17,2026-06-04 03:26:17,Organic,Second,Tablet,Firefox,iOS,/home
72e8cd21-4747-456a-bffd-d6498ce448d1,2026_W23,S2737,U10205,2026-06-07 03:51:25,2026-06-07 04:24:25,Instagram,Whether,Tablet,Edge,MacOS,/offers
72e8cd21-4747-456a-bffd-d6498ce448d1,2026_W23,S2738,U16812,2026-06-05 22:53:08,2026-06-05 23:17:08,Google Ads,Member,Tablet,Chrome,Windows,/products
72e8cd21-4747-456a-bffd-d6498ce448d1,2026_W23,S2739,U21486,2026-06-05 03:23:18,2026-06-05 03:40:18,Email,Ok,Tablet,Edge,Windows,/products
72e8cd21-4747-456a-bffd-d6498ce448d1,2026_W23,S2740,U30346,2026-06-02 03:15:29,2026-06-02 03:54:29,Organic,In,Mobile,Chrome,Android,/products
72e8cd21-4747-456a-bffd-d6498ce448d1,2026_W23,S2741,U1092,2026-06-04 19:01:31,2026-06-04 19:06:31,Email,Sister,Mobile,Chrome,MacOS,/home
72e8cd21-4747-456a-bffd-d6498ce448d1,2026_W23,S2742,U24985,2026-06-07 09:36:50,2026-06-07 10:13:50,Instagram,Item,Desktop,Safari,MacOS,/offers
72e8cd21-4747-456a-bffd-d6498ce448d1,2026_W23,S2743,U14360,2026-06-06 04:40:56,2026-06-06 05:01:56,Instagram,Get,Tablet,Firefox,Android,/products
72e8cd21-4747-456a-bffd-d6498ce448d1,2026_W23,S2744,U31667,2026-06-07 00:50:38,2026-06-07 00:56:38,Facebook,Administration,Tablet,Safari,iOS,/products
72e8cd21-4747-456a-bffd-d6498ce448d1,2026_W23,S2745,U1382,2026-06-06 23:36:14,2026-06-06 23:49:14,Instagram,Data,Mobile,Chrome,Android,/offers
72e8cd21-4747-456a-bffd-d6498ce448d1,2026_W23,S2746,U32276,2026-06-05 11:59:39,2026-06-05 12:10:39,Facebook,Example,Tablet,Chrome,Android,/products
72e8cd21-4747-456a-bffd-d6498ce448d1,2026_W23,S2747,U23270,2026-06-02 13:17:55,2026-06-02 13:27:55,Email,Guy,Tablet,Safari,iOS,/home
72e8cd21-4747-456a-bffd-d6498ce448d1,2026_W23,S2748,U13626,2026-06-06 19:11:00,2026-06-06 19:27:00,Google Ads,Go,Tablet,Firefox,iOS,/products
72e8cd21-4747-456a-bffd-d6498ce448d1,2026_W23,S2749,U1100,2026-06-04 09:48:01,2026-06-04 10:05:01,Direct,Ability,Desktop,Firefox,Windows,/products
72e8cd21-4747-456a-bffd-d6498ce448d1,2026_W23,S2750,U34408,2026-06-03 13:26:46,2026-06-03 13:45:46,Facebook,Similar,Tablet,Chrome,MacOS,/products
72e8cd21-4747-456a-bffd-d6498ce448d1,2026_W23,S2751,U229,2026-06-07 15:27:34,2026-06-07 15:30:34,Facebook,Present,Tablet,Firefox,MacOS,/products
72e8cd21-4747-456a-bffd-d6498ce448d1,2026_W23,S2752,U12038,2026-06-07 14:54:08,2026-06-07 15:31:08,Email,Pay,Tablet,Firefox,Windows,/products
72e8cd21-4747-456a-bffd-d6498ce448d1,2026_W23,S2753,U30652,2026-06-05 07:48:40,2026-06-05 08:02:40,Facebook,Medical,Mobile,Firefox,Windows,/home
72e8cd21-4747-456a-bffd-d6498ce448d1,2026_W23,S2754,U13418,2026-06-05 17:58:56,2026-06-05 18:20:56,Facebook,More,Desktop,Safari,MacOS,/home
72e8cd21-4747-456a-bffd-d6498ce448d1,2026_W23,S2755,U2522,2026-06-05 22:20:12,2026-06-05 22:46:12,Direct,Have,Desktop,Edge,Windows,/home
72e8cd21-4747-456a-bffd-d6498ce448d1,2026_W23,S2756,U16751,2026-06-06 03:27:17,2026-06-06 03:48:17,Facebook,Certainly,Desktop,Firefox,iOS,/home
72e8cd21-4747-456a-bffd-d6498ce448d1,2026_W23,S2757,U28516,2026-06-03 10:49:44,2026-06-03 10:59:44,Facebook,Cup,Mobile,Firefox,Android,/home
72e8cd21-4747-456a-bffd-d6498ce448d1,2026_W23,S2758,U11974,2026-06-07 16:05:36,2026-06-07 16:37:36,Facebook,Which,Mobile,Edge,iOS,/home
72e8cd21-4747-456a-bffd-d6498ce448d1,2026_W23,S2759,U29434,2026-06-02 01:33:11,2026-06-02 01:43:11,Facebook,Consumer,Desktop,Chrome,Android,/offers
72e8cd21-4747-456a-bffd-d6498ce448d1,2026_W23,S2760,U9288,2026-06-04 16:59:29,2026-06-04 17:25:29,Organic,Small,Tablet,Edge,MacOS,/products
72e8cd21-4747-456a-bffd-d6498ce448d1,2026_W23,S2761,U7608,2026-06-01 20:39:50,2026-06-01 21:17:50,Direct,Mouth,Mobile,Chrome,MacOS,/offers
72e8cd21-4747-456a-bffd-d6498ce448d1,2026_W23,S2762,U22714,2026-06-04 01:57:41,2026-06-04 02:26:41,Email,Language,Tablet,Safari,Windows,/products
72e8cd21-4747-456a-bffd-d6498ce448d1,2026_W23,S2763,U7115,2026-06-07 03:00:08,2026-06-07 03:02:08,Google Ads,Reason,Desktop,Edge,MacOS,/offers
72e8cd21-4747-456a-bffd-d6498ce448d1,2026_W23,S2764,U29129,2026-06-05 01:44:45,2026-06-05 02:06:45,Facebook,Property,Mobile,Safari,Android,/home
72e8cd21-4747-456a-bffd-d6498ce448d1,2026_W23,S2765,U20274,2026-06-05 02:55:27,2026-06-05 03:13:27,Google Ads,Recognize,Desktop,Safari,Android,/products
72e8cd21-4747-456a-bffd-d6498ce448d1,2026_W23,S2766,U14246,2026-06-02 06:25:13,2026-06-02 06:33:13,Email,Before,Tablet,Safari,Windows,/offers
72e8cd21-4747-456a-bffd-d6498ce448d1,2026_W23,S2767,U21832,2026-06-04 07:08:22,2026-06-04 07:14:22,Google Ads,Beyond,Desktop,Safari,MacOS,/offers
72e8cd21-4747-456a-bffd-d6498ce448d1,2026_W23,S2768,U10089,2026-06-06 12:59:22,2026-06-06 13:21:22,Direct,Happen,Tablet,Chrome,Windows,/home
72e8cd21-4747-456a-bffd-d6498ce448d1,2026_W23,S2769,U17807,2026-06-04 15:05:27,2026-06-04 15:39:27,Google Ads,Energy,Tablet,Safari,MacOS,/products
72e8cd21-4747-456a-bffd-d6498ce448d1,2026_W23,S2770,U27302,2026-06-07 19:47:00,2026-06-07 19:54:00,Direct,Any,Mobile,Chrome,Android,/offers
72e8cd21-4747-456a-bffd-d6498ce448d1,2026_W23,S2771,U13956,2026-06-02 19:53:31,2026-06-02 20:17:31,Direct,Either,Mobile,Chrome,Windows,/offers
72e8cd21-4747-456a-bffd-d6498ce448d1,2026_W23,S2772,U9867,2026-06-06 08:22:43,2026-06-06 08:53:43,Organic,Care,Desktop,Firefox,iOS,/offers
72e8cd21-4747-456a-bffd-d6498ce448d1,2026_W23,S2773,U7793,2026-06-07 18:44:23,2026-06-07 19:22:23,Facebook,Article,Desktop,Firefox,Windows,/home
72e8cd21-4747-456a-bffd-d6498ce448d1,2026_W23,S2774,U32784,2026-06-04 06:03:27,2026-06-04 06:17:27,Email,Sit,Mobile,Edge,iOS,/offers
72e8cd21-4747-456a-bffd-d6498ce448d1,2026_W23,S2775,U25529,2026-06-05 07:24:39,2026-06-05 07:52:39,Direct,White,Mobile,Edge,iOS,/products
72e8cd21-4747-456a-bffd-d6498ce448d1,2026_W23,S2776,U21474,2026-06-03 21:50:15,2026-06-03 21:51:15,Google Ads,Force,Desktop,Firefox,Windows,/home
72e8cd21-4747-456a-bffd-d6498ce448d1,2026_W23,S2777,U4231,2026-06-04 05:26:25,2026-06-04 05:58:25,Instagram,Thank,Desktop,Safari,iOS,/home
72e8cd21-4747-456a-bffd-d6498ce448d1,2026_W23,S2778,U20328,2026-06-05 16:05:17,2026-06-05 16:32:17,Email,Mouth,Mobile,Chrome,iOS,/offers
72e8cd21-4747-456a-bffd-d6498ce448d1,2026_W23,S2779,U7733,2026-06-07 05:12:57,2026-06-07 05:27:57,Email,Price,Desktop,Chrome,MacOS,/home
72e8cd21-4747-456a-bffd-d6498ce448d1,2026_W23,S2780,U27959,2026-06-05 10:00:50,2026-06-05 10:33:50,Organic,Picture,Mobile,Chrome,iOS,/home
72e8cd21-4747-456a-bffd-d6498ce448d1,2026_W23,S2781,U19611,2026-06-03 06:05:48,2026-06-03 06:29:48,Direct,Everybody,Mobile,Edge,iOS,/products
72e8cd21-4747-456a-bffd-d6498ce448d1,2026_W23,S2782,U8954,2026-06-02 01:28:29,2026-06-02 02:05:29,Email,True,Desktop,Firefox,Android,/home
72e8cd21-4747-456a-bffd-d6498ce448d1,2026_W23,S2783,U34833,2026-06-05 18:53:08,2026-06-05 19:16:08,Organic,Offer,Mobile,Firefox,Windows,/products
72e8cd21-4747-456a-bffd-d6498ce448d1,2026_W23,S2784,U11627,2026-06-07 07:48:24,2026-06-07 08:24:24,Organic,Know,Desktop,Edge,Windows,/offers
72e8cd21-4747-456a-bffd-d6498ce448d1,2026_W23,S2785,U99,2026-06-05 13:06:38,2026-06-05 13:16:38,Email,Suddenly,Tablet,Edge,MacOS,/offers
72e8cd21-4747-456a-bffd-d6498ce448d1,2026_W23,S2786,U23287,2026-06-05 05:49:42,2026-06-05 06:06:42,Google Ads,Throughout,Desktop,Firefox,Windows,/offers
72e8cd21-4747-456a-bffd-d6498ce448d1,2026_W23,S2787,U31930,2026-06-05 04:05:49,2026-06-05 04:12:49,Instagram,Instead,Mobile,Safari,Windows,/home
72e8cd21-4747-456a-bffd-d6498ce448d1,2026_W23,S2788,U3382,2026-06-05 19:21:20,2026-06-05 19:29:20,Direct,Eat,Desktop,Chrome,iOS,/products
72e8cd21-4747-456a-bffd-d6498ce448d1,2026_W23,S2789,U28868,2026-06-04 06:35:04,2026-06-04 06:41:04,Direct,Public,Mobile,Firefox,Windows,/offers
72e8cd21-4747-456a-bffd-d6498ce448d1,2026_W23,S2790,U23747,2026-06-05 07:33:29,2026-06-05 07:51:29,Facebook,Doctor,Desktop,Chrome,Android,/offers
72e8cd21-4747-456a-bffd-d6498ce448d1,2026_W23,S2791,U32842,2026-06-03 09:34:30,2026-06-03 10:00:30,Email,Suddenly,Tablet,Chrome,iOS,/offers
72e8cd21-4747-456a-bffd-d6498ce448d1,2026_W23,S2792,U10829,2026-06-02 19:25:46,2026-06-02 19:40:46,Organic,Too,Desktop,Firefox,Android,/offers
72e8cd21-4747-456a-bffd-d6498ce448d1,2026_W23,S2793,U27742,2026-06-06 12:28:30,2026-06-06 12:58:30,Instagram,Discover,Mobile,Firefox,Android,/products
72e8cd21-4747-456a-bffd-d6498ce448d1,2026_W23,S2794,U31743,2026-06-04 08:48:32,2026-06-04 09:08:32,Instagram,Hair,Tablet,Chrome,Android,/offers
72e8cd21-4747-456a-bffd-d6498ce448d1,2026_W23,S2795,U26935,2026-06-03 07:18:37,2026-06-03 07:28:37,Direct,Road,Tablet,Safari,Android,/products
72e8cd21-4747-456a-bffd-d6498ce448d1,2026_W23,S2796,U23568,2026-06-07 00:54:47,2026-06-07 01:29:47,Google Ads,His,Desktop,Edge,iOS,/products
72e8cd21-4747-456a-bffd-d6498ce448d1,2026_W23,S2797,U32247,2026-06-02 21:09:59,2026-06-02 21:23:59,Organic,However,Tablet,Edge,iOS,/offers
72e8cd21-4747-456a-bffd-d6498ce448d1,2026_W23,S2798,U7163,2026-06-03 00:53:09,2026-06-03 01:18:09,Facebook,Wall,Mobile,Edge,Android,/offers
72e8cd21-4747-456a-bffd-d6498ce448d1,2026_W23,S2799,U25944,2026-06-03 02:45:44,2026-06-03 03:03:44,Instagram,Court,Mobile,Edge,iOS,/offers
72e8cd21-4747-456a-bffd-d6498ce448d1,2026_W23,S2800,U4664,2026-06-07 00:35:59,2026-06-07 01:09:59,Facebook,Hard,Tablet,Edge,Android,/products
72e8cd21-4747-456a-bffd-d6498ce448d1,2026_W23,S2801,U13197,2026-06-03 06:19:56,2026-06-03 06:38:56,Facebook,Reach,Tablet,Safari,iOS,/products
72e8cd21-4747-456a-bffd-d6498ce448d1,2026_W23,S2802,U33061,2026-06-03 02:51:00,2026-06-03 03:14:00,Organic,Game,Tablet,Edge,Android,/home
72e8cd21-4747-456a-bffd-d6498ce448d1,2026_W23,S2803,U18750,2026-06-05 08:03:05,2026-06-05 08:17:05,Instagram,Compare,Desktop,Safari,iOS,/products
72e8cd21-4747-456a-bffd-d6498ce448d1,2026_W23,S2804,U15,2026-06-06 08:12:02,2026-06-06 08:37:02,Google Ads,Front,Tablet,Firefox,MacOS,/home
72e8cd21-4747-456a-bffd-d6498ce448d1,2026_W23,S2805,U16799,2026-06-03 06:16:23,2026-06-03 06:27:23,Google Ads,Figure,Tablet,Chrome,iOS,/offers
72e8cd21-4747-456a-bffd-d6498ce448d1,2026_W23,S2806,U7764,2026-06-03 03:34:08,2026-06-03 04:05:08,Direct,Mission,Desktop,Edge,MacOS,/offers
72e8cd21-4747-456a-bffd-d6498ce448d1,2026_W23,S2807,U13165,2026-06-06 22:09:41,2026-06-06 22:47:41,Email,Remember,Desktop,Edge,MacOS,/products
72e8cd21-4747-456a-bffd-d6498ce448d1,2026_W23,S2808,U15536,2026-06-04 06:04:39,2026-06-04 06:28:39,Organic,Material,Desktop,Safari,Android,/products
72e8cd21-4747-456a-bffd-d6498ce448d1,2026_W23,S2809,U5109,2026-06-04 18:39:15,2026-06-04 18:56:15,Organic,Show,Mobile,Edge,Windows,/home
72e8cd21-4747-456a-bffd-d6498ce448d1,2026_W23,S2810,U542,2026-06-06 18:09:53,2026-06-06 18:29:53,Google Ads,Gas,Desktop,Safari,iOS,/products
72e8cd21-4747-456a-bffd-d6498ce448d1,2026_W23,S2811,U5200,2026-06-04 12:19:16,2026-06-04 12:54:16,Facebook,Decision,Tablet,Safari,MacOS,/offers
72e8cd21-4747-456a-bffd-d6498ce448d1,2026_W23,S2812,U22845,2026-06-03 23:14:51,2026-06-03 23:46:51,Organic,Show,Mobile,Safari,Windows,/home
72e8cd21-4747-456a-bffd-d6498ce448d1,2026_W23,S2813,U31094,2026-06-05 04:11:41,2026-06-05 04:48:41,Instagram,Education,Mobile,Safari,Android,/offers
72e8cd21-4747-456a-bffd-d6498ce448d1,2026_W23,S2814,U5662,2026-06-02 02:21:41,2026-06-02 02:44:41,Organic,Before,Desktop,Firefox,MacOS,/home
72e8cd21-4747-456a-bffd-d6498ce448d1,2026_W23,S2815,U33717,2026-06-06 00:50:27,2026-06-06 01:29:27,Organic,Dark,Desktop,Safari,Android,/offers
72e8cd21-4747-456a-bffd-d6498ce448d1,2026_W23,S2816,U26831,2026-06-03 18:09:15,2026-06-03 18:36:15,Direct,Bad,Desktop,Firefox,iOS,/home
72e8cd21-4747-456a-bffd-d6498ce448d1,2026_W23,S2817,U12830,2026-06-01 23:12:11,2026-06-01 23:34:11,Organic,Find,Mobile,Safari,iOS,/offers
72e8cd21-4747-456a-bffd-d6498ce448d1,2026_W23,S2818,U27811,2026-06-03 08:48:01,2026-06-03 09:02:01,Facebook,For,Desktop,Chrome,Android,/offers
72e8cd21-4747-456a-bffd-d6498ce448d1,2026_W23,S2819,U8241,2026-06-04 08:47:15,2026-06-04 08:49:15,Organic,Agree,Desktop,Safari,MacOS,/home
72e8cd21-4747-456a-bffd-d6498ce448d1,2026_W23,S2820,U31795,2026-06-05 00:16:10,2026-06-05 00:28:10,Instagram,On,Desktop,Chrome,MacOS,/home
72e8cd21-4747-456a-bffd-d6498ce448d1,2026_W23,S2821,U31369,2026-06-02 13:16:59,2026-06-02 13:42:59,Email,Too,Desktop,Chrome,Windows,/offers
72e8cd21-4747-456a-bffd-d6498ce448d1,2026_W23,S2822,U22220,2026-06-02 07:50:31,2026-06-02 08:17:31,Organic,Card,Tablet,Edge,Android,/offers
72e8cd21-4747-456a-bffd-d6498ce448d1,2026_W23,S2823,U14608,2026-06-04 17:25:06,2026-06-04 17:48:06,Email,Along,Tablet,Firefox,Android,/home
72e8cd21-4747-456a-bffd-d6498ce448d1,2026_W23,S2824,U13724,2026-06-06 21:23:03,2026-06-06 22:02:03,Email,Produce,Mobile,Edge,Windows,/products
72e8cd21-4747-456a-bffd-d6498ce448d1,2026_W23,S2825,U6818,2026-06-07 12:21:39,2026-06-07 12:57:39,Direct,Standard,Mobile,Chrome,MacOS,/home
72e8cd21-4747-456a-bffd-d6498ce448d1,2026_W23,S2826,U2203,2026-06-06 14:02:32,2026-06-06 14:14:32,Instagram,Question,Tablet,Edge,MacOS,/products
72e8cd21-4747-456a-bffd-d6498ce448d1,2026_W23,S2827,U20270,2026-06-03 13:52:49,2026-06-03 14:03:49,Google Ads,Manage,Mobile,Firefox,Android,/offers
72e8cd21-4747-456a-bffd-d6498ce448d1,2026_W23,S2828,U679,2026-06-03 05:51:10,2026-06-03 06:18:10,Organic,Month,Mobile,Edge,Android,/home
72e8cd21-4747-456a-bffd-d6498ce448d1,2026_W23,S2829,U12937,2026-06-02 19:51:01,2026-06-02 20:18:01,Organic,Study,Mobile,Edge,Windows,/products
72e8cd21-4747-456a-bffd-d6498ce448d1,2026_W23,S2830,U3123,2026-06-06 21:20:59,2026-06-06 21:59:59,Direct,Among,Mobile,Edge,MacOS,/products
72e8cd21-4747-456a-bffd-d6498ce448d1,2026_W23,S2831,U20228,2026-06-02 17:46:45,2026-06-02 18:14:45,Instagram,Science,Mobile,Chrome,Windows,/home
72e8cd21-4747-456a-bffd-d6498ce448d1,2026_W23,S2832,U14759,2026-06-04 21:19:13,2026-06-04 21:26:13,Direct,Kitchen,Mobile,Safari,MacOS,/home
72e8cd21-4747-456a-bffd-d6498ce448d1,2026_W23,S2833,U29228,2026-06-05 12:13:39,2026-06-05 12:38:39,Instagram,Speech,Desktop,Edge,Android,/home
72e8cd21-4747-456a-bffd-d6498ce448d1,2026_W23,S2834,U22172,2026-06-03 17:42:23,2026-06-03 17:57:23,Email,Plan,Mobile,Firefox,MacOS,/home
72e8cd21-4747-456a-bffd-d6498ce448d1,2026_W23,S2835,U1409,2026-06-03 13:09:20,2026-06-03 13:47:20,Instagram,Card,Mobile,Safari,iOS,/products
72e8cd21-4747-456a-bffd-d6498ce448d1,2026_W23,S2836,U7960,2026-06-02 09:33:49,2026-06-02 10:02:49,Facebook,Respond,Desktop,Chrome,Android,/products
72e8cd21-4747-456a-bffd-d6498ce448d1,2026_W23,S2837,U4700,2026-06-07 15:46:51,2026-06-07 16:24:51,Google Ads,Little,Tablet,Chrome,Windows,/offers
72e8cd21-4747-456a-bffd-d6498ce448d1,2026_W23,S2838,U26814,2026-06-03 01:13:00,2026-06-03 01:25:00,Instagram,Drive,Tablet,Firefox,MacOS,/home
72e8cd21-4747-456a-bffd-d6498ce448d1,2026_W23,S2839,U5224,2026-06-03 12:30:45,2026-06-03 12:43:45,Google Ads,Remain,Desktop,Edge,iOS,/products
72e8cd21-4747-456a-bffd-d6498ce448d1,2026_W23,S2840,U19763,2026-06-03 03:23:37,2026-06-03 03:25:37,Organic,Act,Mobile,Firefox,MacOS,/home
72e8cd21-4747-456a-bffd-d6498ce448d1,2026_W23,S2841,U17749,2026-06-02 21:57:34,2026-06-02 22:28:34,Facebook,Baby,Desktop,Edge,iOS,/home
72e8cd21-4747-456a-bffd-d6498ce448d1,2026_W23,S2842,U33110,2026-06-07 13:47:59,2026-06-07 14:12:59,Direct,Sure,Tablet,Firefox,MacOS,/home
72e8cd21-4747-456a-bffd-d6498ce448d1,2026_W23,S2843,U26199,2026-06-07 19:12:27,2026-06-07 19:52:27,Google Ads,According,Desktop,Chrome,iOS,/products
72e8cd21-4747-456a-bffd-d6498ce448d1,2026_W23,S2844,U28990,2026-06-03 17:56:35,2026-06-03 18:05:35,Email,Door,Mobile,Chrome,iOS,/products
72e8cd21-4747-456a-bffd-d6498ce448d1,2026_W23,S2845,U17558,2026-06-05 22:03:54,2026-06-05 22:32:54,Facebook,Give,Tablet,Firefox,iOS,/offers
72e8cd21-4747-456a-bffd-d6498ce448d1,2026_W23,S2846,U1097,2026-06-07 16:49:48,2026-06-07 16:53:48,Google Ads,Region,Mobile,Firefox,MacOS,/products
72e8cd21-4747-456a-bffd-d6498ce448d1,2026_W23,S2847,U4405,2026-06-05 18:52:32,2026-06-05 19:11:32,Instagram,Western,Mobile,Chrome,iOS,/offers
72e8cd21-4747-456a-bffd-d6498ce448d1,2026_W23,S2848,U13809,2026-06-02 09:16:52,2026-06-02 09:29:52,Instagram,Talk,Mobile,Firefox,iOS,/products
72e8cd21-4747-456a-bffd-d6498ce448d1,2026_W23,S2849,U4067,2026-06-03 14:20:26,2026-06-03 14:21:26,Facebook,Over,Desktop,Chrome,MacOS,/home
72e8cd21-4747-456a-bffd-d6498ce448d1,2026_W23,S2850,U22727,2026-06-03 21:06:21,2026-06-03 21:12:21,Facebook,Argue,Desktop,Edge,Windows,/home
72e8cd21-4747-456a-bffd-d6498ce448d1,2026_W23,S2851,U19115,2026-06-04 02:58:39,2026-06-04 03:31:39,Google Ads,Age,Mobile,Edge,Windows,/home
72e8cd21-4747-456a-bffd-d6498ce448d1,2026_W23,S2852,U28347,2026-06-04 11:13:19,2026-06-04 11:37:19,Email,Point,Desktop,Chrome,Windows,/offers
72e8cd21-4747-456a-bffd-d6498ce448d1,2026_W23,S2853,U33925,2026-06-02 02:47:04,2026-06-02 03:25:04,Organic,Network,Desktop,Chrome,Android,/home
72e8cd21-4747-456a-bffd-d6498ce448d1,2026_W23,S2854,U6099,2026-06-04 14:31:47,2026-06-04 14:42:47,Google Ads,Whole,Mobile,Chrome,Android,/products
72e8cd21-4747-456a-bffd-d6498ce448d1,2026_W23,S2855,U13054,2026-06-02 13:26:11,2026-06-02 13:57:11,Instagram,Start,Mobile,Firefox,Android,/home
72e8cd21-4747-456a-bffd-d6498ce448d1,2026_W23,S2856,U34762,2026-06-05 08:18:27,2026-06-05 08:37:27,Facebook,Traditional,Tablet,Firefox,MacOS,/products
72e8cd21-4747-456a-bffd-d6498ce448d1,2026_W23,S2857,U25550,2026-06-02 16:25:06,2026-06-02 16:26:06,Direct,True,Desktop,Safari,Android,/home
72e8cd21-4747-456a-bffd-d6498ce448d1,2026_W23,S2858,U25405,2026-06-01 21:59:50,2026-06-01 22:21:50,Direct,Per,Mobile,Firefox,MacOS,/home
72e8cd21-4747-456a-bffd-d6498ce448d1,2026_W23,S2859,U30917,2026-06-01 23:00:42,2026-06-01 23:37:42,Organic,Way,Tablet,Firefox,MacOS,/products
72e8cd21-4747-456a-bffd-d6498ce448d1,2026_W23,S2860,U13187,2026-06-06 07:48:32,2026-06-06 07:55:32,Facebook,Amount,Mobile,Chrome,iOS,/offers
72e8cd21-4747-456a-bffd-d6498ce448d1,2026_W23,S2861,U595,2026-06-03 14:46:01,2026-06-03 15:19:01,Email,Particular,Tablet,Firefox,MacOS,/offers
72e8cd21-4747-456a-bffd-d6498ce448d1,2026_W23,S2862,U31729,2026-06-04 07:56:50,2026-06-04 08:12:50,Google Ads,Town,Mobile,Firefox,Android,/products
72e8cd21-4747-456a-bffd-d6498ce448d1,2026_W23,S2863,U33833,2026-06-03 21:49:42,2026-06-03 22:11:42,Google Ads,Carry,Mobile,Firefox,iOS,/offers
72e8cd21-4747-456a-bffd-d6498ce448d1,2026_W23,S2864,U33616,2026-06-06 00:49:07,2026-06-06 00:52:07,Email,Rather,Mobile,Firefox,MacOS,/offers
72e8cd21-4747-456a-bffd-d6498ce448d1,2026_W23,S2865,U2100,2026-06-06 20:15:33,2026-06-06 20:29:33,Instagram,Garden,Desktop,Edge,MacOS,/home
72e8cd21-4747-456a-bffd-d6498ce448d1,2026_W23,S2866,U9905,2026-06-04 08:06:46,2026-06-04 08:41:46,Email,Available,Desktop,Safari,iOS,/offers
72e8cd21-4747-456a-bffd-d6498ce448d1,2026_W23,S2867,U7477,2026-06-04 04:34:33,2026-06-04 04:53:33,Organic,Least,Tablet,Firefox,Windows,/offers
72e8cd21-4747-456a-bffd-d6498ce448d1,2026_W23,S2868,U23323,2026-06-06 22:35:06,2026-06-06 22:59:06,Facebook,Sometimes,Desktop,Chrome,MacOS,/offers
72e8cd21-4747-456a-bffd-d6498ce448d1,2026_W23,S2869,U10025,2026-06-02 15:50:55,2026-06-02 16:19:55,Facebook,Admit,Tablet,Edge,MacOS,/offers
72e8cd21-4747-456a-bffd-d6498ce448d1,2026_W23,S2870,U13161,2026-06-06 17:18:05,2026-06-06 17:42:05,Facebook,Region,Desktop,Safari,Android,/offers
72e8cd21-4747-456a-bffd-d6498ce448d1,2026_W23,S2871,U25964,2026-06-05 17:32:51,2026-06-05 18:03:51,Email,Somebody,Mobile,Edge,MacOS,/home
72e8cd21-4747-456a-bffd-d6498ce448d1,2026_W23,S2872,U33908,2026-06-04 15:24:08,2026-06-04 15:36:08,Google Ads,Project,Tablet,Edge,Android,/products
72e8cd21-4747-456a-bffd-d6498ce448d1,2026_W23,S2873,U30951,2026-06-03 04:03:25,2026-06-03 04:19:25,Organic,Join,Desktop,Edge,iOS,/products
72e8cd21-4747-456a-bffd-d6498ce448d1,2026_W23,S2874,U31870,2026-06-05 21:05:38,2026-06-05 21:45:38,Email,Amount,Mobile,Chrome,iOS,/offers
72e8cd21-4747-456a-bffd-d6498ce448d1,2026_W23,S2875,U28944,2026-06-02 15:47:10,2026-06-02 16:24:10,Direct,Beyond,Tablet,Edge,Android,/offers
72e8cd21-4747-456a-bffd-d6498ce448d1,2026_W23,S2876,U24702,2026-06-05 07:46:30,2026-06-05 08:23:30,Email,Suggest,Tablet,Safari,Android,/home
72e8cd21-4747-456a-bffd-d6498ce448d1,2026_W23,S2877,U19261,2026-06-04 06:03:30,2026-06-04 06:25:30,Direct,Action,Tablet,Safari,iOS,/offers
72e8cd21-4747-456a-bffd-d6498ce448d1,2026_W23,S2878,U7753,2026-06-06 14:42:48,2026-06-06 15:14:48,Instagram,Agreement,Mobile,Firefox,Android,/offers
72e8cd21-4747-456a-bffd-d6498ce448d1,2026_W23,S2879,U29839,2026-06-03 17:56:52,2026-06-03 18:32:52,Google Ads,Air,Mobile,Safari,MacOS,/products
72e8cd21-4747-456a-bffd-d6498ce448d1,2026_W23,S2880,U10420,2026-06-04 07:46:39,2026-06-04 08:07:39,Instagram,Trouble,Desktop,Safari,Windows,/home
72e8cd21-4747-456a-bffd-d6498ce448d1,2026_W23,S2881,U15800,2026-06-04 05:27:19,2026-06-04 05:55:19,Facebook,Concern,Tablet,Firefox,iOS,/products
72e8cd21-4747-456a-bffd-d6498ce448d1,2026_W23,S2882,U28734,2026-06-05 19:51:54,2026-06-05 20:12:54,Direct,Town,Desktop,Chrome,MacOS,/home
72e8cd21-4747-456a-bffd-d6498ce448d1,2026_W23,S2883,U11993,2026-06-07 05:54:05,2026-06-07 06:19:05,Organic,During,Tablet,Chrome,Android,/offers
72e8cd21-4747-456a-bffd-d6498ce448d1,2026_W23,S2884,U19572,2026-06-03 23:40:42,2026-06-03 23:52:42,Facebook,Probably,Mobile,Safari,Windows,/products
72e8cd21-4747-456a-bffd-d6498ce448d1,2026_W23,S2885,U29041,2026-06-06 06:13:39,2026-06-06 06:44:39,Email,Book,Tablet,Chrome,MacOS,/offers
72e8cd21-4747-456a-bffd-d6498ce448d1,2026_W23,S2886,U16930,2026-06-05 18:35:52,2026-06-05 19:02:52,Direct,Others,Tablet,Firefox,MacOS,/products
72e8cd21-4747-456a-bffd-d6498ce448d1,2026_W23,S2887,U29357,2026-06-02 20:40:36,2026-06-02 20:56:36,Facebook,Same,Tablet,Safari,MacOS,/offers
72e8cd21-4747-456a-bffd-d6498ce448d1,2026_W23,S2888,U14050,2026-06-04 20:15:53,2026-06-04 20:34:53,Facebook,As,Desktop,Edge,Windows,/home
72e8cd21-4747-456a-bffd-d6498ce448d1,2026_W23,S2889,U32898,2026-06-07 19:50:37,2026-06-07 20:28:37,Instagram,Way,Mobile,Edge,iOS,/offers
72e8cd21-4747-456a-bffd-d6498ce448d1,2026_W23,S2890,U1134,2026-06-04 21:58:38,2026-06-04 22:11:38,Instagram,Best,Tablet,Safari,Android,/products
72e8cd21-4747-456a-bffd-d6498ce448d1,2026_W23,S2891,U973,2026-06-05 16:48:11,2026-06-05 16:56:11,Facebook,Explain,Desktop,Chrome,MacOS,/home
72e8cd21-4747-456a-bffd-d6498ce448d1,2026_W23,S2892,U12151,2026-06-03 14:37:11,2026-06-03 14:45:11,Email,Expert,Tablet,Safari,Windows,/home
72e8cd21-4747-456a-bffd-d6498ce448d1,2026_W23,S2893,U19831,2026-06-03 19:12:09,2026-06-03 19:37:09,Instagram,Player,Desktop,Firefox,Android,/home
72e8cd21-4747-456a-bffd-d6498ce448d1,2026_W23,S2894,U33083,2026-06-05 05:44:15,2026-06-05 06:11:15,Organic,Eight,Desktop,Firefox,Android,/home
72e8cd21-4747-456a-bffd-d6498ce448d1,2026_W23,S2895,U8852,2026-06-04 03:31:16,2026-06-04 03:50:16,Direct,Cultural,Mobile,Firefox,iOS,/offers
72e8cd21-4747-456a-bffd-d6498ce448d1,2026_W23,S2896,U29676,2026-06-06 04:16:39,2026-06-06 04:51:39,Direct,Once,Mobile,Safari,MacOS,/products
72e8cd21-4747-456a-bffd-d6498ce448d1,2026_W23,S2897,U34620,2026-06-06 16:57:07,2026-06-06 17:03:07,Email,Perhaps,Desktop,Chrome,Android,/products
72e8cd21-4747-456a-bffd-d6498ce448d1,2026_W23,S2898,U2339,2026-06-07 13:35:05,2026-06-07 13:58:05,Google Ads,Style,Mobile,Chrome,Windows,/home
72e8cd21-4747-456a-bffd-d6498ce448d1,2026_W23,S2899,U3211,2026-06-03 23:02:38,2026-06-03 23:12:38,Instagram,Dream,Mobile,Firefox,Android,/products
72e8cd21-4747-456a-bffd-d6498ce448d1,2026_W23,S2900,U3314,2026-06-03 18:09:12,2026-06-03 18:26:12,Organic,Physical,Tablet,Safari,Android,/offers
72e8cd21-4747-456a-bffd-d6498ce448d1,2026_W23,S2901,U33437,2026-06-03 09:08:18,2026-06-03 09:36:18,Facebook,Matter,Desktop,Firefox,iOS,/home
72e8cd21-4747-456a-bffd-d6498ce448d1,2026_W23,S2902,U26301,2026-06-06 02:59:36,2026-06-06 03:23:36,Organic,Anything,Tablet,Firefox,Windows,/offers
72e8cd21-4747-456a-bffd-d6498ce448d1,2026_W23,S2903,U24707,2026-06-07 13:23:25,2026-06-07 13:35:25,Google Ads,Can,Tablet,Safari,Android,/home
72e8cd21-4747-456a-bffd-d6498ce448d1,2026_W23,S2904,U18798,2026-06-07 09:58:33,2026-06-07 10:26:33,Instagram,Kitchen,Tablet,Chrome,iOS,/offers
72e8cd21-4747-456a-bffd-d6498ce448d1,2026_W23,S2905,U7496,2026-06-07 13:24:30,2026-06-07 13:47:30,Facebook,Suddenly,Mobile,Chrome,iOS,/home
72e8cd21-4747-456a-bffd-d6498ce448d1,2026_W23,S2906,U3376,2026-06-04 13:28:34,2026-06-04 13:35:34,Google Ads,Least,Tablet,Edge,MacOS,/home
72e8cd21-4747-456a-bffd-d6498ce448d1,2026_W23,S2907,U7453,2026-06-05 04:39:53,2026-06-05 04:51:53,Google Ads,Cover,Tablet,Firefox,Windows,/products
72e8cd21-4747-456a-bffd-d6498ce448d1,2026_W23,S2908,U481,2026-06-07 13:09:58,2026-06-07 13:46:58,Organic,Project,Tablet,Firefox,iOS,/offers
72e8cd21-4747-456a-bffd-d6498ce448d1,2026_W23,S2909,U35000,2026-06-03 21:19:35,2026-06-03 21:29:35,Organic,Politics,Mobile,Safari,Windows,/products
72e8cd21-4747-456a-bffd-d6498ce448d1,2026_W23,S2910,U26108,2026-06-07 14:46:05,2026-06-07 14:52:05,Facebook,Site,Mobile,Edge,Android,/offers
72e8cd21-4747-456a-bffd-d6498ce448d1,2026_W23,S2911,U24463,2026-06-03 11:35:22,2026-06-03 11:52:22,Facebook,Give,Desktop,Chrome,MacOS,/home
72e8cd21-4747-456a-bffd-d6498ce448d1,2026_W23,S2912,U24171,2026-06-05 23:36:26,2026-06-06 00:13:26,Google Ads,Good,Tablet,Firefox,Android,/products
72e8cd21-4747-456a-bffd-d6498ce448d1,2026_W23,S2913,U31122,2026-06-04 16:51:40,2026-06-04 17:00:40,Direct,Popular,Mobile,Firefox,Windows,/offers
72e8cd21-4747-456a-bffd-d6498ce448d1,2026_W23,S2914,U26993,2026-06-03 15:19:16,2026-06-03 15:52:16,Direct,Into,Mobile,Edge,Android,/products
72e8cd21-4747-456a-bffd-d6498ce448d1,2026_W23,S2915,U28098,2026-06-06 02:20:34,2026-06-06 02:55:34,Organic,Range,Desktop,Edge,MacOS,/offers
72e8cd21-4747-456a-bffd-d6498ce448d1,2026_W23,S2916,U33872,2026-06-02 00:41:46,2026-06-02 01:10:46,Direct,Explain,Tablet,Firefox,Android,/offers
72e8cd21-4747-456a-bffd-d6498ce448d1,2026_W23,S2917,U12872,2026-06-03 06:38:32,2026-06-03 06:45:32,Facebook,Behind,Mobile,Firefox,iOS,/offers
72e8cd21-4747-456a-bffd-d6498ce448d1,2026_W23,S2918,U11382,2026-06-06 02:44:57,2026-06-06 03:15:57,Email,However,Mobile,Firefox,MacOS,/products
72e8cd21-4747-456a-bffd-d6498ce448d1,2026_W23,S2919,U2020,2026-06-05 23:24:10,2026-06-05 23:47:10,Facebook,Evidence,Tablet,Safari,MacOS,/home
72e8cd21-4747-456a-bffd-d6498ce448d1,2026_W23,S2920,U28956,2026-06-05 05:30:12,2026-06-05 05:43:12,Google Ads,Official,Tablet,Edge,Android,/home
72e8cd21-4747-456a-bffd-d6498ce448d1,2026_W23,S2921,U15521,2026-06-02 02:58:32,2026-06-02 03:22:32,Direct,Marriage,Desktop,Chrome,Android,/home
72e8cd21-4747-456a-bffd-d6498ce448d1,2026_W23,S2922,U17886,2026-06-02 00:05:53,2026-06-02 00:36:53,Instagram,Administration,Tablet,Chrome,iOS,/home
72e8cd21-4747-456a-bffd-d6498ce448d1,2026_W23,S2923,U16823,2026-06-05 02:55:16,2026-06-05 03:07:16,Direct,Form,Tablet,Chrome,iOS,/offers
72e8cd21-4747-456a-bffd-d6498ce448d1,2026_W23,S2924,U4404,2026-06-07 10:15:51,2026-06-07 10:48:51,Email,Industry,Desktop,Firefox,Android,/home
72e8cd21-4747-456a-bffd-d6498ce448d1,2026_W23,S2925,U3703,2026-06-02 09:54:06,2026-06-02 10:20:06,Facebook,Go,Desktop,Chrome,Windows,/offers
72e8cd21-4747-456a-bffd-d6498ce448d1,2026_W23,S2926,U12690,2026-06-04 08:08:27,2026-06-04 08:15:27,Direct,Change,Mobile,Chrome,iOS,/offers
72e8cd21-4747-456a-bffd-d6498ce448d1,2026_W23,S2927,U21441,2026-06-03 02:30:56,2026-06-03 02:52:56,Google Ads,Any,Mobile,Firefox,Windows,/home
72e8cd21-4747-456a-bffd-d6498ce448d1,2026_W23,S2928,U511,2026-06-07 17:41:59,2026-06-07 17:51:59,Direct,Amount,Desktop,Chrome,Android,/products
72e8cd21-4747-456a-bffd-d6498ce448d1,2026_W23,S2929,U7412,2026-06-07 07:35:03,2026-06-07 07:55:03,Facebook,Realize,Desktop,Edge,MacOS,/products
72e8cd21-4747-456a-bffd-d6498ce448d1,2026_W23,S2930,U625,2026-06-02 01:59:33,2026-06-02 02:19:33,Organic,Soon,Tablet,Edge,iOS,/products
72e8cd21-4747-456a-bffd-d6498ce448d1,2026_W23,S2931,U8379,2026-06-03 03:58:08,2026-06-03 04:10:08,Organic,Imagine,Tablet,Edge,Windows,/products
72e8cd21-4747-456a-bffd-d6498ce448d1,2026_W23,S2932,U11191,2026-06-04 19:25:11,2026-06-04 19:42:11,Instagram,Loss,Desktop,Safari,iOS,/home
72e8cd21-4747-456a-bffd-d6498ce448d1,2026_W23,S2933,U14720,2026-06-02 19:30:19,2026-06-02 19:56:19,Facebook,National,Desktop,Edge,Windows,/products
72e8cd21-4747-456a-bffd-d6498ce448d1,2026_W23,S2934,U7859,2026-06-04 10:11:11,2026-06-04 10:31:11,Google Ads,Third,Tablet,Chrome,Android,/home
72e8cd21-4747-456a-bffd-d6498ce448d1,2026_W23,S2935,U26976,2026-06-04 11:05:38,2026-06-04 11:28:38,Email,Like,Tablet,Edge,Windows,/home
72e8cd21-4747-456a-bffd-d6498ce448d1,2026_W23,S2936,U19981,2026-06-02 14:13:59,2026-06-02 14:15:59,Facebook,Scientist,Tablet,Edge,iOS,/products
72e8cd21-4747-456a-bffd-d6498ce448d1,2026_W23,S2937,U6337,2026-06-02 22:48:52,2026-06-02 23:22:52,Instagram,Road,Desktop,Chrome,MacOS,/products
72e8cd21-4747-456a-bffd-d6498ce448d1,2026_W23,S2938,U10965,2026-06-02 20:53:24,2026-06-02 21:18:24,Organic,At,Desktop,Firefox,MacOS,/home
72e8cd21-4747-456a-bffd-d6498ce448d1,2026_W23,S2939,U3957,2026-06-04 23:35:16,2026-06-05 00:10:16,Instagram,Paper,Mobile,Edge,Windows,/home
72e8cd21-4747-456a-bffd-d6498ce448d1,2026_W23,S2940,U15207,2026-06-05 05:54:37,2026-06-05 06:05:37,Instagram,Garden,Mobile,Firefox,iOS,/products
72e8cd21-4747-456a-bffd-d6498ce448d1,2026_W23,S2941,U13532,2026-06-07 13:54:10,2026-06-07 14:31:10,Organic,Sea,Tablet,Safari,Windows,/offers
72e8cd21-4747-456a-bffd-d6498ce448d1,2026_W23,S2942,U33210,2026-06-05 16:27:33,2026-06-05 17:05:33,Email,Keep,Desktop,Chrome,Windows,/products
72e8cd21-4747-456a-bffd-d6498ce448d1,2026_W23,S2943,U13013,2026-06-04 16:58:54,2026-06-04 17:04:54,Instagram,Early,Tablet,Firefox,Android,/home
72e8cd21-4747-456a-bffd-d6498ce448d1,2026_W23,S2944,U18538,2026-06-05 19:50:32,2026-06-05 20:20:32,Google Ads,Body,Desktop,Firefox,iOS,/products
72e8cd21-4747-456a-bffd-d6498ce448d1,2026_W23,S2945,U31195,2026-06-04 11:34:23,2026-06-04 11:49:23,Facebook,Instead,Tablet,Firefox,Android,/home
72e8cd21-4747-456a-bffd-d6498ce448d1,2026_W23,S2946,U32126,2026-06-03 13:11:39,2026-06-03 13:13:39,Email,Agreement,Tablet,Edge,MacOS,/offers
72e8cd21-4747-456a-bffd-d6498ce448d1,2026_W23,S2947,U18657,2026-06-03 11:27:13,2026-06-03 11:52:13,Google Ads,Worry,Desktop,Edge,Android,/home
72e8cd21-4747-456a-bffd-d6498ce448d1,2026_W23,S2948,U4329,2026-06-03 00:04:56,2026-06-03 00:35:56,Organic,Accept,Desktop,Safari,iOS,/offers
72e8cd21-4747-456a-bffd-d6498ce448d1,2026_W23,S2949,U30448,2026-06-03 07:11:20,2026-06-03 07:40:20,Facebook,Natural,Desktop,Safari,Android,/products
72e8cd21-4747-456a-bffd-d6498ce448d1,2026_W23,S2950,U8067,2026-06-05 07:40:45,2026-06-05 08:15:45,Facebook,Lose,Tablet,Safari,MacOS,/offers
72e8cd21-4747-456a-bffd-d6498ce448d1,2026_W23,S2951,U8743,2026-06-04 03:56:05,2026-06-04 04:31:05,Organic,Up,Tablet,Edge,MacOS,/products
72e8cd21-4747-456a-bffd-d6498ce448d1,2026_W23,S2952,U30450,2026-06-04 17:12:40,2026-06-04 17:22:40,Facebook,Reflect,Mobile,Firefox,MacOS,/products
72e8cd21-4747-456a-bffd-d6498ce448d1,2026_W23,S2953,U7242,2026-06-05 10:27:21,2026-06-05 10:56:21,Email,Can,Desktop,Safari,Windows,/home
72e8cd21-4747-456a-bffd-d6498ce448d1,2026_W23,S2954,U14756,2026-06-06 02:54:27,2026-06-06 03:29:27,Instagram,Similar,Mobile,Edge,Windows,/offers
72e8cd21-4747-456a-bffd-d6498ce448d1,2026_W23,S2955,U7319,2026-06-03 22:21:10,2026-06-03 22:44:10,Organic,House,Tablet,Chrome,iOS,/home
72e8cd21-4747-456a-bffd-d6498ce448d1,2026_W23,S2956,U10292,2026-06-02 21:48:25,2026-06-02 22:16:25,Instagram,South,Tablet,Firefox,iOS,/products
72e8cd21-4747-456a-bffd-d6498ce448d1,2026_W23,S2957,U13024,2026-06-03 05:42:56,2026-06-03 05:56:56,Organic,Let,Tablet,Firefox,Windows,/products
72e8cd21-4747-456a-bffd-d6498ce448d1,2026_W23,S2958,U34689,2026-06-03 16:09:58,2026-06-03 16:16:58,Email,At,Tablet,Edge,MacOS,/offers
72e8cd21-4747-456a-bffd-d6498ce448d1,2026_W23,S2959,U4961,2026-06-04 09:45:16,2026-06-04 10:11:16,Organic,Describe,Desktop,Firefox,Android,/products
72e8cd21-4747-456a-bffd-d6498ce448d1,2026_W23,S2960,U4723,2026-06-04 04:05:44,2026-06-04 04:14:44,Organic,Because,Desktop,Firefox,MacOS,/offers
72e8cd21-4747-456a-bffd-d6498ce448d1,2026_W23,S2961,U11880,2026-06-07 03:26:10,2026-06-07 03:58:10,Direct,Late,Mobile,Edge,Android,/products
72e8cd21-4747-456a-bffd-d6498ce448d1,2026_W23,S2962,U16284,2026-06-05 13:23:00,2026-06-05 13:44:00,Google Ads,Worry,Mobile,Edge,MacOS,/home
72e8cd21-4747-456a-bffd-d6498ce448d1,2026_W23,S2963,U8968,2026-06-05 16:59:32,2026-06-05 17:06:32,Organic,Arm,Desktop,Chrome,Android,/products
72e8cd21-4747-456a-bffd-d6498ce448d1,2026_W23,S2964,U27202,2026-06-02 00:43:00,2026-06-02 01:22:00,Google Ads,Growth,Desktop,Firefox,Windows,/offers
72e8cd21-4747-456a-bffd-d6498ce448d1,2026_W23,S2965,U1554,2026-06-05 23:57:47,2026-06-06 00:17:47,Email,Determine,Desktop,Safari,iOS,/products
72e8cd21-4747-456a-bffd-d6498ce448d1,2026_W23,S2966,U11559,2026-06-03 09:17:30,2026-06-03 09:53:30,Direct,Appear,Mobile,Safari,Android,/home
72e8cd21-4747-456a-bffd-d6498ce448d1,2026_W23,S2967,U8827,2026-06-05 04:53:58,2026-06-05 05:04:58,Email,Music,Mobile,Edge,Android,/home
72e8cd21-4747-456a-bffd-d6498ce448d1,2026_W23,S2968,U10332,2026-06-06 11:56:40,2026-06-06 11:59:40,Email,Forget,Desktop,Safari,iOS,/offers
72e8cd21-4747-456a-bffd-d6498ce448d1,2026_W23,S2969,U33380,2026-06-04 08:40:48,2026-06-04 09:05:48,Google Ads,Pay,Tablet,Safari,Android,/home
72e8cd21-4747-456a-bffd-d6498ce448d1,2026_W23,S2970,U16164,2026-06-06 08:57:57,2026-06-06 09:23:57,Email,Economy,Mobile,Edge,Android,/offers
72e8cd21-4747-456a-bffd-d6498ce448d1,2026_W23,S2971,U27035,2026-06-03 05:20:15,2026-06-03 05:50:15,Direct,Institution,Desktop,Edge,Android,/products
72e8cd21-4747-456a-bffd-d6498ce448d1,2026_W23,S2972,U15672,2026-06-05 04:39:18,2026-06-05 04:45:18,Organic,Tonight,Mobile,Edge,iOS,/products
72e8cd21-4747-456a-bffd-d6498ce448d1,2026_W23,S2973,U16195,2026-06-06 01:59:18,2026-06-06 02:36:18,Instagram,Through,Mobile,Chrome,iOS,/products
72e8cd21-4747-456a-bffd-d6498ce448d1,2026_W23,S2974,U9219,2026-06-04 05:21:40,2026-06-04 05:25:40,Instagram,Leader,Desktop,Safari,Android,/offers
72e8cd21-4747-456a-bffd-d6498ce448d1,2026_W23,S2975,U687,2026-06-06 18:11:24,2026-06-06 18:35:24,Google Ads,Raise,Mobile,Chrome,Windows,/offers
72e8cd21-4747-456a-bffd-d6498ce448d1,2026_W23,S2976,U2642,2026-06-01 23:37:33,2026-06-01 23:42:33,Direct,Relate,Mobile,Firefox,Android,/products
72e8cd21-4747-456a-bffd-d6498ce448d1,2026_W23,S2977,U19940,2026-06-02 21:43:41,2026-06-02 21:53:41,Email,Data,Mobile,Firefox,Windows,/home
72e8cd21-4747-456a-bffd-d6498ce448d1,2026_W23,S2978,U8212,2026-06-02 17:12:42,2026-06-02 17:20:42,Direct,Shoulder,Mobile,Safari,MacOS,/home
72e8cd21-4747-456a-bffd-d6498ce448d1,2026_W23,S2979,U30322,2026-06-06 22:52:28,2026-06-06 23:01:28,Instagram,Call,Desktop,Chrome,iOS,/products
72e8cd21-4747-456a-bffd-d6498ce448d1,2026_W23,S2980,U3597,2026-06-05 13:26:08,2026-06-05 14:00:08,Organic,Company,Tablet,Chrome,Windows,/products
72e8cd21-4747-456a-bffd-d6498ce448d1,2026_W23,S2981,U2071,2026-06-02 17:19:53,2026-06-02 17:30:53,Organic,Price,Mobile,Safari,MacOS,/offers
72e8cd21-4747-456a-bffd-d6498ce448d1,2026_W23,S2982,U27281,2026-06-05 06:07:51,2026-06-05 06:10:51,Google Ads,Require,Mobile,Edge,Android,/products
72e8cd21-4747-456a-bffd-d6498ce448d1,2026_W23,S2983,U7982,2026-06-06 08:46:07,2026-06-06 08:51:07,Google Ads,Find,Tablet,Chrome,MacOS,/products
72e8cd21-4747-456a-bffd-d6498ce448d1,2026_W23,S2984,U33266,2026-06-06 04:04:29,2026-06-06 04:42:29,Organic,Box,Desktop,Edge,Windows,/offers
72e8cd21-4747-456a-bffd-d6498ce448d1,2026_W23,S2985,U6053,2026-06-05 06:47:21,2026-06-05 07:17:21,Instagram,Movement,Tablet,Edge,iOS,/products
72e8cd21-4747-456a-bffd-d6498ce448d1,2026_W23,S2986,U16160,2026-06-05 18:34:12,2026-06-05 19:11:12,Instagram,Popular,Mobile,Firefox,iOS,/home
72e8cd21-4747-456a-bffd-d6498ce448d1,2026_W23,S2987,U5575,2026-06-05 11:37:57,2026-06-05 12:09:57,Instagram,White,Tablet,Firefox,Windows,/home
72e8cd21-4747-456a-bffd-d6498ce448d1,2026_W23,S2988,U13438,2026-06-02 03:25:08,2026-06-02 03:30:08,Instagram,Food,Tablet,Edge,Windows,/offers
72e8cd21-4747-456a-bffd-d6498ce448d1,2026_W23,S2989,U5387,2026-06-04 03:00:49,2026-06-04 03:20:49,Google Ads,Cause,Tablet,Firefox,Windows,/offers
72e8cd21-4747-456a-bffd-d6498ce448d1,2026_W23,S2990,U20918,2026-06-07 05:57:51,2026-06-07 06:19:51,Email,Music,Tablet,Edge,Android,/products
72e8cd21-4747-456a-bffd-d6498ce448d1,2026_W23,S2991,U24046,2026-06-03 03:03:38,2026-06-03 03:19:38,Organic,Generation,Desktop,Edge,Windows,/products
72e8cd21-4747-456a-bffd-d6498ce448d1,2026_W23,S2992,U21316,2026-06-07 18:10:22,2026-06-07 18:34:22,Direct,Leader,Tablet,Safari,Android,/offers
72e8cd21-4747-456a-bffd-d6498ce448d1,2026_W23,S2993,U11501,2026-06-02 19:41:23,2026-06-02 20:09:23,Instagram,Buy,Mobile,Firefox,Android,/offers
72e8cd21-4747-456a-bffd-d6498ce448d1,2026_W23,S2994,U17712,2026-06-03 09:06:17,2026-06-03 09:43:17,Organic,Apply,Mobile,Chrome,iOS,/home
72e8cd21-4747-456a-bffd-d6498ce448d1,2026_W23,S2995,U27379,2026-06-02 06:46:22,2026-06-02 07:20:22,Direct,Behavior,Mobile,Edge,Windows,/offers
72e8cd21-4747-456a-bffd-d6498ce448d1,2026_W23,S2996,U4763,2026-06-04 12:28:19,2026-06-04 12:46:19,Instagram,Account,Mobile,Edge,iOS,/home
72e8cd21-4747-456a-bffd-d6498ce448d1,2026_W23,S2997,U33981,2026-06-04 12:31:43,2026-06-04 12:34:43,Facebook,Bring,Tablet,Edge,iOS,/offers
72e8cd21-4747-456a-bffd-d6498ce448d1,2026_W23,S2998,U33780,2026-06-06 17:43:49,2026-06-06 18:19:49,Google Ads,Claim,Mobile,Chrome,Android,/offers
72e8cd21-4747-456a-bffd-d6498ce448d1,2026_W23,S2999,U14953,2026-06-01 20:42:09,2026-06-01 20:44:09,Direct,So,Tablet,Firefox,Windows,/home
72e8cd21-4747-456a-bffd-d6498ce448d1,2026_W23,S3000,U29990,2026-06-04 02:14:38,2026-06-04 02:52:38,Email,Language,Tablet,Firefox,MacOS,/home
72e8cd21-4747-456a-bffd-d6498ce448d1,2026_W23,S3001,U7472,2026-06-05 12:36:11,2026-06-05 13:15:11,Instagram,Song,Tablet,Firefox,Android,/products
72e8cd21-4747-456a-bffd-d6498ce448d1,2026_W23,S3002,U21224,2026-06-07 19:57:38,2026-06-07 20:17:38,Organic,Reduce,Mobile,Firefox,iOS,/products
72e8cd21-4747-456a-bffd-d6498ce448d1,2026_W23,S3003,U11829,2026-06-05 00:49:45,2026-06-05 01:22:45,Instagram,Cover,Tablet,Chrome,MacOS,/products
72e8cd21-4747-456a-bffd-d6498ce448d1,2026_W23,S3004,U23524,2026-06-01 20:48:02,2026-06-01 21:23:02,Direct,Continue,Tablet,Chrome,Android,/offers
72e8cd21-4747-456a-bffd-d6498ce448d1,2026_W23,S3005,U22418,2026-06-07 03:29:50,2026-06-07 03:33:50,Instagram,Discuss,Tablet,Chrome,MacOS,/products
72e8cd21-4747-456a-bffd-d6498ce448d1,2026_W23,S3006,U17424,2026-06-06 22:42:19,2026-06-06 23:07:19,Facebook,Six,Desktop,Safari,Android,/products
72e8cd21-4747-456a-bffd-d6498ce448d1,2026_W23,S3007,U24860,2026-06-06 18:01:28,2026-06-06 18:34:28,Email,Third,Tablet,Chrome,Windows,/home
72e8cd21-4747-456a-bffd-d6498ce448d1,2026_W23,S3008,U7167,2026-06-02 13:07:13,2026-06-02 13:15:13,Email,History,Mobile,Edge,Windows,/offers
72e8cd21-4747-456a-bffd-d6498ce448d1,2026_W23,S3009,U10078,2026-06-03 01:30:16,2026-06-03 01:59:16,Email,Exactly,Tablet,Edge,Android,/products
72e8cd21-4747-456a-bffd-d6498ce448d1,2026_W23,S3010,U23250,2026-06-03 10:14:21,2026-06-03 10:42:21,Facebook,Culture,Desktop,Edge,iOS,/home
72e8cd21-4747-456a-bffd-d6498ce448d1,2026_W23,S3011,U26937,2026-06-02 15:04:24,2026-06-02 15:29:24,Instagram,Security,Desktop,Safari,iOS,/offers
72e8cd21-4747-456a-bffd-d6498ce448d1,2026_W23,S3012,U24149,2026-06-04 10:45:37,2026-06-04 11:01:37,Instagram,Agree,Mobile,Firefox,iOS,/offers
72e8cd21-4747-456a-bffd-d6498ce448d1,2026_W23,S3013,U4788,2026-06-02 20:44:21,2026-06-02 21:13:21,Instagram,South,Desktop,Chrome,Android,/home
72e8cd21-4747-456a-bffd-d6498ce448d1,2026_W23,S3014,U4689,2026-06-01 23:02:22,2026-06-01 23:32:22,Direct,Prove,Tablet,Firefox,iOS,/products
72e8cd21-4747-456a-bffd-d6498ce448d1,2026_W23,S3015,U2069,2026-06-06 10:13:58,2026-06-06 10:33:58,Instagram,Ask,Tablet,Safari,Android,/offers
72e8cd21-4747-456a-bffd-d6498ce448d1,2026_W23,S3016,U9149,2026-06-03 17:40:57,2026-06-03 17:59:57,Instagram,Section,Mobile,Edge,Windows,/products
72e8cd21-4747-456a-bffd-d6498ce448d1,2026_W23,S3017,U30501,2026-06-07 11:29:06,2026-06-07 11:35:06,Direct,Watch,Mobile,Edge,iOS,/offers
72e8cd21-4747-456a-bffd-d6498ce448d1,2026_W23,S3018,U26248,2026-06-02 05:43:07,2026-06-02 05:59:07,Organic,Better,Desktop,Safari,Windows,/products
72e8cd21-4747-456a-bffd-d6498ce448d1,2026_W23,S3019,U8832,2026-06-04 01:56:03,2026-06-04 02:22:03,Google Ads,Million,Mobile,Edge,Android,/offers
72e8cd21-4747-456a-bffd-d6498ce448d1,2026_W23,S3020,U2620,2026-06-07 20:29:07,2026-06-07 21:08:07,Organic,Vote,Desktop,Firefox,Windows,/home
72e8cd21-4747-456a-bffd-d6498ce448d1,2026_W23,S3021,U30896,2026-06-07 03:29:28,2026-06-07 03:37:28,Email,Last,Tablet,Firefox,Windows,/products
72e8cd21-4747-456a-bffd-d6498ce448d1,2026_W23,S3022,U27183,2026-06-04 16:48:19,2026-06-04 17:03:19,Facebook,Hour,Tablet,Firefox,MacOS,/products
72e8cd21-4747-456a-bffd-d6498ce448d1,2026_W23,S3023,U16029,2026-06-07 12:16:11,2026-06-07 12:49:11,Organic,Baby,Tablet,Chrome,Android,/offers
72e8cd21-4747-456a-bffd-d6498ce448d1,2026_W23,S3024,U18780,2026-06-05 05:08:23,2026-06-05 05:23:23,Google Ads,Painting,Tablet,Safari,Android,/products
72e8cd21-4747-456a-bffd-d6498ce448d1,2026_W23,S3025,U31261,2026-06-02 04:12:19,2026-06-02 04:43:19,Instagram,Small,Desktop,Firefox,Windows,/products
72e8cd21-4747-456a-bffd-d6498ce448d1,2026_W23,S3026,U34701,2026-06-02 09:16:21,2026-06-02 09:51:21,Email,Student,Mobile,Safari,Android,/offers
72e8cd21-4747-456a-bffd-d6498ce448d1,2026_W23,S3027,U5774,2026-06-06 11:57:30,2026-06-06 12:01:30,Direct,Hope,Mobile,Firefox,MacOS,/offers
72e8cd21-4747-456a-bffd-d6498ce448d1,2026_W23,S3028,U8484,2026-06-05 11:57:50,2026-06-05 12:33:50,Google Ads,Moment,Mobile,Chrome,Windows,/home
72e8cd21-4747-456a-bffd-d6498ce448d1,2026_W23,S3029,U34477,2026-06-05 00:47:19,2026-06-05 00:54:19,Facebook,Not,Desktop,Edge,Android,/products
72e8cd21-4747-456a-bffd-d6498ce448d1,2026_W23,S3030,U20427,2026-06-05 02:37:53,2026-06-05 02:55:53,Email,Yeah,Desktop,Edge,MacOS,/products
72e8cd21-4747-456a-bffd-d6498ce448d1,2026_W23,S3031,U16154,2026-06-03 02:49:56,2026-06-03 03:19:56,Google Ads,Special,Tablet,Safari,iOS,/offers
72e8cd21-4747-456a-bffd-d6498ce448d1,2026_W23,S3032,U14293,2026-06-06 08:13:35,2026-06-06 08:16:35,Organic,Prepare,Mobile,Safari,iOS,/offers
72e8cd21-4747-456a-bffd-d6498ce448d1,2026_W23,S3033,U32085,2026-06-06 15:26:52,2026-06-06 15:42:52,Facebook,Guess,Desktop,Chrome,Android,/products
72e8cd21-4747-456a-bffd-d6498ce448d1,2026_W23,S3034,U23915,2026-06-03 20:21:08,2026-06-03 20:44:08,Email,Outside,Mobile,Edge,MacOS,/products
72e8cd21-4747-456a-bffd-d6498ce448d1,2026_W23,S3035,U13792,2026-06-03 21:47:34,2026-06-03 22:24:34,Facebook,Pattern,Tablet,Chrome,MacOS,/products
72e8cd21-4747-456a-bffd-d6498ce448d1,2026_W23,S3036,U8506,2026-06-04 11:15:36,2026-06-04 11:17:36,Facebook,Him,Desktop,Safari,Android,/offers
72e8cd21-4747-456a-bffd-d6498ce448d1,2026_W23,S3037,U9626,2026-06-03 12:56:55,2026-06-03 13:15:55,Instagram,Almost,Tablet,Edge,MacOS,/home
72e8cd21-4747-456a-bffd-d6498ce448d1,2026_W23,S3038,U24895,2026-06-07 08:52:10,2026-06-07 08:53:10,Google Ads,Low,Desktop,Chrome,Android,/products
72e8cd21-4747-456a-bffd-d6498ce448d1,2026_W23,S3039,U33303,2026-06-04 07:04:53,2026-06-04 07:29:53,Email,Course,Desktop,Firefox,iOS,/products
72e8cd21-4747-456a-bffd-d6498ce448d1,2026_W23,S3040,U9240,2026-06-07 14:46:29,2026-06-07 15:17:29,Google Ads,Shake,Desktop,Chrome,iOS,/offers
72e8cd21-4747-456a-bffd-d6498ce448d1,2026_W23,S3041,U25590,2026-06-03 02:05:08,2026-06-03 02:06:08,Direct,Skin,Mobile,Chrome,iOS,/products
72e8cd21-4747-456a-bffd-d6498ce448d1,2026_W23,S3042,U19278,2026-06-07 15:38:37,2026-06-07 15:48:37,Google Ads,Foreign,Mobile,Chrome,Windows,/products
72e8cd21-4747-456a-bffd-d6498ce448d1,2026_W23,S3043,U11249,2026-06-05 07:20:32,2026-06-05 07:38:32,Facebook,Movie,Desktop,Firefox,MacOS,/products
72e8cd21-4747-456a-bffd-d6498ce448d1,2026_W23,S3044,U12886,2026-06-02 18:22:03,2026-06-02 18:46:03,Email,Daughter,Desktop,Firefox,Windows,/products
72e8cd21-4747-456a-bffd-d6498ce448d1,2026_W23,S3045,U11887,2026-06-05 22:32:56,2026-06-05 22:54:56,Email,Certainly,Tablet,Safari,Windows,/offers
72e8cd21-4747-456a-bffd-d6498ce448d1,2026_W23,S3046,U14441,2026-06-06 01:43:21,2026-06-06 02:16:21,Facebook,Art,Tablet,Chrome,MacOS,/offers
72e8cd21-4747-456a-bffd-d6498ce448d1,2026_W23,S3047,U5368,2026-06-02 08:57:33,2026-06-02 09:10:33,Instagram,Performance,Desktop,Edge,MacOS,/products
72e8cd21-4747-456a-bffd-d6498ce448d1,2026_W23,S3048,U33969,2026-06-05 14:29:43,2026-06-05 15:05:43,Google Ads,Behavior,Mobile,Edge,Android,/products
72e8cd21-4747-456a-bffd-d6498ce448d1,2026_W23,S3049,U27144,2026-06-06 00:15:30,2026-06-06 00:39:30,Direct,Project,Desktop,Edge,Windows,/offers
72e8cd21-4747-456a-bffd-d6498ce448d1,2026_W23,S3050,U3445,2026-06-03 00:54:48,2026-06-03 01:20:48,Organic,Third,Mobile,Firefox,Android,/products
72e8cd21-4747-456a-bffd-d6498ce448d1,2026_W23,S3051,U14658,2026-06-04 01:06:41,2026-06-04 01:08:41,Email,War,Tablet,Safari,Windows,/offers
72e8cd21-4747-456a-bffd-d6498ce448d1,2026_W23,S3052,U17060,2026-06-06 12:23:56,2026-06-06 12:55:56,Instagram,Whom,Mobile,Safari,Windows,/home
72e8cd21-4747-456a-bffd-d6498ce448d1,2026_W23,S3053,U15726,2026-06-03 21:20:47,2026-06-03 21:58:47,Direct,Bill,Tablet,Chrome,Android,/home
72e8cd21-4747-456a-bffd-d6498ce448d1,2026_W23,S3054,U19557,2026-06-02 01:59:29,2026-06-02 02:07:29,Direct,Appear,Tablet,Edge,iOS,/products
72e8cd21-4747-456a-bffd-d6498ce448d1,2026_W23,S3055,U25016,2026-06-07 05:05:11,2026-06-07 05:11:11,Google Ads,Town,Desktop,Safari,Windows,/offers
72e8cd21-4747-456a-bffd-d6498ce448d1,2026_W23,S3056,U18951,2026-06-03 22:44:41,2026-06-03 23:24:41,Google Ads,Democratic,Tablet,Firefox,Windows,/offers
72e8cd21-4747-456a-bffd-d6498ce448d1,2026_W23,S3057,U31350,2026-06-05 07:30:48,2026-06-05 07:46:48,Facebook,Letter,Tablet,Safari,MacOS,/home
72e8cd21-4747-456a-bffd-d6498ce448d1,2026_W23,S3058,U4689,2026-06-02 20:02:15,2026-06-02 20:35:15,Organic,Customer,Desktop,Safari,MacOS,/home
72e8cd21-4747-456a-bffd-d6498ce448d1,2026_W23,S3059,U15412,2026-06-03 12:05:40,2026-06-03 12:40:40,Direct,Model,Tablet,Chrome,Android,/home
72e8cd21-4747-456a-bffd-d6498ce448d1,2026_W23,S3060,U34191,2026-06-04 22:02:26,2026-06-04 22:29:26,Instagram,First,Mobile,Firefox,Windows,/home
72e8cd21-4747-456a-bffd-d6498ce448d1,2026_W23,S3061,U9198,2026-06-07 03:26:38,2026-06-07 03:56:38,Instagram,Shoulder,Tablet,Firefox,MacOS,/offers
72e8cd21-4747-456a-bffd-d6498ce448d1,2026_W23,S3062,U19899,2026-06-07 16:43:10,2026-06-07 16:57:10,Facebook,Science,Desktop,Chrome,MacOS,/offers
72e8cd21-4747-456a-bffd-d6498ce448d1,2026_W23,S3063,U33952,2026-06-05 06:05:45,2026-06-05 06:14:45,Email,Probably,Mobile,Chrome,Android,/home
72e8cd21-4747-456a-bffd-d6498ce448d1,2026_W23,S3064,U26994,2026-06-05 07:25:50,2026-06-05 07:49:50,Google Ads,Design,Tablet,Firefox,MacOS,/products
72e8cd21-4747-456a-bffd-d6498ce448d1,2026_W23,S3065,U5948,2026-06-03 17:25:40,2026-06-03 17:33:40,Direct,Carry,Desktop,Firefox,MacOS,/products
72e8cd21-4747-456a-bffd-d6498ce448d1,2026_W23,S3066,U13945,2026-06-06 04:18:59,2026-06-06 04:51:59,Email,While,Tablet,Chrome,Android,/home
72e8cd21-4747-456a-bffd-d6498ce448d1,2026_W23,S3067,U17405,2026-06-06 04:37:10,2026-06-06 04:49:10,Organic,Much,Tablet,Safari,Android,/products
72e8cd21-4747-456a-bffd-d6498ce448d1,2026_W23,S3068,U28971,2026-06-04 06:20:43,2026-06-04 06:32:43,Email,Every,Desktop,Firefox,iOS,/home
72e8cd21-4747-456a-bffd-d6498ce448d1,2026_W23,S3069,U11560,2026-06-02 08:52:35,2026-06-02 08:53:35,Email,Describe,Desktop,Edge,Windows,/home
72e8cd21-4747-456a-bffd-d6498ce448d1,2026_W23,S3070,U29667,2026-06-04 17:47:42,2026-06-04 18:24:42,Organic,Industry,Mobile,Edge,Windows,/offers
72e8cd21-4747-456a-bffd-d6498ce448d1,2026_W23,S3071,U29198,2026-06-07 04:26:59,2026-06-07 04:29:59,Organic,Goal,Desktop,Chrome,MacOS,/offers
72e8cd21-4747-456a-bffd-d6498ce448d1,2026_W23,S3072,U28005,2026-06-07 04:07:14,2026-06-07 04:29:14,Organic,Discover,Desktop,Edge,MacOS,/products
72e8cd21-4747-456a-bffd-d6498ce448d1,2026_W23,S3073,U5330,2026-06-06 12:22:03,2026-06-06 12:46:03,Instagram,Marriage,Desktop,Edge,iOS,/home
72e8cd21-4747-456a-bffd-d6498ce448d1,2026_W23,S3074,U24653,2026-06-05 13:18:51,2026-06-05 13:31:51,Facebook,Yet,Mobile,Safari,Windows,/home
72e8cd21-4747-456a-bffd-d6498ce448d1,2026_W23,S3075,U20764,2026-06-02 21:30:30,2026-06-02 21:53:30,Google Ads,Reduce,Desktop,Firefox,Android,/products
72e8cd21-4747-456a-bffd-d6498ce448d1,2026_W23,S3076,U1983,2026-06-07 03:38:08,2026-06-07 03:57:08,Email,Now,Desktop,Edge,iOS,/products
72e8cd21-4747-456a-bffd-d6498ce448d1,2026_W23,S3077,U6160,2026-06-05 10:39:22,2026-06-05 11:05:22,Google Ads,Moment,Mobile,Edge,Android,/products
72e8cd21-4747-456a-bffd-d6498ce448d1,2026_W23,S3078,U22167,2026-06-07 09:44:33,2026-06-07 09:56:33,Instagram,Spend,Tablet,Safari,iOS,/offers
72e8cd21-4747-456a-bffd-d6498ce448d1,2026_W23,S3079,U22894,2026-06-07 01:29:38,2026-06-07 02:08:38,Email,Court,Mobile,Safari,Android,/products
72e8cd21-4747-456a-bffd-d6498ce448d1,2026_W23,S3080,U13108,2026-06-06 02:08:42,2026-06-06 02:41:42,Google Ads,Without,Desktop,Safari,iOS,/home
72e8cd21-4747-456a-bffd-d6498ce448d1,2026_W23,S3081,U14059,2026-06-07 00:40:11,2026-06-07 00:57:11,Facebook,Drive,Mobile,Edge,Windows,/products
72e8cd21-4747-456a-bffd-d6498ce448d1,2026_W23,S3082,U28063,2026-06-05 13:39:42,2026-06-05 14:12:42,Instagram,Thing,Desktop,Firefox,Windows,/offers
72e8cd21-4747-456a-bffd-d6498ce448d1,2026_W23,S3083,U28368,2026-06-02 18:21:34,2026-06-02 18:43:34,Facebook,Long,Tablet,Edge,iOS,/products
72e8cd21-4747-456a-bffd-d6498ce448d1,2026_W23,S3084,U25414,2026-06-06 17:29:34,2026-06-06 18:00:34,Google Ads,Security,Mobile,Safari,Windows,/products
72e8cd21-4747-456a-bffd-d6498ce448d1,2026_W23,S3085,U15361,2026-06-05 21:24:02,2026-06-05 21:55:02,Email,Approach,Mobile,Firefox,iOS,/offers
72e8cd21-4747-456a-bffd-d6498ce448d1,2026_W23,S3086,U11875,2026-06-03 08:59:43,2026-06-03 09:17:43,Facebook,Prove,Desktop,Chrome,MacOS,/products
72e8cd21-4747-456a-bffd-d6498ce448d1,2026_W23,S3087,U23012,2026-06-02 03:15:59,2026-06-02 03:51:59,Facebook,Pretty,Tablet,Safari,Windows,/offers
72e8cd21-4747-456a-bffd-d6498ce448d1,2026_W23,S3088,U6566,2026-06-02 23:44:30,2026-06-03 00:21:30,Google Ads,Speech,Tablet,Chrome,iOS,/home
72e8cd21-4747-456a-bffd-d6498ce448d1,2026_W23,S3089,U1432,2026-06-02 21:13:36,2026-06-02 21:47:36,Organic,With,Desktop,Firefox,Android,/products
72e8cd21-4747-456a-bffd-d6498ce448d1,2026_W23,S3090,U17510,2026-06-06 15:35:23,2026-06-06 16:02:23,Google Ads,Certainly,Tablet,Edge,Android,/offers
72e8cd21-4747-456a-bffd-d6498ce448d1,2026_W23,S3091,U11766,2026-06-02 15:45:00,2026-06-02 15:49:00,Instagram,Civil,Desktop,Chrome,iOS,/home
72e8cd21-4747-456a-bffd-d6498ce448d1,2026_W23,S3092,U26171,2026-06-04 04:00:07,2026-06-04 04:36:07,Email,Direction,Mobile,Safari,iOS,/products
72e8cd21-4747-456a-bffd-d6498ce448d1,2026_W23,S3093,U33081,2026-06-05 22:35:59,2026-06-05 23:00:59,Email,Forget,Desktop,Firefox,MacOS,/products
72e8cd21-4747-456a-bffd-d6498ce448d1,2026_W23,S3094,U12533,2026-06-01 21:15:42,2026-06-01 21:43:42,Email,Bill,Desktop,Edge,MacOS,/home
72e8cd21-4747-456a-bffd-d6498ce448d1,2026_W23,S3095,U30536,2026-06-07 02:22:36,2026-06-07 02:46:36,Facebook,Stock,Tablet,Chrome,Android,/home
72e8cd21-4747-456a-bffd-d6498ce448d1,2026_W23,S3096,U6371,2026-06-02 15:35:29,2026-06-02 15:40:29,Instagram,Somebody,Mobile,Chrome,MacOS,/products
72e8cd21-4747-456a-bffd-d6498ce448d1,2026_W23,S3097,U15747,2026-06-04 06:20:16,2026-06-04 06:29:16,Facebook,West,Desktop,Firefox,iOS,/products
72e8cd21-4747-456a-bffd-d6498ce448d1,2026_W23,S3098,U18183,2026-06-07 05:42:27,2026-06-07 06:17:27,Facebook,Future,Mobile,Edge,iOS,/offers
72e8cd21-4747-456a-bffd-d6498ce448d1,2026_W23,S3099,U34258,2026-06-02 22:26:35,2026-06-02 22:33:35,Facebook,Two,Desktop,Firefox,Windows,/products
72e8cd21-4747-456a-bffd-d6498ce448d1,2026_W23,S3100,U11763,2026-06-07 11:52:32,2026-06-07 12:11:32,Organic,Focus,Mobile,Firefox,iOS,/products
72e8cd21-4747-456a-bffd-d6498ce448d1,2026_W23,S3101,U28469,2026-06-07 05:13:10,2026-06-07 05:32:10,Email,Include,Mobile,Safari,MacOS,/products
72e8cd21-4747-456a-bffd-d6498ce448d1,2026_W23,S3102,U8734,2026-06-01 22:05:06,2026-06-01 22:16:06,Google Ads,Make,Mobile,Safari,Android,/products
72e8cd21-4747-456a-bffd-d6498ce448d1,2026_W23,S3103,U14897,2026-06-06 00:58:49,2026-06-06 01:23:49,Google Ads,Heart,Desktop,Safari,Windows,/products
72e8cd21-4747-456a-bffd-d6498ce448d1,2026_W23,S3104,U12363,2026-06-02 03:15:46,2026-06-02 03:43:46,Instagram,According,Mobile,Safari,iOS,/products
72e8cd21-4747-456a-bffd-d6498ce448d1,2026_W23,S3105,U26058,2026-06-02 19:21:50,2026-06-02 19:37:50,Direct,Red,Desktop,Edge,Android,/home
72e8cd21-4747-456a-bffd-d6498ce448d1,2026_W23,S3106,U28920,2026-06-04 20:09:24,2026-06-04 20:16:24,Direct,Pressure,Desktop,Firefox,iOS,/home
72e8cd21-4747-456a-bffd-d6498ce448d1,2026_W23,S3107,U23102,2026-06-03 08:42:56,2026-06-03 08:50:56,Direct,Seat,Tablet,Edge,MacOS,/home
72e8cd21-4747-456a-bffd-d6498ce448d1,2026_W23,S3108,U22818,2026-06-04 15:44:32,2026-06-04 16:03:32,Google Ads,Debate,Desktop,Safari,iOS,/offers
72e8cd21-4747-456a-bffd-d6498ce448d1,2026_W23,S3109,U13392,2026-06-02 06:26:29,2026-06-02 07:05:29,Organic,Store,Tablet,Chrome,Android,/offers
72e8cd21-4747-456a-bffd-d6498ce448d1,2026_W23,S3110,U27491,2026-06-05 23:39:22,2026-06-06 00:03:22,Instagram,Leave,Tablet,Firefox,MacOS,/products
72e8cd21-4747-456a-bffd-d6498ce448d1,2026_W23,S3111,U29952,2026-06-04 06:50:31,2026-06-04 07:09:31,Email,Special,Desktop,Firefox,Android,/products
72e8cd21-4747-456a-bffd-d6498ce448d1,2026_W23,S3112,U22725,2026-06-01 23:22:55,2026-06-01 23:29:55,Direct,Pretty,Tablet,Edge,MacOS,/home
72e8cd21-4747-456a-bffd-d6498ce448d1,2026_W23,S3113,U5661,2026-06-04 19:03:11,2026-06-04 19:21:11,Instagram,There,Desktop,Chrome,iOS,/offers
72e8cd21-4747-456a-bffd-d6498ce448d1,2026_W23,S3114,U6808,2026-06-06 23:04:54,2026-06-06 23:30:54,Google Ads,Happy,Mobile,Safari,Android,/home
72e8cd21-4747-456a-bffd-d6498ce448d1,2026_W23,S3115,U14111,2026-06-02 14:39:02,2026-06-02 15:11:02,Google Ads,Civil,Tablet,Firefox,iOS,/home
72e8cd21-4747-456a-bffd-d6498ce448d1,2026_W23,S3116,U29155,2026-06-07 03:22:10,2026-06-07 03:42:10,Facebook,Business,Tablet,Edge,Android,/offers
72e8cd21-4747-456a-bffd-d6498ce448d1,2026_W23,S3117,U25080,2026-06-03 21:16:00,2026-06-03 21:29:00,Direct,Mention,Desktop,Firefox,MacOS,/offers
72e8cd21-4747-456a-bffd-d6498ce448d1,2026_W23,S3118,U31743,2026-06-05 13:25:51,2026-06-05 13:37:51,Google Ads,Next,Desktop,Edge,iOS,/home
72e8cd21-4747-456a-bffd-d6498ce448d1,2026_W23,S3119,U33093,2026-06-02 03:38:27,2026-06-02 03:47:27,Facebook,Become,Mobile,Chrome,MacOS,/offers
72e8cd21-4747-456a-bffd-d6498ce448d1,2026_W23,S3120,U29536,2026-06-06 00:00:20,2026-06-06 00:17:20,Organic,Rock,Desktop,Safari,Windows,/products
72e8cd21-4747-456a-bffd-d6498ce448d1,2026_W23,S3121,U524,2026-06-07 09:22:36,2026-06-07 09:42:36,Organic,Model,Mobile,Chrome,MacOS,/home
72e8cd21-4747-456a-bffd-d6498ce448d1,2026_W23,S3122,U1423,2026-06-05 19:18:22,2026-06-05 19:34:22,Email,Magazine,Tablet,Chrome,iOS,/products
72e8cd21-4747-456a-bffd-d6498ce448d1,2026_W23,S3123,U11649,2026-06-05 07:02:20,2026-06-05 07:23:20,Email,Product,Desktop,Firefox,Windows,/home
72e8cd21-4747-456a-bffd-d6498ce448d1,2026_W23,S3124,U25247,2026-06-06 11:54:28,2026-06-06 12:34:28,Google Ads,Part,Tablet,Safari,Android,/offers
72e8cd21-4747-456a-bffd-d6498ce448d1,2026_W23,S3125,U26201,2026-06-06 16:42:20,2026-06-06 17:05:20,Facebook,Drop,Desktop,Safari,Android,/home
72e8cd21-4747-456a-bffd-d6498ce448d1,2026_W23,S3126,U5476,2026-06-03 12:10:49,2026-06-03 12:40:49,Email,Enough,Tablet,Firefox,Android,/offers
72e8cd21-4747-456a-bffd-d6498ce448d1,2026_W23,S3127,U7843,2026-06-02 12:04:26,2026-06-02 12:29:26,Organic,Firm,Desktop,Edge,Android,/home
72e8cd21-4747-456a-bffd-d6498ce448d1,2026_W23,S3128,U448,2026-06-07 18:26:11,2026-06-07 18:54:11,Direct,Would,Tablet,Safari,Windows,/offers
72e8cd21-4747-456a-bffd-d6498ce448d1,2026_W23,S3129,U878,2026-06-07 07:21:24,2026-06-07 07:41:24,Google Ads,Nation,Tablet,Edge,Windows,/offers
72e8cd21-4747-456a-bffd-d6498ce448d1,2026_W23,S3130,U23322,2026-06-07 18:05:12,2026-06-07 18:39:12,Instagram,Particular,Mobile,Firefox,Windows,/offers
72e8cd21-4747-456a-bffd-d6498ce448d1,2026_W23,S3131,U13817,2026-06-04 11:14:45,2026-06-04 11:26:45,Direct,Own,Mobile,Safari,Windows,/home
72e8cd21-4747-456a-bffd-d6498ce448d1,2026_W23,S3132,U16914,2026-06-05 12:24:04,2026-06-05 12:57:04,Facebook,Process,Desktop,Chrome,iOS,/offers
72e8cd21-4747-456a-bffd-d6498ce448d1,2026_W23,S3133,U5851,2026-06-07 10:18:32,2026-06-07 10:19:32,Organic,Half,Mobile,Safari,Android,/products
72e8cd21-4747-456a-bffd-d6498ce448d1,2026_W23,S3134,U12423,2026-06-04 20:00:14,2026-06-04 20:16:14,Email,Line,Desktop,Edge,Android,/offers
72e8cd21-4747-456a-bffd-d6498ce448d1,2026_W23,S3135,U15405,2026-06-03 06:25:57,2026-06-03 06:49:57,Google Ads,Audience,Mobile,Firefox,iOS,/products
72e8cd21-4747-456a-bffd-d6498ce448d1,2026_W23,S3136,U15695,2026-06-05 20:31:05,2026-06-05 21:04:05,Google Ads,Garden,Tablet,Chrome,Android,/offers
72e8cd21-4747-456a-bffd-d6498ce448d1,2026_W23,S3137,U26276,2026-06-04 17:00:33,2026-06-04 17:35:33,Facebook,Arrive,Desktop,Safari,Windows,/offers
72e8cd21-4747-456a-bffd-d6498ce448d1,2026_W23,S3138,U515,2026-06-04 21:06:24,2026-06-04 21:10:24,Facebook,Price,Desktop,Chrome,Windows,/home
72e8cd21-4747-456a-bffd-d6498ce448d1,2026_W23,S3139,U26998,2026-06-06 00:38:47,2026-06-06 00:53:47,Instagram,Certainly,Desktop,Edge,iOS,/home
72e8cd21-4747-456a-bffd-d6498ce448d1,2026_W23,S3140,U9520,2026-06-02 18:57:41,2026-06-02 19:34:41,Direct,Happy,Tablet,Firefox,iOS,/products
72e8cd21-4747-456a-bffd-d6498ce448d1,2026_W23,S3141,U16369,2026-06-03 17:20:24,2026-06-03 17:55:24,Facebook,Through,Mobile,Edge,MacOS,/home
72e8cd21-4747-456a-bffd-d6498ce448d1,2026_W23,S3142,U32326,2026-06-06 22:27:11,2026-06-06 22:32:11,Organic,Require,Tablet,Chrome,iOS,/offers
72e8cd21-4747-456a-bffd-d6498ce448d1,2026_W23,S3143,U13254,2026-06-02 12:55:54,2026-06-02 13:01:54,Facebook,Work,Tablet,Firefox,iOS,/products
72e8cd21-4747-456a-bffd-d6498ce448d1,2026_W23,S3144,U7707,2026-06-07 00:05:22,2026-06-07 00:39:22,Direct,Score,Mobile,Safari,Windows,/offers
72e8cd21-4747-456a-bffd-d6498ce448d1,2026_W23,S3145,U20364,2026-06-01 21:47:10,2026-06-01 22:27:10,Google Ads,Student,Tablet,Safari,Android,/home
72e8cd21-4747-456a-bffd-d6498ce448d1,2026_W23,S3146,U7923,2026-06-07 09:19:51,2026-06-07 09:28:51,Direct,Region,Desktop,Chrome,MacOS,/home
72e8cd21-4747-456a-bffd-d6498ce448d1,2026_W23,S3147,U31953,2026-06-04 12:51:37,2026-06-04 13:17:37,Facebook,Ground,Tablet,Firefox,MacOS,/home
72e8cd21-4747-456a-bffd-d6498ce448d1,2026_W23,S3148,U17991,2026-06-05 16:09:43,2026-06-05 16:34:43,Email,Management,Mobile,Safari,Android,/home
72e8cd21-4747-456a-bffd-d6498ce448d1,2026_W23,S3149,U32652,2026-06-05 07:52:12,2026-06-05 07:56:12,Instagram,Too,Mobile,Safari,Android,/products
72e8cd21-4747-456a-bffd-d6498ce448d1,2026_W23,S3150,U30784,2026-06-05 09:57:43,2026-06-05 10:37:43,Direct,Summer,Tablet,Firefox,iOS,/products
72e8cd21-4747-456a-bffd-d6498ce448d1,2026_W23,S3151,U14893,2026-06-06 05:06:21,2026-06-06 05:37:21,Google Ads,Remain,Mobile,Safari,Android,/offers
72e8cd21-4747-456a-bffd-d6498ce448d1,2026_W23,S3152,U19718,2026-06-02 15:32:08,2026-06-02 16:03:08,Organic,Beat,Desktop,Safari,Android,/products
72e8cd21-4747-456a-bffd-d6498ce448d1,2026_W23,S3153,U33875,2026-06-06 10:18:09,2026-06-06 10:20:09,Email,Easy,Tablet,Safari,MacOS,/home
72e8cd21-4747-456a-bffd-d6498ce448d1,2026_W23,S3154,U33448,2026-06-05 00:42:07,2026-06-05 01:04:07,Google Ads,Even,Tablet,Chrome,iOS,/home
72e8cd21-4747-456a-bffd-d6498ce448d1,2026_W23,S3155,U24492,2026-06-06 16:53:31,2026-06-06 17:32:31,Facebook,Speech,Tablet,Edge,MacOS,/products
72e8cd21-4747-456a-bffd-d6498ce448d1,2026_W23,S3156,U20325,2026-06-02 20:57:22,2026-06-02 21:09:22,Email,Among,Mobile,Edge,Windows,/products
72e8cd21-4747-456a-bffd-d6498ce448d1,2026_W23,S3157,U16004,2026-06-02 21:40:43,2026-06-02 21:48:43,Direct,Likely,Mobile,Chrome,Windows,/offers
72e8cd21-4747-456a-bffd-d6498ce448d1,2026_W23,S3158,U4395,2026-06-03 07:26:00,2026-06-03 08:05:00,Organic,Treat,Mobile,Firefox,MacOS,/home
72e8cd21-4747-456a-bffd-d6498ce448d1,2026_W23,S3159,U19105,2026-06-03 05:52:58,2026-06-03 06:05:58,Organic,Wind,Tablet,Safari,iOS,/offers
72e8cd21-4747-456a-bffd-d6498ce448d1,2026_W23,S3160,U20603,2026-06-03 11:49:37,2026-06-03 11:57:37,Facebook,Four,Desktop,Chrome,Android,/products
72e8cd21-4747-456a-bffd-d6498ce448d1,2026_W23,S3161,U11286,2026-06-03 10:24:03,2026-06-03 10:31:03,Organic,Threat,Desktop,Chrome,MacOS,/home
72e8cd21-4747-456a-bffd-d6498ce448d1,2026_W23,S3162,U857,2026-06-05 19:19:43,2026-06-05 19:44:43,Organic,Tend,Tablet,Chrome,Windows,/home
72e8cd21-4747-456a-bffd-d6498ce448d1,2026_W23,S3163,U28348,2026-06-02 04:32:30,2026-06-02 05:06:30,Google Ads,Involve,Desktop,Safari,Windows,/products
72e8cd21-4747-456a-bffd-d6498ce448d1,2026_W23,S3164,U1076,2026-06-04 12:34:58,2026-06-04 13:03:58,Organic,Threat,Mobile,Safari,MacOS,/products
72e8cd21-4747-456a-bffd-d6498ce448d1,2026_W23,S3165,U32838,2026-06-03 02:53:04,2026-06-03 02:59:04,Instagram,Kitchen,Mobile,Firefox,Android,/offers
72e8cd21-4747-456a-bffd-d6498ce448d1,2026_W23,S3166,U19512,2026-06-03 13:34:24,2026-06-03 14:14:24,Facebook,Cold,Mobile,Edge,iOS,/home
72e8cd21-4747-456a-bffd-d6498ce448d1,2026_W23,S3167,U27463,2026-06-05 17:01:19,2026-06-05 17:31:19,Direct,A,Desktop,Safari,Windows,/home
72e8cd21-4747-456a-bffd-d6498ce448d1,2026_W23,S3168,U19507,2026-06-04 14:18:13,2026-06-04 14:41:13,Email,Our,Desktop,Safari,Windows,/offers
72e8cd21-4747-456a-bffd-d6498ce448d1,2026_W23,S3169,U14597,2026-06-03 11:19:40,2026-06-03 11:50:40,Facebook,Great,Mobile,Edge,MacOS,/offers
72e8cd21-4747-456a-bffd-d6498ce448d1,2026_W23,S3170,U5234,2026-06-04 00:09:53,2026-06-04 00:48:53,Google Ads,Talk,Desktop,Safari,MacOS,/home
72e8cd21-4747-456a-bffd-d6498ce448d1,2026_W23,S3171,U34626,2026-06-06 21:06:52,2026-06-06 21:13:52,Email,Close,Desktop,Firefox,MacOS,/products
72e8cd21-4747-456a-bffd-d6498ce448d1,2026_W23,S3172,U25410,2026-06-07 16:22:46,2026-06-07 16:32:46,Email,Audience,Mobile,Firefox,iOS,/offers
72e8cd21-4747-456a-bffd-d6498ce448d1,2026_W23,S3173,U21254,2026-06-03 05:56:17,2026-06-03 06:33:17,Google Ads,Agreement,Mobile,Safari,Android,/products
72e8cd21-4747-456a-bffd-d6498ce448d1,2026_W23,S3174,U3044,2026-06-02 23:20:16,2026-06-02 23:27:16,Organic,Care,Tablet,Edge,iOS,/home
72e8cd21-4747-456a-bffd-d6498ce448d1,2026_W23,S3175,U16765,2026-06-04 13:01:42,2026-06-04 13:07:42,Instagram,Hand,Mobile,Safari,iOS,/offers
72e8cd21-4747-456a-bffd-d6498ce448d1,2026_W23,S3176,U9031,2026-06-05 18:24:10,2026-06-05 18:33:10,Email,But,Mobile,Chrome,Windows,/products
72e8cd21-4747-456a-bffd-d6498ce448d1,2026_W23,S3177,U3224,2026-06-05 18:06:43,2026-06-05 18:09:43,Google Ads,Career,Tablet,Chrome,Windows,/home
72e8cd21-4747-456a-bffd-d6498ce448d1,2026_W23,S3178,U16906,2026-06-07 14:06:38,2026-06-07 14:31:38,Organic,Parent,Tablet,Edge,Android,/products
72e8cd21-4747-456a-bffd-d6498ce448d1,2026_W23,S3179,U1136,2026-06-02 02:25:02,2026-06-02 02:48:02,Organic,Tough,Mobile,Edge,MacOS,/home
72e8cd21-4747-456a-bffd-d6498ce448d1,2026_W23,S3180,U5874,2026-06-03 13:33:54,2026-06-03 14:10:54,Organic,Class,Tablet,Firefox,MacOS,/offers
72e8cd21-4747-456a-bffd-d6498ce448d1,2026_W23,S3181,U13890,2026-06-05 12:11:03,2026-06-05 12:16:03,Organic,He,Mobile,Safari,Android,/offers
72e8cd21-4747-456a-bffd-d6498ce448d1,2026_W23,S3182,U6861,2026-06-06 18:27:29,2026-06-06 19:03:29,Instagram,Wrong,Mobile,Edge,MacOS,/home
72e8cd21-4747-456a-bffd-d6498ce448d1,2026_W23,S3183,U816,2026-06-05 18:50:39,2026-06-05 19:04:39,Direct,Mouth,Desktop,Edge,Android,/products
72e8cd21-4747-456a-bffd-d6498ce448d1,2026_W23,S3184,U3683,2026-06-07 18:54:44,2026-06-07 19:12:44,Organic,Idea,Desktop,Firefox,MacOS,/offers
72e8cd21-4747-456a-bffd-d6498ce448d1,2026_W23,S3185,U17700,2026-06-02 04:12:53,2026-06-02 04:20:53,Direct,Person,Mobile,Safari,iOS,/offers
72e8cd21-4747-456a-bffd-d6498ce448d1,2026_W23,S3186,U18043,2026-06-06 08:12:49,2026-06-06 08:16:49,Instagram,Site,Tablet,Chrome,Android,/products
72e8cd21-4747-456a-bffd-d6498ce448d1,2026_W23,S3187,U715,2026-06-04 22:24:47,2026-06-04 22:37:47,Google Ads,Increase,Mobile,Firefox,Android,/home
72e8cd21-4747-456a-bffd-d6498ce448d1,2026_W23,S3188,U32396,2026-06-05 18:46:53,2026-06-05 19:09:53,Google Ads,Serve,Tablet,Edge,iOS,/home
72e8cd21-4747-456a-bffd-d6498ce448d1,2026_W23,S3189,U32886,2026-06-04 10:06:48,2026-06-04 10:11:48,Instagram,Mouth,Tablet,Chrome,MacOS,/products
72e8cd21-4747-456a-bffd-d6498ce448d1,2026_W23,S3190,U12046,2026-06-04 14:40:12,2026-06-04 15:09:12,Organic,Still,Tablet,Chrome,Android,/home
72e8cd21-4747-456a-bffd-d6498ce448d1,2026_W23,S3191,U4831,2026-06-03 05:53:41,2026-06-03 06:08:41,Direct,Especially,Desktop,Firefox,iOS,/offers
72e8cd21-4747-456a-bffd-d6498ce448d1,2026_W23,S3192,U29183,2026-06-06 23:56:32,2026-06-07 00:34:32,Direct,Quite,Mobile,Firefox,iOS,/home
72e8cd21-4747-456a-bffd-d6498ce448d1,2026_W23,S3193,U11853,2026-06-05 16:16:05,2026-06-05 16:29:05,Direct,None,Mobile,Safari,Android,/home
72e8cd21-4747-456a-bffd-d6498ce448d1,2026_W23,S3194,U5778,2026-06-06 16:00:16,2026-06-06 16:09:16,Instagram,Crime,Tablet,Edge,iOS,/offers
72e8cd21-4747-456a-bffd-d6498ce448d1,2026_W23,S3195,U577,2026-06-03 07:18:21,2026-06-03 07:46:21,Instagram,Some,Mobile,Safari,Android,/home
72e8cd21-4747-456a-bffd-d6498ce448d1,2026_W23,S3196,U15208,2026-06-04 11:17:49,2026-06-04 11:43:49,Organic,Wear,Tablet,Chrome,Windows,/home
72e8cd21-4747-456a-bffd-d6498ce448d1,2026_W23,S3197,U10041,2026-06-05 15:39:44,2026-06-05 16:11:44,Instagram,Cell,Tablet,Safari,Android,/offers
72e8cd21-4747-456a-bffd-d6498ce448d1,2026_W23,S3198,U1091,2026-06-04 05:19:42,2026-06-04 05:54:42,Google Ads,According,Desktop,Edge,Windows,/products
72e8cd21-4747-456a-bffd-d6498ce448d1,2026_W23,S3199,U32985,2026-06-03 10:20:45,2026-06-03 10:50:45,Instagram,Service,Desktop,Firefox,Android,/products
72e8cd21-4747-456a-bffd-d6498ce448d1,2026_W23,S3200,U5015,2026-06-06 18:59:23,2026-06-06 19:01:23,Direct,Various,Desktop,Safari,MacOS,/offers
72e8cd21-4747-456a-bffd-d6498ce448d1,2026_W23,S3201,U33130,2026-06-03 17:24:13,2026-06-03 17:57:13,Email,Loss,Desktop,Safari,Android,/products
72e8cd21-4747-456a-bffd-d6498ce448d1,2026_W23,S3202,U18565,2026-06-06 01:43:45,2026-06-06 02:08:45,Instagram,High,Tablet,Safari,MacOS,/home
72e8cd21-4747-456a-bffd-d6498ce448d1,2026_W23,S3203,U27924,2026-06-06 04:42:56,2026-06-06 05:07:56,Google Ads,Hope,Tablet,Chrome,Windows,/products
72e8cd21-4747-456a-bffd-d6498ce448d1,2026_W23,S3204,U28154,2026-06-06 11:41:55,2026-06-06 12:14:55,Facebook,She,Mobile,Firefox,Android,/offers
72e8cd21-4747-456a-bffd-d6498ce448d1,2026_W23,S3205,U11849,2026-06-01 22:49:19,2026-06-01 22:53:19,Direct,They,Tablet,Chrome,Windows,/offers
72e8cd21-4747-456a-bffd-d6498ce448d1,2026_W23,S3206,U21002,2026-06-06 12:01:10,2026-06-06 12:08:10,Instagram,Drive,Tablet,Safari,Android,/offers
72e8cd21-4747-456a-bffd-d6498ce448d1,2026_W23,S3207,U13313,2026-06-07 02:46:36,2026-06-07 03:20:36,Direct,Effort,Desktop,Edge,Android,/offers
72e8cd21-4747-456a-bffd-d6498ce448d1,2026_W23,S3208,U30137,2026-06-04 19:37:09,2026-06-04 19:43:09,Direct,Role,Mobile,Safari,Android,/products
72e8cd21-4747-456a-bffd-d6498ce448d1,2026_W23,S3209,U3080,2026-06-05 00:38:20,2026-06-05 01:01:20,Facebook,Hair,Mobile,Firefox,Windows,/home
72e8cd21-4747-456a-bffd-d6498ce448d1,2026_W23,S3210,U30884,2026-06-04 12:43:29,2026-06-04 12:48:29,Google Ads,Floor,Tablet,Safari,iOS,/products
72e8cd21-4747-456a-bffd-d6498ce448d1,2026_W23,S3211,U21193,2026-06-07 04:38:17,2026-06-07 04:42:17,Direct,Call,Tablet,Safari,MacOS,/home
72e8cd21-4747-456a-bffd-d6498ce448d1,2026_W23,S3212,U23288,2026-06-05 10:37:36,2026-06-05 11:00:36,Instagram,Accept,Tablet,Chrome,Windows,/home
72e8cd21-4747-456a-bffd-d6498ce448d1,2026_W23,S3213,U13388,2026-06-02 11:22:27,2026-06-02 11:43:27,Email,From,Desktop,Edge,iOS,/products
72e8cd21-4747-456a-bffd-d6498ce448d1,2026_W23,S3214,U8655,2026-06-03 02:33:26,2026-06-03 02:56:26,Facebook,Yes,Desktop,Edge,Windows,/home
72e8cd21-4747-456a-bffd-d6498ce448d1,2026_W23,S3215,U4506,2026-06-07 07:37:03,2026-06-07 07:46:03,Instagram,Appear,Desktop,Chrome,MacOS,/products
72e8cd21-4747-456a-bffd-d6498ce448d1,2026_W23,S3216,U7477,2026-06-05 13:49:39,2026-06-05 13:54:39,Instagram,System,Mobile,Safari,Android,/home
72e8cd21-4747-456a-bffd-d6498ce448d1,2026_W23,S3217,U33039,2026-06-04 10:53:06,2026-06-04 11:02:06,Facebook,My,Tablet,Edge,Windows,/offers
72e8cd21-4747-456a-bffd-d6498ce448d1,2026_W23,S3218,U22492,2026-06-05 04:17:43,2026-06-05 04:33:43,Google Ads,Prepare,Mobile,Chrome,MacOS,/home
72e8cd21-4747-456a-bffd-d6498ce448d1,2026_W23,S3219,U16311,2026-06-04 19:11:01,2026-06-04 19:41:01,Facebook,Stop,Desktop,Firefox,MacOS,/products
72e8cd21-4747-456a-bffd-d6498ce448d1,2026_W23,S3220,U22263,2026-06-03 12:34:29,2026-06-03 12:45:29,Organic,More,Mobile,Chrome,MacOS,/home
72e8cd21-4747-456a-bffd-d6498ce448d1,2026_W23,S3221,U31003,2026-06-03 21:33:18,2026-06-03 21:37:18,Google Ads,Example,Desktop,Safari,Android,/products
72e8cd21-4747-456a-bffd-d6498ce448d1,2026_W23,S3222,U2628,2026-06-05 21:35:56,2026-06-05 21:49:56,Direct,Scientist,Desktop,Safari,iOS,/home
72e8cd21-4747-456a-bffd-d6498ce448d1,2026_W23,S3223,U8540,2026-06-07 16:06:27,2026-06-07 16:10:27,Email,Key,Mobile,Safari,MacOS,/products
72e8cd21-4747-456a-bffd-d6498ce448d1,2026_W23,S3224,U8419,2026-06-07 08:58:23,2026-06-07 09:17:23,Facebook,Hear,Tablet,Safari,iOS,/home
72e8cd21-4747-456a-bffd-d6498ce448d1,2026_W23,S3225,U5387,2026-06-06 02:03:26,2026-06-06 02:37:26,Direct,Fund,Tablet,Edge,MacOS,/offers
72e8cd21-4747-456a-bffd-d6498ce448d1,2026_W23,S3226,U5624,2026-06-02 20:51:27,2026-06-02 21:09:27,Facebook,Culture,Mobile,Edge,Android,/home
72e8cd21-4747-456a-bffd-d6498ce448d1,2026_W23,S3227,U19690,2026-06-07 16:24:34,2026-06-07 16:33:34,Instagram,To,Tablet,Firefox,iOS,/offers
72e8cd21-4747-456a-bffd-d6498ce448d1,2026_W23,S3228,U30534,2026-06-07 10:19:07,2026-06-07 10:41:07,Google Ads,Prevent,Mobile,Safari,MacOS,/home
72e8cd21-4747-456a-bffd-d6498ce448d1,2026_W23,S3229,U7516,2026-06-01 22:13:44,2026-06-01 22:46:44,Instagram,Care,Tablet,Chrome,iOS,/products
72e8cd21-4747-456a-bffd-d6498ce448d1,2026_W23,S3230,U30808,2026-06-03 00:30:26,2026-06-03 00:56:26,Direct,Team,Desktop,Firefox,MacOS,/products
72e8cd21-4747-456a-bffd-d6498ce448d1,2026_W23,S3231,U24168,2026-06-05 20:54:04,2026-06-05 21:30:04,Organic,Not,Desktop,Edge,MacOS,/offers
72e8cd21-4747-456a-bffd-d6498ce448d1,2026_W23,S3232,U28775,2026-06-02 14:17:30,2026-06-02 14:39:30,Organic,Money,Desktop,Chrome,iOS,/home
72e8cd21-4747-456a-bffd-d6498ce448d1,2026_W23,S3233,U13524,2026-06-04 14:58:35,2026-06-04 15:33:35,Instagram,Human,Mobile,Chrome,Windows,/offers
72e8cd21-4747-456a-bffd-d6498ce448d1,2026_W23,S3234,U17885,2026-06-05 16:27:19,2026-06-05 17:02:19,Facebook,Bit,Tablet,Chrome,MacOS,/home
72e8cd21-4747-456a-bffd-d6498ce448d1,2026_W23,S3235,U4266,2026-06-07 07:51:30,2026-06-07 08:11:30,Instagram,Whom,Tablet,Edge,Windows,/products
72e8cd21-4747-456a-bffd-d6498ce448d1,2026_W23,S3236,U15378,2026-06-03 06:57:34,2026-06-03 07:08:34,Organic,Discuss,Desktop,Safari,Windows,/offers
72e8cd21-4747-456a-bffd-d6498ce448d1,2026_W23,S3237,U19018,2026-06-05 16:03:10,2026-06-05 16:27:10,Instagram,Purpose,Desktop,Chrome,Android,/offers
72e8cd21-4747-456a-bffd-d6498ce448d1,2026_W23,S3238,U25685,2026-06-05 04:32:09,2026-06-05 05:06:09,Google Ads,Magazine,Mobile,Chrome,MacOS,/offers
72e8cd21-4747-456a-bffd-d6498ce448d1,2026_W23,S3239,U24913,2026-06-03 08:54:04,2026-06-03 09:11:04,Google Ads,Product,Tablet,Edge,Android,/offers
72e8cd21-4747-456a-bffd-d6498ce448d1,2026_W23,S3240,U20332,2026-06-04 11:06:21,2026-06-04 11:42:21,Organic,Age,Tablet,Edge,iOS,/products
72e8cd21-4747-456a-bffd-d6498ce448d1,2026_W23,S3241,U2886,2026-06-05 19:22:51,2026-06-05 19:26:51,Organic,Court,Tablet,Firefox,MacOS,/home
72e8cd21-4747-456a-bffd-d6498ce448d1,2026_W23,S3242,U19752,2026-06-05 18:03:35,2026-06-05 18:37:35,Instagram,Agent,Desktop,Edge,MacOS,/offers
72e8cd21-4747-456a-bffd-d6498ce448d1,2026_W23,S3243,U20156,2026-06-03 21:24:44,2026-06-03 21:42:44,Direct,Under,Mobile,Chrome,Android,/home
72e8cd21-4747-456a-bffd-d6498ce448d1,2026_W23,S3244,U12400,2026-06-03 16:41:42,2026-06-03 16:57:42,Facebook,Them,Desktop,Chrome,MacOS,/home
72e8cd21-4747-456a-bffd-d6498ce448d1,2026_W23,S3245,U2747,2026-06-05 19:24:30,2026-06-05 19:43:30,Email,Factor,Tablet,Edge,Android,/products
72e8cd21-4747-456a-bffd-d6498ce448d1,2026_W23,S3246,U14482,2026-06-06 19:06:13,2026-06-06 19:28:13,Instagram,It,Tablet,Chrome,Android,/home
72e8cd21-4747-456a-bffd-d6498ce448d1,2026_W23,S3247,U23396,2026-06-06 12:40:55,2026-06-06 13:10:55,Instagram,Store,Tablet,Edge,iOS,/home
72e8cd21-4747-456a-bffd-d6498ce448d1,2026_W23,S3248,U6818,2026-06-02 02:14:58,2026-06-02 02:16:58,Organic,Popular,Mobile,Edge,iOS,/products
72e8cd21-4747-456a-bffd-d6498ce448d1,2026_W23,S3249,U13306,2026-06-04 14:21:37,2026-06-04 14:54:37,Google Ads,Event,Tablet,Chrome,iOS,/products
72e8cd21-4747-456a-bffd-d6498ce448d1,2026_W23,S3250,U18200,2026-06-05 13:02:47,2026-06-05 13:28:47,Facebook,For,Desktop,Safari,iOS,/home
72e8cd21-4747-456a-bffd-d6498ce448d1,2026_W23,S3251,U16657,2026-06-06 08:57:59,2026-06-06 09:08:59,Instagram,Agent,Desktop,Safari,Android,/offers
72e8cd21-4747-456a-bffd-d6498ce448d1,2026_W23,S3252,U32969,2026-06-02 00:40:36,2026-06-02 01:20:36,Direct,Fill,Desktop,Firefox,Android,/home
72e8cd21-4747-456a-bffd-d6498ce448d1,2026_W23,S3253,U33197,2026-06-04 09:51:14,2026-06-04 10:01:14,Direct,Full,Tablet,Firefox,iOS,/offers
72e8cd21-4747-456a-bffd-d6498ce448d1,2026_W23,S3254,U34447,2026-06-06 09:44:49,2026-06-06 10:18:49,Organic,Organization,Desktop,Firefox,MacOS,/home
72e8cd21-4747-456a-bffd-d6498ce448d1,2026_W23,S3255,U14945,2026-06-06 21:00:08,2026-06-06 21:40:08,Facebook,Usually,Mobile,Safari,iOS,/home
72e8cd21-4747-456a-bffd-d6498ce448d1,2026_W23,S3256,U22063,2026-06-05 12:42:13,2026-06-05 13:00:13,Google Ads,Ready,Desktop,Safari,Android,/home
72e8cd21-4747-456a-bffd-d6498ce448d1,2026_W23,S3257,U25632,2026-06-06 10:12:03,2026-06-06 10:35:03,Organic,Music,Tablet,Safari,iOS,/home
72e8cd21-4747-456a-bffd-d6498ce448d1,2026_W23,S3258,U3353,2026-06-02 05:25:21,2026-06-02 05:31:21,Direct,By,Desktop,Edge,MacOS,/offers
72e8cd21-4747-456a-bffd-d6498ce448d1,2026_W23,S3259,U25042,2026-06-07 14:17:57,2026-06-07 14:19:57,Organic,While,Mobile,Chrome,MacOS,/products
72e8cd21-4747-456a-bffd-d6498ce448d1,2026_W23,S3260,U29358,2026-06-07 19:03:29,2026-06-07 19:31:29,Direct,Voice,Mobile,Chrome,iOS,/products
72e8cd21-4747-456a-bffd-d6498ce448d1,2026_W23,S3261,U14435,2026-06-02 15:13:47,2026-06-02 15:49:47,Organic,Century,Tablet,Edge,iOS,/offers
72e8cd21-4747-456a-bffd-d6498ce448d1,2026_W23,S3262,U26078,2026-06-02 22:48:04,2026-06-02 23:09:04,Instagram,Her,Tablet,Firefox,Windows,/offers
72e8cd21-4747-456a-bffd-d6498ce448d1,2026_W23,S3263,U17261,2026-06-03 01:25:02,2026-06-03 02:00:02,Google Ads,Himself,Desktop,Chrome,Android,/offers
72e8cd21-4747-456a-bffd-d6498ce448d1,2026_W23,S3264,U30766,2026-06-05 23:52:41,2026-06-06 00:02:41,Instagram,Option,Mobile,Chrome,Android,/offers
72e8cd21-4747-456a-bffd-d6498ce448d1,2026_W23,S3265,U11726,2026-06-06 19:27:52,2026-06-06 19:47:52,Organic,Old,Tablet,Safari,Windows,/offers
72e8cd21-4747-456a-bffd-d6498ce448d1,2026_W23,S3266,U7513,2026-06-06 21:26:18,2026-06-06 21:57:18,Google Ads,Never,Desktop,Chrome,Android,/products
72e8cd21-4747-456a-bffd-d6498ce448d1,2026_W23,S3267,U32248,2026-06-07 04:26:05,2026-06-07 04:40:05,Instagram,Education,Desktop,Safari,Android,/products
72e8cd21-4747-456a-bffd-d6498ce448d1,2026_W23,S3268,U26450,2026-06-05 16:41:39,2026-06-05 16:49:39,Facebook,Lay,Mobile,Chrome,Windows,/offers
72e8cd21-4747-456a-bffd-d6498ce448d1,2026_W23,S3269,U726,2026-06-04 14:26:06,2026-06-04 14:58:06,Organic,Business,Tablet,Safari,Android,/offers
72e8cd21-4747-456a-bffd-d6498ce448d1,2026_W23,S3270,U33383,2026-06-07 11:10:17,2026-06-07 11:49:17,Direct,Care,Desktop,Safari,Android,/products
72e8cd21-4747-456a-bffd-d6498ce448d1,2026_W23,S3271,U734,2026-06-02 10:14:10,2026-06-02 10:34:10,Google Ads,Store,Desktop,Chrome,iOS,/offers
72e8cd21-4747-456a-bffd-d6498ce448d1,2026_W23,S3272,U19321,2026-06-07 14:23:00,2026-06-07 15:02:00,Google Ads,Big,Tablet,Chrome,MacOS,/home
72e8cd21-4747-456a-bffd-d6498ce448d1,2026_W23,S3273,U15087,2026-06-02 18:11:10,2026-06-02 18:21:10,Instagram,Building,Desktop,Firefox,MacOS,/home
72e8cd21-4747-456a-bffd-d6498ce448d1,2026_W23,S3274,U15991,2026-06-02 02:20:31,2026-06-02 02:33:31,Google Ads,Early,Tablet,Edge,Windows,/offers
72e8cd21-4747-456a-bffd-d6498ce448d1,2026_W23,S3275,U34530,2026-06-05 16:11:50,2026-06-05 16:42:50,Instagram,Away,Tablet,Firefox,Android,/home
72e8cd21-4747-456a-bffd-d6498ce448d1,2026_W23,S3276,U34848,2026-06-03 10:47:34,2026-06-03 11:14:34,Email,Whole,Tablet,Safari,iOS,/offers
72e8cd21-4747-456a-bffd-d6498ce448d1,2026_W23,S3277,U12919,2026-06-06 21:22:14,2026-06-06 22:01:14,Organic,Say,Tablet,Firefox,Android,/products
72e8cd21-4747-456a-bffd-d6498ce448d1,2026_W23,S3278,U23499,2026-06-02 15:45:08,2026-06-02 15:47:08,Organic,Past,Mobile,Safari,Windows,/home
72e8cd21-4747-456a-bffd-d6498ce448d1,2026_W23,S3279,U6250,2026-06-07 13:50:42,2026-06-07 14:16:42,Organic,Minute,Mobile,Edge,iOS,/home
72e8cd21-4747-456a-bffd-d6498ce448d1,2026_W23,S3280,U29697,2026-06-02 03:29:13,2026-06-02 04:00:13,Email,True,Tablet,Chrome,Windows,/offers
72e8cd21-4747-456a-bffd-d6498ce448d1,2026_W23,S3281,U19571,2026-06-03 18:45:29,2026-06-03 19:25:29,Instagram,Smile,Mobile,Firefox,Windows,/offers
72e8cd21-4747-456a-bffd-d6498ce448d1,2026_W23,S3282,U23478,2026-06-07 17:01:22,2026-06-07 17:08:22,Instagram,Baby,Desktop,Firefox,Android,/home
72e8cd21-4747-456a-bffd-d6498ce448d1,2026_W23,S3283,U31864,2026-06-02 03:42:40,2026-06-02 04:10:40,Instagram,Could,Tablet,Safari,iOS,/offers
72e8cd21-4747-456a-bffd-d6498ce448d1,2026_W23,S3284,U27139,2026-06-05 11:32:50,2026-06-05 11:55:50,Facebook,Accept,Mobile,Chrome,MacOS,/offers
72e8cd21-4747-456a-bffd-d6498ce448d1,2026_W23,S3285,U16729,2026-06-01 22:09:53,2026-06-01 22:12:53,Google Ads,Suddenly,Mobile,Chrome,iOS,/home
72e8cd21-4747-456a-bffd-d6498ce448d1,2026_W23,S3286,U7784,2026-06-07 14:24:21,2026-06-07 14:33:21,Email,Wear,Tablet,Chrome,Android,/home
72e8cd21-4747-456a-bffd-d6498ce448d1,2026_W23,S3287,U20606,2026-06-03 07:26:35,2026-06-03 07:55:35,Email,Attorney,Mobile,Firefox,MacOS,/home
72e8cd21-4747-456a-bffd-d6498ce448d1,2026_W23,S3288,U13519,2026-06-03 12:32:01,2026-06-03 12:52:01,Direct,Return,Mobile,Chrome,Windows,/offers
72e8cd21-4747-456a-bffd-d6498ce448d1,2026_W23,S3289,U19733,2026-06-05 13:17:24,2026-06-05 13:20:24,Direct,Want,Desktop,Edge,iOS,/products
72e8cd21-4747-456a-bffd-d6498ce448d1,2026_W23,S3290,U34995,2026-06-02 16:54:58,2026-06-02 16:59:58,Google Ads,Writer,Mobile,Safari,iOS,/home
72e8cd21-4747-456a-bffd-d6498ce448d1,2026_W23,S3291,U8876,2026-06-04 04:19:17,2026-06-04 04:34:17,Direct,Major,Mobile,Chrome,Windows,/home
72e8cd21-4747-456a-bffd-d6498ce448d1,2026_W23,S3292,U25968,2026-06-06 15:10:49,2026-06-06 15:22:49,Organic,Toward,Mobile,Safari,MacOS,/home
72e8cd21-4747-456a-bffd-d6498ce448d1,2026_W23,S3293,U16458,2026-06-07 04:57:15,2026-06-07 05:33:15,Direct,Work,Tablet,Safari,iOS,/products
72e8cd21-4747-456a-bffd-d6498ce448d1,2026_W23,S3294,U14179,2026-06-03 15:21:28,2026-06-03 15:50:28,Instagram,Practice,Tablet,Chrome,Windows,/products
72e8cd21-4747-456a-bffd-d6498ce448d1,2026_W23,S3295,U31708,2026-06-07 01:02:40,2026-06-07 01:20:40,Google Ads,Me,Mobile,Safari,iOS,/offers
72e8cd21-4747-456a-bffd-d6498ce448d1,2026_W23,S3296,U10056,2026-06-05 07:57:33,2026-06-05 08:31:33,Direct,You,Desktop,Edge,Windows,/offers
72e8cd21-4747-456a-bffd-d6498ce448d1,2026_W23,S3297,U2752,2026-06-03 17:01:41,2026-06-03 17:21:41,Google Ads,News,Tablet,Safari,MacOS,/products
72e8cd21-4747-456a-bffd-d6498ce448d1,2026_W23,S3298,U6215,2026-06-07 19:39:10,2026-06-07 20:06:10,Email,Life,Tablet,Chrome,Android,/home
72e8cd21-4747-456a-bffd-d6498ce448d1,2026_W23,S3299,U32177,2026-06-02 21:01:19,2026-06-02 21:33:19,Organic,Bit,Tablet,Safari,Windows,/home
72e8cd21-4747-456a-bffd-d6498ce448d1,2026_W23,S3300,U11439,2026-06-03 22:05:23,2026-06-03 22:07:23,Organic,Exist,Mobile,Firefox,iOS,/home
72e8cd21-4747-456a-bffd-d6498ce448d1,2026_W23,S3301,U5490,2026-06-05 01:02:14,2026-06-05 01:16:14,Instagram,Career,Tablet,Edge,iOS,/offers
72e8cd21-4747-456a-bffd-d6498ce448d1,2026_W23,S3302,U2387,2026-06-07 19:15:21,2026-06-07 19:32:21,Facebook,Manager,Desktop,Edge,Android,/home
72e8cd21-4747-456a-bffd-d6498ce448d1,2026_W23,S3303,U15564,2026-06-05 23:13:06,2026-06-05 23:22:06,Organic,Low,Desktop,Edge,Android,/home
72e8cd21-4747-456a-bffd-d6498ce448d1,2026_W23,S3304,U29618,2026-06-07 03:19:32,2026-06-07 03:58:32,Email,House,Mobile,Firefox,Windows,/products
72e8cd21-4747-456a-bffd-d6498ce448d1,2026_W23,S3305,U20579,2026-06-05 09:18:45,2026-06-05 09:33:45,Instagram,Class,Mobile,Safari,Windows,/products
72e8cd21-4747-456a-bffd-d6498ce448d1,2026_W23,S3306,U27358,2026-06-05 04:07:08,2026-06-05 04:20:08,Google Ads,Risk,Tablet,Edge,MacOS,/offers
72e8cd21-4747-456a-bffd-d6498ce448d1,2026_W23,S3307,U6157,2026-06-03 23:35:18,2026-06-04 00:14:18,Organic,Role,Mobile,Edge,iOS,/products
72e8cd21-4747-456a-bffd-d6498ce448d1,2026_W23,S3308,U4710,2026-06-04 02:35:47,2026-06-04 03:10:47,Organic,Offer,Tablet,Chrome,Windows,/products
72e8cd21-4747-456a-bffd-d6498ce448d1,2026_W23,S3309,U16499,2026-06-03 00:19:39,2026-06-03 00:47:39,Email,Interest,Desktop,Firefox,iOS,/offers
72e8cd21-4747-456a-bffd-d6498ce448d1,2026_W23,S3310,U26700,2026-06-04 17:19:46,2026-06-04 17:53:46,Direct,Public,Mobile,Edge,MacOS,/home
72e8cd21-4747-456a-bffd-d6498ce448d1,2026_W23,S3311,U23682,2026-06-04 17:27:56,2026-06-04 17:33:56,Facebook,Risk,Desktop,Chrome,Windows,/offers
72e8cd21-4747-456a-bffd-d6498ce448d1,2026_W23,S3312,U10843,2026-06-03 13:10:09,2026-06-03 13:13:09,Direct,Brother,Tablet,Edge,iOS,/home
72e8cd21-4747-456a-bffd-d6498ce448d1,2026_W23,S3313,U26725,2026-06-04 11:18:10,2026-06-04 11:49:10,Direct,Close,Desktop,Firefox,iOS,/home
72e8cd21-4747-456a-bffd-d6498ce448d1,2026_W23,S3314,U13802,2026-06-01 22:01:12,2026-06-01 22:09:12,Email,Information,Desktop,Firefox,Android,/offers
72e8cd21-4747-456a-bffd-d6498ce448d1,2026_W23,S3315,U11919,2026-06-05 03:23:51,2026-06-05 03:42:51,Email,Guy,Tablet,Chrome,Android,/home
72e8cd21-4747-456a-bffd-d6498ce448d1,2026_W23,S3316,U23259,2026-06-07 01:30:22,2026-06-07 01:52:22,Organic,Minute,Tablet,Chrome,Windows,/home
72e8cd21-4747-456a-bffd-d6498ce448d1,2026_W23,S3317,U7198,2026-06-03 19:49:49,2026-06-03 20:17:49,Email,Down,Tablet,Chrome,iOS,/products
72e8cd21-4747-456a-bffd-d6498ce448d1,2026_W23,S3318,U340,2026-06-02 19:13:29,2026-06-02 19:26:29,Organic,President,Mobile,Edge,iOS,/home
72e8cd21-4747-456a-bffd-d6498ce448d1,2026_W23,S3319,U23637,2026-06-04 19:54:42,2026-06-04 20:28:42,Email,Task,Tablet,Chrome,iOS,/offers
72e8cd21-4747-456a-bffd-d6498ce448d1,2026_W23,S3320,U26786,2026-06-06 00:16:58,2026-06-06 00:37:58,Facebook,Floor,Desktop,Safari,MacOS,/home
72e8cd21-4747-456a-bffd-d6498ce448d1,2026_W23,S3321,U25660,2026-06-01 21:14:23,2026-06-01 21:36:23,Email,Would,Tablet,Safari,MacOS,/offers
72e8cd21-4747-456a-bffd-d6498ce448d1,2026_W23,S3322,U31142,2026-06-04 21:15:34,2026-06-04 21:19:34,Facebook,Already,Tablet,Firefox,iOS,/offers
72e8cd21-4747-456a-bffd-d6498ce448d1,2026_W23,S3323,U31380,2026-06-04 05:26:17,2026-06-04 05:46:17,Facebook,Truth,Mobile,Safari,Windows,/home
72e8cd21-4747-456a-bffd-d6498ce448d1,2026_W23,S3324,U22421,2026-06-06 19:23:21,2026-06-06 19:32:21,Google Ads,Spend,Desktop,Chrome,iOS,/offers
72e8cd21-4747-456a-bffd-d6498ce448d1,2026_W23,S3325,U21864,2026-06-02 17:19:40,2026-06-02 17:28:40,Direct,Music,Desktop,Safari,iOS,/offers
72e8cd21-4747-456a-bffd-d6498ce448d1,2026_W23,S3326,U18074,2026-06-02 13:03:05,2026-06-02 13:41:05,Email,Better,Desktop,Chrome,Windows,/home
72e8cd21-4747-456a-bffd-d6498ce448d1,2026_W23,S3327,U5041,2026-06-05 01:25:05,2026-06-05 01:46:05,Facebook,Those,Desktop,Firefox,iOS,/offers
72e8cd21-4747-456a-bffd-d6498ce448d1,2026_W23,S3328,U11825,2026-06-07 19:06:37,2026-06-07 19:26:37,Direct,Carry,Mobile,Firefox,Android,/home
72e8cd21-4747-456a-bffd-d6498ce448d1,2026_W23,S3329,U18127,2026-06-06 23:56:46,2026-06-07 00:36:46,Email,Professional,Mobile,Edge,Windows,/products
72e8cd21-4747-456a-bffd-d6498ce448d1,2026_W23,S3330,U7059,2026-06-03 21:11:18,2026-06-03 21:41:18,Organic,Any,Tablet,Safari,Windows,/offers
72e8cd21-4747-456a-bffd-d6498ce448d1,2026_W23,S3331,U21084,2026-06-05 11:06:12,2026-06-05 11:23:12,Organic,Describe,Desktop,Firefox,MacOS,/products
72e8cd21-4747-456a-bffd-d6498ce448d1,2026_W23,S3332,U23071,2026-06-03 20:34:57,2026-06-03 21:04:57,Google Ads,Number,Mobile,Chrome,MacOS,/home
72e8cd21-4747-456a-bffd-d6498ce448d1,2026_W23,S3333,U30743,2026-06-07 03:14:16,2026-06-07 03:25:16,Facebook,Democrat,Tablet,Edge,Windows,/products
72e8cd21-4747-456a-bffd-d6498ce448d1,2026_W23,S3334,U22189,2026-06-06 01:55:45,2026-06-06 01:59:45,Facebook,Painting,Mobile,Chrome,Android,/offers
72e8cd21-4747-456a-bffd-d6498ce448d1,2026_W23,S3335,U20413,2026-06-06 10:28:30,2026-06-06 11:03:30,Google Ads,Ahead,Tablet,Edge,MacOS,/offers
72e8cd21-4747-456a-bffd-d6498ce448d1,2026_W23,S3336,U26292,2026-06-07 14:01:10,2026-06-07 14:27:10,Organic,Collection,Desktop,Chrome,Windows,/home
72e8cd21-4747-456a-bffd-d6498ce448d1,2026_W23,S3337,U13070,2026-06-02 20:38:52,2026-06-02 21:16:52,Instagram,Rather,Desktop,Safari,Windows,/offers
72e8cd21-4747-456a-bffd-d6498ce448d1,2026_W23,S3338,U15321,2026-06-03 18:55:51,2026-06-03 19:35:51,Google Ads,Indicate,Desktop,Edge,MacOS,/home
72e8cd21-4747-456a-bffd-d6498ce448d1,2026_W23,S3339,U12825,2026-06-03 23:01:45,2026-06-03 23:41:45,Instagram,Ago,Mobile,Safari,MacOS,/home
72e8cd21-4747-456a-bffd-d6498ce448d1,2026_W23,S3340,U21333,2026-06-03 14:39:57,2026-06-03 14:53:57,Instagram,During,Tablet,Chrome,MacOS,/offers
72e8cd21-4747-456a-bffd-d6498ce448d1,2026_W23,S3341,U26700,2026-06-05 07:48:20,2026-06-05 08:04:20,Direct,Information,Mobile,Safari,Android,/products
72e8cd21-4747-456a-bffd-d6498ce448d1,2026_W23,S3342,U21560,2026-06-06 11:13:52,2026-06-06 11:31:52,Email,Long,Tablet,Edge,Windows,/products
72e8cd21-4747-456a-bffd-d6498ce448d1,2026_W23,S3343,U9921,2026-06-02 18:04:05,2026-06-02 18:18:05,Direct,Book,Desktop,Safari,MacOS,/offers
72e8cd21-4747-456a-bffd-d6498ce448d1,2026_W23,S3344,U23986,2026-06-03 11:13:53,2026-06-03 11:46:53,Direct,Him,Mobile,Firefox,Windows,/home
72e8cd21-4747-456a-bffd-d6498ce448d1,2026_W23,S3345,U28466,2026-06-07 19:04:08,2026-06-07 19:13:08,Instagram,This,Mobile,Firefox,Android,/products
72e8cd21-4747-456a-bffd-d6498ce448d1,2026_W23,S3346,U30771,2026-06-06 12:47:29,2026-06-06 12:49:29,Email,Race,Desktop,Firefox,Android,/offers
72e8cd21-4747-456a-bffd-d6498ce448d1,2026_W23,S3347,U28605,2026-06-06 04:41:15,2026-06-06 05:17:15,Direct,Skin,Tablet,Firefox,MacOS,/home
72e8cd21-4747-456a-bffd-d6498ce448d1,2026_W23,S3348,U31419,2026-06-05 21:41:59,2026-06-05 22:05:59,Organic,We,Tablet,Firefox,Windows,/products
72e8cd21-4747-456a-bffd-d6498ce448d1,2026_W23,S3349,U33738,2026-06-06 23:11:40,2026-06-06 23:50:40,Google Ads,Fund,Desktop,Edge,MacOS,/offers
72e8cd21-4747-456a-bffd-d6498ce448d1,2026_W23,S3350,U3837,2026-06-02 02:07:43,2026-06-02 02:11:43,Organic,Onto,Mobile,Edge,Windows,/products
72e8cd21-4747-456a-bffd-d6498ce448d1,2026_W23,S3351,U15754,2026-06-04 03:27:19,2026-06-04 03:56:19,Facebook,Evidence,Tablet,Chrome,iOS,/offers
72e8cd21-4747-456a-bffd-d6498ce448d1,2026_W23,S3352,U33703,2026-06-03 05:04:14,2026-06-03 05:36:14,Instagram,Film,Tablet,Firefox,Android,/offers
72e8cd21-4747-456a-bffd-d6498ce448d1,2026_W23,S3353,U13216,2026-06-06 00:11:35,2026-06-06 00:29:35,Organic,Region,Mobile,Chrome,Android,/products
72e8cd21-4747-456a-bffd-d6498ce448d1,2026_W23,S3354,U6563,2026-06-06 10:59:38,2026-06-06 11:09:38,Facebook,Audience,Mobile,Chrome,MacOS,/products
72e8cd21-4747-456a-bffd-d6498ce448d1,2026_W23,S3355,U24009,2026-06-02 18:14:23,2026-06-02 18:52:23,Facebook,Return,Mobile,Chrome,Windows,/home
72e8cd21-4747-456a-bffd-d6498ce448d1,2026_W23,S3356,U7987,2026-06-03 21:29:26,2026-06-03 21:31:26,Facebook,Management,Mobile,Firefox,Windows,/products
72e8cd21-4747-456a-bffd-d6498ce448d1,2026_W23,S3357,U22298,2026-06-04 07:46:58,2026-06-04 08:10:58,Google Ads,Stop,Desktop,Chrome,iOS,/products
72e8cd21-4747-456a-bffd-d6498ce448d1,2026_W23,S3358,U17915,2026-06-05 16:49:09,2026-06-05 17:22:09,Google Ads,Past,Mobile,Chrome,Windows,/home
72e8cd21-4747-456a-bffd-d6498ce448d1,2026_W23,S3359,U29402,2026-06-04 20:51:59,2026-06-04 21:16:59,Google Ads,Include,Mobile,Safari,Android,/home
72e8cd21-4747-456a-bffd-d6498ce448d1,2026_W23,S3360,U3881,2026-06-07 17:05:27,2026-06-07 17:27:27,Facebook,Specific,Desktop,Edge,Windows,/offers
72e8cd21-4747-456a-bffd-d6498ce448d1,2026_W23,S3361,U27204,2026-06-06 17:09:43,2026-06-06 17:14:43,Google Ads,Computer,Tablet,Safari,Android,/home
72e8cd21-4747-456a-bffd-d6498ce448d1,2026_W23,S3362,U29795,2026-06-06 03:02:44,2026-06-06 03:36:44,Google Ads,Tough,Tablet,Safari,Windows,/home
72e8cd21-4747-456a-bffd-d6498ce448d1,2026_W23,S3363,U21151,2026-06-04 14:19:12,2026-06-04 14:23:12,Google Ads,Pm,Tablet,Safari,iOS,/offers
72e8cd21-4747-456a-bffd-d6498ce448d1,2026_W23,S3364,U19937,2026-06-03 11:34:22,2026-06-03 11:58:22,Instagram,Feel,Mobile,Edge,iOS,/products
72e8cd21-4747-456a-bffd-d6498ce448d1,2026_W23,S3365,U17725,2026-06-06 10:16:40,2026-06-06 10:21:40,Email,Book,Mobile,Firefox,Windows,/home
72e8cd21-4747-456a-bffd-d6498ce448d1,2026_W23,S3366,U3349,2026-06-04 20:25:19,2026-06-04 21:01:19,Direct,Personal,Mobile,Firefox,Android,/products
72e8cd21-4747-456a-bffd-d6498ce448d1,2026_W23,S3367,U22341,2026-06-02 16:52:21,2026-06-02 17:17:21,Email,Toward,Desktop,Edge,MacOS,/offers
72e8cd21-4747-456a-bffd-d6498ce448d1,2026_W23,S3368,U27744,2026-06-06 16:27:17,2026-06-06 16:29:17,Google Ads,By,Desktop,Safari,MacOS,/offers
72e8cd21-4747-456a-bffd-d6498ce448d1,2026_W23,S3369,U18338,2026-06-03 22:11:55,2026-06-03 22:34:55,Google Ads,Increase,Tablet,Chrome,iOS,/offers
72e8cd21-4747-456a-bffd-d6498ce448d1,2026_W23,S3370,U19535,2026-06-07 18:24:50,2026-06-07 18:52:50,Direct,Continue,Desktop,Chrome,MacOS,/offers
72e8cd21-4747-456a-bffd-d6498ce448d1,2026_W23,S3371,U19806,2026-06-05 20:00:56,2026-06-05 20:19:56,Google Ads,Road,Desktop,Safari,iOS,/products
72e8cd21-4747-456a-bffd-d6498ce448d1,2026_W23,S3372,U10568,2026-06-06 12:26:13,2026-06-06 12:42:13,Facebook,A,Desktop,Chrome,MacOS,/home
72e8cd21-4747-456a-bffd-d6498ce448d1,2026_W23,S3373,U6237,2026-06-05 18:40:48,2026-06-05 18:52:48,Google Ads,Too,Tablet,Edge,MacOS,/products
72e8cd21-4747-456a-bffd-d6498ce448d1,2026_W23,S3374,U8305,2026-06-02 06:54:58,2026-06-02 07:30:58,Instagram,Suffer,Desktop,Chrome,iOS,/products
72e8cd21-4747-456a-bffd-d6498ce448d1,2026_W23,S3375,U27557,2026-06-04 00:09:54,2026-06-04 00:15:54,Instagram,Sign,Desktop,Chrome,iOS,/offers
72e8cd21-4747-456a-bffd-d6498ce448d1,2026_W23,S3376,U542,2026-06-03 23:16:10,2026-06-03 23:41:10,Email,Officer,Mobile,Edge,iOS,/products
72e8cd21-4747-456a-bffd-d6498ce448d1,2026_W23,S3377,U33557,2026-06-02 02:02:26,2026-06-02 02:32:26,Facebook,Nor,Mobile,Firefox,Android,/offers
72e8cd21-4747-456a-bffd-d6498ce448d1,2026_W23,S3378,U2085,2026-06-05 16:51:42,2026-06-05 17:30:42,Direct,Several,Desktop,Safari,Android,/offers
72e8cd21-4747-456a-bffd-d6498ce448d1,2026_W23,S3379,U10266,2026-06-06 02:29:49,2026-06-06 03:00:49,Facebook,Place,Mobile,Firefox,Android,/home
72e8cd21-4747-456a-bffd-d6498ce448d1,2026_W23,S3380,U25716,2026-06-06 15:13:23,2026-06-06 15:25:23,Google Ads,Probably,Tablet,Chrome,Windows,/offers
72e8cd21-4747-456a-bffd-d6498ce448d1,2026_W23,S3381,U27528,2026-06-07 11:15:02,2026-06-07 11:19:02,Instagram,Usually,Tablet,Firefox,Windows,/home
72e8cd21-4747-456a-bffd-d6498ce448d1,2026_W23,S3382,U27388,2026-06-05 07:27:56,2026-06-05 07:34:56,Instagram,Risk,Tablet,Safari,Android,/products
72e8cd21-4747-456a-bffd-d6498ce448d1,2026_W23,S3383,U33186,2026-06-06 01:10:43,2026-06-06 01:45:43,Facebook,Recent,Desktop,Chrome,Android,/products
72e8cd21-4747-456a-bffd-d6498ce448d1,2026_W23,S3384,U7478,2026-06-02 15:19:09,2026-06-02 15:24:09,Direct,Official,Desktop,Safari,MacOS,/products
72e8cd21-4747-456a-bffd-d6498ce448d1,2026_W23,S3385,U17672,2026-06-07 18:12:29,2026-06-07 18:20:29,Google Ads,College,Desktop,Edge,Windows,/home
72e8cd21-4747-456a-bffd-d6498ce448d1,2026_W23,S3386,U32310,2026-06-04 17:13:05,2026-06-04 17:35:05,Instagram,Class,Mobile,Firefox,MacOS,/offers
72e8cd21-4747-456a-bffd-d6498ce448d1,2026_W23,S3387,U17801,2026-06-03 06:20:54,2026-06-03 06:40:54,Direct,Community,Mobile,Firefox,MacOS,/offers
72e8cd21-4747-456a-bffd-d6498ce448d1,2026_W23,S3388,U16143,2026-06-03 14:05:20,2026-06-03 14:41:20,Facebook,For,Desktop,Safari,iOS,/home
72e8cd21-4747-456a-bffd-d6498ce448d1,2026_W23,S3389,U3177,2026-06-04 06:10:23,2026-06-04 06:48:23,Google Ads,Simple,Tablet,Chrome,iOS,/products
72e8cd21-4747-456a-bffd-d6498ce448d1,2026_W23,S3390,U24247,2026-06-02 18:43:46,2026-06-02 19:03:46,Organic,Leave,Tablet,Safari,iOS,/home
72e8cd21-4747-456a-bffd-d6498ce448d1,2026_W23,S3391,U34281,2026-06-05 13:16:33,2026-06-05 13:18:33,Email,Entire,Desktop,Chrome,iOS,/products
72e8cd21-4747-456a-bffd-d6498ce448d1,2026_W23,S3392,U27613,2026-06-04 01:37:50,2026-06-04 01:38:50,Direct,Whom,Tablet,Safari,iOS,/offers
72e8cd21-4747-456a-bffd-d6498ce448d1,2026_W23,S3393,U32269,2026-06-07 16:36:20,2026-06-07 16:56:20,Instagram,Score,Tablet,Edge,MacOS,/home
72e8cd21-4747-456a-bffd-d6498ce448d1,2026_W23,S3394,U23780,2026-06-05 17:54:23,2026-06-05 18:22:23,Google Ads,Customer,Tablet,Edge,MacOS,/products
72e8cd21-4747-456a-bffd-d6498ce448d1,2026_W23,S3395,U2776,2026-06-04 10:39:08,2026-06-04 10:56:08,Organic,Try,Tablet,Firefox,iOS,/products
72e8cd21-4747-456a-bffd-d6498ce448d1,2026_W23,S3396,U26768,2026-06-05 08:05:02,2026-06-05 08:21:02,Instagram,Bed,Mobile,Firefox,MacOS,/home
72e8cd21-4747-456a-bffd-d6498ce448d1,2026_W23,S3397,U17666,2026-06-02 04:19:24,2026-06-02 04:41:24,Facebook,Deep,Mobile,Firefox,Android,/home
72e8cd21-4747-456a-bffd-d6498ce448d1,2026_W23,S3398,U18637,2026-06-01 21:24:56,2026-06-01 21:54:56,Direct,Base,Mobile,Edge,iOS,/products
72e8cd21-4747-456a-bffd-d6498ce448d1,2026_W23,S3399,U12747,2026-06-06 19:51:38,2026-06-06 20:16:38,Direct,Human,Tablet,Edge,iOS,/home
72e8cd21-4747-456a-bffd-d6498ce448d1,2026_W23,S3400,U13022,2026-06-05 01:06:24,2026-06-05 01:40:24,Email,Relationship,Tablet,Firefox,iOS,/home
72e8cd21-4747-456a-bffd-d6498ce448d1,2026_W23,S3401,U4708,2026-06-02 20:45:44,2026-06-02 21:13:44,Organic,Join,Desktop,Firefox,Windows,/home
72e8cd21-4747-456a-bffd-d6498ce448d1,2026_W23,S3402,U31714,2026-06-07 00:30:20,2026-06-07 00:46:20,Google Ads,Final,Tablet,Edge,Android,/products
72e8cd21-4747-456a-bffd-d6498ce448d1,2026_W23,S3403,U5738,2026-06-05 18:15:24,2026-06-05 18:29:24,Email,Father,Tablet,Chrome,Windows,/offers
72e8cd21-4747-456a-bffd-d6498ce448d1,2026_W23,S3404,U20257,2026-06-06 10:51:56,2026-06-06 11:04:56,Organic,Painting,Desktop,Edge,Android,/offers
72e8cd21-4747-456a-bffd-d6498ce448d1,2026_W23,S3405,U1763,2026-06-04 17:55:20,2026-06-04 18:10:20,Direct,Send,Tablet,Chrome,iOS,/products
72e8cd21-4747-456a-bffd-d6498ce448d1,2026_W23,S3406,U2285,2026-06-01 21:47:37,2026-06-01 22:12:37,Email,Policy,Tablet,Firefox,iOS,/products
72e8cd21-4747-456a-bffd-d6498ce448d1,2026_W23,S3407,U21830,2026-06-05 15:41:02,2026-06-05 15:53:02,Organic,Sometimes,Mobile,Edge,iOS,/products
72e8cd21-4747-456a-bffd-d6498ce448d1,2026_W23,S3408,U30291,2026-06-02 13:49:16,2026-06-02 14:12:16,Organic,Career,Mobile,Safari,MacOS,/home
72e8cd21-4747-456a-bffd-d6498ce448d1,2026_W23,S3409,U2819,2026-06-07 03:03:08,2026-06-07 03:27:08,Instagram,These,Desktop,Safari,Android,/offers
72e8cd21-4747-456a-bffd-d6498ce448d1,2026_W23,S3410,U3418,2026-06-03 17:32:31,2026-06-03 17:43:31,Facebook,Sport,Desktop,Chrome,iOS,/products
72e8cd21-4747-456a-bffd-d6498ce448d1,2026_W23,S3411,U2907,2026-06-07 13:05:49,2026-06-07 13:36:49,Facebook,Mean,Tablet,Firefox,iOS,/home
72e8cd21-4747-456a-bffd-d6498ce448d1,2026_W23,S3412,U10345,2026-06-04 23:06:03,2026-06-04 23:30:03,Organic,Community,Tablet,Safari,Windows,/home
72e8cd21-4747-456a-bffd-d6498ce448d1,2026_W23,S3413,U2622,2026-06-05 20:48:52,2026-06-05 20:51:52,Direct,Color,Desktop,Chrome,Android,/home
72e8cd21-4747-456a-bffd-d6498ce448d1,2026_W23,S3414,U13019,2026-06-07 08:25:44,2026-06-07 08:54:44,Direct,Receive,Desktop,Safari,Android,/products
72e8cd21-4747-456a-bffd-d6498ce448d1,2026_W23,S3415,U1579,2026-06-02 12:35:43,2026-06-02 12:37:43,Organic,Really,Mobile,Edge,Windows,/products
72e8cd21-4747-456a-bffd-d6498ce448d1,2026_W23,S3416,U22863,2026-06-03 00:16:41,2026-06-03 00:52:41,Direct,Arrive,Tablet,Chrome,Android,/home
72e8cd21-4747-456a-bffd-d6498ce448d1,2026_W23,S3417,U5121,2026-06-03 14:47:12,2026-06-03 15:02:12,Email,Item,Desktop,Chrome,MacOS,/offers
72e8cd21-4747-456a-bffd-d6498ce448d1,2026_W23,S3418,U13653,2026-06-05 02:34:20,2026-06-05 02:39:20,Direct,Great,Mobile,Firefox,iOS,/home
72e8cd21-4747-456a-bffd-d6498ce448d1,2026_W23,S3419,U23918,2026-06-04 10:30:21,2026-06-04 10:57:21,Direct,Wish,Desktop,Edge,Android,/offers
72e8cd21-4747-456a-bffd-d6498ce448d1,2026_W23,S3420,U8323,2026-06-03 15:30:33,2026-06-03 15:35:33,Direct,Thousand,Tablet,Safari,iOS,/home
72e8cd21-4747-456a-bffd-d6498ce448d1,2026_W23,S3421,U13161,2026-06-03 09:11:00,2026-06-03 09:28:00,Direct,Business,Mobile,Chrome,MacOS,/products
72e8cd21-4747-456a-bffd-d6498ce448d1,2026_W23,S3422,U31935,2026-06-05 18:37:30,2026-06-05 18:52:30,Instagram,Avoid,Desktop,Firefox,iOS,/home
72e8cd21-4747-456a-bffd-d6498ce448d1,2026_W23,S3423,U17211,2026-06-03 08:40:21,2026-06-03 08:49:21,Organic,Production,Tablet,Firefox,iOS,/products
72e8cd21-4747-456a-bffd-d6498ce448d1,2026_W23,S3424,U17348,2026-06-05 14:55:33,2026-06-05 15:35:33,Facebook,Assume,Mobile,Edge,MacOS,/offers
72e8cd21-4747-456a-bffd-d6498ce448d1,2026_W23,S3425,U34527,2026-06-04 18:59:55,2026-06-04 19:00:55,Facebook,Baby,Tablet,Safari,MacOS,/offers
72e8cd21-4747-456a-bffd-d6498ce448d1,2026_W23,S3426,U22766,2026-06-04 23:03:41,2026-06-04 23:16:41,Facebook,Then,Mobile,Chrome,MacOS,/home
72e8cd21-4747-456a-bffd-d6498ce448d1,2026_W23,S3427,U34202,2026-06-04 18:52:19,2026-06-04 19:18:19,Email,Condition,Desktop,Safari,iOS,/home
72e8cd21-4747-456a-bffd-d6498ce448d1,2026_W23,S3428,U33178,2026-06-02 06:28:34,2026-06-02 06:39:34,Email,Drop,Desktop,Safari,Android,/offers
72e8cd21-4747-456a-bffd-d6498ce448d1,2026_W23,S3429,U5057,2026-06-06 07:19:05,2026-06-06 07:55:05,Google Ads,Tend,Desktop,Safari,Windows,/offers
72e8cd21-4747-456a-bffd-d6498ce448d1,2026_W23,S3430,U7924,2026-06-04 01:41:22,2026-06-04 01:52:22,Google Ads,Hear,Mobile,Safari,Windows,/offers
72e8cd21-4747-456a-bffd-d6498ce448d1,2026_W23,S3431,U14140,2026-06-06 07:27:36,2026-06-06 07:53:36,Instagram,Couple,Mobile,Firefox,iOS,/products
72e8cd21-4747-456a-bffd-d6498ce448d1,2026_W23,S3432,U7867,2026-06-01 23:47:05,2026-06-02 00:20:05,Direct,Agree,Mobile,Firefox,Android,/home
72e8cd21-4747-456a-bffd-d6498ce448d1,2026_W23,S3433,U29370,2026-06-07 07:23:17,2026-06-07 07:24:17,Instagram,Material,Mobile,Chrome,Windows,/products
72e8cd21-4747-456a-bffd-d6498ce448d1,2026_W23,S3434,U12900,2026-06-07 12:11:38,2026-06-07 12:18:38,Facebook,Feel,Desktop,Edge,MacOS,/offers
72e8cd21-4747-456a-bffd-d6498ce448d1,2026_W23,S3435,U1119,2026-06-02 12:57:39,2026-06-02 13:20:39,Instagram,Far,Mobile,Chrome,MacOS,/home
72e8cd21-4747-456a-bffd-d6498ce448d1,2026_W23,S3436,U1326,2026-06-03 12:29:13,2026-06-03 13:04:13,Direct,Also,Tablet,Chrome,Windows,/offers
72e8cd21-4747-456a-bffd-d6498ce448d1,2026_W23,S3437,U2260,2026-06-03 10:59:24,2026-06-03 11:33:24,Organic,Almost,Mobile,Safari,Android,/offers
72e8cd21-4747-456a-bffd-d6498ce448d1,2026_W23,S3438,U10248,2026-06-05 10:34:33,2026-06-05 10:45:33,Direct,Young,Mobile,Safari,Windows,/offers
72e8cd21-4747-456a-bffd-d6498ce448d1,2026_W23,S3439,U6081,2026-06-04 06:37:31,2026-06-04 07:09:31,Facebook,Positive,Desktop,Edge,iOS,/home
72e8cd21-4747-456a-bffd-d6498ce448d1,2026_W23,S3440,U30886,2026-06-07 13:03:04,2026-06-07 13:40:04,Direct,Natural,Mobile,Chrome,iOS,/home
72e8cd21-4747-456a-bffd-d6498ce448d1,2026_W23,S3441,U32865,2026-06-06 02:38:04,2026-06-06 02:59:04,Organic,Herself,Tablet,Edge,iOS,/products
72e8cd21-4747-456a-bffd-d6498ce448d1,2026_W23,S3442,U19979,2026-06-06 20:57:57,2026-06-06 21:09:57,Direct,Exist,Tablet,Chrome,Android,/products
72e8cd21-4747-456a-bffd-d6498ce448d1,2026_W23,S3443,U20837,2026-06-07 17:23:59,2026-06-07 17:55:59,Email,Benefit,Tablet,Safari,MacOS,/home
72e8cd21-4747-456a-bffd-d6498ce448d1,2026_W23,S3444,U22401,2026-06-02 01:04:40,2026-06-02 01:09:40,Direct,Artist,Mobile,Safari,Windows,/offers
72e8cd21-4747-456a-bffd-d6498ce448d1,2026_W23,S3445,U33014,2026-06-02 09:39:13,2026-06-02 10:18:13,Direct,Short,Desktop,Chrome,MacOS,/offers
72e8cd21-4747-456a-bffd-d6498ce448d1,2026_W23,S3446,U13450,2026-06-01 22:07:15,2026-06-01 22:24:15,Direct,She,Desktop,Edge,MacOS,/products
72e8cd21-4747-456a-bffd-d6498ce448d1,2026_W23,S3447,U30485,2026-06-07 09:04:19,2026-06-07 09:42:19,Instagram,Away,Desktop,Firefox,Android,/products
72e8cd21-4747-456a-bffd-d6498ce448d1,2026_W23,S3448,U284,2026-06-04 19:39:29,2026-06-04 20:04:29,Organic,Look,Tablet,Safari,Android,/products
72e8cd21-4747-456a-bffd-d6498ce448d1,2026_W23,S3449,U26072,2026-06-04 07:06:53,2026-06-04 07:22:53,Google Ads,Give,Desktop,Edge,MacOS,/products
72e8cd21-4747-456a-bffd-d6498ce448d1,2026_W23,S3450,U26706,2026-06-03 21:51:57,2026-06-03 22:25:57,Instagram,War,Tablet,Edge,MacOS,/home
72e8cd21-4747-456a-bffd-d6498ce448d1,2026_W23,S3451,U26665,2026-06-05 20:34:42,2026-06-05 20:37:42,Facebook,Before,Desktop,Firefox,iOS,/offers
72e8cd21-4747-456a-bffd-d6498ce448d1,2026_W23,S3452,U12179,2026-06-06 00:07:58,2026-06-06 00:18:58,Google Ads,Decision,Mobile,Chrome,Windows,/products
72e8cd21-4747-456a-bffd-d6498ce448d1,2026_W23,S3453,U8283,2026-06-04 11:29:12,2026-06-04 12:03:12,Organic,Development,Tablet,Edge,MacOS,/home
72e8cd21-4747-456a-bffd-d6498ce448d1,2026_W23,S3454,U21184,2026-06-04 22:48:50,2026-06-04 22:53:50,Instagram,Support,Desktop,Safari,Windows,/home
72e8cd21-4747-456a-bffd-d6498ce448d1,2026_W23,S3455,U15494,2026-06-05 09:47:28,2026-06-05 10:17:28,Organic,Admit,Mobile,Chrome,Windows,/products
72e8cd21-4747-456a-bffd-d6498ce448d1,2026_W23,S3456,U26893,2026-06-06 05:27:29,2026-06-06 05:30:29,Direct,Style,Desktop,Edge,Android,/products
72e8cd21-4747-456a-bffd-d6498ce448d1,2026_W23,S3457,U9473,2026-06-07 05:27:25,2026-06-07 05:35:25,Organic,Record,Mobile,Firefox,MacOS,/offers
72e8cd21-4747-456a-bffd-d6498ce448d1,2026_W23,S3458,U11681,2026-06-03 01:09:50,2026-06-03 01:25:50,Google Ads,Feel,Desktop,Chrome,MacOS,/home
72e8cd21-4747-456a-bffd-d6498ce448d1,2026_W23,S3459,U32772,2026-06-02 19:07:42,2026-06-02 19:43:42,Email,Data,Mobile,Chrome,Android,/products
72e8cd21-4747-456a-bffd-d6498ce448d1,2026_W23,S3460,U750,2026-06-04 07:13:20,2026-06-04 07:44:20,Instagram,Cold,Desktop,Firefox,iOS,/home
72e8cd21-4747-456a-bffd-d6498ce448d1,2026_W23,S3461,U24313,2026-06-07 13:43:20,2026-06-07 14:19:20,Facebook,Final,Mobile,Chrome,iOS,/home
72e8cd21-4747-456a-bffd-d6498ce448d1,2026_W23,S3462,U812,2026-06-03 08:25:11,2026-06-03 08:32:11,Instagram,Heavy,Mobile,Edge,Windows,/products
72e8cd21-4747-456a-bffd-d6498ce448d1,2026_W23,S3463,U3194,2026-06-04 18:30:59,2026-06-04 18:59:59,Facebook,Court,Tablet,Safari,Windows,/products
72e8cd21-4747-456a-bffd-d6498ce448d1,2026_W23,S3464,U22824,2026-06-02 01:06:57,2026-06-02 01:31:57,Google Ads,Policy,Desktop,Chrome,iOS,/offers
72e8cd21-4747-456a-bffd-d6498ce448d1,2026_W23,S3465,U18880,2026-06-03 06:14:49,2026-06-03 06:40:49,Direct,Just,Desktop,Chrome,Android,/home
72e8cd21-4747-456a-bffd-d6498ce448d1,2026_W23,S3466,U32715,2026-06-03 13:56:54,2026-06-03 14:08:54,Email,Interesting,Mobile,Safari,iOS,/products
72e8cd21-4747-456a-bffd-d6498ce448d1,2026_W23,S3467,U26791,2026-06-05 22:01:55,2026-06-05 22:02:55,Facebook,Can,Tablet,Firefox,Android,/home
72e8cd21-4747-456a-bffd-d6498ce448d1,2026_W23,S3468,U28768,2026-06-06 14:19:38,2026-06-06 14:44:38,Direct,Trip,Mobile,Firefox,iOS,/home
72e8cd21-4747-456a-bffd-d6498ce448d1,2026_W23,S3469,U1397,2026-06-02 00:39:47,2026-06-02 01:15:47,Instagram,Information,Mobile,Chrome,Windows,/home
72e8cd21-4747-456a-bffd-d6498ce448d1,2026_W23,S3470,U14670,2026-06-03 09:51:56,2026-06-03 10:04:56,Direct,Evening,Mobile,Edge,Windows,/products
72e8cd21-4747-456a-bffd-d6498ce448d1,2026_W23,S3471,U4665,2026-06-07 17:35:52,2026-06-07 17:45:52,Facebook,Seat,Mobile,Chrome,Windows,/products
72e8cd21-4747-456a-bffd-d6498ce448d1,2026_W23,S3472,U32673,2026-06-06 08:08:18,2026-06-06 08:10:18,Email,Up,Mobile,Chrome,MacOS,/products
72e8cd21-4747-456a-bffd-d6498ce448d1,2026_W23,S3473,U26952,2026-06-04 10:08:03,2026-06-04 10:14:03,Facebook,Glass,Mobile,Firefox,Android,/products
72e8cd21-4747-456a-bffd-d6498ce448d1,2026_W23,S3474,U25654,2026-06-05 12:57:09,2026-06-05 13:20:09,Facebook,Face,Desktop,Safari,MacOS,/offers
72e8cd21-4747-456a-bffd-d6498ce448d1,2026_W23,S3475,U15261,2026-06-06 02:14:38,2026-06-06 02:20:38,Google Ads,Ground,Tablet,Firefox,MacOS,/home
72e8cd21-4747-456a-bffd-d6498ce448d1,2026_W23,S3476,U27221,2026-06-05 02:01:15,2026-06-05 02:31:15,Email,Choice,Tablet,Edge,MacOS,/products
72e8cd21-4747-456a-bffd-d6498ce448d1,2026_W23,S3477,U25205,2026-06-06 23:06:34,2026-06-06 23:22:34,Instagram,Popular,Mobile,Chrome,Android,/home
72e8cd21-4747-456a-bffd-d6498ce448d1,2026_W23,S3478,U12469,2026-06-04 02:38:04,2026-06-04 03:05:04,Email,Claim,Mobile,Edge,Android,/products
72e8cd21-4747-456a-bffd-d6498ce448d1,2026_W23,S3479,U33752,2026-06-04 05:20:05,2026-06-04 05:27:05,Instagram,Sing,Mobile,Safari,Windows,/products
72e8cd21-4747-456a-bffd-d6498ce448d1,2026_W23,S3480,U15728,2026-06-06 02:29:33,2026-06-06 02:52:33,Direct,Put,Tablet,Edge,iOS,/products
72e8cd21-4747-456a-bffd-d6498ce448d1,2026_W23,S3481,U12438,2026-06-05 21:41:37,2026-06-05 21:52:37,Facebook,Discussion,Tablet,Edge,MacOS,/products
72e8cd21-4747-456a-bffd-d6498ce448d1,2026_W23,S3482,U29264,2026-06-05 20:16:15,2026-06-05 20:56:15,Instagram,Computer,Mobile,Edge,MacOS,/products
72e8cd21-4747-456a-bffd-d6498ce448d1,2026_W23,S3483,U19109,2026-06-02 16:16:54,2026-06-02 16:45:54,Instagram,Since,Desktop,Firefox,MacOS,/offers
72e8cd21-4747-456a-bffd-d6498ce448d1,2026_W23,S3484,U691,2026-06-07 15:11:46,2026-06-07 15:36:46,Organic,Large,Tablet,Chrome,iOS,/home
72e8cd21-4747-456a-bffd-d6498ce448d1,2026_W23,S3485,U6112,2026-06-02 20:31:07,2026-06-02 20:44:07,Instagram,Decide,Tablet,Edge,Windows,/offers
72e8cd21-4747-456a-bffd-d6498ce448d1,2026_W23,S3486,U28118,2026-06-01 22:50:21,2026-06-01 23:19:21,Organic,Class,Mobile,Edge,MacOS,/home
72e8cd21-4747-456a-bffd-d6498ce448d1,2026_W23,S3487,U23861,2026-06-03 03:39:05,2026-06-03 04:11:05,Organic,Need,Desktop,Chrome,Android,/home
72e8cd21-4747-456a-bffd-d6498ce448d1,2026_W23,S3488,U2294,2026-06-03 18:26:02,2026-06-03 18:53:02,Facebook,Structure,Mobile,Chrome,MacOS,/products
72e8cd21-4747-456a-bffd-d6498ce448d1,2026_W23,S3489,U2094,2026-06-02 15:26:52,2026-06-02 15:46:52,Google Ads,Yard,Desktop,Safari,Windows,/products
72e8cd21-4747-456a-bffd-d6498ce448d1,2026_W23,S3490,U26628,2026-06-04 04:56:26,2026-06-04 05:32:26,Direct,Could,Tablet,Firefox,MacOS,/home
72e8cd21-4747-456a-bffd-d6498ce448d1,2026_W23,S3491,U12809,2026-06-06 22:45:05,2026-06-06 23:08:05,Google Ads,Dog,Desktop,Edge,iOS,/products
72e8cd21-4747-456a-bffd-d6498ce448d1,2026_W23,S3492,U28288,2026-06-02 10:25:20,2026-06-02 10:37:20,Google Ads,Tonight,Tablet,Firefox,MacOS,/products
72e8cd21-4747-456a-bffd-d6498ce448d1,2026_W23,S3493,U15924,2026-06-02 07:56:47,2026-06-02 08:27:47,Google Ads,Student,Desktop,Safari,MacOS,/home
72e8cd21-4747-456a-bffd-d6498ce448d1,2026_W23,S3494,U4560,2026-06-02 06:56:03,2026-06-02 07:25:03,Instagram,Bar,Desktop,Edge,iOS,/products
72e8cd21-4747-456a-bffd-d6498ce448d1,2026_W23,S3495,U31968,2026-06-02 04:32:08,2026-06-02 04:47:08,Facebook,Myself,Tablet,Firefox,MacOS,/offers
72e8cd21-4747-456a-bffd-d6498ce448d1,2026_W23,S3496,U863,2026-06-05 09:38:04,2026-06-05 09:57:04,Instagram,Evidence,Mobile,Safari,Android,/offers
72e8cd21-4747-456a-bffd-d6498ce448d1,2026_W23,S3497,U2224,2026-06-05 19:00:03,2026-06-05 19:27:03,Email,Least,Tablet,Edge,Android,/offers
72e8cd21-4747-456a-bffd-d6498ce448d1,2026_W23,S3498,U19794,2026-06-04 09:53:22,2026-06-04 10:02:22,Email,Lay,Tablet,Firefox,MacOS,/home
72e8cd21-4747-456a-bffd-d6498ce448d1,2026_W23,S3499,U6131,2026-06-05 03:34:36,2026-06-05 04:05:36,Instagram,Energy,Mobile,Edge,Android,/home
72e8cd21-4747-456a-bffd-d6498ce448d1,2026_W23,S3500,U19528,2026-06-05 19:05:46,2026-06-05 19:24:46,Organic,Hot,Desktop,Edge,MacOS,/home
72e8cd21-4747-456a-bffd-d6498ce448d1,2026_W23,S3501,U18289,2026-06-04 20:01:50,2026-06-04 20:29:50,Instagram,Deal,Mobile,Edge,MacOS,/offers
72e8cd21-4747-456a-bffd-d6498ce448d1,2026_W23,S3502,U3599,2026-06-07 11:50:09,2026-06-07 11:56:09,Email,How,Tablet,Edge,Windows,/products
72e8cd21-4747-456a-bffd-d6498ce448d1,2026_W23,S3503,U31223,2026-06-04 16:43:02,2026-06-04 17:03:02,Email,Miss,Mobile,Firefox,Android,/home
72e8cd21-4747-456a-bffd-d6498ce448d1,2026_W23,S3504,U9488,2026-06-02 13:33:03,2026-06-02 13:34:03,Direct,Current,Mobile,Edge,Android,/home
72e8cd21-4747-456a-bffd-d6498ce448d1,2026_W23,S3505,U12104,2026-06-06 23:58:14,2026-06-07 00:26:14,Facebook,Least,Mobile,Chrome,Windows,/home
72e8cd21-4747-456a-bffd-d6498ce448d1,2026_W23,S3506,U3186,2026-06-06 16:51:51,2026-06-06 17:03:51,Instagram,Individual,Desktop,Firefox,Windows,/offers
72e8cd21-4747-456a-bffd-d6498ce448d1,2026_W23,S3507,U10673,2026-06-02 14:37:57,2026-06-02 14:53:57,Email,Worry,Tablet,Chrome,Windows,/products
72e8cd21-4747-456a-bffd-d6498ce448d1,2026_W23,S3508,U12334,2026-06-03 22:34:28,2026-06-03 23:14:28,Direct,Develop,Mobile,Chrome,iOS,/products
72e8cd21-4747-456a-bffd-d6498ce448d1,2026_W23,S3509,U24022,2026-06-03 08:08:14,2026-06-03 08:10:14,Facebook,Wrong,Desktop,Edge,Windows,/products
72e8cd21-4747-456a-bffd-d6498ce448d1,2026_W23,S3510,U20303,2026-06-02 03:55:46,2026-06-02 04:02:46,Instagram,Positive,Desktop,Safari,MacOS,/offers
72e8cd21-4747-456a-bffd-d6498ce448d1,2026_W23,S3511,U27572,2026-06-06 02:14:32,2026-06-06 02:48:32,Email,Maintain,Desktop,Edge,iOS,/home
72e8cd21-4747-456a-bffd-d6498ce448d1,2026_W23,S3512,U10085,2026-06-06 10:46:15,2026-06-06 11:15:15,Facebook,Decide,Desktop,Edge,MacOS,/offers
72e8cd21-4747-456a-bffd-d6498ce448d1,2026_W23,S3513,U5110,2026-06-06 18:18:40,2026-06-06 18:49:40,Instagram,In,Mobile,Firefox,MacOS,/products
72e8cd21-4747-456a-bffd-d6498ce448d1,2026_W23,S3514,U22567,2026-06-06 15:24:32,2026-06-06 15:46:32,Organic,Senior,Tablet,Chrome,Windows,/offers
72e8cd21-4747-456a-bffd-d6498ce448d1,2026_W23,S3515,U5076,2026-06-02 09:03:21,2026-06-02 09:43:21,Facebook,Newspaper,Mobile,Firefox,Android,/home
72e8cd21-4747-456a-bffd-d6498ce448d1,2026_W23,S3516,U25365,2026-06-06 00:43:20,2026-06-06 00:59:20,Direct,Interest,Desktop,Safari,Windows,/products
72e8cd21-4747-456a-bffd-d6498ce448d1,2026_W23,S3517,U6285,2026-06-05 06:00:40,2026-06-05 06:17:40,Instagram,Road,Desktop,Safari,Windows,/products
72e8cd21-4747-456a-bffd-d6498ce448d1,2026_W23,S3518,U29331,2026-06-03 08:08:07,2026-06-03 08:42:07,Instagram,Away,Tablet,Edge,Windows,/products
72e8cd21-4747-456a-bffd-d6498ce448d1,2026_W23,S3519,U7446,2026-06-05 22:39:46,2026-06-05 22:57:46,Email,Worker,Desktop,Firefox,Windows,/offers
72e8cd21-4747-456a-bffd-d6498ce448d1,2026_W23,S3520,U17448,2026-06-03 13:22:55,2026-06-03 13:35:55,Google Ads,Music,Desktop,Firefox,iOS,/products
72e8cd21-4747-456a-bffd-d6498ce448d1,2026_W23,S3521,U4315,2026-06-07 08:09:35,2026-06-07 08:20:35,Direct,Wear,Mobile,Edge,Android,/offers
72e8cd21-4747-456a-bffd-d6498ce448d1,2026_W23,S3522,U24842,2026-06-03 22:12:18,2026-06-03 22:14:18,Email,Time,Tablet,Chrome,Android,/products
72e8cd21-4747-456a-bffd-d6498ce448d1,2026_W23,S3523,U2746,2026-06-01 23:31:03,2026-06-01 23:33:03,Organic,Take,Mobile,Safari,Android,/products
72e8cd21-4747-456a-bffd-d6498ce448d1,2026_W23,S3524,U9985,2026-06-02 19:22:55,2026-06-02 19:43:55,Organic,Feel,Desktop,Chrome,iOS,/home
72e8cd21-4747-456a-bffd-d6498ce448d1,2026_W23,S3525,U94,2026-06-07 19:02:36,2026-06-07 19:29:36,Email,American,Tablet,Firefox,MacOS,/products
72e8cd21-4747-456a-bffd-d6498ce448d1,2026_W23,S3526,U21013,2026-06-03 07:19:56,2026-06-03 07:52:56,Facebook,Concern,Desktop,Safari,iOS,/offers
72e8cd21-4747-456a-bffd-d6498ce448d1,2026_W23,S3527,U33450,2026-06-04 20:28:12,2026-06-04 20:30:12,Instagram,Recent,Desktop,Chrome,Windows,/offers
72e8cd21-4747-456a-bffd-d6498ce448d1,2026_W23,S3528,U33213,2026-06-03 02:45:44,2026-06-03 02:59:44,Facebook,Much,Desktop,Firefox,iOS,/products
72e8cd21-4747-456a-bffd-d6498ce448d1,2026_W23,S3529,U23606,2026-06-07 13:30:04,2026-06-07 13:45:04,Direct,Year,Tablet,Edge,Android,/offers
72e8cd21-4747-456a-bffd-d6498ce448d1,2026_W23,S3530,U6019,2026-06-06 19:57:45,2026-06-06 20:18:45,Email,Defense,Mobile,Edge,MacOS,/home
72e8cd21-4747-456a-bffd-d6498ce448d1,2026_W23,S3531,U33530,2026-06-06 18:00:21,2026-06-06 18:01:21,Instagram,Republican,Tablet,Firefox,Windows,/home
72e8cd21-4747-456a-bffd-d6498ce448d1,2026_W23,S3532,U24140,2026-06-07 07:46:39,2026-06-07 08:21:39,Email,Fire,Desktop,Chrome,iOS,/offers
72e8cd21-4747-456a-bffd-d6498ce448d1,2026_W23,S3533,U10738,2026-06-02 05:46:38,2026-06-02 05:47:38,Google Ads,Pull,Desktop,Firefox,Android,/products
72e8cd21-4747-456a-bffd-d6498ce448d1,2026_W23,S3534,U8058,2026-06-05 17:06:22,2026-06-05 17:41:22,Direct,From,Tablet,Safari,Android,/home
72e8cd21-4747-456a-bffd-d6498ce448d1,2026_W23,S3535,U8707,2026-06-02 02:53:00,2026-06-02 03:29:00,Organic,Medical,Mobile,Firefox,MacOS,/offers
72e8cd21-4747-456a-bffd-d6498ce448d1,2026_W23,S3536,U29535,2026-06-03 14:04:49,2026-06-03 14:12:49,Direct,Involve,Desktop,Firefox,Android,/home
72e8cd21-4747-456a-bffd-d6498ce448d1,2026_W23,S3537,U31662,2026-06-04 07:32:28,2026-06-04 08:12:28,Email,Probably,Mobile,Firefox,Windows,/products
72e8cd21-4747-456a-bffd-d6498ce448d1,2026_W23,S3538,U5410,2026-06-02 08:49:41,2026-06-02 09:21:41,Direct,Radio,Tablet,Edge,Windows,/offers
72e8cd21-4747-456a-bffd-d6498ce448d1,2026_W23,S3539,U18568,2026-06-05 06:11:56,2026-06-05 06:33:56,Instagram,Million,Tablet,Edge,Windows,/home
72e8cd21-4747-456a-bffd-d6498ce448d1,2026_W23,S3540,U7686,2026-06-06 15:32:17,2026-06-06 15:46:17,Facebook,Value,Tablet,Safari,Windows,/offers
72e8cd21-4747-456a-bffd-d6498ce448d1,2026_W23,S3541,U12608,2026-06-02 23:24:15,2026-06-02 23:57:15,Direct,Goal,Mobile,Safari,Windows,/home
72e8cd21-4747-456a-bffd-d6498ce448d1,2026_W23,S3542,U24916,2026-06-06 14:58:48,2026-06-06 15:22:48,Direct,Black,Mobile,Safari,iOS,/home
72e8cd21-4747-456a-bffd-d6498ce448d1,2026_W23,S3543,U2349,2026-06-07 05:02:28,2026-06-07 05:35:28,Facebook,Cost,Mobile,Firefox,Windows,/home
72e8cd21-4747-456a-bffd-d6498ce448d1,2026_W23,S3544,U25463,2026-06-05 07:44:46,2026-06-05 08:22:46,Direct,Smile,Desktop,Firefox,Windows,/products
72e8cd21-4747-456a-bffd-d6498ce448d1,2026_W23,S3545,U14382,2026-06-07 05:44:56,2026-06-07 06:06:56,Google Ads,Under,Mobile,Safari,iOS,/home
72e8cd21-4747-456a-bffd-d6498ce448d1,2026_W23,S3546,U29104,2026-06-03 10:10:14,2026-06-03 10:29:14,Organic,This,Desktop,Firefox,Windows,/home
72e8cd21-4747-456a-bffd-d6498ce448d1,2026_W23,S3547,U19418,2026-06-03 14:41:49,2026-06-03 14:46:49,Organic,Left,Tablet,Firefox,MacOS,/offers
72e8cd21-4747-456a-bffd-d6498ce448d1,2026_W23,S3548,U26831,2026-06-07 18:47:47,2026-06-07 19:21:47,Google Ads,Across,Desktop,Chrome,MacOS,/products
72e8cd21-4747-456a-bffd-d6498ce448d1,2026_W23,S3549,U21237,2026-06-02 01:48:32,2026-06-02 02:00:32,Direct,Stuff,Desktop,Firefox,iOS,/products
72e8cd21-4747-456a-bffd-d6498ce448d1,2026_W23,S3550,U12363,2026-06-05 08:46:30,2026-06-05 09:04:30,Facebook,Body,Desktop,Edge,MacOS,/offers
72e8cd21-4747-456a-bffd-d6498ce448d1,2026_W23,S3551,U16555,2026-06-03 02:09:13,2026-06-03 02:36:13,Email,Section,Desktop,Chrome,iOS,/products
72e8cd21-4747-456a-bffd-d6498ce448d1,2026_W23,S3552,U4047,2026-06-02 19:28:20,2026-06-02 19:34:20,Organic,Billion,Tablet,Edge,MacOS,/products
72e8cd21-4747-456a-bffd-d6498ce448d1,2026_W23,S3553,U26198,2026-06-07 13:29:01,2026-06-07 13:50:01,Organic,Away,Desktop,Edge,Android,/offers
72e8cd21-4747-456a-bffd-d6498ce448d1,2026_W23,S3554,U2709,2026-06-06 05:36:15,2026-06-06 06:12:15,Facebook,Off,Desktop,Firefox,MacOS,/offers
72e8cd21-4747-456a-bffd-d6498ce448d1,2026_W23,S3555,U28079,2026-06-02 15:38:21,2026-06-02 15:51:21,Google Ads,Memory,Tablet,Chrome,iOS,/products
72e8cd21-4747-456a-bffd-d6498ce448d1,2026_W23,S3556,U31661,2026-06-02 04:33:01,2026-06-02 04:40:01,Facebook,Before,Desktop,Firefox,MacOS,/products
72e8cd21-4747-456a-bffd-d6498ce448d1,2026_W23,S3557,U29045,2026-06-03 00:57:01,2026-06-03 01:35:01,Email,Data,Mobile,Safari,MacOS,/products
72e8cd21-4747-456a-bffd-d6498ce448d1,2026_W23,S3558,U2003,2026-06-02 13:50:32,2026-06-02 14:19:32,Google Ads,Turn,Tablet,Chrome,Android,/offers
72e8cd21-4747-456a-bffd-d6498ce448d1,2026_W23,S3559,U23712,2026-06-02 16:04:41,2026-06-02 16:22:41,Direct,Wait,Mobile,Chrome,iOS,/products
72e8cd21-4747-456a-bffd-d6498ce448d1,2026_W23,S3560,U2977,2026-06-06 08:36:15,2026-06-06 09:14:15,Facebook,Treatment,Tablet,Firefox,Android,/products
72e8cd21-4747-456a-bffd-d6498ce448d1,2026_W23,S3561,U29589,2026-06-06 17:40:08,2026-06-06 17:59:08,Organic,Beautiful,Desktop,Chrome,iOS,/products
72e8cd21-4747-456a-bffd-d6498ce448d1,2026_W23,S3562,U27299,2026-06-06 13:44:35,2026-06-06 14:13:35,Facebook,Sing,Desktop,Firefox,MacOS,/products
72e8cd21-4747-456a-bffd-d6498ce448d1,2026_W23,S3563,U8770,2026-06-04 08:35:56,2026-06-04 09:12:56,Organic,Fish,Desktop,Firefox,MacOS,/offers
72e8cd21-4747-456a-bffd-d6498ce448d1,2026_W23,S3564,U506,2026-06-04 20:02:24,2026-06-04 20:18:24,Email,Number,Desktop,Firefox,Windows,/offers
72e8cd21-4747-456a-bffd-d6498ce448d1,2026_W23,S3565,U14737,2026-06-07 04:00:59,2026-06-07 04:03:59,Instagram,Fish,Tablet,Chrome,MacOS,/products
72e8cd21-4747-456a-bffd-d6498ce448d1,2026_W23,S3566,U19908,2026-06-03 00:23:35,2026-06-03 00:42:35,Instagram,Spring,Desktop,Edge,Windows,/home
72e8cd21-4747-456a-bffd-d6498ce448d1,2026_W23,S3567,U16156,2026-06-02 14:35:23,2026-06-02 15:02:23,Direct,Give,Desktop,Edge,MacOS,/home
72e8cd21-4747-456a-bffd-d6498ce448d1,2026_W23,S3568,U3373,2026-06-02 19:07:45,2026-06-02 19:35:45,Email,Question,Tablet,Firefox,Windows,/home
72e8cd21-4747-456a-bffd-d6498ce448d1,2026_W23,S3569,U31122,2026-06-07 16:09:59,2026-06-07 16:12:59,Email,Recognize,Tablet,Chrome,iOS,/home
72e8cd21-4747-456a-bffd-d6498ce448d1,2026_W23,S3570,U19962,2026-06-07 02:15:27,2026-06-07 02:39:27,Instagram,Assume,Tablet,Edge,Windows,/home
72e8cd21-4747-456a-bffd-d6498ce448d1,2026_W23,S3571,U9830,2026-06-01 20:34:33,2026-06-01 21:01:33,Organic,Thus,Tablet,Chrome,iOS,/offers
72e8cd21-4747-456a-bffd-d6498ce448d1,2026_W23,S3572,U17498,2026-06-06 13:31:34,2026-06-06 13:59:34,Instagram,Account,Tablet,Safari,Windows,/offers
72e8cd21-4747-456a-bffd-d6498ce448d1,2026_W23,S3573,U6151,2026-06-02 17:43:22,2026-06-02 17:51:22,Facebook,Statement,Tablet,Edge,MacOS,/home
72e8cd21-4747-456a-bffd-d6498ce448d1,2026_W23,S3574,U32917,2026-06-03 00:10:43,2026-06-03 00:33:43,Organic,Until,Mobile,Safari,iOS,/products
72e8cd21-4747-456a-bffd-d6498ce448d1,2026_W23,S3575,U7861,2026-06-04 15:20:43,2026-06-04 15:25:43,Facebook,Put,Tablet,Safari,Android,/offers
72e8cd21-4747-456a-bffd-d6498ce448d1,2026_W23,S3576,U31380,2026-06-06 09:49:46,2026-06-06 09:54:46,Direct,Front,Desktop,Edge,Android,/products
72e8cd21-4747-456a-bffd-d6498ce448d1,2026_W23,S3577,U20275,2026-06-07 00:27:39,2026-06-07 01:00:39,Google Ads,Exist,Mobile,Safari,iOS,/products
72e8cd21-4747-456a-bffd-d6498ce448d1,2026_W23,S3578,U4961,2026-06-07 05:52:39,2026-06-07 06:20:39,Google Ads,Beautiful,Tablet,Firefox,MacOS,/home
72e8cd21-4747-456a-bffd-d6498ce448d1,2026_W23,S3579,U33173,2026-06-07 10:51:54,2026-06-07 11:29:54,Instagram,Particularly,Desktop,Edge,Windows,/products
72e8cd21-4747-456a-bffd-d6498ce448d1,2026_W23,S3580,U11738,2026-06-05 13:45:28,2026-06-05 14:13:28,Email,Energy,Mobile,Firefox,Windows,/offers
72e8cd21-4747-456a-bffd-d6498ce448d1,2026_W23,S3581,U29957,2026-06-07 15:48:22,2026-06-07 16:08:22,Facebook,Career,Desktop,Safari,Windows,/products
72e8cd21-4747-456a-bffd-d6498ce448d1,2026_W23,S3582,U1912,2026-06-06 05:35:54,2026-06-06 05:41:54,Facebook,Too,Mobile,Edge,Android,/products
72e8cd21-4747-456a-bffd-d6498ce448d1,2026_W23,S3583,U24974,2026-06-07 14:06:08,2026-06-07 14:24:08,Email,Garden,Tablet,Safari,Android,/home
72e8cd21-4747-456a-bffd-d6498ce448d1,2026_W23,S3584,U11436,2026-06-02 14:43:18,2026-06-02 15:22:18,Google Ads,Drop,Desktop,Edge,iOS,/home
72e8cd21-4747-456a-bffd-d6498ce448d1,2026_W23,S3585,U9614,2026-06-05 08:14:25,2026-06-05 08:42:25,Facebook,Paper,Mobile,Chrome,iOS,/home
72e8cd21-4747-456a-bffd-d6498ce448d1,2026_W23,S3586,U28308,2026-06-03 00:36:07,2026-06-03 00:43:07,Facebook,Collection,Tablet,Chrome,MacOS,/home
72e8cd21-4747-456a-bffd-d6498ce448d1,2026_W23,S3587,U33810,2026-06-07 08:12:50,2026-06-07 08:40:50,Email,Visit,Mobile,Firefox,iOS,/offers
72e8cd21-4747-456a-bffd-d6498ce448d1,2026_W23,S3588,U1212,2026-06-04 06:50:52,2026-06-04 07:25:52,Email,Close,Tablet,Firefox,iOS,/home
72e8cd21-4747-456a-bffd-d6498ce448d1,2026_W23,S3589,U26435,2026-06-06 11:59:30,2026-06-06 12:06:30,Organic,Language,Desktop,Firefox,Windows,/offers
72e8cd21-4747-456a-bffd-d6498ce448d1,2026_W23,S3590,U33877,2026-06-05 06:03:06,2026-06-05 06:19:06,Email,Most,Tablet,Chrome,Windows,/products
72e8cd21-4747-456a-bffd-d6498ce448d1,2026_W23,S3591,U2759,2026-06-03 20:29:23,2026-06-03 20:57:23,Google Ads,Culture,Tablet,Edge,MacOS,/offers
72e8cd21-4747-456a-bffd-d6498ce448d1,2026_W23,S3592,U33179,2026-06-02 23:05:54,2026-06-02 23:42:54,Organic,Appear,Desktop,Firefox,iOS,/offers
72e8cd21-4747-456a-bffd-d6498ce448d1,2026_W23,S3593,U29304,2026-06-07 18:41:35,2026-06-07 18:47:35,Direct,Agree,Desktop,Edge,iOS,/home
72e8cd21-4747-456a-bffd-d6498ce448d1,2026_W23,S3594,U11581,2026-06-04 22:10:03,2026-06-04 22:29:03,Facebook,Indicate,Mobile,Firefox,Windows,/offers
72e8cd21-4747-456a-bffd-d6498ce448d1,2026_W23,S3595,U6606,2026-06-06 20:56:22,2026-06-06 21:18:22,Organic,Bar,Tablet,Firefox,Android,/offers
72e8cd21-4747-456a-bffd-d6498ce448d1,2026_W23,S3596,U34151,2026-06-03 14:21:07,2026-06-03 14:54:07,Email,Their,Tablet,Edge,Windows,/offers
72e8cd21-4747-456a-bffd-d6498ce448d1,2026_W23,S3597,U25676,2026-06-05 16:46:23,2026-06-05 16:59:23,Instagram,Action,Mobile,Firefox,Windows,/home
72e8cd21-4747-456a-bffd-d6498ce448d1,2026_W23,S3598,U30642,2026-06-06 08:13:53,2026-06-06 08:26:53,Facebook,Top,Mobile,Chrome,Android,/products
72e8cd21-4747-456a-bffd-d6498ce448d1,2026_W23,S3599,U10903,2026-06-02 19:35:11,2026-06-02 20:02:11,Direct,Common,Tablet,Firefox,MacOS,/products
72e8cd21-4747-456a-bffd-d6498ce448d1,2026_W23,S3600,U33911,2026-06-03 18:15:03,2026-06-03 18:34:03,Organic,Nor,Desktop,Edge,Android,/offers
72e8cd21-4747-456a-bffd-d6498ce448d1,2026_W23,S3601,U29457,2026-06-07 16:43:50,2026-06-07 16:57:50,Email,Executive,Desktop,Safari,iOS,/products
72e8cd21-4747-456a-bffd-d6498ce448d1,2026_W23,S3602,U8123,2026-06-04 12:41:12,2026-06-04 13:07:12,Email,Boy,Tablet,Edge,Windows,/products
72e8cd21-4747-456a-bffd-d6498ce448d1,2026_W23,S3603,U2466,2026-06-04 05:50:27,2026-06-04 06:02:27,Google Ads,After,Mobile,Firefox,Windows,/products
72e8cd21-4747-456a-bffd-d6498ce448d1,2026_W23,S3604,U26771,2026-06-04 09:27:48,2026-06-04 09:58:48,Google Ads,Laugh,Mobile,Edge,Android,/offers
72e8cd21-4747-456a-bffd-d6498ce448d1,2026_W23,S3605,U17789,2026-06-05 00:12:19,2026-06-05 00:17:19,Google Ads,Many,Mobile,Edge,Windows,/home
72e8cd21-4747-456a-bffd-d6498ce448d1,2026_W23,S3606,U24455,2026-06-07 20:01:59,2026-06-07 20:40:59,Instagram,Decade,Desktop,Edge,Android,/offers
72e8cd21-4747-456a-bffd-d6498ce448d1,2026_W23,S3607,U17913,2026-06-02 18:12:32,2026-06-02 18:29:32,Facebook,Against,Desktop,Chrome,Windows,/products
72e8cd21-4747-456a-bffd-d6498ce448d1,2026_W23,S3608,U7833,2026-06-05 17:16:56,2026-06-05 17:54:56,Direct,Green,Mobile,Safari,Android,/home
72e8cd21-4747-456a-bffd-d6498ce448d1,2026_W23,S3609,U13250,2026-06-03 16:25:52,2026-06-03 16:28:52,Email,Similar,Tablet,Edge,MacOS,/products
72e8cd21-4747-456a-bffd-d6498ce448d1,2026_W23,S3610,U18226,2026-06-06 19:35:55,2026-06-06 19:55:55,Direct,Total,Mobile,Safari,Android,/offers
72e8cd21-4747-456a-bffd-d6498ce448d1,2026_W23,S3611,U19223,2026-06-03 20:12:22,2026-06-03 20:28:22,Facebook,Prepare,Tablet,Safari,Windows,/products
72e8cd21-4747-456a-bffd-d6498ce448d1,2026_W23,S3612,U23425,2026-06-05 14:56:52,2026-06-05 14:58:52,Email,Movement,Mobile,Edge,Windows,/home
72e8cd21-4747-456a-bffd-d6498ce448d1,2026_W23,S3613,U21494,2026-06-03 02:57:54,2026-06-03 03:29:54,Direct,Example,Mobile,Safari,MacOS,/home
72e8cd21-4747-456a-bffd-d6498ce448d1,2026_W23,S3614,U29245,2026-06-03 04:45:27,2026-06-03 05:18:27,Instagram,Ball,Desktop,Chrome,Android,/home
72e8cd21-4747-456a-bffd-d6498ce448d1,2026_W23,S3615,U6122,2026-06-03 18:42:28,2026-06-03 18:51:28,Facebook,Per,Desktop,Firefox,Android,/offers
72e8cd21-4747-456a-bffd-d6498ce448d1,2026_W23,S3616,U25474,2026-06-06 14:21:20,2026-06-06 14:38:20,Google Ads,Return,Tablet,Chrome,iOS,/offers
72e8cd21-4747-456a-bffd-d6498ce448d1,2026_W23,S3617,U14400,2026-06-02 20:34:12,2026-06-02 21:02:12,Instagram,President,Mobile,Edge,Windows,/offers
72e8cd21-4747-456a-bffd-d6498ce448d1,2026_W23,S3618,U21749,2026-06-06 03:56:15,2026-06-06 04:06:15,Email,This,Desktop,Safari,Windows,/home
72e8cd21-4747-456a-bffd-d6498ce448d1,2026_W23,S3619,U5335,2026-06-02 08:30:34,2026-06-02 09:08:34,Facebook,Mr,Desktop,Chrome,iOS,/products
72e8cd21-4747-456a-bffd-d6498ce448d1,2026_W23,S3620,U30648,2026-06-02 02:07:08,2026-06-02 02:44:08,Direct,Black,Tablet,Edge,Windows,/home
72e8cd21-4747-456a-bffd-d6498ce448d1,2026_W23,S3621,U31370,2026-06-01 21:30:05,2026-06-01 21:35:05,Instagram,Identify,Mobile,Safari,MacOS,/products
72e8cd21-4747-456a-bffd-d6498ce448d1,2026_W23,S3622,U21858,2026-06-04 11:30:05,2026-06-04 12:06:05,Direct,Option,Mobile,Edge,MacOS,/home
72e8cd21-4747-456a-bffd-d6498ce448d1,2026_W23,S3623,U32710,2026-06-04 04:04:31,2026-06-04 04:34:31,Organic,Draw,Desktop,Edge,iOS,/offers
72e8cd21-4747-456a-bffd-d6498ce448d1,2026_W23,S3624,U31373,2026-06-02 02:22:42,2026-06-02 02:28:42,Instagram,And,Tablet,Firefox,Android,/home
72e8cd21-4747-456a-bffd-d6498ce448d1,2026_W23,S3625,U11553,2026-06-04 21:28:06,2026-06-04 22:03:06,Organic,Painting,Tablet,Edge,iOS,/products
72e8cd21-4747-456a-bffd-d6498ce448d1,2026_W23,S3626,U16491,2026-06-02 21:15:32,2026-06-02 21:44:32,Facebook,Visit,Tablet,Edge,MacOS,/products
72e8cd21-4747-456a-bffd-d6498ce448d1,2026_W23,S3627,U2762,2026-06-06 02:42:13,2026-06-06 03:13:13,Facebook,Meet,Mobile,Firefox,iOS,/products
72e8cd21-4747-456a-bffd-d6498ce448d1,2026_W23,S3628,U6548,2026-06-03 01:08:56,2026-06-03 01:16:56,Email,Hour,Mobile,Edge,Windows,/home
72e8cd21-4747-456a-bffd-d6498ce448d1,2026_W23,S3629,U24623,2026-06-07 19:17:08,2026-06-07 19:56:08,Email,Room,Tablet,Edge,Android,/products
72e8cd21-4747-456a-bffd-d6498ce448d1,2026_W23,S3630,U27303,2026-06-01 22:33:59,2026-06-01 23:11:59,Instagram,Play,Desktop,Firefox,iOS,/home
72e8cd21-4747-456a-bffd-d6498ce448d1,2026_W23,S3631,U26824,2026-06-04 12:52:58,2026-06-04 13:09:58,Facebook,Ground,Mobile,Firefox,MacOS,/products
72e8cd21-4747-456a-bffd-d6498ce448d1,2026_W23,S3632,U16687,2026-06-05 10:27:20,2026-06-05 10:57:20,Organic,Stuff,Desktop,Edge,MacOS,/products
72e8cd21-4747-456a-bffd-d6498ce448d1,2026_W23,S3633,U29159,2026-06-03 15:57:35,2026-06-03 16:14:35,Google Ads,Well,Desktop,Safari,iOS,/products
72e8cd21-4747-456a-bffd-d6498ce448d1,2026_W23,S3634,U15701,2026-06-06 19:26:53,2026-06-06 19:56:53,Organic,Site,Desktop,Firefox,Android,/home
72e8cd21-4747-456a-bffd-d6498ce448d1,2026_W23,S3635,U7707,2026-06-02 00:31:26,2026-06-02 00:56:26,Google Ads,Special,Tablet,Safari,iOS,/products
72e8cd21-4747-456a-bffd-d6498ce448d1,2026_W23,S3636,U18937,2026-06-04 09:58:18,2026-06-04 10:30:18,Facebook,South,Desktop,Edge,iOS,/products
72e8cd21-4747-456a-bffd-d6498ce448d1,2026_W23,S3637,U22641,2026-06-04 01:26:21,2026-06-04 02:03:21,Instagram,Run,Mobile,Chrome,MacOS,/offers
72e8cd21-4747-456a-bffd-d6498ce448d1,2026_W23,S3638,U5143,2026-06-06 12:22:40,2026-06-06 12:24:40,Organic,Head,Tablet,Safari,iOS,/offers
72e8cd21-4747-456a-bffd-d6498ce448d1,2026_W23,S3639,U32521,2026-06-04 07:36:35,2026-06-04 07:38:35,Facebook,Herself,Mobile,Edge,MacOS,/home
72e8cd21-4747-456a-bffd-d6498ce448d1,2026_W23,S3640,U15422,2026-06-07 06:15:43,2026-06-07 06:26:43,Direct,International,Desktop,Safari,iOS,/offers
72e8cd21-4747-456a-bffd-d6498ce448d1,2026_W23,S3641,U12935,2026-06-05 16:45:23,2026-06-05 17:23:23,Facebook,Recently,Desktop,Chrome,Android,/offers
72e8cd21-4747-456a-bffd-d6498ce448d1,2026_W23,S3642,U11165,2026-06-04 13:04:36,2026-06-04 13:11:36,Email,Claim,Mobile,Edge,MacOS,/offers
72e8cd21-4747-456a-bffd-d6498ce448d1,2026_W23,S3643,U540,2026-06-05 04:26:27,2026-06-05 04:45:27,Email,What,Tablet,Chrome,iOS,/products
72e8cd21-4747-456a-bffd-d6498ce448d1,2026_W23,S3644,U33639,2026-06-07 05:57:09,2026-06-07 06:21:09,Organic,Behavior,Tablet,Chrome,Android,/offers
72e8cd21-4747-456a-bffd-d6498ce448d1,2026_W23,S3645,U34453,2026-06-03 17:25:57,2026-06-03 17:35:57,Organic,Left,Desktop,Firefox,Android,/home
72e8cd21-4747-456a-bffd-d6498ce448d1,2026_W23,S3646,U15577,2026-06-02 05:50:10,2026-06-02 06:09:10,Direct,Relate,Mobile,Safari,Windows,/products
72e8cd21-4747-456a-bffd-d6498ce448d1,2026_W23,S3647,U1655,2026-06-06 20:54:37,2026-06-06 21:04:37,Google Ads,Service,Mobile,Safari,Android,/offers
72e8cd21-4747-456a-bffd-d6498ce448d1,2026_W23,S3648,U2204,2026-06-05 19:10:19,2026-06-05 19:29:19,Google Ads,Skin,Tablet,Edge,Windows,/products
72e8cd21-4747-456a-bffd-d6498ce448d1,2026_W23,S3649,U18534,2026-06-04 12:00:54,2026-06-04 12:01:54,Direct,Himself,Mobile,Firefox,Android,/home
72e8cd21-4747-456a-bffd-d6498ce448d1,2026_W23,S3650,U17151,2026-06-03 15:06:30,2026-06-03 15:24:30,Google Ads,Organization,Tablet,Firefox,Android,/home
72e8cd21-4747-456a-bffd-d6498ce448d1,2026_W23,S3651,U12306,2026-06-03 19:29:35,2026-06-03 19:51:35,Instagram,Experience,Desktop,Edge,Android,/home
72e8cd21-4747-456a-bffd-d6498ce448d1,2026_W23,S3652,U7275,2026-06-05 07:53:36,2026-06-05 08:16:36,Facebook,More,Tablet,Chrome,Windows,/products
72e8cd21-4747-456a-bffd-d6498ce448d1,2026_W23,S3653,U22795,2026-06-05 21:04:28,2026-06-05 21:40:28,Direct,Along,Tablet,Chrome,iOS,/home
72e8cd21-4747-456a-bffd-d6498ce448d1,2026_W23,S3654,U30259,2026-06-03 17:21:05,2026-06-03 17:40:05,Facebook,Control,Mobile,Chrome,iOS,/products
72e8cd21-4747-456a-bffd-d6498ce448d1,2026_W23,S3655,U29208,2026-06-06 14:32:35,2026-06-06 14:46:35,Facebook,Always,Tablet,Edge,MacOS,/offers
72e8cd21-4747-456a-bffd-d6498ce448d1,2026_W23,S3656,U21544,2026-06-02 11:51:17,2026-06-02 11:52:17,Email,Hope,Desktop,Firefox,Android,/products
72e8cd21-4747-456a-bffd-d6498ce448d1,2026_W23,S3657,U9490,2026-06-02 07:25:11,2026-06-02 08:04:11,Facebook,Hard,Desktop,Edge,Android,/offers
72e8cd21-4747-456a-bffd-d6498ce448d1,2026_W23,S3658,U28644,2026-06-03 11:20:38,2026-06-03 11:55:38,Email,Could,Tablet,Firefox,Windows,/products
72e8cd21-4747-456a-bffd-d6498ce448d1,2026_W23,S3659,U16216,2026-06-07 18:51:57,2026-06-07 19:18:57,Instagram,Measure,Tablet,Safari,Windows,/home
72e8cd21-4747-456a-bffd-d6498ce448d1,2026_W23,S3660,U10041,2026-06-06 03:26:56,2026-06-06 03:52:56,Organic,Short,Desktop,Edge,MacOS,/offers
72e8cd21-4747-456a-bffd-d6498ce448d1,2026_W23,S3661,U27485,2026-06-02 19:11:32,2026-06-02 19:33:32,Google Ads,Space,Tablet,Safari,iOS,/offers
72e8cd21-4747-456a-bffd-d6498ce448d1,2026_W23,S3662,U26036,2026-06-05 07:24:09,2026-06-05 07:43:09,Google Ads,Avoid,Desktop,Firefox,iOS,/home
72e8cd21-4747-456a-bffd-d6498ce448d1,2026_W23,S3663,U25550,2026-06-05 04:05:22,2026-06-05 04:35:22,Google Ads,Remain,Desktop,Edge,iOS,/products
72e8cd21-4747-456a-bffd-d6498ce448d1,2026_W23,S3664,U21832,2026-06-04 15:44:12,2026-06-04 15:54:12,Email,Remember,Mobile,Safari,Android,/products
72e8cd21-4747-456a-bffd-d6498ce448d1,2026_W23,S3665,U7467,2026-06-07 17:13:05,2026-06-07 17:37:05,Google Ads,Good,Tablet,Firefox,Windows,/home
72e8cd21-4747-456a-bffd-d6498ce448d1,2026_W23,S3666,U10102,2026-06-02 23:16:59,2026-06-02 23:53:59,Instagram,Daughter,Desktop,Chrome,iOS,/offers
72e8cd21-4747-456a-bffd-d6498ce448d1,2026_W23,S3667,U8731,2026-06-03 19:16:59,2026-06-03 19:35:59,Email,Do,Desktop,Edge,iOS,/home
72e8cd21-4747-456a-bffd-d6498ce448d1,2026_W23,S3668,U4285,2026-06-02 22:31:35,2026-06-02 22:33:35,Direct,Tree,Desktop,Edge,Windows,/offers
72e8cd21-4747-456a-bffd-d6498ce448d1,2026_W23,S3669,U11444,2026-06-02 18:55:07,2026-06-02 19:16:07,Google Ads,Candidate,Desktop,Firefox,Windows,/products
72e8cd21-4747-456a-bffd-d6498ce448d1,2026_W23,S3670,U5363,2026-06-05 16:21:06,2026-06-05 16:59:06,Email,Town,Tablet,Firefox,iOS,/products
72e8cd21-4747-456a-bffd-d6498ce448d1,2026_W23,S3671,U31348,2026-06-06 11:33:31,2026-06-06 11:43:31,Email,Head,Tablet,Edge,Windows,/offers
72e8cd21-4747-456a-bffd-d6498ce448d1,2026_W23,S3672,U28728,2026-06-02 19:41:32,2026-06-02 19:48:32,Email,Require,Desktop,Edge,Android,/home
72e8cd21-4747-456a-bffd-d6498ce448d1,2026_W23,S3673,U26900,2026-06-03 15:22:06,2026-06-03 15:48:06,Google Ads,Thus,Tablet,Chrome,MacOS,/offers
72e8cd21-4747-456a-bffd-d6498ce448d1,2026_W23,S3674,U13568,2026-06-07 17:45:35,2026-06-07 17:51:35,Instagram,Author,Desktop,Edge,Windows,/products
72e8cd21-4747-456a-bffd-d6498ce448d1,2026_W23,S3675,U1217,2026-06-03 05:31:40,2026-06-03 06:06:40,Organic,Value,Mobile,Firefox,Windows,/home
72e8cd21-4747-456a-bffd-d6498ce448d1,2026_W23,S3676,U1813,2026-06-04 05:59:30,2026-06-04 06:08:30,Direct,Meeting,Tablet,Chrome,MacOS,/offers
72e8cd21-4747-456a-bffd-d6498ce448d1,2026_W23,S3677,U1305,2026-06-07 16:25:40,2026-06-07 16:45:40,Organic,Two,Mobile,Edge,Windows,/home
72e8cd21-4747-456a-bffd-d6498ce448d1,2026_W23,S3678,U4985,2026-06-06 13:35:16,2026-06-06 14:11:16,Instagram,Turn,Desktop,Firefox,MacOS,/offers
72e8cd21-4747-456a-bffd-d6498ce448d1,2026_W23,S3679,U2825,2026-06-07 03:41:23,2026-06-07 04:10:23,Email,President,Desktop,Chrome,Android,/products
72e8cd21-4747-456a-bffd-d6498ce448d1,2026_W23,S3680,U7103,2026-06-06 18:29:27,2026-06-06 18:36:27,Organic,Table,Tablet,Chrome,Android,/offers
72e8cd21-4747-456a-bffd-d6498ce448d1,2026_W23,S3681,U18542,2026-06-06 22:13:35,2026-06-06 22:33:35,Email,Response,Tablet,Firefox,Windows,/home
72e8cd21-4747-456a-bffd-d6498ce448d1,2026_W23,S3682,U19570,2026-06-06 12:28:06,2026-06-06 12:51:06,Instagram,Century,Tablet,Chrome,Android,/products
72e8cd21-4747-456a-bffd-d6498ce448d1,2026_W23,S3683,U6003,2026-06-02 16:43:15,2026-06-02 16:50:15,Direct,Letter,Desktop,Safari,iOS,/offers
72e8cd21-4747-456a-bffd-d6498ce448d1,2026_W23,S3684,U2518,2026-06-07 10:12:21,2026-06-07 10:30:21,Instagram,Democrat,Mobile,Firefox,MacOS,/offers
72e8cd21-4747-456a-bffd-d6498ce448d1,2026_W23,S3685,U29118,2026-06-03 06:54:48,2026-06-03 07:23:48,Email,Hit,Desktop,Edge,MacOS,/home
72e8cd21-4747-456a-bffd-d6498ce448d1,2026_W23,S3686,U17660,2026-06-05 18:43:21,2026-06-05 19:14:21,Facebook,Lose,Tablet,Chrome,iOS,/offers
72e8cd21-4747-456a-bffd-d6498ce448d1,2026_W23,S3687,U29916,2026-06-05 18:17:31,2026-06-05 18:28:31,Google Ads,Similar,Mobile,Safari,Windows,/offers
72e8cd21-4747-456a-bffd-d6498ce448d1,2026_W23,S3688,U34203,2026-06-07 18:30:18,2026-06-07 18:39:18,Instagram,Listen,Tablet,Edge,iOS,/home
72e8cd21-4747-456a-bffd-d6498ce448d1,2026_W23,S3689,U16573,2026-06-07 18:09:27,2026-06-07 18:36:27,Organic,Life,Tablet,Firefox,Windows,/home
72e8cd21-4747-456a-bffd-d6498ce448d1,2026_W23,S3690,U10427,2026-06-05 11:16:02,2026-06-05 11:31:02,Direct,Discover,Desktop,Chrome,iOS,/products
72e8cd21-4747-456a-bffd-d6498ce448d1,2026_W23,S3691,U25600,2026-06-06 06:01:37,2026-06-06 06:28:37,Google Ads,Analysis,Tablet,Edge,Windows,/home
72e8cd21-4747-456a-bffd-d6498ce448d1,2026_W23,S3692,U20453,2026-06-02 11:55:15,2026-06-02 12:30:15,Facebook,Have,Desktop,Chrome,iOS,/home
72e8cd21-4747-456a-bffd-d6498ce448d1,2026_W23,S3693,U3162,2026-06-03 04:15:51,2026-06-03 04:49:51,Google Ads,City,Desktop,Safari,Android,/products
72e8cd21-4747-456a-bffd-d6498ce448d1,2026_W23,S3694,U8428,2026-06-02 23:10:15,2026-06-02 23:18:15,Direct,Attention,Desktop,Chrome,Windows,/home
72e8cd21-4747-456a-bffd-d6498ce448d1,2026_W23,S3695,U31843,2026-06-03 18:05:03,2026-06-03 18:34:03,Instagram,Campaign,Desktop,Chrome,Android,/home
72e8cd21-4747-456a-bffd-d6498ce448d1,2026_W23,S3696,U1190,2026-06-06 05:28:50,2026-06-06 05:41:50,Email,Whether,Desktop,Safari,Windows,/home
72e8cd21-4747-456a-bffd-d6498ce448d1,2026_W23,S3697,U23381,2026-06-06 07:17:47,2026-06-06 07:41:47,Organic,Know,Mobile,Edge,Windows,/home
72e8cd21-4747-456a-bffd-d6498ce448d1,2026_W23,S3698,U16198,2026-06-03 14:04:24,2026-06-03 14:37:24,Facebook,Number,Tablet,Firefox,iOS,/products
72e8cd21-4747-456a-bffd-d6498ce448d1,2026_W23,S3699,U30638,2026-06-07 13:26:50,2026-06-07 13:42:50,Instagram,Two,Desktop,Chrome,MacOS,/home
72e8cd21-4747-456a-bffd-d6498ce448d1,2026_W23,S3700,U19523,2026-06-02 21:28:27,2026-06-02 21:55:27,Google Ads,Water,Mobile,Safari,Windows,/home
72e8cd21-4747-456a-bffd-d6498ce448d1,2026_W23,S3701,U12399,2026-06-07 18:19:13,2026-06-07 18:30:13,Direct,Choose,Tablet,Firefox,MacOS,/offers
72e8cd21-4747-456a-bffd-d6498ce448d1,2026_W23,S3702,U1599,2026-06-04 03:20:55,2026-06-04 03:50:55,Google Ads,Carry,Desktop,Safari,MacOS,/home
72e8cd21-4747-456a-bffd-d6498ce448d1,2026_W23,S3703,U27720,2026-06-04 05:50:08,2026-06-04 06:19:08,Google Ads,Out,Tablet,Edge,MacOS,/home
72e8cd21-4747-456a-bffd-d6498ce448d1,2026_W23,S3704,U17121,2026-06-06 15:27:35,2026-06-06 16:04:35,Google Ads,Beautiful,Desktop,Chrome,Android,/products
72e8cd21-4747-456a-bffd-d6498ce448d1,2026_W23,S3705,U6624,2026-06-01 23:24:41,2026-06-01 23:25:41,Google Ads,Floor,Desktop,Safari,Windows,/home
72e8cd21-4747-456a-bffd-d6498ce448d1,2026_W23,S3706,U20509,2026-06-03 17:13:31,2026-06-03 17:39:31,Direct,May,Tablet,Edge,Android,/offers
72e8cd21-4747-456a-bffd-d6498ce448d1,2026_W23,S3707,U13967,2026-06-06 15:29:13,2026-06-06 15:51:13,Direct,Option,Tablet,Chrome,iOS,/products
72e8cd21-4747-456a-bffd-d6498ce448d1,2026_W23,S3708,U16724,2026-06-07 10:23:53,2026-06-07 10:25:53,Instagram,Be,Desktop,Edge,MacOS,/offers
72e8cd21-4747-456a-bffd-d6498ce448d1,2026_W23,S3709,U22241,2026-06-05 00:50:57,2026-06-05 01:12:57,Direct,Lawyer,Mobile,Safari,Android,/offers
72e8cd21-4747-456a-bffd-d6498ce448d1,2026_W23,S3710,U9082,2026-06-06 16:37:25,2026-06-06 16:40:25,Facebook,Medical,Desktop,Edge,iOS,/home
72e8cd21-4747-456a-bffd-d6498ce448d1,2026_W23,S3711,U10648,2026-06-02 05:31:49,2026-06-02 05:39:49,Facebook,Keep,Mobile,Edge,Windows,/home
72e8cd21-4747-456a-bffd-d6498ce448d1,2026_W23,S3712,U14162,2026-06-04 22:44:31,2026-06-04 22:48:31,Organic,Popular,Desktop,Chrome,iOS,/products
72e8cd21-4747-456a-bffd-d6498ce448d1,2026_W23,S3713,U30761,2026-06-03 02:38:03,2026-06-03 02:45:03,Direct,Trial,Tablet,Firefox,iOS,/products
72e8cd21-4747-456a-bffd-d6498ce448d1,2026_W23,S3714,U26900,2026-06-02 01:50:43,2026-06-02 01:53:43,Email,Available,Mobile,Safari,iOS,/offers
72e8cd21-4747-456a-bffd-d6498ce448d1,2026_W23,S3715,U4938,2026-06-07 00:12:43,2026-06-07 00:51:43,Organic,Respond,Mobile,Chrome,Windows,/products
72e8cd21-4747-456a-bffd-d6498ce448d1,2026_W23,S3716,U15857,2026-06-07 00:39:31,2026-06-07 00:58:31,Instagram,Back,Desktop,Edge,iOS,/offers
72e8cd21-4747-456a-bffd-d6498ce448d1,2026_W23,S3717,U8200,2026-06-01 21:24:17,2026-06-01 21:27:17,Direct,Wait,Desktop,Firefox,iOS,/offers
72e8cd21-4747-456a-bffd-d6498ce448d1,2026_W23,S3718,U17844,2026-06-03 15:11:10,2026-06-03 15:22:10,Facebook,Boy,Tablet,Safari,Windows,/home
72e8cd21-4747-456a-bffd-d6498ce448d1,2026_W23,S3719,U18648,2026-06-02 21:35:26,2026-06-02 22:01:26,Google Ads,Sister,Tablet,Edge,Android,/offers
72e8cd21-4747-456a-bffd-d6498ce448d1,2026_W23,S3720,U19705,2026-06-05 09:34:35,2026-06-05 10:08:35,Organic,From,Mobile,Chrome,MacOS,/offers
72e8cd21-4747-456a-bffd-d6498ce448d1,2026_W23,S3721,U17653,2026-06-02 01:06:44,2026-06-02 01:40:44,Direct,True,Desktop,Safari,iOS,/products
72e8cd21-4747-456a-bffd-d6498ce448d1,2026_W23,S3722,U30390,2026-06-05 21:01:05,2026-06-05 21:28:05,Email,Bring,Desktop,Firefox,iOS,/products
72e8cd21-4747-456a-bffd-d6498ce448d1,2026_W23,S3723,U30520,2026-06-03 07:35:34,2026-06-03 08:10:34,Organic,Fish,Mobile,Chrome,MacOS,/products
72e8cd21-4747-456a-bffd-d6498ce448d1,2026_W23,S3724,U18965,2026-06-06 11:56:52,2026-06-06 12:32:52,Organic,Face,Desktop,Chrome,iOS,/products
72e8cd21-4747-456a-bffd-d6498ce448d1,2026_W23,S3725,U10768,2026-06-06 00:00:14,2026-06-06 00:35:14,Direct,Nearly,Desktop,Edge,MacOS,/offers
72e8cd21-4747-456a-bffd-d6498ce448d1,2026_W23,S3726,U18074,2026-06-02 03:13:06,2026-06-02 03:19:06,Direct,Far,Tablet,Firefox,MacOS,/products
72e8cd21-4747-456a-bffd-d6498ce448d1,2026_W23,S3727,U33771,2026-06-04 17:10:35,2026-06-04 17:28:35,Facebook,Artist,Tablet,Safari,MacOS,/home
72e8cd21-4747-456a-bffd-d6498ce448d1,2026_W23,S3728,U31491,2026-06-03 11:22:41,2026-06-03 11:48:41,Direct,Fire,Mobile,Edge,Windows,/home
72e8cd21-4747-456a-bffd-d6498ce448d1,2026_W23,S3729,U24161,2026-06-03 22:47:18,2026-06-03 23:13:18,Instagram,Treat,Mobile,Firefox,iOS,/offers
72e8cd21-4747-456a-bffd-d6498ce448d1,2026_W23,S3730,U5292,2026-06-04 22:46:19,2026-06-04 23:09:19,Google Ads,Raise,Desktop,Safari,Android,/offers
72e8cd21-4747-456a-bffd-d6498ce448d1,2026_W23,S3731,U34165,2026-06-03 23:24:59,2026-06-03 23:36:59,Direct,Specific,Desktop,Firefox,Windows,/offers
72e8cd21-4747-456a-bffd-d6498ce448d1,2026_W23,S3732,U24894,2026-06-03 11:58:28,2026-06-03 12:13:28,Google Ads,Election,Tablet,Edge,Windows,/products
72e8cd21-4747-456a-bffd-d6498ce448d1,2026_W23,S3733,U5168,2026-06-03 07:12:19,2026-06-03 07:13:19,Email,For,Tablet,Firefox,Android,/offers
72e8cd21-4747-456a-bffd-d6498ce448d1,2026_W23,S3734,U32067,2026-06-02 10:11:33,2026-06-02 10:46:33,Facebook,Me,Mobile,Firefox,MacOS,/products
72e8cd21-4747-456a-bffd-d6498ce448d1,2026_W23,S3735,U10135,2026-06-03 23:47:45,2026-06-04 00:24:45,Facebook,Performance,Mobile,Safari,iOS,/home
72e8cd21-4747-456a-bffd-d6498ce448d1,2026_W23,S3736,U23473,2026-06-03 08:20:14,2026-06-03 08:53:14,Google Ads,These,Tablet,Firefox,Android,/products
72e8cd21-4747-456a-bffd-d6498ce448d1,2026_W23,S3737,U16272,2026-06-04 10:40:07,2026-06-04 11:11:07,Facebook,Central,Desktop,Edge,Windows,/offers
72e8cd21-4747-456a-bffd-d6498ce448d1,2026_W23,S3738,U25847,2026-06-07 06:29:06,2026-06-07 06:34:06,Email,Ten,Mobile,Edge,Windows,/products
72e8cd21-4747-456a-bffd-d6498ce448d1,2026_W23,S3739,U809,2026-06-03 10:26:10,2026-06-03 10:48:10,Direct,Sport,Mobile,Firefox,Android,/products
72e8cd21-4747-456a-bffd-d6498ce448d1,2026_W23,S3740,U19435,2026-06-02 20:35:02,2026-06-02 21:07:02,Instagram,Pass,Mobile,Chrome,Windows,/products
72e8cd21-4747-456a-bffd-d6498ce448d1,2026_W23,S3741,U5672,2026-06-01 21:40:43,2026-06-01 21:47:43,Instagram,Other,Desktop,Chrome,MacOS,/home
72e8cd21-4747-456a-bffd-d6498ce448d1,2026_W23,S3742,U22484,2026-06-03 10:50:10,2026-06-03 11:13:10,Google Ads,Effect,Tablet,Chrome,Android,/offers
72e8cd21-4747-456a-bffd-d6498ce448d1,2026_W23,S3743,U31029,2026-06-02 08:28:10,2026-06-02 09:00:10,Direct,Where,Desktop,Safari,Windows,/offers
72e8cd21-4747-456a-bffd-d6498ce448d1,2026_W23,S3744,U14466,2026-06-04 06:57:14,2026-06-04 07:08:14,Instagram,Prevent,Desktop,Chrome,MacOS,/home
72e8cd21-4747-456a-bffd-d6498ce448d1,2026_W23,S3745,U3258,2026-06-07 17:22:57,2026-06-07 18:02:57,Facebook,State,Tablet,Edge,iOS,/products
72e8cd21-4747-456a-bffd-d6498ce448d1,2026_W23,S3746,U14837,2026-06-05 07:40:10,2026-06-05 08:07:10,Google Ads,Voice,Mobile,Safari,Windows,/products
72e8cd21-4747-456a-bffd-d6498ce448d1,2026_W23,S3747,U7322,2026-06-03 05:19:43,2026-06-03 05:52:43,Facebook,Thus,Desktop,Edge,iOS,/home
72e8cd21-4747-456a-bffd-d6498ce448d1,2026_W23,S3748,U5967,2026-06-04 12:53:24,2026-06-04 13:11:24,Google Ads,Bank,Tablet,Chrome,MacOS,/offers
72e8cd21-4747-456a-bffd-d6498ce448d1,2026_W23,S3749,U8437,2026-06-06 14:45:57,2026-06-06 15:10:57,Email,Whom,Tablet,Firefox,MacOS,/products
72e8cd21-4747-456a-bffd-d6498ce448d1,2026_W23,S3750,U9384,2026-06-05 05:42:27,2026-06-05 06:12:27,Direct,Behind,Tablet,Chrome,iOS,/home
72e8cd21-4747-456a-bffd-d6498ce448d1,2026_W23,S3751,U27369,2026-06-07 18:25:50,2026-06-07 19:04:50,Direct,Structure,Mobile,Edge,MacOS,/products
72e8cd21-4747-456a-bffd-d6498ce448d1,2026_W23,S3752,U21119,2026-06-02 04:26:53,2026-06-02 05:06:53,Direct,Force,Tablet,Chrome,Windows,/offers
72e8cd21-4747-456a-bffd-d6498ce448d1,2026_W23,S3753,U19905,2026-06-03 03:56:56,2026-06-03 04:11:56,Email,That,Tablet,Safari,iOS,/home
72e8cd21-4747-456a-bffd-d6498ce448d1,2026_W23,S3754,U20884,2026-06-04 09:48:44,2026-06-04 09:57:44,Direct,Simple,Mobile,Chrome,iOS,/products
72e8cd21-4747-456a-bffd-d6498ce448d1,2026_W23,S3755,U28421,2026-06-03 14:04:10,2026-06-03 14:40:10,Direct,American,Desktop,Safari,Android,/products
72e8cd21-4747-456a-bffd-d6498ce448d1,2026_W23,S3756,U12727,2026-06-03 20:26:24,2026-06-03 20:34:24,Instagram,General,Tablet,Edge,MacOS,/products
72e8cd21-4747-456a-bffd-d6498ce448d1,2026_W23,S3757,U8129,2026-06-07 08:03:53,2026-06-07 08:04:53,Organic,Exist,Desktop,Safari,MacOS,/products
72e8cd21-4747-456a-bffd-d6498ce448d1,2026_W23,S3758,U27538,2026-06-04 07:31:34,2026-06-04 08:11:34,Direct,Than,Desktop,Firefox,Windows,/offers
72e8cd21-4747-456a-bffd-d6498ce448d1,2026_W23,S3759,U8292,2026-06-07 20:05:19,2026-06-07 20:39:19,Facebook,In,Tablet,Firefox,iOS,/products
72e8cd21-4747-456a-bffd-d6498ce448d1,2026_W23,S3760,U1473,2026-06-06 11:44:19,2026-06-06 12:01:19,Email,Risk,Mobile,Firefox,Android,/offers
72e8cd21-4747-456a-bffd-d6498ce448d1,2026_W23,S3761,U25510,2026-06-07 05:52:14,2026-06-07 06:10:14,Instagram,Administration,Mobile,Chrome,Windows,/offers
72e8cd21-4747-456a-bffd-d6498ce448d1,2026_W23,S3762,U5022,2026-06-05 04:48:22,2026-06-05 04:54:22,Google Ads,Campaign,Desktop,Chrome,Android,/home
72e8cd21-4747-456a-bffd-d6498ce448d1,2026_W23,S3763,U28749,2026-06-05 15:52:30,2026-06-05 16:01:30,Facebook,Power,Desktop,Chrome,Windows,/offers
72e8cd21-4747-456a-bffd-d6498ce448d1,2026_W23,S3764,U9606,2026-06-06 22:58:22,2026-06-06 23:31:22,Facebook,Each,Mobile,Chrome,iOS,/offers
72e8cd21-4747-456a-bffd-d6498ce448d1,2026_W23,S3765,U3219,2026-06-06 03:02:30,2026-06-06 03:33:30,Direct,Trial,Desktop,Firefox,MacOS,/home
72e8cd21-4747-456a-bffd-d6498ce448d1,2026_W23,S3766,U34062,2026-06-02 07:34:54,2026-06-02 07:43:54,Google Ads,Hold,Mobile,Firefox,Android,/offers
72e8cd21-4747-456a-bffd-d6498ce448d1,2026_W23,S3767,U25152,2026-06-06 23:36:50,2026-06-07 00:16:50,Direct,Admit,Mobile,Safari,Android,/offers
72e8cd21-4747-456a-bffd-d6498ce448d1,2026_W23,S3768,U30833,2026-06-05 20:16:55,2026-06-05 20:35:55,Organic,Behind,Desktop,Firefox,iOS,/offers
72e8cd21-4747-456a-bffd-d6498ce448d1,2026_W23,S3769,U34979,2026-06-03 07:44:05,2026-06-03 08:02:05,Google Ads,Son,Mobile,Firefox,Windows,/products
72e8cd21-4747-456a-bffd-d6498ce448d1,2026_W23,S3770,U29401,2026-06-06 05:12:42,2026-06-06 05:19:42,Facebook,They,Mobile,Edge,iOS,/home
72e8cd21-4747-456a-bffd-d6498ce448d1,2026_W23,S3771,U27038,2026-06-04 15:52:26,2026-06-04 15:57:26,Facebook,Card,Tablet,Chrome,Android,/home
72e8cd21-4747-456a-bffd-d6498ce448d1,2026_W23,S3772,U25375,2026-06-04 13:38:46,2026-06-04 14:11:46,Instagram,Billion,Mobile,Chrome,Android,/home
72e8cd21-4747-456a-bffd-d6498ce448d1,2026_W23,S3773,U12800,2026-06-06 21:38:19,2026-06-06 22:10:19,Direct,Themselves,Mobile,Chrome,Android,/products
72e8cd21-4747-456a-bffd-d6498ce448d1,2026_W23,S3774,U17176,2026-06-02 23:04:28,2026-06-02 23:41:28,Organic,Prove,Desktop,Safari,Android,/products
72e8cd21-4747-456a-bffd-d6498ce448d1,2026_W23,S3775,U18891,2026-06-04 13:59:07,2026-06-04 14:01:07,Instagram,Natural,Mobile,Chrome,MacOS,/products
72e8cd21-4747-456a-bffd-d6498ce448d1,2026_W23,S3776,U12744,2026-06-06 01:36:14,2026-06-06 01:59:14,Instagram,Player,Mobile,Edge,MacOS,/offers
72e8cd21-4747-456a-bffd-d6498ce448d1,2026_W23,S3777,U15769,2026-06-03 23:03:33,2026-06-03 23:31:33,Instagram,Event,Desktop,Safari,Android,/products
72e8cd21-4747-456a-bffd-d6498ce448d1,2026_W23,S3778,U15204,2026-06-06 09:39:03,2026-06-06 10:05:03,Organic,Free,Desktop,Edge,Windows,/offers
72e8cd21-4747-456a-bffd-d6498ce448d1,2026_W23,S3779,U3629,2026-06-05 04:38:40,2026-06-05 04:51:40,Google Ads,As,Tablet,Firefox,Android,/products
72e8cd21-4747-456a-bffd-d6498ce448d1,2026_W23,S3780,U34498,2026-06-04 08:06:57,2026-06-04 08:23:57,Facebook,Pressure,Mobile,Edge,MacOS,/products
72e8cd21-4747-456a-bffd-d6498ce448d1,2026_W23,S3781,U162,2026-06-05 11:42:30,2026-06-05 12:02:30,Instagram,Establish,Mobile,Chrome,iOS,/home
72e8cd21-4747-456a-bffd-d6498ce448d1,2026_W23,S3782,U7274,2026-06-04 16:50:03,2026-06-04 17:15:03,Instagram,Player,Mobile,Firefox,iOS,/offers
72e8cd21-4747-456a-bffd-d6498ce448d1,2026_W23,S3783,U14256,2026-06-02 09:36:57,2026-06-02 10:03:57,Facebook,Difficult,Tablet,Firefox,MacOS,/offers
72e8cd21-4747-456a-bffd-d6498ce448d1,2026_W23,S3784,U5641,2026-06-05 16:53:13,2026-06-05 17:31:13,Google Ads,National,Desktop,Edge,iOS,/products
72e8cd21-4747-456a-bffd-d6498ce448d1,2026_W23,S3785,U31721,2026-06-05 04:23:27,2026-06-05 04:37:27,Google Ads,Interesting,Desktop,Edge,Windows,/home
72e8cd21-4747-456a-bffd-d6498ce448d1,2026_W23,S3786,U14096,2026-06-06 10:30:20,2026-06-06 10:53:20,Facebook,Low,Tablet,Safari,Android,/home
72e8cd21-4747-456a-bffd-d6498ce448d1,2026_W23,S3787,U32372,2026-06-03 17:41:27,2026-06-03 17:46:27,Google Ads,Positive,Tablet,Edge,iOS,/home
72e8cd21-4747-456a-bffd-d6498ce448d1,2026_W23,S3788,U31995,2026-06-05 15:00:58,2026-06-05 15:21:58,Organic,Despite,Tablet,Edge,iOS,/offers
72e8cd21-4747-456a-bffd-d6498ce448d1,2026_W23,S3789,U9096,2026-06-04 03:33:49,2026-06-04 04:00:49,Organic,Back,Tablet,Safari,Windows,/home
72e8cd21-4747-456a-bffd-d6498ce448d1,2026_W23,S3790,U30461,2026-06-04 02:49:22,2026-06-04 03:16:22,Facebook,Main,Tablet,Chrome,Android,/products
72e8cd21-4747-456a-bffd-d6498ce448d1,2026_W23,S3791,U18127,2026-06-04 10:07:53,2026-06-04 10:38:53,Facebook,Hope,Desktop,Chrome,MacOS,/products
72e8cd21-4747-456a-bffd-d6498ce448d1,2026_W23,S3792,U5161,2026-06-03 04:05:54,2026-06-03 04:26:54,Organic,Eight,Mobile,Safari,Windows,/products
72e8cd21-4747-456a-bffd-d6498ce448d1,2026_W23,S3793,U13092,2026-06-06 23:31:20,2026-06-07 00:08:20,Direct,Street,Mobile,Chrome,MacOS,/home
72e8cd21-4747-456a-bffd-d6498ce448d1,2026_W23,S3794,U827,2026-06-02 17:25:00,2026-06-02 17:56:00,Google Ads,Color,Tablet,Edge,iOS,/products
72e8cd21-4747-456a-bffd-d6498ce448d1,2026_W23,S3795,U8533,2026-06-04 19:05:40,2026-06-04 19:21:40,Facebook,Significant,Desktop,Edge,MacOS,/products
72e8cd21-4747-456a-bffd-d6498ce448d1,2026_W23,S3796,U33644,2026-06-04 15:10:19,2026-06-04 15:12:19,Direct,Others,Mobile,Chrome,iOS,/products
72e8cd21-4747-456a-bffd-d6498ce448d1,2026_W23,S3797,U34955,2026-06-05 02:48:42,2026-06-05 02:59:42,Email,Force,Mobile,Chrome,iOS,/products
72e8cd21-4747-456a-bffd-d6498ce448d1,2026_W23,S3798,U330,2026-06-04 13:37:31,2026-06-04 13:43:31,Organic,Administration,Desktop,Edge,iOS,/offers
72e8cd21-4747-456a-bffd-d6498ce448d1,2026_W23,S3799,U31575,2026-06-03 21:03:41,2026-06-03 21:22:41,Organic,Summer,Tablet,Chrome,iOS,/home
72e8cd21-4747-456a-bffd-d6498ce448d1,2026_W23,S3800,U10125,2026-06-07 05:43:48,2026-06-07 06:17:48,Direct,Soon,Mobile,Safari,MacOS,/home
72e8cd21-4747-456a-bffd-d6498ce448d1,2026_W23,S3801,U26636,2026-06-05 22:10:12,2026-06-05 22:30:12,Direct,Back,Mobile,Edge,MacOS,/home
72e8cd21-4747-456a-bffd-d6498ce448d1,2026_W23,S3802,U23958,2026-06-03 15:48:43,2026-06-03 16:21:43,Direct,Audience,Desktop,Firefox,Windows,/offers
72e8cd21-4747-456a-bffd-d6498ce448d1,2026_W23,S3803,U20033,2026-06-02 16:50:08,2026-06-02 17:22:08,Instagram,Dog,Desktop,Safari,MacOS,/offers
72e8cd21-4747-456a-bffd-d6498ce448d1,2026_W23,S3804,U33597,2026-06-03 19:45:18,2026-06-03 19:47:18,Facebook,Alone,Mobile,Chrome,Android,/products
72e8cd21-4747-456a-bffd-d6498ce448d1,2026_W23,S3805,U3154,2026-06-05 12:48:39,2026-06-05 12:52:39,Organic,Instead,Tablet,Edge,iOS,/offers
72e8cd21-4747-456a-bffd-d6498ce448d1,2026_W23,S3806,U8524,2026-06-02 07:45:53,2026-06-02 08:16:53,Google Ads,Play,Mobile,Safari,MacOS,/products
72e8cd21-4747-456a-bffd-d6498ce448d1,2026_W23,S3807,U18309,2026-06-03 06:59:38,2026-06-03 07:26:38,Instagram,Baby,Desktop,Safari,iOS,/home
72e8cd21-4747-456a-bffd-d6498ce448d1,2026_W23,S3808,U10992,2026-06-03 14:07:28,2026-06-03 14:28:28,Direct,Between,Mobile,Safari,MacOS,/products
72e8cd21-4747-456a-bffd-d6498ce448d1,2026_W23,S3809,U30529,2026-06-05 14:31:38,2026-06-05 15:09:38,Instagram,Structure,Mobile,Firefox,iOS,/offers
72e8cd21-4747-456a-bffd-d6498ce448d1,2026_W23,S3810,U2624,2026-06-02 15:40:06,2026-06-02 15:52:06,Direct,Not,Mobile,Firefox,MacOS,/home
72e8cd21-4747-456a-bffd-d6498ce448d1,2026_W23,S3811,U7552,2026-06-01 20:38:50,2026-06-01 21:11:50,Google Ads,Least,Desktop,Firefox,Windows,/offers
72e8cd21-4747-456a-bffd-d6498ce448d1,2026_W23,S3812,U2551,2026-06-04 11:40:33,2026-06-04 12:20:33,Google Ads,Return,Tablet,Chrome,Android,/products
72e8cd21-4747-456a-bffd-d6498ce448d1,2026_W23,S3813,U28673,2026-06-02 14:32:20,2026-06-02 15:11:20,Direct,Inside,Mobile,Safari,MacOS,/home
72e8cd21-4747-456a-bffd-d6498ce448d1,2026_W23,S3814,U31089,2026-06-07 12:11:17,2026-06-07 12:45:17,Organic,Life,Tablet,Firefox,Windows,/offers
72e8cd21-4747-456a-bffd-d6498ce448d1,2026_W23,S3815,U26219,2026-06-02 19:17:10,2026-06-02 19:55:10,Direct,Test,Mobile,Edge,MacOS,/products
72e8cd21-4747-456a-bffd-d6498ce448d1,2026_W23,S3816,U10304,2026-06-06 00:39:26,2026-06-06 00:52:26,Direct,Morning,Mobile,Firefox,Windows,/offers
72e8cd21-4747-456a-bffd-d6498ce448d1,2026_W23,S3817,U3512,2026-06-05 11:09:58,2026-06-05 11:43:58,Organic,Focus,Mobile,Edge,iOS,/offers
72e8cd21-4747-456a-bffd-d6498ce448d1,2026_W23,S3818,U11294,2026-06-05 11:49:58,2026-06-05 12:18:58,Organic,Toward,Desktop,Safari,Android,/home
72e8cd21-4747-456a-bffd-d6498ce448d1,2026_W23,S3819,U17934,2026-06-01 21:49:41,2026-06-01 22:20:41,Direct,Billion,Desktop,Firefox,Windows,/offers
72e8cd21-4747-456a-bffd-d6498ce448d1,2026_W23,S3820,U23414,2026-06-02 09:35:27,2026-06-02 10:04:27,Facebook,First,Tablet,Chrome,Android,/offers
72e8cd21-4747-456a-bffd-d6498ce448d1,2026_W23,S3821,U28838,2026-06-04 21:22:39,2026-06-04 21:27:39,Organic,Positive,Mobile,Edge,iOS,/home
72e8cd21-4747-456a-bffd-d6498ce448d1,2026_W23,S3822,U32032,2026-06-07 05:43:39,2026-06-07 06:18:39,Organic,Cost,Mobile,Firefox,Windows,/home
72e8cd21-4747-456a-bffd-d6498ce448d1,2026_W23,S3823,U23788,2026-06-02 15:49:01,2026-06-02 16:22:01,Instagram,Book,Mobile,Chrome,Android,/offers
72e8cd21-4747-456a-bffd-d6498ce448d1,2026_W23,S3824,U2649,2026-06-05 01:13:52,2026-06-05 01:53:52,Direct,Follow,Mobile,Chrome,Android,/products
72e8cd21-4747-456a-bffd-d6498ce448d1,2026_W23,S3825,U10726,2026-06-06 19:33:29,2026-06-06 20:00:29,Google Ads,Address,Tablet,Edge,iOS,/offers
72e8cd21-4747-456a-bffd-d6498ce448d1,2026_W23,S3826,U7777,2026-06-07 07:47:08,2026-06-07 08:11:08,Organic,Shoulder,Desktop,Safari,Android,/products
72e8cd21-4747-456a-bffd-d6498ce448d1,2026_W23,S3827,U30033,2026-06-04 04:38:39,2026-06-04 04:56:39,Organic,From,Desktop,Chrome,MacOS,/products
72e8cd21-4747-456a-bffd-d6498ce448d1,2026_W23,S3828,U17318,2026-06-04 08:58:49,2026-06-04 08:59:49,Google Ads,Sell,Tablet,Chrome,Android,/offers
72e8cd21-4747-456a-bffd-d6498ce448d1,2026_W23,S3829,U22853,2026-06-04 09:30:19,2026-06-04 10:04:19,Email,Role,Desktop,Edge,Windows,/home
72e8cd21-4747-456a-bffd-d6498ce448d1,2026_W23,S3830,U24294,2026-06-04 21:27:42,2026-06-04 21:52:42,Google Ads,Service,Mobile,Safari,Windows,/offers
72e8cd21-4747-456a-bffd-d6498ce448d1,2026_W23,S3831,U8412,2026-06-03 20:18:30,2026-06-03 20:23:30,Direct,Movie,Desktop,Edge,Windows,/products
72e8cd21-4747-456a-bffd-d6498ce448d1,2026_W23,S3832,U27955,2026-06-06 01:14:46,2026-06-06 01:48:46,Organic,School,Desktop,Chrome,Windows,/products
72e8cd21-4747-456a-bffd-d6498ce448d1,2026_W23,S3833,U34531,2026-06-02 08:53:41,2026-06-02 09:09:41,Google Ads,Buy,Desktop,Safari,MacOS,/offers
72e8cd21-4747-456a-bffd-d6498ce448d1,2026_W23,S3834,U9600,2026-06-06 19:52:36,2026-06-06 19:59:36,Direct,Somebody,Mobile,Safari,MacOS,/offers
72e8cd21-4747-456a-bffd-d6498ce448d1,2026_W23,S3835,U10257,2026-06-04 04:24:29,2026-06-04 04:39:29,Facebook,Course,Desktop,Safari,iOS,/products
72e8cd21-4747-456a-bffd-d6498ce448d1,2026_W23,S3836,U17648,2026-06-07 15:32:35,2026-06-07 15:37:35,Organic,Cut,Mobile,Edge,iOS,/products
72e8cd21-4747-456a-bffd-d6498ce448d1,2026_W23,S3837,U29887,2026-06-06 18:24:21,2026-06-06 18:40:21,Direct,Sign,Tablet,Edge,MacOS,/products
72e8cd21-4747-456a-bffd-d6498ce448d1,2026_W23,S3838,U23221,2026-06-04 02:31:12,2026-06-04 03:07:12,Email,Manager,Tablet,Firefox,Windows,/offers
72e8cd21-4747-456a-bffd-d6498ce448d1,2026_W23,S3839,U6503,2026-06-01 23:54:46,2026-06-02 00:15:46,Google Ads,Thank,Tablet,Chrome,Windows,/products
72e8cd21-4747-456a-bffd-d6498ce448d1,2026_W23,S3840,U5246,2026-06-06 02:43:58,2026-06-06 02:59:58,Email,Both,Desktop,Edge,iOS,/home
72e8cd21-4747-456a-bffd-d6498ce448d1,2026_W23,S3841,U18575,2026-06-04 06:14:05,2026-06-04 06:16:05,Organic,Institution,Tablet,Edge,Windows,/offers
72e8cd21-4747-456a-bffd-d6498ce448d1,2026_W23,S3842,U5188,2026-06-03 15:21:31,2026-06-03 15:50:31,Google Ads,Allow,Desktop,Edge,MacOS,/products
72e8cd21-4747-456a-bffd-d6498ce448d1,2026_W23,S3843,U6125,2026-06-03 15:13:43,2026-06-03 15:34:43,Organic,Each,Desktop,Firefox,MacOS,/home
72e8cd21-4747-456a-bffd-d6498ce448d1,2026_W23,S3844,U9096,2026-06-03 07:45:00,2026-06-03 08:18:00,Facebook,Late,Tablet,Firefox,Windows,/offers
72e8cd21-4747-456a-bffd-d6498ce448d1,2026_W23,S3845,U3070,2026-06-02 01:29:41,2026-06-02 02:00:41,Google Ads,People,Desktop,Chrome,MacOS,/home
72e8cd21-4747-456a-bffd-d6498ce448d1,2026_W23,S3846,U1520,2026-06-06 14:58:31,2026-06-06 15:19:31,Organic,Size,Mobile,Firefox,Windows,/home
72e8cd21-4747-456a-bffd-d6498ce448d1,2026_W23,S3847,U4589,2026-06-05 17:23:39,2026-06-05 17:30:39,Instagram,On,Mobile,Safari,iOS,/products
72e8cd21-4747-456a-bffd-d6498ce448d1,2026_W23,S3848,U30984,2026-06-04 21:58:59,2026-06-04 22:13:59,Organic,Let,Tablet,Chrome,MacOS,/home
72e8cd21-4747-456a-bffd-d6498ce448d1,2026_W23,S3849,U33914,2026-06-02 09:24:27,2026-06-02 09:31:27,Email,Bad,Tablet,Chrome,Windows,/offers
72e8cd21-4747-456a-bffd-d6498ce448d1,2026_W23,S3850,U2384,2026-06-03 18:38:12,2026-06-03 19:05:12,Instagram,Ahead,Desktop,Safari,Android,/home
72e8cd21-4747-456a-bffd-d6498ce448d1,2026_W23,S3851,U27818,2026-06-06 22:53:10,2026-06-06 23:19:10,Organic,Thought,Mobile,Edge,iOS,/offers
72e8cd21-4747-456a-bffd-d6498ce448d1,2026_W23,S3852,U14501,2026-06-02 11:40:06,2026-06-02 12:10:06,Direct,Bed,Desktop,Safari,MacOS,/home
72e8cd21-4747-456a-bffd-d6498ce448d1,2026_W23,S3853,U13076,2026-06-07 18:37:45,2026-06-07 18:41:45,Google Ads,School,Tablet,Chrome,Android,/offers
72e8cd21-4747-456a-bffd-d6498ce448d1,2026_W23,S3854,U9110,2026-06-05 23:39:04,2026-06-05 23:42:04,Direct,Art,Mobile,Firefox,Android,/home
72e8cd21-4747-456a-bffd-d6498ce448d1,2026_W23,S3855,U11405,2026-06-03 20:02:20,2026-06-03 20:03:20,Instagram,Often,Tablet,Edge,iOS,/products
72e8cd21-4747-456a-bffd-d6498ce448d1,2026_W23,S3856,U19170,2026-06-07 05:45:12,2026-06-07 06:03:12,Organic,Yes,Mobile,Chrome,Windows,/products
72e8cd21-4747-456a-bffd-d6498ce448d1,2026_W23,S3857,U5903,2026-06-03 12:07:50,2026-06-03 12:47:50,Direct,Receive,Mobile,Safari,MacOS,/offers
72e8cd21-4747-456a-bffd-d6498ce448d1,2026_W23,S3858,U15074,2026-06-06 21:05:48,2026-06-06 21:44:48,Organic,Outside,Tablet,Chrome,iOS,/home
72e8cd21-4747-456a-bffd-d6498ce448d1,2026_W23,S3859,U24323,2026-06-04 17:10:37,2026-06-04 17:18:37,Facebook,Rest,Mobile,Safari,iOS,/products
72e8cd21-4747-456a-bffd-d6498ce448d1,2026_W23,S3860,U30206,2026-06-06 14:00:30,2026-06-06 14:11:30,Direct,Success,Tablet,Edge,Android,/products
72e8cd21-4747-456a-bffd-d6498ce448d1,2026_W23,S3861,U28187,2026-06-06 14:16:44,2026-06-06 14:26:44,Email,Should,Desktop,Safari,Android,/products
72e8cd21-4747-456a-bffd-d6498ce448d1,2026_W23,S3862,U325,2026-06-04 08:35:45,2026-06-04 08:49:45,Direct,Sound,Mobile,Chrome,MacOS,/home
72e8cd21-4747-456a-bffd-d6498ce448d1,2026_W23,S3863,U21404,2026-06-06 05:15:29,2026-06-06 05:41:29,Facebook,Present,Desktop,Safari,iOS,/home
72e8cd21-4747-456a-bffd-d6498ce448d1,2026_W23,S3864,U6595,2026-06-06 20:09:30,2026-06-06 20:37:30,Email,Different,Mobile,Firefox,Windows,/home
72e8cd21-4747-456a-bffd-d6498ce448d1,2026_W23,S3865,U2296,2026-06-03 23:47:32,2026-06-03 23:49:32,Instagram,High,Tablet,Edge,MacOS,/home
72e8cd21-4747-456a-bffd-d6498ce448d1,2026_W23,S3866,U9246,2026-06-02 15:22:36,2026-06-02 15:59:36,Organic,Admit,Mobile,Safari,Android,/offers
72e8cd21-4747-456a-bffd-d6498ce448d1,2026_W23,S3867,U10414,2026-06-02 22:04:53,2026-06-02 22:22:53,Email,Structure,Mobile,Safari,Windows,/products
72e8cd21-4747-456a-bffd-d6498ce448d1,2026_W23,S3868,U17801,2026-06-03 11:49:23,2026-06-03 11:55:23,Google Ads,Establish,Tablet,Edge,iOS,/offers
72e8cd21-4747-456a-bffd-d6498ce448d1,2026_W23,S3869,U34514,2026-06-04 20:40:52,2026-06-04 20:46:52,Organic,President,Desktop,Firefox,iOS,/home
72e8cd21-4747-456a-bffd-d6498ce448d1,2026_W23,S3870,U7536,2026-06-03 20:17:04,2026-06-03 20:43:04,Google Ads,Religious,Mobile,Firefox,Windows,/offers
72e8cd21-4747-456a-bffd-d6498ce448d1,2026_W23,S3871,U26135,2026-06-05 20:12:20,2026-06-05 20:15:20,Organic,Or,Desktop,Edge,Windows,/products
72e8cd21-4747-456a-bffd-d6498ce448d1,2026_W23,S3872,U26527,2026-06-04 00:41:46,2026-06-04 00:47:46,Direct,Assume,Tablet,Firefox,MacOS,/offers
72e8cd21-4747-456a-bffd-d6498ce448d1,2026_W23,S3873,U10023,2026-06-03 00:44:55,2026-06-03 00:59:55,Facebook,Away,Tablet,Edge,iOS,/products
72e8cd21-4747-456a-bffd-d6498ce448d1,2026_W23,S3874,U15208,2026-06-04 21:44:25,2026-06-04 22:23:25,Direct,Make,Desktop,Safari,Windows,/home
72e8cd21-4747-456a-bffd-d6498ce448d1,2026_W23,S3875,U19621,2026-06-06 13:57:48,2026-06-06 14:30:48,Facebook,Design,Mobile,Chrome,MacOS,/products
72e8cd21-4747-456a-bffd-d6498ce448d1,2026_W23,S3876,U8283,2026-06-04 11:01:26,2026-06-04 11:07:26,Direct,Usually,Mobile,Chrome,MacOS,/home
72e8cd21-4747-456a-bffd-d6498ce448d1,2026_W23,S3877,U8030,2026-06-03 11:29:00,2026-06-03 12:02:00,Direct,Well,Mobile,Safari,Windows,/offers
72e8cd21-4747-456a-bffd-d6498ce448d1,2026_W23,S3878,U22165,2026-06-04 07:42:31,2026-06-04 07:59:31,Direct,Article,Desktop,Safari,MacOS,/offers
72e8cd21-4747-456a-bffd-d6498ce448d1,2026_W23,S3879,U11288,2026-06-03 00:09:41,2026-06-03 00:46:41,Instagram,Side,Desktop,Firefox,Android,/products
72e8cd21-4747-456a-bffd-d6498ce448d1,2026_W23,S3880,U34289,2026-06-02 02:17:43,2026-06-02 02:19:43,Direct,Black,Desktop,Safari,Windows,/offers
72e8cd21-4747-456a-bffd-d6498ce448d1,2026_W23,S3881,U25797,2026-06-03 23:14:51,2026-06-03 23:36:51,Direct,Yeah,Mobile,Firefox,Windows,/home
72e8cd21-4747-456a-bffd-d6498ce448d1,2026_W23,S3882,U27302,2026-06-03 06:02:14,2026-06-03 06:18:14,Instagram,Past,Desktop,Chrome,MacOS,/home
72e8cd21-4747-456a-bffd-d6498ce448d1,2026_W23,S3883,U16951,2026-06-02 10:56:38,2026-06-02 10:59:38,Organic,Protect,Desktop,Firefox,iOS,/products
72e8cd21-4747-456a-bffd-d6498ce448d1,2026_W23,S3884,U26044,2026-06-05 00:17:58,2026-06-05 00:44:58,Organic,Now,Desktop,Edge,iOS,/offers
72e8cd21-4747-456a-bffd-d6498ce448d1,2026_W23,S3885,U12725,2026-06-05 00:26:35,2026-06-05 00:42:35,Instagram,Break,Desktop,Chrome,MacOS,/offers
72e8cd21-4747-456a-bffd-d6498ce448d1,2026_W23,S3886,U32385,2026-06-03 09:58:28,2026-06-03 10:17:28,Facebook,Magazine,Mobile,Firefox,Windows,/offers
72e8cd21-4747-456a-bffd-d6498ce448d1,2026_W23,S3887,U15536,2026-06-07 20:06:05,2026-06-07 20:07:05,Organic,Budget,Mobile,Firefox,MacOS,/offers
72e8cd21-4747-456a-bffd-d6498ce448d1,2026_W23,S3888,U9041,2026-06-06 07:33:22,2026-06-06 07:41:22,Instagram,Fall,Desktop,Chrome,Android,/home
72e8cd21-4747-456a-bffd-d6498ce448d1,2026_W23,S3889,U31370,2026-06-04 17:17:27,2026-06-04 17:27:27,Google Ads,Bill,Mobile,Safari,Android,/home
72e8cd21-4747-456a-bffd-d6498ce448d1,2026_W23,S3890,U11485,2026-06-04 07:07:48,2026-06-04 07:11:48,Email,My,Tablet,Safari,iOS,/offers
72e8cd21-4747-456a-bffd-d6498ce448d1,2026_W23,S3891,U484,2026-06-05 00:54:55,2026-06-05 01:07:55,Instagram,Especially,Desktop,Firefox,iOS,/products
72e8cd21-4747-456a-bffd-d6498ce448d1,2026_W23,S3892,U193,2026-06-02 13:54:55,2026-06-02 14:25:55,Facebook,Follow,Desktop,Chrome,Windows,/products
72e8cd21-4747-456a-bffd-d6498ce448d1,2026_W23,S3893,U26226,2026-06-07 17:39:21,2026-06-07 17:46:21,Google Ads,Note,Desktop,Edge,Android,/products
72e8cd21-4747-456a-bffd-d6498ce448d1,2026_W23,S3894,U27660,2026-06-05 03:03:20,2026-06-05 03:40:20,Facebook,Sit,Tablet,Chrome,Android,/home
72e8cd21-4747-456a-bffd-d6498ce448d1,2026_W23,S3895,U8136,2026-06-04 09:10:42,2026-06-04 09:42:42,Google Ads,Recognize,Mobile,Chrome,Android,/products
72e8cd21-4747-456a-bffd-d6498ce448d1,2026_W23,S3896,U24671,2026-06-07 20:04:46,2026-06-07 20:23:46,Email,Hundred,Desktop,Chrome,iOS,/home
72e8cd21-4747-456a-bffd-d6498ce448d1,2026_W23,S3897,U21425,2026-06-02 09:51:46,2026-06-02 09:56:46,Facebook,Relationship,Tablet,Safari,Android,/offers
72e8cd21-4747-456a-bffd-d6498ce448d1,2026_W23,S3898,U15405,2026-06-02 03:14:50,2026-06-02 03:20:50,Email,Society,Tablet,Safari,Windows,/offers
72e8cd21-4747-456a-bffd-d6498ce448d1,2026_W23,S3899,U26813,2026-06-06 09:19:07,2026-06-06 09:46:07,Google Ads,Affect,Desktop,Edge,iOS,/offers
72e8cd21-4747-456a-bffd-d6498ce448d1,2026_W23,S3900,U18531,2026-06-07 14:04:12,2026-06-07 14:39:12,Organic,Occur,Tablet,Firefox,MacOS,/home
72e8cd21-4747-456a-bffd-d6498ce448d1,2026_W23,S3901,U6136,2026-06-02 12:02:42,2026-06-02 12:34:42,Email,Summer,Mobile,Safari,Android,/products
72e8cd21-4747-456a-bffd-d6498ce448d1,2026_W23,S3902,U10022,2026-06-02 00:51:22,2026-06-02 00:55:22,Google Ads,Language,Mobile,Chrome,Windows,/home
72e8cd21-4747-456a-bffd-d6498ce448d1,2026_W23,S3903,U12947,2026-06-03 21:09:51,2026-06-03 21:48:51,Instagram,Western,Desktop,Safari,iOS,/offers
72e8cd21-4747-456a-bffd-d6498ce448d1,2026_W23,S3904,U29586,2026-06-07 06:23:48,2026-06-07 07:03:48,Direct,Ready,Tablet,Edge,Android,/products
72e8cd21-4747-456a-bffd-d6498ce448d1,2026_W23,S3905,U20171,2026-06-03 22:20:08,2026-06-03 22:57:08,Facebook,Worker,Mobile,Firefox,Windows,/offers
72e8cd21-4747-456a-bffd-d6498ce448d1,2026_W23,S3906,U21280,2026-06-05 08:10:39,2026-06-05 08:46:39,Google Ads,Human,Tablet,Edge,Android,/home
72e8cd21-4747-456a-bffd-d6498ce448d1,2026_W23,S3907,U9585,2026-06-02 04:46:32,2026-06-02 05:08:32,Organic,Move,Tablet,Edge,iOS,/products
72e8cd21-4747-456a-bffd-d6498ce448d1,2026_W23,S3908,U25442,2026-06-07 16:34:59,2026-06-07 16:42:59,Facebook,Party,Tablet,Firefox,iOS,/home
72e8cd21-4747-456a-bffd-d6498ce448d1,2026_W23,S3909,U24206,2026-06-06 19:46:22,2026-06-06 20:02:22,Google Ads,Assume,Mobile,Firefox,Windows,/products
72e8cd21-4747-456a-bffd-d6498ce448d1,2026_W23,S3910,U34831,2026-06-01 21:19:28,2026-06-01 21:41:28,Email,Sell,Desktop,Safari,iOS,/home
72e8cd21-4747-456a-bffd-d6498ce448d1,2026_W23,S3911,U30318,2026-06-04 15:21:40,2026-06-04 15:25:40,Email,Rate,Mobile,Safari,Android,/home
72e8cd21-4747-456a-bffd-d6498ce448d1,2026_W23,S3912,U34679,2026-06-02 10:28:27,2026-06-02 10:51:27,Google Ads,Imagine,Mobile,Chrome,MacOS,/offers
72e8cd21-4747-456a-bffd-d6498ce448d1,2026_W23,S3913,U2853,2026-06-06 15:10:14,2026-06-06 15:17:14,Organic,Ability,Tablet,Firefox,Windows,/products
72e8cd21-4747-456a-bffd-d6498ce448d1,2026_W23,S3914,U12929,2026-06-07 00:54:44,2026-06-07 01:29:44,Instagram,Myself,Mobile,Chrome,MacOS,/home
72e8cd21-4747-456a-bffd-d6498ce448d1,2026_W23,S3915,U7786,2026-06-06 07:43:15,2026-06-06 07:54:15,Facebook,Performance,Mobile,Edge,MacOS,/home
72e8cd21-4747-456a-bffd-d6498ce448d1,2026_W23,S3916,U21326,2026-06-04 13:35:06,2026-06-04 14:04:06,Email,Thank,Tablet,Chrome,iOS,/products
72e8cd21-4747-456a-bffd-d6498ce448d1,2026_W23,S3917,U20519,2026-06-06 23:57:27,2026-06-07 00:10:27,Email,Structure,Desktop,Chrome,Android,/offers
72e8cd21-4747-456a-bffd-d6498ce448d1,2026_W23,S3918,U30945,2026-06-05 13:49:19,2026-06-05 14:14:19,Facebook,Choose,Desktop,Edge,Windows,/home
72e8cd21-4747-456a-bffd-d6498ce448d1,2026_W23,S3919,U2109,2026-06-07 10:44:42,2026-06-07 10:56:42,Instagram,Mr,Desktop,Chrome,iOS,/offers
72e8cd21-4747-456a-bffd-d6498ce448d1,2026_W23,S3920,U28592,2026-06-02 04:48:30,2026-06-02 05:14:30,Organic,Up,Tablet,Safari,Windows,/offers
72e8cd21-4747-456a-bffd-d6498ce448d1,2026_W23,S3921,U5423,2026-06-03 03:55:27,2026-06-03 03:58:27,Google Ads,Government,Tablet,Chrome,MacOS,/offers
72e8cd21-4747-456a-bffd-d6498ce448d1,2026_W23,S3922,U26845,2026-06-04 04:29:30,2026-06-04 04:58:30,Google Ads,Agree,Mobile,Safari,Windows,/products
72e8cd21-4747-456a-bffd-d6498ce448d1,2026_W23,S3923,U3418,2026-06-07 02:13:02,2026-06-07 02:28:02,Email,Gun,Mobile,Edge,iOS,/offers
72e8cd21-4747-456a-bffd-d6498ce448d1,2026_W23,S3924,U29051,2026-06-07 19:53:37,2026-06-07 20:07:37,Instagram,Pattern,Mobile,Safari,MacOS,/products
72e8cd21-4747-456a-bffd-d6498ce448d1,2026_W23,S3925,U17263,2026-06-02 20:02:55,2026-06-02 20:39:55,Facebook,Scientist,Mobile,Firefox,MacOS,/offers
72e8cd21-4747-456a-bffd-d6498ce448d1,2026_W23,S3926,U1254,2026-06-04 21:08:13,2026-06-04 21:38:13,Email,Response,Tablet,Chrome,Android,/home
72e8cd21-4747-456a-bffd-d6498ce448d1,2026_W23,S3927,U5363,2026-06-02 06:53:03,2026-06-02 07:02:03,Direct,Writer,Mobile,Chrome,Android,/products
72e8cd21-4747-456a-bffd-d6498ce448d1,2026_W23,S3928,U28535,2026-06-01 21:55:15,2026-06-01 22:13:15,Organic,Suffer,Mobile,Firefox,Android,/products
72e8cd21-4747-456a-bffd-d6498ce448d1,2026_W23,S3929,U6481,2026-06-01 23:49:24,2026-06-01 23:55:24,Email,Sense,Mobile,Safari,Android,/products
72e8cd21-4747-456a-bffd-d6498ce448d1,2026_W23,S3930,U25723,2026-06-05 20:13:12,2026-06-05 20:20:12,Google Ads,Without,Tablet,Chrome,Android,/products
72e8cd21-4747-456a-bffd-d6498ce448d1,2026_W23,S3931,U16765,2026-06-06 20:49:47,2026-06-06 20:58:47,Email,Increase,Mobile,Safari,Windows,/products
72e8cd21-4747-456a-bffd-d6498ce448d1,2026_W23,S3932,U28929,2026-06-03 22:40:43,2026-06-03 23:06:43,Email,Production,Tablet,Chrome,iOS,/offers
72e8cd21-4747-456a-bffd-d6498ce448d1,2026_W23,S3933,U6204,2026-06-02 05:58:29,2026-06-02 06:04:29,Organic,Mother,Mobile,Edge,MacOS,/offers
72e8cd21-4747-456a-bffd-d6498ce448d1,2026_W23,S3934,U6583,2026-06-04 15:24:50,2026-06-04 16:02:50,Google Ads,Remember,Tablet,Safari,iOS,/home
72e8cd21-4747-456a-bffd-d6498ce448d1,2026_W23,S3935,U11900,2026-06-06 09:44:50,2026-06-06 10:20:50,Organic,Buy,Tablet,Firefox,MacOS,/home
72e8cd21-4747-456a-bffd-d6498ce448d1,2026_W23,S3936,U1120,2026-06-04 19:21:40,2026-06-04 19:58:40,Organic,Current,Mobile,Safari,Android,/products
72e8cd21-4747-456a-bffd-d6498ce448d1,2026_W23,S3937,U23792,2026-06-04 03:00:45,2026-06-04 03:10:45,Google Ads,Contain,Tablet,Safari,Android,/home
72e8cd21-4747-456a-bffd-d6498ce448d1,2026_W23,S3938,U13325,2026-06-03 00:21:34,2026-06-03 00:32:34,Instagram,Success,Tablet,Chrome,Android,/products
72e8cd21-4747-456a-bffd-d6498ce448d1,2026_W23,S3939,U6464,2026-06-05 13:39:29,2026-06-05 13:50:29,Organic,Present,Desktop,Edge,iOS,/offers
72e8cd21-4747-456a-bffd-d6498ce448d1,2026_W23,S3940,U10068,2026-06-07 12:57:40,2026-06-07 13:33:40,Organic,Treat,Desktop,Safari,MacOS,/offers
72e8cd21-4747-456a-bffd-d6498ce448d1,2026_W23,S3941,U6974,2026-06-03 12:21:43,2026-06-03 12:47:43,Google Ads,College,Mobile,Edge,Android,/home
72e8cd21-4747-456a-bffd-d6498ce448d1,2026_W23,S3942,U9943,2026-06-04 07:29:22,2026-06-04 07:39:22,Email,Writer,Desktop,Edge,iOS,/offers
72e8cd21-4747-456a-bffd-d6498ce448d1,2026_W23,S3943,U21438,2026-06-03 20:21:22,2026-06-03 21:00:22,Instagram,Strong,Desktop,Firefox,iOS,/offers
72e8cd21-4747-456a-bffd-d6498ce448d1,2026_W23,S3944,U25981,2026-06-07 06:34:35,2026-06-07 07:14:35,Google Ads,Character,Desktop,Safari,iOS,/offers
72e8cd21-4747-456a-bffd-d6498ce448d1,2026_W23,S3945,U5131,2026-06-05 22:49:04,2026-06-05 22:53:04,Google Ads,Imagine,Mobile,Edge,Android,/offers
72e8cd21-4747-456a-bffd-d6498ce448d1,2026_W23,S3946,U6623,2026-06-05 09:59:38,2026-06-05 10:23:38,Facebook,Through,Mobile,Chrome,MacOS,/home
72e8cd21-4747-456a-bffd-d6498ce448d1,2026_W23,S3947,U19687,2026-06-04 10:55:58,2026-06-04 11:04:58,Email,Than,Mobile,Edge,MacOS,/products
72e8cd21-4747-456a-bffd-d6498ce448d1,2026_W23,S3948,U28930,2026-06-04 14:15:10,2026-06-04 14:41:10,Facebook,Structure,Mobile,Edge,MacOS,/products
72e8cd21-4747-456a-bffd-d6498ce448d1,2026_W23,S3949,U24104,2026-06-04 06:28:42,2026-06-04 06:45:42,Organic,Mission,Desktop,Edge,iOS,/products
72e8cd21-4747-456a-bffd-d6498ce448d1,2026_W23,S3950,U26146,2026-06-02 15:08:59,2026-06-02 15:16:59,Direct,Although,Mobile,Firefox,Android,/home
72e8cd21-4747-456a-bffd-d6498ce448d1,2026_W23,S3951,U24687,2026-06-04 17:55:21,2026-06-04 17:58:21,Direct,Attention,Desktop,Chrome,Windows,/products
72e8cd21-4747-456a-bffd-d6498ce448d1,2026_W23,S3952,U29060,2026-06-04 06:40:05,2026-06-04 07:08:05,Google Ads,Financial,Tablet,Firefox,Windows,/home
72e8cd21-4747-456a-bffd-d6498ce448d1,2026_W23,S3953,U26837,2026-06-07 09:47:43,2026-06-07 10:18:43,Email,Father,Tablet,Firefox,Android,/offers
72e8cd21-4747-456a-bffd-d6498ce448d1,2026_W23,S3954,U16239,2026-06-04 21:27:44,2026-06-04 22:02:44,Instagram,Region,Mobile,Chrome,MacOS,/home
72e8cd21-4747-456a-bffd-d6498ce448d1,2026_W23,S3955,U21121,2026-06-06 01:42:57,2026-06-06 02:01:57,Google Ads,Least,Tablet,Edge,Windows,/products
72e8cd21-4747-456a-bffd-d6498ce448d1,2026_W23,S3956,U30055,2026-06-05 22:38:20,2026-06-05 22:51:20,Facebook,Role,Desktop,Safari,MacOS,/home
72e8cd21-4747-456a-bffd-d6498ce448d1,2026_W23,S3957,U26290,2026-06-04 21:26:14,2026-06-04 21:44:14,Instagram,Knowledge,Mobile,Chrome,iOS,/home
72e8cd21-4747-456a-bffd-d6498ce448d1,2026_W23,S3958,U21594,2026-06-04 10:08:53,2026-06-04 10:36:53,Organic,Who,Tablet,Firefox,Android,/products
72e8cd21-4747-456a-bffd-d6498ce448d1,2026_W23,S3959,U8064,2026-06-07 13:44:23,2026-06-07 14:16:23,Direct,Throughout,Mobile,Edge,Android,/products
72e8cd21-4747-456a-bffd-d6498ce448d1,2026_W23,S3960,U34431,2026-06-06 03:15:57,2026-06-06 03:26:57,Instagram,Mr,Tablet,Firefox,iOS,/offers
72e8cd21-4747-456a-bffd-d6498ce448d1,2026_W23,S3961,U2248,2026-06-04 11:33:33,2026-06-04 11:58:33,Google Ads,Culture,Tablet,Chrome,iOS,/products
72e8cd21-4747-456a-bffd-d6498ce448d1,2026_W23,S3962,U8392,2026-06-02 10:13:55,2026-06-02 10:14:55,Email,Improve,Tablet,Edge,iOS,/products
72e8cd21-4747-456a-bffd-d6498ce448d1,2026_W23,S3963,U26148,2026-06-04 06:06:29,2026-06-04 06:10:29,Google Ads,Require,Desktop,Edge,Windows,/offers
72e8cd21-4747-456a-bffd-d6498ce448d1,2026_W23,S3964,U32964,2026-06-02 21:09:27,2026-06-02 21:18:27,Direct,Believe,Desktop,Firefox,Windows,/home
72e8cd21-4747-456a-bffd-d6498ce448d1,2026_W23,S3965,U29111,2026-06-03 14:28:40,2026-06-03 14:57:40,Email,Ago,Tablet,Chrome,Windows,/products
72e8cd21-4747-456a-bffd-d6498ce448d1,2026_W23,S3966,U14821,2026-06-05 12:01:06,2026-06-05 12:31:06,Organic,Meet,Mobile,Edge,Windows,/home
72e8cd21-4747-456a-bffd-d6498ce448d1,2026_W23,S3967,U6198,2026-06-06 03:18:18,2026-06-06 03:39:18,Instagram,Source,Mobile,Safari,MacOS,/products
72e8cd21-4747-456a-bffd-d6498ce448d1,2026_W23,S3968,U1996,2026-06-06 05:01:52,2026-06-06 05:13:52,Instagram,Account,Desktop,Chrome,Windows,/offers
72e8cd21-4747-456a-bffd-d6498ce448d1,2026_W23,S3969,U32082,2026-06-04 11:40:34,2026-06-04 12:09:34,Direct,Perform,Mobile,Safari,MacOS,/products
72e8cd21-4747-456a-bffd-d6498ce448d1,2026_W23,S3970,U8986,2026-06-03 06:29:49,2026-06-03 07:02:49,Facebook,Machine,Mobile,Firefox,Android,/home
72e8cd21-4747-456a-bffd-d6498ce448d1,2026_W23,S3971,U18015,2026-06-02 20:50:31,2026-06-02 21:21:31,Direct,Society,Desktop,Safari,Windows,/products
72e8cd21-4747-456a-bffd-d6498ce448d1,2026_W23,S3972,U26744,2026-06-03 16:06:29,2026-06-03 16:14:29,Organic,Mr,Desktop,Chrome,Windows,/products
72e8cd21-4747-456a-bffd-d6498ce448d1,2026_W23,S3973,U26460,2026-06-02 00:56:58,2026-06-02 01:10:58,Direct,Up,Desktop,Firefox,Android,/home
72e8cd21-4747-456a-bffd-d6498ce448d1,2026_W23,S3974,U25388,2026-06-03 07:27:35,2026-06-03 07:37:35,Google Ads,Speak,Mobile,Chrome,MacOS,/products
72e8cd21-4747-456a-bffd-d6498ce448d1,2026_W23,S3975,U20962,2026-06-03 10:30:09,2026-06-03 10:58:09,Email,Peace,Mobile,Chrome,Windows,/offers
72e8cd21-4747-456a-bffd-d6498ce448d1,2026_W23,S3976,U11259,2026-06-07 05:02:42,2026-06-07 05:15:42,Facebook,Anything,Desktop,Edge,Android,/home
72e8cd21-4747-456a-bffd-d6498ce448d1,2026_W23,S3977,U34709,2026-06-02 13:34:55,2026-06-02 13:50:55,Email,Window,Mobile,Firefox,Android,/home
72e8cd21-4747-456a-bffd-d6498ce448d1,2026_W23,S3978,U26372,2026-06-03 19:22:42,2026-06-03 19:39:42,Organic,Office,Mobile,Safari,Windows,/offers
72e8cd21-4747-456a-bffd-d6498ce448d1,2026_W23,S3979,U13399,2026-06-03 18:20:26,2026-06-03 18:56:26,Direct,Book,Desktop,Edge,Android,/products
72e8cd21-4747-456a-bffd-d6498ce448d1,2026_W23,S3980,U17926,2026-06-07 00:16:04,2026-06-07 00:36:04,Organic,Dog,Desktop,Safari,iOS,/home
72e8cd21-4747-456a-bffd-d6498ce448d1,2026_W23,S3981,U21542,2026-06-03 08:42:14,2026-06-03 08:55:14,Organic,Left,Tablet,Safari,iOS,/home
72e8cd21-4747-456a-bffd-d6498ce448d1,2026_W23,S3982,U20810,2026-06-04 17:40:30,2026-06-04 17:57:30,Facebook,Cup,Tablet,Firefox,iOS,/offers
72e8cd21-4747-456a-bffd-d6498ce448d1,2026_W23,S3983,U4263,2026-06-02 11:23:11,2026-06-02 11:59:11,Direct,Ago,Desktop,Firefox,iOS,/offers
72e8cd21-4747-456a-bffd-d6498ce448d1,2026_W23,S3984,U34673,2026-06-06 14:26:01,2026-06-06 14:33:01,Instagram,Eight,Mobile,Chrome,MacOS,/offers
72e8cd21-4747-456a-bffd-d6498ce448d1,2026_W23,S3985,U15497,2026-06-05 00:43:03,2026-06-05 01:02:03,Direct,Ready,Tablet,Chrome,Android,/home
72e8cd21-4747-456a-bffd-d6498ce448d1,2026_W23,S3986,U3139,2026-06-06 11:27:48,2026-06-06 11:59:48,Instagram,Red,Tablet,Edge,Android,/home
72e8cd21-4747-456a-bffd-d6498ce448d1,2026_W23,S3987,U23805,2026-06-03 21:03:39,2026-06-03 21:10:39,Facebook,Audience,Mobile,Edge,Android,/products
72e8cd21-4747-456a-bffd-d6498ce448d1,2026_W23,S3988,U16511,2026-06-02 00:06:50,2026-06-02 00:36:50,Organic,Meeting,Mobile,Firefox,Android,/home
72e8cd21-4747-456a-bffd-d6498ce448d1,2026_W23,S3989,U859,2026-06-04 08:56:26,2026-06-04 09:25:26,Email,Find,Desktop,Chrome,Windows,/home
72e8cd21-4747-456a-bffd-d6498ce448d1,2026_W23,S3990,U3790,2026-06-02 23:03:42,2026-06-02 23:08:42,Facebook,Game,Desktop,Chrome,iOS,/products
72e8cd21-4747-456a-bffd-d6498ce448d1,2026_W23,S3991,U1038,2026-06-03 22:44:21,2026-06-03 22:59:21,Email,Fire,Desktop,Safari,MacOS,/products
72e8cd21-4747-456a-bffd-d6498ce448d1,2026_W23,S3992,U19954,2026-06-02 19:21:01,2026-06-02 19:31:01,Email,Along,Tablet,Firefox,iOS,/offers
72e8cd21-4747-456a-bffd-d6498ce448d1,2026_W23,S3993,U22782,2026-06-04 17:22:00,2026-06-04 18:01:00,Direct,Should,Mobile,Firefox,Android,/home
72e8cd21-4747-456a-bffd-d6498ce448d1,2026_W23,S3994,U958,2026-06-06 06:01:10,2026-06-06 06:15:10,Google Ads,To,Mobile,Safari,Android,/products
72e8cd21-4747-456a-bffd-d6498ce448d1,2026_W23,S3995,U19540,2026-06-05 08:51:43,2026-06-05 09:30:43,Instagram,Entire,Tablet,Firefox,iOS,/offers
72e8cd21-4747-456a-bffd-d6498ce448d1,2026_W23,S3996,U12771,2026-06-03 02:00:05,2026-06-03 02:18:05,Google Ads,Feeling,Tablet,Edge,iOS,/offers
72e8cd21-4747-456a-bffd-d6498ce448d1,2026_W23,S3997,U32995,2026-06-07 06:08:32,2026-06-07 06:12:32,Instagram,End,Desktop,Firefox,iOS,/home
72e8cd21-4747-456a-bffd-d6498ce448d1,2026_W23,S3998,U16145,2026-06-07 02:26:39,2026-06-07 02:35:39,Facebook,Low,Tablet,Safari,Windows,/products
72e8cd21-4747-456a-bffd-d6498ce448d1,2026_W23,S3999,U14397,2026-06-07 13:38:44,2026-06-07 13:56:44,Organic,Financial,Mobile,Safari,MacOS,/home
72e8cd21-4747-456a-bffd-d6498ce448d1,2026_W23,S4000,U29820,2026-06-04 00:17:46,2026-06-04 00:38:46,Email,Art,Tablet,Edge,MacOS,/products
72e8cd21-4747-456a-bffd-d6498ce448d1,2026_W23,S4001,U7492,2026-06-06 19:40:06,2026-06-06 19:42:06,Direct,Foot,Desktop,Firefox,Android,/products
72e8cd21-4747-456a-bffd-d6498ce448d1,2026_W23,S4002,U28799,2026-06-04 20:12:07,2026-06-04 20:16:07,Google Ads,Win,Tablet,Edge,Android,/products
72e8cd21-4747-456a-bffd-d6498ce448d1,2026_W23,S4003,U6000,2026-06-03 10:35:33,2026-06-03 10:43:33,Facebook,Fill,Mobile,Chrome,Android,/home
72e8cd21-4747-456a-bffd-d6498ce448d1,2026_W23,S4004,U8871,2026-06-03 13:20:05,2026-06-03 13:45:05,Organic,Author,Desktop,Edge,Windows,/products
72e8cd21-4747-456a-bffd-d6498ce448d1,2026_W23,S4005,U16583,2026-06-04 09:34:08,2026-06-04 10:09:08,Google Ads,Them,Mobile,Safari,Android,/products
72e8cd21-4747-456a-bffd-d6498ce448d1,2026_W23,S4006,U2089,2026-06-04 11:44:30,2026-06-04 11:49:30,Instagram,Affect,Mobile,Firefox,Windows,/offers
72e8cd21-4747-456a-bffd-d6498ce448d1,2026_W23,S4007,U30785,2026-06-06 13:49:37,2026-06-06 14:21:37,Organic,Tonight,Tablet,Edge,MacOS,/products
72e8cd21-4747-456a-bffd-d6498ce448d1,2026_W23,S4008,U8020,2026-06-07 05:29:18,2026-06-07 06:01:18,Direct,Sign,Mobile,Firefox,MacOS,/offers
72e8cd21-4747-456a-bffd-d6498ce448d1,2026_W23,S4009,U18993,2026-06-05 13:04:06,2026-06-05 13:33:06,Google Ads,Middle,Tablet,Safari,MacOS,/home
72e8cd21-4747-456a-bffd-d6498ce448d1,2026_W23,S4010,U8378,2026-06-03 23:11:32,2026-06-03 23:22:32,Facebook,Since,Mobile,Chrome,MacOS,/offers
72e8cd21-4747-456a-bffd-d6498ce448d1,2026_W23,S4011,U21360,2026-06-05 04:46:29,2026-06-05 04:55:29,Organic,Whole,Desktop,Edge,Windows,/products
72e8cd21-4747-456a-bffd-d6498ce448d1,2026_W23,S4012,U15154,2026-06-07 19:07:56,2026-06-07 19:47:56,Instagram,Teacher,Mobile,Chrome,Windows,/home
72e8cd21-4747-456a-bffd-d6498ce448d1,2026_W23,S4013,U4460,2026-06-04 21:09:57,2026-06-04 21:29:57,Organic,Media,Mobile,Safari,Android,/home
72e8cd21-4747-456a-bffd-d6498ce448d1,2026_W23,S4014,U33909,2026-06-02 23:52:18,2026-06-02 23:56:18,Email,Bar,Mobile,Chrome,iOS,/products
72e8cd21-4747-456a-bffd-d6498ce448d1,2026_W23,S4015,U7704,2026-06-07 18:38:06,2026-06-07 18:42:06,Email,About,Tablet,Edge,Android,/products
72e8cd21-4747-456a-bffd-d6498ce448d1,2026_W23,S4016,U28996,2026-06-02 13:56:34,2026-06-02 14:34:34,Facebook,Thank,Desktop,Safari,Android,/home
72e8cd21-4747-456a-bffd-d6498ce448d1,2026_W23,S4017,U10272,2026-06-06 02:18:53,2026-06-06 02:43:53,Email,Bar,Desktop,Safari,MacOS,/home
72e8cd21-4747-456a-bffd-d6498ce448d1,2026_W23,S4018,U25695,2026-06-03 22:56:14,2026-06-03 23:33:14,Facebook,Account,Desktop,Edge,MacOS,/products
72e8cd21-4747-456a-bffd-d6498ce448d1,2026_W23,S4019,U28305,2026-06-03 13:56:33,2026-06-03 14:29:33,Google Ads,Indeed,Tablet,Firefox,iOS,/home
72e8cd21-4747-456a-bffd-d6498ce448d1,2026_W23,S4020,U25811,2026-06-02 02:21:09,2026-06-02 02:26:09,Instagram,South,Desktop,Safari,Android,/offers
72e8cd21-4747-456a-bffd-d6498ce448d1,2026_W23,S4021,U27404,2026-06-06 08:37:18,2026-06-06 09:00:18,Email,Social,Desktop,Safari,MacOS,/products
72e8cd21-4747-456a-bffd-d6498ce448d1,2026_W23,S4022,U29064,2026-06-03 07:40:30,2026-06-03 07:50:30,Email,Instead,Tablet,Chrome,MacOS,/offers
72e8cd21-4747-456a-bffd-d6498ce448d1,2026_W23,S4023,U1733,2026-06-03 08:19:17,2026-06-03 08:40:17,Instagram,Remain,Tablet,Firefox,Android,/home
72e8cd21-4747-456a-bffd-d6498ce448d1,2026_W23,S4024,U5812,2026-06-05 02:30:30,2026-06-05 03:05:30,Direct,Behavior,Desktop,Firefox,MacOS,/home
72e8cd21-4747-456a-bffd-d6498ce448d1,2026_W23,S4025,U3157,2026-06-05 02:08:54,2026-06-05 02:36:54,Instagram,Top,Tablet,Chrome,MacOS,/home
72e8cd21-4747-456a-bffd-d6498ce448d1,2026_W23,S4026,U25791,2026-06-05 04:03:42,2026-06-05 04:22:42,Direct,Instead,Desktop,Chrome,iOS,/products
72e8cd21-4747-456a-bffd-d6498ce448d1,2026_W23,S4027,U13141,2026-06-05 03:53:16,2026-06-05 04:26:16,Email,Trip,Desktop,Chrome,Windows,/offers
72e8cd21-4747-456a-bffd-d6498ce448d1,2026_W23,S4028,U30642,2026-06-07 07:21:54,2026-06-07 07:32:54,Email,Ever,Desktop,Safari,Windows,/home
72e8cd21-4747-456a-bffd-d6498ce448d1,2026_W23,S4029,U7999,2026-06-04 01:23:42,2026-06-04 02:00:42,Direct,Difficult,Mobile,Edge,iOS,/home
72e8cd21-4747-456a-bffd-d6498ce448d1,2026_W23,S4030,U21290,2026-06-03 20:44:01,2026-06-03 21:14:01,Google Ads,Bag,Tablet,Chrome,Android,/home
72e8cd21-4747-456a-bffd-d6498ce448d1,2026_W23,S4031,U19458,2026-06-03 15:14:27,2026-06-03 15:36:27,Facebook,Five,Mobile,Chrome,Android,/offers
72e8cd21-4747-456a-bffd-d6498ce448d1,2026_W23,S4032,U6427,2026-06-06 07:49:00,2026-06-06 08:00:00,Organic,Onto,Mobile,Edge,Android,/offers
72e8cd21-4747-456a-bffd-d6498ce448d1,2026_W23,S4033,U20752,2026-06-04 19:32:47,2026-06-04 19:39:47,Facebook,Speak,Mobile,Firefox,iOS,/home
72e8cd21-4747-456a-bffd-d6498ce448d1,2026_W23,S4034,U6819,2026-06-05 02:40:54,2026-06-05 03:04:54,Direct,Yeah,Mobile,Firefox,Android,/products
72e8cd21-4747-456a-bffd-d6498ce448d1,2026_W23,S4035,U21703,2026-06-05 07:16:42,2026-06-05 07:24:42,Email,Describe,Mobile,Edge,iOS,/offers
72e8cd21-4747-456a-bffd-d6498ce448d1,2026_W23,S4036,U21036,2026-06-04 10:26:04,2026-06-04 11:06:04,Google Ads,Wide,Tablet,Edge,iOS,/home
72e8cd21-4747-456a-bffd-d6498ce448d1,2026_W23,S4037,U16102,2026-06-02 17:53:35,2026-06-02 18:28:35,Google Ads,Usually,Desktop,Firefox,Android,/products
72e8cd21-4747-456a-bffd-d6498ce448d1,2026_W23,S4038,U160,2026-06-03 05:16:00,2026-06-03 05:40:00,Facebook,Through,Tablet,Chrome,iOS,/offers
72e8cd21-4747-456a-bffd-d6498ce448d1,2026_W23,S4039,U29589,2026-06-03 12:21:31,2026-06-03 12:42:31,Direct,Property,Tablet,Edge,Windows,/home
72e8cd21-4747-456a-bffd-d6498ce448d1,2026_W23,S4040,U24633,2026-06-04 06:22:25,2026-06-04 06:24:25,Email,Which,Mobile,Edge,iOS,/home
72e8cd21-4747-456a-bffd-d6498ce448d1,2026_W23,S4041,U8017,2026-06-04 05:58:41,2026-06-04 06:35:41,Direct,Themselves,Tablet,Safari,Android,/offers
72e8cd21-4747-456a-bffd-d6498ce448d1,2026_W23,S4042,U9915,2026-06-04 11:59:47,2026-06-04 12:00:47,Direct,Student,Tablet,Edge,MacOS,/home
72e8cd21-4747-456a-bffd-d6498ce448d1,2026_W23,S4043,U1820,2026-06-03 10:22:35,2026-06-03 10:35:35,Google Ads,Word,Mobile,Safari,Windows,/offers
72e8cd21-4747-456a-bffd-d6498ce448d1,2026_W23,S4044,U21406,2026-06-02 22:25:04,2026-06-02 22:28:04,Organic,They,Desktop,Chrome,Windows,/products
72e8cd21-4747-456a-bffd-d6498ce448d1,2026_W23,S4045,U9039,2026-06-03 16:02:36,2026-06-03 16:23:36,Google Ads,Tax,Mobile,Chrome,iOS,/products
72e8cd21-4747-456a-bffd-d6498ce448d1,2026_W23,S4046,U28601,2026-06-04 15:03:23,2026-06-04 15:13:23,Direct,Woman,Mobile,Edge,iOS,/home
72e8cd21-4747-456a-bffd-d6498ce448d1,2026_W23,S4047,U27087,2026-06-05 10:27:56,2026-06-05 10:37:56,Instagram,Church,Desktop,Safari,Windows,/products
72e8cd21-4747-456a-bffd-d6498ce448d1,2026_W23,S4048,U13069,2026-06-05 12:02:49,2026-06-05 12:20:49,Organic,Example,Mobile,Chrome,Windows,/offers
72e8cd21-4747-456a-bffd-d6498ce448d1,2026_W23,S4049,U15396,2026-06-06 16:59:23,2026-06-06 17:36:23,Facebook,Until,Tablet,Firefox,Windows,/home
72e8cd21-4747-456a-bffd-d6498ce448d1,2026_W23,S4050,U33756,2026-06-02 12:38:45,2026-06-02 12:50:45,Facebook,Blood,Mobile,Safari,Android,/offers
72e8cd21-4747-456a-bffd-d6498ce448d1,2026_W23,S4051,U18761,2026-06-07 09:58:21,2026-06-07 10:34:21,Email,Dark,Desktop,Chrome,Android,/offers
72e8cd21-4747-456a-bffd-d6498ce448d1,2026_W23,S4052,U18733,2026-06-03 04:55:07,2026-06-03 04:56:07,Google Ads,Share,Desktop,Edge,iOS,/products
72e8cd21-4747-456a-bffd-d6498ce448d1,2026_W23,S4053,U31095,2026-06-07 10:03:09,2026-06-07 10:19:09,Email,Approach,Tablet,Firefox,Android,/offers
72e8cd21-4747-456a-bffd-d6498ce448d1,2026_W23,S4054,U31816,2026-06-02 23:48:05,2026-06-03 00:25:05,Google Ads,Every,Tablet,Firefox,MacOS,/home
72e8cd21-4747-456a-bffd-d6498ce448d1,2026_W23,S4055,U21840,2026-06-02 22:34:39,2026-06-02 23:14:39,Organic,Left,Tablet,Firefox,Windows,/home
72e8cd21-4747-456a-bffd-d6498ce448d1,2026_W23,S4056,U2680,2026-06-02 07:40:32,2026-06-02 07:57:32,Direct,Easy,Desktop,Safari,Windows,/products
72e8cd21-4747-456a-bffd-d6498ce448d1,2026_W23,S4057,U20138,2026-06-03 05:46:53,2026-06-03 06:16:53,Google Ads,Reason,Desktop,Firefox,Windows,/home
72e8cd21-4747-456a-bffd-d6498ce448d1,2026_W23,S4058,U22481,2026-06-04 15:01:21,2026-06-04 15:38:21,Google Ads,Drug,Mobile,Safari,iOS,/offers
72e8cd21-4747-456a-bffd-d6498ce448d1,2026_W23,S4059,U18988,2026-06-02 06:57:40,2026-06-02 07:00:40,Email,Western,Desktop,Firefox,MacOS,/products
72e8cd21-4747-456a-bffd-d6498ce448d1,2026_W23,S4060,U1341,2026-06-02 11:51:41,2026-06-02 11:54:41,Direct,Plan,Desktop,Chrome,Android,/products
72e8cd21-4747-456a-bffd-d6498ce448d1,2026_W23,S4061,U7242,2026-06-03 17:04:54,2026-06-03 17:43:54,Email,Picture,Tablet,Safari,Android,/home
72e8cd21-4747-456a-bffd-d6498ce448d1,2026_W23,S4062,U33628,2026-06-02 16:10:09,2026-06-02 16:24:09,Organic,Keep,Mobile,Chrome,Windows,/home
72e8cd21-4747-456a-bffd-d6498ce448d1,2026_W23,S4063,U6266,2026-06-05 08:47:41,2026-06-05 09:04:41,Organic,Color,Tablet,Edge,MacOS,/offers
72e8cd21-4747-456a-bffd-d6498ce448d1,2026_W23,S4064,U451,2026-06-04 21:07:00,2026-06-04 21:30:00,Direct,Article,Desktop,Edge,iOS,/products
72e8cd21-4747-456a-bffd-d6498ce448d1,2026_W23,S4065,U17565,2026-06-07 18:18:44,2026-06-07 18:23:44,Direct,The,Desktop,Chrome,Android,/offers
72e8cd21-4747-456a-bffd-d6498ce448d1,2026_W23,S4066,U16020,2026-06-07 03:21:02,2026-06-07 03:39:02,Instagram,Sort,Mobile,Firefox,iOS,/products
72e8cd21-4747-456a-bffd-d6498ce448d1,2026_W23,S4067,U11714,2026-06-02 06:28:39,2026-06-02 06:59:39,Instagram,Church,Desktop,Safari,MacOS,/offers
72e8cd21-4747-456a-bffd-d6498ce448d1,2026_W23,S4068,U28463,2026-06-04 13:18:49,2026-06-04 13:58:49,Google Ads,Fast,Mobile,Firefox,Windows,/home
72e8cd21-4747-456a-bffd-d6498ce448d1,2026_W23,S4069,U9367,2026-06-03 19:35:31,2026-06-03 20:01:31,Email,Hotel,Tablet,Firefox,MacOS,/home
72e8cd21-4747-456a-bffd-d6498ce448d1,2026_W23,S4070,U1487,2026-06-02 17:24:12,2026-06-02 17:27:12,Google Ads,White,Mobile,Safari,iOS,/home
72e8cd21-4747-456a-bffd-d6498ce448d1,2026_W23,S4071,U8909,2026-06-02 08:32:04,2026-06-02 08:56:04,Direct,Might,Tablet,Chrome,iOS,/products
72e8cd21-4747-456a-bffd-d6498ce448d1,2026_W23,S4072,U10080,2026-06-07 18:38:19,2026-06-07 18:56:19,Google Ads,Management,Desktop,Safari,Windows,/products
72e8cd21-4747-456a-bffd-d6498ce448d1,2026_W23,S4073,U32880,2026-06-04 08:55:26,2026-06-04 08:58:26,Email,Alone,Tablet,Edge,Windows,/home
72e8cd21-4747-456a-bffd-d6498ce448d1,2026_W23,S4074,U2791,2026-06-06 05:36:49,2026-06-06 06:14:49,Facebook,Son,Tablet,Firefox,MacOS,/products
72e8cd21-4747-456a-bffd-d6498ce448d1,2026_W23,S4075,U13519,2026-06-06 08:42:25,2026-06-06 09:01:25,Instagram,Billion,Tablet,Chrome,Android,/products
72e8cd21-4747-456a-bffd-d6498ce448d1,2026_W23,S4076,U27959,2026-06-03 12:57:03,2026-06-03 13:24:03,Instagram,Sit,Tablet,Edge,iOS,/products
72e8cd21-4747-456a-bffd-d6498ce448d1,2026_W23,S4077,U20260,2026-06-02 01:43:20,2026-06-02 02:23:20,Organic,Stock,Mobile,Firefox,Windows,/products
72e8cd21-4747-456a-bffd-d6498ce448d1,2026_W23,S4078,U15383,2026-06-04 09:09:11,2026-06-04 09:49:11,Google Ads,Blue,Mobile,Safari,Android,/products
72e8cd21-4747-456a-bffd-d6498ce448d1,2026_W23,S4079,U17116,2026-06-04 04:21:16,2026-06-04 04:47:16,Organic,Serve,Desktop,Firefox,MacOS,/home
72e8cd21-4747-456a-bffd-d6498ce448d1,2026_W23,S4080,U12294,2026-06-02 20:17:41,2026-06-02 20:51:41,Instagram,Present,Mobile,Safari,Android,/home
72e8cd21-4747-456a-bffd-d6498ce448d1,2026_W23,S4081,U1885,2026-06-07 09:45:27,2026-06-07 09:58:27,Instagram,Often,Mobile,Chrome,Android,/offers
72e8cd21-4747-456a-bffd-d6498ce448d1,2026_W23,S4082,U10258,2026-06-06 12:00:02,2026-06-06 12:35:02,Instagram,Ground,Mobile,Chrome,iOS,/products
72e8cd21-4747-456a-bffd-d6498ce448d1,2026_W23,S4083,U17426,2026-06-03 03:22:34,2026-06-03 03:49:34,Email,Former,Tablet,Safari,MacOS,/home
72e8cd21-4747-456a-bffd-d6498ce448d1,2026_W23,S4084,U28083,2026-06-02 15:13:50,2026-06-02 15:29:50,Email,And,Desktop,Safari,iOS,/products
72e8cd21-4747-456a-bffd-d6498ce448d1,2026_W23,S4085,U24529,2026-06-06 01:16:12,2026-06-06 01:23:12,Organic,Reflect,Desktop,Firefox,Windows,/products
72e8cd21-4747-456a-bffd-d6498ce448d1,2026_W23,S4086,U8781,2026-06-04 13:51:35,2026-06-04 14:29:35,Email,Moment,Mobile,Safari,Windows,/home
72e8cd21-4747-456a-bffd-d6498ce448d1,2026_W23,S4087,U15233,2026-06-06 23:45:38,2026-06-07 00:02:38,Email,Such,Mobile,Safari,iOS,/home
72e8cd21-4747-456a-bffd-d6498ce448d1,2026_W23,S4088,U15633,2026-06-07 11:30:43,2026-06-07 12:09:43,Direct,Prove,Tablet,Chrome,Windows,/home
72e8cd21-4747-456a-bffd-d6498ce448d1,2026_W23,S4089,U29634,2026-06-05 02:32:47,2026-06-05 02:33:47,Instagram,Need,Desktop,Edge,Windows,/home
72e8cd21-4747-456a-bffd-d6498ce448d1,2026_W23,S4090,U33719,2026-06-04 00:06:56,2026-06-04 00:30:56,Google Ads,Star,Tablet,Safari,Android,/products
72e8cd21-4747-456a-bffd-d6498ce448d1,2026_W23,S4091,U31683,2026-06-07 20:27:12,2026-06-07 20:45:12,Email,Other,Tablet,Edge,MacOS,/products
72e8cd21-4747-456a-bffd-d6498ce448d1,2026_W23,S4092,U14140,2026-06-03 18:32:54,2026-06-03 18:39:54,Email,Eight,Desktop,Edge,Windows,/products
72e8cd21-4747-456a-bffd-d6498ce448d1,2026_W23,S4093,U17926,2026-06-07 01:23:13,2026-06-07 01:56:13,Facebook,Service,Mobile,Safari,iOS,/products
72e8cd21-4747-456a-bffd-d6498ce448d1,2026_W23,S4094,U2389,2026-06-02 08:48:48,2026-06-02 09:14:48,Facebook,Into,Desktop,Chrome,Android,/products
72e8cd21-4747-456a-bffd-d6498ce448d1,2026_W23,S4095,U19543,2026-06-03 05:42:18,2026-06-03 06:11:18,Google Ads,Important,Tablet,Firefox,Windows,/home
72e8cd21-4747-456a-bffd-d6498ce448d1,2026_W23,S4096,U28597,2026-06-05 15:08:36,2026-06-05 15:20:36,Email,Send,Mobile,Safari,Android,/home
72e8cd21-4747-456a-bffd-d6498ce448d1,2026_W23,S4097,U25545,2026-06-07 01:09:22,2026-06-07 01:22:22,Instagram,Music,Desktop,Safari,iOS,/home
72e8cd21-4747-456a-bffd-d6498ce448d1,2026_W23,S4098,U7065,2026-06-07 05:11:56,2026-06-07 05:49:56,Direct,Live,Mobile,Firefox,MacOS,/offers
72e8cd21-4747-456a-bffd-d6498ce448d1,2026_W23,S4099,U9253,2026-06-03 05:57:18,2026-06-03 06:18:18,Facebook,Director,Desktop,Firefox,Windows,/home
72e8cd21-4747-456a-bffd-d6498ce448d1,2026_W23,S4100,U2089,2026-06-04 10:12:55,2026-06-04 10:49:55,Organic,International,Desktop,Edge,iOS,/products
72e8cd21-4747-456a-bffd-d6498ce448d1,2026_W23,S4101,U25787,2026-06-03 22:52:28,2026-06-03 23:11:28,Direct,Table,Tablet,Edge,Windows,/home
72e8cd21-4747-456a-bffd-d6498ce448d1,2026_W23,S4102,U731,2026-06-07 17:41:02,2026-06-07 17:59:02,Facebook,Able,Mobile,Chrome,Windows,/offers
72e8cd21-4747-456a-bffd-d6498ce448d1,2026_W23,S4103,U9634,2026-06-04 02:28:06,2026-06-04 02:34:06,Direct,Provide,Desktop,Chrome,MacOS,/products
72e8cd21-4747-456a-bffd-d6498ce448d1,2026_W23,S4104,U19445,2026-06-03 11:04:28,2026-06-03 11:30:28,Instagram,Sound,Desktop,Edge,Android,/offers
72e8cd21-4747-456a-bffd-d6498ce448d1,2026_W23,S4105,U24399,2026-06-07 00:54:46,2026-06-07 01:05:46,Instagram,May,Desktop,Safari,Windows,/products
72e8cd21-4747-456a-bffd-d6498ce448d1,2026_W23,S4106,U25973,2026-06-06 14:52:50,2026-06-06 14:55:50,Direct,Physical,Tablet,Safari,Android,/offers
72e8cd21-4747-456a-bffd-d6498ce448d1,2026_W23,S4107,U5659,2026-06-06 11:22:53,2026-06-06 11:53:53,Facebook,Often,Tablet,Safari,Windows,/products
72e8cd21-4747-456a-bffd-d6498ce448d1,2026_W23,S4108,U3649,2026-06-05 19:38:43,2026-06-05 19:39:43,Google Ads,Head,Mobile,Edge,Android,/home
72e8cd21-4747-456a-bffd-d6498ce448d1,2026_W23,S4109,U10493,2026-06-05 16:17:14,2026-06-05 16:57:14,Google Ads,White,Desktop,Chrome,iOS,/home
72e8cd21-4747-456a-bffd-d6498ce448d1,2026_W23,S4110,U3473,2026-06-04 05:33:04,2026-06-04 06:09:04,Facebook,Reason,Desktop,Firefox,iOS,/products
72e8cd21-4747-456a-bffd-d6498ce448d1,2026_W23,S4111,U15319,2026-06-06 10:23:56,2026-06-06 10:51:56,Google Ads,Your,Desktop,Safari,MacOS,/home
72e8cd21-4747-456a-bffd-d6498ce448d1,2026_W23,S4112,U28210,2026-06-04 01:30:13,2026-06-04 01:33:13,Facebook,Writer,Tablet,Firefox,iOS,/products
72e8cd21-4747-456a-bffd-d6498ce448d1,2026_W23,S4113,U12750,2026-06-06 03:05:24,2026-06-06 03:30:24,Email,Worker,Tablet,Safari,MacOS,/offers
72e8cd21-4747-456a-bffd-d6498ce448d1,2026_W23,S4114,U755,2026-06-04 21:36:27,2026-06-04 22:14:27,Direct,Away,Tablet,Firefox,Android,/products
72e8cd21-4747-456a-bffd-d6498ce448d1,2026_W23,S4115,U33139,2026-06-06 17:01:16,2026-06-06 17:27:16,Facebook,Pass,Tablet,Edge,iOS,/products
72e8cd21-4747-456a-bffd-d6498ce448d1,2026_W23,S4116,U16506,2026-06-02 09:52:25,2026-06-02 10:08:25,Organic,Fall,Mobile,Chrome,iOS,/home
72e8cd21-4747-456a-bffd-d6498ce448d1,2026_W23,S4117,U27167,2026-06-03 23:21:14,2026-06-03 23:56:14,Google Ads,Loss,Mobile,Firefox,Android,/products
72e8cd21-4747-456a-bffd-d6498ce448d1,2026_W23,S4118,U17144,2026-06-07 17:45:04,2026-06-07 18:07:04,Email,Ball,Mobile,Chrome,Windows,/products
72e8cd21-4747-456a-bffd-d6498ce448d1,2026_W23,S4119,U4741,2026-06-04 07:09:03,2026-06-04 07:27:03,Organic,Produce,Desktop,Firefox,iOS,/offers
72e8cd21-4747-456a-bffd-d6498ce448d1,2026_W23,S4120,U27688,2026-06-05 02:50:21,2026-06-05 03:30:21,Email,Member,Desktop,Safari,MacOS,/home
72e8cd21-4747-456a-bffd-d6498ce448d1,2026_W23,S4121,U5239,2026-06-07 15:44:29,2026-06-07 16:17:29,Organic,Clearly,Tablet,Safari,Windows,/products
72e8cd21-4747-456a-bffd-d6498ce448d1,2026_W23,S4122,U23497,2026-06-06 18:42:10,2026-06-06 19:10:10,Email,Position,Mobile,Chrome,Android,/offers
72e8cd21-4747-456a-bffd-d6498ce448d1,2026_W23,S4123,U12245,2026-06-02 15:24:07,2026-06-02 15:45:07,Google Ads,Pm,Desktop,Chrome,iOS,/home
72e8cd21-4747-456a-bffd-d6498ce448d1,2026_W23,S4124,U12297,2026-06-05 14:18:37,2026-06-05 14:46:37,Google Ads,Grow,Desktop,Safari,Windows,/products
72e8cd21-4747-456a-bffd-d6498ce448d1,2026_W23,S4125,U11066,2026-06-07 11:25:22,2026-06-07 11:52:22,Email,Hit,Desktop,Firefox,Windows,/products
72e8cd21-4747-456a-bffd-d6498ce448d1,2026_W23,S4126,U11123,2026-06-04 08:14:04,2026-06-04 08:18:04,Instagram,Entire,Tablet,Edge,Windows,/products
72e8cd21-4747-456a-bffd-d6498ce448d1,2026_W23,S4127,U1934,2026-06-07 08:06:27,2026-06-07 08:14:27,Google Ads,Space,Mobile,Safari,Android,/offers
72e8cd21-4747-456a-bffd-d6498ce448d1,2026_W23,S4128,U28461,2026-06-06 17:53:05,2026-06-06 18:12:05,Organic,Matter,Mobile,Chrome,iOS,/products
72e8cd21-4747-456a-bffd-d6498ce448d1,2026_W23,S4129,U18824,2026-06-05 23:18:37,2026-06-05 23:24:37,Google Ads,Young,Mobile,Firefox,iOS,/products
72e8cd21-4747-456a-bffd-d6498ce448d1,2026_W23,S4130,U11865,2026-06-07 06:16:57,2026-06-07 06:52:57,Facebook,Which,Mobile,Firefox,Windows,/products
72e8cd21-4747-456a-bffd-d6498ce448d1,2026_W23,S4131,U12551,2026-06-04 15:33:11,2026-06-04 15:49:11,Organic,Day,Mobile,Chrome,Android,/home
72e8cd21-4747-456a-bffd-d6498ce448d1,2026_W23,S4132,U16260,2026-06-05 10:06:59,2026-06-05 10:14:59,Instagram,Action,Mobile,Edge,Windows,/offers
72e8cd21-4747-456a-bffd-d6498ce448d1,2026_W23,S4133,U33182,2026-06-05 09:35:46,2026-06-05 09:44:46,Facebook,Building,Tablet,Chrome,iOS,/home
72e8cd21-4747-456a-bffd-d6498ce448d1,2026_W23,S4134,U4270,2026-06-01 23:15:38,2026-06-01 23:24:38,Facebook,Purpose,Mobile,Edge,iOS,/products
72e8cd21-4747-456a-bffd-d6498ce448d1,2026_W23,S4135,U2720,2026-06-02 02:35:08,2026-06-02 02:37:08,Organic,Born,Mobile,Firefox,Windows,/products
72e8cd21-4747-456a-bffd-d6498ce448d1,2026_W23,S4136,U10278,2026-06-06 16:59:50,2026-06-06 17:11:50,Google Ads,Some,Mobile,Safari,Windows,/offers
72e8cd21-4747-456a-bffd-d6498ce448d1,2026_W23,S4137,U13004,2026-06-06 22:05:40,2026-06-06 22:14:40,Email,Continue,Mobile,Chrome,iOS,/home
72e8cd21-4747-456a-bffd-d6498ce448d1,2026_W23,S4138,U26558,2026-06-05 22:58:03,2026-06-05 23:29:03,Google Ads,Class,Tablet,Chrome,Windows,/offers
72e8cd21-4747-456a-bffd-d6498ce448d1,2026_W23,S4139,U6665,2026-06-02 14:08:49,2026-06-02 14:42:49,Email,Day,Desktop,Safari,iOS,/home
72e8cd21-4747-456a-bffd-d6498ce448d1,2026_W23,S4140,U27378,2026-06-07 07:39:22,2026-06-07 08:11:22,Facebook,Pass,Tablet,Firefox,Windows,/offers
72e8cd21-4747-456a-bffd-d6498ce448d1,2026_W23,S4141,U16073,2026-06-02 23:54:48,2026-06-03 00:01:48,Instagram,Despite,Mobile,Safari,Windows,/products
72e8cd21-4747-456a-bffd-d6498ce448d1,2026_W23,S4142,U5295,2026-06-04 12:18:51,2026-06-04 12:53:51,Google Ads,Certainly,Tablet,Edge,iOS,/home
72e8cd21-4747-456a-bffd-d6498ce448d1,2026_W23,S4143,U17795,2026-06-03 04:46:43,2026-06-03 04:58:43,Organic,Network,Tablet,Edge,iOS,/products
72e8cd21-4747-456a-bffd-d6498ce448d1,2026_W23,S4144,U5244,2026-06-04 18:08:56,2026-06-04 18:34:56,Direct,Mrs,Mobile,Safari,Android,/offers
72e8cd21-4747-456a-bffd-d6498ce448d1,2026_W23,S4145,U10606,2026-06-05 22:12:08,2026-06-05 22:13:08,Direct,Activity,Tablet,Chrome,iOS,/products
72e8cd21-4747-456a-bffd-d6498ce448d1,2026_W23,S4146,U3112,2026-06-04 17:23:51,2026-06-04 17:44:51,Organic,Interest,Desktop,Edge,Windows,/products
72e8cd21-4747-456a-bffd-d6498ce448d1,2026_W23,S4147,U34945,2026-06-05 08:40:22,2026-06-05 08:43:22,Facebook,You,Desktop,Edge,MacOS,/offers
72e8cd21-4747-456a-bffd-d6498ce448d1,2026_W23,S4148,U128,2026-06-07 18:45:04,2026-06-07 19:07:04,Email,Huge,Desktop,Safari,Windows,/products
72e8cd21-4747-456a-bffd-d6498ce448d1,2026_W23,S4149,U28425,2026-06-03 10:37:01,2026-06-03 11:16:01,Google Ads,Rock,Desktop,Firefox,iOS,/home
72e8cd21-4747-456a-bffd-d6498ce448d1,2026_W23,S4150,U14650,2026-06-04 23:15:34,2026-06-04 23:25:34,Instagram,Budget,Mobile,Edge,Windows,/offers
72e8cd21-4747-456a-bffd-d6498ce448d1,2026_W23,S4151,U17477,2026-06-02 19:25:04,2026-06-02 20:04:04,Email,Do,Mobile,Edge,iOS,/home
72e8cd21-4747-456a-bffd-d6498ce448d1,2026_W23,S4152,U34111,2026-06-04 11:24:36,2026-06-04 11:29:36,Google Ads,Then,Mobile,Edge,iOS,/products
72e8cd21-4747-456a-bffd-d6498ce448d1,2026_W23,S4153,U7490,2026-06-06 10:13:08,2026-06-06 10:14:08,Email,The,Tablet,Edge,Windows,/offers
72e8cd21-4747-456a-bffd-d6498ce448d1,2026_W23,S4154,U25017,2026-06-05 13:35:55,2026-06-05 14:09:55,Organic,Total,Tablet,Firefox,iOS,/offers
72e8cd21-4747-456a-bffd-d6498ce448d1,2026_W23,S4155,U32039,2026-06-05 13:10:02,2026-06-05 13:21:02,Instagram,Environmental,Tablet,Safari,Android,/home
72e8cd21-4747-456a-bffd-d6498ce448d1,2026_W23,S4156,U7355,2026-06-02 19:51:15,2026-06-02 20:29:15,Direct,Out,Tablet,Firefox,MacOS,/offers
72e8cd21-4747-456a-bffd-d6498ce448d1,2026_W23,S4157,U29800,2026-06-04 20:24:50,2026-06-04 20:31:50,Google Ads,Himself,Desktop,Edge,MacOS,/products
72e8cd21-4747-456a-bffd-d6498ce448d1,2026_W23,S4158,U23720,2026-06-06 07:27:41,2026-06-06 07:41:41,Google Ads,Us,Mobile,Safari,MacOS,/products
72e8cd21-4747-456a-bffd-d6498ce448d1,2026_W23,S4159,U25126,2026-06-06 16:09:40,2026-06-06 16:10:40,Instagram,Kitchen,Tablet,Safari,Windows,/offers
72e8cd21-4747-456a-bffd-d6498ce448d1,2026_W23,S4160,U31578,2026-06-03 04:55:32,2026-06-03 05:15:32,Instagram,Result,Tablet,Edge,iOS,/home
72e8cd21-4747-456a-bffd-d6498ce448d1,2026_W23,S4161,U14235,2026-06-07 11:21:31,2026-06-07 11:36:31,Facebook,Claim,Tablet,Edge,MacOS,/products
72e8cd21-4747-456a-bffd-d6498ce448d1,2026_W23,S4162,U2600,2026-06-03 14:09:37,2026-06-03 14:33:37,Google Ads,Surface,Mobile,Firefox,Android,/products
72e8cd21-4747-456a-bffd-d6498ce448d1,2026_W23,S4163,U30375,2026-06-05 16:05:09,2026-06-05 16:31:09,Instagram,Attack,Tablet,Firefox,MacOS,/offers
72e8cd21-4747-456a-bffd-d6498ce448d1,2026_W23,S4164,U20670,2026-06-02 07:55:42,2026-06-02 08:31:42,Google Ads,Week,Tablet,Chrome,Windows,/home
72e8cd21-4747-456a-bffd-d6498ce448d1,2026_W23,S4165,U7490,2026-06-06 18:12:05,2026-06-06 18:17:05,Facebook,From,Tablet,Safari,MacOS,/home
72e8cd21-4747-456a-bffd-d6498ce448d1,2026_W23,S4166,U3110,2026-06-05 16:17:54,2026-06-05 16:18:54,Email,Early,Desktop,Safari,Windows,/home
72e8cd21-4747-456a-bffd-d6498ce448d1,2026_W23,S4167,U15417,2026-06-02 04:06:30,2026-06-02 04:24:30,Facebook,Technology,Tablet,Firefox,Windows,/home
72e8cd21-4747-456a-bffd-d6498ce448d1,2026_W23,S4168,U29401,2026-06-03 18:02:11,2026-06-03 18:31:11,Instagram,Minute,Desktop,Chrome,Windows,/home
72e8cd21-4747-456a-bffd-d6498ce448d1,2026_W23,S4169,U23047,2026-06-05 17:24:58,2026-06-05 17:48:58,Instagram,Financial,Desktop,Edge,iOS,/home
72e8cd21-4747-456a-bffd-d6498ce448d1,2026_W23,S4170,U26812,2026-06-03 19:56:09,2026-06-03 20:18:09,Direct,Tree,Tablet,Edge,MacOS,/offers
72e8cd21-4747-456a-bffd-d6498ce448d1,2026_W23,S4171,U3798,2026-06-06 13:00:10,2026-06-06 13:14:10,Email,Current,Mobile,Chrome,iOS,/products
72e8cd21-4747-456a-bffd-d6498ce448d1,2026_W23,S4172,U26379,2026-06-06 14:54:11,2026-06-06 15:18:11,Email,Although,Mobile,Chrome,Windows,/offers
72e8cd21-4747-456a-bffd-d6498ce448d1,2026_W23,S4173,U8972,2026-06-05 02:49:40,2026-06-05 02:51:40,Organic,Find,Mobile,Safari,MacOS,/products
72e8cd21-4747-456a-bffd-d6498ce448d1,2026_W23,S4174,U20912,2026-06-05 02:53:58,2026-06-05 03:00:58,Instagram,Deep,Tablet,Chrome,iOS,/offers
72e8cd21-4747-456a-bffd-d6498ce448d1,2026_W23,S4175,U4720,2026-06-06 20:15:34,2026-06-06 20:38:34,Facebook,Director,Mobile,Chrome,MacOS,/home
72e8cd21-4747-456a-bffd-d6498ce448d1,2026_W23,S4176,U1281,2026-06-06 06:59:04,2026-06-06 07:01:04,Direct,Different,Tablet,Safari,Android,/products
72e8cd21-4747-456a-bffd-d6498ce448d1,2026_W23,S4177,U18374,2026-06-06 21:51:24,2026-06-06 22:24:24,Organic,Story,Mobile,Edge,MacOS,/offers
72e8cd21-4747-456a-bffd-d6498ce448d1,2026_W23,S4178,U27069,2026-06-05 14:56:28,2026-06-05 15:06:28,Instagram,Plan,Tablet,Firefox,iOS,/products
72e8cd21-4747-456a-bffd-d6498ce448d1,2026_W23,S4179,U8216,2026-06-04 21:34:30,2026-06-04 22:11:30,Instagram,Song,Desktop,Firefox,Windows,/home
72e8cd21-4747-456a-bffd-d6498ce448d1,2026_W23,S4180,U2309,2026-06-02 03:43:10,2026-06-02 03:54:10,Organic,Type,Tablet,Firefox,Windows,/offers
72e8cd21-4747-456a-bffd-d6498ce448d1,2026_W23,S4181,U25791,2026-06-05 02:30:24,2026-06-05 02:34:24,Instagram,Scientist,Mobile,Edge,Windows,/products
72e8cd21-4747-456a-bffd-d6498ce448d1,2026_W23,S4182,U16105,2026-06-03 05:11:31,2026-06-03 05:26:31,Google Ads,Together,Mobile,Firefox,Windows,/products
72e8cd21-4747-456a-bffd-d6498ce448d1,2026_W23,S4183,U15056,2026-06-05 06:17:31,2026-06-05 06:42:31,Direct,Production,Mobile,Firefox,iOS,/home
72e8cd21-4747-456a-bffd-d6498ce448d1,2026_W23,S4184,U10636,2026-06-06 13:22:53,2026-06-06 13:59:53,Organic,Director,Mobile,Edge,MacOS,/offers
72e8cd21-4747-456a-bffd-d6498ce448d1,2026_W23,S4185,U941,2026-06-07 07:17:07,2026-06-07 07:46:07,Instagram,Return,Desktop,Chrome,Windows,/home
72e8cd21-4747-456a-bffd-d6498ce448d1,2026_W23,S4186,U26548,2026-06-05 09:41:22,2026-06-05 09:45:22,Google Ads,Prepare,Desktop,Edge,iOS,/home
72e8cd21-4747-456a-bffd-d6498ce448d1,2026_W23,S4187,U15097,2026-06-05 13:01:05,2026-06-05 13:08:05,Organic,Manage,Tablet,Edge,iOS,/offers
72e8cd21-4747-456a-bffd-d6498ce448d1,2026_W23,S4188,U10342,2026-06-05 08:27:03,2026-06-05 08:43:03,Email,Like,Tablet,Firefox,iOS,/products
72e8cd21-4747-456a-bffd-d6498ce448d1,2026_W23,S4189,U19532,2026-06-02 01:21:35,2026-06-02 01:50:35,Organic,Station,Tablet,Safari,Android,/offers
72e8cd21-4747-456a-bffd-d6498ce448d1,2026_W23,S4190,U7425,2026-06-02 04:21:56,2026-06-02 04:57:56,Facebook,Recently,Desktop,Chrome,Android,/home
72e8cd21-4747-456a-bffd-d6498ce448d1,2026_W23,S4191,U9506,2026-06-03 14:09:51,2026-06-03 14:18:51,Instagram,Indicate,Mobile,Edge,iOS,/products
72e8cd21-4747-456a-bffd-d6498ce448d1,2026_W23,S4192,U7904,2026-06-07 13:22:23,2026-06-07 13:34:23,Direct,Campaign,Tablet,Edge,Android,/home
72e8cd21-4747-456a-bffd-d6498ce448d1,2026_W23,S4193,U23876,2026-06-03 06:12:18,2026-06-03 06:26:18,Direct,Change,Desktop,Chrome,Android,/home
72e8cd21-4747-456a-bffd-d6498ce448d1,2026_W23,S4194,U2047,2026-06-07 03:26:04,2026-06-07 03:53:04,Direct,Community,Desktop,Chrome,Android,/products
72e8cd21-4747-456a-bffd-d6498ce448d1,2026_W23,S4195,U13732,2026-06-02 12:04:44,2026-06-02 12:40:44,Google Ads,Adult,Mobile,Firefox,MacOS,/home
72e8cd21-4747-456a-bffd-d6498ce448d1,2026_W23,S4196,U22329,2026-06-04 11:29:25,2026-06-04 11:41:25,Instagram,Business,Desktop,Firefox,Windows,/offers
72e8cd21-4747-456a-bffd-d6498ce448d1,2026_W23,S4197,U30662,2026-06-07 05:31:09,2026-06-07 05:56:09,Direct,East,Desktop,Safari,Windows,/products
72e8cd21-4747-456a-bffd-d6498ce448d1,2026_W23,S4198,U3045,2026-06-05 05:18:17,2026-06-05 05:45:17,Direct,Against,Tablet,Firefox,iOS,/home
72e8cd21-4747-456a-bffd-d6498ce448d1,2026_W23,S4199,U1558,2026-06-06 19:48:09,2026-06-06 19:58:09,Facebook,Very,Desktop,Safari,Windows,/home
72e8cd21-4747-456a-bffd-d6498ce448d1,2026_W23,S4200,U11004,2026-06-03 08:21:08,2026-06-03 08:45:08,Google Ads,Show,Mobile,Edge,Android,/home
72e8cd21-4747-456a-bffd-d6498ce448d1,2026_W23,S4201,U1882,2026-06-03 12:30:50,2026-06-03 12:57:50,Organic,Art,Tablet,Edge,Windows,/offers
72e8cd21-4747-456a-bffd-d6498ce448d1,2026_W23,S4202,U13212,2026-06-05 08:10:21,2026-06-05 08:21:21,Email,Child,Desktop,Safari,MacOS,/offers
72e8cd21-4747-456a-bffd-d6498ce448d1,2026_W23,S4203,U34722,2026-06-04 14:56:02,2026-06-04 15:03:02,Organic,Least,Tablet,Edge,Windows,/home
72e8cd21-4747-456a-bffd-d6498ce448d1,2026_W23,S4204,U27890,2026-06-05 08:13:32,2026-06-05 08:35:32,Instagram,Town,Desktop,Edge,MacOS,/offers
72e8cd21-4747-456a-bffd-d6498ce448d1,2026_W23,S4205,U13692,2026-06-04 06:03:41,2026-06-04 06:29:41,Email,Very,Desktop,Chrome,Windows,/offers
72e8cd21-4747-456a-bffd-d6498ce448d1,2026_W23,S4206,U30539,2026-06-02 21:27:19,2026-06-02 21:38:19,Direct,List,Tablet,Firefox,Android,/offers
72e8cd21-4747-456a-bffd-d6498ce448d1,2026_W23,S4207,U3567,2026-06-04 08:43:48,2026-06-04 08:55:48,Email,Heart,Desktop,Safari,Android,/offers
72e8cd21-4747-456a-bffd-d6498ce448d1,2026_W23,S4208,U30411,2026-06-06 14:14:56,2026-06-06 14:17:56,Facebook,Television,Desktop,Edge,iOS,/offers
72e8cd21-4747-456a-bffd-d6498ce448d1,2026_W23,S4209,U14163,2026-06-05 02:52:14,2026-06-05 03:24:14,Google Ads,Mouth,Desktop,Edge,Windows,/home
72e8cd21-4747-456a-bffd-d6498ce448d1,2026_W23,S4210,U33286,2026-06-06 04:11:50,2026-06-06 04:39:50,Google Ads,Should,Desktop,Edge,MacOS,/home
72e8cd21-4747-456a-bffd-d6498ce448d1,2026_W23,S4211,U13369,2026-06-03 06:24:19,2026-06-03 06:48:19,Direct,Quite,Desktop,Edge,Android,/offers
72e8cd21-4747-456a-bffd-d6498ce448d1,2026_W23,S4212,U29661,2026-06-07 17:44:34,2026-06-07 18:01:34,Direct,Open,Mobile,Chrome,MacOS,/offers
72e8cd21-4747-456a-bffd-d6498ce448d1,2026_W23,S4213,U24648,2026-06-05 04:45:26,2026-06-05 05:22:26,Google Ads,Education,Mobile,Safari,iOS,/home
72e8cd21-4747-456a-bffd-d6498ce448d1,2026_W23,S4214,U15979,2026-06-07 19:11:56,2026-06-07 19:50:56,Organic,Message,Mobile,Chrome,iOS,/offers
72e8cd21-4747-456a-bffd-d6498ce448d1,2026_W23,S4215,U34281,2026-06-02 21:33:07,2026-06-02 22:06:07,Email,Under,Desktop,Chrome,MacOS,/offers
72e8cd21-4747-456a-bffd-d6498ce448d1,2026_W23,S4216,U4681,2026-06-06 07:46:09,2026-06-06 08:02:09,Facebook,More,Mobile,Edge,Android,/home
72e8cd21-4747-456a-bffd-d6498ce448d1,2026_W23,S4217,U27762,2026-06-03 06:01:03,2026-06-03 06:40:03,Facebook,Five,Desktop,Firefox,Android,/home
72e8cd21-4747-456a-bffd-d6498ce448d1,2026_W23,S4218,U1559,2026-06-04 20:43:37,2026-06-04 21:03:37,Email,Range,Tablet,Edge,MacOS,/offers
72e8cd21-4747-456a-bffd-d6498ce448d1,2026_W23,S4219,U31498,2026-06-04 00:28:19,2026-06-04 00:52:19,Google Ads,Pressure,Tablet,Firefox,Android,/offers
72e8cd21-4747-456a-bffd-d6498ce448d1,2026_W23,S4220,U8364,2026-06-02 01:30:06,2026-06-02 01:46:06,Google Ads,Instead,Mobile,Firefox,iOS,/offers
72e8cd21-4747-456a-bffd-d6498ce448d1,2026_W23,S4221,U263,2026-06-03 16:19:37,2026-06-03 16:54:37,Organic,Hold,Tablet,Safari,MacOS,/home
72e8cd21-4747-456a-bffd-d6498ce448d1,2026_W23,S4222,U31009,2026-06-03 05:48:07,2026-06-03 06:07:07,Facebook,Hear,Mobile,Chrome,Android,/home
72e8cd21-4747-456a-bffd-d6498ce448d1,2026_W23,S4223,U33877,2026-06-06 07:44:42,2026-06-06 08:18:42,Facebook,Main,Tablet,Safari,Windows,/products
72e8cd21-4747-456a-bffd-d6498ce448d1,2026_W23,S4224,U1436,2026-06-04 01:16:27,2026-06-04 01:25:27,Organic,Hear,Mobile,Firefox,Android,/products
72e8cd21-4747-456a-bffd-d6498ce448d1,2026_W23,S4225,U19824,2026-06-05 13:05:10,2026-06-05 13:30:10,Instagram,Whatever,Tablet,Safari,MacOS,/products
72e8cd21-4747-456a-bffd-d6498ce448d1,2026_W23,S4226,U6056,2026-06-07 01:18:33,2026-06-07 01:54:33,Instagram,Article,Mobile,Chrome,MacOS,/products
72e8cd21-4747-456a-bffd-d6498ce448d1,2026_W23,S4227,U5459,2026-06-04 09:32:19,2026-06-04 10:00:19,Facebook,Strong,Mobile,Safari,Android,/products
72e8cd21-4747-456a-bffd-d6498ce448d1,2026_W23,S4228,U2034,2026-06-02 23:59:16,2026-06-03 00:01:16,Organic,Pull,Mobile,Chrome,MacOS,/home
72e8cd21-4747-456a-bffd-d6498ce448d1,2026_W23,S4229,U25666,2026-06-05 19:08:23,2026-06-05 19:26:23,Email,Physical,Tablet,Safari,iOS,/home
72e8cd21-4747-456a-bffd-d6498ce448d1,2026_W23,S4230,U21722,2026-06-06 22:42:10,2026-06-06 22:56:10,Google Ads,Think,Tablet,Firefox,iOS,/home
72e8cd21-4747-456a-bffd-d6498ce448d1,2026_W23,S4231,U11499,2026-06-06 13:02:18,2026-06-06 13:15:18,Organic,Might,Desktop,Chrome,MacOS,/offers
72e8cd21-4747-456a-bffd-d6498ce448d1,2026_W23,S4232,U17398,2026-06-06 08:07:33,2026-06-06 08:18:33,Organic,Them,Mobile,Chrome,Android,/offers
72e8cd21-4747-456a-bffd-d6498ce448d1,2026_W23,S4233,U2544,2026-06-02 21:15:25,2026-06-02 21:16:25,Email,People,Mobile,Chrome,iOS,/offers
72e8cd21-4747-456a-bffd-d6498ce448d1,2026_W23,S4234,U2797,2026-06-02 16:00:54,2026-06-02 16:05:54,Facebook,Sing,Tablet,Safari,Windows,/home
72e8cd21-4747-456a-bffd-d6498ce448d1,2026_W23,S4235,U29504,2026-06-03 00:29:59,2026-06-03 01:03:59,Facebook,Turn,Desktop,Firefox,iOS,/products
72e8cd21-4747-456a-bffd-d6498ce448d1,2026_W23,S4236,U15161,2026-06-04 13:08:27,2026-06-04 13:37:27,Organic,Age,Desktop,Chrome,Windows,/offers
72e8cd21-4747-456a-bffd-d6498ce448d1,2026_W23,S4237,U17684,2026-06-06 17:20:13,2026-06-06 17:22:13,Facebook,Market,Tablet,Chrome,Android,/offers
72e8cd21-4747-456a-bffd-d6498ce448d1,2026_W23,S4238,U1154,2026-06-05 06:23:10,2026-06-05 06:38:10,Organic,Trip,Tablet,Safari,MacOS,/home
72e8cd21-4747-456a-bffd-d6498ce448d1,2026_W23,S4239,U6945,2026-06-02 05:05:20,2026-06-02 05:43:20,Instagram,Foreign,Mobile,Firefox,iOS,/offers
72e8cd21-4747-456a-bffd-d6498ce448d1,2026_W23,S4240,U29576,2026-06-06 20:57:56,2026-06-06 20:58:56,Email,Challenge,Desktop,Edge,MacOS,/offers
72e8cd21-4747-456a-bffd-d6498ce448d1,2026_W23,S4241,U31906,2026-06-03 10:11:51,2026-06-03 10:39:51,Instagram,Shake,Desktop,Edge,Windows,/home
72e8cd21-4747-456a-bffd-d6498ce448d1,2026_W23,S4242,U10048,2026-06-02 12:51:45,2026-06-02 13:28:45,Email,Today,Mobile,Safari,MacOS,/home
72e8cd21-4747-456a-bffd-d6498ce448d1,2026_W23,S4243,U486,2026-06-05 14:26:01,2026-06-05 14:56:01,Organic,Somebody,Mobile,Safari,iOS,/home
72e8cd21-4747-456a-bffd-d6498ce448d1,2026_W23,S4244,U25318,2026-06-01 23:55:23,2026-06-01 23:59:23,Instagram,Somebody,Tablet,Chrome,MacOS,/products
72e8cd21-4747-456a-bffd-d6498ce448d1,2026_W23,S4245,U12774,2026-06-03 14:11:21,2026-06-03 14:32:21,Organic,Listen,Mobile,Firefox,Windows,/products
72e8cd21-4747-456a-bffd-d6498ce448d1,2026_W23,S4246,U6847,2026-06-01 23:27:26,2026-06-01 23:47:26,Facebook,Condition,Tablet,Chrome,Windows,/offers
72e8cd21-4747-456a-bffd-d6498ce448d1,2026_W23,S4247,U7431,2026-06-06 14:25:53,2026-06-06 14:35:53,Facebook,Face,Desktop,Chrome,MacOS,/offers
72e8cd21-4747-456a-bffd-d6498ce448d1,2026_W23,S4248,U5027,2026-06-05 09:31:49,2026-06-05 10:06:49,Google Ads,Seven,Mobile,Edge,MacOS,/offers
72e8cd21-4747-456a-bffd-d6498ce448d1,2026_W23,S4249,U29160,2026-06-04 14:31:58,2026-06-04 14:53:58,Google Ads,Fly,Mobile,Edge,iOS,/offers
72e8cd21-4747-456a-bffd-d6498ce448d1,2026_W23,S4250,U25036,2026-06-03 01:18:54,2026-06-03 01:26:54,Direct,Kid,Tablet,Safari,Android,/home
72e8cd21-4747-456a-bffd-d6498ce448d1,2026_W23,S4251,U5035,2026-06-06 10:48:58,2026-06-06 11:12:58,Instagram,Should,Tablet,Safari,Android,/products
72e8cd21-4747-456a-bffd-d6498ce448d1,2026_W23,S4252,U15243,2026-06-07 13:42:22,2026-06-07 14:02:22,Organic,Car,Tablet,Edge,Android,/home
72e8cd21-4747-456a-bffd-d6498ce448d1,2026_W23,S4253,U730,2026-06-07 20:06:10,2026-06-07 20:28:10,Organic,Even,Tablet,Firefox,Android,/products
72e8cd21-4747-456a-bffd-d6498ce448d1,2026_W23,S4254,U335,2026-06-02 02:28:46,2026-06-02 03:04:46,Instagram,Institution,Mobile,Safari,Android,/products
72e8cd21-4747-456a-bffd-d6498ce448d1,2026_W23,S4255,U18525,2026-06-02 16:55:48,2026-06-02 17:27:48,Direct,Quality,Mobile,Edge,Windows,/products
72e8cd21-4747-456a-bffd-d6498ce448d1,2026_W23,S4256,U16750,2026-06-02 13:49:26,2026-06-02 14:06:26,Google Ads,Card,Desktop,Safari,MacOS,/offers
72e8cd21-4747-456a-bffd-d6498ce448d1,2026_W23,S4257,U13485,2026-06-06 08:03:53,2026-06-06 08:07:53,Google Ads,Visit,Tablet,Safari,Windows,/home
72e8cd21-4747-456a-bffd-d6498ce448d1,2026_W23,S4258,U9521,2026-06-06 01:01:11,2026-06-06 01:15:11,Google Ads,Fish,Tablet,Edge,Android,/home
72e8cd21-4747-456a-bffd-d6498ce448d1,2026_W23,S4259,U6109,2026-06-06 22:06:00,2026-06-06 22:19:00,Facebook,Politics,Tablet,Safari,MacOS,/home
72e8cd21-4747-456a-bffd-d6498ce448d1,2026_W23,S4260,U29807,2026-06-04 19:26:55,2026-06-04 19:58:55,Google Ads,Plant,Mobile,Safari,Windows,/offers
72e8cd21-4747-456a-bffd-d6498ce448d1,2026_W23,S4261,U32994,2026-06-05 00:57:53,2026-06-05 01:37:53,Google Ads,Heart,Tablet,Chrome,Windows,/products
72e8cd21-4747-456a-bffd-d6498ce448d1,2026_W23,S4262,U5765,2026-06-02 14:00:06,2026-06-02 14:32:06,Google Ads,Who,Tablet,Safari,MacOS,/home
72e8cd21-4747-456a-bffd-d6498ce448d1,2026_W23,S4263,U31292,2026-06-03 12:57:31,2026-06-03 13:31:31,Email,Far,Mobile,Firefox,Android,/offers
72e8cd21-4747-456a-bffd-d6498ce448d1,2026_W23,S4264,U8733,2026-06-07 05:48:08,2026-06-07 06:12:08,Direct,Enjoy,Desktop,Safari,Windows,/products
72e8cd21-4747-456a-bffd-d6498ce448d1,2026_W23,S4265,U32256,2026-06-07 06:14:58,2026-06-07 06:24:58,Instagram,History,Desktop,Edge,Windows,/home
72e8cd21-4747-456a-bffd-d6498ce448d1,2026_W23,S4266,U6992,2026-06-07 02:15:14,2026-06-07 02:25:14,Facebook,Meeting,Tablet,Safari,Android,/offers
72e8cd21-4747-456a-bffd-d6498ce448d1,2026_W23,S4267,U31975,2026-06-05 11:14:39,2026-06-05 11:44:39,Instagram,General,Tablet,Firefox,MacOS,/home
72e8cd21-4747-456a-bffd-d6498ce448d1,2026_W23,S4268,U16886,2026-06-05 17:52:27,2026-06-05 18:08:27,Facebook,Light,Tablet,Edge,Android,/products
72e8cd21-4747-456a-bffd-d6498ce448d1,2026_W23,S4269,U4778,2026-06-07 15:07:49,2026-06-07 15:25:49,Email,Woman,Tablet,Safari,Windows,/products
72e8cd21-4747-456a-bffd-d6498ce448d1,2026_W23,S4270,U34476,2026-06-02 08:18:32,2026-06-02 08:52:32,Organic,Its,Tablet,Chrome,MacOS,/products
72e8cd21-4747-456a-bffd-d6498ce448d1,2026_W23,S4271,U25047,2026-06-06 04:55:15,2026-06-06 05:20:15,Facebook,Those,Desktop,Safari,Android,/products
72e8cd21-4747-456a-bffd-d6498ce448d1,2026_W23,S4272,U11226,2026-06-06 15:29:13,2026-06-06 15:36:13,Email,Large,Tablet,Chrome,MacOS,/offers
72e8cd21-4747-456a-bffd-d6498ce448d1,2026_W23,S4273,U30557,2026-06-01 21:28:40,2026-06-01 21:33:40,Google Ads,Everything,Mobile,Firefox,MacOS,/products
72e8cd21-4747-456a-bffd-d6498ce448d1,2026_W23,S4274,U24234,2026-06-04 10:05:39,2026-06-04 10:45:39,Facebook,View,Desktop,Firefox,iOS,/offers
72e8cd21-4747-456a-bffd-d6498ce448d1,2026_W23,S4275,U13200,2026-06-03 04:31:53,2026-06-03 04:54:53,Google Ads,Involve,Desktop,Safari,iOS,/products
72e8cd21-4747-456a-bffd-d6498ce448d1,2026_W23,S4276,U27437,2026-06-02 22:12:36,2026-06-02 22:45:36,Google Ads,My,Tablet,Safari,iOS,/products
72e8cd21-4747-456a-bffd-d6498ce448d1,2026_W23,S4277,U20290,2026-06-03 17:54:28,2026-06-03 18:14:28,Email,Society,Tablet,Safari,Android,/home
72e8cd21-4747-456a-bffd-d6498ce448d1,2026_W23,S4278,U31704,2026-06-02 20:02:34,2026-06-02 20:28:34,Facebook,Threat,Tablet,Safari,iOS,/home
72e8cd21-4747-456a-bffd-d6498ce448d1,2026_W23,S4279,U28077,2026-06-04 01:08:00,2026-06-04 01:09:00,Google Ads,Word,Tablet,Safari,iOS,/home
72e8cd21-4747-456a-bffd-d6498ce448d1,2026_W23,S4280,U18060,2026-06-06 12:54:27,2026-06-06 13:14:27,Facebook,Court,Mobile,Edge,Android,/home
72e8cd21-4747-456a-bffd-d6498ce448d1,2026_W23,S4281,U23835,2026-06-06 00:38:05,2026-06-06 00:41:05,Facebook,Say,Tablet,Edge,iOS,/home
72e8cd21-4747-456a-bffd-d6498ce448d1,2026_W23,S4282,U10630,2026-06-06 19:36:54,2026-06-06 19:52:54,Facebook,Future,Desktop,Chrome,iOS,/home
72e8cd21-4747-456a-bffd-d6498ce448d1,2026_W23,S4283,U6012,2026-06-04 02:54:38,2026-06-04 03:30:38,Direct,Reality,Mobile,Safari,Windows,/products
72e8cd21-4747-456a-bffd-d6498ce448d1,2026_W23,S4284,U3564,2026-06-05 17:02:23,2026-06-05 17:24:23,Organic,Own,Mobile,Safari,Android,/products
72e8cd21-4747-456a-bffd-d6498ce448d1,2026_W23,S4285,U16172,2026-06-05 10:47:42,2026-06-05 11:27:42,Google Ads,Early,Mobile,Edge,iOS,/home
72e8cd21-4747-456a-bffd-d6498ce448d1,2026_W23,S4286,U30069,2026-06-05 06:19:48,2026-06-05 06:34:48,Google Ads,None,Desktop,Firefox,MacOS,/products
72e8cd21-4747-456a-bffd-d6498ce448d1,2026_W23,S4287,U10069,2026-06-04 04:43:13,2026-06-04 05:00:13,Email,Politics,Mobile,Chrome,iOS,/offers
72e8cd21-4747-456a-bffd-d6498ce448d1,2026_W23,S4288,U31803,2026-06-05 04:24:58,2026-06-05 04:47:58,Facebook,Director,Mobile,Edge,iOS,/home
72e8cd21-4747-456a-bffd-d6498ce448d1,2026_W23,S4289,U25953,2026-06-07 14:12:56,2026-06-07 14:36:56,Organic,Air,Mobile,Safari,Android,/home
72e8cd21-4747-456a-bffd-d6498ce448d1,2026_W23,S4290,U29818,2026-06-02 13:47:59,2026-06-02 13:52:59,Instagram,Purpose,Desktop,Chrome,Android,/home
72e8cd21-4747-456a-bffd-d6498ce448d1,2026_W23,S4291,U32300,2026-06-07 16:29:00,2026-06-07 16:47:00,Email,Thus,Desktop,Firefox,Windows,/products
72e8cd21-4747-456a-bffd-d6498ce448d1,2026_W23,S4292,U15537,2026-06-07 19:06:22,2026-06-07 19:32:22,Organic,Watch,Mobile,Edge,Android,/offers
72e8cd21-4747-456a-bffd-d6498ce448d1,2026_W23,S4293,U2325,2026-06-06 04:32:10,2026-06-06 05:12:10,Email,On,Tablet,Chrome,MacOS,/offers
72e8cd21-4747-456a-bffd-d6498ce448d1,2026_W23,S4294,U142,2026-06-02 09:49:53,2026-06-02 10:18:53,Direct,Free,Mobile,Edge,iOS,/products
72e8cd21-4747-456a-bffd-d6498ce448d1,2026_W23,S4295,U9485,2026-06-03 16:31:58,2026-06-03 17:10:58,Facebook,Seek,Tablet,Safari,MacOS,/home
72e8cd21-4747-456a-bffd-d6498ce448d1,2026_W23,S4296,U23295,2026-06-02 07:55:01,2026-06-02 08:20:01,Facebook,Test,Tablet,Safari,Android,/offers
72e8cd21-4747-456a-bffd-d6498ce448d1,2026_W23,S4297,U20253,2026-06-03 20:48:16,2026-06-03 21:19:16,Email,Tell,Desktop,Chrome,Android,/home
72e8cd21-4747-456a-bffd-d6498ce448d1,2026_W23,S4298,U9142,2026-06-03 13:30:33,2026-06-03 14:00:33,Email,Owner,Mobile,Firefox,MacOS,/offers
72e8cd21-4747-456a-bffd-d6498ce448d1,2026_W23,S4299,U34452,2026-06-04 22:46:43,2026-06-04 23:24:43,Facebook,Much,Mobile,Firefox,Windows,/products
72e8cd21-4747-456a-bffd-d6498ce448d1,2026_W23,S4300,U6585,2026-06-07 09:40:57,2026-06-07 09:44:57,Organic,Order,Tablet,Firefox,Windows,/offers
72e8cd21-4747-456a-bffd-d6498ce448d1,2026_W23,S4301,U15763,2026-06-06 13:38:03,2026-06-06 14:08:03,Direct,Usually,Tablet,Chrome,Android,/home
72e8cd21-4747-456a-bffd-d6498ce448d1,2026_W23,S4302,U33598,2026-06-05 04:22:52,2026-06-05 04:42:52,Facebook,Soon,Mobile,Chrome,Android,/home
72e8cd21-4747-456a-bffd-d6498ce448d1,2026_W23,S4303,U16474,2026-06-07 15:31:42,2026-06-07 15:55:42,Google Ads,Whose,Mobile,Edge,Windows,/home
72e8cd21-4747-456a-bffd-d6498ce448d1,2026_W23,S4304,U985,2026-06-02 07:51:03,2026-06-02 08:31:03,Instagram,Culture,Mobile,Edge,iOS,/offers
72e8cd21-4747-456a-bffd-d6498ce448d1,2026_W23,S4305,U5712,2026-06-05 21:29:47,2026-06-05 22:01:47,Google Ads,Someone,Mobile,Safari,MacOS,/offers
72e8cd21-4747-456a-bffd-d6498ce448d1,2026_W23,S4306,U9375,2026-06-05 13:22:46,2026-06-05 13:30:46,Organic,Way,Tablet,Edge,MacOS,/offers
72e8cd21-4747-456a-bffd-d6498ce448d1,2026_W23,S4307,U23317,2026-06-05 02:46:08,2026-06-05 03:07:08,Google Ads,Continue,Desktop,Firefox,iOS,/home
72e8cd21-4747-456a-bffd-d6498ce448d1,2026_W23,S4308,U4974,2026-06-07 13:06:03,2026-06-07 13:29:03,Google Ads,Attack,Desktop,Edge,MacOS,/offers
72e8cd21-4747-456a-bffd-d6498ce448d1,2026_W23,S4309,U33359,2026-06-06 13:01:05,2026-06-06 13:06:05,Facebook,Town,Desktop,Edge,iOS,/offers
72e8cd21-4747-456a-bffd-d6498ce448d1,2026_W23,S4310,U11155,2026-06-02 00:03:51,2026-06-02 00:08:51,Direct,Finally,Tablet,Edge,MacOS,/offers
72e8cd21-4747-456a-bffd-d6498ce448d1,2026_W23,S4311,U9321,2026-06-06 18:56:58,2026-06-06 18:59:58,Facebook,Direction,Desktop,Firefox,Android,/offers
72e8cd21-4747-456a-bffd-d6498ce448d1,2026_W23,S4312,U20574,2026-06-02 09:38:00,2026-06-02 09:43:00,Organic,Sell,Mobile,Chrome,Windows,/home
72e8cd21-4747-456a-bffd-d6498ce448d1,2026_W23,S4313,U29624,2026-06-02 05:27:38,2026-06-02 05:55:38,Facebook,Response,Desktop,Chrome,Windows,/offers
72e8cd21-4747-456a-bffd-d6498ce448d1,2026_W23,S4314,U14974,2026-06-06 18:33:37,2026-06-06 19:07:37,Direct,Politics,Tablet,Safari,Windows,/offers
72e8cd21-4747-456a-bffd-d6498ce448d1,2026_W23,S4315,U8040,2026-06-02 15:45:44,2026-06-02 16:08:44,Facebook,Four,Tablet,Safari,Windows,/home
72e8cd21-4747-456a-bffd-d6498ce448d1,2026_W23,S4316,U20996,2026-06-06 06:10:07,2026-06-06 06:49:07,Instagram,Visit,Mobile,Chrome,iOS,/products
72e8cd21-4747-456a-bffd-d6498ce448d1,2026_W23,S4317,U30424,2026-06-07 04:17:56,2026-06-07 04:29:56,Email,Remember,Mobile,Safari,MacOS,/offers
72e8cd21-4747-456a-bffd-d6498ce448d1,2026_W23,S4318,U29694,2026-06-02 21:01:13,2026-06-02 21:12:13,Organic,Ago,Desktop,Chrome,MacOS,/products
72e8cd21-4747-456a-bffd-d6498ce448d1,2026_W23,S4319,U19075,2026-06-02 16:15:30,2026-06-02 16:39:30,Email,Daughter,Tablet,Firefox,Windows,/home
72e8cd21-4747-456a-bffd-d6498ce448d1,2026_W23,S4320,U2961,2026-06-02 01:07:06,2026-06-02 01:45:06,Google Ads,Among,Tablet,Safari,Windows,/home
72e8cd21-4747-456a-bffd-d6498ce448d1,2026_W23,S4321,U24498,2026-06-06 08:55:21,2026-06-06 09:02:21,Google Ads,Real,Tablet,Firefox,Windows,/offers
72e8cd21-4747-456a-bffd-d6498ce448d1,2026_W23,S4322,U9498,2026-06-06 20:55:17,2026-06-06 20:57:17,Organic,Approach,Tablet,Firefox,iOS,/products
72e8cd21-4747-456a-bffd-d6498ce448d1,2026_W23,S4323,U4155,2026-06-06 14:08:24,2026-06-06 14:10:24,Email,Bit,Tablet,Chrome,iOS,/products
72e8cd21-4747-456a-bffd-d6498ce448d1,2026_W23,S4324,U145,2026-06-04 08:50:06,2026-06-04 08:52:06,Instagram,Plant,Mobile,Firefox,iOS,/home
72e8cd21-4747-456a-bffd-d6498ce448d1,2026_W23,S4325,U3699,2026-06-02 15:18:03,2026-06-02 15:34:03,Email,Also,Mobile,Chrome,MacOS,/offers
72e8cd21-4747-456a-bffd-d6498ce448d1,2026_W23,S4326,U31327,2026-06-03 05:05:57,2026-06-03 05:42:57,Google Ads,Charge,Mobile,Safari,Windows,/offers
72e8cd21-4747-456a-bffd-d6498ce448d1,2026_W23,S4327,U27541,2026-06-07 11:18:44,2026-06-07 11:36:44,Email,Author,Tablet,Firefox,iOS,/offers
72e8cd21-4747-456a-bffd-d6498ce448d1,2026_W23,S4328,U26806,2026-06-07 15:31:45,2026-06-07 15:33:45,Google Ads,Image,Desktop,Edge,Android,/products
72e8cd21-4747-456a-bffd-d6498ce448d1,2026_W23,S4329,U26341,2026-06-05 09:44:32,2026-06-05 10:13:32,Organic,Explain,Mobile,Firefox,Windows,/products
72e8cd21-4747-456a-bffd-d6498ce448d1,2026_W23,S4330,U31949,2026-06-07 11:01:33,2026-06-07 11:25:33,Google Ads,With,Mobile,Chrome,Android,/products
72e8cd21-4747-456a-bffd-d6498ce448d1,2026_W23,S4331,U22130,2026-06-06 15:55:59,2026-06-06 16:04:59,Direct,Surface,Tablet,Firefox,iOS,/home
72e8cd21-4747-456a-bffd-d6498ce448d1,2026_W23,S4332,U25149,2026-06-06 21:47:34,2026-06-06 21:58:34,Direct,Bring,Desktop,Safari,iOS,/offers
72e8cd21-4747-456a-bffd-d6498ce448d1,2026_W23,S4333,U4986,2026-06-06 06:50:29,2026-06-06 07:09:29,Direct,Walk,Tablet,Chrome,iOS,/offers
72e8cd21-4747-456a-bffd-d6498ce448d1,2026_W23,S4334,U29956,2026-06-03 05:09:13,2026-06-03 05:24:13,Instagram,Power,Desktop,Edge,Windows,/products
72e8cd21-4747-456a-bffd-d6498ce448d1,2026_W23,S4335,U13045,2026-06-02 01:54:35,2026-06-02 02:34:35,Instagram,Defense,Desktop,Safari,Windows,/offers
72e8cd21-4747-456a-bffd-d6498ce448d1,2026_W23,S4336,U6238,2026-06-07 09:43:04,2026-06-07 09:58:04,Direct,Go,Mobile,Edge,MacOS,/offers
72e8cd21-4747-456a-bffd-d6498ce448d1,2026_W23,S4337,U27386,2026-06-04 11:31:51,2026-06-04 12:07:51,Instagram,Ok,Desktop,Safari,Android,/products
72e8cd21-4747-456a-bffd-d6498ce448d1,2026_W23,S4338,U22346,2026-06-04 01:25:23,2026-06-04 01:34:23,Organic,Seat,Mobile,Edge,MacOS,/products
72e8cd21-4747-456a-bffd-d6498ce448d1,2026_W23,S4339,U23157,2026-06-07 12:24:33,2026-06-07 12:37:33,Google Ads,In,Tablet,Edge,Windows,/home
72e8cd21-4747-456a-bffd-d6498ce448d1,2026_W23,S4340,U19125,2026-06-03 01:28:49,2026-06-03 02:07:49,Facebook,Like,Tablet,Edge,iOS,/home
72e8cd21-4747-456a-bffd-d6498ce448d1,2026_W23,S4341,U3473,2026-06-07 07:05:01,2026-06-07 07:27:01,Email,President,Mobile,Edge,Windows,/offers
72e8cd21-4747-456a-bffd-d6498ce448d1,2026_W23,S4342,U32464,2026-06-06 02:28:37,2026-06-06 02:46:37,Instagram,Guy,Desktop,Edge,Windows,/products
72e8cd21-4747-456a-bffd-d6498ce448d1,2026_W23,S4343,U21214,2026-06-04 09:55:42,2026-06-04 10:12:42,Email,Present,Mobile,Safari,Android,/home
72e8cd21-4747-456a-bffd-d6498ce448d1,2026_W23,S4344,U7520,2026-06-03 01:33:41,2026-06-03 01:34:41,Google Ads,Anything,Tablet,Edge,Android,/products
72e8cd21-4747-456a-bffd-d6498ce448d1,2026_W23,S4345,U31586,2026-06-02 20:49:48,2026-06-02 21:03:48,Direct,Rather,Mobile,Safari,iOS,/home
72e8cd21-4747-456a-bffd-d6498ce448d1,2026_W23,S4346,U31119,2026-06-04 16:23:33,2026-06-04 16:41:33,Facebook,Difficult,Mobile,Edge,iOS,/offers
72e8cd21-4747-456a-bffd-d6498ce448d1,2026_W23,S4347,U18822,2026-06-06 10:41:07,2026-06-06 11:00:07,Direct,Long,Desktop,Safari,iOS,/offers
72e8cd21-4747-456a-bffd-d6498ce448d1,2026_W23,S4348,U23406,2026-06-04 08:57:57,2026-06-04 09:26:57,Direct,Teacher,Tablet,Safari,iOS,/offers
72e8cd21-4747-456a-bffd-d6498ce448d1,2026_W23,S4349,U33569,2026-06-02 18:21:51,2026-06-02 18:26:51,Instagram,Firm,Desktop,Chrome,MacOS,/offers
72e8cd21-4747-456a-bffd-d6498ce448d1,2026_W23,S4350,U17406,2026-06-07 04:30:20,2026-06-07 04:43:20,Direct,Yeah,Mobile,Firefox,iOS,/home
72e8cd21-4747-456a-bffd-d6498ce448d1,2026_W23,S4351,U33363,2026-06-03 22:45:43,2026-06-03 23:15:43,Google Ads,Prepare,Desktop,Chrome,iOS,/home
72e8cd21-4747-456a-bffd-d6498ce448d1,2026_W23,S4352,U6191,2026-06-04 22:32:56,2026-06-04 22:55:56,Direct,Adult,Desktop,Firefox,Android,/home
72e8cd21-4747-456a-bffd-d6498ce448d1,2026_W23,S4353,U30765,2026-06-06 13:04:23,2026-06-06 13:30:23,Google Ads,Month,Desktop,Edge,MacOS,/home
72e8cd21-4747-456a-bffd-d6498ce448d1,2026_W23,S4354,U28800,2026-06-03 22:19:35,2026-06-03 22:51:35,Google Ads,Put,Mobile,Firefox,MacOS,/offers
72e8cd21-4747-456a-bffd-d6498ce448d1,2026_W23,S4355,U23423,2026-06-04 16:59:13,2026-06-04 17:10:13,Direct,Might,Tablet,Safari,Windows,/home
72e8cd21-4747-456a-bffd-d6498ce448d1,2026_W23,S4356,U7521,2026-06-03 14:01:24,2026-06-03 14:13:24,Google Ads,Program,Tablet,Firefox,Windows,/offers
72e8cd21-4747-456a-bffd-d6498ce448d1,2026_W23,S4357,U27964,2026-06-02 15:58:40,2026-06-02 16:28:40,Direct,Success,Tablet,Firefox,Windows,/offers
72e8cd21-4747-456a-bffd-d6498ce448d1,2026_W23,S4358,U16840,2026-06-07 17:56:58,2026-06-07 17:57:58,Direct,Open,Desktop,Edge,Android,/home
72e8cd21-4747-456a-bffd-d6498ce448d1,2026_W23,S4359,U29840,2026-06-07 08:02:53,2026-06-07 08:19:53,Google Ads,Involve,Desktop,Edge,MacOS,/home
72e8cd21-4747-456a-bffd-d6498ce448d1,2026_W23,S4360,U24571,2026-06-06 18:53:19,2026-06-06 18:59:19,Direct,Foreign,Mobile,Chrome,Android,/home
72e8cd21-4747-456a-bffd-d6498ce448d1,2026_W23,S4361,U6952,2026-06-05 14:50:03,2026-06-05 14:59:03,Email,Political,Tablet,Safari,iOS,/products
72e8cd21-4747-456a-bffd-d6498ce448d1,2026_W23,S4362,U20622,2026-06-02 07:56:58,2026-06-02 08:00:58,Email,Four,Desktop,Chrome,iOS,/home
72e8cd21-4747-456a-bffd-d6498ce448d1,2026_W23,S4363,U25282,2026-06-02 04:38:08,2026-06-02 05:08:08,Google Ads,Under,Tablet,Firefox,iOS,/products
72e8cd21-4747-456a-bffd-d6498ce448d1,2026_W23,S4364,U18128,2026-06-07 10:08:03,2026-06-07 10:22:03,Email,Me,Mobile,Chrome,iOS,/products
72e8cd21-4747-456a-bffd-d6498ce448d1,2026_W23,S4365,U31068,2026-06-01 22:26:35,2026-06-01 22:27:35,Organic,Heavy,Desktop,Chrome,Android,/home
72e8cd21-4747-456a-bffd-d6498ce448d1,2026_W23,S4366,U16608,2026-06-03 21:39:46,2026-06-03 22:12:46,Organic,Might,Tablet,Edge,MacOS,/offers
72e8cd21-4747-456a-bffd-d6498ce448d1,2026_W23,S4367,U22813,2026-06-07 20:21:53,2026-06-07 20:51:53,Facebook,Note,Tablet,Edge,Windows,/home
72e8cd21-4747-456a-bffd-d6498ce448d1,2026_W23,S4368,U32777,2026-06-04 07:13:49,2026-06-04 07:22:49,Organic,Maintain,Desktop,Safari,Android,/offers
72e8cd21-4747-456a-bffd-d6498ce448d1,2026_W23,S4369,U8067,2026-06-05 06:00:22,2026-06-05 06:04:22,Direct,Cost,Mobile,Firefox,Android,/offers
72e8cd21-4747-456a-bffd-d6498ce448d1,2026_W23,S4370,U3371,2026-06-07 12:37:58,2026-06-07 12:50:58,Google Ads,None,Tablet,Chrome,MacOS,/home
72e8cd21-4747-456a-bffd-d6498ce448d1,2026_W23,S4371,U11716,2026-06-02 13:24:19,2026-06-02 13:28:19,Instagram,Pick,Mobile,Safari,Windows,/home
72e8cd21-4747-456a-bffd-d6498ce448d1,2026_W23,S4372,U19820,2026-06-02 15:48:19,2026-06-02 16:24:19,Organic,Sit,Mobile,Edge,MacOS,/home
72e8cd21-4747-456a-bffd-d6498ce448d1,2026_W23,S4373,U22022,2026-06-04 01:44:30,2026-06-04 01:53:30,Email,Toward,Desktop,Safari,MacOS,/products
72e8cd21-4747-456a-bffd-d6498ce448d1,2026_W23,S4374,U27475,2026-06-07 07:21:51,2026-06-07 07:24:51,Instagram,Drive,Mobile,Edge,Android,/products
72e8cd21-4747-456a-bffd-d6498ce448d1,2026_W23,S4375,U6321,2026-06-04 21:53:56,2026-06-04 22:17:56,Direct,Base,Desktop,Edge,iOS,/products
72e8cd21-4747-456a-bffd-d6498ce448d1,2026_W23,S4376,U14287,2026-06-06 04:17:45,2026-06-06 04:21:45,Google Ads,People,Mobile,Edge,iOS,/home
72e8cd21-4747-456a-bffd-d6498ce448d1,2026_W23,S4377,U6560,2026-06-03 10:29:06,2026-06-03 10:44:06,Email,Direction,Desktop,Edge,iOS,/products
72e8cd21-4747-456a-bffd-d6498ce448d1,2026_W23,S4378,U19281,2026-06-04 00:41:43,2026-06-04 00:47:43,Google Ads,Exactly,Tablet,Firefox,Windows,/home
72e8cd21-4747-456a-bffd-d6498ce448d1,2026_W23,S4379,U637,2026-06-04 19:12:00,2026-06-04 19:15:00,Instagram,He,Tablet,Safari,MacOS,/products
72e8cd21-4747-456a-bffd-d6498ce448d1,2026_W23,S4380,U11864,2026-06-07 08:36:07,2026-06-07 08:55:07,Instagram,Participant,Mobile,Chrome,Android,/products
72e8cd21-4747-456a-bffd-d6498ce448d1,2026_W23,S4381,U30340,2026-06-02 12:19:13,2026-06-02 12:47:13,Instagram,Catch,Desktop,Safari,Windows,/home
72e8cd21-4747-456a-bffd-d6498ce448d1,2026_W23,S4382,U18373,2026-06-04 00:23:58,2026-06-04 00:50:58,Instagram,Main,Desktop,Edge,iOS,/offers
72e8cd21-4747-456a-bffd-d6498ce448d1,2026_W23,S4383,U30640,2026-06-02 13:21:08,2026-06-02 13:48:08,Facebook,Stuff,Mobile,Edge,Android,/home
72e8cd21-4747-456a-bffd-d6498ce448d1,2026_W23,S4384,U12950,2026-06-03 02:26:30,2026-06-03 02:41:30,Instagram,Summer,Mobile,Firefox,Windows,/products
72e8cd21-4747-456a-bffd-d6498ce448d1,2026_W23,S4385,U13491,2026-06-04 06:48:44,2026-06-04 07:24:44,Instagram,Kind,Tablet,Firefox,MacOS,/products
72e8cd21-4747-456a-bffd-d6498ce448d1,2026_W23,S4386,U13215,2026-06-06 17:47:37,2026-06-06 18:13:37,Instagram,Least,Mobile,Safari,iOS,/home
72e8cd21-4747-456a-bffd-d6498ce448d1,2026_W23,S4387,U23208,2026-06-05 17:06:48,2026-06-05 17:44:48,Instagram,Author,Tablet,Firefox,Windows,/offers
72e8cd21-4747-456a-bffd-d6498ce448d1,2026_W23,S4388,U31118,2026-06-03 23:24:41,2026-06-03 23:36:41,Google Ads,Research,Desktop,Chrome,iOS,/offers
72e8cd21-4747-456a-bffd-d6498ce448d1,2026_W23,S4389,U10860,2026-06-06 06:44:14,2026-06-06 06:47:14,Organic,Ok,Mobile,Chrome,MacOS,/offers
72e8cd21-4747-456a-bffd-d6498ce448d1,2026_W23,S4390,U23157,2026-06-04 18:02:52,2026-06-04 18:30:52,Email,News,Mobile,Firefox,iOS,/products
72e8cd21-4747-456a-bffd-d6498ce448d1,2026_W23,S4391,U14355,2026-06-06 09:53:11,2026-06-06 09:55:11,Instagram,Age,Tablet,Edge,Android,/home
72e8cd21-4747-456a-bffd-d6498ce448d1,2026_W23,S4392,U241,2026-06-02 10:14:15,2026-06-02 10:26:15,Email,Seat,Mobile,Safari,MacOS,/offers
72e8cd21-4747-456a-bffd-d6498ce448d1,2026_W23,S4393,U12062,2026-06-07 14:36:26,2026-06-07 15:02:26,Google Ads,Idea,Tablet,Firefox,Android,/home
72e8cd21-4747-456a-bffd-d6498ce448d1,2026_W23,S4394,U29103,2026-06-04 05:54:03,2026-06-04 06:06:03,Organic,Leave,Mobile,Safari,Android,/home
72e8cd21-4747-456a-bffd-d6498ce448d1,2026_W23,S4395,U16103,2026-06-02 19:21:40,2026-06-02 19:44:40,Facebook,Pay,Mobile,Chrome,MacOS,/home
72e8cd21-4747-456a-bffd-d6498ce448d1,2026_W23,S4396,U2487,2026-06-06 22:27:34,2026-06-06 22:45:34,Email,Type,Mobile,Firefox,Windows,/products
72e8cd21-4747-456a-bffd-d6498ce448d1,2026_W23,S4397,U28478,2026-06-05 03:16:40,2026-06-05 03:44:40,Instagram,Mouth,Desktop,Chrome,MacOS,/offers
72e8cd21-4747-456a-bffd-d6498ce448d1,2026_W23,S4398,U31150,2026-06-07 19:52:12,2026-06-07 20:02:12,Google Ads,Prove,Tablet,Edge,MacOS,/home
72e8cd21-4747-456a-bffd-d6498ce448d1,2026_W23,S4399,U2432,2026-06-05 16:34:57,2026-06-05 16:46:57,Google Ads,Available,Desktop,Chrome,Android,/offers
72e8cd21-4747-456a-bffd-d6498ce448d1,2026_W23,S4400,U31342,2026-06-04 10:46:18,2026-06-04 11:16:18,Organic,Someone,Mobile,Edge,iOS,/products
72e8cd21-4747-456a-bffd-d6498ce448d1,2026_W23,S4401,U22885,2026-06-01 23:27:20,2026-06-01 23:44:20,Facebook,Defense,Desktop,Edge,MacOS,/home
72e8cd21-4747-456a-bffd-d6498ce448d1,2026_W23,S4402,U21717,2026-06-02 10:20:15,2026-06-02 10:32:15,Facebook,Though,Mobile,Chrome,Android,/offers
72e8cd21-4747-456a-bffd-d6498ce448d1,2026_W23,S4403,U6924,2026-06-06 00:06:49,2026-06-06 00:10:49,Email,Material,Mobile,Safari,MacOS,/products
72e8cd21-4747-456a-bffd-d6498ce448d1,2026_W23,S4404,U23922,2026-06-06 10:28:00,2026-06-06 10:29:00,Instagram,Process,Mobile,Firefox,Android,/home
72e8cd21-4747-456a-bffd-d6498ce448d1,2026_W23,S4405,U7715,2026-06-06 07:23:00,2026-06-06 07:49:00,Google Ads,Office,Tablet,Chrome,MacOS,/products
72e8cd21-4747-456a-bffd-d6498ce448d1,2026_W23,S4406,U6312,2026-06-05 11:09:16,2026-06-05 11:37:16,Email,Road,Mobile,Firefox,Android,/home
72e8cd21-4747-456a-bffd-d6498ce448d1,2026_W23,S4407,U33201,2026-06-04 23:42:44,2026-06-04 23:59:44,Organic,Detail,Tablet,Safari,Android,/offers
72e8cd21-4747-456a-bffd-d6498ce448d1,2026_W23,S4408,U4762,2026-06-05 06:59:57,2026-06-05 07:30:57,Google Ads,Thought,Tablet,Safari,Android,/offers
72e8cd21-4747-456a-bffd-d6498ce448d1,2026_W23,S4409,U32019,2026-06-02 11:39:27,2026-06-02 11:56:27,Direct,Suddenly,Desktop,Chrome,Android,/offers
72e8cd21-4747-456a-bffd-d6498ce448d1,2026_W23,S4410,U4140,2026-06-05 19:15:19,2026-06-05 19:23:19,Email,Difficult,Desktop,Edge,Windows,/offers
72e8cd21-4747-456a-bffd-d6498ce448d1,2026_W23,S4411,U13824,2026-06-03 14:55:46,2026-06-03 15:20:46,Instagram,Two,Tablet,Edge,Android,/offers
72e8cd21-4747-456a-bffd-d6498ce448d1,2026_W23,S4412,U5402,2026-06-03 04:57:37,2026-06-03 05:32:37,Facebook,Treat,Mobile,Chrome,Windows,/offers
72e8cd21-4747-456a-bffd-d6498ce448d1,2026_W23,S4413,U30138,2026-06-04 23:35:43,2026-06-05 00:03:43,Direct,Concern,Desktop,Safari,iOS,/products
72e8cd21-4747-456a-bffd-d6498ce448d1,2026_W23,S4414,U20720,2026-06-03 14:29:39,2026-06-03 14:50:39,Facebook,Forward,Tablet,Firefox,iOS,/offers
72e8cd21-4747-456a-bffd-d6498ce448d1,2026_W23,S4415,U14577,2026-06-07 11:48:44,2026-06-07 12:03:44,Facebook,Three,Mobile,Chrome,Android,/products
72e8cd21-4747-456a-bffd-d6498ce448d1,2026_W23,S4416,U16797,2026-06-07 00:31:51,2026-06-07 01:00:51,Organic,How,Desktop,Chrome,iOS,/offers
72e8cd21-4747-456a-bffd-d6498ce448d1,2026_W23,S4417,U22312,2026-06-01 20:52:43,2026-06-01 20:59:43,Organic,Street,Desktop,Safari,iOS,/home
72e8cd21-4747-456a-bffd-d6498ce448d1,2026_W23,S4418,U14809,2026-06-06 19:14:32,2026-06-06 19:38:32,Organic,Usually,Mobile,Chrome,Android,/home
72e8cd21-4747-456a-bffd-d6498ce448d1,2026_W23,S4419,U9198,2026-06-01 22:59:30,2026-06-01 23:34:30,Email,Rise,Mobile,Edge,Windows,/home
72e8cd21-4747-456a-bffd-d6498ce448d1,2026_W23,S4420,U7560,2026-06-03 20:09:29,2026-06-03 20:41:29,Google Ads,Increase,Mobile,Firefox,Android,/offers
72e8cd21-4747-456a-bffd-d6498ce448d1,2026_W23,S4421,U7469,2026-06-06 17:01:33,2026-06-06 17:08:33,Instagram,Research,Desktop,Edge,iOS,/offers
72e8cd21-4747-456a-bffd-d6498ce448d1,2026_W23,S4422,U33208,2026-06-04 09:30:59,2026-06-04 09:49:59,Organic,Move,Tablet,Chrome,Android,/home
72e8cd21-4747-456a-bffd-d6498ce448d1,2026_W23,S4423,U17167,2026-06-02 09:29:46,2026-06-02 10:06:46,Organic,Physical,Mobile,Safari,Windows,/products
72e8cd21-4747-456a-bffd-d6498ce448d1,2026_W23,S4424,U12379,2026-06-01 23:12:17,2026-06-01 23:15:17,Instagram,Trade,Mobile,Edge,iOS,/offers
72e8cd21-4747-456a-bffd-d6498ce448d1,2026_W23,S4425,U30953,2026-06-06 16:43:26,2026-06-06 17:03:26,Google Ads,Determine,Desktop,Chrome,Android,/home
72e8cd21-4747-456a-bffd-d6498ce448d1,2026_W23,S4426,U5213,2026-06-02 04:33:44,2026-06-02 04:52:44,Organic,Pull,Tablet,Safari,iOS,/offers
72e8cd21-4747-456a-bffd-d6498ce448d1,2026_W23,S4427,U3185,2026-06-05 19:17:16,2026-06-05 19:38:16,Google Ads,Practice,Mobile,Edge,Windows,/offers
72e8cd21-4747-456a-bffd-d6498ce448d1,2026_W23,S4428,U32884,2026-06-06 06:15:06,2026-06-06 06:29:06,Email,More,Desktop,Edge,iOS,/offers
72e8cd21-4747-456a-bffd-d6498ce448d1,2026_W23,S4429,U5949,2026-06-07 01:01:32,2026-06-07 01:17:32,Facebook,Allow,Tablet,Edge,Windows,/products
72e8cd21-4747-456a-bffd-d6498ce448d1,2026_W23,S4430,U2968,2026-06-04 16:32:40,2026-06-04 16:55:40,Instagram,Same,Desktop,Firefox,MacOS,/products
72e8cd21-4747-456a-bffd-d6498ce448d1,2026_W23,S4431,U19062,2026-06-06 06:31:09,2026-06-06 07:06:09,Facebook,Myself,Tablet,Edge,Windows,/products
72e8cd21-4747-456a-bffd-d6498ce448d1,2026_W23,S4432,U34361,2026-06-06 08:00:34,2026-06-06 08:08:34,Facebook,Improve,Tablet,Safari,iOS,/products
72e8cd21-4747-456a-bffd-d6498ce448d1,2026_W23,S4433,U1673,2026-06-07 08:43:08,2026-06-07 09:23:08,Organic,Serve,Desktop,Safari,iOS,/home
72e8cd21-4747-456a-bffd-d6498ce448d1,2026_W23,S4434,U19166,2026-06-05 04:43:54,2026-06-05 04:48:54,Direct,Bed,Desktop,Chrome,iOS,/products
72e8cd21-4747-456a-bffd-d6498ce448d1,2026_W23,S4435,U22609,2026-06-03 04:45:25,2026-06-03 04:52:25,Instagram,Still,Mobile,Firefox,iOS,/home
72e8cd21-4747-456a-bffd-d6498ce448d1,2026_W23,S4436,U27320,2026-06-03 22:14:16,2026-06-03 22:33:16,Direct,News,Mobile,Chrome,Android,/home
72e8cd21-4747-456a-bffd-d6498ce448d1,2026_W23,S4437,U33090,2026-06-06 05:05:24,2026-06-06 05:11:24,Google Ads,Green,Desktop,Chrome,Android,/offers
72e8cd21-4747-456a-bffd-d6498ce448d1,2026_W23,S4438,U14415,2026-06-03 17:57:03,2026-06-03 18:35:03,Google Ads,Explain,Mobile,Edge,Android,/offers
72e8cd21-4747-456a-bffd-d6498ce448d1,2026_W23,S4439,U13443,2026-06-05 19:03:39,2026-06-05 19:30:39,Direct,Course,Mobile,Chrome,Android,/products
72e8cd21-4747-456a-bffd-d6498ce448d1,2026_W23,S4440,U8464,2026-06-07 00:47:22,2026-06-07 00:57:22,Direct,Ok,Mobile,Edge,iOS,/offers
72e8cd21-4747-456a-bffd-d6498ce448d1,2026_W23,S4441,U8929,2026-06-03 15:59:01,2026-06-03 16:02:01,Facebook,Eat,Tablet,Edge,Android,/home
72e8cd21-4747-456a-bffd-d6498ce448d1,2026_W23,S4442,U10956,2026-06-04 07:09:53,2026-06-04 07:34:53,Facebook,South,Desktop,Firefox,Windows,/offers
72e8cd21-4747-456a-bffd-d6498ce448d1,2026_W23,S4443,U10078,2026-06-07 14:06:52,2026-06-07 14:23:52,Organic,Model,Desktop,Safari,Android,/home
72e8cd21-4747-456a-bffd-d6498ce448d1,2026_W23,S4444,U20614,2026-06-04 15:48:15,2026-06-04 16:02:15,Google Ads,Thank,Tablet,Safari,Android,/offers
72e8cd21-4747-456a-bffd-d6498ce448d1,2026_W23,S4445,U3669,2026-06-06 14:51:30,2026-06-06 15:20:30,Instagram,Hand,Desktop,Chrome,Android,/home
72e8cd21-4747-456a-bffd-d6498ce448d1,2026_W23,S4446,U24990,2026-06-06 08:32:34,2026-06-06 09:04:34,Direct,Account,Mobile,Safari,MacOS,/products
72e8cd21-4747-456a-bffd-d6498ce448d1,2026_W23,S4447,U33687,2026-06-05 15:00:58,2026-06-05 15:03:58,Direct,Pm,Tablet,Chrome,iOS,/products
72e8cd21-4747-456a-bffd-d6498ce448d1,2026_W23,S4448,U24341,2026-06-05 17:47:21,2026-06-05 18:19:21,Google Ads,Natural,Desktop,Safari,iOS,/offers
72e8cd21-4747-456a-bffd-d6498ce448d1,2026_W23,S4449,U12285,2026-06-03 19:00:48,2026-06-03 19:08:48,Instagram,Next,Tablet,Edge,Windows,/offers
72e8cd21-4747-456a-bffd-d6498ce448d1,2026_W23,S4450,U17558,2026-06-05 17:13:40,2026-06-05 17:51:40,Email,Art,Tablet,Safari,MacOS,/offers
72e8cd21-4747-456a-bffd-d6498ce448d1,2026_W23,S4451,U25998,2026-06-02 15:30:06,2026-06-02 15:44:06,Google Ads,We,Mobile,Chrome,MacOS,/offers
72e8cd21-4747-456a-bffd-d6498ce448d1,2026_W23,S4452,U8313,2026-06-02 17:27:51,2026-06-02 17:36:51,Email,Trip,Tablet,Firefox,MacOS,/products
72e8cd21-4747-456a-bffd-d6498ce448d1,2026_W23,S4453,U18343,2026-06-06 12:59:55,2026-06-06 13:16:55,Instagram,Always,Tablet,Chrome,MacOS,/products
72e8cd21-4747-456a-bffd-d6498ce448d1,2026_W23,S4454,U32059,2026-06-07 01:34:33,2026-06-07 01:46:33,Direct,School,Desktop,Edge,iOS,/offers
72e8cd21-4747-456a-bffd-d6498ce448d1,2026_W23,S4455,U19112,2026-06-01 23:45:28,2026-06-02 00:13:28,Facebook,Maintain,Tablet,Safari,iOS,/home
72e8cd21-4747-456a-bffd-d6498ce448d1,2026_W23,S4456,U18145,2026-06-05 18:41:47,2026-06-05 19:19:47,Direct,Possible,Tablet,Firefox,Windows,/products
72e8cd21-4747-456a-bffd-d6498ce448d1,2026_W23,S4457,U5550,2026-06-05 13:15:15,2026-06-05 13:52:15,Direct,Talk,Tablet,Chrome,iOS,/products
72e8cd21-4747-456a-bffd-d6498ce448d1,2026_W23,S4458,U23002,2026-06-06 16:32:43,2026-06-06 16:41:43,Facebook,Reason,Mobile,Chrome,Windows,/products
72e8cd21-4747-456a-bffd-d6498ce448d1,2026_W23,S4459,U28374,2026-06-07 06:03:42,2026-06-07 06:35:42,Direct,Visit,Tablet,Firefox,Android,/products
72e8cd21-4747-456a-bffd-d6498ce448d1,2026_W23,S4460,U31923,2026-06-05 10:22:30,2026-06-05 10:44:30,Instagram,Goal,Tablet,Chrome,Android,/home
72e8cd21-4747-456a-bffd-d6498ce448d1,2026_W23,S4461,U5104,2026-06-06 22:43:04,2026-06-06 22:45:04,Google Ads,Significant,Mobile,Safari,Android,/home
72e8cd21-4747-456a-bffd-d6498ce448d1,2026_W23,S4462,U13351,2026-06-04 16:12:42,2026-06-04 16:49:42,Google Ads,Defense,Desktop,Firefox,iOS,/products
72e8cd21-4747-456a-bffd-d6498ce448d1,2026_W23,S4463,U3547,2026-06-02 08:04:34,2026-06-02 08:17:34,Email,Each,Desktop,Firefox,Windows,/products
72e8cd21-4747-456a-bffd-d6498ce448d1,2026_W23,S4464,U8888,2026-06-03 23:15:02,2026-06-03 23:54:02,Instagram,Necessary,Desktop,Edge,iOS,/home
72e8cd21-4747-456a-bffd-d6498ce448d1,2026_W23,S4465,U24719,2026-06-05 17:38:23,2026-06-05 18:04:23,Instagram,As,Desktop,Edge,MacOS,/products
72e8cd21-4747-456a-bffd-d6498ce448d1,2026_W23,S4466,U12555,2026-06-05 13:59:32,2026-06-05 14:33:32,Email,Religious,Desktop,Edge,MacOS,/offers
72e8cd21-4747-456a-bffd-d6498ce448d1,2026_W23,S4467,U17346,2026-06-07 18:35:08,2026-06-07 18:49:08,Organic,Sometimes,Tablet,Firefox,iOS,/offers
72e8cd21-4747-456a-bffd-d6498ce448d1,2026_W23,S4468,U16485,2026-06-05 21:08:54,2026-06-05 21:46:54,Facebook,However,Mobile,Chrome,Windows,/offers
72e8cd21-4747-456a-bffd-d6498ce448d1,2026_W23,S4469,U3937,2026-06-04 01:15:21,2026-06-04 01:53:21,Google Ads,Coach,Mobile,Firefox,Android,/home
72e8cd21-4747-456a-bffd-d6498ce448d1,2026_W23,S4470,U12968,2026-06-03 05:14:23,2026-06-03 05:35:23,Instagram,Physical,Tablet,Edge,MacOS,/offers
72e8cd21-4747-456a-bffd-d6498ce448d1,2026_W23,S4471,U29591,2026-06-01 23:56:40,2026-06-02 00:25:40,Facebook,It,Desktop,Safari,Android,/products
72e8cd21-4747-456a-bffd-d6498ce448d1,2026_W23,S4472,U12159,2026-06-06 11:26:34,2026-06-06 11:58:34,Email,Chance,Tablet,Chrome,Windows,/offers
72e8cd21-4747-456a-bffd-d6498ce448d1,2026_W23,S4473,U25458,2026-06-04 03:30:25,2026-06-04 03:35:25,Email,Short,Desktop,Chrome,Windows,/offers
72e8cd21-4747-456a-bffd-d6498ce448d1,2026_W23,S4474,U26212,2026-06-05 21:40:14,2026-06-05 21:47:14,Instagram,Training,Desktop,Chrome,iOS,/products
72e8cd21-4747-456a-bffd-d6498ce448d1,2026_W23,S4475,U11644,2026-06-04 00:38:22,2026-06-04 01:17:22,Facebook,Your,Desktop,Edge,MacOS,/products
72e8cd21-4747-456a-bffd-d6498ce448d1,2026_W23,S4476,U12482,2026-06-05 12:49:08,2026-06-05 13:02:08,Direct,Suddenly,Mobile,Safari,iOS,/products
72e8cd21-4747-456a-bffd-d6498ce448d1,2026_W23,S4477,U23825,2026-06-06 23:51:58,2026-06-07 00:22:58,Email,Foreign,Tablet,Firefox,Windows,/home
72e8cd21-4747-456a-bffd-d6498ce448d1,2026_W23,S4478,U5467,2026-06-06 22:48:43,2026-06-06 23:25:43,Email,Tax,Mobile,Chrome,MacOS,/offers
72e8cd21-4747-456a-bffd-d6498ce448d1,2026_W23,S4479,U34420,2026-06-02 11:59:44,2026-06-02 12:14:44,Email,Low,Mobile,Edge,Windows,/offers
72e8cd21-4747-456a-bffd-d6498ce448d1,2026_W23,S4480,U24146,2026-06-05 17:21:08,2026-06-05 17:55:08,Instagram,Fly,Desktop,Edge,iOS,/offers
72e8cd21-4747-456a-bffd-d6498ce448d1,2026_W23,S4481,U12071,2026-06-05 05:49:59,2026-06-05 06:20:59,Organic,Exist,Desktop,Edge,iOS,/products
72e8cd21-4747-456a-bffd-d6498ce448d1,2026_W23,S4482,U22372,2026-06-03 14:36:32,2026-06-03 14:40:32,Organic,Chance,Desktop,Firefox,iOS,/products
72e8cd21-4747-456a-bffd-d6498ce448d1,2026_W23,S4483,U11708,2026-06-05 20:18:18,2026-06-05 20:29:18,Direct,Hair,Tablet,Firefox,Android,/products
72e8cd21-4747-456a-bffd-d6498ce448d1,2026_W23,S4484,U15063,2026-06-03 10:11:12,2026-06-03 10:22:12,Facebook,Season,Desktop,Firefox,Windows,/offers
72e8cd21-4747-456a-bffd-d6498ce448d1,2026_W23,S4485,U14779,2026-06-02 07:56:46,2026-06-02 08:30:46,Google Ads,Reduce,Tablet,Chrome,Windows,/products
72e8cd21-4747-456a-bffd-d6498ce448d1,2026_W23,S4486,U24395,2026-06-05 02:28:09,2026-06-05 02:45:09,Instagram,City,Mobile,Safari,MacOS,/home
72e8cd21-4747-456a-bffd-d6498ce448d1,2026_W23,S4487,U34361,2026-06-04 22:07:45,2026-06-04 22:27:45,Email,Sister,Tablet,Firefox,iOS,/offers
72e8cd21-4747-456a-bffd-d6498ce448d1,2026_W23,S4488,U20511,2026-06-02 02:00:07,2026-06-02 02:11:07,Google Ads,Thank,Mobile,Firefox,Android,/home
72e8cd21-4747-456a-bffd-d6498ce448d1,2026_W23,S4489,U13758,2026-06-07 06:12:22,2026-06-07 06:23:22,Organic,Military,Desktop,Safari,Android,/home
72e8cd21-4747-456a-bffd-d6498ce448d1,2026_W23,S4490,U19084,2026-06-03 17:29:00,2026-06-03 17:42:00,Organic,Sit,Desktop,Firefox,MacOS,/offers
72e8cd21-4747-456a-bffd-d6498ce448d1,2026_W23,S4491,U30805,2026-06-05 11:56:47,2026-06-05 12:01:47,Google Ads,Sea,Mobile,Safari,iOS,/offers
72e8cd21-4747-456a-bffd-d6498ce448d1,2026_W23,S4492,U18848,2026-06-06 11:21:47,2026-06-06 11:30:47,Instagram,Father,Desktop,Safari,iOS,/products
72e8cd21-4747-456a-bffd-d6498ce448d1,2026_W23,S4493,U7379,2026-06-05 14:22:59,2026-06-05 14:46:59,Google Ads,Consider,Desktop,Safari,MacOS,/offers
72e8cd21-4747-456a-bffd-d6498ce448d1,2026_W23,S4494,U7800,2026-06-02 11:05:25,2026-06-02 11:26:25,Facebook,Suddenly,Tablet,Chrome,Windows,/products
72e8cd21-4747-456a-bffd-d6498ce448d1,2026_W23,S4495,U22669,2026-06-02 11:38:27,2026-06-02 11:55:27,Organic,Cup,Desktop,Firefox,Android,/products
72e8cd21-4747-456a-bffd-d6498ce448d1,2026_W23,S4496,U694,2026-06-03 21:25:12,2026-06-03 21:39:12,Email,Letter,Desktop,Edge,MacOS,/offers
72e8cd21-4747-456a-bffd-d6498ce448d1,2026_W23,S4497,U16559,2026-06-02 23:06:40,2026-06-02 23:16:40,Google Ads,Foreign,Mobile,Edge,Android,/offers
72e8cd21-4747-456a-bffd-d6498ce448d1,2026_W23,S4498,U10863,2026-06-07 07:49:53,2026-06-07 07:56:53,Organic,Guess,Desktop,Firefox,Windows,/offers
72e8cd21-4747-456a-bffd-d6498ce448d1,2026_W23,S4499,U7996,2026-06-07 14:50:20,2026-06-07 14:55:20,Direct,Appear,Desktop,Edge,Android,/products
72e8cd21-4747-456a-bffd-d6498ce448d1,2026_W23,S4500,U29464,2026-06-04 14:06:56,2026-06-04 14:16:56,Organic,Significant,Mobile,Chrome,iOS,/products
72e8cd21-4747-456a-bffd-d6498ce448d1,2026_W23,S4501,U9923,2026-06-07 13:22:04,2026-06-07 13:26:04,Facebook,Your,Desktop,Safari,MacOS,/home
72e8cd21-4747-456a-bffd-d6498ce448d1,2026_W23,S4502,U1652,2026-06-04 00:42:23,2026-06-04 00:47:23,Facebook,Cut,Mobile,Firefox,Android,/offers
72e8cd21-4747-456a-bffd-d6498ce448d1,2026_W23,S4503,U23414,2026-06-01 23:34:13,2026-06-01 23:37:13,Organic,Possible,Mobile,Edge,Android,/offers
72e8cd21-4747-456a-bffd-d6498ce448d1,2026_W23,S4504,U25974,2026-06-07 11:20:41,2026-06-07 11:30:41,Direct,Draw,Desktop,Chrome,Android,/home
72e8cd21-4747-456a-bffd-d6498ce448d1,2026_W23,S4505,U18751,2026-06-07 00:24:12,2026-06-07 00:43:12,Email,Mr,Mobile,Safari,MacOS,/products
72e8cd21-4747-456a-bffd-d6498ce448d1,2026_W23,S4506,U26692,2026-06-03 00:00:06,2026-06-03 00:02:06,Instagram,Soon,Mobile,Safari,MacOS,/products
72e8cd21-4747-456a-bffd-d6498ce448d1,2026_W23,S4507,U32735,2026-06-04 16:32:07,2026-06-04 16:58:07,Facebook,Manager,Tablet,Firefox,Android,/products
72e8cd21-4747-456a-bffd-d6498ce448d1,2026_W23,S4508,U11721,2026-06-07 04:49:23,2026-06-07 04:58:23,Direct,Sea,Desktop,Firefox,Windows,/products
72e8cd21-4747-456a-bffd-d6498ce448d1,2026_W23,S4509,U20470,2026-06-07 14:22:39,2026-06-07 14:56:39,Direct,Recent,Desktop,Edge,Windows,/offers
72e8cd21-4747-456a-bffd-d6498ce448d1,2026_W23,S4510,U6582,2026-06-01 23:48:03,2026-06-02 00:27:03,Email,While,Tablet,Firefox,Windows,/offers
72e8cd21-4747-456a-bffd-d6498ce448d1,2026_W23,S4511,U14668,2026-06-07 03:06:12,2026-06-07 03:10:12,Instagram,World,Tablet,Chrome,Windows,/home
72e8cd21-4747-456a-bffd-d6498ce448d1,2026_W23,S4512,U32122,2026-06-06 22:53:32,2026-06-06 23:21:32,Facebook,Produce,Tablet,Edge,Windows,/home
72e8cd21-4747-456a-bffd-d6498ce448d1,2026_W23,S4513,U1495,2026-06-04 04:31:04,2026-06-04 04:38:04,Google Ads,Top,Tablet,Edge,Android,/offers
72e8cd21-4747-456a-bffd-d6498ce448d1,2026_W23,S4514,U26701,2026-06-05 05:51:31,2026-06-05 06:28:31,Direct,She,Desktop,Chrome,Android,/offers
72e8cd21-4747-456a-bffd-d6498ce448d1,2026_W23,S4515,U624,2026-06-05 23:46:44,2026-06-05 23:57:44,Google Ads,Light,Mobile,Firefox,MacOS,/offers
72e8cd21-4747-456a-bffd-d6498ce448d1,2026_W23,S4516,U2361,2026-06-06 23:39:22,2026-06-07 00:19:22,Email,Trade,Tablet,Edge,Android,/home
72e8cd21-4747-456a-bffd-d6498ce448d1,2026_W23,S4517,U18606,2026-06-05 02:27:51,2026-06-05 02:50:51,Google Ads,Threat,Mobile,Firefox,iOS,/home
72e8cd21-4747-456a-bffd-d6498ce448d1,2026_W23,S4518,U24233,2026-06-05 12:20:06,2026-06-05 12:58:06,Instagram,Majority,Mobile,Edge,Android,/products
72e8cd21-4747-456a-bffd-d6498ce448d1,2026_W23,S4519,U3795,2026-06-07 15:57:22,2026-06-07 16:11:22,Email,Painting,Desktop,Chrome,iOS,/products
72e8cd21-4747-456a-bffd-d6498ce448d1,2026_W23,S4520,U20566,2026-06-02 09:28:50,2026-06-02 09:45:50,Facebook,Two,Desktop,Edge,iOS,/products
72e8cd21-4747-456a-bffd-d6498ce448d1,2026_W23,S4521,U33837,2026-06-05 13:22:59,2026-06-05 13:58:59,Email,Hundred,Mobile,Chrome,iOS,/home
72e8cd21-4747-456a-bffd-d6498ce448d1,2026_W23,S4522,U23228,2026-06-06 16:18:48,2026-06-06 16:24:48,Google Ads,Himself,Desktop,Safari,Windows,/offers
72e8cd21-4747-456a-bffd-d6498ce448d1,2026_W23,S4523,U31154,2026-06-05 12:05:33,2026-06-05 12:25:33,Direct,Upon,Mobile,Edge,Android,/products
72e8cd21-4747-456a-bffd-d6498ce448d1,2026_W23,S4524,U26494,2026-06-06 08:00:56,2026-06-06 08:04:56,Email,You,Mobile,Safari,MacOS,/products
72e8cd21-4747-456a-bffd-d6498ce448d1,2026_W23,S4525,U14031,2026-06-06 13:14:16,2026-06-06 13:40:16,Instagram,Establish,Tablet,Firefox,Windows,/home
72e8cd21-4747-456a-bffd-d6498ce448d1,2026_W23,S4526,U15874,2026-06-06 17:33:45,2026-06-06 17:40:45,Google Ads,Activity,Desktop,Chrome,iOS,/offers
72e8cd21-4747-456a-bffd-d6498ce448d1,2026_W23,S4527,U18646,2026-06-05 15:10:52,2026-06-05 15:19:52,Direct,Wife,Mobile,Safari,iOS,/products
72e8cd21-4747-456a-bffd-d6498ce448d1,2026_W23,S4528,U34079,2026-06-04 18:55:32,2026-06-04 19:16:32,Email,Audience,Mobile,Firefox,Windows,/home
72e8cd21-4747-456a-bffd-d6498ce448d1,2026_W23,S4529,U17246,2026-06-02 10:18:32,2026-06-02 10:31:32,Facebook,Language,Desktop,Safari,iOS,/offers
72e8cd21-4747-456a-bffd-d6498ce448d1,2026_W23,S4530,U3636,2026-06-05 14:04:27,2026-06-05 14:27:27,Direct,Heavy,Mobile,Firefox,Android,/offers
72e8cd21-4747-456a-bffd-d6498ce448d1,2026_W23,S4531,U34259,2026-06-03 23:46:30,2026-06-04 00:21:30,Instagram,Agent,Tablet,Safari,Android,/home
72e8cd21-4747-456a-bffd-d6498ce448d1,2026_W23,S4532,U20243,2026-06-05 12:25:44,2026-06-05 12:37:44,Email,Onto,Desktop,Safari,Android,/home
72e8cd21-4747-456a-bffd-d6498ce448d1,2026_W23,S4533,U25866,2026-06-02 12:07:25,2026-06-02 12:11:25,Facebook,Southern,Desktop,Firefox,iOS,/products
72e8cd21-4747-456a-bffd-d6498ce448d1,2026_W23,S4534,U16764,2026-06-05 22:52:43,2026-06-05 23:05:43,Google Ads,Three,Mobile,Chrome,iOS,/products
72e8cd21-4747-456a-bffd-d6498ce448d1,2026_W23,S4535,U20233,2026-06-06 13:29:31,2026-06-06 13:35:31,Google Ads,Adult,Mobile,Chrome,Android,/home
72e8cd21-4747-456a-bffd-d6498ce448d1,2026_W23,S4536,U27358,2026-06-02 12:30:13,2026-06-02 12:38:13,Instagram,Increase,Tablet,Edge,iOS,/offers
72e8cd21-4747-456a-bffd-d6498ce448d1,2026_W23,S4537,U29550,2026-06-05 16:26:10,2026-06-05 16:50:10,Google Ads,Picture,Tablet,Safari,Windows,/offers
72e8cd21-4747-456a-bffd-d6498ce448d1,2026_W23,S4538,U10699,2026-06-07 06:49:34,2026-06-07 07:12:34,Google Ads,Paper,Desktop,Edge,MacOS,/home
72e8cd21-4747-456a-bffd-d6498ce448d1,2026_W23,S4539,U152,2026-06-03 09:51:05,2026-06-03 09:53:05,Google Ads,Finish,Tablet,Safari,iOS,/home
72e8cd21-4747-456a-bffd-d6498ce448d1,2026_W23,S4540,U2002,2026-06-05 22:47:11,2026-06-05 23:14:11,Direct,Article,Tablet,Edge,Android,/home
72e8cd21-4747-456a-bffd-d6498ce448d1,2026_W23,S4541,U18262,2026-06-03 23:13:14,2026-06-03 23:51:14,Organic,Record,Tablet,Chrome,Android,/products
72e8cd21-4747-456a-bffd-d6498ce448d1,2026_W23,S4542,U5234,2026-06-05 13:38:10,2026-06-05 14:03:10,Email,Rock,Mobile,Edge,Windows,/offers
72e8cd21-4747-456a-bffd-d6498ce448d1,2026_W23,S4543,U21704,2026-06-04 01:46:14,2026-06-04 01:53:14,Email,The,Desktop,Edge,Android,/home
72e8cd21-4747-456a-bffd-d6498ce448d1,2026_W23,S4544,U8954,2026-06-04 04:58:13,2026-06-04 05:17:13,Organic,Could,Desktop,Edge,Windows,/home
72e8cd21-4747-456a-bffd-d6498ce448d1,2026_W23,S4545,U4202,2026-06-03 00:39:06,2026-06-03 00:55:06,Facebook,Job,Desktop,Edge,Windows,/home
72e8cd21-4747-456a-bffd-d6498ce448d1,2026_W23,S4546,U17484,2026-06-05 22:43:41,2026-06-05 22:58:41,Email,Play,Tablet,Safari,Android,/home
72e8cd21-4747-456a-bffd-d6498ce448d1,2026_W23,S4547,U13928,2026-06-05 18:15:48,2026-06-05 18:22:48,Organic,Development,Desktop,Chrome,Android,/offers
72e8cd21-4747-456a-bffd-d6498ce448d1,2026_W23,S4548,U24629,2026-06-05 15:51:25,2026-06-05 15:53:25,Organic,Expert,Desktop,Safari,Windows,/offers
72e8cd21-4747-456a-bffd-d6498ce448d1,2026_W23,S4549,U4576,2026-06-03 11:02:40,2026-06-03 11:26:40,Instagram,Per,Mobile,Safari,iOS,/home
72e8cd21-4747-456a-bffd-d6498ce448d1,2026_W23,S4550,U30697,2026-06-02 11:18:39,2026-06-02 11:50:39,Instagram,Card,Desktop,Edge,iOS,/products
72e8cd21-4747-456a-bffd-d6498ce448d1,2026_W23,S4551,U6625,2026-06-03 13:20:48,2026-06-03 13:31:48,Organic,Safe,Mobile,Edge,Android,/products
72e8cd21-4747-456a-bffd-d6498ce448d1,2026_W23,S4552,U3872,2026-06-06 12:31:43,2026-06-06 12:55:43,Facebook,Bag,Desktop,Firefox,MacOS,/products
72e8cd21-4747-456a-bffd-d6498ce448d1,2026_W23,S4553,U5973,2026-06-07 03:08:35,2026-06-07 03:14:35,Organic,If,Tablet,Chrome,Android,/offers
72e8cd21-4747-456a-bffd-d6498ce448d1,2026_W23,S4554,U21690,2026-06-02 21:17:58,2026-06-02 21:32:58,Organic,Specific,Mobile,Firefox,iOS,/home
72e8cd21-4747-456a-bffd-d6498ce448d1,2026_W23,S4555,U2448,2026-06-06 23:55:27,2026-06-07 00:32:27,Email,Gas,Mobile,Firefox,iOS,/products
72e8cd21-4747-456a-bffd-d6498ce448d1,2026_W23,S4556,U13131,2026-06-07 10:55:39,2026-06-07 11:31:39,Facebook,Way,Desktop,Edge,Windows,/products
72e8cd21-4747-456a-bffd-d6498ce448d1,2026_W23,S4557,U19450,2026-06-06 15:41:23,2026-06-06 16:01:23,Email,President,Mobile,Edge,Android,/home
72e8cd21-4747-456a-bffd-d6498ce448d1,2026_W23,S4558,U26763,2026-06-05 01:23:43,2026-06-05 01:38:43,Instagram,A,Tablet,Edge,iOS,/home
72e8cd21-4747-456a-bffd-d6498ce448d1,2026_W23,S4559,U6862,2026-06-05 00:36:39,2026-06-05 01:05:39,Organic,Player,Mobile,Firefox,iOS,/offers
72e8cd21-4747-456a-bffd-d6498ce448d1,2026_W23,S4560,U4893,2026-06-03 04:12:21,2026-06-03 04:35:21,Google Ads,Movie,Mobile,Chrome,MacOS,/offers
72e8cd21-4747-456a-bffd-d6498ce448d1,2026_W23,S4561,U1271,2026-06-03 18:35:29,2026-06-03 18:51:29,Facebook,Question,Desktop,Firefox,iOS,/offers
72e8cd21-4747-456a-bffd-d6498ce448d1,2026_W23,S4562,U4165,2026-06-03 07:42:00,2026-06-03 08:17:00,Organic,Room,Tablet,Chrome,iOS,/home
72e8cd21-4747-456a-bffd-d6498ce448d1,2026_W23,S4563,U20648,2026-06-02 11:56:48,2026-06-02 12:16:48,Organic,Wear,Mobile,Chrome,Windows,/home
72e8cd21-4747-456a-bffd-d6498ce448d1,2026_W23,S4564,U15487,2026-06-03 11:38:42,2026-06-03 11:42:42,Email,Success,Mobile,Firefox,iOS,/home
72e8cd21-4747-456a-bffd-d6498ce448d1,2026_W23,S4565,U23531,2026-06-04 20:23:37,2026-06-04 20:36:37,Email,Challenge,Desktop,Chrome,Windows,/home
72e8cd21-4747-456a-bffd-d6498ce448d1,2026_W23,S4566,U11152,2026-06-04 09:20:44,2026-06-04 09:34:44,Google Ads,Environmental,Desktop,Chrome,MacOS,/offers
72e8cd21-4747-456a-bffd-d6498ce448d1,2026_W23,S4567,U3885,2026-06-06 00:56:44,2026-06-06 01:23:44,Email,Manager,Desktop,Safari,Android,/products
72e8cd21-4747-456a-bffd-d6498ce448d1,2026_W23,S4568,U29785,2026-06-07 15:18:00,2026-06-07 15:44:00,Direct,Central,Mobile,Chrome,MacOS,/products
72e8cd21-4747-456a-bffd-d6498ce448d1,2026_W23,S4569,U33386,2026-06-02 08:46:35,2026-06-02 09:08:35,Email,Including,Mobile,Firefox,iOS,/products
72e8cd21-4747-456a-bffd-d6498ce448d1,2026_W23,S4570,U11499,2026-06-07 16:07:54,2026-06-07 16:28:54,Instagram,Bag,Mobile,Firefox,Android,/home
72e8cd21-4747-456a-bffd-d6498ce448d1,2026_W23,S4571,U4580,2026-06-05 23:51:59,2026-06-06 00:16:59,Facebook,Respond,Desktop,Safari,Windows,/offers
72e8cd21-4747-456a-bffd-d6498ce448d1,2026_W23,S4572,U21371,2026-06-02 04:06:48,2026-06-02 04:17:48,Facebook,Contain,Mobile,Firefox,iOS,/offers
72e8cd21-4747-456a-bffd-d6498ce448d1,2026_W23,S4573,U17102,2026-06-04 06:35:35,2026-06-04 07:07:35,Facebook,Coach,Tablet,Safari,iOS,/products
72e8cd21-4747-456a-bffd-d6498ce448d1,2026_W23,S4574,U17444,2026-06-04 23:57:28,2026-06-05 00:18:28,Organic,Hold,Desktop,Firefox,iOS,/products
72e8cd21-4747-456a-bffd-d6498ce448d1,2026_W23,S4575,U29141,2026-06-03 19:43:51,2026-06-03 19:54:51,Direct,Condition,Tablet,Safari,MacOS,/home
72e8cd21-4747-456a-bffd-d6498ce448d1,2026_W23,S4576,U26551,2026-06-06 02:15:36,2026-06-06 02:16:36,Direct,If,Tablet,Safari,Android,/home
72e8cd21-4747-456a-bffd-d6498ce448d1,2026_W23,S4577,U17913,2026-06-03 14:01:45,2026-06-03 14:16:45,Direct,Serious,Desktop,Edge,Windows,/home
72e8cd21-4747-456a-bffd-d6498ce448d1,2026_W23,S4578,U7872,2026-06-05 03:54:21,2026-06-05 04:28:21,Instagram,Quite,Tablet,Chrome,iOS,/products
72e8cd21-4747-456a-bffd-d6498ce448d1,2026_W23,S4579,U20596,2026-06-04 04:01:30,2026-06-04 04:16:30,Instagram,Game,Mobile,Edge,Windows,/home
72e8cd21-4747-456a-bffd-d6498ce448d1,2026_W23,S4580,U23360,2026-06-05 18:48:38,2026-06-05 19:01:38,Direct,Especially,Mobile,Edge,Android,/home
72e8cd21-4747-456a-bffd-d6498ce448d1,2026_W23,S4581,U3930,2026-06-05 08:39:30,2026-06-05 09:19:30,Facebook,Reality,Desktop,Edge,iOS,/home
72e8cd21-4747-456a-bffd-d6498ce448d1,2026_W23,S4582,U8227,2026-06-04 12:26:06,2026-06-04 13:04:06,Instagram,Cost,Desktop,Edge,Android,/home
72e8cd21-4747-456a-bffd-d6498ce448d1,2026_W23,S4583,U26140,2026-06-03 05:17:17,2026-06-03 05:52:17,Organic,Tree,Mobile,Chrome,iOS,/offers
72e8cd21-4747-456a-bffd-d6498ce448d1,2026_W23,S4584,U17060,2026-06-02 22:44:33,2026-06-02 22:54:33,Email,Staff,Mobile,Firefox,Android,/offers
72e8cd21-4747-456a-bffd-d6498ce448d1,2026_W23,S4585,U23441,2026-06-03 09:48:36,2026-06-03 09:59:36,Organic,Want,Tablet,Safari,MacOS,/offers
72e8cd21-4747-456a-bffd-d6498ce448d1,2026_W23,S4586,U27612,2026-06-05 08:23:47,2026-06-05 08:45:47,Email,Relate,Mobile,Edge,Windows,/home
72e8cd21-4747-456a-bffd-d6498ce448d1,2026_W23,S4587,U32247,2026-06-07 17:01:40,2026-06-07 17:05:40,Direct,Share,Mobile,Chrome,Android,/products
72e8cd21-4747-456a-bffd-d6498ce448d1,2026_W23,S4588,U33986,2026-06-02 16:19:27,2026-06-02 16:24:27,Email,Despite,Mobile,Chrome,Windows,/products
72e8cd21-4747-456a-bffd-d6498ce448d1,2026_W23,S4589,U3466,2026-06-03 18:37:25,2026-06-03 18:52:25,Email,Here,Mobile,Firefox,MacOS,/home
72e8cd21-4747-456a-bffd-d6498ce448d1,2026_W23,S4590,U27880,2026-06-02 06:20:10,2026-06-02 06:27:10,Email,Cultural,Tablet,Safari,iOS,/home
72e8cd21-4747-456a-bffd-d6498ce448d1,2026_W23,S4591,U6810,2026-06-06 00:42:55,2026-06-06 01:17:55,Facebook,Shake,Tablet,Chrome,Android,/offers
72e8cd21-4747-456a-bffd-d6498ce448d1,2026_W23,S4592,U22074,2026-06-02 22:18:54,2026-06-02 22:37:54,Facebook,Paper,Tablet,Firefox,iOS,/home
72e8cd21-4747-456a-bffd-d6498ce448d1,2026_W23,S4593,U25754,2026-06-07 05:00:09,2026-06-07 05:04:09,Direct,Oil,Desktop,Safari,Android,/offers
72e8cd21-4747-456a-bffd-d6498ce448d1,2026_W23,S4594,U23875,2026-06-02 13:40:35,2026-06-02 14:05:35,Direct,Play,Tablet,Firefox,iOS,/home
72e8cd21-4747-456a-bffd-d6498ce448d1,2026_W23,S4595,U27564,2026-06-04 23:13:06,2026-06-04 23:52:06,Organic,Race,Desktop,Edge,Windows,/home
72e8cd21-4747-456a-bffd-d6498ce448d1,2026_W23,S4596,U22284,2026-06-04 16:41:28,2026-06-04 17:05:28,Email,Suddenly,Tablet,Firefox,MacOS,/offers
72e8cd21-4747-456a-bffd-d6498ce448d1,2026_W23,S4597,U32755,2026-06-05 15:15:03,2026-06-05 15:49:03,Direct,For,Tablet,Chrome,iOS,/products
72e8cd21-4747-456a-bffd-d6498ce448d1,2026_W23,S4598,U8070,2026-06-02 13:47:06,2026-06-02 13:55:06,Facebook,Degree,Desktop,Chrome,MacOS,/home
72e8cd21-4747-456a-bffd-d6498ce448d1,2026_W23,S4599,U23422,2026-06-06 13:30:48,2026-06-06 13:45:48,Email,Analysis,Mobile,Edge,iOS,/home
72e8cd21-4747-456a-bffd-d6498ce448d1,2026_W23,S4600,U27583,2026-06-06 15:37:56,2026-06-06 16:15:56,Direct,Eat,Desktop,Safari,Android,/products
72e8cd21-4747-456a-bffd-d6498ce448d1,2026_W23,S4601,U5039,2026-06-06 01:46:00,2026-06-06 02:01:00,Instagram,Reflect,Desktop,Chrome,iOS,/home
72e8cd21-4747-456a-bffd-d6498ce448d1,2026_W23,S4602,U22492,2026-06-03 13:04:29,2026-06-03 13:23:29,Instagram,Toward,Mobile,Edge,MacOS,/offers
72e8cd21-4747-456a-bffd-d6498ce448d1,2026_W23,S4603,U16752,2026-06-03 06:21:13,2026-06-03 06:28:13,Organic,Often,Tablet,Edge,MacOS,/home
72e8cd21-4747-456a-bffd-d6498ce448d1,2026_W23,S4604,U11423,2026-06-07 13:41:22,2026-06-07 14:18:22,Organic,Early,Desktop,Edge,iOS,/products
72e8cd21-4747-456a-bffd-d6498ce448d1,2026_W23,S4605,U32489,2026-06-04 18:26:21,2026-06-04 18:54:21,Facebook,Mrs,Desktop,Firefox,iOS,/offers
72e8cd21-4747-456a-bffd-d6498ce448d1,2026_W23,S4606,U31421,2026-06-06 22:41:10,2026-06-06 23:14:10,Google Ads,Hit,Desktop,Safari,MacOS,/offers
72e8cd21-4747-456a-bffd-d6498ce448d1,2026_W23,S4607,U19311,2026-06-05 05:09:08,2026-06-05 05:25:08,Direct,Wide,Mobile,Edge,iOS,/products
72e8cd21-4747-456a-bffd-d6498ce448d1,2026_W23,S4608,U13316,2026-06-02 02:50:10,2026-06-02 03:10:10,Organic,Company,Desktop,Chrome,Android,/products
72e8cd21-4747-456a-bffd-d6498ce448d1,2026_W23,S4609,U34128,2026-06-05 23:48:08,2026-06-05 23:54:08,Direct,Agree,Mobile,Firefox,MacOS,/products
72e8cd21-4747-456a-bffd-d6498ce448d1,2026_W23,S4610,U4158,2026-06-05 15:30:22,2026-06-05 16:03:22,Facebook,Different,Desktop,Edge,Windows,/offers
72e8cd21-4747-456a-bffd-d6498ce448d1,2026_W23,S4611,U2074,2026-06-04 04:46:21,2026-06-04 05:21:21,Facebook,Cell,Tablet,Safari,MacOS,/home
72e8cd21-4747-456a-bffd-d6498ce448d1,2026_W23,S4612,U19386,2026-06-03 07:30:12,2026-06-03 07:47:12,Facebook,Reflect,Mobile,Safari,Windows,/home
72e8cd21-4747-456a-bffd-d6498ce448d1,2026_W23,S4613,U21400,2026-06-04 11:45:33,2026-06-04 11:57:33,Instagram,Tv,Tablet,Safari,Windows,/offers
72e8cd21-4747-456a-bffd-d6498ce448d1,2026_W23,S4614,U17419,2026-06-01 23:48:38,2026-06-01 23:52:38,Direct,Black,Mobile,Firefox,iOS,/products
72e8cd21-4747-456a-bffd-d6498ce448d1,2026_W23,S4615,U11868,2026-06-02 08:45:58,2026-06-02 09:24:58,Facebook,Each,Desktop,Edge,iOS,/offers
72e8cd21-4747-456a-bffd-d6498ce448d1,2026_W23,S4616,U33809,2026-06-04 22:57:18,2026-06-04 23:34:18,Instagram,Involve,Mobile,Safari,Android,/products
72e8cd21-4747-456a-bffd-d6498ce448d1,2026_W23,S4617,U12010,2026-06-06 13:42:54,2026-06-06 14:06:54,Organic,Point,Desktop,Edge,Android,/offers
72e8cd21-4747-456a-bffd-d6498ce448d1,2026_W23,S4618,U10749,2026-06-03 22:24:41,2026-06-03 22:57:41,Email,Majority,Tablet,Chrome,MacOS,/home
72e8cd21-4747-456a-bffd-d6498ce448d1,2026_W23,S4619,U25233,2026-06-07 16:28:11,2026-06-07 16:59:11,Direct,Candidate,Mobile,Edge,iOS,/offers
72e8cd21-4747-456a-bffd-d6498ce448d1,2026_W23,S4620,U6810,2026-06-04 12:03:38,2026-06-04 12:10:38,Google Ads,Thousand,Desktop,Edge,MacOS,/home
72e8cd21-4747-456a-bffd-d6498ce448d1,2026_W23,S4621,U34945,2026-06-06 07:40:02,2026-06-06 08:18:02,Instagram,Hour,Mobile,Chrome,iOS,/offers
72e8cd21-4747-456a-bffd-d6498ce448d1,2026_W23,S4622,U349,2026-06-06 03:59:36,2026-06-06 04:12:36,Email,Along,Desktop,Chrome,Android,/products
72e8cd21-4747-456a-bffd-d6498ce448d1,2026_W23,S4623,U2190,2026-06-02 01:18:21,2026-06-02 01:57:21,Direct,Raise,Mobile,Chrome,Android,/offers
72e8cd21-4747-456a-bffd-d6498ce448d1,2026_W23,S4624,U20210,2026-06-07 11:39:08,2026-06-07 12:05:08,Facebook,Life,Desktop,Chrome,iOS,/products
72e8cd21-4747-456a-bffd-d6498ce448d1,2026_W23,S4625,U13116,2026-06-05 04:03:22,2026-06-05 04:12:22,Google Ads,Visit,Mobile,Firefox,Windows,/home
72e8cd21-4747-456a-bffd-d6498ce448d1,2026_W23,S4626,U2781,2026-06-05 13:35:22,2026-06-05 14:02:22,Google Ads,Accept,Mobile,Chrome,Android,/offers
72e8cd21-4747-456a-bffd-d6498ce448d1,2026_W23,S4627,U1758,2026-06-04 00:28:35,2026-06-04 01:00:35,Facebook,Share,Mobile,Firefox,Android,/home
72e8cd21-4747-456a-bffd-d6498ce448d1,2026_W23,S4628,U14779,2026-06-06 08:49:32,2026-06-06 09:06:32,Email,Owner,Desktop,Chrome,iOS,/offers
72e8cd21-4747-456a-bffd-d6498ce448d1,2026_W23,S4629,U28037,2026-06-05 22:09:03,2026-06-05 22:46:03,Email,Music,Mobile,Edge,Windows,/home
72e8cd21-4747-456a-bffd-d6498ce448d1,2026_W23,S4630,U29208,2026-06-02 07:27:21,2026-06-02 07:39:21,Facebook,Girl,Tablet,Edge,MacOS,/products
72e8cd21-4747-456a-bffd-d6498ce448d1,2026_W23,S4631,U30252,2026-06-05 19:25:08,2026-06-05 19:47:08,Direct,Require,Mobile,Chrome,iOS,/products
72e8cd21-4747-456a-bffd-d6498ce448d1,2026_W23,S4632,U27746,2026-06-04 14:33:32,2026-06-04 14:34:32,Organic,Whose,Mobile,Chrome,iOS,/products
72e8cd21-4747-456a-bffd-d6498ce448d1,2026_W23,S4633,U15758,2026-06-03 11:22:12,2026-06-03 11:51:12,Organic,Effect,Tablet,Edge,Windows,/home
72e8cd21-4747-456a-bffd-d6498ce448d1,2026_W23,S4634,U15383,2026-06-02 17:53:29,2026-06-02 17:59:29,Organic,Race,Mobile,Edge,Windows,/products
72e8cd21-4747-456a-bffd-d6498ce448d1,2026_W23,S4635,U10832,2026-06-04 10:48:44,2026-06-04 11:24:44,Facebook,Economy,Tablet,Chrome,iOS,/offers
72e8cd21-4747-456a-bffd-d6498ce448d1,2026_W23,S4636,U10827,2026-06-06 18:38:54,2026-06-06 19:16:54,Google Ads,Wait,Desktop,Edge,iOS,/products
72e8cd21-4747-456a-bffd-d6498ce448d1,2026_W23,S4637,U9267,2026-06-02 11:46:27,2026-06-02 12:23:27,Facebook,Join,Tablet,Edge,Android,/home
72e8cd21-4747-456a-bffd-d6498ce448d1,2026_W23,S4638,U17973,2026-06-07 10:44:39,2026-06-07 11:07:39,Organic,Middle,Desktop,Safari,Android,/home
72e8cd21-4747-456a-bffd-d6498ce448d1,2026_W23,S4639,U16630,2026-06-04 16:35:27,2026-06-04 16:42:27,Organic,Where,Desktop,Chrome,Windows,/home
72e8cd21-4747-456a-bffd-d6498ce448d1,2026_W23,S4640,U6133,2026-06-07 04:57:29,2026-06-07 05:15:29,Email,Determine,Desktop,Firefox,Windows,/offers
72e8cd21-4747-456a-bffd-d6498ce448d1,2026_W23,S4641,U31035,2026-06-03 02:44:25,2026-06-03 03:16:25,Facebook,Fine,Desktop,Edge,Android,/products
72e8cd21-4747-456a-bffd-d6498ce448d1,2026_W23,S4642,U9658,2026-06-02 05:48:54,2026-06-02 06:02:54,Email,Cover,Tablet,Firefox,Windows,/home
72e8cd21-4747-456a-bffd-d6498ce448d1,2026_W23,S4643,U9482,2026-06-02 13:38:25,2026-06-02 13:40:25,Direct,Concern,Mobile,Firefox,Windows,/products
72e8cd21-4747-456a-bffd-d6498ce448d1,2026_W23,S4644,U7711,2026-06-03 22:44:36,2026-06-03 22:58:36,Google Ads,Technology,Mobile,Chrome,Windows,/home
72e8cd21-4747-456a-bffd-d6498ce448d1,2026_W23,S4645,U8802,2026-06-07 17:57:41,2026-06-07 18:29:41,Email,Look,Tablet,Firefox,Android,/offers
72e8cd21-4747-456a-bffd-d6498ce448d1,2026_W23,S4646,U24539,2026-06-01 22:57:30,2026-06-01 23:04:30,Facebook,Summer,Desktop,Chrome,Android,/home
72e8cd21-4747-456a-bffd-d6498ce448d1,2026_W23,S4647,U17122,2026-06-06 00:30:04,2026-06-06 00:50:04,Facebook,For,Mobile,Chrome,Windows,/offers
72e8cd21-4747-456a-bffd-d6498ce448d1,2026_W23,S4648,U17560,2026-06-06 01:15:03,2026-06-06 01:51:03,Facebook,Of,Desktop,Firefox,iOS,/home
72e8cd21-4747-456a-bffd-d6498ce448d1,2026_W23,S4649,U15132,2026-06-06 11:47:39,2026-06-06 12:19:39,Email,Design,Mobile,Edge,iOS,/home
72e8cd21-4747-456a-bffd-d6498ce448d1,2026_W23,S4650,U24528,2026-06-03 05:05:37,2026-06-03 05:38:37,Organic,Close,Mobile,Firefox,Android,/offers
72e8cd21-4747-456a-bffd-d6498ce448d1,2026_W23,S4651,U6171,2026-06-02 21:40:30,2026-06-02 21:50:30,Instagram,Month,Desktop,Chrome,iOS,/home
72e8cd21-4747-456a-bffd-d6498ce448d1,2026_W23,S4652,U26004,2026-06-06 15:37:43,2026-06-06 16:07:43,Organic,All,Mobile,Edge,MacOS,/home
72e8cd21-4747-456a-bffd-d6498ce448d1,2026_W23,S4653,U17589,2026-06-04 20:51:19,2026-06-04 21:22:19,Direct,He,Mobile,Firefox,Windows,/offers
72e8cd21-4747-456a-bffd-d6498ce448d1,2026_W23,S4654,U20955,2026-06-04 03:43:02,2026-06-04 03:57:02,Direct,From,Tablet,Edge,MacOS,/home
72e8cd21-4747-456a-bffd-d6498ce448d1,2026_W23,S4655,U1865,2026-06-02 02:10:44,2026-06-02 02:29:44,Direct,Say,Desktop,Firefox,MacOS,/products
72e8cd21-4747-456a-bffd-d6498ce448d1,2026_W23,S4656,U10393,2026-06-05 05:33:09,2026-06-05 05:45:09,Email,Father,Mobile,Edge,Windows,/home
72e8cd21-4747-456a-bffd-d6498ce448d1,2026_W23,S4657,U25904,2026-06-05 13:17:18,2026-06-05 13:56:18,Facebook,Cover,Tablet,Safari,Windows,/products
72e8cd21-4747-456a-bffd-d6498ce448d1,2026_W23,S4658,U18996,2026-06-04 00:36:30,2026-06-04 00:55:30,Direct,Especially,Desktop,Chrome,MacOS,/offers
72e8cd21-4747-456a-bffd-d6498ce448d1,2026_W23,S4659,U10976,2026-06-04 13:42:33,2026-06-04 14:21:33,Direct,Gas,Mobile,Edge,Android,/home
72e8cd21-4747-456a-bffd-d6498ce448d1,2026_W23,S4660,U28578,2026-06-03 23:55:48,2026-06-04 00:19:48,Google Ads,Box,Desktop,Chrome,Windows,/home
72e8cd21-4747-456a-bffd-d6498ce448d1,2026_W23,S4661,U34354,2026-06-02 21:05:06,2026-06-02 21:34:06,Organic,Worker,Tablet,Chrome,iOS,/offers
72e8cd21-4747-456a-bffd-d6498ce448d1,2026_W23,S4662,U27333,2026-06-02 18:47:54,2026-06-02 19:23:54,Instagram,Seem,Desktop,Firefox,MacOS,/home
72e8cd21-4747-456a-bffd-d6498ce448d1,2026_W23,S4663,U33896,2026-06-03 18:24:07,2026-06-03 18:49:07,Email,Note,Desktop,Chrome,MacOS,/offers
72e8cd21-4747-456a-bffd-d6498ce448d1,2026_W23,S4664,U19593,2026-06-03 04:36:44,2026-06-03 04:44:44,Instagram,Organization,Mobile,Edge,Windows,/home
72e8cd21-4747-456a-bffd-d6498ce448d1,2026_W23,S4665,U14022,2026-06-03 18:12:19,2026-06-03 18:29:19,Organic,Bank,Desktop,Chrome,Android,/home
72e8cd21-4747-456a-bffd-d6498ce448d1,2026_W23,S4666,U23698,2026-06-07 05:27:37,2026-06-07 05:32:37,Organic,Fund,Mobile,Safari,MacOS,/products
72e8cd21-4747-456a-bffd-d6498ce448d1,2026_W23,S4667,U14599,2026-06-02 00:04:46,2026-06-02 00:20:46,Facebook,Baby,Desktop,Chrome,Windows,/home
72e8cd21-4747-456a-bffd-d6498ce448d1,2026_W23,S4668,U8384,2026-06-03 18:44:43,2026-06-03 18:57:43,Direct,Value,Desktop,Chrome,MacOS,/products
72e8cd21-4747-456a-bffd-d6498ce448d1,2026_W23,S4669,U18656,2026-06-06 15:02:56,2026-06-06 15:08:56,Email,Nearly,Desktop,Edge,Android,/offers
72e8cd21-4747-456a-bffd-d6498ce448d1,2026_W23,S4670,U1668,2026-06-02 11:26:53,2026-06-02 11:57:53,Email,East,Tablet,Safari,Android,/home
72e8cd21-4747-456a-bffd-d6498ce448d1,2026_W23,S4671,U10370,2026-06-05 00:03:05,2026-06-05 00:43:05,Google Ads,Show,Mobile,Chrome,iOS,/products
72e8cd21-4747-456a-bffd-d6498ce448d1,2026_W23,S4672,U16510,2026-06-06 08:24:17,2026-06-06 08:40:17,Instagram,Media,Tablet,Safari,Windows,/offers
72e8cd21-4747-456a-bffd-d6498ce448d1,2026_W23,S4673,U1127,2026-06-02 15:01:27,2026-06-02 15:38:27,Organic,Case,Desktop,Edge,Android,/products
72e8cd21-4747-456a-bffd-d6498ce448d1,2026_W23,S4674,U22036,2026-06-05 05:14:04,2026-06-05 05:27:04,Facebook,Republican,Tablet,Safari,Windows,/offers
72e8cd21-4747-456a-bffd-d6498ce448d1,2026_W23,S4675,U33025,2026-06-06 20:22:07,2026-06-06 20:59:07,Organic,Forward,Tablet,Chrome,Android,/products
72e8cd21-4747-456a-bffd-d6498ce448d1,2026_W23,S4676,U16979,2026-06-02 06:50:28,2026-06-02 07:24:28,Email,Game,Mobile,Chrome,Android,/products
72e8cd21-4747-456a-bffd-d6498ce448d1,2026_W23,S4677,U26740,2026-06-06 09:57:43,2026-06-06 10:05:43,Direct,Country,Mobile,Edge,iOS,/products
72e8cd21-4747-456a-bffd-d6498ce448d1,2026_W23,S4678,U33790,2026-06-05 23:06:47,2026-06-05 23:15:47,Google Ads,Democrat,Mobile,Firefox,iOS,/home
72e8cd21-4747-456a-bffd-d6498ce448d1,2026_W23,S4679,U1846,2026-06-07 15:32:04,2026-06-07 15:36:04,Google Ads,Final,Desktop,Safari,iOS,/products
72e8cd21-4747-456a-bffd-d6498ce448d1,2026_W23,S4680,U16219,2026-06-07 03:47:38,2026-06-07 04:14:38,Email,Attack,Tablet,Firefox,Android,/home
72e8cd21-4747-456a-bffd-d6498ce448d1,2026_W23,S4681,U15409,2026-06-04 07:04:37,2026-06-04 07:43:37,Google Ads,Stay,Tablet,Chrome,iOS,/offers
72e8cd21-4747-456a-bffd-d6498ce448d1,2026_W23,S4682,U29540,2026-06-07 18:53:55,2026-06-07 19:09:55,Organic,Camera,Desktop,Firefox,MacOS,/products
72e8cd21-4747-456a-bffd-d6498ce448d1,2026_W23,S4683,U1081,2026-06-04 22:12:50,2026-06-04 22:40:50,Google Ads,Election,Desktop,Chrome,Windows,/offers
72e8cd21-4747-456a-bffd-d6498ce448d1,2026_W23,S4684,U13136,2026-06-07 09:36:23,2026-06-07 09:55:23,Organic,Become,Mobile,Firefox,Windows,/home
72e8cd21-4747-456a-bffd-d6498ce448d1,2026_W23,S4685,U34553,2026-06-06 01:02:30,2026-06-06 01:08:30,Instagram,News,Mobile,Chrome,Windows,/products
72e8cd21-4747-456a-bffd-d6498ce448d1,2026_W23,S4686,U27952,2026-06-05 16:26:12,2026-06-05 16:43:12,Google Ads,If,Mobile,Safari,Android,/home
72e8cd21-4747-456a-bffd-d6498ce448d1,2026_W23,S4687,U29234,2026-06-06 21:56:17,2026-06-06 21:58:17,Direct,Listen,Desktop,Firefox,Android,/offers
72e8cd21-4747-456a-bffd-d6498ce448d1,2026_W23,S4688,U735,2026-06-04 23:22:14,2026-06-04 23:36:14,Organic,Nor,Desktop,Edge,Windows,/offers
72e8cd21-4747-456a-bffd-d6498ce448d1,2026_W23,S4689,U9711,2026-06-05 06:29:47,2026-06-05 06:43:47,Google Ads,Suddenly,Desktop,Safari,Android,/products
72e8cd21-4747-456a-bffd-d6498ce448d1,2026_W23,S4690,U17583,2026-06-02 04:12:38,2026-06-02 04:48:38,Email,Tv,Tablet,Chrome,Android,/home
72e8cd21-4747-456a-bffd-d6498ce448d1,2026_W23,S4691,U29727,2026-06-07 19:58:26,2026-06-07 20:18:26,Direct,Serve,Tablet,Chrome,Android,/offers
72e8cd21-4747-456a-bffd-d6498ce448d1,2026_W23,S4692,U23067,2026-06-05 13:27:45,2026-06-05 13:57:45,Organic,Election,Mobile,Chrome,Android,/offers
72e8cd21-4747-456a-bffd-d6498ce448d1,2026_W23,S4693,U18424,2026-06-04 13:50:17,2026-06-04 13:59:17,Email,Mrs,Tablet,Firefox,iOS,/offers
72e8cd21-4747-456a-bffd-d6498ce448d1,2026_W23,S4694,U24959,2026-06-05 21:55:53,2026-06-05 22:14:53,Instagram,Blue,Mobile,Chrome,iOS,/home
72e8cd21-4747-456a-bffd-d6498ce448d1,2026_W23,S4695,U24260,2026-06-06 15:17:46,2026-06-06 15:52:46,Email,Consumer,Tablet,Chrome,iOS,/products
72e8cd21-4747-456a-bffd-d6498ce448d1,2026_W23,S4696,U8550,2026-06-07 10:25:24,2026-06-07 10:33:24,Direct,Plan,Tablet,Safari,MacOS,/home
72e8cd21-4747-456a-bffd-d6498ce448d1,2026_W23,S4697,U32911,2026-06-04 02:17:11,2026-06-04 02:39:11,Organic,Cut,Desktop,Firefox,Windows,/products
72e8cd21-4747-456a-bffd-d6498ce448d1,2026_W23,S4698,U6560,2026-06-02 02:07:35,2026-06-02 02:40:35,Facebook,Difference,Desktop,Firefox,Android,/products
72e8cd21-4747-456a-bffd-d6498ce448d1,2026_W23,S4699,U11867,2026-06-06 04:42:28,2026-06-06 05:11:28,Email,Morning,Mobile,Chrome,iOS,/offers
72e8cd21-4747-456a-bffd-d6498ce448d1,2026_W23,S4700,U31622,2026-06-07 03:24:25,2026-06-07 03:54:25,Email,Prove,Mobile,Chrome,MacOS,/offers
72e8cd21-4747-456a-bffd-d6498ce448d1,2026_W23,S4701,U19405,2026-06-04 08:16:59,2026-06-04 08:54:59,Facebook,Defense,Tablet,Edge,Windows,/home
72e8cd21-4747-456a-bffd-d6498ce448d1,2026_W23,S4702,U14220,2026-06-01 21:32:16,2026-06-01 22:02:16,Organic,Hour,Tablet,Edge,Android,/offers
72e8cd21-4747-456a-bffd-d6498ce448d1,2026_W23,S4703,U8097,2026-06-07 01:43:38,2026-06-07 01:51:38,Organic,Create,Tablet,Firefox,iOS,/products
72e8cd21-4747-456a-bffd-d6498ce448d1,2026_W23,S4704,U13421,2026-06-07 06:42:19,2026-06-07 07:17:19,Google Ads,Each,Mobile,Edge,Windows,/products
72e8cd21-4747-456a-bffd-d6498ce448d1,2026_W23,S4705,U31661,2026-06-03 21:35:57,2026-06-03 22:02:57,Email,Learn,Tablet,Edge,iOS,/home
72e8cd21-4747-456a-bffd-d6498ce448d1,2026_W23,S4706,U34286,2026-06-03 16:39:43,2026-06-03 17:09:43,Email,Human,Tablet,Safari,Android,/offers
72e8cd21-4747-456a-bffd-d6498ce448d1,2026_W23,S4707,U5342,2026-06-04 12:19:31,2026-06-04 12:37:31,Google Ads,Leg,Tablet,Safari,Windows,/products
72e8cd21-4747-456a-bffd-d6498ce448d1,2026_W23,S4708,U5621,2026-06-07 00:09:39,2026-06-07 00:48:39,Email,Mrs,Desktop,Safari,MacOS,/offers
72e8cd21-4747-456a-bffd-d6498ce448d1,2026_W23,S4709,U16613,2026-06-04 20:20:55,2026-06-04 20:35:55,Direct,Have,Tablet,Safari,Windows,/offers
72e8cd21-4747-456a-bffd-d6498ce448d1,2026_W23,S4710,U3704,2026-06-02 14:14:17,2026-06-02 14:36:17,Direct,Notice,Tablet,Firefox,iOS,/offers
72e8cd21-4747-456a-bffd-d6498ce448d1,2026_W23,S4711,U26446,2026-06-06 05:50:45,2026-06-06 06:24:45,Email,Discussion,Desktop,Chrome,Windows,/products
72e8cd21-4747-456a-bffd-d6498ce448d1,2026_W23,S4712,U10916,2026-06-02 08:58:52,2026-06-02 09:35:52,Google Ads,Form,Desktop,Firefox,MacOS,/products
72e8cd21-4747-456a-bffd-d6498ce448d1,2026_W23,S4713,U23348,2026-06-03 08:27:47,2026-06-03 08:52:47,Email,Knowledge,Tablet,Edge,Android,/home
72e8cd21-4747-456a-bffd-d6498ce448d1,2026_W23,S4714,U12210,2026-06-02 07:54:04,2026-06-02 08:14:04,Google Ads,Move,Mobile,Safari,Windows,/products
72e8cd21-4747-456a-bffd-d6498ce448d1,2026_W23,S4715,U3169,2026-06-06 10:31:44,2026-06-06 10:36:44,Email,Reach,Mobile,Edge,MacOS,/home
72e8cd21-4747-456a-bffd-d6498ce448d1,2026_W23,S4716,U2342,2026-06-05 18:51:07,2026-06-05 18:58:07,Instagram,Lot,Desktop,Edge,iOS,/offers
72e8cd21-4747-456a-bffd-d6498ce448d1,2026_W23,S4717,U20216,2026-06-02 07:45:26,2026-06-02 08:14:26,Direct,Poor,Desktop,Chrome,Windows,/home
72e8cd21-4747-456a-bffd-d6498ce448d1,2026_W23,S4718,U3617,2026-06-03 01:50:22,2026-06-03 02:02:22,Direct,Identify,Desktop,Edge,Windows,/home
72e8cd21-4747-456a-bffd-d6498ce448d1,2026_W23,S4719,U472,2026-06-04 16:42:12,2026-06-04 16:56:12,Direct,Call,Mobile,Firefox,Android,/home
72e8cd21-4747-456a-bffd-d6498ce448d1,2026_W23,S4720,U21874,2026-06-02 08:33:06,2026-06-02 08:44:06,Email,Film,Desktop,Safari,iOS,/offers
72e8cd21-4747-456a-bffd-d6498ce448d1,2026_W23,S4721,U33480,2026-06-03 09:54:51,2026-06-03 10:33:51,Direct,Stage,Desktop,Firefox,iOS,/home
72e8cd21-4747-456a-bffd-d6498ce448d1,2026_W23,S4722,U6871,2026-06-04 00:11:21,2026-06-04 00:43:21,Facebook,Light,Mobile,Edge,MacOS,/offers
72e8cd21-4747-456a-bffd-d6498ce448d1,2026_W23,S4723,U8269,2026-06-05 08:04:21,2026-06-05 08:33:21,Organic,They,Mobile,Edge,Windows,/products
72e8cd21-4747-456a-bffd-d6498ce448d1,2026_W23,S4724,U3151,2026-06-06 14:34:05,2026-06-06 14:55:05,Organic,Everything,Mobile,Safari,iOS,/home
72e8cd21-4747-456a-bffd-d6498ce448d1,2026_W23,S4725,U9770,2026-06-02 01:53:48,2026-06-02 02:11:48,Email,Social,Desktop,Chrome,MacOS,/home
72e8cd21-4747-456a-bffd-d6498ce448d1,2026_W23,S4726,U30957,2026-06-02 13:17:05,2026-06-02 13:38:05,Organic,We,Mobile,Safari,MacOS,/products
72e8cd21-4747-456a-bffd-d6498ce448d1,2026_W23,S4727,U805,2026-06-07 12:56:21,2026-06-07 13:07:21,Organic,Possible,Tablet,Firefox,MacOS,/offers
72e8cd21-4747-456a-bffd-d6498ce448d1,2026_W23,S4728,U31706,2026-06-06 04:51:25,2026-06-06 04:58:25,Email,Word,Mobile,Edge,Windows,/offers
72e8cd21-4747-456a-bffd-d6498ce448d1,2026_W23,S4729,U10456,2026-06-03 22:32:06,2026-06-03 22:53:06,Direct,Air,Mobile,Edge,MacOS,/offers
72e8cd21-4747-456a-bffd-d6498ce448d1,2026_W23,S4730,U21343,2026-06-04 19:57:10,2026-06-04 20:29:10,Google Ads,Reflect,Tablet,Firefox,iOS,/home
72e8cd21-4747-456a-bffd-d6498ce448d1,2026_W23,S4731,U29649,2026-06-03 21:00:34,2026-06-03 21:02:34,Google Ads,Since,Mobile,Edge,iOS,/offers
72e8cd21-4747-456a-bffd-d6498ce448d1,2026_W23,S4732,U20868,2026-06-03 21:10:43,2026-06-03 21:29:43,Facebook,Cause,Mobile,Firefox,iOS,/offers
72e8cd21-4747-456a-bffd-d6498ce448d1,2026_W23,S4733,U7628,2026-06-04 09:43:45,2026-06-04 09:56:45,Email,Why,Mobile,Chrome,MacOS,/offers
72e8cd21-4747-456a-bffd-d6498ce448d1,2026_W23,S4734,U4572,2026-06-06 04:03:05,2026-06-06 04:33:05,Email,Prepare,Tablet,Safari,iOS,/products
72e8cd21-4747-456a-bffd-d6498ce448d1,2026_W23,S4735,U31100,2026-06-06 12:25:43,2026-06-06 12:40:43,Direct,Appear,Mobile,Edge,iOS,/offers
72e8cd21-4747-456a-bffd-d6498ce448d1,2026_W23,S4736,U29365,2026-06-04 01:35:38,2026-06-04 02:11:38,Direct,Than,Tablet,Safari,iOS,/home
72e8cd21-4747-456a-bffd-d6498ce448d1,2026_W23,S4737,U8407,2026-06-01 22:50:57,2026-06-01 23:08:57,Direct,Song,Mobile,Safari,Windows,/products
72e8cd21-4747-456a-bffd-d6498ce448d1,2026_W23,S4738,U11996,2026-06-07 05:57:22,2026-06-07 06:11:22,Email,Page,Tablet,Firefox,MacOS,/products
72e8cd21-4747-456a-bffd-d6498ce448d1,2026_W23,S4739,U33729,2026-06-06 08:43:48,2026-06-06 08:53:48,Google Ads,Force,Tablet,Firefox,Windows,/offers
72e8cd21-4747-456a-bffd-d6498ce448d1,2026_W23,S4740,U10747,2026-06-05 19:02:59,2026-06-05 19:24:59,Facebook,Past,Desktop,Chrome,iOS,/home
72e8cd21-4747-456a-bffd-d6498ce448d1,2026_W23,S4741,U6382,2026-06-07 07:33:49,2026-06-07 07:53:49,Direct,Throughout,Desktop,Edge,Windows,/products
72e8cd21-4747-456a-bffd-d6498ce448d1,2026_W23,S4742,U32131,2026-06-06 20:09:16,2026-06-06 20:37:16,Instagram,Painting,Desktop,Chrome,MacOS,/home
72e8cd21-4747-456a-bffd-d6498ce448d1,2026_W23,S4743,U10044,2026-06-02 11:11:39,2026-06-02 11:15:39,Instagram,Know,Desktop,Safari,MacOS,/products
72e8cd21-4747-456a-bffd-d6498ce448d1,2026_W23,S4744,U7090,2026-06-05 21:17:37,2026-06-05 21:44:37,Email,Your,Desktop,Edge,MacOS,/offers
72e8cd21-4747-456a-bffd-d6498ce448d1,2026_W23,S4745,U20823,2026-06-04 14:54:34,2026-06-04 15:16:34,Google Ads,Car,Mobile,Edge,MacOS,/products
72e8cd21-4747-456a-bffd-d6498ce448d1,2026_W23,S4746,U23742,2026-06-02 07:36:58,2026-06-02 08:01:58,Instagram,Appear,Tablet,Firefox,MacOS,/offers
72e8cd21-4747-456a-bffd-d6498ce448d1,2026_W23,S4747,U6675,2026-06-03 02:31:49,2026-06-03 02:59:49,Direct,Seven,Tablet,Firefox,Android,/products
72e8cd21-4747-456a-bffd-d6498ce448d1,2026_W23,S4748,U17248,2026-06-06 23:19:26,2026-06-06 23:54:26,Email,Four,Mobile,Safari,Windows,/offers
72e8cd21-4747-456a-bffd-d6498ce448d1,2026_W23,S4749,U6971,2026-06-02 06:44:39,2026-06-02 07:13:39,Facebook,Unit,Mobile,Safari,iOS,/products
72e8cd21-4747-456a-bffd-d6498ce448d1,2026_W23,S4750,U3830,2026-06-04 02:29:59,2026-06-04 02:54:59,Facebook,Significant,Tablet,Safari,MacOS,/products
72e8cd21-4747-456a-bffd-d6498ce448d1,2026_W23,S4751,U20750,2026-06-02 17:57:12,2026-06-02 18:13:12,Direct,Do,Desktop,Edge,Windows,/offers
72e8cd21-4747-456a-bffd-d6498ce448d1,2026_W23,S4752,U27966,2026-06-02 19:04:52,2026-06-02 19:12:52,Organic,Everyone,Tablet,Edge,Android,/offers
72e8cd21-4747-456a-bffd-d6498ce448d1,2026_W23,S4753,U5470,2026-06-07 12:43:40,2026-06-07 12:54:40,Organic,My,Desktop,Safari,Android,/offers
72e8cd21-4747-456a-bffd-d6498ce448d1,2026_W23,S4754,U4648,2026-06-06 23:52:11,2026-06-06 23:58:11,Instagram,Mother,Desktop,Edge,MacOS,/offers
72e8cd21-4747-456a-bffd-d6498ce448d1,2026_W23,S4755,U31440,2026-06-05 14:28:50,2026-06-05 15:00:50,Email,Focus,Tablet,Chrome,Android,/home
72e8cd21-4747-456a-bffd-d6498ce448d1,2026_W23,S4756,U17768,2026-06-04 11:00:51,2026-06-04 11:23:51,Instagram,She,Desktop,Edge,MacOS,/products
72e8cd21-4747-456a-bffd-d6498ce448d1,2026_W23,S4757,U8041,2026-06-02 15:18:30,2026-06-02 15:23:30,Instagram,Any,Desktop,Firefox,Windows,/products
72e8cd21-4747-456a-bffd-d6498ce448d1,2026_W23,S4758,U34974,2026-06-05 07:26:39,2026-06-05 07:27:39,Facebook,Business,Desktop,Firefox,iOS,/home
72e8cd21-4747-456a-bffd-d6498ce448d1,2026_W23,S4759,U9158,2026-06-03 20:52:55,2026-06-03 20:57:55,Instagram,Condition,Desktop,Edge,MacOS,/products
72e8cd21-4747-456a-bffd-d6498ce448d1,2026_W23,S4760,U28912,2026-06-04 08:51:08,2026-06-04 09:06:08,Organic,Ok,Mobile,Firefox,Windows,/home
72e8cd21-4747-456a-bffd-d6498ce448d1,2026_W23,S4761,U24263,2026-06-04 12:58:36,2026-06-04 13:02:36,Instagram,Management,Tablet,Chrome,Android,/home
72e8cd21-4747-456a-bffd-d6498ce448d1,2026_W23,S4762,U25759,2026-06-05 09:46:02,2026-06-05 10:15:02,Facebook,Eight,Desktop,Edge,Android,/offers
72e8cd21-4747-456a-bffd-d6498ce448d1,2026_W23,S4763,U10089,2026-06-05 19:10:22,2026-06-05 19:44:22,Google Ads,Teach,Tablet,Safari,MacOS,/products
72e8cd21-4747-456a-bffd-d6498ce448d1,2026_W23,S4764,U11254,2026-06-02 13:06:14,2026-06-02 13:33:14,Email,Across,Mobile,Safari,Windows,/products
72e8cd21-4747-456a-bffd-d6498ce448d1,2026_W23,S4765,U11223,2026-06-04 09:33:28,2026-06-04 09:56:28,Google Ads,Magazine,Tablet,Safari,MacOS,/home
72e8cd21-4747-456a-bffd-d6498ce448d1,2026_W23,S4766,U3379,2026-06-07 07:38:49,2026-06-07 08:08:49,Direct,Teach,Mobile,Safari,MacOS,/home
72e8cd21-4747-456a-bffd-d6498ce448d1,2026_W23,S4767,U5578,2026-06-05 08:39:58,2026-06-05 08:55:58,Instagram,Action,Mobile,Safari,MacOS,/products
72e8cd21-4747-456a-bffd-d6498ce448d1,2026_W23,S4768,U24449,2026-06-04 16:07:10,2026-06-04 16:15:10,Direct,Once,Mobile,Safari,Windows,/products
72e8cd21-4747-456a-bffd-d6498ce448d1,2026_W23,S4769,U16453,2026-06-04 17:09:47,2026-06-04 17:34:47,Instagram,Program,Tablet,Safari,Android,/products
72e8cd21-4747-456a-bffd-d6498ce448d1,2026_W23,S4770,U3578,2026-06-02 17:53:27,2026-06-02 18:25:27,Facebook,Factor,Mobile,Firefox,Android,/offers
72e8cd21-4747-456a-bffd-d6498ce448d1,2026_W23,S4771,U15184,2026-06-04 19:27:44,2026-06-04 20:05:44,Email,Before,Desktop,Edge,MacOS,/offers
72e8cd21-4747-456a-bffd-d6498ce448d1,2026_W23,S4772,U24208,2026-06-07 14:54:33,2026-06-07 15:24:33,Facebook,Scientist,Desktop,Firefox,MacOS,/home
72e8cd21-4747-456a-bffd-d6498ce448d1,2026_W23,S4773,U21043,2026-06-03 21:21:08,2026-06-03 21:27:08,Direct,Front,Mobile,Chrome,Android,/home
72e8cd21-4747-456a-bffd-d6498ce448d1,2026_W23,S4774,U33227,2026-06-03 08:49:33,2026-06-03 09:10:33,Organic,Add,Mobile,Firefox,Windows,/products
72e8cd21-4747-456a-bffd-d6498ce448d1,2026_W23,S4775,U34003,2026-06-06 15:48:01,2026-06-06 16:16:01,Facebook,Should,Desktop,Safari,Windows,/products
72e8cd21-4747-456a-bffd-d6498ce448d1,2026_W23,S4776,U7688,2026-06-06 09:32:43,2026-06-06 09:50:43,Instagram,Far,Mobile,Firefox,Windows,/home
72e8cd21-4747-456a-bffd-d6498ce448d1,2026_W23,S4777,U2148,2026-06-04 11:32:38,2026-06-04 11:48:38,Organic,Woman,Desktop,Safari,MacOS,/products
72e8cd21-4747-456a-bffd-d6498ce448d1,2026_W23,S4778,U34885,2026-06-06 22:53:39,2026-06-06 23:08:39,Facebook,Within,Desktop,Firefox,Android,/offers
72e8cd21-4747-456a-bffd-d6498ce448d1,2026_W23,S4779,U7539,2026-06-02 11:11:15,2026-06-02 11:24:15,Instagram,Season,Tablet,Chrome,iOS,/offers
72e8cd21-4747-456a-bffd-d6498ce448d1,2026_W23,S4780,U4989,2026-06-05 15:11:50,2026-06-05 15:51:50,Google Ads,Piece,Tablet,Chrome,Android,/offers
72e8cd21-4747-456a-bffd-d6498ce448d1,2026_W23,S4781,U6811,2026-06-05 20:31:10,2026-06-05 21:08:10,Google Ads,Bank,Mobile,Edge,MacOS,/products
72e8cd21-4747-456a-bffd-d6498ce448d1,2026_W23,S4782,U1180,2026-06-04 15:51:24,2026-06-04 15:54:24,Instagram,Face,Tablet,Firefox,iOS,/home
72e8cd21-4747-456a-bffd-d6498ce448d1,2026_W23,S4783,U31624,2026-06-07 02:14:37,2026-06-07 02:16:37,Instagram,Have,Desktop,Safari,Windows,/offers
72e8cd21-4747-456a-bffd-d6498ce448d1,2026_W23,S4784,U3736,2026-06-03 14:53:44,2026-06-03 15:15:44,Email,Example,Mobile,Firefox,Android,/products
72e8cd21-4747-456a-bffd-d6498ce448d1,2026_W23,S4785,U7522,2026-06-05 06:21:45,2026-06-05 06:56:45,Facebook,Western,Desktop,Edge,Android,/products
72e8cd21-4747-456a-bffd-d6498ce448d1,2026_W23,S4786,U31085,2026-06-07 10:59:02,2026-06-07 11:02:02,Facebook,American,Mobile,Edge,Android,/products
72e8cd21-4747-456a-bffd-d6498ce448d1,2026_W23,S4787,U23190,2026-06-03 01:40:08,2026-06-03 02:00:08,Email,Opportunity,Desktop,Edge,MacOS,/offers
72e8cd21-4747-456a-bffd-d6498ce448d1,2026_W23,S4788,U30939,2026-06-03 23:06:13,2026-06-03 23:11:13,Organic,Glass,Mobile,Edge,iOS,/products
72e8cd21-4747-456a-bffd-d6498ce448d1,2026_W23,S4789,U8391,2026-06-02 16:26:51,2026-06-02 16:55:51,Organic,Suggest,Tablet,Safari,Android,/products
72e8cd21-4747-456a-bffd-d6498ce448d1,2026_W23,S4790,U26946,2026-06-06 08:59:09,2026-06-06 09:01:09,Direct,Full,Mobile,Chrome,iOS,/offers
72e8cd21-4747-456a-bffd-d6498ce448d1,2026_W23,S4791,U30228,2026-06-07 08:36:38,2026-06-07 09:16:38,Direct,Image,Desktop,Safari,Android,/products
72e8cd21-4747-456a-bffd-d6498ce448d1,2026_W23,S4792,U16128,2026-06-05 23:35:20,2026-06-05 23:52:20,Instagram,Eight,Mobile,Edge,iOS,/offers
72e8cd21-4747-456a-bffd-d6498ce448d1,2026_W23,S4793,U25456,2026-06-04 22:24:30,2026-06-04 22:45:30,Instagram,Face,Desktop,Firefox,Windows,/home
72e8cd21-4747-456a-bffd-d6498ce448d1,2026_W23,S4794,U19372,2026-06-05 15:01:39,2026-06-05 15:26:39,Google Ads,Statement,Desktop,Chrome,Android,/home
72e8cd21-4747-456a-bffd-d6498ce448d1,2026_W23,S4795,U13891,2026-06-02 09:27:00,2026-06-02 10:01:00,Direct,Like,Desktop,Chrome,Windows,/offers
72e8cd21-4747-456a-bffd-d6498ce448d1,2026_W23,S4796,U7730,2026-06-04 15:44:29,2026-06-04 16:12:29,Instagram,Artist,Desktop,Firefox,Android,/home
72e8cd21-4747-456a-bffd-d6498ce448d1,2026_W23,S4797,U27302,2026-06-06 06:25:31,2026-06-06 06:38:31,Direct,Dream,Tablet,Edge,Windows,/offers
72e8cd21-4747-456a-bffd-d6498ce448d1,2026_W23,S4798,U28419,2026-06-02 03:46:02,2026-06-02 04:12:02,Organic,Lawyer,Desktop,Firefox,Windows,/offers
72e8cd21-4747-456a-bffd-d6498ce448d1,2026_W23,S4799,U22460,2026-06-05 00:25:54,2026-06-05 00:40:54,Organic,Down,Desktop,Firefox,Android,/offers
72e8cd21-4747-456a-bffd-d6498ce448d1,2026_W23,S4800,U13898,2026-06-01 23:50:10,2026-06-02 00:14:10,Instagram,Every,Mobile,Edge,Android,/offers
72e8cd21-4747-456a-bffd-d6498ce448d1,2026_W23,S4801,U16932,2026-06-05 17:26:40,2026-06-05 18:03:40,Direct,Leave,Tablet,Safari,MacOS,/home
72e8cd21-4747-456a-bffd-d6498ce448d1,2026_W23,S4802,U6116,2026-06-06 01:16:34,2026-06-06 01:44:34,Google Ads,Turn,Tablet,Edge,Android,/offers
72e8cd21-4747-456a-bffd-d6498ce448d1,2026_W23,S4803,U21805,2026-06-04 10:17:44,2026-06-04 10:26:44,Direct,Behavior,Mobile,Safari,MacOS,/home
72e8cd21-4747-456a-bffd-d6498ce448d1,2026_W23,S4804,U24350,2026-06-05 14:24:01,2026-06-05 14:31:01,Email,Focus,Desktop,Chrome,Android,/products
72e8cd21-4747-456a-bffd-d6498ce448d1,2026_W23,S4805,U18527,2026-06-03 17:25:25,2026-06-03 17:44:25,Email,Between,Desktop,Firefox,Android,/offers
72e8cd21-4747-456a-bffd-d6498ce448d1,2026_W23,S4806,U3776,2026-06-06 08:29:14,2026-06-06 08:55:14,Direct,Spend,Mobile,Safari,Windows,/products
72e8cd21-4747-456a-bffd-d6498ce448d1,2026_W23,S4807,U7853,2026-06-04 22:44:22,2026-06-04 23:06:22,Instagram,Author,Mobile,Edge,Windows,/offers
72e8cd21-4747-456a-bffd-d6498ce448d1,2026_W23,S4808,U21558,2026-06-07 14:14:39,2026-06-07 14:18:39,Facebook,Government,Mobile,Firefox,Windows,/offers
72e8cd21-4747-456a-bffd-d6498ce448d1,2026_W23,S4809,U2834,2026-06-06 21:46:55,2026-06-06 22:01:55,Direct,Bring,Tablet,Edge,Windows,/home
72e8cd21-4747-456a-bffd-d6498ce448d1,2026_W23,S4810,U18812,2026-06-07 12:47:36,2026-06-07 13:26:36,Google Ads,Training,Desktop,Chrome,iOS,/offers
72e8cd21-4747-456a-bffd-d6498ce448d1,2026_W23,S4811,U24422,2026-06-05 04:21:23,2026-06-05 04:33:23,Email,Standard,Tablet,Safari,MacOS,/offers
72e8cd21-4747-456a-bffd-d6498ce448d1,2026_W23,S4812,U18418,2026-06-02 22:42:56,2026-06-02 23:02:56,Email,Edge,Desktop,Firefox,MacOS,/products
72e8cd21-4747-456a-bffd-d6498ce448d1,2026_W23,S4813,U29676,2026-06-05 19:08:50,2026-06-05 19:27:50,Facebook,Show,Tablet,Safari,iOS,/products
72e8cd21-4747-456a-bffd-d6498ce448d1,2026_W23,S4814,U2519,2026-06-05 06:42:05,2026-06-05 07:15:05,Organic,Because,Desktop,Edge,Windows,/offers
72e8cd21-4747-456a-bffd-d6498ce448d1,2026_W23,S4815,U2160,2026-06-04 16:17:25,2026-06-04 16:42:25,Facebook,Experience,Desktop,Edge,Windows,/home
72e8cd21-4747-456a-bffd-d6498ce448d1,2026_W23,S4816,U7585,2026-06-07 15:27:08,2026-06-07 15:32:08,Email,Process,Desktop,Chrome,Android,/products
72e8cd21-4747-456a-bffd-d6498ce448d1,2026_W23,S4817,U25229,2026-06-03 21:16:24,2026-06-03 21:47:24,Instagram,Suffer,Mobile,Edge,Android,/home
72e8cd21-4747-456a-bffd-d6498ce448d1,2026_W23,S4818,U27100,2026-06-06 10:47:59,2026-06-06 11:05:59,Google Ads,Mind,Tablet,Chrome,iOS,/home
72e8cd21-4747-456a-bffd-d6498ce448d1,2026_W23,S4819,U29847,2026-06-04 13:49:38,2026-06-04 14:07:38,Facebook,Necessary,Mobile,Firefox,Android,/products
72e8cd21-4747-456a-bffd-d6498ce448d1,2026_W23,S4820,U7679,2026-06-07 18:36:00,2026-06-07 18:47:00,Direct,Process,Mobile,Edge,Windows,/offers
72e8cd21-4747-456a-bffd-d6498ce448d1,2026_W23,S4821,U31820,2026-06-05 06:20:02,2026-06-05 06:24:02,Google Ads,Her,Desktop,Edge,iOS,/home
72e8cd21-4747-456a-bffd-d6498ce448d1,2026_W23,S4822,U25946,2026-06-04 10:41:46,2026-06-04 10:43:46,Email,Product,Desktop,Chrome,iOS,/home
72e8cd21-4747-456a-bffd-d6498ce448d1,2026_W23,S4823,U25026,2026-06-03 01:57:26,2026-06-03 02:16:26,Instagram,Wind,Desktop,Edge,iOS,/home
72e8cd21-4747-456a-bffd-d6498ce448d1,2026_W23,S4824,U26036,2026-06-02 11:53:00,2026-06-02 12:13:00,Facebook,Sea,Desktop,Chrome,Windows,/products
72e8cd21-4747-456a-bffd-d6498ce448d1,2026_W23,S4825,U33856,2026-06-02 09:21:42,2026-06-02 09:39:42,Instagram,Work,Mobile,Edge,Android,/products
72e8cd21-4747-456a-bffd-d6498ce448d1,2026_W23,S4826,U1480,2026-06-06 02:40:50,2026-06-06 03:14:50,Google Ads,Yourself,Tablet,Firefox,Windows,/offers
72e8cd21-4747-456a-bffd-d6498ce448d1,2026_W23,S4827,U23011,2026-06-02 21:31:04,2026-06-02 21:57:04,Email,View,Tablet,Safari,MacOS,/home
72e8cd21-4747-456a-bffd-d6498ce448d1,2026_W23,S4828,U2110,2026-06-07 13:36:45,2026-06-07 14:13:45,Google Ads,Paper,Tablet,Chrome,iOS,/home
72e8cd21-4747-456a-bffd-d6498ce448d1,2026_W23,S4829,U19265,2026-06-02 14:50:15,2026-06-02 15:02:15,Facebook,Executive,Mobile,Firefox,Windows,/home
72e8cd21-4747-456a-bffd-d6498ce448d1,2026_W23,S4830,U29593,2026-06-06 02:20:09,2026-06-06 02:46:09,Instagram,Parent,Mobile,Safari,iOS,/products
72e8cd21-4747-456a-bffd-d6498ce448d1,2026_W23,S4831,U29895,2026-06-02 21:43:03,2026-06-02 22:05:03,Email,Buy,Mobile,Chrome,iOS,/offers
72e8cd21-4747-456a-bffd-d6498ce448d1,2026_W23,S4832,U34188,2026-06-03 19:35:47,2026-06-03 19:51:47,Instagram,Commercial,Mobile,Safari,Android,/home
72e8cd21-4747-456a-bffd-d6498ce448d1,2026_W23,S4833,U5422,2026-06-03 11:17:53,2026-06-03 11:33:53,Instagram,Life,Tablet,Edge,iOS,/home
72e8cd21-4747-456a-bffd-d6498ce448d1,2026_W23,S4834,U20962,2026-06-03 15:15:12,2026-06-03 15:27:12,Instagram,High,Mobile,Firefox,MacOS,/products
72e8cd21-4747-456a-bffd-d6498ce448d1,2026_W23,S4835,U3646,2026-06-05 00:15:03,2026-06-05 00:24:03,Organic,Still,Desktop,Firefox,iOS,/home
72e8cd21-4747-456a-bffd-d6498ce448d1,2026_W23,S4836,U7286,2026-06-05 05:57:57,2026-06-05 06:11:57,Organic,Begin,Desktop,Safari,iOS,/products
72e8cd21-4747-456a-bffd-d6498ce448d1,2026_W23,S4837,U30846,2026-06-04 22:43:13,2026-06-04 23:01:13,Email,Thus,Mobile,Safari,iOS,/home
72e8cd21-4747-456a-bffd-d6498ce448d1,2026_W23,S4838,U30697,2026-06-07 06:22:22,2026-06-07 06:57:22,Organic,Cost,Tablet,Firefox,iOS,/offers
72e8cd21-4747-456a-bffd-d6498ce448d1,2026_W23,S4839,U1205,2026-06-07 11:52:51,2026-06-07 12:07:51,Google Ads,First,Desktop,Firefox,Android,/offers
72e8cd21-4747-456a-bffd-d6498ce448d1,2026_W23,S4840,U18561,2026-06-07 17:53:41,2026-06-07 18:03:41,Email,All,Tablet,Safari,Android,/products
72e8cd21-4747-456a-bffd-d6498ce448d1,2026_W23,S4841,U6780,2026-06-06 00:02:23,2026-06-06 00:42:23,Direct,Bar,Tablet,Chrome,MacOS,/home
72e8cd21-4747-456a-bffd-d6498ce448d1,2026_W23,S4842,U27113,2026-06-03 15:24:10,2026-06-03 15:30:10,Google Ads,Office,Mobile,Safari,Android,/products
72e8cd21-4747-456a-bffd-d6498ce448d1,2026_W23,S4843,U5270,2026-06-06 16:45:10,2026-06-06 17:15:10,Email,Ever,Tablet,Edge,iOS,/home
72e8cd21-4747-456a-bffd-d6498ce448d1,2026_W23,S4844,U26412,2026-06-03 15:03:48,2026-06-03 15:17:48,Email,Fish,Desktop,Safari,MacOS,/products
72e8cd21-4747-456a-bffd-d6498ce448d1,2026_W23,S4845,U24202,2026-06-05 10:59:40,2026-06-05 11:19:40,Email,Throw,Tablet,Edge,iOS,/offers
72e8cd21-4747-456a-bffd-d6498ce448d1,2026_W23,S4846,U17057,2026-06-03 06:17:16,2026-06-03 06:19:16,Organic,During,Desktop,Firefox,MacOS,/products
72e8cd21-4747-456a-bffd-d6498ce448d1,2026_W23,S4847,U2789,2026-06-03 14:39:54,2026-06-03 15:04:54,Email,White,Desktop,Chrome,MacOS,/products
72e8cd21-4747-456a-bffd-d6498ce448d1,2026_W23,S4848,U21764,2026-06-03 18:28:18,2026-06-03 18:38:18,Email,Raise,Tablet,Firefox,Android,/home
72e8cd21-4747-456a-bffd-d6498ce448d1,2026_W23,S4849,U29652,2026-06-07 01:09:26,2026-06-07 01:37:26,Instagram,Blue,Desktop,Chrome,Android,/products
72e8cd21-4747-456a-bffd-d6498ce448d1,2026_W23,S4850,U21245,2026-06-04 09:45:22,2026-06-04 10:23:22,Email,Hard,Desktop,Safari,MacOS,/offers
72e8cd21-4747-456a-bffd-d6498ce448d1,2026_W23,S4851,U8596,2026-06-07 18:35:06,2026-06-07 19:04:06,Organic,Sell,Desktop,Edge,Windows,/home
72e8cd21-4747-456a-bffd-d6498ce448d1,2026_W23,S4852,U20420,2026-06-04 10:15:33,2026-06-04 10:23:33,Email,Yes,Tablet,Firefox,Android,/products
72e8cd21-4747-456a-bffd-d6498ce448d1,2026_W23,S4853,U6916,2026-06-05 14:57:57,2026-06-05 15:33:57,Instagram,They,Mobile,Firefox,iOS,/offers
72e8cd21-4747-456a-bffd-d6498ce448d1,2026_W23,S4854,U19250,2026-06-06 10:54:23,2026-06-06 11:17:23,Instagram,Media,Tablet,Safari,MacOS,/products
72e8cd21-4747-456a-bffd-d6498ce448d1,2026_W23,S4855,U2629,2026-06-03 15:10:54,2026-06-03 15:40:54,Instagram,Well,Desktop,Chrome,Android,/home
72e8cd21-4747-456a-bffd-d6498ce448d1,2026_W23,S4856,U25899,2026-06-05 20:05:14,2026-06-05 20:09:14,Facebook,Surface,Tablet,Safari,Android,/offers
72e8cd21-4747-456a-bffd-d6498ce448d1,2026_W23,S4857,U6495,2026-06-07 07:13:44,2026-06-07 07:35:44,Direct,Represent,Tablet,Chrome,iOS,/products
72e8cd21-4747-456a-bffd-d6498ce448d1,2026_W23,S4858,U17088,2026-06-02 06:11:13,2026-06-02 06:35:13,Organic,If,Tablet,Edge,Windows,/home
72e8cd21-4747-456a-bffd-d6498ce448d1,2026_W23,S4859,U14182,2026-06-05 15:34:11,2026-06-05 16:08:11,Email,Impact,Tablet,Firefox,Windows,/home
72e8cd21-4747-456a-bffd-d6498ce448d1,2026_W23,S4860,U4218,2026-06-07 13:54:43,2026-06-07 14:24:43,Direct,Nice,Mobile,Firefox,Windows,/home
72e8cd21-4747-456a-bffd-d6498ce448d1,2026_W23,S4861,U12680,2026-06-05 13:20:41,2026-06-05 14:00:41,Direct,More,Desktop,Firefox,MacOS,/products
72e8cd21-4747-456a-bffd-d6498ce448d1,2026_W23,S4862,U26308,2026-06-02 14:06:53,2026-06-02 14:42:53,Organic,Price,Mobile,Safari,MacOS,/products
72e8cd21-4747-456a-bffd-d6498ce448d1,2026_W23,S4863,U28621,2026-06-06 19:45:57,2026-06-06 20:20:57,Facebook,Thousand,Desktop,Chrome,MacOS,/offers
72e8cd21-4747-456a-bffd-d6498ce448d1,2026_W23,S4864,U247,2026-06-03 02:52:31,2026-06-03 03:09:31,Instagram,Reach,Desktop,Safari,Android,/offers
72e8cd21-4747-456a-bffd-d6498ce448d1,2026_W23,S4865,U2403,2026-06-06 02:24:05,2026-06-06 02:52:05,Instagram,Structure,Mobile,Safari,MacOS,/products
72e8cd21-4747-456a-bffd-d6498ce448d1,2026_W23,S4866,U19416,2026-06-03 12:17:50,2026-06-03 12:24:50,Instagram,Better,Desktop,Safari,Windows,/home
72e8cd21-4747-456a-bffd-d6498ce448d1,2026_W23,S4867,U15943,2026-06-02 11:13:54,2026-06-02 11:52:54,Instagram,On,Tablet,Firefox,Android,/products
72e8cd21-4747-456a-bffd-d6498ce448d1,2026_W23,S4868,U20183,2026-06-02 14:31:30,2026-06-02 15:04:30,Direct,Before,Tablet,Firefox,MacOS,/products
72e8cd21-4747-456a-bffd-d6498ce448d1,2026_W23,S4869,U18246,2026-06-07 20:18:34,2026-06-07 20:51:34,Google Ads,Home,Desktop,Edge,Windows,/offers
72e8cd21-4747-456a-bffd-d6498ce448d1,2026_W23,S4870,U23119,2026-06-04 22:00:50,2026-06-04 22:34:50,Google Ads,Finish,Mobile,Edge,Android,/products
72e8cd21-4747-456a-bffd-d6498ce448d1,2026_W23,S4871,U1743,2026-06-02 01:07:42,2026-06-02 01:09:42,Direct,Clear,Mobile,Firefox,iOS,/home
72e8cd21-4747-456a-bffd-d6498ce448d1,2026_W23,S4872,U471,2026-06-03 19:02:07,2026-06-03 19:24:07,Facebook,First,Mobile,Firefox,MacOS,/home
72e8cd21-4747-456a-bffd-d6498ce448d1,2026_W23,S4873,U17935,2026-06-03 02:30:28,2026-06-03 03:09:28,Organic,Bar,Desktop,Chrome,Android,/offers
72e8cd21-4747-456a-bffd-d6498ce448d1,2026_W23,S4874,U9326,2026-06-02 16:32:54,2026-06-02 16:54:54,Instagram,Force,Tablet,Chrome,MacOS,/home
72e8cd21-4747-456a-bffd-d6498ce448d1,2026_W23,S4875,U15771,2026-06-05 17:38:43,2026-06-05 17:52:43,Facebook,Person,Tablet,Firefox,MacOS,/offers
72e8cd21-4747-456a-bffd-d6498ce448d1,2026_W23,S4876,U27979,2026-06-03 10:33:22,2026-06-03 10:53:22,Instagram,Interview,Desktop,Chrome,MacOS,/products
72e8cd21-4747-456a-bffd-d6498ce448d1,2026_W23,S4877,U12059,2026-06-06 02:07:57,2026-06-06 02:47:57,Google Ads,Activity,Desktop,Firefox,Android,/home
72e8cd21-4747-456a-bffd-d6498ce448d1,2026_W23,S4878,U8287,2026-06-04 07:01:49,2026-06-04 07:36:49,Email,Check,Mobile,Chrome,MacOS,/home
72e8cd21-4747-456a-bffd-d6498ce448d1,2026_W23,S4879,U4974,2026-06-02 01:16:42,2026-06-02 01:50:42,Email,Seven,Mobile,Safari,MacOS,/home
72e8cd21-4747-456a-bffd-d6498ce448d1,2026_W23,S4880,U10676,2026-06-06 13:04:37,2026-06-06 13:29:37,Google Ads,Keep,Tablet,Safari,MacOS,/home
72e8cd21-4747-456a-bffd-d6498ce448d1,2026_W23,S4881,U23351,2026-06-02 15:16:15,2026-06-02 15:46:15,Direct,National,Tablet,Safari,MacOS,/products
72e8cd21-4747-456a-bffd-d6498ce448d1,2026_W23,S4882,U1874,2026-06-02 22:29:04,2026-06-02 22:45:04,Facebook,Quality,Tablet,Firefox,Android,/offers
72e8cd21-4747-456a-bffd-d6498ce448d1,2026_W23,S4883,U20142,2026-06-02 11:25:40,2026-06-02 11:29:40,Email,Method,Desktop,Safari,Windows,/offers
72e8cd21-4747-456a-bffd-d6498ce448d1,2026_W23,S4884,U21367,2026-06-05 15:37:39,2026-06-05 16:17:39,Email,And,Mobile,Chrome,Android,/products
72e8cd21-4747-456a-bffd-d6498ce448d1,2026_W23,S4885,U5493,2026-06-03 02:30:39,2026-06-03 02:59:39,Instagram,International,Tablet,Edge,Windows,/products
72e8cd21-4747-456a-bffd-d6498ce448d1,2026_W23,S4886,U14796,2026-06-02 21:53:55,2026-06-02 22:00:55,Google Ads,To,Mobile,Edge,MacOS,/products
72e8cd21-4747-456a-bffd-d6498ce448d1,2026_W23,S4887,U18690,2026-06-06 13:07:28,2026-06-06 13:28:28,Email,Fear,Mobile,Firefox,iOS,/offers
72e8cd21-4747-456a-bffd-d6498ce448d1,2026_W23,S4888,U8204,2026-06-07 08:34:02,2026-06-07 09:03:02,Facebook,Drop,Tablet,Firefox,iOS,/home
72e8cd21-4747-456a-bffd-d6498ce448d1,2026_W23,S4889,U8112,2026-06-05 01:28:23,2026-06-05 01:31:23,Instagram,Happen,Desktop,Firefox,iOS,/home
72e8cd21-4747-456a-bffd-d6498ce448d1,2026_W23,S4890,U7245,2026-06-04 08:22:20,2026-06-04 08:30:20,Google Ads,Data,Mobile,Firefox,iOS,/products
72e8cd21-4747-456a-bffd-d6498ce448d1,2026_W23,S4891,U378,2026-06-06 12:18:47,2026-06-06 12:39:47,Email,Early,Mobile,Chrome,Android,/home
72e8cd21-4747-456a-bffd-d6498ce448d1,2026_W23,S4892,U3779,2026-06-02 09:28:58,2026-06-02 10:01:58,Instagram,This,Tablet,Chrome,iOS,/home
72e8cd21-4747-456a-bffd-d6498ce448d1,2026_W23,S4893,U13042,2026-06-07 10:17:04,2026-06-07 10:40:04,Instagram,And,Mobile,Firefox,iOS,/offers
72e8cd21-4747-456a-bffd-d6498ce448d1,2026_W23,S4894,U28070,2026-06-02 02:49:11,2026-06-02 03:23:11,Google Ads,Suffer,Tablet,Chrome,MacOS,/offers
72e8cd21-4747-456a-bffd-d6498ce448d1,2026_W23,S4895,U15692,2026-06-06 03:16:08,2026-06-06 03:20:08,Direct,Side,Tablet,Chrome,iOS,/products
72e8cd21-4747-456a-bffd-d6498ce448d1,2026_W23,S4896,U27748,2026-06-04 14:22:14,2026-06-04 14:40:14,Direct,Amount,Mobile,Chrome,MacOS,/offers
72e8cd21-4747-456a-bffd-d6498ce448d1,2026_W23,S4897,U6649,2026-06-02 19:09:09,2026-06-02 19:22:09,Facebook,Take,Tablet,Safari,Windows,/home
72e8cd21-4747-456a-bffd-d6498ce448d1,2026_W23,S4898,U12489,2026-06-05 01:10:27,2026-06-05 01:37:27,Instagram,Staff,Tablet,Edge,Android,/home
72e8cd21-4747-456a-bffd-d6498ce448d1,2026_W23,S4899,U29452,2026-06-06 02:30:14,2026-06-06 02:35:14,Google Ads,Nothing,Mobile,Safari,Android,/home
72e8cd21-4747-456a-bffd-d6498ce448d1,2026_W23,S4900,U17386,2026-06-06 09:33:13,2026-06-06 09:36:13,Google Ads,So,Mobile,Safari,Android,/home
72e8cd21-4747-456a-bffd-d6498ce448d1,2026_W23,S4901,U4156,2026-06-07 12:57:25,2026-06-07 13:07:25,Google Ads,Character,Desktop,Edge,MacOS,/home
72e8cd21-4747-456a-bffd-d6498ce448d1,2026_W23,S4902,U18696,2026-06-03 02:17:09,2026-06-03 02:29:09,Email,Break,Tablet,Edge,Windows,/home
72e8cd21-4747-456a-bffd-d6498ce448d1,2026_W23,S4903,U28276,2026-06-02 04:38:52,2026-06-02 04:55:52,Instagram,Trouble,Desktop,Chrome,MacOS,/home
72e8cd21-4747-456a-bffd-d6498ce448d1,2026_W23,S4904,U31988,2026-06-07 08:47:59,2026-06-07 09:10:59,Instagram,In,Desktop,Edge,Windows,/home
72e8cd21-4747-456a-bffd-d6498ce448d1,2026_W23,S4905,U11915,2026-06-07 12:41:35,2026-06-07 13:20:35,Email,Meeting,Desktop,Edge,MacOS,/home
72e8cd21-4747-456a-bffd-d6498ce448d1,2026_W23,S4906,U25826,2026-06-07 07:17:01,2026-06-07 07:34:01,Facebook,House,Tablet,Safari,iOS,/home
72e8cd21-4747-456a-bffd-d6498ce448d1,2026_W23,S4907,U29426,2026-06-05 15:32:39,2026-06-05 15:59:39,Facebook,Religious,Tablet,Safari,iOS,/products
72e8cd21-4747-456a-bffd-d6498ce448d1,2026_W23,S4908,U14478,2026-06-02 11:15:14,2026-06-02 11:35:14,Facebook,Authority,Desktop,Safari,Windows,/home
72e8cd21-4747-456a-bffd-d6498ce448d1,2026_W23,S4909,U18039,2026-06-06 10:16:43,2026-06-06 10:30:43,Direct,Much,Tablet,Edge,MacOS,/products
72e8cd21-4747-456a-bffd-d6498ce448d1,2026_W23,S4910,U8852,2026-06-07 16:09:29,2026-06-07 16:28:29,Direct,Measure,Tablet,Safari,iOS,/products
72e8cd21-4747-456a-bffd-d6498ce448d1,2026_W23,S4911,U16500,2026-06-04 04:26:20,2026-06-04 04:45:20,Facebook,Suffer,Tablet,Safari,MacOS,/home
72e8cd21-4747-456a-bffd-d6498ce448d1,2026_W23,S4912,U31853,2026-06-02 07:57:09,2026-06-02 08:01:09,Facebook,Hot,Tablet,Safari,Android,/products
72e8cd21-4747-456a-bffd-d6498ce448d1,2026_W23,S4913,U23870,2026-06-06 21:46:52,2026-06-06 22:16:52,Facebook,Skin,Mobile,Chrome,MacOS,/home
72e8cd21-4747-456a-bffd-d6498ce448d1,2026_W23,S4914,U5029,2026-06-07 15:04:18,2026-06-07 15:31:18,Google Ads,Wall,Desktop,Edge,MacOS,/home
72e8cd21-4747-456a-bffd-d6498ce448d1,2026_W23,S4915,U16871,2026-06-05 05:25:00,2026-06-05 05:30:00,Facebook,Knowledge,Desktop,Chrome,Android,/home
72e8cd21-4747-456a-bffd-d6498ce448d1,2026_W23,S4916,U9941,2026-06-02 21:38:25,2026-06-02 22:02:25,Google Ads,Glass,Mobile,Firefox,Windows,/offers
72e8cd21-4747-456a-bffd-d6498ce448d1,2026_W23,S4917,U33745,2026-06-06 01:03:26,2026-06-06 01:23:26,Direct,Fight,Mobile,Firefox,Android,/home
72e8cd21-4747-456a-bffd-d6498ce448d1,2026_W23,S4918,U31491,2026-06-03 09:27:10,2026-06-03 09:30:10,Google Ads,Effort,Mobile,Firefox,MacOS,/offers
72e8cd21-4747-456a-bffd-d6498ce448d1,2026_W23,S4919,U7472,2026-06-03 07:21:07,2026-06-03 07:25:07,Facebook,Trade,Mobile,Safari,Android,/offers
72e8cd21-4747-456a-bffd-d6498ce448d1,2026_W23,S4920,U19300,2026-06-04 06:45:26,2026-06-04 06:55:26,Direct,Important,Tablet,Chrome,Windows,/products
72e8cd21-4747-456a-bffd-d6498ce448d1,2026_W23,S4921,U19254,2026-06-07 00:56:17,2026-06-07 00:59:17,Direct,National,Mobile,Edge,Windows,/home
72e8cd21-4747-456a-bffd-d6498ce448d1,2026_W23,S4922,U26095,2026-06-02 15:05:16,2026-06-02 15:38:16,Instagram,Itself,Tablet,Edge,Windows,/offers
72e8cd21-4747-456a-bffd-d6498ce448d1,2026_W23,S4923,U8443,2026-06-04 22:58:52,2026-06-04 23:38:52,Direct,Analysis,Tablet,Safari,Android,/offers
72e8cd21-4747-456a-bffd-d6498ce448d1,2026_W23,S4924,U32358,2026-06-04 12:32:47,2026-06-04 12:56:47,Direct,Type,Tablet,Edge,iOS,/home
72e8cd21-4747-456a-bffd-d6498ce448d1,2026_W23,S4925,U7191,2026-06-04 01:01:54,2026-06-04 01:22:54,Organic,Within,Mobile,Edge,MacOS,/home
72e8cd21-4747-456a-bffd-d6498ce448d1,2026_W23,S4926,U12476,2026-06-02 14:25:50,2026-06-02 14:49:50,Email,Official,Desktop,Safari,iOS,/offers
72e8cd21-4747-456a-bffd-d6498ce448d1,2026_W23,S4927,U8958,2026-06-04 04:57:10,2026-06-04 05:21:10,Google Ads,Bank,Mobile,Firefox,Windows,/home
72e8cd21-4747-456a-bffd-d6498ce448d1,2026_W23,S4928,U29927,2026-06-04 11:06:28,2026-06-04 11:44:28,Google Ads,Series,Mobile,Chrome,Android,/products
72e8cd21-4747-456a-bffd-d6498ce448d1,2026_W23,S4929,U23249,2026-06-06 16:51:12,2026-06-06 17:23:12,Direct,Black,Desktop,Safari,Android,/offers
72e8cd21-4747-456a-bffd-d6498ce448d1,2026_W23,S4930,U11664,2026-06-06 21:04:18,2026-06-06 21:32:18,Facebook,Back,Tablet,Safari,Windows,/home
72e8cd21-4747-456a-bffd-d6498ce448d1,2026_W23,S4931,U12881,2026-06-05 15:07:45,2026-06-05 15:21:45,Email,Opportunity,Desktop,Safari,Windows,/offers
72e8cd21-4747-456a-bffd-d6498ce448d1,2026_W23,S4932,U8284,2026-06-05 02:15:45,2026-06-05 02:47:45,Direct,Suddenly,Desktop,Chrome,iOS,/home
72e8cd21-4747-456a-bffd-d6498ce448d1,2026_W23,S4933,U32046,2026-06-02 12:16:10,2026-06-02 12:40:10,Instagram,Small,Mobile,Edge,Android,/home
72e8cd21-4747-456a-bffd-d6498ce448d1,2026_W23,S4934,U10843,2026-06-02 15:50:18,2026-06-02 16:03:18,Google Ads,Open,Mobile,Chrome,Windows,/products
72e8cd21-4747-456a-bffd-d6498ce448d1,2026_W23,S4935,U3403,2026-06-02 03:54:34,2026-06-02 04:31:34,Direct,Condition,Mobile,Safari,Android,/home
72e8cd21-4747-456a-bffd-d6498ce448d1,2026_W23,S4936,U31192,2026-06-05 13:36:02,2026-06-05 13:47:02,Organic,Technology,Mobile,Edge,MacOS,/products
72e8cd21-4747-456a-bffd-d6498ce448d1,2026_W23,S4937,U3391,2026-06-07 00:59:36,2026-06-07 01:36:36,Instagram,Room,Desktop,Firefox,iOS,/products
72e8cd21-4747-456a-bffd-d6498ce448d1,2026_W23,S4938,U22279,2026-06-05 18:22:28,2026-06-05 18:51:28,Google Ads,Positive,Tablet,Chrome,Windows,/home
72e8cd21-4747-456a-bffd-d6498ce448d1,2026_W23,S4939,U28781,2026-06-04 12:45:40,2026-06-04 13:12:40,Organic,Article,Tablet,Safari,Android,/offers
72e8cd21-4747-456a-bffd-d6498ce448d1,2026_W23,S4940,U31360,2026-06-07 13:34:36,2026-06-07 13:40:36,Google Ads,Wrong,Mobile,Firefox,MacOS,/home
72e8cd21-4747-456a-bffd-d6498ce448d1,2026_W23,S4941,U26364,2026-06-06 13:29:51,2026-06-06 13:42:51,Google Ads,Nation,Tablet,Edge,Windows,/offers
72e8cd21-4747-456a-bffd-d6498ce448d1,2026_W23,S4942,U32925,2026-06-02 12:18:18,2026-06-02 12:47:18,Google Ads,Soon,Mobile,Safari,iOS,/offers
72e8cd21-4747-456a-bffd-d6498ce448d1,2026_W23,S4943,U7605,2026-06-06 11:06:08,2026-06-06 11:32:08,Facebook,Me,Tablet,Edge,Windows,/home
72e8cd21-4747-456a-bffd-d6498ce448d1,2026_W23,S4944,U25428,2026-06-06 21:55:19,2026-06-06 22:09:19,Email,Page,Mobile,Chrome,Windows,/offers
72e8cd21-4747-456a-bffd-d6498ce448d1,2026_W23,S4945,U22956,2026-06-07 16:10:19,2026-06-07 16:43:19,Organic,Down,Tablet,Chrome,Android,/products
72e8cd21-4747-456a-bffd-d6498ce448d1,2026_W23,S4946,U2689,2026-06-04 04:36:42,2026-06-04 04:57:42,Facebook,Lot,Tablet,Chrome,iOS,/offers
72e8cd21-4747-456a-bffd-d6498ce448d1,2026_W23,S4947,U34483,2026-06-06 13:19:16,2026-06-06 13:57:16,Google Ads,Floor,Desktop,Edge,Windows,/products
72e8cd21-4747-456a-bffd-d6498ce448d1,2026_W23,S4948,U13312,2026-06-07 20:09:17,2026-06-07 20:45:17,Direct,One,Tablet,Edge,Windows,/home
72e8cd21-4747-456a-bffd-d6498ce448d1,2026_W23,S4949,U16738,2026-06-02 23:10:25,2026-06-02 23:48:25,Instagram,Upon,Desktop,Chrome,Android,/products
72e8cd21-4747-456a-bffd-d6498ce448d1,2026_W23,S4950,U33962,2026-06-06 07:07:30,2026-06-06 07:42:30,Email,Tend,Desktop,Firefox,iOS,/home
72e8cd21-4747-456a-bffd-d6498ce448d1,2026_W23,S4951,U3777,2026-06-04 15:49:36,2026-06-04 16:29:36,Organic,Program,Tablet,Firefox,Android,/products
72e8cd21-4747-456a-bffd-d6498ce448d1,2026_W23,S4952,U9576,2026-06-06 05:58:07,2026-06-06 06:33:07,Instagram,Successful,Tablet,Chrome,Android,/products
72e8cd21-4747-456a-bffd-d6498ce448d1,2026_W23,S4953,U10797,2026-06-02 02:40:50,2026-06-02 02:51:50,Direct,Through,Mobile,Safari,MacOS,/home
72e8cd21-4747-456a-bffd-d6498ce448d1,2026_W23,S4954,U26455,2026-06-03 13:38:56,2026-06-03 14:09:56,Instagram,Enough,Mobile,Firefox,MacOS,/home
72e8cd21-4747-456a-bffd-d6498ce448d1,2026_W23,S4955,U31445,2026-06-02 20:40:32,2026-06-02 20:57:32,Email,Kid,Mobile,Chrome,Windows,/products
72e8cd21-4747-456a-bffd-d6498ce448d1,2026_W23,S4956,U14733,2026-06-05 12:22:43,2026-06-05 12:52:43,Email,Middle,Desktop,Firefox,Windows,/products
72e8cd21-4747-456a-bffd-d6498ce448d1,2026_W23,S4957,U27253,2026-06-02 23:14:35,2026-06-02 23:21:35,Organic,Service,Mobile,Firefox,Windows,/offers
72e8cd21-4747-456a-bffd-d6498ce448d1,2026_W23,S4958,U10897,2026-06-07 10:57:13,2026-06-07 11:29:13,Instagram,Fire,Mobile,Chrome,MacOS,/products
72e8cd21-4747-456a-bffd-d6498ce448d1,2026_W23,S4959,U4749,2026-06-04 14:01:04,2026-06-04 14:26:04,Direct,Both,Desktop,Firefox,iOS,/products
72e8cd21-4747-456a-bffd-d6498ce448d1,2026_W23,S4960,U11873,2026-06-06 11:31:29,2026-06-06 11:32:29,Organic,Story,Desktop,Firefox,MacOS,/products
72e8cd21-4747-456a-bffd-d6498ce448d1,2026_W23,S4961,U20075,2026-06-03 18:34:28,2026-06-03 18:47:28,Direct,Drop,Mobile,Firefox,MacOS,/home
72e8cd21-4747-456a-bffd-d6498ce448d1,2026_W23,S4962,U4926,2026-06-06 15:08:30,2026-06-06 15:29:30,Facebook,Land,Tablet,Chrome,iOS,/home
72e8cd21-4747-456a-bffd-d6498ce448d1,2026_W23,S4963,U33005,2026-06-05 21:25:26,2026-06-05 21:35:26,Direct,Course,Tablet,Firefox,MacOS,/offers
72e8cd21-4747-456a-bffd-d6498ce448d1,2026_W23,S4964,U34348,2026-06-02 23:16:06,2026-06-02 23:56:06,Instagram,Either,Tablet,Chrome,Windows,/home
72e8cd21-4747-456a-bffd-d6498ce448d1,2026_W23,S4965,U33590,2026-06-06 16:20:23,2026-06-06 16:34:23,Direct,Until,Tablet,Safari,Android,/home
72e8cd21-4747-456a-bffd-d6498ce448d1,2026_W23,S4966,U8315,2026-06-04 02:42:24,2026-06-04 02:54:24,Email,Worry,Mobile,Edge,Android,/products
72e8cd21-4747-456a-bffd-d6498ce448d1,2026_W23,S4967,U5677,2026-06-02 09:41:08,2026-06-02 10:07:08,Direct,Want,Mobile,Safari,iOS,/products
72e8cd21-4747-456a-bffd-d6498ce448d1,2026_W23,S4968,U25604,2026-06-02 12:46:26,2026-06-02 12:49:26,Email,Recent,Tablet,Chrome,MacOS,/products
72e8cd21-4747-456a-bffd-d6498ce448d1,2026_W23,S4969,U22368,2026-06-06 14:26:09,2026-06-06 14:57:09,Facebook,Record,Mobile,Safari,iOS,/offers
72e8cd21-4747-456a-bffd-d6498ce448d1,2026_W23,S4970,U14240,2026-06-06 00:55:58,2026-06-06 00:56:58,Facebook,Air,Desktop,Firefox,iOS,/products
72e8cd21-4747-456a-bffd-d6498ce448d1,2026_W23,S4971,U34691,2026-06-02 09:47:11,2026-06-02 10:00:11,Organic,Their,Mobile,Firefox,Windows,/products
72e8cd21-4747-456a-bffd-d6498ce448d1,2026_W23,S4972,U6048,2026-06-06 22:38:26,2026-06-06 22:41:26,Instagram,Of,Mobile,Safari,Android,/products
72e8cd21-4747-456a-bffd-d6498ce448d1,2026_W23,S4973,U29545,2026-06-06 20:20:26,2026-06-06 20:32:26,Organic,Whether,Desktop,Chrome,Windows,/products
72e8cd21-4747-456a-bffd-d6498ce448d1,2026_W23,S4974,U9308,2026-06-04 07:14:28,2026-06-04 07:51:28,Instagram,Actually,Desktop,Firefox,Android,/offers
72e8cd21-4747-456a-bffd-d6498ce448d1,2026_W23,S4975,U27682,2026-06-03 02:11:52,2026-06-03 02:36:52,Google Ads,Medical,Desktop,Safari,MacOS,/home
72e8cd21-4747-456a-bffd-d6498ce448d1,2026_W23,S4976,U29610,2026-06-05 18:26:18,2026-06-05 18:36:18,Google Ads,Investment,Tablet,Chrome,Windows,/offers
72e8cd21-4747-456a-bffd-d6498ce448d1,2026_W23,S4977,U32194,2026-06-02 19:08:55,2026-06-02 19:17:55,Facebook,More,Tablet,Edge,MacOS,/products
72e8cd21-4747-456a-bffd-d6498ce448d1,2026_W23,S4978,U33533,2026-06-06 16:16:09,2026-06-06 16:51:09,Email,Of,Desktop,Safari,MacOS,/home
72e8cd21-4747-456a-bffd-d6498ce448d1,2026_W23,S4979,U4044,2026-06-06 12:37:45,2026-06-06 12:55:45,Instagram,Safe,Mobile,Firefox,iOS,/offers
72e8cd21-4747-456a-bffd-d6498ce448d1,2026_W23,S4980,U20189,2026-06-03 06:36:07,2026-06-03 06:55:07,Instagram,Community,Desktop,Chrome,iOS,/home
72e8cd21-4747-456a-bffd-d6498ce448d1,2026_W23,S4981,U28922,2026-06-02 04:25:32,2026-06-02 04:34:32,Facebook,Society,Desktop,Chrome,Windows,/home
72e8cd21-4747-456a-bffd-d6498ce448d1,2026_W23,S4982,U30522,2026-06-04 16:33:08,2026-06-04 17:04:08,Email,Law,Desktop,Edge,iOS,/home
72e8cd21-4747-456a-bffd-d6498ce448d1,2026_W23,S4983,U13475,2026-06-05 12:56:12,2026-06-05 13:11:12,Organic,Some,Mobile,Safari,Android,/products
72e8cd21-4747-456a-bffd-d6498ce448d1,2026_W23,S4984,U2780,2026-06-04 09:29:10,2026-06-04 09:44:10,Direct,List,Desktop,Chrome,iOS,/home
72e8cd21-4747-456a-bffd-d6498ce448d1,2026_W23,S4985,U18995,2026-06-05 02:16:01,2026-06-05 02:37:01,Instagram,Around,Tablet,Edge,iOS,/offers
72e8cd21-4747-456a-bffd-d6498ce448d1,2026_W23,S4986,U30881,2026-06-04 04:34:23,2026-06-04 05:00:23,Direct,Last,Mobile,Edge,Android,/offers
72e8cd21-4747-456a-bffd-d6498ce448d1,2026_W23,S4987,U26237,2026-06-04 02:55:00,2026-06-04 03:10:00,Instagram,Hard,Mobile,Edge,MacOS,/home
72e8cd21-4747-456a-bffd-d6498ce448d1,2026_W23,S4988,U17861,2026-06-03 10:48:11,2026-06-03 11:27:11,Organic,Fast,Tablet,Chrome,Android,/offers
72e8cd21-4747-456a-bffd-d6498ce448d1,2026_W23,S4989,U22280,2026-06-03 22:55:07,2026-06-03 22:59:07,Organic,Write,Mobile,Chrome,iOS,/offers
72e8cd21-4747-456a-bffd-d6498ce448d1,2026_W23,S4990,U31275,2026-06-03 20:10:31,2026-06-03 20:20:31,Google Ads,Close,Desktop,Safari,iOS,/home
72e8cd21-4747-456a-bffd-d6498ce448d1,2026_W23,S4991,U9529,2026-06-05 21:31:54,2026-06-05 22:10:54,Direct,Between,Desktop,Safari,Windows,/home
72e8cd21-4747-456a-bffd-d6498ce448d1,2026_W23,S4992,U18389,2026-06-03 21:34:02,2026-06-03 21:42:02,Email,Six,Desktop,Safari,MacOS,/offers
72e8cd21-4747-456a-bffd-d6498ce448d1,2026_W23,S4993,U32032,2026-06-03 08:22:40,2026-06-03 09:00:40,Facebook,Doctor,Mobile,Chrome,iOS,/products
72e8cd21-4747-456a-bffd-d6498ce448d1,2026_W23,S4994,U27352,2026-06-04 01:02:30,2026-06-04 01:12:30,Google Ads,New,Tablet,Firefox,iOS,/offers
72e8cd21-4747-456a-bffd-d6498ce448d1,2026_W23,S4995,U2773,2026-06-05 10:09:20,2026-06-05 10:35:20,Direct,Manage,Desktop,Safari,Windows,/products
72e8cd21-4747-456a-bffd-d6498ce448d1,2026_W23,S4996,U28547,2026-06-03 18:28:05,2026-06-03 18:57:05,Instagram,Just,Desktop,Safari,MacOS,/products
72e8cd21-4747-456a-bffd-d6498ce448d1,2026_W23,S4997,U24583,2026-06-03 22:07:20,2026-06-03 22:45:20,Email,Opportunity,Tablet,Safari,Android,/home
72e8cd21-4747-456a-bffd-d6498ce448d1,2026_W23,S4998,U10616,2026-06-04 11:32:35,2026-06-04 12:04:35,Email,Bank,Desktop,Firefox,iOS,/products
72e8cd21-4747-456a-bffd-d6498ce448d1,2026_W23,S4999,U24753,2026-06-05 06:17:41,2026-06-05 06:19:41,Direct,Get,Mobile,Chrome,Android,/offers
72e8cd21-4747-456a-bffd-d6498ce448d1,2026_W23,S5000,U5156,2026-06-03 03:37:40,2026-06-03 03:46:40,Google Ads,Debate,Mobile,Chrome,MacOS,/home
72e8cd21-4747-456a-bffd-d6498ce448d1,2026_W23,S5001,U8571,2026-06-05 21:03:14,2026-06-05 21:36:14,Google Ads,Nothing,Desktop,Safari,iOS,/products
72e8cd21-4747-456a-bffd-d6498ce448d1,2026_W23,S5002,U23063,2026-06-03 18:13:46,2026-06-03 18:37:46,Google Ads,Begin,Desktop,Chrome,MacOS,/products
72e8cd21-4747-456a-bffd-d6498ce448d1,2026_W23,S5003,U8318,2026-06-02 06:14:28,2026-06-02 06:24:28,Google Ads,President,Mobile,Firefox,MacOS,/home
72e8cd21-4747-456a-bffd-d6498ce448d1,2026_W23,S5004,U11547,2026-06-06 13:37:55,2026-06-06 13:49:55,Organic,Take,Tablet,Firefox,iOS,/products
72e8cd21-4747-456a-bffd-d6498ce448d1,2026_W23,S5005,U10145,2026-06-07 20:14:12,2026-06-07 20:44:12,Organic,Common,Desktop,Safari,iOS,/offers
72e8cd21-4747-456a-bffd-d6498ce448d1,2026_W23,S5006,U32057,2026-06-03 13:20:39,2026-06-03 13:40:39,Direct,Behind,Tablet,Edge,Android,/offers
72e8cd21-4747-456a-bffd-d6498ce448d1,2026_W23,S5007,U11789,2026-06-07 14:08:16,2026-06-07 14:12:16,Google Ads,Cut,Desktop,Firefox,Android,/offers
72e8cd21-4747-456a-bffd-d6498ce448d1,2026_W23,S5008,U18183,2026-06-05 23:36:20,2026-06-05 23:40:20,Facebook,Manager,Desktop,Edge,MacOS,/home
72e8cd21-4747-456a-bffd-d6498ce448d1,2026_W23,S5009,U28345,2026-06-04 02:30:23,2026-06-04 02:37:23,Direct,Maybe,Mobile,Firefox,iOS,/products
72e8cd21-4747-456a-bffd-d6498ce448d1,2026_W23,S5010,U27240,2026-06-02 16:06:42,2026-06-02 16:18:42,Email,Note,Mobile,Chrome,Android,/products
72e8cd21-4747-456a-bffd-d6498ce448d1,2026_W23,S5011,U30782,2026-06-04 16:53:01,2026-06-04 17:00:01,Email,Before,Mobile,Firefox,iOS,/offers
72e8cd21-4747-456a-bffd-d6498ce448d1,2026_W23,S5012,U17274,2026-06-02 18:53:56,2026-06-02 19:02:56,Facebook,Couple,Tablet,Safari,MacOS,/offers
72e8cd21-4747-456a-bffd-d6498ce448d1,2026_W23,S5013,U5233,2026-06-05 10:21:54,2026-06-05 10:35:54,Facebook,Church,Tablet,Edge,Android,/products
72e8cd21-4747-456a-bffd-d6498ce448d1,2026_W23,S5014,U12934,2026-06-02 12:51:50,2026-06-02 13:25:50,Facebook,Hour,Mobile,Edge,MacOS,/products
72e8cd21-4747-456a-bffd-d6498ce448d1,2026_W23,S5015,U23146,2026-06-02 14:35:20,2026-06-02 15:07:20,Facebook,Let,Mobile,Safari,Android,/home
72e8cd21-4747-456a-bffd-d6498ce448d1,2026_W23,S5016,U33217,2026-06-05 22:55:36,2026-06-05 23:32:36,Google Ads,Page,Tablet,Chrome,Windows,/products
72e8cd21-4747-456a-bffd-d6498ce448d1,2026_W23,S5017,U23536,2026-06-01 21:23:40,2026-06-01 21:46:40,Facebook,Address,Desktop,Edge,Android,/products
72e8cd21-4747-456a-bffd-d6498ce448d1,2026_W23,S5018,U7103,2026-06-05 18:37:59,2026-06-05 19:05:59,Google Ads,Dream,Mobile,Safari,iOS,/offers
72e8cd21-4747-456a-bffd-d6498ce448d1,2026_W23,S5019,U30123,2026-06-03 13:14:36,2026-06-03 13:23:36,Organic,Clear,Mobile,Edge,iOS,/offers
72e8cd21-4747-456a-bffd-d6498ce448d1,2026_W23,S5020,U22942,2026-06-02 12:56:48,2026-06-02 13:02:48,Instagram,Phone,Tablet,Firefox,Windows,/home
72e8cd21-4747-456a-bffd-d6498ce448d1,2026_W23,S5021,U29018,2026-06-03 06:46:26,2026-06-03 07:11:26,Organic,Let,Desktop,Chrome,MacOS,/offers
72e8cd21-4747-456a-bffd-d6498ce448d1,2026_W23,S5022,U2460,2026-06-06 23:48:09,2026-06-07 00:05:09,Google Ads,End,Mobile,Edge,Android,/offers
72e8cd21-4747-456a-bffd-d6498ce448d1,2026_W23,S5023,U22493,2026-06-03 17:42:53,2026-06-03 17:57:53,Google Ads,Blue,Tablet,Edge,Windows,/offers
72e8cd21-4747-456a-bffd-d6498ce448d1,2026_W23,S5024,U25058,2026-06-02 13:23:09,2026-06-02 13:25:09,Facebook,Dog,Desktop,Safari,Windows,/offers
72e8cd21-4747-456a-bffd-d6498ce448d1,2026_W23,S5025,U26262,2026-06-02 10:24:56,2026-06-02 10:26:56,Facebook,Campaign,Tablet,Firefox,MacOS,/products
72e8cd21-4747-456a-bffd-d6498ce448d1,2026_W23,S5026,U5503,2026-06-01 21:55:07,2026-06-01 22:09:07,Facebook,Mean,Mobile,Firefox,Android,/products
72e8cd21-4747-456a-bffd-d6498ce448d1,2026_W23,S5027,U22199,2026-06-05 07:31:54,2026-06-05 07:35:54,Instagram,Nation,Mobile,Firefox,Android,/offers
72e8cd21-4747-456a-bffd-d6498ce448d1,2026_W23,S5028,U27654,2026-06-03 14:49:29,2026-06-03 15:04:29,Instagram,Suffer,Mobile,Firefox,Android,/offers
72e8cd21-4747-456a-bffd-d6498ce448d1,2026_W23,S5029,U15835,2026-06-04 00:38:11,2026-06-04 01:07:11,Organic,Work,Tablet,Chrome,Android,/products
72e8cd21-4747-456a-bffd-d6498ce448d1,2026_W23,S5030,U21293,2026-06-02 03:09:57,2026-06-02 03:47:57,Organic,These,Desktop,Edge,Windows,/products
72e8cd21-4747-456a-bffd-d6498ce448d1,2026_W23,S5031,U22304,2026-06-02 17:27:30,2026-06-02 17:46:30,Email,Born,Tablet,Edge,Windows,/home
72e8cd21-4747-456a-bffd-d6498ce448d1,2026_W23,S5032,U6219,2026-06-04 05:38:52,2026-06-04 05:49:52,Google Ads,Same,Mobile,Safari,MacOS,/home
72e8cd21-4747-456a-bffd-d6498ce448d1,2026_W23,S5033,U28138,2026-06-07 20:05:39,2026-06-07 20:33:39,Direct,Scientist,Desktop,Firefox,Android,/products
72e8cd21-4747-456a-bffd-d6498ce448d1,2026_W23,S5034,U6006,2026-06-01 22:51:38,2026-06-01 23:24:38,Facebook,Today,Mobile,Edge,Android,/products
72e8cd21-4747-456a-bffd-d6498ce448d1,2026_W23,S5035,U3001,2026-06-05 23:45:23,2026-06-06 00:05:23,Facebook,Need,Tablet,Chrome,Windows,/offers
72e8cd21-4747-456a-bffd-d6498ce448d1,2026_W23,S5036,U25743,2026-06-05 03:25:28,2026-06-05 04:05:28,Organic,Sure,Mobile,Safari,MacOS,/home
72e8cd21-4747-456a-bffd-d6498ce448d1,2026_W23,S5037,U22400,2026-06-06 23:20:07,2026-06-06 23:45:07,Google Ads,Outside,Desktop,Firefox,Windows,/offers
72e8cd21-4747-456a-bffd-d6498ce448d1,2026_W23,S5038,U29221,2026-06-02 19:36:31,2026-06-02 19:48:31,Direct,Message,Desktop,Firefox,Windows,/home
72e8cd21-4747-456a-bffd-d6498ce448d1,2026_W23,S5039,U13566,2026-06-05 17:26:50,2026-06-05 17:41:50,Google Ads,Like,Tablet,Firefox,Android,/offers
72e8cd21-4747-456a-bffd-d6498ce448d1,2026_W23,S5040,U8788,2026-06-03 23:49:06,2026-06-04 00:15:06,Facebook,Soon,Tablet,Safari,iOS,/home
72e8cd21-4747-456a-bffd-d6498ce448d1,2026_W23,S5041,U16592,2026-06-06 11:04:13,2026-06-06 11:09:13,Instagram,Happen,Desktop,Firefox,iOS,/home
72e8cd21-4747-456a-bffd-d6498ce448d1,2026_W23,S5042,U10225,2026-06-06 22:33:02,2026-06-06 22:38:02,Facebook,Trip,Desktop,Safari,MacOS,/home
72e8cd21-4747-456a-bffd-d6498ce448d1,2026_W23,S5043,U12032,2026-06-06 11:37:42,2026-06-06 12:17:42,Direct,Those,Tablet,Chrome,MacOS,/home
72e8cd21-4747-456a-bffd-d6498ce448d1,2026_W23,S5044,U5587,2026-06-04 14:33:28,2026-06-04 14:50:28,Google Ads,Difference,Desktop,Chrome,Android,/products
72e8cd21-4747-456a-bffd-d6498ce448d1,2026_W23,S5045,U33660,2026-06-06 20:29:04,2026-06-06 20:37:04,Google Ads,Prepare,Desktop,Firefox,Windows,/home
72e8cd21-4747-456a-bffd-d6498ce448d1,2026_W23,S5046,U3701,2026-06-07 04:31:43,2026-06-07 04:34:43,Direct,Side,Mobile,Edge,MacOS,/home
72e8cd21-4747-456a-bffd-d6498ce448d1,2026_W23,S5047,U10419,2026-06-04 07:53:07,2026-06-04 08:15:07,Facebook,Share,Mobile,Chrome,Android,/home
72e8cd21-4747-456a-bffd-d6498ce448d1,2026_W23,S5048,U20970,2026-06-04 13:59:55,2026-06-04 14:13:55,Google Ads,Bad,Desktop,Chrome,Android,/home
72e8cd21-4747-456a-bffd-d6498ce448d1,2026_W23,S5049,U33916,2026-06-02 17:26:33,2026-06-02 17:27:33,Google Ads,Military,Mobile,Safari,Android,/home
72e8cd21-4747-456a-bffd-d6498ce448d1,2026_W23,S5050,U2291,2026-06-04 21:49:18,2026-06-04 22:13:18,Instagram,Ago,Tablet,Safari,Windows,/home
72e8cd21-4747-456a-bffd-d6498ce448d1,2026_W23,S5051,U21864,2026-06-04 13:21:07,2026-06-04 13:43:07,Google Ads,Program,Desktop,Chrome,iOS,/offers
72e8cd21-4747-456a-bffd-d6498ce448d1,2026_W23,S5052,U24606,2026-06-02 14:57:50,2026-06-02 15:21:50,Instagram,Read,Desktop,Firefox,Android,/products
72e8cd21-4747-456a-bffd-d6498ce448d1,2026_W23,S5053,U15668,2026-06-04 21:53:16,2026-06-04 22:20:16,Email,Financial,Mobile,Edge,Windows,/offers
72e8cd21-4747-456a-bffd-d6498ce448d1,2026_W23,S5054,U18054,2026-06-04 19:09:24,2026-06-04 19:42:24,Instagram,Address,Mobile,Edge,Android,/offers
72e8cd21-4747-456a-bffd-d6498ce448d1,2026_W23,S5055,U16112,2026-06-02 17:37:26,2026-06-02 17:55:26,Direct,Organization,Desktop,Safari,iOS,/offers
72e8cd21-4747-456a-bffd-d6498ce448d1,2026_W23,S5056,U27267,2026-06-04 01:54:07,2026-06-04 02:08:07,Organic,Win,Mobile,Safari,iOS,/home
72e8cd21-4747-456a-bffd-d6498ce448d1,2026_W23,S5057,U29296,2026-06-01 21:50:00,2026-06-01 22:05:00,Google Ads,Media,Mobile,Edge,Windows,/home
72e8cd21-4747-456a-bffd-d6498ce448d1,2026_W23,S5058,U30467,2026-06-07 15:59:04,2026-06-07 16:30:04,Email,West,Mobile,Edge,iOS,/products
72e8cd21-4747-456a-bffd-d6498ce448d1,2026_W23,S5059,U3857,2026-06-02 18:13:10,2026-06-02 18:29:10,Direct,Ground,Desktop,Chrome,iOS,/products
72e8cd21-4747-456a-bffd-d6498ce448d1,2026_W23,S5060,U22538,2026-06-04 09:39:51,2026-06-04 09:42:51,Email,Moment,Tablet,Chrome,iOS,/offers
72e8cd21-4747-456a-bffd-d6498ce448d1,2026_W23,S5061,U16516,2026-06-03 03:14:24,2026-06-03 03:35:24,Google Ads,It,Tablet,Firefox,MacOS,/products
72e8cd21-4747-456a-bffd-d6498ce448d1,2026_W23,S5062,U25309,2026-06-05 13:48:02,2026-06-05 14:08:02,Direct,Well,Mobile,Safari,iOS,/offers
72e8cd21-4747-456a-bffd-d6498ce448d1,2026_W23,S5063,U20916,2026-06-07 17:39:12,2026-06-07 17:45:12,Organic,Consider,Tablet,Firefox,Windows,/home
72e8cd21-4747-456a-bffd-d6498ce448d1,2026_W23,S5064,U19506,2026-06-03 17:34:06,2026-06-03 18:02:06,Direct,Discover,Tablet,Firefox,MacOS,/products
72e8cd21-4747-456a-bffd-d6498ce448d1,2026_W23,S5065,U23861,2026-06-03 00:13:14,2026-06-03 00:42:14,Organic,Plan,Desktop,Edge,Windows,/offers
72e8cd21-4747-456a-bffd-d6498ce448d1,2026_W23,S5066,U15122,2026-06-02 14:22:05,2026-06-02 14:26:05,Facebook,Hold,Desktop,Firefox,MacOS,/products
72e8cd21-4747-456a-bffd-d6498ce448d1,2026_W23,S5067,U27169,2026-06-06 17:59:15,2026-06-06 18:06:15,Email,Economic,Mobile,Edge,Windows,/offers
72e8cd21-4747-456a-bffd-d6498ce448d1,2026_W23,S5068,U19631,2026-06-03 22:45:13,2026-06-03 22:51:13,Google Ads,Respond,Mobile,Chrome,Android,/home
72e8cd21-4747-456a-bffd-d6498ce448d1,2026_W23,S5069,U2974,2026-06-03 12:58:48,2026-06-03 13:12:48,Instagram,Agreement,Desktop,Safari,Windows,/products
72e8cd21-4747-456a-bffd-d6498ce448d1,2026_W23,S5070,U29992,2026-06-02 18:57:54,2026-06-02 19:08:54,Facebook,Home,Tablet,Safari,MacOS,/home
72e8cd21-4747-456a-bffd-d6498ce448d1,2026_W23,S5071,U2457,2026-06-03 17:22:16,2026-06-03 17:35:16,Google Ads,Soon,Tablet,Chrome,Android,/offers
72e8cd21-4747-456a-bffd-d6498ce448d1,2026_W23,S5072,U21182,2026-06-02 05:21:42,2026-06-02 05:45:42,Google Ads,Strong,Mobile,Edge,MacOS,/home
72e8cd21-4747-456a-bffd-d6498ce448d1,2026_W23,S5073,U4630,2026-06-01 21:15:01,2026-06-01 21:54:01,Direct,Expect,Mobile,Edge,Android,/home
72e8cd21-4747-456a-bffd-d6498ce448d1,2026_W23,S5074,U8583,2026-06-03 13:55:21,2026-06-03 14:17:21,Email,Push,Desktop,Firefox,Android,/offers
72e8cd21-4747-456a-bffd-d6498ce448d1,2026_W23,S5075,U28287,2026-06-05 18:17:56,2026-06-05 18:39:56,Email,Production,Desktop,Safari,Android,/products
72e8cd21-4747-456a-bffd-d6498ce448d1,2026_W23,S5076,U24950,2026-06-07 19:26:57,2026-06-07 19:38:57,Email,Until,Mobile,Chrome,iOS,/home
72e8cd21-4747-456a-bffd-d6498ce448d1,2026_W23,S5077,U15917,2026-06-05 20:20:55,2026-06-05 20:39:55,Instagram,Prepare,Mobile,Firefox,iOS,/products
72e8cd21-4747-456a-bffd-d6498ce448d1,2026_W23,S5078,U9569,2026-06-03 23:19:06,2026-06-03 23:37:06,Instagram,Build,Mobile,Chrome,iOS,/offers
72e8cd21-4747-456a-bffd-d6498ce448d1,2026_W23,S5079,U9645,2026-06-05 12:27:31,2026-06-05 13:00:31,Direct,Card,Mobile,Chrome,Android,/home
72e8cd21-4747-456a-bffd-d6498ce448d1,2026_W23,S5080,U31369,2026-06-06 12:04:23,2026-06-06 12:08:23,Email,Memory,Tablet,Safari,Windows,/offers
72e8cd21-4747-456a-bffd-d6498ce448d1,2026_W23,S5081,U12173,2026-06-06 11:25:58,2026-06-06 11:43:58,Organic,None,Tablet,Edge,Windows,/products
72e8cd21-4747-456a-bffd-d6498ce448d1,2026_W23,S5082,U5713,2026-06-06 20:08:11,2026-06-06 20:36:11,Organic,Race,Desktop,Safari,Android,/home
72e8cd21-4747-456a-bffd-d6498ce448d1,2026_W23,S5083,U8829,2026-06-04 19:37:44,2026-06-04 19:41:44,Google Ads,Else,Tablet,Chrome,MacOS,/offers
72e8cd21-4747-456a-bffd-d6498ce448d1,2026_W23,S5084,U4218,2026-06-07 11:25:56,2026-06-07 11:59:56,Google Ads,About,Mobile,Safari,MacOS,/products
72e8cd21-4747-456a-bffd-d6498ce448d1,2026_W23,S5085,U1931,2026-06-06 16:22:19,2026-06-06 16:31:19,Organic,Them,Tablet,Chrome,MacOS,/products
72e8cd21-4747-456a-bffd-d6498ce448d1,2026_W23,S5086,U31153,2026-06-05 10:42:55,2026-06-05 11:18:55,Google Ads,Last,Desktop,Chrome,Windows,/offers
72e8cd21-4747-456a-bffd-d6498ce448d1,2026_W23,S5087,U14046,2026-06-04 10:38:45,2026-06-04 10:58:45,Instagram,She,Desktop,Safari,iOS,/products
72e8cd21-4747-456a-bffd-d6498ce448d1,2026_W23,S5088,U34553,2026-06-05 13:59:30,2026-06-05 14:01:30,Google Ads,Begin,Tablet,Edge,MacOS,/offers
72e8cd21-4747-456a-bffd-d6498ce448d1,2026_W23,S5089,U10851,2026-06-05 12:53:19,2026-06-05 12:54:19,Instagram,Prevent,Mobile,Chrome,iOS,/home
72e8cd21-4747-456a-bffd-d6498ce448d1,2026_W23,S5090,U12830,2026-06-06 06:58:07,2026-06-06 07:34:07,Instagram,As,Mobile,Chrome,Android,/offers
72e8cd21-4747-456a-bffd-d6498ce448d1,2026_W23,S5091,U13277,2026-06-04 08:59:48,2026-06-04 09:24:48,Google Ads,Table,Mobile,Edge,Android,/offers
72e8cd21-4747-456a-bffd-d6498ce448d1,2026_W23,S5092,U15193,2026-06-02 20:17:04,2026-06-02 20:51:04,Instagram,Simple,Desktop,Safari,iOS,/products
72e8cd21-4747-456a-bffd-d6498ce448d1,2026_W23,S5093,U16131,2026-06-02 05:59:16,2026-06-02 06:04:16,Facebook,Should,Tablet,Chrome,MacOS,/offers
72e8cd21-4747-456a-bffd-d6498ce448d1,2026_W23,S5094,U17596,2026-06-07 00:10:16,2026-06-07 00:23:16,Instagram,Line,Mobile,Firefox,MacOS,/home
72e8cd21-4747-456a-bffd-d6498ce448d1,2026_W23,S5095,U29491,2026-06-02 22:31:26,2026-06-02 23:00:26,Facebook,Agreement,Desktop,Safari,Windows,/offers
72e8cd21-4747-456a-bffd-d6498ce448d1,2026_W23,S5096,U3794,2026-06-06 11:58:54,2026-06-06 12:11:54,Organic,Development,Desktop,Chrome,Android,/products
72e8cd21-4747-456a-bffd-d6498ce448d1,2026_W23,S5097,U22685,2026-06-07 03:01:59,2026-06-07 03:06:59,Organic,Expect,Desktop,Safari,MacOS,/home
72e8cd21-4747-456a-bffd-d6498ce448d1,2026_W23,S5098,U964,2026-06-02 04:48:24,2026-06-02 05:27:24,Organic,Brother,Tablet,Edge,MacOS,/offers
72e8cd21-4747-456a-bffd-d6498ce448d1,2026_W23,S5099,U2873,2026-06-06 17:13:50,2026-06-06 17:32:50,Organic,Impact,Tablet,Firefox,Windows,/offers
72e8cd21-4747-456a-bffd-d6498ce448d1,2026_W23,S5100,U31747,2026-06-07 04:22:04,2026-06-07 05:00:04,Google Ads,Election,Mobile,Chrome,Android,/offers
72e8cd21-4747-456a-bffd-d6498ce448d1,2026_W23,S5101,U25999,2026-06-05 05:49:14,2026-06-05 06:06:14,Organic,Store,Desktop,Firefox,MacOS,/home
72e8cd21-4747-456a-bffd-d6498ce448d1,2026_W23,S5102,U33427,2026-06-03 03:41:24,2026-06-03 03:43:24,Direct,Side,Tablet,Chrome,Android,/products
72e8cd21-4747-456a-bffd-d6498ce448d1,2026_W23,S5103,U9148,2026-06-06 16:20:28,2026-06-06 16:25:28,Google Ads,Discuss,Tablet,Firefox,MacOS,/offers
72e8cd21-4747-456a-bffd-d6498ce448d1,2026_W23,S5104,U33930,2026-06-01 21:58:25,2026-06-01 22:10:25,Organic,Itself,Mobile,Firefox,iOS,/offers
72e8cd21-4747-456a-bffd-d6498ce448d1,2026_W23,S5105,U13018,2026-06-02 05:14:52,2026-06-02 05:16:52,Facebook,Live,Mobile,Firefox,Android,/offers
72e8cd21-4747-456a-bffd-d6498ce448d1,2026_W23,S5106,U22455,2026-06-06 02:23:42,2026-06-06 03:02:42,Email,Help,Mobile,Safari,Android,/products
72e8cd21-4747-456a-bffd-d6498ce448d1,2026_W23,S5107,U11250,2026-06-02 20:22:05,2026-06-02 20:45:05,Facebook,Involve,Desktop,Firefox,Android,/products
72e8cd21-4747-456a-bffd-d6498ce448d1,2026_W23,S5108,U1105,2026-06-03 16:16:46,2026-06-03 16:27:46,Email,Including,Desktop,Safari,MacOS,/products
72e8cd21-4747-456a-bffd-d6498ce448d1,2026_W23,S5109,U19338,2026-06-04 01:38:08,2026-06-04 01:45:08,Email,Appear,Desktop,Chrome,MacOS,/products
72e8cd21-4747-456a-bffd-d6498ce448d1,2026_W23,S5110,U16425,2026-06-05 03:38:26,2026-06-05 04:05:26,Direct,East,Mobile,Firefox,Android,/home
72e8cd21-4747-456a-bffd-d6498ce448d1,2026_W23,S5111,U13812,2026-06-06 01:04:31,2026-06-06 01:31:31,Google Ads,Painting,Tablet,Chrome,Android,/home
72e8cd21-4747-456a-bffd-d6498ce448d1,2026_W23,S5112,U554,2026-06-05 13:44:27,2026-06-05 14:06:27,Organic,Major,Mobile,Safari,Android,/home
72e8cd21-4747-456a-bffd-d6498ce448d1,2026_W23,S5113,U193,2026-06-04 06:10:59,2026-06-04 06:15:59,Google Ads,Break,Desktop,Edge,MacOS,/home
72e8cd21-4747-456a-bffd-d6498ce448d1,2026_W23,S5114,U26267,2026-06-06 00:08:35,2026-06-06 00:31:35,Facebook,Piece,Mobile,Edge,Windows,/home
72e8cd21-4747-456a-bffd-d6498ce448d1,2026_W23,S5115,U4707,2026-06-05 17:31:22,2026-06-05 17:36:22,Email,Lead,Desktop,Firefox,Windows,/products
72e8cd21-4747-456a-bffd-d6498ce448d1,2026_W23,S5116,U12259,2026-06-03 16:37:18,2026-06-03 17:13:18,Organic,Turn,Desktop,Safari,iOS,/products
72e8cd21-4747-456a-bffd-d6498ce448d1,2026_W23,S5117,U28427,2026-06-06 23:21:22,2026-06-06 23:49:22,Direct,Choose,Mobile,Firefox,Android,/home
72e8cd21-4747-456a-bffd-d6498ce448d1,2026_W23,S5118,U13364,2026-06-04 21:42:57,2026-06-04 21:43:57,Organic,Interview,Mobile,Chrome,iOS,/offers
72e8cd21-4747-456a-bffd-d6498ce448d1,2026_W23,S5119,U2506,2026-06-02 19:17:03,2026-06-02 19:34:03,Email,Loss,Mobile,Edge,Windows,/home
72e8cd21-4747-456a-bffd-d6498ce448d1,2026_W23,S5120,U32010,2026-06-02 16:49:24,2026-06-02 16:50:24,Organic,Free,Desktop,Chrome,MacOS,/offers
72e8cd21-4747-456a-bffd-d6498ce448d1,2026_W23,S5121,U32727,2026-06-02 09:01:27,2026-06-02 09:35:27,Google Ads,Song,Tablet,Firefox,Windows,/offers
72e8cd21-4747-456a-bffd-d6498ce448d1,2026_W23,S5122,U16239,2026-06-03 15:00:18,2026-06-03 15:25:18,Instagram,Ready,Tablet,Firefox,MacOS,/home
72e8cd21-4747-456a-bffd-d6498ce448d1,2026_W23,S5123,U24137,2026-06-06 21:14:04,2026-06-06 21:46:04,Direct,Focus,Desktop,Edge,iOS,/products
72e8cd21-4747-456a-bffd-d6498ce448d1,2026_W23,S5124,U8425,2026-06-07 00:13:25,2026-06-07 00:18:25,Organic,With,Tablet,Edge,MacOS,/offers
72e8cd21-4747-456a-bffd-d6498ce448d1,2026_W23,S5125,U1575,2026-06-01 22:25:11,2026-06-01 22:37:11,Organic,Foot,Desktop,Edge,Windows,/offers
72e8cd21-4747-456a-bffd-d6498ce448d1,2026_W23,S5126,U3818,2026-06-02 09:23:19,2026-06-02 09:54:19,Email,Accept,Tablet,Chrome,Android,/offers
72e8cd21-4747-456a-bffd-d6498ce448d1,2026_W23,S5127,U5605,2026-06-04 12:19:24,2026-06-04 12:57:24,Facebook,Site,Desktop,Edge,MacOS,/offers
72e8cd21-4747-456a-bffd-d6498ce448d1,2026_W23,S5128,U14467,2026-06-06 23:40:46,2026-06-06 23:44:46,Organic,American,Tablet,Firefox,Android,/offers
72e8cd21-4747-456a-bffd-d6498ce448d1,2026_W23,S5129,U21819,2026-06-03 22:34:41,2026-06-03 22:49:41,Direct,Ahead,Tablet,Safari,Android,/home
72e8cd21-4747-456a-bffd-d6498ce448d1,2026_W23,S5130,U16970,2026-06-07 00:35:34,2026-06-07 01:05:34,Instagram,Better,Mobile,Edge,MacOS,/home
72e8cd21-4747-456a-bffd-d6498ce448d1,2026_W23,S5131,U30396,2026-06-06 23:40:14,2026-06-06 23:51:14,Facebook,Material,Tablet,Safari,Windows,/offers
72e8cd21-4747-456a-bffd-d6498ce448d1,2026_W23,S5132,U14907,2026-06-02 17:38:11,2026-06-02 18:11:11,Instagram,Push,Tablet,Edge,MacOS,/products
72e8cd21-4747-456a-bffd-d6498ce448d1,2026_W23,S5133,U18634,2026-06-07 05:14:38,2026-06-07 05:26:38,Facebook,Century,Mobile,Firefox,Android,/products
72e8cd21-4747-456a-bffd-d6498ce448d1,2026_W23,S5134,U15792,2026-06-04 08:14:31,2026-06-04 08:38:31,Email,Message,Desktop,Edge,Android,/offers
72e8cd21-4747-456a-bffd-d6498ce448d1,2026_W23,S5135,U25689,2026-06-06 09:43:11,2026-06-06 10:16:11,Direct,Individual,Tablet,Firefox,Windows,/products
72e8cd21-4747-456a-bffd-d6498ce448d1,2026_W23,S5136,U31316,2026-06-02 18:25:28,2026-06-02 18:40:28,Instagram,Tree,Mobile,Edge,Android,/home
72e8cd21-4747-456a-bffd-d6498ce448d1,2026_W23,S5137,U17931,2026-06-02 04:38:12,2026-06-02 05:07:12,Organic,Late,Desktop,Edge,Android,/products
72e8cd21-4747-456a-bffd-d6498ce448d1,2026_W23,S5138,U11526,2026-06-02 21:25:06,2026-06-02 21:31:06,Email,Subject,Mobile,Safari,Windows,/offers
72e8cd21-4747-456a-bffd-d6498ce448d1,2026_W23,S5139,U4314,2026-06-07 10:25:37,2026-06-07 10:59:37,Google Ads,Artist,Desktop,Chrome,Android,/products
72e8cd21-4747-456a-bffd-d6498ce448d1,2026_W23,S5140,U26567,2026-06-01 23:04:46,2026-06-01 23:27:46,Direct,Line,Tablet,Chrome,Windows,/home
72e8cd21-4747-456a-bffd-d6498ce448d1,2026_W23,S5141,U32968,2026-06-02 08:40:36,2026-06-02 09:09:36,Organic,Ball,Desktop,Firefox,iOS,/offers
72e8cd21-4747-456a-bffd-d6498ce448d1,2026_W23,S5142,U8282,2026-06-02 08:33:30,2026-06-02 09:04:30,Direct,List,Desktop,Safari,Android,/offers
72e8cd21-4747-456a-bffd-d6498ce448d1,2026_W23,S5143,U952,2026-06-06 23:52:45,2026-06-06 23:53:45,Email,Test,Tablet,Edge,Android,/home
72e8cd21-4747-456a-bffd-d6498ce448d1,2026_W23,S5144,U25145,2026-06-03 18:16:43,2026-06-03 18:45:43,Google Ads,Natural,Tablet,Chrome,Android,/products
72e8cd21-4747-456a-bffd-d6498ce448d1,2026_W23,S5145,U26868,2026-06-04 10:22:33,2026-06-04 10:28:33,Direct,Republican,Desktop,Safari,Windows,/offers
72e8cd21-4747-456a-bffd-d6498ce448d1,2026_W23,S5146,U21875,2026-06-07 02:54:18,2026-06-07 02:59:18,Facebook,Place,Desktop,Firefox,iOS,/offers
72e8cd21-4747-456a-bffd-d6498ce448d1,2026_W23,S5147,U4423,2026-06-02 22:30:36,2026-06-02 22:36:36,Instagram,Phone,Tablet,Firefox,MacOS,/home
72e8cd21-4747-456a-bffd-d6498ce448d1,2026_W23,S5148,U87,2026-06-07 06:08:35,2026-06-07 06:45:35,Facebook,Require,Tablet,Chrome,Android,/offers
72e8cd21-4747-456a-bffd-d6498ce448d1,2026_W23,S5149,U27406,2026-06-02 20:02:54,2026-06-02 20:07:54,Google Ads,Assume,Mobile,Edge,Windows,/products
72e8cd21-4747-456a-bffd-d6498ce448d1,2026_W23,S5150,U12289,2026-06-06 05:08:47,2026-06-06 05:14:47,Facebook,Benefit,Mobile,Chrome,iOS,/offers
72e8cd21-4747-456a-bffd-d6498ce448d1,2026_W23,S5151,U33642,2026-06-04 06:11:41,2026-06-04 06:47:41,Google Ads,Media,Mobile,Edge,Windows,/offers
72e8cd21-4747-456a-bffd-d6498ce448d1,2026_W23,S5152,U12891,2026-06-02 15:51:31,2026-06-02 16:26:31,Email,Rich,Mobile,Chrome,Android,/home
72e8cd21-4747-456a-bffd-d6498ce448d1,2026_W23,S5153,U17785,2026-06-06 15:17:14,2026-06-06 15:23:14,Email,Several,Mobile,Firefox,Windows,/offers
72e8cd21-4747-456a-bffd-d6498ce448d1,2026_W23,S5154,U4765,2026-06-06 13:39:05,2026-06-06 14:12:05,Organic,Blue,Desktop,Safari,Windows,/products
72e8cd21-4747-456a-bffd-d6498ce448d1,2026_W23,S5155,U33909,2026-06-07 11:08:04,2026-06-07 11:16:04,Direct,Worry,Mobile,Edge,iOS,/home
72e8cd21-4747-456a-bffd-d6498ce448d1,2026_W23,S5156,U18497,2026-06-02 17:57:12,2026-06-02 18:03:12,Facebook,Plant,Desktop,Edge,iOS,/products
72e8cd21-4747-456a-bffd-d6498ce448d1,2026_W23,S5157,U10223,2026-06-06 09:09:38,2026-06-06 09:49:38,Organic,Condition,Tablet,Edge,iOS,/home
72e8cd21-4747-456a-bffd-d6498ce448d1,2026_W23,S5158,U3318,2026-06-03 16:22:13,2026-06-03 16:54:13,Google Ads,Real,Desktop,Safari,MacOS,/home
72e8cd21-4747-456a-bffd-d6498ce448d1,2026_W23,S5159,U15571,2026-06-01 23:23:37,2026-06-01 23:52:37,Facebook,Which,Desktop,Edge,MacOS,/products
72e8cd21-4747-456a-bffd-d6498ce448d1,2026_W23,S5160,U20720,2026-06-07 00:47:09,2026-06-07 01:17:09,Organic,Common,Mobile,Chrome,iOS,/home
72e8cd21-4747-456a-bffd-d6498ce448d1,2026_W23,S5161,U33179,2026-06-05 15:41:13,2026-06-05 15:47:13,Instagram,Mean,Desktop,Safari,Windows,/offers
72e8cd21-4747-456a-bffd-d6498ce448d1,2026_W23,S5162,U28549,2026-06-05 17:06:59,2026-06-05 17:26:59,Email,Ready,Mobile,Edge,Windows,/products
72e8cd21-4747-456a-bffd-d6498ce448d1,2026_W23,S5163,U20451,2026-06-06 16:20:08,2026-06-06 16:50:08,Instagram,Gun,Mobile,Firefox,Android,/home
72e8cd21-4747-456a-bffd-d6498ce448d1,2026_W23,S5164,U34839,2026-06-02 09:45:27,2026-06-02 10:25:27,Instagram,Member,Mobile,Edge,Windows,/offers
72e8cd21-4747-456a-bffd-d6498ce448d1,2026_W23,S5165,U9198,2026-06-07 07:35:07,2026-06-07 07:40:07,Facebook,Including,Desktop,Safari,Windows,/home
72e8cd21-4747-456a-bffd-d6498ce448d1,2026_W23,S5166,U19422,2026-06-06 09:03:19,2026-06-06 09:07:19,Email,Produce,Mobile,Chrome,MacOS,/products
72e8cd21-4747-456a-bffd-d6498ce448d1,2026_W23,S5167,U6839,2026-06-02 04:19:05,2026-06-02 04:45:05,Organic,Author,Desktop,Firefox,MacOS,/products
72e8cd21-4747-456a-bffd-d6498ce448d1,2026_W23,S5168,U23084,2026-06-03 21:16:59,2026-06-03 21:45:59,Facebook,Heavy,Desktop,Safari,MacOS,/products
72e8cd21-4747-456a-bffd-d6498ce448d1,2026_W23,S5169,U30732,2026-06-06 04:41:44,2026-06-06 04:43:44,Google Ads,Discover,Desktop,Edge,Windows,/offers
72e8cd21-4747-456a-bffd-d6498ce448d1,2026_W23,S5170,U23107,2026-06-02 16:59:53,2026-06-02 17:02:53,Google Ads,Down,Mobile,Chrome,Android,/offers
72e8cd21-4747-456a-bffd-d6498ce448d1,2026_W23,S5171,U3636,2026-06-06 12:38:45,2026-06-06 13:05:45,Email,Child,Desktop,Safari,Android,/home
72e8cd21-4747-456a-bffd-d6498ce448d1,2026_W23,S5172,U30499,2026-06-04 16:18:36,2026-06-04 16:29:36,Email,Edge,Mobile,Firefox,MacOS,/home
72e8cd21-4747-456a-bffd-d6498ce448d1,2026_W23,S5173,U14408,2026-06-02 01:41:45,2026-06-02 01:56:45,Instagram,Page,Mobile,Safari,Android,/products
72e8cd21-4747-456a-bffd-d6498ce448d1,2026_W23,S5174,U24424,2026-06-02 12:53:43,2026-06-02 13:12:43,Email,Someone,Mobile,Chrome,MacOS,/offers
72e8cd21-4747-456a-bffd-d6498ce448d1,2026_W23,S5175,U18007,2026-06-05 06:54:03,2026-06-05 07:16:03,Google Ads,Thus,Mobile,Edge,Windows,/home
72e8cd21-4747-456a-bffd-d6498ce448d1,2026_W23,S5176,U16880,2026-06-06 04:42:12,2026-06-06 04:58:12,Email,Article,Mobile,Safari,MacOS,/home
72e8cd21-4747-456a-bffd-d6498ce448d1,2026_W23,S5177,U5993,2026-06-04 05:14:57,2026-06-04 05:19:57,Instagram,About,Desktop,Firefox,iOS,/offers
72e8cd21-4747-456a-bffd-d6498ce448d1,2026_W23,S5178,U498,2026-06-03 21:10:13,2026-06-03 21:37:13,Direct,Include,Tablet,Chrome,Android,/products
72e8cd21-4747-456a-bffd-d6498ce448d1,2026_W23,S5179,U26479,2026-06-03 15:18:05,2026-06-03 15:53:05,Direct,Hundred,Tablet,Firefox,Android,/products
72e8cd21-4747-456a-bffd-d6498ce448d1,2026_W23,S5180,U8365,2026-06-05 05:23:17,2026-06-05 05:40:17,Google Ads,Not,Desktop,Safari,Windows,/home
72e8cd21-4747-456a-bffd-d6498ce448d1,2026_W23,S5181,U4803,2026-06-02 22:37:17,2026-06-02 22:51:17,Organic,Inside,Tablet,Firefox,iOS,/home
72e8cd21-4747-456a-bffd-d6498ce448d1,2026_W23,S5182,U31424,2026-06-06 15:12:13,2026-06-06 15:22:13,Email,Type,Desktop,Safari,MacOS,/offers
72e8cd21-4747-456a-bffd-d6498ce448d1,2026_W23,S5183,U24859,2026-06-02 01:35:35,2026-06-02 01:40:35,Direct,See,Mobile,Chrome,Windows,/offers
72e8cd21-4747-456a-bffd-d6498ce448d1,2026_W23,S5184,U9745,2026-06-05 07:21:33,2026-06-05 07:32:33,Email,Second,Mobile,Safari,MacOS,/offers
72e8cd21-4747-456a-bffd-d6498ce448d1,2026_W23,S5185,U10402,2026-06-07 08:58:57,2026-06-07 09:11:57,Organic,Measure,Desktop,Edge,Android,/home
72e8cd21-4747-456a-bffd-d6498ce448d1,2026_W23,S5186,U4651,2026-06-07 03:26:59,2026-06-07 04:06:59,Email,Society,Tablet,Safari,Windows,/products
72e8cd21-4747-456a-bffd-d6498ce448d1,2026_W23,S5187,U8673,2026-06-03 23:42:48,2026-06-04 00:13:48,Facebook,System,Mobile,Firefox,Windows,/home
72e8cd21-4747-456a-bffd-d6498ce448d1,2026_W23,S5188,U33563,2026-06-02 01:47:52,2026-06-02 01:50:52,Instagram,Pay,Tablet,Chrome,iOS,/offers
72e8cd21-4747-456a-bffd-d6498ce448d1,2026_W23,S5189,U30556,2026-06-04 15:24:10,2026-06-04 15:30:10,Instagram,Next,Tablet,Chrome,Windows,/products
72e8cd21-4747-456a-bffd-d6498ce448d1,2026_W23,S5190,U31623,2026-06-03 20:08:39,2026-06-03 20:24:39,Facebook,Prepare,Mobile,Chrome,iOS,/home
72e8cd21-4747-456a-bffd-d6498ce448d1,2026_W23,S5191,U32202,2026-06-07 06:55:35,2026-06-07 07:30:35,Direct,Girl,Desktop,Firefox,Android,/products
72e8cd21-4747-456a-bffd-d6498ce448d1,2026_W23,S5192,U12587,2026-06-03 06:23:05,2026-06-03 07:03:05,Instagram,Specific,Mobile,Edge,Android,/offers
72e8cd21-4747-456a-bffd-d6498ce448d1,2026_W23,S5193,U34813,2026-06-01 20:41:22,2026-06-01 20:42:22,Direct,Seek,Mobile,Safari,Android,/products
72e8cd21-4747-456a-bffd-d6498ce448d1,2026_W23,S5194,U19905,2026-06-06 01:32:44,2026-06-06 01:45:44,Email,Push,Mobile,Edge,MacOS,/offers
72e8cd21-4747-456a-bffd-d6498ce448d1,2026_W23,S5195,U17457,2026-06-07 12:29:19,2026-06-07 12:52:19,Google Ads,Attack,Mobile,Edge,MacOS,/products
72e8cd21-4747-456a-bffd-d6498ce448d1,2026_W23,S5196,U27761,2026-06-04 02:48:34,2026-06-04 03:20:34,Email,May,Mobile,Firefox,Android,/home
72e8cd21-4747-456a-bffd-d6498ce448d1,2026_W23,S5197,U4011,2026-06-04 01:33:11,2026-06-04 01:51:11,Organic,My,Tablet,Chrome,MacOS,/products
72e8cd21-4747-456a-bffd-d6498ce448d1,2026_W23,S5198,U1483,2026-06-03 07:42:36,2026-06-03 07:51:36,Email,Successful,Mobile,Firefox,iOS,/home
72e8cd21-4747-456a-bffd-d6498ce448d1,2026_W23,S5199,U30643,2026-06-04 11:30:42,2026-06-04 11:31:42,Direct,Writer,Mobile,Edge,MacOS,/offers
72e8cd21-4747-456a-bffd-d6498ce448d1,2026_W23,S5200,U29904,2026-06-04 12:49:37,2026-06-04 13:22:37,Organic,Try,Tablet,Chrome,Android,/offers
72e8cd21-4747-456a-bffd-d6498ce448d1,2026_W23,S5201,U17513,2026-06-05 16:37:44,2026-06-05 17:03:44,Organic,Physical,Tablet,Firefox,iOS,/products
72e8cd21-4747-456a-bffd-d6498ce448d1,2026_W23,S5202,U28198,2026-06-06 02:50:36,2026-06-06 02:54:36,Organic,Democrat,Tablet,Chrome,MacOS,/offers
72e8cd21-4747-456a-bffd-d6498ce448d1,2026_W23,S5203,U2361,2026-06-07 13:52:10,2026-06-07 14:21:10,Email,Concern,Mobile,Chrome,iOS,/home
72e8cd21-4747-456a-bffd-d6498ce448d1,2026_W23,S5204,U14373,2026-06-06 15:12:08,2026-06-06 15:50:08,Instagram,I,Desktop,Edge,Android,/home
72e8cd21-4747-456a-bffd-d6498ce448d1,2026_W23,S5205,U6145,2026-06-05 11:25:32,2026-06-05 11:55:32,Email,West,Tablet,Edge,iOS,/home
72e8cd21-4747-456a-bffd-d6498ce448d1,2026_W23,S5206,U32496,2026-06-02 21:08:42,2026-06-02 21:48:42,Email,Beat,Mobile,Safari,iOS,/products
72e8cd21-4747-456a-bffd-d6498ce448d1,2026_W23,S5207,U1672,2026-06-07 08:06:45,2026-06-07 08:39:45,Facebook,Hour,Tablet,Chrome,Windows,/home
72e8cd21-4747-456a-bffd-d6498ce448d1,2026_W23,S5208,U7448,2026-06-01 21:19:09,2026-06-01 21:30:09,Direct,Adult,Mobile,Chrome,iOS,/home
72e8cd21-4747-456a-bffd-d6498ce448d1,2026_W23,S5209,U24591,2026-06-07 03:49:11,2026-06-07 03:54:11,Google Ads,Finish,Mobile,Firefox,iOS,/offers
72e8cd21-4747-456a-bffd-d6498ce448d1,2026_W23,S5210,U25753,2026-06-05 16:05:06,2026-06-05 16:17:06,Direct,Current,Desktop,Edge,Android,/home
72e8cd21-4747-456a-bffd-d6498ce448d1,2026_W23,S5211,U9386,2026-06-07 18:34:30,2026-06-07 19:06:30,Facebook,Down,Mobile,Safari,Windows,/home
72e8cd21-4747-456a-bffd-d6498ce448d1,2026_W23,S5212,U746,2026-06-03 00:34:14,2026-06-03 00:50:14,Facebook,Key,Tablet,Edge,iOS,/products
72e8cd21-4747-456a-bffd-d6498ce448d1,2026_W23,S5213,U10396,2026-06-02 16:10:37,2026-06-02 16:27:37,Facebook,Get,Mobile,Edge,Windows,/offers
72e8cd21-4747-456a-bffd-d6498ce448d1,2026_W23,S5214,U17288,2026-06-06 06:55:43,2026-06-06 07:31:43,Direct,Out,Mobile,Chrome,Android,/offers
72e8cd21-4747-456a-bffd-d6498ce448d1,2026_W23,S5215,U2569,2026-06-04 21:02:04,2026-06-04 21:03:04,Instagram,That,Mobile,Firefox,iOS,/products
72e8cd21-4747-456a-bffd-d6498ce448d1,2026_W23,S5216,U19604,2026-06-05 22:48:06,2026-06-05 23:24:06,Direct,Appear,Mobile,Firefox,iOS,/products
72e8cd21-4747-456a-bffd-d6498ce448d1,2026_W23,S5217,U12576,2026-06-05 13:58:03,2026-06-05 14:02:03,Instagram,Exactly,Desktop,Chrome,Android,/home
72e8cd21-4747-456a-bffd-d6498ce448d1,2026_W23,S5218,U22671,2026-06-04 15:51:41,2026-06-04 16:17:41,Direct,He,Tablet,Edge,iOS,/home
72e8cd21-4747-456a-bffd-d6498ce448d1,2026_W23,S5219,U16345,2026-06-07 13:06:39,2026-06-07 13:31:39,Email,Someone,Desktop,Edge,Android,/offers
72e8cd21-4747-456a-bffd-d6498ce448d1,2026_W23,S5220,U17926,2026-06-03 22:03:35,2026-06-03 22:22:35,Instagram,Tv,Tablet,Safari,Android,/products
72e8cd21-4747-456a-bffd-d6498ce448d1,2026_W23,S5221,U7425,2026-06-06 23:07:38,2026-06-06 23:19:38,Instagram,Brother,Mobile,Chrome,MacOS,/offers
72e8cd21-4747-456a-bffd-d6498ce448d1,2026_W23,S5222,U9279,2026-06-06 15:25:19,2026-06-06 15:37:19,Email,Decide,Mobile,Firefox,Android,/products
72e8cd21-4747-456a-bffd-d6498ce448d1,2026_W23,S5223,U19990,2026-06-05 10:08:42,2026-06-05 10:10:42,Google Ads,Movie,Mobile,Safari,Windows,/offers
72e8cd21-4747-456a-bffd-d6498ce448d1,2026_W23,S5224,U8314,2026-06-03 07:53:57,2026-06-03 08:31:57,Email,Agency,Mobile,Safari,Android,/home
72e8cd21-4747-456a-bffd-d6498ce448d1,2026_W23,S5225,U15982,2026-06-02 21:48:45,2026-06-02 22:09:45,Organic,Economy,Mobile,Edge,iOS,/home
72e8cd21-4747-456a-bffd-d6498ce448d1,2026_W23,S5226,U31385,2026-06-05 18:11:43,2026-06-05 18:21:43,Email,Structure,Desktop,Safari,Windows,/home
72e8cd21-4747-456a-bffd-d6498ce448d1,2026_W23,S5227,U28699,2026-06-03 18:23:24,2026-06-03 18:57:24,Google Ads,Sell,Tablet,Chrome,MacOS,/offers
72e8cd21-4747-456a-bffd-d6498ce448d1,2026_W23,S5228,U2737,2026-06-06 06:45:42,2026-06-06 06:54:42,Google Ads,Fish,Mobile,Firefox,Android,/home
72e8cd21-4747-456a-bffd-d6498ce448d1,2026_W23,S5229,U20605,2026-06-07 04:15:54,2026-06-07 04:38:54,Instagram,North,Tablet,Firefox,iOS,/offers
72e8cd21-4747-456a-bffd-d6498ce448d1,2026_W23,S5230,U3226,2026-06-02 01:54:30,2026-06-02 02:06:30,Instagram,Director,Mobile,Safari,iOS,/products
72e8cd21-4747-456a-bffd-d6498ce448d1,2026_W23,S5231,U8029,2026-06-06 08:39:54,2026-06-06 08:41:54,Instagram,Recognize,Mobile,Safari,Windows,/products
72e8cd21-4747-456a-bffd-d6498ce448d1,2026_W23,S5232,U21039,2026-06-04 17:59:23,2026-06-04 18:01:23,Google Ads,Others,Tablet,Edge,MacOS,/products
72e8cd21-4747-456a-bffd-d6498ce448d1,2026_W23,S5233,U28232,2026-06-03 18:47:21,2026-06-03 19:02:21,Google Ads,Friend,Mobile,Edge,Android,/offers
72e8cd21-4747-456a-bffd-d6498ce448d1,2026_W23,S5234,U28331,2026-06-02 12:54:10,2026-06-02 13:13:10,Email,Interesting,Tablet,Firefox,iOS,/home
72e8cd21-4747-456a-bffd-d6498ce448d1,2026_W23,S5235,U26232,2026-06-04 03:05:54,2026-06-04 03:17:54,Instagram,Effort,Tablet,Chrome,iOS,/offers
72e8cd21-4747-456a-bffd-d6498ce448d1,2026_W23,S5236,U23898,2026-06-06 01:31:17,2026-06-06 02:11:17,Organic,Good,Desktop,Firefox,iOS,/products
72e8cd21-4747-456a-bffd-d6498ce448d1,2026_W23,S5237,U13077,2026-06-07 02:31:08,2026-06-07 02:47:08,Facebook,Official,Tablet,Safari,MacOS,/products
72e8cd21-4747-456a-bffd-d6498ce448d1,2026_W23,S5238,U30785,2026-06-07 16:54:31,2026-06-07 17:27:31,Google Ads,Defense,Tablet,Firefox,Android,/offers
72e8cd21-4747-456a-bffd-d6498ce448d1,2026_W23,S5239,U14229,2026-06-04 00:46:05,2026-06-04 01:03:05,Email,Lose,Tablet,Firefox,Android,/offers
72e8cd21-4747-456a-bffd-d6498ce448d1,2026_W23,S5240,U19717,2026-06-04 10:28:14,2026-06-04 10:47:14,Facebook,Follow,Mobile,Chrome,Windows,/products
72e8cd21-4747-456a-bffd-d6498ce448d1,2026_W23,S5241,U31616,2026-06-03 18:55:00,2026-06-03 18:59:00,Facebook,Mother,Desktop,Firefox,iOS,/home
72e8cd21-4747-456a-bffd-d6498ce448d1,2026_W23,S5242,U18082,2026-06-03 22:04:20,2026-06-03 22:17:20,Google Ads,Treatment,Mobile,Safari,Android,/products
72e8cd21-4747-456a-bffd-d6498ce448d1,2026_W23,S5243,U27328,2026-06-05 00:16:08,2026-06-05 00:49:08,Instagram,Blue,Tablet,Chrome,Android,/offers
72e8cd21-4747-456a-bffd-d6498ce448d1,2026_W23,S5244,U7329,2026-06-05 19:13:46,2026-06-05 19:22:46,Facebook,Pm,Mobile,Safari,MacOS,/home
72e8cd21-4747-456a-bffd-d6498ce448d1,2026_W23,S5245,U25491,2026-06-03 07:29:40,2026-06-03 07:53:40,Organic,Over,Tablet,Edge,MacOS,/products
72e8cd21-4747-456a-bffd-d6498ce448d1,2026_W23,S5246,U31832,2026-06-05 01:36:02,2026-06-05 02:06:02,Instagram,Painting,Desktop,Safari,iOS,/offers
72e8cd21-4747-456a-bffd-d6498ce448d1,2026_W23,S5247,U18795,2026-06-05 03:05:15,2026-06-05 03:29:15,Google Ads,Tonight,Mobile,Firefox,iOS,/products
72e8cd21-4747-456a-bffd-d6498ce448d1,2026_W23,S5248,U27307,2026-06-02 07:56:31,2026-06-02 08:21:31,Email,Specific,Desktop,Edge,Android,/offers
72e8cd21-4747-456a-bffd-d6498ce448d1,2026_W23,S5249,U25788,2026-06-02 18:23:23,2026-06-02 18:57:23,Google Ads,Meeting,Tablet,Firefox,MacOS,/offers
72e8cd21-4747-456a-bffd-d6498ce448d1,2026_W23,S5250,U30745,2026-06-02 16:29:28,2026-06-02 16:54:28,Google Ads,Where,Tablet,Chrome,Android,/products
72e8cd21-4747-456a-bffd-d6498ce448d1,2026_W23,S5251,U17669,2026-06-05 13:23:57,2026-06-05 13:58:57,Facebook,Discussion,Tablet,Edge,Android,/offers
72e8cd21-4747-456a-bffd-d6498ce448d1,2026_W23,S5252,U11612,2026-06-03 17:08:36,2026-06-03 17:29:36,Organic,Would,Tablet,Edge,MacOS,/home
72e8cd21-4747-456a-bffd-d6498ce448d1,2026_W23,S5253,U29805,2026-06-03 03:31:13,2026-06-03 03:33:13,Facebook,Stop,Mobile,Chrome,iOS,/home
72e8cd21-4747-456a-bffd-d6498ce448d1,2026_W23,S5254,U355,2026-06-03 18:00:44,2026-06-03 18:32:44,Direct,Pick,Desktop,Edge,Android,/offers
72e8cd21-4747-456a-bffd-d6498ce448d1,2026_W23,S5255,U5098,2026-06-05 12:00:34,2026-06-05 12:10:34,Direct,To,Desktop,Chrome,iOS,/offers
72e8cd21-4747-456a-bffd-d6498ce448d1,2026_W23,S5256,U11083,2026-06-03 16:40:12,2026-06-03 16:52:12,Organic,Computer,Tablet,Chrome,Android,/home
72e8cd21-4747-456a-bffd-d6498ce448d1,2026_W23,S5257,U8337,2026-06-02 09:40:43,2026-06-02 10:08:43,Facebook,Good,Tablet,Firefox,Windows,/products
72e8cd21-4747-456a-bffd-d6498ce448d1,2026_W23,S5258,U25145,2026-06-05 10:30:02,2026-06-05 10:54:02,Organic,Scientist,Desktop,Edge,MacOS,/home
72e8cd21-4747-456a-bffd-d6498ce448d1,2026_W23,S5259,U8876,2026-06-03 01:45:14,2026-06-03 01:50:14,Email,Production,Mobile,Safari,MacOS,/home
72e8cd21-4747-456a-bffd-d6498ce448d1,2026_W23,S5260,U29751,2026-06-05 13:37:58,2026-06-05 13:40:58,Email,Operation,Tablet,Firefox,MacOS,/home
72e8cd21-4747-456a-bffd-d6498ce448d1,2026_W23,S5261,U11457,2026-06-04 04:57:57,2026-06-04 05:01:57,Facebook,Phone,Desktop,Edge,iOS,/home
72e8cd21-4747-456a-bffd-d6498ce448d1,2026_W23,S5262,U21023,2026-06-06 03:03:01,2026-06-06 03:31:01,Google Ads,Organization,Mobile,Chrome,Android,/products
72e8cd21-4747-456a-bffd-d6498ce448d1,2026_W23,S5263,U2393,2026-06-02 08:31:58,2026-06-02 08:41:58,Facebook,Daughter,Desktop,Chrome,iOS,/products
72e8cd21-4747-456a-bffd-d6498ce448d1,2026_W23,S5264,U21870,2026-06-07 07:49:59,2026-06-07 07:52:59,Email,Six,Tablet,Edge,Android,/products
72e8cd21-4747-456a-bffd-d6498ce448d1,2026_W23,S5265,U14681,2026-06-04 03:50:05,2026-06-04 04:08:05,Instagram,Relationship,Desktop,Edge,Windows,/products
72e8cd21-4747-456a-bffd-d6498ce448d1,2026_W23,S5266,U18870,2026-06-07 14:29:25,2026-06-07 15:07:25,Organic,Plant,Mobile,Safari,MacOS,/products
72e8cd21-4747-456a-bffd-d6498ce448d1,2026_W23,S5267,U7774,2026-06-04 19:38:10,2026-06-04 19:58:10,Facebook,Entire,Mobile,Chrome,MacOS,/products
72e8cd21-4747-456a-bffd-d6498ce448d1,2026_W23,S5268,U31250,2026-06-07 11:34:34,2026-06-07 11:50:34,Instagram,Reduce,Tablet,Edge,Windows,/products
72e8cd21-4747-456a-bffd-d6498ce448d1,2026_W23,S5269,U18654,2026-06-05 09:54:45,2026-06-05 10:15:45,Email,Rule,Mobile,Safari,iOS,/products
72e8cd21-4747-456a-bffd-d6498ce448d1,2026_W23,S5270,U27515,2026-06-02 13:39:12,2026-06-02 14:05:12,Facebook,Black,Tablet,Safari,Windows,/home
72e8cd21-4747-456a-bffd-d6498ce448d1,2026_W23,S5271,U3611,2026-06-03 13:38:03,2026-06-03 14:02:03,Facebook,That,Tablet,Chrome,iOS,/home
72e8cd21-4747-456a-bffd-d6498ce448d1,2026_W23,S5272,U34144,2026-06-04 19:35:40,2026-06-04 19:47:40,Facebook,Nearly,Tablet,Firefox,iOS,/products
72e8cd21-4747-456a-bffd-d6498ce448d1,2026_W23,S5273,U28688,2026-06-06 11:40:59,2026-06-06 12:18:59,Google Ads,Security,Mobile,Chrome,Windows,/offers
72e8cd21-4747-456a-bffd-d6498ce448d1,2026_W23,S5274,U33800,2026-06-07 04:00:24,2026-06-07 04:02:24,Organic,Party,Tablet,Edge,iOS,/offers
72e8cd21-4747-456a-bffd-d6498ce448d1,2026_W23,S5275,U14643,2026-06-03 04:47:48,2026-06-03 04:53:48,Organic,Yard,Tablet,Firefox,iOS,/offers
72e8cd21-4747-456a-bffd-d6498ce448d1,2026_W23,S5276,U4433,2026-06-02 06:19:11,2026-06-02 06:55:11,Google Ads,Arm,Desktop,Safari,Windows,/products
72e8cd21-4747-456a-bffd-d6498ce448d1,2026_W23,S5277,U1284,2026-06-02 15:33:23,2026-06-02 16:00:23,Direct,Daughter,Tablet,Firefox,Android,/products
72e8cd21-4747-456a-bffd-d6498ce448d1,2026_W23,S5278,U34826,2026-06-07 01:13:26,2026-06-07 01:20:26,Email,Help,Mobile,Safari,iOS,/products
72e8cd21-4747-456a-bffd-d6498ce448d1,2026_W23,S5279,U1599,2026-06-07 18:40:35,2026-06-07 18:41:35,Organic,Hot,Tablet,Chrome,MacOS,/home
72e8cd21-4747-456a-bffd-d6498ce448d1,2026_W23,S5280,U2564,2026-06-03 22:12:57,2026-06-03 22:25:57,Direct,Interesting,Mobile,Firefox,Windows,/offers
72e8cd21-4747-456a-bffd-d6498ce448d1,2026_W23,S5281,U17918,2026-06-04 13:18:39,2026-06-04 13:37:39,Direct,Tough,Desktop,Firefox,Android,/products
72e8cd21-4747-456a-bffd-d6498ce448d1,2026_W23,S5282,U3975,2026-06-02 16:54:54,2026-06-02 17:26:54,Facebook,Health,Mobile,Safari,Android,/products
72e8cd21-4747-456a-bffd-d6498ce448d1,2026_W23,S5283,U17392,2026-06-07 07:15:48,2026-06-07 07:51:48,Google Ads,Political,Tablet,Edge,MacOS,/products
72e8cd21-4747-456a-bffd-d6498ce448d1,2026_W23,S5284,U14115,2026-06-06 08:42:39,2026-06-06 08:53:39,Facebook,Plant,Mobile,Firefox,Windows,/offers
72e8cd21-4747-456a-bffd-d6498ce448d1,2026_W23,S5285,U29965,2026-06-06 01:58:36,2026-06-06 02:25:36,Facebook,Who,Desktop,Firefox,Android,/home
72e8cd21-4747-456a-bffd-d6498ce448d1,2026_W23,S5286,U17372,2026-06-06 10:33:44,2026-06-06 10:55:44,Email,Wind,Desktop,Edge,Android,/home
72e8cd21-4747-456a-bffd-d6498ce448d1,2026_W23,S5287,U3829,2026-06-06 17:14:50,2026-06-06 17:48:50,Organic,Painting,Mobile,Safari,iOS,/home
72e8cd21-4747-456a-bffd-d6498ce448d1,2026_W23,S5288,U18513,2026-06-05 16:57:06,2026-06-05 17:06:06,Google Ads,Study,Tablet,Chrome,iOS,/offers
72e8cd21-4747-456a-bffd-d6498ce448d1,2026_W23,S5289,U26217,2026-06-04 07:58:38,2026-06-04 08:07:38,Instagram,Again,Mobile,Chrome,Android,/products
72e8cd21-4747-456a-bffd-d6498ce448d1,2026_W23,S5290,U29536,2026-06-07 05:02:18,2026-06-07 05:09:18,Email,Get,Tablet,Chrome,Android,/offers
72e8cd21-4747-456a-bffd-d6498ce448d1,2026_W23,S5291,U34059,2026-06-02 19:17:41,2026-06-02 19:54:41,Facebook,Run,Desktop,Firefox,Windows,/offers
72e8cd21-4747-456a-bffd-d6498ce448d1,2026_W23,S5292,U109,2026-06-02 21:55:35,2026-06-02 22:04:35,Email,Mrs,Tablet,Safari,Android,/offers
72e8cd21-4747-456a-bffd-d6498ce448d1,2026_W23,S5293,U1960,2026-06-07 16:07:23,2026-06-07 16:46:23,Direct,Father,Desktop,Chrome,Android,/offers
72e8cd21-4747-456a-bffd-d6498ce448d1,2026_W23,S5294,U33215,2026-06-04 18:43:57,2026-06-04 19:13:57,Google Ads,Writer,Mobile,Safari,Windows,/products
72e8cd21-4747-456a-bffd-d6498ce448d1,2026_W23,S5295,U22309,2026-06-06 17:42:48,2026-06-06 18:07:48,Google Ads,Commercial,Desktop,Chrome,Android,/offers
72e8cd21-4747-456a-bffd-d6498ce448d1,2026_W23,S5296,U9656,2026-06-06 02:48:29,2026-06-06 03:08:29,Google Ads,Set,Mobile,Edge,iOS,/products
72e8cd21-4747-456a-bffd-d6498ce448d1,2026_W23,S5297,U25703,2026-06-03 19:13:59,2026-06-03 19:35:59,Google Ads,Thousand,Desktop,Safari,Windows,/offers
72e8cd21-4747-456a-bffd-d6498ce448d1,2026_W23,S5298,U12366,2026-06-07 19:30:20,2026-06-07 19:57:20,Organic,Task,Tablet,Chrome,MacOS,/products
72e8cd21-4747-456a-bffd-d6498ce448d1,2026_W23,S5299,U29995,2026-06-03 15:57:29,2026-06-03 16:27:29,Direct,Recent,Desktop,Safari,Android,/products
72e8cd21-4747-456a-bffd-d6498ce448d1,2026_W23,S5300,U23649,2026-06-02 11:42:45,2026-06-02 12:13:45,Facebook,Ten,Tablet,Chrome,MacOS,/offers
72e8cd21-4747-456a-bffd-d6498ce448d1,2026_W23,S5301,U22022,2026-06-01 20:55:43,2026-06-01 21:34:43,Email,Everything,Tablet,Firefox,MacOS,/offers
72e8cd21-4747-456a-bffd-d6498ce448d1,2026_W23,S5302,U609,2026-06-04 16:57:18,2026-06-04 17:37:18,Direct,True,Mobile,Firefox,MacOS,/home
72e8cd21-4747-456a-bffd-d6498ce448d1,2026_W23,S5303,U32871,2026-06-04 20:12:25,2026-06-04 20:30:25,Facebook,Thank,Mobile,Chrome,iOS,/home
72e8cd21-4747-456a-bffd-d6498ce448d1,2026_W23,S5304,U20253,2026-06-05 04:10:23,2026-06-05 04:21:23,Direct,Four,Mobile,Chrome,iOS,/home
72e8cd21-4747-456a-bffd-d6498ce448d1,2026_W23,S5305,U10338,2026-06-07 15:02:35,2026-06-07 15:05:35,Email,Meeting,Tablet,Chrome,MacOS,/offers
72e8cd21-4747-456a-bffd-d6498ce448d1,2026_W23,S5306,U6041,2026-06-03 19:31:15,2026-06-03 19:54:15,Facebook,Appear,Mobile,Firefox,MacOS,/offers
72e8cd21-4747-456a-bffd-d6498ce448d1,2026_W23,S5307,U7193,2026-06-07 18:05:47,2026-06-07 18:34:47,Organic,Voice,Mobile,Safari,Android,/home
72e8cd21-4747-456a-bffd-d6498ce448d1,2026_W23,S5308,U4941,2026-06-06 02:36:21,2026-06-06 03:12:21,Organic,Marriage,Mobile,Chrome,iOS,/products
72e8cd21-4747-456a-bffd-d6498ce448d1,2026_W23,S5309,U16084,2026-06-02 10:43:19,2026-06-02 11:15:19,Direct,Piece,Desktop,Firefox,MacOS,/home
72e8cd21-4747-456a-bffd-d6498ce448d1,2026_W23,S5310,U8484,2026-06-06 00:14:09,2026-06-06 00:45:09,Organic,Them,Desktop,Edge,MacOS,/offers
72e8cd21-4747-456a-bffd-d6498ce448d1,2026_W23,S5311,U20859,2026-06-06 01:31:01,2026-06-06 01:58:01,Direct,Need,Desktop,Chrome,iOS,/offers
72e8cd21-4747-456a-bffd-d6498ce448d1,2026_W23,S5312,U15875,2026-06-05 18:40:55,2026-06-05 19:00:55,Email,Full,Tablet,Chrome,Android,/home
72e8cd21-4747-456a-bffd-d6498ce448d1,2026_W23,S5313,U20333,2026-06-04 01:56:55,2026-06-04 02:12:55,Google Ads,Answer,Mobile,Safari,Android,/products
72e8cd21-4747-456a-bffd-d6498ce448d1,2026_W23,S5314,U7033,2026-06-06 20:10:23,2026-06-06 20:39:23,Facebook,Watch,Desktop,Safari,Android,/products
72e8cd21-4747-456a-bffd-d6498ce448d1,2026_W23,S5315,U15681,2026-06-04 11:35:49,2026-06-04 12:03:49,Google Ads,Kid,Tablet,Edge,Android,/offers
72e8cd21-4747-456a-bffd-d6498ce448d1,2026_W23,S5316,U33723,2026-06-03 19:53:10,2026-06-03 20:22:10,Organic,Down,Desktop,Chrome,Windows,/home
72e8cd21-4747-456a-bffd-d6498ce448d1,2026_W23,S5317,U17022,2026-06-04 01:40:58,2026-06-04 01:47:58,Instagram,Little,Mobile,Firefox,iOS,/products
72e8cd21-4747-456a-bffd-d6498ce448d1,2026_W23,S5318,U15956,2026-06-06 16:24:40,2026-06-06 16:36:40,Google Ads,Among,Tablet,Firefox,Windows,/offers
72e8cd21-4747-456a-bffd-d6498ce448d1,2026_W23,S5319,U32469,2026-06-06 03:14:44,2026-06-06 03:39:44,Organic,History,Desktop,Chrome,Android,/products
72e8cd21-4747-456a-bffd-d6498ce448d1,2026_W23,S5320,U2277,2026-06-05 00:14:39,2026-06-05 00:50:39,Facebook,View,Tablet,Firefox,Windows,/home
72e8cd21-4747-456a-bffd-d6498ce448d1,2026_W23,S5321,U13352,2026-06-05 07:34:06,2026-06-05 08:08:06,Instagram,For,Tablet,Firefox,Windows,/offers
72e8cd21-4747-456a-bffd-d6498ce448d1,2026_W23,S5322,U26209,2026-06-07 08:26:52,2026-06-07 08:31:52,Direct,Owner,Mobile,Safari,Android,/products
72e8cd21-4747-456a-bffd-d6498ce448d1,2026_W23,S5323,U29244,2026-06-07 20:14:01,2026-06-07 20:49:01,Direct,Political,Mobile,Chrome,Windows,/products
72e8cd21-4747-456a-bffd-d6498ce448d1,2026_W23,S5324,U18483,2026-06-02 13:00:34,2026-06-02 13:12:34,Organic,What,Desktop,Firefox,Android,/home
72e8cd21-4747-456a-bffd-d6498ce448d1,2026_W23,S5325,U13641,2026-06-05 21:26:36,2026-06-05 22:00:36,Direct,Example,Mobile,Safari,MacOS,/offers
72e8cd21-4747-456a-bffd-d6498ce448d1,2026_W23,S5326,U1613,2026-06-06 22:47:16,2026-06-06 23:20:16,Instagram,Today,Desktop,Edge,Windows,/products
72e8cd21-4747-456a-bffd-d6498ce448d1,2026_W23,S5327,U10965,2026-06-06 08:38:55,2026-06-06 09:06:55,Email,People,Desktop,Edge,MacOS,/offers
72e8cd21-4747-456a-bffd-d6498ce448d1,2026_W23,S5328,U22705,2026-06-05 05:37:36,2026-06-05 06:00:36,Organic,Lose,Mobile,Firefox,Android,/products
72e8cd21-4747-456a-bffd-d6498ce448d1,2026_W23,S5329,U31620,2026-06-03 02:17:59,2026-06-03 02:35:59,Email,Decade,Tablet,Firefox,MacOS,/products
72e8cd21-4747-456a-bffd-d6498ce448d1,2026_W23,S5330,U25711,2026-06-05 11:08:13,2026-06-05 11:19:13,Organic,Eye,Mobile,Safari,iOS,/offers
72e8cd21-4747-456a-bffd-d6498ce448d1,2026_W23,S5331,U14936,2026-06-02 15:50:38,2026-06-02 15:51:38,Email,Generation,Tablet,Firefox,Windows,/offers
72e8cd21-4747-456a-bffd-d6498ce448d1,2026_W23,S5332,U14479,2026-06-03 03:50:51,2026-06-03 04:11:51,Instagram,Practice,Mobile,Firefox,MacOS,/offers
72e8cd21-4747-456a-bffd-d6498ce448d1,2026_W23,S5333,U27830,2026-06-03 14:34:36,2026-06-03 14:43:36,Google Ads,Sure,Mobile,Chrome,iOS,/products
72e8cd21-4747-456a-bffd-d6498ce448d1,2026_W23,S5334,U15074,2026-06-05 01:18:37,2026-06-05 01:24:37,Google Ads,Reveal,Mobile,Edge,Windows,/products
72e8cd21-4747-456a-bffd-d6498ce448d1,2026_W23,S5335,U8548,2026-06-06 10:56:55,2026-06-06 11:02:55,Organic,Notice,Mobile,Edge,MacOS,/offers
72e8cd21-4747-456a-bffd-d6498ce448d1,2026_W23,S5336,U24906,2026-06-05 07:41:39,2026-06-05 08:01:39,Organic,Doctor,Tablet,Edge,Android,/offers
72e8cd21-4747-456a-bffd-d6498ce448d1,2026_W23,S5337,U2505,2026-06-04 00:09:28,2026-06-04 00:11:28,Organic,Poor,Desktop,Edge,MacOS,/home
72e8cd21-4747-456a-bffd-d6498ce448d1,2026_W23,S5338,U22252,2026-06-03 21:49:02,2026-06-03 22:02:02,Google Ads,Crime,Mobile,Chrome,Android,/products
72e8cd21-4747-456a-bffd-d6498ce448d1,2026_W23,S5339,U15766,2026-06-04 03:02:11,2026-06-04 03:13:11,Google Ads,Card,Desktop,Chrome,MacOS,/home
72e8cd21-4747-456a-bffd-d6498ce448d1,2026_W23,S5340,U27996,2026-06-03 16:55:18,2026-06-03 17:31:18,Direct,Reach,Desktop,Chrome,MacOS,/products
72e8cd21-4747-456a-bffd-d6498ce448d1,2026_W23,S5341,U9053,2026-06-05 13:09:11,2026-06-05 13:25:11,Direct,Social,Mobile,Safari,MacOS,/home
72e8cd21-4747-456a-bffd-d6498ce448d1,2026_W23,S5342,U10110,2026-06-05 17:19:33,2026-06-05 17:23:33,Facebook,Fact,Tablet,Firefox,Windows,/products
72e8cd21-4747-456a-bffd-d6498ce448d1,2026_W23,S5343,U30077,2026-06-07 18:32:50,2026-06-07 19:01:50,Google Ads,Site,Mobile,Edge,Android,/offers
72e8cd21-4747-456a-bffd-d6498ce448d1,2026_W23,S5344,U6962,2026-06-02 12:56:15,2026-06-02 12:57:15,Google Ads,Example,Mobile,Edge,Windows,/products
72e8cd21-4747-456a-bffd-d6498ce448d1,2026_W23,S5345,U15538,2026-06-03 14:07:44,2026-06-03 14:27:44,Facebook,Recent,Mobile,Chrome,MacOS,/products
72e8cd21-4747-456a-bffd-d6498ce448d1,2026_W23,S5346,U22311,2026-06-07 06:50:08,2026-06-07 07:25:08,Google Ads,Medical,Tablet,Firefox,Android,/products
72e8cd21-4747-456a-bffd-d6498ce448d1,2026_W23,S5347,U27921,2026-06-02 20:04:14,2026-06-02 20:38:14,Facebook,Age,Mobile,Safari,iOS,/offers
72e8cd21-4747-456a-bffd-d6498ce448d1,2026_W23,S5348,U21802,2026-06-04 18:58:36,2026-06-04 19:02:36,Organic,Reason,Tablet,Chrome,iOS,/products
72e8cd21-4747-456a-bffd-d6498ce448d1,2026_W23,S5349,U4588,2026-06-06 23:49:35,2026-06-07 00:13:35,Direct,Discover,Mobile,Edge,iOS,/products
72e8cd21-4747-456a-bffd-d6498ce448d1,2026_W23,S5350,U6034,2026-06-05 12:27:28,2026-06-05 12:56:28,Email,Rest,Mobile,Edge,iOS,/offers
72e8cd21-4747-456a-bffd-d6498ce448d1,2026_W23,S5351,U23162,2026-06-06 20:54:10,2026-06-06 20:56:10,Facebook,Order,Tablet,Chrome,MacOS,/home
72e8cd21-4747-456a-bffd-d6498ce448d1,2026_W23,S5352,U14207,2026-06-07 00:12:59,2026-06-07 00:14:59,Organic,Community,Mobile,Chrome,iOS,/home
72e8cd21-4747-456a-bffd-d6498ce448d1,2026_W23,S5353,U3131,2026-06-04 21:12:02,2026-06-04 21:35:02,Organic,Perhaps,Desktop,Edge,MacOS,/products
72e8cd21-4747-456a-bffd-d6498ce448d1,2026_W23,S5354,U3557,2026-06-04 10:18:35,2026-06-04 10:44:35,Organic,House,Mobile,Chrome,iOS,/offers
72e8cd21-4747-456a-bffd-d6498ce448d1,2026_W23,S5355,U862,2026-06-02 01:11:34,2026-06-02 01:12:34,Google Ads,Light,Desktop,Safari,Windows,/products
72e8cd21-4747-456a-bffd-d6498ce448d1,2026_W23,S5356,U34893,2026-06-07 14:39:33,2026-06-07 15:06:33,Organic,Show,Mobile,Chrome,MacOS,/offers
72e8cd21-4747-456a-bffd-d6498ce448d1,2026_W23,S5357,U12924,2026-06-06 04:08:12,2026-06-06 04:36:12,Organic,Brother,Mobile,Chrome,Windows,/offers
72e8cd21-4747-456a-bffd-d6498ce448d1,2026_W23,S5358,U22613,2026-06-07 06:52:15,2026-06-07 07:27:15,Instagram,Significant,Tablet,Safari,iOS,/offers
72e8cd21-4747-456a-bffd-d6498ce448d1,2026_W23,S5359,U15661,2026-06-06 05:32:27,2026-06-06 05:57:27,Facebook,Order,Mobile,Chrome,MacOS,/products
72e8cd21-4747-456a-bffd-d6498ce448d1,2026_W23,S5360,U15275,2026-06-03 14:04:46,2026-06-03 14:37:46,Organic,Reach,Tablet,Edge,Android,/offers
72e8cd21-4747-456a-bffd-d6498ce448d1,2026_W23,S5361,U28928,2026-06-07 12:16:34,2026-06-07 12:37:34,Facebook,Rate,Mobile,Chrome,iOS,/products
72e8cd21-4747-456a-bffd-d6498ce448d1,2026_W23,S5362,U26986,2026-06-03 01:18:05,2026-06-03 01:36:05,Google Ads,Campaign,Desktop,Safari,Windows,/offers
72e8cd21-4747-456a-bffd-d6498ce448d1,2026_W23,S5363,U31131,2026-06-07 15:55:30,2026-06-07 16:03:30,Google Ads,Picture,Mobile,Firefox,MacOS,/home
72e8cd21-4747-456a-bffd-d6498ce448d1,2026_W23,S5364,U19296,2026-06-02 21:08:06,2026-06-02 21:39:06,Facebook,Point,Mobile,Chrome,Windows,/home
72e8cd21-4747-456a-bffd-d6498ce448d1,2026_W23,S5365,U26713,2026-06-06 10:03:36,2026-06-06 10:35:36,Google Ads,Method,Tablet,Safari,Android,/home
72e8cd21-4747-456a-bffd-d6498ce448d1,2026_W23,S5366,U9876,2026-06-06 09:05:38,2026-06-06 09:34:38,Instagram,Employee,Tablet,Safari,MacOS,/offers
72e8cd21-4747-456a-bffd-d6498ce448d1,2026_W23,S5367,U8379,2026-06-02 17:11:14,2026-06-02 17:38:14,Instagram,About,Mobile,Firefox,iOS,/offers
72e8cd21-4747-456a-bffd-d6498ce448d1,2026_W23,S5368,U31180,2026-06-02 10:44:56,2026-06-02 11:21:56,Organic,Administration,Desktop,Chrome,MacOS,/products
72e8cd21-4747-456a-bffd-d6498ce448d1,2026_W23,S5369,U20513,2026-06-05 07:39:04,2026-06-05 08:02:04,Email,Treatment,Desktop,Edge,Android,/products
72e8cd21-4747-456a-bffd-d6498ce448d1,2026_W23,S5370,U3696,2026-06-05 17:26:02,2026-06-05 17:27:02,Email,To,Desktop,Chrome,Android,/products
72e8cd21-4747-456a-bffd-d6498ce448d1,2026_W23,S5371,U23298,2026-06-02 12:37:36,2026-06-02 13:05:36,Organic,Represent,Desktop,Safari,Windows,/products
72e8cd21-4747-456a-bffd-d6498ce448d1,2026_W23,S5372,U28871,2026-06-02 18:57:09,2026-06-02 18:59:09,Email,Take,Tablet,Edge,Android,/home
72e8cd21-4747-456a-bffd-d6498ce448d1,2026_W23,S5373,U29491,2026-06-02 00:54:25,2026-06-02 01:16:25,Organic,Painting,Mobile,Firefox,Windows,/offers
72e8cd21-4747-456a-bffd-d6498ce448d1,2026_W23,S5374,U14753,2026-06-07 08:31:50,2026-06-07 08:42:50,Email,Into,Tablet,Firefox,Windows,/offers
72e8cd21-4747-456a-bffd-d6498ce448d1,2026_W23,S5375,U11426,2026-06-07 16:24:15,2026-06-07 16:49:15,Google Ads,Agreement,Desktop,Safari,iOS,/home
72e8cd21-4747-456a-bffd-d6498ce448d1,2026_W23,S5376,U25362,2026-06-03 12:50:45,2026-06-03 12:55:45,Instagram,Size,Mobile,Firefox,Android,/offers
72e8cd21-4747-456a-bffd-d6498ce448d1,2026_W23,S5377,U27785,2026-06-04 21:09:30,2026-06-04 21:42:30,Organic,Democrat,Tablet,Edge,MacOS,/offers
72e8cd21-4747-456a-bffd-d6498ce448d1,2026_W23,S5378,U28407,2026-06-06 20:18:20,2026-06-06 20:56:20,Google Ads,Sign,Tablet,Firefox,Android,/offers
72e8cd21-4747-456a-bffd-d6498ce448d1,2026_W23,S5379,U23130,2026-06-07 15:52:14,2026-06-07 16:00:14,Email,Ground,Desktop,Chrome,iOS,/offers
72e8cd21-4747-456a-bffd-d6498ce448d1,2026_W23,S5380,U16025,2026-06-02 03:12:32,2026-06-02 03:47:32,Organic,Trip,Desktop,Chrome,Android,/home
72e8cd21-4747-456a-bffd-d6498ce448d1,2026_W23,S5381,U22937,2026-06-05 09:15:30,2026-06-05 09:30:30,Email,Goal,Mobile,Edge,Android,/home
72e8cd21-4747-456a-bffd-d6498ce448d1,2026_W23,S5382,U27093,2026-06-04 03:22:14,2026-06-04 03:30:14,Instagram,Size,Tablet,Edge,Android,/home
72e8cd21-4747-456a-bffd-d6498ce448d1,2026_W23,S5383,U8839,2026-06-05 11:21:56,2026-06-05 11:59:56,Direct,Compare,Mobile,Chrome,Windows,/offers
72e8cd21-4747-456a-bffd-d6498ce448d1,2026_W23,S5384,U1526,2026-06-05 19:38:59,2026-06-05 19:47:59,Email,One,Mobile,Safari,MacOS,/home
72e8cd21-4747-456a-bffd-d6498ce448d1,2026_W23,S5385,U16944,2026-06-03 13:47:07,2026-06-03 14:25:07,Direct,Official,Desktop,Chrome,Android,/offers
72e8cd21-4747-456a-bffd-d6498ce448d1,2026_W23,S5386,U32118,2026-06-02 14:21:54,2026-06-02 14:58:54,Direct,As,Desktop,Chrome,iOS,/home
72e8cd21-4747-456a-bffd-d6498ce448d1,2026_W23,S5387,U25979,2026-06-05 08:06:33,2026-06-05 08:45:33,Email,Whatever,Desktop,Firefox,iOS,/products
72e8cd21-4747-456a-bffd-d6498ce448d1,2026_W23,S5388,U33127,2026-06-03 19:18:51,2026-06-03 19:41:51,Instagram,Color,Tablet,Edge,MacOS,/offers
72e8cd21-4747-456a-bffd-d6498ce448d1,2026_W23,S5389,U20068,2026-06-01 21:48:31,2026-06-01 22:27:31,Google Ads,Argue,Tablet,Edge,Windows,/home
72e8cd21-4747-456a-bffd-d6498ce448d1,2026_W23,S5390,U20677,2026-06-02 11:20:15,2026-06-02 11:21:15,Instagram,Require,Mobile,Safari,Android,/offers
72e8cd21-4747-456a-bffd-d6498ce448d1,2026_W23,S5391,U13177,2026-06-02 10:12:40,2026-06-02 10:46:40,Facebook,Peace,Tablet,Safari,iOS,/offers
72e8cd21-4747-456a-bffd-d6498ce448d1,2026_W23,S5392,U29026,2026-06-02 09:36:36,2026-06-02 09:52:36,Direct,Professor,Mobile,Chrome,Android,/products
72e8cd21-4747-456a-bffd-d6498ce448d1,2026_W23,S5393,U6705,2026-06-05 09:37:08,2026-06-05 09:54:08,Instagram,Finish,Desktop,Firefox,Android,/offers
72e8cd21-4747-456a-bffd-d6498ce448d1,2026_W23,S5394,U10005,2026-06-06 21:24:05,2026-06-06 21:31:05,Email,Actually,Desktop,Safari,iOS,/home
72e8cd21-4747-456a-bffd-d6498ce448d1,2026_W23,S5395,U3676,2026-06-04 09:58:34,2026-06-04 10:31:34,Direct,Movement,Desktop,Chrome,Windows,/products
72e8cd21-4747-456a-bffd-d6498ce448d1,2026_W23,S5396,U1030,2026-06-03 14:53:01,2026-06-03 15:12:01,Instagram,But,Mobile,Firefox,MacOS,/offers
72e8cd21-4747-456a-bffd-d6498ce448d1,2026_W23,S5397,U23463,2026-06-07 15:24:33,2026-06-07 15:52:33,Google Ads,Affect,Mobile,Edge,Windows,/home
72e8cd21-4747-456a-bffd-d6498ce448d1,2026_W23,S5398,U8159,2026-06-03 12:53:37,2026-06-03 13:15:37,Facebook,Experience,Mobile,Safari,MacOS,/products
72e8cd21-4747-456a-bffd-d6498ce448d1,2026_W23,S5399,U16066,2026-06-05 13:04:43,2026-06-05 13:30:43,Instagram,Leg,Mobile,Edge,iOS,/home
72e8cd21-4747-456a-bffd-d6498ce448d1,2026_W23,S5400,U24988,2026-06-02 19:02:24,2026-06-02 19:28:24,Instagram,Tell,Desktop,Edge,iOS,/offers
72e8cd21-4747-456a-bffd-d6498ce448d1,2026_W23,S5401,U16700,2026-06-05 04:54:55,2026-06-05 05:24:55,Email,Rock,Desktop,Safari,Windows,/offers
72e8cd21-4747-456a-bffd-d6498ce448d1,2026_W23,S5402,U25059,2026-06-07 13:34:14,2026-06-07 13:39:14,Instagram,After,Tablet,Chrome,iOS,/products
72e8cd21-4747-456a-bffd-d6498ce448d1,2026_W23,S5403,U9164,2026-06-06 00:57:47,2026-06-06 01:00:47,Instagram,Range,Tablet,Firefox,Android,/home
72e8cd21-4747-456a-bffd-d6498ce448d1,2026_W23,S5404,U5534,2026-06-06 15:35:43,2026-06-06 15:40:43,Google Ads,Trial,Mobile,Firefox,Windows,/products
72e8cd21-4747-456a-bffd-d6498ce448d1,2026_W23,S5405,U24510,2026-06-05 21:22:25,2026-06-05 21:37:25,Facebook,Plan,Desktop,Safari,Android,/products
72e8cd21-4747-456a-bffd-d6498ce448d1,2026_W23,S5406,U16213,2026-06-07 13:26:58,2026-06-07 13:38:58,Direct,Fire,Tablet,Chrome,Windows,/offers
72e8cd21-4747-456a-bffd-d6498ce448d1,2026_W23,S5407,U19403,2026-06-03 14:47:18,2026-06-03 14:48:18,Google Ads,Eight,Desktop,Edge,iOS,/home
72e8cd21-4747-456a-bffd-d6498ce448d1,2026_W23,S5408,U23499,2026-06-06 07:39:26,2026-06-06 08:12:26,Google Ads,Bring,Tablet,Safari,iOS,/home
72e8cd21-4747-456a-bffd-d6498ce448d1,2026_W23,S5409,U8376,2026-06-02 07:49:29,2026-06-02 08:09:29,Email,Vote,Mobile,Safari,Windows,/products
72e8cd21-4747-456a-bffd-d6498ce448d1,2026_W23,S5410,U6774,2026-06-07 00:03:14,2026-06-07 00:10:14,Instagram,How,Tablet,Chrome,MacOS,/home
72e8cd21-4747-456a-bffd-d6498ce448d1,2026_W23,S5411,U2962,2026-06-03 10:17:10,2026-06-03 10:42:10,Organic,Me,Mobile,Edge,iOS,/home
72e8cd21-4747-456a-bffd-d6498ce448d1,2026_W23,S5412,U25019,2026-06-07 10:42:26,2026-06-07 11:04:26,Facebook,Already,Desktop,Chrome,MacOS,/products
72e8cd21-4747-456a-bffd-d6498ce448d1,2026_W23,S5413,U33246,2026-06-06 20:38:49,2026-06-06 21:06:49,Google Ads,Risk,Desktop,Edge,Android,/home
72e8cd21-4747-456a-bffd-d6498ce448d1,2026_W23,S5414,U31444,2026-06-05 00:51:01,2026-06-05 01:29:01,Facebook,Race,Mobile,Safari,MacOS,/home
72e8cd21-4747-456a-bffd-d6498ce448d1,2026_W23,S5415,U3190,2026-06-05 17:39:24,2026-06-05 17:52:24,Organic,Reduce,Desktop,Safari,MacOS,/home
72e8cd21-4747-456a-bffd-d6498ce448d1,2026_W23,S5416,U8008,2026-06-05 14:40:52,2026-06-05 15:01:52,Google Ads,Fast,Mobile,Edge,Android,/products
72e8cd21-4747-456a-bffd-d6498ce448d1,2026_W23,S5417,U33489,2026-06-05 23:53:14,2026-06-06 00:06:14,Organic,Real,Mobile,Firefox,MacOS,/offers
72e8cd21-4747-456a-bffd-d6498ce448d1,2026_W23,S5418,U28597,2026-06-03 12:08:09,2026-06-03 12:11:09,Facebook,Perhaps,Tablet,Safari,MacOS,/offers
72e8cd21-4747-456a-bffd-d6498ce448d1,2026_W23,S5419,U21112,2026-06-04 22:17:17,2026-06-04 22:37:17,Direct,Check,Desktop,Chrome,Windows,/products
72e8cd21-4747-456a-bffd-d6498ce448d1,2026_W23,S5420,U15066,2026-06-06 09:11:09,2026-06-06 09:23:09,Facebook,Hear,Tablet,Safari,Android,/home
72e8cd21-4747-456a-bffd-d6498ce448d1,2026_W23,S5421,U33003,2026-06-04 06:16:18,2026-06-04 06:54:18,Organic,Could,Desktop,Edge,Android,/home
72e8cd21-4747-456a-bffd-d6498ce448d1,2026_W23,S5422,U28435,2026-06-06 12:00:07,2026-06-06 12:02:07,Organic,Send,Mobile,Edge,Windows,/home
72e8cd21-4747-456a-bffd-d6498ce448d1,2026_W23,S5423,U17870,2026-06-05 05:04:51,2026-06-05 05:15:51,Direct,Position,Mobile,Chrome,Windows,/home
72e8cd21-4747-456a-bffd-d6498ce448d1,2026_W23,S5424,U20902,2026-06-04 14:37:37,2026-06-04 14:58:37,Facebook,Listen,Tablet,Chrome,iOS,/home
72e8cd21-4747-456a-bffd-d6498ce448d1,2026_W23,S5425,U18647,2026-06-06 21:12:08,2026-06-06 21:17:08,Facebook,Address,Mobile,Firefox,Windows,/products
72e8cd21-4747-456a-bffd-d6498ce448d1,2026_W23,S5426,U12379,2026-06-02 14:36:12,2026-06-02 15:16:12,Email,Particularly,Desktop,Safari,Windows,/offers
72e8cd21-4747-456a-bffd-d6498ce448d1,2026_W23,S5427,U14567,2026-06-05 22:44:20,2026-06-05 23:09:20,Facebook,House,Mobile,Edge,Windows,/home
72e8cd21-4747-456a-bffd-d6498ce448d1,2026_W23,S5428,U24462,2026-06-04 23:56:27,2026-06-05 00:31:27,Google Ads,Game,Mobile,Safari,iOS,/products
72e8cd21-4747-456a-bffd-d6498ce448d1,2026_W23,S5429,U28616,2026-06-05 05:38:48,2026-06-05 06:03:48,Organic,Alone,Desktop,Firefox,Android,/offers
72e8cd21-4747-456a-bffd-d6498ce448d1,2026_W23,S5430,U7312,2026-06-07 06:17:23,2026-06-07 06:36:23,Direct,Professional,Mobile,Edge,MacOS,/offers
72e8cd21-4747-456a-bffd-d6498ce448d1,2026_W23,S5431,U11295,2026-06-02 18:57:22,2026-06-02 19:33:22,Google Ads,Goal,Desktop,Edge,MacOS,/home
72e8cd21-4747-456a-bffd-d6498ce448d1,2026_W23,S5432,U5248,2026-06-03 20:58:49,2026-06-03 21:38:49,Organic,Hard,Desktop,Safari,MacOS,/offers
72e8cd21-4747-456a-bffd-d6498ce448d1,2026_W23,S5433,U6369,2026-06-03 17:10:41,2026-06-03 17:13:41,Email,Entire,Desktop,Edge,Android,/home
72e8cd21-4747-456a-bffd-d6498ce448d1,2026_W23,S5434,U20301,2026-06-04 21:03:04,2026-06-04 21:32:04,Email,Attention,Tablet,Firefox,Android,/home
72e8cd21-4747-456a-bffd-d6498ce448d1,2026_W23,S5435,U18077,2026-06-05 11:51:22,2026-06-05 12:09:22,Direct,Maintain,Desktop,Edge,Windows,/offers
72e8cd21-4747-456a-bffd-d6498ce448d1,2026_W23,S5436,U28353,2026-06-07 05:44:21,2026-06-07 05:47:21,Organic,Matter,Mobile,Safari,Windows,/home
72e8cd21-4747-456a-bffd-d6498ce448d1,2026_W23,S5437,U23524,2026-06-06 18:58:07,2026-06-06 19:29:07,Instagram,Boy,Desktop,Firefox,Windows,/products
72e8cd21-4747-456a-bffd-d6498ce448d1,2026_W23,S5438,U6736,2026-06-03 06:48:57,2026-06-03 07:27:57,Direct,Possible,Mobile,Firefox,iOS,/products
72e8cd21-4747-456a-bffd-d6498ce448d1,2026_W23,S5439,U16515,2026-06-04 17:40:40,2026-06-04 17:45:40,Organic,Visit,Desktop,Safari,MacOS,/offers
72e8cd21-4747-456a-bffd-d6498ce448d1,2026_W23,S5440,U30816,2026-06-07 04:50:13,2026-06-07 05:14:13,Facebook,Growth,Mobile,Chrome,Windows,/home
72e8cd21-4747-456a-bffd-d6498ce448d1,2026_W23,S5441,U5362,2026-06-06 00:06:29,2026-06-06 00:07:29,Direct,Should,Desktop,Edge,Windows,/products
72e8cd21-4747-456a-bffd-d6498ce448d1,2026_W23,S5442,U34489,2026-06-05 13:52:54,2026-06-05 14:02:54,Instagram,Expect,Tablet,Firefox,Android,/offers
72e8cd21-4747-456a-bffd-d6498ce448d1,2026_W23,S5443,U1124,2026-06-07 10:11:23,2026-06-07 10:35:23,Direct,Cell,Desktop,Safari,Windows,/products
72e8cd21-4747-456a-bffd-d6498ce448d1,2026_W23,S5444,U17452,2026-06-04 10:36:34,2026-06-04 11:01:34,Organic,Age,Tablet,Chrome,Windows,/offers
72e8cd21-4747-456a-bffd-d6498ce448d1,2026_W23,S5445,U18816,2026-06-06 09:26:03,2026-06-06 10:01:03,Instagram,Summer,Tablet,Chrome,Windows,/home
72e8cd21-4747-456a-bffd-d6498ce448d1,2026_W23,S5446,U7164,2026-06-02 20:50:41,2026-06-02 20:55:41,Facebook,Treatment,Desktop,Edge,MacOS,/products
72e8cd21-4747-456a-bffd-d6498ce448d1,2026_W23,S5447,U1036,2026-06-05 03:49:16,2026-06-05 04:07:16,Organic,Challenge,Mobile,Chrome,Android,/products
72e8cd21-4747-456a-bffd-d6498ce448d1,2026_W23,S5448,U5626,2026-06-01 22:32:45,2026-06-01 22:50:45,Google Ads,Quality,Mobile,Edge,Android,/home
72e8cd21-4747-456a-bffd-d6498ce448d1,2026_W23,S5449,U5024,2026-06-06 09:50:15,2026-06-06 09:52:15,Instagram,Group,Desktop,Chrome,Windows,/products
72e8cd21-4747-456a-bffd-d6498ce448d1,2026_W23,S5450,U6780,2026-06-03 20:50:05,2026-06-03 21:30:05,Google Ads,Air,Mobile,Edge,MacOS,/home
72e8cd21-4747-456a-bffd-d6498ce448d1,2026_W23,S5451,U9122,2026-06-02 22:00:41,2026-06-02 22:37:41,Instagram,Cell,Mobile,Chrome,iOS,/products
72e8cd21-4747-456a-bffd-d6498ce448d1,2026_W23,S5452,U5768,2026-06-07 00:48:54,2026-06-07 00:57:54,Organic,Cause,Desktop,Edge,MacOS,/home
72e8cd21-4747-456a-bffd-d6498ce448d1,2026_W23,S5453,U16677,2026-06-03 06:12:56,2026-06-03 06:46:56,Organic,Real,Mobile,Firefox,iOS,/home
72e8cd21-4747-456a-bffd-d6498ce448d1,2026_W23,S5454,U26199,2026-06-03 15:27:40,2026-06-03 15:45:40,Google Ads,Choose,Mobile,Firefox,MacOS,/offers
72e8cd21-4747-456a-bffd-d6498ce448d1,2026_W23,S5455,U2868,2026-06-03 18:34:50,2026-06-03 19:08:50,Organic,Benefit,Desktop,Chrome,iOS,/products
72e8cd21-4747-456a-bffd-d6498ce448d1,2026_W23,S5456,U6779,2026-06-06 21:37:57,2026-06-06 21:54:57,Direct,Admit,Desktop,Firefox,iOS,/products
72e8cd21-4747-456a-bffd-d6498ce448d1,2026_W23,S5457,U13004,2026-06-04 02:16:07,2026-06-04 02:32:07,Facebook,Accept,Tablet,Chrome,Windows,/offers
72e8cd21-4747-456a-bffd-d6498ce448d1,2026_W23,S5458,U30092,2026-06-02 12:49:49,2026-06-02 13:01:49,Direct,Conference,Mobile,Firefox,iOS,/home
72e8cd21-4747-456a-bffd-d6498ce448d1,2026_W23,S5459,U25492,2026-06-06 22:41:38,2026-06-06 23:12:38,Direct,Mention,Tablet,Chrome,MacOS,/home
72e8cd21-4747-456a-bffd-d6498ce448d1,2026_W23,S5460,U29081,2026-06-05 06:25:16,2026-06-05 06:56:16,Email,Order,Mobile,Safari,iOS,/home
72e8cd21-4747-456a-bffd-d6498ce448d1,2026_W23,S5461,U27592,2026-06-07 07:19:10,2026-06-07 07:49:10,Google Ads,Agreement,Mobile,Firefox,iOS,/offers
72e8cd21-4747-456a-bffd-d6498ce448d1,2026_W23,S5462,U34836,2026-06-07 03:07:51,2026-06-07 03:39:51,Email,Project,Tablet,Firefox,Windows,/home
72e8cd21-4747-456a-bffd-d6498ce448d1,2026_W23,S5463,U15184,2026-06-07 15:37:32,2026-06-07 15:40:32,Google Ads,Actually,Mobile,Safari,Android,/offers
72e8cd21-4747-456a-bffd-d6498ce448d1,2026_W23,S5464,U10609,2026-06-06 07:47:44,2026-06-06 08:10:44,Organic,News,Desktop,Firefox,Android,/home
72e8cd21-4747-456a-bffd-d6498ce448d1,2026_W23,S5465,U1445,2026-06-02 20:05:04,2026-06-02 20:21:04,Facebook,Deep,Tablet,Edge,MacOS,/products
72e8cd21-4747-456a-bffd-d6498ce448d1,2026_W23,S5466,U8981,2026-06-07 12:57:07,2026-06-07 13:23:07,Email,Win,Mobile,Firefox,iOS,/products
72e8cd21-4747-456a-bffd-d6498ce448d1,2026_W23,S5467,U4856,2026-06-04 20:27:19,2026-06-04 20:37:19,Direct,Environment,Mobile,Firefox,Android,/home
72e8cd21-4747-456a-bffd-d6498ce448d1,2026_W23,S5468,U10598,2026-06-04 06:47:00,2026-06-04 06:50:00,Direct,Must,Tablet,Safari,MacOS,/home
72e8cd21-4747-456a-bffd-d6498ce448d1,2026_W23,S5469,U1605,2026-06-07 15:06:39,2026-06-07 15:29:39,Organic,Total,Tablet,Edge,iOS,/offers
72e8cd21-4747-456a-bffd-d6498ce448d1,2026_W23,S5470,U1487,2026-06-06 09:31:53,2026-06-06 09:43:53,Email,There,Desktop,Chrome,iOS,/products
72e8cd21-4747-456a-bffd-d6498ce448d1,2026_W23,S5471,U18733,2026-06-04 13:03:31,2026-06-04 13:25:31,Google Ads,Direction,Tablet,Chrome,MacOS,/home
72e8cd21-4747-456a-bffd-d6498ce448d1,2026_W23,S5472,U16377,2026-06-07 00:56:21,2026-06-07 01:16:21,Organic,Site,Tablet,Firefox,iOS,/home
72e8cd21-4747-456a-bffd-d6498ce448d1,2026_W23,S5473,U2962,2026-06-04 09:43:39,2026-06-04 10:14:39,Instagram,Community,Desktop,Chrome,Windows,/products
72e8cd21-4747-456a-bffd-d6498ce448d1,2026_W23,S5474,U11155,2026-06-06 13:54:42,2026-06-06 14:20:42,Facebook,Often,Desktop,Firefox,Windows,/offers
72e8cd21-4747-456a-bffd-d6498ce448d1,2026_W23,S5475,U23212,2026-06-07 03:34:38,2026-06-07 03:53:38,Email,Store,Desktop,Safari,MacOS,/offers
72e8cd21-4747-456a-bffd-d6498ce448d1,2026_W23,S5476,U11129,2026-06-05 02:11:37,2026-06-05 02:18:37,Organic,Yet,Mobile,Chrome,iOS,/home
72e8cd21-4747-456a-bffd-d6498ce448d1,2026_W23,S5477,U2794,2026-06-02 13:39:39,2026-06-02 14:07:39,Facebook,Style,Tablet,Edge,Android,/offers
72e8cd21-4747-456a-bffd-d6498ce448d1,2026_W23,S5478,U27282,2026-06-01 23:05:20,2026-06-01 23:18:20,Direct,Old,Desktop,Chrome,iOS,/home
72e8cd21-4747-456a-bffd-d6498ce448d1,2026_W23,S5479,U22157,2026-06-04 02:29:04,2026-06-04 02:55:04,Google Ads,Pass,Desktop,Edge,Windows,/products
72e8cd21-4747-456a-bffd-d6498ce448d1,2026_W23,S5480,U5637,2026-06-03 19:00:29,2026-06-03 19:19:29,Instagram,Yard,Mobile,Chrome,Android,/products
72e8cd21-4747-456a-bffd-d6498ce448d1,2026_W23,S5481,U17920,2026-06-06 04:37:47,2026-06-06 05:16:47,Facebook,Trouble,Mobile,Firefox,Android,/home
72e8cd21-4747-456a-bffd-d6498ce448d1,2026_W23,S5482,U10213,2026-06-05 13:01:37,2026-06-05 13:10:37,Google Ads,Effort,Desktop,Firefox,Android,/products
72e8cd21-4747-456a-bffd-d6498ce448d1,2026_W23,S5483,U34004,2026-06-02 08:33:07,2026-06-02 08:36:07,Google Ads,Throw,Tablet,Firefox,MacOS,/home
72e8cd21-4747-456a-bffd-d6498ce448d1,2026_W23,S5484,U1431,2026-06-05 04:46:59,2026-06-05 04:54:59,Organic,Response,Desktop,Edge,MacOS,/home
72e8cd21-4747-456a-bffd-d6498ce448d1,2026_W23,S5485,U4118,2026-06-03 07:14:26,2026-06-03 07:52:26,Organic,Short,Mobile,Safari,Windows,/home
72e8cd21-4747-456a-bffd-d6498ce448d1,2026_W23,S5486,U17886,2026-06-04 16:04:01,2026-06-04 16:21:01,Google Ads,She,Tablet,Safari,iOS,/home
72e8cd21-4747-456a-bffd-d6498ce448d1,2026_W23,S5487,U9539,2026-06-04 23:43:22,2026-06-05 00:14:22,Direct,Conference,Tablet,Edge,iOS,/products
72e8cd21-4747-456a-bffd-d6498ce448d1,2026_W23,S5488,U34849,2026-06-05 00:39:56,2026-06-05 00:48:56,Organic,Admit,Tablet,Chrome,MacOS,/offers
72e8cd21-4747-456a-bffd-d6498ce448d1,2026_W23,S5489,U31907,2026-06-06 09:19:58,2026-06-06 09:41:58,Google Ads,How,Mobile,Safari,iOS,/offers
72e8cd21-4747-456a-bffd-d6498ce448d1,2026_W23,S5490,U23150,2026-06-03 16:39:18,2026-06-03 16:52:18,Google Ads,Increase,Desktop,Firefox,iOS,/offers
72e8cd21-4747-456a-bffd-d6498ce448d1,2026_W23,S5491,U7691,2026-06-04 19:54:04,2026-06-04 20:29:04,Google Ads,Amount,Desktop,Chrome,Windows,/home
72e8cd21-4747-456a-bffd-d6498ce448d1,2026_W23,S5492,U23074,2026-06-04 02:47:17,2026-06-04 03:00:17,Instagram,Big,Desktop,Edge,Android,/products
72e8cd21-4747-456a-bffd-d6498ce448d1,2026_W23,S5493,U12611,2026-06-07 18:50:39,2026-06-07 19:14:39,Organic,Floor,Desktop,Firefox,Windows,/offers
72e8cd21-4747-456a-bffd-d6498ce448d1,2026_W23,S5494,U5944,2026-06-04 22:40:14,2026-06-04 22:46:14,Organic,Despite,Mobile,Chrome,Windows,/home
72e8cd21-4747-456a-bffd-d6498ce448d1,2026_W23,S5495,U12164,2026-06-07 09:54:57,2026-06-07 10:02:57,Facebook,Bed,Tablet,Edge,iOS,/home
72e8cd21-4747-456a-bffd-d6498ce448d1,2026_W23,S5496,U34024,2026-06-05 17:52:59,2026-06-05 18:24:59,Direct,Laugh,Desktop,Chrome,Android,/home
72e8cd21-4747-456a-bffd-d6498ce448d1,2026_W23,S5497,U24065,2026-06-05 19:50:33,2026-06-05 20:03:33,Direct,During,Tablet,Safari,Android,/offers
72e8cd21-4747-456a-bffd-d6498ce448d1,2026_W23,S5498,U22881,2026-06-04 11:07:34,2026-06-04 11:16:34,Direct,You,Desktop,Firefox,Windows,/offers
72e8cd21-4747-456a-bffd-d6498ce448d1,2026_W23,S5499,U29466,2026-06-07 10:08:51,2026-06-07 10:24:51,Direct,Paper,Desktop,Safari,iOS,/home
