run_id,batch_id,order_id,user_id,product_id,order_date,quantity,unit_price,discount,shipping_cost,tax_amount,gross_revenue,net_revenue,payment_method,order_status
72e8cd21-4747-456a-bffd-d6498ce448d1,2026_W23,O63384,U31218,P16,2026-06-03 05:44:18,3,9334.87,484.56,158.03,4953.61,28004.61,27520.05,UPI,Completed
72e8cd21-4747-456a-bffd-d6498ce448d1,2026_W23,O63385,U9053,P96,2026-06-07 12:26:18,1,6736.46,734.55,65.83,1080.34,6736.46,6001.91,Debit Card,Completed
72e8cd21-4747-456a-bffd-d6498ce448d1,2026_W23,O63386,U23899,P173,2026-06-05 02:27:27,3,5411.96,2214.0,50.56,2523.94,16235.88,14021.88,Debit Card,Completed
72e8cd21-4747-456a-bffd-d6498ce448d1,2026_W23,O63387,U17424,P95,2026-06-04 01:25:50,2,8832.47,1586.34,183.13,2894.15,17664.94,16078.6,UPI,Completed
72e8cd21-4747-456a-bffd-d6498ce448d1,2026_W23,O63388,U22311,P179,2026-06-04 18:23:54,1,6023.34,743.51,195.13,950.37,6023.34,5279.83,Wallet,Completed
72e8cd21-4747-456a-bffd-d6498ce448d1,2026_W23,O63389,U2759,P165,2026-06-07 11:28:24,3,2657.45,1058.25,90.57,1244.54,7972.349999999999,6914.099999999999,Credit Card,Completed
72e8cd21-4747-456a-bffd-d6498ce448d1,2026_W23,O63390,U8459,P30,2026-06-03 16:54:11,2,10435.98,10.86,101.3,3755.0,20871.96,20861.1,Credit Card,Completed
72e8cd21-4747-456a-bffd-d6498ce448d1,2026_W23,O63391,U23269,P160,2026-06-05 11:10:07,3,3922.12,955.97,59.26,1945.87,11766.36,10810.39,UPI,Completed
72e8cd21-4747-456a-bffd-d6498ce448d1,2026_W23,O63392,U3717,P16,2026-06-06 06:14:25,4,9334.87,2944.85,64.41,6191.03,37339.48,34394.630000000005,Credit Card,Completed
72e8cd21-4747-456a-bffd-d6498ce448d1,2026_W23,O63393,U26728,P115,2026-06-05 07:03:35,2,10604.02,2353.81,84.9,3393.76,21208.04,18854.23,Debit Card,Completed
72e8cd21-4747-456a-bffd-d6498ce448d1,2026_W23,O63394,U34837,P92,2026-06-05 15:11:19,2,2278.27,95.17,122.82,803.05,4556.54,4461.37,UPI,Completed
72e8cd21-4747-456a-bffd-d6498ce448d1,2026_W23,O63395,U31758,P94,2026-06-03 03:53:50,2,7668.43,802.54,127.24,2616.18,15336.86,14534.32,Credit Card,Completed
72e8cd21-4747-456a-bffd-d6498ce448d1,2026_W23,O63396,U13507,P10,2026-06-05 19:50:15,4,6265.23,2262.74,82.03,4103.67,25060.92,22798.18,Debit Card,Completed
72e8cd21-4747-456a-bffd-d6498ce448d1,2026_W23,O63397,U9496,P194,2026-06-07 13:17:25,4,7139.77,1934.31,103.15,4792.46,28559.08,26624.77,UPI,Completed
72e8cd21-4747-456a-bffd-d6498ce448d1,2026_W23,O63398,U29818,P5,2026-06-06 15:08:15,1,9411.93,210.58,187.3,1656.24,9411.93,9201.35,Wallet,Completed
72e8cd21-4747-456a-bffd-d6498ce448d1,2026_W23,O63399,U12868,P99,2026-06-04 20:11:31,1,5923.25,801.92,198.92,921.84,5923.25,5121.33,UPI,Completed
72e8cd21-4747-456a-bffd-d6498ce448d1,2026_W23,O63400,U28688,P196,2026-06-06 20:06:34,3,9246.31,2610.92,146.68,4523.04,27738.93,25128.01,UPI,Completed
72e8cd21-4747-456a-bffd-d6498ce448d1,2026_W23,O63401,U19166,P136,2026-06-07 08:59:39,3,2987.05,330.77,95.55,1553.47,8961.150000000001,8630.380000000001,Wallet,Completed
72e8cd21-4747-456a-bffd-d6498ce448d1,2026_W23,O63402,U6094,P118,2026-06-07 07:04:31,3,1413.19,530.07,158.85,667.71,4239.57,3709.5,UPI,Completed
72e8cd21-4747-456a-bffd-d6498ce448d1,2026_W23,O63403,U3258,P88,2026-06-06 08:05:50,3,6362.48,1008.82,68.0,3254.15,19087.44,18078.62,UPI,Completed
72e8cd21-4747-456a-bffd-d6498ce448d1,2026_W23,O63404,U17589,P143,2026-06-05 02:51:24,1,1686.4,43.63,194.48,295.7,1686.4,1642.77,Debit Card,Completed
72e8cd21-4747-456a-bffd-d6498ce448d1,2026_W23,O63405,U25904,P10,2026-06-05 15:58:36,3,6265.23,2588.03,173.72,2917.38,18795.69,16207.659999999998,UPI,Completed
72e8cd21-4747-456a-bffd-d6498ce448d1,2026_W23,O63406,U8611,P27,2026-06-03 22:05:31,2,4374.27,554.2,131.3,1474.98,8748.54,8194.34,Credit Card,Completed
72e8cd21-4747-456a-bffd-d6498ce448d1,2026_W23,O63407,U32256,P22,2026-06-06 04:52:34,4,5208.88,417.64,180.68,3675.22,20835.52,20417.88,UPI,Completed
72e8cd21-4747-456a-bffd-d6498ce448d1,2026_W23,O63408,U9198,P142,2026-06-06 23:45:34,3,5009.2,724.58,192.97,2574.54,15027.6,14303.02,Debit Card,Completed
72e8cd21-4747-456a-bffd-d6498ce448d1,2026_W23,O63409,U18696,P120,2026-06-06 15:04:03,4,6088.95,1901.46,62.45,4041.78,24355.8,22454.34,Wallet,Completed
72e8cd21-4747-456a-bffd-d6498ce448d1,2026_W23,O63410,U20509,P171,2026-06-06 00:30:06,2,3668.91,653.81,187.37,1203.12,7337.82,6684.01,UPI,Completed
72e8cd21-4747-456a-bffd-d6498ce448d1,2026_W23,O63411,U25807,P155,2026-06-03 05:51:15,1,5852.84,188.28,124.9,1019.62,5852.84,5664.56,Debit Card,Completed
72e8cd21-4747-456a-bffd-d6498ce448d1,2026_W23,O63412,U24564,P7,2026-06-06 04:38:33,2,10896.56,2106.33,145.68,3543.62,21793.12,19686.79,UPI,Completed
72e8cd21-4747-456a-bffd-d6498ce448d1,2026_W23,O63413,U4515,P72,2026-06-06 14:58:35,1,7361.26,555.77,90.18,1224.99,7361.26,6805.49,UPI,Completed
72e8cd21-4747-456a-bffd-d6498ce448d1,2026_W23,O63414,U21771,P172,2026-06-06 07:32:36,2,1445.78,34.54,98.98,514.26,2891.56,2857.02,UPI,Completed
72e8cd21-4747-456a-bffd-d6498ce448d1,2026_W23,O63415,U17491,P72,2026-06-04 20:03:37,3,7361.26,1655.6,157.4,3677.07,22083.78,20428.18,Debit Card,Completed
72e8cd21-4747-456a-bffd-d6498ce448d1,2026_W23,O63416,U5018,P73,2026-06-03 05:53:43,4,2860.52,1664.99,192.72,1759.88,11442.08,9777.09,Wallet,Completed
72e8cd21-4747-456a-bffd-d6498ce448d1,2026_W23,O63417,U33569,P164,2026-06-04 14:07:10,1,7788.37,60.75,145.43,1390.97,7788.37,7727.62,Wallet,Completed
72e8cd21-4747-456a-bffd-d6498ce448d1,2026_W23,O63418,U16164,P63,2026-06-04 14:17:42,1,11400.74,483.18,154.23,1965.16,11400.74,10917.56,Credit Card,Completed
72e8cd21-4747-456a-bffd-d6498ce448d1,2026_W23,O63419,U5387,P131,2026-06-06 20:36:53,2,2872.68,360.96,99.25,969.19,5745.36,5384.4,UPI,Completed
72e8cd21-4747-456a-bffd-d6498ce448d1,2026_W23,O63420,U30998,P104,2026-06-06 03:28:25,2,5590.84,207.8,145.23,1975.3,11181.68,10973.88,UPI,Completed
72e8cd21-4747-456a-bffd-d6498ce448d1,2026_W23,O63421,U5988,P196,2026-06-07 05:03:43,4,9246.31,616.9,66.73,6546.3,36985.24,36368.34,Debit Card,Completed
72e8cd21-4747-456a-bffd-d6498ce448d1,2026_W23,O63422,U28549,P198,2026-06-03 14:38:00,2,7893.47,1370.78,93.76,2594.91,15786.94,14416.16,UPI,Completed
72e8cd21-4747-456a-bffd-d6498ce448d1,2026_W23,O63423,U13524,P119,2026-06-02 15:43:25,3,2931.16,794.76,150.02,1439.77,8793.48,7998.719999999999,Debit Card,Completed
72e8cd21-4747-456a-bffd-d6498ce448d1,2026_W23,O63424,U12285,P120,2026-06-03 11:54:45,2,6088.95,1687.7,142.98,1888.24,12177.9,10490.2,Debit Card,Completed
72e8cd21-4747-456a-bffd-d6498ce448d1,2026_W23,O63425,U18212,P105,2026-06-04 11:13:32,2,2249.83,648.02,85.03,693.3,4499.66,3851.64,UPI,Completed
72e8cd21-4747-456a-bffd-d6498ce448d1,2026_W23,O63426,U16311,P107,2026-06-02 08:25:40,4,5037.89,1140.93,124.42,3421.91,20151.56,19010.63,UPI,Completed
72e8cd21-4747-456a-bffd-d6498ce448d1,2026_W23,O63427,U29996,P137,2026-06-04 16:27:27,2,2412.96,553.96,89.67,768.95,4825.92,4271.96,UPI,Completed
72e8cd21-4747-456a-bffd-d6498ce448d1,2026_W23,O63428,U29705,P59,2026-06-03 14:43:09,1,3877.77,104.12,156.08,679.26,3877.77,3773.65,Credit Card,Completed
72e8cd21-4747-456a-bffd-d6498ce448d1,2026_W23,O63429,U21861,P18,2026-06-02 08:14:59,4,5632.45,468.98,165.86,3970.95,22529.8,22060.82,Debit Card,Completed
72e8cd21-4747-456a-bffd-d6498ce448d1,2026_W23,O63430,U24046,P161,2026-06-06 10:34:35,3,6131.78,372.49,104.67,3244.11,18395.34,18022.85,Wallet,Completed
72e8cd21-4747-456a-bffd-d6498ce448d1,2026_W23,O63431,U29751,P157,2026-06-06 20:57:35,1,6948.33,395.71,192.25,1179.47,6948.33,6552.62,Credit Card,Completed
72e8cd21-4747-456a-bffd-d6498ce448d1,2026_W23,O63432,U5065,P152,2026-06-07 02:12:33,4,3680.01,2066.55,161.48,2277.63,14720.04,12653.490000000002,Wallet,Completed
72e8cd21-4747-456a-bffd-d6498ce448d1,2026_W23,O63433,U25602,P60,2026-06-04 15:09:58,4,7906.19,1443.12,109.36,5432.7,31624.76,30181.64,Wallet,Completed
72e8cd21-4747-456a-bffd-d6498ce448d1,2026_W23,O63434,U34165,P35,2026-06-03 18:12:28,1,2889.44,44.78,98.2,512.04,2889.44,2844.66,Debit Card,Completed
72e8cd21-4747-456a-bffd-d6498ce448d1,2026_W23,O63435,U29649,P58,2026-06-03 23:57:03,2,3367.03,910.91,81.41,1048.17,6734.06,5823.150000000001,Credit Card,Completed
72e8cd21-4747-456a-bffd-d6498ce448d1,2026_W23,O63436,U10199,P98,2026-06-07 11:10:00,1,9747.59,798.02,87.38,1610.92,9747.59,8949.57,Debit Card,Completed
72e8cd21-4747-456a-bffd-d6498ce448d1,2026_W23,O63437,U7467,P169,2026-06-05 05:22:06,2,8908.51,1968.68,56.94,2852.7,17817.02,15848.34,Credit Card,Completed
72e8cd21-4747-456a-bffd-d6498ce448d1,2026_W23,O63438,U26133,P197,2026-06-01 21:53:16,1,1602.39,10.35,117.97,286.57,1602.39,1592.0400000000002,Debit Card,Completed
72e8cd21-4747-456a-bffd-d6498ce448d1,2026_W23,O63439,U6818,P138,2026-06-05 08:59:51,2,6989.52,503.74,54.83,2425.55,13979.04,13475.3,Debit Card,Completed
72e8cd21-4747-456a-bffd-d6498ce448d1,2026_W23,O63440,U2100,P176,2026-06-04 14:03:21,4,8451.7,1835.77,197.7,5754.79,33806.8,31971.03,Credit Card,Completed
72e8cd21-4747-456a-bffd-d6498ce448d1,2026_W23,O63441,U2294,P95,2026-06-05 18:50:57,1,8832.47,932.12,67.42,1422.06,8832.47,7900.349999999999,Wallet,Completed
72e8cd21-4747-456a-bffd-d6498ce448d1,2026_W23,O63442,U19862,P12,2026-06-06 06:29:04,1,5529.38,406.37,81.81,922.14,5529.38,5123.01,Debit Card,Completed
72e8cd21-4747-456a-bffd-d6498ce448d1,2026_W23,O63443,U6395,P199,2026-06-07 18:26:48,4,5324.39,305.59,182.2,3778.55,21297.56,20991.97,Debit Card,Completed
72e8cd21-4747-456a-bffd-d6498ce448d1,2026_W23,O63444,U9482,P195,2026-06-06 12:25:18,2,9936.45,1371.61,168.29,3330.23,19872.9,18501.29,Credit Card,Completed
72e8cd21-4747-456a-bffd-d6498ce448d1,2026_W23,O63445,U3445,P27,2026-06-07 04:08:57,2,4374.27,746.76,75.83,1440.32,8748.54,8001.780000000001,Wallet,Completed
72e8cd21-4747-456a-bffd-d6498ce448d1,2026_W23,O63446,U19560,P65,2026-06-01 23:22:55,4,9814.57,56.01,51.7,7056.41,39258.28,39202.27,Wallet,Completed
72e8cd21-4747-456a-bffd-d6498ce448d1,2026_W23,O63447,U4741,P168,2026-06-03 10:19:26,3,4347.14,441.44,76.55,2268.0,13041.420000000002,12599.98,Credit Card,Completed
72e8cd21-4747-456a-bffd-d6498ce448d1,2026_W23,O63448,U29742,P103,2026-06-04 02:38:33,1,4922.25,647.59,68.74,769.44,4922.25,4274.66,Wallet,Completed
72e8cd21-4747-456a-bffd-d6498ce448d1,2026_W23,O63449,U26498,P178,2026-06-02 09:54:22,2,7201.61,75.57,167.79,2578.98,14403.22,14327.65,UPI,Completed
72e8cd21-4747-456a-bffd-d6498ce448d1,2026_W23,O63450,U31953,P3,2026-06-05 17:11:56,1,6836.35,60.72,142.37,1219.61,6836.35,6775.63,Debit Card,Completed
72e8cd21-4747-456a-bffd-d6498ce448d1,2026_W23,O63451,U3578,P101,2026-06-06 03:50:49,3,10959.44,2742.38,161.74,5424.47,32878.32,30135.94,Debit Card,Completed
72e8cd21-4747-456a-bffd-d6498ce448d1,2026_W23,O63452,U7134,P20,2026-06-05 07:15:05,4,2140.8,266.85,129.85,1493.34,8563.2,8296.35,Debit Card,Completed
72e8cd21-4747-456a-bffd-d6498ce448d1,2026_W23,O63453,U23780,P161,2026-06-05 14:16:44,4,6131.78,420.3,68.21,4339.23,24527.12,24106.82,Debit Card,Completed
72e8cd21-4747-456a-bffd-d6498ce448d1,2026_W23,O63454,U5342,P133,2026-06-02 11:35:10,3,9654.47,1948.15,167.96,4862.75,28963.41,27015.259999999995,Credit Card,Completed
72e8cd21-4747-456a-bffd-d6498ce448d1,2026_W23,O63455,U8629,P163,2026-06-02 05:46:06,2,4948.62,63.09,83.37,1770.15,9897.24,9834.15,Debit Card,Completed
72e8cd21-4747-456a-bffd-d6498ce448d1,2026_W23,O63456,U17283,P97,2026-06-05 14:32:16,3,5186.28,992.55,149.41,2621.93,15558.84,14566.29,Wallet,Completed
72e8cd21-4747-456a-bffd-d6498ce448d1,2026_W23,O63457,U25510,P95,2026-06-07 06:08:14,2,8832.47,1165.18,84.54,2969.96,17664.94,16499.76,Wallet,Completed
72e8cd21-4747-456a-bffd-d6498ce448d1,2026_W23,O63458,U30259,P82,2026-06-07 10:15:35,4,4676.03,1295.02,164.68,3133.64,18704.12,17409.1,Debit Card,Completed
72e8cd21-4747-456a-bffd-d6498ce448d1,2026_W23,O63459,U29296,P35,2026-06-04 23:54:20,1,2889.44,415.87,105.94,445.24,2889.44,2473.57,Credit Card,Completed
72e8cd21-4747-456a-bffd-d6498ce448d1,2026_W23,O63460,U23414,P174,2026-06-03 22:26:22,1,8540.78,866.52,191.6,1381.37,8540.78,7674.26,Credit Card,Completed
72e8cd21-4747-456a-bffd-d6498ce448d1,2026_W23,O63461,U30896,P107,2026-06-04 13:44:10,4,5037.89,2294.13,131.65,3214.34,20151.56,17857.43,UPI,Completed
72e8cd21-4747-456a-bffd-d6498ce448d1,2026_W23,O63462,U162,P9,2026-06-07 19:21:25,4,6463.86,1999.99,101.48,4293.98,25855.44,23855.45,Debit Card,Completed
72e8cd21-4747-456a-bffd-d6498ce448d1,2026_W23,O63463,U3060,P178,2026-06-03 18:05:16,4,7201.61,1831.19,167.82,4855.54,28806.44,26975.25,Credit Card,Completed
72e8cd21-4747-456a-bffd-d6498ce448d1,2026_W23,O63464,U5101,P137,2026-06-03 12:44:46,2,2412.96,673.22,128.26,747.49,4825.92,4152.7,Credit Card,Completed
72e8cd21-4747-456a-bffd-d6498ce448d1,2026_W23,O63465,U4689,P55,2026-06-04 13:12:33,3,2495.43,734.04,123.9,1215.4,7486.289999999999,6752.249999999999,UPI,Completed
72e8cd21-4747-456a-bffd-d6498ce448d1,2026_W23,O63466,U1456,P200,2026-06-07 18:03:30,2,2159.6,428.68,123.57,700.29,4319.2,3890.52,Credit Card,Completed
72e8cd21-4747-456a-bffd-d6498ce448d1,2026_W23,O63467,U5881,P140,2026-06-07 19:45:02,1,4036.99,386.06,65.89,657.17,4036.99,3650.93,Credit Card,Completed
72e8cd21-4747-456a-bffd-d6498ce448d1,2026_W23,O63468,U4447,P12,2026-06-06 21:16:32,4,5529.38,134.52,127.44,3956.94,22117.52,21983.0,Debit Card,Completed
72e8cd21-4747-456a-bffd-d6498ce448d1,2026_W23,O63469,U28699,P111,2026-06-03 22:58:45,4,2233.14,992.63,76.51,1429.19,8932.56,7939.929999999999,Credit Card,Completed
72e8cd21-4747-456a-bffd-d6498ce448d1,2026_W23,O63470,U11673,P178,2026-06-02 05:36:26,3,7201.61,2789.85,156.25,3386.7,21604.83,18814.98,Wallet,Completed
72e8cd21-4747-456a-bffd-d6498ce448d1,2026_W23,O63471,U2157,P50,2026-06-06 16:56:10,2,2577.38,702.67,98.44,801.38,5154.76,4452.09,Credit Card,Completed
72e8cd21-4747-456a-bffd-d6498ce448d1,2026_W23,O63472,U29212,P44,2026-06-04 00:22:00,2,3831.53,334.45,112.6,1319.15,7663.06,7328.610000000001,Credit Card,Completed
72e8cd21-4747-456a-bffd-d6498ce448d1,2026_W23,O63473,U24747,P157,2026-06-02 23:54:28,1,6948.33,888.52,186.37,1090.77,6948.33,6059.81,Wallet,Completed
72e8cd21-4747-456a-bffd-d6498ce448d1,2026_W23,O63474,U28331,P62,2026-06-02 19:20:55,2,10625.67,3113.32,129.13,3264.84,21251.34,18138.02,Debit Card,Completed
72e8cd21-4747-456a-bffd-d6498ce448d1,2026_W23,O63475,U23649,P157,2026-06-03 11:31:37,2,6948.33,664.06,67.75,2381.87,13896.66,13232.6,Wallet,Completed
72e8cd21-4747-456a-bffd-d6498ce448d1,2026_W23,O63476,U23734,P132,2026-06-04 11:13:17,4,4280.82,1323.92,142.88,2843.88,17123.28,15799.36,Wallet,Completed
72e8cd21-4747-456a-bffd-d6498ce448d1,2026_W23,O63477,U26332,P167,2026-06-06 12:38:29,1,10191.01,278.05,87.08,1784.33,10191.01,9912.96,UPI,Completed
72e8cd21-4747-456a-bffd-d6498ce448d1,2026_W23,O63478,U19824,P177,2026-06-02 04:48:23,2,6111.68,1317.88,187.37,1962.99,12223.36,10905.48,UPI,Completed
72e8cd21-4747-456a-bffd-d6498ce448d1,2026_W23,O63479,U15793,P49,2026-06-02 01:39:17,2,4491.12,464.09,103.6,1533.27,8982.24,8518.15,Wallet,Completed
72e8cd21-4747-456a-bffd-d6498ce448d1,2026_W23,O63480,U3258,P138,2026-06-06 01:56:16,4,6989.52,3525.97,84.52,4397.78,27958.08,24432.11,Wallet,Completed
72e8cd21-4747-456a-bffd-d6498ce448d1,2026_W23,O63481,U6099,P48,2026-06-07 18:03:10,2,4680.1,1050.6,92.69,1495.73,9360.2,8309.6,UPI,Completed
72e8cd21-4747-456a-bffd-d6498ce448d1,2026_W23,O63482,U160,P50,2026-06-07 11:17:25,3,2577.38,197.99,177.38,1356.15,7732.14,7534.150000000001,UPI,Completed
72e8cd21-4747-456a-bffd-d6498ce448d1,2026_W23,O63483,U10063,P7,2026-06-06 12:34:06,1,10896.56,556.7,101.41,1861.17,10896.56,10339.86,UPI,Completed
72e8cd21-4747-456a-bffd-d6498ce448d1,2026_W23,O63484,U30782,P136,2026-06-03 13:53:55,4,2987.05,195.25,193.88,2115.53,11948.2,11752.95,Credit Card,Completed
72e8cd21-4747-456a-bffd-d6498ce448d1,2026_W23,O63485,U33179,P13,2026-06-02 16:25:12,3,7537.32,1243.22,136.85,3846.37,22611.96,21368.74,Credit Card,Completed
72e8cd21-4747-456a-bffd-d6498ce448d1,2026_W23,O63486,U25388,P61,2026-06-06 03:34:33,4,7274.63,2748.26,188.35,4743.05,29098.52,26350.26,UPI,Completed
72e8cd21-4747-456a-bffd-d6498ce448d1,2026_W23,O63487,U6916,P78,2026-06-06 03:14:32,3,3006.64,979.93,194.35,1447.2,9019.92,8039.99,Debit Card,Completed
72e8cd21-4747-456a-bffd-d6498ce448d1,2026_W23,O63488,U26749,P58,2026-06-01 23:23:07,3,3367.03,1093.69,87.86,1621.33,10101.09,9007.4,Debit Card,Completed
72e8cd21-4747-456a-bffd-d6498ce448d1,2026_W23,O63489,U12640,P167,2026-06-04 23:54:35,4,10191.01,3821.82,148.7,6649.6,40764.04,36942.22,Credit Card,Completed
72e8cd21-4747-456a-bffd-d6498ce448d1,2026_W23,O63490,U23298,P61,2026-06-04 14:55:20,1,7274.63,660.59,52.72,1190.53,7274.63,6614.04,Wallet,Completed
72e8cd21-4747-456a-bffd-d6498ce448d1,2026_W23,O63491,U816,P56,2026-06-06 13:07:02,4,9007.41,2020.05,83.59,6121.73,36029.64,34009.59,Wallet,Completed
72e8cd21-4747-456a-bffd-d6498ce448d1,2026_W23,O63492,U16430,P87,2026-06-03 11:43:20,2,2857.28,83.25,143.0,1013.64,5714.56,5631.31,Credit Card,Completed
72e8cd21-4747-456a-bffd-d6498ce448d1,2026_W23,O63493,U5248,P134,2026-06-04 13:11:36,1,2662.06,59.08,162.63,468.54,2662.06,2602.98,Wallet,Completed
72e8cd21-4747-456a-bffd-d6498ce448d1,2026_W23,O63494,U16561,P136,2026-06-06 18:02:21,2,2987.05,253.46,147.51,1029.72,5974.1,5720.64,Debit Card,Completed
72e8cd21-4747-456a-bffd-d6498ce448d1,2026_W23,O63495,U12306,P175,2026-06-06 17:40:10,3,6623.37,2349.21,56.76,3153.76,19870.11,17520.9,Credit Card,Completed
72e8cd21-4747-456a-bffd-d6498ce448d1,2026_W23,O63496,U7179,P89,2026-06-05 05:02:23,4,9725.61,4989.04,157.61,6104.41,38902.44,33913.4,Credit Card,Completed
72e8cd21-4747-456a-bffd-d6498ce448d1,2026_W23,O63497,U34700,P170,2026-06-05 19:57:11,1,9183.37,511.95,190.97,1560.86,9183.37,8671.42,Credit Card,Completed
72e8cd21-4747-456a-bffd-d6498ce448d1,2026_W23,O63498,U33872,P105,2026-06-07 10:20:54,1,2249.83,245.23,89.44,360.83,2249.83,2004.6,Debit Card,Completed
72e8cd21-4747-456a-bffd-d6498ce448d1,2026_W23,O63499,U4511,P178,2026-06-06 05:18:08,4,7201.61,887.74,92.72,5025.37,28806.44,27918.7,Debit Card,Completed
72e8cd21-4747-456a-bffd-d6498ce448d1,2026_W23,O63500,U8028,P108,2026-06-03 00:12:05,3,3076.73,1178.4,199.73,1449.32,9230.19,8051.790000000001,Debit Card,Completed
72e8cd21-4747-456a-bffd-d6498ce448d1,2026_W23,O63501,U5860,P196,2026-06-03 17:46:08,4,9246.31,2995.14,174.41,6118.22,36985.24,33990.1,UPI,Completed
72e8cd21-4747-456a-bffd-d6498ce448d1,2026_W23,O63502,U29904,P188,2026-06-05 07:51:53,1,3474.24,452.31,185.87,543.95,3474.24,3021.93,UPI,Completed
72e8cd21-4747-456a-bffd-d6498ce448d1,2026_W23,O63503,U19773,P36,2026-06-02 19:34:51,4,5080.52,1004.11,95.55,3477.23,20322.08,19317.97,UPI,Completed
72e8cd21-4747-456a-bffd-d6498ce448d1,2026_W23,O63504,U18077,P157,2026-06-04 07:59:25,4,6948.33,3694.73,99.92,4337.75,27793.32,24098.59,Credit Card,Completed
72e8cd21-4747-456a-bffd-d6498ce448d1,2026_W23,O63505,U17558,P45,2026-06-05 04:47:17,1,10226.58,1269.63,99.29,1612.25,10226.58,8956.95,UPI,Completed
72e8cd21-4747-456a-bffd-d6498ce448d1,2026_W23,O63506,U31292,P179,2026-06-02 14:26:40,4,6023.34,1395.46,148.55,4085.62,24093.36,22697.9,UPI,Completed
72e8cd21-4747-456a-bffd-d6498ce448d1,2026_W23,O63507,U25848,P94,2026-06-04 17:29:26,1,7668.43,400.51,137.97,1308.23,7668.43,7267.92,Debit Card,Completed
72e8cd21-4747-456a-bffd-d6498ce448d1,2026_W23,O63508,U17554,P115,2026-06-04 17:17:46,4,10604.02,598.47,164.85,7527.17,42416.08,41817.61,Credit Card,Completed
72e8cd21-4747-456a-bffd-d6498ce448d1,2026_W23,O63509,U5410,P156,2026-06-06 02:23:50,1,7497.11,49.77,76.98,1340.52,7497.11,7447.339999999999,Debit Card,Completed
72e8cd21-4747-456a-bffd-d6498ce448d1,2026_W23,O63510,U629,P156,2026-06-06 17:58:04,1,7497.11,205.92,130.53,1312.41,7497.11,7291.19,Wallet,Completed
72e8cd21-4747-456a-bffd-d6498ce448d1,2026_W23,O63511,U2866,P189,2026-06-02 00:35:41,3,3755.21,512.93,81.21,1935.49,11265.63,10752.7,Wallet,Completed
72e8cd21-4747-456a-bffd-d6498ce448d1,2026_W23,O63512,U33820,P45,2026-06-05 18:35:46,2,10226.58,2302.87,147.03,3267.05,20453.16,18150.29,Debit Card,Completed
72e8cd21-4747-456a-bffd-d6498ce448d1,2026_W23,O63513,U32917,P95,2026-06-04 01:18:58,4,8832.47,1004.27,70.1,6178.61,35329.88,34325.61,Debit Card,Completed
72e8cd21-4747-456a-bffd-d6498ce448d1,2026_W23,O63514,U12934,P183,2026-06-05 00:47:41,3,5821.34,2153.54,105.85,2755.89,17464.02,15310.48,Credit Card,Completed
72e8cd21-4747-456a-bffd-d6498ce448d1,2026_W23,O63515,U10577,P91,2026-06-07 12:03:34,3,4770.75,1443.43,66.49,2316.39,14312.25,12868.82,Debit Card,Completed
72e8cd21-4747-456a-bffd-d6498ce448d1,2026_W23,O63516,U318,P174,2026-06-05 19:14:03,3,8540.78,3387.1,118.52,4002.34,25622.340000000004,22235.240000000005,Debit Card,Completed
72e8cd21-4747-456a-bffd-d6498ce448d1,2026_W23,O63517,U18409,P26,2026-06-03 02:55:22,2,6921.53,549.15,86.0,2392.9,13843.06,13293.91,UPI,Completed
72e8cd21-4747-456a-bffd-d6498ce448d1,2026_W23,O63518,U8758,P103,2026-06-02 03:35:53,3,4922.25,357.36,117.66,2593.69,14766.75,14409.39,Wallet,Completed
72e8cd21-4747-456a-bffd-d6498ce448d1,2026_W23,O63519,U8331,P184,2026-06-02 13:57:08,4,2050.2,358.36,122.52,1411.64,8200.8,7842.44,Wallet,Completed
72e8cd21-4747-456a-bffd-d6498ce448d1,2026_W23,O63520,U26558,P66,2026-06-07 00:38:39,3,5068.12,1483.45,53.62,2469.76,15204.36,13720.91,Credit Card,Completed
72e8cd21-4747-456a-bffd-d6498ce448d1,2026_W23,O63521,U33386,P15,2026-06-03 21:12:20,1,1828.72,183.44,192.44,296.15,1828.72,1645.28,UPI,Completed
72e8cd21-4747-456a-bffd-d6498ce448d1,2026_W23,O63522,U11165,P70,2026-06-05 12:23:49,4,10058.46,4119.4,173.95,6500.6,40233.84,36114.44,UPI,Completed
72e8cd21-4747-456a-bffd-d6498ce448d1,2026_W23,O63523,U32126,P32,2026-06-07 02:33:37,4,1891.54,1048.81,69.43,1173.12,7566.16,6517.35,Debit Card,Completed
72e8cd21-4747-456a-bffd-d6498ce448d1,2026_W23,O63524,U26145,P88,2026-06-03 01:38:12,3,6362.48,992.93,152.66,3257.01,19087.44,18094.51,Credit Card,Completed
72e8cd21-4747-456a-bffd-d6498ce448d1,2026_W23,O63525,U5389,P38,2026-06-04 19:13:30,2,9269.67,2661.22,137.92,2858.06,18539.34,15878.12,UPI,Completed
72e8cd21-4747-456a-bffd-d6498ce448d1,2026_W23,O63526,U5233,P15,2026-06-02 09:35:34,4,1828.72,1090.83,113.27,1120.33,7314.88,6224.05,UPI,Completed
72e8cd21-4747-456a-bffd-d6498ce448d1,2026_W23,O63527,U13120,P87,2026-06-04 05:44:22,2,2857.28,651.7,113.16,911.31,5714.56,5062.860000000001,Debit Card,Completed
72e8cd21-4747-456a-bffd-d6498ce448d1,2026_W23,O63528,U24197,P105,2026-06-03 03:20:38,1,2249.83,225.05,90.68,364.46,2249.83,2024.78,UPI,Completed
72e8cd21-4747-456a-bffd-d6498ce448d1,2026_W23,O63529,U30730,P118,2026-06-06 18:14:24,1,1413.19,192.57,100.69,219.71,1413.19,1220.62,Debit Card,Completed
72e8cd21-4747-456a-bffd-d6498ce448d1,2026_W23,O63530,U26845,P186,2026-06-02 18:16:49,3,7703.95,621.47,59.71,4048.27,23111.85,22490.38,Wallet,Completed
72e8cd21-4747-456a-bffd-d6498ce448d1,2026_W23,O63531,U14222,P14,2026-06-03 14:50:20,3,7736.91,2685.88,151.15,3694.47,23210.73,20524.85,UPI,Completed
72e8cd21-4747-456a-bffd-d6498ce448d1,2026_W23,O63532,U29117,P175,2026-06-02 17:22:43,1,6623.37,35.47,148.29,1185.82,6623.37,6587.9,Wallet,Completed
72e8cd21-4747-456a-bffd-d6498ce448d1,2026_W23,O63533,U2772,P94,2026-06-07 03:02:22,1,7668.43,556.85,143.49,1280.08,7668.43,7111.58,Debit Card,Completed
72e8cd21-4747-456a-bffd-d6498ce448d1,2026_W23,O63534,U14134,P133,2026-06-02 20:58:30,1,9654.47,1237.47,119.41,1515.06,9654.47,8417.0,Debit Card,Completed
72e8cd21-4747-456a-bffd-d6498ce448d1,2026_W23,O63535,U28688,P124,2026-06-01 23:04:27,2,3516.67,241.11,106.13,1222.6,7033.34,6792.2300000000005,Credit Card,Completed
72e8cd21-4747-456a-bffd-d6498ce448d1,2026_W23,O63536,U30864,P138,2026-06-02 20:45:47,1,6989.52,264.74,76.14,1210.46,6989.52,6724.780000000001,Wallet,Completed
72e8cd21-4747-456a-bffd-d6498ce448d1,2026_W23,O63537,U3611,P77,2026-06-06 23:21:23,3,2460.76,314.51,74.36,1272.2,7382.280000000001,7067.77,Credit Card,Completed
72e8cd21-4747-456a-bffd-d6498ce448d1,2026_W23,O63538,U25920,P87,2026-06-03 02:56:55,3,2857.28,1081.35,198.94,1348.29,8571.84,7490.49,Wallet,Completed
72e8cd21-4747-456a-bffd-d6498ce448d1,2026_W23,O63539,U29189,P104,2026-06-02 14:47:43,1,5590.84,443.88,67.12,926.45,5590.84,5146.96,Credit Card,Completed
72e8cd21-4747-456a-bffd-d6498ce448d1,2026_W23,O63540,U7813,P120,2026-06-04 14:52:58,4,6088.95,2584.75,185.44,3918.79,24355.8,21771.05,Wallet,Completed
72e8cd21-4747-456a-bffd-d6498ce448d1,2026_W23,O63541,U14163,P152,2026-06-03 03:45:56,3,3680.01,1390.68,66.46,1736.88,11040.03,9649.35,UPI,Completed
72e8cd21-4747-456a-bffd-d6498ce448d1,2026_W23,O63542,U33800,P156,2026-06-02 19:26:28,4,7497.11,3773.82,77.36,4718.63,29988.44,26214.62,Wallet,Completed
72e8cd21-4747-456a-bffd-d6498ce448d1,2026_W23,O63543,U24031,P78,2026-06-07 04:00:50,1,3006.64,44.41,140.48,533.2,3006.64,2962.23,Credit Card,Completed
72e8cd21-4747-456a-bffd-d6498ce448d1,2026_W23,O63544,U32865,P103,2026-06-06 19:18:37,4,4922.25,1326.32,131.18,3305.28,19689.0,18362.68,Credit Card,Completed
72e8cd21-4747-456a-bffd-d6498ce448d1,2026_W23,O63545,U14543,P31,2026-06-04 16:30:59,2,2922.48,572.03,172.21,949.13,5844.96,5272.93,UPI,Completed
72e8cd21-4747-456a-bffd-d6498ce448d1,2026_W23,O63546,U29957,P80,2026-06-07 00:12:36,2,4942.61,1060.46,67.48,1588.46,9885.22,8824.759999999998,UPI,Completed
72e8cd21-4747-456a-bffd-d6498ce448d1,2026_W23,O63547,U21764,P81,2026-06-02 15:09:06,3,6992.52,1310.16,144.96,3540.13,20977.56,19667.4,UPI,Completed
72e8cd21-4747-456a-bffd-d6498ce448d1,2026_W23,O63548,U27981,P55,2026-06-04 08:42:32,3,2495.43,959.0,149.45,1174.91,7486.289999999999,6527.289999999999,UPI,Completed
72e8cd21-4747-456a-bffd-d6498ce448d1,2026_W23,O63549,U15375,P104,2026-06-04 21:02:45,2,5590.84,1024.71,141.34,1828.25,11181.68,10156.97,Debit Card,Completed
72e8cd21-4747-456a-bffd-d6498ce448d1,2026_W23,O63550,U6099,P174,2026-06-05 03:27:29,3,8540.78,3278.24,137.59,4021.94,25622.340000000004,22344.10000000001,Debit Card,Completed
72e8cd21-4747-456a-bffd-d6498ce448d1,2026_W23,O63551,U5087,P82,2026-06-04 09:53:16,3,4676.03,654.0,108.02,2407.34,14028.09,13374.09,Debit Card,Completed
72e8cd21-4747-456a-bffd-d6498ce448d1,2026_W23,O63552,U7841,P64,2026-06-02 07:36:14,2,5229.45,870.87,125.02,1725.85,10458.9,9588.03,UPI,Completed
72e8cd21-4747-456a-bffd-d6498ce448d1,2026_W23,O63553,U5270,P175,2026-06-06 06:55:13,4,6623.37,3006.24,170.39,4227.7,26493.48,23487.24,UPI,Completed
72e8cd21-4747-456a-bffd-d6498ce448d1,2026_W23,O63554,U445,P105,2026-06-04 01:55:40,3,2249.83,584.44,60.54,1109.71,6749.49,6165.049999999999,Credit Card,Completed
72e8cd21-4747-456a-bffd-d6498ce448d1,2026_W23,O63555,U19472,P68,2026-06-06 02:19:18,4,4648.44,419.67,83.18,3271.34,18593.76,18174.09,Credit Card,Completed
72e8cd21-4747-456a-bffd-d6498ce448d1,2026_W23,O63556,U13815,P45,2026-06-07 08:47:20,1,10226.58,111.72,119.68,1820.67,10226.58,10114.86,UPI,Completed
72e8cd21-4747-456a-bffd-d6498ce448d1,2026_W23,O63557,U17896,P80,2026-06-04 02:22:57,3,4942.61,955.3,76.18,2497.06,14827.829999999998,13872.53,Credit Card,Completed
72e8cd21-4747-456a-bffd-d6498ce448d1,2026_W23,O63558,U20075,P136,2026-06-04 03:14:19,4,2987.05,498.78,152.4,2060.9,11948.2,11449.42,UPI,Completed
72e8cd21-4747-456a-bffd-d6498ce448d1,2026_W23,O63559,U15649,P107,2026-06-07 02:03:06,4,5037.89,2742.86,152.35,3133.57,20151.56,17408.7,Credit Card,Completed
72e8cd21-4747-456a-bffd-d6498ce448d1,2026_W23,O63560,U20301,P12,2026-06-06 03:26:09,3,5529.38,1601.98,71.69,2697.51,16588.14,14986.16,Credit Card,Completed
72e8cd21-4747-456a-bffd-d6498ce448d1,2026_W23,O63561,U5035,P180,2026-06-07 03:37:01,2,6330.21,415.87,99.31,2204.02,12660.42,12244.55,Wallet,Completed
72e8cd21-4747-456a-bffd-d6498ce448d1,2026_W23,O63562,U22556,P170,2026-06-07 09:02:20,3,9183.37,2798.57,116.86,4455.28,27550.11,24751.54,UPI,Completed
72e8cd21-4747-456a-bffd-d6498ce448d1,2026_W23,O63563,U5067,P134,2026-06-05 06:41:22,3,2662.06,242.6,120.54,1393.84,7986.18,7743.58,Credit Card,Completed
72e8cd21-4747-456a-bffd-d6498ce448d1,2026_W23,O63564,U20183,P44,2026-06-06 19:44:39,4,3831.53,1769.92,127.77,2440.12,15326.12,13556.2,Credit Card,Completed
72e8cd21-4747-456a-bffd-d6498ce448d1,2026_W23,O63565,U12103,P68,2026-06-04 17:21:43,3,4648.44,1831.4,101.86,2180.51,13945.32,12113.92,Wallet,Completed
72e8cd21-4747-456a-bffd-d6498ce448d1,2026_W23,O63566,U25362,P163,2026-06-03 10:14:15,1,4948.62,482.64,129.44,803.88,4948.62,4465.98,Debit Card,Completed
72e8cd21-4747-456a-bffd-d6498ce448d1,2026_W23,O63567,U3756,P154,2026-06-06 19:58:24,4,7488.16,2472.92,120.57,4946.35,29952.64,27479.72,UPI,Completed
72e8cd21-4747-456a-bffd-d6498ce448d1,2026_W23,O63568,U28423,P106,2026-06-03 20:01:40,4,4353.6,1011.47,174.68,2952.53,17414.4,16402.93,Credit Card,Completed
72e8cd21-4747-456a-bffd-d6498ce448d1,2026_W23,O63569,U25404,P17,2026-06-02 10:27:28,4,8998.12,2621.36,65.18,6006.8,35992.48,33371.12,UPI,Completed
72e8cd21-4747-456a-bffd-d6498ce448d1,2026_W23,O63570,U5032,P73,2026-06-07 01:53:52,2,2860.52,274.69,53.06,980.34,5721.04,5446.35,Debit Card,Completed
72e8cd21-4747-456a-bffd-d6498ce448d1,2026_W23,O63571,U24033,P99,2026-06-06 09:26:07,4,5923.25,1695.88,147.98,3959.48,23693.0,21997.12,UPI,Completed
72e8cd21-4747-456a-bffd-d6498ce448d1,2026_W23,O63572,U3185,P119,2026-06-03 13:20:34,1,2931.16,126.03,119.66,504.92,2931.16,2805.13,Credit Card,Completed
72e8cd21-4747-456a-bffd-d6498ce448d1,2026_W23,O63573,U25516,P125,2026-06-05 18:01:16,4,7881.51,2706.96,124.43,5187.43,31526.04,28819.08,UPI,Completed
72e8cd21-4747-456a-bffd-d6498ce448d1,2026_W23,O63574,U17802,P99,2026-06-04 22:17:21,1,5923.25,480.85,138.67,979.63,5923.25,5442.4,UPI,Completed
72e8cd21-4747-456a-bffd-d6498ce448d1,2026_W23,O63575,U8770,P51,2026-06-04 14:28:34,4,5156.58,1057.44,113.53,3522.4,20626.32,19568.88,UPI,Completed
72e8cd21-4747-456a-bffd-d6498ce448d1,2026_W23,O63576,U30472,P181,2026-06-03 06:28:01,1,6034.6,42.24,128.99,1078.62,6034.6,5992.360000000001,Wallet,Completed
72e8cd21-4747-456a-bffd-d6498ce448d1,2026_W23,O63577,U31491,P49,2026-06-07 00:57:29,3,4491.12,1280.79,173.12,2194.66,13473.36,12192.57,UPI,Completed
72e8cd21-4747-456a-bffd-d6498ce448d1,2026_W23,O63578,U13086,P67,2026-06-02 15:27:50,1,6380.8,853.65,141.85,994.89,6380.8,5527.150000000001,Credit Card,Completed
72e8cd21-4747-456a-bffd-d6498ce448d1,2026_W23,O63579,U23503,P97,2026-06-04 10:53:01,3,5186.28,898.85,74.42,2638.8,15558.84,14659.99,UPI,Completed
72e8cd21-4747-456a-bffd-d6498ce448d1,2026_W23,O63580,U28489,P115,2026-06-06 14:44:11,4,10604.02,610.88,195.08,7524.94,42416.08,41805.2,Wallet,Completed
72e8cd21-4747-456a-bffd-d6498ce448d1,2026_W23,O63581,U31068,P67,2026-06-05 22:40:37,1,6380.8,776.56,173.5,1008.76,6380.8,5604.24,Wallet,Completed
72e8cd21-4747-456a-bffd-d6498ce448d1,2026_W23,O63582,U11165,P31,2026-06-03 11:07:34,2,2922.48,243.13,75.73,1008.33,5844.96,5601.83,Debit Card,Completed
72e8cd21-4747-456a-bffd-d6498ce448d1,2026_W23,O63583,U4224,P110,2026-06-07 18:03:51,4,2362.36,333.29,174.61,1640.91,9449.44,9116.15,Debit Card,Completed
72e8cd21-4747-456a-bffd-d6498ce448d1,2026_W23,O63584,U23102,P24,2026-06-03 03:21:11,1,7207.54,2.49,82.61,1296.91,7207.54,7205.05,UPI,Completed
72e8cd21-4747-456a-bffd-d6498ce448d1,2026_W23,O63585,U218,P33,2026-06-04 18:49:35,4,8155.0,26.44,199.84,5866.84,32620.0,32593.56,Wallet,Completed
72e8cd21-4747-456a-bffd-d6498ce448d1,2026_W23,O63586,U33723,P75,2026-06-02 12:20:43,4,8927.29,1056.7,153.14,6237.44,35709.16,34652.46000000001,UPI,Completed
72e8cd21-4747-456a-bffd-d6498ce448d1,2026_W23,O63587,U1062,P123,2026-06-06 06:39:50,4,7379.51,770.55,155.74,5174.55,29518.04,28747.49,UPI,Completed
72e8cd21-4747-456a-bffd-d6498ce448d1,2026_W23,O63588,U11192,P119,2026-06-07 07:20:15,3,2931.16,623.89,154.36,1470.53,8793.48,8169.589999999999,UPI,Completed
72e8cd21-4747-456a-bffd-d6498ce448d1,2026_W23,O63589,U2737,P5,2026-06-03 12:50:13,2,9411.93,2079.31,196.64,3014.02,18823.86,16744.55,UPI,Completed
72e8cd21-4747-456a-bffd-d6498ce448d1,2026_W23,O63590,U5630,P32,2026-06-03 11:33:47,1,1891.54,109.85,74.72,320.7,1891.54,1781.69,Credit Card,Completed
72e8cd21-4747-456a-bffd-d6498ce448d1,2026_W23,O63591,U5029,P9,2026-06-05 01:38:26,3,6463.86,2215.17,152.32,3091.75,19391.58,17176.409999999996,Debit Card,Completed
72e8cd21-4747-456a-bffd-d6498ce448d1,2026_W23,O63592,U1105,P21,2026-06-03 09:26:39,4,6758.44,1563.51,50.59,4584.64,27033.76,25470.25,Debit Card,Completed
72e8cd21-4747-456a-bffd-d6498ce448d1,2026_W23,O63593,U26217,P176,2026-06-06 06:22:20,2,8451.7,1974.29,107.53,2687.24,16903.4,14929.11,Wallet,Completed
72e8cd21-4747-456a-bffd-d6498ce448d1,2026_W23,O63594,U11627,P132,2026-06-07 14:21:18,1,4280.82,220.77,68.68,730.81,4280.82,4060.05,Wallet,Completed
72e8cd21-4747-456a-bffd-d6498ce448d1,2026_W23,O63595,U13939,P187,2026-06-02 01:35:19,2,2141.32,347.27,158.4,708.37,4282.64,3935.37,UPI,Completed
72e8cd21-4747-456a-bffd-d6498ce448d1,2026_W23,O63596,U8827,P147,2026-06-07 06:25:59,3,8552.19,410.03,146.7,4544.38,25656.57,25246.54,Debit Card,Completed
72e8cd21-4747-456a-bffd-d6498ce448d1,2026_W23,O63597,U94,P53,2026-06-01 23:46:00,4,5679.25,334.24,171.09,4028.9,22717.0,22382.76,Debit Card,Completed
72e8cd21-4747-456a-bffd-d6498ce448d1,2026_W23,O63598,U22199,P65,2026-06-03 13:54:52,2,9814.57,2786.15,186.59,3031.74,19629.14,16842.989999999998,Credit Card,Completed
72e8cd21-4747-456a-bffd-d6498ce448d1,2026_W23,O63599,U26219,P112,2026-06-02 18:34:08,4,7986.57,4288.43,79.12,4978.41,31946.28,27657.85,Wallet,Completed
72e8cd21-4747-456a-bffd-d6498ce448d1,2026_W23,O63600,U33279,P144,2026-06-05 15:08:05,4,3365.89,1719.05,129.97,2114.01,13463.56,11744.51,Wallet,Completed
72e8cd21-4747-456a-bffd-d6498ce448d1,2026_W23,O63601,U4329,P40,2026-06-03 20:23:03,3,5653.56,1589.62,124.86,2766.79,16960.68,15371.06,UPI,Completed
72e8cd21-4747-456a-bffd-d6498ce448d1,2026_W23,O63602,U27202,P110,2026-06-04 09:47:24,1,2362.36,27.53,166.78,420.27,2362.36,2334.83,Wallet,Completed
72e8cd21-4747-456a-bffd-d6498ce448d1,2026_W23,O63603,U7469,P141,2026-06-06 18:33:20,2,3712.37,81.15,142.98,1321.85,7424.74,7343.59,UPI,Completed
72e8cd21-4747-456a-bffd-d6498ce448d1,2026_W23,O63604,U31100,P158,2026-06-06 14:17:09,2,2851.23,530.98,125.89,930.87,5702.46,5171.48,Wallet,Completed
72e8cd21-4747-456a-bffd-d6498ce448d1,2026_W23,O63605,U26232,P74,2026-06-03 17:31:15,2,4407.74,1105.29,71.98,1387.83,8815.48,7710.19,Wallet,Completed
72e8cd21-4747-456a-bffd-d6498ce448d1,2026_W23,O63606,U11355,P65,2026-06-05 20:32:11,4,9814.57,1168.2,68.77,6856.21,39258.28,38090.08,Credit Card,Completed
72e8cd21-4747-456a-bffd-d6498ce448d1,2026_W23,O63607,U30784,P101,2026-06-04 04:38:59,4,10959.44,6370.31,146.87,6744.14,43837.76,37467.45,Credit Card,Completed
72e8cd21-4747-456a-bffd-d6498ce448d1,2026_W23,O63608,U16198,P48,2026-06-07 14:33:46,4,4680.1,2005.06,121.73,3008.76,18720.4,16715.34,Credit Card,Completed
72e8cd21-4747-456a-bffd-d6498ce448d1,2026_W23,O63609,U31206,P60,2026-06-02 06:46:26,2,7906.19,1519.98,177.86,2572.63,15812.38,14292.4,UPI,Completed
72e8cd21-4747-456a-bffd-d6498ce448d1,2026_W23,O63610,U23991,P191,2026-06-01 21:24:44,1,6168.41,841.67,51.45,958.81,6168.41,5326.74,Credit Card,Completed
72e8cd21-4747-456a-bffd-d6498ce448d1,2026_W23,O63611,U14293,P173,2026-06-04 10:18:24,3,5411.96,621.53,137.66,2810.58,16235.88,15614.35,UPI,Completed
72e8cd21-4747-456a-bffd-d6498ce448d1,2026_W23,O63612,U27996,P136,2026-06-01 22:23:40,2,2987.05,470.7,56.55,990.61,5974.1,5503.400000000001,Credit Card,Completed
72e8cd21-4747-456a-bffd-d6498ce448d1,2026_W23,O63613,U21560,P187,2026-06-05 13:34:24,1,2141.32,243.76,127.19,341.56,2141.32,1897.56,Debit Card,Completed
72e8cd21-4747-456a-bffd-d6498ce448d1,2026_W23,O63614,U18373,P168,2026-06-02 09:06:38,4,4347.14,2200.6,106.3,2733.83,17388.56,15187.96,Debit Card,Completed
72e8cd21-4747-456a-bffd-d6498ce448d1,2026_W23,O63615,U24715,P181,2026-06-04 05:21:44,3,6034.6,1122.1,154.3,3056.71,18103.800000000003,16981.700000000004,Credit Card,Completed
72e8cd21-4747-456a-bffd-d6498ce448d1,2026_W23,O63616,U33738,P50,2026-06-03 15:45:36,2,2577.38,571.18,184.83,825.04,5154.76,4583.58,Wallet,Completed
72e8cd21-4747-456a-bffd-d6498ce448d1,2026_W23,O63617,U32564,P35,2026-06-07 20:10:09,2,2889.44,5.5,100.49,1039.21,5778.88,5773.38,UPI,Completed
72e8cd21-4747-456a-bffd-d6498ce448d1,2026_W23,O63618,U25702,P48,2026-06-07 09:04:17,1,4680.1,486.15,170.4,754.91,4680.1,4193.950000000001,Credit Card,Completed
72e8cd21-4747-456a-bffd-d6498ce448d1,2026_W23,O63619,U26372,P153,2026-06-05 07:31:47,4,3236.07,1710.6,160.68,2022.06,12944.28,11233.68,Wallet,Completed
72e8cd21-4747-456a-bffd-d6498ce448d1,2026_W23,O63620,U11499,P155,2026-06-02 19:33:46,3,5852.84,2608.23,72.48,2691.05,17558.52,14950.29,Credit Card,Completed
72e8cd21-4747-456a-bffd-d6498ce448d1,2026_W23,O63621,U8551,P69,2026-06-02 17:34:04,4,2752.73,1.91,72.36,1981.62,11010.92,11009.01,Credit Card,Completed
72e8cd21-4747-456a-bffd-d6498ce448d1,2026_W23,O63622,U24583,P138,2026-06-01 23:39:36,3,6989.52,2988.46,112.25,3236.42,20968.56,17980.100000000002,UPI,Completed
72e8cd21-4747-456a-bffd-d6498ce448d1,2026_W23,O63623,U7730,P117,2026-06-06 17:34:38,1,9615.7,49.72,90.8,1721.88,9615.7,9565.98,Wallet,Completed
72e8cd21-4747-456a-bffd-d6498ce448d1,2026_W23,O63624,U9593,P196,2026-06-05 07:29:35,1,9246.31,218.61,152.37,1624.99,9246.31,9027.7,Debit Card,Completed
72e8cd21-4747-456a-bffd-d6498ce448d1,2026_W23,O63625,U6665,P20,2026-06-03 06:42:41,1,2140.8,117.28,57.69,364.23,2140.8,2023.52,Wallet,Completed
72e8cd21-4747-456a-bffd-d6498ce448d1,2026_W23,O63626,U19766,P30,2026-06-05 02:29:30,2,10435.98,1140.56,187.91,3551.65,20871.96,19731.4,Debit Card,Completed
72e8cd21-4747-456a-bffd-d6498ce448d1,2026_W23,O63627,U10304,P30,2026-06-04 10:52:53,3,10435.98,2679.31,102.42,5153.15,31307.94,28628.63,Wallet,Completed
72e8cd21-4747-456a-bffd-d6498ce448d1,2026_W23,O63628,U4629,P101,2026-06-07 12:26:46,4,10959.44,4283.67,155.25,7119.74,43837.76,39554.09,Debit Card,Completed
72e8cd21-4747-456a-bffd-d6498ce448d1,2026_W23,O63629,U27564,P145,2026-06-02 13:04:49,1,7002.35,299.48,101.57,1206.52,7002.35,6702.870000000001,Credit Card,Completed
72e8cd21-4747-456a-bffd-d6498ce448d1,2026_W23,O63630,U10063,P7,2026-06-07 17:31:13,4,10896.56,6522.1,151.69,6671.55,43586.24,37064.14,Wallet,Completed
72e8cd21-4747-456a-bffd-d6498ce448d1,2026_W23,O63631,U7720,P165,2026-06-02 07:41:39,3,2657.45,653.51,178.61,1317.39,7972.349999999999,7318.839999999999,UPI,Completed
72e8cd21-4747-456a-bffd-d6498ce448d1,2026_W23,O63632,U9923,P168,2026-06-06 21:03:12,3,4347.14,880.24,145.63,2189.01,13041.420000000002,12161.180000000002,Debit Card,Completed
72e8cd21-4747-456a-bffd-d6498ce448d1,2026_W23,O63633,U25591,P185,2026-06-03 18:58:25,3,7874.65,2464.8,186.28,3808.65,23623.95,21159.15,UPI,Completed
72e8cd21-4747-456a-bffd-d6498ce448d1,2026_W23,O63634,U27955,P30,2026-06-03 11:35:46,3,10435.98,4254.7,154.94,4869.58,31307.94,27053.24,Credit Card,Completed
72e8cd21-4747-456a-bffd-d6498ce448d1,2026_W23,O63635,U28478,P139,2026-06-04 06:43:15,3,3152.91,899.73,148.24,1540.62,9458.73,8559.0,Credit Card,Completed
72e8cd21-4747-456a-bffd-d6498ce448d1,2026_W23,O63636,U26459,P3,2026-06-01 22:08:18,1,6836.35,806.77,167.72,1085.32,6836.35,6029.58,Wallet,Completed
72e8cd21-4747-456a-bffd-d6498ce448d1,2026_W23,O63637,U27406,P153,2026-06-04 01:35:24,2,3236.07,710.01,68.88,1037.18,6472.14,5762.13,Wallet,Completed
72e8cd21-4747-456a-bffd-d6498ce448d1,2026_W23,O63638,U23152,P171,2026-06-05 03:58:28,2,3668.91,1097.26,131.5,1123.3,7337.82,6240.56,Credit Card,Completed
72e8cd21-4747-456a-bffd-d6498ce448d1,2026_W23,O63639,U18696,P55,2026-06-02 04:24:22,4,2495.43,1338.68,182.87,1555.75,9981.72,8643.039999999999,Wallet,Completed
72e8cd21-4747-456a-bffd-d6498ce448d1,2026_W23,O63640,U2825,P66,2026-06-05 09:04:32,2,5068.12,468.76,139.33,1740.15,10136.24,9667.48,Credit Card,Completed
72e8cd21-4747-456a-bffd-d6498ce448d1,2026_W23,O63641,U18723,P10,2026-06-06 17:38:45,4,6265.23,1395.13,63.65,4259.84,25060.92,23665.79,UPI,Completed
72e8cd21-4747-456a-bffd-d6498ce448d1,2026_W23,O63642,U1672,P41,2026-06-05 20:31:18,4,11748.5,2506.74,158.07,8007.71,46994.0,44487.26,Wallet,Completed
72e8cd21-4747-456a-bffd-d6498ce448d1,2026_W23,O63643,U13256,P99,2026-06-05 04:18:36,1,5923.25,111.21,185.67,1046.17,5923.25,5812.04,Credit Card,Completed
72e8cd21-4747-456a-bffd-d6498ce448d1,2026_W23,O63644,U26341,P55,2026-06-07 17:27:02,1,2495.43,298.0,63.67,395.54,2495.43,2197.43,Debit Card,Completed
72e8cd21-4747-456a-bffd-d6498ce448d1,2026_W23,O63645,U21234,P52,2026-06-05 18:51:31,3,2737.55,591.34,100.44,1371.84,8212.650000000001,7621.310000000001,Debit Card,Completed
72e8cd21-4747-456a-bffd-d6498ce448d1,2026_W23,O63646,U21183,P197,2026-06-02 14:58:39,2,1602.39,111.56,171.94,556.78,3204.78,3093.2200000000003,UPI,Completed
72e8cd21-4747-456a-bffd-d6498ce448d1,2026_W23,O63647,U17237,P180,2026-06-06 09:09:10,2,6330.21,130.9,196.82,2255.31,12660.42,12529.52,Debit Card,Completed
72e8cd21-4747-456a-bffd-d6498ce448d1,2026_W23,O63648,U34555,P121,2026-06-02 13:33:49,2,3168.81,397.54,125.74,1069.21,6337.62,5940.08,UPI,Completed
72e8cd21-4747-456a-bffd-d6498ce448d1,2026_W23,O63649,U32876,P58,2026-06-04 23:22:27,2,3367.03,264.95,147.85,1164.44,6734.06,6469.110000000001,Credit Card,Completed
72e8cd21-4747-456a-bffd-d6498ce448d1,2026_W23,O63650,U29640,P160,2026-06-04 07:12:56,4,3922.12,1166.51,117.38,2613.95,15688.48,14521.97,UPI,Completed
72e8cd21-4747-456a-bffd-d6498ce448d1,2026_W23,O63651,U6847,P165,2026-06-02 02:41:05,2,2657.45,306.02,152.95,901.6,5314.9,5008.879999999999,Debit Card,Completed
72e8cd21-4747-456a-bffd-d6498ce448d1,2026_W23,O63652,U3474,P112,2026-06-07 14:46:34,4,7986.57,1600.75,140.3,5462.2,31946.28,30345.53,Wallet,Completed
72e8cd21-4747-456a-bffd-d6498ce448d1,2026_W23,O63653,U33719,P88,2026-06-04 17:26:48,1,6362.48,82.16,197.11,1130.46,6362.48,6280.32,Debit Card,Completed
72e8cd21-4747-456a-bffd-d6498ce448d1,2026_W23,O63654,U25152,P175,2026-06-07 15:32:48,2,6623.37,1144.37,197.24,2178.43,13246.74,12102.37,Debit Card,Completed
72e8cd21-4747-456a-bffd-d6498ce448d1,2026_W23,O63655,U5738,P74,2026-06-03 21:33:00,4,4407.74,1568.73,191.73,2891.2,17630.96,16062.23,Debit Card,Completed
72e8cd21-4747-456a-bffd-d6498ce448d1,2026_W23,O63656,U19920,P25,2026-06-05 09:46:37,2,7381.46,179.93,62.87,2624.94,14762.92,14582.99,Credit Card,Completed
72e8cd21-4747-456a-bffd-d6498ce448d1,2026_W23,O63657,U29198,P103,2026-06-02 04:30:54,4,4922.25,206.05,189.19,3506.93,19689.0,19482.95,Debit Card,Completed
72e8cd21-4747-456a-bffd-d6498ce448d1,2026_W23,O63658,U33539,P150,2026-06-04 01:34:27,4,7237.54,789.16,147.23,5068.98,28950.16,28161.0,Debit Card,Completed
72e8cd21-4747-456a-bffd-d6498ce448d1,2026_W23,O63659,U17852,P99,2026-06-04 10:24:17,2,5923.25,1005.68,156.75,1951.35,11846.5,10840.82,Debit Card,Completed
72e8cd21-4747-456a-bffd-d6498ce448d1,2026_W23,O63660,U27538,P115,2026-06-07 09:22:27,4,10604.02,5456.58,145.38,6652.71,42416.08,36959.5,Debit Card,Completed
72e8cd21-4747-456a-bffd-d6498ce448d1,2026_W23,O63661,U25979,P84,2026-06-03 12:04:21,4,3400.69,703.93,102.89,2321.79,13602.76,12898.83,Credit Card,Completed
72e8cd21-4747-456a-bffd-d6498ce448d1,2026_W23,O63662,U3185,P71,2026-06-02 05:11:20,4,4652.78,927.82,130.41,3182.99,18611.12,17683.3,Wallet,Completed
72e8cd21-4747-456a-bffd-d6498ce448d1,2026_W23,O63663,U24982,P26,2026-06-02 22:38:34,1,6921.53,278.83,131.86,1195.69,6921.53,6642.7,Credit Card,Completed
72e8cd21-4747-456a-bffd-d6498ce448d1,2026_W23,O63664,U8258,P141,2026-06-05 02:13:39,2,3712.37,172.75,106.62,1305.36,7424.74,7251.99,UPI,Completed
72e8cd21-4747-456a-bffd-d6498ce448d1,2026_W23,O63665,U33392,P170,2026-06-05 19:06:46,3,9183.37,3367.77,91.21,4352.82,27550.11,24182.34,Credit Card,Completed
72e8cd21-4747-456a-bffd-d6498ce448d1,2026_W23,O63666,U33752,P126,2026-06-07 01:21:11,1,7115.51,842.98,103.04,1129.06,7115.51,6272.530000000001,Debit Card,Completed
72e8cd21-4747-456a-bffd-d6498ce448d1,2026_W23,O63667,U9994,P101,2026-06-03 07:17:08,4,10959.44,5245.9,128.21,6946.53,43837.76,38591.86,Wallet,Completed
72e8cd21-4747-456a-bffd-d6498ce448d1,2026_W23,O63668,U24022,P179,2026-06-03 14:02:21,2,6023.34,563.31,116.64,2067.01,12046.68,11483.37,Wallet,Completed
72e8cd21-4747-456a-bffd-d6498ce448d1,2026_W23,O63669,U29504,P191,2026-06-07 00:45:35,1,6168.41,134.73,126.21,1086.06,6168.41,6033.68,Debit Card,Completed
72e8cd21-4747-456a-bffd-d6498ce448d1,2026_W23,O63670,U12294,P64,2026-06-03 22:32:52,3,5229.45,146.48,165.83,2797.54,15688.35,15541.87,Debit Card,Completed
72e8cd21-4747-456a-bffd-d6498ce448d1,2026_W23,O63671,U8267,P163,2026-06-02 08:25:21,2,4948.62,1346.38,82.43,1539.15,9897.24,8550.86,UPI,Completed
72e8cd21-4747-456a-bffd-d6498ce448d1,2026_W23,O63672,U31380,P64,2026-06-02 06:59:13,1,5229.45,304.6,106.06,886.47,5229.45,4924.849999999999,Credit Card,Completed
72e8cd21-4747-456a-bffd-d6498ce448d1,2026_W23,O63673,U28308,P102,2026-06-07 16:42:58,3,2314.83,694.58,113.36,1124.98,6944.49,6249.91,Wallet,Completed
72e8cd21-4747-456a-bffd-d6498ce448d1,2026_W23,O63674,U21182,P29,2026-06-02 21:55:46,1,1532.51,118.61,149.98,254.5,1532.51,1413.9,Credit Card,Completed
72e8cd21-4747-456a-bffd-d6498ce448d1,2026_W23,O63675,U2195,P51,2026-06-03 20:43:56,2,5156.58,106.61,164.21,1837.18,10313.16,10206.55,UPI,Completed
72e8cd21-4747-456a-bffd-d6498ce448d1,2026_W23,O63676,U6375,P67,2026-06-07 01:40:24,1,6380.8,381.98,89.84,1079.79,6380.8,5998.82,Wallet,Completed
72e8cd21-4747-456a-bffd-d6498ce448d1,2026_W23,O63677,U23414,P67,2026-06-04 06:26:24,4,6380.8,406.22,60.26,4521.06,25523.2,25116.98,Credit Card,Completed
72e8cd21-4747-456a-bffd-d6498ce448d1,2026_W23,O63678,U31820,P161,2026-06-05 00:02:30,2,6131.78,264.98,190.45,2159.74,12263.56,11998.58,UPI,Completed
72e8cd21-4747-456a-bffd-d6498ce448d1,2026_W23,O63679,U22492,P147,2026-06-06 06:06:58,4,8552.19,959.26,50.68,5984.91,34208.76,33249.5,Wallet,Completed
72e8cd21-4747-456a-bffd-d6498ce448d1,2026_W23,O63680,U17768,P112,2026-06-05 05:40:49,3,7986.57,660.13,76.46,4193.92,23959.71,23299.58,Wallet,Completed
72e8cd21-4747-456a-bffd-d6498ce448d1,2026_W23,O63681,U15176,P12,2026-06-05 05:31:30,2,5529.38,1593.88,156.6,1703.68,11058.76,9464.88,UPI,Completed
72e8cd21-4747-456a-bffd-d6498ce448d1,2026_W23,O63682,U15494,P25,2026-06-04 18:36:58,4,7381.46,3801.86,118.2,4630.32,29525.84,25723.98,UPI,Completed
72e8cd21-4747-456a-bffd-d6498ce448d1,2026_W23,O63683,U18993,P50,2026-06-06 19:43:49,3,2577.38,952.49,118.54,1220.34,7732.14,6779.650000000001,Wallet,Completed
72e8cd21-4747-456a-bffd-d6498ce448d1,2026_W23,O63684,U5717,P163,2026-06-04 06:05:53,4,4948.62,1519.72,124.81,3289.46,19794.48,18274.76,Debit Card,Completed
72e8cd21-4747-456a-bffd-d6498ce448d1,2026_W23,O63685,U19862,P189,2026-06-06 04:57:37,2,3755.21,531.98,179.85,1256.12,7510.42,6978.4400000000005,Credit Card,Completed
72e8cd21-4747-456a-bffd-d6498ce448d1,2026_W23,O63686,U31820,P171,2026-06-04 15:37:35,3,3668.91,852.95,94.75,1827.68,11006.73,10153.78,Credit Card,Completed
72e8cd21-4747-456a-bffd-d6498ce448d1,2026_W23,O63687,U20260,P13,2026-06-05 17:06:27,2,7537.32,1829.11,80.33,2384.2,15074.64,13245.53,Wallet,Completed
72e8cd21-4747-456a-bffd-d6498ce448d1,2026_W23,O63688,U15140,P194,2026-06-03 22:47:54,2,7139.77,1636.03,92.14,2275.83,14279.54,12643.51,Wallet,Completed
72e8cd21-4747-456a-bffd-d6498ce448d1,2026_W23,O63689,U28795,P24,2026-06-02 12:28:16,1,7207.54,843.66,131.37,1145.5,7207.54,6363.88,Wallet,Completed
72e8cd21-4747-456a-bffd-d6498ce448d1,2026_W23,O63690,U25456,P38,2026-06-05 05:42:46,3,9269.67,3038.81,190.12,4458.64,27809.01,24770.2,Credit Card,Completed
72e8cd21-4747-456a-bffd-d6498ce448d1,2026_W23,O63691,U25149,P14,2026-06-02 13:07:19,1,7736.91,765.31,119.88,1254.89,7736.91,6971.6,Wallet,Completed
72e8cd21-4747-456a-bffd-d6498ce448d1,2026_W23,O63692,U12103,P58,2026-06-02 07:15:21,4,3367.03,1848.47,120.37,2091.54,13468.12,11619.65,Wallet,Completed
72e8cd21-4747-456a-bffd-d6498ce448d1,2026_W23,O63693,U22533,P100,2026-06-04 04:02:27,1,6025.88,362.18,115.3,1019.47,6025.88,5663.7,Debit Card,Completed
72e8cd21-4747-456a-bffd-d6498ce448d1,2026_W23,O63694,U2825,P54,2026-06-06 09:36:40,1,8322.93,946.11,188.36,1327.83,8322.93,7376.820000000001,UPI,Completed
72e8cd21-4747-456a-bffd-d6498ce448d1,2026_W23,O63695,U4247,P190,2026-06-07 16:45:03,1,7773.11,253.38,127.22,1353.55,7773.11,7519.73,Debit Card,Completed
72e8cd21-4747-456a-bffd-d6498ce448d1,2026_W23,O63696,U20216,P139,2026-06-05 14:47:58,2,3152.91,4.13,81.72,1134.3,6305.82,6301.69,Credit Card,Completed
72e8cd21-4747-456a-bffd-d6498ce448d1,2026_W23,O63697,U2089,P21,2026-06-03 01:01:57,2,6758.44,523.95,156.2,2338.73,13516.88,12992.929999999998,Wallet,Completed
72e8cd21-4747-456a-bffd-d6498ce448d1,2026_W23,O63698,U20509,P26,2026-06-06 03:45:27,2,6921.53,1140.8,196.28,2286.41,13843.06,12702.26,Debit Card,Completed
72e8cd21-4747-456a-bffd-d6498ce448d1,2026_W23,O63699,U25835,P95,2026-06-02 12:24:21,2,8832.47,1278.17,132.67,2949.62,17664.94,16386.769999999997,Debit Card,Completed
72e8cd21-4747-456a-bffd-d6498ce448d1,2026_W23,O63700,U10697,P67,2026-06-05 06:26:30,1,6380.8,15.96,55.06,1145.67,6380.8,6364.84,Wallet,Completed
72e8cd21-4747-456a-bffd-d6498ce448d1,2026_W23,O63701,U6109,P99,2026-06-07 18:03:51,1,5923.25,176.99,118.4,1034.33,5923.25,5746.26,UPI,Completed
72e8cd21-4747-456a-bffd-d6498ce448d1,2026_W23,O63702,U32075,P126,2026-06-06 20:25:45,2,7115.51,1631.83,189.11,2267.85,14231.02,12599.19,Wallet,Completed
72e8cd21-4747-456a-bffd-d6498ce448d1,2026_W23,O63703,U1234,P112,2026-06-07 06:48:47,4,7986.57,2236.67,115.46,5347.73,31946.28,29709.61,Credit Card,Completed
72e8cd21-4747-456a-bffd-d6498ce448d1,2026_W23,O63704,U23217,P71,2026-06-07 11:29:17,3,4652.78,83.77,59.5,2497.42,13958.34,13874.57,Credit Card,Completed
72e8cd21-4747-456a-bffd-d6498ce448d1,2026_W23,O63705,U11501,P7,2026-06-07 06:56:41,1,10896.56,175.29,173.7,1929.83,10896.56,10721.27,UPI,Completed
72e8cd21-4747-456a-bffd-d6498ce448d1,2026_W23,O63706,U5874,P5,2026-06-05 15:40:46,1,9411.93,595.89,138.98,1586.89,9411.93,8816.04,Credit Card,Completed
72e8cd21-4747-456a-bffd-d6498ce448d1,2026_W23,O63707,U18373,P84,2026-06-06 18:19:34,4,3400.69,1203.12,56.58,2231.94,13602.76,12399.64,UPI,Completed
72e8cd21-4747-456a-bffd-d6498ce448d1,2026_W23,O63708,U11649,P194,2026-06-07 05:09:57,2,7139.77,819.08,172.31,2422.88,14279.54,13460.46,Debit Card,Completed
72e8cd21-4747-456a-bffd-d6498ce448d1,2026_W23,O63709,U1067,P73,2026-06-04 23:32:45,2,2860.52,79.79,159.31,1015.42,5721.04,5641.25,Debit Card,Completed
72e8cd21-4747-456a-bffd-d6498ce448d1,2026_W23,O63710,U19920,P98,2026-06-04 10:09:50,3,9747.59,3963.11,71.83,4550.34,29242.77,25279.66,UPI,Completed
72e8cd21-4747-456a-bffd-d6498ce448d1,2026_W23,O63711,U17712,P122,2026-06-04 20:04:35,2,7123.24,1125.58,83.34,2361.76,14246.48,13120.9,UPI,Completed
72e8cd21-4747-456a-bffd-d6498ce448d1,2026_W23,O63712,U28701,P129,2026-06-03 13:09:16,3,4560.09,909.2,77.04,2298.79,13680.27,12771.07,Credit Card,Completed
72e8cd21-4747-456a-bffd-d6498ce448d1,2026_W23,O63713,U21406,P135,2026-06-03 02:32:46,3,4974.87,1640.58,96.54,2391.13,14924.61,13284.03,Debit Card,Completed
72e8cd21-4747-456a-bffd-d6498ce448d1,2026_W23,O63714,U10863,P173,2026-06-03 20:48:48,2,5411.96,394.6,112.65,1877.28,10823.92,10429.32,Wallet,Completed
72e8cd21-4747-456a-bffd-d6498ce448d1,2026_W23,O63715,U33909,P146,2026-06-06 22:39:14,1,8753.05,1025.68,171.16,1390.93,8753.05,7727.369999999999,UPI,Completed
72e8cd21-4747-456a-bffd-d6498ce448d1,2026_W23,O63716,U6219,P52,2026-06-02 03:06:31,3,2737.55,651.51,184.57,1361.01,8212.650000000001,7561.140000000001,Wallet,Completed
72e8cd21-4747-456a-bffd-d6498ce448d1,2026_W23,O63717,U14470,P6,2026-06-06 22:28:51,4,6942.01,3425.44,113.12,4381.67,27768.04,24342.6,Wallet,Completed
72e8cd21-4747-456a-bffd-d6498ce448d1,2026_W23,O63718,U15493,P175,2026-06-02 11:12:49,1,6623.37,727.77,86.88,1061.21,6623.37,5895.6,Wallet,Completed
72e8cd21-4747-456a-bffd-d6498ce448d1,2026_W23,O63719,U26198,P3,2026-06-07 12:57:44,1,6836.35,916.06,138.84,1065.65,6836.35,5920.290000000001,Debit Card,Completed
72e8cd21-4747-456a-bffd-d6498ce448d1,2026_W23,O63720,U3226,P84,2026-06-06 19:31:54,4,3400.69,1809.25,62.69,2122.83,13602.76,11793.51,Wallet,Completed
72e8cd21-4747-456a-bffd-d6498ce448d1,2026_W23,O63721,U15491,P175,2026-06-01 23:53:13,3,6623.37,2395.38,179.13,3145.45,19870.11,17474.73,Debit Card,Completed
72e8cd21-4747-456a-bffd-d6498ce448d1,2026_W23,O63722,U4224,P76,2026-06-03 12:34:58,2,1956.86,400.67,187.93,632.35,3913.72,3513.05,Credit Card,Completed
72e8cd21-4747-456a-bffd-d6498ce448d1,2026_W23,O63723,U33729,P46,2026-06-06 19:20:40,1,4606.02,139.17,98.92,804.03,4606.02,4466.85,Credit Card,Completed
72e8cd21-4747-456a-bffd-d6498ce448d1,2026_W23,O63724,U8392,P160,2026-06-07 15:57:06,3,3922.12,599.52,133.81,2010.03,11766.36,11166.84,UPI,Completed
72e8cd21-4747-456a-bffd-d6498ce448d1,2026_W23,O63725,U1813,P61,2026-06-07 10:17:02,2,7274.63,600.22,115.03,2510.83,14549.26,13949.04,Debit Card,Completed
72e8cd21-4747-456a-bffd-d6498ce448d1,2026_W23,O63726,U16896,P48,2026-06-05 01:50:06,4,4680.1,2730.02,66.25,2878.27,18720.4,15990.38,UPI,Completed
72e8cd21-4747-456a-bffd-d6498ce448d1,2026_W23,O63727,U1154,P78,2026-06-03 06:52:05,2,3006.64,591.24,94.28,975.97,6013.28,5422.04,Credit Card,Completed
72e8cd21-4747-456a-bffd-d6498ce448d1,2026_W23,O63728,U21232,P12,2026-06-02 05:23:38,4,5529.38,3233.81,194.09,3399.07,22117.52,18883.71,Credit Card,Completed
72e8cd21-4747-456a-bffd-d6498ce448d1,2026_W23,O63729,U3217,P187,2026-06-02 02:10:04,1,2141.32,19.02,155.43,382.01,2141.32,2122.3,Credit Card,Completed
72e8cd21-4747-456a-bffd-d6498ce448d1,2026_W23,O63730,U30092,P25,2026-06-07 12:13:16,3,7381.46,1068.69,186.83,3793.62,22144.38,21075.69,Debit Card,Completed
72e8cd21-4747-456a-bffd-d6498ce448d1,2026_W23,O63731,U26437,P108,2026-06-02 11:00:29,3,3076.73,61.19,196.82,1650.42,9230.19,9169.0,Credit Card,Completed
72e8cd21-4747-456a-bffd-d6498ce448d1,2026_W23,O63732,U13648,P116,2026-06-06 06:03:01,2,6311.89,354.82,189.74,2208.41,12623.78,12268.96,Credit Card,Completed
72e8cd21-4747-456a-bffd-d6498ce448d1,2026_W23,O63733,U32625,P19,2026-06-03 23:36:28,1,10412.16,1558.7,80.74,1593.62,10412.16,8853.46,Debit Card,Completed
72e8cd21-4747-456a-bffd-d6498ce448d1,2026_W23,O63734,U34653,P123,2026-06-02 08:43:46,3,7379.51,272.13,81.1,3935.95,22138.53,21866.4,Wallet,Completed
72e8cd21-4747-456a-bffd-d6498ce448d1,2026_W23,O63735,U12941,P71,2026-06-03 09:11:03,4,4652.78,1733.46,98.46,3037.98,18611.12,16877.66,UPI,Completed
72e8cd21-4747-456a-bffd-d6498ce448d1,2026_W23,O63736,U5387,P28,2026-06-03 13:01:30,3,7134.46,2918.15,86.82,3327.34,21403.38,18485.23,Wallet,Completed
72e8cd21-4747-456a-bffd-d6498ce448d1,2026_W23,O63737,U21870,P170,2026-06-01 22:15:54,1,9183.37,1294.1,199.65,1420.07,9183.37,7889.27,Credit Card,Completed
72e8cd21-4747-456a-bffd-d6498ce448d1,2026_W23,O63738,U10638,P145,2026-06-04 23:21:38,3,7002.35,1944.11,163.56,3431.33,21007.050000000003,19062.94,Credit Card,Completed
72e8cd21-4747-456a-bffd-d6498ce448d1,2026_W23,O63739,U18338,P156,2026-06-05 03:16:32,4,7497.11,1757.42,116.17,5081.58,29988.44,28231.02,Debit Card,Completed
72e8cd21-4747-456a-bffd-d6498ce448d1,2026_W23,O63740,U24830,P154,2026-06-07 00:00:04,4,7488.16,4056.21,166.23,4661.36,29952.64,25896.43,Debit Card,Completed
72e8cd21-4747-456a-bffd-d6498ce448d1,2026_W23,O63741,U5303,P156,2026-06-02 01:28:03,2,7497.11,1163.18,103.89,2489.59,14994.22,13831.04,Wallet,Completed
72e8cd21-4747-456a-bffd-d6498ce448d1,2026_W23,O63742,U20596,P48,2026-06-06 16:28:40,1,4680.1,663.94,77.0,722.91,4680.1,4016.16,UPI,Completed
72e8cd21-4747-456a-bffd-d6498ce448d1,2026_W23,O63743,U5476,P6,2026-06-06 20:18:31,1,6942.01,453.74,176.72,1167.89,6942.01,6488.27,Credit Card,Completed
72e8cd21-4747-456a-bffd-d6498ce448d1,2026_W23,O63744,U15758,P76,2026-06-07 03:22:01,1,1956.86,134.35,168.57,328.05,1956.86,1822.51,UPI,Completed
72e8cd21-4747-456a-bffd-d6498ce448d1,2026_W23,O63745,U26937,P55,2026-06-03 13:46:04,3,2495.43,24.64,192.88,1343.1,7486.289999999999,7461.649999999999,Wallet,Completed
72e8cd21-4747-456a-bffd-d6498ce448d1,2026_W23,O63746,U15706,P34,2026-06-03 05:56:33,3,3033.5,1201.48,142.13,1421.82,9100.5,7899.02,Credit Card,Completed
72e8cd21-4747-456a-bffd-d6498ce448d1,2026_W23,O63747,U31491,P88,2026-06-03 03:53:01,2,6362.48,1345.26,96.25,2048.35,12724.96,11379.7,UPI,Completed
72e8cd21-4747-456a-bffd-d6498ce448d1,2026_W23,O63748,U28427,P122,2026-06-03 10:40:54,2,7123.24,1476.42,55.29,2298.61,14246.48,12770.06,Debit Card,Completed
72e8cd21-4747-456a-bffd-d6498ce448d1,2026_W23,O63749,U8707,P45,2026-06-03 22:24:05,3,10226.58,2296.94,56.41,5108.9,30679.74,28382.8,Credit Card,Completed
72e8cd21-4747-456a-bffd-d6498ce448d1,2026_W23,O63750,U33073,P41,2026-06-04 15:56:20,4,11748.5,6103.9,138.75,7360.22,46994.0,40890.1,Wallet,Completed
72e8cd21-4747-456a-bffd-d6498ce448d1,2026_W23,O63751,U25335,P114,2026-06-03 22:51:53,2,3958.12,158.32,197.06,1396.43,7916.24,7757.92,Credit Card,Completed
72e8cd21-4747-456a-bffd-d6498ce448d1,2026_W23,O63752,U12886,P12,2026-06-05 16:28:18,3,5529.38,1354.74,154.28,2742.01,16588.14,15233.4,Debit Card,Completed
72e8cd21-4747-456a-bffd-d6498ce448d1,2026_W23,O63753,U32592,P109,2026-06-02 22:47:25,1,5905.39,769.21,84.04,924.51,5905.39,5136.18,UPI,Completed
72e8cd21-4747-456a-bffd-d6498ce448d1,2026_W23,O63754,U19372,P79,2026-06-06 02:34:14,4,4029.4,1056.24,105.67,2711.04,16117.6,15061.36,Wallet,Completed
72e8cd21-4747-456a-bffd-d6498ce448d1,2026_W23,O63755,U7477,P40,2026-06-03 09:35:00,2,5653.56,837.15,65.15,1884.59,11307.12,10469.97,Wallet,Completed
72e8cd21-4747-456a-bffd-d6498ce448d1,2026_W23,O63756,U4651,P126,2026-06-05 12:45:43,1,7115.51,622.81,180.01,1168.69,7115.51,6492.700000000001,Credit Card,Completed
72e8cd21-4747-456a-bffd-d6498ce448d1,2026_W23,O63757,U17694,P126,2026-06-03 04:44:00,1,7115.51,313.52,157.81,1224.36,7115.51,6801.99,Credit Card,Completed
72e8cd21-4747-456a-bffd-d6498ce448d1,2026_W23,O63758,U34361,P96,2026-06-03 17:10:58,3,6736.46,2059.52,83.08,3266.97,20209.38,18149.86,Wallet,Completed
72e8cd21-4747-456a-bffd-d6498ce448d1,2026_W23,O63759,U17605,P184,2026-06-02 06:02:01,1,2050.2,106.65,185.42,349.84,2050.2,1943.55,UPI,Completed
72e8cd21-4747-456a-bffd-d6498ce448d1,2026_W23,O63760,U12880,P129,2026-06-03 02:56:05,3,4560.09,2024.8,123.66,2097.98,13680.27,11655.47,UPI,Completed
72e8cd21-4747-456a-bffd-d6498ce448d1,2026_W23,O63761,U6566,P18,2026-06-06 13:35:04,3,5632.45,2152.09,81.66,2654.15,16897.35,14745.259999999998,UPI,Completed
72e8cd21-4747-456a-bffd-d6498ce448d1,2026_W23,O63762,U32995,P120,2026-06-03 12:44:07,4,6088.95,3582.41,94.77,3739.21,24355.8,20773.39,UPI,Completed
72e8cd21-4747-456a-bffd-d6498ce448d1,2026_W23,O63763,U25787,P192,2026-06-06 17:57:28,4,11696.08,3121.72,136.49,7859.27,46784.32,43662.6,UPI,Completed
72e8cd21-4747-456a-bffd-d6498ce448d1,2026_W23,O63764,U27688,P31,2026-06-07 12:52:09,2,2922.48,701.55,116.48,925.81,5844.96,5143.41,Debit Card,Completed
72e8cd21-4747-456a-bffd-d6498ce448d1,2026_W23,O63765,U13103,P144,2026-06-03 01:16:56,1,3365.89,327.93,124.21,546.83,3365.89,3037.96,Credit Card,Completed
72e8cd21-4747-456a-bffd-d6498ce448d1,2026_W23,O63766,U34717,P125,2026-06-03 20:44:09,3,7881.51,833.07,106.59,4106.06,23644.53,22811.46,Wallet,Completed
72e8cd21-4747-456a-bffd-d6498ce448d1,2026_W23,O63767,U1343,P91,2026-06-06 02:08:16,1,4770.75,403.09,61.49,786.18,4770.75,4367.66,UPI,Completed
72e8cd21-4747-456a-bffd-d6498ce448d1,2026_W23,O63768,U17861,P126,2026-06-04 04:15:10,1,7115.51,690.2,165.18,1156.56,7115.51,6425.31,UPI,Completed
72e8cd21-4747-456a-bffd-d6498ce448d1,2026_W23,O63769,U18282,P24,2026-06-02 11:16:35,1,7207.54,953.82,144.4,1125.67,7207.54,6253.72,Credit Card,Completed
72e8cd21-4747-456a-bffd-d6498ce448d1,2026_W23,O63770,U18856,P31,2026-06-03 05:45:13,1,2922.48,398.55,78.55,454.31,2922.48,2523.93,Debit Card,Completed
72e8cd21-4747-456a-bffd-d6498ce448d1,2026_W23,O63771,U16369,P110,2026-06-06 14:47:12,1,2362.36,205.98,53.94,388.15,2362.36,2156.38,Debit Card,Completed
72e8cd21-4747-456a-bffd-d6498ce448d1,2026_W23,O63772,U25835,P34,2026-06-05 01:42:00,2,3033.5,674.11,105.61,970.72,6067.0,5392.89,UPI,Completed
72e8cd21-4747-456a-bffd-d6498ce448d1,2026_W23,O63773,U33437,P49,2026-06-06 12:43:27,3,4491.12,146.27,192.6,2398.88,13473.36,13327.09,Credit Card,Completed
72e8cd21-4747-456a-bffd-d6498ce448d1,2026_W23,O63774,U17660,P148,2026-06-02 12:12:30,1,3184.27,109.74,170.01,553.42,3184.27,3074.53,Debit Card,Completed
72e8cd21-4747-456a-bffd-d6498ce448d1,2026_W23,O63775,U19611,P98,2026-06-05 01:58:53,2,9747.59,261.72,124.15,3462.02,19495.18,19233.46,Debit Card,Completed
72e8cd21-4747-456a-bffd-d6498ce448d1,2026_W23,O63776,U32930,P156,2026-06-05 21:08:56,1,7497.11,470.07,98.8,1264.87,7497.11,7027.04,UPI,Completed
72e8cd21-4747-456a-bffd-d6498ce448d1,2026_W23,O63777,U31953,P186,2026-06-03 18:22:49,3,7703.95,1463.19,117.57,3896.76,23111.85,21648.66,Wallet,Completed
72e8cd21-4747-456a-bffd-d6498ce448d1,2026_W23,O63778,U32062,P42,2026-06-06 21:13:55,4,7209.49,632.16,184.22,5077.04,28837.96,28205.8,Debit Card,Completed
72e8cd21-4747-456a-bffd-d6498ce448d1,2026_W23,O63779,U16424,P44,2026-06-05 09:35:10,2,3831.53,1014.72,68.86,1196.7,7663.06,6648.34,UPI,Completed
72e8cd21-4747-456a-bffd-d6498ce448d1,2026_W23,O63780,U12857,P168,2026-06-06 13:49:16,1,4347.14,218.08,51.4,743.23,4347.14,4129.06,Credit Card,Completed
72e8cd21-4747-456a-bffd-d6498ce448d1,2026_W23,O63781,U8839,P76,2026-06-07 08:01:52,4,1956.86,444.03,60.87,1329.01,7827.44,7383.41,UPI,Completed
72e8cd21-4747-456a-bffd-d6498ce448d1,2026_W23,O63782,U29816,P87,2026-06-03 21:45:53,2,2857.28,77.75,97.35,1014.63,5714.56,5636.81,Debit Card,Completed
72e8cd21-4747-456a-bffd-d6498ce448d1,2026_W23,O63783,U18733,P106,2026-06-02 09:05:38,3,4353.6,835.26,187.38,2200.6,13060.8,12225.54,Debit Card,Completed
72e8cd21-4747-456a-bffd-d6498ce448d1,2026_W23,O63784,U31029,P27,2026-06-05 13:16:57,3,4374.27,72.78,178.63,2349.01,13122.81,13050.03,Credit Card,Completed
72e8cd21-4747-456a-bffd-d6498ce448d1,2026_W23,O63785,U4641,P50,2026-06-06 22:14:24,1,2577.38,243.27,162.92,420.14,2577.38,2334.11,UPI,Completed
72e8cd21-4747-456a-bffd-d6498ce448d1,2026_W23,O63786,U30937,P48,2026-06-05 08:16:41,1,4680.1,677.68,187.25,720.44,4680.1,4002.420000000001,UPI,Completed
72e8cd21-4747-456a-bffd-d6498ce448d1,2026_W23,O63787,U16198,P5,2026-06-03 21:33:30,1,9411.93,54.65,111.22,1684.31,9411.93,9357.28,UPI,Completed
72e8cd21-4747-456a-bffd-d6498ce448d1,2026_W23,O63788,U28083,P3,2026-06-03 19:02:56,2,6836.35,135.71,70.04,2436.66,13672.7,13536.990000000002,Credit Card,Completed
72e8cd21-4747-456a-bffd-d6498ce448d1,2026_W23,O63789,U31776,P90,2026-06-02 20:00:13,2,10379.64,1529.0,84.49,3461.45,20759.28,19230.28,Wallet,Completed
72e8cd21-4747-456a-bffd-d6498ce448d1,2026_W23,O63790,U2813,P19,2026-06-05 22:27:30,4,10412.16,121.36,103.33,7474.91,41648.64,41527.28,UPI,Completed
72e8cd21-4747-456a-bffd-d6498ce448d1,2026_W23,O63791,U27333,P49,2026-06-04 00:40:34,2,4491.12,864.64,57.1,1461.17,8982.24,8117.599999999999,Wallet,Completed
72e8cd21-4747-456a-bffd-d6498ce448d1,2026_W23,O63792,U30147,P6,2026-06-06 22:44:31,3,6942.01,494.71,53.58,3659.64,20826.03,20331.32,Credit Card,Completed
72e8cd21-4747-456a-bffd-d6498ce448d1,2026_W23,O63793,U28374,P175,2026-06-03 00:08:56,2,6623.37,1315.78,60.76,2147.57,13246.74,11930.96,Debit Card,Completed
72e8cd21-4747-456a-bffd-d6498ce448d1,2026_W23,O63794,U13089,P151,2026-06-03 16:36:20,4,10300.34,248.09,113.21,7371.59,41201.36,40953.27,Debit Card,Completed
72e8cd21-4747-456a-bffd-d6498ce448d1,2026_W23,O63795,U32772,P118,2026-06-02 07:23:13,1,1413.19,175.21,112.76,222.84,1413.19,1237.98,Debit Card,Completed
72e8cd21-4747-456a-bffd-d6498ce448d1,2026_W23,O63796,U1125,P82,2026-06-04 00:20:25,2,4676.03,491.46,194.37,1594.91,9352.06,8860.6,Debit Card,Completed
72e8cd21-4747-456a-bffd-d6498ce448d1,2026_W23,O63797,U24518,P160,2026-06-02 15:17:43,3,3922.12,170.16,102.75,2087.32,11766.36,11596.2,Debit Card,Completed
72e8cd21-4747-456a-bffd-d6498ce448d1,2026_W23,O63798,U8566,P32,2026-06-07 20:19:45,2,1891.54,366.4,153.83,615.0,3783.08,3416.68,Credit Card,Completed
72e8cd21-4747-456a-bffd-d6498ce448d1,2026_W23,O63799,U16970,P197,2026-06-04 08:25:30,3,1602.39,495.66,168.64,776.07,4807.17,4311.51,UPI,Completed
72e8cd21-4747-456a-bffd-d6498ce448d1,2026_W23,O63800,U33933,P20,2026-06-04 04:42:20,1,2140.8,256.23,93.9,339.22,2140.8,1884.57,Credit Card,Completed
72e8cd21-4747-456a-bffd-d6498ce448d1,2026_W23,O63801,U9750,P73,2026-06-05 23:08:26,3,2860.52,696.92,101.78,1419.24,8581.56,7884.639999999999,Credit Card,Completed
72e8cd21-4747-456a-bffd-d6498ce448d1,2026_W23,O63802,U18686,P137,2026-06-04 16:13:49,2,2412.96,385.66,127.73,799.25,4825.92,4440.26,Credit Card,Completed
72e8cd21-4747-456a-bffd-d6498ce448d1,2026_W23,O63803,U13013,P91,2026-06-03 10:53:01,1,4770.75,321.35,57.71,800.89,4770.75,4449.4,Wallet,Completed
72e8cd21-4747-456a-bffd-d6498ce448d1,2026_W23,O63804,U28880,P80,2026-06-03 12:08:14,2,4942.61,405.08,108.89,1706.43,9885.22,9480.14,Credit Card,Completed
72e8cd21-4747-456a-bffd-d6498ce448d1,2026_W23,O63805,U15074,P94,2026-06-06 21:25:58,1,7668.43,61.24,164.17,1369.29,7668.43,7607.19,Debit Card,Completed
72e8cd21-4747-456a-bffd-d6498ce448d1,2026_W23,O63806,U13083,P40,2026-06-02 09:02:32,2,5653.56,1138.69,59.81,1830.32,11307.12,10168.43,Debit Card,Completed
72e8cd21-4747-456a-bffd-d6498ce448d1,2026_W23,O63807,U2175,P128,2026-06-06 04:19:09,2,8967.81,943.28,134.91,3058.62,17935.62,16992.34,Credit Card,Completed
72e8cd21-4747-456a-bffd-d6498ce448d1,2026_W23,O63808,U4992,P173,2026-06-02 02:03:09,1,5411.96,489.49,148.57,886.04,5411.96,4922.47,UPI,Completed
72e8cd21-4747-456a-bffd-d6498ce448d1,2026_W23,O63809,U19268,P182,2026-06-05 06:47:40,3,1987.12,622.73,175.19,960.95,5961.36,5338.629999999999,Wallet,Completed
72e8cd21-4747-456a-bffd-d6498ce448d1,2026_W23,O63810,U16251,P200,2026-06-02 15:17:21,3,2159.6,145.53,157.26,1139.99,6478.799999999999,6333.27,Debit Card,Completed
72e8cd21-4747-456a-bffd-d6498ce448d1,2026_W23,O63811,U11909,P90,2026-06-02 19:24:16,2,10379.64,985.76,136.78,3559.23,20759.28,19773.52,Debit Card,Completed
72e8cd21-4747-456a-bffd-d6498ce448d1,2026_W23,O63812,U17991,P84,2026-06-06 22:44:32,2,3400.69,598.86,97.38,1116.45,6801.38,6202.52,Wallet,Completed
72e8cd21-4747-456a-bffd-d6498ce448d1,2026_W23,O63813,U29927,P196,2026-06-07 03:14:09,2,9246.31,2748.88,190.68,2833.87,18492.62,15743.739999999998,Credit Card,Completed
72e8cd21-4747-456a-bffd-d6498ce448d1,2026_W23,O63814,U24460,P76,2026-06-04 21:02:18,4,1956.86,1158.3,132.36,1200.45,7827.44,6669.139999999999,Credit Card,Completed
72e8cd21-4747-456a-bffd-d6498ce448d1,2026_W23,O63815,U3127,P118,2026-06-03 12:40:59,2,1413.19,58.26,155.01,498.26,2826.38,2768.12,Wallet,Completed
72e8cd21-4747-456a-bffd-d6498ce448d1,2026_W23,O63816,U26226,P91,2026-06-07 13:39:09,2,4770.75,242.57,170.43,1673.81,9541.5,9298.93,Wallet,Completed
72e8cd21-4747-456a-bffd-d6498ce448d1,2026_W23,O63817,U32247,P200,2026-06-05 09:31:42,3,2159.6,699.29,193.96,1040.31,6478.799999999999,5779.509999999999,Wallet,Completed
72e8cd21-4747-456a-bffd-d6498ce448d1,2026_W23,O63818,U18262,P168,2026-06-06 02:38:37,2,4347.14,491.43,177.15,1476.51,8694.28,8202.85,UPI,Completed
72e8cd21-4747-456a-bffd-d6498ce448d1,2026_W23,O63819,U16384,P95,2026-06-03 13:21:09,2,8832.47,2352.17,60.66,2756.3,17664.94,15312.77,Credit Card,Completed
72e8cd21-4747-456a-bffd-d6498ce448d1,2026_W23,O63820,U13450,P88,2026-06-03 02:53:02,3,6362.48,1507.64,87.19,3164.36,19087.44,17579.8,Wallet,Completed
72e8cd21-4747-456a-bffd-d6498ce448d1,2026_W23,O63821,U10262,P16,2026-06-04 03:40:44,3,9334.87,120.64,187.95,5019.11,28004.61,27883.97,Debit Card,Completed
72e8cd21-4747-456a-bffd-d6498ce448d1,2026_W23,O63822,U11716,P64,2026-06-07 14:29:35,1,5229.45,157.75,113.9,912.91,5229.45,5071.7,Wallet,Completed
72e8cd21-4747-456a-bffd-d6498ce448d1,2026_W23,O63823,U1559,P164,2026-06-05 15:58:43,3,7788.37,1457.25,98.34,3943.41,23365.11,21907.86,UPI,Completed
72e8cd21-4747-456a-bffd-d6498ce448d1,2026_W23,O63824,U15484,P32,2026-06-05 14:53:33,3,1891.54,534.49,149.53,925.22,5674.62,5140.13,Credit Card,Completed
72e8cd21-4747-456a-bffd-d6498ce448d1,2026_W23,O63825,U20095,P4,2026-06-06 11:19:21,1,4763.57,365.92,116.65,791.58,4763.57,4397.65,Credit Card,Completed
72e8cd21-4747-456a-bffd-d6498ce448d1,2026_W23,O63826,U1047,P140,2026-06-02 11:02:00,2,4036.99,1065.63,191.4,1261.5,8073.98,7008.349999999999,UPI,Completed
72e8cd21-4747-456a-bffd-d6498ce448d1,2026_W23,O63827,U6625,P105,2026-06-02 14:00:28,4,2249.83,322.38,72.01,1561.85,8999.32,8676.94,UPI,Completed
72e8cd21-4747-456a-bffd-d6498ce448d1,2026_W23,O63828,U4954,P184,2026-06-06 18:02:14,4,2050.2,119.46,127.38,1454.64,8200.8,8081.339999999999,Wallet,Completed
72e8cd21-4747-456a-bffd-d6498ce448d1,2026_W23,O63829,U32122,P32,2026-06-04 21:59:33,1,1891.54,143.62,195.32,314.63,1891.54,1747.92,Credit Card,Completed
72e8cd21-4747-456a-bffd-d6498ce448d1,2026_W23,O63830,U9096,P151,2026-06-02 17:47:50,1,10300.34,1348.43,168.63,1611.34,10300.34,8951.91,UPI,Completed
72e8cd21-4747-456a-bffd-d6498ce448d1,2026_W23,O63831,U19507,P64,2026-06-03 12:16:27,2,5229.45,1019.58,166.12,1699.08,10458.9,9439.32,Debit Card,Completed
72e8cd21-4747-456a-bffd-d6498ce448d1,2026_W23,O63832,U23910,P167,2026-06-04 15:59:47,4,10191.01,4485.73,77.67,6530.1,40764.04,36278.31,Credit Card,Completed
72e8cd21-4747-456a-bffd-d6498ce448d1,2026_W23,O63833,U9490,P116,2026-06-04 13:38:17,2,6311.89,964.57,68.01,2098.66,12623.78,11659.21,UPI,Completed
72e8cd21-4747-456a-bffd-d6498ce448d1,2026_W23,O63834,U24583,P68,2026-06-06 07:26:52,3,4648.44,1392.38,122.17,2259.53,13945.32,12552.94,Wallet,Completed
72e8cd21-4747-456a-bffd-d6498ce448d1,2026_W23,O63835,U1815,P174,2026-06-02 19:59:48,1,8540.78,4.01,65.18,1536.62,8540.78,8536.77,UPI,Completed
72e8cd21-4747-456a-bffd-d6498ce448d1,2026_W23,O63836,U14698,P3,2026-06-02 21:44:53,4,6836.35,2024.83,105.15,4557.7,27345.4,25320.57,Debit Card,Completed
72e8cd21-4747-456a-bffd-d6498ce448d1,2026_W23,O63837,U28951,P86,2026-06-05 06:52:42,1,5552.06,540.78,134.96,902.03,5552.06,5011.280000000001,Credit Card,Completed
72e8cd21-4747-456a-bffd-d6498ce448d1,2026_W23,O63838,U11288,P182,2026-06-06 15:05:56,2,1987.12,356.75,186.18,651.15,3974.24,3617.49,Credit Card,Completed
72e8cd21-4747-456a-bffd-d6498ce448d1,2026_W23,O63839,U28578,P182,2026-06-03 15:54:16,2,1987.12,33.42,91.74,709.35,3974.24,3940.82,Wallet,Completed
72e8cd21-4747-456a-bffd-d6498ce448d1,2026_W23,O63840,U9662,P72,2026-06-03 09:37:39,1,7361.26,905.16,96.57,1162.1,7361.26,6456.1,Wallet,Completed
72e8cd21-4747-456a-bffd-d6498ce448d1,2026_W23,O63841,U11873,P115,2026-06-07 12:48:07,1,10604.02,21.06,146.53,1904.93,10604.02,10582.96,Wallet,Completed
72e8cd21-4747-456a-bffd-d6498ce448d1,2026_W23,O63842,U17365,P53,2026-06-03 15:27:28,1,5679.25,350.95,76.83,959.09,5679.25,5328.3,Credit Card,Completed
72e8cd21-4747-456a-bffd-d6498ce448d1,2026_W23,O63843,U6945,P75,2026-06-07 01:29:16,4,8927.29,3977.15,69.98,5711.76,35709.16,31732.01,Wallet,Completed
72e8cd21-4747-456a-bffd-d6498ce448d1,2026_W23,O63844,U34774,P168,2026-06-02 10:40:32,2,4347.14,358.25,91.79,1500.49,8694.28,8336.03,Credit Card,Completed
72e8cd21-4747-456a-bffd-d6498ce448d1,2026_W23,O63845,U2147,P145,2026-06-02 07:33:04,2,7002.35,2025.71,118.63,2156.22,14004.7,11978.990000000002,Credit Card,Completed
72e8cd21-4747-456a-bffd-d6498ce448d1,2026_W23,O63846,U28371,P132,2026-06-06 18:55:03,1,4280.82,519.87,65.8,676.97,4280.82,3760.95,Wallet,Completed
72e8cd21-4747-456a-bffd-d6498ce448d1,2026_W23,O63847,U20253,P153,2026-06-07 08:19:07,1,3236.07,422.65,113.6,506.42,3236.07,2813.42,UPI,Completed
72e8cd21-4747-456a-bffd-d6498ce448d1,2026_W23,O63848,U23228,P55,2026-06-05 15:36:09,1,2495.43,270.54,112.88,400.48,2495.43,2224.89,Credit Card,Completed
72e8cd21-4747-456a-bffd-d6498ce448d1,2026_W23,O63849,U28592,P181,2026-06-06 03:19:14,4,6034.6,2124.5,139.48,3962.5,24138.4,22013.9,Debit Card,Completed
72e8cd21-4747-456a-bffd-d6498ce448d1,2026_W23,O63850,U29018,P151,2026-06-07 05:30:08,3,10300.34,4079.16,70.42,4827.93,30901.02,26821.86,Wallet,Completed
72e8cd21-4747-456a-bffd-d6498ce448d1,2026_W23,O63851,U11152,P196,2026-06-05 08:03:32,2,9246.31,2139.94,121.14,2943.48,18492.62,16352.679999999998,Credit Card,Completed
72e8cd21-4747-456a-bffd-d6498ce448d1,2026_W23,O63852,U34695,P11,2026-06-07 17:58:17,3,4777.26,371.69,193.56,2512.82,14331.78,13960.09,Debit Card,Completed
72e8cd21-4747-456a-bffd-d6498ce448d1,2026_W23,O63853,U10490,P112,2026-06-03 00:09:36,4,7986.57,4692.37,192.41,4905.7,31946.28,27253.91,Debit Card,Completed
72e8cd21-4747-456a-bffd-d6498ce448d1,2026_W23,O63854,U6481,P138,2026-06-05 18:15:55,1,6989.52,556.23,175.02,1157.99,6989.52,6433.290000000001,Credit Card,Completed
72e8cd21-4747-456a-bffd-d6498ce448d1,2026_W23,O63855,U8136,P100,2026-06-05 16:52:11,3,6025.88,2256.9,108.58,2847.73,18077.64,15820.74,Debit Card,Completed
72e8cd21-4747-456a-bffd-d6498ce448d1,2026_W23,O63856,U26195,P43,2026-06-06 16:56:29,1,2660.01,246.2,98.62,434.49,2660.01,2413.8100000000004,Wallet,Completed
72e8cd21-4747-456a-bffd-d6498ce448d1,2026_W23,O63857,U34908,P107,2026-06-06 12:28:03,3,5037.89,670.9,122.53,2599.7,15113.670000000002,14442.770000000002,Wallet,Completed
72e8cd21-4747-456a-bffd-d6498ce448d1,2026_W23,O63858,U31734,P156,2026-06-06 21:04:51,3,7497.11,1059.03,112.44,3857.81,22491.33,21432.3,UPI,Completed
72e8cd21-4747-456a-bffd-d6498ce448d1,2026_W23,O63859,U9830,P63,2026-06-05 14:15:05,1,11400.74,1637.89,173.45,1757.31,11400.74,9762.85,Wallet,Completed
72e8cd21-4747-456a-bffd-d6498ce448d1,2026_W23,O63860,U2737,P86,2026-06-03 08:50:34,3,5552.06,2140.72,192.66,2612.78,16656.18,14515.46,UPI,Completed
72e8cd21-4747-456a-bffd-d6498ce448d1,2026_W23,O63861,U637,P90,2026-06-06 20:15:15,3,10379.64,2255.86,150.56,5198.95,31138.92,28883.06,UPI,Completed
72e8cd21-4747-456a-bffd-d6498ce448d1,2026_W23,O63862,U33373,P191,2026-06-07 18:27:09,2,6168.41,1616.05,107.41,1929.74,12336.82,10720.77,Wallet,Completed
72e8cd21-4747-456a-bffd-d6498ce448d1,2026_W23,O63863,U24422,P34,2026-06-06 20:11:14,4,3033.5,1217.64,159.63,1964.94,12134.0,10916.36,UPI,Completed
72e8cd21-4747-456a-bffd-d6498ce448d1,2026_W23,O63864,U12366,P7,2026-06-06 05:39:34,3,10896.56,1482.07,115.43,5617.37,32689.68,31207.61,UPI,Completed
72e8cd21-4747-456a-bffd-d6498ce448d1,2026_W23,O63865,U19831,P158,2026-06-07 17:44:27,2,2851.23,235.82,73.04,984.0,5702.46,5466.64,UPI,Completed
72e8cd21-4747-456a-bffd-d6498ce448d1,2026_W23,O63866,U20216,P12,2026-06-06 08:21:12,2,5529.38,353.05,92.31,1927.03,11058.76,10705.71,Debit Card,Completed
72e8cd21-4747-456a-bffd-d6498ce448d1,2026_W23,O63867,U1748,P95,2026-06-05 19:55:29,4,8832.47,1974.29,179.98,6004.01,35329.88,33355.59,Wallet,Completed
72e8cd21-4747-456a-bffd-d6498ce448d1,2026_W23,O63868,U2204,P136,2026-06-06 22:02:51,4,2987.05,1601.03,197.03,1862.49,11948.2,10347.17,Wallet,Completed
72e8cd21-4747-456a-bffd-d6498ce448d1,2026_W23,O63869,U28944,P195,2026-06-04 22:21:34,4,9936.45,5497.87,66.25,6164.63,39745.8,34247.93,Wallet,Completed
72e8cd21-4747-456a-bffd-d6498ce448d1,2026_W23,O63870,U23578,P180,2026-06-04 22:42:13,1,6330.21,652.97,100.28,1021.9,6330.21,5677.24,Credit Card,Completed
72e8cd21-4747-456a-bffd-d6498ce448d1,2026_W23,O63871,U33450,P32,2026-06-05 08:00:24,4,1891.54,33.75,57.15,1355.83,7566.16,7532.41,Credit Card,Completed
72e8cd21-4747-456a-bffd-d6498ce448d1,2026_W23,O63872,U17785,P50,2026-06-05 17:11:06,3,2577.38,272.0,180.12,1342.83,7732.14,7460.14,Wallet,Completed
72e8cd21-4747-456a-bffd-d6498ce448d1,2026_W23,O63873,U21843,P193,2026-06-05 15:29:59,4,9271.8,1603.26,168.87,6387.11,37087.2,35483.939999999995,Debit Card,Completed
72e8cd21-4747-456a-bffd-d6498ce448d1,2026_W23,O63874,U19014,P163,2026-06-03 07:26:27,1,4948.62,402.8,180.79,818.25,4948.62,4545.82,Wallet,Completed
72e8cd21-4747-456a-bffd-d6498ce448d1,2026_W23,O63875,U23536,P57,2026-06-07 01:32:51,1,8106.78,721.71,125.8,1329.31,8106.78,7385.07,Wallet,Completed
72e8cd21-4747-456a-bffd-d6498ce448d1,2026_W23,O63876,U24994,P128,2026-06-06 18:42:58,4,8967.81,4300.43,156.21,5682.75,35871.24,31570.81,Wallet,Completed
72e8cd21-4747-456a-bffd-d6498ce448d1,2026_W23,O63877,U484,P36,2026-06-06 03:40:24,1,5080.52,535.34,78.11,818.13,5080.52,4545.18,UPI,Completed
72e8cd21-4747-456a-bffd-d6498ce448d1,2026_W23,O63878,U29996,P173,2026-06-04 20:27:03,1,5411.96,439.56,178.63,895.03,5411.96,4972.4,UPI,Completed
72e8cd21-4747-456a-bffd-d6498ce448d1,2026_W23,O63879,U9198,P94,2026-06-02 21:41:09,3,7668.43,1947.14,187.4,3790.47,23005.29,21058.15,Credit Card,Completed
72e8cd21-4747-456a-bffd-d6498ce448d1,2026_W23,O63880,U2339,P27,2026-06-05 01:44:43,2,4374.27,830.87,150.98,1425.18,8748.54,7917.670000000001,UPI,Completed
72e8cd21-4747-456a-bffd-d6498ce448d1,2026_W23,O63881,U34408,P57,2026-06-07 00:53:12,3,8106.78,1779.05,50.88,4057.43,24320.34,22541.29,Credit Card,Completed
72e8cd21-4747-456a-bffd-d6498ce448d1,2026_W23,O63882,U31820,P52,2026-06-02 01:23:20,2,2737.55,58.07,131.69,975.07,5475.1,5417.030000000001,Credit Card,Completed
72e8cd21-4747-456a-bffd-d6498ce448d1,2026_W23,O63883,U15176,P160,2026-06-04 00:13:04,1,3922.12,392.81,141.76,635.28,3922.12,3529.31,UPI,Completed
72e8cd21-4747-456a-bffd-d6498ce448d1,2026_W23,O63884,U12102,P146,2026-06-04 18:33:31,4,8753.05,2839.48,123.18,5791.09,35012.2,32172.72,Credit Card,Completed
72e8cd21-4747-456a-bffd-d6498ce448d1,2026_W23,O63885,U18213,P175,2026-06-03 03:31:10,3,6623.37,1535.24,106.95,3300.28,19870.11,18334.87,UPI,Completed
72e8cd21-4747-456a-bffd-d6498ce448d1,2026_W23,O63886,U6138,P102,2026-06-03 15:52:28,3,2314.83,733.26,56.63,1118.02,6944.49,6211.23,UPI,Completed
72e8cd21-4747-456a-bffd-d6498ce448d1,2026_W23,O63887,U33157,P122,2026-06-02 15:47:52,2,7123.24,1259.23,113.0,2337.7,14246.48,12987.25,Debit Card,Completed
72e8cd21-4747-456a-bffd-d6498ce448d1,2026_W23,O63888,U34837,P58,2026-06-03 06:28:55,2,3367.03,408.0,181.28,1138.69,6734.06,6326.06,Credit Card,Completed
72e8cd21-4747-456a-bffd-d6498ce448d1,2026_W23,O63889,U32326,P64,2026-06-02 09:17:35,2,5229.45,1537.19,127.76,1605.91,10458.9,8921.71,UPI,Completed
72e8cd21-4747-456a-bffd-d6498ce448d1,2026_W23,O63890,U13648,P65,2026-06-07 17:38:59,4,9814.57,2473.46,162.17,6621.27,39258.28,36784.82,Credit Card,Completed
72e8cd21-4747-456a-bffd-d6498ce448d1,2026_W23,O63891,U24923,P13,2026-06-04 01:59:20,3,7537.32,271.05,187.51,4021.36,22611.96,22340.91,Debit Card,Completed
72e8cd21-4747-456a-bffd-d6498ce448d1,2026_W23,O63892,U16765,P33,2026-06-04 14:18:39,4,8155.0,4430.56,124.47,5074.1,32620.0,28189.44,Credit Card,Completed
72e8cd21-4747-456a-bffd-d6498ce448d1,2026_W23,O63893,U162,P96,2026-06-02 15:00:10,3,6736.46,2030.18,93.35,3272.26,20209.38,18179.2,UPI,Completed
72e8cd21-4747-456a-bffd-d6498ce448d1,2026_W23,O63894,U19232,P145,2026-06-04 05:39:07,1,7002.35,915.04,75.08,1095.72,7002.35,6087.31,Credit Card,Completed
72e8cd21-4747-456a-bffd-d6498ce448d1,2026_W23,O63895,U27202,P128,2026-06-03 16:12:10,4,8967.81,3571.82,119.85,5813.9,35871.24,32299.42,UPI,Completed
72e8cd21-4747-456a-bffd-d6498ce448d1,2026_W23,O63896,U24754,P180,2026-06-07 04:16:41,2,6330.21,1665.85,131.76,1979.02,12660.42,10994.57,UPI,Completed
72e8cd21-4747-456a-bffd-d6498ce448d1,2026_W23,O63897,U29667,P115,2026-06-07 06:51:24,3,10604.02,2996.76,142.15,5186.75,31812.06,28815.300000000003,Credit Card,Completed
72e8cd21-4747-456a-bffd-d6498ce448d1,2026_W23,O63898,U11048,P25,2026-06-07 15:12:52,3,7381.46,475.15,63.61,3900.46,22144.38,21669.23,Debit Card,Completed
72e8cd21-4747-456a-bffd-d6498ce448d1,2026_W23,O63899,U17426,P158,2026-06-03 19:08:34,3,2851.23,1184.81,59.09,1326.4,8553.69,7368.880000000001,Debit Card,Completed
72e8cd21-4747-456a-bffd-d6498ce448d1,2026_W23,O63900,U27959,P144,2026-06-04 23:08:33,4,3365.89,1985.97,170.89,2065.97,13463.56,11477.59,Debit Card,Completed
72e8cd21-4747-456a-bffd-d6498ce448d1,2026_W23,O63901,U31930,P95,2026-06-06 10:32:55,4,8832.47,4370.6,161.27,5572.67,35329.88,30959.28,Credit Card,Completed
72e8cd21-4747-456a-bffd-d6498ce448d1,2026_W23,O63902,U10606,P8,2026-06-06 10:17:31,4,6662.34,543.83,186.34,4699.0,26649.36,26105.53,UPI,Completed
72e8cd21-4747-456a-bffd-d6498ce448d1,2026_W23,O63903,U24859,P39,2026-06-07 06:34:53,4,7544.04,3795.95,73.74,4748.44,30176.16,26380.21,Credit Card,Completed
72e8cd21-4747-456a-bffd-d6498ce448d1,2026_W23,O63904,U11289,P47,2026-06-02 08:25:46,1,8854.8,1264.7,145.92,1366.22,8854.8,7590.099999999999,Wallet,Completed
72e8cd21-4747-456a-bffd-d6498ce448d1,2026_W23,O63905,U18637,P58,2026-06-03 00:03:01,3,3367.03,75.21,87.07,1804.66,10101.09,10025.88,Credit Card,Completed
72e8cd21-4747-456a-bffd-d6498ce448d1,2026_W23,O63906,U6818,P60,2026-06-05 19:26:25,3,7906.19,2857.22,54.13,3755.04,23718.57,20861.35,Credit Card,Completed
72e8cd21-4747-456a-bffd-d6498ce448d1,2026_W23,O63907,U19736,P172,2026-06-04 01:12:15,3,1445.78,438.44,138.54,701.8,4337.34,3898.9,UPI,Completed
72e8cd21-4747-456a-bffd-d6498ce448d1,2026_W23,O63908,U2003,P34,2026-06-04 02:53:33,1,3033.5,18.54,163.51,542.69,3033.5,3014.96,Credit Card,Completed
72e8cd21-4747-456a-bffd-d6498ce448d1,2026_W23,O63909,U33226,P104,2026-06-06 18:09:43,1,5590.84,816.0,93.02,859.47,5590.84,4774.84,Wallet,Completed
72e8cd21-4747-456a-bffd-d6498ce448d1,2026_W23,O63910,U22398,P75,2026-06-03 19:36:08,3,8927.29,423.2,195.55,4744.56,26781.870000000003,26358.67,Debit Card,Completed
72e8cd21-4747-456a-bffd-d6498ce448d1,2026_W23,O63911,U29466,P195,2026-06-04 17:30:36,3,9936.45,1124.48,73.19,5163.28,29809.35,28684.870000000003,Credit Card,Completed
72e8cd21-4747-456a-bffd-d6498ce448d1,2026_W23,O63912,U12531,P58,2026-06-07 02:18:16,3,3367.03,848.95,199.47,1665.39,10101.09,9252.14,Debit Card,Completed
72e8cd21-4747-456a-bffd-d6498ce448d1,2026_W23,O63913,U13531,P146,2026-06-05 12:53:51,3,8753.05,1725.02,67.83,4416.14,26259.15,24534.13,Wallet,Completed
72e8cd21-4747-456a-bffd-d6498ce448d1,2026_W23,O63914,U8506,P57,2026-06-06 05:03:03,4,8106.78,503.47,127.85,5746.26,32427.12,31923.65,Wallet,Completed
72e8cd21-4747-456a-bffd-d6498ce448d1,2026_W23,O63915,U23578,P157,2026-06-02 12:39:30,1,6948.33,105.97,186.45,1231.62,6948.33,6842.36,Debit Card,Completed
72e8cd21-4747-456a-bffd-d6498ce448d1,2026_W23,O63916,U18497,P127,2026-06-05 16:36:28,3,7703.2,2008.14,158.74,3798.26,23109.6,21101.46,Debit Card,Completed
72e8cd21-4747-456a-bffd-d6498ce448d1,2026_W23,O63917,U20259,P122,2026-06-03 02:35:16,3,7123.24,1244.02,174.17,3622.63,21369.72,20125.7,Credit Card,Completed
72e8cd21-4747-456a-bffd-d6498ce448d1,2026_W23,O63918,U34281,P114,2026-06-06 23:40:19,2,3958.12,172.55,51.69,1393.86,7916.24,7743.69,UPI,Completed
72e8cd21-4747-456a-bffd-d6498ce448d1,2026_W23,O63919,U32341,P136,2026-06-04 09:28:20,1,2987.05,227.91,83.48,496.65,2987.05,2759.1400000000003,UPI,Completed
72e8cd21-4747-456a-bffd-d6498ce448d1,2026_W23,O63920,U22685,P72,2026-06-04 09:15:11,2,7361.26,667.38,125.41,2529.93,14722.52,14055.14,UPI,Completed
72e8cd21-4747-456a-bffd-d6498ce448d1,2026_W23,O63921,U6012,P64,2026-06-03 02:02:29,3,5229.45,76.85,185.61,2810.07,15688.35,15611.499999999998,Wallet,Completed
72e8cd21-4747-456a-bffd-d6498ce448d1,2026_W23,O63922,U31620,P112,2026-06-02 01:27:25,2,7986.57,2231.56,153.53,2473.48,15973.14,13741.58,Wallet,Completed
72e8cd21-4747-456a-bffd-d6498ce448d1,2026_W23,O63923,U142,P165,2026-06-07 13:54:21,2,2657.45,63.61,194.96,945.23,5314.9,5251.29,Debit Card,Completed
72e8cd21-4747-456a-bffd-d6498ce448d1,2026_W23,O63924,U8912,P173,2026-06-02 08:28:13,2,5411.96,438.95,63.1,1869.29,10823.92,10384.97,UPI,Completed
72e8cd21-4747-456a-bffd-d6498ce448d1,2026_W23,O63925,U28287,P114,2026-06-02 13:39:20,2,3958.12,228.71,133.38,1383.76,7916.24,7687.53,Debit Card,Completed
72e8cd21-4747-456a-bffd-d6498ce448d1,2026_W23,O63926,U20764,P87,2026-06-03 08:50:51,4,2857.28,595.01,189.17,1950.14,11429.12,10834.11,Wallet,Completed
72e8cd21-4747-456a-bffd-d6498ce448d1,2026_W23,O63927,U4905,P70,2026-06-04 17:21:03,4,10058.46,3687.67,183.75,6578.31,40233.84,36546.17,Wallet,Completed
72e8cd21-4747-456a-bffd-d6498ce448d1,2026_W23,O63928,U23157,P55,2026-06-02 17:28:40,2,2495.43,82.67,155.56,883.47,4990.86,4908.19,Debit Card,Completed
72e8cd21-4747-456a-bffd-d6498ce448d1,2026_W23,O63929,U15720,P108,2026-06-04 10:00:24,1,3076.73,209.29,197.88,516.14,3076.73,2867.44,UPI,Completed
72e8cd21-4747-456a-bffd-d6498ce448d1,2026_W23,O63930,U19028,P159,2026-06-05 12:41:51,1,5981.94,570.71,119.1,974.02,5981.94,5411.23,UPI,Completed
72e8cd21-4747-456a-bffd-d6498ce448d1,2026_W23,O63931,U6224,P175,2026-06-06 19:58:04,3,6623.37,2711.97,193.9,3088.47,19870.11,17158.14,Credit Card,Completed
72e8cd21-4747-456a-bffd-d6498ce448d1,2026_W23,O63932,U6481,P73,2026-06-07 06:34:12,2,2860.52,485.1,135.42,942.47,5721.04,5235.94,Debit Card,Completed
72e8cd21-4747-456a-bffd-d6498ce448d1,2026_W23,O63933,U20470,P30,2026-06-03 15:35:30,3,10435.98,2749.79,77.45,5140.47,31307.94,28558.15,Debit Card,Completed
72e8cd21-4747-456a-bffd-d6498ce448d1,2026_W23,O63934,U4893,P15,2026-06-05 20:54:41,2,1828.72,415.66,112.7,583.52,3657.44,3241.78,Credit Card,Completed
72e8cd21-4747-456a-bffd-d6498ce448d1,2026_W23,O63935,U30458,P4,2026-06-06 21:37:45,4,4763.57,341.81,71.36,3368.24,19054.28,18712.47,Credit Card,Completed
72e8cd21-4747-456a-bffd-d6498ce448d1,2026_W23,O63936,U25835,P159,2026-06-02 15:29:48,1,5981.94,292.21,89.2,1024.15,5981.94,5689.73,Debit Card,Completed
72e8cd21-4747-456a-bffd-d6498ce448d1,2026_W23,O63937,U18518,P102,2026-06-04 16:07:52,2,2314.83,291.32,64.6,780.9,4629.66,4338.34,Credit Card,Completed
72e8cd21-4747-456a-bffd-d6498ce448d1,2026_W23,O63938,U27202,P91,2026-06-05 21:11:42,3,4770.75,2039.16,138.6,2209.16,14312.25,12273.09,UPI,Completed
72e8cd21-4747-456a-bffd-d6498ce448d1,2026_W23,O63939,U2680,P200,2026-06-06 13:54:42,2,2159.6,591.57,102.52,670.97,4319.2,3727.63,Debit Card,Completed
72e8cd21-4747-456a-bffd-d6498ce448d1,2026_W23,O63940,U19687,P3,2026-06-06 22:16:47,1,6836.35,859.34,155.49,1075.86,6836.35,5977.01,Debit Card,Completed
72e8cd21-4747-456a-bffd-d6498ce448d1,2026_W23,O63941,U16029,P92,2026-06-07 14:32:05,2,2278.27,112.29,164.16,799.96,4556.54,4444.25,Wallet,Completed
72e8cd21-4747-456a-bffd-d6498ce448d1,2026_W23,O63942,U12880,P198,2026-06-07 12:37:49,3,7893.47,1921.44,83.85,3916.61,23680.41,21758.97,Credit Card,Completed
72e8cd21-4747-456a-bffd-d6498ce448d1,2026_W23,O63943,U34962,P51,2026-06-06 13:52:29,4,5156.58,1802.5,147.95,3388.29,20626.32,18823.82,Credit Card,Completed
72e8cd21-4747-456a-bffd-d6498ce448d1,2026_W23,O63944,U11868,P107,2026-06-03 17:01:09,4,5037.89,2775.82,191.02,3127.63,20151.56,17375.74,UPI,Completed
72e8cd21-4747-456a-bffd-d6498ce448d1,2026_W23,O63945,U4405,P12,2026-06-04 19:01:30,1,5529.38,44.83,178.51,987.22,5529.38,5484.55,Credit Card,Completed
72e8cd21-4747-456a-bffd-d6498ce448d1,2026_W23,O63946,U11673,P65,2026-06-02 08:44:45,4,9814.57,5847.16,126.12,6014.0,39258.28,33411.119999999995,Debit Card,Completed
72e8cd21-4747-456a-bffd-d6498ce448d1,2026_W23,O63947,U32985,P133,2026-06-03 01:30:50,2,9654.47,2145.92,173.57,3089.34,19308.94,17163.019999999997,UPI,Completed
72e8cd21-4747-456a-bffd-d6498ce448d1,2026_W23,O63948,U30084,P107,2026-06-02 01:04:04,1,5037.89,142.12,96.0,881.24,5037.89,4895.77,UPI,Completed
72e8cd21-4747-456a-bffd-d6498ce448d1,2026_W23,O63949,U34062,P91,2026-06-04 18:37:44,2,4770.75,880.77,183.75,1558.93,9541.5,8660.73,UPI,Completed
72e8cd21-4747-456a-bffd-d6498ce448d1,2026_W23,O63950,U34885,P118,2026-06-05 22:16:44,1,1413.19,133.95,121.02,230.26,1413.19,1279.24,UPI,Completed
72e8cd21-4747-456a-bffd-d6498ce448d1,2026_W23,O63951,U5098,P11,2026-06-02 23:07:46,1,4777.26,366.35,83.59,793.96,4777.26,4410.91,Wallet,Completed
72e8cd21-4747-456a-bffd-d6498ce448d1,2026_W23,O63952,U10968,P157,2026-06-03 13:47:36,1,6948.33,683.33,82.88,1127.7,6948.33,6265.0,UPI,Completed
72e8cd21-4747-456a-bffd-d6498ce448d1,2026_W23,O63953,U31003,P59,2026-06-03 23:42:38,3,3877.77,466.84,114.82,2009.96,11633.31,11166.47,Credit Card,Completed
72e8cd21-4747-456a-bffd-d6498ce448d1,2026_W23,O63954,U34684,P46,2026-06-06 18:46:45,3,4606.02,1886.99,98.82,2147.59,13818.06,11931.070000000002,Credit Card,Completed
72e8cd21-4747-456a-bffd-d6498ce448d1,2026_W23,O63955,U15,P124,2026-06-07 12:16:26,1,3516.67,502.88,171.88,542.48,3516.67,3013.79,Credit Card,Completed
72e8cd21-4747-456a-bffd-d6498ce448d1,2026_W23,O63956,U16687,P74,2026-06-03 07:56:21,3,4407.74,1869.76,96.98,2043.62,13223.22,11353.46,UPI,Completed
72e8cd21-4747-456a-bffd-d6498ce448d1,2026_W23,O63957,U12050,P19,2026-06-06 16:17:19,1,10412.16,1056.14,191.77,1684.08,10412.16,9356.02,UPI,Completed
72e8cd21-4747-456a-bffd-d6498ce448d1,2026_W23,O63958,U34354,P66,2026-06-07 09:02:21,4,5068.12,846.01,185.33,3496.76,20272.48,19426.47,Credit Card,Completed
72e8cd21-4747-456a-bffd-d6498ce448d1,2026_W23,O63959,U12818,P29,2026-06-05 07:46:08,3,1532.51,156.93,162.54,799.31,4597.53,4440.599999999999,Wallet,Completed
72e8cd21-4747-456a-bffd-d6498ce448d1,2026_W23,O63960,U30896,P63,2026-06-04 00:26:40,4,11400.74,85.36,50.43,8193.17,45602.96,45517.6,Debit Card,Completed
72e8cd21-4747-456a-bffd-d6498ce448d1,2026_W23,O63961,U23348,P45,2026-06-06 18:11:46,2,10226.58,2121.51,75.11,3299.7,20453.16,18331.65,UPI,Completed
72e8cd21-4747-456a-bffd-d6498ce448d1,2026_W23,O63962,U16020,P140,2026-06-06 22:25:12,2,4036.99,871.42,94.49,1296.46,8073.98,7202.56,UPI,Completed
72e8cd21-4747-456a-bffd-d6498ce448d1,2026_W23,O63963,U25550,P8,2026-06-03 21:02:55,3,6662.34,658.57,53.3,3479.12,19987.02,19328.45,Wallet,Completed
72e8cd21-4747-456a-bffd-d6498ce448d1,2026_W23,O63964,U11865,P81,2026-06-03 08:12:21,3,6992.52,2085.24,70.83,3400.62,20977.56,18892.32,Credit Card,Completed
72e8cd21-4747-456a-bffd-d6498ce448d1,2026_W23,O63965,U15233,P71,2026-06-07 04:56:52,4,4652.78,1230.79,193.62,3128.46,18611.12,17380.329999999998,Wallet,Completed
72e8cd21-4747-456a-bffd-d6498ce448d1,2026_W23,O63966,U2541,P74,2026-06-03 11:03:50,1,4407.74,143.96,94.99,767.48,4407.74,4263.78,Credit Card,Completed
72e8cd21-4747-456a-bffd-d6498ce448d1,2026_W23,O63967,U16284,P171,2026-06-07 14:45:23,2,3668.91,444.58,181.87,1240.78,7337.82,6893.24,Wallet,Completed
72e8cd21-4747-456a-bffd-d6498ce448d1,2026_W23,O63968,U1050,P127,2026-06-04 03:29:45,2,7703.2,1353.71,147.33,2529.48,15406.4,14052.69,Debit Card,Completed
72e8cd21-4747-456a-bffd-d6498ce448d1,2026_W23,O63969,U24990,P185,2026-06-04 20:13:59,3,7874.65,1475.69,109.12,3986.69,23623.95,22148.26,Credit Card,Completed
72e8cd21-4747-456a-bffd-d6498ce448d1,2026_W23,O63970,U6560,P43,2026-06-06 19:09:16,4,2660.01,838.29,186.47,1764.31,10640.04,9801.75,UPI,Completed
72e8cd21-4747-456a-bffd-d6498ce448d1,2026_W23,O63971,U27979,P165,2026-06-02 04:06:01,1,2657.45,310.4,116.29,422.47,2657.45,2347.05,Wallet,Completed
72e8cd21-4747-456a-bffd-d6498ce448d1,2026_W23,O63972,U23788,P62,2026-06-05 21:19:43,1,10625.67,410.11,103.17,1838.8,10625.67,10215.56,UPI,Completed
72e8cd21-4747-456a-bffd-d6498ce448d1,2026_W23,O63973,U15029,P121,2026-06-03 01:06:12,4,3168.81,413.09,97.09,2207.19,12675.24,12262.15,Debit Card,Completed
72e8cd21-4747-456a-bffd-d6498ce448d1,2026_W23,O63974,U11864,P50,2026-06-04 07:43:52,1,2577.38,261.72,109.99,416.82,2577.38,2315.66,Debit Card,Completed
72e8cd21-4747-456a-bffd-d6498ce448d1,2026_W23,O63975,U29491,P33,2026-06-04 16:06:45,4,8155.0,1124.66,133.42,5669.16,32620.0,31495.34,Debit Card,Completed
72e8cd21-4747-456a-bffd-d6498ce448d1,2026_W23,O63976,U8115,P121,2026-06-07 14:19:48,3,3168.81,30.23,180.48,1705.72,9506.43,9476.2,UPI,Completed
72e8cd21-4747-456a-bffd-d6498ce448d1,2026_W23,O63977,U1125,P124,2026-06-04 17:50:29,4,3516.67,402.95,88.7,2459.47,14066.68,13663.73,Wallet,Completed
72e8cd21-4747-456a-bffd-d6498ce448d1,2026_W23,O63978,U33911,P126,2026-06-02 15:25:44,2,7115.51,1209.32,120.45,2343.91,14231.02,13021.7,Wallet,Completed
72e8cd21-4747-456a-bffd-d6498ce448d1,2026_W23,O63979,U16516,P58,2026-06-06 15:17:28,3,3367.03,498.65,155.64,1728.44,10101.09,9602.44,Credit Card,Completed
72e8cd21-4747-456a-bffd-d6498ce448d1,2026_W23,O63980,U26636,P73,2026-06-06 04:54:03,3,2860.52,255.7,161.76,1498.65,8581.56,8325.859999999999,Wallet,Completed
72e8cd21-4747-456a-bffd-d6498ce448d1,2026_W23,O63981,U18844,P127,2026-06-06 21:49:30,4,7703.2,285.66,193.7,5494.89,30812.8,30527.14,Debit Card,Completed
72e8cd21-4747-456a-bffd-d6498ce448d1,2026_W23,O63982,U5817,P142,2026-06-04 20:24:08,2,5009.2,341.85,67.38,1741.78,10018.4,9676.55,Wallet,Completed
72e8cd21-4747-456a-bffd-d6498ce448d1,2026_W23,O63983,U3349,P181,2026-06-04 08:37:50,3,6034.6,2233.89,136.02,2856.58,18103.800000000003,15869.910000000003,UPI,Completed
72e8cd21-4747-456a-bffd-d6498ce448d1,2026_W23,O63984,U25998,P14,2026-06-02 20:57:09,4,7736.91,4072.84,177.31,4837.46,30947.64,26874.8,UPI,Completed
72e8cd21-4747-456a-bffd-d6498ce448d1,2026_W23,O63985,U11457,P174,2026-06-07 12:46:56,2,8540.78,2275.01,157.93,2665.18,17081.56,14806.55,Debit Card,Completed
72e8cd21-4747-456a-bffd-d6498ce448d1,2026_W23,O63986,U28435,P106,2026-06-06 21:38:39,3,4353.6,1308.25,125.2,2115.46,13060.8,11752.55,Debit Card,Completed
72e8cd21-4747-456a-bffd-d6498ce448d1,2026_W23,O63987,U27282,P85,2026-06-04 11:02:57,1,7940.53,380.87,84.0,1360.74,7940.53,7559.66,Wallet,Completed
72e8cd21-4747-456a-bffd-d6498ce448d1,2026_W23,O63988,U19168,P159,2026-06-03 01:09:58,2,5981.94,814.19,74.19,2006.94,11963.88,11149.69,UPI,Completed
72e8cd21-4747-456a-bffd-d6498ce448d1,2026_W23,O63989,U28800,P183,2026-06-04 00:48:41,2,5821.34,361.18,128.88,2030.67,11642.68,11281.5,UPI,Completed
72e8cd21-4747-456a-bffd-d6498ce448d1,2026_W23,O63990,U24146,P50,2026-06-02 23:22:24,2,2577.38,542.68,69.03,830.17,5154.76,4612.08,Debit Card,Completed
72e8cd21-4747-456a-bffd-d6498ce448d1,2026_W23,O63991,U32202,P13,2026-06-05 17:28:17,3,7537.32,3366.15,119.48,3464.25,22611.96,19245.81,Wallet,Completed
72e8cd21-4747-456a-bffd-d6498ce448d1,2026_W23,O63992,U3378,P135,2026-06-05 20:56:51,1,4974.87,256.7,174.68,849.27,4974.87,4718.17,Debit Card,Completed
72e8cd21-4747-456a-bffd-d6498ce448d1,2026_W23,O63993,U9219,P109,2026-06-05 15:46:09,1,5905.39,219.66,179.68,1023.43,5905.39,5685.7300000000005,UPI,Completed
72e8cd21-4747-456a-bffd-d6498ce448d1,2026_W23,O63994,U14508,P85,2026-06-06 07:48:49,2,7940.53,1719.84,121.32,2549.02,15881.06,14161.22,UPI,Completed
72e8cd21-4747-456a-bffd-d6498ce448d1,2026_W23,O63995,U4742,P128,2026-06-07 04:34:45,3,8967.81,3922.1,185.91,4136.64,26903.43,22981.33,UPI,Completed
72e8cd21-4747-456a-bffd-d6498ce448d1,2026_W23,O63996,U1050,P174,2026-06-03 05:36:07,4,8540.78,1649.71,183.89,5852.41,34163.12,32513.410000000003,UPI,Completed
72e8cd21-4747-456a-bffd-d6498ce448d1,2026_W23,O63997,U13928,P155,2026-06-06 21:08:44,1,5852.84,793.11,124.4,910.75,5852.84,5059.7300000000005,Credit Card,Completed
72e8cd21-4747-456a-bffd-d6498ce448d1,2026_W23,O63998,U5224,P185,2026-06-02 07:57:03,1,7874.65,502.73,86.21,1326.95,7874.65,7371.92,UPI,Completed
72e8cd21-4747-456a-bffd-d6498ce448d1,2026_W23,O63999,U10733,P165,2026-06-05 23:46:55,2,2657.45,488.38,132.32,868.77,5314.9,4826.52,Debit Card,Completed
72e8cd21-4747-456a-bffd-d6498ce448d1,2026_W23,O64000,U21486,P49,2026-06-02 10:58:18,2,4491.12,881.76,90.63,1458.09,8982.24,8100.48,Credit Card,Completed
72e8cd21-4747-456a-bffd-d6498ce448d1,2026_W23,O64001,U13963,P151,2026-06-02 00:37:23,2,10300.34,2083.58,155.77,3333.08,20600.68,18517.1,Credit Card,Completed
72e8cd21-4747-456a-bffd-d6498ce448d1,2026_W23,O64002,U8241,P124,2026-06-03 00:06:46,4,3516.67,2064.1,146.39,2160.46,14066.68,12002.58,Wallet,Completed
72e8cd21-4747-456a-bffd-d6498ce448d1,2026_W23,O64003,U25126,P94,2026-06-02 00:07:49,3,7668.43,3021.2,153.77,3597.14,23005.29,19984.09,Debit Card,Completed
72e8cd21-4747-456a-bffd-d6498ce448d1,2026_W23,O64004,U2689,P72,2026-06-05 11:17:23,3,7361.26,1899.93,57.93,3633.09,22083.78,20183.85,UPI,Completed
72e8cd21-4747-456a-bffd-d6498ce448d1,2026_W23,O64005,U2449,P125,2026-06-04 05:21:14,3,7881.51,2390.49,57.13,3825.73,23644.53,21254.04,Credit Card,Completed
72e8cd21-4747-456a-bffd-d6498ce448d1,2026_W23,O64006,U9039,P190,2026-06-07 11:30:49,2,7773.11,795.41,69.38,2655.15,15546.22,14750.81,UPI,Completed
72e8cd21-4747-456a-bffd-d6498ce448d1,2026_W23,O64007,U1042,P172,2026-06-05 18:41:02,1,1445.78,119.68,148.02,238.7,1445.78,1326.1,UPI,Completed
72e8cd21-4747-456a-bffd-d6498ce448d1,2026_W23,O64008,U33213,P149,2026-06-02 09:03:33,2,5363.67,1016.56,192.62,1747.94,10727.34,9710.78,Debit Card,Completed
72e8cd21-4747-456a-bffd-d6498ce448d1,2026_W23,O64009,U5993,P54,2026-06-07 16:39:52,4,8322.93,3942.37,167.62,5282.88,33291.72,29349.35,Wallet,Completed
72e8cd21-4747-456a-bffd-d6498ce448d1,2026_W23,O64010,U9029,P132,2026-06-01 21:37:18,1,4280.82,584.46,54.83,665.34,4280.82,3696.36,Credit Card,Completed
72e8cd21-4747-456a-bffd-d6498ce448d1,2026_W23,O64011,U15706,P109,2026-06-06 19:27:23,2,5905.39,1687.36,159.99,1822.22,11810.78,10123.42,Wallet,Completed
72e8cd21-4747-456a-bffd-d6498ce448d1,2026_W23,O64012,U11835,P172,2026-06-07 11:49:51,2,1445.78,322.82,140.72,462.37,2891.56,2568.74,Debit Card,Completed
72e8cd21-4747-456a-bffd-d6498ce448d1,2026_W23,O64013,U9082,P195,2026-06-03 07:29:11,2,9936.45,1709.27,78.56,3269.45,19872.9,18163.63,Credit Card,Completed
72e8cd21-4747-456a-bffd-d6498ce448d1,2026_W23,O64014,U23011,P27,2026-06-04 05:44:32,3,4374.27,1442.01,169.74,2102.54,13122.81,11680.8,Credit Card,Completed
72e8cd21-4747-456a-bffd-d6498ce448d1,2026_W23,O64015,U15956,P146,2026-06-03 14:59:37,4,8753.05,4058.9,98.4,5571.59,35012.2,30953.3,UPI,Completed
72e8cd21-4747-456a-bffd-d6498ce448d1,2026_W23,O64016,U5142,P113,2026-06-04 13:07:54,3,5995.63,2142.71,110.01,2851.95,17986.89,15844.18,Credit Card,Completed
72e8cd21-4747-456a-bffd-d6498ce448d1,2026_W23,O64017,U19943,P15,2026-06-05 11:32:53,1,1828.72,210.51,107.84,291.28,1828.72,1618.21,Credit Card,Completed
72e8cd21-4747-456a-bffd-d6498ce448d1,2026_W23,O64018,U1050,P123,2026-06-07 17:35:03,4,7379.51,18.28,116.71,5309.96,29518.04,29499.76,UPI,Completed
72e8cd21-4747-456a-bffd-d6498ce448d1,2026_W23,O64019,U26162,P12,2026-06-04 02:41:16,1,5529.38,613.0,179.31,884.95,5529.38,4916.38,Credit Card,Completed
72e8cd21-4747-456a-bffd-d6498ce448d1,2026_W23,O64020,U4439,P136,2026-06-03 01:52:47,2,2987.05,888.59,54.33,915.39,5974.1,5085.51,Credit Card,Completed
72e8cd21-4747-456a-bffd-d6498ce448d1,2026_W23,O64021,U24880,P34,2026-06-03 17:33:38,2,3033.5,264.7,100.57,1044.41,6067.0,5802.3,UPI,Completed
72e8cd21-4747-456a-bffd-d6498ce448d1,2026_W23,O64022,U4460,P64,2026-06-07 15:22:21,4,5229.45,908.36,92.27,3601.7,20917.8,20009.44,Wallet,Completed
72e8cd21-4747-456a-bffd-d6498ce448d1,2026_W23,O64023,U14846,P26,2026-06-05 15:30:35,3,6921.53,2726.23,145.48,3246.9,20764.59,18038.36,Credit Card,Completed
72e8cd21-4747-456a-bffd-d6498ce448d1,2026_W23,O64024,U17457,P182,2026-06-04 10:19:17,2,1987.12,300.82,71.97,661.22,3974.24,3673.42,Debit Card,Completed
72e8cd21-4747-456a-bffd-d6498ce448d1,2026_W23,O64025,U22533,P128,2026-06-02 18:28:54,4,8967.81,2527.94,92.55,6001.79,35871.24,33343.3,Credit Card,Completed
72e8cd21-4747-456a-bffd-d6498ce448d1,2026_W23,O64026,U1487,P104,2026-06-05 20:31:54,1,5590.84,802.09,65.57,861.98,5590.84,4788.75,UPI,Completed
72e8cd21-4747-456a-bffd-d6498ce448d1,2026_W23,O64027,U15966,P86,2026-06-03 20:27:09,3,5552.06,1790.73,111.14,2675.78,16656.18,14865.45,Debit Card,Completed
72e8cd21-4747-456a-bffd-d6498ce448d1,2026_W23,O64028,U3951,P154,2026-06-03 03:03:10,1,7488.16,1089.18,105.35,1151.82,7488.16,6398.98,Credit Card,Completed
72e8cd21-4747-456a-bffd-d6498ce448d1,2026_W23,O64029,U29564,P165,2026-06-07 18:28:07,2,2657.45,577.49,57.66,852.73,5314.9,4737.41,UPI,Completed
72e8cd21-4747-456a-bffd-d6498ce448d1,2026_W23,O64030,U27202,P10,2026-06-07 05:44:18,4,6265.23,140.17,143.95,4485.73,25060.92,24920.75,Debit Card,Completed
72e8cd21-4747-456a-bffd-d6498ce448d1,2026_W23,O64031,U471,P133,2026-06-06 14:05:41,4,9654.47,467.07,146.81,6867.15,38617.88,38150.81,Credit Card,Completed
72e8cd21-4747-456a-bffd-d6498ce448d1,2026_W23,O64032,U32667,P58,2026-06-07 14:21:39,3,3367.03,497.12,126.15,1728.71,10101.09,9603.97,Debit Card,Completed
72e8cd21-4747-456a-bffd-d6498ce448d1,2026_W23,O64033,U18240,P29,2026-06-03 03:21:29,2,1532.51,386.91,79.28,482.06,3065.02,2678.11,UPI,Completed
72e8cd21-4747-456a-bffd-d6498ce448d1,2026_W23,O64034,U32238,P143,2026-06-04 05:52:02,1,1686.4,229.09,183.05,262.32,1686.4,1457.3100000000002,Wallet,Completed
72e8cd21-4747-456a-bffd-d6498ce448d1,2026_W23,O64035,U12818,P196,2026-06-06 16:44:37,3,9246.31,130.71,72.52,4969.48,27738.93,27608.22,Credit Card,Completed
72e8cd21-4747-456a-bffd-d6498ce448d1,2026_W23,O64036,U17386,P47,2026-06-05 05:01:07,3,8854.8,527.55,144.26,4686.63,26564.4,26036.85,Wallet,Completed
72e8cd21-4747-456a-bffd-d6498ce448d1,2026_W23,O64037,U32886,P38,2026-06-06 04:29:08,2,9269.67,2415.23,192.41,2902.34,18539.34,16124.11,UPI,Completed
72e8cd21-4747-456a-bffd-d6498ce448d1,2026_W23,O64038,U33130,P136,2026-06-06 04:22:07,3,2987.05,533.42,68.0,1516.99,8961.150000000001,8427.730000000001,Wallet,Completed
72e8cd21-4747-456a-bffd-d6498ce448d1,2026_W23,O64039,U6560,P159,2026-06-02 14:08:53,1,5981.94,165.78,92.28,1046.91,5981.94,5816.16,Wallet,Completed
72e8cd21-4747-456a-bffd-d6498ce448d1,2026_W23,O64040,U13131,P89,2026-06-03 12:32:20,2,9725.61,1417.65,111.45,3246.04,19451.22,18033.57,Credit Card,Completed
72e8cd21-4747-456a-bffd-d6498ce448d1,2026_W23,O64041,U2866,P162,2026-06-02 12:17:32,3,4947.62,1494.7,173.06,2402.67,14842.86,13348.16,UPI,Completed
72e8cd21-4747-456a-bffd-d6498ce448d1,2026_W23,O64042,U34553,P45,2026-06-03 06:06:06,3,10226.58,4566.37,187.96,4700.41,30679.74,26113.37,Debit Card,Completed
72e8cd21-4747-456a-bffd-d6498ce448d1,2026_W23,O64043,U9782,P23,2026-06-06 10:07:28,4,8537.77,4904.32,130.34,5264.42,34151.08,29246.76,Wallet,Completed
72e8cd21-4747-456a-bffd-d6498ce448d1,2026_W23,O64044,U7245,P66,2026-06-05 19:08:44,3,5068.12,32.21,127.52,2730.99,15204.36,15172.15,Debit Card,Completed
72e8cd21-4747-456a-bffd-d6498ce448d1,2026_W23,O64045,U25115,P23,2026-06-02 20:54:55,1,8537.77,1168.33,88.89,1326.5,8537.77,7369.44,Debit Card,Completed
72e8cd21-4747-456a-bffd-d6498ce448d1,2026_W23,O64046,U15738,P5,2026-06-07 10:02:13,4,9411.93,350.73,140.65,6713.46,37647.72,37296.99,Wallet,Completed
72e8cd21-4747-456a-bffd-d6498ce448d1,2026_W23,O64047,U33437,P48,2026-06-06 08:02:21,2,4680.1,786.54,166.54,1543.26,9360.2,8573.66,Debit Card,Completed
72e8cd21-4747-456a-bffd-d6498ce448d1,2026_W23,O64048,U17406,P174,2026-06-04 08:55:18,4,8540.78,2297.61,134.03,5735.79,34163.12,31865.51,Debit Card,Completed
72e8cd21-4747-456a-bffd-d6498ce448d1,2026_W23,O64049,U10485,P144,2026-06-04 18:55:30,2,3365.89,782.3,141.54,1070.91,6731.78,5949.48,Wallet,Completed
72e8cd21-4747-456a-bffd-d6498ce448d1,2026_W23,O64050,U1285,P84,2026-06-04 22:33:09,3,3400.69,1298.5,80.26,1602.64,10202.07,8903.57,Credit Card,Completed
72e8cd21-4747-456a-bffd-d6498ce448d1,2026_W23,O64051,U6187,P141,2026-06-03 23:34:53,3,3712.37,737.04,188.43,1872.01,11137.11,10400.07,Wallet,Completed
72e8cd21-4747-456a-bffd-d6498ce448d1,2026_W23,O64052,U8443,P95,2026-06-06 23:04:10,4,8832.47,2177.62,143.83,5967.41,35329.88,33152.259999999995,Debit Card,Completed
72e8cd21-4747-456a-bffd-d6498ce448d1,2026_W23,O64053,U1281,P52,2026-06-05 19:27:49,3,2737.55,194.39,171.09,1443.29,8212.650000000001,8018.260000000001,Credit Card,Completed
72e8cd21-4747-456a-bffd-d6498ce448d1,2026_W23,O64054,U23674,P105,2026-06-02 05:22:00,2,2249.83,581.84,135.98,705.21,4499.66,3917.82,UPI,Completed
72e8cd21-4747-456a-bffd-d6498ce448d1,2026_W23,O64055,U11284,P83,2026-06-02 19:00:12,3,4290.17,597.19,123.2,2209.2,12870.51,12273.32,Wallet,Completed
72e8cd21-4747-456a-bffd-d6498ce448d1,2026_W23,O64056,U15217,P181,2026-06-02 15:51:55,4,6034.6,2108.27,59.03,3965.42,24138.4,22030.13,Credit Card,Completed
72e8cd21-4747-456a-bffd-d6498ce448d1,2026_W23,O64057,U27307,P48,2026-06-05 00:53:52,3,4680.1,1096.29,144.45,2329.92,14040.3,12944.010000000002,Debit Card,Completed
72e8cd21-4747-456a-bffd-d6498ce448d1,2026_W23,O64058,U12787,P108,2026-06-06 17:01:19,4,3076.73,724.2,62.76,2084.89,12306.92,11582.72,Debit Card,Completed
72e8cd21-4747-456a-bffd-d6498ce448d1,2026_W23,O64059,U20554,P183,2026-06-01 21:59:55,2,5821.34,447.55,73.54,2015.12,11642.68,11195.13,Wallet,Completed
72e8cd21-4747-456a-bffd-d6498ce448d1,2026_W23,O64060,U8968,P45,2026-06-03 13:43:22,2,10226.58,2941.28,102.72,3152.14,20453.16,17511.88,Debit Card,Completed
72e8cd21-4747-456a-bffd-d6498ce448d1,2026_W23,O64061,U26814,P64,2026-06-04 10:25:49,4,5229.45,2175.03,79.41,3373.7,20917.8,18742.77,Wallet,Completed
72e8cd21-4747-456a-bffd-d6498ce448d1,2026_W23,O64062,U9157,P143,2026-06-04 23:06:19,3,1686.4,315.97,125.69,853.78,5059.200000000001,4743.2300000000005,Credit Card,Completed
72e8cd21-4747-456a-bffd-d6498ce448d1,2026_W23,O64063,U13109,P181,2026-06-07 15:05:39,1,6034.6,887.12,51.38,926.55,6034.6,5147.4800000000005,Debit Card,Completed
72e8cd21-4747-456a-bffd-d6498ce448d1,2026_W23,O64064,U12065,P162,2026-06-02 14:06:10,3,4947.62,2029.25,95.82,2306.45,14842.86,12813.61,Debit Card,Completed
72e8cd21-4747-456a-bffd-d6498ce448d1,2026_W23,O64065,U10916,P108,2026-06-04 23:03:38,3,3076.73,1155.12,56.83,1453.51,9230.19,8075.070000000001,UPI,Completed
72e8cd21-4747-456a-bffd-d6498ce448d1,2026_W23,O64066,U318,P69,2026-06-02 23:14:57,2,2752.73,121.99,123.3,969.02,5505.46,5383.47,Credit Card,Completed
72e8cd21-4747-456a-bffd-d6498ce448d1,2026_W23,O64067,U27542,P153,2026-06-04 04:58:46,4,3236.07,1006.25,95.89,2148.85,12944.28,11938.03,Debit Card,Completed
72e8cd21-4747-456a-bffd-d6498ce448d1,2026_W23,O64068,U2076,P47,2026-06-05 00:51:19,1,8854.8,588.4,150.5,1487.95,8854.8,8266.4,UPI,Completed
72e8cd21-4747-456a-bffd-d6498ce448d1,2026_W23,O64069,U10257,P145,2026-06-05 17:09:30,3,7002.35,1028.38,111.22,3596.16,21007.050000000003,19978.67,UPI,Completed
72e8cd21-4747-456a-bffd-d6498ce448d1,2026_W23,O64070,U14327,P170,2026-06-02 21:24:35,2,9183.37,1820.7,53.93,2978.29,18366.74,16546.04,Wallet,Completed
72e8cd21-4747-456a-bffd-d6498ce448d1,2026_W23,O64071,U9614,P166,2026-06-07 11:08:20,2,6824.24,1374.08,195.72,2209.39,13648.48,12274.4,Debit Card,Completed
72e8cd21-4747-456a-bffd-d6498ce448d1,2026_W23,O64072,U25904,P112,2026-06-05 03:11:03,1,7986.57,1188.88,120.58,1223.58,7986.57,6797.69,Credit Card,Completed
72e8cd21-4747-456a-bffd-d6498ce448d1,2026_W23,O64073,U33003,P56,2026-06-04 05:33:33,3,9007.41,3296.44,86.79,4270.64,27022.23,23725.79,UPI,Completed
72e8cd21-4747-456a-bffd-d6498ce448d1,2026_W23,O64074,U25145,P34,2026-06-03 14:14:11,3,3033.5,634.84,120.98,1523.82,9100.5,8465.66,UPI,Completed
72e8cd21-4747-456a-bffd-d6498ce448d1,2026_W23,O64075,U32521,P195,2026-06-02 03:17:37,4,9936.45,2683.94,118.42,6671.13,39745.8,37061.86,Debit Card,Completed
72e8cd21-4747-456a-bffd-d6498ce448d1,2026_W23,O64076,U16485,P136,2026-06-04 20:57:26,1,2987.05,314.71,176.26,481.02,2987.05,2672.34,Debit Card,Completed
72e8cd21-4747-456a-bffd-d6498ce448d1,2026_W23,O64077,U23298,P92,2026-06-07 07:06:25,2,2278.27,288.94,148.84,768.17,4556.54,4267.6,Debit Card,Completed
72e8cd21-4747-456a-bffd-d6498ce448d1,2026_W23,O64078,U8519,P195,2026-06-05 01:33:22,4,9936.45,3334.57,178.12,6554.02,39745.8,36411.23,Credit Card,Completed
72e8cd21-4747-456a-bffd-d6498ce448d1,2026_W23,O64079,U16001,P70,2026-06-04 22:05:02,4,10058.46,4792.65,163.87,6379.41,40233.84,35441.189999999995,Wallet,Completed
72e8cd21-4747-456a-bffd-d6498ce448d1,2026_W23,O64080,U13956,P104,2026-06-02 23:35:07,1,5590.84,130.82,137.24,982.8,5590.84,5460.02,Wallet,Completed
72e8cd21-4747-456a-bffd-d6498ce448d1,2026_W23,O64081,U13045,P94,2026-06-04 14:54:02,2,7668.43,352.81,165.9,2697.13,15336.86,14984.05,Wallet,Completed
72e8cd21-4747-456a-bffd-d6498ce448d1,2026_W23,O64082,U27394,P74,2026-06-04 03:33:18,3,4407.74,1893.15,74.96,2039.41,13223.22,11330.07,Debit Card,Completed
72e8cd21-4747-456a-bffd-d6498ce448d1,2026_W23,O64083,U12870,P72,2026-06-02 00:41:54,4,7361.26,2495.14,123.61,4850.98,29445.04,26949.9,Credit Card,Completed
72e8cd21-4747-456a-bffd-d6498ce448d1,2026_W23,O64084,U7733,P70,2026-06-02 00:24:12,3,10058.46,1017.24,144.61,5248.47,30175.38,29158.14,UPI,Completed
72e8cd21-4747-456a-bffd-d6498ce448d1,2026_W23,O64085,U28425,P145,2026-06-06 08:51:16,1,7002.35,28.05,120.62,1255.37,7002.35,6974.3,Credit Card,Completed
72e8cd21-4747-456a-bffd-d6498ce448d1,2026_W23,O64086,U7496,P24,2026-06-06 09:18:54,2,7207.54,362.28,106.13,2529.5,14415.08,14052.8,Debit Card,Completed
72e8cd21-4747-456a-bffd-d6498ce448d1,2026_W23,O64087,U11483,P97,2026-06-02 15:42:29,1,5186.28,189.47,98.06,899.43,5186.28,4996.81,Debit Card,Completed
72e8cd21-4747-456a-bffd-d6498ce448d1,2026_W23,O64088,U1432,P143,2026-06-06 09:56:32,3,1686.4,632.88,92.19,796.74,5059.200000000001,4426.320000000001,Credit Card,Completed
72e8cd21-4747-456a-bffd-d6498ce448d1,2026_W23,O64089,U21371,P72,2026-06-06 07:33:05,4,7361.26,1999.0,101.06,4940.29,29445.04,27446.04,Wallet,Completed
72e8cd21-4747-456a-bffd-d6498ce448d1,2026_W23,O64090,U31954,P72,2026-06-07 14:36:40,2,7361.26,1660.73,141.68,2351.12,14722.52,13061.79,UPI,Completed
72e8cd21-4747-456a-bffd-d6498ce448d1,2026_W23,O64091,U34620,P114,2026-06-06 09:23:33,3,3958.12,1429.31,141.87,1880.11,11874.36,10445.05,UPI,Completed
72e8cd21-4747-456a-bffd-d6498ce448d1,2026_W23,O64092,U34514,P160,2026-06-05 20:39:10,1,3922.12,332.06,66.87,646.21,3922.12,3590.06,Credit Card,Completed
72e8cd21-4747-456a-bffd-d6498ce448d1,2026_W23,O64093,U16004,P127,2026-06-04 23:01:44,1,7703.2,291.88,108.74,1334.04,7703.2,7411.32,Credit Card,Completed
72e8cd21-4747-456a-bffd-d6498ce448d1,2026_W23,O64094,U26814,P84,2026-06-03 06:53:43,1,3400.69,188.73,97.86,578.15,3400.69,3211.96,UPI,Completed
72e8cd21-4747-456a-bffd-d6498ce448d1,2026_W23,O64095,U2974,P10,2026-06-06 00:17:32,4,6265.23,3205.09,185.27,3934.05,25060.92,21855.83,UPI,Completed
72e8cd21-4747-456a-bffd-d6498ce448d1,2026_W23,O64096,U32039,P181,2026-06-06 03:07:39,3,6034.6,15.04,83.86,3255.98,18103.800000000003,18088.76,Debit Card,Completed
72e8cd21-4747-456a-bffd-d6498ce448d1,2026_W23,O64097,U15,P166,2026-06-04 11:23:30,1,6824.24,512.44,108.31,1136.12,6824.24,6311.799999999999,Debit Card,Completed
72e8cd21-4747-456a-bffd-d6498ce448d1,2026_W23,O64098,U15479,P148,2026-06-06 14:02:33,4,3184.27,351.28,121.09,2229.44,12737.08,12385.8,UPI,Completed
72e8cd21-4747-456a-bffd-d6498ce448d1,2026_W23,O64099,U15233,P26,2026-06-03 00:48:33,3,6921.53,2128.23,186.69,3354.54,20764.59,18636.36,Debit Card,Completed
72e8cd21-4747-456a-bffd-d6498ce448d1,2026_W23,O64100,U33896,P2,2026-06-07 13:18:56,2,4248.72,124.09,57.88,1507.2,8497.44,8373.35,Credit Card,Completed
72e8cd21-4747-456a-bffd-d6498ce448d1,2026_W23,O64101,U28567,P23,2026-06-03 10:34:45,1,8537.77,99.86,148.81,1518.82,8537.77,8437.91,Debit Card,Completed
72e8cd21-4747-456a-bffd-d6498ce448d1,2026_W23,O64102,U5244,P76,2026-06-03 11:05:59,1,1956.86,203.33,99.9,315.64,1956.86,1753.53,Debit Card,Completed
72e8cd21-4747-456a-bffd-d6498ce448d1,2026_W23,O64103,U32772,P55,2026-06-02 08:07:58,4,2495.43,763.37,91.95,1659.3,9981.72,9218.35,Wallet,Completed
72e8cd21-4747-456a-bffd-d6498ce448d1,2026_W23,O64104,U2460,P52,2026-06-04 20:07:46,1,2737.55,242.38,104.63,449.13,2737.55,2495.17,Debit Card,Completed
72e8cd21-4747-456a-bffd-d6498ce448d1,2026_W23,O64105,U6465,P105,2026-06-02 22:01:10,4,2249.83,242.28,133.27,1576.27,8999.32,8757.039999999999,UPI,Completed
72e8cd21-4747-456a-bffd-d6498ce448d1,2026_W23,O64106,U3084,P109,2026-06-03 16:21:09,4,5905.39,581.23,72.29,4147.26,23621.56,23040.33,Credit Card,Completed
72e8cd21-4747-456a-bffd-d6498ce448d1,2026_W23,O64107,U18934,P2,2026-06-05 19:50:55,3,4248.72,47.35,194.3,2285.79,12746.16,12698.81,Wallet,Completed
72e8cd21-4747-456a-bffd-d6498ce448d1,2026_W23,O64108,U7242,P146,2026-06-02 12:12:01,1,8753.05,774.47,192.15,1436.14,8753.05,7978.579999999999,Wallet,Completed
72e8cd21-4747-456a-bffd-d6498ce448d1,2026_W23,O64109,U476,P132,2026-06-06 16:08:58,1,4280.82,636.47,164.65,655.98,4280.82,3644.35,Credit Card,Completed
72e8cd21-4747-456a-bffd-d6498ce448d1,2026_W23,O64110,U8707,P151,2026-06-01 20:45:40,3,10300.34,2585.51,125.78,5096.79,30901.02,28315.51,UPI,Completed
72e8cd21-4747-456a-bffd-d6498ce448d1,2026_W23,O64111,U12965,P38,2026-06-04 13:13:41,1,9269.67,15.07,73.69,1665.83,9269.67,9254.6,Credit Card,Completed
72e8cd21-4747-456a-bffd-d6498ce448d1,2026_W23,O64112,U33696,P17,2026-06-07 04:45:05,4,8998.12,3239.55,185.56,5895.53,35992.48,32752.930000000004,Debit Card,Completed
72e8cd21-4747-456a-bffd-d6498ce448d1,2026_W23,O64113,U1061,P94,2026-06-02 23:54:35,2,7668.43,1790.05,137.05,2438.43,15336.86,13546.81,Credit Card,Completed
72e8cd21-4747-456a-bffd-d6498ce448d1,2026_W23,O64114,U4454,P121,2026-06-05 09:01:09,3,3168.81,238.5,87.45,1668.23,9506.43,9267.93,Wallet,Completed
72e8cd21-4747-456a-bffd-d6498ce448d1,2026_W23,O64115,U23212,P74,2026-06-04 14:00:12,4,4407.74,2012.55,72.83,2811.31,17630.96,15618.41,Credit Card,Completed
72e8cd21-4747-456a-bffd-d6498ce448d1,2026_W23,O64116,U28516,P3,2026-06-04 00:42:38,1,6836.35,650.04,135.93,1113.54,6836.35,6186.31,UPI,Completed
72e8cd21-4747-456a-bffd-d6498ce448d1,2026_W23,O64117,U6566,P175,2026-06-05 18:42:56,4,6623.37,3434.81,56.7,4150.56,26493.48,23058.67,Wallet,Completed
72e8cd21-4747-456a-bffd-d6498ce448d1,2026_W23,O64118,U33014,P155,2026-06-07 03:09:16,4,5852.84,3223.28,191.16,3633.85,23411.36,20188.08,Wallet,Completed
72e8cd21-4747-456a-bffd-d6498ce448d1,2026_W23,O64119,U21749,P32,2026-06-01 23:38:14,2,1891.54,361.25,121.2,615.93,3783.08,3421.83,Wallet,Completed
72e8cd21-4747-456a-bffd-d6498ce448d1,2026_W23,O64120,U26793,P146,2026-06-05 08:15:11,3,8753.05,4.65,74.54,4725.81,26259.15,26254.5,Debit Card,Completed
72e8cd21-4747-456a-bffd-d6498ce448d1,2026_W23,O64121,U10992,P185,2026-06-06 13:07:46,3,7874.65,3416.27,155.42,3637.38,23623.95,20207.68,Wallet,Completed
72e8cd21-4747-456a-bffd-d6498ce448d1,2026_W23,O64122,U26146,P63,2026-06-02 06:30:43,4,11400.74,3319.27,162.59,7611.06,45602.96,42283.69,Wallet,Completed
72e8cd21-4747-456a-bffd-d6498ce448d1,2026_W23,O64123,U34128,P30,2026-06-05 17:54:31,2,10435.98,2926.17,178.26,3230.24,20871.96,17945.79,Debit Card,Completed
72e8cd21-4747-456a-bffd-d6498ce448d1,2026_W23,O64124,U26706,P181,2026-06-04 02:54:23,3,6034.6,2547.4,190.19,2800.15,18103.800000000003,15556.400000000003,Wallet,Completed
72e8cd21-4747-456a-bffd-d6498ce448d1,2026_W23,O64125,U15783,P194,2026-06-06 03:06:26,2,7139.77,1525.3,104.81,2295.76,14279.54,12754.240000000002,Credit Card,Completed
72e8cd21-4747-456a-bffd-d6498ce448d1,2026_W23,O64126,U15034,P140,2026-06-07 01:41:39,2,4036.99,709.93,77.32,1325.53,8073.98,7364.049999999999,UPI,Completed
72e8cd21-4747-456a-bffd-d6498ce448d1,2026_W23,O64127,U20453,P127,2026-06-06 20:22:14,4,7703.2,1529.18,141.8,5271.05,30812.8,29283.62,Credit Card,Completed
72e8cd21-4747-456a-bffd-d6498ce448d1,2026_W23,O64128,U8960,P101,2026-06-06 23:48:41,1,10959.44,1013.03,127.04,1790.35,10959.44,9946.41,Debit Card,Completed
72e8cd21-4747-456a-bffd-d6498ce448d1,2026_W23,O64129,U24498,P158,2026-06-06 08:55:35,1,2851.23,151.22,176.2,486.0,2851.23,2700.01,UPI,Completed
72e8cd21-4747-456a-bffd-d6498ce448d1,2026_W23,O64130,U859,P118,2026-06-07 06:40:31,2,1413.19,329.13,100.22,449.5,2826.38,2497.25,UPI,Completed
72e8cd21-4747-456a-bffd-d6498ce448d1,2026_W23,O64131,U15244,P32,2026-06-02 23:33:42,3,1891.54,285.77,133.93,969.99,5674.62,5388.85,UPI,Completed
72e8cd21-4747-456a-bffd-d6498ce448d1,2026_W23,O64132,U33986,P172,2026-06-03 21:01:05,3,1445.78,451.6,179.11,699.43,4337.34,3885.74,Credit Card,Completed
72e8cd21-4747-456a-bffd-d6498ce448d1,2026_W23,O64133,U685,P169,2026-06-02 10:29:30,1,8908.51,482.33,156.04,1516.71,8908.51,8426.18,UPI,Completed
72e8cd21-4747-456a-bffd-d6498ce448d1,2026_W23,O64134,U18637,P32,2026-06-01 23:32:44,2,1891.54,375.02,138.79,613.45,3783.08,3408.06,UPI,Completed
72e8cd21-4747-456a-bffd-d6498ce448d1,2026_W23,O64135,U26455,P69,2026-06-01 23:08:22,2,2752.73,249.89,120.18,946.0,5505.46,5255.57,UPI,Completed
72e8cd21-4747-456a-bffd-d6498ce448d1,2026_W23,O64136,U28463,P142,2026-06-06 00:42:01,3,5009.2,52.87,108.59,2695.45,15027.6,14974.729999999998,UPI,Completed
72e8cd21-4747-456a-bffd-d6498ce448d1,2026_W23,O64137,U14681,P126,2026-06-02 04:17:48,3,7115.51,854.96,71.83,3688.48,21346.53,20491.57,UPI,Completed
72e8cd21-4747-456a-bffd-d6498ce448d1,2026_W23,O64138,U25388,P59,2026-06-02 02:18:28,2,3877.77,875.28,109.21,1238.45,7755.54,6880.26,UPI,Completed
72e8cd21-4747-456a-bffd-d6498ce448d1,2026_W23,O64139,U20275,P85,2026-06-04 14:16:12,4,7940.53,3108.43,163.0,5157.66,31762.12,28653.69,Credit Card,Completed
72e8cd21-4747-456a-bffd-d6498ce448d1,2026_W23,O64140,U29586,P181,2026-06-03 00:39:54,2,6034.6,370.88,189.07,2105.7,12069.2,11698.320000000002,UPI,Completed
72e8cd21-4747-456a-bffd-d6498ce448d1,2026_W23,O64141,U16823,P113,2026-06-07 08:57:04,4,5995.63,1004.59,159.46,4136.03,23982.52,22977.93,UPI,Completed
72e8cd21-4747-456a-bffd-d6498ce448d1,2026_W23,O64142,U186,P122,2026-06-04 20:18:37,4,7123.24,2765.17,129.63,4631.0,28492.96,25727.79,Wallet,Completed
72e8cd21-4747-456a-bffd-d6498ce448d1,2026_W23,O64143,U11457,P66,2026-06-06 22:46:27,1,5068.12,674.91,95.69,790.78,5068.12,4393.21,Wallet,Completed
72e8cd21-4747-456a-bffd-d6498ce448d1,2026_W23,O64144,U30917,P18,2026-06-02 14:51:20,2,5632.45,316.19,107.31,1970.77,11264.9,10948.71,UPI,Completed
72e8cd21-4747-456a-bffd-d6498ce448d1,2026_W23,O64145,U32587,P195,2026-06-03 19:01:01,4,9936.45,338.26,173.89,7093.36,39745.8,39407.54,Debit Card,Completed
72e8cd21-4747-456a-bffd-d6498ce448d1,2026_W23,O64146,U27543,P127,2026-06-07 07:10:51,2,7703.2,2253.72,100.66,2367.48,15406.4,13152.68,Credit Card,Completed
72e8cd21-4747-456a-bffd-d6498ce448d1,2026_W23,O64147,U5757,P8,2026-06-07 05:52:16,1,6662.34,938.34,61.67,1030.32,6662.34,5724.0,UPI,Completed
72e8cd21-4747-456a-bffd-d6498ce448d1,2026_W23,O64148,U32168,P72,2026-06-04 16:34:42,2,7361.26,2056.77,63.6,2279.84,14722.52,12665.75,Credit Card,Completed
72e8cd21-4747-456a-bffd-d6498ce448d1,2026_W23,O64149,U30594,P190,2026-06-06 05:28:23,3,7773.11,3333.14,168.13,3597.51,23319.33,19986.19,Wallet,Completed
72e8cd21-4747-456a-bffd-d6498ce448d1,2026_W23,O64150,U1668,P60,2026-06-05 06:22:50,3,7906.19,2650.32,180.98,3792.28,23718.57,21068.25,Wallet,Completed
72e8cd21-4747-456a-bffd-d6498ce448d1,2026_W23,O64151,U22623,P7,2026-06-06 14:51:11,2,10896.56,3065.77,101.67,3370.92,21793.12,18727.35,Credit Card,Completed
72e8cd21-4747-456a-bffd-d6498ce448d1,2026_W23,O64152,U31337,P129,2026-06-03 12:33:11,3,4560.09,405.64,50.08,2389.43,13680.27,13274.63,Wallet,Completed
72e8cd21-4747-456a-bffd-d6498ce448d1,2026_W23,O64153,U18891,P200,2026-06-05 03:16:09,1,2159.6,108.98,159.24,369.11,2159.6,2050.62,Debit Card,Completed
72e8cd21-4747-456a-bffd-d6498ce448d1,2026_W23,O64154,U17589,P192,2026-06-05 05:22:06,2,11696.08,3443.08,178.38,3590.83,23392.16,19949.08,Debit Card,Completed
72e8cd21-4747-456a-bffd-d6498ce448d1,2026_W23,O64155,U13168,P171,2026-06-04 23:43:44,2,3668.91,797.93,183.13,1177.18,7337.82,6539.889999999999,Wallet,Completed
72e8cd21-4747-456a-bffd-d6498ce448d1,2026_W23,O64156,U16090,P113,2026-06-06 07:52:33,4,5995.63,2750.59,55.51,3821.75,23982.52,21231.93,UPI,Completed
72e8cd21-4747-456a-bffd-d6498ce448d1,2026_W23,O64157,U31498,P175,2026-06-07 18:48:29,4,6623.37,1766.01,94.3,4450.94,26493.48,24727.47,UPI,Completed
72e8cd21-4747-456a-bffd-d6498ce448d1,2026_W23,O64158,U11533,P125,2026-06-05 00:12:24,3,7881.51,1256.67,56.2,4029.81,23644.53,22387.86,UPI,Completed
72e8cd21-4747-456a-bffd-d6498ce448d1,2026_W23,O64159,U15658,P181,2026-06-06 15:06:21,2,6034.6,1727.0,189.53,1861.6,12069.2,10342.2,UPI,Completed
72e8cd21-4747-456a-bffd-d6498ce448d1,2026_W23,O64160,U5029,P21,2026-06-07 19:00:58,1,6758.44,134.46,143.03,1192.32,6758.44,6623.98,Debit Card,Completed
72e8cd21-4747-456a-bffd-d6498ce448d1,2026_W23,O64161,U28427,P199,2026-06-02 02:13:41,4,5324.39,2218.19,189.34,3434.29,21297.56,19079.370000000003,Debit Card,Completed
72e8cd21-4747-456a-bffd-d6498ce448d1,2026_W23,O64162,U12399,P172,2026-06-06 00:39:18,1,1445.78,151.64,169.03,232.95,1445.78,1294.14,Credit Card,Completed
72e8cd21-4747-456a-bffd-d6498ce448d1,2026_W23,O64163,U18283,P179,2026-06-06 06:32:07,4,6023.34,2689.31,51.39,3852.73,24093.36,21404.05,Wallet,Completed
72e8cd21-4747-456a-bffd-d6498ce448d1,2026_W23,O64164,U33729,P195,2026-06-06 10:54:27,2,9936.45,2134.3,132.12,3192.95,19872.9,17738.600000000002,Credit Card,Completed
72e8cd21-4747-456a-bffd-d6498ce448d1,2026_W23,O64165,U457,P132,2026-06-03 13:42:03,2,4280.82,143.84,91.7,1515.2,8561.64,8417.8,Debit Card,Completed
72e8cd21-4747-456a-bffd-d6498ce448d1,2026_W23,O64166,U8560,P80,2026-06-05 10:43:02,1,4942.61,272.05,61.3,840.7,4942.61,4670.56,UPI,Completed
72e8cd21-4747-456a-bffd-d6498ce448d1,2026_W23,O64167,U10764,P23,2026-06-04 02:29:58,4,8537.77,3307.81,129.07,5551.79,34151.08,30843.27,Wallet,Completed
72e8cd21-4747-456a-bffd-d6498ce448d1,2026_W23,O64168,U34452,P73,2026-06-04 11:24:47,1,2860.52,186.02,188.79,481.41,2860.52,2674.5,Wallet,Completed
72e8cd21-4747-456a-bffd-d6498ce448d1,2026_W23,O64169,U9096,P192,2026-06-03 18:45:42,2,11696.08,475.17,162.26,4125.06,23392.16,22916.99,Credit Card,Completed
72e8cd21-4747-456a-bffd-d6498ce448d1,2026_W23,O64170,U17292,P45,2026-06-07 11:55:14,2,10226.58,111.43,148.45,3661.51,20453.16,20341.73,Credit Card,Completed
72e8cd21-4747-456a-bffd-d6498ce448d1,2026_W23,O64171,U9025,P48,2026-06-04 21:58:07,1,4680.1,224.05,58.81,802.09,4680.1,4456.05,Debit Card,Completed
72e8cd21-4747-456a-bffd-d6498ce448d1,2026_W23,O64172,U12872,P73,2026-06-05 22:00:13,3,2860.52,704.74,116.39,1417.83,8581.56,7876.82,Credit Card,Completed
72e8cd21-4747-456a-bffd-d6498ce448d1,2026_W23,O64173,U1431,P126,2026-06-04 21:26:38,3,7115.51,30.67,174.13,3836.85,21346.53,21315.86,Credit Card,Completed
72e8cd21-4747-456a-bffd-d6498ce448d1,2026_W23,O64174,U25410,P60,2026-06-01 21:45:00,2,7906.19,1336.59,55.73,2605.64,15812.38,14475.79,Credit Card,Completed
72e8cd21-4747-456a-bffd-d6498ce448d1,2026_W23,O64175,U7800,P118,2026-06-06 00:30:38,4,1413.19,359.23,95.29,952.84,5652.76,5293.530000000001,UPI,Completed
72e8cd21-4747-456a-bffd-d6498ce448d1,2026_W23,O64176,U283,P20,2026-06-02 23:53:27,4,2140.8,127.67,134.91,1518.4,8563.2,8435.53,UPI,Completed
72e8cd21-4747-456a-bffd-d6498ce448d1,2026_W23,O64177,U14567,P76,2026-06-06 14:38:35,1,1956.86,199.75,139.14,316.28,1956.86,1757.11,Credit Card,Completed
72e8cd21-4747-456a-bffd-d6498ce448d1,2026_W23,O64178,U22492,P57,2026-06-02 21:51:55,2,8106.78,1617.22,187.71,2627.34,16213.56,14596.34,Debit Card,Completed
72e8cd21-4747-456a-bffd-d6498ce448d1,2026_W23,O64179,U21802,P12,2026-06-05 12:20:02,4,5529.38,2904.43,97.41,3458.36,22117.52,19213.09,Credit Card,Completed
72e8cd21-4747-456a-bffd-d6498ce448d1,2026_W23,O64180,U16143,P171,2026-06-02 04:23:47,3,3668.91,1380.7,192.2,1732.69,11006.73,9626.03,Credit Card,Completed
72e8cd21-4747-456a-bffd-d6498ce448d1,2026_W23,O64181,U16084,P40,2026-06-02 06:02:58,4,5653.56,2042.26,89.64,3702.96,22614.24,20571.980000000003,Debit Card,Completed
72e8cd21-4747-456a-bffd-d6498ce448d1,2026_W23,O64182,U2361,P1,2026-06-02 23:52:28,2,8422.98,804.71,114.96,2887.42,16845.96,16041.25,Credit Card,Completed
72e8cd21-4747-456a-bffd-d6498ce448d1,2026_W23,O64183,U20990,P183,2026-06-05 02:23:03,4,5821.34,549.77,103.38,4092.41,23285.36,22735.59,Wallet,Completed
72e8cd21-4747-456a-bffd-d6498ce448d1,2026_W23,O64184,U10110,P109,2026-06-02 03:04:09,1,5905.39,464.87,174.75,979.29,5905.39,5440.52,Debit Card,Completed
72e8cd21-4747-456a-bffd-d6498ce448d1,2026_W23,O64185,U25973,P184,2026-06-05 18:55:14,4,2050.2,96.48,70.86,1458.78,8200.8,8104.32,UPI,Completed
72e8cd21-4747-456a-bffd-d6498ce448d1,2026_W23,O64186,U2773,P92,2026-06-05 03:53:53,1,2278.27,219.63,135.61,370.56,2278.27,2058.64,Credit Card,Completed
72e8cd21-4747-456a-bffd-d6498ce448d1,2026_W23,O64187,U19862,P141,2026-06-02 12:12:17,1,3712.37,540.5,195.47,570.94,3712.37,3171.87,Wallet,Completed
72e8cd21-4747-456a-bffd-d6498ce448d1,2026_W23,O64188,U33073,P71,2026-06-03 18:39:20,1,4652.78,414.43,98.57,762.9,4652.78,4238.349999999999,UPI,Completed
72e8cd21-4747-456a-bffd-d6498ce448d1,2026_W23,O64189,U17019,P106,2026-06-04 03:33:47,2,4353.6,562.5,157.23,1466.05,8707.2,8144.700000000001,Debit Card,Completed
72e8cd21-4747-456a-bffd-d6498ce448d1,2026_W23,O64190,U29591,P169,2026-06-03 06:06:20,3,8908.51,2356.79,92.39,4386.37,26725.53,24368.74,UPI,Completed
72e8cd21-4747-456a-bffd-d6498ce448d1,2026_W23,O64191,U11249,P40,2026-06-07 05:05:12,2,5653.56,557.1,136.56,1935.0,11307.12,10750.02,UPI,Completed
72e8cd21-4747-456a-bffd-d6498ce448d1,2026_W23,O64192,U25703,P115,2026-06-03 04:56:54,3,10604.02,4021.96,116.13,5002.22,31812.06,27790.1,Credit Card,Completed
72e8cd21-4747-456a-bffd-d6498ce448d1,2026_W23,O64193,U5262,P198,2026-06-06 08:28:31,4,7893.47,3800.47,164.63,4999.21,31573.88,27773.41,UPI,Completed
72e8cd21-4747-456a-bffd-d6498ce448d1,2026_W23,O64194,U1247,P82,2026-06-02 00:40:17,1,4676.03,476.42,187.77,755.93,4676.03,4199.61,Credit Card,Completed
72e8cd21-4747-456a-bffd-d6498ce448d1,2026_W23,O64195,U11501,P88,2026-06-06 10:48:14,2,6362.48,231.56,152.53,2248.81,12724.96,12493.4,Wallet,Completed
72e8cd21-4747-456a-bffd-d6498ce448d1,2026_W23,O64196,U1559,P111,2026-06-04 12:56:00,2,2233.14,57.25,158.68,793.63,4466.28,4409.03,Debit Card,Completed
72e8cd21-4747-456a-bffd-d6498ce448d1,2026_W23,O64197,U27660,P32,2026-06-03 16:12:34,2,1891.54,329.18,105.52,621.7,3783.08,3453.9,Wallet,Completed
72e8cd21-4747-456a-bffd-d6498ce448d1,2026_W23,O64198,U26700,P156,2026-06-05 10:33:27,1,7497.11,1034.61,173.53,1163.25,7497.11,6462.5,UPI,Completed
72e8cd21-4747-456a-bffd-d6498ce448d1,2026_W23,O64199,U26785,P191,2026-06-06 21:44:06,3,6168.41,1506.58,93.03,3059.76,18505.23,16998.65,Debit Card,Completed
72e8cd21-4747-456a-bffd-d6498ce448d1,2026_W23,O64200,U10708,P29,2026-06-02 08:04:36,1,1532.51,62.05,98.52,264.68,1532.51,1470.46,Credit Card,Completed
72e8cd21-4747-456a-bffd-d6498ce448d1,2026_W23,O64201,U28961,P29,2026-06-07 05:14:35,3,1532.51,685.83,66.53,704.11,4597.53,3911.7,Credit Card,Completed
72e8cd21-4747-456a-bffd-d6498ce448d1,2026_W23,O64202,U19315,P99,2026-06-02 22:56:09,2,5923.25,464.58,122.62,2048.75,11846.5,11381.92,Debit Card,Completed
72e8cd21-4747-456a-bffd-d6498ce448d1,2026_W23,O64203,U10272,P78,2026-06-02 18:13:57,1,3006.64,91.2,161.86,524.78,3006.64,2915.44,Debit Card,Completed
72e8cd21-4747-456a-bffd-d6498ce448d1,2026_W23,O64204,U10375,P196,2026-06-04 21:56:49,2,9246.31,1286.22,116.09,3097.15,18492.62,17206.399999999998,UPI,Completed
72e8cd21-4747-456a-bffd-d6498ce448d1,2026_W23,O64205,U31360,P169,2026-06-05 06:26:23,2,8908.51,822.42,152.96,3059.03,17817.02,16994.600000000002,Wallet,Completed
72e8cd21-4747-456a-bffd-d6498ce448d1,2026_W23,O64206,U18183,P12,2026-06-02 19:10:00,4,5529.38,3085.22,94.22,3425.81,22117.52,19032.3,Credit Card,Completed
72e8cd21-4747-456a-bffd-d6498ce448d1,2026_W23,O64207,U27169,P72,2026-06-02 12:54:02,1,7361.26,644.91,118.02,1208.94,7361.26,6716.35,Credit Card,Completed
72e8cd21-4747-456a-bffd-d6498ce448d1,2026_W23,O64208,U24104,P18,2026-06-05 20:23:20,2,5632.45,393.36,72.25,1956.88,11264.9,10871.54,Credit Card,Completed
72e8cd21-4747-456a-bffd-d6498ce448d1,2026_W23,O64209,U27979,P170,2026-06-07 00:13:14,3,9183.37,754.77,109.15,4823.16,27550.11,26795.34,Credit Card,Completed
72e8cd21-4747-456a-bffd-d6498ce448d1,2026_W23,O64210,U14287,P152,2026-06-03 10:05:57,3,3680.01,1505.49,92.31,1716.22,11040.03,9534.54,Wallet,Completed
72e8cd21-4747-456a-bffd-d6498ce448d1,2026_W23,O64211,U18074,P18,2026-06-05 03:51:45,1,5632.45,220.18,198.43,974.21,5632.45,5412.27,Credit Card,Completed
72e8cd21-4747-456a-bffd-d6498ce448d1,2026_W23,O64212,U31370,P69,2026-06-07 01:29:50,4,2752.73,1356.14,58.08,1737.86,11010.92,9654.78,Credit Card,Completed
72e8cd21-4747-456a-bffd-d6498ce448d1,2026_W23,O64213,U13475,P13,2026-06-02 16:11:11,4,7537.32,2413.52,105.6,4992.44,30149.28,27735.76,UPI,Completed
72e8cd21-4747-456a-bffd-d6498ce448d1,2026_W23,O64214,U29118,P29,2026-06-04 15:57:01,1,1532.51,14.15,196.51,273.3,1532.51,1518.36,Credit Card,Completed
72e8cd21-4747-456a-bffd-d6498ce448d1,2026_W23,O64215,U23825,P103,2026-06-03 08:55:19,1,4922.25,567.84,191.93,783.79,4922.25,4354.41,Debit Card,Completed
72e8cd21-4747-456a-bffd-d6498ce448d1,2026_W23,O64216,U15500,P144,2026-06-06 14:15:03,1,3365.89,385.89,102.63,536.4,3365.89,2980.0,Credit Card,Completed
72e8cd21-4747-456a-bffd-d6498ce448d1,2026_W23,O64217,U29464,P80,2026-06-05 10:41:07,4,4942.61,463.39,165.54,3475.27,19770.44,19307.05,Wallet,Completed
72e8cd21-4747-456a-bffd-d6498ce448d1,2026_W23,O64218,U13204,P97,2026-06-06 09:56:00,2,5186.28,711.77,154.66,1738.94,10372.56,9660.79,Wallet,Completed
72e8cd21-4747-456a-bffd-d6498ce448d1,2026_W23,O64219,U2093,P133,2026-06-01 21:07:45,1,9654.47,26.65,53.58,1733.01,9654.47,9627.82,Wallet,Completed
72e8cd21-4747-456a-bffd-d6498ce448d1,2026_W23,O64220,U24820,P34,2026-06-02 13:37:13,2,3033.5,328.87,177.99,1032.86,6067.0,5738.13,UPI,Completed
72e8cd21-4747-456a-bffd-d6498ce448d1,2026_W23,O64221,U6187,P195,2026-06-05 01:35:17,4,9936.45,4002.68,107.61,6433.76,39745.8,35743.12,Credit Card,Completed
72e8cd21-4747-456a-bffd-d6498ce448d1,2026_W23,O64222,U28868,P95,2026-06-04 23:16:53,1,8832.47,1208.92,170.77,1372.24,8832.47,7623.549999999999,Wallet,Completed
72e8cd21-4747-456a-bffd-d6498ce448d1,2026_W23,O64223,U20413,P134,2026-06-05 12:29:03,2,2662.06,453.72,106.67,876.67,5324.12,4870.4,Debit Card,Completed
72e8cd21-4747-456a-bffd-d6498ce448d1,2026_W23,O64224,U14733,P64,2026-06-05 16:00:49,3,5229.45,1540.67,82.37,2546.58,15688.35,14147.679999999998,Debit Card,Completed
72e8cd21-4747-456a-bffd-d6498ce448d1,2026_W23,O64225,U12444,P170,2026-06-02 08:13:26,4,9183.37,5310.77,163.19,5656.09,36733.48,31422.710000000003,UPI,Completed
72e8cd21-4747-456a-bffd-d6498ce448d1,2026_W23,O64226,U20954,P41,2026-06-03 19:21:19,4,11748.5,2596.04,179.82,7991.63,46994.0,44397.96,Wallet,Completed
72e8cd21-4747-456a-bffd-d6498ce448d1,2026_W23,O64227,U26994,P40,2026-06-01 22:17:23,1,5653.56,762.86,97.01,880.33,5653.56,4890.700000000001,Credit Card,Completed
72e8cd21-4747-456a-bffd-d6498ce448d1,2026_W23,O64228,U33217,P175,2026-06-03 20:23:39,1,6623.37,814.24,131.96,1045.64,6623.37,5809.13,UPI,Completed
72e8cd21-4747-456a-bffd-d6498ce448d1,2026_W23,O64229,U14433,P22,2026-06-05 10:04:43,3,5208.88,733.32,155.02,2680.8,15626.64,14893.32,UPI,Completed
72e8cd21-4747-456a-bffd-d6498ce448d1,2026_W23,O64230,U30539,P44,2026-06-04 10:36:05,4,3831.53,1943.72,98.58,2408.83,15326.12,13382.4,UPI,Completed
72e8cd21-4747-456a-bffd-d6498ce448d1,2026_W23,O64231,U4665,P49,2026-06-05 16:59:09,4,4491.12,1780.21,169.23,2913.17,17964.48,16184.27,Credit Card,Completed
72e8cd21-4747-456a-bffd-d6498ce448d1,2026_W23,O64232,U3641,P70,2026-06-02 06:43:22,1,10058.46,53.98,91.71,1800.81,10058.46,10004.48,Debit Card,Completed
72e8cd21-4747-456a-bffd-d6498ce448d1,2026_W23,O64233,U2013,P121,2026-06-04 17:11:25,2,3168.81,630.94,112.85,1027.2,6337.62,5706.68,UPI,Completed
72e8cd21-4747-456a-bffd-d6498ce448d1,2026_W23,O64234,U30766,P192,2026-06-02 14:30:53,1,11696.08,1033.45,173.21,1919.27,11696.08,10662.63,Credit Card,Completed
72e8cd21-4747-456a-bffd-d6498ce448d1,2026_W23,O64235,U11763,P121,2026-06-04 11:35:34,4,3168.81,50.14,197.1,2272.52,12675.24,12625.1,UPI,Completed
72e8cd21-4747-456a-bffd-d6498ce448d1,2026_W23,O64236,U22165,P37,2026-06-07 00:38:46,4,5843.49,2635.68,87.35,3732.89,23373.96,20738.28,UPI,Completed
72e8cd21-4747-456a-bffd-d6498ce448d1,2026_W23,O64237,U14759,P18,2026-06-02 15:08:24,4,5632.45,1363.18,138.63,3809.99,22529.8,21166.62,Credit Card,Completed
72e8cd21-4747-456a-bffd-d6498ce448d1,2026_W23,O64238,U23910,P4,2026-06-06 14:17:20,1,4763.57,43.01,109.7,849.7,4763.57,4720.56,Wallet,Completed
72e8cd21-4747-456a-bffd-d6498ce448d1,2026_W23,O64239,U4689,P98,2026-06-02 20:52:02,3,9747.59,4124.55,63.43,4521.28,29242.77,25118.22,UPI,Completed
72e8cd21-4747-456a-bffd-d6498ce448d1,2026_W23,O64240,U30443,P18,2026-06-02 22:34:01,4,5632.45,250.49,163.89,4010.28,22529.8,22279.31,UPI,Completed
72e8cd21-4747-456a-bffd-d6498ce448d1,2026_W23,O64241,U14670,P6,2026-06-03 16:49:23,4,6942.01,1333.46,151.47,4758.22,27768.04,26434.58,Wallet,Completed
72e8cd21-4747-456a-bffd-d6498ce448d1,2026_W23,O64242,U1487,P69,2026-06-05 05:03:06,2,2752.73,262.83,112.35,943.67,5505.46,5242.63,UPI,Completed
72e8cd21-4747-456a-bffd-d6498ce448d1,2026_W23,O64243,U6839,P80,2026-06-04 20:25:25,4,4942.61,2424.26,78.0,3122.31,19770.44,17346.18,Wallet,Completed
72e8cd21-4747-456a-bffd-d6498ce448d1,2026_W23,O64244,U6862,P40,2026-06-07 17:14:30,2,5653.56,1577.48,152.34,1751.34,11307.12,9729.64,UPI,Completed
72e8cd21-4747-456a-bffd-d6498ce448d1,2026_W23,O64245,U6237,P27,2026-06-02 08:16:51,1,4374.27,75.29,196.7,773.82,4374.27,4298.9800000000005,Debit Card,Completed
72e8cd21-4747-456a-bffd-d6498ce448d1,2026_W23,O64246,U23843,P180,2026-06-05 23:34:15,4,6330.21,2562.7,155.03,4096.47,25320.84,22758.14,UPI,Completed
72e8cd21-4747-456a-bffd-d6498ce448d1,2026_W23,O64247,U30291,P75,2026-06-06 13:27:37,4,8927.29,275.94,98.89,6377.98,35709.16,35433.22,UPI,Completed
72e8cd21-4747-456a-bffd-d6498ce448d1,2026_W23,O64248,U21885,P48,2026-06-04 04:48:01,4,4680.1,1961.2,172.96,3016.66,18720.4,16759.2,Credit Card,Completed
72e8cd21-4747-456a-bffd-d6498ce448d1,2026_W23,O64249,U33745,P56,2026-06-07 08:44:35,4,9007.41,1348.73,57.69,6242.56,36029.64,34680.91,Wallet,Completed
72e8cd21-4747-456a-bffd-d6498ce448d1,2026_W23,O64250,U32994,P53,2026-06-02 18:56:51,1,5679.25,495.21,181.68,933.13,5679.25,5184.04,Credit Card,Completed
72e8cd21-4747-456a-bffd-d6498ce448d1,2026_W23,O64251,U26786,P147,2026-06-05 15:26:45,2,8552.19,1554.08,164.37,2799.05,17104.38,15550.3,UPI,Completed
72e8cd21-4747-456a-bffd-d6498ce448d1,2026_W23,O64252,U16970,P128,2026-06-06 02:58:03,2,8967.81,1433.76,141.06,2970.33,17935.62,16501.86,Credit Card,Completed
72e8cd21-4747-456a-bffd-d6498ce448d1,2026_W23,O64253,U25613,P105,2026-06-04 00:28:52,1,2249.83,292.66,56.75,352.29,2249.83,1957.17,Wallet,Completed
72e8cd21-4747-456a-bffd-d6498ce448d1,2026_W23,O64254,U10023,P102,2026-06-07 17:42:18,2,2314.83,487.49,174.54,745.59,4629.66,4142.17,UPI,Completed
72e8cd21-4747-456a-bffd-d6498ce448d1,2026_W23,O64255,U25591,P79,2026-06-06 13:02:05,3,4029.4,278.89,135.37,2125.68,12088.2,11809.31,Wallet,Completed
72e8cd21-4747-456a-bffd-d6498ce448d1,2026_W23,O64256,U6744,P179,2026-06-03 11:18:02,4,6023.34,2714.74,90.1,3848.15,24093.36,21378.620000000003,Wallet,Completed
72e8cd21-4747-456a-bffd-d6498ce448d1,2026_W23,O64257,U33964,P40,2026-06-07 14:29:32,4,5653.56,3060.18,191.24,3519.73,22614.24,19554.06,Debit Card,Completed
72e8cd21-4747-456a-bffd-d6498ce448d1,2026_W23,O64258,U9486,P176,2026-06-02 11:04:25,1,8451.7,59.18,157.09,1510.65,8451.7,8392.52,Wallet,Completed
72e8cd21-4747-456a-bffd-d6498ce448d1,2026_W23,O64259,U33428,P83,2026-06-06 14:25:04,4,4290.17,52.98,199.33,3079.39,17160.68,17107.7,Credit Card,Completed
72e8cd21-4747-456a-bffd-d6498ce448d1,2026_W23,O64260,U28665,P29,2026-06-03 08:36:38,2,1532.51,297.3,182.27,498.19,3065.02,2767.72,Debit Card,Completed
72e8cd21-4747-456a-bffd-d6498ce448d1,2026_W23,O64261,U19849,P72,2026-06-04 03:14:14,4,7361.26,1731.01,54.68,4988.53,29445.04,27714.03,Credit Card,Completed
72e8cd21-4747-456a-bffd-d6498ce448d1,2026_W23,O64262,U31843,P189,2026-06-05 03:51:57,2,3755.21,943.35,67.13,1182.07,7510.42,6567.07,Wallet,Completed
72e8cd21-4747-456a-bffd-d6498ce448d1,2026_W23,O64263,U8067,P165,2026-06-05 05:22:21,3,2657.45,1122.67,165.36,1232.94,7972.349999999999,6849.679999999999,UPI,Completed
72e8cd21-4747-456a-bffd-d6498ce448d1,2026_W23,O64264,U17144,P70,2026-06-07 01:31:14,3,10058.46,669.42,133.87,5311.07,30175.38,29505.96,UPI,Completed
72e8cd21-4747-456a-bffd-d6498ce448d1,2026_W23,O64265,U9366,P37,2026-06-06 12:40:38,1,5843.49,107.2,180.45,1032.53,5843.49,5736.29,Wallet,Completed
72e8cd21-4747-456a-bffd-d6498ce448d1,2026_W23,O64266,U23724,P85,2026-06-07 06:14:57,4,7940.53,4084.49,117.36,4981.97,31762.12,27677.63,Credit Card,Completed
72e8cd21-4747-456a-bffd-d6498ce448d1,2026_W23,O64267,U13792,P45,2026-06-03 22:39:48,4,10226.58,876.64,186.78,7205.34,40906.32,40029.68,Debit Card,Completed
72e8cd21-4747-456a-bffd-d6498ce448d1,2026_W23,O64268,U5344,P51,2026-06-03 21:18:40,1,5156.58,386.13,52.96,858.68,5156.58,4770.45,Debit Card,Completed
72e8cd21-4747-456a-bffd-d6498ce448d1,2026_W23,O64269,U31866,P152,2026-06-05 18:07:06,4,3680.01,952.02,116.66,2478.24,14720.04,13768.02,Debit Card,Completed
72e8cd21-4747-456a-bffd-d6498ce448d1,2026_W23,O64270,U24981,P140,2026-06-03 20:30:01,2,4036.99,519.28,55.56,1359.85,8073.98,7554.7,Credit Card,Completed
72e8cd21-4747-456a-bffd-d6498ce448d1,2026_W23,O64271,U15658,P16,2026-06-03 08:01:49,1,9334.87,137.83,132.15,1655.47,9334.87,9197.04,Credit Card,Completed
72e8cd21-4747-456a-bffd-d6498ce448d1,2026_W23,O64272,U24208,P53,2026-06-05 17:42:12,2,5679.25,1665.13,148.43,1744.81,11358.5,9693.37,Wallet,Completed
72e8cd21-4747-456a-bffd-d6498ce448d1,2026_W23,O64273,U16025,P193,2026-06-06 23:33:27,2,9271.8,1250.81,80.11,3112.7,18543.6,17292.789999999997,Debit Card,Completed
72e8cd21-4747-456a-bffd-d6498ce448d1,2026_W23,O64274,U16915,P176,2026-06-04 10:01:52,3,8451.7,3431.13,134.13,3946.31,25355.1,21923.97,Debit Card,Completed
72e8cd21-4747-456a-bffd-d6498ce448d1,2026_W23,O64275,U5023,P65,2026-06-05 13:35:08,2,9814.57,154.12,166.65,3505.5,19629.14,19475.02,Debit Card,Completed
72e8cd21-4747-456a-bffd-d6498ce448d1,2026_W23,O64276,U16188,P10,2026-06-05 11:17:08,3,6265.23,831.41,100.44,3233.57,18795.69,17964.28,Credit Card,Completed
72e8cd21-4747-456a-bffd-d6498ce448d1,2026_W23,O64277,U2224,P135,2026-06-05 12:35:56,3,4974.87,833.69,109.86,2536.37,14924.61,14090.92,UPI,Completed
72e8cd21-4747-456a-bffd-d6498ce448d1,2026_W23,O64278,U6962,P40,2026-06-02 14:57:37,1,5653.56,620.15,78.25,906.01,5653.56,5033.410000000001,Debit Card,Completed
72e8cd21-4747-456a-bffd-d6498ce448d1,2026_W23,O64279,U26666,P111,2026-06-04 17:11:53,2,2233.14,403.14,139.69,731.37,4466.28,4063.14,Credit Card,Completed
72e8cd21-4747-456a-bffd-d6498ce448d1,2026_W23,O64280,U8954,P181,2026-06-02 23:24:51,4,6034.6,3164.11,61.6,3775.37,24138.4,20974.29,UPI,Completed
72e8cd21-4747-456a-bffd-d6498ce448d1,2026_W23,O64281,U6215,P155,2026-06-04 00:52:18,1,5852.84,530.07,184.09,958.1,5852.84,5322.77,Wallet,Completed
72e8cd21-4747-456a-bffd-d6498ce448d1,2026_W23,O64282,U27746,P111,2026-06-07 15:57:00,4,2233.14,913.44,63.88,1443.44,8932.56,8019.119999999999,Debit Card,Completed
72e8cd21-4747-456a-bffd-d6498ce448d1,2026_W23,O64283,U26983,P191,2026-06-07 09:04:29,2,6168.41,1686.17,159.86,1917.12,12336.82,10650.65,Debit Card,Completed
72e8cd21-4747-456a-bffd-d6498ce448d1,2026_W23,O64284,U19611,P102,2026-06-03 05:59:04,4,2314.83,358.95,90.78,1602.07,9259.32,8900.369999999999,Wallet,Completed
72e8cd21-4747-456a-bffd-d6498ce448d1,2026_W23,O64285,U23221,P49,2026-06-06 15:55:04,1,4491.12,273.11,158.45,759.24,4491.12,4218.01,Debit Card,Completed
72e8cd21-4747-456a-bffd-d6498ce448d1,2026_W23,O64286,U3567,P65,2026-06-06 01:08:19,2,9814.57,2016.96,74.5,3170.19,19629.14,17612.18,Debit Card,Completed
72e8cd21-4747-456a-bffd-d6498ce448d1,2026_W23,O64287,U14758,P110,2026-06-07 03:06:08,3,2362.36,569.39,112.16,1173.18,7087.08,6517.69,Wallet,Completed
72e8cd21-4747-456a-bffd-d6498ce448d1,2026_W23,O64288,U5813,P57,2026-06-03 06:54:02,3,8106.78,3455.51,141.95,3755.67,24320.34,20864.83,Wallet,Completed
72e8cd21-4747-456a-bffd-d6498ce448d1,2026_W23,O64289,U22263,P96,2026-06-06 01:12:06,3,6736.46,40.36,169.61,3630.42,20209.38,20169.02,Credit Card,Completed
72e8cd21-4747-456a-bffd-d6498ce448d1,2026_W23,O64290,U17725,P28,2026-06-05 23:23:36,2,7134.46,336.26,122.94,2507.88,14268.92,13932.66,Wallet,Completed
72e8cd21-4747-456a-bffd-d6498ce448d1,2026_W23,O64291,U8058,P162,2026-06-04 17:03:17,4,4947.62,1869.07,155.66,3225.85,19790.48,17921.41,Credit Card,Completed
72e8cd21-4747-456a-bffd-d6498ce448d1,2026_W23,O64292,U17029,P137,2026-06-04 14:08:46,1,2412.96,324.7,157.24,375.89,2412.96,2088.26,Debit Card,Completed
72e8cd21-4747-456a-bffd-d6498ce448d1,2026_W23,O64293,U16239,P158,2026-06-05 18:36:52,4,2851.23,789.28,197.25,1910.82,11404.92,10615.64,Debit Card,Completed
72e8cd21-4747-456a-bffd-d6498ce448d1,2026_W23,O64294,U15,P182,2026-06-06 19:36:53,2,1987.12,484.66,137.2,628.12,3974.24,3489.58,Credit Card,Completed
72e8cd21-4747-456a-bffd-d6498ce448d1,2026_W23,O64295,U3781,P137,2026-06-04 01:52:07,1,2412.96,338.01,69.4,373.49,2412.96,2074.95,Debit Card,Completed
72e8cd21-4747-456a-bffd-d6498ce448d1,2026_W23,O64296,U20954,P92,2026-06-06 05:03:48,3,2278.27,970.38,117.17,1055.6,6834.81,5864.429999999999,Wallet,Completed
72e8cd21-4747-456a-bffd-d6498ce448d1,2026_W23,O64297,U10266,P185,2026-06-06 17:54:29,1,7874.65,799.75,125.1,1273.48,7874.65,7074.9,Credit Card,Completed
72e8cd21-4747-456a-bffd-d6498ce448d1,2026_W23,O64298,U24894,P26,2026-06-07 17:27:17,1,6921.53,395.43,107.23,1174.7,6921.53,6526.099999999999,Credit Card,Completed
72e8cd21-4747-456a-bffd-d6498ce448d1,2026_W23,O64299,U27936,P87,2026-06-04 18:41:35,1,2857.28,268.8,147.96,465.93,2857.28,2588.48,Wallet,Completed
72e8cd21-4747-456a-bffd-d6498ce448d1,2026_W23,O64300,U3739,P154,2026-06-06 01:08:59,2,7488.16,2137.88,149.79,2310.92,14976.32,12838.44,Debit Card,Completed
72e8cd21-4747-456a-bffd-d6498ce448d1,2026_W23,O64301,U34128,P141,2026-06-07 10:50:06,3,3712.37,933.05,83.81,1836.73,11137.11,10204.06,Wallet,Completed
72e8cd21-4747-456a-bffd-d6498ce448d1,2026_W23,O64302,U29212,P114,2026-06-07 07:25:13,2,3958.12,724.63,165.12,1294.49,7916.24,7191.61,Wallet,Completed
72e8cd21-4747-456a-bffd-d6498ce448d1,2026_W23,O64303,U30443,P23,2026-06-03 09:56:32,2,8537.77,269.38,57.38,3025.11,17075.54,16806.16,Wallet,Completed
72e8cd21-4747-456a-bffd-d6498ce448d1,2026_W23,O64304,U28610,P191,2026-06-04 00:32:29,3,6168.41,670.15,165.26,3210.31,18505.23,17835.079999999998,Debit Card,Completed
72e8cd21-4747-456a-bffd-d6498ce448d1,2026_W23,O64305,U27640,P62,2026-06-01 20:53:43,4,10625.67,5897.25,187.87,6588.98,42502.68,36605.43,Debit Card,Completed
72e8cd21-4747-456a-bffd-d6498ce448d1,2026_W23,O64306,U29988,P121,2026-06-03 16:18:21,3,3168.81,451.78,134.91,1629.84,9506.43,9054.65,UPI,Completed
72e8cd21-4747-456a-bffd-d6498ce448d1,2026_W23,O64307,U24402,P108,2026-06-05 01:51:14,3,3076.73,83.09,140.78,1646.48,9230.19,9147.1,Debit Card,Completed
72e8cd21-4747-456a-bffd-d6498ce448d1,2026_W23,O64308,U18606,P103,2026-06-03 14:00:28,1,4922.25,164.58,109.62,856.38,4922.25,4757.67,Credit Card,Completed
72e8cd21-4747-456a-bffd-d6498ce448d1,2026_W23,O64309,U160,P77,2026-06-04 11:21:42,3,2460.76,870.96,135.25,1172.04,7382.280000000001,6511.320000000001,Wallet,Completed
72e8cd21-4747-456a-bffd-d6498ce448d1,2026_W23,O64310,U7923,P181,2026-06-06 09:51:34,2,6034.6,1726.84,195.58,1861.62,12069.2,10342.36,Credit Card,Completed
72e8cd21-4747-456a-bffd-d6498ce448d1,2026_W23,O64311,U11673,P179,2026-06-07 12:08:26,3,6023.34,2198.2,78.44,2856.93,18070.02,15871.82,UPI,Completed
72e8cd21-4747-456a-bffd-d6498ce448d1,2026_W23,O64312,U448,P31,2026-06-02 14:28:22,4,2922.48,308.25,182.93,2048.7,11689.92,11381.67,UPI,Completed
72e8cd21-4747-456a-bffd-d6498ce448d1,2026_W23,O64313,U10424,P136,2026-06-05 09:57:39,1,2987.05,258.15,107.71,491.2,2987.05,2728.9,UPI,Completed
72e8cd21-4747-456a-bffd-d6498ce448d1,2026_W23,O64314,U20916,P7,2026-06-04 08:52:21,1,10896.56,37.04,138.53,1954.71,10896.56,10859.52,Credit Card,Completed
72e8cd21-4747-456a-bffd-d6498ce448d1,2026_W23,O64315,U3331,P200,2026-06-05 19:36:21,2,2159.6,233.59,106.01,735.41,4319.2,4085.61,Wallet,Completed
72e8cd21-4747-456a-bffd-d6498ce448d1,2026_W23,O64316,U18694,P54,2026-06-03 03:13:24,2,8322.93,1173.01,159.35,2785.11,16645.86,15472.85,Wallet,Completed
72e8cd21-4747-456a-bffd-d6498ce448d1,2026_W23,O64317,U7245,P38,2026-06-05 05:09:40,4,9269.67,3536.72,82.72,6037.55,37078.68,33541.96,UPI,Completed
72e8cd21-4747-456a-bffd-d6498ce448d1,2026_W23,O64318,U6178,P177,2026-06-03 21:08:57,1,6111.68,324.0,59.13,1041.78,6111.68,5787.68,UPI,Completed
72e8cd21-4747-456a-bffd-d6498ce448d1,2026_W23,O64319,U16474,P180,2026-06-06 01:23:26,3,6330.21,616.19,148.35,3307.4,18990.63,18374.44,Wallet,Completed
72e8cd21-4747-456a-bffd-d6498ce448d1,2026_W23,O64320,U32193,P155,2026-06-03 12:03:45,2,5852.84,907.18,70.78,1943.73,11705.68,10798.5,Debit Card,Completed
72e8cd21-4747-456a-bffd-d6498ce448d1,2026_W23,O64321,U14658,P38,2026-06-02 18:54:05,2,9269.67,2494.44,192.33,2888.08,18539.34,16044.9,Debit Card,Completed
72e8cd21-4747-456a-bffd-d6498ce448d1,2026_W23,O64322,U13212,P62,2026-06-03 03:04:45,3,10625.67,2090.44,179.61,5361.58,31877.01,29786.570000000003,UPI,Completed
72e8cd21-4747-456a-bffd-d6498ce448d1,2026_W23,O64323,U30648,P184,2026-06-06 12:31:03,1,2050.2,144.97,77.45,342.94,2050.2,1905.23,Debit Card,Completed
72e8cd21-4747-456a-bffd-d6498ce448d1,2026_W23,O64324,U33856,P131,2026-06-03 15:22:44,4,2872.68,1426.2,50.56,1811.61,11490.72,10064.52,Credit Card,Completed
72e8cd21-4747-456a-bffd-d6498ce448d1,2026_W23,O64325,U28828,P195,2026-06-06 07:10:56,2,9936.45,1442.09,129.2,3317.55,19872.9,18430.81,Credit Card,Completed
72e8cd21-4747-456a-bffd-d6498ce448d1,2026_W23,O64326,U25711,P44,2026-06-03 00:35:42,3,3831.53,1374.59,75.34,1821.6,11494.59,10120.0,Debit Card,Completed
72e8cd21-4747-456a-bffd-d6498ce448d1,2026_W23,O64327,U31616,P83,2026-06-07 19:26:04,2,4290.17,290.19,182.11,1492.23,8580.34,8290.15,UPI,Completed
72e8cd21-4747-456a-bffd-d6498ce448d1,2026_W23,O64328,U33717,P97,2026-06-03 16:00:47,2,5186.28,975.74,144.75,1691.43,10372.56,9396.82,Debit Card,Completed
72e8cd21-4747-456a-bffd-d6498ce448d1,2026_W23,O64329,U20228,P22,2026-06-03 20:38:53,4,5208.88,1521.37,163.1,3476.55,20835.52,19314.15,Wallet,Completed
72e8cd21-4747-456a-bffd-d6498ce448d1,2026_W23,O64330,U33493,P192,2026-06-07 12:38:24,4,11696.08,5740.7,172.82,7387.85,46784.32,41043.62,Wallet,Completed
72e8cd21-4747-456a-bffd-d6498ce448d1,2026_W23,O64331,U19512,P61,2026-06-03 03:56:12,2,7274.63,932.62,107.61,2451.0,14549.26,13616.64,Credit Card,Completed
72e8cd21-4747-456a-bffd-d6498ce448d1,2026_W23,O64332,U17913,P53,2026-06-04 14:18:29,3,5679.25,2293.87,183.41,2653.9,17037.75,14743.88,Debit Card,Completed
72e8cd21-4747-456a-bffd-d6498ce448d1,2026_W23,O64333,U15924,P57,2026-06-06 19:47:25,1,8106.78,1107.54,54.22,1259.86,8106.78,6999.24,UPI,Completed
72e8cd21-4747-456a-bffd-d6498ce448d1,2026_W23,O64334,U5410,P139,2026-06-03 23:47:05,4,3152.91,1887.8,128.3,1930.29,12611.64,10723.84,UPI,Completed
72e8cd21-4747-456a-bffd-d6498ce448d1,2026_W23,O64335,U31206,P42,2026-06-05 21:17:45,2,7209.49,1805.28,73.71,2270.47,14418.98,12613.7,Wallet,Completed
72e8cd21-4747-456a-bffd-d6498ce448d1,2026_W23,O64336,U7688,P40,2026-06-05 09:57:12,2,5653.56,20.89,177.91,2031.52,11307.12,11286.23,Debit Card,Completed
72e8cd21-4747-456a-bffd-d6498ce448d1,2026_W23,O64337,U10939,P95,2026-06-04 14:27:14,3,8832.47,735.55,180.85,4637.13,26497.41,25761.86,UPI,Completed
72e8cd21-4747-456a-bffd-d6498ce448d1,2026_W23,O64338,U34849,P184,2026-06-02 19:03:58,4,2050.2,472.46,140.78,1391.1,8200.8,7728.339999999999,Debit Card,Completed
72e8cd21-4747-456a-bffd-d6498ce448d1,2026_W23,O64339,U22105,P173,2026-06-06 06:02:50,3,5411.96,1031.4,96.02,2736.81,16235.88,15204.48,Debit Card,Completed
72e8cd21-4747-456a-bffd-d6498ce448d1,2026_W23,O64340,U7115,P129,2026-06-04 12:58:52,3,4560.09,274.17,83.32,2413.1,13680.27,13406.1,Wallet,Completed
72e8cd21-4747-456a-bffd-d6498ce448d1,2026_W23,O64341,U22658,P154,2026-06-04 02:58:24,2,7488.16,2170.03,198.3,2305.13,14976.32,12806.29,UPI,Completed
72e8cd21-4747-456a-bffd-d6498ce448d1,2026_W23,O64342,U17749,P23,2026-06-05 03:17:01,3,8537.77,85.71,75.6,4594.97,25613.31,25527.6,Debit Card,Completed
72e8cd21-4747-456a-bffd-d6498ce448d1,2026_W23,O64343,U25703,P84,2026-06-04 20:15:35,4,3400.69,379.43,163.25,2380.2,13602.76,13223.33,UPI,Completed
72e8cd21-4747-456a-bffd-d6498ce448d1,2026_W23,O64344,U31275,P134,2026-06-03 18:59:37,3,2662.06,416.5,128.7,1362.54,7986.18,7569.68,Debit Card,Completed
72e8cd21-4747-456a-bffd-d6498ce448d1,2026_W23,O64345,U26791,P99,2026-06-04 18:30:42,4,5923.25,2198.62,175.86,3868.99,23693.0,21494.38,Debit Card,Completed
72e8cd21-4747-456a-bffd-d6498ce448d1,2026_W23,O64346,U3915,P130,2026-06-07 04:33:34,2,3717.66,1070.33,150.11,1145.7,7435.32,6364.99,Wallet,Completed
72e8cd21-4747-456a-bffd-d6498ce448d1,2026_W23,O64347,U27202,P14,2026-06-03 22:57:50,3,7736.91,2460.83,121.68,3734.98,23210.73,20749.9,UPI,Completed
72e8cd21-4747-456a-bffd-d6498ce448d1,2026_W23,O64348,U28236,P47,2026-06-05 17:04:42,1,8854.8,1210.02,59.87,1376.06,8854.8,7644.779999999999,Debit Card,Completed
72e8cd21-4747-456a-bffd-d6498ce448d1,2026_W23,O64349,U16756,P187,2026-06-02 14:10:52,3,2141.32,381.4,192.5,1087.66,6423.960000000001,6042.560000000001,UPI,Completed
72e8cd21-4747-456a-bffd-d6498ce448d1,2026_W23,O64350,U26460,P20,2026-06-02 22:11:36,3,2140.8,456.36,161.99,1073.89,6422.400000000001,5966.040000000001,UPI,Completed
72e8cd21-4747-456a-bffd-d6498ce448d1,2026_W23,O64351,U28037,P111,2026-06-06 21:00:40,1,2233.14,308.94,73.59,346.36,2233.14,1924.2,Debit Card,Completed
72e8cd21-4747-456a-bffd-d6498ce448d1,2026_W23,O64352,U1673,P168,2026-06-07 15:58:33,1,4347.14,3.99,180.44,781.77,4347.14,4343.150000000001,UPI,Completed
72e8cd21-4747-456a-bffd-d6498ce448d1,2026_W23,O64353,U13653,P123,2026-06-03 07:01:46,4,7379.51,2281.7,127.57,4902.54,29518.04,27236.34,UPI,Completed
72e8cd21-4747-456a-bffd-d6498ce448d1,2026_W23,O64354,U4155,P92,2026-06-06 18:29:13,1,2278.27,66.35,168.97,398.15,2278.27,2211.92,Credit Card,Completed
72e8cd21-4747-456a-bffd-d6498ce448d1,2026_W23,O64355,U21,P165,2026-06-03 18:34:12,4,2657.45,109.0,152.98,1893.74,10629.8,10520.8,Debit Card,Completed
72e8cd21-4747-456a-bffd-d6498ce448d1,2026_W23,O64356,U31995,P192,2026-06-07 08:23:56,1,11696.08,755.64,185.05,1969.28,11696.08,10940.44,Debit Card,Completed
72e8cd21-4747-456a-bffd-d6498ce448d1,2026_W23,O64357,U2737,P102,2026-06-05 05:50:14,2,2314.83,289.35,114.51,781.26,4629.66,4340.31,Credit Card,Completed
72e8cd21-4747-456a-bffd-d6498ce448d1,2026_W23,O64358,U26437,P130,2026-06-07 17:36:16,1,3717.66,31.88,63.02,663.44,3717.66,3685.78,Wallet,Completed
72e8cd21-4747-456a-bffd-d6498ce448d1,2026_W23,O64359,U31708,P36,2026-06-04 13:00:53,1,5080.52,608.07,51.01,805.04,5080.52,4472.450000000001,Credit Card,Completed
72e8cd21-4747-456a-bffd-d6498ce448d1,2026_W23,O64360,U17684,P5,2026-06-04 13:29:41,1,9411.93,154.77,107.72,1666.29,9411.93,9257.16,UPI,Completed
72e8cd21-4747-456a-bffd-d6498ce448d1,2026_W23,O64361,U14936,P72,2026-06-07 17:05:43,1,7361.26,404.48,95.02,1252.22,7361.26,6956.780000000001,Wallet,Completed
72e8cd21-4747-456a-bffd-d6498ce448d1,2026_W23,O64362,U6034,P24,2026-06-04 16:41:51,2,7207.54,1560.23,179.01,2313.87,14415.08,12854.85,Wallet,Completed
72e8cd21-4747-456a-bffd-d6498ce448d1,2026_W23,O64363,U29082,P84,2026-06-03 07:04:37,3,3400.69,1026.77,124.65,1651.55,10202.07,9175.3,Credit Card,Completed
72e8cd21-4747-456a-bffd-d6498ce448d1,2026_W23,O64364,U20581,P49,2026-06-03 10:16:03,4,4491.12,422.25,96.97,3157.6,17964.48,17542.23,Credit Card,Completed
72e8cd21-4747-456a-bffd-d6498ce448d1,2026_W23,O64365,U614,P71,2026-06-02 15:45:50,3,4652.78,146.96,58.73,2486.05,13958.34,13811.38,Wallet,Completed
72e8cd21-4747-456a-bffd-d6498ce448d1,2026_W23,O64366,U25362,P74,2026-06-02 16:42:46,2,4407.74,777.61,178.85,1446.82,8815.48,8037.87,UPI,Completed
72e8cd21-4747-456a-bffd-d6498ce448d1,2026_W23,O64367,U34777,P146,2026-06-02 19:02:18,3,8753.05,3803.46,195.28,4042.02,26259.15,22455.69,Credit Card,Completed
72e8cd21-4747-456a-bffd-d6498ce448d1,2026_W23,O64368,U26244,P127,2026-06-04 06:03:46,2,7703.2,1353.22,186.06,2529.57,15406.4,14053.18,Credit Card,Completed
72e8cd21-4747-456a-bffd-d6498ce448d1,2026_W23,O64369,U14383,P141,2026-06-06 23:13:27,1,3712.37,432.26,133.82,590.42,3712.37,3280.11,UPI,Completed
72e8cd21-4747-456a-bffd-d6498ce448d1,2026_W23,O64370,U10747,P119,2026-06-03 05:39:01,3,2931.16,14.78,163.12,1580.17,8793.48,8778.699999999999,Wallet,Completed
72e8cd21-4747-456a-bffd-d6498ce448d1,2026_W23,O64371,U5622,P30,2026-06-05 17:55:12,3,10435.98,692.5,141.41,5510.78,31307.94,30615.44,UPI,Completed
72e8cd21-4747-456a-bffd-d6498ce448d1,2026_W23,O64372,U25545,P179,2026-06-06 01:59:00,4,6023.34,1565.56,84.64,4055.0,24093.36,22527.8,UPI,Completed
72e8cd21-4747-456a-bffd-d6498ce448d1,2026_W23,O64373,U18527,P132,2026-06-06 21:13:14,3,4280.82,380.37,177.29,2243.18,12842.46,12462.089999999998,Debit Card,Completed
72e8cd21-4747-456a-bffd-d6498ce448d1,2026_W23,O64374,U27624,P120,2026-06-03 08:51:48,2,6088.95,247.65,66.78,2147.44,12177.9,11930.25,Wallet,Completed
72e8cd21-4747-456a-bffd-d6498ce448d1,2026_W23,O64375,U24065,P116,2026-06-02 14:39:19,4,6311.89,1394.22,173.35,4293.6,25247.56,23853.34,Wallet,Completed
72e8cd21-4747-456a-bffd-d6498ce448d1,2026_W23,O64376,U30833,P186,2026-06-05 14:26:32,4,7703.95,2412.06,166.98,5112.67,30815.8,28403.74,UPI,Completed
72e8cd21-4747-456a-bffd-d6498ce448d1,2026_W23,O64377,U3331,P56,2026-06-07 08:45:48,4,9007.41,2392.51,66.95,6054.68,36029.64,33637.13,Credit Card,Completed
72e8cd21-4747-456a-bffd-d6498ce448d1,2026_W23,O64378,U28836,P42,2026-06-04 11:43:30,1,7209.49,180.87,189.87,1265.15,7209.49,7028.62,UPI,Completed
72e8cd21-4747-456a-bffd-d6498ce448d1,2026_W23,O64379,U6502,P90,2026-06-04 14:46:01,2,10379.64,2164.82,123.7,3347.0,20759.28,18594.46,UPI,Completed
72e8cd21-4747-456a-bffd-d6498ce448d1,2026_W23,O64380,U15219,P157,2026-06-07 06:53:36,1,6948.33,630.97,85.23,1137.12,6948.33,6317.36,Wallet,Completed
72e8cd21-4747-456a-bffd-d6498ce448d1,2026_W23,O64381,U2307,P168,2026-06-04 12:40:55,1,4347.14,38.88,183.81,775.49,4347.14,4308.26,UPI,Completed
72e8cd21-4747-456a-bffd-d6498ce448d1,2026_W23,O64382,U17753,P51,2026-06-05 12:37:23,3,5156.58,1071.52,97.57,2591.68,15469.74,14398.22,Debit Card,Completed
72e8cd21-4747-456a-bffd-d6498ce448d1,2026_W23,O64383,U8511,P49,2026-06-06 12:17:52,2,4491.12,694.27,150.33,1491.83,8982.24,8287.97,Wallet,Completed
72e8cd21-4747-456a-bffd-d6498ce448d1,2026_W23,O64384,U2089,P173,2026-06-07 07:15:37,4,5411.96,2672.4,145.91,3415.58,21647.84,18975.44,Wallet,Completed
72e8cd21-4747-456a-bffd-d6498ce448d1,2026_W23,O64385,U18758,P26,2026-06-05 20:10:25,4,6921.53,737.74,132.57,4850.71,27686.12,26948.38,Debit Card,Completed
72e8cd21-4747-456a-bffd-d6498ce448d1,2026_W23,O64386,U34059,P41,2026-06-04 08:47:33,3,11748.5,3514.54,108.68,5711.57,35245.5,31730.96,UPI,Completed
72e8cd21-4747-456a-bffd-d6498ce448d1,2026_W23,O64387,U34179,P90,2026-06-05 16:46:15,4,10379.64,1353.6,182.1,7229.69,41518.56,40164.96,Debit Card,Completed
72e8cd21-4747-456a-bffd-d6498ce448d1,2026_W23,O64388,U4762,P80,2026-06-06 13:38:28,1,4942.61,667.8,160.35,769.47,4942.61,4274.81,Wallet,Completed
72e8cd21-4747-456a-bffd-d6498ce448d1,2026_W23,O64389,U29942,P114,2026-06-06 06:11:36,4,3958.12,803.52,188.02,2705.21,15832.48,15028.96,Debit Card,Completed
72e8cd21-4747-456a-bffd-d6498ce448d1,2026_W23,O64390,U28535,P66,2026-06-04 23:53:41,2,5068.12,8.11,193.09,1823.06,10136.24,10128.13,Credit Card,Completed
72e8cd21-4747-456a-bffd-d6498ce448d1,2026_W23,O64391,U5973,P44,2026-06-05 09:32:00,3,3831.53,759.85,189.03,1932.25,11494.59,10734.74,UPI,Completed
72e8cd21-4747-456a-bffd-d6498ce448d1,2026_W23,O64392,U34052,P42,2026-06-07 03:07:05,2,7209.49,1020.03,96.69,2411.81,14418.98,13398.95,Credit Card,Completed
72e8cd21-4747-456a-bffd-d6498ce448d1,2026_W23,O64393,U10493,P20,2026-06-07 09:24:38,3,2140.8,877.58,97.23,998.07,6422.400000000001,5544.820000000001,UPI,Completed
72e8cd21-4747-456a-bffd-d6498ce448d1,2026_W23,O64394,U16642,P58,2026-06-05 13:02:40,2,3367.03,491.66,65.6,1123.63,6734.06,6242.400000000001,UPI,Completed
72e8cd21-4747-456a-bffd-d6498ce448d1,2026_W23,O64395,U31380,P185,2026-06-06 01:25:09,4,7874.65,1684.97,58.07,5366.45,31498.6,29813.63,Credit Card,Completed
72e8cd21-4747-456a-bffd-d6498ce448d1,2026_W23,O64396,U19687,P139,2026-06-07 16:59:35,3,3152.91,1142.25,127.08,1496.97,9458.73,8316.48,UPI,Completed
72e8cd21-4747-456a-bffd-d6498ce448d1,2026_W23,O64397,U8313,P174,2026-06-03 04:57:29,1,8540.78,1145.32,158.51,1331.18,8540.78,7395.460000000001,UPI,Completed
72e8cd21-4747-456a-bffd-d6498ce448d1,2026_W23,O64398,U6000,P176,2026-06-05 00:56:40,2,8451.7,1156.98,119.15,2834.36,16903.4,15746.420000000002,UPI,Completed
72e8cd21-4747-456a-bffd-d6498ce448d1,2026_W23,O64399,U33303,P44,2026-06-03 11:42:37,2,3831.53,604.75,172.63,1270.5,7663.06,7058.31,Debit Card,Completed
72e8cd21-4747-456a-bffd-d6498ce448d1,2026_W23,O64400,U9801,P18,2026-06-05 04:42:34,3,5632.45,388.33,111.52,2971.62,16897.35,16509.019999999997,UPI,Completed
72e8cd21-4747-456a-bffd-d6498ce448d1,2026_W23,O64401,U14021,P160,2026-06-02 19:11:08,3,3922.12,1279.59,68.75,1887.62,11766.36,10486.77,Debit Card,Completed
72e8cd21-4747-456a-bffd-d6498ce448d1,2026_W23,O64402,U32298,P79,2026-06-06 09:37:39,2,4029.4,1151.91,77.06,1243.24,8058.8,6906.89,Debit Card,Completed
72e8cd21-4747-456a-bffd-d6498ce448d1,2026_W23,O64403,U12950,P167,2026-06-07 05:14:48,4,10191.01,3582.81,90.73,6692.62,40764.04,37181.23,Debit Card,Completed
72e8cd21-4747-456a-bffd-d6498ce448d1,2026_W23,O64404,U28892,P115,2026-06-03 12:16:26,2,10604.02,1128.35,75.25,3614.34,21208.04,20079.69,UPI,Completed
72e8cd21-4747-456a-bffd-d6498ce448d1,2026_W23,O64405,U21805,P67,2026-06-05 00:57:13,1,6380.8,44.96,138.15,1140.45,6380.8,6335.84,Debit Card,Completed
72e8cd21-4747-456a-bffd-d6498ce448d1,2026_W23,O64406,U8407,P143,2026-06-06 20:33:25,1,1686.4,69.6,131.38,291.02,1686.4,1616.8000000000002,Debit Card,Completed
72e8cd21-4747-456a-bffd-d6498ce448d1,2026_W23,O64407,U10781,P132,2026-06-03 05:15:32,1,4280.82,430.74,115.79,693.01,4280.82,3850.08,Debit Card,Completed
72e8cd21-4747-456a-bffd-d6498ce448d1,2026_W23,O64408,U18586,P145,2026-06-03 06:14:17,1,7002.35,203.53,187.14,1223.79,7002.35,6798.820000000001,Credit Card,Completed
72e8cd21-4747-456a-bffd-d6498ce448d1,2026_W23,O64409,U8839,P54,2026-06-06 01:09:47,3,8322.93,424.58,178.22,4417.96,24968.79,24544.21,UPI,Completed
72e8cd21-4747-456a-bffd-d6498ce448d1,2026_W23,O64410,U28838,P43,2026-06-07 05:04:44,4,2660.01,1115.29,93.0,1714.46,10640.04,9524.75,Debit Card,Completed
72e8cd21-4747-456a-bffd-d6498ce448d1,2026_W23,O64411,U28799,P181,2026-06-04 18:54:37,3,6034.6,1216.74,156.88,3039.67,18103.800000000003,16887.06,Credit Card,Completed
72e8cd21-4747-456a-bffd-d6498ce448d1,2026_W23,O64412,U1655,P99,2026-06-05 23:34:26,2,5923.25,1038.24,177.39,1945.49,11846.5,10808.26,UPI,Completed
72e8cd21-4747-456a-bffd-d6498ce448d1,2026_W23,O64413,U16247,P125,2026-06-03 14:47:42,4,7881.51,2645.54,148.81,5198.49,31526.04,28880.5,Wallet,Completed
72e8cd21-4747-456a-bffd-d6498ce448d1,2026_W23,O64414,U26601,P125,2026-06-05 20:15:02,3,7881.51,2140.9,112.15,3870.65,23644.53,21503.63,Debit Card,Completed
72e8cd21-4747-456a-bffd-d6498ce448d1,2026_W23,O64415,U18030,P46,2026-06-07 14:55:01,2,4606.02,619.06,176.23,1546.74,9212.04,8592.980000000001,Credit Card,Completed
72e8cd21-4747-456a-bffd-d6498ce448d1,2026_W23,O64416,U34945,P31,2026-06-02 16:15:08,2,2922.48,487.52,126.59,964.34,5844.96,5357.4400000000005,Wallet,Completed
72e8cd21-4747-456a-bffd-d6498ce448d1,2026_W23,O64417,U17151,P134,2026-06-06 23:11:51,2,2662.06,321.62,59.27,900.45,5324.12,5002.5,Wallet,Completed
72e8cd21-4747-456a-bffd-d6498ce448d1,2026_W23,O64418,U18761,P140,2026-06-03 07:57:13,2,4036.99,281.39,194.23,1402.67,8073.98,7792.589999999999,Credit Card,Completed
72e8cd21-4747-456a-bffd-d6498ce448d1,2026_W23,O64419,U34188,P28,2026-06-03 21:58:55,1,7134.46,341.94,195.88,1222.65,7134.46,6792.52,Debit Card,Completed
72e8cd21-4747-456a-bffd-d6498ce448d1,2026_W23,O64420,U20333,P104,2026-06-07 05:39:02,4,5590.84,416.1,167.21,3950.51,22363.36,21947.26,UPI,Completed
72e8cd21-4747-456a-bffd-d6498ce448d1,2026_W23,O64421,U5712,P72,2026-06-05 15:18:05,3,7361.26,2862.16,170.41,3459.89,22083.78,19221.62,Credit Card,Completed
72e8cd21-4747-456a-bffd-d6498ce448d1,2026_W23,O64422,U22325,P36,2026-06-02 07:40:55,3,5080.52,1677.77,135.77,2441.48,15241.56,13563.79,Wallet,Completed
72e8cd21-4747-456a-bffd-d6498ce448d1,2026_W23,O64423,U28567,P191,2026-06-04 14:54:16,1,6168.41,701.81,172.36,983.99,6168.41,5466.6,Debit Card,Completed
72e8cd21-4747-456a-bffd-d6498ce448d1,2026_W23,O64424,U28478,P33,2026-06-02 04:24:01,3,8155.0,644.81,151.24,4287.63,24465.0,23820.19,Debit Card,Completed
72e8cd21-4747-456a-bffd-d6498ce448d1,2026_W23,O64425,U476,P159,2026-06-03 20:31:16,3,5981.94,1084.41,150.61,3035.05,17945.82,16861.41,UPI,Completed
72e8cd21-4747-456a-bffd-d6498ce448d1,2026_W23,O64426,U14246,P57,2026-06-02 14:30:00,1,8106.78,295.91,198.46,1405.96,8106.78,7810.87,Debit Card,Completed
72e8cd21-4747-456a-bffd-d6498ce448d1,2026_W23,O64427,U29043,P6,2026-06-05 13:48:40,1,6942.01,886.78,76.48,1089.94,6942.01,6055.2300000000005,Credit Card,Completed
72e8cd21-4747-456a-bffd-d6498ce448d1,2026_W23,O64428,U18525,P68,2026-06-06 19:31:45,1,4648.44,22.24,130.02,832.72,4648.44,4626.2,Credit Card,Completed
72e8cd21-4747-456a-bffd-d6498ce448d1,2026_W23,O64429,U23297,P187,2026-06-03 22:10:38,4,2141.32,389.81,71.89,1471.58,8565.28,8175.47,UPI,Completed
72e8cd21-4747-456a-bffd-d6498ce448d1,2026_W23,O64430,U7760,P28,2026-06-06 20:19:11,1,7134.46,565.49,155.25,1182.41,7134.46,6568.97,Wallet,Completed
72e8cd21-4747-456a-bffd-d6498ce448d1,2026_W23,O64431,U3813,P27,2026-06-04 16:39:39,1,4374.27,549.48,194.48,688.46,4374.27,3824.79,Wallet,Completed
72e8cd21-4747-456a-bffd-d6498ce448d1,2026_W23,O64432,U3515,P155,2026-06-06 03:32:03,1,5852.84,658.5,118.1,934.98,5852.84,5194.34,Debit Card,Completed
72e8cd21-4747-456a-bffd-d6498ce448d1,2026_W23,O64433,U11612,P93,2026-06-07 17:15:46,1,7912.93,124.13,191.2,1401.98,7912.93,7788.8,UPI,Completed
72e8cd21-4747-456a-bffd-d6498ce448d1,2026_W23,O64434,U22109,P186,2026-06-07 02:45:50,3,7703.95,2218.3,88.58,3760.84,23111.85,20893.55,Wallet,Completed
72e8cd21-4747-456a-bffd-d6498ce448d1,2026_W23,O64435,U5168,P77,2026-06-03 13:27:56,1,2460.76,104.39,106.31,424.15,2460.76,2356.3700000000003,Debit Card,Completed
72e8cd21-4747-456a-bffd-d6498ce448d1,2026_W23,O64436,U23498,P191,2026-06-06 18:48:34,4,6168.41,297.04,173.89,4387.79,24673.64,24376.6,Credit Card,Completed
72e8cd21-4747-456a-bffd-d6498ce448d1,2026_W23,O64437,U14779,P68,2026-06-04 01:28:34,2,4648.44,635.05,181.54,1559.13,9296.88,8661.83,Wallet,Completed
72e8cd21-4747-456a-bffd-d6498ce448d1,2026_W23,O64438,U451,P68,2026-06-05 06:50:12,4,4648.44,946.71,63.49,3176.47,18593.76,17647.05,UPI,Completed
72e8cd21-4747-456a-bffd-d6498ce448d1,2026_W23,O64439,U26785,P48,2026-06-04 23:08:30,4,4680.1,1633.02,61.46,3075.73,18720.4,17087.38,Debit Card,Completed
72e8cd21-4747-456a-bffd-d6498ce448d1,2026_W23,O64440,U33809,P118,2026-06-07 16:18:24,4,1413.19,751.99,94.38,882.14,5652.76,4900.77,Credit Card,Completed
72e8cd21-4747-456a-bffd-d6498ce448d1,2026_W23,O64441,U17886,P54,2026-06-07 14:29:10,4,8322.93,726.01,164.18,5861.83,33291.72,32565.710000000003,UPI,Completed
72e8cd21-4747-456a-bffd-d6498ce448d1,2026_W23,O64442,U28138,P188,2026-06-02 15:18:08,1,3474.24,429.12,96.71,548.12,3474.24,3045.12,Wallet,Completed
72e8cd21-4747-456a-bffd-d6498ce448d1,2026_W23,O64443,U14090,P165,2026-06-06 08:00:31,3,2657.45,393.61,100.83,1364.17,7972.349999999999,7578.74,Credit Card,Completed
72e8cd21-4747-456a-bffd-d6498ce448d1,2026_W23,O64444,U16239,P113,2026-06-05 05:53:53,4,5995.63,3413.61,80.4,3702.4,23982.52,20568.91,UPI,Completed
72e8cd21-4747-456a-bffd-d6498ce448d1,2026_W23,O64445,U10402,P7,2026-06-04 01:49:23,1,10896.56,505.97,129.76,1870.31,10896.56,10390.59,Credit Card,Completed
72e8cd21-4747-456a-bffd-d6498ce448d1,2026_W23,O64446,U15389,P125,2026-06-05 08:18:04,1,7881.51,499.64,140.37,1328.74,7881.51,7381.87,UPI,Completed
72e8cd21-4747-456a-bffd-d6498ce448d1,2026_W23,O64447,U33934,P162,2026-06-07 06:08:38,3,4947.62,718.93,195.27,2542.31,14842.86,14123.93,Credit Card,Completed
72e8cd21-4747-456a-bffd-d6498ce448d1,2026_W23,O64448,U5729,P109,2026-06-04 14:49:29,3,5905.39,379.91,165.39,3120.53,17716.170000000002,17336.260000000002,Debit Card,Completed
72e8cd21-4747-456a-bffd-d6498ce448d1,2026_W23,O64449,U8839,P31,2026-06-07 07:04:23,2,2922.48,19.45,110.05,1048.59,5844.96,5825.51,Debit Card,Completed
72e8cd21-4747-456a-bffd-d6498ce448d1,2026_W23,O64450,U15040,P190,2026-06-07 19:32:57,1,7773.11,148.79,183.75,1372.38,7773.11,7624.32,UPI,Completed
72e8cd21-4747-456a-bffd-d6498ce448d1,2026_W23,O64451,U22217,P164,2026-06-04 14:45:16,2,7788.37,661.66,149.03,2684.71,15576.74,14915.08,UPI,Completed
72e8cd21-4747-456a-bffd-d6498ce448d1,2026_W23,O64452,U34421,P64,2026-06-03 02:44:08,1,5229.45,190.95,91.98,906.93,5229.45,5038.5,Wallet,Completed
72e8cd21-4747-456a-bffd-d6498ce448d1,2026_W23,O64453,U8551,P131,2026-06-04 08:16:22,2,2872.68,296.19,159.19,980.85,5745.36,5449.17,Debit Card,Completed
72e8cd21-4747-456a-bffd-d6498ce448d1,2026_W23,O64454,U29609,P139,2026-06-03 22:06:38,2,3152.91,503.73,95.38,1044.38,6305.82,5802.09,Debit Card,Completed
72e8cd21-4747-456a-bffd-d6498ce448d1,2026_W23,O64455,U31393,P126,2026-06-04 14:40:22,2,7115.51,1440.16,177.25,2302.35,14231.02,12790.86,Wallet,Completed
72e8cd21-4747-456a-bffd-d6498ce448d1,2026_W23,O64456,U5729,P81,2026-06-06 19:07:13,3,6992.52,854.09,112.23,3622.22,20977.56,20123.47,UPI,Completed
72e8cd21-4747-456a-bffd-d6498ce448d1,2026_W23,O64457,U6567,P140,2026-06-07 11:38:15,4,4036.99,1999.53,163.72,2546.72,16147.96,14148.429999999998,UPI,Completed
72e8cd21-4747-456a-bffd-d6498ce448d1,2026_W23,O64458,U12881,P179,2026-06-04 19:37:09,4,6023.34,885.71,92.68,4177.38,24093.36,23207.65,Debit Card,Completed
72e8cd21-4747-456a-bffd-d6498ce448d1,2026_W23,O64459,U1774,P45,2026-06-02 05:02:22,4,10226.58,1931.68,192.55,7015.44,40906.32,38974.64,Wallet,Completed
72e8cd21-4747-456a-bffd-d6498ce448d1,2026_W23,O64460,U31791,P51,2026-06-03 23:24:58,2,5156.58,916.62,122.73,1691.38,10313.16,9396.54,Wallet,Completed
72e8cd21-4747-456a-bffd-d6498ce448d1,2026_W23,O64461,U7987,P156,2026-06-02 15:52:38,4,7497.11,2763.43,160.57,4900.5,29988.44,27225.01,Debit Card,Completed
72e8cd21-4747-456a-bffd-d6498ce448d1,2026_W23,O64462,U2071,P100,2026-06-05 19:47:51,1,6025.88,439.53,82.84,1005.54,6025.88,5586.35,Credit Card,Completed
72e8cd21-4747-456a-bffd-d6498ce448d1,2026_W23,O64463,U15783,P181,2026-06-06 07:05:59,3,6034.6,902.74,162.99,3096.19,18103.800000000003,17201.06,Wallet,Completed
72e8cd21-4747-456a-bffd-d6498ce448d1,2026_W23,O64464,U34864,P150,2026-06-06 11:32:42,2,7237.54,30.61,147.87,2600.0,14475.08,14444.47,Credit Card,Completed
72e8cd21-4747-456a-bffd-d6498ce448d1,2026_W23,O64465,U27262,P127,2026-06-04 21:30:23,2,7703.2,602.86,164.23,2664.64,15406.4,14803.54,Debit Card,Completed
72e8cd21-4747-456a-bffd-d6498ce448d1,2026_W23,O64466,U2389,P95,2026-06-05 21:50:12,1,8832.47,563.38,102.57,1488.44,8832.47,8269.09,Wallet,Completed
72e8cd21-4747-456a-bffd-d6498ce448d1,2026_W23,O64467,U734,P6,2026-06-03 02:45:41,2,6942.01,215.13,84.15,2460.4,13884.02,13668.89,Credit Card,Completed
72e8cd21-4747-456a-bffd-d6498ce448d1,2026_W23,O64468,U15701,P18,2026-06-07 09:59:27,3,5632.45,1026.14,194.82,2856.82,16897.35,15871.21,Wallet,Completed
72e8cd21-4747-456a-bffd-d6498ce448d1,2026_W23,O64469,U30835,P142,2026-06-04 06:53:25,4,5009.2,2880.26,170.72,3088.18,20036.8,17156.54,UPI,Completed
72e8cd21-4747-456a-bffd-d6498ce448d1,2026_W23,O64470,U21722,P135,2026-06-03 14:52:50,4,4974.87,736.37,175.52,3449.36,19899.48,19163.11,Debit Card,Completed
72e8cd21-4747-456a-bffd-d6498ce448d1,2026_W23,O64471,U25410,P137,2026-06-07 18:29:37,3,2412.96,878.18,50.92,1144.93,7238.88,6360.7,Credit Card,Completed
72e8cd21-4747-456a-bffd-d6498ce448d1,2026_W23,O64472,U542,P125,2026-06-05 19:56:36,3,7881.51,805.92,117.19,4110.95,23644.53,22838.61,Wallet,Completed
72e8cd21-4747-456a-bffd-d6498ce448d1,2026_W23,O64473,U2628,P187,2026-06-02 13:39:45,1,2141.32,303.13,92.74,330.87,2141.32,1838.19,Credit Card,Completed
72e8cd21-4747-456a-bffd-d6498ce448d1,2026_W23,O64474,U34085,P57,2026-06-03 19:43:20,2,8106.78,1538.7,84.64,2641.47,16213.56,14674.86,Wallet,Completed
72e8cd21-4747-456a-bffd-d6498ce448d1,2026_W23,O64475,U8876,P60,2026-06-05 22:53:57,1,7906.19,1032.27,178.43,1237.31,7906.19,6873.92,Credit Card,Completed
72e8cd21-4747-456a-bffd-d6498ce448d1,2026_W23,O64476,U15809,P106,2026-06-01 23:14:36,4,4353.6,1519.26,102.8,2861.13,17414.4,15895.14,Wallet,Completed
72e8cd21-4747-456a-bffd-d6498ce448d1,2026_W23,O64477,U18816,P85,2026-06-05 22:22:59,1,7940.53,234.67,69.14,1387.05,7940.53,7705.86,Credit Card,Completed
72e8cd21-4747-456a-bffd-d6498ce448d1,2026_W23,O64478,U4961,P193,2026-06-03 11:23:54,3,9271.8,3326.23,59.26,4408.05,27815.4,24489.17,Debit Card,Completed
72e8cd21-4747-456a-bffd-d6498ce448d1,2026_W23,O64479,U8384,P1,2026-06-06 00:37:09,4,8422.98,1329.78,189.98,5825.19,33691.92,32362.14,UPI,Completed
72e8cd21-4747-456a-bffd-d6498ce448d1,2026_W23,O64480,U6736,P93,2026-06-03 22:42:01,1,7912.93,138.98,82.35,1399.31,7912.93,7773.950000000001,Debit Card,Completed
72e8cd21-4747-456a-bffd-d6498ce448d1,2026_W23,O64481,U33279,P176,2026-06-02 10:58:31,3,8451.7,643.25,144.64,4448.13,25355.1,24711.85,Debit Card,Completed
72e8cd21-4747-456a-bffd-d6498ce448d1,2026_W23,O64482,U8305,P114,2026-06-07 03:43:31,3,3958.12,1451.69,102.97,1876.08,11874.36,10422.67,UPI,Completed
72e8cd21-4747-456a-bffd-d6498ce448d1,2026_W23,O64483,U2325,P192,2026-06-03 15:55:27,2,11696.08,2170.65,102.8,3819.87,23392.16,21221.51,UPI,Completed
72e8cd21-4747-456a-bffd-d6498ce448d1,2026_W23,O64484,U30785,P76,2026-06-04 02:46:01,2,1956.86,246.25,187.58,660.14,3913.72,3667.47,UPI,Completed
72e8cd21-4747-456a-bffd-d6498ce448d1,2026_W23,O64485,U16322,P127,2026-06-03 00:56:26,2,7703.2,520.15,67.46,2679.52,15406.4,14886.25,Debit Card,Completed
72e8cd21-4747-456a-bffd-d6498ce448d1,2026_W23,O64486,U16247,P177,2026-06-03 03:20:34,4,6111.68,2997.22,115.72,3860.91,24446.72,21449.5,UPI,Completed
72e8cd21-4747-456a-bffd-d6498ce448d1,2026_W23,O64487,U13059,P160,2026-06-07 03:49:12,2,3922.12,801.56,189.91,1267.68,7844.24,7042.68,UPI,Completed
72e8cd21-4747-456a-bffd-d6498ce448d1,2026_W23,O64488,U19930,P118,2026-06-05 22:06:18,2,1413.19,14.49,166.39,506.14,2826.38,2811.8900000000003,UPI,Completed
72e8cd21-4747-456a-bffd-d6498ce448d1,2026_W23,O64489,U29124,P9,2026-06-02 11:14:03,2,6463.86,888.56,61.69,2167.05,12927.72,12039.16,Credit Card,Completed
72e8cd21-4747-456a-bffd-d6498ce448d1,2026_W23,O64490,U30443,P148,2026-06-02 17:04:35,2,3184.27,498.13,145.74,1056.67,6368.54,5870.41,Wallet,Completed
72e8cd21-4747-456a-bffd-d6498ce448d1,2026_W23,O64491,U31962,P62,2026-06-06 01:26:44,3,10625.67,1227.23,177.64,5516.96,31877.01,30649.78,Debit Card,Completed
72e8cd21-4747-456a-bffd-d6498ce448d1,2026_W23,O64492,U884,P5,2026-06-05 00:34:40,2,9411.93,331.07,106.74,3328.7,18823.86,18492.79,Debit Card,Completed
72e8cd21-4747-456a-bffd-d6498ce448d1,2026_W23,O64493,U20608,P19,2026-06-02 22:13:16,2,10412.16,1781.74,192.83,3427.66,20824.32,19042.58,Wallet,Completed
72e8cd21-4747-456a-bffd-d6498ce448d1,2026_W23,O64494,U24341,P175,2026-06-05 07:58:12,2,6623.37,1381.19,146.66,2135.8,13246.74,11865.55,Wallet,Completed
72e8cd21-4747-456a-bffd-d6498ce448d1,2026_W23,O64495,U13116,P26,2026-06-02 22:13:36,2,6921.53,1781.32,122.66,2171.11,13843.06,12061.74,Credit Card,Completed
72e8cd21-4747-456a-bffd-d6498ce448d1,2026_W23,O64496,U15484,P193,2026-06-07 04:26:17,2,9271.8,945.07,133.05,3167.74,18543.6,17598.53,Debit Card,Completed
72e8cd21-4747-456a-bffd-d6498ce448d1,2026_W23,O64497,U2780,P75,2026-06-01 21:44:18,2,8927.29,1939.36,168.15,2864.74,17854.58,15915.22,Credit Card,Completed
72e8cd21-4747-456a-bffd-d6498ce448d1,2026_W23,O64498,U32069,P83,2026-06-02 19:58:04,3,4290.17,578.89,187.44,2212.49,12870.51,12291.62,Credit Card,Completed
72e8cd21-4747-456a-bffd-d6498ce448d1,2026_W23,O64499,U34024,P127,2026-06-02 17:04:43,1,7703.2,232.82,135.74,1344.67,7703.2,7470.38,Debit Card,Completed
72e8cd21-4747-456a-bffd-d6498ce448d1,2026_W23,O64500,U18343,P134,2026-06-04 06:59:23,4,2662.06,895.22,165.65,1755.54,10648.24,9753.02,Credit Card,Completed
72e8cd21-4747-456a-bffd-d6498ce448d1,2026_W23,O64501,U478,P195,2026-06-05 04:57:56,2,9936.45,185.42,166.99,3543.75,19872.9,19687.480000000003,Credit Card,Completed
72e8cd21-4747-456a-bffd-d6498ce448d1,2026_W23,O64502,U27038,P133,2026-06-02 09:29:02,3,9654.47,2326.35,63.71,4794.67,28963.41,26637.06,Wallet,Completed
72e8cd21-4747-456a-bffd-d6498ce448d1,2026_W23,O64503,U3353,P168,2026-06-04 00:50:22,1,4347.14,280.98,157.55,731.91,4347.14,4066.16,Credit Card,Completed
72e8cd21-4747-456a-bffd-d6498ce448d1,2026_W23,O64504,U2471,P196,2026-06-05 10:48:42,2,9246.31,846.6,195.53,3176.28,18492.62,17646.02,Wallet,Completed
72e8cd21-4747-456a-bffd-d6498ce448d1,2026_W23,O64505,U9198,P140,2026-06-03 23:35:55,3,4036.99,136.92,125.93,2155.33,12110.97,11974.05,Debit Card,Completed
72e8cd21-4747-456a-bffd-d6498ce448d1,2026_W23,O64506,U5035,P176,2026-06-07 13:20:26,1,8451.7,1244.7,156.94,1297.26,8451.7,7207.000000000001,Wallet,Completed
72e8cd21-4747-456a-bffd-d6498ce448d1,2026_W23,O64507,U1758,P18,2026-06-02 14:31:34,2,5632.45,1045.66,160.51,1839.46,11264.9,10219.24,UPI,Completed
72e8cd21-4747-456a-bffd-d6498ce448d1,2026_W23,O64508,U12334,P180,2026-06-06 09:35:14,2,6330.21,850.3,186.78,2125.82,12660.42,11810.12,Credit Card,Completed
72e8cd21-4747-456a-bffd-d6498ce448d1,2026_W23,O64509,U31206,P125,2026-06-05 10:16:08,3,7881.51,2979.2,123.24,3719.76,23644.53,20665.33,Wallet,Completed
72e8cd21-4747-456a-bffd-d6498ce448d1,2026_W23,O64510,U7642,P196,2026-06-06 02:38:43,1,9246.31,190.37,53.67,1630.07,9246.31,9055.94,UPI,Completed
72e8cd21-4747-456a-bffd-d6498ce448d1,2026_W23,O64511,U19014,P190,2026-06-04 14:34:07,4,7773.11,4476.93,94.4,4790.79,31092.44,26615.51,Credit Card,Completed
72e8cd21-4747-456a-bffd-d6498ce448d1,2026_W23,O64512,U10543,P141,2026-06-07 03:04:12,2,3712.37,1075.65,145.05,1142.84,7424.74,6349.09,Credit Card,Completed
72e8cd21-4747-456a-bffd-d6498ce448d1,2026_W23,O64513,U10419,P190,2026-06-07 17:34:16,2,7773.11,1674.94,198.21,2496.83,15546.22,13871.28,Credit Card,Completed
72e8cd21-4747-456a-bffd-d6498ce448d1,2026_W23,O64514,U7733,P30,2026-06-06 07:11:27,3,10435.98,2496.03,95.18,5186.14,31307.94,28811.91,Debit Card,Completed
72e8cd21-4747-456a-bffd-d6498ce448d1,2026_W23,O64515,U5087,P197,2026-06-06 22:15:00,4,1602.39,101.77,99.97,1135.4,6409.56,6307.79,Wallet,Completed
72e8cd21-4747-456a-bffd-d6498ce448d1,2026_W23,O64516,U3299,P55,2026-06-03 14:03:28,2,2495.43,88.75,144.36,882.38,4990.86,4902.11,Credit Card,Completed
72e8cd21-4747-456a-bffd-d6498ce448d1,2026_W23,O64517,U24323,P191,2026-06-06 14:37:18,1,6168.41,797.41,132.34,966.78,6168.41,5371.0,Wallet,Completed
72e8cd21-4747-456a-bffd-d6498ce448d1,2026_W23,O64518,U23249,P51,2026-06-06 02:59:19,3,5156.58,1728.77,91.14,2473.37,15469.74,13740.97,UPI,Completed
72e8cd21-4747-456a-bffd-d6498ce448d1,2026_W23,O64519,U21036,P83,2026-06-04 06:15:41,1,4290.17,99.84,128.66,754.26,4290.17,4190.33,UPI,Completed
72e8cd21-4747-456a-bffd-d6498ce448d1,2026_W23,O64520,U22261,P90,2026-06-04 13:42:07,4,10379.64,2920.41,129.44,6947.67,41518.56,38598.15,Debit Card,Completed
72e8cd21-4747-456a-bffd-d6498ce448d1,2026_W23,O64521,U27768,P166,2026-06-06 03:42:21,1,6824.24,485.31,105.87,1141.01,6824.24,6338.929999999999,Credit Card,Completed
72e8cd21-4747-456a-bffd-d6498ce448d1,2026_W23,O64522,U25512,P75,2026-06-07 10:22:27,1,8927.29,1299.91,198.26,1372.93,8927.29,7627.380000000001,Credit Card,Completed
72e8cd21-4747-456a-bffd-d6498ce448d1,2026_W23,O64523,U6650,P68,2026-06-06 07:35:44,4,4648.44,880.84,77.23,3188.33,18593.76,17712.92,UPI,Completed
72e8cd21-4747-456a-bffd-d6498ce448d1,2026_W23,O64524,U17122,P37,2026-06-07 01:51:57,4,5843.49,1581.04,187.89,3922.73,23373.96,21792.92,Wallet,Completed
72e8cd21-4747-456a-bffd-d6498ce448d1,2026_W23,O64525,U4788,P82,2026-06-05 13:18:55,1,4676.03,491.28,74.45,753.26,4676.03,4184.75,Credit Card,Completed
72e8cd21-4747-456a-bffd-d6498ce448d1,2026_W23,O64526,U30309,P41,2026-06-07 13:40:49,3,11748.5,4639.72,122.77,5509.04,35245.5,30605.78,Debit Card,Completed
72e8cd21-4747-456a-bffd-d6498ce448d1,2026_W23,O64527,U28702,P133,2026-06-04 11:13:25,1,9654.47,186.71,100.94,1704.2,9654.47,9467.76,Credit Card,Completed
72e8cd21-4747-456a-bffd-d6498ce448d1,2026_W23,O64528,U31380,P46,2026-06-04 15:48:47,1,4606.02,483.62,123.84,742.03,4606.02,4122.400000000001,UPI,Completed
72e8cd21-4747-456a-bffd-d6498ce448d1,2026_W23,O64529,U6974,P171,2026-06-03 14:56:06,3,3668.91,1006.7,61.8,1800.01,11006.73,10000.03,Credit Card,Completed
72e8cd21-4747-456a-bffd-d6498ce448d1,2026_W23,O64530,U33090,P70,2026-06-04 15:05:23,3,10058.46,847.54,80.45,5279.01,30175.38,29327.84,Credit Card,Completed
72e8cd21-4747-456a-bffd-d6498ce448d1,2026_W23,O64531,U14046,P91,2026-06-03 23:01:56,3,4770.75,2087.42,71.36,2200.47,14312.25,12224.83,UPI,Completed
72e8cd21-4747-456a-bffd-d6498ce448d1,2026_W23,O64532,U12533,P111,2026-06-03 15:35:19,2,2233.14,395.97,158.53,732.66,4466.28,4070.31,UPI,Completed
72e8cd21-4747-456a-bffd-d6498ce448d1,2026_W23,O64533,U15695,P20,2026-06-05 05:57:03,1,2140.8,256.24,167.49,339.22,2140.8,1884.56,Wallet,Completed
72e8cd21-4747-456a-bffd-d6498ce448d1,2026_W23,O64534,U17935,P9,2026-06-04 10:22:13,4,6463.86,3133.4,162.0,4089.97,25855.44,22722.04,Debit Card,Completed
72e8cd21-4747-456a-bffd-d6498ce448d1,2026_W23,O64535,U27380,P131,2026-06-03 21:10:40,4,2872.68,839.1,114.45,1917.29,11490.72,10651.62,Debit Card,Completed
72e8cd21-4747-456a-bffd-d6498ce448d1,2026_W23,O64536,U27333,P83,2026-06-02 16:49:35,4,4290.17,2219.62,172.02,2689.39,17160.68,14941.06,Debit Card,Completed
72e8cd21-4747-456a-bffd-d6498ce448d1,2026_W23,O64537,U23132,P162,2026-06-01 21:25:10,2,4947.62,554.41,91.03,1681.35,9895.24,9340.83,Credit Card,Completed
72e8cd21-4747-456a-bffd-d6498ce448d1,2026_W23,O64538,U20333,P165,2026-06-07 09:58:06,3,2657.45,489.0,137.72,1347.0,7972.349999999999,7483.349999999999,Credit Card,Completed
72e8cd21-4747-456a-bffd-d6498ce448d1,2026_W23,O64539,U9308,P175,2026-06-04 08:19:37,3,6623.37,2739.39,80.32,3083.53,19870.11,17130.72,Debit Card,Completed
72e8cd21-4747-456a-bffd-d6498ce448d1,2026_W23,O64540,U10903,P174,2026-06-02 12:31:00,4,8540.78,1778.59,50.93,5829.22,34163.12,32384.53,UPI,Completed
72e8cd21-4747-456a-bffd-d6498ce448d1,2026_W23,O64541,U23861,P153,2026-06-03 22:33:39,2,3236.07,599.35,169.55,1057.1,6472.14,5872.79,Debit Card,Completed
72e8cd21-4747-456a-bffd-d6498ce448d1,2026_W23,O64542,U2544,P167,2026-06-02 00:50:20,3,10191.01,4514.25,156.77,4690.58,30573.03,26058.78,Debit Card,Completed
72e8cd21-4747-456a-bffd-d6498ce448d1,2026_W23,O64543,U3597,P9,2026-06-06 17:59:32,4,6463.86,1943.49,50.14,4304.15,25855.44,23911.95,Debit Card,Completed
72e8cd21-4747-456a-bffd-d6498ce448d1,2026_W23,O64544,U11673,P137,2026-06-07 16:31:33,1,2412.96,153.32,61.44,406.74,2412.96,2259.64,UPI,Completed
72e8cd21-4747-456a-bffd-d6498ce448d1,2026_W23,O64545,U5207,P172,2026-06-07 04:40:56,2,1445.78,206.5,140.51,483.31,2891.56,2685.06,Wallet,Completed
72e8cd21-4747-456a-bffd-d6498ce448d1,2026_W23,O64546,U27376,P18,2026-06-03 07:54:39,4,5632.45,1024.35,175.87,3870.98,22529.8,21505.45,Debit Card,Completed
72e8cd21-4747-456a-bffd-d6498ce448d1,2026_W23,O64547,U3910,P32,2026-06-04 14:31:06,4,1891.54,195.54,127.83,1326.71,7566.16,7370.62,UPI,Completed
72e8cd21-4747-456a-bffd-d6498ce448d1,2026_W23,O64548,U2968,P2,2026-06-02 23:34:08,4,4248.72,1540.76,169.75,2781.74,16994.88,15454.12,Debit Card,Completed
72e8cd21-4747-456a-bffd-d6498ce448d1,2026_W23,O64549,U20334,P33,2026-06-02 03:23:49,4,8155.0,1375.94,198.4,5623.93,32620.0,31244.06,Wallet,Completed
72e8cd21-4747-456a-bffd-d6498ce448d1,2026_W23,O64550,U4728,P182,2026-06-02 02:55:07,4,1987.12,806.26,120.52,1285.6,7948.48,7142.219999999999,Credit Card,Completed
72e8cd21-4747-456a-bffd-d6498ce448d1,2026_W23,O64551,U20566,P16,2026-06-05 00:49:59,1,9334.87,945.43,151.48,1510.1,9334.87,8389.44,Debit Card,Completed
72e8cd21-4747-456a-bffd-d6498ce448d1,2026_W23,O64552,U2270,P185,2026-06-05 20:23:10,4,7874.65,2103.26,161.6,5291.16,31498.6,29395.34,Wallet,Completed
72e8cd21-4747-456a-bffd-d6498ce448d1,2026_W23,O64553,U4972,P191,2026-06-05 18:27:33,2,6168.41,1038.61,174.7,2033.68,12336.82,11298.21,UPI,Completed
72e8cd21-4747-456a-bffd-d6498ce448d1,2026_W23,O64554,U22774,P124,2026-06-02 00:18:54,3,3516.67,1232.26,143.6,1677.2,10550.01,9317.75,Debit Card,Completed
72e8cd21-4747-456a-bffd-d6498ce448d1,2026_W23,O64555,U12071,P66,2026-06-03 03:04:19,4,5068.12,2844.17,144.33,3137.1,20272.48,17428.309999999998,UPI,Completed
72e8cd21-4747-456a-bffd-d6498ce448d1,2026_W23,O64556,U30951,P54,2026-06-07 12:29:59,4,8322.93,468.22,90.35,5908.23,33291.72,32823.5,Debit Card,Completed
72e8cd21-4747-456a-bffd-d6498ce448d1,2026_W23,O64557,U5295,P70,2026-06-02 06:16:51,2,10058.46,1242.78,76.88,3397.35,20116.92,18874.14,Credit Card,Completed
72e8cd21-4747-456a-bffd-d6498ce448d1,2026_W23,O64558,U21124,P16,2026-06-03 12:02:33,2,9334.87,60.17,180.28,3349.72,18669.74,18609.570000000003,UPI,Completed
72e8cd21-4747-456a-bffd-d6498ce448d1,2026_W23,O64559,U28435,P133,2026-06-02 14:00:08,2,9654.47,2376.05,57.58,3047.92,19308.94,16932.89,UPI,Completed
72e8cd21-4747-456a-bffd-d6498ce448d1,2026_W23,O64560,U23861,P105,2026-06-04 20:58:52,2,2249.83,417.27,56.17,734.83,4499.66,4082.39,UPI,Completed
72e8cd21-4747-456a-bffd-d6498ce448d1,2026_W23,O64561,U23942,P81,2026-06-03 01:33:20,1,6992.52,425.35,185.58,1182.09,6992.52,6567.17,Wallet,Completed
72e8cd21-4747-456a-bffd-d6498ce448d1,2026_W23,O64562,U14050,P3,2026-06-06 19:43:58,2,6836.35,1700.12,104.38,2155.06,13672.7,11972.580000000002,Credit Card,Completed
72e8cd21-4747-456a-bffd-d6498ce448d1,2026_W23,O64563,U2962,P177,2026-06-04 21:41:40,4,6111.68,3359.78,155.86,3795.65,24446.72,21086.94,Debit Card,Completed
72e8cd21-4747-456a-bffd-d6498ce448d1,2026_W23,O64564,U34759,P90,2026-06-05 00:45:52,2,10379.64,2804.56,100.7,3231.85,20759.28,17954.719999999998,Wallet,Completed
72e8cd21-4747-456a-bffd-d6498ce448d1,2026_W23,O64565,U15405,P19,2026-06-02 16:04:10,2,10412.16,695.06,86.97,3623.27,20824.32,20129.26,UPI,Completed
72e8cd21-4747-456a-bffd-d6498ce448d1,2026_W23,O64566,U2961,P28,2026-06-03 13:47:59,2,7134.46,1150.99,89.86,2361.23,14268.92,13117.93,UPI,Completed
72e8cd21-4747-456a-bffd-d6498ce448d1,2026_W23,O64567,U2109,P111,2026-06-04 05:44:32,3,2233.14,55.82,168.36,1195.85,6699.42,6643.6,Debit Card,Completed
72e8cd21-4747-456a-bffd-d6498ce448d1,2026_W23,O64568,U19014,P150,2026-06-03 11:06:12,4,7237.54,1358.21,157.59,4966.55,28950.16,27591.95,Debit Card,Completed
72e8cd21-4747-456a-bffd-d6498ce448d1,2026_W23,O64569,U26806,P165,2026-06-06 17:43:46,1,2657.45,224.29,51.79,437.97,2657.45,2433.16,Wallet,Completed
72e8cd21-4747-456a-bffd-d6498ce448d1,2026_W23,O64570,U28930,P154,2026-06-03 18:43:25,1,7488.16,105.68,150.5,1328.85,7488.16,7382.48,Wallet,Completed
72e8cd21-4747-456a-bffd-d6498ce448d1,2026_W23,O64571,U4856,P159,2026-06-03 20:21:25,3,5981.94,1895.78,111.4,2889.01,17945.82,16050.04,Debit Card,Completed
72e8cd21-4747-456a-bffd-d6498ce448d1,2026_W23,O64572,U20334,P154,2026-06-06 21:38:30,2,7488.16,1736.6,85.64,2383.15,14976.32,13239.72,Credit Card,Completed
72e8cd21-4747-456a-bffd-d6498ce448d1,2026_W23,O64573,U19370,P26,2026-06-02 06:49:20,2,6921.53,1482.46,175.68,2224.91,13843.06,12360.6,Credit Card,Completed
72e8cd21-4747-456a-bffd-d6498ce448d1,2026_W23,O64574,U12830,P181,2026-06-06 03:14:49,4,6034.6,2614.58,111.89,3874.29,24138.4,21523.82,UPI,Completed
72e8cd21-4747-456a-bffd-d6498ce448d1,2026_W23,O64575,U6171,P135,2026-06-03 05:11:52,3,4974.87,1969.64,154.18,2331.89,14924.61,12954.97,Debit Card,Completed
72e8cd21-4747-456a-bffd-d6498ce448d1,2026_W23,O64576,U6637,P145,2026-06-03 17:14:19,3,7002.35,1492.12,117.94,3512.69,21007.050000000003,19514.930000000004,Wallet,Completed
72e8cd21-4747-456a-bffd-d6498ce448d1,2026_W23,O64577,U2600,P86,2026-06-02 07:35:04,3,5552.06,1014.23,99.47,2815.55,16656.18,15641.95,Wallet,Completed
72e8cd21-4747-456a-bffd-d6498ce448d1,2026_W23,O64578,U16485,P93,2026-06-04 23:57:56,3,7912.93,165.09,175.74,4243.27,23738.79,23573.7,UPI,Completed
72e8cd21-4747-456a-bffd-d6498ce448d1,2026_W23,O64579,U34431,P81,2026-06-05 00:29:11,3,6992.52,1483.34,177.39,3508.96,20977.56,19494.22,Debit Card,Completed
72e8cd21-4747-456a-bffd-d6498ce448d1,2026_W23,O64580,U29584,P188,2026-06-07 14:18:51,1,3474.24,408.41,180.47,551.85,3474.24,3065.83,UPI,Completed
72e8cd21-4747-456a-bffd-d6498ce448d1,2026_W23,O64581,U403,P121,2026-06-02 21:25:45,1,3168.81,164.58,139.13,540.76,3168.81,3004.23,Debit Card,Completed
72e8cd21-4747-456a-bffd-d6498ce448d1,2026_W23,O64582,U17427,P123,2026-06-06 20:58:48,3,7379.51,1784.14,120.44,3663.79,22138.53,20354.39,Wallet,Completed
72e8cd21-4747-456a-bffd-d6498ce448d1,2026_W23,O64583,U11875,P64,2026-06-06 06:48:34,3,5229.45,852.61,95.49,2670.43,15688.35,14835.739999999998,Credit Card,Completed
72e8cd21-4747-456a-bffd-d6498ce448d1,2026_W23,O64584,U8178,P23,2026-06-05 20:21:05,3,8537.77,739.55,54.42,4477.28,25613.31,24873.76,Credit Card,Completed
72e8cd21-4747-456a-bffd-d6498ce448d1,2026_W23,O64585,U17122,P159,2026-06-05 14:08:47,2,5981.94,784.33,127.14,2012.32,11963.88,11179.55,UPI,Completed
72e8cd21-4747-456a-bffd-d6498ce448d1,2026_W23,O64586,U25866,P26,2026-06-02 20:09:02,3,6921.53,2006.54,118.44,3376.45,20764.59,18758.05,Wallet,Completed
72e8cd21-4747-456a-bffd-d6498ce448d1,2026_W23,O64587,U24423,P174,2026-06-04 05:09:22,2,8540.78,667.31,154.8,2954.56,17081.56,16414.25,Wallet,Completed
72e8cd21-4747-456a-bffd-d6498ce448d1,2026_W23,O64588,U10581,P39,2026-06-06 13:39:28,3,7544.04,1768.98,119.56,3755.37,22632.12,20863.14,Debit Card,Completed
72e8cd21-4747-456a-bffd-d6498ce448d1,2026_W23,O64589,U12285,P19,2026-06-02 20:02:19,3,10412.16,143.45,178.12,5596.75,31236.48,31093.03,Credit Card,Completed
72e8cd21-4747-456a-bffd-d6498ce448d1,2026_W23,O64590,U13524,P89,2026-06-06 16:18:16,3,9725.61,695.94,191.18,5126.56,29176.83,28480.890000000003,Debit Card,Completed
72e8cd21-4747-456a-bffd-d6498ce448d1,2026_W23,O64591,U20231,P63,2026-06-04 19:25:46,4,11400.74,3107.92,74.84,7649.11,45602.96,42495.04,Wallet,Completed
72e8cd21-4747-456a-bffd-d6498ce448d1,2026_W23,O64592,U33489,P198,2026-06-05 16:13:16,3,7893.47,1.39,178.88,4262.22,23680.41,23679.02,Credit Card,Completed
72e8cd21-4747-456a-bffd-d6498ce448d1,2026_W23,O64593,U9740,P77,2026-06-06 00:19:16,1,2460.76,120.9,141.52,421.17,2460.76,2339.86,Wallet,Completed
72e8cd21-4747-456a-bffd-d6498ce448d1,2026_W23,O64594,U8292,P102,2026-06-03 07:28:07,3,2314.83,477.95,164.81,1163.98,6944.49,6466.54,Credit Card,Completed
72e8cd21-4747-456a-bffd-d6498ce448d1,2026_W23,O64595,U30309,P46,2026-06-02 00:31:17,2,4606.02,771.95,117.57,1519.22,9212.04,8440.09,Credit Card,Completed
72e8cd21-4747-456a-bffd-d6498ce448d1,2026_W23,O64596,U32918,P154,2026-06-03 16:46:39,2,7488.16,531.02,135.96,2600.15,14976.32,14445.3,Credit Card,Completed
72e8cd21-4747-456a-bffd-d6498ce448d1,2026_W23,O64597,U19936,P23,2026-06-05 21:25:03,4,8537.77,3557.49,127.18,5506.85,34151.08,30593.590000000004,Credit Card,Completed
72e8cd21-4747-456a-bffd-d6498ce448d1,2026_W23,O64598,U3378,P135,2026-06-06 13:49:01,2,4974.87,498.38,157.29,1701.24,9949.74,9451.36,Credit Card,Completed
72e8cd21-4747-456a-bffd-d6498ce448d1,2026_W23,O64599,U9711,P125,2026-06-06 08:51:34,2,7881.51,1439.3,177.44,2578.27,15763.02,14323.72,UPI,Completed
72e8cd21-4747-456a-bffd-d6498ce448d1,2026_W23,O64600,U18870,P17,2026-06-05 22:25:21,3,8998.12,1050.7,54.25,4669.86,26994.36,25943.66,UPI,Completed
72e8cd21-4747-456a-bffd-d6498ce448d1,2026_W23,O64601,U12366,P87,2026-06-07 08:32:06,4,2857.28,660.61,88.18,1938.33,11429.12,10768.51,Wallet,Completed
72e8cd21-4747-456a-bffd-d6498ce448d1,2026_W23,O64602,U2155,P10,2026-06-05 10:01:25,2,6265.23,1133.4,139.98,2051.47,12530.46,11397.06,Wallet,Completed
72e8cd21-4747-456a-bffd-d6498ce448d1,2026_W23,O64603,U10798,P119,2026-06-04 13:33:58,2,2931.16,282.44,94.49,1004.38,5862.32,5579.88,Wallet,Completed
72e8cd21-4747-456a-bffd-d6498ce448d1,2026_W23,O64604,U498,P76,2026-06-06 17:40:22,2,1956.86,256.17,155.7,658.36,3913.72,3657.55,Wallet,Completed
72e8cd21-4747-456a-bffd-d6498ce448d1,2026_W23,O64605,U18654,P93,2026-06-04 13:00:45,4,7912.93,3139.51,53.13,5132.2,31651.72,28512.21,Credit Card,Completed
72e8cd21-4747-456a-bffd-d6498ce448d1,2026_W23,O64606,U24247,P56,2026-06-02 09:35:18,3,9007.41,1599.17,127.34,4576.15,27022.23,25423.06,Debit Card,Completed
72e8cd21-4747-456a-bffd-d6498ce448d1,2026_W23,O64607,U17768,P111,2026-06-05 18:04:14,2,2233.14,514.16,166.74,711.38,4466.28,3952.12,Debit Card,Completed
72e8cd21-4747-456a-bffd-d6498ce448d1,2026_W23,O64608,U19170,P6,2026-06-07 01:33:05,4,6942.01,629.43,188.43,4884.95,27768.04,27138.61,UPI,Completed
72e8cd21-4747-456a-bffd-d6498ce448d1,2026_W23,O64609,U16001,P198,2026-06-04 14:42:32,3,7893.47,444.48,135.68,4182.47,23680.41,23235.93,UPI,Completed
72e8cd21-4747-456a-bffd-d6498ce448d1,2026_W23,O64610,U8212,P150,2026-06-03 15:57:38,1,7237.54,1073.86,155.27,1109.46,7237.54,6163.68,Credit Card,Completed
72e8cd21-4747-456a-bffd-d6498ce448d1,2026_W23,O64611,U21455,P181,2026-06-02 15:23:26,1,6034.6,360.04,167.84,1021.42,6034.6,5674.56,Credit Card,Completed
72e8cd21-4747-456a-bffd-d6498ce448d1,2026_W23,O64612,U74,P166,2026-06-05 11:54:02,4,6824.24,367.66,61.15,4847.27,27296.96,26929.3,Debit Card,Completed
72e8cd21-4747-456a-bffd-d6498ce448d1,2026_W23,O64613,U1849,P159,2026-06-06 01:03:33,2,5981.94,77.3,124.76,2139.58,11963.88,11886.58,Wallet,Completed
72e8cd21-4747-456a-bffd-d6498ce448d1,2026_W23,O64614,U5104,P119,2026-06-05 15:59:57,1,2931.16,412.37,78.91,453.38,2931.16,2518.79,Debit Card,Completed
72e8cd21-4747-456a-bffd-d6498ce448d1,2026_W23,O64615,U9198,P3,2026-06-04 18:46:39,4,6836.35,3172.65,72.96,4351.1,27345.4,24172.75,Debit Card,Completed
72e8cd21-4747-456a-bffd-d6498ce448d1,2026_W23,O64616,U26793,P5,2026-06-03 23:02:21,1,9411.93,180.38,83.65,1661.68,9411.93,9231.55,Debit Card,Completed
72e8cd21-4747-456a-bffd-d6498ce448d1,2026_W23,O64617,U19018,P54,2026-06-04 07:41:09,2,8322.93,939.57,153.16,2827.13,16645.86,15706.29,Wallet,Completed
72e8cd21-4747-456a-bffd-d6498ce448d1,2026_W23,O64618,U22284,P177,2026-06-03 03:10:26,1,6111.68,751.91,140.41,964.76,6111.68,5359.77,Debit Card,Completed
72e8cd21-4747-456a-bffd-d6498ce448d1,2026_W23,O64619,U14907,P39,2026-06-02 04:05:28,4,7544.04,3613.94,74.46,4781.2,30176.16,26562.22,Debit Card,Completed
72e8cd21-4747-456a-bffd-d6498ce448d1,2026_W23,O64620,U23520,P129,2026-06-05 13:58:22,3,4560.09,665.6,102.21,2342.64,13680.27,13014.67,Wallet,Completed
72e8cd21-4747-456a-bffd-d6498ce448d1,2026_W23,O64621,U6560,P198,2026-06-06 02:34:05,2,7893.47,468.53,114.52,2757.31,15786.94,15318.41,Debit Card,Completed
72e8cd21-4747-456a-bffd-d6498ce448d1,2026_W23,O64622,U19733,P96,2026-06-03 12:17:19,1,6736.46,447.68,110.29,1131.98,6736.46,6288.78,UPI,Completed
72e8cd21-4747-456a-bffd-d6498ce448d1,2026_W23,O64623,U3151,P72,2026-06-04 02:07:26,1,7361.26,159.98,183.44,1296.23,7361.26,7201.280000000001,Wallet,Completed
72e8cd21-4747-456a-bffd-d6498ce448d1,2026_W23,O64624,U6250,P49,2026-06-04 19:49:55,4,4491.12,474.52,194.41,3148.19,17964.48,17489.96,Credit Card,Completed
72e8cd21-4747-456a-bffd-d6498ce448d1,2026_W23,O64625,U6003,P82,2026-06-07 01:16:34,3,4676.03,2071.91,80.07,2152.11,14028.09,11956.18,Credit Card,Completed
72e8cd21-4747-456a-bffd-d6498ce448d1,2026_W23,O64626,U17923,P161,2026-06-03 18:55:53,1,6131.78,653.96,125.21,986.01,6131.78,5477.82,Debit Card,Completed
72e8cd21-4747-456a-bffd-d6498ce448d1,2026_W23,O64627,U17477,P68,2026-06-05 09:24:07,4,4648.44,1457.49,151.9,3084.53,18593.76,17136.269999999997,Wallet,Completed
72e8cd21-4747-456a-bffd-d6498ce448d1,2026_W23,O64628,U19133,P48,2026-06-01 22:39:01,2,4680.1,336.3,163.06,1624.3,9360.2,9023.9,Credit Card,Completed
72e8cd21-4747-456a-bffd-d6498ce448d1,2026_W23,O64629,U18525,P48,2026-06-01 21:00:43,3,4680.1,542.07,113.68,2429.68,14040.3,13498.23,UPI,Completed
72e8cd21-4747-456a-bffd-d6498ce448d1,2026_W23,O64630,U12164,P143,2026-06-07 19:44:11,3,1686.4,281.42,134.97,860.0,5059.200000000001,4777.780000000001,Debit Card,Completed
72e8cd21-4747-456a-bffd-d6498ce448d1,2026_W23,O64631,U9485,P107,2026-06-04 18:00:43,3,5037.89,497.68,83.54,2630.88,15113.670000000002,14615.990000000002,Wallet,Completed
72e8cd21-4747-456a-bffd-d6498ce448d1,2026_W23,O64632,U10464,P4,2026-06-07 19:42:30,1,4763.57,125.05,100.02,834.93,4763.57,4638.52,UPI,Completed
72e8cd21-4747-456a-bffd-d6498ce448d1,2026_W23,O64633,U3699,P156,2026-06-05 20:21:48,1,7497.11,328.66,77.15,1290.32,7497.11,7168.45,Wallet,Completed
72e8cd21-4747-456a-bffd-d6498ce448d1,2026_W23,O64634,U33160,P131,2026-06-06 17:59:13,3,2872.68,513.27,147.58,1458.86,8618.039999999999,8104.769999999999,UPI,Completed
72e8cd21-4747-456a-bffd-d6498ce448d1,2026_W23,O64635,U13388,P62,2026-06-01 21:22:25,2,10625.67,125.91,68.65,3802.58,21251.34,21125.43,Debit Card,Completed
72e8cd21-4747-456a-bffd-d6498ce448d1,2026_W23,O64636,U22346,P199,2026-06-05 03:48:42,4,5324.39,1777.11,104.83,3513.68,21297.56,19520.45,Credit Card,Completed
72e8cd21-4747-456a-bffd-d6498ce448d1,2026_W23,O64637,U14256,P199,2026-06-04 13:00:51,3,5324.39,139.72,179.39,2850.02,15973.170000000002,15833.450000000004,Wallet,Completed
72e8cd21-4747-456a-bffd-d6498ce448d1,2026_W23,O64638,U6650,P44,2026-06-02 03:30:06,1,3831.53,293.82,101.98,636.79,3831.53,3537.71,Debit Card,Completed
72e8cd21-4747-456a-bffd-d6498ce448d1,2026_W23,O64639,U6125,P192,2026-06-04 22:14:08,3,11696.08,2294.23,85.42,5902.92,35088.24,32794.009999999995,Wallet,Completed
72e8cd21-4747-456a-bffd-d6498ce448d1,2026_W23,O64640,U28728,P108,2026-06-03 11:54:20,4,3076.73,844.32,138.24,2063.27,12306.92,11462.6,Credit Card,Completed
72e8cd21-4747-456a-bffd-d6498ce448d1,2026_W23,O64641,U33539,P187,2026-06-06 07:26:30,4,2141.32,377.88,76.7,1473.73,8565.28,8187.400000000001,UPI,Completed
72e8cd21-4747-456a-bffd-d6498ce448d1,2026_W23,O64642,U16554,P187,2026-06-05 05:43:42,1,2141.32,124.97,104.75,362.94,2141.32,2016.35,Credit Card,Completed
72e8cd21-4747-456a-bffd-d6498ce448d1,2026_W23,O64643,U14090,P6,2026-06-04 18:55:35,1,6942.01,420.36,80.92,1173.9,6942.01,6521.650000000001,Debit Card,Completed
72e8cd21-4747-456a-bffd-d6498ce448d1,2026_W23,O64644,U18127,P88,2026-06-03 15:35:39,2,6362.48,1737.1,83.08,1977.81,12724.96,10987.86,Credit Card,Completed
72e8cd21-4747-456a-bffd-d6498ce448d1,2026_W23,O64645,U19806,P136,2026-06-02 02:11:09,3,2987.05,1212.14,90.11,1394.82,8961.150000000001,7749.010000000001,Debit Card,Completed
72e8cd21-4747-456a-bffd-d6498ce448d1,2026_W23,O64646,U31170,P44,2026-06-03 14:54:36,1,3831.53,49.49,81.77,680.77,3831.53,3782.04,Debit Card,Completed
72e8cd21-4747-456a-bffd-d6498ce448d1,2026_W23,O64647,U1763,P47,2026-06-05 19:26:30,3,8854.8,688.17,75.33,4657.72,26564.4,25876.23,Wallet,Completed
72e8cd21-4747-456a-bffd-d6498ce448d1,2026_W23,O64648,U3070,P84,2026-06-05 07:27:27,3,3400.69,712.72,185.59,1708.08,10202.07,9489.35,Credit Card,Completed
72e8cd21-4747-456a-bffd-d6498ce448d1,2026_W23,O64649,U13298,P77,2026-06-06 07:30:48,1,2460.76,154.31,105.36,415.16,2460.76,2306.4500000000003,Credit Card,Completed
72e8cd21-4747-456a-bffd-d6498ce448d1,2026_W23,O64650,U2856,P89,2026-06-04 15:31:38,1,9725.61,1408.21,181.6,1497.13,9725.61,8317.400000000001,Debit Card,Completed
72e8cd21-4747-456a-bffd-d6498ce448d1,2026_W23,O64651,U31816,P200,2026-06-02 08:38:54,1,2159.6,183.88,197.31,355.63,2159.6,1975.72,Wallet,Completed
72e8cd21-4747-456a-bffd-d6498ce448d1,2026_W23,O64652,U19268,P36,2026-06-02 11:11:22,4,5080.52,1638.37,150.52,3363.07,20322.08,18683.710000000003,Credit Card,Completed
72e8cd21-4747-456a-bffd-d6498ce448d1,2026_W23,O64653,U7560,P196,2026-06-01 21:54:46,4,9246.31,5499.99,185.35,5667.34,36985.24,31485.25,Credit Card,Completed
72e8cd21-4747-456a-bffd-d6498ce448d1,2026_W23,O64654,U23631,P32,2026-06-07 20:33:11,4,1891.54,300.81,120.14,1307.76,7566.16,7265.349999999999,UPI,Completed
72e8cd21-4747-456a-bffd-d6498ce448d1,2026_W23,O64655,U26058,P55,2026-06-03 16:39:14,3,2495.43,412.76,196.51,1273.24,7486.289999999999,7073.529999999999,Credit Card,Completed
72e8cd21-4747-456a-bffd-d6498ce448d1,2026_W23,O64656,U14597,P34,2026-06-05 17:14:13,3,3033.5,1199.06,152.35,1422.26,9100.5,7901.44,Wallet,Completed
72e8cd21-4747-456a-bffd-d6498ce448d1,2026_W23,O64657,U23698,P113,2026-06-03 05:07:57,1,5995.63,765.92,101.05,941.35,5995.63,5229.71,Debit Card,Completed
72e8cd21-4747-456a-bffd-d6498ce448d1,2026_W23,O64658,U9912,P117,2026-06-07 11:37:40,4,9615.7,1207.56,147.1,6705.94,38462.8,37255.240000000005,Credit Card,Completed
72e8cd21-4747-456a-bffd-d6498ce448d1,2026_W23,O64659,U27811,P180,2026-06-04 04:26:02,4,6330.21,1014.89,79.13,4375.07,25320.84,24305.95,Credit Card,Completed
72e8cd21-4747-456a-bffd-d6498ce448d1,2026_W23,O64660,U19445,P35,2026-06-03 19:05:46,3,2889.44,1023.74,168.07,1376.02,8668.32,7644.58,Credit Card,Completed
72e8cd21-4747-456a-bffd-d6498ce448d1,2026_W23,O64661,U15571,P48,2026-06-06 04:30:29,1,4680.1,655.85,190.22,724.36,4680.1,4024.250000000001,UPI,Completed
72e8cd21-4747-456a-bffd-d6498ce448d1,2026_W23,O64662,U8785,P67,2026-06-07 18:42:16,4,6380.8,3510.83,141.94,3962.23,25523.2,22012.370000000003,Credit Card,Completed
72e8cd21-4747-456a-bffd-d6498ce448d1,2026_W23,O64663,U15122,P57,2026-06-04 07:16:39,2,8106.78,798.54,65.45,2774.7,16213.56,15415.02,Debit Card,Completed
72e8cd21-4747-456a-bffd-d6498ce448d1,2026_W23,O64664,U27320,P176,2026-06-06 05:09:38,3,8451.7,555.42,152.98,4463.94,25355.1,24799.680000000004,Credit Card,Completed
72e8cd21-4747-456a-bffd-d6498ce448d1,2026_W23,O64665,U24003,P130,2026-06-03 10:40:43,1,3717.66,239.13,123.62,626.14,3717.66,3478.53,UPI,Completed
72e8cd21-4747-456a-bffd-d6498ce448d1,2026_W23,O64666,U15319,P8,2026-06-07 09:47:20,2,6662.34,826.99,188.46,2249.58,13324.68,12497.69,Wallet,Completed
72e8cd21-4747-456a-bffd-d6498ce448d1,2026_W23,O64667,U3813,P177,2026-06-06 01:23:30,1,6111.68,850.39,94.68,947.03,6111.68,5261.29,Wallet,Completed
72e8cd21-4747-456a-bffd-d6498ce448d1,2026_W23,O64668,U2089,P90,2026-06-05 09:16:25,3,10379.64,2769.51,184.26,5106.49,31138.92,28369.41,UPI,Completed
72e8cd21-4747-456a-bffd-d6498ce448d1,2026_W23,O64669,U14096,P7,2026-06-02 23:10:45,1,10896.56,1548.18,100.3,1682.71,10896.56,9348.38,UPI,Completed
72e8cd21-4747-456a-bffd-d6498ce448d1,2026_W23,O64670,U23298,P168,2026-06-02 09:39:45,4,4347.14,1343.46,85.13,2888.12,17388.56,16045.100000000002,Wallet,Completed
72e8cd21-4747-456a-bffd-d6498ce448d1,2026_W23,O64671,U17406,P155,2026-06-05 11:49:08,1,5852.84,467.55,88.67,969.35,5852.84,5385.29,UPI,Completed
72e8cd21-4747-456a-bffd-d6498ce448d1,2026_W23,O64672,U3866,P93,2026-06-06 08:21:34,4,7912.93,4197.27,99.87,4941.8,31651.72,27454.45,Debit Card,Completed
72e8cd21-4747-456a-bffd-d6498ce448d1,2026_W23,O64673,U5926,P80,2026-06-05 16:46:01,3,4942.61,1344.33,145.25,2427.03,14827.829999999998,13483.499999999998,Wallet,Completed
72e8cd21-4747-456a-bffd-d6498ce448d1,2026_W23,O64674,U30697,P102,2026-06-04 19:00:30,4,2314.83,607.16,188.29,1557.39,9259.32,8652.16,Credit Card,Completed
72e8cd21-4747-456a-bffd-d6498ce448d1,2026_W23,O64675,U30206,P148,2026-06-04 12:48:48,1,3184.27,102.34,79.44,554.75,3184.27,3081.93,UPI,Completed
72e8cd21-4747-456a-bffd-d6498ce448d1,2026_W23,O64676,U12062,P192,2026-06-05 19:25:40,1,11696.08,1750.83,94.54,1790.14,11696.08,9945.25,UPI,Completed
72e8cd21-4747-456a-bffd-d6498ce448d1,2026_W23,O64677,U13826,P148,2026-06-03 10:22:53,1,3184.27,177.84,156.06,541.16,3184.27,3006.43,UPI,Completed
72e8cd21-4747-456a-bffd-d6498ce448d1,2026_W23,O64678,U21404,P167,2026-06-05 19:19:44,1,10191.01,1418.14,56.16,1579.12,10191.01,8772.87,Debit Card,Completed
72e8cd21-4747-456a-bffd-d6498ce448d1,2026_W23,O64679,U16729,P86,2026-06-04 20:43:36,1,5552.06,87.52,163.09,983.62,5552.06,5464.54,Credit Card,Completed
72e8cd21-4747-456a-bffd-d6498ce448d1,2026_W23,O64680,U25754,P84,2026-06-03 16:08:23,3,3400.69,332.1,109.94,1776.59,10202.07,9869.97,Wallet,Completed
72e8cd21-4747-456a-bffd-d6498ce448d1,2026_W23,O64681,U14720,P118,2026-06-03 17:48:56,2,1413.19,280.55,147.01,458.25,2826.38,2545.83,UPI,Completed
72e8cd21-4747-456a-bffd-d6498ce448d1,2026_W23,O64682,U11688,P26,2026-06-06 17:03:54,2,6921.53,519.2,185.23,2398.29,13843.06,13323.86,UPI,Completed
72e8cd21-4747-456a-bffd-d6498ce448d1,2026_W23,O64683,U11627,P150,2026-06-07 01:30:51,3,7237.54,1508.5,132.49,3636.74,21712.62,20204.12,Wallet,Completed
72e8cd21-4747-456a-bffd-d6498ce448d1,2026_W23,O64684,U30291,P7,2026-06-06 10:40:48,3,10896.56,3124.43,102.59,5321.74,32689.68,29565.25,Wallet,Completed
72e8cd21-4747-456a-bffd-d6498ce448d1,2026_W23,O64685,U22263,P36,2026-06-06 18:35:58,3,5080.52,2205.06,116.63,2346.57,15241.56,13036.500000000002,Credit Card,Completed
72e8cd21-4747-456a-bffd-d6498ce448d1,2026_W23,O64686,U33493,P198,2026-06-07 20:01:48,1,7893.47,858.2,170.99,1266.35,7893.47,7035.27,UPI,Completed
72e8cd21-4747-456a-bffd-d6498ce448d1,2026_W23,O64687,U34320,P157,2026-06-05 10:11:00,3,6948.33,1812.65,94.56,3425.82,20844.99,19032.34,UPI,Completed
72e8cd21-4747-456a-bffd-d6498ce448d1,2026_W23,O64688,U1896,P149,2026-06-05 06:38:44,3,5363.67,1909.3,136.5,2552.71,16091.01,14181.71,UPI,Completed
72e8cd21-4747-456a-bffd-d6498ce448d1,2026_W23,O64689,U5335,P111,2026-06-06 02:43:12,4,2233.14,625.34,175.6,1495.3,8932.56,8307.22,UPI,Completed
72e8cd21-4747-456a-bffd-d6498ce448d1,2026_W23,O64690,U33039,P37,2026-06-06 19:55:59,3,5843.49,1851.42,134.65,2822.23,17530.47,15679.05,Wallet,Completed
72e8cd21-4747-456a-bffd-d6498ce448d1,2026_W23,O64691,U25510,P120,2026-06-06 07:34:44,3,6088.95,1651.53,167.83,2990.76,18266.85,16615.32,Credit Card,Completed
72e8cd21-4747-456a-bffd-d6498ce448d1,2026_W23,O64692,U21769,P69,2026-06-05 09:09:00,2,2752.73,376.86,98.78,923.15,5505.46,5128.6,UPI,Completed
72e8cd21-4747-456a-bffd-d6498ce448d1,2026_W23,O64693,U32489,P176,2026-06-02 02:49:59,3,8451.7,428.86,166.75,4486.72,25355.1,24926.24,Debit Card,Completed
72e8cd21-4747-456a-bffd-d6498ce448d1,2026_W23,O64694,U6863,P80,2026-06-03 00:39:25,1,4942.61,418.23,88.8,814.39,4942.61,4524.379999999999,UPI,Completed
72e8cd21-4747-456a-bffd-d6498ce448d1,2026_W23,O64695,U29952,P65,2026-06-07 13:36:22,1,9814.57,1258.39,147.56,1540.11,9814.57,8556.18,Credit Card,Completed
72e8cd21-4747-456a-bffd-d6498ce448d1,2026_W23,O64696,U24451,P25,2026-06-03 17:23:50,3,7381.46,2010.76,185.03,3624.05,22144.38,20133.620000000003,Debit Card,Completed
72e8cd21-4747-456a-bffd-d6498ce448d1,2026_W23,O64697,U32126,P185,2026-06-04 03:02:26,1,7874.65,889.38,126.08,1257.35,7874.65,6985.27,Debit Card,Completed
72e8cd21-4747-456a-bffd-d6498ce448d1,2026_W23,O64698,U31009,P175,2026-06-02 09:06:46,4,6623.37,3431.57,128.72,4151.14,26493.48,23061.91,Wallet,Completed
72e8cd21-4747-456a-bffd-d6498ce448d1,2026_W23,O64699,U16729,P197,2026-06-06 14:34:49,1,1602.39,144.5,127.1,262.42,1602.39,1457.89,UPI,Completed
72e8cd21-4747-456a-bffd-d6498ce448d1,2026_W23,O64700,U1554,P197,2026-06-01 20:59:43,2,1602.39,390.44,88.71,506.58,3204.78,2814.34,Debit Card,Completed
72e8cd21-4747-456a-bffd-d6498ce448d1,2026_W23,O64701,U21560,P68,2026-06-02 16:12:47,3,4648.44,1970.72,91.69,2155.43,13945.32,11974.6,Credit Card,Completed
72e8cd21-4747-456a-bffd-d6498ce448d1,2026_W23,O64702,U3045,P173,2026-06-06 11:09:33,4,5411.96,266.97,110.98,3848.56,21647.84,21380.87,Credit Card,Completed
72e8cd21-4747-456a-bffd-d6498ce448d1,2026_W23,O64703,U22325,P197,2026-06-05 20:53:13,3,1602.39,662.4,55.57,746.06,4807.17,4144.77,UPI,Completed
72e8cd21-4747-456a-bffd-d6498ce448d1,2026_W23,O64704,U25042,P28,2026-06-02 19:14:39,1,7134.46,801.92,72.19,1139.86,7134.46,6332.54,UPI,Completed
72e8cd21-4747-456a-bffd-d6498ce448d1,2026_W23,O64705,U30590,P173,2026-06-02 01:15:10,4,5411.96,129.81,131.39,3873.25,21647.84,21518.03,UPI,Completed
72e8cd21-4747-456a-bffd-d6498ce448d1,2026_W23,O64706,U27612,P87,2026-06-05 18:59:16,3,2857.28,898.48,102.83,1381.2,8571.84,7673.360000000001,Credit Card,Completed
72e8cd21-4747-456a-bffd-d6498ce448d1,2026_W23,O64707,U23482,P86,2026-06-02 00:33:28,1,5552.06,699.63,57.85,873.44,5552.06,4852.43,Debit Card,Completed
72e8cd21-4747-456a-bffd-d6498ce448d1,2026_W23,O64708,U24206,P188,2026-06-04 22:59:14,4,3474.24,1294.19,132.46,2268.5,13896.96,12602.77,Credit Card,Completed
72e8cd21-4747-456a-bffd-d6498ce448d1,2026_W23,O64709,U12032,P75,2026-06-04 20:12:37,4,8927.29,276.16,111.07,6377.94,35709.16,35433.0,Wallet,Completed
72e8cd21-4747-456a-bffd-d6498ce448d1,2026_W23,O64710,U28156,P147,2026-06-05 12:13:13,1,8552.19,1234.71,97.81,1317.15,8552.19,7317.48,UPI,Completed
72e8cd21-4747-456a-bffd-d6498ce448d1,2026_W23,O64711,U29649,P118,2026-06-07 01:25:25,3,1413.19,466.42,71.22,679.17,4239.57,3773.15,Debit Card,Completed
72e8cd21-4747-456a-bffd-d6498ce448d1,2026_W23,O64712,U16029,P71,2026-06-02 21:28:34,2,4652.78,688.03,90.11,1551.16,9305.56,8617.529999999999,Wallet,Completed
72e8cd21-4747-456a-bffd-d6498ce448d1,2026_W23,O64713,U23724,P27,2026-06-04 01:24:35,1,4374.27,495.06,73.53,698.26,4374.27,3879.210000000001,Debit Card,Completed
72e8cd21-4747-456a-bffd-d6498ce448d1,2026_W23,O64714,U16602,P44,2026-06-06 23:19:25,2,3831.53,756.82,193.15,1243.12,7663.06,6906.240000000001,Debit Card,Completed
72e8cd21-4747-456a-bffd-d6498ce448d1,2026_W23,O64715,U18809,P71,2026-06-02 05:25:57,3,4652.78,1034.62,57.65,2326.27,13958.34,12923.72,UPI,Completed
72e8cd21-4747-456a-bffd-d6498ce448d1,2026_W23,O64716,U32822,P117,2026-06-02 23:53:11,1,9615.7,98.74,190.08,1713.05,9615.7,9516.96,Debit Card,Completed
72e8cd21-4747-456a-bffd-d6498ce448d1,2026_W23,O64717,U6503,P122,2026-06-03 07:45:20,2,7123.24,715.57,114.2,2435.56,14246.48,13530.91,Credit Card,Completed
72e8cd21-4747-456a-bffd-d6498ce448d1,2026_W23,O64718,U17608,P63,2026-06-02 16:57:51,2,11400.74,1505.6,130.5,3833.26,22801.48,21295.88,UPI,Completed
72e8cd21-4747-456a-bffd-d6498ce448d1,2026_W23,O64719,U5044,P181,2026-06-04 02:12:06,3,6034.6,457.3,81.88,3176.37,18103.800000000003,17646.500000000004,Credit Card,Completed
72e8cd21-4747-456a-bffd-d6498ce448d1,2026_W23,O64720,U8731,P157,2026-06-04 09:15:53,2,6948.33,1566.05,106.37,2219.51,13896.66,12330.61,Wallet,Completed
72e8cd21-4747-456a-bffd-d6498ce448d1,2026_W23,O64721,U23157,P123,2026-06-02 20:08:24,2,7379.51,686.06,102.4,2533.13,14759.02,14072.96,Wallet,Completed
72e8cd21-4747-456a-bffd-d6498ce448d1,2026_W23,O64722,U29548,P50,2026-06-05 23:47:52,2,2577.38,747.8,184.31,793.25,5154.76,4406.96,Credit Card,Completed
72e8cd21-4747-456a-bffd-d6498ce448d1,2026_W23,O64723,U5121,P129,2026-06-05 07:19:07,2,4560.09,587.59,124.0,1535.87,9120.18,8532.59,Wallet,Completed
72e8cd21-4747-456a-bffd-d6498ce448d1,2026_W23,O64724,U30375,P186,2026-06-06 23:29:31,1,7703.95,816.88,184.62,1239.67,7703.95,6887.07,Credit Card,Completed
72e8cd21-4747-456a-bffd-d6498ce448d1,2026_W23,O64725,U5067,P104,2026-06-01 23:27:02,4,5590.84,2942.77,174.28,3495.71,22363.36,19420.59,Credit Card,Completed
72e8cd21-4747-456a-bffd-d6498ce448d1,2026_W23,O64726,U10045,P137,2026-06-03 05:57:04,2,2412.96,201.02,130.25,832.48,4825.92,4624.9,Wallet,Completed
72e8cd21-4747-456a-bffd-d6498ce448d1,2026_W23,O64727,U25056,P79,2026-06-02 12:03:13,1,4029.4,485.12,170.08,637.97,4029.4,3544.28,UPI,Completed
72e8cd21-4747-456a-bffd-d6498ce448d1,2026_W23,O64728,U956,P111,2026-06-06 21:32:15,1,2233.14,211.59,67.14,363.88,2233.14,2021.55,Credit Card,Completed
72e8cd21-4747-456a-bffd-d6498ce448d1,2026_W23,O64729,U10609,P134,2026-06-02 20:28:49,2,2662.06,421.08,77.8,882.55,5324.12,4903.04,Debit Card,Completed
72e8cd21-4747-456a-bffd-d6498ce448d1,2026_W23,O64730,U29807,P103,2026-06-06 03:41:46,4,4922.25,1061.83,184.78,3352.89,19689.0,18627.17,UPI,Completed
72e8cd21-4747-456a-bffd-d6498ce448d1,2026_W23,O64731,U27583,P112,2026-06-03 01:40:24,3,7986.57,3403.19,70.84,3700.17,23959.71,20556.52,UPI,Completed
72e8cd21-4747-456a-bffd-d6498ce448d1,2026_W23,O64732,U22047,P180,2026-06-06 00:40:15,3,6330.21,638.85,59.35,3303.32,18990.63,18351.78,UPI,Completed
72e8cd21-4747-456a-bffd-d6498ce448d1,2026_W23,O64733,U3353,P123,2026-06-03 14:20:18,4,7379.51,1328.19,107.9,5074.17,29518.04,28189.85,Debit Card,Completed
72e8cd21-4747-456a-bffd-d6498ce448d1,2026_W23,O64734,U12809,P171,2026-06-01 20:58:39,1,3668.91,74.11,95.88,647.06,3668.91,3594.8,Wallet,Completed
72e8cd21-4747-456a-bffd-d6498ce448d1,2026_W23,O64735,U6238,P116,2026-06-02 04:25:47,1,6311.89,830.18,167.75,986.71,6311.89,5481.71,Wallet,Completed
72e8cd21-4747-456a-bffd-d6498ce448d1,2026_W23,O64736,U16907,P13,2026-06-04 21:41:28,1,7537.32,965.97,135.13,1182.84,7537.32,6571.349999999999,Debit Card,Completed
72e8cd21-4747-456a-bffd-d6498ce448d1,2026_W23,O64737,U22585,P148,2026-06-06 23:36:44,4,3184.27,217.32,180.2,2253.56,12737.08,12519.76,Credit Card,Completed
72e8cd21-4747-456a-bffd-d6498ce448d1,2026_W23,O64738,U34432,P139,2026-06-06 09:23:08,2,3152.91,39.09,90.83,1128.01,6305.82,6266.73,Wallet,Completed
72e8cd21-4747-456a-bffd-d6498ce448d1,2026_W23,O64739,U2204,P20,2026-06-03 07:06:25,2,2140.8,320.93,84.65,712.92,4281.6,3960.670000000001,Credit Card,Completed
72e8cd21-4747-456a-bffd-d6498ce448d1,2026_W23,O64740,U17565,P109,2026-06-02 02:41:13,2,5905.39,730.96,78.56,1994.37,11810.78,11079.82,Credit Card,Completed
72e8cd21-4747-456a-bffd-d6498ce448d1,2026_W23,O64741,U12551,P102,2026-06-05 13:54:02,1,2314.83,135.55,104.41,392.27,2314.83,2179.28,Credit Card,Completed
72e8cd21-4747-456a-bffd-d6498ce448d1,2026_W23,O64742,U4893,P4,2026-06-05 21:22:45,2,4763.57,592.92,199.85,1608.16,9527.14,8934.22,Debit Card,Completed
72e8cd21-4747-456a-bffd-d6498ce448d1,2026_W23,O64743,U7448,P149,2026-06-02 18:59:28,1,5363.67,212.14,94.55,927.28,5363.67,5151.53,Credit Card,Completed
72e8cd21-4747-456a-bffd-d6498ce448d1,2026_W23,O64744,U74,P198,2026-06-06 14:30:40,4,7893.47,4443.05,159.6,4883.55,31573.88,27130.83,UPI,Completed
72e8cd21-4747-456a-bffd-d6498ce448d1,2026_W23,O64745,U14948,P134,2026-06-03 22:11:39,2,2662.06,39.23,130.27,951.28,5324.12,5284.89,Wallet,Completed
72e8cd21-4747-456a-bffd-d6498ce448d1,2026_W23,O64746,U33014,P139,2026-06-02 21:08:17,3,3152.91,691.09,173.98,1578.18,9458.73,8767.64,UPI,Completed
72e8cd21-4747-456a-bffd-d6498ce448d1,2026_W23,O64747,U25791,P159,2026-06-02 01:44:09,3,5981.94,2556.18,180.63,2770.14,17945.82,15389.64,UPI,Completed
72e8cd21-4747-456a-bffd-d6498ce448d1,2026_W23,O64748,U13626,P99,2026-06-05 03:10:18,3,5923.25,2389.37,74.5,2768.47,17769.75,15380.38,Wallet,Completed
72e8cd21-4747-456a-bffd-d6498ce448d1,2026_W23,O64749,U3512,P192,2026-06-06 05:48:14,1,11696.08,852.98,108.09,1951.76,11696.08,10843.1,Wallet,Completed
72e8cd21-4747-456a-bffd-d6498ce448d1,2026_W23,O64750,U30461,P8,2026-06-04 06:29:35,4,6662.34,3758.7,125.61,4120.32,26649.36,22890.66,Wallet,Completed
72e8cd21-4747-456a-bffd-d6498ce448d1,2026_W23,O64751,U29676,P168,2026-06-06 08:54:41,3,4347.14,0.09,138.94,2347.44,13041.420000000002,13041.330000000002,Wallet,Completed
72e8cd21-4747-456a-bffd-d6498ce448d1,2026_W23,O64752,U26005,P135,2026-06-04 21:30:46,4,4974.87,1004.54,151.57,3401.09,19899.48,18894.94,Wallet,Completed
72e8cd21-4747-456a-bffd-d6498ce448d1,2026_W23,O64753,U5496,P74,2026-06-07 13:44:06,1,4407.74,268.78,168.32,745.01,4407.74,4138.96,Credit Card,Completed
72e8cd21-4747-456a-bffd-d6498ce448d1,2026_W23,O64754,U24623,P64,2026-06-04 15:08:08,3,5229.45,510.94,184.45,2731.93,15688.35,15177.409999999998,Debit Card,Completed
72e8cd21-4747-456a-bffd-d6498ce448d1,2026_W23,O64755,U17929,P195,2026-06-06 00:37:36,4,9936.45,2284.35,172.27,6743.06,39745.8,37461.45,Credit Card,Completed
72e8cd21-4747-456a-bffd-d6498ce448d1,2026_W23,O64756,U32755,P109,2026-06-02 04:49:22,3,5905.39,1722.66,180.34,2878.83,17716.170000000002,15993.510000000002,UPI,Completed
72e8cd21-4747-456a-bffd-d6498ce448d1,2026_W23,O64757,U29820,P19,2026-06-02 21:38:58,3,10412.16,1067.9,91.19,5430.34,31236.48,30168.58,Debit Card,Completed
72e8cd21-4747-456a-bffd-d6498ce448d1,2026_W23,O64758,U9158,P88,2026-06-06 18:17:25,2,6362.48,4.56,111.78,2289.67,12724.96,12720.4,Debit Card,Completed
72e8cd21-4747-456a-bffd-d6498ce448d1,2026_W23,O64759,U403,P98,2026-06-04 11:58:02,1,9747.59,329.22,124.9,1695.31,9747.59,9418.37,Wallet,Completed
72e8cd21-4747-456a-bffd-d6498ce448d1,2026_W23,O64760,U21870,P61,2026-06-04 12:52:58,4,7274.63,401.74,183.93,5165.42,29098.52,28696.78,Debit Card,Completed
72e8cd21-4747-456a-bffd-d6498ce448d1,2026_W23,O64761,U5363,P72,2026-06-04 05:15:52,2,7361.26,1514.12,168.68,2377.51,14722.52,13208.4,Wallet,Completed
72e8cd21-4747-456a-bffd-d6498ce448d1,2026_W23,O64762,U20203,P141,2026-06-06 19:09:10,1,3712.37,178.38,87.08,636.12,3712.37,3533.99,Wallet,Completed
72e8cd21-4747-456a-bffd-d6498ce448d1,2026_W23,O64763,U26237,P18,2026-06-06 23:16:31,3,5632.45,1398.18,139.1,2789.85,16897.35,15499.169999999998,UPI,Completed
72e8cd21-4747-456a-bffd-d6498ce448d1,2026_W23,O64764,U20788,P64,2026-06-02 21:52:14,3,5229.45,1.97,143.98,2823.55,15688.35,15686.38,Debit Card,Completed
72e8cd21-4747-456a-bffd-d6498ce448d1,2026_W23,O64765,U34483,P109,2026-06-06 17:09:18,1,5905.39,399.79,197.52,991.01,5905.39,5505.6,Debit Card,Completed
72e8cd21-4747-456a-bffd-d6498ce448d1,2026_W23,O64766,U16323,P108,2026-06-06 02:25:20,2,3076.73,119.49,77.93,1086.11,6153.46,6033.97,Wallet,Completed
72e8cd21-4747-456a-bffd-d6498ce448d1,2026_W23,O64767,U3739,P82,2026-06-02 00:29:52,3,4676.03,107.22,78.86,2505.76,14028.09,13920.87,Credit Card,Completed
72e8cd21-4747-456a-bffd-d6498ce448d1,2026_W23,O64768,U3154,P46,2026-06-02 21:37:16,2,4606.02,692.11,147.61,1533.59,9212.04,8519.93,Debit Card,Completed
72e8cd21-4747-456a-bffd-d6498ce448d1,2026_W23,O64769,U12399,P112,2026-06-04 00:29:20,3,7986.57,2872.24,190.08,3795.74,23959.71,21087.47,Credit Card,Completed
72e8cd21-4747-456a-bffd-d6498ce448d1,2026_W23,O64770,U687,P195,2026-06-05 08:41:04,2,9936.45,2195.12,103.58,3182.0,19872.9,17677.780000000002,Debit Card,Completed
72e8cd21-4747-456a-bffd-d6498ce448d1,2026_W23,O64771,U29491,P40,2026-06-06 00:20:21,4,5653.56,457.23,106.59,3988.26,22614.24,22157.01,Wallet,Completed
72e8cd21-4747-456a-bffd-d6498ce448d1,2026_W23,O64772,U17491,P135,2026-06-04 04:12:33,2,4974.87,455.34,87.56,1708.99,9949.74,9494.4,UPI,Completed
72e8cd21-4747-456a-bffd-d6498ce448d1,2026_W23,O64773,U33371,P63,2026-06-07 15:13:12,3,11400.74,271.33,84.16,6107.56,34202.22,33930.89,Wallet,Completed
72e8cd21-4747-456a-bffd-d6498ce448d1,2026_W23,O64774,U18060,P172,2026-06-05 07:15:57,1,1445.78,43.86,175.54,252.35,1445.78,1401.92,Credit Card,Completed
72e8cd21-4747-456a-bffd-d6498ce448d1,2026_W23,O64775,U4651,P169,2026-06-04 15:03:03,4,8908.51,3123.79,152.34,5851.84,35634.04,32510.25,UPI,Completed
72e8cd21-4747-456a-bffd-d6498ce448d1,2026_W23,O64776,U23212,P188,2026-06-04 13:02:26,4,3474.24,266.0,94.28,2453.57,13896.96,13630.96,Wallet,Completed
72e8cd21-4747-456a-bffd-d6498ce448d1,2026_W23,O64777,U1619,P82,2026-06-07 08:02:19,4,4676.03,2329.31,55.42,2947.47,18704.12,16374.81,Wallet,Completed
72e8cd21-4747-456a-bffd-d6498ce448d1,2026_W23,O64778,U31529,P18,2026-06-04 14:14:27,3,5632.45,2052.51,114.13,2672.07,16897.35,14844.839999999998,UPI,Completed
72e8cd21-4747-456a-bffd-d6498ce448d1,2026_W23,O64779,U16906,P129,2026-06-06 15:07:04,1,4560.09,674.06,129.4,699.49,4560.09,3886.03,UPI,Completed
72e8cd21-4747-456a-bffd-d6498ce448d1,2026_W23,O64780,U18212,P142,2026-06-02 00:01:17,4,5009.2,441.07,183.94,3527.23,20036.8,19595.73,UPI,Completed
72e8cd21-4747-456a-bffd-d6498ce448d1,2026_W23,O64781,U24003,P199,2026-06-04 13:53:06,3,5324.39,1401.89,129.45,2622.83,15973.170000000002,14571.280000000002,Debit Card,Completed
72e8cd21-4747-456a-bffd-d6498ce448d1,2026_W23,O64782,U25145,P99,2026-06-05 19:01:13,2,5923.25,1639.89,187.23,1837.19,11846.5,10206.61,UPI,Completed
72e8cd21-4747-456a-bffd-d6498ce448d1,2026_W23,O64783,U22311,P6,2026-06-04 03:34:54,4,6942.01,3419.6,60.05,4382.72,27768.04,24348.44,Credit Card,Completed
72e8cd21-4747-456a-bffd-d6498ce448d1,2026_W23,O64784,U30123,P169,2026-06-07 07:29:32,4,8908.51,2098.49,79.25,6036.4,35634.04,33535.55,Debit Card,Completed
72e8cd21-4747-456a-bffd-d6498ce448d1,2026_W23,O64785,U24950,P16,2026-06-07 13:16:34,3,9334.87,1124.37,53.41,4838.44,28004.61,26880.24,Credit Card,Completed
72e8cd21-4747-456a-bffd-d6498ce448d1,2026_W23,O64786,U15319,P72,2026-06-02 00:24:39,4,7361.26,3311.32,113.67,4704.07,29445.04,26133.72,Wallet,Completed
72e8cd21-4747-456a-bffd-d6498ce448d1,2026_W23,O64787,U25788,P99,2026-06-07 16:06:44,4,5923.25,3125.65,85.68,3702.12,23693.0,20567.35,Debit Card,Completed
72e8cd21-4747-456a-bffd-d6498ce448d1,2026_W23,O64788,U33213,P10,2026-06-05 15:36:01,3,6265.23,1718.28,173.01,3073.93,18795.69,17077.41,Wallet,Completed
72e8cd21-4747-456a-bffd-d6498ce448d1,2026_W23,O64789,U26740,P166,2026-06-03 11:41:49,2,6824.24,1389.79,140.55,2206.56,13648.48,12258.69,Wallet,Completed
72e8cd21-4747-456a-bffd-d6498ce448d1,2026_W23,O64790,U25456,P148,2026-06-07 08:38:09,3,3184.27,335.79,141.17,1659.06,9552.81,9217.02,Debit Card,Completed
72e8cd21-4747-456a-bffd-d6498ce448d1,2026_W23,O64791,U14758,P25,2026-06-04 21:51:37,4,7381.46,1169.58,72.4,5104.13,29525.84,28356.26,Debit Card,Completed
72e8cd21-4747-456a-bffd-d6498ce448d1,2026_W23,O64792,U19943,P78,2026-06-02 01:33:42,3,3006.64,650.18,165.24,1506.55,9019.92,8369.74,Credit Card,Completed
72e8cd21-4747-456a-bffd-d6498ce448d1,2026_W23,O64793,U15356,P98,2026-06-01 22:01:56,3,9747.59,1374.81,92.24,5016.23,29242.77,27867.96,Credit Card,Completed
72e8cd21-4747-456a-bffd-d6498ce448d1,2026_W23,O64794,U4346,P166,2026-06-02 16:10:43,4,6824.24,3706.36,61.94,4246.31,27296.96,23590.6,Credit Card,Completed
72e8cd21-4747-456a-bffd-d6498ce448d1,2026_W23,O64795,U13519,P12,2026-06-07 03:31:43,1,5529.38,554.11,189.35,895.55,5529.38,4975.27,Debit Card,Completed
72e8cd21-4747-456a-bffd-d6498ce448d1,2026_W23,O64796,U28868,P139,2026-06-07 15:36:28,1,3152.91,424.22,121.67,491.16,3152.91,2728.69,UPI,Completed
72e8cd21-4747-456a-bffd-d6498ce448d1,2026_W23,O64797,U16665,P51,2026-06-06 04:14:36,4,5156.58,1809.18,70.04,3387.09,20626.32,18817.14,Wallet,Completed
72e8cd21-4747-456a-bffd-d6498ce448d1,2026_W23,O64798,U5655,P132,2026-06-06 20:46:48,3,4280.82,1498.78,61.19,2041.86,12842.46,11343.679999999998,Debit Card,Completed
72e8cd21-4747-456a-bffd-d6498ce448d1,2026_W23,O64799,U18021,P185,2026-06-04 06:39:02,4,7874.65,4091.55,135.87,4933.27,31498.6,27407.05,Wallet,Completed
72e8cd21-4747-456a-bffd-d6498ce448d1,2026_W23,O64800,U23442,P15,2026-06-06 00:59:16,4,1828.72,1087.68,127.54,1120.9,7314.88,6227.2,Credit Card,Completed
72e8cd21-4747-456a-bffd-d6498ce448d1,2026_W23,O64801,U7522,P21,2026-06-05 12:03:17,1,6758.44,402.82,61.75,1144.01,6758.44,6355.62,Credit Card,Completed
72e8cd21-4747-456a-bffd-d6498ce448d1,2026_W23,O64802,U16268,P35,2026-06-07 16:00:15,4,2889.44,1241.56,93.04,1856.92,11557.76,10316.2,Credit Card,Completed
72e8cd21-4747-456a-bffd-d6498ce448d1,2026_W23,O64803,U3762,P51,2026-06-07 14:53:32,1,5156.58,62.09,145.91,917.01,5156.58,5094.49,Wallet,Completed
72e8cd21-4747-456a-bffd-d6498ce448d1,2026_W23,O64804,U13038,P174,2026-06-07 00:46:34,2,8540.78,1612.42,82.13,2784.45,17081.56,15469.14,Debit Card,Completed
72e8cd21-4747-456a-bffd-d6498ce448d1,2026_W23,O64805,U31373,P37,2026-06-04 09:08:51,3,5843.49,1598.16,193.96,2867.82,17530.47,15932.31,Credit Card,Completed
72e8cd21-4747-456a-bffd-d6498ce448d1,2026_W23,O64806,U16102,P3,2026-06-06 07:57:13,3,6836.35,2470.01,178.15,3247.03,20509.050000000003,18039.04,UPI,Completed
72e8cd21-4747-456a-bffd-d6498ce448d1,2026_W23,O64807,U22047,P133,2026-06-05 21:35:46,1,9654.47,1440.18,71.16,1478.57,9654.47,8214.289999999999,Debit Card,Completed
72e8cd21-4747-456a-bffd-d6498ce448d1,2026_W23,O64808,U16102,P64,2026-06-05 08:36:20,1,5229.45,347.63,122.32,878.73,5229.45,4881.82,Debit Card,Completed
72e8cd21-4747-456a-bffd-d6498ce448d1,2026_W23,O64809,U29965,P8,2026-06-07 15:06:28,3,6662.34,508.5,81.58,3506.13,19987.02,19478.52,Debit Card,Completed
72e8cd21-4747-456a-bffd-d6498ce448d1,2026_W23,O64810,U1030,P22,2026-06-06 10:04:38,2,5208.88,219.8,94.08,1835.63,10417.76,10197.96,Credit Card,Completed
72e8cd21-4747-456a-bffd-d6498ce448d1,2026_W23,O64811,U15172,P22,2026-06-04 04:16:20,3,5208.88,1531.16,56.65,2537.19,15626.64,14095.48,Credit Card,Completed
72e8cd21-4747-456a-bffd-d6498ce448d1,2026_W23,O64812,U11501,P98,2026-06-06 05:20:17,3,9747.59,3760.37,191.24,4586.83,29242.77,25482.4,Wallet,Completed
72e8cd21-4747-456a-bffd-d6498ce448d1,2026_W23,O64813,U15172,P57,2026-06-07 10:21:59,1,8106.78,96.97,128.89,1441.77,8106.78,8009.809999999999,Credit Card,Completed
72e8cd21-4747-456a-bffd-d6498ce448d1,2026_W23,O64814,U9782,P118,2026-06-07 18:25:20,2,1413.19,71.76,182.81,495.83,2826.38,2754.62,Debit Card,Completed
72e8cd21-4747-456a-bffd-d6498ce448d1,2026_W23,O64815,U7472,P17,2026-06-04 04:24:44,1,8998.12,125.9,134.28,1597.0,8998.12,8872.220000000001,Credit Card,Completed
72e8cd21-4747-456a-bffd-d6498ce448d1,2026_W23,O64816,U10630,P23,2026-06-07 18:49:57,1,8537.77,456.93,119.71,1454.55,8537.77,8080.84,Credit Card,Completed
72e8cd21-4747-456a-bffd-d6498ce448d1,2026_W23,O64817,U8550,P106,2026-06-06 04:33:06,1,4353.6,163.87,161.82,754.15,4353.6,4189.7300000000005,Credit Card,Completed
72e8cd21-4747-456a-bffd-d6498ce448d1,2026_W23,O64818,U11339,P108,2026-06-07 16:03:07,3,3076.73,215.18,109.12,1622.7,9230.19,9015.01,Wallet,Completed
72e8cd21-4747-456a-bffd-d6498ce448d1,2026_W23,O64819,U26073,P60,2026-06-04 09:56:47,4,7906.19,475.05,120.91,5606.95,31624.76,31149.71,Credit Card,Completed
72e8cd21-4747-456a-bffd-d6498ce448d1,2026_W23,O64820,U33002,P34,2026-06-07 05:06:45,4,3033.5,707.6,140.61,2056.75,12134.0,11426.4,Wallet,Completed
72e8cd21-4747-456a-bffd-d6498ce448d1,2026_W23,O64821,U32806,P109,2026-06-06 17:27:47,1,5905.39,454.6,81.57,981.14,5905.39,5450.79,Credit Card,Completed
72e8cd21-4747-456a-bffd-d6498ce448d1,2026_W23,O64822,U28728,P80,2026-06-05 06:23:56,1,4942.61,289.11,108.82,837.63,4942.61,4653.5,Debit Card,Completed
72e8cd21-4747-456a-bffd-d6498ce448d1,2026_W23,O64823,U11071,P76,2026-06-03 14:29:54,2,1956.86,108.17,147.93,685.0,3913.72,3805.55,Credit Card,Completed
72e8cd21-4747-456a-bffd-d6498ce448d1,2026_W23,O64824,U17249,P110,2026-06-06 07:44:53,3,2362.36,283.08,100.39,1224.72,7087.08,6804.0,Credit Card,Completed
72e8cd21-4747-456a-bffd-d6498ce448d1,2026_W23,O64825,U18761,P107,2026-06-06 23:45:25,1,5037.89,23.04,60.78,902.67,5037.89,5014.85,UPI,Completed
72e8cd21-4747-456a-bffd-d6498ce448d1,2026_W23,O64826,U33135,P4,2026-06-01 21:32:40,4,4763.57,207.83,106.58,3392.36,19054.28,18846.45,UPI,Completed
72e8cd21-4747-456a-bffd-d6498ce448d1,2026_W23,O64827,U8070,P37,2026-06-04 04:59:40,1,5843.49,750.17,162.56,916.8,5843.49,5093.32,UPI,Completed
72e8cd21-4747-456a-bffd-d6498ce448d1,2026_W23,O64828,U30743,P156,2026-06-07 05:56:28,1,7497.11,532.12,131.84,1253.7,7497.11,6964.99,Credit Card,Completed
72e8cd21-4747-456a-bffd-d6498ce448d1,2026_W23,O64829,U3762,P25,2026-06-03 01:27:14,3,7381.46,2518.18,172.97,3532.72,22144.38,19626.2,Credit Card,Completed
72e8cd21-4747-456a-bffd-d6498ce448d1,2026_W23,O64830,U19962,P94,2026-06-07 11:40:52,4,7668.43,1048.48,198.42,5332.54,30673.72,29625.24,Wallet,Completed
72e8cd21-4747-456a-bffd-d6498ce448d1,2026_W23,O64831,U4133,P4,2026-06-07 02:05:26,3,4763.57,1805.17,81.33,2247.4,14290.71,12485.54,Credit Card,Completed
72e8cd21-4747-456a-bffd-d6498ce448d1,2026_W23,O64832,U19690,P157,2026-06-06 20:39:40,4,6948.33,3747.32,175.7,4328.28,27793.32,24046.0,Wallet,Completed
72e8cd21-4747-456a-bffd-d6498ce448d1,2026_W23,O64833,U18389,P143,2026-06-02 11:17:41,4,1686.4,105.99,72.69,1195.13,6745.6,6639.610000000001,UPI,Completed
72e8cd21-4747-456a-bffd-d6498ce448d1,2026_W23,O64834,U23002,P17,2026-06-06 03:42:57,4,8998.12,5150.3,125.06,5551.59,35992.48,30842.180000000004,Debit Card,Completed
72e8cd21-4747-456a-bffd-d6498ce448d1,2026_W23,O64835,U1599,P52,2026-06-03 14:12:23,2,2737.55,643.81,135.68,869.63,5475.1,4831.290000000001,Credit Card,Completed
72e8cd21-4747-456a-bffd-d6498ce448d1,2026_W23,O64836,U5944,P199,2026-06-06 04:08:25,1,5324.39,737.27,128.24,825.68,5324.39,4587.120000000001,Debit Card,Completed
72e8cd21-4747-456a-bffd-d6498ce448d1,2026_W23,O64837,U14382,P190,2026-06-02 13:43:57,3,7773.11,2830.28,167.92,3688.03,23319.33,20489.05,Credit Card,Completed
72e8cd21-4747-456a-bffd-d6498ce448d1,2026_W23,O64838,U7103,P173,2026-06-06 16:23:05,3,5411.96,1605.61,72.67,2633.45,16235.88,14630.27,Credit Card,Completed
72e8cd21-4747-456a-bffd-d6498ce448d1,2026_W23,O64839,U28773,P72,2026-06-03 14:44:05,2,7361.26,417.31,182.92,2574.94,14722.52,14305.21,Wallet,Completed
72e8cd21-4747-456a-bffd-d6498ce448d1,2026_W23,O64840,U21483,P130,2026-06-04 15:10:27,4,3717.66,321.38,122.92,2618.87,14870.64,14549.26,Debit Card,Completed
72e8cd21-4747-456a-bffd-d6498ce448d1,2026_W23,O64841,U16824,P74,2026-06-02 07:13:53,3,4407.74,985.21,159.24,2202.84,13223.22,12238.009999999998,Wallet,Completed
72e8cd21-4747-456a-bffd-d6498ce448d1,2026_W23,O64842,U6000,P13,2026-06-02 07:03:31,3,7537.32,3289.93,142.42,3477.97,22611.96,19322.03,UPI,Completed
72e8cd21-4747-456a-bffd-d6498ce448d1,2026_W23,O64843,U7711,P42,2026-06-03 04:35:20,1,7209.49,634.08,196.8,1183.57,7209.49,6575.41,UPI,Completed
72e8cd21-4747-456a-bffd-d6498ce448d1,2026_W23,O64844,U12338,P110,2026-06-07 00:03:59,3,2362.36,215.92,146.09,1236.81,7087.08,6871.16,Credit Card,Completed
72e8cd21-4747-456a-bffd-d6498ce448d1,2026_W23,O64845,U16970,P88,2026-06-02 04:56:19,4,6362.48,2743.24,119.73,4087.2,25449.92,22706.68,Debit Card,Completed
72e8cd21-4747-456a-bffd-d6498ce448d1,2026_W23,O64846,U25848,P94,2026-06-02 11:17:44,1,7668.43,650.46,186.72,1263.23,7668.43,7017.97,Wallet,Completed
72e8cd21-4747-456a-bffd-d6498ce448d1,2026_W23,O64847,U9923,P156,2026-06-06 23:12:01,1,7497.11,960.61,166.46,1176.57,7497.11,6536.5,Wallet,Completed
72e8cd21-4747-456a-bffd-d6498ce448d1,2026_W23,O64848,U16901,P38,2026-06-04 05:04:22,2,9269.67,949.81,171.96,3166.12,18539.34,17589.53,Wallet,Completed
72e8cd21-4747-456a-bffd-d6498ce448d1,2026_W23,O64849,U23529,P73,2026-06-07 07:51:24,3,2860.52,547.47,103.51,1446.14,8581.56,8034.089999999999,Debit Card,Completed
72e8cd21-4747-456a-bffd-d6498ce448d1,2026_W23,O64850,U1619,P91,2026-06-03 20:36:27,3,4770.75,369.39,69.09,2509.71,14312.25,13942.86,Credit Card,Completed
72e8cd21-4747-456a-bffd-d6498ce448d1,2026_W23,O64851,U1050,P118,2026-06-05 14:20:35,1,1413.19,28.42,128.39,249.26,1413.19,1384.77,Credit Card,Completed
72e8cd21-4747-456a-bffd-d6498ce448d1,2026_W23,O64852,U28079,P111,2026-06-03 18:29:22,1,2233.14,163.21,54.71,372.59,2233.14,2069.93,Wallet,Completed
72e8cd21-4747-456a-bffd-d6498ce448d1,2026_W23,O64853,U10781,P110,2026-06-04 11:50:16,3,2362.36,730.54,138.24,1144.18,7087.08,6356.54,Debit Card,Completed
72e8cd21-4747-456a-bffd-d6498ce448d1,2026_W23,O64854,U752,P38,2026-06-05 07:33:30,3,9269.67,2813.99,81.33,4499.1,27809.01,24995.020000000004,UPI,Completed
72e8cd21-4747-456a-bffd-d6498ce448d1,2026_W23,O64855,U32292,P80,2026-06-07 14:56:22,4,4942.61,1373.12,51.14,3311.52,19770.44,18397.32,Wallet,Completed
72e8cd21-4747-456a-bffd-d6498ce448d1,2026_W23,O64856,U8912,P194,2026-06-05 07:00:12,3,7139.77,217.01,95.25,3816.41,21419.31,21202.300000000003,UPI,Completed
72e8cd21-4747-456a-bffd-d6498ce448d1,2026_W23,O64857,U4979,P34,2026-06-01 20:48:01,3,3033.5,456.05,69.91,1556.0,9100.5,8644.45,Wallet,Completed
72e8cd21-4747-456a-bffd-d6498ce448d1,2026_W23,O64858,U7835,P164,2026-06-06 12:14:19,2,7788.37,1209.74,70.45,2586.06,15576.74,14367.0,UPI,Completed
72e8cd21-4747-456a-bffd-d6498ce448d1,2026_W23,O64859,U22533,P182,2026-06-02 16:34:46,4,1987.12,298.27,124.59,1377.04,7948.48,7650.209999999999,Credit Card,Completed
72e8cd21-4747-456a-bffd-d6498ce448d1,2026_W23,O64860,U18012,P95,2026-06-06 22:58:25,3,8832.47,3217.6,156.3,4190.37,26497.41,23279.81,Debit Card,Completed
72e8cd21-4747-456a-bffd-d6498ce448d1,2026_W23,O64861,U23593,P187,2026-06-07 10:33:42,4,2141.32,139.0,191.99,1516.73,8565.28,8426.28,UPI,Completed
72e8cd21-4747-456a-bffd-d6498ce448d1,2026_W23,O64862,U3127,P192,2026-06-02 08:18:45,4,11696.08,2956.34,77.3,7889.04,46784.32,43827.98,UPI,Completed
72e8cd21-4747-456a-bffd-d6498ce448d1,2026_W23,O64863,U18870,P38,2026-06-07 00:16:31,2,9269.67,2025.47,98.4,2972.5,18539.34,16513.87,Credit Card,Completed
72e8cd21-4747-456a-bffd-d6498ce448d1,2026_W23,O64864,U4723,P64,2026-06-04 01:11:47,1,5229.45,402.59,181.66,868.83,5229.45,4826.86,Wallet,Completed
72e8cd21-4747-456a-bffd-d6498ce448d1,2026_W23,O64865,U7764,P159,2026-06-01 22:00:58,1,5981.94,366.84,188.74,1010.72,5981.94,5615.099999999999,Debit Card,Completed
72e8cd21-4747-456a-bffd-d6498ce448d1,2026_W23,O64866,U14300,P103,2026-06-07 04:38:54,1,4922.25,426.54,163.72,809.23,4922.25,4495.71,UPI,Completed
72e8cd21-4747-456a-bffd-d6498ce448d1,2026_W23,O64867,U17346,P22,2026-06-05 15:35:22,4,5208.88,258.3,60.94,3703.9,20835.52,20577.22,Debit Card,Completed
72e8cd21-4747-456a-bffd-d6498ce448d1,2026_W23,O64868,U31373,P15,2026-06-05 04:00:02,4,1828.72,924.95,92.29,1150.19,7314.88,6389.93,UPI,Completed
72e8cd21-4747-456a-bffd-d6498ce448d1,2026_W23,O64869,U5410,P65,2026-06-02 23:13:07,2,9814.57,776.35,189.87,3393.5,19629.14,18852.79,Credit Card,Completed
72e8cd21-4747-456a-bffd-d6498ce448d1,2026_W23,O64870,U12816,P115,2026-06-04 03:05:09,2,10604.02,3146.95,75.54,3251.0,21208.04,18061.09,UPI,Completed
72e8cd21-4747-456a-bffd-d6498ce448d1,2026_W23,O64871,U25594,P104,2026-06-07 05:18:04,2,5590.84,1434.1,142.0,1754.56,11181.68,9747.58,Wallet,Completed
72e8cd21-4747-456a-bffd-d6498ce448d1,2026_W23,O64872,U8070,P179,2026-06-06 01:16:05,1,6023.34,474.38,103.23,998.81,6023.34,5548.96,Wallet,Completed
72e8cd21-4747-456a-bffd-d6498ce448d1,2026_W23,O64873,U25980,P121,2026-06-02 05:44:09,1,3168.81,242.82,147.61,526.68,3168.81,2925.99,Debit Card,Completed
72e8cd21-4747-456a-bffd-d6498ce448d1,2026_W23,O64874,U4395,P58,2026-06-06 09:14:17,3,3367.03,1272.15,87.85,1589.21,10101.09,8828.94,Debit Card,Completed
72e8cd21-4747-456a-bffd-d6498ce448d1,2026_W23,O64875,U23212,P20,2026-06-03 12:20:00,4,2140.8,1101.85,195.96,1343.04,8563.2,7461.35,Debit Card,Completed
72e8cd21-4747-456a-bffd-d6498ce448d1,2026_W23,O64876,U2123,P5,2026-06-03 19:28:02,3,9411.93,1394.9,90.8,4831.36,28235.79,26840.89,Debit Card,Completed
72e8cd21-4747-456a-bffd-d6498ce448d1,2026_W23,O64877,U31620,P190,2026-06-05 13:09:15,1,7773.11,206.64,173.5,1361.96,7773.11,7566.469999999999,Credit Card,Completed
72e8cd21-4747-456a-bffd-d6498ce448d1,2026_W23,O64878,U2157,P93,2026-06-06 21:51:53,3,7912.93,2008.54,57.69,3911.44,23738.79,21730.25,Debit Card,Completed
72e8cd21-4747-456a-bffd-d6498ce448d1,2026_W23,O64879,U10924,P64,2026-06-03 01:11:08,3,5229.45,207.05,192.52,2786.63,15688.35,15481.3,Wallet,Completed
72e8cd21-4747-456a-bffd-d6498ce448d1,2026_W23,O64880,U13392,P119,2026-06-07 02:58:29,4,2931.16,564.8,151.75,2008.77,11724.64,11159.84,Debit Card,Completed
72e8cd21-4747-456a-bffd-d6498ce448d1,2026_W23,O64881,U11639,P64,2026-06-06 09:06:12,4,5229.45,16.46,99.74,3762.24,20917.8,20901.34,UPI,Completed
72e8cd21-4747-456a-bffd-d6498ce448d1,2026_W23,O64882,U8841,P88,2026-06-05 15:30:19,2,6362.48,1619.08,70.19,1999.06,12724.96,11105.88,UPI,Completed
72e8cd21-4747-456a-bffd-d6498ce448d1,2026_W23,O64883,U2759,P94,2026-06-03 23:58:52,2,7668.43,992.15,144.82,2582.05,15336.86,14344.71,UPI,Completed
72e8cd21-4747-456a-bffd-d6498ce448d1,2026_W23,O64884,U8030,P179,2026-06-02 14:39:15,2,6023.34,1601.52,68.2,1880.13,12046.68,10445.16,Debit Card,Completed
72e8cd21-4747-456a-bffd-d6498ce448d1,2026_W23,O64885,U13531,P30,2026-06-06 16:11:04,3,10435.98,4678.4,88.34,4793.32,31307.94,26629.54,Wallet,Completed
72e8cd21-4747-456a-bffd-d6498ce448d1,2026_W23,O64886,U10738,P32,2026-06-06 23:27:55,1,1891.54,132.34,53.38,316.66,1891.54,1759.2,Debit Card,Completed
72e8cd21-4747-456a-bffd-d6498ce448d1,2026_W23,O64887,U13475,P112,2026-06-06 12:11:38,2,7986.57,1105.39,57.95,2676.2,15973.14,14867.75,Debit Card,Completed
72e8cd21-4747-456a-bffd-d6498ce448d1,2026_W23,O64888,U8443,P10,2026-06-05 21:18:28,2,6265.23,1475.98,153.87,1989.81,12530.46,11054.48,Wallet,Completed
72e8cd21-4747-456a-bffd-d6498ce448d1,2026_W23,O64889,U13438,P195,2026-06-06 14:05:47,2,9936.45,2909.84,196.53,3053.35,19872.9,16963.06,UPI,Completed
72e8cd21-4747-456a-bffd-d6498ce448d1,2026_W23,O64890,U193,P136,2026-06-04 20:04:01,4,2987.05,368.46,173.52,2084.35,11948.2,11579.740000000002,Credit Card,Completed
72e8cd21-4747-456a-bffd-d6498ce448d1,2026_W23,O64891,U10968,P80,2026-06-03 09:30:10,1,4942.61,483.07,111.6,802.72,4942.61,4459.54,Credit Card,Completed
72e8cd21-4747-456a-bffd-d6498ce448d1,2026_W23,O64892,U7764,P110,2026-06-05 10:59:32,1,2362.36,104.38,188.83,406.44,2362.36,2257.98,Credit Card,Completed
72e8cd21-4747-456a-bffd-d6498ce448d1,2026_W23,O64893,U17457,P37,2026-06-02 01:06:45,3,5843.49,253.44,94.37,3109.87,17530.47,17277.030000000002,Debit Card,Completed
72e8cd21-4747-456a-bffd-d6498ce448d1,2026_W23,O64894,U19268,P119,2026-06-07 16:23:56,4,2931.16,1230.81,170.41,1888.89,11724.64,10493.83,Wallet,Completed
72e8cd21-4747-456a-bffd-d6498ce448d1,2026_W23,O64895,U14948,P148,2026-06-04 07:15:27,3,3184.27,40.03,70.86,1712.3,9552.81,9512.78,Wallet,Completed
72e8cd21-4747-456a-bffd-d6498ce448d1,2026_W23,O64896,U29155,P172,2026-06-07 12:27:21,2,1445.78,111.64,69.42,500.39,2891.56,2779.92,Debit Card,Completed
72e8cd21-4747-456a-bffd-d6498ce448d1,2026_W23,O64897,U4630,P17,2026-06-05 21:25:14,1,8998.12,219.71,150.68,1580.11,8998.12,8778.410000000002,Wallet,Completed
72e8cd21-4747-456a-bffd-d6498ce448d1,2026_W23,O64898,U16127,P78,2026-06-04 20:27:20,4,3006.64,1308.68,110.48,1929.22,12026.56,10717.88,Wallet,Completed
72e8cd21-4747-456a-bffd-d6498ce448d1,2026_W23,O64899,U32989,P140,2026-06-07 01:04:14,3,4036.99,900.42,178.1,2017.9,12110.97,11210.55,Wallet,Completed
72e8cd21-4747-456a-bffd-d6498ce448d1,2026_W23,O64900,U22196,P186,2026-06-05 18:20:13,2,7703.95,805.1,79.01,2628.5,15407.9,14602.8,Wallet,Completed
72e8cd21-4747-456a-bffd-d6498ce448d1,2026_W23,O64901,U13531,P65,2026-06-03 12:11:09,1,9814.57,1275.79,149.29,1536.98,9814.57,8538.779999999999,Debit Card,Completed
72e8cd21-4747-456a-bffd-d6498ce448d1,2026_W23,O64902,U624,P102,2026-06-05 15:08:02,4,2314.83,1087.41,86.35,1470.94,9259.32,8171.91,Credit Card,Completed
72e8cd21-4747-456a-bffd-d6498ce448d1,2026_W23,O64903,U18180,P142,2026-06-05 19:56:32,2,5009.2,964.25,163.13,1629.75,10018.4,9054.15,Debit Card,Completed
72e8cd21-4747-456a-bffd-d6498ce448d1,2026_W23,O64904,U27880,P83,2026-06-04 18:35:45,1,4290.17,180.36,177.12,739.77,4290.17,4109.81,Debit Card,Completed
72e8cd21-4747-456a-bffd-d6498ce448d1,2026_W23,O64905,U17248,P186,2026-06-03 01:35:46,4,7703.95,3766.85,83.31,4868.81,30815.8,27048.95,Debit Card,Completed
72e8cd21-4747-456a-bffd-d6498ce448d1,2026_W23,O64906,U16456,P44,2026-06-03 23:35:01,3,3831.53,0.88,85.37,2068.87,11494.59,11493.71,UPI,Completed
72e8cd21-4747-456a-bffd-d6498ce448d1,2026_W23,O64907,U28095,P156,2026-06-07 13:04:33,2,7497.11,608.06,91.15,2589.51,14994.22,14386.16,Wallet,Completed
72e8cd21-4747-456a-bffd-d6498ce448d1,2026_W23,O64908,U28929,P178,2026-06-04 01:50:22,4,7201.61,2056.7,135.63,4814.95,28806.44,26749.74,Wallet,Completed
72e8cd21-4747-456a-bffd-d6498ce448d1,2026_W23,O64909,U21840,P103,2026-06-03 11:20:59,1,4922.25,154.92,141.59,858.12,4922.25,4767.33,UPI,Completed
72e8cd21-4747-456a-bffd-d6498ce448d1,2026_W23,O64910,U18303,P38,2026-06-03 03:34:17,1,9269.67,648.93,169.81,1551.73,9269.67,8620.74,Debit Card,Completed
72e8cd21-4747-456a-bffd-d6498ce448d1,2026_W23,O64911,U20704,P2,2026-06-05 19:44:44,2,4248.72,437.47,144.79,1450.79,8497.44,8059.97,Wallet,Completed
72e8cd21-4747-456a-bffd-d6498ce448d1,2026_W23,O64912,U9438,P155,2026-06-07 15:57:22,3,5852.84,2304.75,58.01,2745.68,17558.52,15253.77,Debit Card,Completed
72e8cd21-4747-456a-bffd-d6498ce448d1,2026_W23,O64913,U18283,P157,2026-06-05 23:25:44,3,6948.33,1801.12,114.2,3427.9,20844.99,19043.87,Wallet,Completed
72e8cd21-4747-456a-bffd-d6498ce448d1,2026_W23,O64914,U598,P199,2026-06-02 23:21:37,2,5324.39,1214.82,106.02,1698.11,10648.78,9433.96,Debit Card,Completed
72e8cd21-4747-456a-bffd-d6498ce448d1,2026_W23,O64915,U3157,P95,2026-06-04 05:09:46,2,8832.47,510.73,68.18,3087.76,17664.94,17154.21,Wallet,Completed
72e8cd21-4747-456a-bffd-d6498ce448d1,2026_W23,O64916,U542,P72,2026-06-02 03:04:34,4,7361.26,3285.98,102.7,4708.63,29445.04,26159.06,Credit Card,Completed
72e8cd21-4747-456a-bffd-d6498ce448d1,2026_W23,O64917,U11065,P187,2026-06-05 09:30:09,4,2141.32,998.21,101.58,1362.07,8565.28,7567.070000000001,Credit Card,Completed
72e8cd21-4747-456a-bffd-d6498ce448d1,2026_W23,O64918,U16323,P16,2026-06-04 03:20:58,3,9334.87,2229.72,159.2,4639.48,28004.61,25774.89,UPI,Completed
72e8cd21-4747-456a-bffd-d6498ce448d1,2026_W23,O64919,U17737,P127,2026-06-03 18:41:31,1,7703.2,1074.47,51.75,1193.17,7703.2,6628.73,Debit Card,Completed
72e8cd21-4747-456a-bffd-d6498ce448d1,2026_W23,O64920,U1652,P86,2026-06-07 15:18:39,3,5552.06,112.79,50.68,2977.81,16656.18,16543.39,Debit Card,Completed
72e8cd21-4747-456a-bffd-d6498ce448d1,2026_W23,O64921,U12452,P120,2026-06-04 17:15:18,4,6088.95,3218.98,115.01,3804.63,24355.8,21136.82,UPI,Completed
72e8cd21-4747-456a-bffd-d6498ce448d1,2026_W23,O64922,U22956,P129,2026-06-07 10:47:01,1,4560.09,40.46,53.75,813.53,4560.09,4519.63,UPI,Completed
72e8cd21-4747-456a-bffd-d6498ce448d1,2026_W23,O64923,U28773,P3,2026-06-06 20:26:07,4,6836.35,2485.09,123.27,4474.86,27345.4,24860.31,Wallet,Completed
72e8cd21-4747-456a-bffd-d6498ce448d1,2026_W23,O64924,U9198,P192,2026-06-05 03:21:40,3,11696.08,4456.68,136.75,5513.68,35088.24,30631.56,Wallet,Completed
72e8cd21-4747-456a-bffd-d6498ce448d1,2026_W23,O64925,U22533,P73,2026-06-06 07:30:36,1,2860.52,43.95,87.63,506.98,2860.52,2816.57,UPI,Completed
72e8cd21-4747-456a-bffd-d6498ce448d1,2026_W23,O64926,U9609,P82,2026-06-06 19:07:03,2,4676.03,296.23,189.19,1630.05,9352.06,9055.83,Debit Card,Completed
72e8cd21-4747-456a-bffd-d6498ce448d1,2026_W23,O64927,U17648,P72,2026-06-04 21:29:41,4,7361.26,589.72,143.45,5193.96,29445.04,28855.32,Wallet,Completed
72e8cd21-4747-456a-bffd-d6498ce448d1,2026_W23,O64928,U9106,P173,2026-06-04 03:47:53,1,5411.96,513.44,54.6,881.73,5411.96,4898.52,Debit Card,Completed
72e8cd21-4747-456a-bffd-d6498ce448d1,2026_W23,O64929,U23130,P18,2026-06-06 14:22:54,4,5632.45,2713.65,110.68,3566.91,22529.8,19816.15,Debit Card,Completed
72e8cd21-4747-456a-bffd-d6498ce448d1,2026_W23,O64930,U13183,P196,2026-06-03 02:19:21,4,9246.31,298.7,110.78,6603.58,36985.24,36686.54,Wallet,Completed
72e8cd21-4747-456a-bffd-d6498ce448d1,2026_W23,O64931,U11755,P89,2026-06-02 05:05:37,2,9725.61,369.74,89.97,3434.67,19451.22,19081.48,Credit Card,Completed
72e8cd21-4747-456a-bffd-d6498ce448d1,2026_W23,O64932,U1217,P191,2026-06-02 16:45:54,3,6168.41,2370.06,52.69,2904.33,18505.23,16135.17,UPI,Completed
72e8cd21-4747-456a-bffd-d6498ce448d1,2026_W23,O64933,U23001,P129,2026-06-03 08:23:40,3,4560.09,1527.59,93.24,2187.48,13680.27,12152.68,Debit Card,Completed
72e8cd21-4747-456a-bffd-d6498ce448d1,2026_W23,O64934,U20918,P127,2026-06-01 21:17:04,1,7703.2,931.24,189.6,1218.95,7703.2,6771.96,Debit Card,Completed
72e8cd21-4747-456a-bffd-d6498ce448d1,2026_W23,O64935,U29952,P78,2026-06-06 14:28:34,4,3006.64,1098.77,142.71,1967.0,12026.56,10927.79,Debit Card,Completed
72e8cd21-4747-456a-bffd-d6498ce448d1,2026_W23,O64936,U9636,P125,2026-06-07 13:14:48,2,7881.51,334.82,151.91,2777.08,15763.02,15428.2,Wallet,Completed
72e8cd21-4747-456a-bffd-d6498ce448d1,2026_W23,O64937,U26262,P60,2026-06-06 21:20:12,2,7906.19,565.87,50.0,2744.37,15812.38,15246.509999999998,Debit Card,Completed
72e8cd21-4747-456a-bffd-d6498ce448d1,2026_W23,O64938,U12587,P35,2026-06-07 09:00:54,3,2889.44,196.34,122.35,1524.96,8668.32,8471.98,Credit Card,Completed
72e8cd21-4747-456a-bffd-d6498ce448d1,2026_W23,O64939,U5143,P175,2026-06-07 14:15:00,3,6623.37,1312.13,67.54,3340.44,19870.11,18557.98,Wallet,Completed
72e8cd21-4747-456a-bffd-d6498ce448d1,2026_W23,O64940,U16511,P135,2026-06-07 00:16:56,1,4974.87,716.72,72.2,766.47,4974.87,4258.15,Debit Card,Completed
72e8cd21-4747-456a-bffd-d6498ce448d1,2026_W23,O64941,U8548,P58,2026-06-03 01:49:33,1,3367.03,190.3,139.52,571.81,3367.03,3176.73,Debit Card,Completed
72e8cd21-4747-456a-bffd-d6498ce448d1,2026_W23,O64942,U23132,P95,2026-06-05 20:23:27,4,8832.47,2116.46,116.19,5978.42,35329.88,33213.42,Debit Card,Completed
72e8cd21-4747-456a-bffd-d6498ce448d1,2026_W23,O64943,U16686,P135,2026-06-03 15:26:43,3,4974.87,852.34,85.69,2533.01,14924.61,14072.27,UPI,Completed
72e8cd21-4747-456a-bffd-d6498ce448d1,2026_W23,O64944,U30619,P36,2026-06-02 06:58:41,3,5080.52,246.02,159.88,2699.2,15241.56,14995.54,Credit Card,Completed
72e8cd21-4747-456a-bffd-d6498ce448d1,2026_W23,O64945,U5361,P26,2026-06-03 00:01:39,1,6921.53,923.85,161.92,1079.58,6921.53,5997.679999999999,Wallet,Completed
72e8cd21-4747-456a-bffd-d6498ce448d1,2026_W23,O64946,U19930,P164,2026-06-04 23:35:30,4,7788.37,4597.25,106.31,4780.12,31153.48,26556.23,Credit Card,Completed
72e8cd21-4747-456a-bffd-d6498ce448d1,2026_W23,O64947,U28825,P46,2026-06-04 05:09:48,2,4606.02,541.36,154.48,1560.72,9212.04,8670.68,Debit Card,Completed
72e8cd21-4747-456a-bffd-d6498ce448d1,2026_W23,O64948,U18021,P125,2026-06-05 03:51:13,3,7881.51,1524.71,169.58,3981.57,23644.53,22119.82,Wallet,Completed
72e8cd21-4747-456a-bffd-d6498ce448d1,2026_W23,O64949,U1021,P121,2026-06-04 01:09:42,1,3168.81,356.3,52.43,506.25,3168.81,2812.51,Credit Card,Completed
72e8cd21-4747-456a-bffd-d6498ce448d1,2026_W23,O64950,U16930,P179,2026-06-03 02:52:12,2,6023.34,594.77,58.01,2061.34,12046.68,11451.91,UPI,Completed
72e8cd21-4747-456a-bffd-d6498ce448d1,2026_W23,O64951,U2167,P58,2026-06-02 04:58:47,3,3367.03,658.43,107.57,1699.68,10101.09,9442.66,Wallet,Completed
72e8cd21-4747-456a-bffd-d6498ce448d1,2026_W23,O64952,U21182,P87,2026-06-06 01:10:38,2,2857.28,434.22,72.03,950.46,5714.56,5280.34,Debit Card,Completed
72e8cd21-4747-456a-bffd-d6498ce448d1,2026_W23,O64953,U13421,P68,2026-06-04 07:57:22,4,4648.44,1189.58,51.36,3132.75,18593.76,17404.18,Wallet,Completed
72e8cd21-4747-456a-bffd-d6498ce448d1,2026_W23,O64954,U1284,P123,2026-06-02 16:56:50,3,7379.51,3305.73,123.16,3389.9,22138.53,18832.8,UPI,Completed
72e8cd21-4747-456a-bffd-d6498ce448d1,2026_W23,O64955,U21306,P189,2026-06-06 14:14:38,2,3755.21,71.49,179.13,1339.01,7510.42,7438.93,UPI,Completed
72e8cd21-4747-456a-bffd-d6498ce448d1,2026_W23,O64956,U13108,P167,2026-06-03 21:48:30,2,10191.01,2959.98,99.53,3135.97,20382.02,17422.04,UPI,Completed
72e8cd21-4747-456a-bffd-d6498ce448d1,2026_W23,O64957,U15538,P75,2026-06-05 07:39:08,2,8927.29,646.83,116.04,3097.4,17854.58,17207.75,UPI,Completed
72e8cd21-4747-456a-bffd-d6498ce448d1,2026_W23,O64958,U27720,P107,2026-06-02 17:00:20,3,5037.89,840.4,78.13,2569.19,15113.670000000002,14273.270000000002,UPI,Completed
72e8cd21-4747-456a-bffd-d6498ce448d1,2026_W23,O64959,U30754,P138,2026-06-02 04:56:36,1,6989.52,71.96,157.15,1245.16,6989.52,6917.56,Debit Card,Completed
72e8cd21-4747-456a-bffd-d6498ce448d1,2026_W23,O64960,U9145,P141,2026-06-05 01:50:32,1,3712.37,540.53,150.5,570.93,3712.37,3171.84,Credit Card,Completed
72e8cd21-4747-456a-bffd-d6498ce448d1,2026_W23,O64961,U26806,P130,2026-06-05 18:44:38,4,3717.66,462.34,171.99,2593.49,14870.64,14408.3,Credit Card,Completed
72e8cd21-4747-456a-bffd-d6498ce448d1,2026_W23,O64962,U25516,P92,2026-06-05 06:31:20,4,2278.27,535.49,150.69,1543.97,9113.08,8577.59,Wallet,Completed
72e8cd21-4747-456a-bffd-d6498ce448d1,2026_W23,O64963,U32032,P91,2026-06-06 13:32:47,1,4770.75,490.13,181.78,770.51,4770.75,4280.62,Credit Card,Completed
72e8cd21-4747-456a-bffd-d6498ce448d1,2026_W23,O64964,U3018,P153,2026-06-04 03:51:51,3,3236.07,1129.26,80.31,1544.21,9708.21,8578.95,Credit Card,Completed
72e8cd21-4747-456a-bffd-d6498ce448d1,2026_W23,O64965,U20420,P85,2026-06-02 04:53:23,1,7940.53,971.35,192.0,1254.45,7940.53,6969.179999999999,Debit Card,Completed
72e8cd21-4747-456a-bffd-d6498ce448d1,2026_W23,O64966,U30092,P12,2026-06-07 19:37:39,4,5529.38,2067.44,125.12,3609.01,22117.52,20050.08,UPI,Completed
72e8cd21-4747-456a-bffd-d6498ce448d1,2026_W23,O64967,U33228,P27,2026-06-03 02:02:25,2,4374.27,947.55,116.51,1404.18,8748.54,7800.990000000001,UPI,Completed
72e8cd21-4747-456a-bffd-d6498ce448d1,2026_W23,O64968,U28063,P111,2026-06-03 14:00:48,2,2233.14,369.2,98.4,737.47,4466.28,4097.08,Debit Card,Completed
72e8cd21-4747-456a-bffd-d6498ce448d1,2026_W23,O64969,U14348,P61,2026-06-06 19:52:23,3,7274.63,3210.02,164.01,3350.5,21823.89,18613.87,UPI,Completed
72e8cd21-4747-456a-bffd-d6498ce448d1,2026_W23,O64970,U8379,P32,2026-06-04 13:03:57,1,1891.54,72.47,172.46,327.43,1891.54,1819.07,Debit Card,Completed
72e8cd21-4747-456a-bffd-d6498ce448d1,2026_W23,O64971,U32465,P176,2026-06-06 05:18:31,3,8451.7,81.23,143.98,4549.3,25355.1,25273.870000000003,Wallet,Completed
72e8cd21-4747-456a-bffd-d6498ce448d1,2026_W23,O64972,U29208,P56,2026-06-03 04:25:57,4,9007.41,4309.07,199.78,5709.7,36029.64,31720.57,Debit Card,Completed
72e8cd21-4747-456a-bffd-d6498ce448d1,2026_W23,O64973,U21272,P24,2026-06-03 19:36:57,3,7207.54,2341.17,113.65,3470.66,21622.62,19281.45,Credit Card,Completed
72e8cd21-4747-456a-bffd-d6498ce448d1,2026_W23,O64974,U9782,P17,2026-06-05 22:33:16,4,8998.12,2566.63,69.47,6016.65,35992.48,33425.850000000006,Credit Card,Completed
72e8cd21-4747-456a-bffd-d6498ce448d1,2026_W23,O64975,U13940,P45,2026-06-03 03:25:13,2,10226.58,389.92,130.88,3611.38,20453.16,20063.24,Debit Card,Completed
72e8cd21-4747-456a-bffd-d6498ce448d1,2026_W23,O64976,U23717,P79,2026-06-07 00:41:55,4,4029.4,560.54,90.35,2800.27,16117.6,15557.06,Wallet,Completed
72e8cd21-4747-456a-bffd-d6498ce448d1,2026_W23,O64977,U471,P156,2026-06-02 20:18:27,4,7497.11,2993.55,83.16,4859.08,29988.44,26994.89,Credit Card,Completed
72e8cd21-4747-456a-bffd-d6498ce448d1,2026_W23,O64978,U5109,P107,2026-06-07 04:55:25,3,5037.89,1206.85,52.23,2503.23,15113.670000000002,13906.820000000002,Credit Card,Completed
72e8cd21-4747-456a-bffd-d6498ce448d1,2026_W23,O64979,U25743,P178,2026-06-03 15:57:29,4,7201.61,415.98,132.29,5110.28,28806.44,28390.46,Credit Card,Completed
72e8cd21-4747-456a-bffd-d6498ce448d1,2026_W23,O64980,U9658,P102,2026-06-03 16:27:51,4,2314.83,1021.66,185.13,1482.78,9259.32,8237.66,Wallet,Completed
72e8cd21-4747-456a-bffd-d6498ce448d1,2026_W23,O64981,U11880,P17,2026-06-04 01:57:08,2,8998.12,480.09,139.0,3152.91,17996.24,17516.15,UPI,Completed
72e8cd21-4747-456a-bffd-d6498ce448d1,2026_W23,O64982,U32312,P195,2026-06-05 05:28:57,2,9936.45,2620.92,50.35,3105.36,19872.9,17251.980000000003,Credit Card,Completed
72e8cd21-4747-456a-bffd-d6498ce448d1,2026_W23,O64983,U16506,P106,2026-06-02 10:06:25,2,4353.6,11.79,137.97,1565.17,8707.2,8695.41,Credit Card,Completed
72e8cd21-4747-456a-bffd-d6498ce448d1,2026_W23,O64984,U11254,P167,2026-06-04 20:46:50,4,10191.01,3397.26,129.83,6726.02,40764.04,37366.78,Credit Card,Completed
72e8cd21-4747-456a-bffd-d6498ce448d1,2026_W23,O64985,U14293,P48,2026-06-07 02:28:25,1,4680.1,311.0,163.38,786.44,4680.1,4369.1,Debit Card,Completed
72e8cd21-4747-456a-bffd-d6498ce448d1,2026_W23,O64986,U28630,P124,2026-06-04 23:19:57,3,3516.67,649.64,72.27,1782.07,10550.01,9900.37,UPI,Completed
72e8cd21-4747-456a-bffd-d6498ce448d1,2026_W23,O64987,U34259,P166,2026-06-02 16:01:39,3,6824.24,427.48,103.02,3608.14,20472.72,20045.24,Debit Card,Completed
72e8cd21-4747-456a-bffd-d6498ce448d1,2026_W23,O64988,U4778,P97,2026-06-04 06:24:22,3,5186.28,1400.17,138.66,2548.56,15558.84,14158.67,Wallet,Completed
72e8cd21-4747-456a-bffd-d6498ce448d1,2026_W23,O64989,U22384,P94,2026-06-04 01:21:54,2,7668.43,584.15,110.92,2655.49,15336.86,14752.71,Credit Card,Completed
72e8cd21-4747-456a-bffd-d6498ce448d1,2026_W23,O64990,U1937,P111,2026-06-06 16:51:53,2,2233.14,62.91,77.92,792.61,4466.28,4403.37,Credit Card,Completed
72e8cd21-4747-456a-bffd-d6498ce448d1,2026_W23,O64991,U5712,P58,2026-06-05 00:26:42,1,3367.03,359.72,153.91,541.32,3367.03,3007.3100000000004,Wallet,Completed
72e8cd21-4747-456a-bffd-d6498ce448d1,2026_W23,O64992,U33061,P103,2026-06-07 01:31:47,2,4922.25,58.03,86.86,1761.56,9844.5,9786.47,Debit Card,Completed
72e8cd21-4747-456a-bffd-d6498ce448d1,2026_W23,O64993,U21771,P145,2026-06-04 16:57:52,2,7002.35,1249.32,114.51,2295.97,14004.7,12755.38,Debit Card,Completed
72e8cd21-4747-456a-bffd-d6498ce448d1,2026_W23,O64994,U28037,P29,2026-06-03 18:54:31,1,1532.51,98.98,138.1,258.04,1532.51,1433.53,Wallet,Completed
72e8cd21-4747-456a-bffd-d6498ce448d1,2026_W23,O64995,U17648,P51,2026-06-03 11:03:31,1,5156.58,460.53,118.79,845.29,5156.58,4696.05,Credit Card,Completed
72e8cd21-4747-456a-bffd-d6498ce448d1,2026_W23,O64996,U24406,P17,2026-06-03 05:59:14,3,8998.12,1896.02,183.22,4517.7,26994.36,25098.34,Wallet,Completed
72e8cd21-4747-456a-bffd-d6498ce448d1,2026_W23,O64997,U34502,P90,2026-06-03 17:54:17,2,10379.64,37.29,182.01,3729.96,20759.28,20721.99,Wallet,Completed
72e8cd21-4747-456a-bffd-d6498ce448d1,2026_W23,O64998,U23529,P110,2026-06-04 02:13:30,1,2362.36,4.08,152.67,424.49,2362.36,2358.28,Wallet,Completed
72e8cd21-4747-456a-bffd-d6498ce448d1,2026_W23,O64999,U30369,P74,2026-06-02 08:23:42,4,4407.74,868.92,120.63,3017.17,17630.96,16762.04,Credit Card,Completed
72e8cd21-4747-456a-bffd-d6498ce448d1,2026_W23,O65000,U32639,P103,2026-06-02 04:35:07,2,4922.25,223.71,83.06,1731.74,9844.5,9620.79,Debit Card,Completed
72e8cd21-4747-456a-bffd-d6498ce448d1,2026_W23,O65001,U30835,P177,2026-06-03 20:27:43,2,6111.68,374.79,69.06,2132.74,12223.36,11848.57,Debit Card,Completed
72e8cd21-4747-456a-bffd-d6498ce448d1,2026_W23,O65002,U13519,P134,2026-06-04 02:32:32,4,2662.06,1090.39,140.32,1720.41,10648.24,9557.85,Credit Card,Completed
72e8cd21-4747-456a-bffd-d6498ce448d1,2026_W23,O65003,U11875,P156,2026-06-04 11:16:48,4,7497.11,613.58,114.92,5287.47,29988.44,29374.86,Debit Card,Completed
72e8cd21-4747-456a-bffd-d6498ce448d1,2026_W23,O65004,U17208,P139,2026-06-06 07:31:10,3,3152.91,705.48,62.44,1575.58,9458.73,8753.25,Debit Card,Completed
72e8cd21-4747-456a-bffd-d6498ce448d1,2026_W23,O65005,U14974,P182,2026-06-04 03:21:44,3,1987.12,808.61,170.91,927.5,5961.36,5152.75,UPI,Completed
72e8cd21-4747-456a-bffd-d6498ce448d1,2026_W23,O65006,U18652,P41,2026-06-04 01:28:59,4,11748.5,5593.43,126.12,7452.1,46994.0,41400.57,UPI,Completed
72e8cd21-4747-456a-bffd-d6498ce448d1,2026_W23,O65007,U2522,P60,2026-06-07 17:39:35,3,7906.19,3246.37,122.33,3685.0,23718.57,20472.2,UPI,Completed
72e8cd21-4747-456a-bffd-d6498ce448d1,2026_W23,O65008,U3578,P72,2026-06-06 12:50:21,1,7361.26,356.19,119.98,1260.91,7361.26,7005.070000000001,Wallet,Completed
72e8cd21-4747-456a-bffd-d6498ce448d1,2026_W23,O65009,U6122,P32,2026-06-02 08:21:21,4,1891.54,953.59,64.22,1190.26,7566.16,6612.57,Wallet,Completed
72e8cd21-4747-456a-bffd-d6498ce448d1,2026_W23,O65010,U31683,P182,2026-06-03 21:24:58,3,1987.12,19.85,52.04,1069.47,5961.36,5941.509999999999,Credit Card,Completed
72e8cd21-4747-456a-bffd-d6498ce448d1,2026_W23,O65011,U24104,P4,2026-06-07 01:31:57,2,4763.57,601.67,61.22,1606.58,9527.14,8925.47,UPI,Completed
72e8cd21-4747-456a-bffd-d6498ce448d1,2026_W23,O65012,U5575,P45,2026-06-04 12:53:13,4,10226.58,564.61,165.07,7261.51,40906.32,40341.71,Debit Card,Completed
72e8cd21-4747-456a-bffd-d6498ce448d1,2026_W23,O65013,U9506,P65,2026-06-02 08:00:23,3,9814.57,642.05,95.53,5184.3,29443.71,28801.66,Wallet,Completed
72e8cd21-4747-456a-bffd-d6498ce448d1,2026_W23,O65014,U3818,P154,2026-06-05 08:58:45,1,7488.16,470.42,186.44,1263.19,7488.16,7017.74,Wallet,Completed
72e8cd21-4747-456a-bffd-d6498ce448d1,2026_W23,O65015,U24637,P166,2026-06-07 12:26:06,3,6824.24,231.44,130.53,3643.43,20472.72,20241.28,Debit Card,Completed
72e8cd21-4747-456a-bffd-d6498ce448d1,2026_W23,O65016,U26195,P114,2026-06-06 08:23:18,2,3958.12,262.21,115.03,1377.73,7916.24,7654.03,Wallet,Completed
72e8cd21-4747-456a-bffd-d6498ce448d1,2026_W23,O65017,U29461,P117,2026-06-05 08:54:16,2,9615.7,2024.95,54.98,3097.16,19231.4,17206.45,Credit Card,Completed
72e8cd21-4747-456a-bffd-d6498ce448d1,2026_W23,O65018,U19849,P151,2026-06-02 11:46:18,3,10300.34,2540.74,155.68,5104.85,30901.02,28360.28,Wallet,Completed
72e8cd21-4747-456a-bffd-d6498ce448d1,2026_W23,O65019,U3795,P5,2026-06-07 01:15:24,1,9411.93,1117.75,142.64,1492.95,9411.93,8294.18,UPI,Completed
72e8cd21-4747-456a-bffd-d6498ce448d1,2026_W23,O65020,U2522,P111,2026-06-02 21:12:56,1,2233.14,308.38,69.61,346.46,2233.14,1924.76,UPI,Completed
72e8cd21-4747-456a-bffd-d6498ce448d1,2026_W23,O65021,U31735,P99,2026-06-05 10:12:52,4,5923.25,1034.84,160.99,4078.47,23693.0,22658.16,Debit Card,Completed
72e8cd21-4747-456a-bffd-d6498ce448d1,2026_W23,O65022,U16767,P168,2026-06-05 12:46:50,4,4347.14,552.7,198.24,3030.45,17388.56,16835.86,Debit Card,Completed
72e8cd21-4747-456a-bffd-d6498ce448d1,2026_W23,O65023,U13692,P42,2026-06-03 01:45:53,4,7209.49,1580.28,116.1,4906.38,28837.96,27257.68,Debit Card,Completed
72e8cd21-4747-456a-bffd-d6498ce448d1,2026_W23,O65024,U15524,P113,2026-06-03 13:45:39,1,5995.63,575.22,63.36,975.67,5995.63,5420.41,UPI,Completed
72e8cd21-4747-456a-bffd-d6498ce448d1,2026_W23,O65025,U16573,P167,2026-06-02 17:22:27,3,10191.01,4227.63,75.56,4742.17,30573.03,26345.4,UPI,Completed
72e8cd21-4747-456a-bffd-d6498ce448d1,2026_W23,O65026,U33946,P91,2026-06-04 12:15:42,3,4770.75,319.7,194.12,2518.66,14312.25,13992.55,UPI,Completed
72e8cd21-4747-456a-bffd-d6498ce448d1,2026_W23,O65027,U34258,P166,2026-06-05 09:12:56,3,6824.24,2328.72,138.17,3265.92,20472.72,18144.0,Credit Card,Completed
72e8cd21-4747-456a-bffd-d6498ce448d1,2026_W23,O65028,U28305,P6,2026-06-05 17:30:02,1,6942.01,233.16,168.1,1207.59,6942.01,6708.85,Debit Card,Completed
72e8cd21-4747-456a-bffd-d6498ce448d1,2026_W23,O65029,U17419,P95,2026-06-03 08:00:02,1,8832.47,1158.58,151.03,1381.3,8832.47,7673.889999999999,UPI,Completed
72e8cd21-4747-456a-bffd-d6498ce448d1,2026_W23,O65030,U22160,P91,2026-06-03 15:45:47,2,4770.75,43.68,52.04,1709.61,9541.5,9497.82,Credit Card,Completed
72e8cd21-4747-456a-bffd-d6498ce448d1,2026_W23,O65031,U20993,P142,2026-06-04 16:20:36,1,5009.2,194.75,130.17,866.6,5009.2,4814.45,Credit Card,Completed
72e8cd21-4747-456a-bffd-d6498ce448d1,2026_W23,O65032,U29129,P92,2026-06-07 03:26:11,1,2278.27,10.91,51.98,408.12,2278.27,2267.36,UPI,Completed
72e8cd21-4747-456a-bffd-d6498ce448d1,2026_W23,O65033,U14238,P136,2026-06-05 11:35:13,1,2987.05,7.73,188.13,536.28,2987.05,2979.32,UPI,Completed
72e8cd21-4747-456a-bffd-d6498ce448d1,2026_W23,O65034,U8617,P186,2026-06-03 16:16:24,4,7703.95,430.38,160.47,5469.38,30815.8,30385.42,UPI,Completed
72e8cd21-4747-456a-bffd-d6498ce448d1,2026_W23,O65035,U27328,P49,2026-06-06 06:53:31,4,4491.12,1877.32,90.27,2895.69,17964.48,16087.16,Wallet,Completed
72e8cd21-4747-456a-bffd-d6498ce448d1,2026_W23,O65036,U20022,P67,2026-06-07 13:14:39,1,6380.8,488.82,112.33,1060.56,6380.8,5891.9800000000005,UPI,Completed
72e8cd21-4747-456a-bffd-d6498ce448d1,2026_W23,O65037,U18373,P37,2026-06-04 11:21:03,2,5843.49,519.5,183.25,2010.15,11686.98,11167.48,Wallet,Completed
72e8cd21-4747-456a-bffd-d6498ce448d1,2026_W23,O65038,U13271,P186,2026-06-07 09:44:14,1,7703.95,136.73,173.6,1362.1,7703.95,7567.22,UPI,Completed
72e8cd21-4747-456a-bffd-d6498ce448d1,2026_W23,O65039,U32056,P151,2026-06-02 13:56:54,4,10300.34,856.38,186.41,7262.1,41201.36,40344.98,Wallet,Completed
72e8cd21-4747-456a-bffd-d6498ce448d1,2026_W23,O65040,U24895,P151,2026-06-05 14:09:03,1,10300.34,1345.21,185.53,1611.92,10300.34,8955.130000000001,UPI,Completed
72e8cd21-4747-456a-bffd-d6498ce448d1,2026_W23,O65041,U20970,P159,2026-06-07 01:14:37,1,5981.94,244.71,192.59,1032.7,5981.94,5737.23,Wallet,Completed
72e8cd21-4747-456a-bffd-d6498ce448d1,2026_W23,O65042,U2891,P125,2026-06-04 21:05:32,2,7881.51,766.73,67.32,2699.33,15763.02,14996.29,Wallet,Completed
72e8cd21-4747-456a-bffd-d6498ce448d1,2026_W23,O65043,U27572,P162,2026-06-06 20:30:55,4,4947.62,1065.5,182.81,3370.5,19790.48,18724.98,UPI,Completed
72e8cd21-4747-456a-bffd-d6498ce448d1,2026_W23,O65044,U731,P103,2026-06-07 02:14:05,3,4922.25,287.0,119.32,2606.36,14766.75,14479.75,UPI,Completed
72e8cd21-4747-456a-bffd-d6498ce448d1,2026_W23,O65045,U26114,P28,2026-06-06 18:09:05,4,7134.46,2520.56,157.32,4683.11,28537.84,26017.28,UPI,Completed
72e8cd21-4747-456a-bffd-d6498ce448d1,2026_W23,O65046,U4974,P97,2026-06-06 10:18:31,1,5186.28,544.73,50.77,835.48,5186.28,4641.549999999999,Wallet,Completed
72e8cd21-4747-456a-bffd-d6498ce448d1,2026_W23,O65047,U19872,P109,2026-06-02 11:34:50,4,5905.39,62.73,173.01,4240.59,23621.56,23558.83,Debit Card,Completed
72e8cd21-4747-456a-bffd-d6498ce448d1,2026_W23,O65048,U2463,P35,2026-06-04 04:57:23,1,2889.44,281.35,146.18,469.46,2889.44,2608.09,UPI,Completed
72e8cd21-4747-456a-bffd-d6498ce448d1,2026_W23,O65049,U15809,P120,2026-06-02 12:13:32,4,6088.95,2006.39,93.18,4022.89,24355.8,22349.41,Wallet,Completed
72e8cd21-4747-456a-bffd-d6498ce448d1,2026_W23,O65050,U7455,P43,2026-06-07 05:38:34,3,2660.01,310.71,130.68,1380.48,7980.030000000001,7669.320000000001,Debit Card,Completed
72e8cd21-4747-456a-bffd-d6498ce448d1,2026_W23,O65051,U18146,P135,2026-06-06 07:21:47,4,4974.87,358.72,196.3,3517.34,19899.48,19540.76,Debit Card,Completed
72e8cd21-4747-456a-bffd-d6498ce448d1,2026_W23,O65052,U3599,P86,2026-06-06 05:34:51,4,5552.06,2324.1,188.84,3579.15,22208.24,19884.140000000003,Debit Card,Completed
72e8cd21-4747-456a-bffd-d6498ce448d1,2026_W23,O65053,U16592,P122,2026-06-05 17:16:35,2,7123.24,1123.77,167.19,2362.09,14246.48,13122.71,UPI,Completed
72e8cd21-4747-456a-bffd-d6498ce448d1,2026_W23,O65054,U24687,P37,2026-06-06 08:24:54,1,5843.49,47.93,62.96,1043.2,5843.49,5795.56,Credit Card,Completed
72e8cd21-4747-456a-bffd-d6498ce448d1,2026_W23,O65055,U21400,P24,2026-06-04 18:18:20,3,7207.54,1979.38,186.57,3535.78,21622.62,19643.24,UPI,Completed
72e8cd21-4747-456a-bffd-d6498ce448d1,2026_W23,O65056,U22079,P186,2026-06-06 12:18:42,3,7703.95,210.19,192.57,4122.3,23111.85,22901.66,Credit Card,Completed
72e8cd21-4747-456a-bffd-d6498ce448d1,2026_W23,O65057,U19936,P165,2026-06-05 14:20:26,4,2657.45,1436.23,154.89,1654.84,10629.8,9193.57,Wallet,Completed
72e8cd21-4747-456a-bffd-d6498ce448d1,2026_W23,O65058,U19831,P4,2026-06-04 00:41:04,1,4763.57,467.16,56.43,773.35,4763.57,4296.41,Credit Card,Completed
72e8cd21-4747-456a-bffd-d6498ce448d1,2026_W23,O65059,U20233,P200,2026-06-06 10:06:29,3,2159.6,309.63,121.43,1110.45,6478.799999999999,6169.169999999999,UPI,Completed
72e8cd21-4747-456a-bffd-d6498ce448d1,2026_W23,O65060,U26692,P46,2026-06-05 20:42:15,3,4606.02,1140.55,92.05,2281.95,13818.06,12677.510000000002,Credit Card,Completed
72e8cd21-4747-456a-bffd-d6498ce448d1,2026_W23,O65061,U12743,P192,2026-06-01 21:54:18,2,11696.08,3508.29,128.19,3579.1,23392.16,19883.87,Wallet,Completed
72e8cd21-4747-456a-bffd-d6498ce448d1,2026_W23,O65062,U9968,P149,2026-06-04 20:13:23,1,5363.67,9.1,70.04,963.82,5363.67,5354.57,Wallet,Completed
72e8cd21-4747-456a-bffd-d6498ce448d1,2026_W23,O65063,U23898,P130,2026-06-05 07:31:52,1,3717.66,68.56,94.69,656.84,3717.66,3649.1,Debit Card,Completed
72e8cd21-4747-456a-bffd-d6498ce448d1,2026_W23,O65064,U29361,P33,2026-06-05 15:36:11,3,8155.0,2890.47,135.99,3883.42,24465.0,21574.53,Wallet,Completed
72e8cd21-4747-456a-bffd-d6498ce448d1,2026_W23,O65065,U24906,P97,2026-06-05 12:34:38,4,5186.28,502.77,165.47,3643.62,20745.12,20242.35,Wallet,Completed
72e8cd21-4747-456a-bffd-d6498ce448d1,2026_W23,O65066,U24003,P4,2026-06-07 07:07:16,4,4763.57,2025.42,66.16,3065.19,19054.28,17028.86,Credit Card,Completed
72e8cd21-4747-456a-bffd-d6498ce448d1,2026_W23,O65067,U27069,P192,2026-06-03 17:51:06,3,11696.08,1602.13,168.26,6027.5,35088.24,33486.11,Debit Card,Completed
72e8cd21-4747-456a-bffd-d6498ce448d1,2026_W23,O65068,U16569,P153,2026-06-07 03:23:59,1,3236.07,17.15,104.83,579.41,3236.07,3218.92,UPI,Completed
72e8cd21-4747-456a-bffd-d6498ce448d1,2026_W23,O65069,U24509,P20,2026-06-04 19:00:11,4,2140.8,170.04,64.94,1510.77,8563.2,8393.16,Credit Card,Completed
72e8cd21-4747-456a-bffd-d6498ce448d1,2026_W23,O65070,U8313,P191,2026-06-02 10:15:21,3,6168.41,969.98,136.04,3156.34,18505.23,17535.25,Debit Card,Completed
72e8cd21-4747-456a-bffd-d6498ce448d1,2026_W23,O65071,U19370,P54,2026-06-06 16:47:50,3,8322.93,3311.62,72.94,3898.29,24968.79,21657.17,Credit Card,Completed
72e8cd21-4747-456a-bffd-d6498ce448d1,2026_W23,O65072,U11664,P78,2026-06-04 15:57:00,3,3006.64,829.77,172.45,1474.23,9019.92,8190.15,Debit Card,Completed
72e8cd21-4747-456a-bffd-d6498ce448d1,2026_W23,O65073,U4218,P35,2026-06-06 12:44:59,4,2889.44,1542.12,145.34,1802.82,11557.76,10015.64,UPI,Completed
72e8cd21-4747-456a-bffd-d6498ce448d1,2026_W23,O65074,U17807,P138,2026-06-05 08:49:07,3,6989.52,320.51,102.13,3716.65,20968.56,20648.050000000003,Credit Card,Completed
72e8cd21-4747-456a-bffd-d6498ce448d1,2026_W23,O65075,U18937,P92,2026-06-05 12:47:15,4,2278.27,553.5,116.28,1540.72,9113.08,8559.58,Credit Card,Completed
72e8cd21-4747-456a-bffd-d6498ce448d1,2026_W23,O65076,U19028,P59,2026-06-05 14:58:59,2,3877.77,17.34,50.94,1392.88,7755.54,7738.2,Credit Card,Completed
72e8cd21-4747-456a-bffd-d6498ce448d1,2026_W23,O65077,U17652,P169,2026-06-05 12:39:29,2,8908.51,1888.12,145.89,2867.2,17817.02,15928.9,Wallet,Completed
72e8cd21-4747-456a-bffd-d6498ce448d1,2026_W23,O65078,U5817,P183,2026-06-07 11:54:29,3,5821.34,2430.72,86.93,2705.99,17464.02,15033.3,Wallet,Completed
72e8cd21-4747-456a-bffd-d6498ce448d1,2026_W23,O65079,U5207,P117,2026-06-01 20:41:27,2,9615.7,44.45,161.22,3453.65,19231.4,19186.95,Wallet,Completed
72e8cd21-4747-456a-bffd-d6498ce448d1,2026_W23,O65080,U9830,P114,2026-06-07 02:27:41,2,3958.12,1003.26,141.3,1244.34,7916.24,6912.98,UPI,Completed
72e8cd21-4747-456a-bffd-d6498ce448d1,2026_W23,O65081,U4406,P40,2026-06-06 07:20:52,1,5653.56,393.4,128.11,946.83,5653.56,5260.160000000001,Debit Card,Completed
72e8cd21-4747-456a-bffd-d6498ce448d1,2026_W23,O65082,U2248,P27,2026-06-03 06:01:50,4,4374.27,808.91,164.18,3003.87,17497.08,16688.170000000002,Wallet,Completed
72e8cd21-4747-456a-bffd-d6498ce448d1,2026_W23,O65083,U16001,P85,2026-06-04 00:23:39,2,7940.53,992.6,151.88,2679.92,15881.06,14888.46,Wallet,Completed
72e8cd21-4747-456a-bffd-d6498ce448d1,2026_W23,O65084,U8305,P57,2026-06-02 08:13:23,2,8106.78,599.83,161.75,2810.47,16213.56,15613.73,Credit Card,Completed
72e8cd21-4747-456a-bffd-d6498ce448d1,2026_W23,O65085,U27369,P41,2026-06-05 15:41:30,1,11748.5,845.21,91.11,1962.59,11748.5,10903.29,Wallet,Completed
72e8cd21-4747-456a-bffd-d6498ce448d1,2026_W23,O65086,U15726,P94,2026-06-06 03:03:28,1,7668.43,456.12,192.58,1298.22,7668.43,7212.31,Wallet,Completed
72e8cd21-4747-456a-bffd-d6498ce448d1,2026_W23,O65087,U20216,P96,2026-06-03 02:18:54,4,6736.46,4022.09,162.25,4126.27,26945.84,22923.75,Debit Card,Completed
72e8cd21-4747-456a-bffd-d6498ce448d1,2026_W23,O65088,U10598,P88,2026-06-04 15:49:03,3,6362.48,1606.69,82.21,3146.54,19087.44,17480.75,Debit Card,Completed
72e8cd21-4747-456a-bffd-d6498ce448d1,2026_W23,O65089,U524,P188,2026-06-06 02:33:16,1,3474.24,503.69,80.87,534.7,3474.24,2970.55,Debit Card,Completed
72e8cd21-4747-456a-bffd-d6498ce448d1,2026_W23,O65090,U2968,P20,2026-06-06 22:56:55,1,2140.8,29.87,71.84,379.97,2140.8,2110.9300000000003,Debit Card,Completed
72e8cd21-4747-456a-bffd-d6498ce448d1,2026_W23,O65091,U26057,P191,2026-06-05 12:41:46,2,6168.41,1018.63,146.51,2037.27,12336.82,11318.19,Wallet,Completed
72e8cd21-4747-456a-bffd-d6498ce448d1,2026_W23,O65092,U29041,P36,2026-06-06 21:49:57,2,5080.52,1067.19,132.44,1636.89,10161.04,9093.85,Debit Card,Completed
72e8cd21-4747-456a-bffd-d6498ce448d1,2026_W23,O65093,U15248,P189,2026-06-07 13:15:40,1,3755.21,422.88,96.37,599.82,3755.21,3332.33,Debit Card,Completed
72e8cd21-4747-456a-bffd-d6498ce448d1,2026_W23,O65094,U25979,P35,2026-06-06 09:40:47,2,2889.44,405.65,68.97,967.18,5778.88,5373.2300000000005,Wallet,Completed
72e8cd21-4747-456a-bffd-d6498ce448d1,2026_W23,O65095,U25847,P75,2026-06-02 17:08:44,2,8927.29,2273.12,56.5,2804.66,17854.58,15581.460000000005,UPI,Completed
72e8cd21-4747-456a-bffd-d6498ce448d1,2026_W23,O65096,U10080,P91,2026-06-03 19:30:01,1,4770.75,658.01,62.16,740.29,4770.75,4112.74,Wallet,Completed
72e8cd21-4747-456a-bffd-d6498ce448d1,2026_W23,O65097,U29466,P169,2026-06-06 17:36:44,3,8908.51,2302.13,142.87,4396.21,26725.53,24423.4,Wallet,Completed
72e8cd21-4747-456a-bffd-d6498ce448d1,2026_W23,O65098,U8464,P155,2026-06-06 05:57:41,3,5852.84,666.16,148.85,3040.62,17558.52,16892.36,Wallet,Completed
72e8cd21-4747-456a-bffd-d6498ce448d1,2026_W23,O65099,U6945,P8,2026-06-06 20:26:15,1,6662.34,461.81,51.54,1116.1,6662.34,6200.53,UPI,Completed
72e8cd21-4747-456a-bffd-d6498ce448d1,2026_W23,O65100,U1081,P68,2026-06-05 10:05:07,2,4648.44,673.37,170.57,1552.23,9296.88,8623.509999999998,UPI,Completed
72e8cd21-4747-456a-bffd-d6498ce448d1,2026_W23,O65101,U3581,P98,2026-06-06 12:48:25,4,9747.59,4585.88,142.07,6192.81,38990.36,34404.48,Debit Card,Completed
72e8cd21-4747-456a-bffd-d6498ce448d1,2026_W23,O65102,U26412,P19,2026-06-02 06:17:25,1,10412.16,549.42,194.08,1775.29,10412.16,9862.74,Wallet,Completed
72e8cd21-4747-456a-bffd-d6498ce448d1,2026_W23,O65103,U25759,P134,2026-06-05 18:25:42,3,2662.06,724.17,106.21,1307.16,7986.18,7262.01,Wallet,Completed
72e8cd21-4747-456a-bffd-d6498ce448d1,2026_W23,O65104,U32312,P54,2026-06-03 16:30:17,3,8322.93,386.37,71.94,4424.84,24968.79,24582.42,Wallet,Completed
72e8cd21-4747-456a-bffd-d6498ce448d1,2026_W23,O65105,U13890,P41,2026-06-03 20:10:42,2,11748.5,2458.75,86.63,3786.88,23497.0,21038.25,UPI,Completed
72e8cd21-4747-456a-bffd-d6498ce448d1,2026_W23,O65106,U9754,P72,2026-06-07 00:39:08,1,7361.26,885.68,197.5,1165.6,7361.26,6475.58,Wallet,Completed
72e8cd21-4747-456a-bffd-d6498ce448d1,2026_W23,O65107,U16751,P182,2026-06-02 09:54:58,4,1987.12,991.84,85.84,1252.2,7948.48,6956.639999999999,Wallet,Completed
72e8cd21-4747-456a-bffd-d6498ce448d1,2026_W23,O65108,U1050,P186,2026-06-07 17:18:06,1,7703.95,1073.41,158.69,1193.5,7703.95,6630.54,Wallet,Completed
72e8cd21-4747-456a-bffd-d6498ce448d1,2026_W23,O65109,U2270,P99,2026-06-04 23:39:00,3,5923.25,479.69,131.48,3112.21,17769.75,17290.06,Credit Card,Completed
72e8cd21-4747-456a-bffd-d6498ce448d1,2026_W23,O65110,U1726,P84,2026-06-04 23:19:25,4,3400.69,1811.77,132.17,2122.38,13602.76,11790.99,Credit Card,Completed
72e8cd21-4747-456a-bffd-d6498ce448d1,2026_W23,O65111,U27333,P104,2026-06-07 18:29:56,1,5590.84,532.42,186.51,910.52,5590.84,5058.42,Wallet,Completed
72e8cd21-4747-456a-bffd-d6498ce448d1,2026_W23,O65112,U25737,P154,2026-06-06 22:18:27,2,7488.16,685.26,151.57,2572.39,14976.32,14291.06,Credit Card,Completed
72e8cd21-4747-456a-bffd-d6498ce448d1,2026_W23,O65113,U9164,P10,2026-06-04 23:41:51,3,6265.23,2302.7,53.83,2968.74,18795.69,16492.989999999998,Wallet,Completed
72e8cd21-4747-456a-bffd-d6498ce448d1,2026_W23,O65114,U4954,P167,2026-06-06 23:58:03,3,10191.01,1035.14,53.89,5316.82,30573.03,29537.89,Debit Card,Completed
72e8cd21-4747-456a-bffd-d6498ce448d1,2026_W23,O65115,U14022,P140,2026-06-03 00:39:45,2,4036.99,419.84,52.65,1377.75,8073.98,7654.139999999999,UPI,Completed
72e8cd21-4747-456a-bffd-d6498ce448d1,2026_W23,O65116,U18606,P9,2026-06-06 01:02:58,1,6463.86,146.15,128.77,1137.19,6463.86,6317.71,Credit Card,Completed
72e8cd21-4747-456a-bffd-d6498ce448d1,2026_W23,O65117,U29581,P194,2026-06-02 07:32:42,3,7139.77,860.02,186.62,3700.67,21419.31,20559.29,Wallet,Completed
72e8cd21-4747-456a-bffd-d6498ce448d1,2026_W23,O65118,U25055,P198,2026-06-06 16:44:39,3,7893.47,413.57,140.23,4188.03,23680.41,23266.84,UPI,Completed
72e8cd21-4747-456a-bffd-d6498ce448d1,2026_W23,O65119,U23001,P176,2026-06-03 05:47:38,4,8451.7,979.43,138.21,5908.93,33806.8,32827.37,Debit Card,Completed
72e8cd21-4747-456a-bffd-d6498ce448d1,2026_W23,O65120,U7255,P11,2026-06-02 06:53:38,1,4777.26,476.76,129.73,774.09,4777.26,4300.5,UPI,Completed
72e8cd21-4747-456a-bffd-d6498ce448d1,2026_W23,O65121,U3672,P137,2026-06-07 08:14:50,1,2412.96,311.68,187.35,378.23,2412.96,2101.28,Credit Card,Completed
72e8cd21-4747-456a-bffd-d6498ce448d1,2026_W23,O65122,U18128,P158,2026-06-02 04:15:25,1,2851.23,246.07,95.03,468.93,2851.23,2605.16,Debit Card,Completed
72e8cd21-4747-456a-bffd-d6498ce448d1,2026_W23,O65123,U1091,P168,2026-06-05 02:15:00,3,4347.14,936.65,147.02,2178.86,13041.420000000002,12104.770000000002,Wallet,Completed
72e8cd21-4747-456a-bffd-d6498ce448d1,2026_W23,O65124,U15728,P68,2026-06-04 20:29:15,1,4648.44,502.2,148.64,746.32,4648.44,4146.24,UPI,Completed
72e8cd21-4747-456a-bffd-d6498ce448d1,2026_W23,O65125,U7478,P23,2026-06-04 03:49:55,3,8537.77,3296.06,97.91,4017.1,25613.31,22317.25,Credit Card,Completed
72e8cd21-4747-456a-bffd-d6498ce448d1,2026_W23,O65126,U31853,P154,2026-06-06 15:30:25,3,7488.16,216.45,133.19,4004.65,22464.48,22248.03,Wallet,Completed
72e8cd21-4747-456a-bffd-d6498ce448d1,2026_W23,O65127,U17801,P183,2026-06-07 08:17:41,1,5821.34,69.31,117.01,1035.37,5821.34,5752.03,Credit Card,Completed
72e8cd21-4747-456a-bffd-d6498ce448d1,2026_W23,O65128,U23382,P13,2026-06-05 11:03:55,3,7537.32,1847.33,63.55,3737.63,22611.96,20764.63,Debit Card,Completed
72e8cd21-4747-456a-bffd-d6498ce448d1,2026_W23,O65129,U609,P14,2026-06-04 09:48:15,4,7736.91,1373.54,108.35,5323.34,30947.64,29574.1,UPI,Completed
72e8cd21-4747-456a-bffd-d6498ce448d1,2026_W23,O65130,U19531,P37,2026-06-04 19:01:42,1,5843.49,4.54,136.15,1051.01,5843.49,5838.95,UPI,Completed
72e8cd21-4747-456a-bffd-d6498ce448d1,2026_W23,O65131,U9609,P195,2026-06-06 23:40:23,3,9936.45,380.71,195.13,5297.16,29809.35,29428.640000000003,Credit Card,Completed
72e8cd21-4747-456a-bffd-d6498ce448d1,2026_W23,O65132,U14482,P18,2026-06-02 11:14:03,1,5632.45,663.63,191.56,894.39,5632.45,4968.82,Credit Card,Completed
72e8cd21-4747-456a-bffd-d6498ce448d1,2026_W23,O65133,U27515,P122,2026-06-04 02:49:30,2,7123.24,289.04,187.03,2512.34,14246.48,13957.44,Credit Card,Completed
72e8cd21-4747-456a-bffd-d6498ce448d1,2026_W23,O65134,U30448,P59,2026-06-05 17:18:08,3,3877.77,128.37,194.62,2070.89,11633.31,11504.94,Credit Card,Completed
72e8cd21-4747-456a-bffd-d6498ce448d1,2026_W23,O65135,U20662,P94,2026-06-03 00:37:11,2,7668.43,154.38,77.66,2732.85,15336.86,15182.48,Credit Card,Completed
72e8cd21-4747-456a-bffd-d6498ce448d1,2026_W23,O65136,U2785,P44,2026-06-06 06:28:53,1,3831.53,13.79,93.91,687.19,3831.53,3817.74,Debit Card,Completed
72e8cd21-4747-456a-bffd-d6498ce448d1,2026_W23,O65137,U31188,P61,2026-06-05 05:47:44,2,7274.63,165.41,178.2,2589.09,14549.26,14383.85,Wallet,Completed
72e8cd21-4747-456a-bffd-d6498ce448d1,2026_W23,O65138,U19168,P192,2026-06-07 02:51:29,1,11696.08,1167.53,192.91,1895.14,11696.08,10528.55,UPI,Completed
72e8cd21-4747-456a-bffd-d6498ce448d1,2026_W23,O65139,U21864,P77,2026-06-03 12:22:29,4,2460.76,1357.04,77.12,1527.48,9843.04,8486.0,Debit Card,Completed
72e8cd21-4747-456a-bffd-d6498ce448d1,2026_W23,O65140,U17608,P128,2026-06-04 23:16:00,3,8967.81,3450.21,99.11,4221.58,26903.43,23453.22,UPI,Completed
72e8cd21-4747-456a-bffd-d6498ce448d1,2026_W23,O65141,U32256,P130,2026-06-04 19:44:28,2,3717.66,391.42,156.69,1267.9,7435.32,7043.9,Credit Card,Completed
72e8cd21-4747-456a-bffd-d6498ce448d1,2026_W23,O65142,U16203,P4,2026-06-03 20:45:58,4,4763.57,1554.34,139.37,3149.99,19054.28,17499.94,Credit Card,Completed
72e8cd21-4747-456a-bffd-d6498ce448d1,2026_W23,O65143,U7923,P72,2026-06-02 01:12:51,1,7361.26,1000.41,83.95,1144.95,7361.26,6360.85,Credit Card,Completed
72e8cd21-4747-456a-bffd-d6498ce448d1,2026_W23,O65144,U34432,P41,2026-06-06 14:53:31,3,11748.5,117.54,167.1,6323.03,35245.5,35127.96,Credit Card,Completed
72e8cd21-4747-456a-bffd-d6498ce448d1,2026_W23,O65145,U23414,P34,2026-06-04 07:16:31,3,3033.5,512.48,155.37,1545.84,9100.5,8588.02,Credit Card,Completed
72e8cd21-4747-456a-bffd-d6498ce448d1,2026_W23,O65146,U19560,P48,2026-06-05 09:11:38,2,4680.1,390.89,155.99,1614.48,9360.2,8969.310000000001,UPI,Completed
72e8cd21-4747-456a-bffd-d6498ce448d1,2026_W23,O65147,U24260,P25,2026-06-06 23:18:52,2,7381.46,923.08,75.32,2491.17,14762.92,13839.84,Wallet,Completed
72e8cd21-4747-456a-bffd-d6498ce448d1,2026_W23,O65148,U10971,P121,2026-06-05 14:47:57,1,3168.81,357.24,170.45,506.08,3168.81,2811.57,Credit Card,Completed
72e8cd21-4747-456a-bffd-d6498ce448d1,2026_W23,O65149,U30723,P72,2026-06-02 07:52:11,2,7361.26,1563.77,149.26,2368.57,14722.52,13158.75,UPI,Completed
72e8cd21-4747-456a-bffd-d6498ce448d1,2026_W23,O65150,U12787,P104,2026-06-07 14:58:26,2,5590.84,1266.96,149.75,1784.65,11181.68,9914.72,Wallet,Completed
72e8cd21-4747-456a-bffd-d6498ce448d1,2026_W23,O65151,U9203,P113,2026-06-03 07:30:02,1,5995.63,677.69,136.94,957.23,5995.63,5317.9400000000005,UPI,Completed
72e8cd21-4747-456a-bffd-d6498ce448d1,2026_W23,O65152,U9529,P56,2026-06-07 08:52:42,2,9007.41,810.16,171.62,3096.84,18014.82,17204.66,Wallet,Completed
72e8cd21-4747-456a-bffd-d6498ce448d1,2026_W23,O65153,U13524,P102,2026-06-04 20:04:54,4,2314.83,547.62,100.85,1568.11,9259.32,8711.699999999999,Debit Card,Completed
72e8cd21-4747-456a-bffd-d6498ce448d1,2026_W23,O65154,U13306,P44,2026-06-06 16:34:15,4,3831.53,2147.42,74.7,2372.17,15326.12,13178.7,Credit Card,Completed
72e8cd21-4747-456a-bffd-d6498ce448d1,2026_W23,O65155,U34974,P19,2026-06-07 19:36:08,4,10412.16,5158.08,118.31,6568.3,41648.64,36490.56,Wallet,Completed
72e8cd21-4747-456a-bffd-d6498ce448d1,2026_W23,O65156,U31472,P98,2026-06-04 03:22:52,2,9747.59,244.8,69.83,3465.07,19495.18,19250.38,UPI,Completed
72e8cd21-4747-456a-bffd-d6498ce448d1,2026_W23,O65157,U6916,P164,2026-06-04 20:37:15,3,7788.37,1064.2,146.57,4014.16,23365.11,22300.91,UPI,Completed
72e8cd21-4747-456a-bffd-d6498ce448d1,2026_W23,O65158,U11485,P36,2026-06-02 10:40:02,1,5080.52,54.71,54.28,904.65,5080.52,5025.81,Debit Card,Completed
72e8cd21-4747-456a-bffd-d6498ce448d1,2026_W23,O65159,U33197,P59,2026-06-02 07:12:32,4,3877.77,1082.19,176.83,2597.2,15511.08,14428.89,UPI,Completed
72e8cd21-4747-456a-bffd-d6498ce448d1,2026_W23,O65160,U26708,P6,2026-06-02 22:27:19,2,6942.01,1765.63,60.52,2181.31,13884.02,12118.39,Credit Card,Completed
72e8cd21-4747-456a-bffd-d6498ce448d1,2026_W23,O65161,U8954,P9,2026-06-02 00:26:33,3,6463.86,80.79,123.95,3475.94,19391.58,19310.79,Wallet,Completed
72e8cd21-4747-456a-bffd-d6498ce448d1,2026_W23,O65162,U12929,P66,2026-06-03 04:37:22,2,5068.12,789.89,75.89,1682.34,10136.24,9346.35,Credit Card,Completed
72e8cd21-4747-456a-bffd-d6498ce448d1,2026_W23,O65163,U21013,P127,2026-06-04 18:35:17,1,7703.2,824.01,121.02,1238.25,7703.2,6879.19,Wallet,Completed
72e8cd21-4747-456a-bffd-d6498ce448d1,2026_W23,O65164,U31414,P5,2026-06-06 13:05:44,4,9411.93,1183.09,81.66,6563.63,37647.72,36464.630000000005,Credit Card,Completed
72e8cd21-4747-456a-bffd-d6498ce448d1,2026_W23,O65165,U33003,P185,2026-06-02 11:05:27,3,7874.65,40.73,187.27,4244.98,23623.95,23583.22,Debit Card,Completed
72e8cd21-4747-456a-bffd-d6498ce448d1,2026_W23,O65166,U30638,P151,2026-06-03 20:17:07,2,10300.34,833.58,185.47,3558.08,20600.68,19767.1,UPI,Completed
72e8cd21-4747-456a-bffd-d6498ce448d1,2026_W23,O65167,U10304,P48,2026-06-05 05:06:19,3,4680.1,1831.26,145.66,2197.63,14040.3,12209.04,Credit Card,Completed
72e8cd21-4747-456a-bffd-d6498ce448d1,2026_W23,O65168,U6503,P8,2026-06-07 18:14:12,2,6662.34,1093.98,65.89,2201.53,13324.68,12230.7,Debit Card,Completed
72e8cd21-4747-456a-bffd-d6498ce448d1,2026_W23,O65169,U14408,P192,2026-06-03 04:55:23,3,11696.08,4269.47,107.8,5547.38,35088.24,30818.77,Debit Card,Completed
72e8cd21-4747-456a-bffd-d6498ce448d1,2026_W23,O65170,U5423,P20,2026-06-03 09:51:09,1,2140.8,248.41,60.92,340.63,2140.8,1892.39,Credit Card,Completed
72e8cd21-4747-456a-bffd-d6498ce448d1,2026_W23,O65171,U6395,P56,2026-06-04 07:02:27,4,9007.41,3420.14,151.29,5869.71,36029.64,32609.5,Debit Card,Completed
72e8cd21-4747-456a-bffd-d6498ce448d1,2026_W23,O65172,U11405,P124,2026-06-05 15:59:28,3,3516.67,395.54,110.62,1827.8,10550.01,10154.47,Credit Card,Completed
72e8cd21-4747-456a-bffd-d6498ce448d1,2026_W23,O65173,U28232,P63,2026-06-03 21:13:33,4,11400.74,563.73,192.1,8107.06,45602.96,45039.23,Debit Card,Completed
72e8cd21-4747-456a-bffd-d6498ce448d1,2026_W23,O65174,U15193,P3,2026-06-03 08:32:18,3,6836.35,1174.89,118.63,3480.15,20509.050000000003,19334.160000000003,Wallet,Completed
72e8cd21-4747-456a-bffd-d6498ce448d1,2026_W23,O65175,U3157,P191,2026-06-05 16:11:15,1,6168.41,574.36,75.84,1006.93,6168.41,5594.05,Wallet,Completed
72e8cd21-4747-456a-bffd-d6498ce448d1,2026_W23,O65176,U6465,P144,2026-06-02 16:51:31,2,3365.89,449.49,105.86,1130.81,6731.78,6282.29,Credit Card,Completed
72e8cd21-4747-456a-bffd-d6498ce448d1,2026_W23,O65177,U5027,P150,2026-06-06 18:40:09,3,7237.54,385.88,152.95,3838.81,21712.62,21326.74,Credit Card,Completed
72e8cd21-4747-456a-bffd-d6498ce448d1,2026_W23,O65178,U14096,P59,2026-06-03 14:44:04,2,3877.77,529.15,115.87,1300.75,7755.54,7226.39,Debit Card,Completed
72e8cd21-4747-456a-bffd-d6498ce448d1,2026_W23,O65179,U30349,P84,2026-06-02 17:49:57,4,3400.69,923.77,51.27,2282.22,13602.76,12678.99,Debit Card,Completed
72e8cd21-4747-456a-bffd-d6498ce448d1,2026_W23,O65180,U23414,P51,2026-06-02 08:11:59,3,5156.58,1811.6,138.48,2458.47,15469.74,13658.14,Credit Card,Completed
72e8cd21-4747-456a-bffd-d6498ce448d1,2026_W23,O65181,U21864,P23,2026-06-06 09:29:25,2,8537.77,523.1,107.36,2979.44,17075.54,16552.440000000002,Wallet,Completed
72e8cd21-4747-456a-bffd-d6498ce448d1,2026_W23,O65182,U32085,P24,2026-06-06 03:36:28,2,7207.54,235.17,63.55,2552.38,14415.08,14179.91,UPI,Completed
72e8cd21-4747-456a-bffd-d6498ce448d1,2026_W23,O65183,U16932,P89,2026-06-04 02:52:31,1,9725.61,1153.14,50.68,1543.04,9725.61,8572.470000000001,Debit Card,Completed
72e8cd21-4747-456a-bffd-d6498ce448d1,2026_W23,O65184,U33025,P39,2026-06-04 05:38:44,4,7544.04,1948.0,159.42,5081.07,30176.16,28228.16,UPI,Completed
72e8cd21-4747-456a-bffd-d6498ce448d1,2026_W23,O65185,U3611,P19,2026-06-01 21:01:16,3,10412.16,142.39,164.93,5596.94,31236.48,31094.09,Debit Card,Completed
72e8cd21-4747-456a-bffd-d6498ce448d1,2026_W23,O65186,U15207,P56,2026-06-02 23:07:07,4,9007.41,2278.75,81.4,6075.16,36029.64,33750.89,Wallet,Completed
72e8cd21-4747-456a-bffd-d6498ce448d1,2026_W23,O65187,U11726,P80,2026-06-07 19:13:40,4,4942.61,1734.35,83.67,3246.5,19770.44,18036.09,Credit Card,Completed
72e8cd21-4747-456a-bffd-d6498ce448d1,2026_W23,O65188,U14668,P156,2026-06-05 22:17:33,1,7497.11,192.57,116.37,1314.82,7497.11,7304.54,UPI,Completed
72e8cd21-4747-456a-bffd-d6498ce448d1,2026_W23,O65189,U5200,P68,2026-06-02 14:46:43,1,4648.44,94.18,82.22,819.77,4648.44,4554.259999999999,Debit Card,Completed
72e8cd21-4747-456a-bffd-d6498ce448d1,2026_W23,O65190,U31864,P198,2026-06-03 22:38:40,1,7893.47,868.95,177.06,1264.41,7893.47,7024.52,Wallet,Completed
72e8cd21-4747-456a-bffd-d6498ce448d1,2026_W23,O65191,U4511,P95,2026-06-03 16:54:38,1,8832.47,902.79,140.6,1427.34,8832.47,7929.679999999999,Wallet,Completed
72e8cd21-4747-456a-bffd-d6498ce448d1,2026_W23,O65192,U205,P115,2026-06-04 23:41:06,4,10604.02,3561.94,99.65,6993.75,42416.08,38854.14,Credit Card,Completed
72e8cd21-4747-456a-bffd-d6498ce448d1,2026_W23,O65193,U27818,P193,2026-06-05 13:42:17,4,9271.8,2552.18,79.48,6216.3,37087.2,34535.02,Wallet,Completed
72e8cd21-4747-456a-bffd-d6498ce448d1,2026_W23,O65194,U5620,P60,2026-06-04 19:59:50,4,7906.19,3627.18,173.16,5039.56,31624.76,27997.58,Debit Card,Completed
72e8cd21-4747-456a-bffd-d6498ce448d1,2026_W23,O65195,U33392,P121,2026-06-04 17:09:46,4,3168.81,391.16,139.47,2211.13,12675.24,12284.08,UPI,Completed
72e8cd21-4747-456a-bffd-d6498ce448d1,2026_W23,O65196,U25759,P138,2026-06-04 05:28:02,4,6989.52,1071.74,164.72,4839.54,27958.08,26886.34,Wallet,Completed
72e8cd21-4747-456a-bffd-d6498ce448d1,2026_W23,O65197,U23441,P58,2026-06-02 09:23:09,1,3367.03,187.74,63.81,572.27,3367.03,3179.29,UPI,Completed
72e8cd21-4747-456a-bffd-d6498ce448d1,2026_W23,O65198,U4648,P42,2026-06-02 22:57:55,4,7209.49,3074.56,143.99,4637.41,28837.96,25763.4,Debit Card,Completed
72e8cd21-4747-456a-bffd-d6498ce448d1,2026_W23,O65199,U9614,P65,2026-06-05 15:47:34,3,9814.57,1453.62,161.38,5038.22,29443.71,27990.09,Credit Card,Completed
72e8cd21-4747-456a-bffd-d6498ce448d1,2026_W23,O65200,U33719,P133,2026-06-06 09:59:41,3,9654.47,785.79,106.09,5071.97,28963.41,28177.619999999995,Credit Card,Completed
72e8cd21-4747-456a-bffd-d6498ce448d1,2026_W23,O65201,U17424,P37,2026-06-03 10:19:58,1,5843.49,527.63,76.3,956.85,5843.49,5315.86,UPI,Completed
72e8cd21-4747-456a-bffd-d6498ce448d1,2026_W23,O65202,U29800,P49,2026-06-03 23:53:18,1,4491.12,516.86,174.35,715.37,4491.12,3974.26,UPI,Completed
72e8cd21-4747-456a-bffd-d6498ce448d1,2026_W23,O65203,U19193,P128,2026-06-05 16:05:51,2,8967.81,1548.76,84.31,2949.63,17935.62,16386.86,Debit Card,Completed
72e8cd21-4747-456a-bffd-d6498ce448d1,2026_W23,O65204,U12748,P64,2026-06-03 11:50:04,3,5229.45,546.19,79.56,2725.59,15688.35,15142.159999999998,Credit Card,Completed
72e8cd21-4747-456a-bffd-d6498ce448d1,2026_W23,O65205,U17167,P138,2026-06-04 08:26:16,3,6989.52,2619.78,199.08,3302.78,20968.56,18348.78,Debit Card,Completed
72e8cd21-4747-456a-bffd-d6498ce448d1,2026_W23,O65206,U30933,P46,2026-06-06 19:16:19,1,4606.02,549.85,120.81,730.11,4606.02,4056.170000000001,Credit Card,Completed
72e8cd21-4747-456a-bffd-d6498ce448d1,2026_W23,O65207,U13653,P98,2026-06-04 04:43:41,4,9747.59,4122.93,95.91,6276.14,38990.36,34867.43,Credit Card,Completed
72e8cd21-4747-456a-bffd-d6498ce448d1,2026_W23,O65208,U8659,P188,2026-06-04 16:15:56,2,3474.24,41.26,135.61,1243.3,6948.48,6907.219999999999,UPI,Completed
72e8cd21-4747-456a-bffd-d6498ce448d1,2026_W23,O65209,U16665,P95,2026-06-02 05:36:02,1,8832.47,660.7,179.07,1470.92,8832.47,8171.769999999999,Credit Card,Completed
72e8cd21-4747-456a-bffd-d6498ce448d1,2026_W23,O65210,U29228,P99,2026-06-06 09:19:23,2,5923.25,809.88,125.62,1986.59,11846.5,11036.62,UPI,Completed
72e8cd21-4747-456a-bffd-d6498ce448d1,2026_W23,O65211,U15389,P106,2026-06-06 13:07:34,1,4353.6,246.66,131.52,739.25,4353.6,4106.9400000000005,Wallet,Completed
72e8cd21-4747-456a-bffd-d6498ce448d1,2026_W23,O65212,U22022,P197,2026-06-07 16:13:39,3,1602.39,390.31,193.15,795.03,4807.17,4416.86,Debit Card,Completed
72e8cd21-4747-456a-bffd-d6498ce448d1,2026_W23,O65213,U12899,P135,2026-06-05 21:16:13,1,4974.87,447.69,57.52,814.89,4974.87,4527.18,UPI,Completed
72e8cd21-4747-456a-bffd-d6498ce448d1,2026_W23,O65214,U32692,P109,2026-06-05 05:49:42,2,5905.39,110.11,121.4,2106.12,11810.78,11700.67,UPI,Completed
72e8cd21-4747-456a-bffd-d6498ce448d1,2026_W23,O65215,U27964,P107,2026-06-06 21:22:47,3,5037.89,619.03,53.39,2609.04,15113.670000000002,14494.64,Wallet,Completed
72e8cd21-4747-456a-bffd-d6498ce448d1,2026_W23,O65216,U4395,P179,2026-06-05 05:31:38,4,6023.34,2116.74,67.88,3955.79,24093.36,21976.620000000003,Credit Card,Completed
72e8cd21-4747-456a-bffd-d6498ce448d1,2026_W23,O65217,U10939,P172,2026-06-02 15:40:50,3,1445.78,389.14,97.53,710.68,4337.34,3948.2,Credit Card,Completed
72e8cd21-4747-456a-bffd-d6498ce448d1,2026_W23,O65218,U13979,P96,2026-06-07 00:30:38,2,6736.46,851.19,89.79,2271.91,13472.92,12621.73,UPI,Completed
72e8cd21-4747-456a-bffd-d6498ce448d1,2026_W23,O65219,U23524,P62,2026-06-04 06:26:03,1,10625.67,982.84,185.22,1735.71,10625.67,9642.83,Debit Card,Completed
72e8cd21-4747-456a-bffd-d6498ce448d1,2026_W23,O65220,U17018,P154,2026-06-06 22:03:17,2,7488.16,362.09,155.35,2630.56,14976.32,14614.23,UPI,Completed
72e8cd21-4747-456a-bffd-d6498ce448d1,2026_W23,O65221,U5956,P178,2026-06-07 05:18:03,2,7201.61,474.85,131.92,2507.11,14403.22,13928.37,Credit Card,Completed
72e8cd21-4747-456a-bffd-d6498ce448d1,2026_W23,O65222,U16127,P74,2026-06-02 12:42:30,3,4407.74,1026.39,152.07,2195.43,13223.22,12196.83,UPI,Completed
72e8cd21-4747-456a-bffd-d6498ce448d1,2026_W23,O65223,U2043,P117,2026-06-02 14:37:00,2,9615.7,2464.32,100.39,3018.07,19231.4,16767.08,Credit Card,Completed
72e8cd21-4747-456a-bffd-d6498ce448d1,2026_W23,O65224,U5200,P198,2026-06-07 08:53:08,1,7893.47,1178.24,111.5,1208.74,7893.47,6715.2300000000005,Debit Card,Completed
72e8cd21-4747-456a-bffd-d6498ce448d1,2026_W23,O65225,U8204,P127,2026-06-06 08:24:44,2,7703.2,2255.52,197.12,2367.16,15406.4,13150.88,Wallet,Completed
72e8cd21-4747-456a-bffd-d6498ce448d1,2026_W23,O65226,U19112,P51,2026-06-06 04:45:02,4,5156.58,1174.61,144.65,3501.31,20626.32,19451.71,UPI,Completed
72e8cd21-4747-456a-bffd-d6498ce448d1,2026_W23,O65227,U15500,P119,2026-06-04 19:05:57,3,2931.16,792.59,57.89,1440.16,8793.48,8000.889999999999,Wallet,Completed
72e8cd21-4747-456a-bffd-d6498ce448d1,2026_W23,O65228,U20275,P19,2026-06-06 00:18:10,2,10412.16,1001.73,55.67,3568.07,20824.32,19822.59,Credit Card,Completed
72e8cd21-4747-456a-bffd-d6498ce448d1,2026_W23,O65229,U7764,P47,2026-06-06 07:53:39,2,8854.8,2281.34,68.43,2777.09,17709.6,15428.259999999998,Wallet,Completed
72e8cd21-4747-456a-bffd-d6498ce448d1,2026_W23,O65230,U30520,P40,2026-06-07 03:01:38,3,5653.56,1046.32,89.97,2864.58,16960.68,15914.36,Credit Card,Completed
72e8cd21-4747-456a-bffd-d6498ce448d1,2026_W23,O65231,U29995,P150,2026-06-06 06:50:24,1,7237.54,927.6,163.1,1135.79,7237.54,6309.94,Credit Card,Completed
72e8cd21-4747-456a-bffd-d6498ce448d1,2026_W23,O65232,U17394,P188,2026-06-04 19:03:21,2,3474.24,862.71,53.26,1095.44,6948.48,6085.77,Wallet,Completed
72e8cd21-4747-456a-bffd-d6498ce448d1,2026_W23,O65233,U8506,P142,2026-06-06 19:26:14,3,5009.2,1616.31,79.93,2414.03,15027.6,13411.29,UPI,Completed
72e8cd21-4747-456a-bffd-d6498ce448d1,2026_W23,O65234,U9734,P11,2026-06-05 13:55:56,4,4777.26,896.64,53.62,3278.23,19109.04,18212.4,Wallet,Completed
72e8cd21-4747-456a-bffd-d6498ce448d1,2026_W23,O65235,U19535,P143,2026-06-06 10:36:56,4,1686.4,384.96,135.6,1144.92,6745.6,6360.64,Wallet,Completed
72e8cd21-4747-456a-bffd-d6498ce448d1,2026_W23,O65236,U7912,P122,2026-06-06 11:39:52,4,7123.24,3597.54,137.49,4481.18,28492.96,24895.42,Debit Card,Completed
72e8cd21-4747-456a-bffd-d6498ce448d1,2026_W23,O65237,U15824,P171,2026-06-03 21:39:43,2,3668.91,941.88,150.45,1151.27,7337.82,6395.94,UPI,Completed
72e8cd21-4747-456a-bffd-d6498ce448d1,2026_W23,O65238,U24424,P118,2026-06-04 22:16:40,3,1413.19,527.54,121.77,668.17,4239.57,3712.03,Credit Card,Completed
72e8cd21-4747-456a-bffd-d6498ce448d1,2026_W23,O65239,U16491,P41,2026-06-07 08:09:49,4,11748.5,6078.91,124.14,7364.72,46994.0,40915.09,UPI,Completed
72e8cd21-4747-456a-bffd-d6498ce448d1,2026_W23,O65240,U10860,P13,2026-06-04 14:21:51,3,7537.32,3080.05,172.68,3515.74,22611.96,19531.91,Credit Card,Completed
72e8cd21-4747-456a-bffd-d6498ce448d1,2026_W23,O65241,U15230,P129,2026-06-04 20:01:48,2,4560.09,298.01,118.59,1587.99,9120.18,8822.17,Debit Card,Completed
72e8cd21-4747-456a-bffd-d6498ce448d1,2026_W23,O65242,U9161,P39,2026-06-06 00:29:47,4,7544.04,214.52,142.77,5393.1,30176.16,29961.64,Debit Card,Completed
72e8cd21-4747-456a-bffd-d6498ce448d1,2026_W23,O65243,U3512,P63,2026-06-07 13:10:50,1,11400.74,340.01,95.25,1990.93,11400.74,11060.73,Debit Card,Completed
72e8cd21-4747-456a-bffd-d6498ce448d1,2026_W23,O65244,U9041,P143,2026-06-04 09:32:23,4,1686.4,85.7,64.63,1198.78,6745.6,6659.900000000001,Credit Card,Completed
72e8cd21-4747-456a-bffd-d6498ce448d1,2026_W23,O65245,U34120,P164,2026-06-05 07:07:05,2,7788.37,535.14,88.2,2707.49,15576.74,15041.6,Wallet,Completed
72e8cd21-4747-456a-bffd-d6498ce448d1,2026_W23,O65246,U6481,P175,2026-06-03 15:36:38,2,6623.37,1610.11,120.75,2094.59,13246.74,11636.63,UPI,Completed
72e8cd21-4747-456a-bffd-d6498ce448d1,2026_W23,O65247,U18789,P189,2026-06-04 00:06:28,3,3755.21,705.38,71.06,1900.85,11265.63,10560.250000000002,Credit Card,Completed
72e8cd21-4747-456a-bffd-d6498ce448d1,2026_W23,O65248,U6808,P157,2026-06-02 18:35:42,1,6948.33,569.21,64.61,1148.24,6948.33,6379.12,Debit Card,Completed
72e8cd21-4747-456a-bffd-d6498ce448d1,2026_W23,O65249,U5944,P142,2026-06-03 04:25:19,3,5009.2,1774.85,64.89,2385.49,15027.6,13252.749999999998,Credit Card,Completed
72e8cd21-4747-456a-bffd-d6498ce448d1,2026_W23,O65250,U33179,P10,2026-06-06 01:43:43,4,6265.23,3517.62,90.81,3877.79,25060.92,21543.3,Credit Card,Completed
72e8cd21-4747-456a-bffd-d6498ce448d1,2026_W23,O65251,U23097,P129,2026-06-02 07:50:54,2,4560.09,385.15,63.38,1572.31,9120.18,8735.03,Debit Card,Completed
72e8cd21-4747-456a-bffd-d6498ce448d1,2026_W23,O65252,U25410,P56,2026-06-01 21:01:03,4,9007.41,3883.8,115.61,5786.25,36029.64,32145.84,UPI,Completed
72e8cd21-4747-456a-bffd-d6498ce448d1,2026_W23,O65253,U33800,P20,2026-06-04 13:05:15,2,2140.8,214.87,101.86,732.01,4281.6,4066.730000000001,Wallet,Completed
72e8cd21-4747-456a-bffd-d6498ce448d1,2026_W23,O65254,U29634,P148,2026-06-06 15:38:45,1,3184.27,42.76,161.28,565.47,3184.27,3141.51,UPI,Completed
72e8cd21-4747-456a-bffd-d6498ce448d1,2026_W23,O65255,U10983,P104,2026-06-03 19:10:38,3,5590.84,2238.37,109.12,2616.15,16772.52,14534.15,UPI,Completed
72e8cd21-4747-456a-bffd-d6498ce448d1,2026_W23,O65256,U26435,P15,2026-06-03 22:35:24,2,1828.72,378.93,162.82,590.13,3657.44,3278.51,Debit Card,Completed
72e8cd21-4747-456a-bffd-d6498ce448d1,2026_W23,O65257,U30622,P191,2026-06-02 17:57:29,3,6168.41,1057.91,152.58,3140.52,18505.23,17447.32,UPI,Completed
72e8cd21-4747-456a-bffd-d6498ce448d1,2026_W23,O65258,U18965,P161,2026-06-05 12:34:26,1,6131.78,650.18,121.67,986.69,6131.78,5481.599999999999,Wallet,Completed
72e8cd21-4747-456a-bffd-d6498ce448d1,2026_W23,O65259,U2600,P136,2026-06-07 06:41:28,2,2987.05,766.55,76.66,937.36,5974.1,5207.55,Wallet,Completed
72e8cd21-4747-456a-bffd-d6498ce448d1,2026_W23,O65260,U24715,P197,2026-06-03 16:42:04,1,1602.39,100.19,173.9,270.4,1602.39,1502.2,Debit Card,Completed
72e8cd21-4747-456a-bffd-d6498ce448d1,2026_W23,O65261,U21559,P14,2026-06-06 08:12:15,1,7736.91,1105.24,185.16,1193.7,7736.91,6631.67,Credit Card,Completed
72e8cd21-4747-456a-bffd-d6498ce448d1,2026_W23,O65262,U15521,P8,2026-06-04 13:47:50,4,6662.34,1024.02,75.64,4612.56,26649.36,25625.34,Wallet,Completed
72e8cd21-4747-456a-bffd-d6498ce448d1,2026_W23,O65263,U32969,P63,2026-06-06 04:57:08,3,11400.74,265.0,180.38,6108.7,34202.22,33937.22,Credit Card,Completed
72e8cd21-4747-456a-bffd-d6498ce448d1,2026_W23,O65264,U17060,P15,2026-06-02 22:25:19,2,1828.72,201.8,126.09,622.02,3657.44,3455.64,Debit Card,Completed
72e8cd21-4747-456a-bffd-d6498ce448d1,2026_W23,O65265,U14433,P190,2026-06-04 15:46:03,2,7773.11,1801.66,112.83,2474.02,15546.22,13744.56,Wallet,Completed
72e8cd21-4747-456a-bffd-d6498ce448d1,2026_W23,O65266,U34530,P112,2026-06-04 12:23:40,1,7986.57,525.87,145.59,1342.93,7986.57,7460.7,Credit Card,Completed
72e8cd21-4747-456a-bffd-d6498ce448d1,2026_W23,O65267,U31729,P116,2026-06-03 00:30:13,3,6311.89,1973.98,181.32,3053.1,18935.67,16961.690000000002,UPI,Completed
72e8cd21-4747-456a-bffd-d6498ce448d1,2026_W23,O65268,U11294,P53,2026-06-03 22:36:38,4,5679.25,1210.86,67.53,3871.11,22717.0,21506.14,Debit Card,Completed
72e8cd21-4747-456a-bffd-d6498ce448d1,2026_W23,O65269,U32232,P69,2026-06-06 13:45:31,4,2752.73,839.27,75.93,1830.9,11010.92,10171.65,Wallet,Completed
72e8cd21-4747-456a-bffd-d6498ce448d1,2026_W23,O65270,U25695,P122,2026-06-05 08:57:56,1,7123.24,731.53,154.56,1150.51,7123.24,6391.71,Credit Card,Completed
72e8cd21-4747-456a-bffd-d6498ce448d1,2026_W23,O65271,U11123,P174,2026-06-03 09:37:54,1,8540.78,76.55,189.45,1523.56,8540.78,8464.230000000001,UPI,Completed
72e8cd21-4747-456a-bffd-d6498ce448d1,2026_W23,O65272,U12857,P101,2026-06-02 07:59:55,1,10959.44,1051.37,103.08,1783.45,10959.44,9908.07,UPI,Completed
72e8cd21-4747-456a-bffd-d6498ce448d1,2026_W23,O65273,U32968,P82,2026-06-04 16:29:03,3,4676.03,72.29,164.15,2512.04,14028.09,13955.8,Credit Card,Completed
72e8cd21-4747-456a-bffd-d6498ce448d1,2026_W23,O65274,U21802,P153,2026-06-01 22:04:38,3,3236.07,1101.84,70.55,1549.15,9708.21,8606.37,Debit Card,Completed
72e8cd21-4747-456a-bffd-d6498ce448d1,2026_W23,O65275,U34136,P78,2026-06-05 22:59:29,1,3006.64,23.43,127.67,536.98,3006.64,2983.21,Wallet,Completed
72e8cd21-4747-456a-bffd-d6498ce448d1,2026_W23,O65276,U2139,P93,2026-06-07 02:47:13,1,7912.93,401.56,146.62,1352.05,7912.93,7511.37,Debit Card,Completed
72e8cd21-4747-456a-bffd-d6498ce448d1,2026_W23,O65277,U8732,P19,2026-06-03 15:05:57,1,10412.16,1269.87,144.67,1645.61,10412.16,9142.29,Debit Card,Completed
72e8cd21-4747-456a-bffd-d6498ce448d1,2026_W23,O65278,U4133,P65,2026-06-03 17:13:14,3,9814.57,1636.59,59.23,5005.28,29443.71,27807.12,Credit Card,Completed
72e8cd21-4747-456a-bffd-d6498ce448d1,2026_W23,O65279,U128,P95,2026-06-03 22:11:58,2,8832.47,129.53,130.26,3156.37,17664.94,17535.41,Wallet,Completed
72e8cd21-4747-456a-bffd-d6498ce448d1,2026_W23,O65280,U11868,P183,2026-06-07 00:45:03,2,5821.34,1333.67,162.56,1855.62,11642.68,10309.01,Debit Card,Completed
72e8cd21-4747-456a-bffd-d6498ce448d1,2026_W23,O65281,U17712,P67,2026-06-04 03:21:07,2,6380.8,1563.95,169.88,2015.58,12761.6,11197.65,Wallet,Completed
72e8cd21-4747-456a-bffd-d6498ce448d1,2026_W23,O65282,U27237,P126,2026-06-07 14:19:46,1,7115.51,203.03,140.03,1244.25,7115.51,6912.4800000000005,Credit Card,Completed
72e8cd21-4747-456a-bffd-d6498ce448d1,2026_W23,O65283,U7329,P62,2026-06-03 11:20:56,1,10625.67,892.38,79.97,1751.99,10625.67,9733.29,UPI,Completed
72e8cd21-4747-456a-bffd-d6498ce448d1,2026_W23,O65284,U26364,P77,2026-06-06 16:37:28,4,2460.76,174.14,118.82,1740.4,9843.04,9668.9,UPI,Completed
72e8cd21-4747-456a-bffd-d6498ce448d1,2026_W23,O65285,U9876,P16,2026-06-06 01:35:41,1,9334.87,642.77,193.96,1564.58,9334.87,8692.1,UPI,Completed
72e8cd21-4747-456a-bffd-d6498ce448d1,2026_W23,O65286,U15521,P1,2026-06-06 23:34:07,1,8422.98,62.67,90.78,1504.86,8422.98,8360.31,UPI,Completed
72e8cd21-4747-456a-bffd-d6498ce448d1,2026_W23,O65287,U8905,P1,2026-06-07 12:02:55,3,8422.98,823.33,105.91,4400.21,25268.94,24445.61,Wallet,Completed
72e8cd21-4747-456a-bffd-d6498ce448d1,2026_W23,O65288,U26279,P123,2026-06-06 17:56:03,4,7379.51,433.59,70.83,5235.2,29518.04,29084.45,UPI,Completed
72e8cd21-4747-456a-bffd-d6498ce448d1,2026_W23,O65289,U3764,P189,2026-06-05 21:48:05,2,3755.21,728.86,155.53,1220.68,7510.42,6781.56,Credit Card,Completed
72e8cd21-4747-456a-bffd-d6498ce448d1,2026_W23,O65290,U15203,P104,2026-06-07 20:00:28,2,5590.84,603.59,182.81,1904.06,11181.68,10578.09,UPI,Completed
72e8cd21-4747-456a-bffd-d6498ce448d1,2026_W23,O65291,U22455,P44,2026-06-04 21:25:23,1,3831.53,291.03,101.78,637.29,3831.53,3540.5,Wallet,Completed
72e8cd21-4747-456a-bffd-d6498ce448d1,2026_W23,O65292,U15261,P143,2026-06-02 06:12:32,4,1686.4,224.05,84.1,1173.88,6745.6,6521.55,Wallet,Completed
72e8cd21-4747-456a-bffd-d6498ce448d1,2026_W23,O65293,U16650,P140,2026-06-05 16:22:08,4,4036.99,2006.2,164.72,2545.52,16147.96,14141.759999999998,Debit Card,Completed
72e8cd21-4747-456a-bffd-d6498ce448d1,2026_W23,O65294,U30933,P75,2026-06-07 08:59:30,1,8927.29,175.62,156.89,1575.3,8927.29,8751.67,Debit Card,Completed
72e8cd21-4747-456a-bffd-d6498ce448d1,2026_W23,O65295,U19788,P101,2026-06-06 01:49:33,2,10959.44,2738.9,115.87,3452.4,21918.88,19179.98,Debit Card,Completed
72e8cd21-4747-456a-bffd-d6498ce448d1,2026_W23,O65296,U282,P165,2026-06-02 03:00:59,1,2657.45,294.22,94.95,425.38,2657.45,2363.23,UPI,Completed
72e8cd21-4747-456a-bffd-d6498ce448d1,2026_W23,O65297,U19862,P173,2026-06-07 11:10:23,2,5411.96,365.42,72.64,1882.53,10823.92,10458.5,Debit Card,Completed
72e8cd21-4747-456a-bffd-d6498ce448d1,2026_W23,O65298,U30886,P80,2026-06-06 04:21:40,1,4942.61,537.04,142.46,793.0,4942.61,4405.57,Wallet,Completed
72e8cd21-4747-456a-bffd-d6498ce448d1,2026_W23,O65299,U1739,P121,2026-06-07 04:16:06,4,3168.81,579.61,141.65,2177.21,12675.24,12095.63,Credit Card,Completed
72e8cd21-4747-456a-bffd-d6498ce448d1,2026_W23,O65300,U31491,P175,2026-06-02 01:51:08,1,6623.37,688.86,187.68,1068.21,6623.37,5934.51,Credit Card,Completed
72e8cd21-4747-456a-bffd-d6498ce448d1,2026_W23,O65301,U8112,P66,2026-06-04 13:46:39,1,5068.12,56.09,167.85,902.17,5068.12,5012.03,Debit Card,Completed
72e8cd21-4747-456a-bffd-d6498ce448d1,2026_W23,O65302,U17167,P43,2026-06-04 03:35:09,1,2660.01,213.35,150.62,440.4,2660.01,2446.6600000000003,Wallet,Completed
72e8cd21-4747-456a-bffd-d6498ce448d1,2026_W23,O65303,U12245,P26,2026-06-06 21:19:08,3,6921.53,1740.51,97.76,3424.33,20764.59,19024.08,Debit Card,Completed
72e8cd21-4747-456a-bffd-d6498ce448d1,2026_W23,O65304,U21861,P35,2026-06-06 19:00:21,3,2889.44,965.86,128.81,1386.44,8668.32,7702.46,Credit Card,Completed
72e8cd21-4747-456a-bffd-d6498ce448d1,2026_W23,O65305,U1763,P9,2026-06-05 07:52:48,2,6463.86,1808.4,61.5,2001.48,12927.72,11119.32,Wallet,Completed
72e8cd21-4747-456a-bffd-d6498ce448d1,2026_W23,O65306,U29264,P74,2026-06-02 23:54:58,2,4407.74,952.35,127.05,1415.36,8815.48,7863.129999999999,UPI,Completed
72e8cd21-4747-456a-bffd-d6498ce448d1,2026_W23,O65307,U26498,P180,2026-06-04 02:50:23,1,6330.21,856.09,189.59,985.34,6330.21,5474.12,Credit Card,Completed
72e8cd21-4747-456a-bffd-d6498ce448d1,2026_W23,O65308,U12748,P90,2026-06-05 19:43:28,3,10379.64,826.01,122.22,5456.32,31138.92,30312.91,Debit Card,Completed
72e8cd21-4747-456a-bffd-d6498ce448d1,2026_W23,O65309,U3387,P57,2026-06-06 17:02:20,3,8106.78,1682.79,121.64,4074.76,24320.34,22637.55,UPI,Completed
72e8cd21-4747-456a-bffd-d6498ce448d1,2026_W23,O65310,U8097,P197,2026-06-06 16:46:15,4,1602.39,112.56,150.59,1133.46,6409.56,6297.0,UPI,Completed
72e8cd21-4747-456a-bffd-d6498ce448d1,2026_W23,O65311,U4067,P164,2026-06-07 04:49:04,3,7788.37,64.44,119.46,4194.12,23365.11,23300.67,Debit Card,Completed
72e8cd21-4747-456a-bffd-d6498ce448d1,2026_W23,O65312,U18226,P196,2026-06-04 09:23:06,2,9246.31,264.4,92.2,3281.08,18492.62,18228.22,UPI,Completed
72e8cd21-4747-456a-bffd-d6498ce448d1,2026_W23,O65313,U27038,P171,2026-06-02 16:33:45,3,3668.91,899.14,143.08,1819.37,11006.73,10107.59,Debit Card,Completed
72e8cd21-4747-456a-bffd-d6498ce448d1,2026_W23,O65314,U14293,P80,2026-06-07 15:07:47,4,4942.61,773.77,168.81,3419.4,19770.44,18996.67,Wallet,Completed
72e8cd21-4747-456a-bffd-d6498ce448d1,2026_W23,O65315,U13579,P86,2026-06-07 12:38:59,4,5552.06,2999.74,179.86,3457.53,22208.24,19208.5,Credit Card,Completed
72e8cd21-4747-456a-bffd-d6498ce448d1,2026_W23,O65316,U23473,P73,2026-06-03 07:00:20,3,2860.52,114.35,124.4,1524.1,8581.56,8467.21,Wallet,Completed
72e8cd21-4747-456a-bffd-d6498ce448d1,2026_W23,O65317,U17444,P172,2026-06-02 05:50:04,3,1445.78,117.37,110.91,759.59,4337.34,4219.97,Debit Card,Completed
72e8cd21-4747-456a-bffd-d6498ce448d1,2026_W23,O65318,U4406,P101,2026-06-02 02:27:23,4,10959.44,6568.97,195.8,6708.38,43837.76,37268.79,Credit Card,Completed
72e8cd21-4747-456a-bffd-d6498ce448d1,2026_W23,O65319,U12743,P171,2026-06-02 21:13:49,3,3668.91,579.23,83.28,1876.95,11006.73,10427.5,Debit Card,Completed
72e8cd21-4747-456a-bffd-d6498ce448d1,2026_W23,O65320,U3736,P19,2026-06-02 01:00:59,3,10412.16,1513.94,101.58,5350.06,31236.48,29722.54,Wallet,Completed
72e8cd21-4747-456a-bffd-d6498ce448d1,2026_W23,O65321,U23002,P103,2026-06-07 02:18:08,3,4922.25,1574.36,199.58,2374.63,14766.75,13192.39,Wallet,Completed
72e8cd21-4747-456a-bffd-d6498ce448d1,2026_W23,O65322,U24916,P82,2026-06-02 20:31:38,2,4676.03,535.1,68.72,1587.05,9352.06,8816.96,UPI,Completed
72e8cd21-4747-456a-bffd-d6498ce448d1,2026_W23,O65323,U33533,P80,2026-06-05 00:07:42,4,4942.61,799.75,101.76,3414.72,19770.44,18970.69,Debit Card,Completed
72e8cd21-4747-456a-bffd-d6498ce448d1,2026_W23,O65324,U30539,P68,2026-06-04 15:55:13,4,4648.44,35.96,156.43,3340.4,18593.76,18557.8,Credit Card,Completed
72e8cd21-4747-456a-bffd-d6498ce448d1,2026_W23,O65325,U25999,P13,2026-06-05 13:35:38,1,7537.32,10.45,157.27,1354.84,7537.32,7526.87,Wallet,Completed
72e8cd21-4747-456a-bffd-d6498ce448d1,2026_W23,O65326,U7472,P92,2026-06-03 23:56:22,2,2278.27,628.26,72.63,707.09,4556.54,3928.28,UPI,Completed
72e8cd21-4747-456a-bffd-d6498ce448d1,2026_W23,O65327,U7516,P112,2026-06-05 08:55:05,1,7986.57,947.1,183.66,1267.1,7986.57,7039.469999999999,Credit Card,Completed
72e8cd21-4747-456a-bffd-d6498ce448d1,2026_W23,O65328,U31624,P195,2026-06-03 14:35:31,1,9936.45,362.21,53.16,1723.36,9936.45,9574.240000000002,Credit Card,Completed
72e8cd21-4747-456a-bffd-d6498ce448d1,2026_W23,O65329,U2541,P161,2026-06-07 19:25:34,2,6131.78,1454.14,99.76,1945.7,12263.56,10809.42,UPI,Completed
72e8cd21-4747-456a-bffd-d6498ce448d1,2026_W23,O65330,U24072,P19,2026-06-05 23:43:39,4,10412.16,3748.43,143.93,6822.04,41648.64,37900.21,UPI,Completed
72e8cd21-4747-456a-bffd-d6498ce448d1,2026_W23,O65331,U3177,P165,2026-06-06 10:20:35,2,2657.45,748.03,169.37,822.04,5314.9,4566.87,Credit Card,Completed
72e8cd21-4747-456a-bffd-d6498ce448d1,2026_W23,O65332,U3018,P13,2026-06-07 18:15:37,2,7537.32,1001.32,127.42,2533.2,15074.64,14073.32,Wallet,Completed
72e8cd21-4747-456a-bffd-d6498ce448d1,2026_W23,O65333,U22517,P140,2026-06-02 15:25:01,1,4036.99,460.05,59.55,643.85,4036.99,3576.94,Credit Card,Completed
72e8cd21-4747-456a-bffd-d6498ce448d1,2026_W23,O65334,U13979,P119,2026-06-06 03:11:10,4,2931.16,523.55,116.62,2016.2,11724.64,11201.09,Wallet,Completed
72e8cd21-4747-456a-bffd-d6498ce448d1,2026_W23,O65335,U14179,P176,2026-06-06 07:12:43,1,8451.7,704.26,165.45,1394.54,8451.7,7747.44,Debit Card,Completed
72e8cd21-4747-456a-bffd-d6498ce448d1,2026_W23,O65336,U13168,P157,2026-06-02 07:35:29,3,6948.33,3070.08,53.74,3199.48,20844.99,17774.909999999996,Credit Card,Completed
72e8cd21-4747-456a-bffd-d6498ce448d1,2026_W23,O65337,U4206,P140,2026-06-07 19:55:50,4,4036.99,217.07,124.46,2867.56,16147.96,15930.89,Credit Card,Completed
72e8cd21-4747-456a-bffd-d6498ce448d1,2026_W23,O65338,U22079,P178,2026-06-03 17:01:45,2,7201.61,1191.94,79.13,2378.03,14403.22,13211.28,Debit Card,Completed
72e8cd21-4747-456a-bffd-d6498ce448d1,2026_W23,O65339,U7103,P9,2026-06-05 23:41:07,3,6463.86,1874.56,118.65,3153.06,19391.58,17517.019999999997,Credit Card,Completed
72e8cd21-4747-456a-bffd-d6498ce448d1,2026_W23,O65340,U2639,P141,2026-06-06 06:51:51,2,3712.37,618.03,69.36,1225.21,7424.74,6806.71,Credit Card,Completed
72e8cd21-4747-456a-bffd-d6498ce448d1,2026_W23,O65341,U21827,P48,2026-06-03 11:22:07,4,4680.1,1814.55,121.51,3043.05,18720.4,16905.850000000002,UPI,Completed
72e8cd21-4747-456a-bffd-d6498ce448d1,2026_W23,O65342,U20823,P65,2026-06-02 02:50:49,4,9814.57,24.37,184.47,7062.1,39258.28,39233.91,Debit Card,Completed
72e8cd21-4747-456a-bffd-d6498ce448d1,2026_W23,O65343,U17565,P60,2026-06-06 21:32:23,1,7906.19,768.87,147.16,1284.72,7906.19,7137.32,Debit Card,Completed
72e8cd21-4747-456a-bffd-d6498ce448d1,2026_W23,O65344,U22280,P82,2026-06-05 04:13:15,3,4676.03,1229.81,152.14,2303.69,14028.09,12798.28,Credit Card,Completed
72e8cd21-4747-456a-bffd-d6498ce448d1,2026_W23,O65345,U34361,P121,2026-06-02 04:31:21,2,3168.81,139.85,146.18,1115.6,6337.62,6197.77,Wallet,Completed
72e8cd21-4747-456a-bffd-d6498ce448d1,2026_W23,O65346,U17770,P64,2026-06-07 02:18:00,2,5229.45,178.43,77.71,1850.48,10458.9,10280.47,Wallet,Completed
72e8cd21-4747-456a-bffd-d6498ce448d1,2026_W23,O65347,U21163,P176,2026-06-03 02:45:45,4,8451.7,3734.13,111.27,5413.08,33806.8,30072.67,Debit Card,Completed
72e8cd21-4747-456a-bffd-d6498ce448d1,2026_W23,O65348,U694,P143,2026-06-02 09:45:41,2,1686.4,453.89,100.07,525.4,3372.8,2918.9100000000003,Credit Card,Completed
72e8cd21-4747-456a-bffd-d6498ce448d1,2026_W23,O65349,U16588,P194,2026-06-03 11:58:16,4,7139.77,1241.48,104.91,4917.17,28559.08,27317.6,Debit Card,Completed
72e8cd21-4747-456a-bffd-d6498ce448d1,2026_W23,O65350,U13313,P103,2026-06-05 04:52:18,1,4922.25,704.4,88.74,759.21,4922.25,4217.85,Debit Card,Completed
72e8cd21-4747-456a-bffd-d6498ce448d1,2026_W23,O65351,U9830,P82,2026-06-02 20:20:52,1,4676.03,452.13,146.53,760.3,4676.03,4223.9,Credit Card,Completed
72e8cd21-4747-456a-bffd-d6498ce448d1,2026_W23,O65352,U29854,P42,2026-06-07 08:34:29,4,7209.49,1436.73,105.06,4932.22,28837.96,27401.23,UPI,Completed
72e8cd21-4747-456a-bffd-d6498ce448d1,2026_W23,O65353,U12919,P56,2026-06-05 08:30:38,4,9007.41,2449.19,83.48,6044.48,36029.64,33580.45,Wallet,Completed
72e8cd21-4747-456a-bffd-d6498ce448d1,2026_W23,O65354,U4430,P31,2026-06-05 19:35:08,2,2922.48,779.37,71.62,911.81,5844.96,5065.59,Debit Card,Completed
72e8cd21-4747-456a-bffd-d6498ce448d1,2026_W23,O65355,U1212,P63,2026-06-01 20:56:54,4,11400.74,3298.78,164.35,7614.75,45602.96,42304.18,Wallet,Completed
72e8cd21-4747-456a-bffd-d6498ce448d1,2026_W23,O65356,U24623,P124,2026-06-03 06:03:23,3,3516.67,323.2,127.9,1840.83,10550.01,10226.81,Credit Card,Completed
72e8cd21-4747-456a-bffd-d6498ce448d1,2026_W23,O65357,U160,P121,2026-06-07 10:03:44,4,3168.81,1140.08,74.33,2076.33,12675.24,11535.16,Credit Card,Completed
72e8cd21-4747-456a-bffd-d6498ce448d1,2026_W23,O65358,U23385,P58,2026-06-06 00:49:32,3,3367.03,483.72,128.95,1731.13,10101.09,9617.37,Credit Card,Completed
72e8cd21-4747-456a-bffd-d6498ce448d1,2026_W23,O65359,U21214,P189,2026-06-06 19:53:21,4,3755.21,1562.92,148.67,2422.43,15020.84,13457.92,UPI,Completed
72e8cd21-4747-456a-bffd-d6498ce448d1,2026_W23,O65360,U29616,P157,2026-06-03 10:10:07,3,6948.33,35.69,116.42,3745.67,20844.99,20809.3,UPI,Completed
72e8cd21-4747-456a-bffd-d6498ce448d1,2026_W23,O65361,U2230,P145,2026-06-05 11:14:38,4,7002.35,2567.32,104.91,4579.57,28009.4,25442.08,Credit Card,Completed
72e8cd21-4747-456a-bffd-d6498ce448d1,2026_W23,O65362,U4430,P183,2026-06-02 07:23:06,3,5821.34,2147.3,95.97,2757.01,17464.02,15316.72,UPI,Completed
72e8cd21-4747-456a-bffd-d6498ce448d1,2026_W23,O65363,U18824,P179,2026-06-02 10:36:46,1,6023.34,844.15,159.47,932.25,6023.34,5179.1900000000005,Credit Card,Completed
72e8cd21-4747-456a-bffd-d6498ce448d1,2026_W23,O65364,U19405,P11,2026-06-03 18:54:44,3,4777.26,96.24,177.49,2562.4,14331.78,14235.54,Debit Card,Completed
72e8cd21-4747-456a-bffd-d6498ce448d1,2026_W23,O65365,U24859,P39,2026-06-04 17:01:30,2,7544.04,1471.55,89.08,2450.98,15088.08,13616.53,Credit Card,Completed
72e8cd21-4747-456a-bffd-d6498ce448d1,2026_W23,O65366,U8331,P98,2026-06-06 10:10:36,2,9747.59,2340.97,53.15,3087.76,19495.18,17154.21,Credit Card,Completed
72e8cd21-4747-456a-bffd-d6498ce448d1,2026_W23,O65367,U34974,P194,2026-06-03 23:45:13,2,7139.77,1056.73,160.04,2380.11,14279.54,13222.81,UPI,Completed
72e8cd21-4747-456a-bffd-d6498ce448d1,2026_W23,O65368,U20788,P99,2026-06-03 19:23:08,4,5923.25,292.36,140.37,4212.12,23693.0,23400.64,Wallet,Completed
72e8cd21-4747-456a-bffd-d6498ce448d1,2026_W23,O65369,U34361,P148,2026-06-06 19:44:32,3,3184.27,345.58,192.42,1657.3,9552.81,9207.23,UPI,Completed
72e8cd21-4747-456a-bffd-d6498ce448d1,2026_W23,O65370,U31734,P102,2026-06-03 14:52:49,2,2314.83,603.8,97.79,724.65,4629.66,4025.86,Debit Card,Completed
72e8cd21-4747-456a-bffd-d6498ce448d1,2026_W23,O65371,U8089,P121,2026-06-04 11:36:32,3,3168.81,989.85,156.39,1532.98,9506.43,8516.58,Credit Card,Completed
72e8cd21-4747-456a-bffd-d6498ce448d1,2026_W23,O65372,U24335,P181,2026-06-02 12:52:04,4,6034.6,2969.71,158.69,3810.36,24138.4,21168.69,Credit Card,Completed
72e8cd21-4747-456a-bffd-d6498ce448d1,2026_W23,O65373,U22894,P11,2026-06-07 06:37:55,3,4777.26,363.07,78.98,2514.37,14331.78,13968.71,Debit Card,Completed
72e8cd21-4747-456a-bffd-d6498ce448d1,2026_W23,O65374,U12285,P35,2026-06-04 15:39:30,4,2889.44,1223.92,52.93,1860.09,11557.76,10333.84,Credit Card,Completed
72e8cd21-4747-456a-bffd-d6498ce448d1,2026_W23,O65375,U18343,P10,2026-06-05 19:24:55,1,6265.23,129.77,137.72,1104.38,6265.23,6135.459999999999,Debit Card,Completed
72e8cd21-4747-456a-bffd-d6498ce448d1,2026_W23,O65376,U10022,P101,2026-06-06 15:13:49,1,10959.44,173.5,116.8,1941.47,10959.44,10785.94,Wallet,Completed
72e8cd21-4747-456a-bffd-d6498ce448d1,2026_W23,O65377,U2325,P105,2026-06-05 05:31:03,4,2249.83,397.53,172.37,1548.32,8999.32,8601.789999999999,Credit Card,Completed
72e8cd21-4747-456a-bffd-d6498ce448d1,2026_W23,O65378,U4651,P73,2026-06-02 02:00:40,1,2860.52,207.36,139.61,477.57,2860.52,2653.16,Wallet,Completed
72e8cd21-4747-456a-bffd-d6498ce448d1,2026_W23,O65379,U20260,P79,2026-06-04 14:17:57,3,4029.4,1502.21,143.64,1905.48,12088.2,10585.990000000002,Wallet,Completed
72e8cd21-4747-456a-bffd-d6498ce448d1,2026_W23,O65380,U512,P21,2026-06-03 12:47:21,4,6758.44,1209.8,64.11,4648.31,27033.76,25823.96,UPI,Completed
72e8cd21-4747-456a-bffd-d6498ce448d1,2026_W23,O65381,U20530,P131,2026-06-04 23:33:41,2,2872.68,665.18,171.19,914.43,5745.36,5080.179999999999,Wallet,Completed
72e8cd21-4747-456a-bffd-d6498ce448d1,2026_W23,O65382,U3379,P197,2026-06-02 10:04:13,4,1602.39,341.52,166.19,1092.25,6409.56,6068.040000000001,Wallet,Completed
72e8cd21-4747-456a-bffd-d6498ce448d1,2026_W23,O65383,U8732,P188,2026-06-02 08:24:59,1,3474.24,389.25,178.83,555.3,3474.24,3084.99,Wallet,Completed
72e8cd21-4747-456a-bffd-d6498ce448d1,2026_W23,O65384,U17406,P157,2026-06-03 14:39:51,1,6948.33,1041.09,74.2,1063.3,6948.33,5907.24,Credit Card,Completed
72e8cd21-4747-456a-bffd-d6498ce448d1,2026_W23,O65385,U5851,P135,2026-06-06 00:18:59,1,4974.87,607.91,156.83,786.05,4974.87,4366.96,UPI,Completed
72e8cd21-4747-456a-bffd-d6498ce448d1,2026_W23,O65386,U19480,P175,2026-06-03 11:34:14,4,6623.37,2629.7,90.31,4295.48,26493.48,23863.78,Credit Card,Completed
72e8cd21-4747-456a-bffd-d6498ce448d1,2026_W23,O65387,U16767,P10,2026-06-03 08:36:16,1,6265.23,603.4,76.36,1019.13,6265.23,5661.83,UPI,Completed
72e8cd21-4747-456a-bffd-d6498ce448d1,2026_W23,O65388,U1456,P183,2026-06-06 22:41:54,1,5821.34,528.12,96.72,952.78,5821.34,5293.22,UPI,Completed
72e8cd21-4747-456a-bffd-d6498ce448d1,2026_W23,O65389,U10077,P35,2026-06-05 12:05:03,3,2889.44,503.35,141.74,1469.69,8668.32,8164.969999999999,Credit Card,Completed
72e8cd21-4747-456a-bffd-d6498ce448d1,2026_W23,O65390,U17885,P94,2026-06-04 20:53:58,2,7668.43,329.94,72.75,2701.25,15336.86,15006.92,Credit Card,Completed
72e8cd21-4747-456a-bffd-d6498ce448d1,2026_W23,O65391,U26837,P20,2026-06-06 07:52:50,2,2140.8,467.29,87.79,686.58,4281.6,3814.31,Wallet,Completed
72e8cd21-4747-456a-bffd-d6498ce448d1,2026_W23,O65392,U11382,P45,2026-06-07 00:08:16,3,10226.58,4071.04,182.41,4789.57,30679.74,26608.7,Debit Card,Completed
72e8cd21-4747-456a-bffd-d6498ce448d1,2026_W23,O65393,U12379,P117,2026-06-06 15:11:32,4,9615.7,3210.26,92.54,6345.46,38462.8,35252.54,UPI,Completed
72e8cd21-4747-456a-bffd-d6498ce448d1,2026_W23,O65394,U31440,P177,2026-06-02 15:43:01,4,6111.68,2642.1,147.03,3924.83,24446.72,21804.620000000003,Wallet,Completed
72e8cd21-4747-456a-bffd-d6498ce448d1,2026_W23,O65395,U1926,P27,2026-06-06 12:11:12,4,4374.27,1518.46,195.52,2876.15,17497.08,15978.620000000004,Wallet,Completed
72e8cd21-4747-456a-bffd-d6498ce448d1,2026_W23,O65396,U26248,P174,2026-06-05 14:08:54,2,8540.78,2111.86,113.95,2694.55,17081.56,14969.7,UPI,Completed
72e8cd21-4747-456a-bffd-d6498ce448d1,2026_W23,O65397,U2471,P20,2026-06-02 02:14:54,4,2140.8,380.9,71.11,1472.81,8563.2,8182.300000000001,Wallet,Completed
72e8cd21-4747-456a-bffd-d6498ce448d1,2026_W23,O65398,U32390,P132,2026-06-02 13:29:26,3,4280.82,1571.56,70.6,2028.76,12842.46,11270.9,Credit Card,Completed
72e8cd21-4747-456a-bffd-d6498ce448d1,2026_W23,O65399,U19445,P38,2026-06-02 11:07:58,4,9269.67,1760.99,170.63,6357.18,37078.68,35317.69,Wallet,Completed
72e8cd21-4747-456a-bffd-d6498ce448d1,2026_W23,O65400,U19993,P155,2026-06-03 08:38:13,1,5852.84,451.46,64.47,972.25,5852.84,5401.38,Credit Card,Completed
72e8cd21-4747-456a-bffd-d6498ce448d1,2026_W23,O65401,U16474,P53,2026-06-02 20:44:42,3,5679.25,1966.49,160.35,2712.83,17037.75,15071.26,Wallet,Completed
72e8cd21-4747-456a-bffd-d6498ce448d1,2026_W23,O65402,U24344,P85,2026-06-03 14:23:10,1,7940.53,11.46,184.77,1427.23,7940.53,7929.07,Wallet,Completed
72e8cd21-4747-456a-bffd-d6498ce448d1,2026_W23,O65403,U19697,P10,2026-06-02 06:16:25,3,6265.23,2684.18,152.84,2900.07,18795.69,16111.509999999998,Credit Card,Completed
72e8cd21-4747-456a-bffd-d6498ce448d1,2026_W23,O65404,U23047,P119,2026-06-02 02:12:46,3,2931.16,459.53,59.73,1500.11,8793.48,8333.949999999999,Credit Card,Completed
72e8cd21-4747-456a-bffd-d6498ce448d1,2026_W23,O65405,U26446,P16,2026-06-04 00:55:06,1,9334.87,1252.6,124.92,1454.81,9334.87,8082.27,UPI,Completed
72e8cd21-4747-456a-bffd-d6498ce448d1,2026_W23,O65406,U13692,P165,2026-06-05 01:36:06,1,2657.45,4.98,178.82,477.44,2657.45,2652.47,Wallet,Completed
72e8cd21-4747-456a-bffd-d6498ce448d1,2026_W23,O65407,U16001,P121,2026-06-02 22:55:20,1,3168.81,229.58,145.36,529.06,3168.81,2939.23,Credit Card,Completed
72e8cd21-4747-456a-bffd-d6498ce448d1,2026_W23,O65408,U16747,P55,2026-06-04 06:25:20,1,2495.43,338.85,111.91,388.18,2495.43,2156.58,Credit Card,Completed
72e8cd21-4747-456a-bffd-d6498ce448d1,2026_W23,O65409,U18535,P196,2026-06-05 04:11:05,3,9246.31,2501.48,171.23,4542.74,27738.93,25237.45,Wallet,Completed
72e8cd21-4747-456a-bffd-d6498ce448d1,2026_W23,O65410,U12941,P181,2026-06-07 14:06:38,4,6034.6,3027.52,163.39,3799.96,24138.4,21110.88,UPI,Completed
72e8cd21-4747-456a-bffd-d6498ce448d1,2026_W23,O65411,U28198,P13,2026-06-05 04:27:26,1,7537.32,209.2,147.4,1319.06,7537.32,7328.12,Wallet,Completed
72e8cd21-4747-456a-bffd-d6498ce448d1,2026_W23,O65412,U5148,P186,2026-06-02 15:32:35,1,7703.95,462.9,145.78,1303.39,7703.95,7241.05,Debit Card,Completed
72e8cd21-4747-456a-bffd-d6498ce448d1,2026_W23,O65413,U31583,P172,2026-06-07 03:09:50,3,1445.78,516.04,98.64,687.83,4337.34,3821.3,Debit Card,Completed
72e8cd21-4747-456a-bffd-d6498ce448d1,2026_W23,O65414,U1559,P87,2026-06-02 08:37:46,1,2857.28,389.05,87.56,444.28,2857.28,2468.23,Debit Card,Completed
72e8cd21-4747-456a-bffd-d6498ce448d1,2026_W23,O65415,U17700,P55,2026-06-02 05:14:52,1,2495.43,22.25,156.84,445.17,2495.43,2473.18,Debit Card,Completed
72e8cd21-4747-456a-bffd-d6498ce448d1,2026_W23,O65416,U19386,P154,2026-06-03 07:11:06,1,7488.16,308.37,59.08,1292.36,7488.16,7179.79,Credit Card,Completed
72e8cd21-4747-456a-bffd-d6498ce448d1,2026_W23,O65417,U26135,P52,2026-06-06 02:33:00,1,2737.55,284.34,198.89,441.58,2737.55,2453.21,UPI,Completed
72e8cd21-4747-456a-bffd-d6498ce448d1,2026_W23,O65418,U10536,P183,2026-06-07 17:51:00,4,5821.34,3346.66,128.28,3588.97,23285.36,19938.7,Credit Card,Completed
72e8cd21-4747-456a-bffd-d6498ce448d1,2026_W23,O65419,U1820,P5,2026-06-03 04:17:50,3,9411.93,2182.42,146.41,4689.61,28235.79,26053.370000000003,UPI,Completed
72e8cd21-4747-456a-bffd-d6498ce448d1,2026_W23,O65420,U14355,P8,2026-06-02 14:52:35,3,6662.34,574.15,53.37,3494.32,19987.02,19412.87,Debit Card,Completed
72e8cd21-4747-456a-bffd-d6498ce448d1,2026_W23,O65421,U23524,P54,2026-06-07 00:48:51,2,8322.93,238.48,54.33,2953.33,16645.86,16407.38,UPI,Completed
72e8cd21-4747-456a-bffd-d6498ce448d1,2026_W23,O65422,U27320,P5,2026-06-04 11:29:05,2,9411.93,2013.24,95.84,3025.91,18823.86,16810.62,Wallet,Completed
72e8cd21-4747-456a-bffd-d6498ce448d1,2026_W23,O65423,U23363,P23,2026-06-03 13:38:51,4,8537.77,2520.75,171.99,5693.46,34151.08,31630.33,Debit Card,Completed
72e8cd21-4747-456a-bffd-d6498ce448d1,2026_W23,O65424,U13579,P175,2026-06-07 05:19:27,3,6623.37,707.34,199.41,3449.3,19870.11,19162.77,UPI,Completed
72e8cd21-4747-456a-bffd-d6498ce448d1,2026_W23,O65425,U15447,P39,2026-06-06 00:51:08,1,7544.04,410.32,87.77,1284.07,7544.04,7133.72,UPI,Completed
72e8cd21-4747-456a-bffd-d6498ce448d1,2026_W23,O65426,U3777,P68,2026-06-02 05:47:59,3,4648.44,149.98,188.94,2483.16,13945.32,13795.34,Wallet,Completed
72e8cd21-4747-456a-bffd-d6498ce448d1,2026_W23,O65427,U7843,P1,2026-06-07 14:00:58,1,8422.98,920.42,82.25,1350.46,8422.98,7502.559999999999,Credit Card,Completed
72e8cd21-4747-456a-bffd-d6498ce448d1,2026_W23,O65428,U19954,P22,2026-06-06 15:02:56,3,5208.88,221.79,182.4,2772.87,15626.64,15404.85,Wallet,Completed
72e8cd21-4747-456a-bffd-d6498ce448d1,2026_W23,O65429,U6333,P100,2026-06-05 23:29:16,4,6025.88,1243.91,188.68,4114.73,24103.52,22859.61,Wallet,Completed
72e8cd21-4747-456a-bffd-d6498ce448d1,2026_W23,O65430,U689,P145,2026-06-06 06:07:23,1,7002.35,682.96,172.89,1137.49,7002.35,6319.39,UPI,Completed
72e8cd21-4747-456a-bffd-d6498ce448d1,2026_W23,O65431,U32046,P83,2026-06-04 16:56:22,2,4290.17,750.78,135.14,1409.32,8580.34,7829.56,Wallet,Completed
72e8cd21-4747-456a-bffd-d6498ce448d1,2026_W23,O65432,U14222,P43,2026-06-04 02:09:12,1,2660.01,212.61,68.45,440.53,2660.01,2447.4,UPI,Completed
72e8cd21-4747-456a-bffd-d6498ce448d1,2026_W23,O65433,U33557,P86,2026-06-05 06:15:23,3,5552.06,920.84,90.93,2832.36,16656.18,15735.34,Credit Card,Completed
72e8cd21-4747-456a-bffd-d6498ce448d1,2026_W23,O65434,U19727,P15,2026-06-07 02:48:32,1,1828.72,115.44,138.27,308.39,1828.72,1713.28,Credit Card,Completed
72e8cd21-4747-456a-bffd-d6498ce448d1,2026_W23,O65435,U12096,P179,2026-06-02 13:41:31,2,6023.34,829.63,102.88,2019.07,12046.68,11217.05,Wallet,Completed
72e8cd21-4747-456a-bffd-d6498ce448d1,2026_W23,O65436,U19954,P103,2026-06-04 13:28:30,4,4922.25,1160.7,57.18,3335.09,19689.0,18528.3,Credit Card,Completed
72e8cd21-4747-456a-bffd-d6498ce448d1,2026_W23,O65437,U12611,P20,2026-06-02 00:13:29,3,2140.8,370.68,82.06,1089.31,6422.400000000001,6051.72,Wallet,Completed
72e8cd21-4747-456a-bffd-d6498ce448d1,2026_W23,O65438,U22121,P70,2026-06-02 16:15:48,4,10058.46,5698.99,163.27,6216.27,40233.84,34534.85,Credit Card,Completed
72e8cd21-4747-456a-bffd-d6498ce448d1,2026_W23,O65439,U4919,P55,2026-06-01 21:15:39,3,2495.43,31.85,152.73,1341.8,7486.289999999999,7454.439999999999,Debit Card,Completed
72e8cd21-4747-456a-bffd-d6498ce448d1,2026_W23,O65440,U7799,P136,2026-06-02 05:28:31,4,2987.05,1268.25,62.06,1922.39,11948.2,10679.95,Wallet,Completed
72e8cd21-4747-456a-bffd-d6498ce448d1,2026_W23,O65441,U8788,P161,2026-06-07 05:14:20,2,6131.78,194.16,146.71,2172.49,12263.56,12069.4,Wallet,Completed
72e8cd21-4747-456a-bffd-d6498ce448d1,2026_W23,O65442,U24221,P40,2026-06-02 23:51:22,2,5653.56,1596.48,69.31,1747.92,11307.12,9710.64,Credit Card,Completed
72e8cd21-4747-456a-bffd-d6498ce448d1,2026_W23,O65443,U23825,P30,2026-06-06 10:20:35,1,10435.98,1002.38,132.82,1698.05,10435.98,9433.6,Wallet,Completed
72e8cd21-4747-456a-bffd-d6498ce448d1,2026_W23,O65444,U15066,P163,2026-06-03 16:04:59,4,4948.62,131.43,66.49,3539.35,19794.48,19663.05,UPI,Completed
72e8cd21-4747-456a-bffd-d6498ce448d1,2026_W23,O65445,U16345,P158,2026-06-04 02:08:43,3,2851.23,945.92,142.49,1369.4,8553.69,7607.77,Credit Card,Completed
72e8cd21-4747-456a-bffd-d6498ce448d1,2026_W23,O65446,U4231,P200,2026-06-05 11:32:55,2,2159.6,598.38,194.53,669.75,4319.2,3720.82,Credit Card,Completed
72e8cd21-4747-456a-bffd-d6498ce448d1,2026_W23,O65447,U14454,P39,2026-06-02 20:41:06,2,7544.04,818.3,174.81,2568.56,15088.08,14269.78,UPI,Completed
72e8cd21-4747-456a-bffd-d6498ce448d1,2026_W23,O65448,U22172,P61,2026-06-04 19:28:52,1,7274.63,378.28,130.96,1241.34,7274.63,6896.35,Credit Card,Completed
72e8cd21-4747-456a-bffd-d6498ce448d1,2026_W23,O65449,U9149,P129,2026-06-04 18:06:05,3,4560.09,449.08,60.14,2381.61,13680.27,13231.19,Credit Card,Completed
72e8cd21-4747-456a-bffd-d6498ce448d1,2026_W23,O65450,U17801,P184,2026-06-02 04:35:12,2,2050.2,597.19,147.22,630.58,4100.4,3503.21,Wallet,Completed
72e8cd21-4747-456a-bffd-d6498ce448d1,2026_W23,O65451,U28473,P138,2026-06-04 03:10:20,1,6989.52,174.54,73.48,1226.7,6989.52,6814.9800000000005,Debit Card,Completed
72e8cd21-4747-456a-bffd-d6498ce448d1,2026_W23,O65452,U7561,P36,2026-06-04 18:41:40,1,5080.52,523.64,141.39,820.24,5080.52,4556.88,Wallet,Completed
72e8cd21-4747-456a-bffd-d6498ce448d1,2026_W23,O65453,U4390,P44,2026-06-07 16:13:30,4,3831.53,517.84,178.89,2665.49,15326.12,14808.28,Credit Card,Completed
72e8cd21-4747-456a-bffd-d6498ce448d1,2026_W23,O65454,U24402,P5,2026-06-06 18:40:27,1,9411.93,274.26,189.27,1644.78,9411.93,9137.67,UPI,Completed
72e8cd21-4747-456a-bffd-d6498ce448d1,2026_W23,O65455,U16056,P57,2026-06-06 20:43:30,3,8106.78,874.59,94.8,4220.23,24320.34,23445.75,Debit Card,Completed
72e8cd21-4747-456a-bffd-d6498ce448d1,2026_W23,O65456,U7536,P4,2026-06-03 11:09:37,3,4763.57,1095.57,119.85,2375.13,14290.71,13195.14,Debit Card,Completed
72e8cd21-4747-456a-bffd-d6498ce448d1,2026_W23,O65457,U34059,P163,2026-06-03 05:10:28,1,4948.62,636.99,108.75,776.09,4948.62,4311.63,Credit Card,Completed
72e8cd21-4747-456a-bffd-d6498ce448d1,2026_W23,O65458,U6034,P19,2026-06-02 07:56:36,3,10412.16,1011.66,54.13,5440.47,31236.48,30224.82,Debit Card,Completed
72e8cd21-4747-456a-bffd-d6498ce448d1,2026_W23,O65459,U32321,P4,2026-06-03 02:59:03,3,4763.57,591.24,177.79,2465.9,14290.71,13699.47,UPI,Completed
72e8cd21-4747-456a-bffd-d6498ce448d1,2026_W23,O65460,U5078,P90,2026-06-05 05:34:36,3,10379.64,2070.92,194.92,5232.24,31138.92,29068.0,Wallet,Completed
72e8cd21-4747-456a-bffd-d6498ce448d1,2026_W23,O65461,U29640,P118,2026-06-05 21:04:07,3,1413.19,416.9,94.88,688.08,4239.57,3822.67,Debit Card,Completed
72e8cd21-4747-456a-bffd-d6498ce448d1,2026_W23,O65462,U27497,P138,2026-06-02 06:31:04,1,6989.52,170.27,74.57,1227.46,6989.52,6819.25,UPI,Completed
72e8cd21-4747-456a-bffd-d6498ce448d1,2026_W23,O65463,U8673,P84,2026-06-05 03:06:28,3,3400.69,192.48,128.02,1801.73,10202.07,10009.59,Wallet,Completed
72e8cd21-4747-456a-bffd-d6498ce448d1,2026_W23,O65464,U24979,P132,2026-06-04 08:34:23,2,4280.82,626.35,72.62,1428.35,8561.64,7935.289999999999,Credit Card,Completed
72e8cd21-4747-456a-bffd-d6498ce448d1,2026_W23,O65465,U28368,P179,2026-06-04 09:51:39,4,6023.34,936.26,111.7,4168.28,24093.36,23157.1,Credit Card,Completed
72e8cd21-4747-456a-bffd-d6498ce448d1,2026_W23,O65466,U14301,P63,2026-06-04 10:56:41,4,11400.74,5723.29,91.76,7178.34,45602.96,39879.67,Wallet,Completed
72e8cd21-4747-456a-bffd-d6498ce448d1,2026_W23,O65467,U18054,P115,2026-06-02 08:20:43,2,10604.02,1176.95,176.88,3605.6,21208.04,20031.09,Wallet,Completed
72e8cd21-4747-456a-bffd-d6498ce448d1,2026_W23,O65468,U34951,P186,2026-06-06 21:46:06,1,7703.95,481.75,126.3,1300.0,7703.95,7222.2,Debit Card,Completed
72e8cd21-4747-456a-bffd-d6498ce448d1,2026_W23,O65469,U9912,P128,2026-06-06 15:02:45,4,8967.81,2929.16,98.74,5929.57,35871.24,32942.08,Credit Card,Completed
72e8cd21-4747-456a-bffd-d6498ce448d1,2026_W23,O65470,U33214,P81,2026-06-03 23:10:30,3,6992.52,261.29,116.81,3728.93,20977.56,20716.27,Credit Card,Completed
72e8cd21-4747-456a-bffd-d6498ce448d1,2026_W23,O65471,U9636,P186,2026-06-04 07:31:19,1,7703.95,805.98,55.43,1241.63,7703.95,6897.969999999999,Debit Card,Completed
72e8cd21-4747-456a-bffd-d6498ce448d1,2026_W23,O65472,U1120,P34,2026-06-02 04:46:26,4,3033.5,991.67,121.93,2005.62,12134.0,11142.33,Credit Card,Completed
72e8cd21-4747-456a-bffd-d6498ce448d1,2026_W23,O65473,U8183,P133,2026-06-03 18:23:54,1,9654.47,986.28,174.07,1560.27,9654.47,8668.189999999999,Credit Card,Completed
72e8cd21-4747-456a-bffd-d6498ce448d1,2026_W23,O65474,U10420,P77,2026-06-03 01:38:35,1,2460.76,92.94,148.38,426.21,2460.76,2367.82,UPI,Completed
72e8cd21-4747-456a-bffd-d6498ce448d1,2026_W23,O65475,U10536,P187,2026-06-05 08:28:35,3,2141.32,735.04,135.16,1024.01,6423.960000000001,5688.920000000001,Wallet,Completed
72e8cd21-4747-456a-bffd-d6498ce448d1,2026_W23,O65476,U33067,P85,2026-06-04 01:01:03,4,7940.53,792.46,191.79,5574.54,31762.12,30969.66,Wallet,Completed
72e8cd21-4747-456a-bffd-d6498ce448d1,2026_W23,O65477,U1815,P142,2026-06-04 16:10:42,2,5009.2,1081.71,83.87,1608.6,10018.4,8936.689999999999,Wallet,Completed
72e8cd21-4747-456a-bffd-d6498ce448d1,2026_W23,O65478,U205,P57,2026-06-04 10:46:27,1,8106.78,156.72,57.55,1431.01,8106.78,7950.059999999999,Credit Card,Completed
72e8cd21-4747-456a-bffd-d6498ce448d1,2026_W23,O65479,U20257,P97,2026-06-06 08:51:01,4,5186.28,1716.0,152.08,3425.24,20745.12,19029.12,Debit Card,Completed
72e8cd21-4747-456a-bffd-d6498ce448d1,2026_W23,O65480,U31393,P95,2026-06-03 21:45:01,1,8832.47,1031.62,109.36,1404.15,8832.47,7800.849999999999,Debit Card,Completed
72e8cd21-4747-456a-bffd-d6498ce448d1,2026_W23,O65481,U28710,P11,2026-06-02 00:38:19,2,4777.26,342.35,72.79,1658.19,9554.52,9212.17,Credit Card,Completed
72e8cd21-4747-456a-bffd-d6498ce448d1,2026_W23,O65482,U21717,P14,2026-06-05 10:44:22,4,7736.91,2000.52,170.79,5210.48,30947.64,28947.12,Credit Card,Completed
72e8cd21-4747-456a-bffd-d6498ce448d1,2026_W23,O65483,U18571,P47,2026-06-01 20:44:36,4,8854.8,5296.92,58.94,5422.01,35419.2,30122.28,Credit Card,Completed
72e8cd21-4747-456a-bffd-d6498ce448d1,2026_W23,O65484,U6204,P60,2026-06-06 03:43:05,4,7906.19,3428.2,67.27,5075.38,31624.76,28196.56,Debit Card,Completed
72e8cd21-4747-456a-bffd-d6498ce448d1,2026_W23,O65485,U12738,P116,2026-06-02 00:58:58,2,6311.89,363.04,198.55,2206.93,12623.78,12260.74,UPI,Completed
72e8cd21-4747-456a-bffd-d6498ce448d1,2026_W23,O65486,U32939,P171,2026-06-06 07:34:13,1,3668.91,228.41,149.87,619.29,3668.91,3440.5,Credit Card,Completed
72e8cd21-4747-456a-bffd-d6498ce448d1,2026_W23,O65487,U7286,P127,2026-06-07 06:47:13,1,7703.2,8.75,53.53,1385.0,7703.2,7694.45,Wallet,Completed
72e8cd21-4747-456a-bffd-d6498ce448d1,2026_W23,O65488,U22448,P185,2026-06-03 05:16:50,3,7874.65,1382.56,194.72,4003.45,23623.95,22241.39,Credit Card,Completed
72e8cd21-4747-456a-bffd-d6498ce448d1,2026_W23,O65489,U19609,P112,2026-06-01 20:47:23,4,7986.57,3927.47,178.6,5043.39,31946.28,28018.81,Wallet,Completed
72e8cd21-4747-456a-bffd-d6498ce448d1,2026_W23,O65490,U17725,P19,2026-06-04 11:10:07,4,10412.16,2505.59,66.47,7045.75,41648.64,39143.05,Debit Card,Completed
72e8cd21-4747-456a-bffd-d6498ce448d1,2026_W23,O65491,U32347,P22,2026-06-04 03:48:42,1,5208.88,383.55,119.89,868.56,5208.88,4825.33,Debit Card,Completed
72e8cd21-4747-456a-bffd-d6498ce448d1,2026_W23,O65492,U5161,P8,2026-06-02 15:14:55,3,6662.34,1414.87,58.1,3342.99,19987.02,18572.15,Credit Card,Completed
72e8cd21-4747-456a-bffd-d6498ce448d1,2026_W23,O65493,U27222,P34,2026-06-06 18:59:14,3,3033.5,938.0,188.9,1469.25,9100.5,8162.5,Wallet,Completed
72e8cd21-4747-456a-bffd-d6498ce448d1,2026_W23,O65494,U11726,P73,2026-06-04 18:40:02,2,2860.52,567.09,143.51,927.71,5721.04,5153.95,Debit Card,Completed
72e8cd21-4747-456a-bffd-d6498ce448d1,2026_W23,O65495,U6187,P96,2026-06-03 01:39:46,3,6736.46,2854.68,64.99,3123.85,20209.38,17354.7,Debit Card,Completed
72e8cd21-4747-456a-bffd-d6498ce448d1,2026_W23,O65496,U3813,P194,2026-06-03 18:36:10,2,7139.77,868.05,148.97,2414.07,14279.54,13411.490000000002,Debit Card,Completed
72e8cd21-4747-456a-bffd-d6498ce448d1,2026_W23,O65497,U33400,P135,2026-06-07 15:11:41,2,4974.87,1079.22,170.13,1596.69,9949.74,8870.52,UPI,Completed
72e8cd21-4747-456a-bffd-d6498ce448d1,2026_W23,O65498,U31199,P118,2026-06-05 16:41:34,2,1413.19,384.75,79.94,439.49,2826.38,2441.63,UPI,Completed
72e8cd21-4747-456a-bffd-d6498ce448d1,2026_W23,O65499,U26394,P108,2026-06-03 11:09:45,1,3076.73,41.27,130.58,546.38,3076.73,3035.46,Wallet,Completed
72e8cd21-4747-456a-bffd-d6498ce448d1,2026_W23,O65500,U4329,P198,2026-06-06 08:55:14,4,7893.47,2144.52,184.52,5297.28,31573.88,29429.36,Credit Card,Completed
72e8cd21-4747-456a-bffd-d6498ce448d1,2026_W23,O65501,U22663,P92,2026-06-04 21:09:05,1,2278.27,212.26,136.33,371.88,2278.27,2066.01,Wallet,Completed
72e8cd21-4747-456a-bffd-d6498ce448d1,2026_W23,O65502,U21327,P132,2026-06-04 21:01:15,4,4280.82,2508.86,128.85,2630.6,17123.28,14614.419999999998,UPI,Completed
72e8cd21-4747-456a-bffd-d6498ce448d1,2026_W23,O65503,U3378,P23,2026-06-02 02:04:33,1,8537.77,576.46,130.09,1433.04,8537.77,7961.31,Wallet,Completed
72e8cd21-4747-456a-bffd-d6498ce448d1,2026_W23,O65504,U19620,P94,2026-06-04 10:01:41,4,7668.43,1284.93,89.83,5289.98,30673.72,29388.79,Debit Card,Completed
72e8cd21-4747-456a-bffd-d6498ce448d1,2026_W23,O65505,U23814,P78,2026-06-03 16:45:23,2,3006.64,257.17,182.71,1036.1,6013.28,5756.11,Debit Card,Completed
72e8cd21-4747-456a-bffd-d6498ce448d1,2026_W23,O65506,U25559,P54,2026-06-03 04:03:20,1,8322.93,97.12,62.25,1480.65,8322.93,8225.81,Wallet,Completed
72e8cd21-4747-456a-bffd-d6498ce448d1,2026_W23,O65507,U19579,P58,2026-06-06 01:59:15,4,3367.03,1040.94,64.32,2236.89,13468.12,12427.18,Debit Card,Completed
72e8cd21-4747-456a-bffd-d6498ce448d1,2026_W23,O65508,U8560,P169,2026-06-07 16:23:41,1,8908.51,1029.36,120.2,1418.25,8908.51,7879.150000000001,Debit Card,Completed
72e8cd21-4747-456a-bffd-d6498ce448d1,2026_W23,O65509,U22782,P105,2026-06-04 09:59:58,3,2249.83,817.32,191.71,1067.79,6749.49,5932.17,Credit Card,Completed
72e8cd21-4747-456a-bffd-d6498ce448d1,2026_W23,O65510,U3418,P41,2026-06-07 09:17:49,2,11748.5,1063.01,150.95,4038.12,23497.0,22433.99,UPI,Completed
72e8cd21-4747-456a-bffd-d6498ce448d1,2026_W23,O65511,U27358,P104,2026-06-06 21:02:27,4,5590.84,1728.7,66.93,3714.24,22363.36,20634.66,UPI,Completed
72e8cd21-4747-456a-bffd-d6498ce448d1,2026_W23,O65512,U7132,P135,2026-06-07 10:00:42,1,4974.87,55.28,81.79,885.53,4974.87,4919.59,Debit Card,Completed
72e8cd21-4747-456a-bffd-d6498ce448d1,2026_W23,O65513,U13360,P1,2026-06-05 04:44:07,4,8422.98,3903.14,106.42,5361.98,33691.92,29788.78,Credit Card,Completed
72e8cd21-4747-456a-bffd-d6498ce448d1,2026_W23,O65514,U9195,P171,2026-06-03 01:01:33,4,3668.91,1937.94,131.15,2292.79,14675.64,12737.7,UPI,Completed
72e8cd21-4747-456a-bffd-d6498ce448d1,2026_W23,O65515,U11457,P73,2026-06-07 00:21:28,1,2860.52,230.67,52.96,473.37,2860.52,2629.85,Wallet,Completed
72e8cd21-4747-456a-bffd-d6498ce448d1,2026_W23,O65516,U16767,P49,2026-06-03 19:42:03,4,4491.12,454.64,144.0,3151.77,17964.48,17509.84,Debit Card,Completed
72e8cd21-4747-456a-bffd-d6498ce448d1,2026_W23,O65517,U1882,P50,2026-06-03 15:08:13,4,2577.38,188.78,91.02,1821.73,10309.52,10120.74,Credit Card,Completed
72e8cd21-4747-456a-bffd-d6498ce448d1,2026_W23,O65518,U3190,P188,2026-06-04 06:37:51,4,3474.24,1999.87,111.49,2141.48,13896.96,11897.09,Wallet,Completed
72e8cd21-4747-456a-bffd-d6498ce448d1,2026_W23,O65519,U31853,P144,2026-06-03 14:47:13,4,3365.89,1149.63,51.85,2216.51,13463.56,12313.93,Credit Card,Completed
72e8cd21-4747-456a-bffd-d6498ce448d1,2026_W23,O65520,U2109,P33,2026-06-04 17:00:31,4,8155.0,4562.46,104.0,5050.36,32620.0,28057.54,Debit Card,Completed
72e8cd21-4747-456a-bffd-d6498ce448d1,2026_W23,O65521,U34281,P31,2026-06-03 18:46:06,2,2922.48,760.7,118.38,915.17,5844.96,5084.26,Wallet,Completed
72e8cd21-4747-456a-bffd-d6498ce448d1,2026_W23,O65522,U28010,P85,2026-06-03 20:10:22,4,7940.53,2815.54,77.35,5210.38,31762.12,28946.58,Credit Card,Completed
72e8cd21-4747-456a-bffd-d6498ce448d1,2026_W23,O65523,U27101,P166,2026-06-06 18:04:47,4,6824.24,188.77,135.62,4879.47,27296.96,27108.19,Wallet,Completed
72e8cd21-4747-456a-bffd-d6498ce448d1,2026_W23,O65524,U29722,P3,2026-06-07 17:35:04,2,6836.35,1610.15,192.56,2171.26,13672.7,12062.55,Debit Card,Completed
72e8cd21-4747-456a-bffd-d6498ce448d1,2026_W23,O65525,U25946,P76,2026-06-05 04:45:15,4,1956.86,61.18,121.91,1397.93,7827.44,7766.259999999999,Debit Card,Completed
72e8cd21-4747-456a-bffd-d6498ce448d1,2026_W23,O65526,U8571,P113,2026-06-05 02:11:03,2,5995.63,163.3,102.41,2129.03,11991.26,11827.96,UPI,Completed
72e8cd21-4747-456a-bffd-d6498ce448d1,2026_W23,O65527,U1559,P30,2026-06-03 10:42:34,3,10435.98,3073.39,99.06,5082.22,31307.94,28234.55,Credit Card,Completed
72e8cd21-4747-456a-bffd-d6498ce448d1,2026_W23,O65528,U33925,P195,2026-06-03 03:14:24,4,9936.45,4185.55,104.32,6400.84,39745.8,35560.25,Wallet,Completed
72e8cd21-4747-456a-bffd-d6498ce448d1,2026_W23,O65529,U23996,P38,2026-06-07 17:40:36,4,9269.67,765.89,175.5,6536.3,37078.68,36312.79,Credit Card,Completed
72e8cd21-4747-456a-bffd-d6498ce448d1,2026_W23,O65530,U1436,P141,2026-06-01 20:34:59,2,3712.37,802.3,86.67,1192.04,7424.74,6622.44,Debit Card,Completed
72e8cd21-4747-456a-bffd-d6498ce448d1,2026_W23,O65531,U5659,P19,2026-06-03 03:17:47,1,10412.16,1030.5,170.2,1688.7,10412.16,9381.66,UPI,Completed
72e8cd21-4747-456a-bffd-d6498ce448d1,2026_W23,O65532,U8941,P128,2026-06-07 15:27:07,1,8967.81,479.02,50.54,1527.98,8967.81,8488.789999999999,Credit Card,Completed
72e8cd21-4747-456a-bffd-d6498ce448d1,2026_W23,O65533,U5672,P115,2026-06-06 18:25:25,4,10604.02,5104.01,121.71,6716.17,42416.08,37312.07,Credit Card,Completed
72e8cd21-4747-456a-bffd-d6498ce448d1,2026_W23,O65534,U25318,P178,2026-06-02 08:33:26,4,7201.61,4287.64,194.12,4413.38,28806.44,24518.8,Wallet,Completed
72e8cd21-4747-456a-bffd-d6498ce448d1,2026_W23,O65535,U816,P72,2026-06-03 19:37:29,4,7361.26,533.1,131.31,5204.15,29445.04,28911.94,Debit Card,Completed
72e8cd21-4747-456a-bffd-d6498ce448d1,2026_W23,O65536,U11875,P36,2026-06-03 06:19:04,4,5080.52,2132.59,134.13,3274.11,20322.08,18189.49,Credit Card,Completed
72e8cd21-4747-456a-bffd-d6498ce448d1,2026_W23,O65537,U13352,P40,2026-06-04 14:09:44,1,5653.56,426.87,167.41,940.8,5653.56,5226.6900000000005,Credit Card,Completed
72e8cd21-4747-456a-bffd-d6498ce448d1,2026_W23,O65538,U29608,P78,2026-06-04 04:04:05,3,3006.64,1168.42,143.32,1413.27,9019.92,7851.5,Debit Card,Completed
72e8cd21-4747-456a-bffd-d6498ce448d1,2026_W23,O65539,U31832,P61,2026-06-02 03:55:59,4,7274.63,4250.62,162.75,4472.62,29098.52,24847.9,Credit Card,Completed
72e8cd21-4747-456a-bffd-d6498ce448d1,2026_W23,O65540,U26681,P77,2026-06-07 08:41:42,1,2460.76,111.95,51.12,422.79,2460.76,2348.8100000000004,UPI,Completed
72e8cd21-4747-456a-bffd-d6498ce448d1,2026_W23,O65541,U12576,P80,2026-06-04 19:06:28,1,4942.61,215.94,84.39,850.8,4942.61,4726.67,Wallet,Completed
72e8cd21-4747-456a-bffd-d6498ce448d1,2026_W23,O65542,U621,P33,2026-06-03 09:18:12,3,8155.0,3013.98,181.41,3861.18,24465.0,21451.02,Debit Card,Completed
72e8cd21-4747-456a-bffd-d6498ce448d1,2026_W23,O65543,U24671,P79,2026-06-03 03:44:45,3,4029.4,1331.63,184.34,1936.18,12088.2,10756.57,Wallet,Completed
72e8cd21-4747-456a-bffd-d6498ce448d1,2026_W23,O65544,U3190,P96,2026-06-06 09:08:33,4,6736.46,3575.63,159.25,4206.64,26945.84,23370.21,Credit Card,Completed
72e8cd21-4747-456a-bffd-d6498ce448d1,2026_W23,O65545,U24424,P178,2026-06-02 01:42:12,3,7201.61,1536.36,77.15,3612.32,21604.83,20068.47,Debit Card,Completed
72e8cd21-4747-456a-bffd-d6498ce448d1,2026_W23,O65546,U31491,P173,2026-06-04 09:32:34,1,5411.96,557.0,71.12,873.89,5411.96,4854.96,Wallet,Completed
72e8cd21-4747-456a-bffd-d6498ce448d1,2026_W23,O65547,U23269,P44,2026-06-02 22:17:28,2,3831.53,587.4,166.06,1273.62,7663.06,7075.660000000001,Credit Card,Completed
72e8cd21-4747-456a-bffd-d6498ce448d1,2026_W23,O65548,U13641,P97,2026-06-04 20:35:21,1,5186.28,30.27,52.39,928.08,5186.28,5156.009999999999,Credit Card,Completed
72e8cd21-4747-456a-bffd-d6498ce448d1,2026_W23,O65549,U27038,P140,2026-06-05 06:37:06,2,4036.99,904.34,108.32,1290.54,8073.98,7169.639999999999,Credit Card,Completed
72e8cd21-4747-456a-bffd-d6498ce448d1,2026_W23,O65550,U19322,P2,2026-06-03 09:30:08,2,4248.72,558.35,149.59,1429.04,8497.44,7939.09,Wallet,Completed
72e8cd21-4747-456a-bffd-d6498ce448d1,2026_W23,O65551,U12891,P59,2026-06-05 13:28:25,4,3877.77,859.24,173.63,2637.33,15511.08,14651.84,Credit Card,Completed
72e8cd21-4747-456a-bffd-d6498ce448d1,2026_W23,O65552,U17807,P196,2026-06-06 20:18:48,3,9246.31,3072.96,162.16,4439.87,27738.93,24665.97,Debit Card,Completed
72e8cd21-4747-456a-bffd-d6498ce448d1,2026_W23,O65553,U1530,P147,2026-06-04 01:20:16,2,8552.19,1655.93,67.52,2780.72,17104.38,15448.45,Debit Card,Completed
72e8cd21-4747-456a-bffd-d6498ce448d1,2026_W23,O65554,U731,P124,2026-06-01 21:37:24,2,3516.67,686.81,115.09,1142.38,7033.34,6346.530000000001,UPI,Completed
72e8cd21-4747-456a-bffd-d6498ce448d1,2026_W23,O65555,U28603,P120,2026-06-02 09:39:35,1,6088.95,372.25,63.31,1029.01,6088.95,5716.7,Wallet,Completed
72e8cd21-4747-456a-bffd-d6498ce448d1,2026_W23,O65556,U6204,P123,2026-06-05 04:44:26,4,7379.51,539.98,185.32,5216.05,29518.04,28978.06,Wallet,Completed
72e8cd21-4747-456a-bffd-d6498ce448d1,2026_W23,O65557,U3438,P90,2026-06-03 09:30:49,1,10379.64,1333.48,136.47,1628.31,10379.64,9046.16,Wallet,Completed
72e8cd21-4747-456a-bffd-d6498ce448d1,2026_W23,O65558,U18212,P116,2026-06-07 12:09:22,3,6311.89,1866.14,188.7,3072.52,18935.67,17069.530000000002,Wallet,Completed
72e8cd21-4747-456a-bffd-d6498ce448d1,2026_W23,O65559,U28083,P140,2026-06-07 17:55:50,3,4036.99,393.04,150.74,2109.23,12110.97,11717.929999999998,Debit Card,Completed
72e8cd21-4747-456a-bffd-d6498ce448d1,2026_W23,O65560,U5944,P128,2026-06-02 07:30:27,3,8967.81,2646.08,178.1,4366.32,26903.43,24257.35,Debit Card,Completed
72e8cd21-4747-456a-bffd-d6498ce448d1,2026_W23,O65561,U9740,P37,2026-06-02 07:01:47,2,5843.49,898.09,179.55,1942.0,11686.98,10788.89,Debit Card,Completed
72e8cd21-4747-456a-bffd-d6498ce448d1,2026_W23,O65562,U26311,P25,2026-06-02 23:37:59,1,7381.46,651.66,105.64,1211.36,7381.46,6729.8,Credit Card,Completed
72e8cd21-4747-456a-bffd-d6498ce448d1,2026_W23,O65563,U32202,P97,2026-06-06 18:52:42,3,5186.28,636.41,168.56,2686.04,15558.84,14922.43,Credit Card,Completed
72e8cd21-4747-456a-bffd-d6498ce448d1,2026_W23,O65564,U18553,P185,2026-06-02 23:51:33,4,7874.65,4048.03,149.41,4941.1,31498.6,27450.57,Debit Card,Completed
72e8cd21-4747-456a-bffd-d6498ce448d1,2026_W23,O65565,U34701,P162,2026-06-05 17:18:57,2,4947.62,209.9,129.9,1743.36,9895.24,9685.34,UPI,Completed
72e8cd21-4747-456a-bffd-d6498ce448d1,2026_W23,O65566,U18844,P189,2026-06-05 21:01:55,4,3755.21,1263.4,130.71,2476.34,15020.84,13757.44,UPI,Completed
72e8cd21-4747-456a-bffd-d6498ce448d1,2026_W23,O65567,U8282,P155,2026-06-06 03:11:06,3,5852.84,326.96,120.58,3101.68,17558.52,17231.56,Debit Card,Completed
72e8cd21-4747-456a-bffd-d6498ce448d1,2026_W23,O65568,U18803,P126,2026-06-03 17:58:20,1,7115.51,161.77,160.62,1251.67,7115.51,6953.74,Debit Card,Completed
72e8cd21-4747-456a-bffd-d6498ce448d1,2026_W23,O65569,U8954,P81,2026-06-06 22:21:22,2,6992.52,1094.81,170.24,2320.24,13985.04,12890.23,Debit Card,Completed
72e8cd21-4747-456a-bffd-d6498ce448d1,2026_W23,O65570,U21036,P125,2026-06-02 23:26:15,2,7881.51,1665.82,179.92,2537.5,15763.02,14097.2,Debit Card,Completed
72e8cd21-4747-456a-bffd-d6498ce448d1,2026_W23,O65571,U21387,P66,2026-06-04 15:59:33,4,5068.12,2539.31,178.78,3191.97,20272.48,17733.17,Credit Card,Completed
72e8cd21-4747-456a-bffd-d6498ce448d1,2026_W23,O65572,U7853,P136,2026-06-05 23:41:51,4,2987.05,1013.45,67.78,1968.26,11948.2,10934.75,Credit Card,Completed
72e8cd21-4747-456a-bffd-d6498ce448d1,2026_W23,O65573,U21237,P24,2026-06-07 03:59:43,3,7207.54,1167.28,68.28,3681.96,21622.62,20455.34,Debit Card,Completed
72e8cd21-4747-456a-bffd-d6498ce448d1,2026_W23,O65574,U4932,P101,2026-06-06 10:19:37,1,10959.44,47.27,176.34,1964.19,10959.44,10912.17,Wallet,Completed
72e8cd21-4747-456a-bffd-d6498ce448d1,2026_W23,O65575,U3035,P56,2026-06-05 07:13:22,1,9007.41,625.87,80.41,1508.68,9007.41,8381.539999999999,UPI,Completed
72e8cd21-4747-456a-bffd-d6498ce448d1,2026_W23,O65576,U566,P148,2026-06-03 18:50:42,4,3184.27,1104.17,133.92,2093.92,12737.08,11632.91,Credit Card,Completed
72e8cd21-4747-456a-bffd-d6498ce448d1,2026_W23,O65577,U34286,P21,2026-06-05 05:54:36,4,6758.44,1248.9,98.74,4641.27,27033.76,25784.86,Debit Card,Completed
72e8cd21-4747-456a-bffd-d6498ce448d1,2026_W23,O65578,U24149,P117,2026-06-03 23:06:27,3,9615.7,1447.9,160.12,4931.86,28847.1,27399.2,Credit Card,Completed
72e8cd21-4747-456a-bffd-d6498ce448d1,2026_W23,O65579,U24323,P2,2026-06-03 23:07:09,3,4248.72,1254.04,66.25,2068.58,12746.16,11492.12,UPI,Completed
72e8cd21-4747-456a-bffd-d6498ce448d1,2026_W23,O65580,U13277,P130,2026-06-02 10:05:07,2,3717.66,422.85,158.36,1262.24,7435.32,7012.469999999999,UPI,Completed
72e8cd21-4747-456a-bffd-d6498ce448d1,2026_W23,O65581,U22196,P62,2026-06-03 14:59:33,1,10625.67,45.2,186.5,1904.48,10625.67,10580.47,Wallet,Completed
72e8cd21-4747-456a-bffd-d6498ce448d1,2026_W23,O65582,U4237,P155,2026-06-06 17:48:01,4,5852.84,702.19,57.62,4087.65,23411.36,22709.17,UPI,Completed
72e8cd21-4747-456a-bffd-d6498ce448d1,2026_W23,O65583,U34826,P10,2026-06-05 23:31:32,1,6265.23,813.53,76.11,981.31,6265.23,5451.7,Wallet,Completed
72e8cd21-4747-456a-bffd-d6498ce448d1,2026_W23,O65584,U3537,P92,2026-06-04 21:15:05,1,2278.27,216.39,52.42,371.14,2278.27,2061.88,Credit Card,Completed
72e8cd21-4747-456a-bffd-d6498ce448d1,2026_W23,O65585,U19510,P54,2026-06-05 03:34:40,3,8322.93,124.54,198.69,4471.96,24968.79,24844.25,Wallet,Completed
72e8cd21-4747-456a-bffd-d6498ce448d1,2026_W23,O65586,U3885,P191,2026-06-05 19:46:45,4,6168.41,1067.72,100.43,4249.07,24673.64,23605.92,Debit Card,Completed
72e8cd21-4747-456a-bffd-d6498ce448d1,2026_W23,O65587,U7245,P151,2026-06-07 20:11:51,1,10300.34,146.65,197.28,1827.66,10300.34,10153.69,Credit Card,Completed
72e8cd21-4747-456a-bffd-d6498ce448d1,2026_W23,O65588,U11664,P164,2026-06-07 12:42:38,1,7788.37,226.84,64.38,1361.08,7788.37,7561.53,Wallet,Completed
72e8cd21-4747-456a-bffd-d6498ce448d1,2026_W23,O65589,U5926,P196,2026-06-07 11:09:45,4,9246.31,4666.48,154.2,5817.38,36985.24,32318.76,UPI,Completed
72e8cd21-4747-456a-bffd-d6498ce448d1,2026_W23,O65590,U2053,P45,2026-06-02 18:46:09,2,10226.58,1922.42,51.4,3335.53,20453.16,18530.74,UPI,Completed
72e8cd21-4747-456a-bffd-d6498ce448d1,2026_W23,O65591,U31425,P129,2026-06-03 20:36:47,1,4560.09,6.78,176.28,819.6,4560.09,4553.31,UPI,Completed
72e8cd21-4747-456a-bffd-d6498ce448d1,2026_W23,O65592,U4797,P177,2026-06-06 23:57:32,4,6111.68,1306.8,147.93,4165.19,24446.72,23139.92,Debit Card,Completed
72e8cd21-4747-456a-bffd-d6498ce448d1,2026_W23,O65593,U19962,P30,2026-06-07 02:54:01,4,10435.98,5552.12,124.38,6514.52,41743.92,36191.8,Wallet,Completed
72e8cd21-4747-456a-bffd-d6498ce448d1,2026_W23,O65594,U3127,P142,2026-06-07 12:04:52,3,5009.2,629.23,95.05,2591.71,15027.6,14398.37,Wallet,Completed
72e8cd21-4747-456a-bffd-d6498ce448d1,2026_W23,O65595,U8378,P110,2026-06-05 09:51:26,3,2362.36,634.92,60.62,1161.39,7087.08,6452.16,Debit Card,Completed
72e8cd21-4747-456a-bffd-d6498ce448d1,2026_W23,O65596,U19480,P144,2026-06-02 10:26:44,1,3365.89,254.5,185.93,560.05,3365.89,3111.39,Credit Card,Completed
72e8cd21-4747-456a-bffd-d6498ce448d1,2026_W23,O65597,U34955,P111,2026-06-03 05:50:00,4,2233.14,952.33,133.97,1436.44,8932.56,7980.23,UPI,Completed
72e8cd21-4747-456a-bffd-d6498ce448d1,2026_W23,O65598,U26071,P47,2026-06-06 13:48:53,1,8854.8,410.86,120.6,1519.91,8854.8,8443.939999999999,Wallet,Completed
72e8cd21-4747-456a-bffd-d6498ce448d1,2026_W23,O65599,U25045,P149,2026-06-01 20:59:13,3,5363.67,1117.37,91.65,2695.26,16091.01,14973.64,Debit Card,Completed
72e8cd21-4747-456a-bffd-d6498ce448d1,2026_W23,O65600,U23520,P35,2026-06-02 16:20:42,3,2889.44,257.16,144.46,1514.01,8668.32,8411.16,UPI,Completed
72e8cd21-4747-456a-bffd-d6498ce448d1,2026_W23,O65601,U31866,P187,2026-06-05 02:08:16,4,2141.32,527.23,139.51,1446.85,8565.28,8038.050000000001,Wallet,Completed
72e8cd21-4747-456a-bffd-d6498ce448d1,2026_W23,O65602,U28781,P21,2026-06-03 06:14:17,4,6758.44,1780.77,86.37,4545.54,27033.76,25252.99,Credit Card,Completed
72e8cd21-4747-456a-bffd-d6498ce448d1,2026_W23,O65603,U15122,P29,2026-06-06 08:05:04,4,1532.51,389.34,93.6,1033.33,6130.04,5740.7,Credit Card,Completed
72e8cd21-4747-456a-bffd-d6498ce448d1,2026_W23,O65604,U26171,P152,2026-06-02 07:56:32,2,3680.01,996.17,98.48,1145.49,7360.02,6363.85,UPI,Completed
72e8cd21-4747-456a-bffd-d6498ce448d1,2026_W23,O65605,U7494,P153,2026-06-01 21:21:19,2,3236.07,393.36,65.39,1094.18,6472.14,6078.780000000001,UPI,Completed
72e8cd21-4747-456a-bffd-d6498ce448d1,2026_W23,O65606,U2277,P114,2026-06-06 19:12:13,2,3958.12,833.1,166.51,1274.97,7916.24,7083.139999999999,Wallet,Completed
72e8cd21-4747-456a-bffd-d6498ce448d1,2026_W23,O65607,U25937,P90,2026-06-02 07:06:10,2,10379.64,2165.52,161.02,3346.88,20759.28,18593.76,UPI,Completed
72e8cd21-4747-456a-bffd-d6498ce448d1,2026_W23,O65608,U5262,P88,2026-06-02 18:15:26,3,6362.48,2107.7,176.46,3056.35,19087.44,16979.739999999998,UPI,Completed
72e8cd21-4747-456a-bffd-d6498ce448d1,2026_W23,O65609,U20274,P12,2026-06-04 13:48:58,3,5529.38,19.88,199.32,2982.29,16588.14,16568.26,UPI,Completed
72e8cd21-4747-456a-bffd-d6498ce448d1,2026_W23,O65610,U24168,P106,2026-06-03 02:57:54,3,4353.6,205.35,110.02,2313.98,13060.8,12855.45,Debit Card,Completed
72e8cd21-4747-456a-bffd-d6498ce448d1,2026_W23,O65611,U17424,P121,2026-06-04 07:58:33,4,3168.81,1648.04,113.78,1984.9,12675.24,11027.2,Debit Card,Completed
72e8cd21-4747-456a-bffd-d6498ce448d1,2026_W23,O65612,U15491,P131,2026-06-06 20:43:27,3,2872.68,151.66,193.8,1523.95,8618.039999999999,8466.38,UPI,Completed
72e8cd21-4747-456a-bffd-d6498ce448d1,2026_W23,O65613,U23869,P89,2026-06-06 00:17:56,1,9725.61,47.3,101.09,1742.1,9725.61,9678.31,Credit Card,Completed
72e8cd21-4747-456a-bffd-d6498ce448d1,2026_W23,O65614,U6533,P197,2026-06-03 05:31:27,2,1602.39,109.46,165.06,557.16,3204.78,3095.32,Wallet,Completed
72e8cd21-4747-456a-bffd-d6498ce448d1,2026_W23,O65615,U23089,P139,2026-06-04 10:39:08,4,3152.91,693.42,142.01,2145.28,12611.64,11918.22,Wallet,Completed
72e8cd21-4747-456a-bffd-d6498ce448d1,2026_W23,O65616,U25964,P117,2026-06-02 11:25:54,3,9615.7,3728.74,53.67,4521.3,28847.1,25118.36,UPI,Completed
72e8cd21-4747-456a-bffd-d6498ce448d1,2026_W23,O65617,U19733,P44,2026-06-03 08:45:06,1,3831.53,572.72,110.67,586.59,3831.53,3258.8100000000004,Credit Card,Completed
72e8cd21-4747-456a-bffd-d6498ce448d1,2026_W23,O65618,U24509,P72,2026-06-04 06:24:57,3,7361.26,1869.97,172.5,3638.49,22083.78,20213.81,Debit Card,Completed
72e8cd21-4747-456a-bffd-d6498ce448d1,2026_W23,O65619,U1652,P33,2026-06-03 21:05:43,3,8155.0,522.99,69.18,4309.56,24465.0,23942.01,Debit Card,Completed
72e8cd21-4747-456a-bffd-d6498ce448d1,2026_W23,O65620,U13363,P67,2026-06-05 21:44:43,2,6380.8,186.77,110.08,2263.47,12761.6,12574.83,Debit Card,Completed
72e8cd21-4747-456a-bffd-d6498ce448d1,2026_W23,O65621,U34982,P152,2026-06-05 20:00:45,2,3680.01,450.89,169.65,1243.64,7360.02,6909.13,Debit Card,Completed
72e8cd21-4747-456a-bffd-d6498ce448d1,2026_W23,O65622,U1555,P58,2026-06-06 16:38:16,3,3367.03,588.79,159.36,1712.21,10101.09,9512.3,Credit Card,Completed
72e8cd21-4747-456a-bffd-d6498ce448d1,2026_W23,O65623,U9308,P89,2026-06-06 06:07:11,4,9725.61,3171.74,77.91,6431.53,38902.44,35730.700000000004,Credit Card,Completed
72e8cd21-4747-456a-bffd-d6498ce448d1,2026_W23,O65624,U16629,P143,2026-06-04 15:15:11,1,1686.4,233.45,95.74,261.53,1686.4,1452.95,Wallet,Completed
72e8cd21-4747-456a-bffd-d6498ce448d1,2026_W23,O65625,U7337,P177,2026-06-05 11:03:57,1,6111.68,534.34,66.27,1003.92,6111.68,5577.34,UPI,Completed
72e8cd21-4747-456a-bffd-d6498ce448d1,2026_W23,O65626,U1042,P158,2026-06-06 19:58:55,4,2851.23,849.36,97.27,1900.0,11404.92,10555.56,UPI,Completed
72e8cd21-4747-456a-bffd-d6498ce448d1,2026_W23,O65627,U3811,P146,2026-06-04 06:54:41,2,8753.05,837.56,147.33,3000.34,17506.1,16668.539999999997,Debit Card,Completed
72e8cd21-4747-456a-bffd-d6498ce448d1,2026_W23,O65628,U32341,P106,2026-06-06 23:11:09,4,4353.6,1802.22,54.11,2810.19,17414.4,15612.180000000002,UPI,Completed
72e8cd21-4747-456a-bffd-d6498ce448d1,2026_W23,O65629,U13809,P108,2026-06-06 05:23:45,2,3076.73,100.06,152.07,1089.61,6153.46,6053.4,Debit Card,Completed
72e8cd21-4747-456a-bffd-d6498ce448d1,2026_W23,O65630,U16368,P35,2026-06-04 22:27:18,3,2889.44,352.79,184.11,1496.8,8668.32,8315.529999999999,UPI,Completed
72e8cd21-4747-456a-bffd-d6498ce448d1,2026_W23,O65631,U26628,P193,2026-06-05 13:14:44,4,9271.8,2950.54,166.23,6144.6,37087.2,34136.66,Wallet,Completed
72e8cd21-4747-456a-bffd-d6498ce448d1,2026_W23,O65632,U23063,P154,2026-06-02 16:30:28,2,7488.16,1348.23,167.28,2453.06,14976.32,13628.09,Debit Card,Completed
72e8cd21-4747-456a-bffd-d6498ce448d1,2026_W23,O65633,U28597,P154,2026-06-07 05:15:10,1,7488.16,868.84,98.32,1191.48,7488.16,6619.32,Credit Card,Completed
72e8cd21-4747-456a-bffd-d6498ce448d1,2026_W23,O65634,U3131,P89,2026-06-04 02:01:30,1,9725.61,127.34,85.07,1727.69,9725.61,9598.27,UPI,Completed
72e8cd21-4747-456a-bffd-d6498ce448d1,2026_W23,O65635,U2487,P80,2026-06-06 00:10:30,3,4942.61,1671.21,68.65,2368.19,14827.829999999998,13156.62,Debit Card,Completed
72e8cd21-4747-456a-bffd-d6498ce448d1,2026_W23,O65636,U4202,P165,2026-06-04 15:57:51,4,2657.45,1429.78,94.33,1656.0,10629.8,9200.02,Wallet,Completed
72e8cd21-4747-456a-bffd-d6498ce448d1,2026_W23,O65637,U19626,P54,2026-06-03 07:55:36,1,8322.93,941.87,128.23,1328.59,8322.93,7381.06,Debit Card,Completed
72e8cd21-4747-456a-bffd-d6498ce448d1,2026_W23,O65638,U25055,P23,2026-06-05 14:05:20,2,8537.77,609.15,182.68,2963.95,17075.54,16466.39,Wallet,Completed
72e8cd21-4747-456a-bffd-d6498ce448d1,2026_W23,O65639,U29452,P181,2026-06-02 09:32:08,4,6034.6,2364.89,63.52,3919.23,24138.4,21773.51,Wallet,Completed
72e8cd21-4747-456a-bffd-d6498ce448d1,2026_W23,O65640,U19571,P18,2026-06-02 06:31:07,3,5632.45,1523.86,82.68,2767.23,16897.35,15373.489999999998,Debit Card,Completed
72e8cd21-4747-456a-bffd-d6498ce448d1,2026_W23,O65641,U22735,P111,2026-06-07 16:22:31,1,2233.14,99.19,191.79,384.11,2233.14,2133.95,Debit Card,Completed
72e8cd21-4747-456a-bffd-d6498ce448d1,2026_W23,O65642,U12046,P140,2026-06-03 07:21:20,3,4036.99,760.98,159.12,2043.0,12110.97,11349.99,UPI,Completed
72e8cd21-4747-456a-bffd-d6498ce448d1,2026_W23,O65643,U679,P42,2026-06-02 14:21:18,1,7209.49,305.44,186.55,1242.73,7209.49,6904.05,Credit Card,Completed
72e8cd21-4747-456a-bffd-d6498ce448d1,2026_W23,O65644,U25835,P67,2026-06-03 11:43:32,4,6380.8,3018.35,194.54,4050.87,25523.2,22504.85,Credit Card,Completed
72e8cd21-4747-456a-bffd-d6498ce448d1,2026_W23,O65645,U32652,P45,2026-06-03 19:34:42,4,10226.58,2013.36,110.88,7000.73,40906.32,38892.96,UPI,Completed
72e8cd21-4747-456a-bffd-d6498ce448d1,2026_W23,O65646,U23870,P155,2026-06-07 20:23:23,4,5852.84,2223.5,126.5,3813.81,23411.36,21187.86,Credit Card,Completed
72e8cd21-4747-456a-bffd-d6498ce448d1,2026_W23,O65647,U25737,P53,2026-06-03 03:07:06,1,5679.25,394.16,189.07,951.32,5679.25,5285.09,Credit Card,Completed
72e8cd21-4747-456a-bffd-d6498ce448d1,2026_W23,O65648,U1205,P181,2026-06-04 01:51:33,4,6034.6,362.24,55.93,4279.71,24138.4,23776.16,Debit Card,Completed
72e8cd21-4747-456a-bffd-d6498ce448d1,2026_W23,O65649,U23718,P132,2026-06-07 10:13:52,3,4280.82,936.53,99.54,2143.07,12842.46,11905.929999999998,Credit Card,Completed
72e8cd21-4747-456a-bffd-d6498ce448d1,2026_W23,O65650,U13352,P112,2026-06-04 06:06:43,3,7986.57,471.08,102.97,4227.95,23959.71,23488.63,Wallet,Completed
72e8cd21-4747-456a-bffd-d6498ce448d1,2026_W23,O65651,U34553,P90,2026-06-03 11:07:35,1,10379.64,779.9,177.66,1727.95,10379.64,9599.74,Wallet,Completed
72e8cd21-4747-456a-bffd-d6498ce448d1,2026_W23,O65652,U13018,P25,2026-06-03 22:35:32,3,7381.46,2075.01,105.57,3612.49,22144.38,20069.370000000003,Debit Card,Completed
72e8cd21-4747-456a-bffd-d6498ce448d1,2026_W23,O65653,U14087,P189,2026-06-04 10:15:31,4,3755.21,2217.41,173.33,2304.62,15020.84,12803.43,UPI,Completed
72e8cd21-4747-456a-bffd-d6498ce448d1,2026_W23,O65654,U2447,P117,2026-06-04 06:39:01,1,9615.7,1299.33,159.72,1496.95,9615.7,8316.37,Credit Card,Completed
72e8cd21-4747-456a-bffd-d6498ce448d1,2026_W23,O65655,U19522,P37,2026-06-07 12:38:22,3,5843.49,771.27,75.3,3016.66,17530.47,16759.2,Credit Card,Completed
72e8cd21-4747-456a-bffd-d6498ce448d1,2026_W23,O65656,U29129,P139,2026-06-07 07:15:23,2,3152.91,709.23,95.72,1007.39,6305.82,5596.59,Wallet,Completed
72e8cd21-4747-456a-bffd-d6498ce448d1,2026_W23,O65657,U9634,P196,2026-06-02 11:29:06,4,9246.31,2111.31,150.03,6277.31,36985.24,34873.93,UPI,Completed
72e8cd21-4747-456a-bffd-d6498ce448d1,2026_W23,O65658,U18789,P66,2026-06-04 01:28:05,2,5068.12,1190.32,139.07,1610.27,10136.24,8945.92,Credit Card,Completed
72e8cd21-4747-456a-bffd-d6498ce448d1,2026_W23,O65659,U34756,P174,2026-06-05 07:35:03,1,8540.78,107.27,133.22,1518.03,8540.78,8433.51,Debit Card,Completed
72e8cd21-4747-456a-bffd-d6498ce448d1,2026_W23,O65660,U13465,P56,2026-06-04 01:05:33,1,9007.41,208.24,172.16,1583.85,9007.41,8799.17,Credit Card,Completed
72e8cd21-4747-456a-bffd-d6498ce448d1,2026_W23,O65661,U29041,P72,2026-06-04 01:30:18,4,7361.26,752.39,132.74,5164.68,29445.04,28692.65,Debit Card,Completed
72e8cd21-4747-456a-bffd-d6498ce448d1,2026_W23,O65662,U29994,P152,2026-06-07 18:43:56,3,3680.01,217.93,154.04,1947.98,11040.03,10822.1,Wallet,Completed
72e8cd21-4747-456a-bffd-d6498ce448d1,2026_W23,O65663,U26765,P144,2026-06-06 19:44:43,3,3365.89,1247.75,75.65,1592.99,10097.67,8849.92,UPI,Completed
72e8cd21-4747-456a-bffd-d6498ce448d1,2026_W23,O65664,U26460,P18,2026-06-05 06:54:08,2,5632.45,454.44,183.12,1945.88,11264.9,10810.46,Credit Card,Completed
72e8cd21-4747-456a-bffd-d6498ce448d1,2026_W23,O65665,U23182,P93,2026-06-02 05:22:50,4,7912.93,2884.77,99.96,5178.05,31651.72,28766.95,Wallet,Completed
72e8cd21-4747-456a-bffd-d6498ce448d1,2026_W23,O65666,U9943,P174,2026-06-04 14:09:18,2,8540.78,2182.59,149.43,2681.81,17081.56,14898.97,Debit Card,Completed
72e8cd21-4747-456a-bffd-d6498ce448d1,2026_W23,O65667,U22593,P63,2026-06-03 22:13:34,2,11400.74,2203.14,173.29,3707.7,22801.48,20598.34,Credit Card,Completed
72e8cd21-4747-456a-bffd-d6498ce448d1,2026_W23,O65668,U2203,P109,2026-06-03 21:34:55,2,5905.39,300.9,192.27,2071.78,11810.78,11509.88,Wallet,Completed
72e8cd21-4747-456a-bffd-d6498ce448d1,2026_W23,O65669,U14201,P77,2026-06-03 00:11:37,3,2460.76,920.17,119.86,1163.18,7382.280000000001,6462.110000000001,Wallet,Completed
72e8cd21-4747-456a-bffd-d6498ce448d1,2026_W23,O65670,U11457,P95,2026-06-03 05:41:53,4,8832.47,3886.31,93.18,5659.84,35329.88,31443.57,Wallet,Completed
72e8cd21-4747-456a-bffd-d6498ce448d1,2026_W23,O65671,U19105,P78,2026-06-05 21:52:54,4,3006.64,223.14,79.52,2124.62,12026.56,11803.42,Debit Card,Completed
72e8cd21-4747-456a-bffd-d6498ce448d1,2026_W23,O65672,U29110,P26,2026-06-04 12:10:57,3,6921.53,1647.23,60.29,3441.12,20764.59,19117.36,Debit Card,Completed
72e8cd21-4747-456a-bffd-d6498ce448d1,2026_W23,O65673,U283,P13,2026-06-04 06:50:21,2,7537.32,1953.7,191.89,2361.77,15074.64,13120.94,UPI,Completed
72e8cd21-4747-456a-bffd-d6498ce448d1,2026_W23,O65674,U19733,P182,2026-06-03 02:10:30,4,1987.12,986.18,81.09,1253.21,7948.48,6962.299999999999,Credit Card,Completed
72e8cd21-4747-456a-bffd-d6498ce448d1,2026_W23,O65675,U7810,P96,2026-06-04 01:18:56,3,6736.46,1365.78,56.55,3391.85,20209.38,18843.6,UPI,Completed
72e8cd21-4747-456a-bffd-d6498ce448d1,2026_W23,O65676,U13108,P68,2026-06-03 10:45:08,4,4648.44,2130.47,182.86,2963.39,18593.76,16463.289999999997,Debit Card,Completed
72e8cd21-4747-456a-bffd-d6498ce448d1,2026_W23,O65677,U5143,P61,2026-06-06 03:43:36,4,7274.63,1794.64,137.58,4914.7,29098.52,27303.88,UPI,Completed
72e8cd21-4747-456a-bffd-d6498ce448d1,2026_W23,O65678,U30652,P117,2026-06-06 03:44:45,3,9615.7,2397.0,154.07,4761.02,28847.1,26450.1,Wallet,Completed
72e8cd21-4747-456a-bffd-d6498ce448d1,2026_W23,O65679,U18637,P131,2026-06-04 20:19:54,3,2872.68,1211.1,191.94,1333.25,8618.039999999999,7406.939999999999,Debit Card,Completed
72e8cd21-4747-456a-bffd-d6498ce448d1,2026_W23,O65680,U23097,P38,2026-06-06 23:19:13,4,9269.67,4638.39,182.73,5839.25,37078.68,32440.29,UPI,Completed
72e8cd21-4747-456a-bffd-d6498ce448d1,2026_W23,O65681,U30951,P161,2026-06-03 22:37:30,1,6131.78,60.95,155.53,1092.75,6131.78,6070.83,UPI,Completed
72e8cd21-4747-456a-bffd-d6498ce448d1,2026_W23,O65682,U20496,P187,2026-06-06 02:06:18,3,2141.32,426.32,118.55,1079.58,6423.960000000001,5997.640000000001,Credit Card,Completed
72e8cd21-4747-456a-bffd-d6498ce448d1,2026_W23,O65683,U8524,P56,2026-06-06 16:45:40,3,9007.41,649.62,152.95,4747.07,27022.23,26372.61,Debit Card,Completed
72e8cd21-4747-456a-bffd-d6498ce448d1,2026_W23,O65684,U10568,P181,2026-06-03 13:51:42,4,6034.6,2937.37,184.51,3816.19,24138.4,21201.03,UPI,Completed
72e8cd21-4747-456a-bffd-d6498ce448d1,2026_W23,O65685,U229,P58,2026-06-03 14:17:28,2,3367.03,486.95,113.84,1124.48,6734.06,6247.110000000001,UPI,Completed
72e8cd21-4747-456a-bffd-d6498ce448d1,2026_W23,O65686,U33002,P89,2026-06-02 10:53:20,1,9725.61,524.05,197.16,1656.28,9725.61,9201.56,Debit Card,Completed
72e8cd21-4747-456a-bffd-d6498ce448d1,2026_W23,O65687,U633,P144,2026-06-02 04:08:59,3,3365.89,486.04,148.36,1730.09,10097.67,9611.63,Wallet,Completed
72e8cd21-4747-456a-bffd-d6498ce448d1,2026_W23,O65688,U32128,P144,2026-06-05 15:46:31,3,3365.89,175.45,105.51,1786.0,10097.67,9922.22,UPI,Completed
72e8cd21-4747-456a-bffd-d6498ce448d1,2026_W23,O65689,U3403,P124,2026-06-03 09:45:09,3,3516.67,1371.93,118.31,1652.05,10550.01,9178.08,Debit Card,Completed
72e8cd21-4747-456a-bffd-d6498ce448d1,2026_W23,O65690,U5262,P153,2026-06-06 12:19:58,1,3236.07,166.19,108.17,552.58,3236.07,3069.88,Credit Card,Completed
72e8cd21-4747-456a-bffd-d6498ce448d1,2026_W23,O65691,U23869,P70,2026-06-04 02:47:44,2,10058.46,427.24,122.94,3544.14,20116.92,19689.68,Credit Card,Completed
72e8cd21-4747-456a-bffd-d6498ce448d1,2026_W23,O65692,U4218,P84,2026-06-02 13:11:16,3,3400.69,857.5,146.68,1682.02,10202.07,9344.57,Debit Card,Completed
72e8cd21-4747-456a-bffd-d6498ce448d1,2026_W23,O65693,U5949,P164,2026-06-03 05:04:59,3,7788.37,3008.36,165.26,3664.21,23365.11,20356.75,Debit Card,Completed
72e8cd21-4747-456a-bffd-d6498ce448d1,2026_W23,O65694,U24637,P24,2026-06-03 14:56:44,3,7207.54,2310.9,129.56,3476.11,21622.62,19311.72,UPI,Completed
72e8cd21-4747-456a-bffd-d6498ce448d1,2026_W23,O65695,U33969,P62,2026-06-03 02:51:43,2,10625.67,2139.45,65.49,3440.14,21251.34,19111.89,Credit Card,Completed
72e8cd21-4747-456a-bffd-d6498ce448d1,2026_W23,O65696,U22312,P199,2026-06-04 08:48:24,2,5324.39,1482.98,181.93,1649.84,10648.78,9165.8,Wallet,Completed
72e8cd21-4747-456a-bffd-d6498ce448d1,2026_W23,O65697,U6916,P8,2026-06-04 14:09:38,2,6662.34,147.16,125.15,2371.95,13324.68,13177.52,Debit Card,Completed
72e8cd21-4747-456a-bffd-d6498ce448d1,2026_W23,O65698,U4986,P144,2026-06-03 11:25:11,3,3365.89,989.4,72.77,1639.49,10097.67,9108.27,Debit Card,Completed
72e8cd21-4747-456a-bffd-d6498ce448d1,2026_W23,O65699,U18637,P2,2026-06-03 23:43:23,3,4248.72,1144.78,57.31,2088.25,12746.16,11601.38,Debit Card,Completed
72e8cd21-4747-456a-bffd-d6498ce448d1,2026_W23,O65700,U5712,P197,2026-06-07 00:13:58,3,1602.39,357.86,104.24,800.88,4807.17,4449.31,Debit Card,Completed
72e8cd21-4747-456a-bffd-d6498ce448d1,2026_W23,O65701,U725,P163,2026-06-04 02:33:00,2,4948.62,591.17,171.74,1675.09,9897.24,9306.07,Debit Card,Completed
72e8cd21-4747-456a-bffd-d6498ce448d1,2026_W23,O65702,U29491,P187,2026-06-05 00:54:15,2,2141.32,161.22,73.67,741.86,4282.64,4121.42,UPI,Completed
72e8cd21-4747-456a-bffd-d6498ce448d1,2026_W23,O65703,U4720,P107,2026-06-05 13:55:15,1,5037.89,26.01,123.59,902.14,5037.89,5011.88,Debit Card,Completed
72e8cd21-4747-456a-bffd-d6498ce448d1,2026_W23,O65704,U29727,P29,2026-06-07 06:40:31,1,1532.51,42.81,119.35,268.15,1532.51,1489.7,Wallet,Completed
72e8cd21-4747-456a-bffd-d6498ce448d1,2026_W23,O65705,U21593,P91,2026-06-06 23:13:42,4,4770.75,271.99,197.87,3385.98,19083.0,18811.01,Debit Card,Completed
72e8cd21-4747-456a-bffd-d6498ce448d1,2026_W23,O65706,U17583,P139,2026-06-02 07:37:45,1,3152.91,314.55,161.1,510.9,3152.91,2838.36,Debit Card,Completed
72e8cd21-4747-456a-bffd-d6498ce448d1,2026_W23,O65707,U9348,P92,2026-06-06 07:10:54,4,2278.27,1116.56,130.88,1439.37,9113.08,7996.52,Debit Card,Completed
72e8cd21-4747-456a-bffd-d6498ce448d1,2026_W23,O65708,U11152,P122,2026-06-04 10:36:42,3,7123.24,2092.39,187.23,3469.92,21369.72,19277.33,Wallet,Completed
72e8cd21-4747-456a-bffd-d6498ce448d1,2026_W23,O65709,U15034,P163,2026-06-07 14:47:31,3,4948.62,1056.22,91.57,2482.14,14845.86,13789.64,Credit Card,Completed
72e8cd21-4747-456a-bffd-d6498ce448d1,2026_W23,O65710,U34885,P160,2026-06-02 18:58:54,2,3922.12,782.49,159.97,1271.12,7844.24,7061.75,UPI,Completed
72e8cd21-4747-456a-bffd-d6498ce448d1,2026_W23,O65711,U5659,P151,2026-06-07 03:21:04,1,10300.34,678.25,65.05,1731.98,10300.34,9622.09,Debit Card,Completed
72e8cd21-4747-456a-bffd-d6498ce448d1,2026_W23,O65712,U7859,P164,2026-06-04 00:45:08,2,7788.37,1283.98,158.17,2572.7,15576.74,14292.76,Wallet,Completed
72e8cd21-4747-456a-bffd-d6498ce448d1,2026_W23,O65713,U16499,P147,2026-06-03 08:46:56,2,8552.19,1591.12,58.99,2792.39,17104.38,15513.260000000002,Credit Card,Completed
72e8cd21-4747-456a-bffd-d6498ce448d1,2026_W23,O65714,U5101,P14,2026-06-04 03:59:15,2,7736.91,1969.74,155.86,2430.73,15473.82,13504.08,Credit Card,Completed
72e8cd21-4747-456a-bffd-d6498ce448d1,2026_W23,O65715,U12968,P56,2026-06-03 08:35:27,2,9007.41,2400.63,161.73,2810.55,18014.82,15614.19,Credit Card,Completed
72e8cd21-4747-456a-bffd-d6498ce448d1,2026_W23,O65716,U31662,P155,2026-06-05 21:14:49,3,5852.84,1130.19,102.03,2957.1,17558.52,16428.33,Debit Card,Completed
72e8cd21-4747-456a-bffd-d6498ce448d1,2026_W23,O65717,U16549,P31,2026-06-06 05:11:47,4,2922.48,648.51,101.27,1987.45,11689.92,11041.41,Debit Card,Completed
72e8cd21-4747-456a-bffd-d6498ce448d1,2026_W23,O65718,U3736,P21,2026-06-02 02:50:10,1,6758.44,934.25,62.2,1048.35,6758.44,5824.19,Debit Card,Completed
72e8cd21-4747-456a-bffd-d6498ce448d1,2026_W23,O65719,U12786,P9,2026-06-06 13:53:45,4,6463.86,2432.89,63.42,4216.06,25855.44,23422.55,Wallet,Completed
72e8cd21-4747-456a-bffd-d6498ce448d1,2026_W23,O65720,U26947,P1,2026-06-07 20:26:56,3,8422.98,1624.09,124.65,4256.07,25268.94,23644.85,Credit Card,Completed
72e8cd21-4747-456a-bffd-d6498ce448d1,2026_W23,O65721,U925,P91,2026-06-03 14:21:19,4,4770.75,1700.54,170.01,3128.84,19083.0,17382.46,UPI,Completed
72e8cd21-4747-456a-bffd-d6498ce448d1,2026_W23,O65722,U8124,P77,2026-06-02 14:47:58,3,2460.76,176.96,88.1,1296.96,7382.280000000001,7205.320000000001,Credit Card,Completed
72e8cd21-4747-456a-bffd-d6498ce448d1,2026_W23,O65723,U27299,P50,2026-06-05 17:27:04,3,2577.38,1151.58,86.15,1184.5,7732.14,6580.56,UPI,Completed
72e8cd21-4747-456a-bffd-d6498ce448d1,2026_W23,O65724,U25041,P96,2026-06-02 15:59:34,1,6736.46,231.26,119.18,1170.94,6736.46,6505.2,Credit Card,Completed
72e8cd21-4747-456a-bffd-d6498ce448d1,2026_W23,O65725,U3703,P26,2026-06-03 14:44:03,3,6921.53,1814.71,73.08,3410.98,20764.59,18949.88,Wallet,Completed
72e8cd21-4747-456a-bffd-d6498ce448d1,2026_W23,O65726,U20274,P18,2026-06-03 14:03:34,2,5632.45,1661.2,164.9,1728.67,11264.9,9603.7,Credit Card,Completed
72e8cd21-4747-456a-bffd-d6498ce448d1,2026_W23,O65727,U25036,P69,2026-06-06 02:20:31,2,2752.73,401.04,187.39,918.8,5505.46,5104.42,UPI,Completed
72e8cd21-4747-456a-bffd-d6498ce448d1,2026_W23,O65728,U14348,P40,2026-06-02 16:15:59,2,5653.56,1262.52,163.16,1808.03,11307.12,10044.6,UPI,Completed
72e8cd21-4747-456a-bffd-d6498ce448d1,2026_W23,O65729,U26248,P37,2026-06-07 01:08:56,2,5843.49,1390.73,109.78,1853.32,11686.98,10296.25,UPI,Completed
72e8cd21-4747-456a-bffd-d6498ce448d1,2026_W23,O65730,U32432,P158,2026-06-05 01:53:57,2,2851.23,362.57,184.98,961.18,5702.46,5339.89,Wallet,Completed
72e8cd21-4747-456a-bffd-d6498ce448d1,2026_W23,O65731,U18844,P114,2026-06-03 02:57:37,2,3958.12,476.51,118.26,1339.15,7916.24,7439.73,Wallet,Completed
72e8cd21-4747-456a-bffd-d6498ce448d1,2026_W23,O65732,U1386,P29,2026-06-05 06:56:30,1,1532.51,200.22,110.37,239.81,1532.51,1332.29,UPI,Completed
72e8cd21-4747-456a-bffd-d6498ce448d1,2026_W23,O65733,U22279,P186,2026-06-05 13:17:51,1,7703.95,1137.78,167.75,1181.91,7703.95,6566.17,UPI,Completed
72e8cd21-4747-456a-bffd-d6498ce448d1,2026_W23,O65734,U7777,P117,2026-06-03 01:15:49,4,9615.7,456.23,167.66,6841.18,38462.8,38006.57,Wallet,Completed
72e8cd21-4747-456a-bffd-d6498ce448d1,2026_W23,O65735,U32917,P12,2026-06-02 20:10:48,3,5529.38,1921.45,195.87,2640.0,16588.14,14666.69,UPI,Completed
72e8cd21-4747-456a-bffd-d6498ce448d1,2026_W23,O65736,U7264,P83,2026-06-05 16:48:56,3,4290.17,884.74,55.14,2157.44,12870.51,11985.77,UPI,Completed
72e8cd21-4747-456a-bffd-d6498ce448d1,2026_W23,O65737,U31953,P44,2026-06-03 09:18:18,4,3831.53,390.28,124.96,2688.45,15326.12,14935.84,UPI,Completed
72e8cd21-4747-456a-bffd-d6498ce448d1,2026_W23,O65738,U8402,P116,2026-06-06 20:20:49,3,6311.89,2768.99,76.16,2910.0,18935.67,16166.680000000002,Debit Card,Completed
72e8cd21-4747-456a-bffd-d6498ce448d1,2026_W23,O65739,U25807,P141,2026-06-05 05:38:39,3,3712.37,1203.41,94.64,1788.07,11137.11,9933.7,Wallet,Completed
72e8cd21-4747-456a-bffd-d6498ce448d1,2026_W23,O65740,U16164,P74,2026-06-02 21:11:15,3,4407.74,1672.76,199.11,2079.08,13223.22,11550.46,Debit Card,Completed
72e8cd21-4747-456a-bffd-d6498ce448d1,2026_W23,O65741,U17635,P7,2026-06-04 19:33:16,4,10896.56,1767.04,116.56,7527.46,43586.24,41819.2,Credit Card,Completed
72e8cd21-4747-456a-bffd-d6498ce448d1,2026_W23,O65742,U26081,P120,2026-06-07 00:26:03,1,6088.95,39.0,199.39,1088.99,6088.95,6049.95,Credit Card,Completed
72e8cd21-4747-456a-bffd-d6498ce448d1,2026_W23,O65743,U18450,P28,2026-06-01 23:50:00,3,7134.46,1907.9,181.76,3509.19,21403.38,19495.48,Wallet,Completed
72e8cd21-4747-456a-bffd-d6498ce448d1,2026_W23,O65744,U23011,P82,2026-06-04 15:52:19,1,4676.03,649.89,74.25,724.71,4676.03,4026.14,Wallet,Completed
72e8cd21-4747-456a-bffd-d6498ce448d1,2026_W23,O65745,U21652,P124,2026-06-03 02:20:02,1,3516.67,76.19,165.87,619.29,3516.67,3440.48,UPI,Completed
72e8cd21-4747-456a-bffd-d6498ce448d1,2026_W23,O65746,U23869,P11,2026-06-05 12:56:08,3,4777.26,1246.46,113.17,2355.36,14331.78,13085.32,UPI,Completed
72e8cd21-4747-456a-bffd-d6498ce448d1,2026_W23,O65747,U614,P3,2026-06-06 14:31:34,2,6836.35,481.58,53.44,2374.4,13672.7,13191.12,Debit Card,Completed
72e8cd21-4747-456a-bffd-d6498ce448d1,2026_W23,O65748,U17452,P36,2026-06-03 22:25:03,1,5080.52,576.19,143.84,810.78,5080.52,4504.33,Wallet,Completed
72e8cd21-4747-456a-bffd-d6498ce448d1,2026_W23,O65749,U31337,P193,2026-06-06 10:50:30,4,9271.8,3799.46,121.41,5991.79,37087.2,33287.74,UPI,Completed
72e8cd21-4747-456a-bffd-d6498ce448d1,2026_W23,O65750,U128,P99,2026-06-05 05:11:39,1,5923.25,774.87,189.12,926.71,5923.25,5148.38,UPI,Completed
72e8cd21-4747-456a-bffd-d6498ce448d1,2026_W23,O65751,U28118,P96,2026-06-07 20:17:34,4,6736.46,3139.35,68.68,4285.17,26945.84,23806.49,Debit Card,Completed
72e8cd21-4747-456a-bffd-d6498ce448d1,2026_W23,O65752,U22372,P50,2026-06-07 10:55:10,4,2577.38,1480.19,112.69,1589.28,10309.52,8829.33,Debit Card,Completed
72e8cd21-4747-456a-bffd-d6498ce448d1,2026_W23,O65753,U3512,P108,2026-06-02 17:04:21,2,3076.73,166.31,52.95,1077.69,6153.46,5987.15,Wallet,Completed
72e8cd21-4747-456a-bffd-d6498ce448d1,2026_W23,O65754,U24233,P115,2026-06-06 13:21:33,2,10604.02,2910.36,191.98,3293.58,21208.04,18297.68,Credit Card,Completed
72e8cd21-4747-456a-bffd-d6498ce448d1,2026_W23,O65755,U27303,P12,2026-06-03 03:16:57,2,5529.38,1187.49,73.2,1776.83,11058.76,9871.27,Debit Card,Completed
72e8cd21-4747-456a-bffd-d6498ce448d1,2026_W23,O65756,U31956,P99,2026-06-05 10:38:48,2,5923.25,89.3,71.82,2116.3,11846.5,11757.2,Wallet,Completed
72e8cd21-4747-456a-bffd-d6498ce448d1,2026_W23,O65757,U12825,P13,2026-06-05 01:19:40,3,7537.32,231.2,95.25,4028.54,22611.96,22380.76,UPI,Completed
72e8cd21-4747-456a-bffd-d6498ce448d1,2026_W23,O65758,U5493,P60,2026-06-02 10:53:56,3,7906.19,3026.5,66.39,3724.57,23718.57,20692.07,UPI,Completed
72e8cd21-4747-456a-bffd-d6498ce448d1,2026_W23,O65759,U16596,P102,2026-06-04 09:37:40,2,2314.83,685.91,68.83,709.88,4629.66,3943.75,UPI,Completed
72e8cd21-4747-456a-bffd-d6498ce448d1,2026_W23,O65760,U2704,P11,2026-06-05 18:18:18,1,4777.26,253.75,146.87,814.23,4777.26,4523.51,Credit Card,Completed
72e8cd21-4747-456a-bffd-d6498ce448d1,2026_W23,O65761,U34477,P51,2026-06-06 06:30:05,1,5156.58,432.69,98.07,850.3,5156.58,4723.89,Wallet,Completed
72e8cd21-4747-456a-bffd-d6498ce448d1,2026_W23,O65762,U15875,P61,2026-06-04 22:49:08,4,7274.63,1204.94,52.47,5020.84,29098.52,27893.58,Debit Card,Completed
72e8cd21-4747-456a-bffd-d6498ce448d1,2026_W23,O65763,U30984,P117,2026-06-05 10:20:08,4,9615.7,4272.46,91.88,6154.26,38462.8,34190.340000000004,UPI,Completed
72e8cd21-4747-456a-bffd-d6498ce448d1,2026_W23,O65764,U10658,P39,2026-06-03 14:44:01,3,7544.04,1812.59,107.65,3747.52,22632.12,20819.53,Wallet,Completed
72e8cd21-4747-456a-bffd-d6498ce448d1,2026_W23,O65765,U10983,P137,2026-06-06 04:59:04,3,2412.96,404.56,184.59,1230.18,7238.88,6834.32,Credit Card,Completed
72e8cd21-4747-456a-bffd-d6498ce448d1,2026_W23,O65766,U12489,P10,2026-06-06 00:06:57,2,6265.23,1639.97,64.48,1960.29,12530.46,10890.49,Credit Card,Completed
72e8cd21-4747-456a-bffd-d6498ce448d1,2026_W23,O65767,U23150,P154,2026-06-06 13:35:41,4,7488.16,3461.2,59.49,4768.46,29952.64,26491.44,Credit Card,Completed
72e8cd21-4747-456a-bffd-d6498ce448d1,2026_W23,O65768,U3145,P107,2026-06-02 13:18:27,1,5037.89,291.92,186.25,854.27,5037.89,4745.97,Wallet,Completed
72e8cd21-4747-456a-bffd-d6498ce448d1,2026_W23,O65769,U5729,P142,2026-06-04 11:55:21,1,5009.2,466.31,133.65,817.72,5009.2,4542.889999999999,UPI,Completed
72e8cd21-4747-456a-bffd-d6498ce448d1,2026_W23,O65770,U12399,P11,2026-06-03 13:09:03,4,4777.26,1862.58,185.62,3104.36,19109.04,17246.46,Wallet,Completed
72e8cd21-4747-456a-bffd-d6498ce448d1,2026_W23,O65771,U3882,P71,2026-06-02 03:52:56,2,4652.78,1071.4,119.1,1482.15,9305.56,8234.16,Debit Card,Completed
72e8cd21-4747-456a-bffd-d6498ce448d1,2026_W23,O65772,U26217,P40,2026-06-07 19:23:43,4,5653.56,2444.19,110.62,3630.61,22614.24,20170.050000000003,UPI,Completed
72e8cd21-4747-456a-bffd-d6498ce448d1,2026_W23,O65773,U5029,P135,2026-06-07 14:13:10,3,4974.87,1692.61,92.38,2381.76,14924.61,13232.0,UPI,Completed
72e8cd21-4747-456a-bffd-d6498ce448d1,2026_W23,O65774,U20033,P130,2026-06-04 03:23:30,4,3717.66,429.98,96.81,2599.32,14870.64,14440.66,Credit Card,Completed
72e8cd21-4747-456a-bffd-d6498ce448d1,2026_W23,O65775,U2403,P152,2026-06-05 14:34:03,2,3680.01,350.86,81.83,1261.65,7360.02,7009.160000000001,Debit Card,Completed
72e8cd21-4747-456a-bffd-d6498ce448d1,2026_W23,O65776,U3739,P49,2026-06-03 18:27:57,2,4491.12,46.71,118.86,1608.4,8982.24,8935.53,Credit Card,Completed
72e8cd21-4747-456a-bffd-d6498ce448d1,2026_W23,O65777,U2148,P161,2026-06-06 17:15:22,1,6131.78,576.56,108.34,999.94,6131.78,5555.219999999999,Credit Card,Completed
72e8cd21-4747-456a-bffd-d6498ce448d1,2026_W23,O65778,U8884,P143,2026-06-04 12:05:34,3,1686.4,32.88,129.91,904.74,5059.200000000001,5026.320000000001,Debit Card,Completed
72e8cd21-4747-456a-bffd-d6498ce448d1,2026_W23,O65779,U19403,P5,2026-06-05 00:58:25,2,9411.93,501.06,105.18,3298.1,18823.86,18322.8,Wallet,Completed
72e8cd21-4747-456a-bffd-d6498ce448d1,2026_W23,O65780,U15672,P194,2026-06-06 03:43:48,2,7139.77,1873.28,82.05,2233.13,14279.54,12406.26,Wallet,Completed
72e8cd21-4747-456a-bffd-d6498ce448d1,2026_W23,O65781,U19899,P13,2026-06-03 07:43:08,2,7537.32,179.94,113.48,2681.05,15074.64,14894.7,Credit Card,Completed
72e8cd21-4747-456a-bffd-d6498ce448d1,2026_W23,O65782,U24171,P105,2026-06-06 20:20:22,4,2249.83,606.99,168.03,1510.62,8999.32,8392.33,Debit Card,Completed
72e8cd21-4747-456a-bffd-d6498ce448d1,2026_W23,O65783,U29536,P73,2026-06-05 12:56:04,4,2860.52,818.26,62.39,1912.29,11442.08,10623.82,UPI,Completed
72e8cd21-4747-456a-bffd-d6498ce448d1,2026_W23,O65784,U9952,P111,2026-06-05 07:49:16,4,2233.14,960.21,112.98,1435.02,8932.56,7972.349999999999,Credit Card,Completed
72e8cd21-4747-456a-bffd-d6498ce448d1,2026_W23,O65785,U6585,P199,2026-06-04 05:27:45,4,5324.39,2959.57,185.26,3300.84,21297.56,18337.99,Debit Card,Completed
72e8cd21-4747-456a-bffd-d6498ce448d1,2026_W23,O65786,U16665,P25,2026-06-07 07:17:08,2,7381.46,189.68,149.99,2623.18,14762.92,14573.24,Debit Card,Completed
72e8cd21-4747-456a-bffd-d6498ce448d1,2026_W23,O65787,U8226,P14,2026-06-07 11:31:48,2,7736.91,775.91,162.24,2645.62,15473.82,14697.91,UPI,Completed
72e8cd21-4747-456a-bffd-d6498ce448d1,2026_W23,O65788,U33604,P11,2026-06-05 01:47:20,4,4777.26,693.21,138.04,3314.85,19109.04,18415.83,UPI,Completed
72e8cd21-4747-456a-bffd-d6498ce448d1,2026_W23,O65789,U31776,P196,2026-06-04 21:23:44,1,9246.31,892.54,177.74,1503.68,9246.31,8353.77,UPI,Completed
72e8cd21-4747-456a-bffd-d6498ce448d1,2026_W23,O65790,U13306,P160,2026-06-06 00:52:44,2,3922.12,700.28,197.98,1285.91,7844.24,7143.96,Credit Card,Completed
72e8cd21-4747-456a-bffd-d6498ce448d1,2026_W23,O65791,U10548,P87,2026-06-03 12:39:30,2,2857.28,88.76,176.69,1012.64,5714.56,5625.8,Debit Card,Completed
72e8cd21-4747-456a-bffd-d6498ce448d1,2026_W23,O65792,U5387,P115,2026-06-06 05:36:08,2,10604.02,2179.13,79.07,3425.2,21208.04,19028.91,Debit Card,Completed
72e8cd21-4747-456a-bffd-d6498ce448d1,2026_W23,O65793,U16084,P58,2026-06-04 12:50:13,1,3367.03,449.61,154.85,525.14,3367.03,2917.42,Wallet,Completed
72e8cd21-4747-456a-bffd-d6498ce448d1,2026_W23,O65794,U16799,P18,2026-06-06 19:14:09,2,5632.45,1115.69,96.91,1826.86,11264.9,10149.21,UPI,Completed
72e8cd21-4747-456a-bffd-d6498ce448d1,2026_W23,O65795,U31810,P126,2026-06-02 06:53:21,1,7115.51,1015.21,175.7,1098.05,7115.51,6100.3,Credit Card,Completed
72e8cd21-4747-456a-bffd-d6498ce448d1,2026_W23,O65796,U24022,P58,2026-06-02 19:11:32,3,3367.03,1171.26,180.01,1607.37,10101.09,8929.83,Wallet,Completed
72e8cd21-4747-456a-bffd-d6498ce448d1,2026_W23,O65797,U11717,P144,2026-06-01 22:19:50,4,3365.89,1734.57,136.58,2111.22,13463.56,11728.99,Debit Card,Completed
72e8cd21-4747-456a-bffd-d6498ce448d1,2026_W23,O65798,U20033,P72,2026-06-04 19:42:49,2,7361.26,1974.14,151.1,2294.71,14722.52,12748.38,UPI,Completed
72e8cd21-4747-456a-bffd-d6498ce448d1,2026_W23,O65799,U19718,P144,2026-06-02 21:15:21,1,3365.89,411.74,142.43,531.75,3365.89,2954.15,Wallet,Completed
72e8cd21-4747-456a-bffd-d6498ce448d1,2026_W23,O65800,U31250,P145,2026-06-05 12:16:11,1,7002.35,552.81,158.89,1160.92,7002.35,6449.540000000001,UPI,Completed
72e8cd21-4747-456a-bffd-d6498ce448d1,2026_W23,O65801,U29942,P145,2026-06-05 01:20:20,2,7002.35,809.4,86.68,2375.15,14004.7,13195.3,Debit Card,Completed
72e8cd21-4747-456a-bffd-d6498ce448d1,2026_W23,O65802,U8929,P52,2026-06-06 13:51:17,3,2737.55,1107.42,149.12,1278.94,8212.650000000001,7105.230000000001,Wallet,Completed
72e8cd21-4747-456a-bffd-d6498ce448d1,2026_W23,O65803,U31843,P23,2026-06-05 09:44:58,3,8537.77,299.43,187.51,4556.5,25613.31,25313.88,Credit Card,Completed
72e8cd21-4747-456a-bffd-d6498ce448d1,2026_W23,O65804,U25559,P129,2026-06-03 06:54:01,2,4560.09,1281.78,55.01,1410.91,9120.18,7838.400000000001,Credit Card,Completed
72e8cd21-4747-456a-bffd-d6498ce448d1,2026_W23,O65805,U32085,P197,2026-06-05 05:50:18,1,1602.39,151.52,69.36,261.16,1602.39,1450.87,Credit Card,Completed
72e8cd21-4747-456a-bffd-d6498ce448d1,2026_W23,O65806,U19687,P180,2026-06-04 22:20:29,3,6330.21,2117.44,91.22,3037.17,18990.63,16873.190000000002,Credit Card,Completed
72e8cd21-4747-456a-bffd-d6498ce448d1,2026_W23,O65807,U28951,P29,2026-06-06 02:12:05,1,1532.51,31.45,60.67,270.19,1532.51,1501.06,UPI,Completed
72e8cd21-4747-456a-bffd-d6498ce448d1,2026_W23,O65808,U20303,P147,2026-06-04 14:38:45,2,8552.19,1328.36,147.21,2839.68,17104.38,15776.02,Wallet,Completed
72e8cd21-4747-456a-bffd-d6498ce448d1,2026_W23,O65809,U28228,P26,2026-06-06 03:44:28,2,6921.53,887.6,162.98,2331.98,13843.06,12955.46,Wallet,Completed
72e8cd21-4747-456a-bffd-d6498ce448d1,2026_W23,O65810,U2620,P49,2026-06-01 23:54:52,2,4491.12,401.41,57.57,1544.55,8982.24,8580.83,Debit Card,Completed
72e8cd21-4747-456a-bffd-d6498ce448d1,2026_W23,O65811,U3812,P20,2026-06-05 01:36:22,2,2140.8,137.93,105.96,745.86,4281.6,4143.67,Debit Card,Completed
72e8cd21-4747-456a-bffd-d6498ce448d1,2026_W23,O65812,U15275,P183,2026-06-05 06:13:50,2,5821.34,1063.22,66.17,1904.3,11642.68,10579.46,Credit Card,Completed
72e8cd21-4747-456a-bffd-d6498ce448d1,2026_W23,O65813,U31068,P80,2026-06-05 08:34:43,1,4942.61,254.95,142.27,843.78,4942.61,4687.66,UPI,Completed
72e8cd21-4747-456a-bffd-d6498ce448d1,2026_W23,O65814,U28930,P130,2026-06-04 03:21:28,2,3717.66,619.0,169.71,1226.94,7435.32,6816.32,Debit Card,Completed
72e8cd21-4747-456a-bffd-d6498ce448d1,2026_W23,O65815,U33652,P9,2026-06-03 19:22:27,2,6463.86,999.73,52.92,2147.04,12927.72,11927.99,Credit Card,Completed
72e8cd21-4747-456a-bffd-d6498ce448d1,2026_W23,O65816,U9067,P47,2026-06-07 01:45:43,1,8854.8,750.55,144.87,1458.76,8854.8,8104.249999999999,UPI,Completed
72e8cd21-4747-456a-bffd-d6498ce448d1,2026_W23,O65817,U15383,P116,2026-06-06 05:46:30,1,6311.89,766.67,168.93,998.14,6311.89,5545.22,Credit Card,Completed
72e8cd21-4747-456a-bffd-d6498ce448d1,2026_W23,O65818,U18809,P3,2026-06-02 10:46:28,2,6836.35,798.61,123.32,2317.34,13672.7,12874.09,Debit Card,Completed
72e8cd21-4747-456a-bffd-d6498ce448d1,2026_W23,O65819,U16592,P80,2026-06-03 03:37:32,2,4942.61,546.04,65.87,1681.05,9885.22,9339.18,UPI,Completed
72e8cd21-4747-456a-bffd-d6498ce448d1,2026_W23,O65820,U23132,P180,2026-06-04 13:16:13,4,6330.21,2459.76,124.05,4114.99,25320.84,22861.08,Debit Card,Completed
72e8cd21-4747-456a-bffd-d6498ce448d1,2026_W23,O65821,U16506,P44,2026-06-04 10:14:38,3,3831.53,1318.3,145.17,1831.73,11494.59,10176.29,UPI,Completed
72e8cd21-4747-456a-bffd-d6498ce448d1,2026_W23,O65822,U6560,P8,2026-06-07 08:45:44,1,6662.34,815.41,193.0,1052.45,6662.34,5846.93,UPI,Completed
72e8cd21-4747-456a-bffd-d6498ce448d1,2026_W23,O65823,U17669,P99,2026-06-03 21:45:51,4,5923.25,929.44,142.48,4097.44,23693.0,22763.56,Wallet,Completed
72e8cd21-4747-456a-bffd-d6498ce448d1,2026_W23,O65824,U18262,P68,2026-06-03 14:06:51,3,4648.44,1508.99,81.75,2238.54,13945.32,12436.33,UPI,Completed
72e8cd21-4747-456a-bffd-d6498ce448d1,2026_W23,O65825,U14643,P160,2026-06-03 21:40:14,2,3922.12,532.38,86.54,1316.13,7844.24,7311.86,Wallet,Completed
72e8cd21-4747-456a-bffd-d6498ce448d1,2026_W23,O65826,U5774,P100,2026-06-06 02:45:56,3,6025.88,1700.48,90.52,2947.89,18077.64,16377.16,Credit Card,Completed
72e8cd21-4747-456a-bffd-d6498ce448d1,2026_W23,O65827,U6464,P77,2026-06-06 17:44:38,1,2460.76,138.91,164.94,417.93,2460.76,2321.8500000000004,UPI,Completed
72e8cd21-4747-456a-bffd-d6498ce448d1,2026_W23,O65828,U14889,P107,2026-06-02 23:56:52,1,5037.89,187.49,179.17,873.07,5037.89,4850.400000000001,Wallet,Completed
72e8cd21-4747-456a-bffd-d6498ce448d1,2026_W23,O65829,U15208,P19,2026-06-04 00:27:20,3,10412.16,3131.92,70.15,5058.82,31236.48,28104.56,UPI,Completed
72e8cd21-4747-456a-bffd-d6498ce448d1,2026_W23,O65830,U32131,P144,2026-06-05 11:59:08,2,3365.89,786.52,95.22,1070.15,6731.78,5945.26,Wallet,Completed
72e8cd21-4747-456a-bffd-d6498ce448d1,2026_W23,O65831,U10383,P98,2026-06-06 08:59:04,3,9747.59,1468.32,58.33,4999.4,29242.77,27774.45,Credit Card,Completed
72e8cd21-4747-456a-bffd-d6498ce448d1,2026_W23,O65832,U22657,P70,2026-06-06 09:15:33,1,10058.46,256.17,137.86,1764.41,10058.46,9802.29,Credit Card,Completed
72e8cd21-4747-456a-bffd-d6498ce448d1,2026_W23,O65833,U23348,P27,2026-06-04 15:43:35,2,4374.27,507.29,193.01,1483.42,8748.54,8241.25,Credit Card,Completed
72e8cd21-4747-456a-bffd-d6498ce448d1,2026_W23,O65834,U31864,P76,2026-06-02 01:55:39,3,1956.86,284.67,91.89,1005.46,5870.58,5585.91,Wallet,Completed
72e8cd21-4747-456a-bffd-d6498ce448d1,2026_W23,O65835,U22063,P165,2026-06-06 18:30:48,1,2657.45,358.2,146.72,413.86,2657.45,2299.25,Debit Card,Completed
72e8cd21-4747-456a-bffd-d6498ce448d1,2026_W23,O65836,U34453,P5,2026-06-03 05:08:39,2,9411.93,2819.35,83.51,2880.81,18823.86,16004.51,Debit Card,Completed
72e8cd21-4747-456a-bffd-d6498ce448d1,2026_W23,O65837,U16970,P123,2026-06-02 11:53:21,1,7379.51,414.01,67.1,1253.79,7379.51,6965.5,Credit Card,Completed
72e8cd21-4747-456a-bffd-d6498ce448d1,2026_W23,O65838,U12950,P154,2026-06-03 23:33:18,1,7488.16,954.17,134.31,1176.12,7488.16,6533.99,Credit Card,Completed
72e8cd21-4747-456a-bffd-d6498ce448d1,2026_W23,O65839,U8583,P86,2026-06-05 01:18:59,1,5552.06,177.53,130.35,967.42,5552.06,5374.530000000001,UPI,Completed
72e8cd21-4747-456a-bffd-d6498ce448d1,2026_W23,O65840,U10490,P148,2026-06-03 07:51:17,4,3184.27,1629.69,103.23,1999.33,12737.08,11107.39,UPI,Completed
72e8cd21-4747-456a-bffd-d6498ce448d1,2026_W23,O65841,U21002,P145,2026-06-06 11:37:35,4,7002.35,2484.03,130.87,4594.57,28009.4,25525.370000000003,UPI,Completed
72e8cd21-4747-456a-bffd-d6498ce448d1,2026_W23,O65842,U1012,P158,2026-06-05 23:22:19,1,2851.23,330.43,136.42,453.74,2851.23,2520.8,Wallet,Completed
72e8cd21-4747-456a-bffd-d6498ce448d1,2026_W23,O65843,U13022,P90,2026-06-02 14:31:27,2,10379.64,269.62,178.84,3688.14,20759.28,20489.66,Debit Card,Completed
72e8cd21-4747-456a-bffd-d6498ce448d1,2026_W23,O65844,U9556,P66,2026-06-04 04:53:15,4,5068.12,1775.99,105.66,3329.37,20272.48,18496.49,Debit Card,Completed
72e8cd21-4747-456a-bffd-d6498ce448d1,2026_W23,O65845,U8909,P158,2026-06-05 04:57:12,4,2851.23,1611.78,154.21,1762.77,11404.92,9793.14,Wallet,Completed
72e8cd21-4747-456a-bffd-d6498ce448d1,2026_W23,O65846,U17920,P125,2026-06-04 11:56:31,3,7881.51,2380.77,146.5,3827.48,23644.53,21263.76,UPI,Completed
72e8cd21-4747-456a-bffd-d6498ce448d1,2026_W23,O65847,U15897,P140,2026-06-03 08:00:52,3,4036.99,134.12,106.5,2155.83,12110.97,11976.85,Credit Card,Completed
72e8cd21-4747-456a-bffd-d6498ce448d1,2026_W23,O65848,U29944,P133,2026-06-03 07:20:28,2,9654.47,282.21,147.82,3424.81,19308.94,19026.73,Credit Card,Completed
72e8cd21-4747-456a-bffd-d6498ce448d1,2026_W23,O65849,U29965,P137,2026-06-03 10:21:53,4,2412.96,940.96,119.26,1567.96,9651.84,8710.880000000001,UPI,Completed
72e8cd21-4747-456a-bffd-d6498ce448d1,2026_W23,O65850,U23788,P14,2026-06-05 23:19:04,3,7736.91,1116.51,173.95,3976.96,23210.73,22094.22,Credit Card,Completed
72e8cd21-4747-456a-bffd-d6498ce448d1,2026_W23,O65851,U22492,P40,2026-06-04 14:49:06,3,5653.56,155.14,156.22,3025.0,16960.68,16805.54,Debit Card,Completed
72e8cd21-4747-456a-bffd-d6498ce448d1,2026_W23,O65852,U4741,P160,2026-06-03 20:50:52,4,3922.12,346.21,81.4,2761.61,15688.48,15342.27,Credit Card,Completed
72e8cd21-4747-456a-bffd-d6498ce448d1,2026_W23,O65853,U32925,P82,2026-06-05 12:34:09,3,4676.03,1506.34,69.92,2253.92,14028.09,12521.75,Debit Card,Completed
72e8cd21-4747-456a-bffd-d6498ce448d1,2026_W23,O65854,U17870,P153,2026-06-05 00:10:37,1,3236.07,98.1,109.4,564.83,3236.07,3137.9700000000003,Wallet,Completed
72e8cd21-4747-456a-bffd-d6498ce448d1,2026_W23,O65855,U29244,P180,2026-06-04 03:02:04,2,6330.21,1753.34,139.98,1963.27,12660.42,10907.08,Wallet,Completed
72e8cd21-4747-456a-bffd-d6498ce448d1,2026_W23,O65856,U266,P173,2026-06-05 21:46:35,4,5411.96,2239.73,153.99,3493.46,21647.84,19408.11,UPI,Completed
72e8cd21-4747-456a-bffd-d6498ce448d1,2026_W23,O65857,U25059,P86,2026-06-06 10:58:08,2,5552.06,253.86,56.24,1953.05,11104.12,10850.26,Debit Card,Completed
72e8cd21-4747-456a-bffd-d6498ce448d1,2026_W23,O65858,U27924,P141,2026-06-02 08:47:24,1,3712.37,163.49,193.64,638.8,3712.37,3548.88,Credit Card,Completed
72e8cd21-4747-456a-bffd-d6498ce448d1,2026_W23,O65859,U2773,P155,2026-06-06 00:53:56,1,5852.84,122.38,197.9,1031.48,5852.84,5730.46,UPI,Completed
72e8cd21-4747-456a-bffd-d6498ce448d1,2026_W23,O65860,U27761,P123,2026-06-07 03:41:54,1,7379.51,1022.04,60.53,1144.34,7379.51,6357.47,Wallet,Completed
72e8cd21-4747-456a-bffd-d6498ce448d1,2026_W23,O65861,U1445,P35,2026-06-05 17:03:11,3,2889.44,146.54,105.44,1533.92,8668.32,8521.779999999999,Wallet,Completed
72e8cd21-4747-456a-bffd-d6498ce448d1,2026_W23,O65862,U32300,P6,2026-06-07 02:30:37,1,6942.01,502.73,154.47,1159.07,6942.01,6439.280000000001,Debit Card,Completed
72e8cd21-4747-456a-bffd-d6498ce448d1,2026_W23,O65863,U1613,P197,2026-06-07 07:25:19,4,1602.39,859.69,105.19,998.98,6409.56,5549.870000000001,Credit Card,Completed
72e8cd21-4747-456a-bffd-d6498ce448d1,2026_W23,O65864,U16896,P171,2026-06-03 15:48:24,4,3668.91,829.47,90.6,2492.31,14675.64,13846.17,Wallet,Completed
72e8cd21-4747-456a-bffd-d6498ce448d1,2026_W23,O65865,U10956,P143,2026-06-07 09:03:23,3,1686.4,202.06,73.06,874.29,5059.200000000001,4857.14,Credit Card,Completed
72e8cd21-4747-456a-bffd-d6498ce448d1,2026_W23,O65866,U7155,P77,2026-06-03 22:18:45,3,2460.76,65.35,105.12,1317.05,7382.280000000001,7316.93,Wallet,Completed
72e8cd21-4747-456a-bffd-d6498ce448d1,2026_W23,O65867,U22725,P168,2026-06-07 19:38:37,2,4347.14,194.58,95.84,1529.95,8694.28,8499.7,UPI,Completed
72e8cd21-4747-456a-bffd-d6498ce448d1,2026_W23,O65868,U10708,P127,2026-06-02 17:00:12,4,7703.2,3595.77,97.84,4899.07,30812.8,27217.03,UPI,Completed
72e8cd21-4747-456a-bffd-d6498ce448d1,2026_W23,O65869,U15656,P174,2026-06-04 01:58:56,3,8540.78,3133.83,59.52,4047.93,25622.340000000004,22488.51,UPI,Completed
72e8cd21-4747-456a-bffd-d6498ce448d1,2026_W23,O65870,U31484,P127,2026-06-04 15:53:03,1,7703.2,802.32,196.16,1242.16,7703.2,6900.88,UPI,Completed
72e8cd21-4747-456a-bffd-d6498ce448d1,2026_W23,O65871,U25534,P21,2026-06-01 22:23:13,2,6758.44,1253.69,54.74,2207.37,13516.88,12263.19,Debit Card,Completed
72e8cd21-4747-456a-bffd-d6498ce448d1,2026_W23,O65872,U20243,P160,2026-06-04 03:05:35,2,3922.12,1144.56,195.37,1205.94,7844.24,6699.68,Debit Card,Completed
72e8cd21-4747-456a-bffd-d6498ce448d1,2026_W23,O65873,U23422,P80,2026-06-06 16:06:21,1,4942.61,512.01,126.41,797.51,4942.61,4430.599999999999,Credit Card,Completed
72e8cd21-4747-456a-bffd-d6498ce448d1,2026_W23,O65874,U33448,P108,2026-06-03 15:37:03,3,3076.73,434.84,198.19,1583.16,9230.19,8795.35,UPI,Completed
72e8cd21-4747-456a-bffd-d6498ce448d1,2026_W23,O65875,U27100,P20,2026-06-07 01:07:04,1,2140.8,11.11,184.1,383.34,2140.8,2129.69,Credit Card,Completed
72e8cd21-4747-456a-bffd-d6498ce448d1,2026_W23,O65876,U27267,P19,2026-06-06 02:46:50,1,10412.16,785.17,197.98,1732.86,10412.16,9626.99,UPI,Completed
72e8cd21-4747-456a-bffd-d6498ce448d1,2026_W23,O65877,U26078,P73,2026-06-03 08:25:31,4,2860.52,1486.96,189.98,1791.92,11442.08,9955.12,UPI,Completed
72e8cd21-4747-456a-bffd-d6498ce448d1,2026_W23,O65878,U8267,P73,2026-06-05 03:04:18,2,2860.52,573.64,106.96,926.53,5721.04,5147.4,Wallet,Completed
72e8cd21-4747-456a-bffd-d6498ce448d1,2026_W23,O65879,U17054,P151,2026-06-07 16:48:40,1,10300.34,1406.46,83.97,1600.9,10300.34,8893.880000000001,Wallet,Completed
72e8cd21-4747-456a-bffd-d6498ce448d1,2026_W23,O65880,U29737,P4,2026-06-05 02:11:06,4,4763.57,2440.45,122.37,2990.49,19054.28,16613.829999999998,UPI,Completed
72e8cd21-4747-456a-bffd-d6498ce448d1,2026_W23,O65881,U11099,P58,2026-06-03 20:50:14,3,3367.03,875.98,183.74,1660.52,10101.09,9225.11,UPI,Completed
72e8cd21-4747-456a-bffd-d6498ce448d1,2026_W23,O65882,U26148,P15,2026-06-03 05:14:29,1,1828.72,114.45,98.48,308.57,1828.72,1714.27,Debit Card,Completed
72e8cd21-4747-456a-bffd-d6498ce448d1,2026_W23,O65883,U29140,P7,2026-06-02 09:47:14,4,10896.56,5924.73,88.13,6779.07,43586.24,37661.51,UPI,Completed
72e8cd21-4747-456a-bffd-d6498ce448d1,2026_W23,O65884,U2429,P177,2026-06-02 16:15:26,4,6111.68,3449.12,150.66,3779.57,24446.72,20997.6,Wallet,Completed
72e8cd21-4747-456a-bffd-d6498ce448d1,2026_W23,O65885,U29491,P13,2026-06-03 02:37:52,4,7537.32,10.19,153.65,5425.04,30149.28,30139.09,Wallet,Completed
72e8cd21-4747-456a-bffd-d6498ce448d1,2026_W23,O65886,U15771,P100,2026-06-04 04:11:41,3,6025.88,2326.76,93.11,2835.16,18077.64,15750.88,Wallet,Completed
72e8cd21-4747-456a-bffd-d6498ce448d1,2026_W23,O65887,U15042,P161,2026-06-04 14:43:56,1,6131.78,87.63,158.97,1087.95,6131.78,6044.15,Debit Card,Completed
72e8cd21-4747-456a-bffd-d6498ce448d1,2026_W23,O65888,U19315,P14,2026-06-03 13:01:00,4,7736.91,3491.6,59.94,4942.09,30947.64,27456.04,UPI,Completed
72e8cd21-4747-456a-bffd-d6498ce448d1,2026_W23,O65889,U24623,P166,2026-06-07 14:43:43,4,6824.24,307.29,133.06,4858.14,27296.96,26989.67,Credit Card,Completed
72e8cd21-4747-456a-bffd-d6498ce448d1,2026_W23,O65890,U2093,P151,2026-06-03 16:55:52,3,10300.34,1737.01,164.92,5249.52,30901.02,29164.01,Wallet,Completed
72e8cd21-4747-456a-bffd-d6498ce448d1,2026_W23,O65891,U9830,P156,2026-06-07 13:30:03,1,7497.11,544.6,154.82,1251.45,7497.11,6952.509999999999,Debit Card,Completed
72e8cd21-4747-456a-bffd-d6498ce448d1,2026_W23,O65892,U24450,P162,2026-06-06 07:54:57,2,4947.62,870.03,123.05,1624.54,9895.24,9025.21,Debit Card,Completed
72e8cd21-4747-456a-bffd-d6498ce448d1,2026_W23,O65893,U24137,P8,2026-06-03 07:38:08,2,6662.34,418.87,165.2,2323.05,13324.68,12905.81,Debit Card,Completed
72e8cd21-4747-456a-bffd-d6498ce448d1,2026_W23,O65894,U1815,P48,2026-06-05 20:08:34,4,4680.1,2157.01,114.34,2981.41,18720.4,16563.39,UPI,Completed
72e8cd21-4747-456a-bffd-d6498ce448d1,2026_W23,O65895,U33964,P153,2026-06-06 05:49:07,3,3236.07,1436.36,86.95,1488.93,9708.21,8271.85,UPI,Completed
72e8cd21-4747-456a-bffd-d6498ce448d1,2026_W23,O65896,U20041,P61,2026-06-02 11:15:40,3,7274.63,503.36,130.18,3837.7,21823.89,21320.53,Debit Card,Completed
72e8cd21-4747-456a-bffd-d6498ce448d1,2026_W23,O65897,U27299,P30,2026-06-05 20:10:03,3,10435.98,725.6,107.83,5504.82,31307.94,30582.34,UPI,Completed
72e8cd21-4747-456a-bffd-d6498ce448d1,2026_W23,O65898,U8272,P18,2026-06-03 02:32:54,3,5632.45,725.42,169.99,2910.95,16897.35,16171.929999999998,Wallet,Completed
72e8cd21-4747-456a-bffd-d6498ce448d1,2026_W23,O65899,U23411,P98,2026-06-06 08:25:43,2,9747.59,74.73,150.67,3495.68,19495.18,19420.45,UPI,Completed
72e8cd21-4747-456a-bffd-d6498ce448d1,2026_W23,O65900,U11382,P113,2026-06-06 07:30:30,2,5995.63,1253.81,54.25,1932.74,11991.26,10737.45,UPI,Completed
72e8cd21-4747-456a-bffd-d6498ce448d1,2026_W23,O65901,U7976,P80,2026-06-06 09:22:00,3,4942.61,1550.78,138.93,2389.87,14827.829999999998,13277.049999999996,Wallet,Completed
72e8cd21-4747-456a-bffd-d6498ce448d1,2026_W23,O65902,U23996,P124,2026-06-06 23:25:19,4,3516.67,265.91,63.86,2484.14,14066.68,13800.77,Wallet,Completed
72e8cd21-4747-456a-bffd-d6498ce448d1,2026_W23,O65903,U32936,P182,2026-06-07 10:00:51,3,1987.12,705.9,114.14,945.98,5961.36,5255.46,Wallet,Completed
72e8cd21-4747-456a-bffd-d6498ce448d1,2026_W23,O65904,U7469,P103,2026-06-07 06:06:22,3,4922.25,236.01,95.61,2615.53,14766.75,14530.74,UPI,Completed
72e8cd21-4747-456a-bffd-d6498ce448d1,2026_W23,O65905,U33604,P122,2026-06-02 18:41:57,2,7123.24,1314.01,114.55,2327.84,14246.48,12932.47,Debit Card,Completed
72e8cd21-4747-456a-bffd-d6498ce448d1,2026_W23,O65906,U34553,P187,2026-06-04 04:21:28,3,2141.32,120.99,177.8,1134.53,6423.960000000001,6302.970000000001,Debit Card,Completed
72e8cd21-4747-456a-bffd-d6498ce448d1,2026_W23,O65907,U25981,P171,2026-06-07 00:14:09,3,3668.91,1336.43,76.9,1740.65,11006.73,9670.3,Wallet,Completed
72e8cd21-4747-456a-bffd-d6498ce448d1,2026_W23,O65908,U28040,P15,2026-06-07 11:16:19,4,1828.72,6.25,61.08,1315.55,7314.88,7308.63,Credit Card,Completed
72e8cd21-4747-456a-bffd-d6498ce448d1,2026_W23,O65909,U8876,P113,2026-06-04 21:59:40,2,5995.63,983.15,145.84,1981.46,11991.26,11008.11,UPI,Completed
72e8cd21-4747-456a-bffd-d6498ce448d1,2026_W23,O65910,U12937,P65,2026-06-06 11:33:19,3,9814.57,1433.02,175.83,5041.92,29443.71,28010.69,Wallet,Completed
72e8cd21-4747-456a-bffd-d6498ce448d1,2026_W23,O65911,U5476,P163,2026-06-07 20:16:10,2,4948.62,294.63,58.19,1728.47,9897.24,9602.61,UPI,Completed
72e8cd21-4747-456a-bffd-d6498ce448d1,2026_W23,O65912,U8412,P35,2026-06-07 16:58:16,3,2889.44,678.45,102.66,1438.18,8668.32,7989.87,Debit Card,Completed
72e8cd21-4747-456a-bffd-d6498ce448d1,2026_W23,O65913,U7835,P17,2026-06-07 06:16:51,4,8998.12,3262.02,196.87,5891.48,35992.48,32730.460000000003,Wallet,Completed
72e8cd21-4747-456a-bffd-d6498ce448d1,2026_W23,O65914,U29676,P36,2026-06-02 11:42:34,1,5080.52,217.53,143.96,875.34,5080.52,4862.990000000001,Debit Card,Completed
72e8cd21-4747-456a-bffd-d6498ce448d1,2026_W23,O65915,U30206,P18,2026-06-02 15:32:52,4,5632.45,3211.61,78.96,3477.27,22529.8,19318.19,Wallet,Completed
72e8cd21-4747-456a-bffd-d6498ce448d1,2026_W23,O65916,U29421,P172,2026-06-05 19:48:19,2,1445.78,228.45,170.49,479.36,2891.56,2663.11,Credit Card,Completed
72e8cd21-4747-456a-bffd-d6498ce448d1,2026_W23,O65917,U7193,P57,2026-06-07 02:05:23,4,8106.78,3689.43,134.81,5172.78,32427.12,28737.69,UPI,Completed
72e8cd21-4747-456a-bffd-d6498ce448d1,2026_W23,O65918,U8912,P89,2026-06-06 02:16:41,3,9725.61,3059.54,86.09,4701.11,29176.83,26117.29,Wallet,Completed
72e8cd21-4747-456a-bffd-d6498ce448d1,2026_W23,O65919,U30788,P119,2026-06-03 13:22:52,1,2931.16,143.39,179.78,501.8,2931.16,2787.77,Wallet,Completed
72e8cd21-4747-456a-bffd-d6498ce448d1,2026_W23,O65920,U16384,P180,2026-06-04 15:20:06,2,6330.21,1764.88,141.15,1961.2,12660.42,10895.54,Wallet,Completed
72e8cd21-4747-456a-bffd-d6498ce448d1,2026_W23,O65921,U23087,P25,2026-06-03 15:21:45,3,7381.46,914.54,183.65,3821.37,22144.38,21229.84,UPI,Completed
72e8cd21-4747-456a-bffd-d6498ce448d1,2026_W23,O65922,U12748,P19,2026-06-03 20:21:59,2,10412.16,1646.46,57.81,3452.01,20824.32,19177.86,Wallet,Completed
72e8cd21-4747-456a-bffd-d6498ce448d1,2026_W23,O65923,U20828,P41,2026-06-05 10:12:33,3,11748.5,4794.07,196.23,5481.26,35245.5,30451.43,Wallet,Completed
72e8cd21-4747-456a-bffd-d6498ce448d1,2026_W23,O65924,U4337,P101,2026-06-03 10:13:57,3,10959.44,2563.93,50.99,5456.59,32878.32,30314.39,Credit Card,Completed
72e8cd21-4747-456a-bffd-d6498ce448d1,2026_W23,O65925,U26845,P111,2026-06-07 18:13:47,2,2233.14,212.62,197.32,765.66,4466.28,4253.66,Debit Card,Completed
72e8cd21-4747-456a-bffd-d6498ce448d1,2026_W23,O65926,U33943,P95,2026-06-06 15:27:31,1,8832.47,1071.26,101.87,1397.02,8832.47,7761.209999999999,Debit Card,Completed
72e8cd21-4747-456a-bffd-d6498ce448d1,2026_W23,O65927,U19940,P172,2026-06-02 09:52:08,3,1445.78,237.75,146.44,737.93,4337.34,4099.59,Wallet,Completed
72e8cd21-4747-456a-bffd-d6498ce448d1,2026_W23,O65928,U25937,P167,2026-06-03 23:59:01,4,10191.01,1388.7,145.53,7087.56,40764.04,39375.34,Debit Card,Completed
72e8cd21-4747-456a-bffd-d6498ce448d1,2026_W23,O65929,U22341,P114,2026-06-07 05:50:20,3,3958.12,1654.95,113.15,1839.49,11874.36,10219.41,Wallet,Completed
72e8cd21-4747-456a-bffd-d6498ce448d1,2026_W23,O65930,U23843,P84,2026-06-05 20:31:51,2,3400.69,609.08,90.87,1114.61,6801.38,6192.3,UPI,Completed
72e8cd21-4747-456a-bffd-d6498ce448d1,2026_W23,O65931,U10068,P101,2026-06-06 11:21:45,4,10959.44,1821.13,59.33,7562.99,43837.76,42016.630000000005,UPI,Completed
72e8cd21-4747-456a-bffd-d6498ce448d1,2026_W23,O65932,U16642,P17,2026-06-06 02:10:43,1,8998.12,557.53,180.71,1519.31,8998.12,8440.59,UPI,Completed
72e8cd21-4747-456a-bffd-d6498ce448d1,2026_W23,O65933,U27720,P92,2026-06-03 11:50:29,2,2278.27,339.77,150.03,759.02,4556.54,4216.77,UPI,Completed
72e8cd21-4747-456a-bffd-d6498ce448d1,2026_W23,O65934,U6481,P6,2026-06-01 23:33:29,2,6942.01,459.08,66.27,2416.49,13884.02,13424.94,Debit Card,Completed
72e8cd21-4747-456a-bffd-d6498ce448d1,2026_W23,O65935,U5575,P80,2026-06-02 01:20:48,4,4942.61,1889.91,125.29,3218.5,19770.44,17880.53,UPI,Completed
72e8cd21-4747-456a-bffd-d6498ce448d1,2026_W23,O65936,U3177,P136,2026-06-05 09:24:31,2,2987.05,190.31,89.57,1041.08,5974.1,5783.79,Credit Card,Completed
72e8cd21-4747-456a-bffd-d6498ce448d1,2026_W23,O65937,U34673,P183,2026-06-06 00:25:18,3,5821.34,307.4,186.3,3088.19,17464.02,17156.62,Wallet,Completed
72e8cd21-4747-456a-bffd-d6498ce448d1,2026_W23,O65938,U28688,P60,2026-06-06 22:57:56,3,7906.19,2165.53,71.48,3879.55,23718.57,21553.04,UPI,Completed
72e8cd21-4747-456a-bffd-d6498ce448d1,2026_W23,O65939,U22295,P153,2026-06-04 02:47:17,4,3236.07,130.16,158.52,2306.54,12944.28,12814.12,Wallet,Completed
72e8cd21-4747-456a-bffd-d6498ce448d1,2026_W23,O65940,U34553,P13,2026-06-05 05:37:25,1,7537.32,1094.5,106.55,1159.71,7537.32,6442.82,Wallet,Completed
72e8cd21-4747-456a-bffd-d6498ce448d1,2026_W23,O65941,U10045,P52,2026-06-04 12:25:31,4,2737.55,1642.21,180.25,1675.44,10950.2,9307.990000000002,Wallet,Completed
72e8cd21-4747-456a-bffd-d6498ce448d1,2026_W23,O65942,U21272,P179,2026-06-02 13:47:46,2,6023.34,1097.34,129.93,1970.88,12046.68,10949.34,Debit Card,Completed
72e8cd21-4747-456a-bffd-d6498ce448d1,2026_W23,O65943,U6081,P6,2026-06-03 21:41:57,4,6942.01,3130.39,127.27,4434.78,27768.04,24637.65,Debit Card,Completed
72e8cd21-4747-456a-bffd-d6498ce448d1,2026_W23,O65944,U15122,P97,2026-06-02 23:35:12,4,5186.28,619.59,175.09,3622.6,20745.12,20125.53,Debit Card,Completed
72e8cd21-4747-456a-bffd-d6498ce448d1,2026_W23,O65945,U9867,P183,2026-06-07 00:35:31,2,5821.34,181.62,125.2,2062.99,11642.68,11461.06,UPI,Completed
72e8cd21-4747-456a-bffd-d6498ce448d1,2026_W23,O65946,U13212,P107,2026-06-05 13:40:03,3,5037.89,2026.38,138.03,2355.71,15113.670000000002,13087.29,UPI,Completed
72e8cd21-4747-456a-bffd-d6498ce448d1,2026_W23,O65947,U26525,P53,2026-06-05 16:04:47,4,5679.25,3359.63,156.87,3484.33,22717.0,19357.37,Debit Card,Completed
72e8cd21-4747-456a-bffd-d6498ce448d1,2026_W23,O65948,U26301,P123,2026-06-06 21:27:42,2,7379.51,1866.43,77.6,2320.67,14759.02,12892.59,Debit Card,Completed
72e8cd21-4747-456a-bffd-d6498ce448d1,2026_W23,O65949,U28779,P178,2026-06-03 17:42:08,2,7201.61,138.3,78.51,2567.69,14403.22,14264.92,Wallet,Completed
72e8cd21-4747-456a-bffd-d6498ce448d1,2026_W23,O65950,U9585,P89,2026-06-02 00:18:19,2,9725.61,2472.34,172.54,3056.2,19451.22,16978.88,UPI,Completed
72e8cd21-4747-456a-bffd-d6498ce448d1,2026_W23,O65951,U32232,P31,2026-06-06 04:52:36,4,2922.48,1295.68,54.64,1870.96,11689.92,10394.24,Credit Card,Completed
72e8cd21-4747-456a-bffd-d6498ce448d1,2026_W23,O65952,U32010,P65,2026-06-05 22:21:00,1,9814.57,1105.13,120.25,1567.7,9814.57,8709.439999999999,Wallet,Completed
72e8cd21-4747-456a-bffd-d6498ce448d1,2026_W23,O65953,U33553,P170,2026-06-02 00:16:25,4,9183.37,276.4,92.1,6562.27,36733.48,36457.08,Credit Card,Completed
72e8cd21-4747-456a-bffd-d6498ce448d1,2026_W23,O65954,U72,P79,2026-06-06 10:08:13,1,4029.4,309.59,73.95,669.57,4029.4,3719.81,Wallet,Completed
72e8cd21-4747-456a-bffd-d6498ce448d1,2026_W23,O65955,U8848,P86,2026-06-04 20:21:02,4,5552.06,930.78,145.64,3829.94,22208.24,21277.460000000003,Wallet,Completed
72e8cd21-4747-456a-bffd-d6498ce448d1,2026_W23,O65956,U7777,P55,2026-06-07 00:39:07,4,2495.43,1004.19,195.19,1615.96,9981.72,8977.529999999999,Wallet,Completed
72e8cd21-4747-456a-bffd-d6498ce448d1,2026_W23,O65957,U26771,P113,2026-06-06 08:19:00,2,5995.63,1331.19,66.8,1918.81,11991.26,10660.07,UPI,Completed
72e8cd21-4747-456a-bffd-d6498ce448d1,2026_W23,O65958,U13524,P16,2026-06-02 11:12:22,3,9334.87,2607.82,104.69,4571.42,28004.61,25396.79,UPI,Completed
72e8cd21-4747-456a-bffd-d6498ce448d1,2026_W23,O65959,U34689,P81,2026-06-04 22:15:20,3,6992.52,368.71,144.61,3709.59,20977.56,20608.85,Credit Card,Completed
72e8cd21-4747-456a-bffd-d6498ce448d1,2026_W23,O65960,U16966,P176,2026-06-05 17:54:32,2,8451.7,707.85,58.62,2915.2,16903.4,16195.55,Wallet,Completed
72e8cd21-4747-456a-bffd-d6498ce448d1,2026_W23,O65961,U6707,P17,2026-06-02 15:56:04,4,8998.12,1078.95,51.03,6284.44,35992.48,34913.530000000006,UPI,Completed
72e8cd21-4747-456a-bffd-d6498ce448d1,2026_W23,O65962,U6224,P4,2026-06-07 17:09:37,1,4763.57,219.14,125.58,818.0,4763.57,4544.429999999999,Credit Card,Completed
72e8cd21-4747-456a-bffd-d6498ce448d1,2026_W23,O65963,U11887,P29,2026-06-07 14:06:19,1,1532.51,18.85,155.52,272.46,1532.51,1513.66,Debit Card,Completed
72e8cd21-4747-456a-bffd-d6498ce448d1,2026_W23,O65964,U12899,P74,2026-06-05 12:49:10,4,4407.74,1330.26,166.21,2934.13,17630.96,16300.7,Debit Card,Completed
72e8cd21-4747-456a-bffd-d6498ce448d1,2026_W23,O65965,U12476,P191,2026-06-05 07:46:17,4,6168.41,2003.33,156.43,4080.66,24673.64,22670.31,UPI,Completed
72e8cd21-4747-456a-bffd-d6498ce448d1,2026_W23,O65966,U15756,P75,2026-06-05 13:27:46,2,8927.29,747.24,117.57,3079.32,17854.58,17107.34,Credit Card,Completed
72e8cd21-4747-456a-bffd-d6498ce448d1,2026_W23,O65967,U19283,P113,2026-06-02 00:14:12,3,5995.63,2291.87,110.22,2825.1,17986.89,15695.02,Debit Card,Completed
72e8cd21-4747-456a-bffd-d6498ce448d1,2026_W23,O65968,U15769,P182,2026-06-04 19:50:50,1,1987.12,163.99,195.82,328.16,1987.12,1823.13,Wallet,Completed
72e8cd21-4747-456a-bffd-d6498ce448d1,2026_W23,O65969,U28435,P132,2026-06-01 21:56:08,2,4280.82,773.41,86.43,1401.88,8561.64,7788.23,Debit Card,Completed
72e8cd21-4747-456a-bffd-d6498ce448d1,2026_W23,O65970,U18988,P127,2026-06-03 03:33:46,1,7703.2,374.9,128.01,1319.09,7703.2,7328.3,Debit Card,Completed
72e8cd21-4747-456a-bffd-d6498ce448d1,2026_W23,O65971,U3813,P199,2026-06-04 15:32:06,1,5324.39,71.06,183.23,945.6,5324.39,5253.33,Debit Card,Completed
72e8cd21-4747-456a-bffd-d6498ce448d1,2026_W23,O65972,U14260,P192,2026-06-06 04:24:59,4,11696.08,1029.99,157.98,8235.78,46784.32,45754.33,Debit Card,Completed
72e8cd21-4747-456a-bffd-d6498ce448d1,2026_W23,O65973,U26764,P89,2026-06-03 23:00:17,4,9725.61,3236.72,154.35,6419.83,38902.44,35665.72,UPI,Completed
72e8cd21-4747-456a-bffd-d6498ce448d1,2026_W23,O65974,U21929,P153,2026-06-03 16:19:35,3,3236.07,832.84,50.37,1597.57,9708.21,8875.37,Debit Card,Completed
72e8cd21-4747-456a-bffd-d6498ce448d1,2026_W23,O65975,U33820,P117,2026-06-07 00:12:01,4,9615.7,3591.6,103.98,6276.82,38462.8,34871.200000000004,UPI,Completed
72e8cd21-4747-456a-bffd-d6498ce448d1,2026_W23,O65976,U2100,P122,2026-06-07 18:05:13,1,7123.24,42.84,103.99,1274.47,7123.24,7080.4,Credit Card,Completed
72e8cd21-4747-456a-bffd-d6498ce448d1,2026_W23,O65977,U30528,P17,2026-06-04 11:26:46,1,8998.12,703.45,159.64,1493.04,8998.12,8294.67,Credit Card,Completed
72e8cd21-4747-456a-bffd-d6498ce448d1,2026_W23,O65978,U4433,P66,2026-06-04 14:35:09,3,5068.12,1420.25,146.18,2481.14,15204.36,13784.11,Debit Card,Completed
72e8cd21-4747-456a-bffd-d6498ce448d1,2026_W23,O65979,U32276,P14,2026-06-04 18:20:25,1,7736.91,841.3,65.98,1241.21,7736.91,6895.61,Debit Card,Completed
72e8cd21-4747-456a-bffd-d6498ce448d1,2026_W23,O65980,U22260,P63,2026-06-03 18:20:54,1,11400.74,214.52,169.68,2013.52,11400.74,11186.22,Debit Card,Completed
72e8cd21-4747-456a-bffd-d6498ce448d1,2026_W23,O65981,U26993,P22,2026-06-04 15:28:33,1,5208.88,697.58,64.75,812.03,5208.88,4511.3,Credit Card,Completed
72e8cd21-4747-456a-bffd-d6498ce448d1,2026_W23,O65982,U19571,P76,2026-06-02 16:40:58,2,1956.86,238.15,165.94,661.6,3913.72,3675.57,Wallet,Completed
72e8cd21-4747-456a-bffd-d6498ce448d1,2026_W23,O65983,U3258,P40,2026-06-04 09:37:31,4,5653.56,1791.33,194.03,3748.12,22614.24,20822.910000000003,Wallet,Completed
72e8cd21-4747-456a-bffd-d6498ce448d1,2026_W23,O65984,U33569,P92,2026-06-03 23:55:24,1,2278.27,95.92,170.58,392.82,2278.27,2182.35,Wallet,Completed
72e8cd21-4747-456a-bffd-d6498ce448d1,2026_W23,O65985,U10248,P174,2026-06-03 13:35:43,1,8540.78,1232.32,112.98,1315.52,8540.78,7308.460000000001,UPI,Completed
72e8cd21-4747-456a-bffd-d6498ce448d1,2026_W23,O65986,U9142,P139,2026-06-07 11:45:26,3,3152.91,605.53,81.32,1593.58,9458.73,8853.199999999999,Credit Card,Completed
72e8cd21-4747-456a-bffd-d6498ce448d1,2026_W23,O65987,U4631,P187,2026-06-05 06:35:17,2,2141.32,540.97,152.22,673.5,4282.64,3741.67,Debit Card,Completed
72e8cd21-4747-456a-bffd-d6498ce448d1,2026_W23,O65988,U32312,P113,2026-06-01 21:44:24,2,5995.63,914.04,54.09,1993.9,11991.26,11077.22,Credit Card,Completed
72e8cd21-4747-456a-bffd-d6498ce448d1,2026_W23,O65989,U12695,P97,2026-06-05 19:36:44,4,5186.28,571.13,111.99,3631.32,20745.12,20173.99,Credit Card,Completed
72e8cd21-4747-456a-bffd-d6498ce448d1,2026_W23,O65990,U15002,P188,2026-06-03 00:30:52,3,3474.24,1524.27,104.12,1601.72,10422.72,8898.449999999999,Credit Card,Completed
72e8cd21-4747-456a-bffd-d6498ce448d1,2026_W23,O65991,U30147,P71,2026-06-03 00:56:15,3,4652.78,1856.67,129.51,2178.3,13958.34,12101.67,Wallet,Completed
72e8cd21-4747-456a-bffd-d6498ce448d1,2026_W23,O65992,U20810,P28,2026-06-07 01:14:27,2,7134.46,986.33,146.79,2390.87,14268.92,13282.59,UPI,Completed
72e8cd21-4747-456a-bffd-d6498ce448d1,2026_W23,O65993,U19322,P109,2026-06-02 02:02:21,4,5905.39,1855.49,60.15,3917.89,23621.56,21766.07,Wallet,Completed
72e8cd21-4747-456a-bffd-d6498ce448d1,2026_W23,O65994,U23578,P91,2026-06-06 07:28:28,3,4770.75,1124.62,198.06,2373.77,14312.25,13187.63,UPI,Completed
72e8cd21-4747-456a-bffd-d6498ce448d1,2026_W23,O65995,U809,P197,2026-06-03 13:17:31,4,1602.39,450.53,105.43,1072.63,6409.56,5959.030000000001,UPI,Completed
72e8cd21-4747-456a-bffd-d6498ce448d1,2026_W23,O65996,U6748,P187,2026-06-02 04:53:22,1,2141.32,210.83,158.96,347.49,2141.32,1930.49,Credit Card,Completed
72e8cd21-4747-456a-bffd-d6498ce448d1,2026_W23,O65997,U6164,P94,2026-06-04 01:57:46,4,7668.43,2971.27,78.18,4986.44,30673.72,27702.45,Wallet,Completed
72e8cd21-4747-456a-bffd-d6498ce448d1,2026_W23,O65998,U10843,P121,2026-06-07 10:31:38,3,3168.81,880.8,198.3,1552.61,9506.43,8625.630000000001,Credit Card,Completed
72e8cd21-4747-456a-bffd-d6498ce448d1,2026_W23,O65999,U1036,P159,2026-06-03 08:01:51,3,5981.94,636.77,121.66,3115.63,17945.82,17309.05,Wallet,Completed
72e8cd21-4747-456a-bffd-d6498ce448d1,2026_W23,O66000,U21483,P31,2026-06-02 21:11:07,3,2922.48,555.75,71.1,1478.1,8767.44,8211.69,UPI,Completed
72e8cd21-4747-456a-bffd-d6498ce448d1,2026_W23,O66001,U25388,P105,2026-06-02 21:56:57,1,2249.83,167.39,180.47,374.84,2249.83,2082.44,Credit Card,Completed
72e8cd21-4747-456a-bffd-d6498ce448d1,2026_W23,O66002,U9740,P66,2026-06-03 21:58:58,2,5068.12,95.97,56.77,1807.25,10136.24,10040.27,Wallet,Completed
72e8cd21-4747-456a-bffd-d6498ce448d1,2026_W23,O66003,U2522,P108,2026-06-03 17:40:30,2,3076.73,34.94,89.12,1101.33,6153.46,6118.52,Wallet,Completed
72e8cd21-4747-456a-bffd-d6498ce448d1,2026_W23,O66004,U23422,P97,2026-06-06 03:15:05,1,5186.28,587.55,102.03,827.77,5186.28,4598.73,Wallet,Completed
72e8cd21-4747-456a-bffd-d6498ce448d1,2026_W23,O66005,U87,P167,2026-06-06 19:25:05,1,10191.01,250.78,129.24,1789.24,10191.01,9940.23,Wallet,Completed
72e8cd21-4747-456a-bffd-d6498ce448d1,2026_W23,O66006,U15447,P32,2026-06-06 13:16:02,1,1891.54,19.11,123.41,337.04,1891.54,1872.43,UPI,Completed
72e8cd21-4747-456a-bffd-d6498ce448d1,2026_W23,O66007,U10235,P23,2026-06-05 08:58:55,1,8537.77,790.48,95.38,1394.51,8537.77,7747.290000000001,Debit Card,Completed
72e8cd21-4747-456a-bffd-d6498ce448d1,2026_W23,O66008,U20648,P49,2026-06-04 06:54:26,3,4491.12,422.2,195.96,2349.21,13473.36,13051.16,Wallet,Completed
72e8cd21-4747-456a-bffd-d6498ce448d1,2026_W23,O66009,U11649,P155,2026-06-06 06:29:05,4,5852.84,2375.1,123.31,3786.53,23411.36,21036.26,Debit Card,Completed
72e8cd21-4747-456a-bffd-d6498ce448d1,2026_W23,O66010,U23270,P69,2026-06-06 09:29:32,4,2752.73,1215.13,111.76,1763.24,11010.92,9795.79,Credit Card,Completed
72e8cd21-4747-456a-bffd-d6498ce448d1,2026_W23,O66011,U12935,P129,2026-06-03 13:04:10,2,4560.09,808.23,106.52,1496.15,9120.18,8311.95,Debit Card,Completed
72e8cd21-4747-456a-bffd-d6498ce448d1,2026_W23,O66012,U5867,P45,2026-06-02 21:50:46,4,10226.58,325.26,103.46,7304.59,40906.32,40581.06,UPI,Completed
72e8cd21-4747-456a-bffd-d6498ce448d1,2026_W23,O66013,U6464,P98,2026-06-04 00:24:53,3,9747.59,3858.06,113.19,4569.25,29242.77,25384.71,Credit Card,Completed
72e8cd21-4747-456a-bffd-d6498ce448d1,2026_W23,O66014,U15389,P149,2026-06-02 01:59:54,2,5363.67,604.79,191.17,1822.06,10727.34,10122.55,UPI,Completed
72e8cd21-4747-456a-bffd-d6498ce448d1,2026_W23,O66015,U16369,P140,2026-06-03 21:38:00,2,4036.99,924.99,190.94,1286.82,8073.98,7148.99,Wallet,Completed
72e8cd21-4747-456a-bffd-d6498ce448d1,2026_W23,O66016,U20837,P113,2026-06-06 07:24:00,1,5995.63,119.5,92.93,1057.7,5995.63,5876.13,UPI,Completed
72e8cd21-4747-456a-bffd-d6498ce448d1,2026_W23,O66017,U8200,P171,2026-06-02 01:28:37,3,3668.91,1192.46,84.85,1766.57,11006.73,9814.27,UPI,Completed
72e8cd21-4747-456a-bffd-d6498ce448d1,2026_W23,O66018,U21853,P60,2026-06-02 07:37:21,3,7906.19,2297.22,171.26,3855.84,23718.57,21421.35,Credit Card,Completed
72e8cd21-4747-456a-bffd-d6498ce448d1,2026_W23,O66019,U5233,P142,2026-06-03 00:15:38,2,5009.2,1235.07,121.24,1581.0,10018.4,8783.33,Wallet,Completed
72e8cd21-4747-456a-bffd-d6498ce448d1,2026_W23,O66020,U1933,P5,2026-06-03 06:30:20,2,9411.93,1204.58,61.48,3171.47,18823.86,17619.28,Debit Card,Completed
72e8cd21-4747-456a-bffd-d6498ce448d1,2026_W23,O66021,U6780,P98,2026-06-02 12:39:13,3,9747.59,3515.51,192.47,4630.91,29242.77,25727.26,Credit Card,Completed
72e8cd21-4747-456a-bffd-d6498ce448d1,2026_W23,O66022,U22885,P108,2026-06-05 14:31:02,4,3076.73,1650.99,181.92,1918.07,12306.92,10655.93,Debit Card,Completed
72e8cd21-4747-456a-bffd-d6498ce448d1,2026_W23,O66023,U4044,P160,2026-06-02 09:58:55,4,3922.12,537.69,171.72,2727.14,15688.48,15150.79,Credit Card,Completed
72e8cd21-4747-456a-bffd-d6498ce448d1,2026_W23,O66024,U17768,P115,2026-06-03 22:20:34,4,10604.02,658.47,186.56,7516.37,42416.08,41757.61,UPI,Completed
72e8cd21-4747-456a-bffd-d6498ce448d1,2026_W23,O66025,U20274,P41,2026-06-04 05:22:07,2,11748.5,1305.56,143.13,3994.46,23497.0,22191.44,UPI,Completed
72e8cd21-4747-456a-bffd-d6498ce448d1,2026_W23,O66026,U14467,P185,2026-06-05 08:06:59,2,7874.65,1438.13,171.35,2576.01,15749.3,14311.169999999998,Debit Card,Completed
72e8cd21-4747-456a-bffd-d6498ce448d1,2026_W23,O66027,U26374,P186,2026-06-03 23:16:35,3,7703.95,1091.89,104.44,3963.59,23111.85,22019.96,Debit Card,Completed
72e8cd21-4747-456a-bffd-d6498ce448d1,2026_W23,O66028,U5467,P174,2026-06-03 00:23:27,3,8540.78,833.47,61.79,4462.0,25622.340000000004,24788.870000000003,Credit Card,Completed
72e8cd21-4747-456a-bffd-d6498ce448d1,2026_W23,O66029,U8722,P177,2026-06-06 10:43:20,2,6111.68,1399.0,198.16,1948.38,12223.36,10824.36,Wallet,Completed
72e8cd21-4747-456a-bffd-d6498ce448d1,2026_W23,O66030,U14567,P115,2026-06-04 06:27:34,2,10604.02,108.43,148.41,3797.93,21208.04,21099.61,Debit Card,Completed
72e8cd21-4747-456a-bffd-d6498ce448d1,2026_W23,O66031,U30382,P189,2026-06-04 10:51:37,1,3755.21,21.18,184.39,672.13,3755.21,3734.03,UPI,Completed
72e8cd21-4747-456a-bffd-d6498ce448d1,2026_W23,O66032,U31862,P183,2026-06-03 00:07:13,4,5821.34,1293.61,140.78,3958.52,23285.36,21991.75,Wallet,Completed
72e8cd21-4747-456a-bffd-d6498ce448d1,2026_W23,O66033,U2541,P148,2026-06-05 01:16:32,3,3184.27,41.73,60.87,1711.99,9552.81,9511.08,Credit Card,Completed
72e8cd21-4747-456a-bffd-d6498ce448d1,2026_W23,O66034,U14526,P25,2026-06-05 09:50:11,1,7381.46,436.66,134.28,1250.06,7381.46,6944.8,Debit Card,Completed
72e8cd21-4747-456a-bffd-d6498ce448d1,2026_W23,O66035,U2709,P78,2026-06-07 14:35:21,3,3006.64,47.59,89.29,1615.02,9019.92,8972.33,Debit Card,Completed
72e8cd21-4747-456a-bffd-d6498ce448d1,2026_W23,O66036,U17785,P119,2026-06-05 03:48:44,1,2931.16,146.59,136.49,501.22,2931.16,2784.57,Debit Card,Completed
72e8cd21-4747-456a-bffd-d6498ce448d1,2026_W23,O66037,U33226,P91,2026-06-02 00:36:56,3,4770.75,1543.59,144.36,2298.36,14312.25,12768.66,Wallet,Completed
72e8cd21-4747-456a-bffd-d6498ce448d1,2026_W23,O66038,U28597,P14,2026-06-01 21:43:19,1,7736.91,462.26,66.0,1309.44,7736.91,7274.65,Debit Card,Completed
72e8cd21-4747-456a-bffd-d6498ce448d1,2026_W23,O66039,U17248,P96,2026-06-02 20:43:56,1,6736.46,78.31,82.68,1198.47,6736.46,6658.15,Credit Card,Completed
72e8cd21-4747-456a-bffd-d6498ce448d1,2026_W23,O66040,U8435,P44,2026-06-05 20:11:55,3,3831.53,1115.36,69.87,1868.26,11494.59,10379.23,Debit Card,Completed
72e8cd21-4747-456a-bffd-d6498ce448d1,2026_W23,O66041,U27043,P98,2026-06-06 08:18:07,1,9747.59,1284.27,102.69,1523.4,9747.59,8463.32,Wallet,Completed
72e8cd21-4747-456a-bffd-d6498ce448d1,2026_W23,O66042,U9158,P103,2026-06-04 17:55:38,4,4922.25,2210.56,109.64,3146.12,19689.0,17478.44,Debit Card,Completed
72e8cd21-4747-456a-bffd-d6498ce448d1,2026_W23,O66043,U30123,P88,2026-06-02 19:16:20,3,6362.48,1559.18,114.56,3155.09,19087.44,17528.26,Debit Card,Completed
72e8cd21-4747-456a-bffd-d6498ce448d1,2026_W23,O66044,U27262,P121,2026-06-07 11:36:10,2,3168.81,678.73,97.08,1018.6,6337.62,5658.889999999999,Debit Card,Completed
72e8cd21-4747-456a-bffd-d6498ce448d1,2026_W23,O66045,U4242,P191,2026-06-03 06:28:08,4,6168.41,1075.31,75.92,4247.7,24673.64,23598.33,Wallet,Completed
72e8cd21-4747-456a-bffd-d6498ce448d1,2026_W23,O66046,U19747,P7,2026-06-07 09:04:20,2,10896.56,2019.1,87.29,3559.32,21793.12,19774.02,Credit Card,Completed
72e8cd21-4747-456a-bffd-d6498ce448d1,2026_W23,O66047,U5024,P141,2026-06-07 05:51:14,3,3712.37,519.01,137.94,1911.26,11137.11,10618.1,Credit Card,Completed
72e8cd21-4747-456a-bffd-d6498ce448d1,2026_W23,O66048,U26701,P36,2026-06-06 02:26:08,2,5080.52,484.51,50.62,1741.78,10161.04,9676.53,UPI,Completed
72e8cd21-4747-456a-bffd-d6498ce448d1,2026_W23,O66049,U31122,P39,2026-06-06 11:16:33,1,7544.04,525.22,119.18,1263.39,7544.04,7018.82,Wallet,Completed
72e8cd21-4747-456a-bffd-d6498ce448d1,2026_W23,O66050,U30482,P98,2026-06-07 00:06:03,4,9747.59,3680.16,140.51,6355.84,38990.36,35310.2,Wallet,Completed
72e8cd21-4747-456a-bffd-d6498ce448d1,2026_W23,O66051,U14650,P81,2026-06-03 22:25:51,1,6992.52,33.73,85.42,1252.58,6992.52,6958.790000000001,UPI,Completed
72e8cd21-4747-456a-bffd-d6498ce448d1,2026_W23,O66052,U7467,P110,2026-06-02 15:59:44,3,2362.36,938.54,198.51,1106.74,7087.08,6148.54,Debit Card,Completed
72e8cd21-4747-456a-bffd-d6498ce448d1,2026_W23,O66053,U5109,P126,2026-06-02 06:20:47,4,7115.51,780.96,90.01,4982.59,28462.04,27681.08,UPI,Completed
72e8cd21-4747-456a-bffd-d6498ce448d1,2026_W23,O66054,U14577,P1,2026-06-04 19:50:44,2,8422.98,1772.26,120.46,2713.27,16845.96,15073.7,Debit Card,Completed
72e8cd21-4747-456a-bffd-d6498ce448d1,2026_W23,O66055,U4460,P122,2026-06-03 10:12:33,2,7123.24,1860.96,93.64,2229.39,14246.48,12385.52,Wallet,Completed
72e8cd21-4747-456a-bffd-d6498ce448d1,2026_W23,O66056,U32069,P184,2026-06-05 00:13:20,1,2050.2,146.19,180.5,342.72,2050.2,1904.01,Credit Card,Completed
72e8cd21-4747-456a-bffd-d6498ce448d1,2026_W23,O66057,U16549,P194,2026-06-02 08:09:55,3,7139.77,3168.58,158.74,3285.13,21419.31,18250.730000000003,Debit Card,Completed
72e8cd21-4747-456a-bffd-d6498ce448d1,2026_W23,O66058,U16239,P95,2026-06-02 17:36:01,2,8832.47,1559.58,161.4,2898.96,17664.94,16105.36,UPI,Completed
72e8cd21-4747-456a-bffd-d6498ce448d1,2026_W23,O66059,U8540,P17,2026-06-05 04:26:26,1,8998.12,530.47,135.8,1524.18,8998.12,8467.650000000001,UPI,Completed
72e8cd21-4747-456a-bffd-d6498ce448d1,2026_W23,O66060,U6131,P158,2026-06-07 12:02:47,4,2851.23,1266.23,165.63,1824.96,11404.92,10138.69,UPI,Completed
72e8cd21-4747-456a-bffd-d6498ce448d1,2026_W23,O66061,U8484,P31,2026-06-03 09:54:28,1,2922.48,338.35,148.95,465.14,2922.48,2584.13,Debit Card,Completed
72e8cd21-4747-456a-bffd-d6498ce448d1,2026_W23,O66062,U30448,P60,2026-06-06 18:20:53,4,7906.19,3388.18,101.66,5082.58,31624.76,28236.58,Debit Card,Completed
72e8cd21-4747-456a-bffd-d6498ce448d1,2026_W23,O66063,U33493,P25,2026-06-02 23:46:41,2,7381.46,1253.4,143.8,2431.71,14762.92,13509.52,UPI,Completed
72e8cd21-4747-456a-bffd-d6498ce448d1,2026_W23,O66064,U34203,P113,2026-06-04 20:35:41,3,5995.63,1607.48,185.18,2948.29,17986.89,16379.41,Credit Card,Completed
72e8cd21-4747-456a-bffd-d6498ce448d1,2026_W23,O66065,U30322,P17,2026-06-02 16:07:06,4,8998.12,59.75,105.64,6467.89,35992.48,35932.73,Debit Card,Completed
72e8cd21-4747-456a-bffd-d6498ce448d1,2026_W23,O66066,U19079,P25,2026-06-02 11:44:34,4,7381.46,3450.21,87.59,4693.61,29525.84,26075.63,UPI,Completed
72e8cd21-4747-456a-bffd-d6498ce448d1,2026_W23,O66067,U15636,P137,2026-06-02 12:25:01,4,2412.96,282.9,84.86,1686.41,9651.84,9368.94,Credit Card,Completed
72e8cd21-4747-456a-bffd-d6498ce448d1,2026_W23,O66068,U20068,P41,2026-06-05 23:24:15,4,11748.5,4936.52,132.0,7570.35,46994.0,42057.48,Wallet,Completed
72e8cd21-4747-456a-bffd-d6498ce448d1,2026_W23,O66069,U12882,P65,2026-06-03 03:49:01,2,9814.57,85.95,133.81,3517.77,19629.14,19543.19,Debit Card,Completed
72e8cd21-4747-456a-bffd-d6498ce448d1,2026_W23,O66070,U7574,P20,2026-06-04 21:06:48,2,2140.8,641.85,109.68,655.16,4281.6,3639.750000000001,Wallet,Completed
72e8cd21-4747-456a-bffd-d6498ce448d1,2026_W23,O66071,U13141,P35,2026-06-07 13:01:34,4,2889.44,917.56,76.33,1915.24,11557.76,10640.2,UPI,Completed
72e8cd21-4747-456a-bffd-d6498ce448d1,2026_W23,O66072,U18637,P196,2026-06-03 13:51:01,2,9246.31,95.35,190.42,3311.51,18492.62,18397.27,Debit Card,Completed
72e8cd21-4747-456a-bffd-d6498ce448d1,2026_W23,O66073,U20614,P18,2026-06-02 19:07:14,4,5632.45,2839.51,51.71,3544.25,22529.8,19690.29,Debit Card,Completed
72e8cd21-4747-456a-bffd-d6498ce448d1,2026_W23,O66074,U6847,P54,2026-06-07 00:02:36,1,8322.93,1014.8,107.48,1315.46,8322.93,7308.13,Credit Card,Completed
72e8cd21-4747-456a-bffd-d6498ce448d1,2026_W23,O66075,U20216,P29,2026-06-03 20:08:26,4,1532.51,140.49,150.13,1078.12,6130.04,5989.55,Credit Card,Completed
72e8cd21-4747-456a-bffd-d6498ce448d1,2026_W23,O66076,U22073,P166,2026-06-04 23:48:36,1,6824.24,230.78,82.48,1186.82,6824.24,6593.46,Wallet,Completed
72e8cd21-4747-456a-bffd-d6498ce448d1,2026_W23,O66077,U478,P68,2026-06-04 03:18:59,1,4648.44,632.43,62.31,722.88,4648.44,4016.01,UPI,Completed
72e8cd21-4747-456a-bffd-d6498ce448d1,2026_W23,O66078,U7425,P2,2026-06-03 02:38:29,2,4248.72,733.92,157.67,1397.43,8497.44,7763.52,Wallet,Completed
72e8cd21-4747-456a-bffd-d6498ce448d1,2026_W23,O66079,U5418,P175,2026-06-04 05:23:42,1,6623.37,838.19,112.95,1041.33,6623.37,5785.18,Debit Card,Completed
72e8cd21-4747-456a-bffd-d6498ce448d1,2026_W23,O66080,U20525,P26,2026-06-03 22:48:17,1,6921.53,938.8,65.1,1076.89,6921.53,5982.73,Credit Card,Completed
72e8cd21-4747-456a-bffd-d6498ce448d1,2026_W23,O66081,U14599,P124,2026-06-03 20:48:15,4,3516.67,1232.05,167.66,2310.23,14066.68,12834.63,Debit Card,Completed
72e8cd21-4747-456a-bffd-d6498ce448d1,2026_W23,O66082,U28368,P53,2026-06-02 12:00:44,4,5679.25,2774.61,170.04,3589.63,22717.0,19942.39,UPI,Completed
72e8cd21-4747-456a-bffd-d6498ce448d1,2026_W23,O66083,U7625,P161,2026-06-04 05:42:34,3,6131.78,1782.74,182.48,2990.27,18395.34,16612.6,Wallet,Completed
72e8cd21-4747-456a-bffd-d6498ce448d1,2026_W23,O66084,U24247,P5,2026-06-02 23:28:16,1,9411.93,873.68,74.71,1536.88,9411.93,8538.25,Debit Card,Completed
72e8cd21-4747-456a-bffd-d6498ce448d1,2026_W23,O66085,U6810,P33,2026-06-07 11:43:13,3,8155.0,1708.35,193.48,4096.2,24465.0,22756.65,UPI,Completed
72e8cd21-4747-456a-bffd-d6498ce448d1,2026_W23,O66086,U15536,P39,2026-06-05 14:58:49,4,7544.04,842.67,166.21,5280.03,30176.16,29333.49,UPI,Completed
72e8cd21-4747-456a-bffd-d6498ce448d1,2026_W23,O66087,U27307,P130,2026-06-03 05:23:57,3,3717.66,1116.65,135.7,1806.54,11152.98,10036.33,Credit Card,Completed
72e8cd21-4747-456a-bffd-d6498ce448d1,2026_W23,O66088,U20759,P159,2026-06-04 14:02:43,4,5981.94,82.25,189.27,4292.19,23927.76,23845.51,Credit Card,Completed
72e8cd21-4747-456a-bffd-d6498ce448d1,2026_W23,O66089,U7163,P95,2026-06-01 21:18:45,4,8832.47,2702.75,150.34,5872.88,35329.88,32627.13,UPI,Completed
72e8cd21-4747-456a-bffd-d6498ce448d1,2026_W23,O66090,U29124,P134,2026-06-06 19:09:55,2,2662.06,375.14,133.35,890.82,5324.12,4948.98,Wallet,Completed
72e8cd21-4747-456a-bffd-d6498ce448d1,2026_W23,O66091,U12770,P72,2026-06-04 00:10:09,3,7361.26,102.14,80.9,3956.7,22083.78,21981.64,UPI,Completed
72e8cd21-4747-456a-bffd-d6498ce448d1,2026_W23,O66092,U325,P188,2026-06-07 00:45:48,2,3474.24,417.9,185.56,1175.5,6948.48,6530.58,Debit Card,Completed
72e8cd21-4747-456a-bffd-d6498ce448d1,2026_W23,O66093,U10272,P84,2026-06-05 05:41:37,3,3400.69,599.66,173.7,1728.43,10202.07,9602.41,Credit Card,Completed
72e8cd21-4747-456a-bffd-d6498ce448d1,2026_W23,O66094,U30520,P80,2026-06-03 00:19:47,2,4942.61,1163.63,78.22,1569.89,9885.22,8721.59,Wallet,Completed
72e8cd21-4747-456a-bffd-d6498ce448d1,2026_W23,O66095,U26450,P51,2026-06-07 10:36:19,1,5156.58,641.09,62.38,812.79,5156.58,4515.49,Credit Card,Completed
72e8cd21-4747-456a-bffd-d6498ce448d1,2026_W23,O66096,U11295,P31,2026-06-06 16:51:27,4,2922.48,253.3,187.92,2058.59,11689.92,11436.62,Debit Card,Completed
72e8cd21-4747-456a-bffd-d6498ce448d1,2026_W23,O66097,U18384,P160,2026-06-02 04:36:53,1,3922.12,78.6,52.13,691.83,3922.12,3843.52,Debit Card,Completed
72e8cd21-4747-456a-bffd-d6498ce448d1,2026_W23,O66098,U26479,P179,2026-06-07 15:57:55,1,6023.34,318.67,88.98,1026.84,6023.34,5704.67,Debit Card,Completed
72e8cd21-4747-456a-bffd-d6498ce448d1,2026_W23,O66099,U5078,P137,2026-06-03 02:46:06,1,2412.96,347.91,140.32,371.71,2412.96,2065.05,Debit Card,Completed
72e8cd21-4747-456a-bffd-d6498ce448d1,2026_W23,O66100,U13465,P73,2026-06-05 16:11:42,4,2860.52,1094.34,190.71,1862.59,11442.08,10347.74,Wallet,Completed
72e8cd21-4747-456a-bffd-d6498ce448d1,2026_W23,O66101,U2776,P107,2026-06-05 12:10:24,4,5037.89,1097.24,57.68,3429.78,20151.56,19054.32,UPI,Completed
72e8cd21-4747-456a-bffd-d6498ce448d1,2026_W23,O66102,U8107,P156,2026-06-05 04:11:14,4,7497.11,2099.3,167.57,5020.05,29988.44,27889.14,Credit Card,Completed
72e8cd21-4747-456a-bffd-d6498ce448d1,2026_W23,O66103,U4011,P5,2026-06-03 12:32:32,4,9411.93,2771.84,171.93,6277.66,37647.72,34875.880000000005,Wallet,Completed
72e8cd21-4747-456a-bffd-d6498ce448d1,2026_W23,O66104,U32469,P116,2026-06-02 06:57:33,1,6311.89,907.09,144.32,972.86,6311.89,5404.8,Credit Card,Completed
72e8cd21-4747-456a-bffd-d6498ce448d1,2026_W23,O66105,U20683,P74,2026-06-06 17:19:50,4,4407.74,1468.46,193.6,2909.25,17630.96,16162.5,UPI,Completed
72e8cd21-4747-456a-bffd-d6498ce448d1,2026_W23,O66106,U624,P58,2026-06-06 16:38:20,2,3367.03,861.62,86.92,1057.04,6734.06,5872.4400000000005,UPI,Completed
72e8cd21-4747-456a-bffd-d6498ce448d1,2026_W23,O66107,U18424,P33,2026-06-04 09:51:58,2,8155.0,933.0,192.78,2767.86,16310.0,15377.0,UPI,Completed
72e8cd21-4747-456a-bffd-d6498ce448d1,2026_W23,O66108,U11254,P3,2026-06-03 07:19:36,3,6836.35,2280.11,118.12,3281.21,20509.050000000003,18228.94,Wallet,Completed
72e8cd21-4747-456a-bffd-d6498ce448d1,2026_W23,O66109,U16164,P165,2026-06-04 17:06:02,4,2657.45,1318.15,58.76,1676.1,10629.8,9311.65,Debit Card,Completed
72e8cd21-4747-456a-bffd-d6498ce448d1,2026_W23,O66110,U21438,P183,2026-06-05 11:22:55,1,5821.34,530.27,159.32,952.39,5821.34,5291.07,Credit Card,Completed
72e8cd21-4747-456a-bffd-d6498ce448d1,2026_W23,O66111,U13018,P140,2026-06-02 20:42:01,4,4036.99,551.84,90.17,2807.3,16147.96,15596.12,Credit Card,Completed
72e8cd21-4747-456a-bffd-d6498ce448d1,2026_W23,O66112,U33738,P122,2026-06-04 15:10:00,4,7123.24,2945.55,150.07,4598.53,28492.96,25547.41,UPI,Completed
72e8cd21-4747-456a-bffd-d6498ce448d1,2026_W23,O66113,U15447,P168,2026-06-05 04:02:15,3,4347.14,405.14,99.83,2274.53,13041.420000000002,12636.280000000002,UPI,Completed
72e8cd21-4747-456a-bffd-d6498ce448d1,2026_W23,O66114,U6238,P184,2026-06-07 13:45:38,3,2050.2,670.67,153.14,986.39,6150.599999999999,5479.929999999999,Debit Card,Completed
72e8cd21-4747-456a-bffd-d6498ce448d1,2026_W23,O66115,U2074,P167,2026-06-07 01:23:47,3,10191.01,3664.03,189.51,4843.62,30573.03,26909.0,UPI,Completed
72e8cd21-4747-456a-bffd-d6498ce448d1,2026_W23,O66116,U19979,P31,2026-06-04 13:07:11,4,2922.48,1541.41,111.41,1826.73,11689.92,10148.51,Wallet,Completed
72e8cd21-4747-456a-bffd-d6498ce448d1,2026_W23,O66117,U26795,P84,2026-06-05 22:48:04,1,3400.69,413.22,120.11,537.74,3400.69,2987.4700000000003,Credit Card,Completed
72e8cd21-4747-456a-bffd-d6498ce448d1,2026_W23,O66118,U19698,P36,2026-06-04 22:28:38,1,5080.52,415.4,123.53,839.72,5080.52,4665.120000000001,Wallet,Completed
72e8cd21-4747-456a-bffd-d6498ce448d1,2026_W23,O66119,U25510,P103,2026-06-03 23:42:50,1,4922.25,102.04,115.37,867.64,4922.25,4820.21,Debit Card,Completed
72e8cd21-4747-456a-bffd-d6498ce448d1,2026_W23,O66120,U8931,P155,2026-06-02 19:30:40,2,5852.84,388.46,150.39,2037.1,11705.68,11317.22,Wallet,Completed
72e8cd21-4747-456a-bffd-d6498ce448d1,2026_W23,O66121,U25414,P24,2026-06-07 04:25:22,3,7207.54,1950.81,173.86,3540.93,21622.62,19671.81,Debit Card,Completed
72e8cd21-4747-456a-bffd-d6498ce448d1,2026_W23,O66122,U16138,P145,2026-06-05 02:46:48,2,7002.35,207.8,140.43,2483.44,14004.7,13796.9,UPI,Completed
72e8cd21-4747-456a-bffd-d6498ce448d1,2026_W23,O66123,U941,P179,2026-06-02 19:26:49,1,6023.34,5.15,112.02,1083.27,6023.34,6018.1900000000005,Wallet,Completed
72e8cd21-4747-456a-bffd-d6498ce448d1,2026_W23,O66124,U34772,P25,2026-06-05 17:09:10,3,7381.46,2510.24,87.53,3534.15,22144.38,19634.14,UPI,Completed
72e8cd21-4747-456a-bffd-d6498ce448d1,2026_W23,O66125,U15537,P179,2026-06-02 12:41:22,3,6023.34,1149.03,133.48,3045.78,18070.02,16920.99,Credit Card,Completed
72e8cd21-4747-456a-bffd-d6498ce448d1,2026_W23,O66126,U11547,P130,2026-06-07 17:46:18,4,3717.66,1600.27,137.82,2388.67,14870.64,13270.37,Credit Card,Completed
72e8cd21-4747-456a-bffd-d6498ce448d1,2026_W23,O66127,U16942,P57,2026-06-03 04:53:55,2,8106.78,842.25,190.59,2766.84,16213.56,15371.31,UPI,Completed
72e8cd21-4747-456a-bffd-d6498ce448d1,2026_W23,O66128,U18314,P165,2026-06-04 15:45:22,1,2657.45,117.08,81.18,457.27,2657.45,2540.37,Wallet,Completed
72e8cd21-4747-456a-bffd-d6498ce448d1,2026_W23,O66129,U34258,P120,2026-06-05 23:17:29,4,6088.95,49.61,135.62,4375.11,24355.8,24306.19,UPI,Completed
72e8cd21-4747-456a-bffd-d6498ce448d1,2026_W23,O66130,U18511,P17,2026-06-03 08:57:26,2,8998.12,2021.39,160.37,2875.47,17996.24,15974.850000000002,Wallet,Completed
72e8cd21-4747-456a-bffd-d6498ce448d1,2026_W23,O66131,U29426,P197,2026-06-06 16:09:26,2,1602.39,338.51,118.85,515.93,3204.78,2866.2700000000004,UPI,Completed
72e8cd21-4747-456a-bffd-d6498ce448d1,2026_W23,O66132,U29426,P141,2026-06-07 04:49:31,1,3712.37,289.53,77.49,616.11,3712.37,3422.84,Credit Card,Completed
72e8cd21-4747-456a-bffd-d6498ce448d1,2026_W23,O66133,U26311,P28,2026-06-03 04:00:42,3,7134.46,1753.92,107.75,3536.9,21403.38,19649.46,Wallet,Completed
72e8cd21-4747-456a-bffd-d6498ce448d1,2026_W23,O66134,U30252,P28,2026-06-07 20:29:19,1,7134.46,654.75,196.37,1166.35,7134.46,6479.71,Debit Card,Completed
72e8cd21-4747-456a-bffd-d6498ce448d1,2026_W23,O66135,U7134,P169,2026-06-06 07:00:09,1,8908.51,1151.03,119.38,1396.35,8908.51,7757.48,Credit Card,Completed
72e8cd21-4747-456a-bffd-d6498ce448d1,2026_W23,O66136,U15203,P107,2026-06-06 21:55:51,1,5037.89,335.64,177.95,846.4,5037.89,4702.25,UPI,Completed
72e8cd21-4747-456a-bffd-d6498ce448d1,2026_W23,O66137,U23250,P51,2026-06-06 12:15:12,3,5156.58,1432.37,197.81,2526.73,15469.74,14037.37,UPI,Completed
72e8cd21-4747-456a-bffd-d6498ce448d1,2026_W23,O66138,U8067,P45,2026-06-05 21:00:36,2,10226.58,1675.14,133.41,3380.04,20453.16,18778.02,Wallet,Completed
72e8cd21-4747-456a-bffd-d6498ce448d1,2026_W23,O66139,U12270,P107,2026-06-02 05:11:00,2,5037.89,308.09,125.01,1758.18,10075.78,9767.69,UPI,Completed
72e8cd21-4747-456a-bffd-d6498ce448d1,2026_W23,O66140,U4856,P76,2026-06-06 23:08:54,1,1956.86,44.63,130.25,344.2,1956.86,1912.23,Credit Card,Completed
72e8cd21-4747-456a-bffd-d6498ce448d1,2026_W23,O66141,U32168,P91,2026-06-04 16:41:00,2,4770.75,46.9,185.91,1709.03,9541.5,9494.6,UPI,Completed
72e8cd21-4747-456a-bffd-d6498ce448d1,2026_W23,O66142,U25759,P116,2026-06-06 06:23:35,1,6311.89,280.85,100.21,1085.59,6311.89,6031.04,UPI,Completed
72e8cd21-4747-456a-bffd-d6498ce448d1,2026_W23,O66143,U11909,P93,2026-06-06 23:09:51,1,7912.93,485.95,79.67,1336.86,7912.93,7426.98,Credit Card,Completed
72e8cd21-4747-456a-bffd-d6498ce448d1,2026_W23,O66144,U9248,P199,2026-06-03 06:59:55,1,5324.39,206.24,77.06,921.27,5324.39,5118.150000000001,Wallet,Completed
72e8cd21-4747-456a-bffd-d6498ce448d1,2026_W23,O66145,U7446,P161,2026-06-05 16:30:50,2,6131.78,1127.78,127.38,2004.44,12263.56,11135.78,Credit Card,Completed
72e8cd21-4747-456a-bffd-d6498ce448d1,2026_W23,O66146,U3837,P71,2026-06-04 09:19:17,1,4652.78,339.34,52.79,776.42,4652.78,4313.44,Wallet,Completed
72e8cd21-4747-456a-bffd-d6498ce448d1,2026_W23,O66147,U32238,P175,2026-06-02 10:35:03,3,6623.37,979.95,166.81,3400.23,19870.11,18890.16,UPI,Completed
72e8cd21-4747-456a-bffd-d6498ce448d1,2026_W23,O66148,U19899,P93,2026-06-03 22:34:35,2,7912.93,1997.69,156.2,2489.07,15825.86,13828.17,UPI,Completed
72e8cd21-4747-456a-bffd-d6498ce448d1,2026_W23,O66149,U10078,P48,2026-06-04 20:37:22,1,4680.1,596.84,155.24,734.99,4680.1,4083.26,UPI,Completed
72e8cd21-4747-456a-bffd-d6498ce448d1,2026_W23,O66150,U25080,P11,2026-06-02 11:14:23,2,4777.26,555.03,134.17,1619.91,9554.52,8999.49,UPI,Completed
72e8cd21-4747-456a-bffd-d6498ce448d1,2026_W23,O66151,U28138,P109,2026-06-03 20:45:51,1,5905.39,313.37,103.47,1006.56,5905.39,5592.02,Wallet,Completed
72e8cd21-4747-456a-bffd-d6498ce448d1,2026_W23,O66152,U731,P65,2026-06-04 09:38:52,1,9814.57,1047.6,137.96,1578.05,9814.57,8766.97,Debit Card,Completed
72e8cd21-4747-456a-bffd-d6498ce448d1,2026_W23,O66153,U30745,P163,2026-06-03 09:38:56,3,4948.62,1364.52,110.97,2426.64,14845.86,13481.34,Debit Card,Completed
72e8cd21-4747-456a-bffd-d6498ce448d1,2026_W23,O66154,U2429,P29,2026-06-03 00:44:31,4,1532.51,308.63,61.6,1047.85,6130.04,5821.41,Debit Card,Completed
72e8cd21-4747-456a-bffd-d6498ce448d1,2026_W23,O66155,U5362,P87,2026-06-05 22:43:58,1,2857.28,391.29,174.39,443.88,2857.28,2465.99,Wallet,Completed
72e8cd21-4747-456a-bffd-d6498ce448d1,2026_W23,O66156,U25300,P81,2026-06-03 03:35:39,1,6992.52,527.65,162.87,1163.68,6992.52,6464.870000000001,UPI,Completed
72e8cd21-4747-456a-bffd-d6498ce448d1,2026_W23,O66157,U5131,P119,2026-06-06 22:17:06,3,2931.16,635.94,161.25,1468.36,8793.48,8157.539999999999,Credit Card,Completed
72e8cd21-4747-456a-bffd-d6498ce448d1,2026_W23,O66158,U33369,P10,2026-06-02 11:34:08,4,6265.23,416.74,184.17,4435.95,25060.92,24644.18,Credit Card,Completed
72e8cd21-4747-456a-bffd-d6498ce448d1,2026_W23,O66159,U20764,P98,2026-06-02 00:53:41,1,9747.59,1047.8,157.23,1565.96,9747.59,8699.79,UPI,Completed
72e8cd21-4747-456a-bffd-d6498ce448d1,2026_W23,O66160,U25152,P165,2026-06-01 22:38:04,1,2657.45,2.42,156.29,477.91,2657.45,2655.03,Wallet,Completed
72e8cd21-4747-456a-bffd-d6498ce448d1,2026_W23,O66161,U22199,P148,2026-06-07 08:45:17,1,3184.27,266.27,121.92,525.24,3184.27,2918.0,Wallet,Completed
72e8cd21-4747-456a-bffd-d6498ce448d1,2026_W23,O66162,U4454,P192,2026-06-06 21:10:37,4,11696.08,3745.47,144.69,7746.99,46784.32,43038.85,Debit Card,Completed
72e8cd21-4747-456a-bffd-d6498ce448d1,2026_W23,O66163,U33644,P126,2026-06-03 09:11:25,3,7115.51,171.8,52.81,3811.45,21346.53,21174.73,Wallet,Completed
72e8cd21-4747-456a-bffd-d6498ce448d1,2026_W23,O66164,U1305,P117,2026-06-07 05:09:44,1,9615.7,1012.92,119.61,1548.5,9615.7,8602.78,Credit Card,Completed
72e8cd21-4747-456a-bffd-d6498ce448d1,2026_W23,O66165,U28421,P163,2026-06-03 02:08:46,1,4948.62,445.69,192.25,810.53,4948.62,4502.93,UPI,Completed
72e8cd21-4747-456a-bffd-d6498ce448d1,2026_W23,O66166,U22172,P26,2026-06-04 17:46:21,4,6921.53,2181.76,57.29,4590.78,27686.12,25504.36,Credit Card,Completed
72e8cd21-4747-456a-bffd-d6498ce448d1,2026_W23,O66167,U22517,P169,2026-06-07 08:53:08,2,8908.51,2018.79,89.78,2843.68,17817.02,15798.23,Wallet,Completed
72e8cd21-4747-456a-bffd-d6498ce448d1,2026_W23,O66168,U24082,P59,2026-06-03 08:30:04,1,3877.77,177.17,144.69,666.11,3877.77,3700.6,UPI,Completed
72e8cd21-4747-456a-bffd-d6498ce448d1,2026_W23,O66169,U10235,P142,2026-06-03 12:16:48,2,5009.2,1105.56,142.93,1604.31,10018.4,8912.84,Debit Card,Completed
72e8cd21-4747-456a-bffd-d6498ce448d1,2026_W23,O66170,U18690,P77,2026-06-06 20:44:10,2,2460.76,724.85,165.56,755.4,4921.52,4196.67,UPI,Completed
72e8cd21-4747-456a-bffd-d6498ce448d1,2026_W23,O66171,U34004,P182,2026-06-07 10:51:26,2,1987.12,570.85,99.1,612.61,3974.24,3403.39,Debit Card,Completed
72e8cd21-4747-456a-bffd-d6498ce448d1,2026_W23,O66172,U3474,P140,2026-06-01 22:16:59,3,4036.99,540.32,92.28,2082.72,12110.97,11570.65,Wallet,Completed
72e8cd21-4747-456a-bffd-d6498ce448d1,2026_W23,O66173,U34789,P100,2026-06-07 15:32:00,2,6025.88,76.36,78.43,2155.57,12051.76,11975.4,UPI,Completed
72e8cd21-4747-456a-bffd-d6498ce448d1,2026_W23,O66174,U17346,P92,2026-06-04 07:32:20,4,2278.27,59.83,100.54,1629.58,9113.08,9053.25,Debit Card,Completed
72e8cd21-4747-456a-bffd-d6498ce448d1,2026_W23,O66175,U10125,P63,2026-06-07 09:05:36,1,11400.74,1349.18,177.58,1809.28,11400.74,10051.56,Debit Card,Completed
72e8cd21-4747-456a-bffd-d6498ce448d1,2026_W23,O66176,U5161,P121,2026-06-04 10:23:38,4,3168.81,973.33,61.91,2106.34,12675.24,11701.91,UPI,Completed
72e8cd21-4747-456a-bffd-d6498ce448d1,2026_W23,O66177,U1520,P99,2026-06-04 19:57:16,3,5923.25,1602.7,102.7,2910.07,17769.75,16167.05,Credit Card,Completed
72e8cd21-4747-456a-bffd-d6498ce448d1,2026_W23,O66178,U15524,P107,2026-06-03 13:36:31,4,5037.89,667.8,53.78,3507.08,20151.56,19483.76,Wallet,Completed
72e8cd21-4747-456a-bffd-d6498ce448d1,2026_W23,O66179,U16456,P110,2026-06-02 07:15:54,2,2362.36,318.73,199.23,793.08,4724.72,4405.99,Debit Card,Completed
72e8cd21-4747-456a-bffd-d6498ce448d1,2026_W23,O66180,U13566,P65,2026-06-07 05:46:48,2,9814.57,1072.88,181.83,3340.13,19629.14,18556.26,Wallet,Completed
72e8cd21-4747-456a-bffd-d6498ce448d1,2026_W23,O66181,U16004,P43,2026-06-03 00:17:21,4,2660.01,911.05,156.8,1751.22,10640.04,9728.990000000002,Wallet,Completed
72e8cd21-4747-456a-bffd-d6498ce448d1,2026_W23,O66182,U16566,P87,2026-06-07 04:37:05,1,2857.28,165.05,67.04,484.6,2857.28,2692.23,Debit Card,Completed
72e8cd21-4747-456a-bffd-d6498ce448d1,2026_W23,O66183,U8533,P137,2026-06-02 18:51:34,1,2412.96,121.1,95.69,412.53,2412.96,2291.86,Debit Card,Completed
72e8cd21-4747-456a-bffd-d6498ce448d1,2026_W23,O66184,U33616,P96,2026-06-06 13:43:55,4,6736.46,3290.79,69.26,4257.91,26945.84,23655.05,Credit Card,Completed
72e8cd21-4747-456a-bffd-d6498ce448d1,2026_W23,O66185,U5841,P137,2026-06-03 03:50:15,4,2412.96,288.89,93.87,1685.33,9651.84,9362.95,Debit Card,Completed
72e8cd21-4747-456a-bffd-d6498ce448d1,2026_W23,O66186,U20859,P28,2026-06-05 20:46:46,2,7134.46,1121.79,185.94,2366.48,14268.92,13147.13,UPI,Completed
72e8cd21-4747-456a-bffd-d6498ce448d1,2026_W23,O66187,U14597,P25,2026-06-04 01:57:27,1,7381.46,144.18,99.15,1302.71,7381.46,7237.28,UPI,Completed
72e8cd21-4747-456a-bffd-d6498ce448d1,2026_W23,O66188,U20976,P172,2026-06-07 02:22:22,4,1445.78,846.56,99.36,888.58,5783.12,4936.56,UPI,Completed
72e8cd21-4747-456a-bffd-d6498ce448d1,2026_W23,O66189,U26460,P85,2026-06-02 06:14:53,4,7940.53,3099.44,160.31,5159.28,31762.12,28662.68,Wallet,Completed
72e8cd21-4747-456a-bffd-d6498ce448d1,2026_W23,O66190,U30228,P121,2026-06-03 20:22:44,3,3168.81,400.41,144.05,1639.08,9506.43,9106.02,UPI,Completed
72e8cd21-4747-456a-bffd-d6498ce448d1,2026_W23,O66191,U18545,P46,2026-06-02 12:49:13,3,4606.02,169.79,112.98,2456.69,13818.06,13648.27,UPI,Completed
72e8cd21-4747-456a-bffd-d6498ce448d1,2026_W23,O66192,U805,P176,2026-06-04 02:39:32,3,8451.7,788.26,142.61,4422.03,25355.1,24566.840000000004,Credit Card,Completed
72e8cd21-4747-456a-bffd-d6498ce448d1,2026_W23,O66193,U22774,P175,2026-06-05 13:30:43,3,6623.37,2892.69,60.17,3055.94,19870.11,16977.420000000002,Credit Card,Completed
72e8cd21-4747-456a-bffd-d6498ce448d1,2026_W23,O66194,U2781,P81,2026-06-04 20:47:11,4,6992.52,1802.55,132.79,4710.16,27970.08,26167.53,Wallet,Completed
72e8cd21-4747-456a-bffd-d6498ce448d1,2026_W23,O66195,U15375,P82,2026-06-03 06:16:18,2,4676.03,636.14,113.48,1568.87,9352.06,8715.92,Wallet,Completed
72e8cd21-4747-456a-bffd-d6498ce448d1,2026_W23,O66196,U11382,P36,2026-06-02 00:22:20,1,5080.52,422.95,186.85,838.36,5080.52,4657.570000000001,Wallet,Completed
72e8cd21-4747-456a-bffd-d6498ce448d1,2026_W23,O66197,U1977,P21,2026-06-05 18:36:24,4,6758.44,2836.18,175.17,4355.56,27033.76,24197.58,Debit Card,Completed
72e8cd21-4747-456a-bffd-d6498ce448d1,2026_W23,O66198,U13508,P151,2026-06-04 17:07:02,4,10300.34,2720.06,125.53,6926.63,41201.36,38481.3,UPI,Completed
72e8cd21-4747-456a-bffd-d6498ce448d1,2026_W23,O66199,U1579,P95,2026-06-06 05:22:56,4,8832.47,4679.8,195.69,5517.01,35329.88,30650.08,Debit Card,Completed
72e8cd21-4747-456a-bffd-d6498ce448d1,2026_W23,O66200,U7521,P137,2026-06-02 20:06:14,1,2412.96,21.85,119.75,430.4,2412.96,2391.11,UPI,Completed
72e8cd21-4747-456a-bffd-d6498ce448d1,2026_W23,O66201,U14354,P74,2026-06-02 03:16:17,3,4407.74,509.43,174.28,2288.48,13223.22,12713.79,UPI,Completed
72e8cd21-4747-456a-bffd-d6498ce448d1,2026_W23,O66202,U457,P151,2026-06-05 15:52:03,1,10300.34,269.95,199.87,1805.47,10300.34,10030.39,Credit Card,Completed
72e8cd21-4747-456a-bffd-d6498ce448d1,2026_W23,O66203,U26567,P109,2026-06-07 08:44:28,4,5905.39,3419.52,77.57,3636.37,23621.56,20202.04,Debit Card,Completed
72e8cd21-4747-456a-bffd-d6498ce448d1,2026_W23,O66204,U6071,P135,2026-06-04 06:45:26,3,4974.87,2085.15,79.27,2311.1,14924.61,12839.46,Credit Card,Completed
72e8cd21-4747-456a-bffd-d6498ce448d1,2026_W23,O66205,U34773,P98,2026-06-04 13:42:17,2,9747.59,1168.51,143.37,3298.8,19495.18,18326.67,Wallet,Completed
72e8cd21-4747-456a-bffd-d6498ce448d1,2026_W23,O66206,U33683,P161,2026-06-03 11:17:27,1,6131.78,62.32,192.32,1092.5,6131.78,6069.46,Wallet,Completed
72e8cd21-4747-456a-bffd-d6498ce448d1,2026_W23,O66207,U9659,P169,2026-06-02 12:34:15,2,8908.51,2523.19,116.63,2752.89,17817.02,15293.83,UPI,Completed
72e8cd21-4747-456a-bffd-d6498ce448d1,2026_W23,O66208,U11152,P138,2026-06-07 00:02:11,4,6989.52,438.95,128.06,4953.44,27958.08,27519.13,Credit Card,Completed
72e8cd21-4747-456a-bffd-d6498ce448d1,2026_W23,O66209,U31122,P17,2026-06-04 02:32:00,1,8998.12,992.28,92.15,1441.05,8998.12,8005.840000000001,Debit Card,Completed
72e8cd21-4747-456a-bffd-d6498ce448d1,2026_W23,O66210,U15540,P111,2026-06-05 09:17:48,4,2233.14,960.86,161.99,1434.91,8932.56,7971.7,Wallet,Completed
72e8cd21-4747-456a-bffd-d6498ce448d1,2026_W23,O66211,U15695,P72,2026-06-03 03:16:25,2,7361.26,1062.37,81.51,2458.83,14722.52,13660.15,Credit Card,Completed
72e8cd21-4747-456a-bffd-d6498ce448d1,2026_W23,O66212,U21365,P127,2026-06-04 09:52:19,3,7703.2,1415.2,118.64,3904.99,23109.6,21694.4,UPI,Completed
72e8cd21-4747-456a-bffd-d6498ce448d1,2026_W23,O66213,U19268,P185,2026-06-03 06:43:05,2,7874.65,1455.28,156.02,2572.92,15749.3,14294.02,Debit Card,Completed
72e8cd21-4747-456a-bffd-d6498ce448d1,2026_W23,O66214,U7625,P30,2026-06-06 10:05:32,4,10435.98,3353.3,187.49,6910.31,41743.92,38390.62,Debit Card,Completed
72e8cd21-4747-456a-bffd-d6498ce448d1,2026_W23,O66215,U28202,P78,2026-06-03 04:43:37,4,3006.64,1460.24,140.8,1901.94,12026.56,10566.32,Debit Card,Completed
72e8cd21-4747-456a-bffd-d6498ce448d1,2026_W23,O66216,U22704,P70,2026-06-02 09:08:32,4,10058.46,1218.71,69.49,7022.72,40233.84,39015.13,Credit Card,Completed
72e8cd21-4747-456a-bffd-d6498ce448d1,2026_W23,O66217,U28871,P43,2026-06-04 12:35:07,3,2660.01,1064.59,198.36,1244.78,7980.030000000001,6915.4400000000005,Credit Card,Completed
72e8cd21-4747-456a-bffd-d6498ce448d1,2026_W23,O66218,U22130,P162,2026-06-04 10:30:35,4,4947.62,2895.2,113.93,3041.15,19790.48,16895.28,UPI,Completed
72e8cd21-4747-456a-bffd-d6498ce448d1,2026_W23,O66219,U4765,P128,2026-06-04 12:13:24,1,8967.81,834.05,140.19,1464.08,8967.81,8133.759999999999,UPI,Completed
72e8cd21-4747-456a-bffd-d6498ce448d1,2026_W23,O66220,U8664,P26,2026-06-03 14:20:32,2,6921.53,1207.99,165.61,2274.31,13843.06,12635.07,Credit Card,Completed
72e8cd21-4747-456a-bffd-d6498ce448d1,2026_W23,O66221,U33303,P61,2026-06-04 16:20:10,3,7274.63,1127.48,170.15,3725.35,21823.89,20696.41,UPI,Completed
72e8cd21-4747-456a-bffd-d6498ce448d1,2026_W23,O66222,U2961,P165,2026-06-02 22:03:48,2,2657.45,593.48,140.81,849.86,5314.9,4721.42,Debit Card,Completed
72e8cd21-4747-456a-bffd-d6498ce448d1,2026_W23,O66223,U19528,P90,2026-06-02 17:15:13,1,10379.64,1534.43,133.71,1592.14,10379.64,8845.21,Debit Card,Completed
72e8cd21-4747-456a-bffd-d6498ce448d1,2026_W23,O66224,U24090,P146,2026-06-04 13:26:33,2,8753.05,1948.29,159.5,2800.41,17506.1,15557.809999999998,Credit Card,Completed
72e8cd21-4747-456a-bffd-d6498ce448d1,2026_W23,O66225,U16238,P94,2026-06-02 04:34:13,1,7668.43,1040.29,135.46,1193.07,7668.43,6628.14,UPI,Completed
72e8cd21-4747-456a-bffd-d6498ce448d1,2026_W23,O66226,U19579,P77,2026-06-04 14:52:14,2,2460.76,500.52,139.14,795.78,4921.52,4421.0,Debit Card,Completed
72e8cd21-4747-456a-bffd-d6498ce448d1,2026_W23,O66227,U5956,P1,2026-06-03 06:38:33,1,8422.98,43.02,69.03,1508.39,8422.98,8379.96,Credit Card,Completed
72e8cd21-4747-456a-bffd-d6498ce448d1,2026_W23,O66228,U20918,P27,2026-06-03 07:41:24,1,4374.27,548.11,104.9,688.71,4374.27,3826.16,Wallet,Completed
72e8cd21-4747-456a-bffd-d6498ce448d1,2026_W23,O66229,U8200,P71,2026-06-03 18:33:29,3,4652.78,409.69,110.18,2438.76,13958.34,13548.65,Wallet,Completed
72e8cd21-4747-456a-bffd-d6498ce448d1,2026_W23,O66230,U10990,P47,2026-06-04 08:10:01,4,8854.8,1416.35,193.33,6120.51,35419.2,34002.85,Credit Card,Completed
72e8cd21-4747-456a-bffd-d6498ce448d1,2026_W23,O66231,U29956,P28,2026-06-04 04:41:53,1,7134.46,145.79,110.45,1257.96,7134.46,6988.67,UPI,Completed
72e8cd21-4747-456a-bffd-d6498ce448d1,2026_W23,O66232,U10420,P169,2026-06-03 18:07:50,4,8908.51,3250.68,167.69,5829.0,35634.04,32383.36,Credit Card,Completed
72e8cd21-4747-456a-bffd-d6498ce448d1,2026_W23,O66233,U21027,P78,2026-06-02 16:11:14,2,3006.64,216.82,198.64,1043.36,6013.28,5796.46,Debit Card,Completed
72e8cd21-4747-456a-bffd-d6498ce448d1,2026_W23,O66234,U30112,P145,2026-06-03 01:15:46,4,7002.35,2591.27,135.68,4575.26,28009.4,25418.13,Debit Card,Completed
72e8cd21-4747-456a-bffd-d6498ce448d1,2026_W23,O66235,U29599,P200,2026-06-03 09:54:30,2,2159.6,205.71,147.34,740.43,4319.2,4113.49,Wallet,Completed
72e8cd21-4747-456a-bffd-d6498ce448d1,2026_W23,O66236,U23208,P89,2026-06-04 20:16:37,4,9725.61,74.9,63.54,6988.96,38902.44,38827.54,Credit Card,Completed
72e8cd21-4747-456a-bffd-d6498ce448d1,2026_W23,O66237,U33660,P154,2026-06-05 00:09:23,2,7488.16,1789.34,55.13,2373.66,14976.32,13186.98,Credit Card,Completed
72e8cd21-4747-456a-bffd-d6498ce448d1,2026_W23,O66238,U29807,P83,2026-06-07 12:21:59,2,4290.17,628.22,145.06,1431.38,8580.34,7952.12,Credit Card,Completed
72e8cd21-4747-456a-bffd-d6498ce448d1,2026_W23,O66239,U4778,P124,2026-06-06 00:01:31,2,3516.67,289.09,114.55,1213.96,7033.34,6744.25,Credit Card,Completed
72e8cd21-4747-456a-bffd-d6498ce448d1,2026_W23,O66240,U2762,P65,2026-06-06 03:35:00,4,9814.57,3825.08,104.8,6377.98,39258.28,35433.2,UPI,Completed
72e8cd21-4747-456a-bffd-d6498ce448d1,2026_W23,O66241,U3387,P199,2026-06-03 20:40:23,1,5324.39,17.03,64.77,955.32,5324.39,5307.360000000001,Debit Card,Completed
72e8cd21-4747-456a-bffd-d6498ce448d1,2026_W23,O66242,U4831,P151,2026-06-07 01:48:05,4,10300.34,907.5,68.3,7252.89,41201.36,40293.86,Credit Card,Completed
72e8cd21-4747-456a-bffd-d6498ce448d1,2026_W23,O66243,U22199,P7,2026-06-02 18:00:51,2,10896.56,36.73,98.55,3916.15,21793.12,21756.39,Debit Card,Completed
72e8cd21-4747-456a-bffd-d6498ce448d1,2026_W23,O66244,U16073,P189,2026-06-03 06:24:02,1,3755.21,142.66,61.71,650.26,3755.21,3612.55,Wallet,Completed
72e8cd21-4747-456a-bffd-d6498ce448d1,2026_W23,O66245,U24627,P16,2026-06-05 12:39:08,2,9334.87,800.16,176.42,3216.52,18669.74,17869.58,Debit Card,Completed
72e8cd21-4747-456a-bffd-d6498ce448d1,2026_W23,O66246,U32564,P46,2026-06-02 17:12:23,2,4606.02,548.92,70.87,1559.36,9212.04,8663.12,Debit Card,Completed
72e8cd21-4747-456a-bffd-d6498ce448d1,2026_W23,O66247,U22933,P142,2026-06-05 10:37:50,1,5009.2,282.33,175.0,850.84,5009.2,4726.87,Credit Card,Completed
72e8cd21-4747-456a-bffd-d6498ce448d1,2026_W23,O66248,U3474,P112,2026-06-06 05:50:24,4,7986.57,334.09,144.63,5690.19,31946.28,31612.19,Wallet,Completed
72e8cd21-4747-456a-bffd-d6498ce448d1,2026_W23,O66249,U31421,P112,2026-06-02 06:52:14,2,7986.57,180.31,195.13,2842.71,15973.14,15792.83,Wallet,Completed
72e8cd21-4747-456a-bffd-d6498ce448d1,2026_W23,O66250,U3186,P3,2026-06-02 09:08:56,4,6836.35,56.49,108.29,4912.0,27345.4,27288.91,Credit Card,Completed
72e8cd21-4747-456a-bffd-d6498ce448d1,2026_W23,O66251,U31578,P200,2026-06-04 10:19:36,1,2159.6,311.2,81.38,332.71,2159.6,1848.4,Credit Card,Completed
72e8cd21-4747-456a-bffd-d6498ce448d1,2026_W23,O66252,U7774,P92,2026-06-02 09:29:16,1,2278.27,315.83,121.63,353.24,2278.27,1962.44,UPI,Completed
72e8cd21-4747-456a-bffd-d6498ce448d1,2026_W23,O66253,U10272,P73,2026-06-04 01:48:08,4,2860.52,210.14,174.63,2021.75,11442.08,11231.94,Debit Card,Completed
72e8cd21-4747-456a-bffd-d6498ce448d1,2026_W23,O66254,U30325,P153,2026-06-03 04:58:17,1,3236.07,197.02,195.12,547.03,3236.07,3039.05,Credit Card,Completed
72e8cd21-4747-456a-bffd-d6498ce448d1,2026_W23,O66255,U7923,P182,2026-06-03 23:17:43,1,1987.12,120.86,164.63,335.93,1987.12,1866.26,Credit Card,Completed
72e8cd21-4747-456a-bffd-d6498ce448d1,2026_W23,O66256,U29540,P15,2026-06-03 04:26:13,1,1828.72,109.16,100.53,309.52,1828.72,1719.56,Debit Card,Completed
72e8cd21-4747-456a-bffd-d6498ce448d1,2026_W23,O66257,U20806,P8,2026-06-02 09:03:31,4,6662.34,3871.47,131.75,4100.02,26649.36,22777.89,UPI,Completed
72e8cd21-4747-456a-bffd-d6498ce448d1,2026_W23,O66258,U1293,P113,2026-06-03 16:51:09,2,5995.63,744.24,69.17,2024.46,11991.26,11247.02,Credit Card,Completed
72e8cd21-4747-456a-bffd-d6498ce448d1,2026_W23,O66259,U28345,P112,2026-06-06 02:46:44,1,7986.57,386.25,162.81,1368.06,7986.57,7600.32,Credit Card,Completed
72e8cd21-4747-456a-bffd-d6498ce448d1,2026_W23,O66260,U4882,P147,2026-06-02 22:27:03,4,8552.19,4813.16,197.88,5291.21,34208.76,29395.6,Debit Card,Completed
72e8cd21-4747-456a-bffd-d6498ce448d1,2026_W23,O66261,U27202,P93,2026-06-04 22:53:19,3,7912.93,2721.29,100.69,3783.15,23738.79,21017.5,Wallet,Completed
72e8cd21-4747-456a-bffd-d6498ce448d1,2026_W23,O66262,U30375,P197,2026-06-04 17:25:50,1,1602.39,11.82,193.02,286.3,1602.39,1590.5700000000002,Wallet,Completed
72e8cd21-4747-456a-bffd-d6498ce448d1,2026_W23,O66263,U24979,P131,2026-06-07 08:21:56,3,2872.68,445.27,102.63,1471.1,8618.039999999999,8172.769999999999,Credit Card,Completed
72e8cd21-4747-456a-bffd-d6498ce448d1,2026_W23,O66264,U6650,P90,2026-06-02 22:54:46,3,10379.64,692.79,53.03,5480.3,31138.92,30446.13,Credit Card,Completed
72e8cd21-4747-456a-bffd-d6498ce448d1,2026_W23,O66265,U12872,P19,2026-06-07 17:04:38,4,10412.16,2316.76,156.11,7079.74,41648.64,39331.88,Wallet,Completed
72e8cd21-4747-456a-bffd-d6498ce448d1,2026_W23,O66266,U26078,P91,2026-06-06 03:08:55,3,4770.75,701.99,130.91,2449.85,14312.25,13610.26,Credit Card,Completed
72e8cd21-4747-456a-bffd-d6498ce448d1,2026_W23,O66267,U29610,P27,2026-06-04 19:07:06,3,4374.27,1780.59,186.24,2041.6,13122.81,11342.22,Wallet,Completed
72e8cd21-4747-456a-bffd-d6498ce448d1,2026_W23,O66268,U24769,P126,2026-06-04 21:02:41,3,7115.51,2779.33,154.09,3342.1,21346.53,18567.2,Debit Card,Completed
72e8cd21-4747-456a-bffd-d6498ce448d1,2026_W23,O66269,U30461,P94,2026-06-05 11:52:23,3,7668.43,1412.32,140.38,3886.73,23005.29,21592.97,Credit Card,Completed
72e8cd21-4747-456a-bffd-d6498ce448d1,2026_W23,O66270,U2622,P39,2026-06-04 00:31:04,4,7544.04,380.6,184.89,5363.2,30176.16,29795.56,Wallet,Completed
72e8cd21-4747-456a-bffd-d6498ce448d1,2026_W23,O66271,U30990,P110,2026-06-02 15:25:16,2,2362.36,470.26,130.8,765.8,4724.72,4254.46,Debit Card,Completed
72e8cd21-4747-456a-bffd-d6498ce448d1,2026_W23,O66272,U12306,P122,2026-06-01 21:10:37,2,7123.24,1101.71,117.7,2366.06,14246.48,13144.77,Debit Card,Completed
72e8cd21-4747-456a-bffd-d6498ce448d1,2026_W23,O66273,U26740,P68,2026-06-03 09:24:07,2,4648.44,985.66,88.04,1496.02,9296.88,8311.22,UPI,Completed
72e8cd21-4747-456a-bffd-d6498ce448d1,2026_W23,O66274,U4218,P70,2026-06-06 02:54:44,1,10058.46,928.8,53.83,1643.34,10058.46,9129.66,Credit Card,Completed
72e8cd21-4747-456a-bffd-d6498ce448d1,2026_W23,O66275,U32247,P27,2026-06-03 07:23:08,2,4374.27,818.25,196.71,1427.45,8748.54,7930.290000000001,Wallet,Completed
72e8cd21-4747-456a-bffd-d6498ce448d1,2026_W23,O66276,U9876,P20,2026-06-05 07:12:16,2,2140.8,22.48,95.9,766.64,4281.6,4259.120000000001,UPI,Completed
72e8cd21-4747-456a-bffd-d6498ce448d1,2026_W23,O66277,U23005,P145,2026-06-06 01:41:12,2,7002.35,879.12,192.72,2362.6,14004.7,13125.58,UPI,Completed
72e8cd21-4747-456a-bffd-d6498ce448d1,2026_W23,O66278,U23298,P33,2026-06-06 18:01:32,4,8155.0,2766.81,67.27,5373.57,32620.0,29853.19,Debit Card,Completed
72e8cd21-4747-456a-bffd-d6498ce448d1,2026_W23,O66279,U3881,P126,2026-06-03 16:54:51,3,7115.51,1792.36,56.41,3519.75,21346.53,19554.17,UPI,Completed
72e8cd21-4747-456a-bffd-d6498ce448d1,2026_W23,O66280,U28079,P51,2026-06-03 17:51:20,3,5156.58,40.36,69.7,2777.29,15469.74,15429.38,Wallet,Completed
72e8cd21-4747-456a-bffd-d6498ce448d1,2026_W23,O66281,U5860,P157,2026-06-05 02:11:26,2,6948.33,46.51,59.81,2493.03,13896.66,13850.15,UPI,Completed
72e8cd21-4747-456a-bffd-d6498ce448d1,2026_W23,O66282,U16511,P192,2026-06-04 13:30:20,1,11696.08,1577.84,127.93,1821.28,11696.08,10118.24,Debit Card,Completed
72e8cd21-4747-456a-bffd-d6498ce448d1,2026_W23,O66283,U752,P19,2026-06-03 01:46:06,3,10412.16,1999.8,77.09,5262.6,31236.48,29236.68,UPI,Completed
72e8cd21-4747-456a-bffd-d6498ce448d1,2026_W23,O66284,U1652,P124,2026-06-06 20:40:47,4,3516.67,506.85,157.13,2440.77,14066.68,13559.83,UPI,Completed
72e8cd21-4747-456a-bffd-d6498ce448d1,2026_W23,O66285,U19122,P192,2026-06-07 09:38:59,1,11696.08,748.84,72.94,1970.5,11696.08,10947.24,UPI,Completed
72e8cd21-4747-456a-bffd-d6498ce448d1,2026_W23,O66286,U3123,P14,2026-06-04 07:23:18,2,7736.91,2032.07,116.73,2419.52,15473.82,13441.75,UPI,Completed
72e8cd21-4747-456a-bffd-d6498ce448d1,2026_W23,O66287,U31954,P125,2026-06-04 19:47:49,4,7881.51,3724.6,79.1,5004.26,31526.04,27801.44,Wallet,Completed
72e8cd21-4747-456a-bffd-d6498ce448d1,2026_W23,O66288,U19908,P161,2026-06-01 20:37:21,1,6131.78,56.5,108.35,1093.55,6131.78,6075.28,Debit Card,Completed
72e8cd21-4747-456a-bffd-d6498ce448d1,2026_W23,O66289,U13187,P178,2026-06-05 20:59:04,3,7201.61,906.34,107.06,3725.73,21604.83,20698.49,Credit Card,Completed
72e8cd21-4747-456a-bffd-d6498ce448d1,2026_W23,O66290,U21184,P156,2026-06-02 11:17:50,4,7497.11,4373.38,88.84,4610.71,29988.44,25615.06,UPI,Completed
72e8cd21-4747-456a-bffd-d6498ce448d1,2026_W23,O66291,U4187,P102,2026-06-03 18:04:49,3,2314.83,887.25,86.31,1090.3,6944.49,6057.24,Credit Card,Completed
72e8cd21-4747-456a-bffd-d6498ce448d1,2026_W23,O66292,U7388,P194,2026-06-07 09:36:53,4,7139.77,783.31,101.69,4999.64,28559.08,27775.77,Credit Card,Completed
72e8cd21-4747-456a-bffd-d6498ce448d1,2026_W23,O66293,U2046,P181,2026-06-03 23:19:44,4,6034.6,1597.64,165.37,4057.34,24138.4,22540.76,Wallet,Completed
72e8cd21-4747-456a-bffd-d6498ce448d1,2026_W23,O66294,U23607,P159,2026-06-06 05:45:28,2,5981.94,1663.41,193.41,1854.08,11963.88,10300.47,Debit Card,Completed
72e8cd21-4747-456a-bffd-d6498ce448d1,2026_W23,O66295,U7904,P130,2026-06-03 12:49:30,3,3717.66,342.87,77.14,1945.82,11152.98,10810.11,Credit Card,Completed
72e8cd21-4747-456a-bffd-d6498ce448d1,2026_W23,O66296,U8533,P193,2026-06-05 13:33:03,3,9271.8,2967.77,89.52,4472.57,27815.4,24847.63,Wallet,Completed
72e8cd21-4747-456a-bffd-d6498ce448d1,2026_W23,O66297,U1355,P124,2026-06-04 05:31:26,4,3516.67,1458.41,171.45,2269.49,14066.68,12608.27,Debit Card,Completed
72e8cd21-4747-456a-bffd-d6498ce448d1,2026_W23,O66298,U30590,P24,2026-06-05 17:51:41,4,7207.54,338.77,69.59,5128.45,28830.16,28491.39,UPI,Completed
72e8cd21-4747-456a-bffd-d6498ce448d1,2026_W23,O66299,U20149,P127,2026-06-04 12:44:07,4,7703.2,2963.58,122.93,5012.86,30812.8,27849.22,UPI,Completed
72e8cd21-4747-456a-bffd-d6498ce448d1,2026_W23,O66300,U24492,P84,2026-06-06 00:26:25,3,3400.69,804.63,101.76,1691.54,10202.07,9397.44,Debit Card,Completed
72e8cd21-4747-456a-bffd-d6498ce448d1,2026_W23,O66301,U19370,P82,2026-06-06 00:26:10,2,4676.03,737.46,176.5,1550.63,9352.06,8614.599999999999,Credit Card,Completed
72e8cd21-4747-456a-bffd-d6498ce448d1,2026_W23,O66302,U9493,P200,2026-06-07 17:04:52,1,2159.6,32.64,52.19,382.85,2159.6,2126.96,UPI,Completed
72e8cd21-4747-456a-bffd-d6498ce448d1,2026_W23,O66303,U11013,P147,2026-06-06 22:58:37,1,8552.19,744.66,127.39,1405.36,8552.19,7807.530000000001,Credit Card,Completed
72e8cd21-4747-456a-bffd-d6498ce448d1,2026_W23,O66304,U32248,P81,2026-06-06 14:24:05,4,6992.52,3550.3,115.16,4395.56,27970.08,24419.78,Debit Card,Completed
72e8cd21-4747-456a-bffd-d6498ce448d1,2026_W23,O66305,U17749,P26,2026-06-02 02:26:02,2,6921.53,1178.95,138.74,2279.54,13843.06,12664.11,Credit Card,Completed
72e8cd21-4747-456a-bffd-d6498ce448d1,2026_W23,O66306,U15207,P80,2026-06-03 18:47:27,2,4942.61,1375.13,150.71,1531.82,9885.22,8510.09,Wallet,Completed
72e8cd21-4747-456a-bffd-d6498ce448d1,2026_W23,O66307,U5229,P74,2026-06-05 07:18:34,1,4407.74,260.85,72.32,746.44,4407.74,4146.889999999999,UPI,Completed
72e8cd21-4747-456a-bffd-d6498ce448d1,2026_W23,O66308,U17608,P13,2026-06-06 05:42:46,1,7537.32,58.44,67.88,1346.2,7537.32,7478.88,Credit Card,Completed
72e8cd21-4747-456a-bffd-d6498ce448d1,2026_W23,O66309,U4460,P105,2026-06-05 09:56:42,3,2249.83,706.69,148.3,1087.7,6749.49,6042.799999999999,Wallet,Completed
72e8cd21-4747-456a-bffd-d6498ce448d1,2026_W23,O66310,U22396,P107,2026-06-04 02:15:25,2,5037.89,998.91,71.68,1633.84,10075.78,9076.87,Wallet,Completed
72e8cd21-4747-456a-bffd-d6498ce448d1,2026_W23,O66311,U4407,P16,2026-06-06 09:55:48,2,9334.87,2476.61,112.32,2914.76,18669.74,16193.13,Debit Card,Completed
72e8cd21-4747-456a-bffd-d6498ce448d1,2026_W23,O66312,U33817,P131,2026-06-05 03:10:41,4,2872.68,288.36,86.71,2016.42,11490.72,11202.36,Wallet,Completed
72e8cd21-4747-456a-bffd-d6498ce448d1,2026_W23,O66313,U5368,P30,2026-06-07 16:09:05,3,10435.98,2769.32,107.03,5136.95,31307.94,28538.62,Credit Card,Completed
72e8cd21-4747-456a-bffd-d6498ce448d1,2026_W23,O66314,U5765,P146,2026-06-03 16:51:58,2,8753.05,2060.49,55.42,2780.21,17506.1,15445.61,Wallet,Completed
72e8cd21-4747-456a-bffd-d6498ce448d1,2026_W23,O66315,U14218,P38,2026-06-03 00:17:40,4,9269.67,1225.11,81.71,6453.64,37078.68,35853.57,Wallet,Completed
72e8cd21-4747-456a-bffd-d6498ce448d1,2026_W23,O66316,U31464,P85,2026-06-05 20:47:54,4,7940.53,121.9,184.08,5695.24,31762.12,31640.22,Wallet,Completed
72e8cd21-4747-456a-bffd-d6498ce448d1,2026_W23,O66317,U22881,P101,2026-06-07 00:58:58,1,10959.44,1612.22,94.35,1682.5,10959.44,9347.22,UPI,Completed
72e8cd21-4747-456a-bffd-d6498ce448d1,2026_W23,O66318,U3169,P161,2026-06-07 01:31:12,1,6131.78,621.56,165.05,991.84,6131.78,5510.219999999999,Credit Card,Completed
72e8cd21-4747-456a-bffd-d6498ce448d1,2026_W23,O66319,U29064,P6,2026-06-06 09:35:42,3,6942.01,2311.72,78.35,3332.58,20826.03,18514.31,Credit Card,Completed
72e8cd21-4747-456a-bffd-d6498ce448d1,2026_W23,O66320,U29464,P66,2026-06-06 13:53:29,4,5068.12,1182.8,194.22,3436.14,20272.48,19089.68,UPI,Completed
72e8cd21-4747-456a-bffd-d6498ce448d1,2026_W23,O66321,U13161,P20,2026-06-05 08:47:48,4,2140.8,1078.39,113.68,1347.27,8563.2,7484.81,Debit Card,Completed
72e8cd21-4747-456a-bffd-d6498ce448d1,2026_W23,O66322,U8194,P71,2026-06-07 05:51:16,4,4652.78,106.55,88.21,3330.82,18611.12,18504.57,Wallet,Completed
72e8cd21-4747-456a-bffd-d6498ce448d1,2026_W23,O66323,U9734,P189,2026-06-02 10:00:55,2,3755.21,781.3,73.92,1211.24,7510.42,6729.12,Debit Card,Completed
72e8cd21-4747-456a-bffd-d6498ce448d1,2026_W23,O66324,U13945,P82,2026-06-02 07:06:26,4,4676.03,1529.85,176.99,3091.37,18704.12,17174.27,Debit Card,Completed
72e8cd21-4747-456a-bffd-d6498ce448d1,2026_W23,O66325,U10968,P74,2026-06-05 19:56:55,2,4407.74,935.8,90.53,1418.34,8815.48,7879.679999999999,Wallet,Completed
72e8cd21-4747-456a-bffd-d6498ce448d1,2026_W23,O66326,U24895,P53,2026-06-05 16:36:03,1,5679.25,671.81,59.0,901.34,5679.25,5007.4400000000005,Debit Card,Completed
72e8cd21-4747-456a-bffd-d6498ce448d1,2026_W23,O66327,U5029,P9,2026-06-07 14:26:22,1,6463.86,42.96,144.63,1155.76,6463.86,6420.9,Credit Card,Completed
72e8cd21-4747-456a-bffd-d6498ce448d1,2026_W23,O66328,U17427,P176,2026-06-01 21:44:08,2,8451.7,717.98,122.81,2913.38,16903.4,16185.420000000002,Debit Card,Completed
72e8cd21-4747-456a-bffd-d6498ce448d1,2026_W23,O66329,U33450,P111,2026-06-07 02:27:10,4,2233.14,1019.52,139.41,1424.35,8932.56,7913.039999999999,Wallet,Completed
72e8cd21-4747-456a-bffd-d6498ce448d1,2026_W23,O66330,U3581,P66,2026-06-03 20:09:28,2,5068.12,993.12,77.13,1645.76,10136.24,9143.12,Wallet,Completed
72e8cd21-4747-456a-bffd-d6498ce448d1,2026_W23,O66331,U5233,P141,2026-06-04 15:32:24,2,3712.37,151.82,70.92,1309.13,7424.74,7272.92,Credit Card,Completed
72e8cd21-4747-456a-bffd-d6498ce448d1,2026_W23,O66332,U19941,P139,2026-06-05 14:19:11,2,3152.91,616.36,101.23,1024.1,6305.82,5689.46,Debit Card,Completed
72e8cd21-4747-456a-bffd-d6498ce448d1,2026_W23,O66333,U11048,P176,2026-06-07 07:09:44,2,8451.7,2089.36,114.88,2666.53,16903.4,14814.04,Wallet,Completed
72e8cd21-4747-456a-bffd-d6498ce448d1,2026_W23,O66334,U29212,P108,2026-06-02 05:17:33,4,3076.73,1627.83,88.01,1922.24,12306.92,10679.09,Wallet,Completed
72e8cd21-4747-456a-bffd-d6498ce448d1,2026_W23,O66335,U22613,P66,2026-06-06 01:45:39,2,5068.12,766.99,114.0,1686.46,10136.24,9369.25,Wallet,Completed
72e8cd21-4747-456a-bffd-d6498ce448d1,2026_W23,O66336,U2785,P103,2026-06-02 18:48:59,3,4922.25,327.62,194.98,2599.04,14766.75,14439.13,Credit Card,Completed
72e8cd21-4747-456a-bffd-d6498ce448d1,2026_W23,O66337,U3373,P27,2026-06-04 20:47:47,1,4374.27,401.0,125.94,715.19,4374.27,3973.27,Credit Card,Completed
72e8cd21-4747-456a-bffd-d6498ce448d1,2026_W23,O66338,U27421,P157,2026-06-03 13:58:44,1,6948.33,978.18,123.17,1074.63,6948.33,5970.15,Debit Card,Completed
72e8cd21-4747-456a-bffd-d6498ce448d1,2026_W23,O66339,U31350,P167,2026-06-03 22:07:35,1,10191.01,433.76,136.47,1756.3,10191.01,9757.25,UPI,Completed
72e8cd21-4747-456a-bffd-d6498ce448d1,2026_W23,O66340,U12747,P156,2026-06-07 09:50:43,4,7497.11,2237.84,185.12,4995.11,29988.44,27750.6,UPI,Completed
72e8cd21-4747-456a-bffd-d6498ce448d1,2026_W23,O66341,U18885,P37,2026-06-03 11:02:29,1,5843.49,751.44,176.87,916.57,5843.49,5092.049999999999,UPI,Completed
72e8cd21-4747-456a-bffd-d6498ce448d1,2026_W23,O66342,U32464,P120,2026-06-04 22:12:23,3,6088.95,2253.22,143.83,2882.45,18266.85,16013.63,Credit Card,Completed
72e8cd21-4747-456a-bffd-d6498ce448d1,2026_W23,O66343,U25632,P176,2026-06-04 10:14:16,2,8451.7,1440.38,84.47,2783.34,16903.4,15463.02,UPI,Completed
72e8cd21-4747-456a-bffd-d6498ce448d1,2026_W23,O66344,U7859,P45,2026-06-05 20:25:34,4,10226.58,710.76,142.91,7235.2,40906.32,40195.56,Debit Card,Completed
72e8cd21-4747-456a-bffd-d6498ce448d1,2026_W23,O66345,U33127,P165,2026-06-04 20:41:28,3,2657.45,1194.58,121.09,1220.0,7972.349999999999,6777.77,Debit Card,Completed
72e8cd21-4747-456a-bffd-d6498ce448d1,2026_W23,O66346,U23792,P1,2026-06-05 19:24:55,3,8422.98,3373.28,101.63,3941.22,25268.94,21895.66,UPI,Completed
72e8cd21-4747-456a-bffd-d6498ce448d1,2026_W23,O66347,U21,P47,2026-06-05 03:59:10,2,8854.8,1012.46,63.24,3005.49,17709.6,16697.14,Wallet,Completed
72e8cd21-4747-456a-bffd-d6498ce448d1,2026_W23,O66348,U10967,P42,2026-06-03 01:34:54,1,7209.49,203.53,181.58,1261.07,7209.49,7005.96,UPI,Completed
72e8cd21-4747-456a-bffd-d6498ce448d1,2026_W23,O66349,U16213,P87,2026-06-05 17:41:19,4,2857.28,319.12,137.97,1999.8,11429.12,11110.0,Credit Card,Completed
72e8cd21-4747-456a-bffd-d6498ce448d1,2026_W23,O66350,U3176,P140,2026-06-06 10:21:49,4,4036.99,120.23,53.7,2884.99,16147.96,16027.73,Debit Card,Completed
72e8cd21-4747-456a-bffd-d6498ce448d1,2026_W23,O66351,U34717,P30,2026-06-02 02:29:45,1,10435.98,976.04,63.31,1702.79,10435.98,9459.94,Credit Card,Completed
72e8cd21-4747-456a-bffd-d6498ce448d1,2026_W23,O66352,U6987,P124,2026-06-04 21:13:59,2,3516.67,59.98,198.66,1255.2,7033.34,6973.360000000001,Debit Card,Completed
72e8cd21-4747-456a-bffd-d6498ce448d1,2026_W23,O66353,U23012,P84,2026-06-05 18:42:58,2,3400.69,18.51,76.44,1220.92,6801.38,6782.87,Credit Card,Completed
72e8cd21-4747-456a-bffd-d6498ce448d1,2026_W23,O66354,U26793,P83,2026-06-05 20:54:39,2,4290.17,1055.52,138.41,1354.47,8580.34,7524.82,Debit Card,Completed
72e8cd21-4747-456a-bffd-d6498ce448d1,2026_W23,O66355,U14897,P81,2026-06-03 07:23:34,3,6992.52,1396.96,80.33,3524.51,20977.56,19580.6,Wallet,Completed
72e8cd21-4747-456a-bffd-d6498ce448d1,2026_W23,O66356,U33849,P28,2026-06-02 00:22:50,4,7134.46,623.39,80.3,5024.6,28537.84,27914.45,Debit Card,Completed
72e8cd21-4747-456a-bffd-d6498ce448d1,2026_W23,O66357,U16812,P146,2026-06-01 21:15:59,1,8753.05,617.4,129.24,1464.42,8753.05,8135.65,UPI,Completed
72e8cd21-4747-456a-bffd-d6498ce448d1,2026_W23,O66358,U23898,P45,2026-06-05 00:17:40,1,10226.58,1072.05,106.83,1647.82,10226.58,9154.53,Wallet,Completed
72e8cd21-4747-456a-bffd-d6498ce448d1,2026_W23,O66359,U14687,P132,2026-06-06 13:16:33,3,4280.82,805.92,96.43,2166.58,12842.46,12036.54,UPI,Completed
72e8cd21-4747-456a-bffd-d6498ce448d1,2026_W23,O66360,U12399,P152,2026-06-07 08:16:00,3,3680.01,220.15,71.34,1947.58,11040.03,10819.88,Credit Card,Completed
72e8cd21-4747-456a-bffd-d6498ce448d1,2026_W23,O66361,U2043,P33,2026-06-02 09:28:03,4,8155.0,290.19,165.62,5819.37,32620.0,32329.81,Debit Card,Completed
72e8cd21-4747-456a-bffd-d6498ce448d1,2026_W23,O66362,U22063,P40,2026-06-05 15:25:46,1,5653.56,136.3,69.91,993.11,5653.56,5517.26,Wallet,Completed
72e8cd21-4747-456a-bffd-d6498ce448d1,2026_W23,O66363,U8123,P1,2026-06-02 23:06:22,1,8422.98,218.63,64.52,1476.78,8422.98,8204.35,Wallet,Completed
72e8cd21-4747-456a-bffd-d6498ce448d1,2026_W23,O66364,U33363,P45,2026-06-07 09:58:29,1,10226.58,1247.25,191.54,1616.28,10226.58,8979.33,Debit Card,Completed
72e8cd21-4747-456a-bffd-d6498ce448d1,2026_W23,O66365,U4102,P137,2026-06-06 12:41:16,4,2412.96,1111.14,61.66,1537.33,9651.84,8540.7,UPI,Completed
72e8cd21-4747-456a-bffd-d6498ce448d1,2026_W23,O66366,U691,P83,2026-06-07 03:08:43,3,4290.17,551.59,86.66,2217.41,12870.51,12318.92,UPI,Completed
72e8cd21-4747-456a-bffd-d6498ce448d1,2026_W23,O66367,U30785,P194,2026-06-03 04:24:26,2,7139.77,111.65,133.49,2550.22,14279.54,14167.89,UPI,Completed
72e8cd21-4747-456a-bffd-d6498ce448d1,2026_W23,O66368,U29994,P13,2026-06-02 19:36:49,2,7537.32,1853.13,141.18,2379.87,15074.64,13221.509999999998,Wallet,Completed
72e8cd21-4747-456a-bffd-d6498ce448d1,2026_W23,O66369,U633,P128,2026-06-07 01:11:29,2,8967.81,2286.29,159.64,2816.88,17935.62,15649.329999999998,UPI,Completed
72e8cd21-4747-456a-bffd-d6498ce448d1,2026_W23,O66370,U11245,P101,2026-06-06 18:15:26,2,10959.44,1849.6,194.9,3612.47,21918.88,20069.28,Debit Card,Completed
72e8cd21-4747-456a-bffd-d6498ce448d1,2026_W23,O66371,U403,P184,2026-06-06 18:52:04,2,2050.2,497.83,108.56,648.46,4100.4,3602.57,Wallet,Completed
72e8cd21-4747-456a-bffd-d6498ce448d1,2026_W23,O66372,U14059,P151,2026-06-04 08:22:12,1,10300.34,1336.56,112.97,1613.48,10300.34,8963.78,UPI,Completed
72e8cd21-4747-456a-bffd-d6498ce448d1,2026_W23,O66373,U32019,P45,2026-06-05 11:55:14,4,10226.58,6046.65,171.78,6274.74,40906.32,34859.67,Debit Card,Completed
72e8cd21-4747-456a-bffd-d6498ce448d1,2026_W23,O66374,U20270,P42,2026-06-06 13:42:37,2,7209.49,499.18,97.91,2505.56,14418.98,13919.8,Credit Card,Completed
72e8cd21-4747-456a-bffd-d6498ce448d1,2026_W23,O66375,U32326,P107,2026-06-05 03:21:21,3,5037.89,1366.25,188.3,2474.54,15113.670000000002,13747.420000000002,Wallet,Completed
72e8cd21-4747-456a-bffd-d6498ce448d1,2026_W23,O66376,U27688,P38,2026-06-04 20:23:05,4,9269.67,5010.97,188.28,5772.19,37078.68,32067.71,Credit Card,Completed
72e8cd21-4747-456a-bffd-d6498ce448d1,2026_W23,O66377,U18164,P194,2026-06-05 02:30:16,3,7139.77,384.47,129.35,3786.27,21419.31,21034.84,UPI,Completed
72e8cd21-4747-456a-bffd-d6498ce448d1,2026_W23,O66378,U18309,P146,2026-06-07 13:48:12,3,8753.05,1207.66,183.65,4509.27,26259.15,25051.49,Credit Card,Completed
72e8cd21-4747-456a-bffd-d6498ce448d1,2026_W23,O66379,U24424,P146,2026-06-04 19:42:28,1,8753.05,770.74,142.49,1436.82,8753.05,7982.309999999999,Debit Card,Completed
72e8cd21-4747-456a-bffd-d6498ce448d1,2026_W23,O66380,U26701,P196,2026-06-02 10:25:38,4,9246.31,4693.58,181.76,5812.5,36985.24,32291.66,UPI,Completed
72e8cd21-4747-456a-bffd-d6498ce448d1,2026_W23,O66381,U11383,P81,2026-06-04 09:20:28,2,6992.52,547.06,165.02,2418.84,13985.04,13437.98,Debit Card,Completed
72e8cd21-4747-456a-bffd-d6498ce448d1,2026_W23,O66382,U5036,P2,2026-06-02 09:00:26,2,4248.72,20.15,84.68,1525.91,8497.44,8477.29,Credit Card,Completed
72e8cd21-4747-456a-bffd-d6498ce448d1,2026_W23,O66383,U14373,P189,2026-06-04 18:18:47,2,3755.21,236.56,154.12,1309.29,7510.42,7273.86,Wallet,Completed
72e8cd21-4747-456a-bffd-d6498ce448d1,2026_W23,O66384,U26765,P90,2026-06-06 08:05:39,2,10379.64,1367.91,69.41,3490.45,20759.28,19391.37,Wallet,Completed
72e8cd21-4747-456a-bffd-d6498ce448d1,2026_W23,O66385,U4242,P37,2026-06-03 01:02:57,4,5843.49,1024.6,161.77,4022.88,23373.96,22349.36,Wallet,Completed
72e8cd21-4747-456a-bffd-d6498ce448d1,2026_W23,O66386,U8024,P47,2026-06-06 21:38:01,3,8854.8,1066.29,112.87,4589.66,26564.4,25498.11,UPI,Completed
72e8cd21-4747-456a-bffd-d6498ce448d1,2026_W23,O66387,U7021,P125,2026-06-06 09:50:26,3,7881.51,1239.42,148.56,4032.92,23644.53,22405.11,Wallet,Completed
72e8cd21-4747-456a-bffd-d6498ce448d1,2026_W23,O66388,U34864,P85,2026-06-04 18:14:33,2,7940.53,934.86,118.66,2690.32,15881.06,14946.2,Wallet,Completed
72e8cd21-4747-456a-bffd-d6498ce448d1,2026_W23,O66389,U28765,P119,2026-06-01 21:00:06,1,2931.16,267.78,151.36,479.41,2931.16,2663.38,UPI,Completed
72e8cd21-4747-456a-bffd-d6498ce448d1,2026_W23,O66390,U27204,P134,2026-06-07 11:19:52,3,2662.06,49.82,163.61,1428.54,7986.18,7936.360000000001,Debit Card,Completed
72e8cd21-4747-456a-bffd-d6498ce448d1,2026_W23,O66391,U7810,P19,2026-06-03 17:18:28,1,10412.16,117.37,149.09,1853.06,10412.16,10294.79,Credit Card,Completed
72e8cd21-4747-456a-bffd-d6498ce448d1,2026_W23,O66392,U27811,P25,2026-06-05 16:22:33,3,7381.46,439.48,156.31,3906.88,22144.38,21704.9,Debit Card,Completed
72e8cd21-4747-456a-bffd-d6498ce448d1,2026_W23,O66393,U33925,P6,2026-06-03 06:00:52,1,6942.01,641.38,196.23,1134.11,6942.01,6300.63,UPI,Completed
72e8cd21-4747-456a-bffd-d6498ce448d1,2026_W23,O66394,U34420,P171,2026-06-03 05:04:23,3,3668.91,593.22,101.0,1874.43,11006.73,10413.51,UPI,Completed
72e8cd21-4747-456a-bffd-d6498ce448d1,2026_W23,O66395,U19604,P77,2026-06-06 08:38:09,4,2460.76,791.2,122.08,1629.33,9843.04,9051.84,Debit Card,Completed
72e8cd21-4747-456a-bffd-d6498ce448d1,2026_W23,O66396,U4954,P40,2026-06-04 09:40:02,2,5653.56,922.84,68.74,1869.17,11307.12,10384.28,Debit Card,Completed
72e8cd21-4747-456a-bffd-d6498ce448d1,2026_W23,O66397,U5022,P40,2026-06-05 01:28:28,1,5653.56,19.85,168.98,1014.07,5653.56,5633.71,Wallet,Completed
72e8cd21-4747-456a-bffd-d6498ce448d1,2026_W23,O66398,U11721,P186,2026-06-05 15:14:01,1,7703.95,533.59,74.28,1290.66,7703.95,7170.36,Credit Card,Completed
72e8cd21-4747-456a-bffd-d6498ce448d1,2026_W23,O66399,U6495,P167,2026-06-04 07:57:57,2,10191.01,243.25,97.63,3624.98,20382.02,20138.77,Wallet,Completed
72e8cd21-4747-456a-bffd-d6498ce448d1,2026_W23,O66400,U19941,P111,2026-06-03 02:12:42,1,2233.14,158.8,96.7,373.38,2233.14,2074.34,Debit Card,Completed
72e8cd21-4747-456a-bffd-d6498ce448d1,2026_W23,O66401,U12138,P180,2026-06-07 04:09:53,4,6330.21,1316.73,55.28,4320.74,25320.84,24004.11,UPI,Completed
72e8cd21-4747-456a-bffd-d6498ce448d1,2026_W23,O66402,U10135,P30,2026-06-02 03:22:49,2,10435.98,3012.87,141.61,3214.64,20871.96,17859.09,Debit Card,Completed
72e8cd21-4747-456a-bffd-d6498ce448d1,2026_W23,O66403,U1061,P131,2026-06-07 04:46:59,3,2872.68,319.37,172.48,1493.76,8618.039999999999,8298.669999999998,UPI,Completed
72e8cd21-4747-456a-bffd-d6498ce448d1,2026_W23,O66404,U27386,P139,2026-06-03 01:29:15,4,3152.91,153.18,137.21,2242.52,12611.64,12458.46,Wallet,Completed
72e8cd21-4747-456a-bffd-d6498ce448d1,2026_W23,O66405,U26551,P41,2026-06-02 05:37:34,2,11748.5,2602.43,113.58,3761.02,23497.0,20894.57,Wallet,Completed
72e8cd21-4747-456a-bffd-d6498ce448d1,2026_W23,O66406,U694,P23,2026-06-04 00:43:46,3,8537.77,2447.21,76.91,4169.9,25613.31,23166.1,Credit Card,Completed
72e8cd21-4747-456a-bffd-d6498ce448d1,2026_W23,O66407,U12662,P8,2026-06-02 09:14:49,4,6662.34,3340.03,124.28,4195.68,26649.36,23309.33,Debit Card,Completed
72e8cd21-4747-456a-bffd-d6498ce448d1,2026_W23,O66408,U9614,P186,2026-06-05 04:10:17,2,7703.95,1943.92,179.67,2423.52,15407.9,13463.98,Debit Card,Completed
72e8cd21-4747-456a-bffd-d6498ce448d1,2026_W23,O66409,U28236,P53,2026-06-05 08:51:32,3,5679.25,162.22,56.57,3037.6,17037.75,16875.53,Credit Card,Completed
72e8cd21-4747-456a-bffd-d6498ce448d1,2026_W23,O66410,U32852,P173,2026-06-04 20:31:03,2,5411.96,1061.78,132.25,1757.19,10823.92,9762.14,Credit Card,Completed
72e8cd21-4747-456a-bffd-d6498ce448d1,2026_W23,O66411,U13457,P192,2026-06-06 01:57:30,1,11696.08,413.76,134.18,2030.82,11696.08,11282.32,Credit Card,Completed
72e8cd21-4747-456a-bffd-d6498ce448d1,2026_W23,O66412,U17144,P108,2026-06-03 06:10:36,2,3076.73,309.93,108.29,1051.84,6153.46,5843.53,Debit Card,Completed
72e8cd21-4747-456a-bffd-d6498ce448d1,2026_W23,O66413,U282,P1,2026-06-02 00:19:45,1,8422.98,852.67,168.77,1362.66,8422.98,7570.309999999999,Credit Card,Completed
72e8cd21-4747-456a-bffd-d6498ce448d1,2026_W23,O66414,U25924,P103,2026-06-02 16:17:35,1,4922.25,188.07,165.65,852.15,4922.25,4734.18,Credit Card,Completed
72e8cd21-4747-456a-bffd-d6498ce448d1,2026_W23,O66415,U17444,P104,2026-06-07 11:29:25,4,5590.84,2476.66,166.83,3579.61,22363.36,19886.7,Debit Card,Completed
72e8cd21-4747-456a-bffd-d6498ce448d1,2026_W23,O66416,U9053,P163,2026-06-06 18:06:59,2,4948.62,1460.47,145.82,1518.62,9897.24,8436.77,Credit Card,Completed
72e8cd21-4747-456a-bffd-d6498ce448d1,2026_W23,O66417,U20596,P86,2026-06-07 19:09:37,3,5552.06,2434.08,167.32,2559.98,16656.18,14222.1,UPI,Completed
72e8cd21-4747-456a-bffd-d6498ce448d1,2026_W23,O66418,U19713,P141,2026-06-07 12:39:49,3,3712.37,1623.16,183.16,1712.51,11137.11,9513.95,Wallet,Completed
72e8cd21-4747-456a-bffd-d6498ce448d1,2026_W23,O66419,U1673,P112,2026-06-06 20:33:40,4,7986.57,1630.77,71.54,5456.79,31946.28,30315.51,UPI,Completed
72e8cd21-4747-456a-bffd-d6498ce448d1,2026_W23,O66420,U5239,P93,2026-06-03 16:51:52,4,7912.93,2277.2,169.48,5287.41,31651.72,29374.52,UPI,Completed
72e8cd21-4747-456a-bffd-d6498ce448d1,2026_W23,O66421,U19706,P15,2026-06-06 00:47:03,2,1828.72,520.36,194.66,564.67,3657.44,3137.08,Debit Card,Completed
72e8cd21-4747-456a-bffd-d6498ce448d1,2026_W23,O66422,U22567,P145,2026-06-03 06:45:09,3,7002.35,1018.3,118.9,3597.98,21007.050000000003,19988.750000000004,UPI,Completed
72e8cd21-4747-456a-bffd-d6498ce448d1,2026_W23,O66423,U22632,P98,2026-06-06 02:11:44,4,9747.59,982.61,73.43,6841.4,38990.36,38007.75,Credit Card,Completed
72e8cd21-4747-456a-bffd-d6498ce448d1,2026_W23,O66424,U958,P129,2026-06-05 06:04:54,1,4560.09,115.43,161.65,800.04,4560.09,4444.66,Credit Card,Completed
72e8cd21-4747-456a-bffd-d6498ce448d1,2026_W23,O66425,U29624,P159,2026-06-04 00:12:50,2,5981.94,741.93,71.01,2019.95,11963.88,11221.95,Wallet,Completed
72e8cd21-4747-456a-bffd-d6498ce448d1,2026_W23,O66426,U16247,P2,2026-06-06 18:48:07,4,4248.72,205.72,182.44,3022.05,16994.88,16789.16,Debit Card,Completed
72e8cd21-4747-456a-bffd-d6498ce448d1,2026_W23,O66427,U12771,P102,2026-06-03 02:35:42,2,2314.83,208.64,127.85,795.78,4629.66,4421.02,Credit Card,Completed
72e8cd21-4747-456a-bffd-d6498ce448d1,2026_W23,O66428,U1953,P126,2026-06-04 07:16:25,1,7115.51,152.14,86.68,1253.41,7115.51,6963.37,UPI,Completed
72e8cd21-4747-456a-bffd-d6498ce448d1,2026_W23,O66429,U17211,P198,2026-06-06 22:34:15,1,7893.47,522.47,75.47,1326.78,7893.47,7371.0,Wallet,Completed
72e8cd21-4747-456a-bffd-d6498ce448d1,2026_W23,O66430,U30499,P151,2026-06-07 14:14:17,1,10300.34,339.7,78.62,1792.92,10300.34,9960.64,Debit Card,Completed
72e8cd21-4747-456a-bffd-d6498ce448d1,2026_W23,O66431,U22400,P68,2026-06-02 00:48:08,2,4648.44,913.78,155.06,1508.96,9296.88,8383.099999999999,UPI,Completed
72e8cd21-4747-456a-bffd-d6498ce448d1,2026_W23,O66432,U687,P36,2026-06-04 06:50:45,4,5080.52,266.71,64.4,3609.97,20322.08,20055.370000000003,Credit Card,Completed
72e8cd21-4747-456a-bffd-d6498ce448d1,2026_W23,O66433,U29548,P3,2026-06-03 00:07:37,4,6836.35,2930.97,101.65,4394.6,27345.4,24414.43,Debit Card,Completed
72e8cd21-4747-456a-bffd-d6498ce448d1,2026_W23,O66434,U16871,P131,2026-06-07 09:52:28,3,2872.68,601.88,65.86,1442.91,8618.039999999999,8016.159999999999,Debit Card,Completed
72e8cd21-4747-456a-bffd-d6498ce448d1,2026_W23,O66435,U11960,P175,2026-06-03 19:42:26,2,6623.37,1756.75,127.64,2068.2,13246.74,11489.99,Wallet,Completed
72e8cd21-4747-456a-bffd-d6498ce448d1,2026_W23,O66436,U33644,P56,2026-06-02 11:00:23,4,9007.41,4002.91,80.04,5764.81,36029.64,32026.73,Credit Card,Completed
72e8cd21-4747-456a-bffd-d6498ce448d1,2026_W23,O66437,U31671,P67,2026-06-05 05:48:39,1,6380.8,22.18,136.17,1144.55,6380.8,6358.62,Credit Card,Completed
72e8cd21-4747-456a-bffd-d6498ce448d1,2026_W23,O66438,U13116,P64,2026-06-04 05:21:38,1,5229.45,350.45,81.74,878.22,5229.45,4879.0,UPI,Completed
72e8cd21-4747-456a-bffd-d6498ce448d1,2026_W23,O66439,U4219,P128,2026-06-03 09:31:21,4,8967.81,2359.61,160.54,6032.09,35871.24,33511.63,UPI,Completed
72e8cd21-4747-456a-bffd-d6498ce448d1,2026_W23,O66440,U28592,P195,2026-06-07 01:00:07,4,9936.45,3785.09,135.08,6472.93,39745.8,35960.71000000001,Debit Card,Completed
72e8cd21-4747-456a-bffd-d6498ce448d1,2026_W23,O66441,U15082,P129,2026-06-06 05:58:08,1,4560.09,49.69,188.13,811.87,4560.09,4510.400000000001,Wallet,Completed
72e8cd21-4747-456a-bffd-d6498ce448d1,2026_W23,O66442,U33179,P37,2026-06-03 02:55:55,4,5843.49,3406.61,192.41,3594.12,23373.96,19967.35,Credit Card,Completed
72e8cd21-4747-456a-bffd-d6498ce448d1,2026_W23,O66443,U2752,P175,2026-06-06 01:55:16,4,6623.37,1727.73,130.08,4457.84,26493.48,24765.75,Debit Card,Completed
72e8cd21-4747-456a-bffd-d6498ce448d1,2026_W23,O66444,U12816,P160,2026-06-05 19:56:27,3,3922.12,697.29,119.43,1992.43,11766.36,11069.07,Credit Card,Completed
72e8cd21-4747-456a-bffd-d6498ce448d1,2026_W23,O66445,U27169,P141,2026-06-05 16:17:36,1,3712.37,442.23,109.59,588.63,3712.37,3270.14,Credit Card,Completed
72e8cd21-4747-456a-bffd-d6498ce448d1,2026_W23,O66446,U12787,P81,2026-06-05 08:25:53,2,6992.52,213.62,183.6,2478.86,13985.04,13771.42,Credit Card,Completed
72e8cd21-4747-456a-bffd-d6498ce448d1,2026_W23,O66447,U26994,P66,2026-06-05 16:33:21,4,5068.12,1762.49,51.49,3331.8,20272.48,18509.99,Credit Card,Completed
72e8cd21-4747-456a-bffd-d6498ce448d1,2026_W23,O66448,U15712,P87,2026-06-06 19:08:21,4,2857.28,1607.07,198.02,1767.97,11429.12,9822.05,UPI,Completed
72e8cd21-4747-456a-bffd-d6498ce448d1,2026_W23,O66449,U26446,P142,2026-06-05 00:17:20,4,5009.2,2768.82,193.85,3108.24,20036.8,17267.98,Credit Card,Completed
72e8cd21-4747-456a-bffd-d6498ce448d1,2026_W23,O66450,U10636,P79,2026-06-03 15:24:21,2,4029.4,457.42,149.0,1368.25,8058.8,7601.38,Wallet,Completed
72e8cd21-4747-456a-bffd-d6498ce448d1,2026_W23,O66451,U25591,P4,2026-06-04 20:03:27,4,4763.57,2712.77,194.2,2941.47,19054.28,16341.509999999998,Debit Card,Completed
72e8cd21-4747-456a-bffd-d6498ce448d1,2026_W23,O66452,U28603,P34,2026-06-04 22:07:19,3,3033.5,1096.72,136.86,1440.68,9100.5,8003.78,UPI,Completed
72e8cd21-4747-456a-bffd-d6498ce448d1,2026_W23,O66453,U6560,P119,2026-06-02 15:37:04,2,2931.16,205.11,111.57,1018.3,5862.32,5657.21,Wallet,Completed
72e8cd21-4747-456a-bffd-d6498ce448d1,2026_W23,O66454,U15937,P88,2026-06-06 11:07:20,3,6362.48,515.17,67.56,3343.01,19087.44,18572.27,Debit Card,Completed
72e8cd21-4747-456a-bffd-d6498ce448d1,2026_W23,O66455,U10396,P191,2026-06-07 17:22:36,2,6168.41,856.07,68.99,2066.54,12336.82,11480.75,Wallet,Completed
72e8cd21-4747-456a-bffd-d6498ce448d1,2026_W23,O66456,U11013,P138,2026-06-04 15:24:46,3,6989.52,1911.3,188.59,3430.31,20968.56,19057.26,Wallet,Completed
72e8cd21-4747-456a-bffd-d6498ce448d1,2026_W23,O66457,U7090,P90,2026-06-07 12:04:27,1,10379.64,848.68,179.16,1715.57,10379.64,9530.96,UPI,Completed
72e8cd21-4747-456a-bffd-d6498ce448d1,2026_W23,O66458,U6145,P21,2026-06-02 15:54:02,2,6758.44,164.56,65.51,2403.42,13516.88,13352.32,Credit Card,Completed
72e8cd21-4747-456a-bffd-d6498ce448d1,2026_W23,O66459,U6863,P65,2026-06-07 05:29:23,4,9814.57,841.38,130.08,6915.04,39258.28,38416.9,UPI,Completed
72e8cd21-4747-456a-bffd-d6498ce448d1,2026_W23,O66460,U20566,P110,2026-06-03 16:02:15,1,2362.36,184.18,156.25,392.07,2362.36,2178.1800000000003,UPI,Completed
72e8cd21-4747-456a-bffd-d6498ce448d1,2026_W23,O66461,U32247,P91,2026-06-02 06:56:00,3,4770.75,424.67,192.88,2499.76,14312.25,13887.58,UPI,Completed
72e8cd21-4747-456a-bffd-d6498ce448d1,2026_W23,O66462,U4651,P130,2026-06-05 04:34:03,3,3717.66,774.89,107.61,1868.06,11152.98,10378.09,UPI,Completed
72e8cd21-4747-456a-bffd-d6498ce448d1,2026_W23,O66463,U2772,P68,2026-06-07 15:31:26,3,4648.44,1830.62,121.43,2180.65,13945.32,12114.7,UPI,Completed
72e8cd21-4747-456a-bffd-d6498ce448d1,2026_W23,O66464,U29118,P39,2026-06-07 09:58:05,3,7544.04,6.14,176.2,4072.68,22632.12,22625.98,Wallet,Completed
72e8cd21-4747-456a-bffd-d6498ce448d1,2026_W23,O66465,U1558,P92,2026-06-07 05:38:41,4,2278.27,1294.27,55.43,1407.39,9113.08,7818.809999999999,Wallet,Completed
72e8cd21-4747-456a-bffd-d6498ce448d1,2026_W23,O66466,U26052,P32,2026-06-06 17:10:26,4,1891.54,356.48,149.16,1297.74,7566.16,7209.68,Credit Card,Completed
72e8cd21-4747-456a-bffd-d6498ce448d1,2026_W23,O66467,U8379,P71,2026-06-06 15:32:21,1,4652.78,534.64,76.88,741.27,4652.78,4118.139999999999,UPI,Completed
72e8cd21-4747-456a-bffd-d6498ce448d1,2026_W23,O66468,U4409,P173,2026-06-04 06:13:37,1,5411.96,499.93,71.97,884.17,5411.96,4912.03,Credit Card,Completed
72e8cd21-4747-456a-bffd-d6498ce448d1,2026_W23,O66469,U27333,P13,2026-06-04 19:52:07,4,7537.32,2003.9,149.9,5066.17,30149.28,28145.38,Wallet,Completed
72e8cd21-4747-456a-bffd-d6498ce448d1,2026_W23,O66470,U11501,P91,2026-06-05 09:08:46,4,4770.75,2408.42,133.32,3001.42,19083.0,16674.58,Wallet,Completed
72e8cd21-4747-456a-bffd-d6498ce448d1,2026_W23,O66471,U29045,P132,2026-06-06 22:57:51,2,4280.82,674.18,169.4,1419.74,8561.64,7887.459999999999,UPI,Completed
72e8cd21-4747-456a-bffd-d6498ce448d1,2026_W23,O66472,U8583,P11,2026-06-04 20:52:09,3,4777.26,964.67,111.1,2406.08,14331.78,13367.11,Credit Card,Completed
72e8cd21-4747-456a-bffd-d6498ce448d1,2026_W23,O66473,U2062,P111,2026-06-05 15:47:24,3,2233.14,470.91,97.49,1121.13,6699.42,6228.51,Debit Card,Completed
72e8cd21-4747-456a-bffd-d6498ce448d1,2026_W23,O66474,U30788,P65,2026-06-06 21:47:22,4,9814.57,1237.54,174.14,6843.73,39258.28,38020.74,UPI,Completed
72e8cd21-4747-456a-bffd-d6498ce448d1,2026_W23,O66475,U18848,P107,2026-06-06 12:37:21,3,5037.89,499.08,106.47,2630.63,15113.670000000002,14614.590000000002,UPI,Completed
72e8cd21-4747-456a-bffd-d6498ce448d1,2026_W23,O66476,U4231,P164,2026-06-04 10:22:29,4,7788.37,4589.93,76.19,4781.44,31153.48,26563.55,Wallet,Completed
72e8cd21-4747-456a-bffd-d6498ce448d1,2026_W23,O66477,U7760,P75,2026-06-01 21:28:52,1,8927.29,308.68,135.4,1551.35,8927.29,8618.61,Debit Card,Completed
72e8cd21-4747-456a-bffd-d6498ce448d1,2026_W23,O66478,U26073,P147,2026-06-03 02:02:45,4,8552.19,1239.6,62.62,5934.45,34208.76,32969.16,Debit Card,Completed
72e8cd21-4747-456a-bffd-d6498ce448d1,2026_W23,O66479,U23536,P106,2026-06-07 19:44:41,1,4353.6,305.48,198.25,728.66,4353.6,4048.12,Wallet,Completed
72e8cd21-4747-456a-bffd-d6498ce448d1,2026_W23,O66480,U12825,P70,2026-06-06 20:30:05,3,10058.46,3409.58,80.13,4817.84,30175.38,26765.8,Credit Card,Completed
72e8cd21-4747-456a-bffd-d6498ce448d1,2026_W23,O66481,U9253,P50,2026-06-03 14:28:53,1,2577.38,139.42,87.67,438.83,2577.38,2437.96,UPI,Completed
72e8cd21-4747-456a-bffd-d6498ce448d1,2026_W23,O66482,U879,P190,2026-06-03 12:31:30,1,7773.11,444.95,166.87,1319.07,7773.11,7328.16,Wallet,Completed
72e8cd21-4747-456a-bffd-d6498ce448d1,2026_W23,O66483,U5588,P177,2026-06-04 11:07:57,2,6111.68,1638.05,131.54,1905.36,12223.36,10585.31,Debit Card,Completed
72e8cd21-4747-456a-bffd-d6498ce448d1,2026_W23,O66484,U8407,P111,2026-06-07 10:02:39,4,2233.14,625.18,194.32,1495.33,8932.56,8307.38,Wallet,Completed
72e8cd21-4747-456a-bffd-d6498ce448d1,2026_W23,O66485,U26162,P33,2026-06-07 04:23:24,3,8155.0,1758.28,102.47,4087.21,24465.0,22706.72,Wallet,Completed
72e8cd21-4747-456a-bffd-d6498ce448d1,2026_W23,O66486,U31183,P191,2026-06-06 22:57:17,3,6168.41,955.96,52.45,3158.87,18505.23,17549.27,Credit Card,Completed
72e8cd21-4747-456a-bffd-d6498ce448d1,2026_W23,O66487,U12974,P142,2026-06-04 17:03:54,2,5009.2,620.74,155.87,1691.58,10018.4,9397.66,UPI,Completed
72e8cd21-4747-456a-bffd-d6498ce448d1,2026_W23,O66488,U5662,P188,2026-06-05 04:26:16,3,3474.24,953.16,132.4,1704.52,10422.72,9469.56,Wallet,Completed
72e8cd21-4747-456a-bffd-d6498ce448d1,2026_W23,O66489,U1729,P151,2026-06-04 02:34:52,3,10300.34,1636.03,142.25,5267.7,30901.02,29264.99,Credit Card,Completed
72e8cd21-4747-456a-bffd-d6498ce448d1,2026_W23,O66490,U34976,P59,2026-06-03 02:41:53,3,3877.77,235.9,94.28,2051.53,11633.31,11397.41,Credit Card,Completed
72e8cd21-4747-456a-bffd-d6498ce448d1,2026_W23,O66491,U30181,P158,2026-06-02 18:43:06,4,2851.23,1111.82,63.9,1852.76,11404.92,10293.1,UPI,Completed
72e8cd21-4747-456a-bffd-d6498ce448d1,2026_W23,O66492,U19621,P115,2026-06-05 18:14:09,1,10604.02,963.4,113.83,1735.31,10604.02,9640.62,Debit Card,Completed
72e8cd21-4747-456a-bffd-d6498ce448d1,2026_W23,O66493,U26773,P78,2026-06-02 22:08:05,1,3006.64,210.06,122.25,503.38,3006.64,2796.58,UPI,Completed
72e8cd21-4747-456a-bffd-d6498ce448d1,2026_W23,O66494,U1154,P161,2026-06-06 06:52:07,2,6131.78,1130.33,179.72,2003.98,12263.56,11133.23,UPI,Completed
72e8cd21-4747-456a-bffd-d6498ce448d1,2026_W23,O66495,U4252,P158,2026-06-04 02:47:38,4,2851.23,716.97,191.33,1923.83,11404.92,10687.95,UPI,Completed
72e8cd21-4747-456a-bffd-d6498ce448d1,2026_W23,O66496,U22012,P76,2026-06-04 04:08:26,3,1956.86,500.24,196.52,966.66,5870.58,5370.34,Credit Card,Completed
72e8cd21-4747-456a-bffd-d6498ce448d1,2026_W23,O66497,U26120,P7,2026-06-05 17:05:25,2,10896.56,953.64,102.15,3751.11,21793.12,20839.48,Debit Card,Completed
72e8cd21-4747-456a-bffd-d6498ce448d1,2026_W23,O66498,U20670,P82,2026-06-04 14:51:05,1,4676.03,662.89,106.71,722.37,4676.03,4013.14,Credit Card,Completed
72e8cd21-4747-456a-bffd-d6498ce448d1,2026_W23,O66499,U14737,P164,2026-06-03 09:45:13,2,7788.37,1542.01,53.93,2526.25,15576.74,14034.73,Credit Card,Completed
72e8cd21-4747-456a-bffd-d6498ce448d1,2026_W23,O66500,U1271,P46,2026-06-07 00:26:49,4,4606.02,63.52,86.69,3304.9,18424.08,18360.56,Wallet,Completed
72e8cd21-4747-456a-bffd-d6498ce448d1,2026_W23,O66501,U19626,P155,2026-06-06 07:33:47,1,5852.84,530.43,115.94,958.03,5852.84,5322.41,Debit Card,Completed
72e8cd21-4747-456a-bffd-d6498ce448d1,2026_W23,O66502,U32321,P171,2026-06-05 21:02:31,4,3668.91,310.33,156.99,2585.76,14675.64,14365.31,Credit Card,Completed
72e8cd21-4747-456a-bffd-d6498ce448d1,2026_W23,O66503,U4346,P182,2026-06-05 19:40:44,1,1987.12,196.37,119.68,322.33,1987.12,1790.75,Wallet,Completed
72e8cd21-4747-456a-bffd-d6498ce448d1,2026_W23,O66504,U3885,P137,2026-06-04 19:05:39,1,2412.96,328.14,189.97,375.27,2412.96,2084.82,Debit Card,Completed
72e8cd21-4747-456a-bffd-d6498ce448d1,2026_W23,O66505,U13069,P77,2026-06-02 22:52:05,3,2460.76,905.64,136.76,1165.8,7382.280000000001,6476.64,Credit Card,Completed
72e8cd21-4747-456a-bffd-d6498ce448d1,2026_W23,O66506,U10213,P60,2026-06-07 03:19:06,4,7906.19,4546.12,78.19,4874.16,31624.76,27078.64,Debit Card,Completed
72e8cd21-4747-456a-bffd-d6498ce448d1,2026_W23,O66507,U7477,P54,2026-06-06 08:57:34,3,8322.93,1459.71,98.41,4231.63,24968.79,23509.08,Debit Card,Completed
72e8cd21-4747-456a-bffd-d6498ce448d1,2026_W23,O66508,U28004,P100,2026-06-04 16:05:39,3,6025.88,1966.91,163.52,2899.93,18077.64,16110.73,Credit Card,Completed
72e8cd21-4747-456a-bffd-d6498ce448d1,2026_W23,O66509,U5629,P145,2026-06-04 06:24:02,2,7002.35,579.9,196.15,2416.46,14004.7,13424.8,UPI,Completed
72e8cd21-4747-456a-bffd-d6498ce448d1,2026_W23,O66510,U9110,P193,2026-06-06 05:07:48,1,9271.8,1075.15,168.09,1475.4,9271.8,8196.65,UPI,Completed
72e8cd21-4747-456a-bffd-d6498ce448d1,2026_W23,O66511,U17739,P68,2026-06-06 23:22:58,2,4648.44,272.82,91.91,1624.33,9296.88,9024.06,Credit Card,Completed
72e8cd21-4747-456a-bffd-d6498ce448d1,2026_W23,O66512,U27307,P108,2026-06-02 12:38:38,1,3076.73,122.18,54.84,531.82,3076.73,2954.55,Credit Card,Completed
72e8cd21-4747-456a-bffd-d6498ce448d1,2026_W23,O66513,U445,P72,2026-06-05 11:06:54,1,7361.26,621.78,77.66,1213.11,7361.26,6739.4800000000005,Wallet,Completed
72e8cd21-4747-456a-bffd-d6498ce448d1,2026_W23,O66514,U29952,P100,2026-06-03 07:08:36,3,6025.88,2604.2,77.02,2785.22,18077.64,15473.44,Credit Card,Completed
72e8cd21-4747-456a-bffd-d6498ce448d1,2026_W23,O66515,U28603,P104,2026-06-05 03:41:53,3,5590.84,834.47,197.97,2868.85,16772.52,15938.05,UPI,Completed
72e8cd21-4747-456a-bffd-d6498ce448d1,2026_W23,O66516,U5738,P177,2026-06-05 01:59:13,4,6111.68,3476.9,55.36,3774.57,24446.72,20969.82,Debit Card,Completed
72e8cd21-4747-456a-bffd-d6498ce448d1,2026_W23,O66517,U15669,P104,2026-06-06 09:42:17,2,5590.84,982.39,58.96,1835.87,11181.68,10199.29,Debit Card,Completed
72e8cd21-4747-456a-bffd-d6498ce448d1,2026_W23,O66518,U13038,P63,2026-06-03 04:21:42,2,11400.74,220.73,63.03,4064.54,22801.48,22580.75,Credit Card,Completed
72e8cd21-4747-456a-bffd-d6498ce448d1,2026_W23,O66519,U19707,P79,2026-06-04 06:44:00,3,4029.4,264.73,93.29,2128.22,12088.2,11823.47,Debit Card,Completed
72e8cd21-4747-456a-bffd-d6498ce448d1,2026_W23,O66520,U27069,P126,2026-06-04 11:46:00,2,7115.51,1980.3,184.7,2205.13,14231.02,12250.72,Credit Card,Completed
72e8cd21-4747-456a-bffd-d6498ce448d1,2026_W23,O66521,U29994,P171,2026-06-02 17:07:19,3,3668.91,772.4,192.11,1842.18,11006.73,10234.33,Wallet,Completed
72e8cd21-4747-456a-bffd-d6498ce448d1,2026_W23,O66522,U24140,P112,2026-06-03 14:21:35,2,7986.57,1493.76,64.47,2606.29,15973.14,14479.38,Wallet,Completed
72e8cd21-4747-456a-bffd-d6498ce448d1,2026_W23,O66523,U29990,P152,2026-06-04 02:30:05,3,3680.01,405.62,165.17,1914.19,11040.03,10634.41,UPI,Completed
72e8cd21-4747-456a-bffd-d6498ce448d1,2026_W23,O66524,U15132,P191,2026-06-03 19:38:24,1,6168.41,199.13,186.47,1074.47,6168.41,5969.28,Credit Card,Completed
72e8cd21-4747-456a-bffd-d6498ce448d1,2026_W23,O66525,U31456,P160,2026-06-03 00:00:55,2,3922.12,241.9,171.11,1368.42,7844.24,7602.34,Debit Card,Completed
72e8cd21-4747-456a-bffd-d6498ce448d1,2026_W23,O66526,U17825,P71,2026-06-05 04:32:22,4,4652.78,519.64,74.78,3256.47,18611.12,18091.48,Credit Card,Completed
72e8cd21-4747-456a-bffd-d6498ce448d1,2026_W23,O66527,U10020,P78,2026-06-06 06:14:51,1,3006.64,211.01,198.91,503.21,3006.64,2795.63,UPI,Completed
72e8cd21-4747-456a-bffd-d6498ce448d1,2026_W23,O66528,U20104,P140,2026-06-04 06:29:23,2,4036.99,708.87,86.63,1325.72,8073.98,7365.11,Wallet,Completed
72e8cd21-4747-456a-bffd-d6498ce448d1,2026_W23,O66529,U13270,P97,2026-06-05 13:39:29,2,5186.28,953.17,173.79,1695.49,10372.56,9419.39,UPI,Completed
72e8cd21-4747-456a-bffd-d6498ce448d1,2026_W23,O66530,U13531,P194,2026-06-02 19:02:51,4,7139.77,3538.71,64.49,4503.67,28559.08,25020.370000000003,Wallet,Completed
72e8cd21-4747-456a-bffd-d6498ce448d1,2026_W23,O66531,U11717,P160,2026-06-05 20:53:18,1,3922.12,8.97,82.22,704.37,3922.12,3913.15,Debit Card,Completed
72e8cd21-4747-456a-bffd-d6498ce448d1,2026_W23,O66532,U25282,P54,2026-06-07 19:07:17,3,8322.93,1404.8,136.79,4241.52,24968.79,23563.99,UPI,Completed
72e8cd21-4747-456a-bffd-d6498ce448d1,2026_W23,O66533,U12065,P21,2026-06-03 10:12:10,1,6758.44,814.51,108.95,1069.91,6758.44,5943.929999999999,Debit Card,Completed
72e8cd21-4747-456a-bffd-d6498ce448d1,2026_W23,O66534,U7691,P34,2026-06-02 13:11:43,1,3033.5,6.07,162.2,544.94,3033.5,3027.43,UPI,Completed
72e8cd21-4747-456a-bffd-d6498ce448d1,2026_W23,O66535,U18646,P154,2026-06-02 08:37:29,4,7488.16,1997.07,191.99,5032.0,29952.64,27955.57,Credit Card,Completed
72e8cd21-4747-456a-bffd-d6498ce448d1,2026_W23,O66536,U17897,P110,2026-06-04 17:48:29,1,2362.36,185.26,129.5,391.88,2362.36,2177.1000000000004,Credit Card,Completed
72e8cd21-4747-456a-bffd-d6498ce448d1,2026_W23,O66537,U16138,P26,2026-06-03 05:48:47,3,6921.53,1328.43,65.36,3498.51,20764.59,19436.16,UPI,Completed
72e8cd21-4747-456a-bffd-d6498ce448d1,2026_W23,O66538,U15793,P94,2026-06-05 22:28:00,4,7668.43,3451.03,58.81,4900.08,30673.72,27222.69,Wallet,Completed
72e8cd21-4747-456a-bffd-d6498ce448d1,2026_W23,O66539,U25152,P39,2026-06-03 23:30:49,1,7544.04,259.13,57.23,1311.28,7544.04,7284.91,Wallet,Completed
72e8cd21-4747-456a-bffd-d6498ce448d1,2026_W23,O66540,U23637,P86,2026-06-06 01:07:12,2,5552.06,1460.05,58.41,1735.93,11104.12,9644.070000000002,UPI,Completed
72e8cd21-4747-456a-bffd-d6498ce448d1,2026_W23,O66541,U30638,P93,2026-06-01 23:25:20,4,7912.93,111.7,139.51,5677.2,31651.72,31540.02,Credit Card,Completed
72e8cd21-4747-456a-bffd-d6498ce448d1,2026_W23,O66542,U33392,P48,2026-06-06 04:36:11,3,4680.1,1125.7,182.26,2324.63,14040.3,12914.6,Credit Card,Completed
72e8cd21-4747-456a-bffd-d6498ce448d1,2026_W23,O66543,U28407,P133,2026-06-05 19:03:44,1,9654.47,712.3,97.22,1609.59,9654.47,8942.17,Credit Card,Completed
72e8cd21-4747-456a-bffd-d6498ce448d1,2026_W23,O66544,U8702,P183,2026-06-04 19:16:01,3,5821.34,631.38,108.47,3029.88,17464.02,16832.64,Debit Card,Completed
72e8cd21-4747-456a-bffd-d6498ce448d1,2026_W23,O66545,U33719,P100,2026-06-05 08:59:45,1,6025.88,200.77,96.56,1048.52,6025.88,5825.11,Credit Card,Completed
72e8cd21-4747-456a-bffd-d6498ce448d1,2026_W23,O66546,U9915,P1,2026-06-02 18:42:22,3,8422.98,803.47,143.82,4403.78,25268.94,24465.47,UPI,Completed
72e8cd21-4747-456a-bffd-d6498ce448d1,2026_W23,O66547,U30659,P28,2026-06-07 19:13:44,2,7134.46,178.93,195.37,2536.2,14268.92,14089.99,Credit Card,Completed
72e8cd21-4747-456a-bffd-d6498ce448d1,2026_W23,O66548,U11738,P103,2026-06-02 10:28:42,4,4922.25,97.64,165.89,3526.44,19689.0,19591.36,UPI,Completed
72e8cd21-4747-456a-bffd-d6498ce448d1,2026_W23,O66549,U24529,P119,2026-06-07 05:25:03,3,2931.16,1020.64,157.73,1399.11,8793.48,7772.839999999999,Debit Card,Completed
72e8cd21-4747-456a-bffd-d6498ce448d1,2026_W23,O66550,U24423,P174,2026-06-05 05:00:55,4,8540.78,3622.52,132.01,5497.31,34163.12,30540.6,Credit Card,Completed
72e8cd21-4747-456a-bffd-d6498ce448d1,2026_W23,O66551,U5368,P152,2026-06-06 06:06:55,1,3680.01,416.03,195.03,587.52,3680.01,3263.9800000000005,UPI,Completed
72e8cd21-4747-456a-bffd-d6498ce448d1,2026_W23,O66552,U24155,P46,2026-06-03 20:37:01,3,4606.02,1085.82,118.05,2291.8,13818.06,12732.240000000002,Credit Card,Completed
72e8cd21-4747-456a-bffd-d6498ce448d1,2026_W23,O66553,U3683,P2,2026-06-05 11:20:32,4,4248.72,2046.18,96.44,2690.77,16994.88,14948.7,Credit Card,Completed
72e8cd21-4747-456a-bffd-d6498ce448d1,2026_W23,O66554,U26511,P135,2026-06-04 10:39:57,1,4974.87,621.13,115.04,783.67,4974.87,4353.74,Credit Card,Completed
72e8cd21-4747-456a-bffd-d6498ce448d1,2026_W23,O66555,U1100,P83,2026-06-04 13:03:14,1,4290.17,412.09,155.87,698.05,4290.17,3878.08,Wallet,Completed
72e8cd21-4747-456a-bffd-d6498ce448d1,2026_W23,O66556,U2737,P52,2026-06-05 17:25:35,4,2737.55,329.1,63.06,1911.8,10950.2,10621.1,Debit Card,Completed
72e8cd21-4747-456a-bffd-d6498ce448d1,2026_W23,O66557,U10574,P164,2026-06-04 03:50:20,2,7788.37,480.56,109.68,2717.31,15576.74,15096.18,Credit Card,Completed
72e8cd21-4747-456a-bffd-d6498ce448d1,2026_W23,O66558,U31743,P138,2026-06-04 08:34:13,2,6989.52,679.22,132.94,2393.97,13979.04,13299.820000000002,Wallet,Completed
72e8cd21-4747-456a-bffd-d6498ce448d1,2026_W23,O66559,U27762,P200,2026-06-05 08:33:31,1,2159.6,90.33,150.79,372.47,2159.6,2069.27,Credit Card,Completed
72e8cd21-4747-456a-bffd-d6498ce448d1,2026_W23,O66560,U13812,P180,2026-06-04 06:21:58,4,6330.21,2605.28,59.69,4088.8,25320.84,22715.56,UPI,Completed
72e8cd21-4747-456a-bffd-d6498ce448d1,2026_W23,O66561,U21102,P191,2026-06-02 18:19:29,2,6168.41,1724.98,145.26,1910.13,12336.82,10611.84,Debit Card,Completed
72e8cd21-4747-456a-bffd-d6498ce448d1,2026_W23,O66562,U31068,P65,2026-06-04 05:28:24,2,9814.57,1604.9,128.07,3244.36,19629.14,18024.24,Credit Card,Completed
72e8cd21-4747-456a-bffd-d6498ce448d1,2026_W23,O66563,U33176,P84,2026-06-05 16:13:21,4,3400.69,747.44,133.24,2313.96,13602.76,12855.32,Debit Card,Completed
72e8cd21-4747-456a-bffd-d6498ce448d1,2026_W23,O66564,U23250,P199,2026-06-03 09:32:00,2,5324.39,1211.82,109.94,1698.65,10648.78,9436.96,Credit Card,Completed
72e8cd21-4747-456a-bffd-d6498ce448d1,2026_W23,O66565,U484,P7,2026-06-02 00:31:19,2,10896.56,3033.65,54.39,3376.7,21793.12,18759.47,UPI,Completed
72e8cd21-4747-456a-bffd-d6498ce448d1,2026_W23,O66566,U16020,P49,2026-06-05 11:16:00,2,4491.12,420.07,146.83,1541.19,8982.24,8562.17,UPI,Completed
72e8cd21-4747-456a-bffd-d6498ce448d1,2026_W23,O66567,U19311,P29,2026-06-03 18:22:50,1,1532.51,140.94,116.05,250.48,1532.51,1391.57,Wallet,Completed
72e8cd21-4747-456a-bffd-d6498ce448d1,2026_W23,O66568,U33081,P59,2026-06-06 09:42:57,3,3877.77,930.09,79.75,1926.58,11633.31,10703.22,UPI,Completed
72e8cd21-4747-456a-bffd-d6498ce448d1,2026_W23,O66569,U32755,P33,2026-06-03 20:55:58,2,8155.0,2252.24,171.89,2530.4,16310.0,14057.76,UPI,Completed
72e8cd21-4747-456a-bffd-d6498ce448d1,2026_W23,O66570,U29212,P154,2026-06-07 05:37:06,4,7488.16,2167.12,97.53,5001.39,29952.64,27785.52,Credit Card,Completed
72e8cd21-4747-456a-bffd-d6498ce448d1,2026_W23,O66571,U12038,P106,2026-06-07 14:52:22,1,4353.6,273.25,51.94,734.46,4353.6,4080.35,Credit Card,Completed
72e8cd21-4747-456a-bffd-d6498ce448d1,2026_W23,O66572,U16738,P78,2026-06-02 04:35:37,2,3006.64,54.74,135.91,1072.54,6013.28,5958.54,Wallet,Completed
72e8cd21-4747-456a-bffd-d6498ce448d1,2026_W23,O66573,U2285,P117,2026-06-06 20:11:20,3,9615.7,3673.61,69.28,4531.23,28847.1,25173.49,UPI,Completed
72e8cd21-4747-456a-bffd-d6498ce448d1,2026_W23,O66574,U19416,P106,2026-06-03 04:23:47,4,4353.6,1859.66,145.57,2799.85,17414.4,15554.740000000002,Wallet,Completed
72e8cd21-4747-456a-bffd-d6498ce448d1,2026_W23,O66575,U2047,P18,2026-06-07 00:56:17,3,5632.45,861.62,165.29,2886.43,16897.35,16035.729999999998,Debit Card,Completed
72e8cd21-4747-456a-bffd-d6498ce448d1,2026_W23,O66576,U18226,P42,2026-06-06 14:17:47,1,7209.49,29.61,182.17,1292.38,7209.49,7179.88,UPI,Completed
72e8cd21-4747-456a-bffd-d6498ce448d1,2026_W23,O66577,U33705,P46,2026-06-06 09:48:02,4,4606.02,2213.75,55.24,2917.86,18424.08,16210.330000000002,Debit Card,Completed
72e8cd21-4747-456a-bffd-d6498ce448d1,2026_W23,O66578,U25743,P155,2026-06-06 15:40:50,3,5852.84,1100.13,190.17,2962.51,17558.52,16458.39,Debit Card,Completed
72e8cd21-4747-456a-bffd-d6498ce448d1,2026_W23,O66579,U20720,P61,2026-06-02 11:56:20,3,7274.63,1918.17,75.56,3583.03,21823.89,19905.72,UPI,Completed
72e8cd21-4747-456a-bffd-d6498ce448d1,2026_W23,O66580,U9740,P153,2026-06-01 22:40:27,4,3236.07,949.61,89.66,2159.04,12944.28,11994.67,Credit Card,Completed
72e8cd21-4747-456a-bffd-d6498ce448d1,2026_W23,O66581,U33761,P76,2026-06-06 15:14:27,4,1956.86,609.4,197.71,1299.25,7827.44,7218.04,Credit Card,Completed
72e8cd21-4747-456a-bffd-d6498ce448d1,2026_W23,O66582,U8377,P129,2026-06-03 08:40:31,3,4560.09,1669.46,103.64,2161.95,13680.27,12010.81,Wallet,Completed
72e8cd21-4747-456a-bffd-d6498ce448d1,2026_W23,O66583,U23538,P106,2026-06-07 12:39:36,3,4353.6,226.94,143.79,2310.09,13060.8,12833.86,Debit Card,Completed
72e8cd21-4747-456a-bffd-d6498ce448d1,2026_W23,O66584,U13979,P48,2026-06-04 14:42:31,2,4680.1,248.9,125.82,1640.03,9360.2,9111.3,Wallet,Completed
72e8cd21-4747-456a-bffd-d6498ce448d1,2026_W23,O66585,U34123,P174,2026-06-04 02:28:21,3,8540.78,1208.27,195.67,4394.53,25622.340000000004,24414.070000000003,UPI,Completed
72e8cd21-4747-456a-bffd-d6498ce448d1,2026_W23,O66586,U15763,P68,2026-06-02 17:31:00,2,4648.44,535.88,75.56,1576.98,9296.88,8761.0,Credit Card,Completed
72e8cd21-4747-456a-bffd-d6498ce448d1,2026_W23,O66587,U12531,P86,2026-06-03 13:45:15,4,5552.06,2015.08,135.11,3634.77,22208.24,20193.160000000003,Debit Card,Completed
72e8cd21-4747-456a-bffd-d6498ce448d1,2026_W23,O66588,U29160,P26,2026-06-06 13:08:18,3,6921.53,3083.73,143.88,3182.55,20764.59,17680.86,Credit Card,Completed
72e8cd21-4747-456a-bffd-d6498ce448d1,2026_W23,O66589,U4337,P110,2026-06-06 22:46:03,4,2362.36,919.95,145.66,1535.31,9449.44,8529.49,Wallet,Completed
72e8cd21-4747-456a-bffd-d6498ce448d1,2026_W23,O66590,U7431,P125,2026-06-05 02:52:31,2,7881.51,256.29,192.73,2791.21,15763.02,15506.73,Debit Card,Completed
72e8cd21-4747-456a-bffd-d6498ce448d1,2026_W23,O66591,U31472,P71,2026-06-05 17:56:09,4,4652.78,424.45,102.87,3273.6,18611.12,18186.67,Wallet,Completed
72e8cd21-4747-456a-bffd-d6498ce448d1,2026_W23,O66592,U19170,P32,2026-06-05 10:06:28,4,1891.54,62.76,96.55,1350.61,7566.16,7503.4,Credit Card,Completed
72e8cd21-4747-456a-bffd-d6498ce448d1,2026_W23,O66593,U34533,P178,2026-06-06 21:20:44,3,7201.61,1912.65,129.76,3544.59,21604.83,19692.18,Debit Card,Completed
72e8cd21-4747-456a-bffd-d6498ce448d1,2026_W23,O66594,U16090,P189,2026-06-03 11:50:56,2,3755.21,228.31,88.13,1310.78,7510.42,7282.11,UPI,Completed
72e8cd21-4747-456a-bffd-d6498ce448d1,2026_W23,O66595,U2773,P151,2026-06-06 14:53:07,2,10300.34,1990.68,182.77,3349.8,20600.68,18610.0,UPI,Completed
72e8cd21-4747-456a-bffd-d6498ce448d1,2026_W23,O66596,U27880,P185,2026-06-07 04:49:58,1,7874.65,294.56,108.74,1364.42,7874.65,7580.089999999999,Wallet,Completed
72e8cd21-4747-456a-bffd-d6498ce448d1,2026_W23,O66597,U18338,P85,2026-06-05 00:55:36,2,7940.53,576.34,57.61,2754.85,15881.06,15304.72,Debit Card,Completed
72e8cd21-4747-456a-bffd-d6498ce448d1,2026_W23,O66598,U33930,P109,2026-06-04 09:15:32,4,5905.39,348.9,62.97,4189.08,23621.56,23272.66,Wallet,Completed
72e8cd21-4747-456a-bffd-d6498ce448d1,2026_W23,O66599,U12857,P82,2026-06-06 10:08:32,4,4676.03,2170.41,135.15,2976.07,18704.12,16533.71,Debit Card,Completed
72e8cd21-4747-456a-bffd-d6498ce448d1,2026_W23,O66600,U17635,P16,2026-06-01 23:43:27,2,9334.87,67.65,61.15,3348.38,18669.74,18602.09,Debit Card,Completed
72e8cd21-4747-456a-bffd-d6498ce448d1,2026_W23,O66601,U26201,P128,2026-06-05 17:11:11,1,8967.81,89.61,125.35,1598.08,8967.81,8878.199999999999,Wallet,Completed
72e8cd21-4747-456a-bffd-d6498ce448d1,2026_W23,O66602,U15769,P16,2026-06-03 11:04:03,4,9334.87,1390.25,74.95,6470.86,37339.48,35949.23,Wallet,Completed
72e8cd21-4747-456a-bffd-d6498ce448d1,2026_W23,O66603,U14612,P44,2026-06-03 15:17:52,1,3831.53,246.08,65.19,645.38,3831.53,3585.4500000000003,Debit Card,Completed
72e8cd21-4747-456a-bffd-d6498ce448d1,2026_W23,O66604,U18988,P196,2026-06-05 03:03:18,4,9246.31,5199.47,118.23,5721.44,36985.24,31785.77,Debit Card,Completed
72e8cd21-4747-456a-bffd-d6498ce448d1,2026_W23,O66605,U13568,P113,2026-06-02 00:19:32,3,5995.63,1828.8,109.49,2908.46,17986.89,16158.09,UPI,Completed
72e8cd21-4747-456a-bffd-d6498ce448d1,2026_W23,O66606,U18844,P16,2026-06-05 00:14:57,1,9334.87,615.72,109.67,1569.45,9334.87,8719.150000000001,Credit Card,Completed
72e8cd21-4747-456a-bffd-d6498ce448d1,2026_W23,O66607,U24747,P14,2026-06-03 21:24:22,4,7736.91,4129.39,153.73,4827.28,30947.64,26818.25,Credit Card,Completed
72e8cd21-4747-456a-bffd-d6498ce448d1,2026_W23,O66608,U27766,P29,2026-06-05 13:46:48,1,1532.51,95.15,85.48,258.72,1532.51,1437.36,UPI,Completed
72e8cd21-4747-456a-bffd-d6498ce448d1,2026_W23,O66609,U30622,P105,2026-06-02 04:03:35,4,2249.83,977.85,98.66,1443.86,8999.32,8021.469999999999,UPI,Completed
72e8cd21-4747-456a-bffd-d6498ce448d1,2026_W23,O66610,U32385,P165,2026-06-02 12:15:08,3,2657.45,470.87,59.33,1350.27,7972.349999999999,7501.48,Debit Card,Completed
72e8cd21-4747-456a-bffd-d6498ce448d1,2026_W23,O66611,U34315,P115,2026-06-07 00:06:02,1,10604.02,499.43,191.84,1818.83,10604.02,10104.59,UPI,Completed
72e8cd21-4747-456a-bffd-d6498ce448d1,2026_W23,O66612,U25047,P163,2026-06-04 07:00:14,1,4948.62,67.8,73.03,878.55,4948.62,4880.82,Debit Card,Completed
72e8cd21-4747-456a-bffd-d6498ce448d1,2026_W23,O66613,U28371,P193,2026-06-03 03:31:59,4,9271.8,4459.77,109.52,5872.94,37087.2,32627.43,Debit Card,Completed
72e8cd21-4747-456a-bffd-d6498ce448d1,2026_W23,O66614,U23483,P164,2026-06-03 20:54:25,3,7788.37,234.39,186.31,4163.53,23365.11,23130.72,Wallet,Completed
72e8cd21-4747-456a-bffd-d6498ce448d1,2026_W23,O66615,U31853,P114,2026-06-06 00:05:27,2,3958.12,88.18,74.13,1409.05,7916.24,7828.059999999999,Wallet,Completed
72e8cd21-4747-456a-bffd-d6498ce448d1,2026_W23,O66616,U16272,P148,2026-06-07 04:41:16,4,3184.27,833.41,149.09,2142.66,12737.08,11903.67,Debit Card,Completed
72e8cd21-4747-456a-bffd-d6498ce448d1,2026_W23,O66617,U32713,P177,2026-06-04 16:56:02,2,6111.68,1310.15,55.68,1964.38,12223.36,10913.21,UPI,Completed
72e8cd21-4747-456a-bffd-d6498ce448d1,2026_W23,O66618,U27328,P37,2026-06-05 15:51:09,3,5843.49,2616.62,197.56,2684.49,17530.47,14913.850000000002,UPI,Completed
72e8cd21-4747-456a-bffd-d6498ce448d1,2026_W23,O66619,U17785,P29,2026-06-03 19:41:57,3,1532.51,166.8,133.14,797.53,4597.53,4430.73,Debit Card,Completed
72e8cd21-4747-456a-bffd-d6498ce448d1,2026_W23,O66620,U9070,P182,2026-06-03 11:38:09,4,1987.12,458.63,160.92,1348.17,7948.48,7489.849999999999,UPI,Completed
72e8cd21-4747-456a-bffd-d6498ce448d1,2026_W23,O66621,U22714,P180,2026-06-06 22:41:50,2,6330.21,607.35,66.23,2169.55,12660.42,12053.07,Credit Card,Completed
72e8cd21-4747-456a-bffd-d6498ce448d1,2026_W23,O66622,U1815,P29,2026-06-07 11:36:10,1,1532.51,52.19,159.43,266.46,1532.51,1480.32,Wallet,Completed
72e8cd21-4747-456a-bffd-d6498ce448d1,2026_W23,O66623,U5461,P16,2026-06-05 05:52:58,3,9334.87,723.58,130.81,4910.59,28004.61,27281.03,UPI,Completed
72e8cd21-4747-456a-bffd-d6498ce448d1,2026_W23,O66624,U28070,P16,2026-06-03 08:13:24,1,9334.87,324.25,134.21,1621.91,9334.87,9010.62,Credit Card,Completed
72e8cd21-4747-456a-bffd-d6498ce448d1,2026_W23,O66625,U15631,P49,2026-06-04 13:54:45,1,4491.12,367.98,75.79,742.17,4491.12,4123.139999999999,Debit Card,Completed
72e8cd21-4747-456a-bffd-d6498ce448d1,2026_W23,O66626,U16516,P141,2026-06-07 08:41:55,1,3712.37,330.88,181.88,608.67,3712.37,3381.49,Debit Card,Completed
72e8cd21-4747-456a-bffd-d6498ce448d1,2026_W23,O66627,U22658,P131,2026-06-05 11:21:58,3,2872.68,198.78,73.6,1515.47,8618.039999999999,8419.259999999998,Credit Card,Completed
72e8cd21-4747-456a-bffd-d6498ce448d1,2026_W23,O66628,U17931,P119,2026-06-02 14:50:03,3,2931.16,47.92,195.48,1574.2,8793.48,8745.56,Wallet,Completed
72e8cd21-4747-456a-bffd-d6498ce448d1,2026_W23,O66629,U29141,P55,2026-06-02 17:55:24,3,2495.43,1101.05,191.71,1149.34,7486.289999999999,6385.239999999999,UPI,Completed
72e8cd21-4747-456a-bffd-d6498ce448d1,2026_W23,O66630,U12285,P148,2026-06-06 17:04:00,1,3184.27,310.02,187.01,517.36,3184.27,2874.25,Wallet,Completed
72e8cd21-4747-456a-bffd-d6498ce448d1,2026_W23,O66631,U17102,P118,2026-06-04 03:58:18,4,1413.19,379.79,124.59,949.13,5652.76,5272.97,Credit Card,Completed
72e8cd21-4747-456a-bffd-d6498ce448d1,2026_W23,O66632,U29141,P25,2026-06-02 00:27:25,4,7381.46,548.86,111.73,5215.86,29525.84,28976.98,Wallet,Completed
72e8cd21-4747-456a-bffd-d6498ce448d1,2026_W23,O66633,U23224,P41,2026-06-05 23:58:26,4,11748.5,1089.36,63.7,8262.84,46994.0,45904.64,Debit Card,Completed
72e8cd21-4747-456a-bffd-d6498ce448d1,2026_W23,O66634,U33752,P50,2026-06-06 11:09:03,3,2577.38,168.59,157.46,1361.44,7732.14,7563.55,Wallet,Completed
72e8cd21-4747-456a-bffd-d6498ce448d1,2026_W23,O66635,U26701,P80,2026-06-01 22:26:23,3,4942.61,1130.08,93.77,2465.59,14827.829999999998,13697.749999999998,Wallet,Completed
72e8cd21-4747-456a-bffd-d6498ce448d1,2026_W23,O66636,U30224,P93,2026-06-03 07:25:23,3,7912.93,616.1,164.03,4162.08,23738.79,23122.69,Credit Card,Completed
72e8cd21-4747-456a-bffd-d6498ce448d1,2026_W23,O66637,U17596,P129,2026-06-05 17:31:28,1,4560.09,533.52,121.42,724.78,4560.09,4026.57,Wallet,Completed
72e8cd21-4747-456a-bffd-d6498ce448d1,2026_W23,O66638,U6321,P149,2026-06-06 17:44:35,1,5363.67,3.45,50.92,964.84,5363.67,5360.22,Debit Card,Completed
72e8cd21-4747-456a-bffd-d6498ce448d1,2026_W23,O66639,U27736,P65,2026-06-03 16:49:41,4,9814.57,5882.46,192.84,6007.65,39258.28,33375.82,Wallet,Completed
72e8cd21-4747-456a-bffd-d6498ce448d1,2026_W23,O66640,U13906,P122,2026-06-06 01:48:04,1,7123.24,929.6,175.69,1114.86,7123.24,6193.639999999999,Debit Card,Completed
72e8cd21-4747-456a-bffd-d6498ce448d1,2026_W23,O66641,U25604,P29,2026-06-04 13:39:38,2,1532.51,61.06,128.43,540.71,3065.02,3003.96,Wallet,Completed
72e8cd21-4747-456a-bffd-d6498ce448d1,2026_W23,O66642,U11533,P68,2026-06-04 05:36:02,4,4648.44,1505.68,175.06,3075.85,18593.76,17088.079999999998,Wallet,Completed
72e8cd21-4747-456a-bffd-d6498ce448d1,2026_W23,O66643,U24982,P25,2026-06-02 15:39:26,4,7381.46,1821.83,97.18,4986.72,29525.84,27704.01,Credit Card,Completed
72e8cd21-4747-456a-bffd-d6498ce448d1,2026_W23,O66644,U25458,P90,2026-06-05 23:03:24,2,10379.64,1566.5,111.7,3454.7,20759.28,19192.78,UPI,Completed
72e8cd21-4747-456a-bffd-d6498ce448d1,2026_W23,O66645,U29313,P87,2026-06-02 06:24:05,2,2857.28,683.0,191.76,905.68,5714.56,5031.56,Wallet,Completed
72e8cd21-4747-456a-bffd-d6498ce448d1,2026_W23,O66646,U7490,P91,2026-06-04 23:18:10,3,4770.75,777.58,192.53,2436.24,14312.25,13534.67,UPI,Completed
72e8cd21-4747-456a-bffd-d6498ce448d1,2026_W23,O66647,U16657,P90,2026-06-06 16:17:05,3,10379.64,4495.66,170.21,4795.79,31138.92,26643.26,Debit Card,Completed
72e8cd21-4747-456a-bffd-d6498ce448d1,2026_W23,O66648,U12870,P128,2026-06-06 04:12:08,4,8967.81,2256.23,76.76,6050.7,35871.24,33615.009999999995,Wallet,Completed
72e8cd21-4747-456a-bffd-d6498ce448d1,2026_W23,O66649,U25964,P45,2026-06-05 05:10:44,1,10226.58,261.82,55.02,1793.66,10226.58,9964.76,UPI,Completed
72e8cd21-4747-456a-bffd-d6498ce448d1,2026_W23,O66650,U5550,P177,2026-06-03 18:25:40,3,6111.68,1981.26,125.49,2943.68,18335.04,16353.78,Debit Card,Completed
72e8cd21-4747-456a-bffd-d6498ce448d1,2026_W23,O66651,U28765,P113,2026-06-07 17:40:26,4,5995.63,3497.82,184.6,3687.25,23982.52,20484.7,Debit Card,Completed
72e8cd21-4747-456a-bffd-d6498ce448d1,2026_W23,O66652,U14348,P166,2026-06-03 11:32:48,2,6824.24,463.42,123.72,2373.31,13648.48,13185.06,Debit Card,Completed
72e8cd21-4747-456a-bffd-d6498ce448d1,2026_W23,O66653,U26140,P191,2026-06-05 22:22:41,2,6168.41,950.14,165.06,2049.6,12336.82,11386.68,Debit Card,Completed
72e8cd21-4747-456a-bffd-d6498ce448d1,2026_W23,O66654,U9830,P8,2026-06-02 11:39:17,3,6662.34,36.86,104.27,3591.03,19987.02,19950.16,Wallet,Completed
72e8cd21-4747-456a-bffd-d6498ce448d1,2026_W23,O66655,U14948,P13,2026-06-02 05:14:14,2,7537.32,365.19,182.27,2647.7,15074.64,14709.45,Debit Card,Completed
72e8cd21-4747-456a-bffd-d6498ce448d1,2026_W23,O66656,U27281,P129,2026-06-06 02:21:05,3,4560.09,1813.42,83.27,2136.03,13680.27,11866.85,UPI,Completed
72e8cd21-4747-456a-bffd-d6498ce448d1,2026_W23,O66657,U13298,P198,2026-06-05 12:33:15,4,7893.47,1456.45,81.62,5421.14,31573.88,30117.43,UPI,Completed
72e8cd21-4747-456a-bffd-d6498ce448d1,2026_W23,O66658,U30069,P15,2026-06-01 21:01:05,1,1828.72,174.64,82.46,297.73,1828.72,1654.08,Credit Card,Completed
72e8cd21-4747-456a-bffd-d6498ce448d1,2026_W23,O66659,U26475,P138,2026-06-04 00:52:53,3,6989.52,982.35,168.97,3597.52,20968.56,19986.210000000003,Wallet,Completed
72e8cd21-4747-456a-bffd-d6498ce448d1,2026_W23,O66660,U8732,P197,2026-06-04 13:07:15,4,1602.39,674.85,110.71,1032.25,6409.56,5734.71,Debit Card,Completed
72e8cd21-4747-456a-bffd-d6498ce448d1,2026_W23,O66661,U1774,P114,2026-06-01 22:51:12,1,3958.12,300.96,123.29,658.29,3958.12,3657.16,UPI,Completed
72e8cd21-4747-456a-bffd-d6498ce448d1,2026_W23,O66662,U34586,P2,2026-06-06 20:37:14,1,4248.72,134.49,64.07,740.56,4248.72,4114.2300000000005,Debit Card,Completed
72e8cd21-4747-456a-bffd-d6498ce448d1,2026_W23,O66663,U22492,P90,2026-06-07 20:29:43,2,10379.64,1662.94,122.85,3437.34,20759.28,19096.34,Credit Card,Completed
72e8cd21-4747-456a-bffd-d6498ce448d1,2026_W23,O66664,U13653,P105,2026-06-07 19:59:07,3,2249.83,625.76,152.13,1102.27,6749.49,6123.73,UPI,Completed
72e8cd21-4747-456a-bffd-d6498ce448d1,2026_W23,O66665,U2160,P184,2026-06-02 07:41:34,4,2050.2,401.84,178.64,1403.81,8200.8,7798.959999999999,UPI,Completed
72e8cd21-4747-456a-bffd-d6498ce448d1,2026_W23,O66666,U26700,P69,2026-06-02 05:54:54,1,2752.73,388.34,166.61,425.59,2752.73,2364.39,Credit Card,Completed
72e8cd21-4747-456a-bffd-d6498ce448d1,2026_W23,O66667,U33946,P166,2026-06-05 17:20:54,1,6824.24,662.5,193.66,1109.11,6824.24,6161.74,Debit Card,Completed
72e8cd21-4747-456a-bffd-d6498ce448d1,2026_W23,O66668,U21863,P125,2026-06-04 12:52:44,4,7881.51,713.63,85.21,5546.23,31526.04,30812.41,Credit Card,Completed
72e8cd21-4747-456a-bffd-d6498ce448d1,2026_W23,O66669,U28603,P55,2026-06-03 01:24:42,2,2495.43,228.68,149.52,857.19,4990.86,4762.179999999999,UPI,Completed
72e8cd21-4747-456a-bffd-d6498ce448d1,2026_W23,O66670,U5503,P138,2026-06-06 16:16:03,1,6989.52,593.24,144.59,1151.33,6989.52,6396.280000000001,Debit Card,Completed
72e8cd21-4747-456a-bffd-d6498ce448d1,2026_W23,O66671,U22309,P91,2026-06-06 07:34:10,4,4770.75,2276.83,99.92,3025.11,19083.0,16806.17,Debit Card,Completed
72e8cd21-4747-456a-bffd-d6498ce448d1,2026_W23,O66672,U20574,P181,2026-06-05 18:09:05,1,6034.6,649.98,142.81,969.23,6034.6,5384.620000000001,Debit Card,Completed
72e8cd21-4747-456a-bffd-d6498ce448d1,2026_W23,O66673,U9966,P49,2026-06-05 06:39:11,4,4491.12,1894.85,193.99,2892.53,17964.48,16069.63,Debit Card,Completed
72e8cd21-4747-456a-bffd-d6498ce448d1,2026_W23,O66674,U21926,P20,2026-06-05 19:17:30,1,2140.8,246.47,166.3,340.98,2140.8,1894.33,UPI,Completed
72e8cd21-4747-456a-bffd-d6498ce448d1,2026_W23,O66675,U3174,P165,2026-06-07 02:33:12,2,2657.45,441.9,129.65,877.14,5314.9,4873.0,UPI,Completed
72e8cd21-4747-456a-bffd-d6498ce448d1,2026_W23,O66676,U16629,P61,2026-06-04 17:19:45,3,7274.63,1425.34,108.2,3671.74,21823.89,20398.55,Credit Card,Completed
72e8cd21-4747-456a-bffd-d6498ce448d1,2026_W23,O66677,U10726,P63,2026-06-07 16:41:58,1,11400.74,331.6,159.45,1992.45,11400.74,11069.14,UPI,Completed
72e8cd21-4747-456a-bffd-d6498ce448d1,2026_W23,O66678,U33856,P172,2026-06-07 14:21:59,2,1445.78,130.15,151.38,497.05,2891.56,2761.41,UPI,Completed
72e8cd21-4747-456a-bffd-d6498ce448d1,2026_W23,O66679,U13890,P54,2026-06-05 06:58:24,3,8322.93,22.61,169.5,4490.31,24968.79,24946.18,Wallet,Completed
72e8cd21-4747-456a-bffd-d6498ce448d1,2026_W23,O66680,U7679,P23,2026-06-03 01:49:11,2,8537.77,2003.63,124.9,2712.94,17075.54,15071.91,Debit Card,Completed
72e8cd21-4747-456a-bffd-d6498ce448d1,2026_W23,O66681,U19604,P164,2026-06-06 02:30:25,3,7788.37,368.55,138.64,4139.38,23365.11,22996.56,Debit Card,Completed
72e8cd21-4747-456a-bffd-d6498ce448d1,2026_W23,O66682,U16116,P15,2026-06-07 05:45:55,2,1828.72,423.29,189.28,582.15,3657.44,3234.15,Debit Card,Completed
72e8cd21-4747-456a-bffd-d6498ce448d1,2026_W23,O66683,U9095,P20,2026-06-06 21:06:17,1,2140.8,167.44,134.74,355.2,2140.8,1973.36,Debit Card,Completed
72e8cd21-4747-456a-bffd-d6498ce448d1,2026_W23,O66684,U34848,P173,2026-06-02 03:11:06,2,5411.96,227.33,153.53,1907.39,10823.92,10596.59,Credit Card,Completed
72e8cd21-4747-456a-bffd-d6498ce448d1,2026_W23,O66685,U26372,P146,2026-06-07 16:41:10,4,8753.05,5084.79,56.43,5386.93,35012.2,29927.41,UPI,Completed
72e8cd21-4747-456a-bffd-d6498ce448d1,2026_W23,O66686,U24104,P175,2026-06-06 03:31:25,3,6623.37,2101.42,65.89,3198.36,19870.11,17768.690000000002,Credit Card,Completed
72e8cd21-4747-456a-bffd-d6498ce448d1,2026_W23,O66687,U13817,P35,2026-06-03 04:56:16,2,2889.44,195.41,128.94,1005.02,5778.88,5583.47,Wallet,Completed
72e8cd21-4747-456a-bffd-d6498ce448d1,2026_W23,O66688,U318,P54,2026-06-04 06:38:32,4,8322.93,2979.06,187.8,5456.28,33291.72,30312.66,Debit Card,Completed
72e8cd21-4747-456a-bffd-d6498ce448d1,2026_W23,O66689,U33295,P108,2026-06-07 03:21:26,2,3076.73,463.68,66.48,1024.16,6153.46,5689.78,Wallet,Completed
72e8cd21-4747-456a-bffd-d6498ce448d1,2026_W23,O66690,U3418,P151,2026-06-02 09:05:04,3,10300.34,558.61,110.9,5461.63,30901.02,30342.41,UPI,Completed
72e8cd21-4747-456a-bffd-d6498ce448d1,2026_W23,O66691,U726,P145,2026-06-03 18:22:22,3,7002.35,2776.54,107.79,3281.49,21007.050000000003,18230.51,Credit Card,Completed
72e8cd21-4747-456a-bffd-d6498ce448d1,2026_W23,O66692,U20675,P136,2026-06-02 01:57:44,3,2987.05,1115.04,79.2,1412.3,8961.150000000001,7846.1100000000015,Debit Card,Completed
72e8cd21-4747-456a-bffd-d6498ce448d1,2026_W23,O66693,U10077,P179,2026-06-05 01:09:51,1,6023.34,197.35,113.01,1048.68,6023.34,5825.99,UPI,Completed
72e8cd21-4747-456a-bffd-d6498ce448d1,2026_W23,O66694,U22448,P51,2026-06-06 17:06:09,4,5156.58,1100.6,194.84,3514.63,20626.32,19525.72,UPI,Completed
72e8cd21-4747-456a-bffd-d6498ce448d1,2026_W23,O66695,U12338,P13,2026-06-03 19:50:05,2,7537.32,356.8,87.65,2649.21,15074.64,14717.84,Wallet,Completed
72e8cd21-4747-456a-bffd-d6498ce448d1,2026_W23,O66696,U4329,P91,2026-06-02 20:03:49,1,4770.75,101.68,62.91,840.43,4770.75,4669.07,UPI,Completed
72e8cd21-4747-456a-bffd-d6498ce448d1,2026_W23,O66697,U17419,P40,2026-06-05 10:42:50,1,5653.56,739.69,126.9,884.5,5653.56,4913.870000000001,Debit Card,Completed
72e8cd21-4747-456a-bffd-d6498ce448d1,2026_W23,O66698,U22896,P155,2026-06-06 16:20:21,1,5852.84,501.85,157.7,963.18,5852.84,5350.99,UPI,Completed
72e8cd21-4747-456a-bffd-d6498ce448d1,2026_W23,O66699,U28353,P88,2026-06-04 14:34:23,4,6362.48,580.42,60.36,4476.51,25449.92,24869.5,Debit Card,Completed
72e8cd21-4747-456a-bffd-d6498ce448d1,2026_W23,O66700,U1796,P89,2026-06-02 04:29:33,2,9725.61,986.1,65.67,3323.72,19451.22,18465.120000000003,Debit Card,Completed
72e8cd21-4747-456a-bffd-d6498ce448d1,2026_W23,O66701,U1983,P52,2026-06-04 01:48:52,1,2737.55,95.99,112.3,475.48,2737.55,2641.5600000000004,UPI,Completed
72e8cd21-4747-456a-bffd-d6498ce448d1,2026_W23,O66702,U11865,P7,2026-06-07 19:34:06,4,10896.56,2892.94,104.36,7324.79,43586.24,40693.3,Credit Card,Completed
72e8cd21-4747-456a-bffd-d6498ce448d1,2026_W23,O66703,U20332,P93,2026-06-06 09:20:17,2,7912.93,1891.44,77.9,2508.2,15825.86,13934.42,Credit Card,Completed
72e8cd21-4747-456a-bffd-d6498ce448d1,2026_W23,O66704,U7164,P36,2026-06-03 15:33:13,3,5080.52,1752.16,73.75,2428.09,15241.56,13489.4,UPI,Completed
72e8cd21-4747-456a-bffd-d6498ce448d1,2026_W23,O66705,U20260,P132,2026-06-02 15:13:13,1,4280.82,298.0,102.59,716.91,4280.82,3982.82,Wallet,Completed
72e8cd21-4747-456a-bffd-d6498ce448d1,2026_W23,O66706,U2457,P45,2026-06-07 16:02:28,2,10226.58,2940.61,149.33,3152.26,20453.16,17512.55,Wallet,Completed
72e8cd21-4747-456a-bffd-d6498ce448d1,2026_W23,O66707,U25126,P60,2026-06-07 13:20:32,4,7906.19,4264.41,147.86,4924.86,31624.76,27360.35,Credit Card,Completed
72e8cd21-4747-456a-bffd-d6498ce448d1,2026_W23,O66708,U20548,P142,2026-06-07 13:42:34,2,5009.2,201.1,113.71,1767.11,10018.4,9817.3,Debit Card,Completed
72e8cd21-4747-456a-bffd-d6498ce448d1,2026_W23,O66709,U29609,P35,2026-06-02 18:39:27,2,2889.44,704.48,180.18,913.39,5778.88,5074.4,Credit Card,Completed
72e8cd21-4747-456a-bffd-d6498ce448d1,2026_W23,O66710,U29244,P157,2026-06-06 04:33:37,1,6948.33,924.02,143.57,1084.38,6948.33,6024.31,Debit Card,Completed
72e8cd21-4747-456a-bffd-d6498ce448d1,2026_W23,O66711,U17160,P84,2026-06-06 06:42:41,2,3400.69,793.28,181.5,1081.46,6801.38,6008.1,UPI,Completed
72e8cd21-4747-456a-bffd-d6498ce448d1,2026_W23,O66712,U1091,P96,2026-06-02 04:28:15,2,6736.46,1133.62,164.7,2221.07,13472.92,12339.3,Credit Card,Completed
72e8cd21-4747-456a-bffd-d6498ce448d1,2026_W23,O66713,U24450,P56,2026-06-06 10:42:06,2,9007.41,2339.5,79.61,2821.56,18014.82,15675.32,Debit Card,Completed
72e8cd21-4747-456a-bffd-d6498ce448d1,2026_W23,O66714,U4700,P177,2026-06-05 13:10:16,1,6111.68,765.9,158.88,962.24,6111.68,5345.780000000001,Debit Card,Completed
72e8cd21-4747-456a-bffd-d6498ce448d1,2026_W23,O66715,U17935,P29,2026-06-05 08:36:51,3,1532.51,243.36,163.58,783.75,4597.53,4354.17,UPI,Completed
72e8cd21-4747-456a-bffd-d6498ce448d1,2026_W23,O66716,U25632,P13,2026-06-07 01:55:18,1,7537.32,594.61,156.2,1249.69,7537.32,6942.71,Credit Card,Completed
72e8cd21-4747-456a-bffd-d6498ce448d1,2026_W23,O66717,U23996,P178,2026-06-05 12:12:53,1,7201.61,858.16,51.19,1141.82,7201.61,6343.45,Debit Card,Completed
72e8cd21-4747-456a-bffd-d6498ce448d1,2026_W23,O66718,U29608,P51,2026-06-04 22:46:13,3,5156.58,555.47,71.03,2684.57,15469.74,14914.27,Wallet,Completed
72e8cd21-4747-456a-bffd-d6498ce448d1,2026_W23,O66719,U7707,P90,2026-06-02 18:42:28,4,10379.64,355.88,54.17,7409.28,41518.56,41162.68,Wallet,Completed
72e8cd21-4747-456a-bffd-d6498ce448d1,2026_W23,O66720,U34399,P88,2026-06-02 16:17:56,4,6362.48,1335.85,173.71,4340.53,25449.92,24114.07,UPI,Completed
72e8cd21-4747-456a-bffd-d6498ce448d1,2026_W23,O66721,U15097,P108,2026-06-03 06:40:01,3,3076.73,631.34,67.99,1547.79,9230.19,8598.85,Debit Card,Completed
72e8cd21-4747-456a-bffd-d6498ce448d1,2026_W23,O66722,U8743,P3,2026-06-02 06:14:17,1,6836.35,531.21,90.04,1134.93,6836.35,6305.14,UPI,Completed
72e8cd21-4747-456a-bffd-d6498ce448d1,2026_W23,O66723,U10041,P54,2026-06-02 19:42:35,4,8322.93,3452.41,85.9,5371.08,33291.72,29839.31,Debit Card,Completed
72e8cd21-4747-456a-bffd-d6498ce448d1,2026_W23,O66724,U6972,P128,2026-06-07 02:57:43,2,8967.81,1022.25,107.65,3044.41,17935.62,16913.37,UPI,Completed
72e8cd21-4747-456a-bffd-d6498ce448d1,2026_W23,O66725,U17394,P77,2026-06-04 07:57:01,1,2460.76,101.44,119.25,424.68,2460.76,2359.32,Wallet,Completed
72e8cd21-4747-456a-bffd-d6498ce448d1,2026_W23,O66726,U22658,P104,2026-06-05 19:02:27,1,5590.84,18.02,122.94,1003.11,5590.84,5572.82,Wallet,Completed
72e8cd21-4747-456a-bffd-d6498ce448d1,2026_W23,O66727,U16127,P106,2026-06-02 16:23:14,4,4353.6,30.22,193.4,3129.15,17414.4,17384.18,UPI,Completed
72e8cd21-4747-456a-bffd-d6498ce448d1,2026_W23,O66728,U24623,P191,2026-06-03 20:46:49,2,6168.41,32.23,141.53,2214.83,12336.82,12304.59,Debit Card,Completed
72e8cd21-4747-456a-bffd-d6498ce448d1,2026_W23,O66729,U2762,P154,2026-06-06 13:12:37,3,7488.16,270.65,77.68,3994.89,22464.48,22193.83,Wallet,Completed
72e8cd21-4747-456a-bffd-d6498ce448d1,2026_W23,O66730,U5948,P180,2026-06-03 02:21:43,2,6330.21,817.95,86.9,2131.64,12660.42,11842.47,Debit Card,Completed
72e8cd21-4747-456a-bffd-d6498ce448d1,2026_W23,O66731,U19937,P26,2026-06-04 01:19:11,2,6921.53,1383.0,178.74,2242.81,13843.06,12460.06,UPI,Completed
72e8cd21-4747-456a-bffd-d6498ce448d1,2026_W23,O66732,U10568,P109,2026-06-04 06:12:10,1,5905.39,403.59,199.73,990.32,5905.39,5501.8,Credit Card,Completed
72e8cd21-4747-456a-bffd-d6498ce448d1,2026_W23,O66733,U26120,P116,2026-06-02 21:03:22,4,6311.89,3638.74,110.83,3889.59,25247.56,21608.82,Wallet,Completed
72e8cd21-4747-456a-bffd-d6498ce448d1,2026_W23,O66734,U28037,P115,2026-06-04 11:37:08,1,10604.02,386.84,193.9,1839.09,10604.02,10217.18,UPI,Completed
72e8cd21-4747-456a-bffd-d6498ce448d1,2026_W23,O66735,U19370,P147,2026-06-05 19:56:53,2,8552.19,1263.77,164.63,2851.31,17104.38,15840.61,Credit Card,Completed
72e8cd21-4747-456a-bffd-d6498ce448d1,2026_W23,O66736,U750,P31,2026-06-04 21:34:19,4,2922.48,1551.69,50.46,1824.88,11689.92,10138.23,UPI,Completed
72e8cd21-4747-456a-bffd-d6498ce448d1,2026_W23,O66737,U22493,P11,2026-06-04 07:36:44,3,4777.26,1037.15,68.52,2393.03,14331.78,13294.63,Wallet,Completed
72e8cd21-4747-456a-bffd-d6498ce448d1,2026_W23,O66738,U7477,P35,2026-06-04 10:21:38,1,2889.44,235.52,107.83,477.71,2889.44,2653.92,Debit Card,Completed
72e8cd21-4747-456a-bffd-d6498ce448d1,2026_W23,O66739,U30782,P25,2026-06-07 04:28:31,2,7381.46,368.34,67.8,2591.02,14762.92,14394.58,Credit Card,Completed
72e8cd21-4747-456a-bffd-d6498ce448d1,2026_W23,O66740,U31369,P167,2026-06-02 09:14:56,3,10191.01,867.84,68.39,5346.93,30573.03,29705.19,UPI,Completed
72e8cd21-4747-456a-bffd-d6498ce448d1,2026_W23,O66741,U14670,P173,2026-06-05 10:37:47,3,5411.96,1255.69,89.01,2696.43,16235.88,14980.19,Debit Card,Completed
72e8cd21-4747-456a-bffd-d6498ce448d1,2026_W23,O66742,U4218,P49,2026-06-03 11:01:24,2,4491.12,1138.08,151.74,1411.95,8982.24,7844.16,Wallet,Completed
72e8cd21-4747-456a-bffd-d6498ce448d1,2026_W23,O66743,U23616,P195,2026-06-03 14:29:30,3,9936.45,4179.28,198.66,4613.41,29809.35,25630.070000000003,UPI,Completed
72e8cd21-4747-456a-bffd-d6498ce448d1,2026_W23,O66744,U32757,P127,2026-06-02 20:17:30,1,7703.2,1062.99,94.43,1195.24,7703.2,6640.21,UPI,Completed
72e8cd21-4747-456a-bffd-d6498ce448d1,2026_W23,O66745,U13905,P22,2026-06-04 12:12:24,2,5208.88,1260.85,170.07,1648.24,10417.76,9156.91,Credit Card,Completed
72e8cd21-4747-456a-bffd-d6498ce448d1,2026_W23,O66746,U24629,P154,2026-06-06 00:32:06,1,7488.16,1048.23,158.26,1159.19,7488.16,6439.93,UPI,Completed
72e8cd21-4747-456a-bffd-d6498ce448d1,2026_W23,O66747,U14802,P53,2026-06-03 02:09:01,3,5679.25,221.43,96.6,3026.94,17037.75,16816.32,Wallet,Completed
72e8cd21-4747-456a-bffd-d6498ce448d1,2026_W23,O66748,U18553,P120,2026-06-04 05:47:54,4,6088.95,1815.16,182.14,4057.32,24355.8,22540.64,Wallet,Completed
72e8cd21-4747-456a-bffd-d6498ce448d1,2026_W23,O66749,U24561,P152,2026-06-05 03:47:06,4,3680.01,989.44,159.38,2471.51,14720.04,13730.6,Wallet,Completed
72e8cd21-4747-456a-bffd-d6498ce448d1,2026_W23,O66750,U23503,P79,2026-06-04 12:42:47,3,4029.4,298.66,158.86,2122.12,12088.2,11789.54,Debit Card,Completed
72e8cd21-4747-456a-bffd-d6498ce448d1,2026_W23,O66751,U34864,P77,2026-06-02 20:30:20,1,2460.76,5.33,97.78,441.98,2460.76,2455.4300000000003,Debit Card,Completed
72e8cd21-4747-456a-bffd-d6498ce448d1,2026_W23,O66752,U24003,P94,2026-06-02 19:32:52,3,7668.43,2965.88,123.45,3607.09,23005.29,20039.41,UPI,Completed
72e8cd21-4747-456a-bffd-d6498ce448d1,2026_W23,O66753,U34864,P153,2026-06-07 04:29:09,2,3236.07,708.83,71.58,1037.4,6472.14,5763.31,Wallet,Completed
72e8cd21-4747-456a-bffd-d6498ce448d1,2026_W23,O66754,U27476,P21,2026-06-03 09:57:18,2,6758.44,1087.78,151.89,2237.24,13516.88,12429.1,Debit Card,Completed
72e8cd21-4747-456a-bffd-d6498ce448d1,2026_W23,O66755,U21327,P132,2026-06-01 23:58:42,1,4280.82,25.22,91.87,766.01,4280.82,4255.599999999999,Credit Card,Completed
72e8cd21-4747-456a-bffd-d6498ce448d1,2026_W23,O66756,U34533,P178,2026-06-06 13:31:54,4,7201.61,3152.14,147.32,4617.77,28806.44,25654.3,UPI,Completed
72e8cd21-4747-456a-bffd-d6498ce448d1,2026_W23,O66757,U34673,P198,2026-06-04 14:27:53,2,7893.47,1695.73,193.71,2536.42,15786.94,14091.21,Wallet,Completed
72e8cd21-4747-456a-bffd-d6498ce448d1,2026_W23,O66758,U12743,P18,2026-06-05 08:02:55,3,5632.45,2431.44,79.63,2603.86,16897.35,14465.909999999998,Credit Card,Completed
72e8cd21-4747-456a-bffd-d6498ce448d1,2026_W23,O66759,U31170,P179,2026-06-06 05:21:20,2,6023.34,456.8,178.48,2086.18,12046.68,11589.88,Debit Card,Completed
72e8cd21-4747-456a-bffd-d6498ce448d1,2026_W23,O66760,U13532,P80,2026-06-05 23:09:05,3,4942.61,1024.05,171.28,2484.68,14827.829999999998,13803.78,Wallet,Completed
72e8cd21-4747-456a-bffd-d6498ce448d1,2026_W23,O66761,U12744,P112,2026-06-05 02:04:20,3,7986.57,3097.8,84.84,3755.14,23959.71,20861.91,UPI,Completed
72e8cd21-4747-456a-bffd-d6498ce448d1,2026_W23,O66762,U29905,P88,2026-06-04 05:48:39,2,6362.48,1109.6,185.79,2090.76,12724.96,11615.36,Debit Card,Completed
72e8cd21-4747-456a-bffd-d6498ce448d1,2026_W23,O66763,U15649,P181,2026-06-06 02:32:37,1,6034.6,318.87,141.97,1028.83,6034.6,5715.7300000000005,Credit Card,Completed
72e8cd21-4747-456a-bffd-d6498ce448d1,2026_W23,O66764,U28688,P65,2026-06-06 15:42:48,1,9814.57,773.81,167.54,1627.34,9814.57,9040.76,Debit Card,Completed
72e8cd21-4747-456a-bffd-d6498ce448d1,2026_W23,O66765,U9110,P84,2026-06-03 15:14:31,3,3400.69,1004.65,92.16,1655.54,10202.07,9197.42,UPI,Completed
72e8cd21-4747-456a-bffd-d6498ce448d1,2026_W23,O66766,U14256,P169,2026-06-02 00:12:49,1,8908.51,57.81,65.73,1593.13,8908.51,8850.7,UPI,Completed
72e8cd21-4747-456a-bffd-d6498ce448d1,2026_W23,O66767,U21832,P171,2026-06-04 14:29:40,3,3668.91,205.58,187.43,1944.21,11006.73,10801.15,Credit Card,Completed
72e8cd21-4747-456a-bffd-d6498ce448d1,2026_W23,O66768,U29795,P148,2026-06-04 18:56:55,4,3184.27,846.03,134.75,2140.39,12737.08,11891.05,Credit Card,Completed
72e8cd21-4747-456a-bffd-d6498ce448d1,2026_W23,O66769,U28154,P128,2026-06-03 07:23:49,3,8967.81,1740.67,177.93,4529.3,26903.43,25162.76,Credit Card,Completed
72e8cd21-4747-456a-bffd-d6498ce448d1,2026_W23,O66770,U7195,P59,2026-06-06 11:43:05,1,3877.77,1.53,131.91,697.72,3877.77,3876.24,Wallet,Completed
72e8cd21-4747-456a-bffd-d6498ce448d1,2026_W23,O66771,U13166,P129,2026-06-03 14:28:23,2,4560.09,1362.91,117.22,1396.31,9120.18,7757.27,Credit Card,Completed
72e8cd21-4747-456a-bffd-d6498ce448d1,2026_W23,O66772,U2680,P121,2026-06-02 04:06:45,2,3168.81,436.86,146.84,1062.14,6337.62,5900.76,Credit Card,Completed
72e8cd21-4747-456a-bffd-d6498ce448d1,2026_W23,O66773,U34836,P152,2026-06-04 23:56:15,2,3680.01,985.95,147.26,1147.33,7360.02,6374.070000000001,UPI,Completed
72e8cd21-4747-456a-bffd-d6498ce448d1,2026_W23,O66774,U3676,P38,2026-06-02 14:50:30,2,9269.67,750.81,86.73,3201.94,18539.34,17788.53,Debit Card,Completed
72e8cd21-4747-456a-bffd-d6498ce448d1,2026_W23,O66775,U25405,P118,2026-06-02 12:13:00,4,1413.19,353.69,107.84,953.83,5652.76,5299.070000000001,Credit Card,Completed
72e8cd21-4747-456a-bffd-d6498ce448d1,2026_W23,O66776,U11071,P134,2026-06-03 11:19:25,4,2662.06,91.97,106.94,1900.13,10648.24,10556.27,Wallet,Completed
72e8cd21-4747-456a-bffd-d6498ce448d1,2026_W23,O66777,U24913,P164,2026-06-01 22:59:24,2,7788.37,31.09,135.89,2798.22,15576.74,15545.65,Wallet,Completed
72e8cd21-4747-456a-bffd-d6498ce448d1,2026_W23,O66778,U30536,P185,2026-06-03 13:11:36,1,7874.65,463.19,165.2,1334.06,7874.65,7411.46,UPI,Completed
72e8cd21-4747-456a-bffd-d6498ce448d1,2026_W23,O66779,U28644,P43,2026-06-04 06:19:17,2,2660.01,227.54,66.95,916.65,5320.02,5092.4800000000005,Wallet,Completed
72e8cd21-4747-456a-bffd-d6498ce448d1,2026_W23,O66780,U10990,P197,2026-06-04 09:21:37,2,1602.39,300.55,122.53,522.76,3204.78,2904.23,Credit Card,Completed
72e8cd21-4747-456a-bffd-d6498ce448d1,2026_W23,O66781,U5661,P155,2026-06-05 21:39:05,2,5852.84,1167.5,105.31,1896.87,11705.68,10538.18,Credit Card,Completed
72e8cd21-4747-456a-bffd-d6498ce448d1,2026_W23,O66782,U29464,P146,2026-06-06 16:05:04,3,8753.05,2787.59,113.45,4224.88,26259.15,23471.56,Credit Card,Completed
72e8cd21-4747-456a-bffd-d6498ce448d1,2026_W23,O66783,U31194,P40,2026-06-06 17:52:11,2,5653.56,885.99,94.76,1875.8,11307.12,10421.13,UPI,Completed
72e8cd21-4747-456a-bffd-d6498ce448d1,2026_W23,O66784,U13519,P191,2026-06-07 00:17:41,3,6168.41,1246.05,97.96,3106.65,18505.23,17259.18,UPI,Completed
72e8cd21-4747-456a-bffd-d6498ce448d1,2026_W23,O66785,U18638,P102,2026-06-07 04:21:04,1,2314.83,216.1,158.42,377.77,2314.83,2098.73,Credit Card,Completed
72e8cd21-4747-456a-bffd-d6498ce448d1,2026_W23,O66786,U160,P179,2026-06-04 04:48:02,1,6023.34,640.83,86.9,968.85,6023.34,5382.51,UPI,Completed
72e8cd21-4747-456a-bffd-d6498ce448d1,2026_W23,O66787,U10125,P73,2026-06-06 07:50:00,1,2860.52,342.02,130.03,453.33,2860.52,2518.5,Wallet,Completed
72e8cd21-4747-456a-bffd-d6498ce448d1,2026_W23,O66788,U4763,P56,2026-06-06 09:33:29,3,9007.41,398.66,142.81,4792.24,27022.23,26623.57,UPI,Completed
72e8cd21-4747-456a-bffd-d6498ce448d1,2026_W23,O66789,U30669,P179,2026-06-03 11:44:00,2,6023.34,526.12,72.22,2073.7,12046.68,11520.56,UPI,Completed
72e8cd21-4747-456a-bffd-d6498ce448d1,2026_W23,O66790,U34530,P157,2026-06-04 04:44:21,3,6948.33,2261.24,133.0,3345.08,20844.99,18583.75,UPI,Completed
72e8cd21-4747-456a-bffd-d6498ce448d1,2026_W23,O66791,U30829,P162,2026-06-03 09:48:28,4,4947.62,1959.87,79.53,3209.51,19790.48,17830.61,UPI,Completed
72e8cd21-4747-456a-bffd-d6498ce448d1,2026_W23,O66792,U34542,P119,2026-06-03 19:51:03,3,2931.16,779.57,152.0,1442.5,8793.48,8013.91,UPI,Completed
72e8cd21-4747-456a-bffd-d6498ce448d1,2026_W23,O66793,U33809,P147,2026-06-04 12:56:29,1,8552.19,424.59,164.17,1462.97,8552.19,8127.6,Credit Card,Completed
72e8cd21-4747-456a-bffd-d6498ce448d1,2026_W23,O66794,U26700,P14,2026-06-05 14:48:46,2,7736.91,643.58,130.83,2669.44,15473.82,14830.24,Wallet,Completed
72e8cd21-4747-456a-bffd-d6498ce448d1,2026_W23,O66795,U26067,P82,2026-06-06 11:10:33,2,4676.03,247.82,69.13,1638.76,9352.06,9104.24,UPI,Completed
72e8cd21-4747-456a-bffd-d6498ce448d1,2026_W23,O66796,U30898,P39,2026-06-04 22:26:31,1,7544.04,344.1,146.31,1295.99,7544.04,7199.94,UPI,Completed
72e8cd21-4747-456a-bffd-d6498ce448d1,2026_W23,O66797,U22942,P173,2026-06-04 20:36:29,3,5411.96,109.85,197.5,2902.69,16235.88,16126.03,Credit Card,Completed
72e8cd21-4747-456a-bffd-d6498ce448d1,2026_W23,O66798,U9053,P114,2026-06-07 16:56:25,3,3958.12,1002.02,135.37,1957.02,11874.36,10872.34,Credit Card,Completed
72e8cd21-4747-456a-bffd-d6498ce448d1,2026_W23,O66799,U3217,P119,2026-06-03 22:31:27,4,2931.16,1404.61,67.5,1857.61,11724.64,10320.03,UPI,Completed
72e8cd21-4747-456a-bffd-d6498ce448d1,2026_W23,O66800,U15322,P135,2026-06-05 15:36:47,2,4974.87,937.44,147.59,1622.21,9949.74,9012.3,Credit Card,Completed
72e8cd21-4747-456a-bffd-d6498ce448d1,2026_W23,O66801,U31347,P124,2026-06-02 16:28:10,3,3516.67,1537.64,90.99,1622.23,10550.01,9012.37,UPI,Completed
72e8cd21-4747-456a-bffd-d6498ce448d1,2026_W23,O66802,U23067,P80,2026-06-06 22:08:20,4,4942.61,1664.19,147.6,3259.12,19770.44,18106.25,Debit Card,Completed
72e8cd21-4747-456a-bffd-d6498ce448d1,2026_W23,O66803,U34431,P152,2026-06-06 07:31:59,4,3680.01,174.91,194.3,2618.12,14720.04,14545.13,UPI,Completed
72e8cd21-4747-456a-bffd-d6498ce448d1,2026_W23,O66804,U24970,P69,2026-06-07 17:40:11,4,2752.73,1263.79,194.04,1754.48,11010.92,9747.13,Credit Card,Completed
72e8cd21-4747-456a-bffd-d6498ce448d1,2026_W23,O66805,U16384,P77,2026-06-02 04:48:32,2,2460.76,125.63,187.45,863.26,4921.52,4795.89,Wallet,Completed
72e8cd21-4747-456a-bffd-d6498ce448d1,2026_W23,O66806,U27463,P19,2026-06-01 20:41:57,4,10412.16,262.02,88.64,7449.59,41648.64,41386.62,Credit Card,Completed
72e8cd21-4747-456a-bffd-d6498ce448d1,2026_W23,O66807,U30638,P120,2026-06-02 06:28:13,3,6088.95,1039.91,130.29,3100.85,18266.85,17226.94,UPI,Completed
72e8cd21-4747-456a-bffd-d6498ce448d1,2026_W23,O66808,U24065,P4,2026-06-06 07:34:09,1,4763.57,548.03,184.46,758.8,4763.57,4215.54,Debit Card,Completed
72e8cd21-4747-456a-bffd-d6498ce448d1,2026_W23,O66809,U23005,P88,2026-06-05 00:05:33,1,6362.48,578.86,176.86,1041.05,6362.48,5783.62,Debit Card,Completed
72e8cd21-4747-456a-bffd-d6498ce448d1,2026_W23,O66810,U22958,P95,2026-06-02 21:34:24,3,8832.47,2941.11,99.93,4240.13,26497.41,23556.3,Credit Card,Completed
72e8cd21-4747-456a-bffd-d6498ce448d1,2026_W23,O66811,U478,P73,2026-06-03 02:54:13,1,2860.52,156.56,69.96,486.71,2860.52,2703.96,UPI,Completed
72e8cd21-4747-456a-bffd-d6498ce448d1,2026_W23,O66812,U11789,P152,2026-06-04 04:26:44,2,3680.01,183.91,127.29,1291.7,7360.02,7176.110000000001,Wallet,Completed
72e8cd21-4747-456a-bffd-d6498ce448d1,2026_W23,O66813,U27434,P82,2026-06-06 16:47:52,3,4676.03,873.22,93.79,2367.88,14028.09,13154.87,Wallet,Completed
72e8cd21-4747-456a-bffd-d6498ce448d1,2026_W23,O66814,U19920,P144,2026-06-02 16:57:28,4,3365.89,1771.84,161.99,2104.51,13463.56,11691.72,Wallet,Completed
72e8cd21-4747-456a-bffd-d6498ce448d1,2026_W23,O66815,U34225,P148,2026-06-05 18:37:05,2,3184.27,196.39,114.81,1110.99,6368.54,6172.15,Credit Card,Completed
72e8cd21-4747-456a-bffd-d6498ce448d1,2026_W23,O66816,U22325,P30,2026-06-04 17:54:27,4,10435.98,2512.55,165.1,7061.65,41743.92,39231.37,UPI,Completed
72e8cd21-4747-456a-bffd-d6498ce448d1,2026_W23,O66817,U18043,P26,2026-06-04 07:32:07,3,6921.53,2348.97,124.86,3314.81,20764.59,18415.62,Debit Card,Completed
72e8cd21-4747-456a-bffd-d6498ce448d1,2026_W23,O66818,U15982,P8,2026-06-04 04:16:21,3,6662.34,2676.63,105.64,3115.87,19987.02,17310.39,Wallet,Completed
72e8cd21-4747-456a-bffd-d6498ce448d1,2026_W23,O66819,U6187,P139,2026-06-06 09:17:53,3,3152.91,440.24,193.77,1623.33,9458.73,9018.49,Debit Card,Completed
72e8cd21-4747-456a-bffd-d6498ce448d1,2026_W23,O66820,U12839,P70,2026-06-04 08:43:11,4,10058.46,2686.32,101.06,6758.55,40233.84,37547.52,UPI,Completed
72e8cd21-4747-456a-bffd-d6498ce448d1,2026_W23,O66821,U34348,P170,2026-06-04 19:09:21,4,9183.37,1438.93,95.86,6353.02,36733.48,35294.55,Wallet,Completed
72e8cd21-4747-456a-bffd-d6498ce448d1,2026_W23,O66822,U29649,P86,2026-06-06 05:01:22,2,5552.06,998.42,89.37,1819.03,11104.12,10105.7,UPI,Completed
72e8cd21-4747-456a-bffd-d6498ce448d1,2026_W23,O66823,U27733,P126,2026-06-01 20:41:08,3,7115.51,3197.95,155.49,3266.74,21346.53,18148.58,Wallet,Completed
72e8cd21-4747-456a-bffd-d6498ce448d1,2026_W23,O66824,U30285,P27,2026-06-04 19:38:02,4,4374.27,788.08,67.09,3007.62,17497.08,16709.0,Debit Card,Completed
72e8cd21-4747-456a-bffd-d6498ce448d1,2026_W23,O66825,U2076,P76,2026-06-05 01:17:29,1,1956.86,231.83,136.8,310.51,1956.86,1725.03,Credit Card,Completed
72e8cd21-4747-456a-bffd-d6498ce448d1,2026_W23,O66826,U26527,P130,2026-06-07 11:24:55,4,3717.66,1940.1,95.72,2327.5,14870.64,12930.54,UPI,Completed
72e8cd21-4747-456a-bffd-d6498ce448d1,2026_W23,O66827,U29504,P145,2026-06-06 05:59:09,3,7002.35,2840.25,122.74,3270.02,21007.050000000003,18166.800000000003,UPI,Completed
72e8cd21-4747-456a-bffd-d6498ce448d1,2026_W23,O66828,U859,P31,2026-06-01 21:22:41,2,2922.48,713.03,167.52,923.75,5844.96,5131.93,Debit Card,Completed
72e8cd21-4747-456a-bffd-d6498ce448d1,2026_W23,O66829,U24509,P160,2026-06-04 08:48:10,4,3922.12,337.35,103.08,2763.2,15688.48,15351.13,UPI,Completed
72e8cd21-4747-456a-bffd-d6498ce448d1,2026_W23,O66830,U22727,P134,2026-06-03 22:27:16,3,2662.06,351.67,184.04,1374.21,7986.18,7634.51,UPI,Completed
72e8cd21-4747-456a-bffd-d6498ce448d1,2026_W23,O66831,U8379,P166,2026-06-02 05:29:57,2,6824.24,1489.01,113.68,2188.7,13648.48,12159.47,Wallet,Completed
72e8cd21-4747-456a-bffd-d6498ce448d1,2026_W23,O66832,U16951,P78,2026-06-02 21:57:07,1,3006.64,2.8,99.19,540.69,3006.64,3003.84,UPI,Completed
72e8cd21-4747-456a-bffd-d6498ce448d1,2026_W23,O66833,U28461,P108,2026-06-02 01:02:19,1,3076.73,128.39,104.08,530.7,3076.73,2948.34,Debit Card,Completed
72e8cd21-4747-456a-bffd-d6498ce448d1,2026_W23,O66834,U1977,P181,2026-06-07 00:25:14,3,6034.6,2692.55,111.42,2774.03,18103.800000000003,15411.250000000004,Debit Card,Completed
72e8cd21-4747-456a-bffd-d6498ce448d1,2026_W23,O66835,U7225,P82,2026-06-03 09:47:32,3,4676.03,1756.77,115.58,2208.84,14028.09,12271.32,UPI,Completed
72e8cd21-4747-456a-bffd-d6498ce448d1,2026_W23,O66836,U26665,P93,2026-06-06 08:50:33,1,7912.93,889.35,128.73,1264.24,7912.93,7023.58,Wallet,Completed
72e8cd21-4747-456a-bffd-d6498ce448d1,2026_W23,O66837,U21474,P55,2026-06-07 09:08:40,1,2495.43,357.26,111.27,384.87,2495.43,2138.17,UPI,Completed
72e8cd21-4747-456a-bffd-d6498ce448d1,2026_W23,O66838,U33371,P149,2026-06-07 01:07:57,3,5363.67,1353.28,56.78,2652.79,16091.01,14737.73,Debit Card,Completed
72e8cd21-4747-456a-bffd-d6498ce448d1,2026_W23,O66839,U3162,P107,2026-06-06 01:26:46,1,5037.89,649.44,83.59,789.92,5037.89,4388.450000000001,UPI,Completed
72e8cd21-4747-456a-bffd-d6498ce448d1,2026_W23,O66840,U10266,P185,2026-06-02 18:07:23,3,7874.65,723.7,100.25,4122.04,23623.95,22900.25,Credit Card,Completed
72e8cd21-4747-456a-bffd-d6498ce448d1,2026_W23,O66841,U27380,P93,2026-06-05 21:08:49,2,7912.93,2314.02,173.92,2432.13,15825.86,13511.84,Debit Card,Completed
72e8cd21-4747-456a-bffd-d6498ce448d1,2026_W23,O66842,U28236,P99,2026-06-06 12:12:41,2,5923.25,632.18,160.6,2018.58,11846.5,11214.32,UPI,Completed
72e8cd21-4747-456a-bffd-d6498ce448d1,2026_W23,O66843,U23348,P20,2026-06-02 14:35:14,2,2140.8,444.03,94.08,690.76,4281.6,3837.5700000000006,Debit Card,Completed
72e8cd21-4747-456a-bffd-d6498ce448d1,2026_W23,O66844,U25594,P80,2026-06-02 08:06:09,1,4942.61,242.56,194.35,846.01,4942.61,4700.049999999999,UPI,Completed
72e8cd21-4747-456a-bffd-d6498ce448d1,2026_W23,O66845,U32625,P187,2026-06-04 05:02:22,2,2141.32,522.26,53.49,676.87,4282.64,3760.38,Wallet,Completed
72e8cd21-4747-456a-bffd-d6498ce448d1,2026_W23,O66846,U5851,P172,2026-06-02 07:42:07,1,1445.78,179.02,64.64,228.02,1445.78,1266.76,Debit Card,Completed
72e8cd21-4747-456a-bffd-d6498ce448d1,2026_W23,O66847,U31949,P85,2026-06-07 06:06:37,2,7940.53,959.7,117.87,2685.84,15881.06,14921.36,Credit Card,Completed
72e8cd21-4747-456a-bffd-d6498ce448d1,2026_W23,O66848,U14238,P167,2026-06-07 00:34:21,1,10191.01,879.05,134.55,1676.15,10191.01,9311.96,Debit Card,Completed
72e8cd21-4747-456a-bffd-d6498ce448d1,2026_W23,O66849,U10762,P200,2026-06-06 07:41:46,2,2159.6,124.46,182.11,755.05,4319.2,4194.74,Credit Card,Completed
72e8cd21-4747-456a-bffd-d6498ce448d1,2026_W23,O66850,U23063,P44,2026-06-02 20:03:25,3,3831.53,1713.36,166.31,1760.62,11494.59,9781.23,Wallet,Completed
72e8cd21-4747-456a-bffd-d6498ce448d1,2026_W23,O66851,U17088,P111,2026-06-05 13:52:10,4,2233.14,557.91,123.1,1507.44,8932.56,8374.65,Debit Card,Completed
72e8cd21-4747-456a-bffd-d6498ce448d1,2026_W23,O66852,U18043,P99,2026-06-06 05:39:19,4,5923.25,2920.54,180.45,3739.04,23693.0,20772.46,Wallet,Completed
72e8cd21-4747-456a-bffd-d6498ce448d1,2026_W23,O66853,U31373,P90,2026-06-04 19:22:45,3,10379.64,573.85,135.37,5501.71,31138.92,30565.07,UPI,Completed
72e8cd21-4747-456a-bffd-d6498ce448d1,2026_W23,O66854,U17211,P188,2026-06-02 06:58:55,3,3474.24,858.14,159.74,1721.62,10422.72,9564.58,Wallet,Completed
72e8cd21-4747-456a-bffd-d6498ce448d1,2026_W23,O66855,U3641,P79,2026-06-07 20:26:44,2,4029.4,950.16,136.34,1279.56,8058.8,7108.64,Wallet,Completed
72e8cd21-4747-456a-bffd-d6498ce448d1,2026_W23,O66856,U31853,P19,2026-06-06 03:49:37,4,10412.16,5596.08,190.77,6489.46,41648.64,36052.56,UPI,Completed
72e8cd21-4747-456a-bffd-d6498ce448d1,2026_W23,O66857,U29649,P78,2026-06-05 20:29:59,1,3006.64,27.1,153.3,536.32,3006.64,2979.54,Credit Card,Completed
72e8cd21-4747-456a-bffd-d6498ce448d1,2026_W23,O66858,U13360,P186,2026-06-06 01:55:03,1,7703.95,31.32,52.61,1381.07,7703.95,7672.63,Debit Card,Completed
72e8cd21-4747-456a-bffd-d6498ce448d1,2026_W23,O66859,U16235,P136,2026-06-07 19:50:29,1,2987.05,12.34,178.05,535.45,2987.05,2974.71,Wallet,Completed
72e8cd21-4747-456a-bffd-d6498ce448d1,2026_W23,O66860,U9941,P105,2026-06-02 17:14:46,3,2249.83,728.69,180.86,1083.74,6749.49,6020.799999999999,UPI,Completed
72e8cd21-4747-456a-bffd-d6498ce448d1,2026_W23,O66861,U13765,P14,2026-06-05 00:59:15,2,7736.91,417.92,131.12,2710.06,15473.82,15055.9,Wallet,Completed
72e8cd21-4747-456a-bffd-d6498ce448d1,2026_W23,O66862,U29526,P122,2026-06-02 02:11:42,2,7123.24,1536.25,185.83,2287.84,14246.48,12710.23,Credit Card,Completed
72e8cd21-4747-456a-bffd-d6498ce448d1,2026_W23,O66863,U26308,P189,2026-06-05 23:50:12,1,3755.21,113.88,59.62,655.44,3755.21,3641.33,Credit Card,Completed
72e8cd21-4747-456a-bffd-d6498ce448d1,2026_W23,O66864,U16131,P94,2026-06-03 11:57:12,4,7668.43,3417.08,67.1,4906.2,30673.72,27256.64,Wallet,Completed
72e8cd21-4747-456a-bffd-d6498ce448d1,2026_W23,O66865,U32385,P88,2026-06-03 06:15:26,2,6362.48,1668.85,176.51,1990.1,12724.96,11056.11,Debit Card,Completed
72e8cd21-4747-456a-bffd-d6498ce448d1,2026_W23,O66866,U18338,P40,2026-06-02 07:42:21,4,5653.56,2893.94,129.76,3549.65,22614.24,19720.300000000003,UPI,Completed
72e8cd21-4747-456a-bffd-d6498ce448d1,2026_W23,O66867,U17749,P192,2026-06-05 19:23:41,3,11696.08,4403.88,189.78,5523.18,35088.24,30684.36,UPI,Completed
72e8cd21-4747-456a-bffd-d6498ce448d1,2026_W23,O66868,U13031,P76,2026-06-05 02:58:26,3,1956.86,369.3,162.97,990.23,5870.58,5501.28,UPI,Completed
72e8cd21-4747-456a-bffd-d6498ce448d1,2026_W23,O66869,U25555,P137,2026-06-02 14:09:29,1,2412.96,82.32,164.67,419.52,2412.96,2330.64,UPI,Completed
72e8cd21-4747-456a-bffd-d6498ce448d1,2026_W23,O66870,U19962,P59,2026-06-05 14:48:37,3,3877.77,1239.88,74.33,1870.82,11633.31,10393.43,Wallet,Completed
72e8cd21-4747-456a-bffd-d6498ce448d1,2026_W23,O66871,U13168,P99,2026-06-06 09:42:23,3,5923.25,215.85,187.99,3159.7,17769.75,17553.9,Wallet,Completed
72e8cd21-4747-456a-bffd-d6498ce448d1,2026_W23,O66872,U9219,P96,2026-06-02 05:20:11,1,6736.46,329.69,193.07,1153.22,6736.46,6406.77,Debit Card,Completed
72e8cd21-4747-456a-bffd-d6498ce448d1,2026_W23,O66873,U32321,P89,2026-06-06 16:53:58,4,9725.61,3389.04,65.72,6392.41,38902.44,35513.4,Credit Card,Completed
72e8cd21-4747-456a-bffd-d6498ce448d1,2026_W23,O66874,U23651,P51,2026-06-05 09:33:09,2,5156.58,1062.97,149.6,1665.03,10313.16,9250.19,Credit Card,Completed
72e8cd21-4747-456a-bffd-d6498ce448d1,2026_W23,O66875,U28836,P76,2026-06-03 04:58:28,1,1956.86,49.08,191.02,343.4,1956.86,1907.78,UPI,Completed
72e8cd21-4747-456a-bffd-d6498ce448d1,2026_W23,O66876,U23742,P70,2026-06-02 19:56:01,1,10058.46,200.83,71.57,1774.37,10058.46,9857.63,Credit Card,Completed
72e8cd21-4747-456a-bffd-d6498ce448d1,2026_W23,O66877,U20576,P190,2026-06-04 07:44:12,1,7773.11,1106.45,138.92,1200.0,7773.11,6666.66,Wallet,Completed
72e8cd21-4747-456a-bffd-d6498ce448d1,2026_W23,O66878,U27761,P62,2026-06-04 18:34:16,1,10625.67,481.71,86.14,1825.91,10625.67,10143.96,Wallet,Completed
72e8cd21-4747-456a-bffd-d6498ce448d1,2026_W23,O66879,U35000,P96,2026-06-04 00:08:10,2,6736.46,1096.73,190.62,2227.71,13472.92,12376.19,UPI,Completed
72e8cd21-4747-456a-bffd-d6498ce448d1,2026_W23,O66880,U33090,P60,2026-06-07 19:46:16,2,7906.19,1320.18,63.33,2608.6,15812.38,14492.2,Credit Card,Completed
72e8cd21-4747-456a-bffd-d6498ce448d1,2026_W23,O66881,U20210,P37,2026-06-04 22:26:07,3,5843.49,100.07,106.59,3137.47,17530.47,17430.4,UPI,Completed
72e8cd21-4747-456a-bffd-d6498ce448d1,2026_W23,O66882,U17274,P159,2026-06-07 19:52:07,1,5981.94,689.41,79.01,952.66,5981.94,5292.53,UPI,Completed
72e8cd21-4747-456a-bffd-d6498ce448d1,2026_W23,O66883,U7477,P139,2026-06-05 16:36:47,1,3152.91,138.48,118.53,542.6,3152.91,3014.43,Debit Card,Completed
72e8cd21-4747-456a-bffd-d6498ce448d1,2026_W23,O66884,U31620,P101,2026-06-07 18:03:31,2,10959.44,3155.86,186.33,3377.34,21918.88,18763.02,UPI,Completed
72e8cd21-4747-456a-bffd-d6498ce448d1,2026_W23,O66885,U12399,P155,2026-06-02 15:03:11,4,5852.84,591.27,115.18,4107.62,23411.36,22820.09,Wallet,Completed
72e8cd21-4747-456a-bffd-d6498ce448d1,2026_W23,O66886,U25410,P187,2026-06-07 00:40:22,3,2141.32,468.12,124.8,1072.05,6423.960000000001,5955.840000000001,Credit Card,Completed
72e8cd21-4747-456a-bffd-d6498ce448d1,2026_W23,O66887,U10493,P50,2026-06-04 05:38:08,2,2577.38,498.23,121.79,838.18,5154.76,4656.530000000001,Wallet,Completed
72e8cd21-4747-456a-bffd-d6498ce448d1,2026_W23,O66888,U28158,P24,2026-06-06 00:15:26,2,7207.54,40.21,133.27,2587.48,14415.08,14374.87,Credit Card,Completed
72e8cd21-4747-456a-bffd-d6498ce448d1,2026_W23,O66889,U330,P184,2026-06-06 02:23:42,4,2050.2,1073.13,82.74,1282.98,8200.8,7127.669999999999,Wallet,Completed
72e8cd21-4747-456a-bffd-d6498ce448d1,2026_W23,O66890,U12452,P115,2026-06-02 03:49:49,1,10604.02,1013.28,145.74,1726.33,10604.02,9590.74,Credit Card,Completed
72e8cd21-4747-456a-bffd-d6498ce448d1,2026_W23,O66891,U14090,P190,2026-06-04 04:53:15,4,7773.11,4109.7,118.45,4856.89,31092.44,26982.74,UPI,Completed
72e8cd21-4747-456a-bffd-d6498ce448d1,2026_W23,O66892,U19170,P67,2026-06-07 15:55:00,1,6380.8,443.04,128.8,1068.8,6380.8,5937.76,Credit Card,Completed
72e8cd21-4747-456a-bffd-d6498ce448d1,2026_W23,O66893,U30346,P181,2026-06-03 03:26:51,3,6034.6,1616.21,103.12,2967.77,18103.800000000003,16487.590000000004,UPI,Completed
72e8cd21-4747-456a-bffd-d6498ce448d1,2026_W23,O66894,U11065,P118,2026-06-05 05:56:53,3,1413.19,346.71,182.44,700.71,4239.57,3892.86,Wallet,Completed
72e8cd21-4747-456a-bffd-d6498ce448d1,2026_W23,O66895,U27100,P61,2026-06-02 20:26:21,4,7274.63,96.86,71.92,5220.3,29098.52,29001.66,UPI,Completed
72e8cd21-4747-456a-bffd-d6498ce448d1,2026_W23,O66896,U21039,P166,2026-06-06 10:40:40,2,6824.24,1898.6,117.52,2114.98,13648.48,11749.88,UPI,Completed
72e8cd21-4747-456a-bffd-d6498ce448d1,2026_W23,O66897,U9745,P39,2026-06-07 00:23:10,3,7544.04,1046.36,172.25,3885.44,22632.12,21585.76,Wallet,Completed
72e8cd21-4747-456a-bffd-d6498ce448d1,2026_W23,O66898,U17176,P9,2026-06-02 14:01:04,2,6463.86,537.71,107.44,2230.2,12927.72,12390.009999999998,Debit Card,Completed
72e8cd21-4747-456a-bffd-d6498ce448d1,2026_W23,O66899,U25362,P27,2026-06-03 12:50:31,3,4374.27,1939.07,124.72,2013.07,13122.81,11183.740000000002,Credit Card,Completed
72e8cd21-4747-456a-bffd-d6498ce448d1,2026_W23,O66900,U33952,P11,2026-06-05 18:45:58,4,4777.26,2483.15,61.63,2992.66,19109.04,16625.89,Wallet,Completed
72e8cd21-4747-456a-bffd-d6498ce448d1,2026_W23,O66901,U23890,P32,2026-06-03 02:05:52,3,1891.54,511.2,71.94,929.42,5674.62,5163.42,Credit Card,Completed
72e8cd21-4747-456a-bffd-d6498ce448d1,2026_W23,O66902,U22678,P36,2026-06-07 19:27:06,1,5080.52,695.36,180.59,789.33,5080.52,4385.160000000001,UPI,Completed
72e8cd21-4747-456a-bffd-d6498ce448d1,2026_W23,O66903,U4710,P43,2026-06-03 19:20:29,4,2660.01,417.36,182.84,1840.08,10640.04,10222.68,Wallet,Completed
72e8cd21-4747-456a-bffd-d6498ce448d1,2026_W23,O66904,U5768,P158,2026-06-05 21:20:39,4,2851.23,1462.76,63.95,1789.59,11404.92,9942.16,Credit Card,Completed
72e8cd21-4747-456a-bffd-d6498ce448d1,2026_W23,O66905,U26498,P164,2026-06-02 03:53:13,1,7788.37,359.91,126.16,1337.12,7788.37,7428.46,Wallet,Completed
72e8cd21-4747-456a-bffd-d6498ce448d1,2026_W23,O66906,U30458,P42,2026-06-05 00:49:36,1,7209.49,445.37,144.46,1217.54,7209.49,6764.12,UPI,Completed
72e8cd21-4747-456a-bffd-d6498ce448d1,2026_W23,O66907,U29843,P155,2026-06-06 01:20:45,1,5852.84,807.46,115.54,908.17,5852.84,5045.38,Debit Card,Completed
72e8cd21-4747-456a-bffd-d6498ce448d1,2026_W23,O66908,U13541,P105,2026-06-05 04:35:18,1,2249.83,264.59,105.27,357.34,2249.83,1985.24,Wallet,Completed
72e8cd21-4747-456a-bffd-d6498ce448d1,2026_W23,O66909,U17419,P188,2026-06-07 20:11:16,3,3474.24,400.84,52.56,1803.94,10422.72,10021.88,UPI,Completed
72e8cd21-4747-456a-bffd-d6498ce448d1,2026_W23,O66910,U22260,P193,2026-06-06 04:01:38,2,9271.8,2157.91,140.51,2949.42,18543.6,16385.69,UPI,Completed
72e8cd21-4747-456a-bffd-d6498ce448d1,2026_W23,O66911,U3473,P67,2026-06-04 12:40:34,4,6380.8,255.81,52.13,4548.13,25523.2,25267.39,Wallet,Completed
72e8cd21-4747-456a-bffd-d6498ce448d1,2026_W23,O66912,U598,P90,2026-06-03 16:49:24,1,10379.64,1488.53,190.15,1600.4,10379.64,8891.109999999999,Wallet,Completed
72e8cd21-4747-456a-bffd-d6498ce448d1,2026_W23,O66913,U10903,P42,2026-06-02 09:35:33,3,7209.49,208.15,129.72,3855.66,21628.47,21420.32,Debit Card,Completed
72e8cd21-4747-456a-bffd-d6498ce448d1,2026_W23,O66914,U32128,P5,2026-06-03 08:16:12,4,9411.93,4169.69,177.1,6026.05,37647.72,33478.03,Wallet,Completed
72e8cd21-4747-456a-bffd-d6498ce448d1,2026_W23,O66915,U22196,P78,2026-06-07 20:01:03,2,3006.64,548.33,138.84,983.69,6013.28,5464.95,UPI,Completed
72e8cd21-4747-456a-bffd-d6498ce448d1,2026_W23,O66916,U715,P168,2026-06-03 19:35:11,4,4347.14,2577.79,99.73,2665.94,17388.56,14810.77,Debit Card,Completed
72e8cd21-4747-456a-bffd-d6498ce448d1,2026_W23,O66917,U30586,P123,2026-06-07 09:27:33,1,7379.51,138.75,191.41,1303.34,7379.51,7240.76,Debit Card,Completed
72e8cd21-4747-456a-bffd-d6498ce448d1,2026_W23,O66918,U31848,P72,2026-06-04 00:57:06,2,7361.26,285.02,110.91,2598.75,14722.52,14437.5,Debit Card,Completed
72e8cd21-4747-456a-bffd-d6498ce448d1,2026_W23,O66919,U17801,P191,2026-06-07 18:56:33,2,6168.41,62.96,90.21,2209.29,12336.82,12273.86,UPI,Completed
72e8cd21-4747-456a-bffd-d6498ce448d1,2026_W23,O66920,U29196,P100,2026-06-06 17:37:06,2,6025.88,950.23,135.58,1998.28,12051.76,11101.53,Wallet,Completed
72e8cd21-4747-456a-bffd-d6498ce448d1,2026_W23,O66921,U13364,P112,2026-06-07 09:05:58,2,7986.57,370.47,92.17,2808.48,15973.14,15602.67,UPI,Completed
72e8cd21-4747-456a-bffd-d6498ce448d1,2026_W23,O66922,U11286,P43,2026-06-03 15:20:17,1,2660.01,32.68,69.26,472.92,2660.01,2627.3300000000004,Debit Card,Completed
72e8cd21-4747-456a-bffd-d6498ce448d1,2026_W23,O66923,U25973,P116,2026-06-07 14:25:51,3,6311.89,1592.92,115.19,3121.7,18935.67,17342.75,Credit Card,Completed
72e8cd21-4747-456a-bffd-d6498ce448d1,2026_W23,O66924,U27785,P59,2026-06-05 18:41:33,3,3877.77,1127.66,50.94,1891.02,11633.31,10505.65,Credit Card,Completed
72e8cd21-4747-456a-bffd-d6498ce448d1,2026_W23,O66925,U34150,P109,2026-06-04 02:25:58,4,5905.39,4.41,165.29,4251.09,23621.56,23617.15,Credit Card,Completed
72e8cd21-4747-456a-bffd-d6498ce448d1,2026_W23,O66926,U19300,P133,2026-06-07 13:36:15,4,9654.47,4604.35,100.89,6122.44,38617.88,34013.53,Wallet,Completed
72e8cd21-4747-456a-bffd-d6498ce448d1,2026_W23,O66927,U16526,P78,2026-06-04 07:57:59,4,3006.64,996.81,182.21,1985.36,12026.56,11029.75,Credit Card,Completed
72e8cd21-4747-456a-bffd-d6498ce448d1,2026_W23,O66928,U3794,P17,2026-06-06 22:31:06,2,8998.12,125.79,100.41,3216.68,17996.24,17870.45,UPI,Completed
72e8cd21-4747-456a-bffd-d6498ce448d1,2026_W23,O66929,U1036,P29,2026-06-03 15:28:44,3,1532.51,35.63,163.96,821.14,4597.53,4561.9,Credit Card,Completed
72e8cd21-4747-456a-bffd-d6498ce448d1,2026_W23,O66930,U19372,P37,2026-06-02 23:07:05,1,5843.49,649.05,80.37,935.0,5843.49,5194.44,Wallet,Completed
72e8cd21-4747-456a-bffd-d6498ce448d1,2026_W23,O66931,U11250,P88,2026-06-07 19:21:52,4,6362.48,2499.29,118.6,4131.11,25449.92,22950.63,Debit Card,Completed
72e8cd21-4747-456a-bffd-d6498ce448d1,2026_W23,O66932,U18803,P37,2026-06-05 08:15:55,1,5843.49,147.82,129.98,1025.22,5843.49,5695.67,UPI,Completed
72e8cd21-4747-456a-bffd-d6498ce448d1,2026_W23,O66933,U33110,P22,2026-06-04 12:05:10,2,5208.88,417.41,194.08,1800.06,10417.76,10000.35,UPI,Completed
72e8cd21-4747-456a-bffd-d6498ce448d1,2026_W23,O66934,U14893,P130,2026-06-02 01:34:32,2,3717.66,623.12,199.79,1226.2,7435.32,6812.2,Credit Card,Completed
72e8cd21-4747-456a-bffd-d6498ce448d1,2026_W23,O66935,U26831,P7,2026-06-06 22:02:39,2,10896.56,2399.13,127.78,3490.92,21793.12,19393.99,UPI,Completed
72e8cd21-4747-456a-bffd-d6498ce448d1,2026_W23,O66936,U30851,P199,2026-06-04 03:11:28,3,5324.39,1202.75,67.34,2658.68,15973.170000000002,14770.420000000002,Credit Card,Completed
72e8cd21-4747-456a-bffd-d6498ce448d1,2026_W23,O66937,U10832,P102,2026-06-03 06:14:52,4,2314.83,773.72,104.98,1527.41,9259.32,8485.6,UPI,Completed
72e8cd21-4747-456a-bffd-d6498ce448d1,2026_W23,O66938,U12809,P64,2026-06-07 19:29:02,1,5229.45,124.06,148.99,918.97,5229.45,5105.389999999999,Debit Card,Completed
72e8cd21-4747-456a-bffd-d6498ce448d1,2026_W23,O66939,U10278,P5,2026-06-02 23:27:19,4,9411.93,1083.52,81.85,6581.56,37647.72,36564.2,UPI,Completed
72e8cd21-4747-456a-bffd-d6498ce448d1,2026_W23,O66940,U28308,P85,2026-06-07 18:18:18,3,7940.53,1620.03,98.78,3996.28,23821.59,22201.56,Credit Card,Completed
72e8cd21-4747-456a-bffd-d6498ce448d1,2026_W23,O66941,U17176,P88,2026-06-01 22:58:04,4,6362.48,1727.41,68.75,4270.05,25449.92,23722.51,Credit Card,Completed
72e8cd21-4747-456a-bffd-d6498ce448d1,2026_W23,O66942,U8178,P35,2026-06-07 19:43:53,1,2889.44,172.79,52.36,489.0,2889.44,2716.65,Credit Card,Completed
72e8cd21-4747-456a-bffd-d6498ce448d1,2026_W23,O66943,U11191,P1,2026-06-03 22:33:53,2,8422.98,247.1,147.77,2987.79,16845.96,16598.86,Credit Card,Completed
72e8cd21-4747-456a-bffd-d6498ce448d1,2026_W23,O66944,U4728,P124,2026-06-06 08:32:25,4,3516.67,2062.57,127.67,2160.74,14066.68,12004.11,Wallet,Completed
72e8cd21-4747-456a-bffd-d6498ce448d1,2026_W23,O66945,U34963,P188,2026-06-05 01:42:19,3,3474.24,817.63,196.66,1728.92,10422.72,9605.09,UPI,Completed
72e8cd21-4747-456a-bffd-d6498ce448d1,2026_W23,O66946,U22988,P101,2026-06-04 12:34:47,1,10959.44,476.18,58.83,1886.99,10959.44,10483.26,Debit Card,Completed
72e8cd21-4747-456a-bffd-d6498ce448d1,2026_W23,O66947,U34908,P153,2026-06-05 11:39:44,3,3236.07,1142.89,51.26,1541.76,9708.21,8565.320000000002,Debit Card,Completed
72e8cd21-4747-456a-bffd-d6498ce448d1,2026_W23,O66948,U1679,P200,2026-06-05 17:12:02,1,2159.6,1.8,163.69,388.4,2159.6,2157.8,Wallet,Completed
72e8cd21-4747-456a-bffd-d6498ce448d1,2026_W23,O66949,U20868,P176,2026-06-02 22:46:16,2,8451.7,1446.99,70.6,2782.15,16903.4,15456.410000000002,Wallet,Completed
72e8cd21-4747-456a-bffd-d6498ce448d1,2026_W23,O66950,U142,P124,2026-06-06 13:41:05,1,3516.67,114.44,148.06,612.4,3516.67,3402.23,UPI,Completed
72e8cd21-4747-456a-bffd-d6498ce448d1,2026_W23,O66951,U31671,P38,2026-06-04 17:19:22,4,9269.67,1314.56,72.89,6437.54,37078.68,35764.12,Wallet,Completed
72e8cd21-4747-456a-bffd-d6498ce448d1,2026_W23,O66952,U8284,P167,2026-06-03 17:18:18,3,10191.01,3887.19,130.31,4803.45,30573.03,26685.84,Credit Card,Completed
72e8cd21-4747-456a-bffd-d6498ce448d1,2026_W23,O66953,U12899,P59,2026-06-05 00:30:23,4,3877.77,1297.89,115.81,2558.37,15511.08,14213.19,Debit Card,Completed
72e8cd21-4747-456a-bffd-d6498ce448d1,2026_W23,O66954,U30228,P66,2026-06-05 11:26:26,3,5068.12,740.36,85.33,2603.52,15204.36,14464.0,UPI,Completed
72e8cd21-4747-456a-bffd-d6498ce448d1,2026_W23,O66955,U23698,P15,2026-06-06 13:21:15,2,1828.72,418.89,192.25,582.94,3657.44,3238.55,Wallet,Completed
72e8cd21-4747-456a-bffd-d6498ce448d1,2026_W23,O66956,U12727,P89,2026-06-03 04:15:10,4,9725.61,4780.6,100.85,6141.93,38902.44,34121.840000000004,Wallet,Completed
72e8cd21-4747-456a-bffd-d6498ce448d1,2026_W23,O66957,U12295,P145,2026-06-02 04:08:55,1,7002.35,606.12,109.39,1151.32,7002.35,6396.2300000000005,Credit Card,Completed
72e8cd21-4747-456a-bffd-d6498ce448d1,2026_W23,O66958,U4158,P130,2026-06-06 13:14:26,4,3717.66,1240.97,78.52,2453.34,14870.64,13629.67,Debit Card,Completed
72e8cd21-4747-456a-bffd-d6498ce448d1,2026_W23,O66959,U21386,P38,2026-06-02 09:31:37,4,9269.67,5195.47,195.53,5738.98,37078.68,31883.21,Wallet,Completed
72e8cd21-4747-456a-bffd-d6498ce448d1,2026_W23,O66960,U15944,P132,2026-06-02 05:22:20,3,4280.82,1309.23,153.26,2075.98,12842.46,11533.23,Credit Card,Completed
72e8cd21-4747-456a-bffd-d6498ce448d1,2026_W23,O66961,U3989,P101,2026-06-02 03:45:21,1,10959.44,874.64,132.36,1815.26,10959.44,10084.8,Wallet,Completed
72e8cd21-4747-456a-bffd-d6498ce448d1,2026_W23,O66962,U21347,P105,2026-06-05 22:58:19,4,2249.83,235.37,88.85,1577.51,8999.32,8763.949999999999,Wallet,Completed
72e8cd21-4747-456a-bffd-d6498ce448d1,2026_W23,O66963,U6237,P106,2026-06-03 17:35:51,3,4353.6,1340.25,176.41,2109.7,13060.8,11720.55,UPI,Completed
72e8cd21-4747-456a-bffd-d6498ce448d1,2026_W23,O66964,U3194,P34,2026-06-05 12:06:13,2,3033.5,737.53,105.46,959.3,6067.0,5329.47,Wallet,Completed
72e8cd21-4747-456a-bffd-d6498ce448d1,2026_W23,O66965,U15453,P15,2026-06-06 01:59:22,2,1828.72,352.45,175.12,594.9,3657.44,3304.99,Debit Card,Completed
72e8cd21-4747-456a-bffd-d6498ce448d1,2026_W23,O66966,U27421,P71,2026-06-05 07:29:49,4,4652.78,623.33,83.62,3237.8,18611.12,17987.789999999997,Debit Card,Completed
72e8cd21-4747-456a-bffd-d6498ce448d1,2026_W23,O66967,U2505,P45,2026-06-03 11:18:27,4,10226.58,3560.51,84.79,6722.25,40906.32,37345.81,UPI,Completed
72e8cd21-4747-456a-bffd-d6498ce448d1,2026_W23,O66968,U2244,P119,2026-06-05 08:53:43,1,2931.16,291.58,110.8,475.12,2931.16,2639.58,Credit Card,Completed
72e8cd21-4747-456a-bffd-d6498ce448d1,2026_W23,O66969,U23499,P186,2026-06-05 04:38:07,4,7703.95,4295.86,158.55,4773.59,30815.8,26519.94,Debit Card,Completed
72e8cd21-4747-456a-bffd-d6498ce448d1,2026_W23,O66970,U1846,P177,2026-06-06 19:18:37,4,6111.68,1043.12,98.8,4212.65,24446.72,23403.6,UPI,Completed
72e8cd21-4747-456a-bffd-d6498ce448d1,2026_W23,O66971,U13019,P10,2026-06-04 09:58:09,3,6265.23,2075.23,171.19,3009.68,18795.69,16720.46,Credit Card,Completed
72e8cd21-4747-456a-bffd-d6498ce448d1,2026_W23,O66972,U25463,P149,2026-06-04 12:52:01,4,5363.67,1365.58,189.24,3616.04,21454.68,20089.1,Wallet,Completed
72e8cd21-4747-456a-bffd-d6498ce448d1,2026_W23,O66973,U5248,P78,2026-06-05 08:06:42,1,3006.64,420.91,108.2,465.43,3006.64,2585.73,Credit Card,Completed
72e8cd21-4747-456a-bffd-d6498ce448d1,2026_W23,O66974,U4683,P180,2026-06-03 04:48:20,3,6330.21,1166.16,131.33,3208.4,18990.63,17824.47,UPI,Completed
72e8cd21-4747-456a-bffd-d6498ce448d1,2026_W23,O66975,U8909,P132,2026-06-02 13:10:10,1,4280.82,364.54,63.68,704.93,4280.82,3916.28,UPI,Completed
72e8cd21-4747-456a-bffd-d6498ce448d1,2026_W23,O66976,U30309,P176,2026-06-07 15:24:57,2,8451.7,283.18,101.02,2991.64,16903.4,16620.22,Debit Card,Completed
72e8cd21-4747-456a-bffd-d6498ce448d1,2026_W23,O66977,U24213,P38,2026-06-07 07:23:37,2,9269.67,2613.56,169.56,2866.64,18539.34,15925.78,UPI,Completed
72e8cd21-4747-456a-bffd-d6498ce448d1,2026_W23,O66978,U30638,P24,2026-06-02 07:02:04,2,7207.54,341.13,184.32,2533.31,14415.08,14073.95,Credit Card,Completed
72e8cd21-4747-456a-bffd-d6498ce448d1,2026_W23,O66979,U28158,P51,2026-06-05 06:43:47,2,5156.58,892.8,91.32,1695.66,10313.16,9420.36,Wallet,Completed
72e8cd21-4747-456a-bffd-d6498ce448d1,2026_W23,O66980,U5677,P53,2026-06-04 21:22:09,4,5679.25,3023.23,63.26,3544.88,22717.0,19693.77,Debit Card,Completed
72e8cd21-4747-456a-bffd-d6498ce448d1,2026_W23,O66981,U12900,P83,2026-06-04 19:43:11,1,4290.17,196.88,101.75,736.79,4290.17,4093.29,Credit Card,Completed
72e8cd21-4747-456a-bffd-d6498ce448d1,2026_W23,O66982,U29660,P102,2026-06-06 10:08:46,4,2314.83,954.98,61.58,1494.78,9259.32,8304.34,Debit Card,Completed
72e8cd21-4747-456a-bffd-d6498ce448d1,2026_W23,O66983,U25709,P70,2026-06-05 19:29:36,3,10058.46,4043.89,123.68,4703.67,30175.38,26131.49,UPI,Completed
72e8cd21-4747-456a-bffd-d6498ce448d1,2026_W23,O66984,U8655,P46,2026-06-05 18:11:48,4,4606.02,882.82,145.45,3157.43,18424.08,17541.260000000002,Credit Card,Completed
72e8cd21-4747-456a-bffd-d6498ce448d1,2026_W23,O66985,U1105,P139,2026-06-03 17:11:13,4,3152.91,448.72,135.24,2189.33,12611.64,12162.92,Credit Card,Completed
72e8cd21-4747-456a-bffd-d6498ce448d1,2026_W23,O66986,U17935,P102,2026-06-03 10:04:43,1,2314.83,61.58,198.64,405.58,2314.83,2253.25,Credit Card,Completed
72e8cd21-4747-456a-bffd-d6498ce448d1,2026_W23,O66987,U26998,P84,2026-06-02 13:21:34,4,3400.69,1696.49,177.04,2143.13,13602.76,11906.27,Credit Card,Completed
72e8cd21-4747-456a-bffd-d6498ce448d1,2026_W23,O66988,U16247,P22,2026-06-02 16:42:51,1,5208.88,751.82,63.77,802.27,5208.88,4457.06,UPI,Completed
72e8cd21-4747-456a-bffd-d6498ce448d1,2026_W23,O66989,U26692,P69,2026-06-05 23:50:11,4,2752.73,1472.91,167.55,1716.84,11010.92,9538.01,Debit Card,Completed
72e8cd21-4747-456a-bffd-d6498ce448d1,2026_W23,O66990,U29416,P171,2026-06-01 21:46:05,2,3668.91,520.25,106.89,1227.16,7337.82,6817.57,UPI,Completed
72e8cd21-4747-456a-bffd-d6498ce448d1,2026_W23,O66991,U6863,P68,2026-06-01 21:56:15,1,4648.44,322.53,168.73,778.66,4648.44,4325.91,Wallet,Completed
72e8cd21-4747-456a-bffd-d6498ce448d1,2026_W23,O66992,U9248,P139,2026-06-05 11:00:52,3,3152.91,753.48,60.25,1566.94,9458.73,8705.25,Wallet,Completed
72e8cd21-4747-456a-bffd-d6498ce448d1,2026_W23,O66993,U26713,P164,2026-06-02 21:24:48,2,7788.37,1607.55,184.23,2514.45,15576.74,13969.19,UPI,Completed
72e8cd21-4747-456a-bffd-d6498ce448d1,2026_W23,O66994,U16966,P23,2026-06-04 13:36:33,1,8537.77,378.82,62.32,1468.61,8537.77,8158.950000000001,Credit Card,Completed
72e8cd21-4747-456a-bffd-d6498ce448d1,2026_W23,O66995,U1473,P167,2026-06-04 04:11:43,2,10191.01,2111.48,143.33,3288.7,20382.02,18270.54,Wallet,Completed
72e8cd21-4747-456a-bffd-d6498ce448d1,2026_W23,O66996,U18535,P101,2026-06-07 10:08:02,2,10959.44,822.04,59.84,3797.43,21918.88,21096.84,Credit Card,Completed
72e8cd21-4747-456a-bffd-d6498ce448d1,2026_W23,O66997,U33371,P106,2026-06-05 09:28:52,3,4353.6,381.21,179.18,2282.33,13060.8,12679.590000000002,Debit Card,Completed
72e8cd21-4747-456a-bffd-d6498ce448d1,2026_W23,O66998,U32341,P142,2026-06-01 21:55:51,2,5009.2,256.45,83.18,1757.15,10018.4,9761.95,Debit Card,Completed
72e8cd21-4747-456a-bffd-d6498ce448d1,2026_W23,O66999,U7059,P35,2026-06-07 04:29:00,4,2889.44,1178.47,61.56,1868.27,11557.76,10379.29,Wallet,Completed
72e8cd21-4747-456a-bffd-d6498ce448d1,2026_W23,O67000,U15493,P59,2026-06-05 08:19:26,1,3877.77,401.34,55.84,625.76,3877.77,3476.43,UPI,Completed
72e8cd21-4747-456a-bffd-d6498ce448d1,2026_W23,O67001,U34062,P186,2026-06-07 05:09:41,3,7703.95,2884.48,51.3,3640.93,23111.85,20227.37,Debit Card,Completed
72e8cd21-4747-456a-bffd-d6498ce448d1,2026_W23,O67002,U5131,P155,2026-06-02 15:53:21,2,5852.84,1658.99,168.12,1808.4,11705.68,10046.69,Wallet,Completed
72e8cd21-4747-456a-bffd-d6498ce448d1,2026_W23,O67003,U611,P181,2026-06-01 22:10:03,1,6034.6,680.38,67.26,963.76,6034.6,5354.22,Debit Card,Completed
72e8cd21-4747-456a-bffd-d6498ce448d1,2026_W23,O67004,U21853,P200,2026-06-06 20:30:16,2,2159.6,445.76,161.45,697.22,4319.2,3873.44,UPI,Completed
72e8cd21-4747-456a-bffd-d6498ce448d1,2026_W23,O67005,U17635,P139,2026-06-05 22:56:44,1,3152.91,223.7,142.72,527.26,3152.91,2929.21,Wallet,Completed
72e8cd21-4747-456a-bffd-d6498ce448d1,2026_W23,O67006,U14454,P112,2026-06-04 07:43:47,1,7986.57,872.54,69.55,1280.53,7986.57,7114.03,UPI,Completed
72e8cd21-4747-456a-bffd-d6498ce448d1,2026_W23,O67007,U9321,P69,2026-06-03 01:24:58,4,2752.73,1509.22,154.97,1710.31,11010.92,9501.7,Credit Card,Completed
72e8cd21-4747-456a-bffd-d6498ce448d1,2026_W23,O67008,U31363,P9,2026-06-02 23:15:57,2,6463.86,988.02,196.59,2149.15,12927.72,11939.7,UPI,Completed
72e8cd21-4747-456a-bffd-d6498ce448d1,2026_W23,O67009,U15422,P150,2026-06-04 08:29:42,1,7237.54,283.69,87.71,1251.69,7237.54,6953.85,Wallet,Completed
72e8cd21-4747-456a-bffd-d6498ce448d1,2026_W23,O67010,U21333,P109,2026-06-05 04:31:34,4,5905.39,2774.56,50.32,3752.46,23621.56,20847.0,UPI,Completed
72e8cd21-4747-456a-bffd-d6498ce448d1,2026_W23,O67011,U2522,P87,2026-06-05 15:16:18,2,2857.28,153.33,64.69,1001.02,5714.56,5561.2300000000005,UPI,Completed
72e8cd21-4747-456a-bffd-d6498ce448d1,2026_W23,O67012,U17121,P28,2026-06-02 02:01:49,3,7134.46,1409.58,120.49,3598.88,21403.38,19993.800000000003,Credit Card,Completed
72e8cd21-4747-456a-bffd-d6498ce448d1,2026_W23,O67013,U5926,P8,2026-06-02 09:18:58,2,6662.34,134.97,153.92,2374.15,13324.68,13189.71,Credit Card,Completed
72e8cd21-4747-456a-bffd-d6498ce448d1,2026_W23,O67014,U694,P172,2026-06-03 16:09:24,3,1445.78,438.05,142.71,701.87,4337.34,3899.29,Credit Card,Completed
72e8cd21-4747-456a-bffd-d6498ce448d1,2026_W23,O67015,U33981,P53,2026-06-07 04:36:07,1,5679.25,749.78,111.41,887.3,5679.25,4929.47,Credit Card,Completed
72e8cd21-4747-456a-bffd-d6498ce448d1,2026_W23,O67016,U26814,P149,2026-06-03 11:12:42,1,5363.67,748.49,84.55,830.73,5363.67,4615.18,Debit Card,Completed
72e8cd21-4747-456a-bffd-d6498ce448d1,2026_W23,O67017,U16239,P145,2026-06-07 00:33:22,2,7002.35,1700.12,150.37,2214.82,14004.7,12304.580000000002,Wallet,Completed
72e8cd21-4747-456a-bffd-d6498ce448d1,2026_W23,O67018,U13116,P112,2026-06-07 04:14:52,4,7986.57,2700.24,146.73,5264.29,31946.28,29246.04,Wallet,Completed
72e8cd21-4747-456a-bffd-d6498ce448d1,2026_W23,O67019,U13940,P23,2026-06-07 17:19:05,4,8537.77,679.13,65.56,6024.95,34151.08,33471.950000000004,UPI,Completed
72e8cd21-4747-456a-bffd-d6498ce448d1,2026_W23,O67020,U20916,P121,2026-06-05 20:12:51,4,3168.81,187.47,127.68,2247.8,12675.24,12487.77,UPI,Completed
72e8cd21-4747-456a-bffd-d6498ce448d1,2026_W23,O67021,U3762,P176,2026-06-07 02:55:57,4,8451.7,858.85,156.96,5930.63,33806.8,32947.950000000004,Debit Card,Completed
72e8cd21-4747-456a-bffd-d6498ce448d1,2026_W23,O67022,U15686,P106,2026-06-06 10:01:00,1,4353.6,564.91,115.24,681.96,4353.6,3788.690000000001,Credit Card,Completed
72e8cd21-4747-456a-bffd-d6498ce448d1,2026_W23,O67023,U16102,P81,2026-06-07 12:20:15,1,6992.52,804.36,164.4,1113.87,6992.52,6188.160000000001,Credit Card,Completed
72e8cd21-4747-456a-bffd-d6498ce448d1,2026_W23,O67024,U32886,P68,2026-06-06 10:08:22,2,4648.44,812.99,171.92,1527.1,9296.88,8483.89,Debit Card,Completed
72e8cd21-4747-456a-bffd-d6498ce448d1,2026_W23,O67025,U22022,P76,2026-06-07 03:13:04,2,1956.86,229.78,81.91,663.11,3913.72,3683.94,Wallet,Completed
72e8cd21-4747-456a-bffd-d6498ce448d1,2026_W23,O67026,U20603,P188,2026-06-06 17:59:43,3,3474.24,468.4,63.68,1791.78,10422.72,9954.32,Debit Card,Completed
72e8cd21-4747-456a-bffd-d6498ce448d1,2026_W23,O67027,U19051,P39,2026-06-07 18:36:41,1,7544.04,788.42,141.74,1216.01,7544.04,6755.62,Wallet,Completed
72e8cd21-4747-456a-bffd-d6498ce448d1,2026_W23,O67028,U28070,P194,2026-06-02 02:56:05,2,7139.77,1626.21,87.9,2277.6,14279.54,12653.330000000002,Credit Card,Completed
72e8cd21-4747-456a-bffd-d6498ce448d1,2026_W23,O67029,U20810,P121,2026-06-01 23:39:44,4,3168.81,1613.0,180.24,1991.2,12675.24,11062.24,UPI,Completed
72e8cd21-4747-456a-bffd-d6498ce448d1,2026_W23,O67030,U29129,P67,2026-06-05 08:19:05,1,6380.8,798.0,174.72,1004.9,6380.8,5582.8,Wallet,Completed
72e8cd21-4747-456a-bffd-d6498ce448d1,2026_W23,O67031,U26148,P169,2026-06-02 09:07:57,1,8908.51,142.29,105.03,1577.92,8908.51,8766.22,Credit Card,Completed
72e8cd21-4747-456a-bffd-d6498ce448d1,2026_W23,O67032,U3989,P21,2026-06-07 01:43:39,1,6758.44,549.07,124.7,1117.69,6758.44,6209.37,Debit Card,Completed
72e8cd21-4747-456a-bffd-d6498ce448d1,2026_W23,O67033,U31029,P136,2026-06-04 16:35:35,4,2987.05,1379.47,126.84,1902.37,11948.2,10568.73,Debit Card,Completed
72e8cd21-4747-456a-bffd-d6498ce448d1,2026_W23,O67034,U8435,P154,2026-06-07 13:27:31,4,7488.16,116.08,134.68,5370.58,29952.64,29836.56,Debit Card,Completed
72e8cd21-4747-456a-bffd-d6498ce448d1,2026_W23,O67035,U9830,P128,2026-06-07 15:31:00,3,8967.81,97.03,58.1,4825.15,26903.43,26806.4,Credit Card,Completed
72e8cd21-4747-456a-bffd-d6498ce448d1,2026_W23,O67036,U25981,P72,2026-06-06 04:55:36,4,7361.26,539.55,143.64,5202.99,29445.04,28905.49,UPI,Completed
72e8cd21-4747-456a-bffd-d6498ce448d1,2026_W23,O67037,U16251,P21,2026-06-07 04:40:43,3,6758.44,1902.6,65.97,3307.09,20275.32,18372.72,Debit Card,Completed
72e8cd21-4747-456a-bffd-d6498ce448d1,2026_W23,O67038,U14179,P200,2026-06-03 16:47:31,2,2159.6,25.82,183.97,772.81,4319.2,4293.38,Debit Card,Completed
72e8cd21-4747-456a-bffd-d6498ce448d1,2026_W23,O67039,U31494,P184,2026-06-05 20:47:20,4,2050.2,1084.51,56.43,1280.93,8200.8,7116.289999999999,UPI,Completed
72e8cd21-4747-456a-bffd-d6498ce448d1,2026_W23,O67040,U9993,P183,2026-06-05 21:51:55,1,5821.34,417.07,135.71,972.77,5821.34,5404.27,Credit Card,Completed
72e8cd21-4747-456a-bffd-d6498ce448d1,2026_W23,O67041,U16013,P142,2026-06-03 15:02:19,4,5009.2,212.8,77.59,3568.32,20036.8,19824.0,UPI,Completed
72e8cd21-4747-456a-bffd-d6498ce448d1,2026_W23,O67042,U34695,P130,2026-06-05 11:36:52,4,3717.66,2023.15,102.8,2312.55,14870.64,12847.49,Debit Card,Completed
72e8cd21-4747-456a-bffd-d6498ce448d1,2026_W23,O67043,U17749,P131,2026-06-02 00:48:17,4,2872.68,59.62,95.87,2057.6,11490.72,11431.1,UPI,Completed
72e8cd21-4747-456a-bffd-d6498ce448d1,2026_W23,O67044,U28067,P164,2026-06-07 18:56:31,2,7788.37,1162.22,168.14,2594.61,15576.74,14414.52,Credit Card,Completed
72e8cd21-4747-456a-bffd-d6498ce448d1,2026_W23,O67045,U29051,P22,2026-06-06 16:59:50,3,5208.88,1003.03,183.71,2632.25,15626.64,14623.61,Wallet,Completed
72e8cd21-4747-456a-bffd-d6498ce448d1,2026_W23,O67046,U10912,P156,2026-06-03 09:32:14,1,7497.11,1120.33,105.11,1147.82,7497.11,6376.78,Credit Card,Completed
72e8cd21-4747-456a-bffd-d6498ce448d1,2026_W23,O67047,U29737,P155,2026-06-05 07:22:33,4,5852.84,1976.92,86.46,3858.2,23411.36,21434.44,Wallet,Completed
72e8cd21-4747-456a-bffd-d6498ce448d1,2026_W23,O67048,U25996,P65,2026-06-05 04:07:45,4,9814.57,159.19,56.82,7037.84,39258.28,39099.09,Wallet,Completed
72e8cd21-4747-456a-bffd-d6498ce448d1,2026_W23,O67049,U26198,P166,2026-06-02 16:53:10,1,6824.24,380.36,191.43,1159.9,6824.24,6443.88,Debit Card,Completed
72e8cd21-4747-456a-bffd-d6498ce448d1,2026_W23,O67050,U5949,P66,2026-06-06 07:55:20,1,5068.12,358.21,128.52,847.78,5068.12,4709.91,Debit Card,Completed
72e8cd21-4747-456a-bffd-d6498ce448d1,2026_W23,O67051,U32747,P90,2026-06-02 16:09:00,3,10379.64,3622.13,176.26,4953.02,31138.92,27516.79,Credit Card,Completed
72e8cd21-4747-456a-bffd-d6498ce448d1,2026_W23,O67052,U3387,P35,2026-06-04 14:18:54,1,2889.44,34.8,57.18,513.84,2889.44,2854.64,Debit Card,Completed
72e8cd21-4747-456a-bffd-d6498ce448d1,2026_W23,O67053,U33201,P60,2026-06-05 08:12:15,3,7906.19,2694.57,67.09,3784.32,23718.57,21024.0,Wallet,Completed
72e8cd21-4747-456a-bffd-d6498ce448d1,2026_W23,O67054,U6317,P15,2026-06-07 04:12:17,2,1828.72,317.39,133.98,601.21,3657.44,3340.05,Wallet,Completed
72e8cd21-4747-456a-bffd-d6498ce448d1,2026_W23,O67055,U3515,P145,2026-06-03 19:24:30,2,7002.35,485.76,98.45,2433.41,14004.7,13518.94,UPI,Completed
72e8cd21-4747-456a-bffd-d6498ce448d1,2026_W23,O67056,U31671,P57,2026-06-02 00:33:56,4,8106.78,3636.63,115.88,5182.29,32427.12,28790.49,UPI,Completed
72e8cd21-4747-456a-bffd-d6498ce448d1,2026_W23,O67057,U26067,P93,2026-06-04 06:47:47,4,7912.93,1991.27,54.9,5338.88,31651.72,29660.45,UPI,Completed
72e8cd21-4747-456a-bffd-d6498ce448d1,2026_W23,O67058,U5098,P88,2026-06-03 22:09:38,2,6362.48,1730.16,143.96,1979.06,12724.96,10994.8,UPI,Completed
72e8cd21-4747-456a-bffd-d6498ce448d1,2026_W23,O67059,U11192,P74,2026-06-04 13:12:35,1,4407.74,222.32,130.44,753.38,4407.74,4185.42,UPI,Completed
72e8cd21-4747-456a-bffd-d6498ce448d1,2026_W23,O67060,U27513,P9,2026-06-03 07:54:17,3,6463.86,876.98,175.99,3332.63,19391.58,18514.6,Credit Card,Completed
72e8cd21-4747-456a-bffd-d6498ce448d1,2026_W23,O67061,U27744,P1,2026-06-07 10:39:54,3,8422.98,3287.77,80.3,3956.61,25268.94,21981.17,Wallet,Completed
72e8cd21-4747-456a-bffd-d6498ce448d1,2026_W23,O67062,U3071,P89,2026-06-05 08:27:26,4,9725.61,5542.52,65.06,6004.79,38902.44,33359.92,Wallet,Completed
72e8cd21-4747-456a-bffd-d6498ce448d1,2026_W23,O67063,U10292,P6,2026-06-05 16:10:34,2,6942.01,1803.66,166.77,2174.46,13884.02,12080.36,Credit Card,Completed
72e8cd21-4747-456a-bffd-d6498ce448d1,2026_W23,O67064,U24687,P7,2026-06-04 09:54:50,2,10896.56,2649.58,174.01,3445.84,21793.12,19143.54,Debit Card,Completed
72e8cd21-4747-456a-bffd-d6498ce448d1,2026_W23,O67065,U21214,P65,2026-06-02 00:21:28,1,9814.57,721.75,55.71,1636.71,9814.57,9092.82,Debit Card,Completed
72e8cd21-4747-456a-bffd-d6498ce448d1,2026_W23,O67066,U30382,P126,2026-06-05 18:28:02,4,7115.51,3442.49,67.52,4503.52,28462.04,25019.550000000003,Credit Card,Completed
72e8cd21-4747-456a-bffd-d6498ce448d1,2026_W23,O67067,U3351,P31,2026-06-03 00:19:52,3,2922.48,254.21,102.74,1532.38,8767.44,8513.230000000001,Debit Card,Completed
72e8cd21-4747-456a-bffd-d6498ce448d1,2026_W23,O67068,U22641,P24,2026-06-07 08:54:43,3,7207.54,2463.91,129.8,3448.57,21622.62,19158.71,Wallet,Completed
72e8cd21-4747-456a-bffd-d6498ce448d1,2026_W23,O67069,U20676,P35,2026-06-07 13:30:27,2,2889.44,208.23,139.7,1002.72,5778.88,5570.650000000001,Wallet,Completed
72e8cd21-4747-456a-bffd-d6498ce448d1,2026_W23,O67070,U15924,P109,2026-06-07 06:14:47,1,5905.39,71.61,103.44,1050.08,5905.39,5833.780000000001,UPI,Completed
72e8cd21-4747-456a-bffd-d6498ce448d1,2026_W23,O67071,U8722,P168,2026-06-06 20:22:56,2,4347.14,589.17,83.83,1458.92,8694.28,8105.110000000001,UPI,Completed
72e8cd21-4747-456a-bffd-d6498ce448d1,2026_W23,O67072,U34128,P7,2026-06-02 20:56:44,4,10896.56,186.32,155.53,7811.99,43586.24,43399.92,Credit Card,Completed
72e8cd21-4747-456a-bffd-d6498ce448d1,2026_W23,O67073,U29264,P90,2026-06-03 02:17:54,4,10379.64,3437.34,160.45,6854.62,41518.56,38081.22,Debit Card,Completed
72e8cd21-4747-456a-bffd-d6498ce448d1,2026_W23,O67074,U20411,P104,2026-06-05 17:40:58,4,5590.84,3146.58,183.58,3459.02,22363.36,19216.78,Debit Card,Completed
72e8cd21-4747-456a-bffd-d6498ce448d1,2026_W23,O67075,U12032,P159,2026-06-05 23:19:12,3,5981.94,203.5,130.35,3193.62,17945.82,17742.32,Credit Card,Completed
72e8cd21-4747-456a-bffd-d6498ce448d1,2026_W23,O67076,U3936,P165,2026-06-04 03:00:45,3,2657.45,133.71,98.81,1410.96,7972.349999999999,7838.639999999999,Wallet,Completed
72e8cd21-4747-456a-bffd-d6498ce448d1,2026_W23,O67077,U14327,P149,2026-06-04 20:08:31,3,5363.67,2089.07,177.85,2520.35,16091.01,14001.94,Credit Card,Completed
72e8cd21-4747-456a-bffd-d6498ce448d1,2026_W23,O67078,U1047,P200,2026-06-06 23:18:21,4,2159.6,877.24,150.62,1397.01,8638.4,7761.16,Credit Card,Completed
72e8cd21-4747-456a-bffd-d6498ce448d1,2026_W23,O67079,U23423,P84,2026-06-06 12:16:54,2,3400.69,122.27,172.19,1202.24,6801.38,6679.11,Credit Card,Completed
72e8cd21-4747-456a-bffd-d6498ce448d1,2026_W23,O67080,U31122,P171,2026-06-05 06:13:17,3,3668.91,283.43,62.5,1930.19,11006.73,10723.3,Wallet,Completed
72e8cd21-4747-456a-bffd-d6498ce448d1,2026_W23,O67081,U20259,P25,2026-06-06 01:45:43,3,7381.46,1178.91,184.51,3773.78,22144.38,20965.47,Credit Card,Completed
72e8cd21-4747-456a-bffd-d6498ce448d1,2026_W23,O67082,U7764,P1,2026-06-06 02:20:35,3,8422.98,3175.86,97.79,3976.75,25268.94,22093.08,UPI,Completed
72e8cd21-4747-456a-bffd-d6498ce448d1,2026_W23,O67083,U27955,P118,2026-06-06 23:49:23,1,1413.19,20.19,172.55,250.74,1413.19,1393.0,Credit Card,Completed
72e8cd21-4747-456a-bffd-d6498ce448d1,2026_W23,O67084,U9148,P16,2026-06-04 22:44:59,4,9334.87,126.43,86.13,6698.35,37339.48,37213.05,Wallet,Completed
72e8cd21-4747-456a-bffd-d6498ce448d1,2026_W23,O67085,U16822,P191,2026-06-03 08:47:02,3,6168.41,46.77,75.75,3322.52,18505.23,18458.46,UPI,Completed
72e8cd21-4747-456a-bffd-d6498ce448d1,2026_W23,O67086,U26786,P21,2026-06-03 15:10:57,3,6758.44,2392.12,164.63,3218.98,20275.32,17883.2,Credit Card,Completed
72e8cd21-4747-456a-bffd-d6498ce448d1,2026_W23,O67087,U14758,P3,2026-06-03 06:48:28,4,6836.35,3407.84,174.48,4308.76,27345.4,23937.56,Wallet,Completed
72e8cd21-4747-456a-bffd-d6498ce448d1,2026_W23,O67088,U11294,P21,2026-06-04 01:30:24,2,6758.44,116.13,60.73,2412.13,13516.88,13400.75,Debit Card,Completed
72e8cd21-4747-456a-bffd-d6498ce448d1,2026_W23,O67089,U9246,P136,2026-06-02 08:58:21,1,2987.05,295.78,86.15,484.43,2987.05,2691.2700000000004,Debit Card,Completed
72e8cd21-4747-456a-bffd-d6498ce448d1,2026_W23,O67090,U349,P130,2026-06-03 10:06:25,1,3717.66,312.21,91.06,612.98,3717.66,3405.45,UPI,Completed
72e8cd21-4747-456a-bffd-d6498ce448d1,2026_W23,O67091,U19872,P160,2026-06-06 21:09:00,3,3922.12,1051.25,66.12,1928.72,11766.36,10715.11,Debit Card,Completed
72e8cd21-4747-456a-bffd-d6498ce448d1,2026_W23,O67092,U4720,P200,2026-06-06 18:55:57,2,2159.6,173.4,52.26,746.24,4319.2,4145.8,Debit Card,Completed
72e8cd21-4747-456a-bffd-d6498ce448d1,2026_W23,O67093,U16284,P117,2026-06-05 13:43:48,3,9615.7,1102.09,148.27,4994.1,28847.1,27745.01,UPI,Completed
72e8cd21-4747-456a-bffd-d6498ce448d1,2026_W23,O67094,U3465,P54,2026-06-04 09:54:21,2,8322.93,987.23,197.82,2818.55,16645.86,15658.63,Credit Card,Completed
72e8cd21-4747-456a-bffd-d6498ce448d1,2026_W23,O67095,U4675,P69,2026-06-06 08:14:30,2,2752.73,784.98,135.71,849.69,5505.46,4720.48,Wallet,Completed
72e8cd21-4747-456a-bffd-d6498ce448d1,2026_W23,O67096,U24090,P49,2026-06-06 04:49:34,4,4491.12,42.59,169.78,3225.94,17964.48,17921.89,Credit Card,Completed
72e8cd21-4747-456a-bffd-d6498ce448d1,2026_W23,O67097,U23385,P82,2026-06-02 00:29:38,3,4676.03,1565.91,199.8,2243.19,14028.09,12462.18,Debit Card,Completed
72e8cd21-4747-456a-bffd-d6498ce448d1,2026_W23,O67098,U33217,P128,2026-06-04 19:13:54,1,8967.81,1223.79,53.71,1393.92,8967.81,7744.019999999999,Debit Card,Completed
72e8cd21-4747-456a-bffd-d6498ce448d1,2026_W23,O67099,U21652,P35,2026-06-07 16:32:00,3,2889.44,44.67,55.2,1552.26,8668.32,8623.65,Debit Card,Completed
72e8cd21-4747-456a-bffd-d6498ce448d1,2026_W23,O67100,U2737,P136,2026-06-06 11:26:18,3,2987.05,266.85,134.75,1564.97,8961.150000000001,8694.300000000001,Credit Card,Completed
72e8cd21-4747-456a-bffd-d6498ce448d1,2026_W23,O67101,U33197,P197,2026-06-04 04:17:21,2,1602.39,193.13,110.92,542.1,3204.78,3011.65,Debit Card,Completed
72e8cd21-4747-456a-bffd-d6498ce448d1,2026_W23,O67102,U25516,P79,2026-06-02 21:37:05,4,4029.4,272.06,123.7,2852.2,16117.6,15845.54,Wallet,Completed
72e8cd21-4747-456a-bffd-d6498ce448d1,2026_W23,O67103,U15453,P54,2026-06-04 22:22:59,2,8322.93,1325.15,196.4,2757.73,16645.86,15320.71,UPI,Completed
72e8cd21-4747-456a-bffd-d6498ce448d1,2026_W23,O67104,U3084,P167,2026-06-05 20:00:32,4,10191.01,5195.96,185.61,6402.25,40764.04,35568.08,Credit Card,Completed
72e8cd21-4747-456a-bffd-d6498ce448d1,2026_W23,O67105,U27240,P196,2026-06-04 03:18:26,1,9246.31,1130.83,144.89,1460.79,9246.31,8115.48,Credit Card,Completed
72e8cd21-4747-456a-bffd-d6498ce448d1,2026_W23,O67106,U28607,P155,2026-06-07 06:35:00,4,5852.84,1524.88,132.32,3939.57,23411.36,21886.48,Debit Card,Completed
72e8cd21-4747-456a-bffd-d6498ce448d1,2026_W23,O67107,U4905,P133,2026-06-02 19:51:02,2,9654.47,1827.8,118.1,3146.61,19308.94,17481.14,Wallet,Completed
72e8cd21-4747-456a-bffd-d6498ce448d1,2026_W23,O67108,U20156,P183,2026-06-02 15:31:44,1,5821.34,23.97,53.57,1043.53,5821.34,5797.37,UPI,Completed
72e8cd21-4747-456a-bffd-d6498ce448d1,2026_W23,O67109,U2432,P32,2026-06-03 22:42:01,2,1891.54,87.92,85.87,665.13,3783.08,3695.16,UPI,Completed
72e8cd21-4747-456a-bffd-d6498ce448d1,2026_W23,O67110,U27631,P153,2026-06-06 08:05:20,2,3236.07,345.4,63.82,1102.81,6472.14,6126.740000000001,Wallet,Completed
72e8cd21-4747-456a-bffd-d6498ce448d1,2026_W23,O67111,U5234,P2,2026-06-03 20:47:27,4,4248.72,1400.57,126.26,2806.98,16994.88,15594.31,Credit Card,Completed
72e8cd21-4747-456a-bffd-d6498ce448d1,2026_W23,O67112,U18015,P34,2026-06-03 12:30:31,3,3033.5,253.05,199.72,1592.54,9100.5,8847.45,UPI,Completed
72e8cd21-4747-456a-bffd-d6498ce448d1,2026_W23,O67113,U15161,P75,2026-06-02 00:01:38,3,8927.29,587.99,166.55,4714.9,26781.870000000003,26193.88,UPI,Completed
72e8cd21-4747-456a-bffd-d6498ce448d1,2026_W23,O67114,U13351,P133,2026-06-04 18:44:51,3,9654.47,266.42,196.81,5165.46,28963.41,28696.99,Wallet,Completed
72e8cd21-4747-456a-bffd-d6498ce448d1,2026_W23,O67115,U19593,P31,2026-06-06 22:10:21,2,2922.48,559.37,167.12,951.41,5844.96,5285.59,Debit Card,Completed
72e8cd21-4747-456a-bffd-d6498ce448d1,2026_W23,O67116,U25797,P74,2026-06-02 11:29:47,4,4407.74,2053.14,171.46,2804.01,17630.96,15577.82,UPI,Completed
72e8cd21-4747-456a-bffd-d6498ce448d1,2026_W23,O67117,U33644,P72,2026-06-06 00:04:36,4,7361.26,368.49,104.82,5233.78,29445.04,29076.55,Credit Card,Completed
72e8cd21-4747-456a-bffd-d6498ce448d1,2026_W23,O67118,U19469,P88,2026-06-02 17:06:00,4,6362.48,3543.07,171.76,3943.23,25449.92,21906.85,Debit Card,Completed
72e8cd21-4747-456a-bffd-d6498ce448d1,2026_W23,O67119,U25047,P105,2026-06-07 02:11:11,4,2249.83,383.24,108.31,1550.89,8999.32,8616.08,UPI,Completed
72e8cd21-4747-456a-bffd-d6498ce448d1,2026_W23,O67120,U18878,P156,2026-06-02 07:55:30,4,7497.11,877.83,84.82,5239.91,29988.44,29110.61,Wallet,Completed
72e8cd21-4747-456a-bffd-d6498ce448d1,2026_W23,O67121,U6112,P107,2026-06-02 17:20:26,1,5037.89,260.28,71.07,859.97,5037.89,4777.610000000001,Wallet,Completed
72e8cd21-4747-456a-bffd-d6498ce448d1,2026_W23,O67122,U28773,P99,2026-06-03 12:31:41,4,5923.25,3260.37,70.18,3677.87,23693.0,20432.63,Credit Card,Completed
72e8cd21-4747-456a-bffd-d6498ce448d1,2026_W23,O67123,U666,P196,2026-06-02 12:36:38,1,9246.31,1359.67,184.8,1419.6,9246.31,7886.639999999999,Wallet,Completed
72e8cd21-4747-456a-bffd-d6498ce448d1,2026_W23,O67124,U16629,P23,2026-06-07 06:09:34,1,8537.77,706.28,132.76,1409.67,8537.77,7831.490000000001,Wallet,Completed
72e8cd21-4747-456a-bffd-d6498ce448d1,2026_W23,O67125,U8313,P73,2026-06-04 04:58:44,4,2860.52,1644.79,187.66,1763.51,11442.08,9797.29,UPI,Completed
72e8cd21-4747-456a-bffd-d6498ce448d1,2026_W23,O67126,U16424,P17,2026-06-02 16:30:53,1,8998.12,281.38,105.78,1569.01,8998.12,8716.740000000002,Credit Card,Completed
72e8cd21-4747-456a-bffd-d6498ce448d1,2026_W23,O67127,U23637,P119,2026-06-07 06:05:47,4,2931.16,1655.4,183.87,1812.46,11724.64,10069.24,UPI,Completed
72e8cd21-4747-456a-bffd-d6498ce448d1,2026_W23,O67128,U18226,P110,2026-06-02 05:04:06,2,2362.36,618.32,179.28,739.15,4724.72,4106.400000000001,UPI,Completed
72e8cd21-4747-456a-bffd-d6498ce448d1,2026_W23,O67129,U18625,P170,2026-06-06 23:41:27,4,9183.37,3932.78,71.31,5904.13,36733.48,32800.700000000004,Wallet,Completed
72e8cd21-4747-456a-bffd-d6498ce448d1,2026_W23,O67130,U34965,P181,2026-06-06 10:40:10,4,6034.6,3411.78,148.79,3730.79,24138.4,20726.620000000003,Debit Card,Completed
72e8cd21-4747-456a-bffd-d6498ce448d1,2026_W23,O67131,U25080,P78,2026-06-04 22:47:22,1,3006.64,331.27,177.84,481.57,3006.64,2675.37,UPI,Completed
72e8cd21-4747-456a-bffd-d6498ce448d1,2026_W23,O67132,U24104,P104,2026-06-02 12:16:09,1,5590.84,827.5,182.18,857.4,5590.84,4763.34,UPI,Completed
72e8cd21-4747-456a-bffd-d6498ce448d1,2026_W23,O67133,U13633,P166,2026-06-03 02:21:03,3,6824.24,2395.0,124.31,3253.99,20472.72,18077.72,Debit Card,Completed
72e8cd21-4747-456a-bffd-d6498ce448d1,2026_W23,O67134,U633,P157,2026-06-07 11:34:33,3,6948.33,1525.59,182.81,3477.49,20844.99,19319.4,UPI,Completed
72e8cd21-4747-456a-bffd-d6498ce448d1,2026_W23,O67135,U12104,P194,2026-06-07 00:11:38,4,7139.77,1995.33,50.12,4781.47,28559.08,26563.75,Wallet,Completed
72e8cd21-4747-456a-bffd-d6498ce448d1,2026_W23,O67136,U9691,P138,2026-06-02 18:01:18,3,6989.52,1042.28,182.7,3586.73,20968.56,19926.28,Wallet,Completed
72e8cd21-4747-456a-bffd-d6498ce448d1,2026_W23,O67137,U22818,P92,2026-06-05 11:00:40,2,2278.27,594.24,82.24,713.21,4556.54,3962.3,Wallet,Completed
72e8cd21-4747-456a-bffd-d6498ce448d1,2026_W23,O67138,U28407,P42,2026-06-05 04:02:58,2,7209.49,2154.81,69.12,2207.55,14418.98,12264.17,Wallet,Completed
72e8cd21-4747-456a-bffd-d6498ce448d1,2026_W23,O67139,U31866,P62,2026-06-03 07:59:22,2,10625.67,1933.04,56.09,3477.29,21251.34,19318.3,Credit Card,Completed
72e8cd21-4747-456a-bffd-d6498ce448d1,2026_W23,O67140,U13956,P134,2026-06-06 02:46:09,1,2662.06,285.29,171.08,427.82,2662.06,2376.77,Credit Card,Completed
72e8cd21-4747-456a-bffd-d6498ce448d1,2026_W23,O67141,U3131,P107,2026-06-07 15:33:25,3,5037.89,1746.52,155.96,2406.09,15113.670000000002,13367.15,Wallet,Completed
72e8cd21-4747-456a-bffd-d6498ce448d1,2026_W23,O67142,U27748,P134,2026-06-02 04:27:32,3,2662.06,541.75,107.77,1340.0,7986.18,7444.43,Wallet,Completed
72e8cd21-4747-456a-bffd-d6498ce448d1,2026_W23,O67143,U9315,P156,2026-06-06 23:44:17,1,7497.11,963.4,154.29,1176.07,7497.11,6533.71,UPI,Completed
72e8cd21-4747-456a-bffd-d6498ce448d1,2026_W23,O67144,U3899,P197,2026-06-06 02:46:27,1,1602.39,9.1,168.87,286.79,1602.39,1593.2900000000002,Credit Card,Completed
72e8cd21-4747-456a-bffd-d6498ce448d1,2026_W23,O67145,U26374,P6,2026-06-04 00:52:48,4,6942.01,1168.92,158.51,4787.84,27768.04,26599.120000000003,Credit Card,Completed
72e8cd21-4747-456a-bffd-d6498ce448d1,2026_W23,O67146,U18226,P47,2026-06-03 16:43:27,3,8854.8,3433.56,137.7,4163.55,26564.4,23130.84,UPI,Completed
72e8cd21-4747-456a-bffd-d6498ce448d1,2026_W23,O67147,U6637,P174,2026-06-05 22:56:51,4,8540.78,4090.93,89.72,5412.99,34163.12,30072.19,Credit Card,Completed
72e8cd21-4747-456a-bffd-d6498ce448d1,2026_W23,O67148,U24208,P102,2026-06-05 01:57:17,1,2314.83,270.29,175.73,368.02,2314.83,2044.54,Wallet,Completed
72e8cd21-4747-456a-bffd-d6498ce448d1,2026_W23,O67149,U8459,P101,2026-06-02 17:48:58,2,10959.44,803.16,109.64,3800.83,21918.88,21115.72,Wallet,Completed
72e8cd21-4747-456a-bffd-d6498ce448d1,2026_W23,O67150,U32917,P170,2026-06-02 02:11:04,1,9183.37,737.56,147.9,1520.25,9183.37,8445.810000000001,Debit Card,Completed
72e8cd21-4747-456a-bffd-d6498ce448d1,2026_W23,O67151,U21991,P165,2026-06-05 13:30:32,1,2657.45,73.12,188.67,465.18,2657.45,2584.33,Credit Card,Completed
72e8cd21-4747-456a-bffd-d6498ce448d1,2026_W23,O67152,U17976,P38,2026-06-03 01:58:06,2,9269.67,2299.98,120.17,2923.08,18539.34,16239.36,Credit Card,Completed
72e8cd21-4747-456a-bffd-d6498ce448d1,2026_W23,O67153,U7245,P57,2026-06-02 04:36:10,1,8106.78,659.48,71.86,1340.51,8106.78,7447.299999999999,Credit Card,Completed
72e8cd21-4747-456a-bffd-d6498ce448d1,2026_W23,O67154,U18848,P89,2026-06-07 12:52:55,4,9725.61,2419.91,156.07,6566.86,38902.44,36482.53,UPI,Completed
72e8cd21-4747-456a-bffd-d6498ce448d1,2026_W23,O67155,U14382,P29,2026-06-03 02:29:23,4,1532.51,426.18,197.94,1026.69,6130.04,5703.86,Credit Card,Completed
72e8cd21-4747-456a-bffd-d6498ce448d1,2026_W23,O67156,U15140,P42,2026-06-06 14:58:42,1,7209.49,497.43,141.34,1208.17,7209.49,6712.06,Credit Card,Completed
72e8cd21-4747-456a-bffd-d6498ce448d1,2026_W23,O67157,U30448,P34,2026-06-03 17:38:18,1,3033.5,316.63,187.2,489.04,3033.5,2716.87,Debit Card,Completed
72e8cd21-4747-456a-bffd-d6498ce448d1,2026_W23,O67158,U15944,P52,2026-06-02 08:15:11,1,2737.55,138.57,165.29,467.82,2737.55,2598.98,Wallet,Completed
72e8cd21-4747-456a-bffd-d6498ce448d1,2026_W23,O67159,U958,P140,2026-06-04 17:12:15,2,4036.99,28.79,194.94,1448.13,8073.98,8045.19,Credit Card,Completed
72e8cd21-4747-456a-bffd-d6498ce448d1,2026_W23,O67160,U27240,P93,2026-06-04 19:31:01,3,7912.93,2877.44,137.35,3755.04,23738.79,20861.35,Credit Card,Completed
72e8cd21-4747-456a-bffd-d6498ce448d1,2026_W23,O67161,U20739,P188,2026-06-06 16:03:09,2,3474.24,888.1,61.47,1090.87,6948.48,6060.379999999999,Wallet,Completed
72e8cd21-4747-456a-bffd-d6498ce448d1,2026_W23,O67162,U32735,P157,2026-06-01 22:11:03,4,6948.33,1386.84,191.76,4753.17,27793.32,26406.48,Wallet,Completed
72e8cd21-4747-456a-bffd-d6498ce448d1,2026_W23,O67163,U16752,P155,2026-06-07 14:16:34,3,5852.84,2165.56,162.84,2770.73,17558.52,15392.96,Credit Card,Completed
72e8cd21-4747-456a-bffd-d6498ce448d1,2026_W23,O67164,U5402,P166,2026-06-03 13:29:24,4,6824.24,294.33,56.27,4860.47,27296.96,27002.63,Credit Card,Completed
72e8cd21-4747-456a-bffd-d6498ce448d1,2026_W23,O67165,U3717,P30,2026-06-06 12:56:42,1,10435.98,1226.26,127.66,1657.75,10435.98,9209.72,Credit Card,Completed
72e8cd21-4747-456a-bffd-d6498ce448d1,2026_W23,O67166,U15728,P32,2026-06-06 09:52:02,2,1891.54,513.39,58.72,588.54,3783.08,3269.69,Credit Card,Completed
72e8cd21-4747-456a-bffd-d6498ce448d1,2026_W23,O67167,U378,P146,2026-06-03 01:42:44,4,8753.05,4396.19,65.18,5510.88,35012.2,30616.01,UPI,Completed
72e8cd21-4747-456a-bffd-d6498ce448d1,2026_W23,O67168,U2148,P109,2026-06-06 07:35:53,3,5905.39,1951.16,115.21,2837.7,17716.170000000002,15765.010000000002,Debit Card,Completed
72e8cd21-4747-456a-bffd-d6498ce448d1,2026_W23,O67169,U22400,P51,2026-06-04 19:39:21,3,5156.58,1371.29,124.99,2537.72,15469.74,14098.45,UPI,Completed
72e8cd21-4747-456a-bffd-d6498ce448d1,2026_W23,O67170,U28339,P20,2026-06-04 18:32:55,1,2140.8,181.72,117.95,352.63,2140.8,1959.08,UPI,Completed
72e8cd21-4747-456a-bffd-d6498ce448d1,2026_W23,O67171,U32025,P54,2026-06-02 15:32:57,4,8322.93,4406.26,151.98,5199.38,33291.72,28885.46,Wallet,Completed
72e8cd21-4747-456a-bffd-d6498ce448d1,2026_W23,O67172,U14235,P122,2026-06-02 21:35:16,4,7123.24,3636.91,191.55,4474.09,28492.96,24856.05,Wallet,Completed
72e8cd21-4747-456a-bffd-d6498ce448d1,2026_W23,O67173,U24386,P178,2026-06-03 18:49:44,4,7201.61,388.83,136.18,5115.17,28806.44,28417.61,Debit Card,Completed
72e8cd21-4747-456a-bffd-d6498ce448d1,2026_W23,O67174,U1062,P28,2026-06-04 22:57:32,4,7134.46,3544.43,104.85,4498.81,28537.84,24993.41,Credit Card,Completed
72e8cd21-4747-456a-bffd-d6498ce448d1,2026_W23,O67175,U10005,P23,2026-06-01 22:35:59,2,8537.77,2554.42,137.29,2613.8,17075.54,14521.12,UPI,Completed
72e8cd21-4747-456a-bffd-d6498ce448d1,2026_W23,O67176,U29730,P77,2026-06-07 09:05:25,1,2460.76,242.06,93.05,399.37,2460.76,2218.7000000000003,UPI,Completed
72e8cd21-4747-456a-bffd-d6498ce448d1,2026_W23,O67177,U12501,P107,2026-06-06 10:05:43,3,5037.89,756.63,196.46,2584.27,15113.670000000002,14357.040000000005,Debit Card,Completed
72e8cd21-4747-456a-bffd-d6498ce448d1,2026_W23,O67178,U17861,P128,2026-06-07 05:47:34,2,8967.81,906.04,153.99,3065.32,17935.62,17029.579999999998,Debit Card,Completed
72e8cd21-4747-456a-bffd-d6498ce448d1,2026_W23,O67179,U6439,P34,2026-06-05 12:05:41,3,3033.5,213.17,83.94,1599.72,9100.5,8887.33,UPI,Completed
72e8cd21-4747-456a-bffd-d6498ce448d1,2026_W23,O67180,U23876,P50,2026-06-02 06:07:16,1,2577.38,336.75,70.26,403.31,2577.38,2240.63,Debit Card,Completed
72e8cd21-4747-456a-bffd-d6498ce448d1,2026_W23,O67181,U29018,P108,2026-06-05 00:11:05,4,3076.73,500.36,77.59,2125.18,12306.92,11806.56,UPI,Completed
72e8cd21-4747-456a-bffd-d6498ce448d1,2026_W23,O67182,U13095,P11,2026-06-07 09:51:01,3,4777.26,208.28,165.23,2542.23,14331.78,14123.5,Debit Card,Completed
72e8cd21-4747-456a-bffd-d6498ce448d1,2026_W23,O67183,U31085,P153,2026-06-02 07:18:49,1,3236.07,156.43,93.13,554.34,3236.07,3079.6400000000003,Wallet,Completed
72e8cd21-4747-456a-bffd-d6498ce448d1,2026_W23,O67184,U33745,P102,2026-06-07 20:01:23,4,2314.83,860.25,193.62,1511.83,9259.32,8399.07,Credit Card,Completed
72e8cd21-4747-456a-bffd-d6498ce448d1,2026_W23,O67185,U7275,P155,2026-06-04 14:02:22,3,5852.84,177.14,137.13,3128.65,17558.52,17381.38,Wallet,Completed
72e8cd21-4747-456a-bffd-d6498ce448d1,2026_W23,O67186,U5078,P180,2026-06-07 13:14:51,4,6330.21,2472.91,183.98,4112.63,25320.84,22847.93,Wallet,Completed
72e8cd21-4747-456a-bffd-d6498ce448d1,2026_W23,O67187,U25205,P129,2026-06-02 00:43:00,2,4560.09,814.61,176.58,1495.0,9120.18,8305.57,Wallet,Completed
72e8cd21-4747-456a-bffd-d6498ce448d1,2026_W23,O67188,U25291,P114,2026-06-02 11:33:42,1,3958.12,14.23,82.51,709.9,3958.12,3943.89,Wallet,Completed
72e8cd21-4747-456a-bffd-d6498ce448d1,2026_W23,O67189,U20080,P137,2026-06-02 21:16:47,4,2412.96,190.21,137.41,1703.09,9651.84,9461.63,Credit Card,Completed
72e8cd21-4747-456a-bffd-d6498ce448d1,2026_W23,O67190,U26885,P26,2026-06-03 23:16:05,1,6921.53,460.3,197.61,1163.02,6921.53,6461.23,UPI,Completed
72e8cd21-4747-456a-bffd-d6498ce448d1,2026_W23,O67191,U4096,P41,2026-06-04 21:47:59,2,11748.5,739.61,118.35,4096.33,23497.0,22757.39,Debit Card,Completed
72e8cd21-4747-456a-bffd-d6498ce448d1,2026_W23,O67192,U32069,P191,2026-06-07 06:31:46,3,6168.41,2259.46,123.57,2924.24,18505.23,16245.77,UPI,Completed
72e8cd21-4747-456a-bffd-d6498ce448d1,2026_W23,O67193,U10125,P186,2026-06-02 00:27:48,2,7703.95,805.21,148.02,2628.48,15407.9,14602.69,UPI,Completed
72e8cd21-4747-456a-bffd-d6498ce448d1,2026_W23,O67194,U8233,P175,2026-06-01 23:43:27,3,6623.37,501.28,89.09,3486.39,19870.11,19368.83,Wallet,Completed
72e8cd21-4747-456a-bffd-d6498ce448d1,2026_W23,O67195,U8802,P59,2026-06-07 16:06:15,3,3877.77,735.06,188.04,1961.68,11633.31,10898.25,Wallet,Completed
72e8cd21-4747-456a-bffd-d6498ce448d1,2026_W23,O67196,U19435,P18,2026-06-03 16:32:15,2,5632.45,1504.18,82.86,1756.93,11264.9,9760.72,Wallet,Completed
72e8cd21-4747-456a-bffd-d6498ce448d1,2026_W23,O67197,U33097,P81,2026-06-06 02:54:24,3,6992.52,1555.84,50.59,3495.91,20977.56,19421.72,Wallet,Completed
72e8cd21-4747-456a-bffd-d6498ce448d1,2026_W23,O67198,U14293,P149,2026-06-03 21:45:48,1,5363.67,41.92,173.34,957.92,5363.67,5321.75,Debit Card,Completed
72e8cd21-4747-456a-bffd-d6498ce448d1,2026_W23,O67199,U7560,P178,2026-06-05 15:22:22,2,7201.61,1861.49,117.26,2257.51,14403.22,12541.73,Credit Card,Completed
72e8cd21-4747-456a-bffd-d6498ce448d1,2026_W23,O67200,U29697,P50,2026-06-07 04:00:44,2,2577.38,754.5,106.91,792.05,5154.76,4400.26,UPI,Completed
72e8cd21-4747-456a-bffd-d6498ce448d1,2026_W23,O67201,U33854,P5,2026-06-04 09:11:42,3,9411.93,1884.72,74.56,4743.19,28235.79,26351.07,Wallet,Completed
72e8cd21-4747-456a-bffd-d6498ce448d1,2026_W23,O67202,U19445,P7,2026-06-05 20:24:55,4,10896.56,1458.4,144.27,7583.01,43586.24,42127.84,UPI,Completed
72e8cd21-4747-456a-bffd-d6498ce448d1,2026_W23,O67203,U16322,P70,2026-06-04 10:13:47,4,10058.46,4797.03,164.14,6378.63,40233.84,35436.81,Credit Card,Completed
72e8cd21-4747-456a-bffd-d6498ce448d1,2026_W23,O67204,U33039,P60,2026-06-02 19:13:20,1,7906.19,583.63,99.97,1318.06,7906.19,7322.559999999999,Wallet,Completed
72e8cd21-4747-456a-bffd-d6498ce448d1,2026_W23,O67205,U24518,P174,2026-06-04 05:13:12,4,8540.78,3786.53,102.55,5467.79,34163.12,30376.590000000004,Wallet,Completed
72e8cd21-4747-456a-bffd-d6498ce448d1,2026_W23,O67206,U3811,P38,2026-06-03 12:10:55,3,9269.67,4030.19,66.27,4280.19,27809.01,23778.820000000003,Wallet,Completed
72e8cd21-4747-456a-bffd-d6498ce448d1,2026_W23,O67207,U14567,P118,2026-06-05 09:56:34,3,1413.19,160.29,169.52,734.27,4239.57,4079.28,UPI,Completed
72e8cd21-4747-456a-bffd-d6498ce448d1,2026_W23,O67208,U10598,P151,2026-06-04 00:26:48,4,10300.34,5147.72,94.52,6489.66,41201.36,36053.64,Debit Card,Completed
72e8cd21-4747-456a-bffd-d6498ce448d1,2026_W23,O67209,U23617,P46,2026-06-05 05:59:47,4,4606.02,2241.5,125.67,2912.86,18424.08,16182.580000000002,Credit Card,Completed
72e8cd21-4747-456a-bffd-d6498ce448d1,2026_W23,O67210,U6151,P90,2026-06-06 06:45:20,1,10379.64,485.27,194.43,1780.99,10379.64,9894.37,Wallet,Completed
72e8cd21-4747-456a-bffd-d6498ce448d1,2026_W23,O67211,U4601,P24,2026-06-04 19:53:45,1,7207.54,940.02,194.45,1128.15,7207.54,6267.52,Debit Card,Completed
72e8cd21-4747-456a-bffd-d6498ce448d1,2026_W23,O67212,U15207,P91,2026-06-06 17:49:41,4,4770.75,652.28,123.95,3317.53,19083.0,18430.72,UPI,Completed
72e8cd21-4747-456a-bffd-d6498ce448d1,2026_W23,O67213,U19261,P134,2026-06-03 03:13:17,3,2662.06,599.42,56.48,1329.62,7986.18,7386.76,Wallet,Completed
72e8cd21-4747-456a-bffd-d6498ce448d1,2026_W23,O67214,U2752,P134,2026-06-06 16:58:12,2,2662.06,731.36,75.98,826.7,5324.12,4592.76,UPI,Completed
72e8cd21-4747-456a-bffd-d6498ce448d1,2026_W23,O67215,U19962,P129,2026-06-01 22:59:29,1,4560.09,53.22,50.13,811.24,4560.09,4506.87,UPI,Completed
72e8cd21-4747-456a-bffd-d6498ce448d1,2026_W23,O67216,U28435,P146,2026-06-05 13:49:12,4,8753.05,1436.98,129.65,6043.54,35012.2,33575.219999999994,Credit Card,Completed
72e8cd21-4747-456a-bffd-d6498ce448d1,2026_W23,O67217,U14601,P16,2026-06-05 09:07:42,1,9334.87,1389.52,161.36,1430.16,9334.87,7945.35,Debit Card,Completed
72e8cd21-4747-456a-bffd-d6498ce448d1,2026_W23,O67218,U19338,P113,2026-06-02 17:38:49,3,5995.63,762.42,87.36,3100.4,17986.89,17224.47,Debit Card,Completed
72e8cd21-4747-456a-bffd-d6498ce448d1,2026_W23,O67219,U21182,P156,2026-06-05 14:22:12,4,7497.11,2537.15,181.13,4941.23,29988.44,27451.29,Debit Card,Completed
72e8cd21-4747-456a-bffd-d6498ce448d1,2026_W23,O67220,U20606,P183,2026-06-02 23:04:07,3,5821.34,1009.84,129.52,2961.75,17464.02,16454.18,Wallet,Completed
72e8cd21-4747-456a-bffd-d6498ce448d1,2026_W23,O67221,U13399,P103,2026-06-05 21:06:12,2,4922.25,969.37,63.04,1597.52,9844.5,8875.13,Debit Card,Completed
72e8cd21-4747-456a-bffd-d6498ce448d1,2026_W23,O67222,U26477,P149,2026-06-02 11:35:10,2,5363.67,115.7,160.97,1910.1,10727.34,10611.64,Wallet,Completed
72e8cd21-4747-456a-bffd-d6498ce448d1,2026_W23,O67223,U33215,P132,2026-06-06 21:21:13,3,4280.82,1879.36,159.17,1973.36,12842.46,10963.1,Credit Card,Completed
72e8cd21-4747-456a-bffd-d6498ce448d1,2026_W23,O67224,U14096,P161,2026-06-03 14:32:25,3,6131.78,1277.3,115.31,3081.25,18395.34,17118.04,Credit Card,Completed
72e8cd21-4747-456a-bffd-d6498ce448d1,2026_W23,O67225,U15275,P186,2026-06-07 04:21:27,2,7703.95,2235.58,66.29,2371.02,15407.9,13172.32,UPI,Completed
72e8cd21-4747-456a-bffd-d6498ce448d1,2026_W23,O67226,U1699,P104,2026-06-07 11:44:44,1,5590.84,18.13,74.07,1003.09,5590.84,5572.71,Debit Card,Completed
72e8cd21-4747-456a-bffd-d6498ce448d1,2026_W23,O67227,U8020,P72,2026-06-01 23:30:00,2,7361.26,1083.16,125.69,2455.08,14722.52,13639.36,Debit Card,Completed
72e8cd21-4747-456a-bffd-d6498ce448d1,2026_W23,O67228,U1520,P112,2026-06-03 15:14:26,1,7986.57,214.33,177.68,1399.0,7986.57,7772.24,UPI,Completed
72e8cd21-4747-456a-bffd-d6498ce448d1,2026_W23,O67229,U4580,P145,2026-06-06 21:54:40,2,7002.35,338.45,99.4,2459.92,14004.7,13666.25,UPI,Completed
72e8cd21-4747-456a-bffd-d6498ce448d1,2026_W23,O67230,U6164,P75,2026-06-05 15:53:48,4,8927.29,3298.15,197.52,5833.98,35709.16,32411.01,Credit Card,Completed
72e8cd21-4747-456a-bffd-d6498ce448d1,2026_W23,O67231,U7539,P199,2026-06-04 08:47:57,3,5324.39,2054.73,186.23,2505.32,15973.170000000002,13918.440000000002,Debit Card,Completed
72e8cd21-4747-456a-bffd-d6498ce448d1,2026_W23,O67232,U26893,P81,2026-06-03 09:59:21,2,6992.52,529.18,80.5,2422.05,13985.04,13455.86,Debit Card,Completed
72e8cd21-4747-456a-bffd-d6498ce448d1,2026_W23,O67233,U17923,P55,2026-06-06 02:18:10,2,2495.43,83.91,80.54,883.25,4990.86,4906.95,UPI,Completed
72e8cd21-4747-456a-bffd-d6498ce448d1,2026_W23,O67234,U5729,P121,2026-06-03 08:18:03,4,3168.81,1313.44,100.31,2045.12,12675.24,11361.8,Credit Card,Completed
72e8cd21-4747-456a-bffd-d6498ce448d1,2026_W23,O67235,U2457,P100,2026-06-04 22:46:33,3,6025.88,437.01,165.06,3175.31,18077.64,17640.63,Credit Card,Completed
72e8cd21-4747-456a-bffd-d6498ce448d1,2026_W23,O67236,U19604,P86,2026-06-03 14:13:43,2,5552.06,281.33,61.89,1948.1,11104.12,10822.79,Debit Card,Completed
72e8cd21-4747-456a-bffd-d6498ce448d1,2026_W23,O67237,U29504,P111,2026-06-04 19:32:15,2,2233.14,493.82,189.23,715.04,4466.28,3972.46,UPI,Completed
72e8cd21-4747-456a-bffd-d6498ce448d1,2026_W23,O67238,U24946,P99,2026-06-05 21:08:01,1,5923.25,608.26,183.45,956.7,5923.25,5314.99,Debit Card,Completed
72e8cd21-4747-456a-bffd-d6498ce448d1,2026_W23,O67239,U10278,P193,2026-06-06 13:17:06,4,9271.8,1540.03,184.44,6398.49,37087.2,35547.17,Credit Card,Completed
72e8cd21-4747-456a-bffd-d6498ce448d1,2026_W23,O67240,U19708,P193,2026-06-04 20:10:27,2,9271.8,1907.45,160.35,2994.51,18543.6,16636.149999999998,Wallet,Completed
72e8cd21-4747-456a-bffd-d6498ce448d1,2026_W23,O67241,U22638,P199,2026-06-07 15:11:51,2,5324.39,885.44,117.85,1757.4,10648.78,9763.34,Debit Card,Completed
72e8cd21-4747-456a-bffd-d6498ce448d1,2026_W23,O67242,U33962,P16,2026-06-04 06:01:47,2,9334.87,2294.69,151.8,2947.51,18669.74,16375.05,UPI,Completed
72e8cd21-4747-456a-bffd-d6498ce448d1,2026_W23,O67243,U29956,P90,2026-06-04 16:21:48,1,10379.64,1058.16,182.29,1677.87,10379.64,9321.48,Credit Card,Completed
72e8cd21-4747-456a-bffd-d6498ce448d1,2026_W23,O67244,U11423,P141,2026-06-05 07:02:48,3,3712.37,1172.47,80.81,1793.64,11137.11,9964.64,UPI,Completed
72e8cd21-4747-456a-bffd-d6498ce448d1,2026_W23,O67245,U29990,P72,2026-06-02 14:42:54,1,7361.26,801.31,82.25,1180.79,7361.26,6559.950000000001,Debit Card,Completed
72e8cd21-4747-456a-bffd-d6498ce448d1,2026_W23,O67246,U8040,P136,2026-06-01 21:14:27,3,2987.05,1033.19,121.9,1427.03,8961.150000000001,7927.960000000001,UPI,Completed
72e8cd21-4747-456a-bffd-d6498ce448d1,2026_W23,O67247,U28610,P168,2026-06-05 18:46:38,1,4347.14,433.35,181.94,704.48,4347.14,3913.79,Debit Card,Completed
72e8cd21-4747-456a-bffd-d6498ce448d1,2026_W23,O67248,U34191,P145,2026-06-05 13:08:24,3,7002.35,2982.69,128.67,3244.38,21007.050000000003,18024.360000000004,Credit Card,Completed
72e8cd21-4747-456a-bffd-d6498ce448d1,2026_W23,O67249,U7337,P138,2026-06-03 20:52:05,2,6989.52,1325.63,183.92,2277.61,13979.04,12653.41,Debit Card,Completed
72e8cd21-4747-456a-bffd-d6498ce448d1,2026_W23,O67250,U21767,P142,2026-06-05 20:37:20,1,5009.2,45.96,145.13,893.38,5009.2,4963.24,UPI,Completed
72e8cd21-4747-456a-bffd-d6498ce448d1,2026_W23,O67251,U8642,P179,2026-06-05 14:54:38,2,6023.34,1390.98,136.16,1918.03,12046.68,10655.7,Debit Card,Completed
72e8cd21-4747-456a-bffd-d6498ce448d1,2026_W23,O67252,U2285,P85,2026-06-04 03:39:12,1,7940.53,1081.26,91.08,1234.67,7940.53,6859.27,Wallet,Completed
72e8cd21-4747-456a-bffd-d6498ce448d1,2026_W23,O67253,U30322,P192,2026-06-02 15:22:31,4,11696.08,4611.99,188.03,7591.02,46784.32,42172.33,Wallet,Completed
72e8cd21-4747-456a-bffd-d6498ce448d1,2026_W23,O67254,U28403,P171,2026-06-03 06:03:50,2,3668.91,838.16,167.27,1169.94,7337.82,6499.66,UPI,Completed
72e8cd21-4747-456a-bffd-d6498ce448d1,2026_W23,O67255,U3139,P174,2026-06-07 03:47:33,4,8540.78,2263.09,151.22,5742.01,34163.12,31900.03,Credit Card,Completed
72e8cd21-4747-456a-bffd-d6498ce448d1,2026_W23,O67256,U21560,P42,2026-06-03 21:38:38,4,7209.49,3697.71,76.48,4525.24,28837.96,25140.25,Credit Card,Completed
72e8cd21-4747-456a-bffd-d6498ce448d1,2026_W23,O67257,U3474,P101,2026-06-07 00:33:23,1,10959.44,32.92,63.64,1966.77,10959.44,10926.52,UPI,Completed
72e8cd21-4747-456a-bffd-d6498ce448d1,2026_W23,O67258,U12748,P91,2026-06-05 00:24:46,2,4770.75,1002.48,128.1,1537.02,9541.5,8539.02,Credit Card,Completed
72e8cd21-4747-456a-bffd-d6498ce448d1,2026_W23,O67259,U20274,P52,2026-06-06 18:11:23,2,2737.55,343.24,184.64,923.73,5475.1,5131.860000000001,Credit Card,Completed
72e8cd21-4747-456a-bffd-d6498ce448d1,2026_W23,O67260,U11612,P166,2026-06-04 04:23:28,4,6824.24,1259.05,129.62,4686.82,27296.96,26037.91,UPI,Completed
72e8cd21-4747-456a-bffd-d6498ce448d1,2026_W23,O67261,U7733,P144,2026-06-04 14:08:26,3,3365.89,1493.59,155.78,1548.73,10097.67,8604.08,Credit Card,Completed
72e8cd21-4747-456a-bffd-d6498ce448d1,2026_W23,O67262,U26195,P78,2026-06-04 18:09:43,1,3006.64,68.8,52.58,528.81,3006.64,2937.84,Debit Card,Completed
72e8cd21-4747-456a-bffd-d6498ce448d1,2026_W23,O67263,U27720,P137,2026-06-07 03:30:22,4,2412.96,1067.76,135.13,1545.13,9651.84,8584.08,Wallet,Completed
72e8cd21-4747-456a-bffd-d6498ce448d1,2026_W23,O67264,U23637,P180,2026-06-04 14:18:39,3,6330.21,1957.14,165.78,3066.03,18990.63,17033.49,Credit Card,Completed
72e8cd21-4747-456a-bffd-d6498ce448d1,2026_W23,O67265,U6952,P76,2026-06-03 00:52:00,3,1956.86,723.67,128.87,926.44,5870.58,5146.91,Wallet,Completed
72e8cd21-4747-456a-bffd-d6498ce448d1,2026_W23,O67266,U3810,P46,2026-06-04 23:19:46,3,4606.02,646.41,100.15,2370.9,13818.06,13171.65,Debit Card,Completed
72e8cd21-4747-456a-bffd-d6498ce448d1,2026_W23,O67267,U15405,P124,2026-06-02 01:50:47,4,3516.67,1885.41,149.71,2192.63,14066.68,12181.27,UPI,Completed
72e8cd21-4747-456a-bffd-d6498ce448d1,2026_W23,O67268,U32300,P62,2026-06-06 09:38:35,2,10625.67,3123.6,131.52,3262.99,21251.34,18127.74,Wallet,Completed
72e8cd21-4747-456a-bffd-d6498ce448d1,2026_W23,O67269,U2100,P91,2026-06-07 03:57:12,3,4770.75,849.01,165.8,2423.38,14312.25,13463.24,Debit Card,Completed
72e8cd21-4747-456a-bffd-d6498ce448d1,2026_W23,O67270,U26460,P48,2026-06-06 15:45:34,2,4680.1,1171.97,57.93,1473.88,9360.2,8188.23,UPI,Completed
72e8cd21-4747-456a-bffd-d6498ce448d1,2026_W23,O67271,U31954,P170,2026-06-06 16:24:24,2,9183.37,798.31,86.35,3162.32,18366.74,17568.43,UPI,Completed
72e8cd21-4747-456a-bffd-d6498ce448d1,2026_W23,O67272,U17737,P56,2026-06-02 09:52:51,3,9007.41,102.61,190.96,4845.53,27022.23,26919.62,UPI,Completed
72e8cd21-4747-456a-bffd-d6498ce448d1,2026_W23,O67273,U27952,P183,2026-06-02 00:47:00,4,5821.34,2782.07,158.26,3690.59,23285.36,20503.29,Debit Card,Completed
72e8cd21-4747-456a-bffd-d6498ce448d1,2026_W23,O67274,U25584,P132,2026-06-04 23:58:14,4,4280.82,636.76,73.66,2967.57,17123.28,16486.52,UPI,Completed
72e8cd21-4747-456a-bffd-d6498ce448d1,2026_W23,O67275,U34432,P190,2026-06-06 02:24:32,1,7773.11,776.94,65.44,1259.31,7773.11,6996.17,UPI,Completed
72e8cd21-4747-456a-bffd-d6498ce448d1,2026_W23,O67276,U26058,P100,2026-06-02 18:14:35,1,6025.88,75.26,62.13,1071.11,6025.88,5950.62,UPI,Completed
72e8cd21-4747-456a-bffd-d6498ce448d1,2026_W23,O67277,U22165,P30,2026-06-07 15:36:36,2,10435.98,621.1,140.64,3645.15,20871.96,20250.86,Wallet,Completed
72e8cd21-4747-456a-bffd-d6498ce448d1,2026_W23,O67278,U11259,P136,2026-06-01 22:05:39,4,2987.05,570.01,108.8,2048.07,11948.2,11378.19,Credit Card,Completed
72e8cd21-4747-456a-bffd-d6498ce448d1,2026_W23,O67279,U17386,P198,2026-06-07 10:53:33,2,7893.47,2165.12,121.53,2451.93,15786.94,13621.82,Credit Card,Completed
72e8cd21-4747-456a-bffd-d6498ce448d1,2026_W23,O67280,U34665,P46,2026-06-02 16:34:15,4,4606.02,2348.67,66.98,2893.57,18424.08,16075.410000000002,Wallet,Completed
72e8cd21-4747-456a-bffd-d6498ce448d1,2026_W23,O67281,U4683,P138,2026-06-06 11:41:21,2,6989.52,353.66,158.81,2452.57,13979.04,13625.38,Wallet,Completed
72e8cd21-4747-456a-bffd-d6498ce448d1,2026_W23,O67282,U3443,P130,2026-06-04 23:55:39,4,3717.66,891.75,89.89,2516.2,14870.64,13978.89,UPI,Completed
72e8cd21-4747-456a-bffd-d6498ce448d1,2026_W23,O67283,U10762,P156,2026-06-03 08:05:21,3,7497.11,2716.89,161.17,3559.4,22491.33,19774.44,Wallet,Completed
72e8cd21-4747-456a-bffd-d6498ce448d1,2026_W23,O67284,U13531,P40,2026-06-07 15:50:29,4,5653.56,2554.24,87.58,3610.8,22614.24,20060.0,Credit Card,Completed
72e8cd21-4747-456a-bffd-d6498ce448d1,2026_W23,O67285,U28673,P130,2026-06-07 00:23:21,1,3717.66,122.83,62.73,647.07,3717.66,3594.83,Wallet,Completed
72e8cd21-4747-456a-bffd-d6498ce448d1,2026_W23,O67286,U8637,P85,2026-06-03 05:24:23,2,7940.53,1046.2,121.38,2670.27,15881.06,14834.86,UPI,Completed
72e8cd21-4747-456a-bffd-d6498ce448d1,2026_W23,O67287,U26004,P84,2026-06-03 09:30:43,4,3400.69,5.96,52.62,2447.42,13602.76,13596.8,Credit Card,Completed
72e8cd21-4747-456a-bffd-d6498ce448d1,2026_W23,O67288,U16991,P103,2026-06-07 05:23:23,3,4922.25,68.38,181.09,2645.71,14766.75,14698.37,UPI,Completed
72e8cd21-4747-456a-bffd-d6498ce448d1,2026_W23,O67289,U4742,P149,2026-06-02 00:39:39,1,5363.67,248.05,189.57,920.81,5363.67,5115.62,Credit Card,Completed
72e8cd21-4747-456a-bffd-d6498ce448d1,2026_W23,O67290,U8283,P194,2026-06-05 08:03:08,1,7139.77,515.96,107.15,1192.29,7139.77,6623.81,UPI,Completed
72e8cd21-4747-456a-bffd-d6498ce448d1,2026_W23,O67291,U6105,P175,2026-06-07 17:40:15,4,6623.37,3231.01,143.05,4187.24,26493.48,23262.47,Credit Card,Completed
72e8cd21-4747-456a-bffd-d6498ce448d1,2026_W23,O67292,U2807,P105,2026-06-04 06:23:47,4,2249.83,1176.11,172.14,1408.18,8999.32,7823.21,Wallet,Completed
72e8cd21-4747-456a-bffd-d6498ce448d1,2026_W23,O67293,U6094,P48,2026-06-07 18:31:46,2,4680.1,823.01,91.56,1536.69,9360.2,8537.19,UPI,Completed
72e8cd21-4747-456a-bffd-d6498ce448d1,2026_W23,O67294,U9177,P124,2026-06-05 08:21:32,4,3516.67,657.28,189.47,2413.69,14066.68,13409.4,UPI,Completed
72e8cd21-4747-456a-bffd-d6498ce448d1,2026_W23,O67295,U30259,P25,2026-06-03 00:10:53,2,7381.46,519.46,142.08,2563.82,14762.92,14243.46,Wallet,Completed
72e8cd21-4747-456a-bffd-d6498ce448d1,2026_W23,O67296,U34244,P128,2026-06-07 10:09:32,2,8967.81,2386.22,195.06,2798.89,17935.62,15549.4,Credit Card,Completed
72e8cd21-4747-456a-bffd-d6498ce448d1,2026_W23,O67297,U13313,P21,2026-06-03 05:51:31,4,6758.44,3039.0,87.16,4319.06,27033.76,23994.76,Credit Card,Completed
72e8cd21-4747-456a-bffd-d6498ce448d1,2026_W23,O67298,U34762,P51,2026-06-06 04:46:23,2,5156.58,563.98,171.07,1754.85,10313.16,9749.18,UPI,Completed
72e8cd21-4747-456a-bffd-d6498ce448d1,2026_W23,O67299,U3080,P23,2026-06-07 09:28:52,4,8537.77,421.51,74.3,6071.32,34151.08,33729.57,Debit Card,Completed
72e8cd21-4747-456a-bffd-d6498ce448d1,2026_W23,O67300,U486,P74,2026-06-04 02:50:33,3,4407.74,795.24,177.56,2237.04,13223.22,12427.98,Debit Card,Completed
72e8cd21-4747-456a-bffd-d6498ce448d1,2026_W23,O67301,U17771,P118,2026-06-06 14:10:40,2,1413.19,372.35,154.12,441.73,2826.38,2454.03,Wallet,Completed
72e8cd21-4747-456a-bffd-d6498ce448d1,2026_W23,O67302,U30123,P155,2026-06-05 05:44:46,4,5852.84,1900.1,180.2,3872.03,23411.36,21511.26,Wallet,Completed
72e8cd21-4747-456a-bffd-d6498ce448d1,2026_W23,O67303,U34188,P45,2026-06-02 06:28:08,2,10226.58,2393.43,170.24,3250.75,20453.16,18059.73,UPI,Completed
72e8cd21-4747-456a-bffd-d6498ce448d1,2026_W23,O67304,U21438,P83,2026-06-07 10:34:49,3,4290.17,1640.82,86.99,2021.34,12870.51,11229.69,Credit Card,Completed
72e8cd21-4747-456a-bffd-d6498ce448d1,2026_W23,O67305,U10992,P119,2026-06-06 01:20:26,2,2931.16,436.91,55.17,976.57,5862.32,5425.41,Credit Card,Completed
72e8cd21-4747-456a-bffd-d6498ce448d1,2026_W23,O67306,U10536,P138,2026-06-05 18:59:25,4,6989.52,3626.27,195.57,4379.73,27958.08,24331.81,Wallet,Completed
72e8cd21-4747-456a-bffd-d6498ce448d1,2026_W23,O67307,U6582,P167,2026-06-05 09:48:19,4,10191.01,4862.24,93.76,6462.32,40764.04,35901.8,UPI,Completed
72e8cd21-4747-456a-bffd-d6498ce448d1,2026_W23,O67308,U16467,P82,2026-06-07 16:41:37,4,4676.03,1181.93,111.48,3153.99,18704.12,17522.19,Debit Card,Completed
72e8cd21-4747-456a-bffd-d6498ce448d1,2026_W23,O67309,U2071,P39,2026-06-07 03:11:13,1,7544.04,422.08,161.91,1281.95,7544.04,7121.96,Wallet,Completed
72e8cd21-4747-456a-bffd-d6498ce448d1,2026_W23,O67310,U12469,P22,2026-06-03 01:51:37,3,5208.88,273.39,100.47,2763.58,15626.64,15353.25,Credit Card,Completed
72e8cd21-4747-456a-bffd-d6498ce448d1,2026_W23,O67311,U20356,P119,2026-06-03 21:33:07,1,2931.16,234.64,127.73,485.37,2931.16,2696.52,Wallet,Completed
72e8cd21-4747-456a-bffd-d6498ce448d1,2026_W23,O67312,U2807,P129,2026-06-07 00:09:08,1,4560.09,254.25,82.94,775.05,4560.09,4305.84,Credit Card,Completed
72e8cd21-4747-456a-bffd-d6498ce448d1,2026_W23,O67313,U15034,P43,2026-06-06 10:23:16,4,2660.01,1110.36,199.25,1715.34,10640.04,9529.68,Wallet,Completed
72e8cd21-4747-456a-bffd-d6498ce448d1,2026_W23,O67314,U21264,P35,2026-06-06 14:06:30,2,2889.44,522.27,145.2,946.19,5778.88,5256.610000000001,Credit Card,Completed
72e8cd21-4747-456a-bffd-d6498ce448d1,2026_W23,O67315,U20333,P54,2026-06-06 04:15:41,3,8322.93,541.42,102.02,4396.93,24968.79,24427.370000000003,Debit Card,Completed
72e8cd21-4747-456a-bffd-d6498ce448d1,2026_W23,O67316,U23658,P137,2026-06-02 08:21:33,4,2412.96,597.66,141.45,1629.75,9651.84,9054.18,Wallet,Completed
72e8cd21-4747-456a-bffd-d6498ce448d1,2026_W23,O67317,U15198,P162,2026-06-03 22:35:43,2,4947.62,1146.79,156.67,1574.72,9895.24,8748.45,Credit Card,Completed
72e8cd21-4747-456a-bffd-d6498ce448d1,2026_W23,O67318,U24234,P87,2026-06-03 01:52:27,3,2857.28,697.34,170.11,1417.41,8571.84,7874.5,UPI,Completed
72e8cd21-4747-456a-bffd-d6498ce448d1,2026_W23,O67319,U11766,P153,2026-06-04 08:44:18,1,3236.07,200.79,71.12,546.35,3236.07,3035.28,Debit Card,Completed
72e8cd21-4747-456a-bffd-d6498ce448d1,2026_W23,O67320,U18128,P125,2026-06-05 21:57:53,1,7881.51,504.79,181.49,1327.81,7881.51,7376.72,UPI,Completed
72e8cd21-4747-456a-bffd-d6498ce448d1,2026_W23,O67321,U2301,P197,2026-06-04 04:09:48,1,1602.39,117.67,91.19,267.25,1602.39,1484.72,UPI,Completed
72e8cd21-4747-456a-bffd-d6498ce448d1,2026_W23,O67322,U10180,P131,2026-06-05 14:04:12,3,2872.68,768.85,79.76,1412.85,8618.039999999999,7849.189999999999,UPI,Completed
72e8cd21-4747-456a-bffd-d6498ce448d1,2026_W23,O67323,U536,P85,2026-06-05 09:39:06,4,7940.53,1487.71,153.67,5449.39,31762.12,30274.41,UPI,Completed
72e8cd21-4747-456a-bffd-d6498ce448d1,2026_W23,O67324,U2361,P132,2026-06-06 20:17:53,4,4280.82,1110.43,196.4,2882.31,17123.28,16012.85,Debit Card,Completed
72e8cd21-4747-456a-bffd-d6498ce448d1,2026_W23,O67325,U12587,P197,2026-06-02 04:07:11,4,1602.39,279.37,125.62,1103.43,6409.56,6130.1900000000005,UPI,Completed
72e8cd21-4747-456a-bffd-d6498ce448d1,2026_W23,O67326,U19125,P86,2026-06-05 14:58:24,1,5552.06,542.63,122.16,901.7,5552.06,5009.43,UPI,Completed
72e8cd21-4747-456a-bffd-d6498ce448d1,2026_W23,O67327,U1748,P53,2026-06-03 21:44:42,2,5679.25,1073.15,88.69,1851.36,11358.5,10285.35,Credit Card,Completed
72e8cd21-4747-456a-bffd-d6498ce448d1,2026_W23,O67328,U33768,P149,2026-06-02 05:05:14,4,5363.67,2473.34,166.17,3416.64,21454.68,18981.34,Wallet,Completed
72e8cd21-4747-456a-bffd-d6498ce448d1,2026_W23,O67329,U10699,P128,2026-06-03 11:17:49,1,8967.81,255.09,131.62,1568.29,8967.81,8712.72,Wallet,Completed
72e8cd21-4747-456a-bffd-d6498ce448d1,2026_W23,O67330,U4831,P58,2026-06-05 22:15:59,1,3367.03,353.82,55.57,542.38,3367.03,3013.21,Wallet,Completed
72e8cd21-4747-456a-bffd-d6498ce448d1,2026_W23,O67331,U28665,P184,2026-06-02 18:09:59,4,2050.2,137.6,183.13,1451.38,8200.8,8063.199999999999,Credit Card,Completed
72e8cd21-4747-456a-bffd-d6498ce448d1,2026_W23,O67332,U15668,P7,2026-06-05 21:54:36,3,10896.56,4194.66,137.84,5129.1,32689.68,28495.02,UPI,Completed
72e8cd21-4747-456a-bffd-d6498ce448d1,2026_W23,O67333,U32994,P178,2026-06-03 16:12:19,4,7201.61,936.99,98.75,5016.5,28806.44,27869.45,Credit Card,Completed
72e8cd21-4747-456a-bffd-d6498ce448d1,2026_W23,O67334,U17844,P194,2026-06-06 04:34:36,4,7139.77,78.55,170.6,5126.5,28559.08,28480.53,UPI,Completed
72e8cd21-4747-456a-bffd-d6498ce448d1,2026_W23,O67335,U31170,P6,2026-06-02 13:51:07,4,6942.01,2523.77,61.66,4543.97,27768.04,25244.27,UPI,Completed
72e8cd21-4747-456a-bffd-d6498ce448d1,2026_W23,O67336,U18545,P131,2026-06-05 12:06:29,3,2872.68,946.46,50.11,1380.88,8618.039999999999,7671.579999999999,UPI,Completed
72e8cd21-4747-456a-bffd-d6498ce448d1,2026_W23,O67337,U12839,P35,2026-06-06 19:01:22,3,2889.44,171.18,82.78,1529.49,8668.32,8497.14,Debit Card,Completed
72e8cd21-4747-456a-bffd-d6498ce448d1,2026_W23,O67338,U27671,P7,2026-06-05 22:15:31,1,10896.56,1376.62,96.69,1713.59,10896.56,9519.94,UPI,Completed
72e8cd21-4747-456a-bffd-d6498ce448d1,2026_W23,O67339,U20554,P137,2026-06-04 02:09:50,4,2412.96,102.73,198.76,1718.84,9651.84,9549.11,Debit Card,Completed
72e8cd21-4747-456a-bffd-d6498ce448d1,2026_W23,O67340,U5712,P7,2026-06-06 08:12:15,1,10896.56,1306.2,79.36,1726.26,10896.56,9590.36,UPI,Completed
72e8cd21-4747-456a-bffd-d6498ce448d1,2026_W23,O67341,U16561,P154,2026-06-07 03:04:19,4,7488.16,633.16,188.2,5277.51,29952.64,29319.48,UPI,Completed
72e8cd21-4747-456a-bffd-d6498ce448d1,2026_W23,O67342,U32292,P190,2026-06-06 10:07:31,1,7773.11,227.26,97.67,1358.25,7773.11,7545.849999999999,UPI,Completed
72e8cd21-4747-456a-bffd-d6498ce448d1,2026_W23,O67343,U14408,P36,2026-06-05 03:13:40,2,5080.52,412.21,164.77,1754.79,10161.04,9748.830000000002,Wallet,Completed
72e8cd21-4747-456a-bffd-d6498ce448d1,2026_W23,O67344,U23780,P136,2026-06-03 10:48:58,3,2987.05,120.51,121.1,1591.32,8961.150000000001,8840.640000000001,Wallet,Completed
72e8cd21-4747-456a-bffd-d6498ce448d1,2026_W23,O67345,U20917,P24,2026-06-05 05:37:14,4,7207.54,3149.19,130.19,4622.57,28830.16,25680.97,UPI,Completed
72e8cd21-4747-456a-bffd-d6498ce448d1,2026_W23,O67346,U31906,P64,2026-06-07 06:47:21,3,5229.45,813.98,77.05,2677.39,15688.35,14874.37,UPI,Completed
72e8cd21-4747-456a-bffd-d6498ce448d1,2026_W23,O67347,U26198,P195,2026-06-06 11:13:55,4,9936.45,3272.0,116.53,6565.28,39745.8,36473.8,Debit Card,Completed
72e8cd21-4747-456a-bffd-d6498ce448d1,2026_W23,O67348,U16500,P76,2026-06-07 00:28:48,4,1956.86,753.46,127.77,1273.32,7827.44,7073.98,Wallet,Completed
72e8cd21-4747-456a-bffd-d6498ce448d1,2026_W23,O67349,U26940,P93,2026-06-06 02:58:32,2,7912.93,2221.64,195.74,2448.76,15825.86,13604.22,Debit Card,Completed
72e8cd21-4747-456a-bffd-d6498ce448d1,2026_W23,O67350,U16613,P111,2026-06-04 05:28:28,1,2233.14,242.94,62.31,358.24,2233.14,1990.2,UPI,Completed
72e8cd21-4747-456a-bffd-d6498ce448d1,2026_W23,O67351,U12366,P25,2026-06-04 04:57:29,1,7381.46,140.61,80.2,1303.35,7381.46,7240.85,UPI,Completed
72e8cd21-4747-456a-bffd-d6498ce448d1,2026_W23,O67352,U16526,P18,2026-06-03 00:17:06,2,5632.45,527.87,113.71,1932.67,11264.9,10737.03,Debit Card,Completed
72e8cd21-4747-456a-bffd-d6498ce448d1,2026_W23,O67353,U14175,P5,2026-06-05 15:22:13,4,9411.93,4483.73,139.2,5969.52,37647.72,33163.990000000005,Wallet,Completed
72e8cd21-4747-456a-bffd-d6498ce448d1,2026_W23,O67354,U24894,P41,2026-06-05 18:21:33,3,11748.5,4435.97,165.78,5545.72,35245.5,30809.53,UPI,Completed
72e8cd21-4747-456a-bffd-d6498ce448d1,2026_W23,O67355,U11165,P147,2026-06-07 04:30:25,4,8552.19,1498.17,137.24,5887.91,34208.76,32710.590000000004,UPI,Completed
72e8cd21-4747-456a-bffd-d6498ce448d1,2026_W23,O67356,U13101,P95,2026-06-07 11:11:39,2,8832.47,876.54,152.34,3021.91,17664.94,16788.399999999998,UPI,Completed
72e8cd21-4747-456a-bffd-d6498ce448d1,2026_W23,O67357,U4218,P132,2026-06-02 19:46:26,3,4280.82,1831.01,59.77,1982.06,12842.46,11011.45,Wallet,Completed
72e8cd21-4747-456a-bffd-d6498ce448d1,2026_W23,O67358,U1483,P60,2026-06-07 20:28:19,2,7906.19,1728.01,56.56,2535.19,15812.38,14084.37,Debit Card,Completed
72e8cd21-4747-456a-bffd-d6498ce448d1,2026_W23,O67359,U21486,P128,2026-06-04 20:07:02,4,8967.81,1424.38,125.91,6200.43,35871.24,34446.86,Debit Card,Completed
72e8cd21-4747-456a-bffd-d6498ce448d1,2026_W23,O67360,U27996,P36,2026-06-02 17:41:21,3,5080.52,1285.98,196.31,2512.0,15241.56,13955.580000000002,UPI,Completed
72e8cd21-4747-456a-bffd-d6498ce448d1,2026_W23,O67361,U8041,P179,2026-06-04 17:37:18,2,6023.34,1134.29,144.94,1964.23,12046.68,10912.39,Wallet,Completed
72e8cd21-4747-456a-bffd-d6498ce448d1,2026_W23,O67362,U24637,P105,2026-06-01 21:35:08,4,2249.83,424.77,106.73,1543.42,8999.32,8574.55,Wallet,Completed
72e8cd21-4747-456a-bffd-d6498ce448d1,2026_W23,O67363,U26308,P38,2026-06-06 18:16:15,3,9269.67,3234.31,151.12,4423.45,27809.01,24574.7,Debit Card,Completed
72e8cd21-4747-456a-bffd-d6498ce448d1,2026_W23,O67364,U17147,P182,2026-06-02 04:29:53,2,1987.12,252.73,132.26,669.87,3974.24,3721.51,Credit Card,Completed
72e8cd21-4747-456a-bffd-d6498ce448d1,2026_W23,O67365,U14851,P43,2026-06-04 11:53:57,3,2660.01,615.0,170.45,1325.71,7980.030000000001,7365.030000000001,UPI,Completed
72e8cd21-4747-456a-bffd-d6498ce448d1,2026_W23,O67366,U1386,P86,2026-06-02 17:17:12,4,5552.06,1279.58,109.35,3767.16,22208.24,20928.660000000003,UPI,Completed
72e8cd21-4747-456a-bffd-d6498ce448d1,2026_W23,O67367,U5775,P104,2026-06-04 20:14:21,2,5590.84,1353.34,132.04,1769.1,11181.68,9828.34,Wallet,Completed
72e8cd21-4747-456a-bffd-d6498ce448d1,2026_W23,O67368,U12727,P134,2026-06-05 04:48:39,2,2662.06,348.51,173.34,895.61,5324.12,4975.61,Credit Card,Completed
72e8cd21-4747-456a-bffd-d6498ce448d1,2026_W23,O67369,U34679,P100,2026-06-06 10:15:49,3,6025.88,2371.41,118.53,2827.12,18077.64,15706.23,Credit Card,Completed
72e8cd21-4747-456a-bffd-d6498ce448d1,2026_W23,O67370,U9453,P88,2026-06-04 05:39:29,4,6362.48,1110.26,179.04,4381.14,25449.92,24339.66,UPI,Completed
72e8cd21-4747-456a-bffd-d6498ce448d1,2026_W23,O67371,U6563,P65,2026-06-02 23:01:47,2,9814.57,51.68,72.45,3523.94,19629.14,19577.46,Wallet,Completed
72e8cd21-4747-456a-bffd-d6498ce448d1,2026_W23,O67372,U7865,P174,2026-06-04 03:10:50,4,8540.78,2226.66,118.11,5748.56,34163.12,31936.460000000003,Debit Card,Completed
72e8cd21-4747-456a-bffd-d6498ce448d1,2026_W23,O67373,U17122,P75,2026-06-05 22:25:16,4,8927.29,400.31,73.11,6355.59,35709.16,35308.850000000006,Debit Card,Completed
72e8cd21-4747-456a-bffd-d6498ce448d1,2026_W23,O67374,U13270,P192,2026-06-02 13:10:46,2,11696.08,649.25,55.99,4093.72,23392.16,22742.91,Debit Card,Completed
72e8cd21-4747-456a-bffd-d6498ce448d1,2026_W23,O67375,U25716,P22,2026-06-02 22:00:39,3,5208.88,1417.47,135.72,2557.65,15626.64,14209.17,UPI,Completed
72e8cd21-4747-456a-bffd-d6498ce448d1,2026_W23,O67376,U2037,P128,2026-06-05 05:31:29,1,8967.81,850.89,130.04,1461.05,8967.81,8116.919999999999,Wallet,Completed
72e8cd21-4747-456a-bffd-d6498ce448d1,2026_W23,O67377,U12363,P98,2026-06-01 21:06:06,3,9747.59,760.68,127.24,5126.78,29242.77,28482.09,UPI,Completed
72e8cd21-4747-456a-bffd-d6498ce448d1,2026_W23,O67378,U11288,P40,2026-06-05 11:05:16,2,5653.56,1523.26,198.87,1761.09,11307.12,9783.86,Debit Card,Completed
72e8cd21-4747-456a-bffd-d6498ce448d1,2026_W23,O67379,U12891,P21,2026-06-04 02:36:14,3,6758.44,2612.22,110.17,3179.36,20275.32,17663.1,Wallet,Completed
72e8cd21-4747-456a-bffd-d6498ce448d1,2026_W23,O67380,U26560,P145,2026-06-04 09:02:11,2,7002.35,871.32,130.6,2364.01,14004.7,13133.38,Credit Card,Completed
72e8cd21-4747-456a-bffd-d6498ce448d1,2026_W23,O67381,U31292,P23,2026-06-02 03:54:54,3,8537.77,1733.05,172.11,4298.45,25613.31,23880.26,Credit Card,Completed
72e8cd21-4747-456a-bffd-d6498ce448d1,2026_W23,O67382,U11066,P135,2026-06-06 10:04:50,1,4974.87,147.16,80.99,868.99,4974.87,4827.71,Credit Card,Completed
72e8cd21-4747-456a-bffd-d6498ce448d1,2026_W23,O67383,U15396,P74,2026-06-05 04:28:08,1,4407.74,38.7,188.86,786.43,4407.74,4369.04,Debit Card,Completed
72e8cd21-4747-456a-bffd-d6498ce448d1,2026_W23,O67384,U20662,P98,2026-06-03 01:01:27,4,9747.59,1870.39,94.48,6681.59,38990.36,37119.97,Credit Card,Completed
72e8cd21-4747-456a-bffd-d6498ce448d1,2026_W23,O67385,U3112,P148,2026-06-07 00:03:37,2,3184.27,526.13,147.59,1051.63,6368.54,5842.41,Credit Card,Completed
72e8cd21-4747-456a-bffd-d6498ce448d1,2026_W23,O67386,U7872,P4,2026-06-06 23:09:43,3,4763.57,420.15,123.23,2496.7,14290.71,13870.56,Debit Card,Completed
72e8cd21-4747-456a-bffd-d6498ce448d1,2026_W23,O67387,U16549,P23,2026-06-06 22:50:02,1,8537.77,350.67,174.93,1473.68,8537.77,8187.1,Credit Card,Completed
72e8cd21-4747-456a-bffd-d6498ce448d1,2026_W23,O67388,U32777,P176,2026-06-04 01:18:47,2,8451.7,895.5,59.47,2881.42,16903.4,16007.9,Wallet,Completed
72e8cd21-4747-456a-bffd-d6498ce448d1,2026_W23,O67389,U19557,P131,2026-06-03 00:10:41,1,2872.68,77.61,95.64,503.11,2872.68,2795.07,UPI,Completed
72e8cd21-4747-456a-bffd-d6498ce448d1,2026_W23,O67390,U5101,P131,2026-06-02 17:18:55,1,2872.68,419.25,197.54,441.62,2872.68,2453.43,UPI,Completed
72e8cd21-4747-456a-bffd-d6498ce448d1,2026_W23,O67391,U17274,P89,2026-06-01 23:33:57,1,9725.61,93.01,153.21,1733.87,9725.61,9632.6,Wallet,Completed
72e8cd21-4747-456a-bffd-d6498ce448d1,2026_W23,O67392,U11286,P74,2026-06-02 09:08:02,2,4407.74,447.5,59.34,1506.24,8815.48,8367.98,Wallet,Completed
72e8cd21-4747-456a-bffd-d6498ce448d1,2026_W23,O67393,U28787,P161,2026-06-03 07:17:26,2,6131.78,1593.94,140.48,1920.53,12263.56,10669.62,Wallet,Completed
72e8cd21-4747-456a-bffd-d6498ce448d1,2026_W23,O67394,U1495,P13,2026-06-06 21:22:03,3,7537.32,3083.39,60.16,3515.14,22611.96,19528.57,Debit Card,Completed
72e8cd21-4747-456a-bffd-d6498ce448d1,2026_W23,O67395,U17491,P138,2026-06-03 05:46:06,3,6989.52,384.86,123.13,3705.07,20968.56,20583.7,Credit Card,Completed
72e8cd21-4747-456a-bffd-d6498ce448d1,2026_W23,O67396,U10934,P128,2026-06-02 13:57:16,4,8967.81,3712.33,54.05,5788.6,35871.24,32158.91,Wallet,Completed
72e8cd21-4747-456a-bffd-d6498ce448d1,2026_W23,O67397,U26494,P13,2026-06-01 23:33:03,3,7537.32,2896.12,171.89,3548.85,22611.96,19715.84,Credit Card,Completed
72e8cd21-4747-456a-bffd-d6498ce448d1,2026_W23,O67398,U13792,P79,2026-06-04 22:42:48,1,4029.4,187.05,193.88,691.62,4029.4,3842.35,UPI,Completed
72e8cd21-4747-456a-bffd-d6498ce448d1,2026_W23,O67399,U16453,P97,2026-06-04 13:29:30,2,5186.28,345.58,129.16,1804.86,10372.56,10026.98,UPI,Completed
72e8cd21-4747-456a-bffd-d6498ce448d1,2026_W23,O67400,U17102,P120,2026-06-04 05:18:15,2,6088.95,1097.15,116.31,1994.54,12177.9,11080.75,Debit Card,Completed
72e8cd21-4747-456a-bffd-d6498ce448d1,2026_W23,O67401,U325,P74,2026-06-06 04:08:07,2,4407.74,682.87,169.25,1463.87,8815.48,8132.61,Debit Card,Completed
72e8cd21-4747-456a-bffd-d6498ce448d1,2026_W23,O67402,U15833,P175,2026-06-04 19:35:10,4,6623.37,3363.29,148.28,4163.43,26493.48,23130.19,Wallet,Completed
72e8cd21-4747-456a-bffd-d6498ce448d1,2026_W23,O67403,U34951,P150,2026-06-05 18:09:42,1,7237.54,423.29,100.83,1226.56,7237.54,6814.25,Wallet,Completed
72e8cd21-4747-456a-bffd-d6498ce448d1,2026_W23,O67404,U27575,P108,2026-06-02 22:59:52,2,3076.73,334.73,96.2,1047.37,6153.46,5818.73,Credit Card,Completed
72e8cd21-4747-456a-bffd-d6498ce448d1,2026_W23,O67405,U16665,P112,2026-06-06 12:58:17,4,7986.57,2504.79,78.22,5299.47,31946.28,29441.49,UPI,Completed
72e8cd21-4747-456a-bffd-d6498ce448d1,2026_W23,O67406,U28603,P107,2026-06-02 19:02:07,2,5037.89,43.32,82.98,1805.84,10075.78,10032.46,Credit Card,Completed
72e8cd21-4747-456a-bffd-d6498ce448d1,2026_W23,O67407,U26706,P179,2026-06-04 14:12:36,4,6023.34,1791.31,69.32,4014.37,24093.36,22302.05,Credit Card,Completed
72e8cd21-4747-456a-bffd-d6498ce448d1,2026_W23,O67408,U26831,P175,2026-06-01 23:33:40,2,6623.37,1041.56,86.75,2196.93,13246.74,12205.18,Wallet,Completed
72e8cd21-4747-456a-bffd-d6498ce448d1,2026_W23,O67409,U4576,P144,2026-06-03 03:09:06,4,3365.89,1876.02,80.96,2085.76,13463.56,11587.54,Credit Card,Completed
72e8cd21-4747-456a-bffd-d6498ce448d1,2026_W23,O67410,U5655,P71,2026-06-04 12:37:34,2,4652.78,899.08,151.65,1513.17,9305.56,8406.48,UPI,Completed
72e8cd21-4747-456a-bffd-d6498ce448d1,2026_W23,O67411,U25979,P53,2026-06-04 12:57:59,2,5679.25,889.36,178.55,1884.45,11358.5,10469.14,Credit Card,Completed
72e8cd21-4747-456a-bffd-d6498ce448d1,2026_W23,O67412,U8731,P146,2026-06-03 16:50:12,3,8753.05,1196.06,123.43,4511.36,26259.15,25063.09,UPI,Completed
72e8cd21-4747-456a-bffd-d6498ce448d1,2026_W23,O67413,U15769,P158,2026-06-06 18:20:15,2,2851.23,239.09,187.12,983.41,5702.46,5463.37,UPI,Completed
72e8cd21-4747-456a-bffd-d6498ce448d1,2026_W23,O67414,U15785,P54,2026-06-05 16:25:20,2,8322.93,875.64,95.68,2838.64,16645.86,15770.22,Credit Card,Completed
72e8cd21-4747-456a-bffd-d6498ce448d1,2026_W23,O67415,U30290,P102,2026-06-06 22:42:18,1,2314.83,195.1,62.57,381.55,2314.83,2119.73,UPI,Completed
72e8cd21-4747-456a-bffd-d6498ce448d1,2026_W23,O67416,U13709,P156,2026-06-03 22:29:13,3,7497.11,112.55,190.6,4028.18,22491.33,22378.78,UPI,Completed
72e8cd21-4747-456a-bffd-d6498ce448d1,2026_W23,O67417,U186,P156,2026-06-06 11:30:56,1,7497.11,366.52,88.64,1283.51,7497.11,7130.59,Debit Card,Completed
72e8cd21-4747-456a-bffd-d6498ce448d1,2026_W23,O67418,U9326,P61,2026-06-05 16:12:44,4,7274.63,4163.14,189.98,4488.37,29098.52,24935.38,Debit Card,Completed
72e8cd21-4747-456a-bffd-d6498ce448d1,2026_W23,O67419,U26982,P199,2026-06-06 06:20:23,2,5324.39,1558.38,72.86,1636.27,10648.78,9090.4,Wallet,Completed
72e8cd21-4747-456a-bffd-d6498ce448d1,2026_W23,O67420,U19543,P172,2026-06-05 09:04:57,1,1445.78,216.61,187.36,221.25,1445.78,1229.17,Credit Card,Completed
72e8cd21-4747-456a-bffd-d6498ce448d1,2026_W23,O67421,U8884,P144,2026-06-05 14:20:18,4,3365.89,845.81,68.81,2271.19,13463.56,12617.75,UPI,Completed
72e8cd21-4747-456a-bffd-d6498ce448d1,2026_W23,O67422,U3866,P173,2026-06-02 05:06:47,1,5411.96,679.7,56.06,851.81,5411.96,4732.26,Debit Card,Completed
72e8cd21-4747-456a-bffd-d6498ce448d1,2026_W23,O67423,U23482,P55,2026-06-07 19:41:50,2,2495.43,629.78,118.21,784.99,4990.86,4361.08,Debit Card,Completed
72e8cd21-4747-456a-bffd-d6498ce448d1,2026_W23,O67424,U10956,P144,2026-06-04 22:02:25,1,3365.89,13.65,159.74,603.4,3365.89,3352.24,UPI,Completed
72e8cd21-4747-456a-bffd-d6498ce448d1,2026_W23,O67425,U11960,P18,2026-06-02 21:39:19,1,5632.45,271.24,78.88,965.02,5632.45,5361.21,Wallet,Completed
72e8cd21-4747-456a-bffd-d6498ce448d1,2026_W23,O67426,U21384,P15,2026-06-05 14:41:41,2,1828.72,285.29,133.17,606.99,3657.44,3372.15,Wallet,Completed
72e8cd21-4747-456a-bffd-d6498ce448d1,2026_W23,O67427,U15230,P164,2026-06-05 03:33:08,4,7788.37,480.76,170.45,5521.09,31153.48,30672.72,UPI,Completed
72e8cd21-4747-456a-bffd-d6498ce448d1,2026_W23,O67428,U19531,P84,2026-06-02 07:58:12,4,3400.69,956.48,86.35,2276.33,13602.76,12646.28,UPI,Completed
72e8cd21-4747-456a-bffd-d6498ce448d1,2026_W23,O67429,U20332,P197,2026-06-04 21:27:00,4,1602.39,869.89,168.63,997.14,6409.56,5539.67,Wallet,Completed
72e8cd21-4747-456a-bffd-d6498ce448d1,2026_W23,O67430,U805,P70,2026-06-05 12:55:09,2,10058.46,3006.85,195.32,3079.81,20116.92,17110.07,Debit Card,Completed
72e8cd21-4747-456a-bffd-d6498ce448d1,2026_W23,O67431,U34774,P157,2026-06-02 23:52:50,3,6948.33,1787.53,94.86,3430.34,20844.99,19057.46,Credit Card,Completed
72e8cd21-4747-456a-bffd-d6498ce448d1,2026_W23,O67432,U25568,P6,2026-06-07 02:45:04,1,6942.01,393.73,154.62,1178.69,6942.01,6548.280000000001,Debit Card,Completed
72e8cd21-4747-456a-bffd-d6498ce448d1,2026_W23,O67433,U32865,P134,2026-06-07 13:01:16,2,2662.06,704.41,62.17,831.55,5324.12,4619.71,UPI,Completed
72e8cd21-4747-456a-bffd-d6498ce448d1,2026_W23,O67434,U2269,P64,2026-06-07 05:14:04,1,5229.45,64.18,132.56,929.75,5229.45,5165.27,UPI,Completed
72e8cd21-4747-456a-bffd-d6498ce448d1,2026_W23,O67435,U7865,P149,2026-06-06 22:57:33,3,5363.67,317.95,172.43,2839.15,16091.01,15773.06,Credit Card,Completed
72e8cd21-4747-456a-bffd-d6498ce448d1,2026_W23,O67436,U5039,P70,2026-06-02 04:36:26,1,10058.46,1466.9,138.05,1546.48,10058.46,8591.56,Credit Card,Completed
72e8cd21-4747-456a-bffd-d6498ce448d1,2026_W23,O67437,U10545,P189,2026-06-05 15:07:13,2,3755.21,159.62,51.06,1323.14,7510.42,7350.8,Debit Card,Completed
72e8cd21-4747-456a-bffd-d6498ce448d1,2026_W23,O67438,U4778,P170,2026-06-05 07:41:03,4,9183.37,1818.19,110.37,6284.75,36733.48,34915.29,Wallet,Completed
72e8cd21-4747-456a-bffd-d6498ce448d1,2026_W23,O67439,U25058,P27,2026-06-06 07:26:05,3,4374.27,1519.4,59.2,2088.61,13122.81,11603.410000000002,Debit Card,Completed
72e8cd21-4747-456a-bffd-d6498ce448d1,2026_W23,O67440,U27541,P12,2026-06-06 09:16:29,3,5529.38,237.85,161.64,2943.05,16588.14,16350.29,UPI,Completed
72e8cd21-4747-456a-bffd-d6498ce448d1,2026_W23,O67441,U2003,P115,2026-06-04 07:28:46,3,10604.02,3926.49,154.35,5019.4,31812.06,27885.57,UPI,Completed
72e8cd21-4747-456a-bffd-d6498ce448d1,2026_W23,O67442,U21701,P64,2026-06-03 20:40:31,2,5229.45,1260.85,91.76,1655.65,10458.9,9198.05,Credit Card,Completed
72e8cd21-4747-456a-bffd-d6498ce448d1,2026_W23,O67443,U20000,P67,2026-06-04 04:06:26,4,6380.8,880.58,180.75,4435.67,25523.2,24642.62,Wallet,Completed
72e8cd21-4747-456a-bffd-d6498ce448d1,2026_W23,O67444,U26525,P106,2026-06-05 01:50:21,2,4353.6,155.36,55.66,1539.33,8707.2,8551.84,UPI,Completed
72e8cd21-4747-456a-bffd-d6498ce448d1,2026_W23,O67445,U12839,P124,2026-06-04 05:10:24,3,3516.67,1090.51,109.86,1702.71,10550.01,9459.5,Debit Card,Completed
72e8cd21-4747-456a-bffd-d6498ce448d1,2026_W23,O67446,U29159,P75,2026-06-07 02:25:03,3,8927.29,2818.39,80.35,4313.43,26781.870000000003,23963.480000000003,UPI,Completed
72e8cd21-4747-456a-bffd-d6498ce448d1,2026_W23,O67447,U33719,P127,2026-06-02 15:30:45,2,7703.2,2061.31,139.0,2402.12,15406.4,13345.09,Wallet,Completed
72e8cd21-4747-456a-bffd-d6498ce448d1,2026_W23,O67448,U26636,P99,2026-06-03 03:29:23,3,5923.25,264.29,96.57,3150.98,17769.75,17505.46,UPI,Completed
72e8cd21-4747-456a-bffd-d6498ce448d1,2026_W23,O67449,U4865,P1,2026-06-03 09:23:05,1,8422.98,920.81,52.0,1350.39,8422.98,7502.17,UPI,Completed
72e8cd21-4747-456a-bffd-d6498ce448d1,2026_W23,O67450,U14235,P85,2026-06-01 20:57:46,2,7940.53,819.64,51.3,2711.06,15881.06,15061.42,UPI,Completed
72e8cd21-4747-456a-bffd-d6498ce448d1,2026_W23,O67451,U22280,P157,2026-06-02 06:28:46,2,6948.33,887.38,114.9,2341.67,13896.66,13009.28,UPI,Completed
72e8cd21-4747-456a-bffd-d6498ce448d1,2026_W23,O67452,U3705,P47,2026-06-01 23:22:36,3,8854.8,200.89,64.97,4745.43,26564.4,26363.51,Credit Card,Completed
72e8cd21-4747-456a-bffd-d6498ce448d1,2026_W23,O67453,U23658,P42,2026-06-06 09:03:57,1,7209.49,832.76,63.93,1147.81,7209.49,6376.73,Debit Card,Completed
72e8cd21-4747-456a-bffd-d6498ce448d1,2026_W23,O67454,U12245,P21,2026-06-05 16:14:37,1,6758.44,946.58,121.86,1046.13,6758.44,5811.86,Debit Card,Completed
72e8cd21-4747-456a-bffd-d6498ce448d1,2026_W23,O67455,U18885,P171,2026-06-05 11:20:56,2,3668.91,500.01,68.37,1230.81,7337.82,6837.81,Debit Card,Completed
72e8cd21-4747-456a-bffd-d6498ce448d1,2026_W23,O67456,U3599,P181,2026-06-04 01:53:03,1,6034.6,355.46,198.68,1022.25,6034.6,5679.14,UPI,Completed
72e8cd21-4747-456a-bffd-d6498ce448d1,2026_W23,O67457,U12576,P152,2026-06-02 14:35:46,4,3680.01,2184.02,133.74,2256.48,14720.04,12536.02,Debit Card,Completed
72e8cd21-4747-456a-bffd-d6498ce448d1,2026_W23,O67458,U19232,P49,2026-06-07 20:12:19,1,4491.12,535.43,122.16,712.02,4491.12,3955.69,UPI,Completed
72e8cd21-4747-456a-bffd-d6498ce448d1,2026_W23,O67459,U1846,P70,2026-06-04 12:08:08,4,10058.46,3218.78,90.32,6662.71,40233.84,37015.06,UPI,Completed
72e8cd21-4747-456a-bffd-d6498ce448d1,2026_W23,O67460,U2139,P39,2026-06-02 17:29:16,2,7544.04,282.87,101.42,2664.94,15088.08,14805.21,UPI,Completed
72e8cd21-4747-456a-bffd-d6498ce448d1,2026_W23,O67461,U30529,P67,2026-06-03 23:43:43,4,6380.8,3143.15,90.46,4028.41,25523.2,22380.05,Credit Card,Completed
72e8cd21-4747-456a-bffd-d6498ce448d1,2026_W23,O67462,U8909,P16,2026-06-04 01:57:12,1,9334.87,1328.0,159.52,1441.24,9334.87,8006.870000000001,Debit Card,Completed
72e8cd21-4747-456a-bffd-d6498ce448d1,2026_W23,O67463,U12159,P35,2026-06-06 06:50:25,2,2889.44,476.99,125.41,954.34,5778.88,5301.89,UPI,Completed
72e8cd21-4747-456a-bffd-d6498ce448d1,2026_W23,O67464,U23074,P95,2026-06-02 16:48:39,1,8832.47,1174.82,109.88,1378.38,8832.47,7657.65,Credit Card,Completed
72e8cd21-4747-456a-bffd-d6498ce448d1,2026_W23,O67465,U28779,P118,2026-06-07 00:33:55,1,1413.19,10.05,156.54,252.57,1413.19,1403.14,Credit Card,Completed
72e8cd21-4747-456a-bffd-d6498ce448d1,2026_W23,O67466,U17092,P18,2026-06-05 06:26:37,4,5632.45,1238.84,144.66,3832.37,22529.8,21290.96,Wallet,Completed
72e8cd21-4747-456a-bffd-d6498ce448d1,2026_W23,O67467,U22937,P62,2026-06-06 14:40:19,1,10625.67,1126.51,108.68,1709.85,10625.67,9499.16,Credit Card,Completed
72e8cd21-4747-456a-bffd-d6498ce448d1,2026_W23,O67468,U24269,P152,2026-06-06 03:18:21,2,3680.01,377.34,68.76,1256.88,7360.02,6982.68,Credit Card,Completed
72e8cd21-4747-456a-bffd-d6498ce448d1,2026_W23,O67469,U21214,P67,2026-06-05 09:24:32,4,6380.8,1348.11,107.59,4351.52,25523.2,24175.09,UPI,Completed
72e8cd21-4747-456a-bffd-d6498ce448d1,2026_W23,O67470,U31662,P187,2026-06-07 16:28:51,4,2141.32,660.02,166.65,1422.95,8565.28,7905.26,UPI,Completed
72e8cd21-4747-456a-bffd-d6498ce448d1,2026_W23,O67471,U7810,P31,2026-06-06 23:09:08,1,2922.48,243.85,188.67,482.15,2922.48,2678.63,Wallet,Completed
72e8cd21-4747-456a-bffd-d6498ce448d1,2026_W23,O67472,U13369,P15,2026-06-03 04:30:04,2,1828.72,533.07,163.49,562.39,3657.44,3124.37,Debit Card,Completed
72e8cd21-4747-456a-bffd-d6498ce448d1,2026_W23,O67473,U13906,P155,2026-06-07 15:08:44,3,5852.84,2508.16,89.8,2709.06,17558.52,15050.36,Wallet,Completed
72e8cd21-4747-456a-bffd-d6498ce448d1,2026_W23,O67474,U6219,P153,2026-06-05 13:56:26,1,3236.07,445.51,138.8,502.3,3236.07,2790.5600000000004,Debit Card,Completed
72e8cd21-4747-456a-bffd-d6498ce448d1,2026_W23,O67475,U24406,P4,2026-06-04 10:22:53,3,4763.57,87.66,60.29,2556.55,14290.71,14203.05,Credit Card,Completed
72e8cd21-4747-456a-bffd-d6498ce448d1,2026_W23,O67476,U23152,P17,2026-06-03 10:16:44,2,8998.12,1914.01,167.19,2894.8,17996.24,16082.23,UPI,Completed
72e8cd21-4747-456a-bffd-d6498ce448d1,2026_W23,O67477,U20525,P159,2026-06-03 19:33:22,2,5981.94,961.52,145.89,1980.42,11963.88,11002.36,UPI,Completed
72e8cd21-4747-456a-bffd-d6498ce448d1,2026_W23,O67478,U4187,P161,2026-06-03 00:24:19,2,6131.78,117.53,78.32,2186.29,12263.56,12146.03,Credit Card,Completed
72e8cd21-4747-456a-bffd-d6498ce448d1,2026_W23,O67479,U22705,P126,2026-06-07 00:28:50,4,7115.51,3739.16,151.23,4450.12,28462.04,24722.88,Debit Card,Completed
72e8cd21-4747-456a-bffd-d6498ce448d1,2026_W23,O67480,U14719,P143,2026-06-02 13:47:35,1,1686.4,252.6,139.7,258.08,1686.4,1433.8000000000002,Debit Card,Completed
72e8cd21-4747-456a-bffd-d6498ce448d1,2026_W23,O67481,U2596,P30,2026-06-02 09:11:29,3,10435.98,4433.08,134.82,4837.47,31307.94,26874.86,Wallet,Completed
72e8cd21-4747-456a-bffd-d6498ce448d1,2026_W23,O67482,U2950,P131,2026-06-02 16:22:25,4,2872.68,744.24,169.55,1934.37,11490.72,10746.48,Credit Card,Completed
72e8cd21-4747-456a-bffd-d6498ce448d1,2026_W23,O67483,U29421,P195,2026-06-01 21:38:58,1,9936.45,521.7,84.88,1694.66,9936.45,9414.75,Debit Card,Completed
72e8cd21-4747-456a-bffd-d6498ce448d1,2026_W23,O67484,U23298,P128,2026-06-07 06:30:00,3,8967.81,1799.9,109.66,4518.64,26903.43,25103.53,Debit Card,Completed
72e8cd21-4747-456a-bffd-d6498ce448d1,2026_W23,O67485,U16642,P198,2026-06-04 11:19:53,1,7893.47,872.58,162.82,1263.76,7893.47,7020.89,Credit Card,Completed
72e8cd21-4747-456a-bffd-d6498ce448d1,2026_W23,O67486,U33925,P73,2026-06-06 21:30:32,3,2860.52,123.78,124.0,1522.4,8581.56,8457.779999999999,Wallet,Completed
72e8cd21-4747-456a-bffd-d6498ce448d1,2026_W23,O67487,U7505,P97,2026-06-07 08:01:01,2,5186.28,962.75,155.68,1693.77,10372.56,9409.81,Credit Card,Completed
72e8cd21-4747-456a-bffd-d6498ce448d1,2026_W23,O67488,U29676,P101,2026-06-05 08:19:18,3,10959.44,325.27,79.68,5859.55,32878.32,32553.05,Wallet,Completed
72e8cd21-4747-456a-bffd-d6498ce448d1,2026_W23,O67489,U3018,P4,2026-06-03 11:28:40,2,4763.57,1023.37,75.27,1530.68,9527.14,8503.769999999999,Wallet,Completed
72e8cd21-4747-456a-bffd-d6498ce448d1,2026_W23,O67490,U1696,P51,2026-06-04 20:27:51,1,5156.58,218.74,88.19,888.81,5156.58,4937.84,Credit Card,Completed
72e8cd21-4747-456a-bffd-d6498ce448d1,2026_W23,O67491,U12397,P76,2026-06-04 15:08:31,3,1956.86,733.52,189.0,924.67,5870.58,5137.06,Wallet,Completed
72e8cd21-4747-456a-bffd-d6498ce448d1,2026_W23,O67492,U25578,P80,2026-06-07 10:01:00,2,4942.61,598.09,129.36,1671.68,9885.22,9287.13,Credit Card,Completed
72e8cd21-4747-456a-bffd-d6498ce448d1,2026_W23,O67493,U22012,P168,2026-06-07 04:04:38,1,4347.14,47.77,129.2,773.89,4347.14,4299.37,Wallet,Completed
72e8cd21-4747-456a-bffd-d6498ce448d1,2026_W23,O67494,U5018,P35,2026-06-07 18:20:37,2,2889.44,221.24,167.82,1000.38,5778.88,5557.64,Wallet,Completed
72e8cd21-4747-456a-bffd-d6498ce448d1,2026_W23,O67495,U7757,P129,2026-06-07 00:46:17,4,4560.09,2656.71,156.64,2805.06,18240.36,15583.65,Debit Card,Completed
72e8cd21-4747-456a-bffd-d6498ce448d1,2026_W23,O67496,U22164,P185,2026-06-04 06:03:33,2,7874.65,1187.51,78.9,2621.12,15749.3,14561.79,Debit Card,Completed
72e8cd21-4747-456a-bffd-d6498ce448d1,2026_W23,O67497,U8377,P19,2026-06-03 03:03:16,2,10412.16,1544.91,183.91,3470.29,20824.32,19279.41,Debit Card,Completed
72e8cd21-4747-456a-bffd-d6498ce448d1,2026_W23,O67498,U1030,P190,2026-06-07 09:29:54,2,7773.11,2264.04,188.76,2390.79,15546.22,13282.18,Credit Card,Completed
72e8cd21-4747-456a-bffd-d6498ce448d1,2026_W23,O67499,U18146,P98,2026-06-04 21:02:13,3,9747.59,780.64,144.7,5123.18,29242.77,28462.13,Credit Card,Completed
72e8cd21-4747-456a-bffd-d6498ce448d1,2026_W23,O67500,U3119,P149,2026-06-05 19:27:25,4,5363.67,5.53,138.51,3860.85,21454.68,21449.15,UPI,Completed
72e8cd21-4747-456a-bffd-d6498ce448d1,2026_W23,O67501,U3438,P112,2026-06-07 12:11:13,2,7986.57,1711.56,125.17,2567.08,15973.14,14261.58,Wallet,Completed
72e8cd21-4747-456a-bffd-d6498ce448d1,2026_W23,O67502,U26744,P119,2026-06-06 22:25:55,3,2931.16,684.29,56.9,1459.65,8793.48,8109.19,UPI,Completed
72e8cd21-4747-456a-bffd-d6498ce448d1,2026_W23,O67503,U28236,P73,2026-06-03 22:21:47,3,2860.52,733.15,104.67,1412.71,8581.56,7848.41,Debit Card,Completed
72e8cd21-4747-456a-bffd-d6498ce448d1,2026_W23,O67504,U21151,P157,2026-06-02 00:50:52,4,6948.33,2329.95,125.48,4583.41,27793.32,25463.37,Wallet,Completed
72e8cd21-4747-456a-bffd-d6498ce448d1,2026_W23,O67505,U26430,P44,2026-06-02 21:47:08,2,3831.53,581.86,153.23,1274.62,7663.06,7081.200000000001,Debit Card,Completed
72e8cd21-4747-456a-bffd-d6498ce448d1,2026_W23,O67506,U25017,P161,2026-06-05 18:07:19,4,6131.78,3212.53,189.25,3836.63,24527.12,21314.59,Credit Card,Completed
72e8cd21-4747-456a-bffd-d6498ce448d1,2026_W23,O67507,U32806,P148,2026-06-07 06:45:15,2,3184.27,899.71,85.16,984.39,6368.54,5468.83,Wallet,Completed
72e8cd21-4747-456a-bffd-d6498ce448d1,2026_W23,O67508,U22613,P162,2026-06-06 19:09:38,2,4947.62,214.24,151.31,1742.58,9895.24,9681.0,UPI,Completed
72e8cd21-4747-456a-bffd-d6498ce448d1,2026_W23,O67509,U13491,P72,2026-06-04 16:46:53,3,7361.26,3137.4,131.51,3410.35,22083.78,18946.38,UPI,Completed
72e8cd21-4747-456a-bffd-d6498ce448d1,2026_W23,O67510,U13086,P73,2026-06-03 17:37:09,4,2860.52,48.33,69.63,2050.88,11442.08,11393.75,Wallet,Completed
72e8cd21-4747-456a-bffd-d6498ce448d1,2026_W23,O67511,U30723,P73,2026-06-02 20:57:12,4,2860.52,363.06,180.72,1994.22,11442.08,11079.02,Debit Card,Completed
72e8cd21-4747-456a-bffd-d6498ce448d1,2026_W23,O67512,U26206,P158,2026-06-04 13:33:45,2,2851.23,161.91,140.04,997.3,5702.46,5540.55,UPI,Completed
72e8cd21-4747-456a-bffd-d6498ce448d1,2026_W23,O67513,U9096,P78,2026-06-07 04:11:42,2,3006.64,875.12,95.96,924.87,6013.28,5138.16,Wallet,Completed
72e8cd21-4747-456a-bffd-d6498ce448d1,2026_W23,O67514,U5036,P190,2026-06-04 06:14:12,3,7773.11,2624.1,163.37,3725.14,23319.33,20695.23,Wallet,Completed
72e8cd21-4747-456a-bffd-d6498ce448d1,2026_W23,O67515,U28972,P114,2026-06-06 18:43:24,3,3958.12,180.29,91.52,2104.93,11874.36,11694.07,UPI,Completed
72e8cd21-4747-456a-bffd-d6498ce448d1,2026_W23,O67516,U11426,P91,2026-06-06 17:07:26,4,4770.75,214.65,115.31,3396.3,19083.0,18868.35,UPI,Completed
72e8cd21-4747-456a-bffd-d6498ce448d1,2026_W23,O67517,U13692,P44,2026-06-05 08:48:41,2,3831.53,550.11,148.69,1280.33,7663.06,7112.950000000001,Credit Card,Completed
72e8cd21-4747-456a-bffd-d6498ce448d1,2026_W23,O67518,U566,P41,2026-06-07 11:53:23,2,11748.5,3084.73,72.72,3674.21,23497.0,20412.27,Debit Card,Completed
72e8cd21-4747-456a-bffd-d6498ce448d1,2026_W23,O67519,U13808,P192,2026-06-04 13:16:17,2,11696.08,2457.47,157.99,3768.24,23392.16,20934.69,Wallet,Completed
72e8cd21-4747-456a-bffd-d6498ce448d1,2026_W23,O67520,U27528,P2,2026-06-03 07:07:15,1,4248.72,253.91,77.3,719.07,4248.72,3994.81,Credit Card,Completed
72e8cd21-4747-456a-bffd-d6498ce448d1,2026_W23,O67521,U16506,P142,2026-06-02 23:32:05,4,5009.2,561.54,131.65,3505.55,20036.8,19475.26,Debit Card,Completed
72e8cd21-4747-456a-bffd-d6498ce448d1,2026_W23,O67522,U11485,P127,2026-06-02 18:07:13,2,7703.2,2180.36,150.77,2380.69,15406.4,13226.04,Wallet,Completed
72e8cd21-4747-456a-bffd-d6498ce448d1,2026_W23,O67523,U6312,P98,2026-06-04 12:49:50,2,9747.59,958.1,118.31,3336.67,19495.18,18537.08,Wallet,Completed
72e8cd21-4747-456a-bffd-d6498ce448d1,2026_W23,O67524,U2069,P147,2026-06-04 07:47:20,2,8552.19,2016.53,92.4,2715.81,17104.38,15087.85,Wallet,Completed
72e8cd21-4747-456a-bffd-d6498ce448d1,2026_W23,O67525,U6595,P151,2026-06-07 10:30:11,3,10300.34,420.93,104.64,5486.42,30901.02,30480.09,UPI,Completed
72e8cd21-4747-456a-bffd-d6498ce448d1,2026_W23,O67526,U17694,P18,2026-06-03 21:40:10,1,5632.45,692.04,63.66,889.27,5632.45,4940.41,Debit Card,Completed
72e8cd21-4747-456a-bffd-d6498ce448d1,2026_W23,O67527,U24117,P24,2026-06-03 23:33:04,4,7207.54,2614.25,83.48,4718.86,28830.16,26215.91,Wallet,Completed
72e8cd21-4747-456a-bffd-d6498ce448d1,2026_W23,O67528,U29665,P114,2026-06-02 05:42:32,4,3958.12,814.01,174.99,2703.32,15832.48,15018.47,Debit Card,Completed
72e8cd21-4747-456a-bffd-d6498ce448d1,2026_W23,O67529,U34756,P154,2026-06-06 18:35:46,4,7488.16,2408.68,124.0,4957.91,29952.64,27543.96,UPI,Completed
72e8cd21-4747-456a-bffd-d6498ce448d1,2026_W23,O67530,U18531,P179,2026-06-03 13:47:07,2,6023.34,1037.49,182.68,1981.65,12046.68,11009.19,Debit Card,Completed
72e8cd21-4747-456a-bffd-d6498ce448d1,2026_W23,O67531,U28478,P128,2026-06-07 07:24:42,4,8967.81,4846.99,181.28,5584.36,35871.24,31024.25,Debit Card,Completed
72e8cd21-4747-456a-bffd-d6498ce448d1,2026_W23,O67532,U18374,P85,2026-06-03 12:14:03,1,7940.53,707.77,140.54,1301.9,7940.53,7232.76,UPI,Completed
72e8cd21-4747-456a-bffd-d6498ce448d1,2026_W23,O67533,U1629,P103,2026-06-02 15:37:54,4,4922.25,1774.85,169.33,3224.55,19689.0,17914.15,Debit Card,Completed
72e8cd21-4747-456a-bffd-d6498ce448d1,2026_W23,O67534,U11717,P155,2026-06-04 08:33:34,3,5852.84,1890.42,95.99,2820.26,17558.52,15668.1,UPI,Completed
72e8cd21-4747-456a-bffd-d6498ce448d1,2026_W23,O67535,U1021,P5,2026-06-05 09:15:31,3,9411.93,133.91,194.05,5058.34,28235.79,28101.88,Debit Card,Completed
72e8cd21-4747-456a-bffd-d6498ce448d1,2026_W23,O67536,U6818,P151,2026-06-06 11:55:27,2,10300.34,834.77,69.0,3557.86,20600.68,19765.91,Debit Card,Completed
72e8cd21-4747-456a-bffd-d6498ce448d1,2026_W23,O67537,U18812,P115,2026-06-04 09:13:01,1,10604.02,351.38,136.42,1845.48,10604.02,10252.64,Credit Card,Completed
72e8cd21-4747-456a-bffd-d6498ce448d1,2026_W23,O67538,U1953,P9,2026-06-05 07:28:10,2,6463.86,907.51,133.8,2163.64,12927.72,12020.21,Debit Card,Completed
72e8cd21-4747-456a-bffd-d6498ce448d1,2026_W23,O67539,U31870,P82,2026-06-05 21:09:16,3,4676.03,1310.13,107.08,2289.23,14028.09,12717.96,Wallet,Completed
72e8cd21-4747-456a-bffd-d6498ce448d1,2026_W23,O67540,U6006,P150,2026-06-04 12:59:06,4,7237.54,3557.54,160.76,4570.67,28950.16,25392.62,UPI,Completed
72e8cd21-4747-456a-bffd-d6498ce448d1,2026_W23,O67541,U19427,P92,2026-06-06 16:04:46,2,2278.27,623.69,115.76,707.91,4556.54,3932.85,Debit Card,Completed
72e8cd21-4747-456a-bffd-d6498ce448d1,2026_W23,O67542,U23910,P118,2026-06-07 07:06:59,2,1413.19,330.88,139.97,449.19,2826.38,2495.5,Debit Card,Completed
72e8cd21-4747-456a-bffd-d6498ce448d1,2026_W23,O67543,U31962,P1,2026-06-04 07:15:48,4,8422.98,1160.93,195.76,5855.58,33691.92,32530.99,Debit Card,Completed
72e8cd21-4747-456a-bffd-d6498ce448d1,2026_W23,O67544,U29141,P157,2026-06-04 03:30:30,2,6948.33,1627.85,109.83,2208.39,13896.66,12268.81,Wallet,Completed
72e8cd21-4747-456a-bffd-d6498ce448d1,2026_W23,O67545,U6606,P184,2026-06-06 20:46:57,1,2050.2,102.34,129.21,350.61,2050.2,1947.86,Debit Card,Completed
72e8cd21-4747-456a-bffd-d6498ce448d1,2026_W23,O67546,U5087,P44,2026-06-07 19:37:16,4,3831.53,1958.78,183.93,2406.12,15326.12,13367.34,Wallet,Completed
72e8cd21-4747-456a-bffd-d6498ce448d1,2026_W23,O67547,U10304,P17,2026-06-05 09:23:33,2,8998.12,2519.24,118.57,2785.86,17996.24,15477.000000000002,Wallet,Completed
72e8cd21-4747-456a-bffd-d6498ce448d1,2026_W23,O67548,U19717,P143,2026-06-01 22:13:19,4,1686.4,591.49,78.09,1107.74,6745.6,6154.110000000001,Wallet,Completed
72e8cd21-4747-456a-bffd-d6498ce448d1,2026_W23,O67549,U27025,P157,2026-06-02 04:31:01,4,6948.33,2658.12,141.87,4524.34,27793.32,25135.2,UPI,Completed
72e8cd21-4747-456a-bffd-d6498ce448d1,2026_W23,O67550,U12010,P127,2026-06-07 04:28:42,3,7703.2,3031.06,69.39,3614.14,23109.6,20078.54,Wallet,Completed
72e8cd21-4747-456a-bffd-d6498ce448d1,2026_W23,O67551,U29952,P6,2026-06-04 13:21:40,3,6942.01,505.62,103.27,3657.67,20826.03,20320.41,Wallet,Completed
72e8cd21-4747-456a-bffd-d6498ce448d1,2026_W23,O67552,U29534,P113,2026-06-04 05:13:29,2,5995.63,1620.41,193.93,1866.75,11991.26,10370.85,Wallet,Completed
72e8cd21-4747-456a-bffd-d6498ce448d1,2026_W23,O67553,U31578,P55,2026-06-03 08:18:19,3,2495.43,739.23,133.43,1214.47,7486.289999999999,6747.06,Debit Card,Completed
72e8cd21-4747-456a-bffd-d6498ce448d1,2026_W23,O67554,U11123,P83,2026-06-02 11:37:57,2,4290.17,469.5,144.99,1459.95,8580.34,8110.84,Credit Card,Completed
72e8cd21-4747-456a-bffd-d6498ce448d1,2026_W23,O67555,U1409,P17,2026-06-04 06:03:28,1,8998.12,828.74,172.66,1470.49,8998.12,8169.380000000001,Wallet,Completed
72e8cd21-4747-456a-bffd-d6498ce448d1,2026_W23,O67556,U10125,P102,2026-06-02 03:43:31,1,2314.83,267.83,183.46,368.46,2314.83,2047.0,Credit Card,Completed
72e8cd21-4747-456a-bffd-d6498ce448d1,2026_W23,O67557,U16458,P5,2026-06-02 22:06:05,2,9411.93,1329.49,187.0,3148.99,18823.86,17494.37,Credit Card,Completed
72e8cd21-4747-456a-bffd-d6498ce448d1,2026_W23,O67558,U31373,P41,2026-06-05 20:06:05,3,11748.5,4569.01,191.4,5521.77,35245.5,30676.49,Debit Card,Completed
72e8cd21-4747-456a-bffd-d6498ce448d1,2026_W23,O67559,U33283,P139,2026-06-04 06:39:03,2,3152.91,685.82,160.5,1011.6,6305.82,5620.0,UPI,Completed
72e8cd21-4747-456a-bffd-d6498ce448d1,2026_W23,O67560,U5605,P170,2026-06-03 20:51:55,3,9183.37,2492.49,138.26,4510.37,27550.11,25057.620000000003,Wallet,Completed
72e8cd21-4747-456a-bffd-d6498ce448d1,2026_W23,O67561,U18733,P2,2026-06-05 15:54:35,3,4248.72,372.68,61.33,2227.23,12746.16,12373.48,Debit Card,Completed
72e8cd21-4747-456a-bffd-d6498ce448d1,2026_W23,O67562,U13963,P73,2026-06-04 12:50:26,3,2860.52,128.71,110.24,1521.51,8581.56,8452.85,Wallet,Completed
72e8cd21-4747-456a-bffd-d6498ce448d1,2026_W23,O67563,U10085,P74,2026-06-07 13:09:55,3,4407.74,1765.26,57.78,2062.43,13223.22,11457.96,Credit Card,Completed
72e8cd21-4747-456a-bffd-d6498ce448d1,2026_W23,O67564,U2064,P79,2026-06-05 03:29:50,2,4029.4,431.41,108.24,1372.93,8058.8,7627.39,Debit Card,Completed
72e8cd21-4747-456a-bffd-d6498ce448d1,2026_W23,O67565,U94,P6,2026-06-04 10:47:09,1,6942.01,30.61,94.45,1244.05,6942.01,6911.400000000001,UPI,Completed
72e8cd21-4747-456a-bffd-d6498ce448d1,2026_W23,O67566,U2257,P50,2026-06-04 05:31:08,1,2577.38,5.74,52.97,462.9,2577.38,2571.6400000000003,Credit Card,Completed
72e8cd21-4747-456a-bffd-d6498ce448d1,2026_W23,O67567,U17725,P118,2026-06-05 16:43:08,4,1413.19,476.08,62.59,931.8,5652.76,5176.68,Credit Card,Completed
72e8cd21-4747-456a-bffd-d6498ce448d1,2026_W23,O67568,U1124,P67,2026-06-02 01:58:07,4,6380.8,2680.19,185.66,4111.74,25523.2,22843.01,Debit Card,Completed
72e8cd21-4747-456a-bffd-d6498ce448d1,2026_W23,O67569,U18750,P102,2026-06-04 20:16:48,1,2314.83,201.78,164.68,380.35,2314.83,2113.05,UPI,Completed
72e8cd21-4747-456a-bffd-d6498ce448d1,2026_W23,O67570,U26628,P89,2026-06-05 05:25:14,4,9725.61,4833.04,139.24,6132.49,38902.44,34069.4,Credit Card,Completed
72e8cd21-4747-456a-bffd-d6498ce448d1,2026_W23,O67571,U26311,P198,2026-06-04 15:25:08,4,7893.47,2632.63,174.24,5209.42,31573.88,28941.25,UPI,Completed
72e8cd21-4747-456a-bffd-d6498ce448d1,2026_W23,O67572,U21827,P29,2026-06-07 04:47:19,2,1532.51,22.8,103.44,547.6,3065.02,3042.22,Wallet,Completed
72e8cd21-4747-456a-bffd-d6498ce448d1,2026_W23,O67573,U5330,P49,2026-06-04 09:06:48,3,4491.12,1748.6,187.3,2110.46,13473.36,11724.76,Debit Card,Completed
72e8cd21-4747-456a-bffd-d6498ce448d1,2026_W23,O67574,U23607,P49,2026-06-03 23:08:13,4,4491.12,1571.52,149.37,2950.73,17964.48,16392.96,Debit Card,Completed
72e8cd21-4747-456a-bffd-d6498ce448d1,2026_W23,O67575,U3762,P32,2026-06-05 10:40:08,4,1891.54,330.69,147.87,1302.38,7566.16,7235.47,Wallet,Completed
72e8cd21-4747-456a-bffd-d6498ce448d1,2026_W23,O67576,U7835,P191,2026-06-05 07:02:40,2,6168.41,197.8,156.31,2185.02,12336.82,12139.02,Credit Card,Completed
72e8cd21-4747-456a-bffd-d6498ce448d1,2026_W23,O67577,U30259,P122,2026-06-06 07:38:51,3,7123.24,2263.52,173.98,3439.12,21369.72,19106.2,Credit Card,Completed
72e8cd21-4747-456a-bffd-d6498ce448d1,2026_W23,O67578,U20605,P184,2026-06-07 01:35:41,1,2050.2,45.53,175.39,360.84,2050.2,2004.67,UPI,Completed
72e8cd21-4747-456a-bffd-d6498ce448d1,2026_W23,O67579,U6502,P88,2026-06-03 18:24:42,3,6362.48,2279.95,88.76,3025.35,19087.44,16807.489999999998,Wallet,Completed
72e8cd21-4747-456a-bffd-d6498ce448d1,2026_W23,O67580,U5342,P150,2026-06-04 23:06:48,3,7237.54,496.76,152.86,3818.85,21712.62,21215.86,UPI,Completed
72e8cd21-4747-456a-bffd-d6498ce448d1,2026_W23,O67581,U17587,P137,2026-06-07 18:15:40,2,2412.96,512.98,133.92,776.33,4825.92,4312.9400000000005,Wallet,Completed
72e8cd21-4747-456a-bffd-d6498ce448d1,2026_W23,O67582,U20104,P170,2026-06-04 17:08:54,4,9183.37,1406.4,138.46,6358.87,36733.48,35327.08,UPI,Completed
72e8cd21-4747-456a-bffd-d6498ce448d1,2026_W23,O67583,U32969,P72,2026-06-06 18:03:31,2,7361.26,1523.37,134.73,2375.85,14722.52,13199.15,Wallet,Completed
72e8cd21-4747-456a-bffd-d6498ce448d1,2026_W23,O67584,U11048,P116,2026-06-06 14:12:59,3,6311.89,1596.76,109.78,3121.0,18935.67,17338.910000000003,Credit Card,Completed
72e8cd21-4747-456a-bffd-d6498ce448d1,2026_W23,O67585,U31704,P95,2026-06-07 04:19:52,4,8832.47,925.63,152.73,6192.76,35329.88,34404.25,Credit Card,Completed
72e8cd21-4747-456a-bffd-d6498ce448d1,2026_W23,O67586,U25848,P60,2026-06-06 03:16:24,2,7906.19,1877.27,173.89,2508.32,15812.38,13935.11,Debit Card,Completed
72e8cd21-4747-456a-bffd-d6498ce448d1,2026_W23,O67587,U13633,P23,2026-06-02 00:27:05,3,8537.77,2598.58,65.3,4142.65,25613.31,23014.730000000003,Debit Card,Completed
72e8cd21-4747-456a-bffd-d6498ce448d1,2026_W23,O67588,U6136,P130,2026-06-06 05:40:11,1,3717.66,54.3,144.98,659.4,3717.66,3663.36,UPI,Completed
72e8cd21-4747-456a-bffd-d6498ce448d1,2026_W23,O67589,U17513,P199,2026-06-04 21:49:46,4,5324.39,2323.51,50.26,3415.33,21297.56,18974.050000000003,Credit Card,Completed
72e8cd21-4747-456a-bffd-d6498ce448d1,2026_W23,O67590,U29491,P200,2026-06-05 00:39:52,3,2159.6,657.37,163.4,1047.86,6478.799999999999,5821.429999999999,Credit Card,Completed
72e8cd21-4747-456a-bffd-d6498ce448d1,2026_W23,O67591,U33081,P92,2026-06-04 05:36:29,2,2278.27,490.78,155.06,731.84,4556.54,4065.76,Wallet,Completed
72e8cd21-4747-456a-bffd-d6498ce448d1,2026_W23,O67592,U21870,P185,2026-06-03 01:34:57,2,7874.65,1071.15,104.34,2642.07,15749.3,14678.15,Credit Card,Completed
72e8cd21-4747-456a-bffd-d6498ce448d1,2026_W23,O67593,U3704,P42,2026-06-05 13:01:21,3,7209.49,2418.44,161.13,3457.81,21628.47,19210.03,Debit Card,Completed
72e8cd21-4747-456a-bffd-d6498ce448d1,2026_W23,O67594,U19133,P186,2026-06-05 16:55:40,3,7703.95,1549.8,66.42,3881.17,23111.85,21562.05,UPI,Completed
72e8cd21-4747-456a-bffd-d6498ce448d1,2026_W23,O67595,U925,P164,2026-06-05 09:22:19,4,7788.37,2998.35,77.52,5067.92,31153.48,28155.13,Debit Card,Completed
72e8cd21-4747-456a-bffd-d6498ce448d1,2026_W23,O67596,U34644,P8,2026-06-06 01:10:47,1,6662.34,637.16,192.54,1084.53,6662.34,6025.18,Wallet,Completed
72e8cd21-4747-456a-bffd-d6498ce448d1,2026_W23,O67597,U19543,P83,2026-06-07 00:58:38,2,4290.17,1032.55,130.56,1358.6,8580.34,7547.79,Debit Card,Completed
72e8cd21-4747-456a-bffd-d6498ce448d1,2026_W23,O67598,U14354,P10,2026-06-04 23:08:25,1,6265.23,234.98,195.3,1085.44,6265.23,6030.25,UPI,Completed
72e8cd21-4747-456a-bffd-d6498ce448d1,2026_W23,O67599,U11716,P53,2026-06-04 00:05:21,4,5679.25,2347.07,154.38,3666.59,22717.0,20369.93,Credit Card,Completed
72e8cd21-4747-456a-bffd-d6498ce448d1,2026_W23,O67600,U15536,P79,2026-06-02 18:07:33,2,4029.4,1195.66,178.22,1235.37,8058.8,6863.14,Wallet,Completed
72e8cd21-4747-456a-bffd-d6498ce448d1,2026_W23,O67601,U8540,P118,2026-06-04 19:13:37,1,1413.19,113.16,104.65,234.01,1413.19,1300.03,Wallet,Completed
72e8cd21-4747-456a-bffd-d6498ce448d1,2026_W23,O67602,U18646,P19,2026-06-07 02:55:26,3,10412.16,3652.43,126.3,4965.13,31236.48,27584.05,Credit Card,Completed
72e8cd21-4747-456a-bffd-d6498ce448d1,2026_W23,O67603,U29365,P28,2026-06-05 19:01:45,3,7134.46,1127.64,117.49,3649.63,21403.38,20275.74,Wallet,Completed
72e8cd21-4747-456a-bffd-d6498ce448d1,2026_W23,O67604,U24582,P95,2026-06-07 18:53:33,4,8832.47,1979.59,119.23,6003.05,35329.88,33350.29,UPI,Completed
72e8cd21-4747-456a-bffd-d6498ce448d1,2026_W23,O67605,U28351,P43,2026-06-06 01:34:44,1,2660.01,46.47,67.8,470.44,2660.01,2613.5400000000004,UPI,Completed
72e8cd21-4747-456a-bffd-d6498ce448d1,2026_W23,O67606,U17885,P99,2026-06-07 04:15:12,3,5923.25,240.75,104.05,3155.22,17769.75,17529.0,Wallet,Completed
72e8cd21-4747-456a-bffd-d6498ce448d1,2026_W23,O67607,U27952,P33,2026-06-06 13:52:45,4,8155.0,3521.34,158.48,5237.76,32620.0,29098.66,Credit Card,Completed
72e8cd21-4747-456a-bffd-d6498ce448d1,2026_W23,O67608,U18905,P101,2026-06-03 03:25:37,3,10959.44,1194.67,88.94,5703.06,32878.32,31683.65,Debit Card,Completed
72e8cd21-4747-456a-bffd-d6498ce448d1,2026_W23,O67609,U26986,P153,2026-06-06 02:37:21,2,3236.07,418.97,157.36,1089.57,6472.14,6053.17,Wallet,Completed
72e8cd21-4747-456a-bffd-d6498ce448d1,2026_W23,O67610,U24923,P71,2026-06-02 20:27:07,3,4652.78,1605.98,113.8,2223.42,13958.34,12352.36,Debit Card,Completed
72e8cd21-4747-456a-bffd-d6498ce448d1,2026_W23,O67611,U3881,P25,2026-06-04 14:24:23,4,7381.46,3893.46,143.17,4613.83,29525.84,25632.38,Wallet,Completed
72e8cd21-4747-456a-bffd-d6498ce448d1,2026_W23,O67612,U34849,P49,2026-06-05 04:09:14,4,4491.12,2611.88,186.81,2763.47,17964.48,15352.6,UPI,Completed
72e8cd21-4747-456a-bffd-d6498ce448d1,2026_W23,O67613,U16823,P90,2026-06-06 05:21:46,3,10379.64,2817.8,69.34,5097.8,31138.92,28321.12,UPI,Completed
72e8cd21-4747-456a-bffd-d6498ce448d1,2026_W23,O67614,U9096,P147,2026-06-06 22:42:23,3,8552.19,811.32,63.37,4472.14,25656.57,24845.25,Debit Card,Completed
72e8cd21-4747-456a-bffd-d6498ce448d1,2026_W23,O67615,U10708,P184,2026-06-05 03:57:46,4,2050.2,1212.49,55.47,1257.9,8200.8,6988.31,Wallet,Completed
72e8cd21-4747-456a-bffd-d6498ce448d1,2026_W23,O67616,U10851,P35,2026-06-07 16:42:50,4,2889.44,1459.11,185.5,1817.76,11557.76,10098.65,Debit Card,Completed
72e8cd21-4747-456a-bffd-d6498ce448d1,2026_W23,O67617,U13340,P181,2026-06-06 05:14:45,2,6034.6,351.92,189.61,2109.11,12069.2,11717.28,Credit Card,Completed
72e8cd21-4747-456a-bffd-d6498ce448d1,2026_W23,O67618,U29965,P103,2026-06-03 21:15:43,4,4922.25,2686.74,73.19,3060.41,19689.0,17002.260000000002,Wallet,Completed
72e8cd21-4747-456a-bffd-d6498ce448d1,2026_W23,O67619,U30390,P105,2026-06-05 07:53:42,2,2249.83,586.71,134.77,704.33,4499.66,3912.95,Wallet,Completed
72e8cd21-4747-456a-bffd-d6498ce448d1,2026_W23,O67620,U28630,P200,2026-06-05 20:10:27,1,2159.6,85.46,147.88,373.35,2159.6,2074.14,UPI,Completed
72e8cd21-4747-456a-bffd-d6498ce448d1,2026_W23,O67621,U33083,P185,2026-06-07 10:12:54,4,7874.65,518.12,128.4,5576.49,31498.6,30980.48,Credit Card,Completed
72e8cd21-4747-456a-bffd-d6498ce448d1,2026_W23,O67622,U24199,P9,2026-06-02 00:51:56,3,6463.86,732.84,120.37,3358.57,19391.58,18658.74,Wallet,Completed
72e8cd21-4747-456a-bffd-d6498ce448d1,2026_W23,O67623,U17365,P183,2026-06-06 05:35:45,2,5821.34,1012.17,89.66,1913.49,11642.68,10630.51,Wallet,Completed
72e8cd21-4747-456a-bffd-d6498ce448d1,2026_W23,O67624,U11766,P53,2026-06-05 07:22:10,2,5679.25,1648.81,170.8,1747.74,11358.5,9709.69,Credit Card,Completed
72e8cd21-4747-456a-bffd-d6498ce448d1,2026_W23,O67625,U5389,P138,2026-06-02 12:19:40,4,6989.52,4190.78,184.29,4278.11,27958.08,23767.300000000003,Debit Card,Completed
72e8cd21-4747-456a-bffd-d6498ce448d1,2026_W23,O67626,U7477,P100,2026-06-03 20:50:26,4,6025.88,3237.73,144.53,3755.84,24103.52,20865.79,Credit Card,Completed
72e8cd21-4747-456a-bffd-d6498ce448d1,2026_W23,O67627,U15383,P73,2026-06-01 21:03:58,1,2860.52,91.07,165.0,498.5,2860.52,2769.45,Wallet,Completed
72e8cd21-4747-456a-bffd-d6498ce448d1,2026_W23,O67628,U27302,P54,2026-06-02 08:41:57,4,8322.93,2509.25,108.86,5540.84,33291.72,30782.47,UPI,Completed
72e8cd21-4747-456a-bffd-d6498ce448d1,2026_W23,O67629,U32122,P91,2026-06-02 19:15:52,1,4770.75,157.37,137.56,830.41,4770.75,4613.38,UPI,Completed
72e8cd21-4747-456a-bffd-d6498ce448d1,2026_W23,O67630,U6748,P200,2026-06-06 22:24:39,4,2159.6,683.95,94.86,1431.8,8638.4,7954.45,UPI,Completed
72e8cd21-4747-456a-bffd-d6498ce448d1,2026_W23,O67631,U8876,P129,2026-06-03 21:58:38,3,4560.09,1077.72,86.45,2268.46,13680.27,12602.55,Credit Card,Completed
72e8cd21-4747-456a-bffd-d6498ce448d1,2026_W23,O67632,U29141,P63,2026-06-04 14:20:25,3,11400.74,221.59,140.02,6116.51,34202.22,33980.630000000005,Credit Card,Completed
72e8cd21-4747-456a-bffd-d6498ce448d1,2026_W23,O67633,U18995,P151,2026-06-07 00:02:22,2,10300.34,1804.49,89.72,3383.31,20600.68,18796.19,Credit Card,Completed
72e8cd21-4747-456a-bffd-d6498ce448d1,2026_W23,O67634,U2896,P60,2026-06-07 06:06:46,1,7906.19,1028.86,122.72,1237.92,7906.19,6877.33,Debit Card,Completed
72e8cd21-4747-456a-bffd-d6498ce448d1,2026_W23,O67635,U26036,P117,2026-06-06 21:55:28,3,9615.7,4.13,108.67,5191.73,28847.1,28842.97,Credit Card,Completed
72e8cd21-4747-456a-bffd-d6498ce448d1,2026_W23,O67636,U16105,P136,2026-06-07 14:32:59,3,2987.05,538.66,196.99,1516.05,8961.150000000001,8422.490000000002,Debit Card,Completed
72e8cd21-4747-456a-bffd-d6498ce448d1,2026_W23,O67637,U19416,P199,2026-06-06 09:50:09,1,5324.39,408.03,123.83,884.94,5324.39,4916.360000000001,Debit Card,Completed
72e8cd21-4747-456a-bffd-d6498ce448d1,2026_W23,O67638,U5638,P98,2026-06-07 18:54:42,1,9747.59,1421.98,59.42,1498.61,9747.59,8325.61,Debit Card,Completed
72e8cd21-4747-456a-bffd-d6498ce448d1,2026_W23,O67639,U14985,P103,2026-06-03 15:39:05,1,4922.25,106.76,86.29,866.79,4922.25,4815.49,Debit Card,Completed
72e8cd21-4747-456a-bffd-d6498ce448d1,2026_W23,O67640,U14837,P76,2026-06-04 21:54:24,3,1956.86,623.61,147.45,944.45,5870.58,5246.97,Debit Card,Completed
72e8cd21-4747-456a-bffd-d6498ce448d1,2026_W23,O67641,U33962,P116,2026-06-06 23:38:52,3,6311.89,961.11,109.76,3235.42,18935.67,17974.56,Credit Card,Completed
72e8cd21-4747-456a-bffd-d6498ce448d1,2026_W23,O67642,U14201,P87,2026-06-05 03:38:39,4,2857.28,1386.35,89.39,1807.7,11429.12,10042.77,UPI,Completed
72e8cd21-4747-456a-bffd-d6498ce448d1,2026_W23,O67643,U29618,P190,2026-06-06 03:37:50,4,7773.11,26.84,91.71,5591.81,31092.44,31065.6,UPI,Completed
72e8cd21-4747-456a-bffd-d6498ce448d1,2026_W23,O67644,U2773,P137,2026-06-07 05:38:56,1,2412.96,48.09,83.4,425.68,2412.96,2364.87,Wallet,Completed
72e8cd21-4747-456a-bffd-d6498ce448d1,2026_W23,O67645,U13136,P97,2026-06-02 23:27:19,4,5186.28,2276.57,121.67,3324.34,20745.12,18468.55,Wallet,Completed
72e8cd21-4747-456a-bffd-d6498ce448d1,2026_W23,O67646,U23637,P63,2026-06-05 17:33:35,2,11400.74,1728.48,92.21,3793.14,22801.48,21073.0,Debit Card,Completed
72e8cd21-4747-456a-bffd-d6498ce448d1,2026_W23,O67647,U21840,P114,2026-06-04 02:28:12,3,3958.12,1022.85,53.6,1953.27,11874.36,10851.51,Debit Card,Completed
72e8cd21-4747-456a-bffd-d6498ce448d1,2026_W23,O67648,U10956,P64,2026-06-03 11:39:05,2,5229.45,978.99,144.36,1706.38,10458.9,9479.91,Debit Card,Completed
72e8cd21-4747-456a-bffd-d6498ce448d1,2026_W23,O67649,U18355,P74,2026-06-04 03:18:38,1,4407.74,656.07,166.02,675.3,4407.74,3751.67,Debit Card,Completed
72e8cd21-4747-456a-bffd-d6498ce448d1,2026_W23,O67650,U6059,P26,2026-06-05 23:37:23,2,6921.53,1704.52,113.61,2184.94,13843.06,12138.54,Debit Card,Completed
72e8cd21-4747-456a-bffd-d6498ce448d1,2026_W23,O67651,U31498,P107,2026-06-03 05:57:33,4,5037.89,579.88,175.01,3522.9,20151.56,19571.68,Wallet,Completed
72e8cd21-4747-456a-bffd-d6498ce448d1,2026_W23,O67652,U24830,P27,2026-06-06 19:50:31,3,4374.27,473.21,163.69,2276.93,13122.81,12649.600000000002,Debit Card,Completed
72e8cd21-4747-456a-bffd-d6498ce448d1,2026_W23,O67653,U15636,P72,2026-06-03 23:16:25,1,7361.26,334.54,134.04,1264.81,7361.26,7026.72,Credit Card,Completed
72e8cd21-4747-456a-bffd-d6498ce448d1,2026_W23,O67654,U15711,P111,2026-06-02 04:41:10,3,2233.14,340.95,120.78,1144.52,6699.42,6358.47,Wallet,Completed
72e8cd21-4747-456a-bffd-d6498ce448d1,2026_W23,O67655,U14466,P160,2026-06-06 16:35:19,2,3922.12,30.4,132.49,1406.49,7844.24,7813.84,Debit Card,Completed
72e8cd21-4747-456a-bffd-d6498ce448d1,2026_W23,O67656,U25491,P163,2026-06-04 10:31:16,3,4948.62,879.31,134.56,2513.98,14845.86,13966.55,Credit Card,Completed
72e8cd21-4747-456a-bffd-d6498ce448d1,2026_W23,O67657,U7830,P160,2026-06-02 15:35:31,2,3922.12,389.0,60.37,1341.94,7844.24,7455.24,UPI,Completed
72e8cd21-4747-456a-bffd-d6498ce448d1,2026_W23,O67658,U17648,P23,2026-06-07 14:24:13,2,8537.77,1077.61,50.43,2879.63,17075.54,15997.93,Credit Card,Completed
72e8cd21-4747-456a-bffd-d6498ce448d1,2026_W23,O67659,U12379,P52,2026-06-03 22:34:13,1,2737.55,140.34,134.4,467.5,2737.55,2597.21,Wallet,Completed
72e8cd21-4747-456a-bffd-d6498ce448d1,2026_W23,O67660,U16602,P184,2026-06-06 02:10:02,1,2050.2,208.9,151.03,331.43,2050.2,1841.3,Wallet,Completed
72e8cd21-4747-456a-bffd-d6498ce448d1,2026_W23,O67661,U11875,P68,2026-06-05 20:34:56,3,4648.44,1230.31,130.81,2288.7,13945.32,12715.01,Wallet,Completed
72e8cd21-4747-456a-bffd-d6498ce448d1,2026_W23,O67662,U32396,P158,2026-06-06 13:42:51,2,2851.23,4.61,146.44,1025.61,5702.46,5697.85,Credit Card,Completed
72e8cd21-4747-456a-bffd-d6498ce448d1,2026_W23,O67663,U1286,P116,2026-06-07 08:50:53,1,6311.89,862.38,88.91,980.91,6311.89,5449.51,Credit Card,Completed
72e8cd21-4747-456a-bffd-d6498ce448d1,2026_W23,O67664,U19557,P85,2026-06-02 00:15:26,1,7940.53,987.76,180.86,1251.5,7940.53,6952.77,Credit Card,Completed
72e8cd21-4747-456a-bffd-d6498ce448d1,2026_W23,O67665,U28768,P82,2026-06-05 04:48:29,1,4676.03,69.06,91.07,829.25,4676.03,4606.969999999999,UPI,Completed
72e8cd21-4747-456a-bffd-d6498ce448d1,2026_W23,O67666,U17160,P2,2026-06-05 11:36:38,4,4248.72,370.56,186.86,2992.38,16994.88,16624.32,Debit Card,Completed
72e8cd21-4747-456a-bffd-d6498ce448d1,2026_W23,O67667,U1355,P17,2026-06-03 16:59:26,1,8998.12,721.96,151.84,1489.71,8998.12,8276.16,Wallet,Completed
72e8cd21-4747-456a-bffd-d6498ce448d1,2026_W23,O67668,U12334,P103,2026-06-02 02:50:48,3,4922.25,909.68,180.82,2494.27,14766.75,13857.07,Debit Card,Completed
72e8cd21-4747-456a-bffd-d6498ce448d1,2026_W23,O67669,U3382,P187,2026-06-03 19:43:12,4,2141.32,1162.82,105.69,1332.44,8565.28,7402.460000000001,UPI,Completed
72e8cd21-4747-456a-bffd-d6498ce448d1,2026_W23,O67670,U10606,P158,2026-06-06 13:01:01,4,2851.23,523.11,151.28,1958.73,11404.92,10881.81,UPI,Completed
72e8cd21-4747-456a-bffd-d6498ce448d1,2026_W23,O67671,U22100,P30,2026-06-07 12:31:23,1,10435.98,738.88,112.92,1745.48,10435.98,9697.1,UPI,Completed
72e8cd21-4747-456a-bffd-d6498ce448d1,2026_W23,O67672,U7516,P61,2026-06-04 16:02:00,3,7274.63,2896.16,147.49,3406.99,21823.89,18927.73,UPI,Completed
72e8cd21-4747-456a-bffd-d6498ce448d1,2026_W23,O67673,U9695,P119,2026-06-04 23:14:23,3,2931.16,549.24,70.58,1483.96,8793.48,8244.24,UPI,Completed
72e8cd21-4747-456a-bffd-d6498ce448d1,2026_W23,O67674,U29159,P36,2026-06-07 17:10:39,2,5080.52,979.07,131.0,1652.75,10161.04,9181.97,Credit Card,Completed
72e8cd21-4747-456a-bffd-d6498ce448d1,2026_W23,O67675,U8070,P48,2026-06-06 13:47:16,4,4680.1,2234.05,174.73,2967.54,18720.4,16486.350000000002,UPI,Completed
72e8cd21-4747-456a-bffd-d6498ce448d1,2026_W23,O67676,U1190,P14,2026-06-06 13:53:48,1,7736.91,830.43,64.53,1243.17,7736.91,6906.48,Debit Card,Completed
72e8cd21-4747-456a-bffd-d6498ce448d1,2026_W23,O67677,U2100,P131,2026-06-02 19:48:20,3,2872.68,292.95,97.31,1498.52,8618.039999999999,8325.089999999998,UPI,Completed
72e8cd21-4747-456a-bffd-d6498ce448d1,2026_W23,O67678,U8536,P80,2026-06-04 06:46:23,2,4942.61,1163.89,92.55,1569.84,9885.22,8721.33,Wallet,Completed
72e8cd21-4747-456a-bffd-d6498ce448d1,2026_W23,O67679,U6427,P3,2026-06-04 05:43:30,4,6836.35,2563.5,196.14,4460.74,27345.4,24781.9,Wallet,Completed
72e8cd21-4747-456a-bffd-d6498ce448d1,2026_W23,O67680,U5768,P78,2026-06-02 09:18:52,3,3006.64,1207.21,90.59,1406.29,9019.92,7812.71,Credit Card,Completed
72e8cd21-4747-456a-bffd-d6498ce448d1,2026_W23,O67681,U15184,P37,2026-06-06 16:06:48,4,5843.49,80.52,84.25,4192.82,23373.96,23293.44,Wallet,Completed
72e8cd21-4747-456a-bffd-d6498ce448d1,2026_W23,O67682,U33946,P96,2026-06-06 19:42:13,2,6736.46,1749.18,174.59,2110.27,13472.92,11723.74,Credit Card,Completed
72e8cd21-4747-456a-bffd-d6498ce448d1,2026_W23,O67683,U32985,P42,2026-06-03 16:29:20,4,7209.49,3862.32,162.51,4495.62,28837.96,24975.64,UPI,Completed
72e8cd21-4747-456a-bffd-d6498ce448d1,2026_W23,O67684,U11259,P137,2026-06-07 00:08:15,2,2412.96,236.29,81.95,826.13,4825.92,4589.63,Credit Card,Completed
72e8cd21-4747-456a-bffd-d6498ce448d1,2026_W23,O67685,U2797,P86,2026-06-06 12:09:05,1,5552.06,49.32,194.94,990.49,5552.06,5502.740000000001,UPI,Completed
72e8cd21-4747-456a-bffd-d6498ce448d1,2026_W23,O67686,U27404,P24,2026-06-04 10:34:24,2,7207.54,995.63,138.35,2415.5,14415.08,13419.45,Debit Card,Completed
72e8cd21-4747-456a-bffd-d6498ce448d1,2026_W23,O67687,U34533,P157,2026-06-04 07:13:37,1,6948.33,381.54,133.96,1182.02,6948.33,6566.79,Wallet,Completed
72e8cd21-4747-456a-bffd-d6498ce448d1,2026_W23,O67688,U7552,P198,2026-06-04 05:49:01,1,7893.47,538.0,81.45,1323.98,7893.47,7355.47,UPI,Completed
72e8cd21-4747-456a-bffd-d6498ce448d1,2026_W23,O67689,U28297,P92,2026-06-05 14:07:10,2,2278.27,242.05,183.7,776.61,4556.54,4314.49,UPI,Completed
72e8cd21-4747-456a-bffd-d6498ce448d1,2026_W23,O67690,U21875,P79,2026-06-07 07:52:50,3,4029.4,261.8,54.92,2128.75,12088.2,11826.4,UPI,Completed
72e8cd21-4747-456a-bffd-d6498ce448d1,2026_W23,O67691,U29634,P197,2026-06-03 13:06:36,4,1602.39,915.92,91.28,988.86,6409.56,5493.64,Debit Card,Completed
72e8cd21-4747-456a-bffd-d6498ce448d1,2026_W23,O67692,U26567,P56,2026-06-04 17:26:31,4,9007.41,2346.3,196.43,6063.0,36029.64,33683.34,UPI,Completed
72e8cd21-4747-456a-bffd-d6498ce448d1,2026_W23,O67693,U9782,P183,2026-06-05 13:01:30,2,5821.34,698.81,58.15,1969.9,11642.68,10943.87,Debit Card,Completed
72e8cd21-4747-456a-bffd-d6498ce448d1,2026_W23,O67694,U27513,P13,2026-06-05 04:10:17,3,7537.32,3209.52,150.05,3492.44,22611.96,19402.44,Debit Card,Completed
72e8cd21-4747-456a-bffd-d6498ce448d1,2026_W23,O67695,U31623,P33,2026-06-02 22:08:07,1,8155.0,934.6,90.85,1299.67,8155.0,7220.4,Debit Card,Completed
72e8cd21-4747-456a-bffd-d6498ce448d1,2026_W23,O67696,U33833,P158,2026-06-05 14:14:14,3,2851.23,990.03,94.03,1361.46,8553.69,7563.660000000001,UPI,Completed
72e8cd21-4747-456a-bffd-d6498ce448d1,2026_W23,O67697,U8269,P188,2026-06-05 23:43:57,4,3474.24,992.47,75.97,2322.81,13896.96,12904.49,UPI,Completed
72e8cd21-4747-456a-bffd-d6498ce448d1,2026_W23,O67698,U19937,P164,2026-06-03 17:19:13,4,7788.37,2425.64,105.22,5171.01,31153.48,28727.84,Wallet,Completed
72e8cd21-4747-456a-bffd-d6498ce448d1,2026_W23,O67699,U23876,P129,2026-06-03 22:31:32,2,4560.09,1035.49,130.65,1455.24,9120.18,8084.69,UPI,Completed
72e8cd21-4747-456a-bffd-d6498ce448d1,2026_W23,O67700,U13890,P192,2026-06-03 08:29:06,3,11696.08,48.2,160.47,6307.21,35088.24,35040.04,Debit Card,Completed
72e8cd21-4747-456a-bffd-d6498ce448d1,2026_W23,O67701,U34210,P179,2026-06-04 23:48:26,4,6023.34,1068.28,97.42,4144.51,24093.36,23025.08,Debit Card,Completed
72e8cd21-4747-456a-bffd-d6498ce448d1,2026_W23,O67702,U29336,P24,2026-06-04 21:50:53,2,7207.54,833.05,73.59,2444.77,14415.08,13582.03,Credit Card,Completed
72e8cd21-4747-456a-bffd-d6498ce448d1,2026_W23,O67703,U7865,P80,2026-06-04 22:53:18,1,4942.61,214.38,85.25,851.08,4942.61,4728.23,UPI,Completed
72e8cd21-4747-456a-bffd-d6498ce448d1,2026_W23,O67704,U16665,P37,2026-06-04 21:06:47,2,5843.49,506.75,176.92,2012.44,11686.98,11180.23,Debit Card,Completed
72e8cd21-4747-456a-bffd-d6498ce448d1,2026_W23,O67705,U24335,P146,2026-06-06 18:17:24,1,8753.05,432.77,180.42,1497.65,8753.05,8320.279999999999,Wallet,Completed
72e8cd21-4747-456a-bffd-d6498ce448d1,2026_W23,O67706,U34885,P142,2026-06-01 21:58:05,4,5009.2,1554.66,170.97,3326.79,20036.8,18482.14,Wallet,Completed
72e8cd21-4747-456a-bffd-d6498ce448d1,2026_W23,O67707,U5496,P30,2026-06-03 11:44:06,3,10435.98,1153.52,81.0,5427.8,31307.94,30154.42,UPI,Completed
72e8cd21-4747-456a-bffd-d6498ce448d1,2026_W23,O67708,U34555,P128,2026-06-05 17:06:13,2,8967.81,222.47,83.63,3188.37,17935.62,17713.149999999998,Wallet,Completed
72e8cd21-4747-456a-bffd-d6498ce448d1,2026_W23,O67709,U30984,P68,2026-06-04 05:48:49,2,4648.44,790.52,191.9,1531.14,9296.88,8506.359999999999,UPI,Completed
72e8cd21-4747-456a-bffd-d6498ce448d1,2026_W23,O67710,U25042,P22,2026-06-02 20:17:17,3,5208.88,927.12,135.52,2645.91,15626.64,14699.52,Debit Card,Completed
72e8cd21-4747-456a-bffd-d6498ce448d1,2026_W23,O67711,U14119,P57,2026-06-05 14:50:43,1,8106.78,681.91,74.94,1336.48,8106.78,7424.87,UPI,Completed
72e8cd21-4747-456a-bffd-d6498ce448d1,2026_W23,O67712,U1436,P51,2026-06-06 02:15:27,1,5156.58,233.68,93.83,886.12,5156.58,4922.9,Debit Card,Completed
72e8cd21-4747-456a-bffd-d6498ce448d1,2026_W23,O67713,U23538,P187,2026-06-03 09:37:48,2,2141.32,308.53,117.32,715.34,4282.64,3974.1100000000006,Wallet,Completed
72e8cd21-4747-456a-bffd-d6498ce448d1,2026_W23,O67714,U23899,P49,2026-06-04 17:34:52,4,4491.12,1342.36,131.48,2991.98,17964.48,16622.12,UPI,Completed
72e8cd21-4747-456a-bffd-d6498ce448d1,2026_W23,O67715,U27237,P112,2026-06-06 02:29:26,3,7986.57,696.83,53.03,4187.32,23959.71,23262.88,UPI,Completed
72e8cd21-4747-456a-bffd-d6498ce448d1,2026_W23,O67716,U19930,P141,2026-06-05 11:35:12,4,3712.37,147.14,178.16,2646.42,14849.48,14702.34,UPI,Completed
72e8cd21-4747-456a-bffd-d6498ce448d1,2026_W23,O67717,U31261,P109,2026-06-05 04:53:10,2,5905.39,1698.32,198.29,1820.24,11810.78,10112.46,Credit Card,Completed
72e8cd21-4747-456a-bffd-d6498ce448d1,2026_W23,O67718,U17452,P54,2026-06-05 08:01:02,1,8322.93,492.38,119.36,1409.5,8322.93,7830.55,Debit Card,Completed
72e8cd21-4747-456a-bffd-d6498ce448d1,2026_W23,O67719,U17419,P197,2026-06-07 16:25:22,2,1602.39,91.62,97.98,560.37,3204.78,3113.1600000000003,UPI,Completed
72e8cd21-4747-456a-bffd-d6498ce448d1,2026_W23,O67720,U32032,P129,2026-06-05 13:53:15,4,4560.09,564.2,131.01,3181.71,18240.36,17676.16,Debit Card,Completed
72e8cd21-4747-456a-bffd-d6498ce448d1,2026_W23,O67721,U13890,P188,2026-06-06 05:35:10,2,3474.24,665.68,91.33,1130.9,6948.48,6282.799999999999,Wallet,Completed
72e8cd21-4747-456a-bffd-d6498ce448d1,2026_W23,O67722,U2411,P122,2026-06-07 06:36:33,2,7123.24,534.94,78.28,2468.08,14246.48,13711.54,Credit Card,Completed
72e8cd21-4747-456a-bffd-d6498ce448d1,2026_W23,O67723,U7757,P174,2026-06-07 16:41:57,1,8540.78,604.93,111.03,1428.45,8540.78,7935.85,Wallet,Completed
72e8cd21-4747-456a-bffd-d6498ce448d1,2026_W23,O67724,U16765,P112,2026-06-02 00:53:51,2,7986.57,1742.48,129.33,2561.52,15973.14,14230.66,UPI,Completed
72e8cd21-4747-456a-bffd-d6498ce448d1,2026_W23,O67725,U4700,P50,2026-06-04 22:42:30,3,2577.38,191.27,146.36,1357.36,7732.14,7540.87,Wallet,Completed
72e8cd21-4747-456a-bffd-d6498ce448d1,2026_W23,O67726,U32817,P88,2026-06-07 19:56:05,1,6362.48,913.34,83.45,980.85,6362.48,5449.139999999999,UPI,Completed
72e8cd21-4747-456a-bffd-d6498ce448d1,2026_W23,O67727,U472,P195,2026-06-07 05:53:07,1,9936.45,72.7,79.41,1775.48,9936.45,9863.75,UPI,Completed
72e8cd21-4747-456a-bffd-d6498ce448d1,2026_W23,O67728,U32822,P18,2026-06-03 07:18:14,2,5632.45,1605.11,106.3,1738.76,11264.9,9659.79,Debit Card,Completed
72e8cd21-4747-456a-bffd-d6498ce448d1,2026_W23,O67729,U33696,P5,2026-06-06 19:17:30,1,9411.93,723.53,119.55,1563.91,9411.93,8688.4,Debit Card,Completed
72e8cd21-4747-456a-bffd-d6498ce448d1,2026_W23,O67730,U33597,P144,2026-06-07 01:48:56,4,3365.89,1213.25,77.48,2205.06,13463.56,12250.31,UPI,Completed
72e8cd21-4747-456a-bffd-d6498ce448d1,2026_W23,O67731,U7490,P187,2026-06-07 17:04:51,2,2141.32,23.18,89.1,766.7,4282.64,4259.46,Debit Card,Completed
72e8cd21-4747-456a-bffd-d6498ce448d1,2026_W23,O67732,U8380,P72,2026-06-05 19:20:06,1,7361.26,277.75,139.25,1275.03,7361.26,7083.51,Wallet,Completed
72e8cd21-4747-456a-bffd-d6498ce448d1,2026_W23,O67733,U6625,P148,2026-06-05 16:38:38,1,3184.27,363.93,71.94,507.66,3184.27,2820.34,UPI,Completed
72e8cd21-4747-456a-bffd-d6498ce448d1,2026_W23,O67734,U23503,P70,2026-06-02 03:08:35,3,10058.46,905.16,63.46,5268.64,30175.38,29270.22,Credit Card,Completed
72e8cd21-4747-456a-bffd-d6498ce448d1,2026_W23,O67735,U8159,P21,2026-06-05 01:43:52,3,6758.44,6.27,120.72,3648.43,20275.32,20269.05,Debit Card,Completed
72e8cd21-4747-456a-bffd-d6498ce448d1,2026_W23,O67736,U18789,P170,2026-06-06 00:35:19,4,9183.37,1679.94,181.44,6309.64,36733.48,35053.54,Debit Card,Completed
72e8cd21-4747-456a-bffd-d6498ce448d1,2026_W23,O67737,U20000,P27,2026-06-07 10:50:14,1,4374.27,264.34,54.11,739.79,4374.27,4109.93,Debit Card,Completed
72e8cd21-4747-456a-bffd-d6498ce448d1,2026_W23,O67738,U31706,P18,2026-06-06 14:05:24,1,5632.45,605.34,189.54,904.88,5632.45,5027.11,Wallet,Completed
72e8cd21-4747-456a-bffd-d6498ce448d1,2026_W23,O67739,U31250,P120,2026-06-05 02:06:46,2,6088.95,1127.86,70.38,1989.01,12177.9,11050.04,UPI,Completed
72e8cd21-4747-456a-bffd-d6498ce448d1,2026_W23,O67740,U542,P105,2026-06-06 10:18:32,1,2249.83,315.3,120.45,348.22,2249.83,1934.53,Credit Card,Completed
72e8cd21-4747-456a-bffd-d6498ce448d1,2026_W23,O67741,U34452,P21,2026-06-06 12:29:46,2,6758.44,1542.07,65.45,2155.47,13516.88,11974.81,Credit Card,Completed
72e8cd21-4747-456a-bffd-d6498ce448d1,2026_W23,O67742,U8506,P142,2026-06-04 23:01:58,4,5009.2,463.62,101.71,3523.17,20036.8,19573.18,Wallet,Completed
72e8cd21-4747-456a-bffd-d6498ce448d1,2026_W23,O67743,U24061,P34,2026-06-06 02:31:26,1,3033.5,89.22,190.65,529.97,3033.5,2944.28,Wallet,Completed
72e8cd21-4747-456a-bffd-d6498ce448d1,2026_W23,O67744,U29589,P44,2026-06-06 08:40:57,2,3831.53,1068.81,117.43,1186.96,7663.06,6594.25,Wallet,Completed
72e8cd21-4747-456a-bffd-d6498ce448d1,2026_W23,O67745,U2139,P115,2026-06-03 19:30:19,4,10604.02,3284.82,124.59,7043.63,42416.08,39131.26,UPI,Completed
72e8cd21-4747-456a-bffd-d6498ce448d1,2026_W23,O67746,U14046,P34,2026-06-03 07:06:41,2,3033.5,125.14,85.51,1069.53,6067.0,5941.86,Debit Card,Completed
72e8cd21-4747-456a-bffd-d6498ce448d1,2026_W23,O67747,U33563,P36,2026-06-06 14:50:52,3,5080.52,1848.27,169.99,2410.79,15241.56,13393.29,Debit Card,Completed
72e8cd21-4747-456a-bffd-d6498ce448d1,2026_W23,O67748,U3795,P54,2026-06-02 23:44:30,4,8322.93,2144.91,178.59,5606.43,33291.72,31146.81,Wallet,Completed
72e8cd21-4747-456a-bffd-d6498ce448d1,2026_W23,O67749,U10673,P67,2026-06-07 10:15:18,4,6380.8,1381.61,161.79,4345.49,25523.2,24141.59,Credit Card,Completed
72e8cd21-4747-456a-bffd-d6498ce448d1,2026_W23,O67750,U32994,P117,2026-06-05 11:05:27,2,9615.7,1040.65,59.09,3274.34,19231.4,18190.75,Wallet,Completed
72e8cd21-4747-456a-bffd-d6498ce448d1,2026_W23,O67751,U11663,P143,2026-06-07 12:23:22,1,1686.4,114.69,87.81,282.91,1686.4,1571.71,Debit Card,Completed
72e8cd21-4747-456a-bffd-d6498ce448d1,2026_W23,O67752,U26299,P160,2026-06-07 16:58:17,3,3922.12,432.25,132.77,2040.14,11766.36,11334.11,UPI,Completed
72e8cd21-4747-456a-bffd-d6498ce448d1,2026_W23,O67753,U23607,P88,2026-06-06 19:02:11,3,6362.48,96.09,73.72,3418.44,19087.44,18991.35,Debit Card,Completed
72e8cd21-4747-456a-bffd-d6498ce448d1,2026_W23,O67754,U14713,P69,2026-06-05 23:03:34,1,2752.73,366.11,96.65,429.59,2752.73,2386.62,Debit Card,Completed
72e8cd21-4747-456a-bffd-d6498ce448d1,2026_W23,O67755,U21335,P132,2026-06-07 12:17:08,4,4280.82,2080.71,183.11,2707.66,17123.28,15042.57,Wallet,Completed
72e8cd21-4747-456a-bffd-d6498ce448d1,2026_W23,O67756,U8484,P16,2026-06-04 08:08:19,1,9334.87,1207.56,71.76,1462.92,9334.87,8127.310000000001,UPI,Completed
72e8cd21-4747-456a-bffd-d6498ce448d1,2026_W23,O67757,U31068,P149,2026-06-03 10:53:09,4,5363.67,2471.07,71.29,3417.05,21454.68,18983.61,Credit Card,Completed
72e8cd21-4747-456a-bffd-d6498ce448d1,2026_W23,O67758,U23288,P94,2026-06-06 08:46:40,2,7668.43,239.66,51.24,2717.5,15336.86,15097.2,Wallet,Completed
72e8cd21-4747-456a-bffd-d6498ce448d1,2026_W23,O67759,U21121,P57,2026-06-01 22:50:26,4,8106.78,61.54,175.13,5825.8,32427.12,32365.58,UPI,Completed
72e8cd21-4747-456a-bffd-d6498ce448d1,2026_W23,O67760,U10630,P89,2026-06-04 20:45:48,1,9725.61,41.02,93.54,1743.23,9725.61,9684.59,UPI,Completed
72e8cd21-4747-456a-bffd-d6498ce448d1,2026_W23,O67761,U11639,P181,2026-06-06 04:33:46,3,6034.6,899.62,154.64,3096.75,18103.800000000003,17204.180000000004,UPI,Completed
72e8cd21-4747-456a-bffd-d6498ce448d1,2026_W23,O67762,U4629,P108,2026-06-06 01:18:57,4,3076.73,1109.17,181.3,2015.6,12306.92,11197.75,Credit Card,Completed
72e8cd21-4747-456a-bffd-d6498ce448d1,2026_W23,O67763,U11439,P19,2026-06-02 01:13:11,1,10412.16,406.37,156.59,1801.04,10412.16,10005.79,Wallet,Completed
72e8cd21-4747-456a-bffd-d6498ce448d1,2026_W23,O67764,U16377,P166,2026-06-04 10:39:35,1,6824.24,60.57,159.06,1217.46,6824.24,6763.67,Credit Card,Completed
72e8cd21-4747-456a-bffd-d6498ce448d1,2026_W23,O67765,U19232,P49,2026-06-02 16:51:31,2,4491.12,327.72,167.95,1557.81,8982.24,8654.52,Wallet,Completed
72e8cd21-4747-456a-bffd-d6498ce448d1,2026_W23,O67766,U16850,P70,2026-06-01 23:59:35,2,10058.46,1526.63,134.52,3346.25,20116.92,18590.29,Wallet,Completed
72e8cd21-4747-456a-bffd-d6498ce448d1,2026_W23,O67767,U3084,P26,2026-06-05 07:14:45,1,6921.53,272.55,63.71,1196.82,6921.53,6648.98,UPI,Completed
72e8cd21-4747-456a-bffd-d6498ce448d1,2026_W23,O67768,U26367,P6,2026-06-06 00:13:01,3,6942.01,2610.35,159.56,3278.82,20826.03,18215.68,Debit Card,Completed
72e8cd21-4747-456a-bffd-d6498ce448d1,2026_W23,O67769,U925,P178,2026-06-02 01:29:47,2,7201.61,1770.96,145.87,2273.81,14403.22,12632.259999999998,Debit Card,Completed
72e8cd21-4747-456a-bffd-d6498ce448d1,2026_W23,O67770,U31786,P131,2026-06-07 06:30:32,1,2872.68,123.53,190.58,494.85,2872.68,2749.15,Credit Card,Completed
72e8cd21-4747-456a-bffd-d6498ce448d1,2026_W23,O67771,U23012,P96,2026-06-04 19:02:43,4,6736.46,2493.72,59.26,4401.38,26945.84,24452.12,UPI,Completed
72e8cd21-4747-456a-bffd-d6498ce448d1,2026_W23,O67772,U13166,P98,2026-06-07 03:01:40,3,9747.59,3122.97,80.58,4701.56,29242.77,26119.8,Credit Card,Completed
72e8cd21-4747-456a-bffd-d6498ce448d1,2026_W23,O67773,U6337,P9,2026-06-03 03:04:08,1,6463.86,289.07,147.32,1111.46,6463.86,6174.79,Credit Card,Completed
72e8cd21-4747-456a-bffd-d6498ce448d1,2026_W23,O67774,U23679,P104,2026-06-03 20:30:40,4,5590.84,296.49,77.43,3972.04,22363.36,22066.87,Wallet,Completed
72e8cd21-4747-456a-bffd-d6498ce448d1,2026_W23,O67775,U4630,P109,2026-06-06 09:11:51,1,5905.39,789.47,141.0,920.87,5905.39,5115.92,UPI,Completed
72e8cd21-4747-456a-bffd-d6498ce448d1,2026_W23,O67776,U4047,P9,2026-06-06 01:33:45,2,6463.86,822.9,150.46,2178.87,12927.72,12104.82,Wallet,Completed
72e8cd21-4747-456a-bffd-d6498ce448d1,2026_W23,O67777,U29608,P20,2026-06-04 18:22:34,4,2140.8,587.67,134.2,1435.6,8563.2,7975.530000000001,Debit Card,Completed
72e8cd21-4747-456a-bffd-d6498ce448d1,2026_W23,O67778,U8507,P130,2026-06-05 04:12:48,4,3717.66,741.27,81.04,2543.29,14870.64,14129.37,Debit Card,Completed
72e8cd21-4747-456a-bffd-d6498ce448d1,2026_W23,O67779,U3512,P98,2026-06-01 23:31:52,1,9747.59,6.1,159.15,1753.47,9747.59,9741.49,Debit Card,Completed
72e8cd21-4747-456a-bffd-d6498ce448d1,2026_W23,O67780,U4664,P122,2026-06-06 04:58:53,2,7123.24,2097.35,152.41,2186.84,14246.48,12149.13,Debit Card,Completed
72e8cd21-4747-456a-bffd-d6498ce448d1,2026_W23,O67781,U32822,P54,2026-06-06 16:35:16,2,8322.93,1756.7,176.2,2680.05,16645.86,14889.16,Credit Card,Completed
72e8cd21-4747-456a-bffd-d6498ce448d1,2026_W23,O67782,U11191,P187,2026-06-07 15:49:57,4,2141.32,891.23,155.51,1381.33,8565.28,7674.050000000001,Debit Card,Completed
72e8cd21-4747-456a-bffd-d6498ce448d1,2026_W23,O67783,U12164,P106,2026-06-02 09:31:54,3,4353.6,697.95,156.21,2225.31,13060.8,12362.85,UPI,Completed
72e8cd21-4747-456a-bffd-d6498ce448d1,2026_W23,O67784,U22312,P170,2026-06-03 22:01:40,2,9183.37,1219.28,111.49,3086.54,18366.74,17147.460000000003,Wallet,Completed
72e8cd21-4747-456a-bffd-d6498ce448d1,2026_W23,O67785,U23876,P5,2026-06-01 21:41:41,4,9411.93,2384.53,68.36,6347.37,37647.72,35263.19,Wallet,Completed
72e8cd21-4747-456a-bffd-d6498ce448d1,2026_W23,O67786,U2204,P197,2026-06-06 06:50:09,1,1602.39,98.21,196.38,270.75,1602.39,1504.18,UPI,Completed
72e8cd21-4747-456a-bffd-d6498ce448d1,2026_W23,O67787,U34813,P136,2026-06-07 00:33:23,1,2987.05,77.08,86.04,523.79,2987.05,2909.9700000000003,Credit Card,Completed
72e8cd21-4747-456a-bffd-d6498ce448d1,2026_W23,O67788,U21871,P93,2026-06-07 09:53:13,1,7912.93,821.83,83.71,1276.4,7912.93,7091.1,Debit Card,Completed
72e8cd21-4747-456a-bffd-d6498ce448d1,2026_W23,O67789,U2210,P189,2026-06-04 22:51:26,4,3755.21,914.53,85.69,2539.14,15020.84,14106.31,UPI,Completed
72e8cd21-4747-456a-bffd-d6498ce448d1,2026_W23,O67790,U4954,P119,2026-06-03 04:19:34,2,2931.16,860.61,123.09,900.31,5862.32,5001.71,Credit Card,Completed
72e8cd21-4747-456a-bffd-d6498ce448d1,2026_W23,O67791,U23529,P110,2026-06-04 10:19:26,1,2362.36,78.11,148.61,411.16,2362.36,2284.25,Wallet,Completed
72e8cd21-4747-456a-bffd-d6498ce448d1,2026_W23,O67792,U15937,P40,2026-06-02 12:25:10,1,5653.56,197.42,134.83,982.11,5653.56,5456.14,UPI,Completed
72e8cd21-4747-456a-bffd-d6498ce448d1,2026_W23,O67793,U9750,P164,2026-06-03 01:09:54,3,7788.37,2260.44,77.36,3798.84,23365.11,21104.67,Debit Card,Completed
72e8cd21-4747-456a-bffd-d6498ce448d1,2026_W23,O67794,U32377,P196,2026-06-02 03:34:55,2,9246.31,465.28,160.87,3244.92,18492.62,18027.34,Debit Card,Completed
72e8cd21-4747-456a-bffd-d6498ce448d1,2026_W23,O67795,U14218,P197,2026-06-05 17:37:41,4,1602.39,768.48,126.35,1015.39,6409.56,5641.08,UPI,Completed
72e8cd21-4747-456a-bffd-d6498ce448d1,2026_W23,O67796,U24214,P89,2026-06-04 07:31:23,2,9725.61,2280.32,153.68,3090.76,19451.22,17170.9,UPI,Completed
72e8cd21-4747-456a-bffd-d6498ce448d1,2026_W23,O67797,U2159,P186,2026-06-04 07:24:13,3,7703.95,2866.66,190.25,3644.13,23111.85,20245.19,Wallet,Completed
72e8cd21-4747-456a-bffd-d6498ce448d1,2026_W23,O67798,U27494,P119,2026-06-07 00:21:53,2,2931.16,836.73,120.36,904.61,5862.32,5025.59,Debit Card,Completed
72e8cd21-4747-456a-bffd-d6498ce448d1,2026_W23,O67799,U10023,P130,2026-06-03 20:47:34,2,3717.66,609.07,117.55,1228.72,7435.32,6826.25,Credit Card,Completed
72e8cd21-4747-456a-bffd-d6498ce448d1,2026_W23,O67800,U3683,P78,2026-06-07 16:46:00,1,3006.64,80.85,130.67,526.64,3006.64,2925.79,Debit Card,Completed
72e8cd21-4747-456a-bffd-d6498ce448d1,2026_W23,O67801,U30598,P41,2026-06-04 01:30:33,2,11748.5,626.36,89.82,4116.72,23497.0,22870.64,Credit Card,Completed
72e8cd21-4747-456a-bffd-d6498ce448d1,2026_W23,O67802,U34361,P153,2026-06-04 12:25:22,3,3236.07,1078.47,105.82,1553.35,9708.21,8629.740000000002,Credit Card,Completed
72e8cd21-4747-456a-bffd-d6498ce448d1,2026_W23,O67803,U13491,P97,2026-06-04 03:55:57,1,5186.28,17.08,108.38,930.46,5186.28,5169.2,Debit Card,Completed
72e8cd21-4747-456a-bffd-d6498ce448d1,2026_W23,O67804,U33761,P84,2026-06-02 11:36:53,2,3400.69,954.46,111.24,1052.45,6801.38,5846.92,Credit Card,Completed
72e8cd21-4747-456a-bffd-d6498ce448d1,2026_W23,O67805,U18844,P113,2026-06-03 09:12:18,1,5995.63,83.97,152.02,1064.1,5995.63,5911.66,Debit Card,Completed
72e8cd21-4747-456a-bffd-d6498ce448d1,2026_W23,O67806,U29907,P145,2026-06-07 03:18:44,1,7002.35,4.68,59.36,1259.58,7002.35,6997.67,Debit Card,Completed
72e8cd21-4747-456a-bffd-d6498ce448d1,2026_W23,O67807,U3473,P129,2026-06-07 03:42:21,2,4560.09,1013.37,59.32,1459.23,9120.18,8106.81,Wallet,Completed
72e8cd21-4747-456a-bffd-d6498ce448d1,2026_W23,O67808,U7827,P148,2026-06-01 23:48:57,1,3184.27,430.25,69.92,495.72,3184.27,2754.02,UPI,Completed
72e8cd21-4747-456a-bffd-d6498ce448d1,2026_W23,O67809,U30529,P161,2026-06-02 11:33:12,2,6131.78,478.83,134.6,2121.25,12263.56,11784.73,Credit Card,Completed
72e8cd21-4747-456a-bffd-d6498ce448d1,2026_W23,O67810,U31803,P107,2026-06-04 02:51:30,4,5037.89,418.15,153.2,3552.01,20151.56,19733.41,Credit Card,Completed
72e8cd21-4747-456a-bffd-d6498ce448d1,2026_W23,O67811,U4992,P146,2026-06-04 12:48:52,3,8753.05,1509.34,181.74,4454.97,26259.15,24749.81,UPI,Completed
72e8cd21-4747-456a-bffd-d6498ce448d1,2026_W23,O67812,U23922,P156,2026-06-03 04:12:42,4,7497.11,1208.12,157.6,5180.46,29988.44,28780.32,UPI,Completed
72e8cd21-4747-456a-bffd-d6498ce448d1,2026_W23,O67813,U19315,P64,2026-06-07 14:13:55,2,5229.45,333.57,101.32,1822.56,10458.9,10125.33,Debit Card,Completed
72e8cd21-4747-456a-bffd-d6498ce448d1,2026_W23,O67814,U7736,P67,2026-06-01 20:59:28,3,6380.8,2560.28,74.2,2984.78,19142.4,16582.120000000003,Credit Card,Completed
72e8cd21-4747-456a-bffd-d6498ce448d1,2026_W23,O67815,U23002,P155,2026-06-07 20:04:56,4,5852.84,1002.56,56.94,4033.58,23411.36,22408.8,Debit Card,Completed
72e8cd21-4747-456a-bffd-d6498ce448d1,2026_W23,O67816,U19728,P184,2026-06-05 06:34:30,3,2050.2,205.19,191.0,1070.17,6150.599999999999,5945.41,Credit Card,Completed
72e8cd21-4747-456a-bffd-d6498ce448d1,2026_W23,O67817,U349,P149,2026-06-04 20:17:44,4,5363.67,2468.38,56.23,3417.53,21454.68,18986.3,Credit Card,Completed
72e8cd21-4747-456a-bffd-d6498ce448d1,2026_W23,O67818,U21077,P146,2026-06-03 01:43:14,2,8753.05,1308.3,198.94,2915.6,17506.1,16197.8,Wallet,Completed
72e8cd21-4747-456a-bffd-d6498ce448d1,2026_W23,O67819,U15557,P36,2026-06-02 04:42:18,4,5080.52,855.9,164.66,3503.91,20322.08,19466.18,Wallet,Completed
72e8cd21-4747-456a-bffd-d6498ce448d1,2026_W23,O67820,U27688,P63,2026-06-03 12:05:39,1,11400.74,1183.97,194.91,1839.02,11400.74,10216.77,Credit Card,Completed
72e8cd21-4747-456a-bffd-d6498ce448d1,2026_W23,O67821,U6395,P92,2026-06-02 12:12:15,2,2278.27,455.33,145.57,738.22,4556.54,4101.21,UPI,Completed
72e8cd21-4747-456a-bffd-d6498ce448d1,2026_W23,O67822,U28198,P181,2026-06-07 20:02:25,3,6034.6,512.83,94.41,3166.37,18103.800000000003,17590.97,UPI,Completed
72e8cd21-4747-456a-bffd-d6498ce448d1,2026_W23,O67823,U27880,P139,2026-06-07 13:15:39,2,3152.91,628.87,196.42,1021.85,6305.82,5676.95,Credit Card,Completed
72e8cd21-4747-456a-bffd-d6498ce448d1,2026_W23,O67824,U18338,P126,2026-06-05 22:10:38,3,7115.51,995.56,192.27,3663.17,21346.53,20350.97,Credit Card,Completed
72e8cd21-4747-456a-bffd-d6498ce448d1,2026_W23,O67825,U17292,P176,2026-06-02 10:48:21,1,8451.7,110.18,167.98,1501.47,8451.7,8341.52,Credit Card,Completed
72e8cd21-4747-456a-bffd-d6498ce448d1,2026_W23,O67826,U13700,P58,2026-06-05 05:01:09,4,3367.03,1136.83,190.35,2219.63,13468.12,12331.29,UPI,Completed
72e8cd21-4747-456a-bffd-d6498ce448d1,2026_W23,O67827,U1376,P12,2026-06-05 04:48:28,4,5529.38,104.72,164.37,3962.3,22117.52,22012.8,Wallet,Completed
72e8cd21-4747-456a-bffd-d6498ce448d1,2026_W23,O67828,U13089,P113,2026-06-04 14:46:19,4,5995.63,1490.34,180.55,4048.59,23982.52,22492.18,Debit Card,Completed
72e8cd21-4747-456a-bffd-d6498ce448d1,2026_W23,O67829,U8484,P164,2026-06-02 21:38:23,2,7788.37,1266.34,126.33,2575.87,15576.74,14310.4,Debit Card,Completed
72e8cd21-4747-456a-bffd-d6498ce448d1,2026_W23,O67830,U1774,P43,2026-06-04 02:04:07,4,2660.01,1120.24,121.64,1713.56,10640.04,9519.8,Credit Card,Completed
72e8cd21-4747-456a-bffd-d6498ce448d1,2026_W23,O67831,U2091,P191,2026-06-07 17:27:11,1,6168.41,367.89,190.23,1044.09,6168.41,5800.52,UPI,Completed
72e8cd21-4747-456a-bffd-d6498ce448d1,2026_W23,O67832,U566,P26,2026-06-02 09:59:22,3,6921.53,200.65,142.8,3701.51,20764.59,20563.94,Debit Card,Completed
72e8cd21-4747-456a-bffd-d6498ce448d1,2026_W23,O67833,U29905,P9,2026-06-06 07:31:04,2,6463.86,1526.77,116.3,2052.17,12927.72,11400.95,Credit Card,Completed
72e8cd21-4747-456a-bffd-d6498ce448d1,2026_W23,O67834,U6774,P99,2026-06-06 18:53:40,3,5923.25,1191.63,136.42,2984.06,17769.75,16578.12,UPI,Completed
72e8cd21-4747-456a-bffd-d6498ce448d1,2026_W23,O67835,U3581,P179,2026-06-03 01:55:12,4,6023.34,2889.12,85.74,3816.76,24093.36,21204.24,Wallet,Completed
72e8cd21-4747-456a-bffd-d6498ce448d1,2026_W23,O67836,U15596,P49,2026-06-04 11:34:01,1,4491.12,277.85,57.94,758.39,4491.12,4213.27,Wallet,Completed
72e8cd21-4747-456a-bffd-d6498ce448d1,2026_W23,O67837,U23876,P26,2026-06-04 05:28:30,2,6921.53,851.01,66.7,2338.57,13843.06,12992.05,Credit Card,Completed
72e8cd21-4747-456a-bffd-d6498ce448d1,2026_W23,O67838,U32131,P62,2026-06-03 04:13:07,1,10625.67,752.76,156.88,1777.12,10625.67,9872.91,Credit Card,Completed
72e8cd21-4747-456a-bffd-d6498ce448d1,2026_W23,O67839,U18164,P2,2026-06-02 12:04:46,2,4248.72,92.9,82.0,1512.82,8497.44,8404.54,Debit Card,Completed
72e8cd21-4747-456a-bffd-d6498ce448d1,2026_W23,O67840,U9734,P52,2026-06-07 07:03:57,2,2737.55,108.72,71.38,965.95,5475.1,5366.38,UPI,Completed
72e8cd21-4747-456a-bffd-d6498ce448d1,2026_W23,O67841,U28971,P43,2026-06-05 11:03:03,1,2660.01,79.61,54.1,464.47,2660.01,2580.4,Debit Card,Completed
72e8cd21-4747-456a-bffd-d6498ce448d1,2026_W23,O67842,U26868,P126,2026-06-05 05:23:04,4,7115.51,871.22,130.75,4966.35,28462.04,27590.82,Debit Card,Completed
72e8cd21-4747-456a-bffd-d6498ce448d1,2026_W23,O67843,U12869,P141,2026-06-02 03:34:50,1,3712.37,472.11,62.07,583.25,3712.37,3240.26,Debit Card,Completed
72e8cd21-4747-456a-bffd-d6498ce448d1,2026_W23,O67844,U11829,P108,2026-06-07 14:26:54,2,3076.73,909.17,168.23,943.97,6153.46,5244.29,UPI,Completed
72e8cd21-4747-456a-bffd-d6498ce448d1,2026_W23,O67845,U19614,P170,2026-06-03 19:56:05,4,9183.37,1189.04,120.64,6398.0,36733.48,35544.44,Wallet,Completed
72e8cd21-4747-456a-bffd-d6498ce448d1,2026_W23,O67846,U18586,P131,2026-06-03 02:40:38,3,2872.68,965.27,80.43,1377.5,8618.039999999999,7652.769999999999,Wallet,Completed
72e8cd21-4747-456a-bffd-d6498ce448d1,2026_W23,O67847,U3930,P89,2026-06-03 11:15:51,1,9725.61,671.28,85.92,1629.78,9725.61,9054.33,Credit Card,Completed
72e8cd21-4747-456a-bffd-d6498ce448d1,2026_W23,O67848,U32396,P1,2026-06-06 17:10:22,3,8422.98,1321.29,100.49,4310.58,25268.94,23947.65,UPI,Completed
72e8cd21-4747-456a-bffd-d6498ce448d1,2026_W23,O67849,U24557,P112,2026-06-06 11:26:10,1,7986.57,516.43,169.7,1344.63,7986.57,7470.139999999999,Debit Card,Completed
72e8cd21-4747-456a-bffd-d6498ce448d1,2026_W23,O67850,U29854,P102,2026-06-03 10:49:38,4,2314.83,578.65,54.01,1562.52,9259.32,8680.67,Credit Card,Completed
72e8cd21-4747-456a-bffd-d6498ce448d1,2026_W23,O67851,U4067,P159,2026-06-03 16:17:39,2,5981.94,1712.22,104.06,1845.3,11963.88,10251.66,UPI,Completed
72e8cd21-4747-456a-bffd-d6498ce448d1,2026_W23,O67852,U3080,P30,2026-06-03 03:08:55,3,10435.98,1377.61,110.92,5387.46,31307.94,29930.33,Wallet,Completed
72e8cd21-4747-456a-bffd-d6498ce448d1,2026_W23,O67853,U33590,P130,2026-06-06 15:17:00,1,3717.66,382.8,186.25,600.27,3717.66,3334.86,Credit Card,Completed
72e8cd21-4747-456a-bffd-d6498ce448d1,2026_W23,O67854,U30556,P139,2026-06-06 10:51:28,2,3152.91,497.23,196.33,1045.55,6305.82,5808.59,Debit Card,Completed
72e8cd21-4747-456a-bffd-d6498ce448d1,2026_W23,O67855,U26341,P170,2026-06-02 10:06:45,2,9183.37,2254.62,194.9,2900.18,18366.74,16112.120000000004,Debit Card,Completed
72e8cd21-4747-456a-bffd-d6498ce448d1,2026_W23,O67856,U5109,P118,2026-06-03 02:07:20,4,1413.19,533.84,90.15,921.41,5652.76,5118.92,Credit Card,Completed
72e8cd21-4747-456a-bffd-d6498ce448d1,2026_W23,O67857,U6560,P146,2026-06-07 17:58:03,3,8753.05,3613.05,138.38,4076.3,26259.15,22646.1,Wallet,Completed
72e8cd21-4747-456a-bffd-d6498ce448d1,2026_W23,O67858,U24284,P58,2026-06-06 16:11:23,1,3367.03,279.49,131.68,555.76,3367.03,3087.54,UPI,Completed
72e8cd21-4747-456a-bffd-d6498ce448d1,2026_W23,O67859,U20823,P173,2026-06-03 06:40:21,2,5411.96,788.07,105.84,1806.45,10823.92,10035.85,UPI,Completed
72e8cd21-4747-456a-bffd-d6498ce448d1,2026_W23,O67860,U13851,P193,2026-06-07 20:25:30,3,9271.8,2394.88,177.36,4575.69,27815.4,25420.52,Wallet,Completed
72e8cd21-4747-456a-bffd-d6498ce448d1,2026_W23,O67861,U30930,P76,2026-06-05 00:45:26,4,1956.86,937.26,95.49,1240.23,7827.44,6890.179999999999,Credit Card,Completed
72e8cd21-4747-456a-bffd-d6498ce448d1,2026_W23,O67862,U26108,P99,2026-06-03 23:34:33,1,5923.25,653.87,78.47,948.49,5923.25,5269.38,Credit Card,Completed
72e8cd21-4747-456a-bffd-d6498ce448d1,2026_W23,O67863,U14936,P121,2026-06-06 15:06:55,3,3168.81,600.84,172.47,1603.01,9506.43,8905.59,Wallet,Completed
72e8cd21-4747-456a-bffd-d6498ce448d1,2026_W23,O67864,U11962,P59,2026-06-03 19:37:28,3,3877.77,1147.58,159.31,1887.43,11633.31,10485.73,Wallet,Completed
72e8cd21-4747-456a-bffd-d6498ce448d1,2026_W23,O67865,U16686,P138,2026-06-06 21:15:21,3,6989.52,736.46,162.94,3641.78,20968.56,20232.1,Credit Card,Completed
72e8cd21-4747-456a-bffd-d6498ce448d1,2026_W23,O67866,U31464,P57,2026-06-03 14:38:57,4,8106.78,2921.18,108.99,5311.07,32427.12,29505.94,Debit Card,Completed
72e8cd21-4747-456a-bffd-d6498ce448d1,2026_W23,O67867,U16995,P179,2026-06-05 03:42:28,1,6023.34,62.53,155.57,1072.95,6023.34,5960.81,Wallet,Completed
72e8cd21-4747-456a-bffd-d6498ce448d1,2026_W23,O67868,U472,P160,2026-06-04 16:29:32,1,3922.12,183.79,78.89,672.9,3922.12,3738.33,Debit Card,Completed
72e8cd21-4747-456a-bffd-d6498ce448d1,2026_W23,O67869,U19079,P85,2026-06-02 20:07:35,4,7940.53,4574.94,70.67,4893.69,31762.12,27187.18,Credit Card,Completed
72e8cd21-4747-456a-bffd-d6498ce448d1,2026_W23,O67870,U33224,P71,2026-06-02 07:01:49,4,4652.78,943.94,76.39,3180.09,18611.12,17667.18,UPI,Completed
72e8cd21-4747-456a-bffd-d6498ce448d1,2026_W23,O67871,U34111,P112,2026-06-03 11:47:50,2,7986.57,1397.06,175.22,2623.69,15973.14,14576.08,Wallet,Completed
72e8cd21-4747-456a-bffd-d6498ce448d1,2026_W23,O67872,U7830,P101,2026-06-07 01:27:10,1,10959.44,1091.79,67.83,1776.18,10959.44,9867.65,Credit Card,Completed
72e8cd21-4747-456a-bffd-d6498ce448d1,2026_W23,O67873,U3910,P116,2026-06-02 21:14:53,4,6311.89,865.78,170.99,4388.72,25247.56,24381.78,Wallet,Completed
72e8cd21-4747-456a-bffd-d6498ce448d1,2026_W23,O67874,U5575,P121,2026-06-04 02:01:22,1,3168.81,68.36,194.72,558.08,3168.81,3100.45,UPI,Completed
72e8cd21-4747-456a-bffd-d6498ce448d1,2026_W23,O67875,U17716,P80,2026-06-01 21:16:59,2,4942.61,1081.25,123.58,1584.71,9885.22,8803.97,Debit Card,Completed
72e8cd21-4747-456a-bffd-d6498ce448d1,2026_W23,O67876,U598,P152,2026-06-02 20:01:57,4,3680.01,2175.06,99.45,2258.1,14720.04,12544.98,Wallet,Completed
72e8cd21-4747-456a-bffd-d6498ce448d1,2026_W23,O67877,U8953,P48,2026-06-06 00:47:55,2,4680.1,219.88,131.57,1645.26,9360.2,9140.320000000002,Debit Card,Completed
72e8cd21-4747-456a-bffd-d6498ce448d1,2026_W23,O67878,U34453,P167,2026-06-05 23:15:38,2,10191.01,1326.18,56.48,3430.05,20382.02,19055.84,Credit Card,Completed
72e8cd21-4747-456a-bffd-d6498ce448d1,2026_W23,O67879,U23692,P180,2026-06-02 21:38:28,3,6330.21,906.27,84.62,3255.18,18990.63,18084.36,Credit Card,Completed
72e8cd21-4747-456a-bffd-d6498ce448d1,2026_W23,O67880,U7379,P87,2026-06-06 10:47:12,1,2857.28,346.09,117.25,452.01,2857.28,2511.19,Debit Card,Completed
72e8cd21-4747-456a-bffd-d6498ce448d1,2026_W23,O67881,U14758,P6,2026-06-03 11:18:16,1,6942.01,748.32,130.27,1114.86,6942.01,6193.6900000000005,Wallet,Completed
72e8cd21-4747-456a-bffd-d6498ce448d1,2026_W23,O67882,U23899,P49,2026-06-05 07:59:31,1,4491.12,6.05,137.0,807.31,4491.12,4485.07,UPI,Completed
72e8cd21-4747-456a-bffd-d6498ce448d1,2026_W23,O67883,U34111,P27,2026-06-07 19:13:52,3,4374.27,1449.81,82.05,2101.14,13122.81,11673.000000000002,UPI,Completed
72e8cd21-4747-456a-bffd-d6498ce448d1,2026_W23,O67884,U28607,P52,2026-06-07 02:23:27,2,2737.55,561.53,69.04,884.44,5475.1,4913.570000000001,Credit Card,Completed
72e8cd21-4747-456a-bffd-d6498ce448d1,2026_W23,O67885,U13089,P34,2026-06-02 02:45:44,2,3033.5,6.21,134.77,1090.94,6067.0,6060.79,Wallet,Completed
72e8cd21-4747-456a-bffd-d6498ce448d1,2026_W23,O67886,U8377,P182,2026-06-03 14:50:51,4,1987.12,326.32,126.6,1371.99,7948.48,7622.16,UPI,Completed
72e8cd21-4747-456a-bffd-d6498ce448d1,2026_W23,O67887,U25826,P117,2026-06-03 03:55:58,3,9615.7,1422.77,169.03,4936.38,28847.1,27424.33,Wallet,Completed
72e8cd21-4747-456a-bffd-d6498ce448d1,2026_W23,O67888,U18525,P61,2026-06-06 18:00:34,3,7274.63,1966.29,139.34,3574.37,21823.89,19857.6,Credit Card,Completed
72e8cd21-4747-456a-bffd-d6498ce448d1,2026_W23,O67889,U8041,P165,2026-06-04 03:59:44,2,2657.45,391.61,128.81,886.19,5314.9,4923.29,UPI,Completed
72e8cd21-4747-456a-bffd-d6498ce448d1,2026_W23,O67890,U4231,P16,2026-06-07 11:44:56,4,9334.87,1901.96,144.02,6378.75,37339.48,35437.520000000004,Debit Card,Completed
72e8cd21-4747-456a-bffd-d6498ce448d1,2026_W23,O67891,U23385,P48,2026-06-04 06:01:45,2,4680.1,1234.77,154.62,1462.58,9360.2,8125.43,Debit Card,Completed
72e8cd21-4747-456a-bffd-d6498ce448d1,2026_W23,O67892,U12787,P101,2026-06-07 05:54:00,4,10959.44,364.01,197.95,7825.28,43837.76,43473.75,Credit Card,Completed
72e8cd21-4747-456a-bffd-d6498ce448d1,2026_W23,O67893,U20000,P113,2026-06-03 07:55:35,4,5995.63,2073.5,72.73,3943.62,23982.52,21909.02,UPI,Completed
72e8cd21-4747-456a-bffd-d6498ce448d1,2026_W23,O67894,U9142,P125,2026-06-07 18:21:57,4,7881.51,4378.73,50.92,4886.52,31526.04,27147.31,Wallet,Completed
72e8cd21-4747-456a-bffd-d6498ce448d1,2026_W23,O67895,U8802,P82,2026-06-07 08:49:36,1,4676.03,179.94,61.07,809.3,4676.03,4496.09,Debit Card,Completed
72e8cd21-4747-456a-bffd-d6498ce448d1,2026_W23,O67896,U12881,P136,2026-06-02 13:13:43,4,2987.05,159.85,176.6,2121.9,11948.2,11788.35,UPI,Completed
72e8cd21-4747-456a-bffd-d6498ce448d1,2026_W23,O67897,U24561,P1,2026-06-02 01:49:21,1,8422.98,1110.93,69.37,1316.17,8422.98,7312.049999999999,Debit Card,Completed
72e8cd21-4747-456a-bffd-d6498ce448d1,2026_W23,O67898,U2466,P196,2026-06-07 00:03:41,3,9246.31,3831.62,156.2,4303.32,27738.93,23907.31,Wallet,Completed
72e8cd21-4747-456a-bffd-d6498ce448d1,2026_W23,O67899,U17596,P183,2026-06-05 09:14:07,1,5821.34,14.63,150.54,1045.21,5821.34,5806.71,Debit Card,Completed
72e8cd21-4747-456a-bffd-d6498ce448d1,2026_W23,O67900,U5712,P124,2026-06-03 07:44:15,3,3516.67,787.26,98.13,1757.29,10550.01,9762.75,Wallet,Completed
72e8cd21-4747-456a-bffd-d6498ce448d1,2026_W23,O67901,U8024,P75,2026-06-06 12:18:11,3,8927.29,1398.16,90.33,4569.07,26781.870000000003,25383.710000000003,Credit Card,Completed
72e8cd21-4747-456a-bffd-d6498ce448d1,2026_W23,O67902,U21529,P141,2026-06-02 09:25:53,1,3712.37,247.59,103.92,623.66,3712.37,3464.78,UPI,Completed
72e8cd21-4747-456a-bffd-d6498ce448d1,2026_W23,O67903,U22220,P158,2026-06-06 11:18:21,2,2851.23,426.93,65.5,949.6,5702.46,5275.53,UPI,Completed
72e8cd21-4747-456a-bffd-d6498ce448d1,2026_W23,O67904,U26818,P200,2026-06-05 18:57:55,3,2159.6,785.31,65.01,1024.83,6478.799999999999,5693.49,UPI,Completed
72e8cd21-4747-456a-bffd-d6498ce448d1,2026_W23,O67905,U4266,P117,2026-06-04 16:30:51,1,9615.7,1428.58,181.41,1473.68,9615.7,8187.120000000001,Wallet,Completed
72e8cd21-4747-456a-bffd-d6498ce448d1,2026_W23,O67906,U19528,P76,2026-06-07 07:33:48,3,1956.86,25.75,122.79,1052.07,5870.58,5844.83,UPI,Completed
72e8cd21-4747-456a-bffd-d6498ce448d1,2026_W23,O67907,U20513,P73,2026-06-02 07:22:03,2,2860.52,250.72,141.07,984.66,5721.04,5470.32,UPI,Completed
72e8cd21-4747-456a-bffd-d6498ce448d1,2026_W23,O67908,U27281,P167,2026-06-05 15:48:01,2,10191.01,714.25,139.53,3540.2,20382.02,19667.77,Debit Card,Completed
72e8cd21-4747-456a-bffd-d6498ce448d1,2026_W23,O67909,U31188,P149,2026-06-02 00:30:08,1,5363.67,701.37,126.96,839.21,5363.67,4662.3,Debit Card,Completed
72e8cd21-4747-456a-bffd-d6498ce448d1,2026_W23,O67910,U3578,P155,2026-06-02 02:22:45,1,5852.84,297.48,133.04,999.96,5852.84,5555.360000000001,UPI,Completed
72e8cd21-4747-456a-bffd-d6498ce448d1,2026_W23,O67911,U28616,P138,2026-06-03 12:47:56,1,6989.52,5.93,63.66,1257.05,6989.52,6983.59,Credit Card,Completed
72e8cd21-4747-456a-bffd-d6498ce448d1,2026_W23,O67912,U15503,P66,2026-06-02 08:06:27,4,5068.12,2143.07,174.45,3263.29,20272.48,18129.41,Debit Card,Completed
72e8cd21-4747-456a-bffd-d6498ce448d1,2026_W23,O67913,U5949,P132,2026-06-05 01:02:12,4,4280.82,1856.2,62.86,2748.07,17123.28,15267.079999999998,UPI,Completed
72e8cd21-4747-456a-bffd-d6498ce448d1,2026_W23,O67914,U11843,P34,2026-06-04 22:39:30,4,3033.5,881.69,121.14,2025.42,12134.0,11252.31,Credit Card,Completed
72e8cd21-4747-456a-bffd-d6498ce448d1,2026_W23,O67915,U13178,P99,2026-06-04 22:00:43,1,5923.25,98.5,84.68,1048.46,5923.25,5824.75,UPI,Completed
72e8cd21-4747-456a-bffd-d6498ce448d1,2026_W23,O67916,U7777,P73,2026-06-07 16:56:31,1,2860.52,212.11,129.57,476.71,2860.52,2648.41,UPI,Completed
72e8cd21-4747-456a-bffd-d6498ce448d1,2026_W23,O67917,U5881,P188,2026-06-02 00:37:14,2,3474.24,900.24,190.21,1088.68,6948.48,6048.24,Credit Card,Completed
72e8cd21-4747-456a-bffd-d6498ce448d1,2026_W23,O67918,U16756,P193,2026-06-06 09:58:10,2,9271.8,2257.09,90.86,2931.57,18543.6,16286.509999999998,Credit Card,Completed
72e8cd21-4747-456a-bffd-d6498ce448d1,2026_W23,O67919,U22782,P86,2026-06-05 21:35:46,2,5552.06,325.73,101.75,1940.11,11104.12,10778.39,UPI,Completed
72e8cd21-4747-456a-bffd-d6498ce448d1,2026_W23,O67920,U23390,P161,2026-06-04 02:19:43,4,6131.78,1567.61,97.07,4132.71,24527.12,22959.51,Debit Card,Completed
72e8cd21-4747-456a-bffd-d6498ce448d1,2026_W23,O67921,U13851,P152,2026-06-05 07:35:24,2,3680.01,156.69,129.5,1296.6,7360.02,7203.330000000001,Credit Card,Completed
72e8cd21-4747-456a-bffd-d6498ce448d1,2026_W23,O67922,U34431,P187,2026-06-05 18:14:29,3,2141.32,374.06,145.57,1088.98,6423.960000000001,6049.900000000001,UPI,Completed
72e8cd21-4747-456a-bffd-d6498ce448d1,2026_W23,O67923,U726,P140,2026-06-02 00:40:24,3,4036.99,1675.67,86.61,1878.35,12110.97,10435.3,Debit Card,Completed
72e8cd21-4747-456a-bffd-d6498ce448d1,2026_W23,O67924,U31218,P124,2026-06-07 18:03:40,2,3516.67,834.14,112.75,1115.86,7033.34,6199.2,Debit Card,Completed
72e8cd21-4747-456a-bffd-d6498ce448d1,2026_W23,O67925,U20990,P125,2026-06-03 22:19:02,1,7881.51,414.21,146.47,1344.11,7881.51,7467.3,Credit Card,Completed
72e8cd21-4747-456a-bffd-d6498ce448d1,2026_W23,O67926,U9232,P194,2026-06-07 03:09:40,4,7139.77,1153.15,76.84,4933.07,28559.08,27405.93,Debit Card,Completed
72e8cd21-4747-456a-bffd-d6498ce448d1,2026_W23,O67927,U27830,P54,2026-06-05 05:03:47,4,8322.93,2593.29,169.32,5525.72,33291.72,30698.43,Debit Card,Completed
72e8cd21-4747-456a-bffd-d6498ce448d1,2026_W23,O67928,U26195,P14,2026-06-03 04:02:15,3,7736.91,1074.58,95.03,3984.51,23210.73,22136.15,Credit Card,Completed
72e8cd21-4747-456a-bffd-d6498ce448d1,2026_W23,O67929,U6780,P25,2026-06-02 16:49:42,2,7381.46,1285.39,130.74,2425.96,14762.92,13477.53,UPI,Completed
72e8cd21-4747-456a-bffd-d6498ce448d1,2026_W23,O67930,U4328,P22,2026-06-07 02:52:08,2,5208.88,1344.89,113.34,1633.12,10417.76,9072.87,Credit Card,Completed
72e8cd21-4747-456a-bffd-d6498ce448d1,2026_W23,O67931,U21335,P57,2026-06-02 20:44:57,2,8106.78,861.14,122.03,2763.44,16213.56,15352.42,Credit Card,Completed
72e8cd21-4747-456a-bffd-d6498ce448d1,2026_W23,O67932,U18856,P61,2026-06-04 05:51:58,1,7274.63,1018.95,73.23,1126.02,7274.63,6255.68,Credit Card,Completed
72e8cd21-4747-456a-bffd-d6498ce448d1,2026_W23,O67933,U8115,P50,2026-06-06 16:04:20,4,2577.38,787.64,99.86,1713.94,10309.52,9521.88,Credit Card,Completed
72e8cd21-4747-456a-bffd-d6498ce448d1,2026_W23,O67934,U34354,P164,2026-06-07 05:23:33,3,7788.37,3220.33,170.56,3626.06,23365.11,20144.78,Wallet,Completed
72e8cd21-4747-456a-bffd-d6498ce448d1,2026_W23,O67935,U25695,P118,2026-06-02 15:19:16,1,1413.19,52.79,121.81,244.87,1413.19,1360.4,Debit Card,Completed
72e8cd21-4747-456a-bffd-d6498ce448d1,2026_W23,O67936,U28610,P40,2026-06-03 08:01:11,4,5653.56,1739.67,164.63,3757.42,22614.24,20874.57,Credit Card,Completed
72e8cd21-4747-456a-bffd-d6498ce448d1,2026_W23,O67937,U18733,P162,2026-06-01 22:05:03,3,4947.62,1530.46,126.92,2396.23,14842.86,13312.4,Wallet,Completed
72e8cd21-4747-456a-bffd-d6498ce448d1,2026_W23,O67938,U8802,P86,2026-06-04 00:50:03,2,5552.06,57.35,138.87,1988.42,11104.12,11046.77,UPI,Completed
72e8cd21-4747-456a-bffd-d6498ce448d1,2026_W23,O67939,U10332,P167,2026-06-06 18:01:05,3,10191.01,2285.17,172.54,5091.81,30573.03,28287.86,Wallet,Completed
72e8cd21-4747-456a-bffd-d6498ce448d1,2026_W23,O67940,U10726,P92,2026-06-04 22:35:37,3,2278.27,212.01,120.63,1192.1,6834.81,6622.799999999999,Credit Card,Completed
72e8cd21-4747-456a-bffd-d6498ce448d1,2026_W23,O67941,U11048,P170,2026-06-05 18:29:13,3,9183.37,368.83,125.84,4892.63,27550.11,27181.28,Wallet,Completed
72e8cd21-4747-456a-bffd-d6498ce448d1,2026_W23,O67942,U5155,P190,2026-06-05 15:46:23,1,7773.11,428.5,156.98,1322.03,7773.11,7344.61,UPI,Completed
72e8cd21-4747-456a-bffd-d6498ce448d1,2026_W23,O67943,U18384,P138,2026-06-04 19:31:17,2,6989.52,1863.7,65.39,2180.76,13979.04,12115.34,Wallet,Completed
72e8cd21-4747-456a-bffd-d6498ce448d1,2026_W23,O67944,U24606,P14,2026-06-06 01:29:07,2,7736.91,96.71,74.19,2767.88,15473.82,15377.11,Debit Card,Completed
72e8cd21-4747-456a-bffd-d6498ce448d1,2026_W23,O67945,U11786,P199,2026-06-06 06:08:47,4,5324.39,2715.1,165.65,3344.84,21297.56,18582.460000000003,UPI,Completed
72e8cd21-4747-456a-bffd-d6498ce448d1,2026_W23,O67946,U15530,P141,2026-06-02 17:13:36,4,3712.37,968.19,179.52,2498.63,14849.48,13881.29,Debit Card,Completed
72e8cd21-4747-456a-bffd-d6498ce448d1,2026_W23,O67947,U266,P7,2026-06-06 23:56:46,1,10896.56,466.22,134.99,1877.46,10896.56,10430.34,Debit Card,Completed
72e8cd21-4747-456a-bffd-d6498ce448d1,2026_W23,O67948,U29589,P136,2026-06-06 15:30:42,1,2987.05,230.95,130.18,496.1,2987.05,2756.1000000000004,Debit Card,Completed
72e8cd21-4747-456a-bffd-d6498ce448d1,2026_W23,O67949,U20334,P67,2026-06-04 07:36:28,3,6380.8,1045.97,87.76,3257.36,19142.4,18096.43,Debit Card,Completed
72e8cd21-4747-456a-bffd-d6498ce448d1,2026_W23,O67950,U4661,P148,2026-06-06 04:36:47,4,3184.27,1051.85,125.03,2103.34,12737.08,11685.23,Credit Card,Completed
72e8cd21-4747-456a-bffd-d6498ce448d1,2026_W23,O67951,U34493,P18,2026-06-05 08:09:46,2,5632.45,994.54,96.19,1848.66,11264.9,10270.36,Debit Card,Completed
72e8cd21-4747-456a-bffd-d6498ce448d1,2026_W23,O67952,U13399,P191,2026-06-02 20:59:01,3,6168.41,2707.59,160.14,2843.58,18505.23,15797.64,Debit Card,Completed
72e8cd21-4747-456a-bffd-d6498ce448d1,2026_W23,O67953,U34225,P117,2026-06-02 07:20:05,2,9615.7,1396.38,76.57,3210.3,19231.4,17835.02,UPI,Completed
72e8cd21-4747-456a-bffd-d6498ce448d1,2026_W23,O67954,U14021,P14,2026-06-02 01:00:02,4,7736.91,2585.45,80.62,5105.19,30947.64,28362.19,UPI,Completed
72e8cd21-4747-456a-bffd-d6498ce448d1,2026_W23,O67955,U6259,P39,2026-06-06 20:23:06,3,7544.04,2115.91,71.32,3692.92,22632.12,20516.21,Debit Card,Completed
72e8cd21-4747-456a-bffd-d6498ce448d1,2026_W23,O67956,U3465,P45,2026-06-07 06:52:32,2,10226.58,1788.46,105.06,3359.65,20453.16,18664.7,Credit Card,Completed
72e8cd21-4747-456a-bffd-d6498ce448d1,2026_W23,O67957,U12941,P13,2026-06-05 15:39:12,2,7537.32,2184.47,69.69,2320.23,15074.64,12890.17,Wallet,Completed
72e8cd21-4747-456a-bffd-d6498ce448d1,2026_W23,O67958,U25737,P160,2026-06-02 08:21:50,3,3922.12,883.28,81.47,1958.95,11766.36,10883.08,Credit Card,Completed
72e8cd21-4747-456a-bffd-d6498ce448d1,2026_W23,O67959,U30557,P114,2026-06-04 14:25:49,2,3958.12,885.77,186.92,1265.48,7916.24,7030.469999999999,Credit Card,Completed
72e8cd21-4747-456a-bffd-d6498ce448d1,2026_W23,O67960,U29942,P12,2026-06-06 04:04:16,1,5529.38,602.08,110.85,886.91,5529.38,4927.3,UPI,Completed
72e8cd21-4747-456a-bffd-d6498ce448d1,2026_W23,O67961,U3304,P175,2026-06-02 03:26:14,4,6623.37,1981.81,154.21,4412.1,26493.48,24511.67,Credit Card,Completed
72e8cd21-4747-456a-bffd-d6498ce448d1,2026_W23,O67962,U6780,P35,2026-06-03 19:46:17,1,2889.44,139.1,122.43,495.06,2889.44,2750.34,Wallet,Completed
72e8cd21-4747-456a-bffd-d6498ce448d1,2026_W23,O67963,U19531,P149,2026-06-06 10:33:06,3,5363.67,2350.83,52.38,2473.23,16091.01,13740.18,UPI,Completed
72e8cd21-4747-456a-bffd-d6498ce448d1,2026_W23,O67964,U15874,P143,2026-06-03 23:49:44,4,1686.4,515.36,78.1,1121.44,6745.6,6230.240000000001,Debit Card,Completed
72e8cd21-4747-456a-bffd-d6498ce448d1,2026_W23,O67965,U33516,P81,2026-06-06 16:52:22,4,6992.52,3901.97,99.26,4332.26,27970.08,24068.11,Debit Card,Completed
72e8cd21-4747-456a-bffd-d6498ce448d1,2026_W23,O67966,U21652,P174,2026-06-03 11:14:00,4,8540.78,2888.98,190.84,5629.35,34163.12,31274.140000000003,UPI,Completed
72e8cd21-4747-456a-bffd-d6498ce448d1,2026_W23,O67967,U26052,P75,2026-06-04 06:14:23,3,8927.29,3654.76,141.57,4162.88,26781.870000000003,23127.11,Debit Card,Completed
72e8cd21-4747-456a-bffd-d6498ce448d1,2026_W23,O67968,U6317,P154,2026-06-04 05:20:09,3,7488.16,722.28,56.33,3913.6,22464.48,21742.2,UPI,Completed
72e8cd21-4747-456a-bffd-d6498ce448d1,2026_W23,O67969,U827,P30,2026-06-02 08:05:55,3,10435.98,2186.01,80.43,5241.95,31307.94,29121.93,UPI,Completed
72e8cd21-4747-456a-bffd-d6498ce448d1,2026_W23,O67970,U19283,P190,2026-06-05 05:55:35,2,7773.11,2066.11,115.19,2426.42,15546.22,13480.11,Debit Card,Completed
72e8cd21-4747-456a-bffd-d6498ce448d1,2026_W23,O67971,U7132,P130,2026-06-07 04:34:12,2,3717.66,42.29,70.7,1330.75,7435.32,7393.03,Wallet,Completed
72e8cd21-4747-456a-bffd-d6498ce448d1,2026_W23,O67972,U1092,P78,2026-06-03 16:37:49,3,3006.64,1340.8,185.8,1382.24,9019.92,7679.12,Debit Card,Completed
72e8cd21-4747-456a-bffd-d6498ce448d1,2026_W23,O67973,U14079,P43,2026-06-05 13:20:41,4,2660.01,1018.9,111.64,1731.81,10640.04,9621.14,Credit Card,Completed
72e8cd21-4747-456a-bffd-d6498ce448d1,2026_W23,O67974,U31370,P121,2026-06-06 12:17:57,1,3168.81,451.45,85.18,489.12,3168.81,2717.36,Credit Card,Completed
72e8cd21-4747-456a-bffd-d6498ce448d1,2026_W23,O67975,U3070,P27,2026-06-02 22:34:27,2,4374.27,564.63,152.91,1473.1,8748.54,8183.910000000001,UPI,Completed
72e8cd21-4747-456a-bffd-d6498ce448d1,2026_W23,O67976,U30917,P25,2026-06-05 20:49:40,2,7381.46,1308.39,125.21,2421.82,14762.92,13454.53,UPI,Completed
72e8cd21-4747-456a-bffd-d6498ce448d1,2026_W23,O67977,U18951,P125,2026-06-03 07:04:36,2,7881.51,540.61,101.45,2740.03,15763.02,15222.41,Debit Card,Completed
72e8cd21-4747-456a-bffd-d6498ce448d1,2026_W23,O67978,U28010,P128,2026-06-04 06:33:59,2,8967.81,780.57,171.66,3087.91,17935.62,17155.05,Credit Card,Completed
72e8cd21-4747-456a-bffd-d6498ce448d1,2026_W23,O67979,U25324,P70,2026-06-02 22:25:29,2,10058.46,991.92,71.37,3442.5,20116.92,19125.0,UPI,Completed
72e8cd21-4747-456a-bffd-d6498ce448d1,2026_W23,O67980,U9232,P145,2026-06-03 10:42:12,1,7002.35,924.2,134.06,1094.07,7002.35,6078.150000000001,Credit Card,Completed
72e8cd21-4747-456a-bffd-d6498ce448d1,2026_W23,O67981,U18993,P193,2026-06-06 05:03:46,1,9271.8,187.68,199.1,1635.14,9271.8,9084.12,Wallet,Completed
72e8cd21-4747-456a-bffd-d6498ce448d1,2026_W23,O67982,U17394,P114,2026-06-03 18:25:03,4,3958.12,1494.32,140.28,2580.87,15832.48,14338.16,Credit Card,Completed
72e8cd21-4747-456a-bffd-d6498ce448d1,2026_W23,O67983,U14837,P20,2026-06-06 02:15:27,2,2140.8,614.56,52.43,660.07,4281.6,3667.04,UPI,Completed
72e8cd21-4747-456a-bffd-d6498ce448d1,2026_W23,O67984,U10609,P86,2026-06-05 10:38:01,2,5552.06,841.75,136.99,1847.23,11104.12,10262.37,Credit Card,Completed
72e8cd21-4747-456a-bffd-d6498ce448d1,2026_W23,O67985,U30529,P100,2026-06-06 11:46:36,3,6025.88,1895.05,87.25,2912.87,18077.64,16182.59,UPI,Completed
72e8cd21-4747-456a-bffd-d6498ce448d1,2026_W23,O67986,U7753,P138,2026-06-03 18:33:17,4,6989.52,576.58,143.82,4928.67,27958.08,27381.5,Credit Card,Completed
72e8cd21-4747-456a-bffd-d6498ce448d1,2026_W23,O67987,U27612,P5,2026-06-06 22:01:25,1,9411.93,329.33,157.32,1634.87,9411.93,9082.6,Wallet,Completed
72e8cd21-4747-456a-bffd-d6498ce448d1,2026_W23,O67988,U28371,P182,2026-06-01 22:28:19,1,1987.12,267.72,83.67,309.49,1987.12,1719.4,Debit Card,Completed
72e8cd21-4747-456a-bffd-d6498ce448d1,2026_W23,O67989,U23483,P137,2026-06-02 05:30:22,4,2412.96,982.49,193.12,1560.48,9651.84,8669.35,Wallet,Completed
72e8cd21-4747-456a-bffd-d6498ce448d1,2026_W23,O67990,U24117,P144,2026-06-04 01:04:33,1,3365.89,438.19,115.87,526.99,3365.89,2927.7,Debit Card,Completed
72e8cd21-4747-456a-bffd-d6498ce448d1,2026_W23,O67991,U23084,P102,2026-06-07 11:37:08,4,2314.83,1342.8,73.78,1424.97,9259.32,7916.519999999999,Wallet,Completed
72e8cd21-4747-456a-bffd-d6498ce448d1,2026_W23,O67992,U26708,P62,2026-06-06 00:09:36,1,10625.67,784.09,72.31,1771.48,10625.67,9841.58,Wallet,Completed
72e8cd21-4747-456a-bffd-d6498ce448d1,2026_W23,O67993,U25613,P103,2026-06-06 09:05:51,4,4922.25,1403.99,65.78,3291.3,19689.0,18285.01,Debit Card,Completed
72e8cd21-4747-456a-bffd-d6498ce448d1,2026_W23,O67994,U29795,P44,2026-06-05 03:40:37,4,3831.53,1004.25,127.22,2577.94,15326.12,14321.87,Debit Card,Completed
72e8cd21-4747-456a-bffd-d6498ce448d1,2026_W23,O67995,U10515,P3,2026-06-06 07:47:33,3,6836.35,534.45,110.73,3595.43,20509.050000000003,19974.6,Debit Card,Completed
72e8cd21-4747-456a-bffd-d6498ce448d1,2026_W23,O67996,U33554,P186,2026-06-02 23:04:26,4,7703.95,808.67,163.36,5401.28,30815.8,30007.13,Debit Card,Completed
72e8cd21-4747-456a-bffd-d6498ce448d1,2026_W23,O67997,U8365,P96,2026-06-07 05:12:27,3,6736.46,1841.09,74.12,3306.29,20209.38,18368.29,Wallet,Completed
72e8cd21-4747-456a-bffd-d6498ce448d1,2026_W23,O67998,U30206,P144,2026-06-07 05:18:51,4,3365.89,1472.8,81.46,2158.34,13463.56,11990.76,Credit Card,Completed
72e8cd21-4747-456a-bffd-d6498ce448d1,2026_W23,O67999,U18561,P60,2026-06-02 19:33:44,2,7906.19,782.68,149.33,2705.35,15812.38,15029.7,Credit Card,Completed
72e8cd21-4747-456a-bffd-d6498ce448d1,2026_W23,O68000,U5496,P159,2026-06-06 03:15:53,2,5981.94,64.53,161.71,2141.88,11963.88,11899.35,Debit Card,Completed
72e8cd21-4747-456a-bffd-d6498ce448d1,2026_W23,O68001,U9158,P9,2026-06-06 13:15:00,1,6463.86,525.7,84.53,1068.87,6463.86,5938.16,UPI,Completed
72e8cd21-4747-456a-bffd-d6498ce448d1,2026_W23,O68002,U11649,P22,2026-06-06 18:00:55,1,5208.88,266.34,125.73,889.66,5208.88,4942.54,Wallet,Completed
72e8cd21-4747-456a-bffd-d6498ce448d1,2026_W23,O68003,U25229,P120,2026-06-05 20:41:18,1,6088.95,671.22,161.85,975.19,6088.95,5417.73,Credit Card,Completed
72e8cd21-4747-456a-bffd-d6498ce448d1,2026_W23,O68004,U15649,P35,2026-06-07 19:55:08,4,2889.44,374.74,52.52,2012.94,11557.76,11183.02,Debit Card,Completed
72e8cd21-4747-456a-bffd-d6498ce448d1,2026_W23,O68005,U23536,P1,2026-06-02 09:59:12,4,8422.98,3082.83,185.35,5509.64,33691.92,30609.09,Debit Card,Completed
72e8cd21-4747-456a-bffd-d6498ce448d1,2026_W23,O68006,U20821,P129,2026-06-04 11:01:02,4,4560.09,1999.95,171.22,2923.27,18240.36,16240.41,UPI,Completed
72e8cd21-4747-456a-bffd-d6498ce448d1,2026_W23,O68007,U14207,P107,2026-06-04 02:00:15,3,5037.89,643.66,111.0,2604.6,15113.670000000002,14470.010000000002,Wallet,Completed
72e8cd21-4747-456a-bffd-d6498ce448d1,2026_W23,O68008,U32199,P175,2026-06-05 17:45:14,4,6623.37,804.37,146.5,4624.04,26493.48,25689.11,UPI,Completed
72e8cd21-4747-456a-bffd-d6498ce448d1,2026_W23,O68009,U18471,P80,2026-06-06 02:56:27,1,4942.61,623.66,91.55,777.41,4942.61,4318.95,Credit Card,Completed
72e8cd21-4747-456a-bffd-d6498ce448d1,2026_W23,O68010,U2307,P90,2026-06-03 08:04:49,3,10379.64,3938.73,155.43,4896.03,31138.92,27200.19,Debit Card,Completed
72e8cd21-4747-456a-bffd-d6498ce448d1,2026_W23,O68011,U3739,P46,2026-06-07 08:17:39,4,4606.02,2590.24,115.77,2850.09,18424.08,15833.840000000002,Wallet,Completed
72e8cd21-4747-456a-bffd-d6498ce448d1,2026_W23,O68012,U8241,P12,2026-06-02 04:25:02,4,5529.38,2831.79,76.91,3471.43,22117.52,19285.73,Credit Card,Completed
72e8cd21-4747-456a-bffd-d6498ce448d1,2026_W23,O68013,U25977,P38,2026-06-07 14:30:03,1,9269.67,362.95,95.25,1603.21,9269.67,8906.72,UPI,Completed
72e8cd21-4747-456a-bffd-d6498ce448d1,2026_W23,O68014,U25404,P148,2026-06-02 23:24:09,2,3184.27,581.65,155.24,1041.64,6368.54,5786.89,Credit Card,Completed
72e8cd21-4747-456a-bffd-d6498ce448d1,2026_W23,O68015,U4576,P159,2026-06-05 19:34:08,3,5981.94,2673.67,155.05,2748.99,17945.82,15272.15,UPI,Completed
72e8cd21-4747-456a-bffd-d6498ce448d1,2026_W23,O68016,U12071,P87,2026-06-05 01:13:46,1,2857.28,22.71,186.64,510.22,2857.28,2834.57,Debit Card,Completed
72e8cd21-4747-456a-bffd-d6498ce448d1,2026_W23,O68017,U23950,P29,2026-06-02 16:00:51,4,1532.51,842.09,109.32,951.83,6130.04,5287.95,Wallet,Completed
72e8cd21-4747-456a-bffd-d6498ce448d1,2026_W23,O68018,U4560,P94,2026-06-03 05:34:30,3,7668.43,686.54,130.19,4017.38,23005.29,22318.75,Credit Card,Completed
72e8cd21-4747-456a-bffd-d6498ce448d1,2026_W23,O68019,U31930,P123,2026-06-04 00:25:15,4,7379.51,223.24,197.47,5273.06,29518.04,29294.8,Credit Card,Completed
72e8cd21-4747-456a-bffd-d6498ce448d1,2026_W23,O68020,U633,P141,2026-06-03 10:10:43,4,3712.37,572.39,154.29,2569.88,14849.48,14277.09,Wallet,Completed
72e8cd21-4747-456a-bffd-d6498ce448d1,2026_W23,O68021,U18652,P114,2026-06-03 20:07:51,4,3958.12,1982.83,99.49,2492.94,15832.48,13849.65,Credit Card,Completed
72e8cd21-4747-456a-bffd-d6498ce448d1,2026_W23,O68022,U30539,P49,2026-06-04 13:21:05,1,4491.12,413.52,72.09,733.97,4491.12,4077.6,Debit Card,Completed
72e8cd21-4747-456a-bffd-d6498ce448d1,2026_W23,O68023,U22510,P24,2026-06-02 07:30:21,2,7207.54,2119.68,97.49,2213.17,14415.08,12295.4,Debit Card,Completed
72e8cd21-4747-456a-bffd-d6498ce448d1,2026_W23,O68024,U14140,P166,2026-06-05 22:20:45,3,6824.24,1259.32,86.78,3458.41,20472.72,19213.4,Credit Card,Completed
72e8cd21-4747-456a-bffd-d6498ce448d1,2026_W23,O68025,U29443,P130,2026-06-07 18:18:15,3,3717.66,347.33,165.53,1945.02,11152.98,10805.65,Credit Card,Completed
72e8cd21-4747-456a-bffd-d6498ce448d1,2026_W23,O68026,U33386,P117,2026-06-03 12:56:16,2,9615.7,1591.44,101.1,3175.19,19231.4,17639.960000000003,Debit Card,Completed
72e8cd21-4747-456a-bffd-d6498ce448d1,2026_W23,O68027,U16896,P140,2026-06-06 04:38:56,2,4036.99,367.44,57.41,1387.18,8073.98,7706.54,Wallet,Completed
72e8cd21-4747-456a-bffd-d6498ce448d1,2026_W23,O68028,U30785,P162,2026-06-04 17:40:00,2,4947.62,355.22,198.39,1717.2,9895.24,9540.02,Credit Card,Completed
72e8cd21-4747-456a-bffd-d6498ce448d1,2026_W23,O68029,U687,P158,2026-06-06 20:01:08,3,2851.23,182.83,55.92,1506.75,8553.69,8370.86,Wallet,Completed
72e8cd21-4747-456a-bffd-d6498ce448d1,2026_W23,O68030,U18848,P84,2026-06-07 08:58:18,1,3400.69,361.78,136.96,547.0,3400.69,3038.91,Wallet,Completed
72e8cd21-4747-456a-bffd-d6498ce448d1,2026_W23,O68031,U7496,P25,2026-06-06 18:07:18,3,7381.46,2067.08,119.66,3613.91,22144.38,20077.300000000003,UPI,Completed
72e8cd21-4747-456a-bffd-d6498ce448d1,2026_W23,O68032,U29189,P157,2026-06-04 19:06:51,2,6948.33,1647.42,105.47,2204.86,13896.66,12249.24,Credit Card,Completed
72e8cd21-4747-456a-bffd-d6498ce448d1,2026_W23,O68033,U7067,P74,2026-06-04 06:06:06,4,4407.74,1762.36,91.72,2856.35,17630.96,15868.6,Wallet,Completed
72e8cd21-4747-456a-bffd-d6498ce448d1,2026_W23,O68034,U14670,P153,2026-06-05 22:31:30,3,3236.07,929.89,195.2,1580.1,9708.21,8778.320000000002,UPI,Completed
72e8cd21-4747-456a-bffd-d6498ce448d1,2026_W23,O68035,U7784,P168,2026-06-04 03:21:22,2,4347.14,740.77,61.52,1431.63,8694.28,7953.51,UPI,Completed
72e8cd21-4747-456a-bffd-d6498ce448d1,2026_W23,O68036,U12899,P14,2026-06-04 16:46:52,2,7736.91,690.62,142.45,2660.98,15473.82,14783.2,UPI,Completed
72e8cd21-4747-456a-bffd-d6498ce448d1,2026_W23,O68037,U30175,P185,2026-06-02 03:40:00,3,7874.65,3542.93,131.81,3614.58,23623.95,20081.02,Credit Card,Completed
72e8cd21-4747-456a-bffd-d6498ce448d1,2026_W23,O68038,U29207,P122,2026-06-07 09:02:36,1,7123.24,791.13,51.33,1139.78,7123.24,6332.11,Wallet,Completed
72e8cd21-4747-456a-bffd-d6498ce448d1,2026_W23,O68039,U12294,P165,2026-06-02 23:26:01,4,2657.45,1124.86,94.72,1710.89,10629.8,9504.94,UPI,Completed
72e8cd21-4747-456a-bffd-d6498ce448d1,2026_W23,O68040,U32300,P192,2026-06-07 10:11:17,2,11696.08,2560.31,166.83,3749.73,23392.16,20831.85,Debit Card,Completed
72e8cd21-4747-456a-bffd-d6498ce448d1,2026_W23,O68041,U9614,P145,2026-06-05 16:44:03,1,7002.35,789.12,142.15,1118.38,7002.35,6213.2300000000005,UPI,Completed
72e8cd21-4747-456a-bffd-d6498ce448d1,2026_W23,O68042,U637,P117,2026-06-05 20:36:29,1,9615.7,737.57,90.12,1598.06,9615.7,8878.130000000001,UPI,Completed
72e8cd21-4747-456a-bffd-d6498ce448d1,2026_W23,O68043,U25016,P65,2026-06-05 18:08:59,4,9814.57,5828.2,96.84,6017.41,39258.28,33430.08,Debit Card,Completed
72e8cd21-4747-456a-bffd-d6498ce448d1,2026_W23,O68044,U1487,P56,2026-06-07 05:22:25,2,9007.41,2082.64,55.91,2867.79,18014.82,15932.18,UPI,Completed
72e8cd21-4747-456a-bffd-d6498ce448d1,2026_W23,O68045,U8960,P192,2026-06-04 08:03:42,3,11696.08,2521.36,102.22,5862.04,35088.24,32566.88,Wallet,Completed
72e8cd21-4747-456a-bffd-d6498ce448d1,2026_W23,O68046,U33854,P5,2026-06-06 19:55:30,2,9411.93,1113.62,142.89,3187.84,18823.86,17710.24,Wallet,Completed
72e8cd21-4747-456a-bffd-d6498ce448d1,2026_W23,O68047,U20183,P174,2026-06-03 23:17:50,2,8540.78,1396.22,110.06,2823.36,17081.56,15685.340000000002,Debit Card,Completed
72e8cd21-4747-456a-bffd-d6498ce448d1,2026_W23,O68048,U16020,P149,2026-06-04 19:29:35,4,5363.67,1607.45,93.87,3572.5,21454.68,19847.23,Debit Card,Completed
72e8cd21-4747-456a-bffd-d6498ce448d1,2026_W23,O68049,U18885,P133,2026-06-03 11:48:40,2,9654.47,2504.87,122.87,3024.73,19308.94,16804.07,Credit Card,Completed
72e8cd21-4747-456a-bffd-d6498ce448d1,2026_W23,O68050,U19763,P136,2026-06-05 00:54:24,3,2987.05,578.1,143.99,1508.95,8961.150000000001,8383.050000000001,Credit Card,Completed
72e8cd21-4747-456a-bffd-d6498ce448d1,2026_W23,O68051,U3070,P147,2026-06-07 19:47:32,3,8552.19,1502.47,82.63,4347.74,25656.57,24154.1,Credit Card,Completed
72e8cd21-4747-456a-bffd-d6498ce448d1,2026_W23,O68052,U14348,P2,2026-06-03 18:14:55,1,4248.72,202.26,108.21,728.36,4248.72,4046.46,Debit Card,Completed
72e8cd21-4747-456a-bffd-d6498ce448d1,2026_W23,O68053,U11717,P157,2026-06-01 21:54:44,1,6948.33,796.03,192.35,1107.41,6948.33,6152.3,Debit Card,Completed
72e8cd21-4747-456a-bffd-d6498ce448d1,2026_W23,O68054,U32994,P174,2026-06-02 10:09:00,1,8540.78,26.43,131.62,1532.58,8540.78,8514.35,Credit Card,Completed
72e8cd21-4747-456a-bffd-d6498ce448d1,2026_W23,O68055,U17767,P166,2026-06-05 19:18:07,1,6824.24,959.14,171.8,1055.72,6824.24,5865.099999999999,Debit Card,Completed
72e8cd21-4747-456a-bffd-d6498ce448d1,2026_W23,O68056,U7552,P126,2026-06-03 00:06:38,1,7115.51,977.1,178.28,1104.91,7115.51,6138.41,UPI,Completed
72e8cd21-4747-456a-bffd-d6498ce448d1,2026_W23,O68057,U10396,P164,2026-06-06 15:28:18,4,7788.37,284.5,127.3,5556.42,31153.48,30868.98,Wallet,Completed
72e8cd21-4747-456a-bffd-d6498ce448d1,2026_W23,O68058,U21290,P91,2026-06-05 13:11:11,1,4770.75,35.78,198.57,852.29,4770.75,4734.97,UPI,Completed
72e8cd21-4747-456a-bffd-d6498ce448d1,2026_W23,O68059,U32925,P86,2026-06-03 02:21:51,2,5552.06,1607.66,157.34,1709.36,11104.12,9496.46,Debit Card,Completed
72e8cd21-4747-456a-bffd-d6498ce448d1,2026_W23,O68060,U33639,P12,2026-06-06 21:09:39,3,5529.38,1000.82,64.64,2805.72,16588.14,15587.32,Debit Card,Completed
72e8cd21-4747-456a-bffd-d6498ce448d1,2026_W23,O68061,U26327,P33,2026-06-04 16:02:46,3,8155.0,497.41,155.25,4314.17,24465.0,23967.59,Debit Card,Completed
72e8cd21-4747-456a-bffd-d6498ce448d1,2026_W23,O68062,U6707,P163,2026-06-03 12:01:54,2,4948.62,848.48,184.86,1628.78,9897.24,9048.76,Wallet,Completed
72e8cd21-4747-456a-bffd-d6498ce448d1,2026_W23,O68063,U10266,P159,2026-06-04 19:15:15,1,5981.94,401.41,111.69,1004.5,5981.94,5580.53,Wallet,Completed
72e8cd21-4747-456a-bffd-d6498ce448d1,2026_W23,O68064,U8287,P10,2026-06-05 09:03:44,1,6265.23,165.97,164.87,1097.87,6265.23,6099.259999999999,Debit Card,Completed
72e8cd21-4747-456a-bffd-d6498ce448d1,2026_W23,O68065,U13979,P50,2026-06-02 16:09:48,2,2577.38,12.6,183.29,925.59,5154.76,5142.16,Wallet,Completed
72e8cd21-4747-456a-bffd-d6498ce448d1,2026_W23,O68066,U21290,P104,2026-06-07 12:54:17,4,5590.84,359.83,190.01,3960.64,22363.36,22003.53,Debit Card,Completed
72e8cd21-4747-456a-bffd-d6498ce448d1,2026_W23,O68067,U28616,P122,2026-06-02 11:13:49,4,7123.24,2685.21,132.22,4645.39,28492.96,25807.75,Wallet,Completed
72e8cd21-4747-456a-bffd-d6498ce448d1,2026_W23,O68068,U32715,P50,2026-06-07 03:16:24,2,2577.38,260.36,78.41,880.99,5154.76,4894.400000000001,UPI,Completed
72e8cd21-4747-456a-bffd-d6498ce448d1,2026_W23,O68069,U33639,P161,2026-06-03 16:50:50,3,6131.78,290.45,125.63,3258.88,18395.34,18104.89,UPI,Completed
72e8cd21-4747-456a-bffd-d6498ce448d1,2026_W23,O68070,U13532,P65,2026-06-04 16:24:32,1,9814.57,181.45,55.08,1733.96,9814.57,9633.12,Wallet,Completed
72e8cd21-4747-456a-bffd-d6498ce448d1,2026_W23,O68071,U29081,P160,2026-06-02 23:50:18,2,3922.12,849.23,76.16,1259.1,7844.24,6995.01,Debit Card,Completed
72e8cd21-4747-456a-bffd-d6498ce448d1,2026_W23,O68072,U18183,P43,2026-06-03 05:43:49,1,2660.01,83.84,73.19,463.71,2660.01,2576.17,UPI,Completed
72e8cd21-4747-456a-bffd-d6498ce448d1,2026_W23,O68073,U23130,P196,2026-06-04 06:56:45,3,9246.31,2688.73,157.33,4509.04,27738.93,25050.2,Wallet,Completed
72e8cd21-4747-456a-bffd-d6498ce448d1,2026_W23,O68074,U34831,P55,2026-06-05 13:49:18,2,2495.43,162.67,107.72,869.07,4990.86,4828.19,Wallet,Completed
72e8cd21-4747-456a-bffd-d6498ce448d1,2026_W23,O68075,U21594,P110,2026-06-07 02:53:48,1,2362.36,71.76,147.12,412.31,2362.36,2290.6,Debit Card,Completed
72e8cd21-4747-456a-bffd-d6498ce448d1,2026_W23,O68076,U24747,P169,2026-06-06 12:54:45,3,8908.51,1183.32,116.85,4597.6,26725.53,25542.21,Debit Card,Completed
72e8cd21-4747-456a-bffd-d6498ce448d1,2026_W23,O68077,U6109,P33,2026-06-05 11:03:23,1,8155.0,915.46,168.84,1303.12,8155.0,7239.54,Credit Card,Completed
72e8cd21-4747-456a-bffd-d6498ce448d1,2026_W23,O68078,U2834,P147,2026-06-02 09:52:59,2,8552.19,1352.53,113.5,2835.33,17104.38,15751.85,UPI,Completed
72e8cd21-4747-456a-bffd-d6498ce448d1,2026_W23,O68079,U25442,P34,2026-06-03 04:08:50,2,3033.5,108.57,107.91,1072.52,6067.0,5958.43,Wallet,Completed
72e8cd21-4747-456a-bffd-d6498ce448d1,2026_W23,O68080,U14087,P184,2026-06-05 21:17:10,2,2050.2,268.59,196.25,689.73,4100.4,3831.81,Credit Card,Completed
72e8cd21-4747-456a-bffd-d6498ce448d1,2026_W23,O68081,U30375,P159,2026-06-02 05:05:28,2,5981.94,585.48,65.89,2048.11,11963.88,11378.4,Wallet,Completed
72e8cd21-4747-456a-bffd-d6498ce448d1,2026_W23,O68082,U15669,P34,2026-06-02 23:52:39,2,3033.5,532.48,178.2,996.21,6067.0,5534.52,UPI,Completed
72e8cd21-4747-456a-bffd-d6498ce448d1,2026_W23,O68083,U27987,P122,2026-06-07 04:33:27,3,7123.24,399.0,85.82,3774.73,21369.72,20970.72,Credit Card,Completed
72e8cd21-4747-456a-bffd-d6498ce448d1,2026_W23,O68084,U14021,P136,2026-06-04 05:13:01,3,2987.05,168.89,102.5,1582.61,8961.150000000001,8792.260000000002,Wallet,Completed
72e8cd21-4747-456a-bffd-d6498ce448d1,2026_W23,O68085,U5993,P4,2026-06-04 07:14:44,4,4763.57,48.36,135.52,3421.07,19054.28,19005.92,Wallet,Completed
72e8cd21-4747-456a-bffd-d6498ce448d1,2026_W23,O68086,U1105,P3,2026-06-05 11:55:39,4,6836.35,3421.94,141.57,4306.22,27345.4,23923.460000000003,UPI,Completed
72e8cd21-4747-456a-bffd-d6498ce448d1,2026_W23,O68087,U11294,P155,2026-06-06 08:50:02,4,5852.84,773.22,85.18,4074.87,23411.36,22638.14,Wallet,Completed
72e8cd21-4747-456a-bffd-d6498ce448d1,2026_W23,O68088,U812,P11,2026-06-05 13:58:52,2,4777.26,825.48,66.69,1571.23,9554.52,8729.04,Credit Card,Completed
72e8cd21-4747-456a-bffd-d6498ce448d1,2026_W23,O68089,U14821,P130,2026-06-07 00:23:41,2,3717.66,771.98,79.6,1199.4,7435.32,6663.34,UPI,Completed
72e8cd21-4747-456a-bffd-d6498ce448d1,2026_W23,O68090,U13095,P90,2026-06-06 16:23:56,2,10379.64,828.53,144.39,3587.54,20759.28,19930.75,Wallet,Completed
72e8cd21-4747-456a-bffd-d6498ce448d1,2026_W23,O68091,U18483,P179,2026-06-04 02:17:08,2,6023.34,1266.96,53.78,1940.35,12046.68,10779.72,UPI,Completed
72e8cd21-4747-456a-bffd-d6498ce448d1,2026_W23,O68092,U9279,P182,2026-06-03 19:04:13,3,1987.12,386.54,78.53,1003.47,5961.36,5574.82,Wallet,Completed
72e8cd21-4747-456a-bffd-d6498ce448d1,2026_W23,O68093,U20380,P171,2026-06-04 02:17:49,3,3668.91,710.24,159.97,1853.37,11006.73,10296.49,Wallet,Completed
72e8cd21-4747-456a-bffd-d6498ce448d1,2026_W23,O68094,U13519,P184,2026-06-05 07:40:01,4,2050.2,870.19,78.01,1319.51,8200.8,7330.609999999999,Wallet,Completed
72e8cd21-4747-456a-bffd-d6498ce448d1,2026_W23,O68095,U26542,P88,2026-06-03 13:27:18,3,6362.48,1679.67,185.54,3133.4,19087.44,17407.769999999997,UPI,Completed
72e8cd21-4747-456a-bffd-d6498ce448d1,2026_W23,O68096,U3810,P57,2026-06-02 03:14:27,1,8106.78,1027.45,89.59,1274.28,8106.78,7079.33,UPI,Completed
72e8cd21-4747-456a-bffd-d6498ce448d1,2026_W23,O68097,U23880,P11,2026-06-01 20:44:47,1,4777.26,443.18,121.35,780.13,4777.26,4334.08,Wallet,Completed
72e8cd21-4747-456a-bffd-d6498ce448d1,2026_W23,O68098,U28607,P102,2026-06-03 23:56:38,1,2314.83,245.06,188.59,372.56,2314.83,2069.77,UPI,Completed
72e8cd21-4747-456a-bffd-d6498ce448d1,2026_W23,O68099,U4409,P132,2026-06-05 15:58:02,1,4280.82,216.27,194.95,731.62,4280.82,4064.55,Debit Card,Completed
72e8cd21-4747-456a-bffd-d6498ce448d1,2026_W23,O68100,U30556,P31,2026-06-06 02:44:39,3,2922.48,497.72,196.41,1488.55,8767.44,8269.720000000001,Wallet,Completed
72e8cd21-4747-456a-bffd-d6498ce448d1,2026_W23,O68101,U4118,P134,2026-06-02 16:02:18,3,2662.06,1128.93,75.81,1234.3,7986.18,6857.25,Credit Card,Completed
72e8cd21-4747-456a-bffd-d6498ce448d1,2026_W23,O68102,U23720,P38,2026-06-06 07:48:40,1,9269.67,201.47,75.33,1632.28,9269.67,9068.2,Wallet,Completed
72e8cd21-4747-456a-bffd-d6498ce448d1,2026_W23,O68103,U16029,P70,2026-06-04 05:19:50,3,10058.46,2054.9,139.2,5061.69,30175.38,28120.48,Wallet,Completed
72e8cd21-4747-456a-bffd-d6498ce448d1,2026_W23,O68104,U11960,P169,2026-06-05 01:49:40,4,8908.51,2298.08,92.33,6000.47,35634.04,33335.96,Wallet,Completed
72e8cd21-4747-456a-bffd-d6498ce448d1,2026_W23,O68105,U15248,P51,2026-06-04 17:37:41,2,5156.58,231.9,78.18,1814.63,10313.16,10081.26,Credit Card,Completed
72e8cd21-4747-456a-bffd-d6498ce448d1,2026_W23,O68106,U32032,P189,2026-06-03 06:31:46,3,3755.21,230.24,87.31,1986.37,11265.63,11035.39,Wallet,Completed
72e8cd21-4747-456a-bffd-d6498ce448d1,2026_W23,O68107,U3557,P19,2026-06-04 05:19:05,1,10412.16,32.9,59.67,1868.27,10412.16,10379.26,Credit Card,Completed
72e8cd21-4747-456a-bffd-d6498ce448d1,2026_W23,O68108,U25126,P91,2026-06-04 07:31:11,4,4770.75,237.02,134.63,3392.28,19083.0,18845.98,Credit Card,Completed
72e8cd21-4747-456a-bffd-d6498ce448d1,2026_W23,O68109,U18294,P24,2026-06-07 05:23:03,3,7207.54,2755.65,59.88,3396.05,21622.62,18866.97,Credit Card,Completed
72e8cd21-4747-456a-bffd-d6498ce448d1,2026_W23,O68110,U31150,P133,2026-06-02 07:26:22,3,9654.47,2689.59,77.48,4729.29,28963.41,26273.82,UPI,Completed
72e8cd21-4747-456a-bffd-d6498ce448d1,2026_W23,O68111,U34679,P34,2026-06-06 03:11:44,4,3033.5,1087.08,166.02,1988.45,12134.0,11046.92,Debit Card,Completed
72e8cd21-4747-456a-bffd-d6498ce448d1,2026_W23,O68112,U26475,P167,2026-06-03 12:09:11,1,10191.01,1072.16,79.59,1641.39,10191.01,9118.85,Wallet,Completed
72e8cd21-4747-456a-bffd-d6498ce448d1,2026_W23,O68113,U18694,P106,2026-06-06 13:38:40,1,4353.6,453.78,100.43,701.97,4353.6,3899.8200000000006,Debit Card,Completed
72e8cd21-4747-456a-bffd-d6498ce448d1,2026_W23,O68114,U25324,P173,2026-06-04 12:45:20,3,5411.96,844.62,76.25,2770.43,16235.88,15391.26,Wallet,Completed
72e8cd21-4747-456a-bffd-d6498ce448d1,2026_W23,O68115,U7691,P103,2026-06-03 07:00:23,3,4922.25,1546.11,76.74,2379.72,14766.75,13220.64,Debit Card,Completed
72e8cd21-4747-456a-bffd-d6498ce448d1,2026_W23,O68116,U26052,P144,2026-06-07 08:44:52,3,3365.89,191.66,150.78,1783.08,10097.67,9906.01,Debit Card,Completed
72e8cd21-4747-456a-bffd-d6498ce448d1,2026_W23,O68117,U32606,P141,2026-06-04 09:02:16,1,3712.37,429.53,182.75,590.91,3712.37,3282.84,Wallet,Completed
72e8cd21-4747-456a-bffd-d6498ce448d1,2026_W23,O68118,U24221,P146,2026-06-06 23:23:10,2,8753.05,681.12,93.86,3028.5,17506.1,16824.98,Credit Card,Completed
72e8cd21-4747-456a-bffd-d6498ce448d1,2026_W23,O68119,U33683,P172,2026-06-06 23:48:09,4,1445.78,48.31,183.25,1032.27,5783.12,5734.81,UPI,Completed
72e8cd21-4747-456a-bffd-d6498ce448d1,2026_W23,O68120,U10383,P86,2026-06-05 03:05:00,3,5552.06,1591.32,59.12,2711.67,16656.18,15064.86,Credit Card,Completed
72e8cd21-4747-456a-bffd-d6498ce448d1,2026_W23,O68121,U1605,P54,2026-06-02 06:11:08,1,8322.93,368.97,75.59,1431.71,8322.93,7953.96,Credit Card,Completed
72e8cd21-4747-456a-bffd-d6498ce448d1,2026_W23,O68122,U32751,P23,2026-06-03 06:13:36,1,8537.77,856.93,76.19,1382.55,8537.77,7680.84,UPI,Completed
72e8cd21-4747-456a-bffd-d6498ce448d1,2026_W23,O68123,U13653,P180,2026-06-04 17:39:34,2,6330.21,1480.51,157.58,2012.38,12660.42,11179.91,Debit Card,Completed
72e8cd21-4747-456a-bffd-d6498ce448d1,2026_W23,O68124,U23483,P58,2026-06-04 16:27:07,4,3367.03,620.58,177.86,2312.56,13468.12,12847.54,Credit Card,Completed
72e8cd21-4747-456a-bffd-d6498ce448d1,2026_W23,O68125,U26114,P157,2026-06-05 01:28:02,2,6948.33,843.86,167.66,2349.5,13896.66,13052.8,Wallet,Completed
72e8cd21-4747-456a-bffd-d6498ce448d1,2026_W23,O68126,U3358,P116,2026-06-02 01:07:22,1,6311.89,208.32,118.27,1098.64,6311.89,6103.570000000001,Wallet,Completed
72e8cd21-4747-456a-bffd-d6498ce448d1,2026_W23,O68127,U30957,P192,2026-06-06 09:18:06,1,11696.08,1267.94,84.94,1877.07,11696.08,10428.14,UPI,Completed
72e8cd21-4747-456a-bffd-d6498ce448d1,2026_W23,O68128,U28773,P48,2026-06-05 21:53:33,1,4680.1,294.47,108.36,789.41,4680.1,4385.63,Credit Card,Completed
72e8cd21-4747-456a-bffd-d6498ce448d1,2026_W23,O68129,U17167,P30,2026-06-03 18:10:49,1,10435.98,35.9,187.72,1872.01,10435.98,10400.08,Credit Card,Completed
72e8cd21-4747-456a-bffd-d6498ce448d1,2026_W23,O68130,U26140,P1,2026-06-03 21:21:43,4,8422.98,2041.52,198.83,5697.07,33691.92,31650.4,Debit Card,Completed
72e8cd21-4747-456a-bffd-d6498ce448d1,2026_W23,O68131,U17852,P143,2026-06-07 20:19:50,4,1686.4,825.73,122.68,1065.58,6745.6,5919.870000000001,Debit Card,Completed
72e8cd21-4747-456a-bffd-d6498ce448d1,2026_W23,O68132,U20149,P65,2026-06-04 23:22:38,3,9814.57,2304.14,173.03,4885.12,29443.71,27139.57,Credit Card,Completed
72e8cd21-4747-456a-bffd-d6498ce448d1,2026_W23,O68133,U31862,P49,2026-06-03 02:37:19,3,4491.12,1326.11,105.32,2186.5,13473.36,12147.25,UPI,Completed
72e8cd21-4747-456a-bffd-d6498ce448d1,2026_W23,O68134,U2907,P182,2026-06-04 07:20:56,1,1987.12,72.05,132.19,344.71,1987.12,1915.07,Credit Card,Completed
72e8cd21-4747-456a-bffd-d6498ce448d1,2026_W23,O68135,U34701,P108,2026-06-06 07:57:02,3,3076.73,751.5,192.29,1526.16,9230.19,8478.69,Wallet,Completed
72e8cd21-4747-456a-bffd-d6498ce448d1,2026_W23,O68136,U31870,P200,2026-06-03 20:01:32,2,2159.6,476.98,169.28,691.6,4319.2,3842.22,Debit Card,Completed
72e8cd21-4747-456a-bffd-d6498ce448d1,2026_W23,O68137,U12725,P40,2026-06-02 02:27:35,2,5653.56,1102.06,199.98,1836.91,11307.12,10205.06,Wallet,Completed
72e8cd21-4747-456a-bffd-d6498ce448d1,2026_W23,O68138,U193,P60,2026-06-04 12:19:06,1,7906.19,61.74,143.87,1412.0,7906.19,7844.45,Credit Card,Completed
72e8cd21-4747-456a-bffd-d6498ce448d1,2026_W23,O68139,U33400,P25,2026-06-06 11:51:17,1,7381.46,547.17,189.57,1230.17,7381.46,6834.29,Credit Card,Completed
72e8cd21-4747-456a-bffd-d6498ce448d1,2026_W23,O68140,U4700,P142,2026-06-06 01:41:38,3,5009.2,2091.14,161.63,2328.56,15027.6,12936.46,Credit Card,Completed
72e8cd21-4747-456a-bffd-d6498ce448d1,2026_W23,O68141,U540,P8,2026-06-05 04:55:36,2,6662.34,701.0,155.82,2272.26,13324.68,12623.68,Wallet,Completed
72e8cd21-4747-456a-bffd-d6498ce448d1,2026_W23,O68142,U31994,P106,2026-06-04 01:41:11,4,4353.6,2162.37,156.27,2745.37,17414.4,15252.030000000002,UPI,Completed
72e8cd21-4747-456a-bffd-d6498ce448d1,2026_W23,O68143,U33448,P192,2026-06-04 21:28:01,3,11696.08,268.9,79.18,6267.48,35088.24,34819.34,UPI,Completed
72e8cd21-4747-456a-bffd-d6498ce448d1,2026_W23,O68144,U19993,P35,2026-06-02 01:59:42,4,2889.44,1257.06,80.65,1854.13,11557.76,10300.7,UPI,Completed
72e8cd21-4747-456a-bffd-d6498ce448d1,2026_W23,O68145,U13476,P96,2026-06-05 22:26:15,4,6736.46,1720.34,110.2,4540.59,26945.84,25225.5,Debit Card,Completed
72e8cd21-4747-456a-bffd-d6498ce448d1,2026_W23,O68146,U28466,P2,2026-06-04 12:26:02,1,4248.72,355.98,59.32,700.69,4248.72,3892.74,Wallet,Completed
72e8cd21-4747-456a-bffd-d6498ce448d1,2026_W23,O68147,U15631,P176,2026-06-06 18:12:14,4,8451.7,1973.8,163.92,5729.94,33806.8,31833.000000000004,UPI,Completed
72e8cd21-4747-456a-bffd-d6498ce448d1,2026_W23,O68148,U7642,P69,2026-06-02 13:28:24,4,2752.73,1281.1,153.57,1751.37,11010.92,9729.82,Credit Card,Completed
72e8cd21-4747-456a-bffd-d6498ce448d1,2026_W23,O68149,U4572,P47,2026-06-04 21:48:46,2,8854.8,1576.47,170.97,2903.96,17709.6,16133.13,Debit Card,Completed
72e8cd21-4747-456a-bffd-d6498ce448d1,2026_W23,O68150,U15479,P173,2026-06-06 22:45:15,2,5411.96,338.02,53.42,1887.46,10823.92,10485.9,Debit Card,Completed
72e8cd21-4747-456a-bffd-d6498ce448d1,2026_W23,O68151,U23387,P76,2026-06-07 18:50:09,1,1956.86,123.11,169.46,330.08,1956.86,1833.75,Debit Card,Completed
72e8cd21-4747-456a-bffd-d6498ce448d1,2026_W23,O68152,U18934,P66,2026-06-05 08:32:59,4,5068.12,2581.35,98.95,3184.4,20272.48,17691.13,Credit Card,Completed
72e8cd21-4747-456a-bffd-d6498ce448d1,2026_W23,O68153,U24780,P2,2026-06-04 12:31:26,1,4248.72,228.91,181.2,723.57,4248.72,4019.81,Credit Card,Completed
72e8cd21-4747-456a-bffd-d6498ce448d1,2026_W23,O68154,U2460,P37,2026-06-07 00:09:51,4,5843.49,2246.53,144.26,3802.94,23373.96,21127.43,Debit Card,Completed
72e8cd21-4747-456a-bffd-d6498ce448d1,2026_W23,O68155,U11849,P124,2026-06-06 16:49:14,1,3516.67,371.7,62.17,566.09,3516.67,3144.9700000000003,Credit Card,Completed
72e8cd21-4747-456a-bffd-d6498ce448d1,2026_W23,O68156,U5948,P34,2026-06-03 18:16:03,3,3033.5,1115.63,146.91,1437.28,9100.5,7984.87,Credit Card,Completed
72e8cd21-4747-456a-bffd-d6498ce448d1,2026_W23,O68157,U23802,P193,2026-06-03 14:15:43,2,9271.8,1413.76,118.99,3083.37,18543.6,17129.84,UPI,Completed
72e8cd21-4747-456a-bffd-d6498ce448d1,2026_W23,O68158,U26044,P50,2026-06-03 22:50:53,1,2577.38,160.43,110.21,435.05,2577.38,2416.9500000000003,Credit Card,Completed
72e8cd21-4747-456a-bffd-d6498ce448d1,2026_W23,O68159,U26818,P108,2026-06-06 16:19:38,1,3076.73,180.41,175.16,521.34,3076.73,2896.32,Debit Card,Completed
72e8cd21-4747-456a-bffd-d6498ce448d1,2026_W23,O68160,U30450,P129,2026-06-02 19:34:03,2,4560.09,9.72,77.89,1639.88,9120.18,9110.46,UPI,Completed
72e8cd21-4747-456a-bffd-d6498ce448d1,2026_W23,O68161,U22312,P155,2026-06-02 13:39:27,2,5852.84,643.77,139.76,1991.14,11705.68,11061.91,Debit Card,Completed
72e8cd21-4747-456a-bffd-d6498ce448d1,2026_W23,O68162,U24263,P87,2026-06-05 13:03:53,3,2857.28,277.0,194.22,1493.07,8571.84,8294.84,Wallet,Completed
72e8cd21-4747-456a-bffd-d6498ce448d1,2026_W23,O68163,U9110,P170,2026-06-04 10:30:15,1,9183.37,687.27,68.5,1529.3,9183.37,8496.1,Credit Card,Completed
72e8cd21-4747-456a-bffd-d6498ce448d1,2026_W23,O68164,U16932,P113,2026-06-06 18:23:48,4,5995.63,1566.85,179.77,4034.82,23982.52,22415.67,Credit Card,Completed
72e8cd21-4747-456a-bffd-d6498ce448d1,2026_W23,O68165,U32247,P5,2026-06-07 06:07:17,3,9411.93,3729.47,62.55,4411.14,28235.79,24506.32,Credit Card,Completed
72e8cd21-4747-456a-bffd-d6498ce448d1,2026_W23,O68166,U8571,P76,2026-06-07 13:24:03,4,1956.86,397.12,144.06,1337.46,7827.44,7430.32,Debit Card,Completed
72e8cd21-4747-456a-bffd-d6498ce448d1,2026_W23,O68167,U27101,P199,2026-06-03 22:55:47,3,5324.39,944.57,161.73,2705.15,15973.170000000002,15028.600000000002,Wallet,Completed
72e8cd21-4747-456a-bffd-d6498ce448d1,2026_W23,O68168,U10437,P143,2026-06-03 11:59:35,1,1686.4,66.86,58.91,291.52,1686.4,1619.5400000000002,Debit Card,Completed
72e8cd21-4747-456a-bffd-d6498ce448d1,2026_W23,O68169,U21039,P78,2026-06-06 13:02:32,3,3006.64,192.33,126.36,1588.97,9019.92,8827.59,Debit Card,Completed
72e8cd21-4747-456a-bffd-d6498ce448d1,2026_W23,O68170,U26599,P107,2026-06-03 10:29:02,3,5037.89,1245.9,112.28,2496.2,15113.670000000002,13867.770000000002,UPI,Completed
72e8cd21-4747-456a-bffd-d6498ce448d1,2026_W23,O68171,U1487,P1,2026-06-02 19:23:36,1,8422.98,325.13,145.88,1457.61,8422.98,8097.849999999999,UPI,Completed
72e8cd21-4747-456a-bffd-d6498ce448d1,2026_W23,O68172,U33371,P96,2026-06-07 01:54:54,3,6736.46,2405.72,67.0,3204.66,20209.38,17803.66,Credit Card,Completed
72e8cd21-4747-456a-bffd-d6498ce448d1,2026_W23,O68173,U12270,P104,2026-06-04 10:08:44,4,5590.84,2894.41,170.23,3504.41,22363.36,19468.95,UPI,Completed
72e8cd21-4747-456a-bffd-d6498ce448d1,2026_W23,O68174,U31424,P43,2026-06-06 17:52:10,1,2660.01,9.26,122.37,477.14,2660.01,2650.75,Wallet,Completed
72e8cd21-4747-456a-bffd-d6498ce448d1,2026_W23,O68175,U862,P22,2026-06-02 23:01:24,4,5208.88,1952.38,60.06,3398.97,20835.52,18883.14,Credit Card,Completed
72e8cd21-4747-456a-bffd-d6498ce448d1,2026_W23,O68176,U31862,P69,2026-06-05 09:17:38,3,2752.73,773.13,99.97,1347.31,8258.19,7485.06,Wallet,Completed
72e8cd21-4747-456a-bffd-d6498ce448d1,2026_W23,O68177,U17801,P94,2026-06-06 10:24:21,2,7668.43,1800.23,125.26,2436.59,15336.86,13536.63,UPI,Completed
72e8cd21-4747-456a-bffd-d6498ce448d1,2026_W23,O68178,U15769,P129,2026-06-02 14:56:06,3,4560.09,898.7,198.93,2300.68,13680.27,12781.57,UPI,Completed
72e8cd21-4747-456a-bffd-d6498ce448d1,2026_W23,O68179,U12935,P83,2026-06-06 20:55:27,4,4290.17,1532.52,118.05,2813.07,17160.68,15628.16,Debit Card,Completed
72e8cd21-4747-456a-bffd-d6498ce448d1,2026_W23,O68180,U936,P92,2026-06-07 10:56:23,4,2278.27,625.64,178.9,1527.74,9113.08,8487.44,Credit Card,Completed
72e8cd21-4747-456a-bffd-d6498ce448d1,2026_W23,O68181,U28673,P20,2026-06-02 13:55:12,3,2140.8,471.25,83.14,1071.21,6422.400000000001,5951.150000000001,Debit Card,Completed
72e8cd21-4747-456a-bffd-d6498ce448d1,2026_W23,O68182,U13851,P156,2026-06-07 06:08:53,2,7497.11,2134.81,108.7,2314.69,14994.22,12859.41,Credit Card,Completed
72e8cd21-4747-456a-bffd-d6498ce448d1,2026_W23,O68183,U8441,P177,2026-06-02 01:05:30,4,6111.68,646.99,148.25,4283.95,24446.72,23799.73,Credit Card,Completed
72e8cd21-4747-456a-bffd-d6498ce448d1,2026_W23,O68184,U9905,P149,2026-06-07 05:09:46,3,5363.67,1506.4,195.41,2625.23,16091.01,14584.61,Debit Card,Completed
72e8cd21-4747-456a-bffd-d6498ce448d1,2026_W23,O68185,U3837,P110,2026-06-06 08:51:57,2,2362.36,616.46,96.17,739.49,4724.72,4108.26,UPI,Completed
72e8cd21-4747-456a-bffd-d6498ce448d1,2026_W23,O68186,U6395,P106,2026-06-02 08:36:36,2,4353.6,452.88,192.05,1485.78,8707.2,8254.320000000002,Debit Card,Completed
72e8cd21-4747-456a-bffd-d6498ce448d1,2026_W23,O68187,U2393,P38,2026-06-03 02:47:14,4,9269.67,3647.45,199.2,6017.62,37078.68,33431.23,UPI,Completed
72e8cd21-4747-456a-bffd-d6498ce448d1,2026_W23,O68188,U6465,P81,2026-06-04 22:10:17,2,6992.52,722.15,89.46,2387.32,13985.04,13262.89,Credit Card,Completed
72e8cd21-4747-456a-bffd-d6498ce448d1,2026_W23,O68189,U29536,P158,2026-06-02 16:27:11,4,2851.23,425.43,194.39,1976.31,11404.92,10979.49,Debit Card,Completed
72e8cd21-4747-456a-bffd-d6498ce448d1,2026_W23,O68190,U12557,P71,2026-06-03 18:21:45,3,4652.78,2084.09,122.75,2137.36,13958.34,11874.25,Debit Card,Completed
72e8cd21-4747-456a-bffd-d6498ce448d1,2026_W23,O68191,U15244,P166,2026-06-05 14:48:39,3,6824.24,2240.96,105.1,3281.72,20472.72,18231.76,Wallet,Completed
72e8cd21-4747-456a-bffd-d6498ce448d1,2026_W23,O68192,U1081,P44,2026-06-01 21:25:38,1,3831.53,177.82,179.41,657.67,3831.53,3653.71,UPI,Completed
72e8cd21-4747-456a-bffd-d6498ce448d1,2026_W23,O68193,U11853,P180,2026-06-06 23:33:42,1,6330.21,531.93,149.89,1043.69,6330.21,5798.28,Debit Card,Completed
72e8cd21-4747-456a-bffd-d6498ce448d1,2026_W23,O68194,U21066,P126,2026-06-07 13:23:55,1,7115.51,1036.83,82.0,1094.16,7115.51,6078.68,UPI,Completed
72e8cd21-4747-456a-bffd-d6498ce448d1,2026_W23,O68195,U11726,P62,2026-06-02 09:27:20,2,10625.67,131.5,188.69,3801.57,21251.34,21119.84,Debit Card,Completed
72e8cd21-4747-456a-bffd-d6498ce448d1,2026_W23,O68196,U24286,P67,2026-06-05 22:45:41,3,6380.8,1913.73,181.84,3101.16,19142.4,17228.670000000002,Debit Card,Completed
72e8cd21-4747-456a-bffd-d6498ce448d1,2026_W23,O68197,U284,P132,2026-06-02 03:46:52,2,4280.82,1172.43,87.17,1330.06,8561.64,7389.209999999999,Wallet,Completed
72e8cd21-4747-456a-bffd-d6498ce448d1,2026_W23,O68198,U1487,P199,2026-06-04 13:34:14,1,5324.39,537.2,118.11,861.69,5324.39,4787.1900000000005,UPI,Completed
72e8cd21-4747-456a-bffd-d6498ce448d1,2026_W23,O68199,U15996,P118,2026-06-06 22:01:17,2,1413.19,46.26,106.9,500.42,2826.38,2780.12,Credit Card,Completed
72e8cd21-4747-456a-bffd-d6498ce448d1,2026_W23,O68200,U18592,P38,2026-06-02 12:05:04,1,9269.67,363.06,119.73,1603.19,9269.67,8906.61,Credit Card,Completed
72e8cd21-4747-456a-bffd-d6498ce448d1,2026_W23,O68201,U6021,P43,2026-06-05 07:52:07,3,2660.01,686.47,174.18,1312.84,7980.030000000001,7293.56,Debit Card,Completed
72e8cd21-4747-456a-bffd-d6498ce448d1,2026_W23,O68202,U19571,P128,2026-06-03 03:17:47,1,8967.81,78.21,160.79,1600.13,8967.81,8889.6,Credit Card,Completed
72e8cd21-4747-456a-bffd-d6498ce448d1,2026_W23,O68203,U27959,P55,2026-06-03 16:34:34,2,2495.43,229.19,107.92,857.1,4990.86,4761.67,UPI,Completed
72e8cd21-4747-456a-bffd-d6498ce448d1,2026_W23,O68204,U30084,P128,2026-06-03 20:54:06,2,8967.81,1684.49,134.56,2925.2,17935.62,16251.13,Wallet,Completed
72e8cd21-4747-456a-bffd-d6498ce448d1,2026_W23,O68205,U6171,P41,2026-06-07 12:49:12,1,11748.5,1139.68,100.84,1909.59,11748.5,10608.82,Debit Card,Completed
72e8cd21-4747-456a-bffd-d6498ce448d1,2026_W23,O68206,U3813,P112,2026-06-04 15:55:52,1,7986.57,1062.89,65.74,1246.26,7986.57,6923.679999999999,Wallet,Completed
72e8cd21-4747-456a-bffd-d6498ce448d1,2026_W23,O68207,U29661,P121,2026-06-06 06:34:25,3,3168.81,1198.83,84.01,1495.37,9506.43,8307.6,UPI,Completed
72e8cd21-4747-456a-bffd-d6498ce448d1,2026_W23,O68208,U11644,P63,2026-06-04 04:33:39,1,11400.74,380.34,91.57,1983.67,11400.74,11020.4,Debit Card,Completed
72e8cd21-4747-456a-bffd-d6498ce448d1,2026_W23,O68209,U29081,P52,2026-06-04 00:54:08,1,2737.55,217.96,111.02,453.53,2737.55,2519.59,UPI,Completed
72e8cd21-4747-456a-bffd-d6498ce448d1,2026_W23,O68210,U34733,P77,2026-06-04 04:35:45,4,2460.76,900.36,84.97,1609.68,9843.04,8942.68,Credit Card,Completed
72e8cd21-4747-456a-bffd-d6498ce448d1,2026_W23,O68211,U26824,P119,2026-06-05 01:49:04,1,2931.16,208.07,77.39,490.16,2931.16,2723.09,UPI,Completed
72e8cd21-4747-456a-bffd-d6498ce448d1,2026_W23,O68212,U15564,P199,2026-06-06 08:28:07,3,5324.39,2014.59,164.21,2512.54,15973.170000000002,13958.580000000002,UPI,Completed
72e8cd21-4747-456a-bffd-d6498ce448d1,2026_W23,O68213,U30808,P44,2026-06-06 13:43:42,1,3831.53,533.25,180.62,593.69,3831.53,3298.28,Debit Card,Completed
72e8cd21-4747-456a-bffd-d6498ce448d1,2026_W23,O68214,U6744,P109,2026-06-02 09:46:18,3,5905.39,1427.12,139.24,2932.03,17716.170000000002,16289.050000000005,Wallet,Completed
72e8cd21-4747-456a-bffd-d6498ce448d1,2026_W23,O68215,U29795,P122,2026-06-07 16:36:03,1,7123.24,885.15,91.67,1122.86,7123.24,6238.09,Credit Card,Completed
72e8cd21-4747-456a-bffd-d6498ce448d1,2026_W23,O68216,U26044,P60,2026-06-03 12:39:59,3,7906.19,1092.63,126.56,4072.67,23718.57,22625.94,Credit Card,Completed
72e8cd21-4747-456a-bffd-d6498ce448d1,2026_W23,O68217,U22189,P175,2026-06-02 11:25:48,2,6623.37,903.42,167.93,2221.8,13246.74,12343.32,Credit Card,Completed
72e8cd21-4747-456a-bffd-d6498ce448d1,2026_W23,O68218,U3119,P36,2026-06-07 07:32:50,4,5080.52,2595.79,118.7,3190.73,20322.08,17726.29,UPI,Completed
72e8cd21-4747-456a-bffd-d6498ce448d1,2026_W23,O68219,U21859,P106,2026-06-02 19:01:54,1,4353.6,568.26,134.3,681.36,4353.6,3785.34,UPI,Completed
72e8cd21-4747-456a-bffd-d6498ce448d1,2026_W23,O68220,U20062,P55,2026-06-04 23:30:11,1,2495.43,234.04,170.0,407.05,2495.43,2261.39,UPI,Completed
72e8cd21-4747-456a-bffd-d6498ce448d1,2026_W23,O68221,U16583,P141,2026-06-05 16:20:45,2,3712.37,1018.75,179.3,1153.08,7424.74,6405.99,Credit Card,Completed
72e8cd21-4747-456a-bffd-d6498ce448d1,2026_W23,O68222,U160,P113,2026-06-04 05:23:10,3,5995.63,321.38,157.5,3179.79,17986.89,17665.51,Credit Card,Completed
72e8cd21-4747-456a-bffd-d6498ce448d1,2026_W23,O68223,U11825,P34,2026-06-03 21:26:39,1,3033.5,136.47,71.41,521.47,3033.5,2897.03,Debit Card,Completed
72e8cd21-4747-456a-bffd-d6498ce448d1,2026_W23,O68224,U25953,P132,2026-06-06 11:21:24,2,4280.82,382.29,52.67,1472.28,8561.64,8179.349999999999,Wallet,Completed
72e8cd21-4747-456a-bffd-d6498ce448d1,2026_W23,O68225,U7859,P85,2026-06-07 11:57:42,1,7940.53,795.98,105.24,1286.02,7940.53,7144.549999999999,Wallet,Completed
72e8cd21-4747-456a-bffd-d6498ce448d1,2026_W23,O68226,U10262,P88,2026-06-02 15:11:07,2,6362.48,1545.05,75.35,2012.38,12724.96,11179.91,Wallet,Completed
72e8cd21-4747-456a-bffd-d6498ce448d1,2026_W23,O68227,U7472,P6,2026-06-07 18:48:03,1,6942.01,409.06,101.91,1175.93,6942.01,6532.95,UPI,Completed
72e8cd21-4747-456a-bffd-d6498ce448d1,2026_W23,O68228,U5142,P173,2026-06-02 06:47:37,3,5411.96,1957.91,148.03,2570.03,16235.88,14277.97,Debit Card,Completed
72e8cd21-4747-456a-bffd-d6498ce448d1,2026_W23,O68229,U26394,P88,2026-06-04 23:50:09,2,6362.48,136.45,185.99,2265.93,12724.96,12588.509999999998,UPI,Completed
72e8cd21-4747-456a-bffd-d6498ce448d1,2026_W23,O68230,U3831,P33,2026-06-03 12:21:51,1,8155.0,1041.34,107.81,1280.46,8155.0,7113.66,Wallet,Completed
72e8cd21-4747-456a-bffd-d6498ce448d1,2026_W23,O68231,U8716,P26,2026-06-04 18:36:17,4,6921.53,1638.22,66.84,4688.62,27686.12,26047.9,Credit Card,Completed
72e8cd21-4747-456a-bffd-d6498ce448d1,2026_W23,O68232,U16268,P193,2026-06-03 13:14:00,2,9271.8,265.41,97.62,3290.07,18543.6,18278.19,UPI,Completed
72e8cd21-4747-456a-bffd-d6498ce448d1,2026_W23,O68233,U5765,P116,2026-06-04 08:07:04,1,6311.89,353.1,120.66,1072.58,6311.89,5958.79,Wallet,Completed
72e8cd21-4747-456a-bffd-d6498ce448d1,2026_W23,O68234,U26806,P32,2026-06-03 16:20:03,2,1891.54,248.28,166.66,636.26,3783.08,3534.8,Wallet,Completed
72e8cd21-4747-456a-bffd-d6498ce448d1,2026_W23,O68235,U10393,P40,2026-06-03 04:02:05,3,5653.56,2293.33,95.52,2640.12,16960.68,14667.35,UPI,Completed
72e8cd21-4747-456a-bffd-d6498ce448d1,2026_W23,O68236,U21669,P166,2026-06-02 06:46:53,2,6824.24,635.2,155.54,2342.39,13648.48,13013.28,UPI,Completed
72e8cd21-4747-456a-bffd-d6498ce448d1,2026_W23,O68237,U31122,P170,2026-06-02 00:07:44,3,9183.37,2833.95,69.46,4448.91,27550.11,24716.16,UPI,Completed
72e8cd21-4747-456a-bffd-d6498ce448d1,2026_W23,O68238,U16592,P173,2026-06-05 00:04:25,3,5411.96,2136.57,114.79,2537.88,16235.88,14099.31,UPI,Completed
72e8cd21-4747-456a-bffd-d6498ce448d1,2026_W23,O68239,U27007,P104,2026-06-02 21:41:51,4,5590.84,1540.28,98.78,3748.15,22363.36,20823.08,Credit Card,Completed
72e8cd21-4747-456a-bffd-d6498ce448d1,2026_W23,O68240,U26394,P17,2026-06-05 19:38:23,2,8998.12,800.27,85.36,3095.27,17996.24,17195.97,Wallet,Completed
72e8cd21-4747-456a-bffd-d6498ce448d1,2026_W23,O68241,U471,P182,2026-06-05 12:03:38,4,1987.12,356.69,109.94,1366.52,7948.48,7591.79,Credit Card,Completed
72e8cd21-4747-456a-bffd-d6498ce448d1,2026_W23,O68242,U23578,P23,2026-06-06 00:05:57,3,8537.77,3371.43,81.4,4003.54,25613.31,22241.88,UPI,Completed
72e8cd21-4747-456a-bffd-d6498ce448d1,2026_W23,O68243,U15122,P16,2026-06-04 21:14:31,2,9334.87,230.11,141.41,3319.13,18669.74,18439.63,Wallet,Completed
72e8cd21-4747-456a-bffd-d6498ce448d1,2026_W23,O68244,U14096,P132,2026-06-06 04:29:17,1,4280.82,504.96,69.86,679.65,4280.82,3775.86,Wallet,Completed
72e8cd21-4747-456a-bffd-d6498ce448d1,2026_W23,O68245,U8550,P161,2026-06-04 03:54:40,1,6131.78,725.26,120.25,973.17,6131.78,5406.52,Debit Card,Completed
72e8cd21-4747-456a-bffd-d6498ce448d1,2026_W23,O68246,U34475,P154,2026-06-07 12:59:46,1,7488.16,105.5,197.16,1328.88,7488.16,7382.66,Debit Card,Completed
72e8cd21-4747-456a-bffd-d6498ce448d1,2026_W23,O68247,U21867,P107,2026-06-02 01:25:27,4,5037.89,52.7,178.76,3617.79,20151.56,20098.86,Debit Card,Completed
72e8cd21-4747-456a-bffd-d6498ce448d1,2026_W23,O68248,U1091,P157,2026-06-03 11:49:58,3,6948.33,1154.58,166.03,3544.27,20844.99,19690.41,Debit Card,Completed
72e8cd21-4747-456a-bffd-d6498ce448d1,2026_W23,O68249,U34979,P70,2026-06-03 07:50:04,4,10058.46,6031.06,118.37,6156.5,40233.84,34202.78,Debit Card,Completed
72e8cd21-4747-456a-bffd-d6498ce448d1,2026_W23,O68250,U2157,P160,2026-06-07 19:43:52,2,3922.12,683.91,119.79,1288.86,7844.24,7160.33,Wallet,Completed
72e8cd21-4747-456a-bffd-d6498ce448d1,2026_W23,O68251,U18511,P193,2026-06-04 20:56:15,1,9271.8,936.51,148.05,1500.35,9271.8,8335.289999999999,Wallet,Completed
72e8cd21-4747-456a-bffd-d6498ce448d1,2026_W23,O68252,U18164,P82,2026-06-05 11:19:53,2,4676.03,615.63,176.78,1572.56,9352.06,8736.43,UPI,Completed
72e8cd21-4747-456a-bffd-d6498ce448d1,2026_W23,O68253,U24003,P156,2026-06-04 09:30:46,2,7497.11,697.48,67.03,2573.41,14994.22,14296.74,Wallet,Completed
72e8cd21-4747-456a-bffd-d6498ce448d1,2026_W23,O68254,U30228,P102,2026-06-04 17:30:23,1,2314.83,218.86,167.16,377.27,2314.83,2095.97,Debit Card,Completed
72e8cd21-4747-456a-bffd-d6498ce448d1,2026_W23,O68255,U32276,P158,2026-06-05 19:18:09,4,2851.23,1100.35,174.02,1854.82,11404.92,10304.57,Wallet,Completed
72e8cd21-4747-456a-bffd-d6498ce448d1,2026_W23,O68256,U31994,P190,2026-06-06 05:38:13,2,7773.11,452.19,144.81,2716.93,15546.22,15094.03,Wallet,Completed
72e8cd21-4747-456a-bffd-d6498ce448d1,2026_W23,O68257,U26135,P180,2026-06-06 18:35:15,3,6330.21,1881.05,59.45,3079.72,18990.63,17109.58,Credit Card,Completed
72e8cd21-4747-456a-bffd-d6498ce448d1,2026_W23,O68258,U34665,P179,2026-06-05 21:39:54,4,6023.34,160.55,121.9,4307.91,24093.36,23932.81,UPI,Completed
72e8cd21-4747-456a-bffd-d6498ce448d1,2026_W23,O68259,U17318,P41,2026-06-07 05:34:14,3,11748.5,594.86,105.87,6237.12,35245.5,34650.64,Wallet,Completed
72e8cd21-4747-456a-bffd-d6498ce448d1,2026_W23,O68260,U28868,P14,2026-06-04 14:46:00,3,7736.91,269.42,86.83,4129.44,23210.73,22941.31,Credit Card,Completed
72e8cd21-4747-456a-bffd-d6498ce448d1,2026_W23,O68261,U31347,P154,2026-06-02 19:53:43,4,7488.16,424.79,57.63,5315.01,29952.64,29527.85,UPI,Completed
72e8cd21-4747-456a-bffd-d6498ce448d1,2026_W23,O68262,U9122,P88,2026-06-06 02:43:51,3,6362.48,2464.82,90.33,2992.07,19087.44,16622.62,Debit Card,Completed
72e8cd21-4747-456a-bffd-d6498ce448d1,2026_W23,O68263,U29401,P151,2026-06-07 17:45:38,4,10300.34,5383.86,177.9,6447.15,41201.36,35817.5,Debit Card,Completed
72e8cd21-4747-456a-bffd-d6498ce448d1,2026_W23,O68264,U25759,P160,2026-06-05 10:04:17,4,3922.12,438.77,72.82,2744.95,15688.48,15249.71,Credit Card,Completed
72e8cd21-4747-456a-bffd-d6498ce448d1,2026_W23,O68265,U10266,P138,2026-06-03 11:08:19,2,6989.52,119.08,178.11,2494.79,13979.04,13859.96,Debit Card,Completed
72e8cd21-4747-456a-bffd-d6498ce448d1,2026_W23,O68266,U27043,P161,2026-06-06 10:17:57,1,6131.78,262.02,118.39,1056.56,6131.78,5869.76,Debit Card,Completed
72e8cd21-4747-456a-bffd-d6498ce448d1,2026_W23,O68267,U32292,P161,2026-06-07 01:25:00,3,6131.78,1329.05,81.4,3071.93,18395.34,17066.29,Credit Card,Completed
72e8cd21-4747-456a-bffd-d6498ce448d1,2026_W23,O68268,U26845,P151,2026-06-04 22:26:27,3,10300.34,1478.88,117.16,5295.99,30901.02,29422.14,Wallet,Completed
72e8cd21-4747-456a-bffd-d6498ce448d1,2026_W23,O68269,U10925,P13,2026-06-07 16:17:37,1,7537.32,784.23,161.64,1215.56,7537.32,6753.09,UPI,Completed
72e8cd21-4747-456a-bffd-d6498ce448d1,2026_W23,O68270,U26615,P73,2026-06-07 02:47:13,3,2860.52,1020.41,95.5,1361.01,8581.56,7561.15,Wallet,Completed
72e8cd21-4747-456a-bffd-d6498ce448d1,2026_W23,O68271,U14433,P182,2026-06-07 16:47:53,4,1987.12,811.09,131.07,1284.73,7948.48,7137.389999999999,Credit Card,Completed
72e8cd21-4747-456a-bffd-d6498ce448d1,2026_W23,O68272,U10145,P151,2026-06-04 22:54:18,2,10300.34,1606.29,107.71,3418.99,20600.68,18994.39,Credit Card,Completed
72e8cd21-4747-456a-bffd-d6498ce448d1,2026_W23,O68273,U10258,P132,2026-06-06 22:21:37,2,4280.82,598.89,149.59,1433.29,8561.64,7962.749999999999,UPI,Completed
72e8cd21-4747-456a-bffd-d6498ce448d1,2026_W23,O68274,U31363,P197,2026-06-02 18:30:49,4,1602.39,776.66,138.51,1013.92,6409.56,5632.900000000001,Credit Card,Completed
72e8cd21-4747-456a-bffd-d6498ce448d1,2026_W23,O68275,U28853,P190,2026-06-03 06:31:48,1,7773.11,355.92,191.85,1335.09,7773.11,7417.19,Credit Card,Completed
72e8cd21-4747-456a-bffd-d6498ce448d1,2026_W23,O68276,U8611,P74,2026-06-04 00:21:54,2,4407.74,687.36,167.13,1463.06,8815.48,8128.12,Credit Card,Completed
72e8cd21-4747-456a-bffd-d6498ce448d1,2026_W23,O68277,U20670,P99,2026-06-02 15:24:25,2,5923.25,1461.62,121.29,1869.28,11846.5,10384.88,Debit Card,Completed
72e8cd21-4747-456a-bffd-d6498ce448d1,2026_W23,O68278,U13421,P104,2026-06-04 09:11:48,4,5590.84,823.47,101.41,3877.18,22363.36,21539.89,UPI,Completed
72e8cd21-4747-456a-bffd-d6498ce448d1,2026_W23,O68279,U11526,P94,2026-06-01 21:32:39,1,7668.43,1148.08,68.66,1173.66,7668.43,6520.35,Wallet,Completed
72e8cd21-4747-456a-bffd-d6498ce448d1,2026_W23,O68280,U4831,P135,2026-06-03 10:41:44,4,4974.87,2001.71,51.26,3221.6,19899.48,17897.77,Wallet,Completed
72e8cd21-4747-456a-bffd-d6498ce448d1,2026_W23,O68281,U26146,P45,2026-06-04 20:07:35,1,10226.58,284.24,187.94,1789.62,10226.58,9942.34,Credit Card,Completed
72e8cd21-4747-456a-bffd-d6498ce448d1,2026_W23,O68282,U26430,P22,2026-06-04 18:53:43,1,5208.88,598.55,86.97,829.86,5208.88,4610.33,Debit Card,Completed
72e8cd21-4747-456a-bffd-d6498ce448d1,2026_W23,O68283,U10080,P97,2026-06-03 11:30:41,4,5186.28,2245.09,77.24,3330.01,20745.12,18500.03,Credit Card,Completed
72e8cd21-4747-456a-bffd-d6498ce448d1,2026_W23,O68284,U5156,P63,2026-06-06 21:21:29,2,11400.74,2330.54,152.1,3684.77,22801.48,20470.94,Debit Card,Completed
72e8cd21-4747-456a-bffd-d6498ce448d1,2026_W23,O68285,U34789,P42,2026-06-04 05:23:59,3,7209.49,2786.82,180.8,3391.5,21628.47,18841.65,UPI,Completed
72e8cd21-4747-456a-bffd-d6498ce448d1,2026_W23,O68286,U9315,P41,2026-06-03 15:01:06,1,11748.5,865.49,160.98,1958.94,11748.5,10883.01,Debit Card,Completed
72e8cd21-4747-456a-bffd-d6498ce448d1,2026_W23,O68287,U23692,P111,2026-06-05 17:37:59,4,2233.14,504.79,189.11,1517.0,8932.56,8427.769999999999,UPI,Completed
72e8cd21-4747-456a-bffd-d6498ce448d1,2026_W23,O68288,U1983,P10,2026-06-03 04:36:35,1,6265.23,137.28,86.3,1103.03,6265.23,6127.95,Credit Card,Completed
72e8cd21-4747-456a-bffd-d6498ce448d1,2026_W23,O68289,U16345,P184,2026-06-02 23:41:49,4,2050.2,66.34,86.16,1464.2,8200.8,8134.459999999999,UPI,Completed
72e8cd21-4747-456a-bffd-d6498ce448d1,2026_W23,O68290,U19170,P16,2026-06-07 09:05:18,3,9334.87,3934.14,146.75,4332.68,28004.61,24070.47,Credit Card,Completed
72e8cd21-4747-456a-bffd-d6498ce448d1,2026_W23,O68291,U22455,P166,2026-06-05 21:31:31,1,6824.24,862.78,124.84,1073.06,6824.24,5961.46,Credit Card,Completed
72e8cd21-4747-456a-bffd-d6498ce448d1,2026_W23,O68292,U6099,P186,2026-06-01 22:14:37,3,7703.95,2708.38,148.07,3672.62,23111.85,20403.47,Credit Card,Completed
72e8cd21-4747-456a-bffd-d6498ce448d1,2026_W23,O68293,U23991,P48,2026-06-02 09:31:27,3,4680.1,731.09,167.35,2395.66,14040.3,13309.21,Credit Card,Completed
72e8cd21-4747-456a-bffd-d6498ce448d1,2026_W23,O68294,U6439,P164,2026-06-06 09:58:31,3,7788.37,1675.19,70.1,3904.19,23365.11,21689.92,Debit Card,Completed
72e8cd21-4747-456a-bffd-d6498ce448d1,2026_W23,O68295,U29233,P99,2026-06-07 02:22:53,3,5923.25,2471.79,175.44,2753.63,17769.75,15297.96,Wallet,Completed
72e8cd21-4747-456a-bffd-d6498ce448d1,2026_W23,O68296,U9070,P123,2026-06-03 03:05:27,4,7379.51,560.51,180.07,5212.36,29518.04,28957.53,UPI,Completed
72e8cd21-4747-456a-bffd-d6498ce448d1,2026_W23,O68297,U33854,P43,2026-06-03 17:17:52,1,2660.01,320.91,185.23,421.04,2660.01,2339.1000000000004,Credit Card,Completed
72e8cd21-4747-456a-bffd-d6498ce448d1,2026_W23,O68298,U3258,P73,2026-06-05 14:37:01,3,2860.52,840.14,99.26,1393.46,8581.56,7741.419999999999,Wallet,Completed
72e8cd21-4747-456a-bffd-d6498ce448d1,2026_W23,O68299,U11199,P189,2026-06-04 00:35:27,2,3755.21,384.74,188.8,1282.62,7510.42,7125.68,UPI,Completed
72e8cd21-4747-456a-bffd-d6498ce448d1,2026_W23,O68300,U23478,P188,2026-06-06 05:56:58,3,3474.24,1355.55,135.37,1632.09,10422.72,9067.17,UPI,Completed
72e8cd21-4747-456a-bffd-d6498ce448d1,2026_W23,O68301,U26527,P10,2026-06-07 02:05:49,3,6265.23,199.97,142.84,3347.23,18795.69,18595.72,Debit Card,Completed
72e8cd21-4747-456a-bffd-d6498ce448d1,2026_W23,O68302,U17427,P139,2026-06-05 22:08:18,2,3152.91,106.46,145.23,1115.88,6305.82,6199.36,Credit Card,Completed
72e8cd21-4747-456a-bffd-d6498ce448d1,2026_W23,O68303,U10292,P145,2026-06-06 04:32:45,2,7002.35,805.83,97.5,2375.8,14004.7,13198.87,Credit Card,Completed
72e8cd21-4747-456a-bffd-d6498ce448d1,2026_W23,O68304,U19018,P140,2026-06-04 19:33:21,3,4036.99,1242.11,67.78,1956.39,12110.97,10868.86,UPI,Completed
72e8cd21-4747-456a-bffd-d6498ce448d1,2026_W23,O68305,U26004,P114,2026-06-05 18:19:52,1,3958.12,526.73,191.25,617.65,3958.12,3431.39,Debit Card,Completed
72e8cd21-4747-456a-bffd-d6498ce448d1,2026_W23,O68306,U2886,P140,2026-06-05 05:17:17,4,4036.99,968.06,55.5,2732.38,16147.96,15179.9,Credit Card,Completed
72e8cd21-4747-456a-bffd-d6498ce448d1,2026_W23,O68307,U32673,P142,2026-06-06 02:17:14,1,5009.2,713.72,128.87,773.19,5009.2,4295.48,UPI,Completed
72e8cd21-4747-456a-bffd-d6498ce448d1,2026_W23,O68308,U17452,P43,2026-06-02 05:48:06,2,2660.01,196.81,189.58,922.18,5320.02,5123.21,UPI,Completed
72e8cd21-4747-456a-bffd-d6498ce448d1,2026_W23,O68309,U21749,P5,2026-06-04 00:33:23,1,9411.93,1172.48,179.4,1483.1,9411.93,8239.45,Credit Card,Completed
72e8cd21-4747-456a-bffd-d6498ce448d1,2026_W23,O68310,U9315,P56,2026-06-07 15:16:09,4,9007.41,1374.25,197.41,6237.97,36029.64,34655.39,Credit Card,Completed
72e8cd21-4747-456a-bffd-d6498ce448d1,2026_W23,O68311,U19962,P174,2026-06-02 19:50:56,2,8540.78,1381.3,64.53,2826.05,17081.56,15700.260000000002,Credit Card,Completed
72e8cd21-4747-456a-bffd-d6498ce448d1,2026_W23,O68312,U9659,P41,2026-06-02 05:55:37,3,11748.5,3777.92,177.37,5664.16,35245.5,31467.58,Debit Card,Completed
72e8cd21-4747-456a-bffd-d6498ce448d1,2026_W23,O68313,U16549,P86,2026-06-02 23:31:15,1,5552.06,41.18,103.17,991.96,5552.06,5510.88,Credit Card,Completed
72e8cd21-4747-456a-bffd-d6498ce448d1,2026_W23,O68314,U15082,P38,2026-06-04 17:22:33,1,9269.67,1139.02,82.19,1463.52,9269.67,8130.65,UPI,Completed
72e8cd21-4747-456a-bffd-d6498ce448d1,2026_W23,O68315,U336,P159,2026-06-07 05:56:43,2,5981.94,552.36,138.96,2054.07,11963.88,11411.52,Wallet,Completed
72e8cd21-4747-456a-bffd-d6498ce448d1,2026_W23,O68316,U14650,P51,2026-06-02 10:06:29,3,5156.58,1359.61,164.86,2539.82,15469.74,14110.13,Wallet,Completed
72e8cd21-4747-456a-bffd-d6498ce448d1,2026_W23,O68317,U17737,P170,2026-06-07 14:31:23,3,9183.37,692.22,129.22,4834.42,27550.11,26857.89,Wallet,Completed
72e8cd21-4747-456a-bffd-d6498ce448d1,2026_W23,O68318,U7861,P195,2026-06-05 03:54:49,3,9936.45,4269.71,99.02,4597.14,29809.35,25539.640000000003,Credit Card,Completed
72e8cd21-4747-456a-bffd-d6498ce448d1,2026_W23,O68319,U7612,P9,2026-06-02 02:17:00,2,6463.86,1867.12,190.57,1990.91,12927.72,11060.6,Credit Card,Completed
72e8cd21-4747-456a-bffd-d6498ce448d1,2026_W23,O68320,U4060,P79,2026-06-03 05:25:17,2,4029.4,995.78,156.35,1271.34,8058.8,7063.02,UPI,Completed
72e8cd21-4747-456a-bffd-d6498ce448d1,2026_W23,O68321,U34151,P7,2026-06-04 09:25:09,4,10896.56,1393.68,176.36,7594.66,43586.24,42192.56,Wallet,Completed
72e8cd21-4747-456a-bffd-d6498ce448d1,2026_W23,O68322,U24402,P191,2026-06-06 11:00:30,2,6168.41,707.49,197.67,2093.28,12336.82,11629.33,Credit Card,Completed
72e8cd21-4747-456a-bffd-d6498ce448d1,2026_W23,O68323,U6345,P101,2026-06-02 17:29:33,3,10959.44,2940.96,82.82,5388.72,32878.32,29937.36,Credit Card,Completed
72e8cd21-4747-456a-bffd-d6498ce448d1,2026_W23,O68324,U540,P54,2026-06-02 18:14:00,2,8322.93,1330.11,185.45,2756.84,16645.86,15315.75,Credit Card,Completed
72e8cd21-4747-456a-bffd-d6498ce448d1,2026_W23,O68325,U18996,P79,2026-06-03 05:43:51,3,4029.4,1243.09,73.6,1952.12,12088.2,10845.11,Credit Card,Completed
72e8cd21-4747-456a-bffd-d6498ce448d1,2026_W23,O68326,U2797,P133,2026-06-04 16:59:11,1,9654.47,282.54,57.53,1686.95,9654.47,9371.929999999998,Credit Card,Completed
72e8cd21-4747-456a-bffd-d6498ce448d1,2026_W23,O68327,U32673,P59,2026-06-07 05:30:28,3,3877.77,647.53,191.07,1977.44,11633.31,10985.78,Credit Card,Completed
72e8cd21-4747-456a-bffd-d6498ce448d1,2026_W23,O68328,U8179,P98,2026-06-03 19:27:00,2,9747.59,1608.36,111.88,3219.63,19495.18,17886.82,Credit Card,Completed
72e8cd21-4747-456a-bffd-d6498ce448d1,2026_W23,O68329,U19166,P10,2026-06-02 02:30:57,4,6265.23,3312.64,76.13,3914.69,25060.92,21748.28,UPI,Completed
72e8cd21-4747-456a-bffd-d6498ce448d1,2026_W23,O68330,U17494,P62,2026-06-07 02:21:05,3,10625.67,4125.11,83.59,4995.34,31877.01,27751.9,Credit Card,Completed
72e8cd21-4747-456a-bffd-d6498ce448d1,2026_W23,O68331,U33684,P152,2026-06-03 02:14:15,2,3680.01,738.16,184.85,1191.93,7360.02,6621.860000000001,Wallet,Completed
72e8cd21-4747-456a-bffd-d6498ce448d1,2026_W23,O68332,U24009,P95,2026-06-03 03:03:27,4,8832.47,65.78,189.31,6347.54,35329.88,35264.1,Credit Card,Completed
72e8cd21-4747-456a-bffd-d6498ce448d1,2026_W23,O68333,U17019,P161,2026-06-03 18:02:14,3,6131.78,1959.71,104.44,2958.41,18395.34,16435.63,Wallet,Completed
72e8cd21-4747-456a-bffd-d6498ce448d1,2026_W23,O68334,U20566,P61,2026-06-03 12:00:23,2,7274.63,879.53,156.23,2460.55,14549.26,13669.73,UPI,Completed
72e8cd21-4747-456a-bffd-d6498ce448d1,2026_W23,O68335,U6971,P84,2026-06-04 02:36:19,3,3400.69,926.04,186.09,1669.69,10202.07,9276.03,Wallet,Completed
72e8cd21-4747-456a-bffd-d6498ce448d1,2026_W23,O68336,U6819,P56,2026-06-07 04:55:14,1,9007.41,480.82,73.54,1534.79,9007.41,8526.59,UPI,Completed
72e8cd21-4747-456a-bffd-d6498ce448d1,2026_W23,O68337,U29199,P98,2026-06-07 05:44:41,1,9747.59,1141.99,123.08,1549.01,9747.59,8605.6,Wallet,Completed
72e8cd21-4747-456a-bffd-d6498ce448d1,2026_W23,O68338,U29545,P175,2026-06-05 03:39:10,4,6623.37,145.84,74.33,4742.58,26493.48,26347.64,Debit Card,Completed
72e8cd21-4747-456a-bffd-d6498ce448d1,2026_W23,O68339,U17176,P159,2026-06-05 10:29:12,1,5981.94,81.9,154.0,1062.01,5981.94,5900.04,Wallet,Completed
72e8cd21-4747-456a-bffd-d6498ce448d1,2026_W23,O68340,U15672,P172,2026-06-04 09:33:54,3,1445.78,510.11,135.94,688.9,4337.34,3827.23,Debit Card,Completed
72e8cd21-4747-456a-bffd-d6498ce448d1,2026_W23,O68341,U28004,P144,2026-06-04 15:57:51,4,3365.89,1422.11,96.35,2167.46,13463.56,12041.45,Credit Card,Completed
72e8cd21-4747-456a-bffd-d6498ce448d1,2026_W23,O68342,U32756,P89,2026-06-06 12:02:03,3,9725.61,1287.41,86.84,5020.1,29176.83,27889.42,Credit Card,Completed
72e8cd21-4747-456a-bffd-d6498ce448d1,2026_W23,O68343,U21652,P98,2026-06-05 22:59:49,1,9747.59,530.7,96.52,1659.04,9747.59,9216.89,Debit Card,Completed
72e8cd21-4747-456a-bffd-d6498ce448d1,2026_W23,O68344,U27320,P128,2026-06-07 13:20:25,1,8967.81,1158.07,119.45,1405.75,8967.81,7809.74,Debit Card,Completed
72e8cd21-4747-456a-bffd-d6498ce448d1,2026_W23,O68345,U24323,P123,2026-06-02 12:15:55,3,7379.51,1360.12,186.11,3740.11,22138.53,20778.41,Debit Card,Completed
72e8cd21-4747-456a-bffd-d6498ce448d1,2026_W23,O68346,U13177,P39,2026-06-06 02:25:15,1,7544.04,631.79,72.02,1244.2,7544.04,6912.25,UPI,Completed
72e8cd21-4747-456a-bffd-d6498ce448d1,2026_W23,O68347,U25689,P62,2026-06-02 05:50:05,1,10625.67,665.61,179.57,1792.81,10625.67,9960.06,Wallet,Completed
72e8cd21-4747-456a-bffd-d6498ce448d1,2026_W23,O68348,U5874,P7,2026-06-07 07:09:29,1,10896.56,1112.09,173.61,1761.2,10896.56,9784.47,Debit Card,Completed
72e8cd21-4747-456a-bffd-d6498ce448d1,2026_W23,O68349,U26195,P131,2026-06-05 23:41:16,3,2872.68,371.81,113.25,1484.32,8618.039999999999,8246.23,Debit Card,Completed
72e8cd21-4747-456a-bffd-d6498ce448d1,2026_W23,O68350,U14162,P199,2026-06-02 21:03:19,1,5324.39,204.05,170.95,921.66,5324.39,5120.34,Debit Card,Completed
72e8cd21-4747-456a-bffd-d6498ce448d1,2026_W23,O68351,U13360,P156,2026-06-04 18:10:57,3,7497.11,2304.86,133.98,3633.56,22491.33,20186.47,Credit Card,Completed
72e8cd21-4747-456a-bffd-d6498ce448d1,2026_W23,O68352,U29224,P69,2026-06-04 08:14:02,2,2752.73,333.8,98.41,930.9,5505.46,5171.66,Debit Card,Completed
72e8cd21-4747-456a-bffd-d6498ce448d1,2026_W23,O68353,U9148,P47,2026-06-04 00:51:00,1,8854.8,358.64,141.0,1529.31,8854.8,8496.16,UPI,Completed
72e8cd21-4747-456a-bffd-d6498ce448d1,2026_W23,O68354,U5768,P116,2026-06-04 03:47:51,2,6311.89,1751.82,191.32,1956.95,12623.78,10871.96,Wallet,Completed
72e8cd21-4747-456a-bffd-d6498ce448d1,2026_W23,O68355,U2393,P160,2026-06-07 09:47:11,2,3922.12,652.03,69.25,1294.6,7844.24,7192.21,Wallet,Completed
72e8cd21-4747-456a-bffd-d6498ce448d1,2026_W23,O68356,U21764,P1,2026-06-03 01:11:32,3,8422.98,881.28,112.63,4389.78,25268.94,24387.66,Credit Card,Completed
72e8cd21-4747-456a-bffd-d6498ce448d1,2026_W23,O68357,U23593,P162,2026-06-06 11:28:06,2,4947.62,101.59,100.78,1762.86,9895.24,9793.65,Credit Card,Completed
72e8cd21-4747-456a-bffd-d6498ce448d1,2026_W23,O68358,U17451,P93,2026-06-02 12:08:02,1,7912.93,52.66,118.63,1414.85,7912.93,7860.27,Wallet,Completed
72e8cd21-4747-456a-bffd-d6498ce448d1,2026_W23,O68359,U24629,P189,2026-06-02 14:22:33,2,3755.21,769.96,185.66,1213.28,7510.42,6740.46,Debit Card,Completed
72e8cd21-4747-456a-bffd-d6498ce448d1,2026_W23,O68360,U8871,P180,2026-06-05 10:13:06,2,6330.21,1271.0,70.6,2050.1,12660.42,11389.42,Credit Card,Completed
72e8cd21-4747-456a-bffd-d6498ce448d1,2026_W23,O68361,U94,P173,2026-06-06 22:46:01,2,5411.96,1279.36,175.21,1718.02,10823.92,9544.56,Wallet,Completed
72e8cd21-4747-456a-bffd-d6498ce448d1,2026_W23,O68362,U4987,P169,2026-06-07 19:22:59,1,8908.51,867.04,89.27,1447.46,8908.51,8041.47,Wallet,Completed
72e8cd21-4747-456a-bffd-d6498ce448d1,2026_W23,O68363,U10257,P140,2026-06-07 03:10:06,1,4036.99,554.07,71.19,626.93,4036.99,3482.92,Debit Card,Completed
72e8cd21-4747-456a-bffd-d6498ce448d1,2026_W23,O68364,U16384,P194,2026-06-06 10:40:20,3,7139.77,2990.78,145.7,3317.14,21419.31,18428.53,Wallet,Completed
72e8cd21-4747-456a-bffd-d6498ce448d1,2026_W23,O68365,U5944,P114,2026-06-01 21:30:49,3,3958.12,744.22,99.21,2003.43,11874.36,11130.14,UPI,Completed
72e8cd21-4747-456a-bffd-d6498ce448d1,2026_W23,O68366,U25944,P5,2026-06-02 13:30:44,2,9411.93,861.13,155.67,3233.29,18823.86,17962.73,UPI,Completed
72e8cd21-4747-456a-bffd-d6498ce448d1,2026_W23,O68367,U23288,P7,2026-06-02 04:12:42,3,10896.56,3130.49,169.96,5320.65,32689.68,29559.19,Debit Card,Completed
72e8cd21-4747-456a-bffd-d6498ce448d1,2026_W23,O68368,U33856,P187,2026-06-06 23:11:06,4,2141.32,481.85,81.11,1455.02,8565.28,8083.43,Wallet,Completed
72e8cd21-4747-456a-bffd-d6498ce448d1,2026_W23,O68369,U23617,P149,2026-06-04 05:55:50,1,5363.67,221.78,117.78,925.54,5363.67,5141.89,UPI,Completed
72e8cd21-4747-456a-bffd-d6498ce448d1,2026_W23,O68370,U6952,P9,2026-06-02 14:28:49,4,6463.86,2716.51,83.07,4165.01,25855.44,23138.93,Wallet,Completed
72e8cd21-4747-456a-bffd-d6498ce448d1,2026_W23,O68371,U4218,P21,2026-06-04 04:08:25,1,6758.44,499.66,131.4,1126.58,6758.44,6258.78,Wallet,Completed
72e8cd21-4747-456a-bffd-d6498ce448d1,2026_W23,O68372,U11048,P17,2026-06-06 10:54:45,1,8998.12,1297.19,65.46,1386.17,8998.12,7700.93,Credit Card,Completed
72e8cd21-4747-456a-bffd-d6498ce448d1,2026_W23,O68373,U2291,P189,2026-06-06 17:43:49,2,3755.21,822.91,197.16,1203.75,7510.42,6687.51,Debit Card,Completed
72e8cd21-4747-456a-bffd-d6498ce448d1,2026_W23,O68374,U34188,P114,2026-06-04 03:44:31,4,3958.12,715.06,126.39,2721.14,15832.48,15117.42,Debit Card,Completed
72e8cd21-4747-456a-bffd-d6498ce448d1,2026_W23,O68375,U21558,P135,2026-06-03 08:19:47,2,4974.87,571.48,86.89,1688.09,9949.74,9378.26,Wallet,Completed
72e8cd21-4747-456a-bffd-d6498ce448d1,2026_W23,O68376,U325,P22,2026-06-06 22:33:18,3,5208.88,1558.98,54.99,2532.18,15626.64,14067.66,Debit Card,Completed
72e8cd21-4747-456a-bffd-d6498ce448d1,2026_W23,O68377,U34620,P142,2026-06-03 11:30:33,4,5009.2,1911.25,134.08,3262.6,20036.8,18125.55,UPI,Completed
72e8cd21-4747-456a-bffd-d6498ce448d1,2026_W23,O68378,U4797,P128,2026-06-06 08:56:53,3,8967.81,549.81,73.7,4743.65,26903.43,26353.62,Wallet,Completed
72e8cd21-4747-456a-bffd-d6498ce448d1,2026_W23,O68379,U353,P131,2026-06-03 07:40:55,1,2872.68,424.85,51.73,440.61,2872.68,2447.83,Debit Card,Completed
72e8cd21-4747-456a-bffd-d6498ce448d1,2026_W23,O68380,U1743,P160,2026-06-03 13:29:54,2,3922.12,147.63,51.41,1385.39,7844.24,7696.61,Debit Card,Completed
72e8cd21-4747-456a-bffd-d6498ce448d1,2026_W23,O68381,U34399,P50,2026-06-03 20:09:58,2,2577.38,520.34,189.02,834.2,5154.76,4634.42,UPI,Completed
72e8cd21-4747-456a-bffd-d6498ce448d1,2026_W23,O68382,U18534,P77,2026-06-02 08:25:49,3,2460.76,652.5,85.13,1211.36,7382.280000000001,6729.780000000001,Wallet,Completed
72e8cd21-4747-456a-bffd-d6498ce448d1,2026_W23,O68383,U15944,P128,2026-06-04 13:03:01,3,8967.81,3401.92,61.73,4230.27,26903.43,23501.51,UPI,Completed
72e8cd21-4747-456a-bffd-d6498ce448d1,2026_W23,O68384,U15383,P153,2026-06-06 01:28:18,1,3236.07,72.62,110.91,569.42,3236.07,3163.4500000000003,Debit Card,Completed
72e8cd21-4747-456a-bffd-d6498ce448d1,2026_W23,O68385,U31425,P130,2026-06-04 11:06:58,2,3717.66,242.0,150.89,1294.8,7435.32,7193.32,Wallet,Completed
72e8cd21-4747-456a-bffd-d6498ce448d1,2026_W23,O68386,U13215,P87,2026-06-05 03:12:53,4,2857.28,48.81,85.07,2048.46,11429.12,11380.31,Wallet,Completed
72e8cd21-4747-456a-bffd-d6498ce448d1,2026_W23,O68387,U28423,P104,2026-06-03 04:07:10,3,5590.84,532.65,126.9,2923.18,16772.52,16239.87,Credit Card,Completed
72e8cd21-4747-456a-bffd-d6498ce448d1,2026_W23,O68388,U18186,P169,2026-06-05 16:38:06,2,8908.51,2430.92,87.92,2769.5,17817.02,15386.1,Credit Card,Completed
72e8cd21-4747-456a-bffd-d6498ce448d1,2026_W23,O68389,U15788,P126,2026-06-06 02:35:00,3,7115.51,2040.48,50.82,3475.09,21346.53,19306.05,Debit Card,Completed
72e8cd21-4747-456a-bffd-d6498ce448d1,2026_W23,O68390,U20334,P174,2026-06-05 19:16:22,1,8540.78,636.45,103.9,1422.78,8540.78,7904.330000000001,UPI,Completed
72e8cd21-4747-456a-bffd-d6498ce448d1,2026_W23,O68391,U17498,P199,2026-06-06 18:46:41,2,5324.39,313.6,148.05,1860.33,10648.78,10335.18,Credit Card,Completed
72e8cd21-4747-456a-bffd-d6498ce448d1,2026_W23,O68392,U23295,P147,2026-06-04 15:15:46,2,8552.19,1670.43,62.14,2778.11,17104.38,15433.95,Credit Card,Completed
72e8cd21-4747-456a-bffd-d6498ce448d1,2026_W23,O68393,U17991,P44,2026-06-03 05:19:36,2,3831.53,427.42,169.85,1302.42,7663.06,7235.64,Wallet,Completed
72e8cd21-4747-456a-bffd-d6498ce448d1,2026_W23,O68394,U15074,P140,2026-06-06 23:16:36,1,4036.99,527.8,85.84,631.65,4036.99,3509.19,Credit Card,Completed
72e8cd21-4747-456a-bffd-d6498ce448d1,2026_W23,O68395,U22739,P103,2026-06-04 21:36:15,3,4922.25,2190.58,199.77,2263.71,14766.75,12576.17,Debit Card,Completed
72e8cd21-4747-456a-bffd-d6498ce448d1,2026_W23,O68396,U6136,P162,2026-06-02 00:18:11,1,4947.62,153.07,111.38,863.02,4947.62,4794.55,Wallet,Completed
72e8cd21-4747-456a-bffd-d6498ce448d1,2026_W23,O68397,U30589,P130,2026-06-02 05:01:35,2,3717.66,87.5,119.05,1322.61,7435.32,7347.82,Debit Card,Completed
72e8cd21-4747-456a-bffd-d6498ce448d1,2026_W23,O68398,U14213,P51,2026-06-03 10:37:37,2,5156.58,819.28,81.6,1708.9,10313.16,9493.88,Debit Card,Completed
72e8cd21-4747-456a-bffd-d6498ce448d1,2026_W23,O68399,U11553,P172,2026-06-05 01:58:03,3,1445.78,500.36,62.93,690.66,4337.34,3836.98,Wallet,Completed
72e8cd21-4747-456a-bffd-d6498ce448d1,2026_W23,O68400,U34620,P194,2026-06-02 09:44:32,4,7139.77,3030.97,198.4,4595.06,28559.08,25528.11,UPI,Completed
72e8cd21-4747-456a-bffd-d6498ce448d1,2026_W23,O68401,U3314,P1,2026-06-04 10:55:02,4,8422.98,4623.02,56.19,5232.4,33691.92,29068.9,UPI,Completed
72e8cd21-4747-456a-bffd-d6498ce448d1,2026_W23,O68402,U15792,P123,2026-06-04 02:28:12,1,7379.51,61.82,117.98,1317.18,7379.51,7317.69,Debit Card,Completed
72e8cd21-4747-456a-bffd-d6498ce448d1,2026_W23,O68403,U1983,P169,2026-06-06 14:14:34,1,8908.51,1089.78,131.42,1407.37,8908.51,7818.73,Debit Card,Completed
72e8cd21-4747-456a-bffd-d6498ce448d1,2026_W23,O68404,U28702,P124,2026-06-07 07:17:40,1,3516.67,429.61,164.02,555.67,3516.67,3087.06,Credit Card,Completed
72e8cd21-4747-456a-bffd-d6498ce448d1,2026_W23,O68405,U19697,P89,2026-06-03 01:46:23,2,9725.61,1660.57,168.61,3202.32,19451.22,17790.65,Credit Card,Completed
72e8cd21-4747-456a-bffd-d6498ce448d1,2026_W23,O68406,U26056,P82,2026-06-05 22:47:59,4,4676.03,487.98,198.19,3278.91,18704.12,18216.14,Debit Card,Completed
72e8cd21-4747-456a-bffd-d6498ce448d1,2026_W23,O68407,U2642,P163,2026-06-06 23:49:01,2,4948.62,715.1,61.17,1652.79,9897.24,9182.14,Debit Card,Completed
72e8cd21-4747-456a-bffd-d6498ce448d1,2026_W23,O68408,U34665,P31,2026-06-02 09:57:06,3,2922.48,904.81,167.26,1415.27,8767.44,7862.630000000001,Debit Card,Completed
72e8cd21-4747-456a-bffd-d6498ce448d1,2026_W23,O68409,U27494,P151,2026-06-05 12:09:44,1,10300.34,1509.07,90.3,1582.43,10300.34,8791.27,Debit Card,Completed
72e8cd21-4747-456a-bffd-d6498ce448d1,2026_W23,O68410,U10636,P149,2026-06-04 17:05:03,1,5363.67,407.4,112.99,892.13,5363.67,4956.27,Wallet,Completed
72e8cd21-4747-456a-bffd-d6498ce448d1,2026_W23,O68411,U1397,P99,2026-06-02 15:51:37,3,5923.25,1070.71,187.03,3005.83,17769.75,16699.04,Credit Card,Completed
72e8cd21-4747-456a-bffd-d6498ce448d1,2026_W23,O68412,U19083,P168,2026-06-06 13:27:38,1,4347.14,118.23,83.32,761.2,4347.14,4228.910000000001,UPI,Completed
72e8cd21-4747-456a-bffd-d6498ce448d1,2026_W23,O68413,U1672,P4,2026-06-06 23:02:03,4,4763.57,488.99,185.4,3341.75,19054.28,18565.29,Credit Card,Completed
72e8cd21-4747-456a-bffd-d6498ce448d1,2026_W23,O68414,U34078,P133,2026-06-05 04:40:51,3,9654.47,1183.98,68.82,5000.3,28963.41,27779.43,Credit Card,Completed
72e8cd21-4747-456a-bffd-d6498ce448d1,2026_W23,O68415,U3704,P140,2026-06-06 00:32:07,2,4036.99,792.42,113.29,1310.68,8073.98,7281.559999999999,UPI,Completed
72e8cd21-4747-456a-bffd-d6498ce448d1,2026_W23,O68416,U33079,P21,2026-06-02 07:27:30,4,6758.44,1585.88,164.68,4580.62,27033.76,25447.88,Credit Card,Completed
72e8cd21-4747-456a-bffd-d6498ce448d1,2026_W23,O68417,U25791,P77,2026-06-02 05:36:53,2,2460.76,295.36,148.36,832.71,4921.52,4626.160000000001,Debit Card,Completed
72e8cd21-4747-456a-bffd-d6498ce448d1,2026_W23,O68418,U9161,P98,2026-06-07 03:34:26,1,9747.59,107.69,115.75,1735.18,9747.59,9639.9,Credit Card,Completed
72e8cd21-4747-456a-bffd-d6498ce448d1,2026_W23,O68419,U34537,P184,2026-06-07 01:17:13,1,2050.2,145.26,83.31,342.89,2050.2,1904.94,UPI,Completed
72e8cd21-4747-456a-bffd-d6498ce448d1,2026_W23,O68420,U21184,P42,2026-06-05 11:32:04,1,7209.49,848.6,71.62,1144.96,7209.49,6360.889999999999,Wallet,Completed
72e8cd21-4747-456a-bffd-d6498ce448d1,2026_W23,O68421,U21802,P27,2026-06-07 11:55:56,3,4374.27,1305.74,148.63,2127.07,13122.81,11817.070000000002,UPI,Completed
72e8cd21-4747-456a-bffd-d6498ce448d1,2026_W23,O68422,U4439,P64,2026-06-07 03:12:18,4,5229.45,1618.35,190.84,3473.9,20917.8,19299.45,Credit Card,Completed
72e8cd21-4747-456a-bffd-d6498ce448d1,2026_W23,O68423,U32715,P148,2026-06-03 22:16:46,4,3184.27,1892.47,142.67,1952.03,12737.08,10844.61,Debit Card,Completed
72e8cd21-4747-456a-bffd-d6498ce448d1,2026_W23,O68424,U15488,P111,2026-06-03 16:13:04,1,2233.14,252.95,76.66,356.43,2233.14,1980.19,Credit Card,Completed
72e8cd21-4747-456a-bffd-d6498ce448d1,2026_W23,O68425,U4202,P154,2026-06-06 11:46:07,3,7488.16,581.1,150.54,3939.01,22464.48,21883.38,Credit Card,Completed
72e8cd21-4747-456a-bffd-d6498ce448d1,2026_W23,O68426,U1874,P164,2026-06-02 07:43:26,4,7788.37,181.38,89.26,5574.98,31153.48,30972.1,UPI,Completed
72e8cd21-4747-456a-bffd-d6498ce448d1,2026_W23,O68427,U12071,P41,2026-06-03 07:08:06,3,11748.5,3039.99,181.49,5796.99,35245.5,32205.51,Debit Card,Completed
72e8cd21-4747-456a-bffd-d6498ce448d1,2026_W23,O68428,U33369,P161,2026-06-03 08:08:54,4,6131.78,2274.34,199.13,4005.5,24527.12,22252.78,Wallet,Completed
72e8cd21-4747-456a-bffd-d6498ce448d1,2026_W23,O68429,U31399,P98,2026-06-06 01:04:18,3,9747.59,4038.69,131.45,4536.73,29242.77,25204.08,Wallet,Completed
72e8cd21-4747-456a-bffd-d6498ce448d1,2026_W23,O68430,U33964,P180,2026-06-07 06:01:47,1,6330.21,210.24,60.25,1101.59,6330.21,6119.97,Debit Card,Completed
72e8cd21-4747-456a-bffd-d6498ce448d1,2026_W23,O68431,U1284,P62,2026-06-04 22:09:22,1,10625.67,1303.17,114.69,1678.05,10625.67,9322.5,Wallet,Completed
72e8cd21-4747-456a-bffd-d6498ce448d1,2026_W23,O68432,U20525,P170,2026-06-04 05:54:18,1,9183.37,1055.41,103.03,1463.03,9183.37,8127.960000000001,Credit Card,Completed
72e8cd21-4747-456a-bffd-d6498ce448d1,2026_W23,O68433,U34202,P112,2026-06-07 17:53:17,2,7986.57,1973.58,167.2,2519.92,15973.14,13999.56,UPI,Completed
72e8cd21-4747-456a-bffd-d6498ce448d1,2026_W23,O68434,U29646,P164,2026-06-03 14:47:21,1,7788.37,876.5,103.47,1244.14,7788.37,6911.87,Credit Card,Completed
72e8cd21-4747-456a-bffd-d6498ce448d1,2026_W23,O68435,U33094,P53,2026-06-07 08:24:31,4,5679.25,3343.17,129.71,3487.29,22717.0,19373.83,Wallet,Completed
72e8cd21-4747-456a-bffd-d6498ce448d1,2026_W23,O68436,U7494,P173,2026-06-04 12:11:16,1,5411.96,38.81,156.37,967.17,5411.96,5373.15,UPI,Completed
72e8cd21-4747-456a-bffd-d6498ce448d1,2026_W23,O68437,U12366,P32,2026-06-05 11:47:53,1,1891.54,264.69,170.2,292.83,1891.54,1626.85,UPI,Completed
72e8cd21-4747-456a-bffd-d6498ce448d1,2026_W23,O68438,U3035,P71,2026-06-05 12:07:00,4,4652.78,2193.12,148.23,2955.24,18611.12,16418.0,Credit Card,Completed
72e8cd21-4747-456a-bffd-d6498ce448d1,2026_W23,O68439,U2257,P146,2026-06-05 14:01:33,1,8753.05,382.31,199.37,1506.73,8753.05,8370.74,Debit Card,Completed
72e8cd21-4747-456a-bffd-d6498ce448d1,2026_W23,O68440,U23417,P163,2026-06-02 11:21:54,4,4948.62,318.08,155.87,3505.75,19794.48,19476.4,Debit Card,Completed
72e8cd21-4747-456a-bffd-d6498ce448d1,2026_W23,O68441,U12032,P182,2026-06-02 02:17:56,4,1987.12,935.88,127.32,1262.27,7948.48,7012.599999999999,Debit Card,Completed
72e8cd21-4747-456a-bffd-d6498ce448d1,2026_W23,O68442,U33386,P189,2026-06-02 22:02:22,3,3755.21,507.03,75.88,1936.55,11265.63,10758.6,Debit Card,Completed
72e8cd21-4747-456a-bffd-d6498ce448d1,2026_W23,O68443,U30835,P124,2026-06-07 14:53:12,2,3516.67,676.39,164.49,1144.25,7033.34,6356.95,Debit Card,Completed
72e8cd21-4747-456a-bffd-d6498ce448d1,2026_W23,O68444,U24820,P9,2026-06-02 08:12:37,2,6463.86,1576.42,173.09,2043.23,12927.72,11351.3,Wallet,Completed
72e8cd21-4747-456a-bffd-d6498ce448d1,2026_W23,O68445,U8533,P74,2026-06-06 07:46:41,3,4407.74,1810.84,123.95,2054.23,13223.22,11412.38,Debit Card,Completed
72e8cd21-4747-456a-bffd-d6498ce448d1,2026_W23,O68446,U22022,P121,2026-06-05 12:58:27,1,3168.81,323.37,70.88,512.18,3168.81,2845.44,UPI,Completed
72e8cd21-4747-456a-bffd-d6498ce448d1,2026_W23,O68447,U24201,P37,2026-06-05 15:38:43,3,5843.49,1804.55,72.55,2830.67,17530.47,15725.920000000002,Wallet,Completed
72e8cd21-4747-456a-bffd-d6498ce448d1,2026_W23,O68448,U10238,P4,2026-06-03 15:19:13,4,4763.57,643.1,198.47,3314.01,19054.28,18411.18,Wallet,Completed
72e8cd21-4747-456a-bffd-d6498ce448d1,2026_W23,O68449,U13168,P107,2026-06-01 23:56:41,2,5037.89,495.4,188.36,1724.47,10075.78,9580.38,Wallet,Completed
72e8cd21-4747-456a-bffd-d6498ce448d1,2026_W23,O68450,U33363,P152,2026-06-01 21:23:57,1,3680.01,550.67,129.73,563.28,3680.01,3129.34,Debit Card,Completed
72e8cd21-4747-456a-bffd-d6498ce448d1,2026_W23,O68451,U33493,P93,2026-06-05 15:42:36,2,7912.93,214.27,63.6,2810.09,15825.86,15611.59,UPI,Completed
72e8cd21-4747-456a-bffd-d6498ce448d1,2026_W23,O68452,U10965,P155,2026-06-05 07:34:24,4,5852.84,1694.72,149.12,3909.0,23411.36,21716.64,Wallet,Completed
72e8cd21-4747-456a-bffd-d6498ce448d1,2026_W23,O68453,U29536,P20,2026-06-02 02:17:22,1,2140.8,290.22,126.29,333.1,2140.8,1850.58,Wallet,Completed
72e8cd21-4747-456a-bffd-d6498ce448d1,2026_W23,O68454,U16262,P10,2026-06-03 00:44:56,2,6265.23,618.57,173.26,2144.14,12530.46,11911.89,Credit Card,Completed
72e8cd21-4747-456a-bffd-d6498ce448d1,2026_W23,O68455,U2950,P177,2026-06-05 09:57:29,1,6111.68,820.76,98.88,952.37,6111.68,5290.92,Wallet,Completed
72e8cd21-4747-456a-bffd-d6498ce448d1,2026_W23,O68456,U34979,P67,2026-06-06 02:52:15,4,6380.8,2898.39,98.86,4072.47,25523.2,22624.81,Wallet,Completed
72e8cd21-4747-456a-bffd-d6498ce448d1,2026_W23,O68457,U11066,P10,2026-06-05 01:01:53,3,6265.23,1284.58,79.56,3152.0,18795.69,17511.11,Credit Card,Completed
72e8cd21-4747-456a-bffd-d6498ce448d1,2026_W23,O68458,U22400,P48,2026-06-07 01:20:44,2,4680.1,366.81,92.16,1618.81,9360.2,8993.390000000001,Debit Card,Completed
72e8cd21-4747-456a-bffd-d6498ce448d1,2026_W23,O68459,U6748,P11,2026-06-07 07:39:08,1,4777.26,296.13,86.83,806.6,4777.26,4481.13,UPI,Completed
72e8cd21-4747-456a-bffd-d6498ce448d1,2026_W23,O68460,U5621,P186,2026-06-02 04:08:33,2,7703.95,1551.93,197.74,2494.07,15407.9,13855.97,UPI,Completed
72e8cd21-4747-456a-bffd-d6498ce448d1,2026_W23,O68461,U8967,P178,2026-06-02 23:44:47,3,7201.61,1871.59,193.07,3551.98,21604.83,19733.24,UPI,Completed
72e8cd21-4747-456a-bffd-d6498ce448d1,2026_W23,O68462,U28028,P148,2026-06-07 04:15:50,4,3184.27,1737.36,118.17,1979.95,12737.08,10999.72,Credit Card,Completed
72e8cd21-4747-456a-bffd-d6498ce448d1,2026_W23,O68463,U26364,P69,2026-06-06 00:28:10,1,2752.73,355.54,158.61,431.49,2752.73,2397.19,Credit Card,Completed
72e8cd21-4747-456a-bffd-d6498ce448d1,2026_W23,O68464,U33590,P172,2026-06-06 04:45:56,3,1445.78,107.71,111.05,761.33,4337.34,4229.63,Credit Card,Completed
72e8cd21-4747-456a-bffd-d6498ce448d1,2026_W23,O68465,U25945,P153,2026-06-07 19:12:23,2,3236.07,708.22,138.5,1037.51,6472.14,5763.92,UPI,Completed
72e8cd21-4747-456a-bffd-d6498ce448d1,2026_W23,O68466,U9461,P187,2026-06-04 16:43:50,4,2141.32,803.04,151.56,1397.2,8565.28,7762.240000000001,Wallet,Completed
72e8cd21-4747-456a-bffd-d6498ce448d1,2026_W23,O68467,U8233,P94,2026-06-02 00:50:30,1,7668.43,832.67,63.42,1230.44,7668.43,6835.76,Debit Card,Completed
72e8cd21-4747-456a-bffd-d6498ce448d1,2026_W23,O68468,U23692,P141,2026-06-02 05:19:40,4,3712.37,826.16,62.59,2524.2,14849.48,14023.32,Wallet,Completed
72e8cd21-4747-456a-bffd-d6498ce448d1,2026_W23,O68469,U2139,P73,2026-06-07 02:34:35,4,2860.52,1702.17,193.1,1753.18,11442.08,9739.91,Wallet,Completed
72e8cd21-4747-456a-bffd-d6498ce448d1,2026_W23,O68470,U2709,P149,2026-06-06 00:35:35,3,5363.67,1563.26,78.14,2615.0,16091.01,14527.75,Credit Card,Completed
72e8cd21-4747-456a-bffd-d6498ce448d1,2026_W23,O68471,U13956,P167,2026-06-04 19:42:24,1,10191.01,406.21,162.02,1761.26,10191.01,9784.8,Wallet,Completed
72e8cd21-4747-456a-bffd-d6498ce448d1,2026_W23,O68472,U32377,P133,2026-06-05 13:06:05,2,9654.47,1843.89,112.71,3143.71,19308.94,17465.05,Credit Card,Completed
72e8cd21-4747-456a-bffd-d6498ce448d1,2026_W23,O68473,U9488,P185,2026-06-05 05:23:31,2,7874.65,1564.39,56.6,2553.28,15749.3,14184.91,Debit Card,Completed
72e8cd21-4747-456a-bffd-d6498ce448d1,2026_W23,O68474,U23387,P8,2026-06-02 08:40:15,1,6662.34,694.82,79.73,1074.15,6662.34,5967.52,Wallet,Completed
72e8cd21-4747-456a-bffd-d6498ce448d1,2026_W23,O68475,U5188,P139,2026-06-05 19:26:27,2,3152.91,406.14,152.82,1061.94,6305.82,5899.679999999999,Wallet,Completed
72e8cd21-4747-456a-bffd-d6498ce448d1,2026_W23,O68476,U25654,P83,2026-06-03 00:40:31,3,4290.17,169.45,186.27,2286.19,12870.51,12701.06,UPI,Completed
72e8cd21-4747-456a-bffd-d6498ce448d1,2026_W23,O68477,U4222,P66,2026-06-06 23:47:30,4,5068.12,2087.29,92.57,3273.33,20272.48,18185.19,Wallet,Completed
72e8cd21-4747-456a-bffd-d6498ce448d1,2026_W23,O68478,U1977,P176,2026-06-07 05:10:22,4,8451.7,948.77,87.4,5914.45,33806.8,32858.030000000006,Debit Card,Completed
72e8cd21-4747-456a-bffd-d6498ce448d1,2026_W23,O68479,U20520,P109,2026-06-04 12:59:51,4,5905.39,2305.3,106.62,3836.93,23621.56,21316.26,UPI,Completed
72e8cd21-4747-456a-bffd-d6498ce448d1,2026_W23,O68480,U10990,P179,2026-06-04 08:38:41,1,6023.34,594.53,102.99,977.19,6023.34,5428.81,Credit Card,Completed
72e8cd21-4747-456a-bffd-d6498ce448d1,2026_W23,O68481,U33590,P196,2026-06-03 16:39:36,4,9246.31,3026.14,134.21,6112.64,36985.24,33959.1,Wallet,Completed
72e8cd21-4747-456a-bffd-d6498ce448d1,2026_W23,O68482,U7715,P31,2026-06-01 23:12:28,1,2922.48,235.32,196.81,483.69,2922.48,2687.16,Credit Card,Completed
72e8cd21-4747-456a-bffd-d6498ce448d1,2026_W23,O68483,U12245,P61,2026-06-03 12:04:44,4,7274.63,2230.26,164.92,4836.29,29098.52,26868.26,Credit Card,Completed
72e8cd21-4747-456a-bffd-d6498ce448d1,2026_W23,O68484,U6382,P146,2026-06-04 09:33:18,3,8753.05,1115.69,138.92,4525.82,26259.15,25143.46,Debit Card,Completed
72e8cd21-4747-456a-bffd-d6498ce448d1,2026_W23,O68485,U7099,P188,2026-06-05 21:38:44,4,3474.24,1748.47,54.57,2186.73,13896.96,12148.49,Wallet,Completed
72e8cd21-4747-456a-bffd-d6498ce448d1,2026_W23,O68486,U14436,P22,2026-06-04 18:16:59,4,5208.88,1363.6,144.64,3504.95,20835.52,19471.92,UPI,Completed
72e8cd21-4747-456a-bffd-d6498ce448d1,2026_W23,O68487,U15856,P118,2026-06-02 09:51:47,1,1413.19,197.33,103.53,218.85,1413.19,1215.86,UPI,Completed
72e8cd21-4747-456a-bffd-d6498ce448d1,2026_W23,O68488,U17635,P36,2026-06-07 10:30:46,2,5080.52,1477.22,190.2,1563.09,10161.04,8683.820000000002,Wallet,Completed
72e8cd21-4747-456a-bffd-d6498ce448d1,2026_W23,O68489,U26036,P58,2026-06-07 07:28:25,3,3367.03,712.54,101.95,1689.94,10101.09,9388.55,Credit Card,Completed
72e8cd21-4747-456a-bffd-d6498ce448d1,2026_W23,O68490,U23616,P130,2026-06-03 19:55:52,4,3717.66,1720.92,53.08,2366.95,14870.64,13149.72,Wallet,Completed
72e8cd21-4747-456a-bffd-d6498ce448d1,2026_W23,O68491,U13792,P119,2026-06-04 15:47:56,1,2931.16,377.29,166.26,459.7,2931.16,2553.87,UPI,Completed
72e8cd21-4747-456a-bffd-d6498ce448d1,2026_W23,O68492,U11223,P198,2026-06-06 03:57:38,1,7893.47,1047.96,192.64,1232.19,7893.47,6845.51,UPI,Completed
72e8cd21-4747-456a-bffd-d6498ce448d1,2026_W23,O68493,U26379,P83,2026-06-02 00:31:37,4,4290.17,40.98,170.4,3081.55,17160.68,17119.7,UPI,Completed
72e8cd21-4747-456a-bffd-d6498ce448d1,2026_W23,O68494,U10699,P84,2026-06-06 13:23:47,3,3400.69,1163.56,123.65,1626.93,10202.07,9038.51,UPI,Completed
72e8cd21-4747-456a-bffd-d6498ce448d1,2026_W23,O68495,U25999,P190,2026-06-02 17:44:36,2,7773.11,1154.82,183.61,2590.45,15546.22,14391.4,UPI,Completed
72e8cd21-4747-456a-bffd-d6498ce448d1,2026_W23,O68496,U5467,P186,2026-06-02 15:21:14,3,7703.95,2786.28,87.76,3658.6,23111.85,20325.57,UPI,Completed
72e8cd21-4747-456a-bffd-d6498ce448d1,2026_W23,O68497,U16368,P121,2026-06-04 20:01:07,1,3168.81,241.09,189.77,526.99,3168.81,2927.72,Wallet,Completed
72e8cd21-4747-456a-bffd-d6498ce448d1,2026_W23,O68498,U20075,P177,2026-06-01 21:33:38,3,6111.68,1313.96,68.75,3063.79,18335.04,17021.08,Wallet,Completed
72e8cd21-4747-456a-bffd-d6498ce448d1,2026_W23,O68499,U19690,P31,2026-06-03 14:23:48,1,2922.48,4.45,122.13,525.25,2922.48,2918.03,Wallet,Completed
72e8cd21-4747-456a-bffd-d6498ce448d1,2026_W23,O68500,U32256,P73,2026-06-07 02:48:44,4,2860.52,586.33,104.78,1954.04,11442.08,10855.75,Credit Card,Completed
72e8cd21-4747-456a-bffd-d6498ce448d1,2026_W23,O68501,U8876,P74,2026-06-04 08:19:49,3,4407.74,1401.79,149.55,2127.86,13223.22,11821.43,Wallet,Completed
72e8cd21-4747-456a-bffd-d6498ce448d1,2026_W23,O68502,U19551,P195,2026-06-04 05:23:10,1,9936.45,271.8,160.87,1739.64,9936.45,9664.65,UPI,Completed
72e8cd21-4747-456a-bffd-d6498ce448d1,2026_W23,O68503,U30347,P197,2026-06-05 01:01:22,1,1602.39,88.72,145.51,272.46,1602.39,1513.67,Debit Card,Completed
72e8cd21-4747-456a-bffd-d6498ce448d1,2026_W23,O68504,U34759,P136,2026-06-03 16:20:24,3,2987.05,882.59,147.52,1454.14,8961.150000000001,8078.560000000001,Wallet,Completed
72e8cd21-4747-456a-bffd-d6498ce448d1,2026_W23,O68505,U162,P101,2026-06-03 11:11:03,4,10959.44,1475.05,172.01,7625.29,43837.76,42362.71,Wallet,Completed
72e8cd21-4747-456a-bffd-d6498ce448d1,2026_W23,O68506,U14658,P16,2026-06-03 21:10:22,3,9334.87,4091.97,114.24,4304.28,28004.61,23912.64,Debit Card,Completed
72e8cd21-4747-456a-bffd-d6498ce448d1,2026_W23,O68507,U28768,P3,2026-06-03 07:42:52,2,6836.35,1261.9,92.27,2233.94,13672.7,12410.8,Credit Card,Completed
72e8cd21-4747-456a-bffd-d6498ce448d1,2026_W23,O68508,U23250,P44,2026-06-05 10:42:47,1,3831.53,277.81,90.75,639.67,3831.53,3553.7200000000003,Wallet,Completed
72e8cd21-4747-456a-bffd-d6498ce448d1,2026_W23,O68509,U28067,P56,2026-06-04 15:56:34,4,9007.41,824.66,186.81,6336.9,36029.64,35204.98,Debit Card,Completed
72e8cd21-4747-456a-bffd-d6498ce448d1,2026_W23,O68510,U27358,P71,2026-06-06 18:12:59,1,4652.78,117.83,92.15,816.29,4652.78,4534.95,UPI,Completed
72e8cd21-4747-456a-bffd-d6498ce448d1,2026_W23,O68511,U11043,P37,2026-06-03 09:41:47,4,5843.49,2784.4,122.47,3706.12,23373.96,20589.56,Debit Card,Completed
72e8cd21-4747-456a-bffd-d6498ce448d1,2026_W23,O68512,U4661,P107,2026-06-07 05:42:13,3,5037.89,1269.46,167.81,2491.96,15113.670000000002,13844.210000000005,Credit Card,Completed
72e8cd21-4747-456a-bffd-d6498ce448d1,2026_W23,O68513,U23682,P21,2026-06-06 19:52:28,1,6758.44,785.04,175.74,1075.21,6758.44,5973.4,Debit Card,Completed
72e8cd21-4747-456a-bffd-d6498ce448d1,2026_W23,O68514,U16815,P124,2026-06-05 17:50:25,1,3516.67,259.59,67.48,586.27,3516.67,3257.08,Wallet,Completed
72e8cd21-4747-456a-bffd-d6498ce448d1,2026_W23,O68515,U473,P189,2026-06-02 14:27:54,3,3755.21,464.66,175.28,1944.17,11265.63,10800.97,UPI,Completed
72e8cd21-4747-456a-bffd-d6498ce448d1,2026_W23,O68516,U9566,P183,2026-06-03 22:10:45,3,5821.34,1923.12,128.97,2797.36,17464.02,15540.9,Debit Card,Completed
72e8cd21-4747-456a-bffd-d6498ce448d1,2026_W23,O68517,U26633,P128,2026-06-02 16:11:45,3,8967.81,2001.27,139.01,4482.39,26903.43,24902.16,UPI,Completed
72e8cd21-4747-456a-bffd-d6498ce448d1,2026_W23,O68518,U6637,P197,2026-06-06 23:48:20,2,1602.39,349.97,105.31,513.87,3204.78,2854.8100000000004,Credit Card,Completed
72e8cd21-4747-456a-bffd-d6498ce448d1,2026_W23,O68519,U7191,P180,2026-06-04 01:16:20,3,6330.21,1932.49,94.29,3070.47,18990.63,17058.14,UPI,Completed
72e8cd21-4747-456a-bffd-d6498ce448d1,2026_W23,O68520,U22556,P155,2026-06-07 07:26:20,3,5852.84,2098.22,158.56,2782.85,17558.52,15460.3,Credit Card,Completed
72e8cd21-4747-456a-bffd-d6498ce448d1,2026_W23,O68521,U15244,P108,2026-06-07 18:02:26,3,3076.73,149.1,189.58,1634.6,9230.19,9081.09,UPI,Completed
72e8cd21-4747-456a-bffd-d6498ce448d1,2026_W23,O68522,U7754,P186,2026-06-02 10:22:45,1,7703.95,535.81,105.13,1290.27,7703.95,7168.139999999999,Debit Card,Completed
72e8cd21-4747-456a-bffd-d6498ce448d1,2026_W23,O68523,U14031,P11,2026-06-03 17:32:34,1,4777.26,561.97,101.94,758.75,4777.26,4215.29,Credit Card,Completed
72e8cd21-4747-456a-bffd-d6498ce448d1,2026_W23,O68524,U4405,P49,2026-06-02 07:22:48,3,4491.12,1144.93,180.73,2219.12,13473.36,12328.43,Debit Card,Completed
72e8cd21-4747-456a-bffd-d6498ce448d1,2026_W23,O68525,U13792,P51,2026-06-05 12:52:08,3,5156.58,2025.21,94.29,2420.02,15469.74,13444.53,Credit Card,Completed
72e8cd21-4747-456a-bffd-d6498ce448d1,2026_W23,O68526,U5903,P198,2026-06-04 21:08:51,3,7893.47,101.95,196.92,4244.12,23680.41,23578.46,UPI,Completed
72e8cd21-4747-456a-bffd-d6498ce448d1,2026_W23,O68527,U1774,P189,2026-06-03 03:29:16,1,3755.21,553.23,192.48,576.36,3755.21,3201.98,UPI,Completed
72e8cd21-4747-456a-bffd-d6498ce448d1,2026_W23,O68528,U16750,P142,2026-06-07 14:40:10,1,5009.2,286.69,77.29,850.05,5009.2,4722.51,UPI,Completed
72e8cd21-4747-456a-bffd-d6498ce448d1,2026_W23,O68529,U17602,P109,2026-06-06 00:58:23,1,5905.39,202.2,59.79,1026.57,5905.39,5703.1900000000005,UPI,Completed
72e8cd21-4747-456a-bffd-d6498ce448d1,2026_W23,O68530,U21867,P73,2026-06-03 04:53:04,4,2860.52,399.23,125.84,1987.71,11442.08,11042.85,UPI,Completed
72e8cd21-4747-456a-bffd-d6498ce448d1,2026_W23,O68531,U33093,P37,2026-06-04 11:25:40,3,5843.49,1987.38,58.23,2797.76,17530.47,15543.09,UPI,Completed
72e8cd21-4747-456a-bffd-d6498ce448d1,2026_W23,O68532,U26311,P23,2026-06-02 08:38:50,1,8537.77,452.09,121.2,1455.42,8537.77,8085.68,Credit Card,Completed
72e8cd21-4747-456a-bffd-d6498ce448d1,2026_W23,O68533,U27748,P194,2026-06-04 20:29:59,1,7139.77,269.21,53.72,1236.7,7139.77,6870.56,Credit Card,Completed
72e8cd21-4747-456a-bffd-d6498ce448d1,2026_W23,O68534,U14218,P165,2026-06-06 00:36:11,4,2657.45,1584.47,152.53,1628.16,10629.8,9045.33,Credit Card,Completed
72e8cd21-4747-456a-bffd-d6498ce448d1,2026_W23,O68535,U3226,P123,2026-06-03 21:57:50,4,7379.51,2040.82,157.5,4945.9,29518.04,27477.22,UPI,Completed
72e8cd21-4747-456a-bffd-d6498ce448d1,2026_W23,O68536,U29140,P149,2026-06-07 17:36:49,2,5363.67,191.99,176.84,1896.36,10727.34,10535.35,Wallet,Completed
72e8cd21-4747-456a-bffd-d6498ce448d1,2026_W23,O68537,U16880,P62,2026-06-03 16:50:45,4,10625.67,6115.08,163.7,6549.77,42502.68,36387.6,UPI,Completed
72e8cd21-4747-456a-bffd-d6498ce448d1,2026_W23,O68538,U15383,P94,2026-06-03 16:31:33,3,7668.43,2122.54,148.64,3758.9,23005.29,20882.75,Debit Card,Completed
72e8cd21-4747-456a-bffd-d6498ce448d1,2026_W23,O68539,U22714,P191,2026-06-07 14:43:49,3,6168.41,937.58,121.98,3162.18,18505.23,17567.649999999998,Debit Card,Completed
72e8cd21-4747-456a-bffd-d6498ce448d1,2026_W23,O68540,U17427,P189,2026-06-06 18:18:09,1,3755.21,229.0,135.65,634.72,3755.21,3526.21,UPI,Completed
72e8cd21-4747-456a-bffd-d6498ce448d1,2026_W23,O68541,U12891,P13,2026-06-05 18:49:09,3,7537.32,84.52,104.09,4054.94,22611.96,22527.44,Wallet,Completed
72e8cd21-4747-456a-bffd-d6498ce448d1,2026_W23,O68542,U18424,P20,2026-06-07 02:42:52,1,2140.8,55.2,152.39,375.41,2140.8,2085.6000000000004,Wallet,Completed
72e8cd21-4747-456a-bffd-d6498ce448d1,2026_W23,O68543,U18373,P161,2026-06-06 12:02:49,1,6131.78,274.72,120.63,1054.27,6131.78,5857.06,Credit Card,Completed
72e8cd21-4747-456a-bffd-d6498ce448d1,2026_W23,O68544,U21584,P199,2026-06-04 08:29:29,3,5324.39,1978.83,135.85,2518.98,15973.170000000002,13994.340000000002,UPI,Completed
72e8cd21-4747-456a-bffd-d6498ce448d1,2026_W23,O68545,U4661,P68,2026-06-03 04:23:53,4,4648.44,1427.39,88.18,3089.95,18593.76,17166.37,Debit Card,Completed
72e8cd21-4747-456a-bffd-d6498ce448d1,2026_W23,O68546,U14115,P184,2026-06-02 04:19:24,2,2050.2,544.25,125.83,640.11,4100.4,3556.15,UPI,Completed
72e8cd21-4747-456a-bffd-d6498ce448d1,2026_W23,O68547,U2752,P48,2026-06-03 17:36:29,4,4680.1,1585.15,52.88,3084.34,18720.4,17135.25,UPI,Completed
72e8cd21-4747-456a-bffd-d6498ce448d1,2026_W23,O68548,U8020,P182,2026-06-06 00:13:41,3,1987.12,93.04,79.57,1056.3,5961.36,5868.32,UPI,Completed
72e8cd21-4747-456a-bffd-d6498ce448d1,2026_W23,O68549,U28316,P48,2026-06-05 07:24:14,2,4680.1,1012.19,75.52,1502.64,9360.2,8348.01,Debit Card,Completed
72e8cd21-4747-456a-bffd-d6498ce448d1,2026_W23,O68550,U31276,P62,2026-06-02 05:49:35,1,10625.67,984.51,84.38,1735.41,10625.67,9641.16,Credit Card,Completed
72e8cd21-4747-456a-bffd-d6498ce448d1,2026_W23,O68551,U34722,P108,2026-06-06 11:24:38,3,3076.73,221.53,89.69,1621.56,9230.19,9008.66,UPI,Completed
72e8cd21-4747-456a-bffd-d6498ce448d1,2026_W23,O68552,U33373,P166,2026-06-05 14:58:07,1,6824.24,924.78,162.83,1061.9,6824.24,5899.46,Wallet,Completed
72e8cd21-4747-456a-bffd-d6498ce448d1,2026_W23,O68553,U23130,P187,2026-06-02 02:17:55,2,2141.32,489.32,119.35,682.8,4282.64,3793.32,Credit Card,Completed
72e8cd21-4747-456a-bffd-d6498ce448d1,2026_W23,O68554,U28673,P145,2026-06-03 20:23:22,4,7002.35,705.67,170.57,4914.67,28009.4,27303.730000000003,UPI,Completed
72e8cd21-4747-456a-bffd-d6498ce448d1,2026_W23,O68555,U26292,P123,2026-06-04 02:38:58,1,7379.51,775.56,61.53,1188.71,7379.51,6603.950000000001,Wallet,Completed
72e8cd21-4747-456a-bffd-d6498ce448d1,2026_W23,O68556,U27302,P110,2026-06-02 15:20:58,3,2362.36,879.09,105.64,1117.44,7087.08,6207.99,Credit Card,Completed
72e8cd21-4747-456a-bffd-d6498ce448d1,2026_W23,O68557,U14821,P180,2026-06-04 14:42:29,1,6330.21,397.5,124.96,1067.89,6330.21,5932.71,Wallet,Completed
72e8cd21-4747-456a-bffd-d6498ce448d1,2026_W23,O68558,U8841,P169,2026-06-03 23:00:59,2,8908.51,420.31,57.26,3131.41,17817.02,17396.71,Wallet,Completed
72e8cd21-4747-456a-bffd-d6498ce448d1,2026_W23,O68559,U25791,P151,2026-06-06 06:09:53,2,10300.34,64.8,65.2,3696.46,20600.68,20535.88,Credit Card,Completed
72e8cd21-4747-456a-bffd-d6498ce448d1,2026_W23,O68560,U2403,P5,2026-06-02 02:24:08,4,9411.93,4757.01,151.51,5920.33,37647.72,32890.71,UPI,Completed
72e8cd21-4747-456a-bffd-d6498ce448d1,2026_W23,O68561,U13270,P19,2026-06-05 16:24:24,1,10412.16,1050.68,77.98,1685.07,10412.16,9361.48,Wallet,Completed
72e8cd21-4747-456a-bffd-d6498ce448d1,2026_W23,O68562,U4560,P62,2026-06-04 00:53:29,4,10625.67,5422.47,121.79,6674.44,42502.68,37080.21,Debit Card,Completed
72e8cd21-4747-456a-bffd-d6498ce448d1,2026_W23,O68563,U17398,P167,2026-06-04 13:34:56,1,10191.01,661.53,174.5,1715.31,10191.01,9529.48,UPI,Completed
72e8cd21-4747-456a-bffd-d6498ce448d1,2026_W23,O68564,U14466,P111,2026-06-03 00:21:59,1,2233.14,31.79,180.05,396.24,2233.14,2201.35,Wallet,Completed
72e8cd21-4747-456a-bffd-d6498ce448d1,2026_W23,O68565,U25791,P152,2026-06-04 11:49:08,1,3680.01,97.63,168.85,644.83,3680.01,3582.38,Wallet,Completed
72e8cd21-4747-456a-bffd-d6498ce448d1,2026_W23,O68566,U28037,P157,2026-06-06 21:48:10,2,6948.33,1248.01,87.19,2276.76,13896.66,12648.65,UPI,Completed
72e8cd21-4747-456a-bffd-d6498ce448d1,2026_W23,O68567,U14733,P195,2026-06-06 06:26:25,4,9936.45,640.27,98.62,7039.0,39745.8,39105.530000000006,Debit Card,Completed
72e8cd21-4747-456a-bffd-d6498ce448d1,2026_W23,O68568,U31853,P124,2026-06-02 19:29:23,4,3516.67,2026.95,56.22,2167.15,14066.68,12039.73,Debit Card,Completed
72e8cd21-4747-456a-bffd-d6498ce448d1,2026_W23,O68569,U10402,P34,2026-06-06 16:20:04,4,3033.5,1720.6,53.52,1874.41,12134.0,10413.4,UPI,Completed
72e8cd21-4747-456a-bffd-d6498ce448d1,2026_W23,O68570,U9734,P132,2026-06-02 12:41:40,3,4280.82,856.29,159.71,2157.51,12842.46,11986.169999999998,Debit Card,Completed
72e8cd21-4747-456a-bffd-d6498ce448d1,2026_W23,O68571,U23146,P8,2026-06-01 22:38:46,3,6662.34,1744.77,159.64,3283.6,19987.02,18242.25,Credit Card,Completed
72e8cd21-4747-456a-bffd-d6498ce448d1,2026_W23,O68572,U29221,P177,2026-06-02 13:36:22,4,6111.68,3041.38,182.92,3852.96,24446.72,21405.34,UPI,Completed
72e8cd21-4747-456a-bffd-d6498ce448d1,2026_W23,O68573,U18673,P199,2026-06-05 08:20:54,3,5324.39,1912.09,65.32,2530.99,15973.170000000002,14061.080000000002,Debit Card,Completed
72e8cd21-4747-456a-bffd-d6498ce448d1,2026_W23,O68574,U3831,P177,2026-06-06 23:03:49,3,6111.68,2522.45,166.15,2846.27,18335.04,15812.59,Credit Card,Completed
72e8cd21-4747-456a-bffd-d6498ce448d1,2026_W23,O68575,U27890,P186,2026-06-02 15:19:59,3,7703.95,2778.29,194.88,3660.04,23111.85,20333.56,Credit Card,Completed
72e8cd21-4747-456a-bffd-d6498ce448d1,2026_W23,O68576,U142,P96,2026-06-05 12:30:52,4,6736.46,3285.43,59.83,4258.87,26945.84,23660.41,UPI,Completed
72e8cd21-4747-456a-bffd-d6498ce448d1,2026_W23,O68577,U2447,P143,2026-06-05 04:12:09,1,1686.4,214.96,198.88,264.86,1686.4,1471.44,Debit Card,Completed
72e8cd21-4747-456a-bffd-d6498ce448d1,2026_W23,O68578,U13004,P187,2026-06-03 10:06:08,3,2141.32,464.2,136.66,1072.76,6423.960000000001,5959.760000000001,Credit Card,Completed
72e8cd21-4747-456a-bffd-d6498ce448d1,2026_W23,O68579,U2776,P29,2026-06-06 11:48:16,1,1532.51,2.49,160.59,275.4,1532.51,1530.02,Debit Card,Completed
72e8cd21-4747-456a-bffd-d6498ce448d1,2026_W23,O68580,U16573,P28,2026-06-04 23:24:25,1,7134.46,576.94,157.39,1180.35,7134.46,6557.52,Credit Card,Completed
72e8cd21-4747-456a-bffd-d6498ce448d1,2026_W23,O68581,U3705,P83,2026-06-07 17:00:51,4,4290.17,812.32,96.65,2942.7,17160.68,16348.36,Wallet,Completed
72e8cd21-4747-456a-bffd-d6498ce448d1,2026_W23,O68582,U14687,P86,2026-06-03 11:50:00,3,5552.06,1758.7,133.05,2681.55,16656.18,14897.48,Credit Card,Completed
72e8cd21-4747-456a-bffd-d6498ce448d1,2026_W23,O68583,U30774,P33,2026-06-02 18:16:20,2,8155.0,1821.32,64.26,2607.96,16310.0,14488.68,Credit Card,Completed
72e8cd21-4747-456a-bffd-d6498ce448d1,2026_W23,O68584,U11343,P97,2026-06-07 05:41:28,1,5186.28,175.49,84.49,901.94,5186.28,5010.79,Debit Card,Completed
72e8cd21-4747-456a-bffd-d6498ce448d1,2026_W23,O68585,U34514,P55,2026-06-04 17:00:55,1,2495.43,239.92,104.08,405.99,2495.43,2255.51,Debit Card,Completed
72e8cd21-4747-456a-bffd-d6498ce448d1,2026_W23,O68586,U19905,P134,2026-06-04 05:25:24,3,2662.06,299.74,114.17,1383.56,7986.18,7686.44,Credit Card,Completed
72e8cd21-4747-456a-bffd-d6498ce448d1,2026_W23,O68587,U25604,P36,2026-06-02 00:12:31,1,5080.52,5.85,176.47,913.44,5080.52,5074.67,Debit Card,Completed
72e8cd21-4747-456a-bffd-d6498ce448d1,2026_W23,O68588,U12747,P135,2026-06-05 14:02:04,1,4974.87,339.01,164.96,834.45,4974.87,4635.86,Credit Card,Completed
72e8cd21-4747-456a-bffd-d6498ce448d1,2026_W23,O68589,U34120,P143,2026-06-05 22:49:21,2,1686.4,100.67,60.34,588.98,3372.8,3272.13,Wallet,Completed
72e8cd21-4747-456a-bffd-d6498ce448d1,2026_W23,O68590,U2448,P121,2026-06-05 20:36:00,3,3168.81,188.31,164.87,1677.26,9506.43,9318.12,Debit Card,Completed
72e8cd21-4747-456a-bffd-d6498ce448d1,2026_W23,O68591,U25405,P174,2026-06-04 07:43:30,3,8540.78,763.67,77.31,4474.56,25622.340000000004,24858.67000000001,UPI,Completed
72e8cd21-4747-456a-bffd-d6498ce448d1,2026_W23,O68592,U13116,P22,2026-06-05 02:11:48,4,5208.88,407.05,129.8,3677.12,20835.52,20428.47,Wallet,Completed
72e8cd21-4747-456a-bffd-d6498ce448d1,2026_W23,O68593,U10636,P177,2026-06-02 00:46:34,1,6111.68,188.93,76.16,1066.1,6111.68,5922.75,Debit Card,Completed
72e8cd21-4747-456a-bffd-d6498ce448d1,2026_W23,O68594,U330,P126,2026-06-05 08:33:17,2,7115.51,1813.79,115.66,2235.1,14231.02,12417.23,UPI,Completed
72e8cd21-4747-456a-bffd-d6498ce448d1,2026_W23,O68595,U27139,P119,2026-06-07 13:17:09,1,2931.16,22.94,178.42,523.48,2931.16,2908.22,Credit Card,Completed
72e8cd21-4747-456a-bffd-d6498ce448d1,2026_W23,O68596,U19083,P154,2026-06-02 00:11:47,3,7488.16,595.6,106.13,3936.4,22464.48,21868.88,UPI,Completed
72e8cd21-4747-456a-bffd-d6498ce448d1,2026_W23,O68597,U2891,P25,2026-06-05 09:19:46,1,7381.46,251.44,136.29,1283.4,7381.46,7130.02,UPI,Completed
72e8cd21-4747-456a-bffd-d6498ce448d1,2026_W23,O68598,U28971,P15,2026-06-06 07:39:46,4,1828.72,682.38,172.03,1193.85,7314.88,6632.5,UPI,Completed
72e8cd21-4747-456a-bffd-d6498ce448d1,2026_W23,O68599,U28730,P16,2026-06-06 21:42:37,1,9334.87,1008.84,56.92,1498.69,9334.87,8326.03,Credit Card,Completed
72e8cd21-4747-456a-bffd-d6498ce448d1,2026_W23,O68600,U26993,P45,2026-06-02 10:33:59,1,10226.58,417.18,61.21,1765.69,10226.58,9809.4,UPI,Completed
72e8cd21-4747-456a-bffd-d6498ce448d1,2026_W23,O68601,U15875,P37,2026-06-07 05:13:29,1,5843.49,311.28,183.52,995.8,5843.49,5532.21,Credit Card,Completed
72e8cd21-4747-456a-bffd-d6498ce448d1,2026_W23,O68602,U26527,P76,2026-06-04 03:01:31,1,1956.86,209.44,59.95,314.54,1956.86,1747.4199999999998,Wallet,Completed
72e8cd21-4747-456a-bffd-d6498ce448d1,2026_W23,O68603,U32312,P151,2026-06-02 17:56:25,4,10300.34,1853.22,170.0,7082.67,41201.36,39348.14,Wallet,Completed
72e8cd21-4747-456a-bffd-d6498ce448d1,2026_W23,O68604,U6705,P19,2026-06-05 13:53:09,3,10412.16,2642.03,55.66,5147.0,31236.48,28594.45,Credit Card,Completed
72e8cd21-4747-456a-bffd-d6498ce448d1,2026_W23,O68605,U12245,P40,2026-06-06 15:05:58,4,5653.56,1849.25,142.57,3737.7,22614.24,20764.99,UPI,Completed
72e8cd21-4747-456a-bffd-d6498ce448d1,2026_W23,O68606,U8216,P153,2026-06-06 07:05:32,2,3236.07,277.99,193.89,1114.95,6472.14,6194.150000000001,UPI,Completed
72e8cd21-4747-456a-bffd-d6498ce448d1,2026_W23,O68607,U9630,P27,2026-06-06 14:48:05,3,4374.27,789.32,84.31,2220.03,13122.81,12333.490000000002,UPI,Completed
72e8cd21-4747-456a-bffd-d6498ce448d1,2026_W23,O68608,U32326,P190,2026-06-04 07:13:06,2,7773.11,1249.6,90.32,2573.39,15546.22,14296.62,Credit Card,Completed
72e8cd21-4747-456a-bffd-d6498ce448d1,2026_W23,O68609,U31223,P49,2026-06-04 03:42:59,1,4491.12,602.55,196.34,699.94,4491.12,3888.57,Credit Card,Completed
72e8cd21-4747-456a-bffd-d6498ce448d1,2026_W23,O68610,U15124,P69,2026-06-05 11:29:05,1,2752.73,76.72,166.09,481.68,2752.73,2676.01,Debit Card,Completed
72e8cd21-4747-456a-bffd-d6498ce448d1,2026_W23,O68611,U2257,P108,2026-06-06 06:01:14,4,3076.73,1313.36,190.59,1978.84,12306.92,10993.56,Debit Card,Completed
72e8cd21-4747-456a-bffd-d6498ce448d1,2026_W23,O68612,U33719,P113,2026-06-05 08:32:34,1,5995.63,619.99,195.63,967.62,5995.63,5375.64,Credit Card,Completed
72e8cd21-4747-456a-bffd-d6498ce448d1,2026_W23,O68613,U25550,P85,2026-06-05 18:58:31,4,7940.53,2585.26,173.48,5251.83,31762.12,29176.86,UPI,Completed
72e8cd21-4747-456a-bffd-d6498ce448d1,2026_W23,O68614,U24294,P84,2026-06-02 01:18:41,2,3400.69,470.62,50.76,1139.54,6801.38,6330.76,Credit Card,Completed
72e8cd21-4747-456a-bffd-d6498ce448d1,2026_W23,O68615,U30851,P106,2026-06-04 06:00:18,1,4353.6,253.3,62.37,738.05,4353.6,4100.3,Wallet,Completed
72e8cd21-4747-456a-bffd-d6498ce448d1,2026_W23,O68616,U8337,P164,2026-06-02 13:52:30,2,7788.37,1282.11,190.7,2573.03,15576.74,14294.63,UPI,Completed
72e8cd21-4747-456a-bffd-d6498ce448d1,2026_W23,O68617,U10564,P88,2026-06-05 00:51:35,1,6362.48,410.28,145.13,1071.4,6362.48,5952.2,Credit Card,Completed
72e8cd21-4747-456a-bffd-d6498ce448d1,2026_W23,O68618,U15444,P171,2026-06-06 04:02:52,1,3668.91,37.0,156.29,653.74,3668.91,3631.91,Wallet,Completed
72e8cd21-4747-456a-bffd-d6498ce448d1,2026_W23,O68619,U5884,P128,2026-06-02 02:05:38,4,8967.81,1888.44,185.36,6116.9,35871.24,33982.8,Credit Card,Completed
72e8cd21-4747-456a-bffd-d6498ce448d1,2026_W23,O68620,U9461,P86,2026-06-02 11:49:51,2,5552.06,1451.29,91.61,1737.51,11104.12,9652.830000000002,UPI,Completed
72e8cd21-4747-456a-bffd-d6498ce448d1,2026_W23,O68621,U24057,P101,2026-06-05 21:56:59,4,10959.44,1243.39,80.56,7666.99,43837.76,42594.37,Credit Card,Completed
72e8cd21-4747-456a-bffd-d6498ce448d1,2026_W23,O68622,U6053,P37,2026-06-06 10:54:38,1,5843.49,728.25,91.51,920.74,5843.49,5115.24,Wallet,Completed
72e8cd21-4747-456a-bffd-d6498ce448d1,2026_W23,O68623,U33179,P8,2026-06-02 18:16:03,1,6662.34,940.31,150.98,1029.97,6662.34,5722.030000000001,Credit Card,Completed
72e8cd21-4747-456a-bffd-d6498ce448d1,2026_W23,O68624,U10180,P105,2026-06-04 21:52:26,4,2249.83,1250.79,166.25,1394.74,8999.32,7748.53,Credit Card,Completed
72e8cd21-4747-456a-bffd-d6498ce448d1,2026_W23,O68625,U10396,P18,2026-06-04 15:02:15,1,5632.45,187.33,138.03,980.12,5632.45,5445.12,Debit Card,Completed
72e8cd21-4747-456a-bffd-d6498ce448d1,2026_W23,O68626,U22106,P152,2026-06-02 01:17:16,3,3680.01,1570.31,164.93,1704.55,11040.03,9469.72,Debit Card,Completed
72e8cd21-4747-456a-bffd-d6498ce448d1,2026_W23,O68627,U30723,P78,2026-06-05 14:46:13,2,3006.64,450.59,161.2,1001.28,6013.28,5562.69,UPI,Completed
72e8cd21-4747-456a-bffd-d6498ce448d1,2026_W23,O68628,U8617,P189,2026-06-03 01:28:44,4,3755.21,316.4,77.24,2646.8,15020.84,14704.44,Wallet,Completed
72e8cd21-4747-456a-bffd-d6498ce448d1,2026_W23,O68629,U9025,P124,2026-06-02 19:04:19,2,3516.67,939.03,178.63,1096.98,7033.34,6094.31,Credit Card,Completed
72e8cd21-4747-456a-bffd-d6498ce448d1,2026_W23,O68630,U16765,P133,2026-06-06 07:53:22,2,9654.47,2162.32,190.87,3086.39,19308.94,17146.62,UPI,Completed
72e8cd21-4747-456a-bffd-d6498ce448d1,2026_W23,O68631,U33601,P112,2026-06-05 03:05:32,1,7986.57,408.43,97.59,1364.07,7986.57,7578.139999999999,Debit Card,Completed
72e8cd21-4747-456a-bffd-d6498ce448d1,2026_W23,O68632,U689,P158,2026-06-04 19:40:05,3,2851.23,963.71,84.27,1366.2,8553.69,7589.98,Debit Card,Completed
72e8cd21-4747-456a-bffd-d6498ce448d1,2026_W23,O68633,U9255,P29,2026-06-03 16:49:20,3,1532.51,576.81,113.02,723.73,4597.53,4020.72,Wallet,Completed
72e8cd21-4747-456a-bffd-d6498ce448d1,2026_W23,O68634,U18355,P190,2026-06-06 21:51:25,1,7773.11,398.21,89.43,1327.48,7773.11,7374.9,Wallet,Completed
72e8cd21-4747-456a-bffd-d6498ce448d1,2026_W23,O68635,U23996,P58,2026-06-05 00:54:39,3,3367.03,1.16,67.66,1817.99,10101.09,10099.93,Wallet,Completed
72e8cd21-4747-456a-bffd-d6498ce448d1,2026_W23,O68636,U3811,P83,2026-06-02 12:16:51,1,4290.17,85.7,97.51,756.8,4290.17,4204.47,Wallet,Completed
72e8cd21-4747-456a-bffd-d6498ce448d1,2026_W23,O68637,U30375,P144,2026-06-04 23:02:46,4,3365.89,1450.24,87.3,2162.4,13463.56,12013.32,Credit Card,Completed
72e8cd21-4747-456a-bffd-d6498ce448d1,2026_W23,O68638,U30325,P197,2026-06-07 10:48:15,2,1602.39,189.05,171.39,542.83,3204.78,3015.73,UPI,Completed
72e8cd21-4747-456a-bffd-d6498ce448d1,2026_W23,O68639,U3866,P28,2026-06-04 02:47:27,4,7134.46,1583.76,138.85,4851.73,28537.84,26954.08,Wallet,Completed
72e8cd21-4747-456a-bffd-d6498ce448d1,2026_W23,O68640,U2799,P88,2026-06-03 02:50:18,3,6362.48,955.07,146.13,3263.83,19087.44,18132.37,Wallet,Completed
72e8cd21-4747-456a-bffd-d6498ce448d1,2026_W23,O68641,U20303,P156,2026-06-06 15:23:49,1,7497.11,820.04,190.79,1201.87,7497.11,6677.07,Wallet,Completed
72e8cd21-4747-456a-bffd-d6498ce448d1,2026_W23,O68642,U33002,P168,2026-06-04 22:17:49,3,4347.14,453.18,193.09,2265.88,13041.420000000002,12588.240000000002,Credit Card,Completed
72e8cd21-4747-456a-bffd-d6498ce448d1,2026_W23,O68643,U20916,P9,2026-06-03 17:06:38,3,6463.86,739.46,117.03,3357.38,19391.58,18652.12,Debit Card,Completed
72e8cd21-4747-456a-bffd-d6498ce448d1,2026_W23,O68644,U8629,P4,2026-06-05 00:41:55,2,4763.57,1359.89,96.75,1470.1,9527.14,8167.249999999999,Credit Card,Completed
72e8cd21-4747-456a-bffd-d6498ce448d1,2026_W23,O68645,U2868,P175,2026-06-07 13:23:40,4,6623.37,2864.09,175.6,4253.29,26493.48,23629.39,Wallet,Completed
72e8cd21-4747-456a-bffd-d6498ce448d1,2026_W23,O68646,U3167,P150,2026-06-06 18:24:02,1,7237.54,405.49,111.83,1229.77,7237.54,6832.05,Credit Card,Completed
72e8cd21-4747-456a-bffd-d6498ce448d1,2026_W23,O68647,U8419,P22,2026-06-03 20:07:03,2,5208.88,1250.84,76.98,1650.05,10417.76,9166.92,Debit Card,Completed
72e8cd21-4747-456a-bffd-d6498ce448d1,2026_W23,O68648,U22657,P142,2026-06-03 05:28:37,3,5009.2,436.09,153.55,2626.47,15027.6,14591.509999999998,Debit Card,Completed
72e8cd21-4747-456a-bffd-d6498ce448d1,2026_W23,O68649,U19761,P86,2026-06-07 15:14:07,3,5552.06,1599.56,191.5,2710.19,16656.18,15056.62,Credit Card,Completed
72e8cd21-4747-456a-bffd-d6498ce448d1,2026_W23,O68650,U10781,P126,2026-06-04 01:34:57,2,7115.51,1190.5,132.06,2347.29,14231.02,13040.52,Wallet,Completed
72e8cd21-4747-456a-bffd-d6498ce448d1,2026_W23,O68651,U16970,P165,2026-06-03 13:55:45,4,2657.45,566.56,79.16,1811.38,10629.8,10063.24,Credit Card,Completed
72e8cd21-4747-456a-bffd-d6498ce448d1,2026_W23,O68652,U16198,P178,2026-06-05 15:07:41,4,7201.61,1000.34,195.89,5005.1,28806.44,27806.1,Debit Card,Completed
72e8cd21-4747-456a-bffd-d6498ce448d1,2026_W23,O68653,U201,P164,2026-06-02 13:32:33,4,7788.37,4459.84,121.73,4804.86,31153.48,26693.64,UPI,Completed
72e8cd21-4747-456a-bffd-d6498ce448d1,2026_W23,O68654,U28972,P69,2026-06-05 15:04:09,2,2752.73,229.39,89.87,949.69,5505.46,5276.07,Wallet,Completed
72e8cd21-4747-456a-bffd-d6498ce448d1,2026_W23,O68655,U7419,P81,2026-06-04 03:38:46,3,6992.52,2016.65,184.87,3412.96,20977.56,18960.91,Credit Card,Completed
72e8cd21-4747-456a-bffd-d6498ce448d1,2026_W23,O68656,U629,P171,2026-06-06 06:03:02,4,3668.91,452.21,165.71,2560.22,14675.64,14223.43,Debit Card,Completed
72e8cd21-4747-456a-bffd-d6498ce448d1,2026_W23,O68657,U25456,P40,2026-06-04 20:12:58,4,5653.56,2157.92,82.86,3682.14,22614.24,20456.32,UPI,Completed
72e8cd21-4747-456a-bffd-d6498ce448d1,2026_W23,O68658,U13388,P22,2026-06-01 23:38:39,4,5208.88,1089.07,196.73,3554.36,20835.52,19746.45,UPI,Completed
72e8cd21-4747-456a-bffd-d6498ce448d1,2026_W23,O68659,U33224,P89,2026-06-03 20:27:22,4,9725.61,575.9,188.1,6898.78,38902.44,38326.54,Wallet,Completed
72e8cd21-4747-456a-bffd-d6498ce448d1,2026_W23,O68660,U3001,P197,2026-06-03 00:52:03,4,1602.39,232.43,52.87,1111.88,6409.56,6177.13,UPI,Completed
72e8cd21-4747-456a-bffd-d6498ce448d1,2026_W23,O68661,U13765,P186,2026-06-06 20:24:44,3,7703.95,2654.49,184.74,3682.32,23111.85,20457.36,Wallet,Completed
72e8cd21-4747-456a-bffd-d6498ce448d1,2026_W23,O68662,U13485,P112,2026-06-02 23:04:03,4,7986.57,3366.27,143.24,5144.4,31946.28,28580.01,Wallet,Completed
72e8cd21-4747-456a-bffd-d6498ce448d1,2026_W23,O68663,U8419,P33,2026-06-02 05:26:42,3,8155.0,3508.43,78.56,3772.18,24465.0,20956.57,Wallet,Completed
72e8cd21-4747-456a-bffd-d6498ce448d1,2026_W23,O68664,U31714,P179,2026-06-04 08:33:24,2,6023.34,1621.75,139.09,1876.49,12046.68,10424.93,Debit Card,Completed
72e8cd21-4747-456a-bffd-d6498ce448d1,2026_W23,O68665,U27543,P20,2026-06-07 01:43:37,4,2140.8,349.63,175.41,1478.44,8563.2,8213.570000000002,Wallet,Completed
72e8cd21-4747-456a-bffd-d6498ce448d1,2026_W23,O68666,U10636,P121,2026-06-06 20:48:38,2,3168.81,601.32,87.73,1032.53,6337.62,5736.3,Debit Card,Completed
72e8cd21-4747-456a-bffd-d6498ce448d1,2026_W23,O68667,U18995,P127,2026-06-03 17:57:26,1,7703.2,476.96,58.38,1300.72,7703.2,7226.24,Credit Card,Completed
72e8cd21-4747-456a-bffd-d6498ce448d1,2026_W23,O68668,U34059,P53,2026-06-05 11:54:22,1,5679.25,177.65,93.97,990.29,5679.25,5501.6,Credit Card,Completed
72e8cd21-4747-456a-bffd-d6498ce448d1,2026_W23,O68669,U29816,P57,2026-06-04 16:53:10,2,8106.78,2189.93,105.93,2524.25,16213.56,14023.63,Debit Card,Completed
72e8cd21-4747-456a-bffd-d6498ce448d1,2026_W23,O68670,U16369,P39,2026-06-06 06:26:47,4,7544.04,2491.18,144.34,4983.3,30176.16,27684.98,Wallet,Completed
72e8cd21-4747-456a-bffd-d6498ce448d1,2026_W23,O68671,U23423,P118,2026-06-03 03:28:40,1,1413.19,49.07,147.12,245.54,1413.19,1364.12,UPI,Completed
72e8cd21-4747-456a-bffd-d6498ce448d1,2026_W23,O68672,U11875,P41,2026-06-05 07:03:37,4,11748.5,854.99,97.52,8305.02,46994.0,46139.01,Wallet,Completed
72e8cd21-4747-456a-bffd-d6498ce448d1,2026_W23,O68673,U24424,P157,2026-06-03 09:03:32,3,6948.33,1226.3,174.67,3531.36,20844.99,19618.69,Credit Card,Completed
72e8cd21-4747-456a-bffd-d6498ce448d1,2026_W23,O68674,U25362,P138,2026-06-04 08:03:45,4,6989.52,3720.45,136.57,4362.77,27958.08,24237.63,Debit Card,Completed
72e8cd21-4747-456a-bffd-d6498ce448d1,2026_W23,O68675,U28535,P7,2026-06-02 18:04:38,3,10896.56,816.95,140.54,5737.09,32689.68,31872.73,Credit Card,Completed
72e8cd21-4747-456a-bffd-d6498ce448d1,2026_W23,O68676,U20642,P162,2026-06-04 07:16:23,3,4947.62,1284.8,53.34,2440.45,14842.86,13558.06,UPI,Completed
72e8cd21-4747-456a-bffd-d6498ce448d1,2026_W23,O68677,U31035,P70,2026-06-03 10:04:05,4,10058.46,4987.15,150.96,6344.4,40233.84,35246.689999999995,UPI,Completed
72e8cd21-4747-456a-bffd-d6498ce448d1,2026_W23,O68678,U31776,P82,2026-06-03 15:32:36,4,4676.03,2187.2,192.0,2973.05,18704.12,16516.92,Credit Card,Completed
72e8cd21-4747-456a-bffd-d6498ce448d1,2026_W23,O68679,U23861,P39,2026-06-04 10:48:14,3,7544.04,1066.17,140.74,3881.87,22632.12,21565.95,Debit Card,Completed
72e8cd21-4747-456a-bffd-d6498ce448d1,2026_W23,O68680,U32194,P124,2026-06-05 22:57:47,3,3516.67,205.15,173.3,1862.07,10550.01,10344.86,UPI,Completed
72e8cd21-4747-456a-bffd-d6498ce448d1,2026_W23,O68681,U23359,P42,2026-06-01 20:36:22,1,7209.49,830.34,169.18,1148.25,7209.49,6379.15,Credit Card,Completed
72e8cd21-4747-456a-bffd-d6498ce448d1,2026_W23,O68682,U29795,P145,2026-06-02 22:53:42,4,7002.35,247.18,53.35,4997.2,28009.4,27762.22,Credit Card,Completed
72e8cd21-4747-456a-bffd-d6498ce448d1,2026_W23,O68683,U24046,P35,2026-06-04 17:31:51,2,2889.44,314.65,89.8,983.56,5778.88,5464.2300000000005,Debit Card,Completed
72e8cd21-4747-456a-bffd-d6498ce448d1,2026_W23,O68684,U16951,P88,2026-06-04 11:28:51,2,6362.48,917.87,133.58,2125.28,12724.96,11807.089999999998,Wallet,Completed
72e8cd21-4747-456a-bffd-d6498ce448d1,2026_W23,O68685,U283,P18,2026-06-03 01:42:48,2,5632.45,1515.53,174.03,1754.89,11264.9,9749.37,Debit Card,Completed
72e8cd21-4747-456a-bffd-d6498ce448d1,2026_W23,O68686,U13421,P108,2026-06-06 17:02:22,2,3076.73,760.79,108.55,970.68,6153.46,5392.67,Wallet,Completed
72e8cd21-4747-456a-bffd-d6498ce448d1,2026_W23,O68687,U30568,P115,2026-06-05 04:00:56,4,10604.02,832.64,184.31,7485.02,42416.08,41583.44,Debit Card,Completed
72e8cd21-4747-456a-bffd-d6498ce448d1,2026_W23,O68688,U33952,P151,2026-06-03 10:58:11,4,10300.34,2444.2,185.05,6976.29,41201.36,38757.16,Wallet,Completed
72e8cd21-4747-456a-bffd-d6498ce448d1,2026_W23,O68689,U10916,P160,2026-06-05 03:37:22,2,3922.12,575.01,91.04,1308.46,7844.24,7269.23,UPI,Completed
72e8cd21-4747-456a-bffd-d6498ce448d1,2026_W23,O68690,U20739,P154,2026-06-04 06:24:51,3,7488.16,1442.73,148.99,3783.92,22464.48,21021.75,Debit Card,Completed
72e8cd21-4747-456a-bffd-d6498ce448d1,2026_W23,O68691,U6595,P41,2026-06-02 01:44:59,1,11748.5,828.98,103.27,1965.51,11748.5,10919.52,Debit Card,Completed
72e8cd21-4747-456a-bffd-d6498ce448d1,2026_W23,O68692,U13947,P82,2026-06-07 16:05:33,4,4676.03,1039.24,98.04,3179.68,18704.12,17664.879999999997,Wallet,Completed
72e8cd21-4747-456a-bffd-d6498ce448d1,2026_W23,O68693,U12306,P53,2026-06-06 18:25:08,4,5679.25,2964.07,169.29,3555.53,22717.0,19752.93,Credit Card,Completed
72e8cd21-4747-456a-bffd-d6498ce448d1,2026_W23,O68694,U32233,P73,2026-06-07 02:36:08,4,2860.52,1562.91,106.65,1778.25,11442.08,9879.17,Credit Card,Completed
72e8cd21-4747-456a-bffd-d6498ce448d1,2026_W23,O68695,U34024,P41,2026-06-07 03:44:21,3,11748.5,621.04,50.18,6232.4,35245.5,34624.46,Wallet,Completed
72e8cd21-4747-456a-bffd-d6498ce448d1,2026_W23,O68696,U24968,P135,2026-06-02 14:12:47,2,4974.87,31.4,147.01,1785.3,9949.74,9918.34,Debit Card,Completed
72e8cd21-4747-456a-bffd-d6498ce448d1,2026_W23,O68697,U34420,P173,2026-06-02 13:20:26,3,5411.96,1568.06,157.31,2640.21,16235.88,14667.820000000002,Credit Card,Completed
72e8cd21-4747-456a-bffd-d6498ce448d1,2026_W23,O68698,U19905,P128,2026-06-03 10:29:00,1,8967.81,373.64,103.85,1546.95,8967.81,8594.17,Debit Card,Completed
72e8cd21-4747-456a-bffd-d6498ce448d1,2026_W23,O68699,U20711,P194,2026-06-07 16:56:50,4,7139.77,208.43,111.14,5103.12,28559.08,28350.65,Credit Card,Completed
72e8cd21-4747-456a-bffd-d6498ce448d1,2026_W23,O68700,U13312,P26,2026-06-01 23:22:12,4,6921.53,3572.48,101.75,4340.46,27686.12,24113.64,Credit Card,Completed
72e8cd21-4747-456a-bffd-d6498ce448d1,2026_W23,O68701,U33079,P174,2026-06-03 08:13:48,1,8540.78,783.24,142.73,1396.36,8540.78,7757.540000000001,UPI,Completed
72e8cd21-4747-456a-bffd-d6498ce448d1,2026_W23,O68702,U7793,P147,2026-06-02 14:57:32,2,8552.19,216.37,94.81,3039.84,17104.38,16888.010000000002,UPI,Completed
72e8cd21-4747-456a-bffd-d6498ce448d1,2026_W23,O68703,U32069,P107,2026-06-02 23:09:43,2,5037.89,962.17,87.0,1640.45,10075.78,9113.61,Debit Card,Completed
72e8cd21-4747-456a-bffd-d6498ce448d1,2026_W23,O68704,U32755,P137,2026-06-06 20:22:41,2,2412.96,245.19,153.71,824.53,4825.92,4580.7300000000005,Wallet,Completed
72e8cd21-4747-456a-bffd-d6498ce448d1,2026_W23,O68705,U14238,P6,2026-06-02 19:23:11,1,6942.01,98.17,128.58,1231.89,6942.01,6843.84,UPI,Completed
72e8cd21-4747-456a-bffd-d6498ce448d1,2026_W23,O68706,U5142,P166,2026-06-05 00:04:25,4,6824.24,1361.45,146.99,4668.39,27296.96,25935.51,UPI,Completed
72e8cd21-4747-456a-bffd-d6498ce448d1,2026_W23,O68707,U15261,P165,2026-06-05 17:28:44,3,2657.45,42.31,152.04,1427.41,7972.349999999999,7930.039999999999,Wallet,Completed
72e8cd21-4747-456a-bffd-d6498ce448d1,2026_W23,O68708,U27880,P60,2026-06-02 12:06:26,3,7906.19,3414.65,51.73,3654.71,23718.57,20303.92,Debit Card,Completed
72e8cd21-4747-456a-bffd-d6498ce448d1,2026_W23,O68709,U30953,P49,2026-06-06 15:00:28,1,4491.12,312.59,95.7,752.14,4491.12,4178.53,UPI,Completed
72e8cd21-4747-456a-bffd-d6498ce448d1,2026_W23,O68710,U27944,P88,2026-06-05 03:31:04,2,6362.48,1501.55,120.41,2020.21,12724.96,11223.41,Credit Card,Completed
72e8cd21-4747-456a-bffd-d6498ce448d1,2026_W23,O68711,U14467,P72,2026-06-02 18:52:18,1,7361.26,335.26,195.77,1264.68,7361.26,7026.0,Debit Card,Completed
72e8cd21-4747-456a-bffd-d6498ce448d1,2026_W23,O68712,U14096,P177,2026-06-02 17:45:56,4,6111.68,2838.81,169.0,3889.42,24446.72,21607.91,Wallet,Completed
