run_id,batch_id,session_id,user_id,session_start,session_end,traffic_source,campaign_name,device_type,browser,operating_system,landing_page
6d8e33e0-b1df-4841-8136-55253c666a33,2026_W27,S1,U9905,2026-07-01 02:31:52,2026-07-01 02:52:52,Facebook,Movie,Desktop,Firefox,Android,/offers
6d8e33e0-b1df-4841-8136-55253c666a33,2026_W27,S2,U15502,2026-06-30 19:41:57,2026-06-30 19:43:57,Direct,Interview,Tablet,Firefox,Android,/offers
6d8e33e0-b1df-4841-8136-55253c666a33,2026_W27,S3,U20625,2026-07-03 02:17:40,2026-07-03 02:35:40,Instagram,Morning,Tablet,Chrome,iOS,/offers
6d8e33e0-b1df-4841-8136-55253c666a33,2026_W27,S4,U8820,2026-07-03 20:41:54,2026-07-03 20:42:54,Instagram,If,Tablet,Edge,Windows,/products
6d8e33e0-b1df-4841-8136-55253c666a33,2026_W27,S5,U32845,2026-06-29 21:58:01,2026-06-29 22:11:01,Direct,Performance,Mobile,Safari,iOS,/offers
6d8e33e0-b1df-4841-8136-55253c666a33,2026_W27,S6,U2590,2026-07-04 11:13:16,2026-07-04 11:19:16,Email,Many,Mobile,Edge,Windows,/home
6d8e33e0-b1df-4841-8136-55253c666a33,2026_W27,S7,U33989,2026-07-02 01:06:38,2026-07-02 01:43:38,Facebook,Fact,Mobile,Edge,MacOS,/home
6d8e33e0-b1df-4841-8136-55253c666a33,2026_W27,S8,U25559,2026-07-03 14:49:43,2026-07-03 15:17:43,Instagram,Same,Mobile,Chrome,Android,/offers
6d8e33e0-b1df-4841-8136-55253c666a33,2026_W27,S9,U6731,2026-06-29 13:07:00,2026-06-29 13:22:00,Direct,Inside,Desktop,Firefox,iOS,/offers
6d8e33e0-b1df-4841-8136-55253c666a33,2026_W27,S10,U2032,2026-06-30 18:08:50,2026-06-30 18:45:50,Direct,Reach,Desktop,Edge,Windows,/products
6d8e33e0-b1df-4841-8136-55253c666a33,2026_W27,S11,U15683,2026-06-29 21:40:58,2026-06-29 21:48:58,Organic,Common,Tablet,Chrome,MacOS,/products
6d8e33e0-b1df-4841-8136-55253c666a33,2026_W27,S12,U16158,2026-07-02 00:16:31,2026-07-02 00:28:31,Organic,Begin,Tablet,Safari,Android,/offers
6d8e33e0-b1df-4841-8136-55253c666a33,2026_W27,S13,U8075,2026-06-30 18:28:05,2026-06-30 18:52:05,Email,Certain,Mobile,Firefox,Windows,/offers
6d8e33e0-b1df-4841-8136-55253c666a33,2026_W27,S14,U31897,2026-06-29 15:21:17,2026-06-29 15:51:17,Email,Word,Desktop,Chrome,iOS,/offers
6d8e33e0-b1df-4841-8136-55253c666a33,2026_W27,S15,U4232,2026-07-04 06:03:57,2026-07-04 06:25:57,Organic,Ask,Tablet,Edge,iOS,/products
6d8e33e0-b1df-4841-8136-55253c666a33,2026_W27,S16,U34731,2026-06-29 17:19:16,2026-06-29 17:50:16,Organic,List,Tablet,Chrome,Windows,/home
6d8e33e0-b1df-4841-8136-55253c666a33,2026_W27,S17,U10498,2026-07-02 04:34:09,2026-07-02 04:38:09,Google Ads,Customer,Desktop,Edge,MacOS,/products
6d8e33e0-b1df-4841-8136-55253c666a33,2026_W27,S18,U24377,2026-07-02 17:08:30,2026-07-02 17:27:30,Instagram,We,Desktop,Edge,iOS,/offers
6d8e33e0-b1df-4841-8136-55253c666a33,2026_W27,S19,U34305,2026-07-04 19:19:43,2026-07-04 19:42:43,Email,Too,Tablet,Edge,MacOS,/home
6d8e33e0-b1df-4841-8136-55253c666a33,2026_W27,S20,U34407,2026-06-30 19:07:17,2026-06-30 19:43:17,Google Ads,Travel,Tablet,Chrome,iOS,/home
6d8e33e0-b1df-4841-8136-55253c666a33,2026_W27,S21,U2041,2026-07-03 05:12:29,2026-07-03 05:51:29,Google Ads,Research,Mobile,Chrome,MacOS,/home
6d8e33e0-b1df-4841-8136-55253c666a33,2026_W27,S22,U25088,2026-07-04 22:50:32,2026-07-04 23:14:32,Email,Find,Tablet,Edge,Android,/offers
6d8e33e0-b1df-4841-8136-55253c666a33,2026_W27,S23,U12150,2026-07-04 09:50:46,2026-07-04 10:08:46,Google Ads,Election,Tablet,Safari,Windows,/offers
6d8e33e0-b1df-4841-8136-55253c666a33,2026_W27,S24,U23605,2026-07-03 19:58:42,2026-07-03 20:26:42,Instagram,Manager,Mobile,Edge,Windows,/products
6d8e33e0-b1df-4841-8136-55253c666a33,2026_W27,S25,U20372,2026-07-05 07:21:33,2026-07-05 07:27:33,Facebook,Event,Mobile,Edge,Windows,/offers
6d8e33e0-b1df-4841-8136-55253c666a33,2026_W27,S26,U33844,2026-06-29 18:18:44,2026-06-29 18:57:44,Email,Can,Tablet,Safari,Android,/offers
6d8e33e0-b1df-4841-8136-55253c666a33,2026_W27,S27,U34843,2026-07-04 15:31:10,2026-07-04 15:46:10,Direct,Would,Desktop,Firefox,MacOS,/offers
6d8e33e0-b1df-4841-8136-55253c666a33,2026_W27,S28,U4815,2026-07-03 02:54:26,2026-07-03 03:09:26,Instagram,Both,Desktop,Firefox,Windows,/offers
6d8e33e0-b1df-4841-8136-55253c666a33,2026_W27,S29,U6732,2026-07-01 18:47:41,2026-07-01 18:51:41,Instagram,President,Mobile,Firefox,Android,/products
6d8e33e0-b1df-4841-8136-55253c666a33,2026_W27,S30,U3622,2026-07-05 08:57:10,2026-07-05 09:21:10,Email,Quite,Tablet,Safari,Windows,/home
6d8e33e0-b1df-4841-8136-55253c666a33,2026_W27,S31,U8293,2026-07-03 10:43:16,2026-07-03 11:18:16,Direct,Study,Tablet,Safari,Windows,/offers
6d8e33e0-b1df-4841-8136-55253c666a33,2026_W27,S32,U1979,2026-07-04 21:43:01,2026-07-04 22:17:01,Facebook,Against,Tablet,Chrome,Windows,/products
6d8e33e0-b1df-4841-8136-55253c666a33,2026_W27,S33,U8788,2026-07-03 09:27:14,2026-07-03 09:44:14,Facebook,Military,Desktop,Safari,Android,/home
6d8e33e0-b1df-4841-8136-55253c666a33,2026_W27,S34,U4896,2026-07-01 22:54:28,2026-07-01 23:00:28,Direct,Worry,Desktop,Edge,MacOS,/home
6d8e33e0-b1df-4841-8136-55253c666a33,2026_W27,S35,U17658,2026-07-05 06:07:30,2026-07-05 06:43:30,Google Ads,Effort,Mobile,Edge,Windows,/products
6d8e33e0-b1df-4841-8136-55253c666a33,2026_W27,S36,U6230,2026-06-30 12:15:19,2026-06-30 12:18:19,Google Ads,Go,Desktop,Edge,MacOS,/offers
6d8e33e0-b1df-4841-8136-55253c666a33,2026_W27,S37,U23466,2026-07-01 08:02:11,2026-07-01 08:22:11,Instagram,Scientist,Tablet,Firefox,iOS,/home
6d8e33e0-b1df-4841-8136-55253c666a33,2026_W27,S38,U18399,2026-06-30 09:45:36,2026-06-30 10:24:36,Organic,Finally,Tablet,Edge,Windows,/home
6d8e33e0-b1df-4841-8136-55253c666a33,2026_W27,S39,U29923,2026-07-01 10:35:31,2026-07-01 11:12:31,Organic,Represent,Desktop,Edge,Android,/home
6d8e33e0-b1df-4841-8136-55253c666a33,2026_W27,S40,U4386,2026-07-04 17:02:59,2026-07-04 17:40:59,Instagram,Size,Mobile,Safari,MacOS,/offers
6d8e33e0-b1df-4841-8136-55253c666a33,2026_W27,S41,U8989,2026-07-03 06:54:18,2026-07-03 07:19:18,Instagram,Class,Mobile,Edge,Android,/home
6d8e33e0-b1df-4841-8136-55253c666a33,2026_W27,S42,U3144,2026-07-04 23:00:14,2026-07-04 23:11:14,Direct,Amount,Tablet,Safari,Windows,/offers
6d8e33e0-b1df-4841-8136-55253c666a33,2026_W27,S43,U24458,2026-07-04 02:56:04,2026-07-04 03:25:04,Instagram,Political,Desktop,Chrome,Android,/offers
6d8e33e0-b1df-4841-8136-55253c666a33,2026_W27,S44,U28455,2026-07-01 13:36:49,2026-07-01 14:03:49,Organic,Sense,Mobile,Chrome,Windows,/home
6d8e33e0-b1df-4841-8136-55253c666a33,2026_W27,S45,U15184,2026-07-03 06:57:52,2026-07-03 07:33:52,Email,Who,Tablet,Safari,iOS,/offers
6d8e33e0-b1df-4841-8136-55253c666a33,2026_W27,S46,U9594,2026-07-02 02:38:36,2026-07-02 03:16:36,Google Ads,Certain,Desktop,Firefox,Windows,/home
6d8e33e0-b1df-4841-8136-55253c666a33,2026_W27,S47,U19348,2026-06-30 20:09:53,2026-06-30 20:44:53,Facebook,Democrat,Desktop,Chrome,MacOS,/home
6d8e33e0-b1df-4841-8136-55253c666a33,2026_W27,S48,U6152,2026-06-30 21:24:33,2026-06-30 21:46:33,Organic,International,Tablet,Firefox,MacOS,/products
6d8e33e0-b1df-4841-8136-55253c666a33,2026_W27,S49,U11194,2026-07-01 09:28:42,2026-07-01 10:07:42,Direct,Fill,Desktop,Chrome,iOS,/home
6d8e33e0-b1df-4841-8136-55253c666a33,2026_W27,S50,U4622,2026-07-03 05:28:09,2026-07-03 05:50:09,Instagram,Couple,Desktop,Safari,Android,/products
6d8e33e0-b1df-4841-8136-55253c666a33,2026_W27,S51,U8994,2026-07-01 08:04:21,2026-07-01 08:26:21,Facebook,Walk,Mobile,Firefox,Android,/home
6d8e33e0-b1df-4841-8136-55253c666a33,2026_W27,S52,U19133,2026-07-01 13:32:36,2026-07-01 13:48:36,Direct,Here,Desktop,Safari,Android,/products
6d8e33e0-b1df-4841-8136-55253c666a33,2026_W27,S53,U28445,2026-07-02 08:19:56,2026-07-02 08:22:56,Email,Experience,Mobile,Edge,iOS,/products
6d8e33e0-b1df-4841-8136-55253c666a33,2026_W27,S54,U21860,2026-06-30 14:33:29,2026-06-30 14:39:29,Organic,Best,Desktop,Edge,MacOS,/home
6d8e33e0-b1df-4841-8136-55253c666a33,2026_W27,S55,U2107,2026-07-02 23:15:55,2026-07-02 23:28:55,Email,Call,Mobile,Safari,MacOS,/offers
6d8e33e0-b1df-4841-8136-55253c666a33,2026_W27,S56,U21496,2026-07-03 10:01:00,2026-07-03 10:24:00,Organic,Assume,Tablet,Edge,MacOS,/home
6d8e33e0-b1df-4841-8136-55253c666a33,2026_W27,S57,U30590,2026-07-03 04:11:04,2026-07-03 04:20:04,Organic,Research,Desktop,Firefox,Android,/offers
6d8e33e0-b1df-4841-8136-55253c666a33,2026_W27,S58,U2371,2026-06-30 19:08:04,2026-06-30 19:18:04,Organic,Rich,Mobile,Firefox,MacOS,/home
6d8e33e0-b1df-4841-8136-55253c666a33,2026_W27,S59,U23993,2026-07-05 00:52:13,2026-07-05 01:32:13,Organic,Side,Tablet,Safari,iOS,/home
6d8e33e0-b1df-4841-8136-55253c666a33,2026_W27,S60,U7118,2026-07-02 21:22:26,2026-07-02 21:52:26,Instagram,May,Desktop,Edge,Android,/home
6d8e33e0-b1df-4841-8136-55253c666a33,2026_W27,S61,U29427,2026-07-05 04:27:57,2026-07-05 05:02:57,Google Ads,Newspaper,Desktop,Edge,MacOS,/offers
6d8e33e0-b1df-4841-8136-55253c666a33,2026_W27,S62,U12062,2026-07-01 14:53:41,2026-07-01 15:04:41,Google Ads,Sing,Mobile,Chrome,iOS,/offers
6d8e33e0-b1df-4841-8136-55253c666a33,2026_W27,S63,U16550,2026-06-29 12:23:20,2026-06-29 12:52:20,Direct,On,Tablet,Firefox,MacOS,/offers
6d8e33e0-b1df-4841-8136-55253c666a33,2026_W27,S64,U4681,2026-07-02 04:20:16,2026-07-02 04:25:16,Facebook,Time,Mobile,Safari,Android,/products
6d8e33e0-b1df-4841-8136-55253c666a33,2026_W27,S65,U24199,2026-07-02 16:00:54,2026-07-02 16:22:54,Direct,Us,Desktop,Firefox,iOS,/offers
6d8e33e0-b1df-4841-8136-55253c666a33,2026_W27,S66,U13214,2026-07-01 12:15:40,2026-07-01 12:45:40,Direct,Old,Desktop,Chrome,iOS,/home
6d8e33e0-b1df-4841-8136-55253c666a33,2026_W27,S67,U3785,2026-07-03 13:54:44,2026-07-03 14:15:44,Direct,Outside,Mobile,Firefox,MacOS,/offers
6d8e33e0-b1df-4841-8136-55253c666a33,2026_W27,S68,U15048,2026-06-30 21:25:00,2026-06-30 21:32:00,Google Ads,Often,Mobile,Chrome,iOS,/home
6d8e33e0-b1df-4841-8136-55253c666a33,2026_W27,S69,U6297,2026-07-02 09:02:47,2026-07-02 09:11:47,Google Ads,Word,Mobile,Edge,iOS,/offers
6d8e33e0-b1df-4841-8136-55253c666a33,2026_W27,S70,U19432,2026-06-29 21:51:07,2026-06-29 22:14:07,Google Ads,Current,Desktop,Edge,Android,/offers
6d8e33e0-b1df-4841-8136-55253c666a33,2026_W27,S71,U14445,2026-06-29 09:22:10,2026-06-29 09:39:10,Facebook,Parent,Desktop,Edge,Windows,/products
6d8e33e0-b1df-4841-8136-55253c666a33,2026_W27,S72,U13846,2026-07-03 22:02:08,2026-07-03 22:40:08,Email,Provide,Mobile,Safari,iOS,/home
6d8e33e0-b1df-4841-8136-55253c666a33,2026_W27,S73,U6971,2026-07-01 07:36:48,2026-07-01 07:59:48,Google Ads,Simple,Desktop,Firefox,iOS,/products
6d8e33e0-b1df-4841-8136-55253c666a33,2026_W27,S74,U9734,2026-06-29 18:09:07,2026-06-29 18:19:07,Google Ads,Rock,Desktop,Chrome,Android,/products
6d8e33e0-b1df-4841-8136-55253c666a33,2026_W27,S75,U33029,2026-07-02 19:59:15,2026-07-02 20:16:15,Google Ads,Local,Mobile,Firefox,iOS,/products
6d8e33e0-b1df-4841-8136-55253c666a33,2026_W27,S76,U28278,2026-07-01 20:38:47,2026-07-01 21:09:47,Direct,School,Desktop,Chrome,MacOS,/products
6d8e33e0-b1df-4841-8136-55253c666a33,2026_W27,S77,U33600,2026-07-01 13:03:45,2026-07-01 13:15:45,Facebook,Local,Tablet,Edge,iOS,/offers
6d8e33e0-b1df-4841-8136-55253c666a33,2026_W27,S78,U30573,2026-07-03 19:16:13,2026-07-03 19:35:13,Direct,Second,Mobile,Chrome,Windows,/products
6d8e33e0-b1df-4841-8136-55253c666a33,2026_W27,S79,U26422,2026-07-04 18:36:15,2026-07-04 18:40:15,Direct,Heart,Desktop,Edge,MacOS,/home
6d8e33e0-b1df-4841-8136-55253c666a33,2026_W27,S80,U14921,2026-07-02 01:43:28,2026-07-02 02:07:28,Instagram,Former,Tablet,Firefox,Android,/home
6d8e33e0-b1df-4841-8136-55253c666a33,2026_W27,S81,U1458,2026-07-03 20:11:33,2026-07-03 20:20:33,Email,Travel,Tablet,Chrome,Android,/home
6d8e33e0-b1df-4841-8136-55253c666a33,2026_W27,S82,U27983,2026-07-05 04:19:32,2026-07-05 04:29:32,Instagram,Democrat,Tablet,Chrome,Android,/offers
6d8e33e0-b1df-4841-8136-55253c666a33,2026_W27,S83,U13950,2026-07-02 14:13:51,2026-07-02 14:35:51,Facebook,High,Desktop,Firefox,Windows,/products
6d8e33e0-b1df-4841-8136-55253c666a33,2026_W27,S84,U1814,2026-07-05 00:35:11,2026-07-05 00:42:11,Facebook,Sort,Mobile,Edge,MacOS,/home
6d8e33e0-b1df-4841-8136-55253c666a33,2026_W27,S85,U13088,2026-07-02 16:52:21,2026-07-02 17:23:21,Direct,To,Tablet,Firefox,iOS,/products
6d8e33e0-b1df-4841-8136-55253c666a33,2026_W27,S86,U1133,2026-07-02 04:16:58,2026-07-02 04:56:58,Instagram,Put,Desktop,Edge,MacOS,/products
6d8e33e0-b1df-4841-8136-55253c666a33,2026_W27,S87,U33732,2026-06-30 03:32:34,2026-06-30 04:09:34,Instagram,Former,Mobile,Edge,MacOS,/offers
6d8e33e0-b1df-4841-8136-55253c666a33,2026_W27,S88,U27524,2026-07-02 16:26:30,2026-07-02 16:29:30,Organic,Security,Mobile,Chrome,Android,/products
6d8e33e0-b1df-4841-8136-55253c666a33,2026_W27,S89,U5467,2026-07-04 17:09:08,2026-07-04 17:29:08,Organic,Institution,Mobile,Edge,Android,/home
6d8e33e0-b1df-4841-8136-55253c666a33,2026_W27,S90,U26518,2026-07-01 17:58:34,2026-07-01 18:04:34,Direct,Else,Mobile,Chrome,iOS,/offers
6d8e33e0-b1df-4841-8136-55253c666a33,2026_W27,S91,U7210,2026-06-30 12:03:37,2026-06-30 12:37:37,Email,Friend,Mobile,Edge,Windows,/home
6d8e33e0-b1df-4841-8136-55253c666a33,2026_W27,S92,U5753,2026-07-03 14:29:52,2026-07-03 14:36:52,Google Ads,Offer,Mobile,Firefox,MacOS,/home
6d8e33e0-b1df-4841-8136-55253c666a33,2026_W27,S93,U13718,2026-07-04 18:43:53,2026-07-04 19:15:53,Instagram,Final,Mobile,Safari,iOS,/offers
6d8e33e0-b1df-4841-8136-55253c666a33,2026_W27,S94,U18035,2026-07-02 10:59:56,2026-07-02 11:01:56,Direct,Actually,Tablet,Chrome,MacOS,/offers
6d8e33e0-b1df-4841-8136-55253c666a33,2026_W27,S95,U31224,2026-07-03 23:09:36,2026-07-03 23:18:36,Facebook,Know,Tablet,Safari,Android,/offers
6d8e33e0-b1df-4841-8136-55253c666a33,2026_W27,S96,U13589,2026-07-03 19:02:50,2026-07-03 19:09:50,Facebook,Toward,Tablet,Chrome,Windows,/products
6d8e33e0-b1df-4841-8136-55253c666a33,2026_W27,S97,U15845,2026-07-05 01:51:09,2026-07-05 02:11:09,Facebook,Garden,Tablet,Chrome,Windows,/products
6d8e33e0-b1df-4841-8136-55253c666a33,2026_W27,S98,U4824,2026-07-04 22:40:03,2026-07-04 23:02:03,Google Ads,Gun,Mobile,Safari,Android,/products
6d8e33e0-b1df-4841-8136-55253c666a33,2026_W27,S99,U23869,2026-07-04 00:25:05,2026-07-04 00:49:05,Organic,Safe,Mobile,Chrome,Android,/products
6d8e33e0-b1df-4841-8136-55253c666a33,2026_W27,S100,U33413,2026-06-30 23:22:47,2026-06-30 23:59:47,Instagram,Political,Desktop,Safari,iOS,/home
6d8e33e0-b1df-4841-8136-55253c666a33,2026_W27,S101,U5487,2026-07-04 03:45:28,2026-07-04 03:59:28,Email,Live,Tablet,Firefox,MacOS,/offers
6d8e33e0-b1df-4841-8136-55253c666a33,2026_W27,S102,U28278,2026-07-03 22:58:08,2026-07-03 23:06:08,Direct,Still,Mobile,Firefox,Android,/products
6d8e33e0-b1df-4841-8136-55253c666a33,2026_W27,S103,U19652,2026-07-03 22:18:41,2026-07-03 22:45:41,Facebook,North,Tablet,Edge,Windows,/offers
6d8e33e0-b1df-4841-8136-55253c666a33,2026_W27,S104,U25452,2026-07-05 02:40:46,2026-07-05 02:43:46,Organic,Control,Mobile,Safari,iOS,/products
6d8e33e0-b1df-4841-8136-55253c666a33,2026_W27,S105,U26763,2026-07-02 14:30:19,2026-07-02 15:07:19,Email,Reveal,Desktop,Firefox,Android,/offers
6d8e33e0-b1df-4841-8136-55253c666a33,2026_W27,S106,U32665,2026-06-30 05:58:29,2026-06-30 06:07:29,Google Ads,Girl,Mobile,Firefox,Windows,/offers
6d8e33e0-b1df-4841-8136-55253c666a33,2026_W27,S107,U6799,2026-06-29 22:15:35,2026-06-29 22:44:35,Email,Simple,Mobile,Firefox,Android,/products
6d8e33e0-b1df-4841-8136-55253c666a33,2026_W27,S108,U2711,2026-06-30 11:30:10,2026-06-30 12:10:10,Facebook,Brother,Desktop,Chrome,Android,/home
6d8e33e0-b1df-4841-8136-55253c666a33,2026_W27,S109,U9120,2026-07-02 03:46:57,2026-07-02 04:03:57,Google Ads,Market,Tablet,Chrome,Windows,/offers
6d8e33e0-b1df-4841-8136-55253c666a33,2026_W27,S110,U29298,2026-07-04 09:19:25,2026-07-04 09:49:25,Email,Someone,Mobile,Chrome,MacOS,/offers
6d8e33e0-b1df-4841-8136-55253c666a33,2026_W27,S111,U27890,2026-07-03 17:41:00,2026-07-03 18:09:00,Organic,Between,Tablet,Safari,Android,/offers
6d8e33e0-b1df-4841-8136-55253c666a33,2026_W27,S112,U9076,2026-06-29 18:11:41,2026-06-29 18:16:41,Direct,Here,Mobile,Firefox,Android,/products
6d8e33e0-b1df-4841-8136-55253c666a33,2026_W27,S113,U2348,2026-07-04 14:27:16,2026-07-04 15:07:16,Organic,Medical,Tablet,Chrome,MacOS,/home
6d8e33e0-b1df-4841-8136-55253c666a33,2026_W27,S114,U21418,2026-07-01 12:52:54,2026-07-01 13:14:54,Email,Choice,Tablet,Chrome,Android,/offers
6d8e33e0-b1df-4841-8136-55253c666a33,2026_W27,S115,U9704,2026-07-03 12:20:16,2026-07-03 12:42:16,Direct,Should,Tablet,Safari,MacOS,/home
6d8e33e0-b1df-4841-8136-55253c666a33,2026_W27,S116,U1079,2026-07-01 06:18:16,2026-07-01 06:20:16,Google Ads,Level,Desktop,Edge,iOS,/home
6d8e33e0-b1df-4841-8136-55253c666a33,2026_W27,S117,U30653,2026-06-30 17:58:30,2026-06-30 18:03:30,Google Ads,Little,Tablet,Safari,Android,/offers
6d8e33e0-b1df-4841-8136-55253c666a33,2026_W27,S118,U30682,2026-07-03 01:48:22,2026-07-03 02:03:22,Instagram,Worker,Desktop,Chrome,iOS,/home
6d8e33e0-b1df-4841-8136-55253c666a33,2026_W27,S119,U13569,2026-07-02 17:26:54,2026-07-02 17:33:54,Facebook,Fine,Desktop,Edge,MacOS,/home
6d8e33e0-b1df-4841-8136-55253c666a33,2026_W27,S120,U2609,2026-07-02 10:03:23,2026-07-02 10:24:23,Email,Crime,Desktop,Safari,Windows,/home
6d8e33e0-b1df-4841-8136-55253c666a33,2026_W27,S121,U6270,2026-07-03 09:37:43,2026-07-03 10:08:43,Instagram,Different,Mobile,Edge,Windows,/offers
6d8e33e0-b1df-4841-8136-55253c666a33,2026_W27,S122,U12308,2026-07-02 08:41:29,2026-07-02 08:43:29,Facebook,Give,Mobile,Safari,MacOS,/products
6d8e33e0-b1df-4841-8136-55253c666a33,2026_W27,S123,U27267,2026-07-04 07:24:36,2026-07-04 08:03:36,Organic,Collection,Mobile,Firefox,Android,/products
6d8e33e0-b1df-4841-8136-55253c666a33,2026_W27,S124,U14078,2026-07-01 15:00:31,2026-07-01 15:35:31,Facebook,Moment,Desktop,Firefox,iOS,/home
6d8e33e0-b1df-4841-8136-55253c666a33,2026_W27,S125,U12231,2026-07-01 20:57:53,2026-07-01 21:30:53,Instagram,Who,Mobile,Edge,MacOS,/products
6d8e33e0-b1df-4841-8136-55253c666a33,2026_W27,S126,U5783,2026-07-04 12:42:42,2026-07-04 13:12:42,Email,Four,Tablet,Chrome,MacOS,/products
6d8e33e0-b1df-4841-8136-55253c666a33,2026_W27,S127,U26336,2026-07-05 02:37:32,2026-07-05 02:41:32,Google Ads,Realize,Desktop,Firefox,Android,/home
6d8e33e0-b1df-4841-8136-55253c666a33,2026_W27,S128,U22452,2026-06-30 03:13:50,2026-06-30 03:24:50,Facebook,Research,Desktop,Safari,iOS,/products
6d8e33e0-b1df-4841-8136-55253c666a33,2026_W27,S129,U25017,2026-06-30 12:10:02,2026-06-30 12:48:02,Facebook,Wear,Mobile,Edge,Windows,/offers
6d8e33e0-b1df-4841-8136-55253c666a33,2026_W27,S130,U3818,2026-07-05 08:44:35,2026-07-05 09:05:35,Google Ads,Every,Desktop,Safari,Windows,/home
6d8e33e0-b1df-4841-8136-55253c666a33,2026_W27,S131,U33681,2026-07-02 05:18:30,2026-07-02 05:20:30,Email,Fear,Desktop,Safari,MacOS,/home
6d8e33e0-b1df-4841-8136-55253c666a33,2026_W27,S132,U26252,2026-07-01 19:38:03,2026-07-01 19:59:03,Google Ads,Provide,Mobile,Safari,MacOS,/products
6d8e33e0-b1df-4841-8136-55253c666a33,2026_W27,S133,U8407,2026-07-01 15:58:17,2026-07-01 15:59:17,Organic,Artist,Mobile,Firefox,iOS,/products
6d8e33e0-b1df-4841-8136-55253c666a33,2026_W27,S134,U7074,2026-06-30 20:41:07,2026-06-30 21:19:07,Email,Opportunity,Tablet,Safari,Windows,/home
6d8e33e0-b1df-4841-8136-55253c666a33,2026_W27,S135,U10576,2026-06-29 10:34:23,2026-06-29 11:14:23,Email,Give,Tablet,Safari,MacOS,/offers
6d8e33e0-b1df-4841-8136-55253c666a33,2026_W27,S136,U4641,2026-07-04 02:46:50,2026-07-04 03:10:50,Organic,Air,Mobile,Safari,Windows,/products
6d8e33e0-b1df-4841-8136-55253c666a33,2026_W27,S137,U28365,2026-07-03 11:26:47,2026-07-03 11:45:47,Direct,Add,Desktop,Firefox,Android,/offers
6d8e33e0-b1df-4841-8136-55253c666a33,2026_W27,S138,U21055,2026-07-03 09:41:25,2026-07-03 10:00:25,Google Ads,Former,Mobile,Edge,iOS,/offers
6d8e33e0-b1df-4841-8136-55253c666a33,2026_W27,S139,U19129,2026-06-29 23:39:58,2026-06-30 00:17:58,Organic,Success,Tablet,Firefox,MacOS,/home
6d8e33e0-b1df-4841-8136-55253c666a33,2026_W27,S140,U20967,2026-07-02 00:42:16,2026-07-02 01:20:16,Direct,Usually,Desktop,Edge,Android,/products
6d8e33e0-b1df-4841-8136-55253c666a33,2026_W27,S141,U19547,2026-07-04 16:59:39,2026-07-04 17:22:39,Email,Pressure,Tablet,Chrome,MacOS,/products
6d8e33e0-b1df-4841-8136-55253c666a33,2026_W27,S142,U17739,2026-07-01 13:21:52,2026-07-01 13:32:52,Instagram,Every,Tablet,Edge,MacOS,/products
6d8e33e0-b1df-4841-8136-55253c666a33,2026_W27,S143,U16731,2026-07-05 03:38:15,2026-07-05 04:08:15,Google Ads,Control,Mobile,Edge,MacOS,/home
6d8e33e0-b1df-4841-8136-55253c666a33,2026_W27,S144,U29590,2026-06-30 06:07:34,2026-06-30 06:20:34,Facebook,Think,Tablet,Safari,Windows,/home
6d8e33e0-b1df-4841-8136-55253c666a33,2026_W27,S145,U1264,2026-07-03 20:39:12,2026-07-03 20:49:12,Facebook,Choose,Tablet,Chrome,MacOS,/home
6d8e33e0-b1df-4841-8136-55253c666a33,2026_W27,S146,U21321,2026-06-30 01:59:30,2026-06-30 02:08:30,Organic,Be,Tablet,Chrome,iOS,/home
6d8e33e0-b1df-4841-8136-55253c666a33,2026_W27,S147,U22056,2026-06-30 21:28:04,2026-06-30 22:05:04,Facebook,Hot,Tablet,Chrome,iOS,/home
6d8e33e0-b1df-4841-8136-55253c666a33,2026_W27,S148,U22719,2026-07-02 11:26:59,2026-07-02 11:32:59,Instagram,Place,Tablet,Edge,MacOS,/offers
6d8e33e0-b1df-4841-8136-55253c666a33,2026_W27,S149,U1971,2026-07-01 15:08:38,2026-07-01 15:43:38,Direct,Democrat,Tablet,Safari,iOS,/products
6d8e33e0-b1df-4841-8136-55253c666a33,2026_W27,S150,U15120,2026-07-02 10:52:19,2026-07-02 11:14:19,Instagram,President,Tablet,Edge,iOS,/products
6d8e33e0-b1df-4841-8136-55253c666a33,2026_W27,S151,U31395,2026-07-04 21:02:24,2026-07-04 21:37:24,Facebook,Thus,Desktop,Safari,iOS,/home
6d8e33e0-b1df-4841-8136-55253c666a33,2026_W27,S152,U32711,2026-06-30 09:58:51,2026-06-30 10:09:51,Organic,Writer,Desktop,Edge,iOS,/home
6d8e33e0-b1df-4841-8136-55253c666a33,2026_W27,S153,U30661,2026-07-05 08:14:33,2026-07-05 08:25:33,Email,Staff,Mobile,Edge,Windows,/home
6d8e33e0-b1df-4841-8136-55253c666a33,2026_W27,S154,U32884,2026-07-03 18:34:07,2026-07-03 18:51:07,Instagram,Close,Tablet,Edge,iOS,/home
6d8e33e0-b1df-4841-8136-55253c666a33,2026_W27,S155,U2218,2026-06-29 09:36:12,2026-06-29 09:49:12,Instagram,Firm,Tablet,Safari,iOS,/offers
6d8e33e0-b1df-4841-8136-55253c666a33,2026_W27,S156,U30136,2026-07-02 16:36:12,2026-07-02 17:03:12,Instagram,Significant,Mobile,Chrome,MacOS,/products
6d8e33e0-b1df-4841-8136-55253c666a33,2026_W27,S157,U3255,2026-07-02 04:44:13,2026-07-02 05:14:13,Google Ads,Within,Mobile,Firefox,MacOS,/home
6d8e33e0-b1df-4841-8136-55253c666a33,2026_W27,S158,U21656,2026-06-29 11:50:01,2026-06-29 12:28:01,Instagram,Land,Mobile,Chrome,MacOS,/products
6d8e33e0-b1df-4841-8136-55253c666a33,2026_W27,S159,U10708,2026-07-03 14:38:30,2026-07-03 14:39:30,Facebook,Positive,Mobile,Edge,Android,/products
6d8e33e0-b1df-4841-8136-55253c666a33,2026_W27,S160,U1387,2026-07-03 06:28:30,2026-07-03 06:34:30,Email,Leave,Tablet,Safari,Android,/home
6d8e33e0-b1df-4841-8136-55253c666a33,2026_W27,S161,U26785,2026-07-01 08:49:57,2026-07-01 09:11:57,Organic,Father,Mobile,Chrome,iOS,/offers
6d8e33e0-b1df-4841-8136-55253c666a33,2026_W27,S162,U31621,2026-06-29 09:39:24,2026-06-29 09:52:24,Google Ads,Fly,Desktop,Safari,Windows,/home
6d8e33e0-b1df-4841-8136-55253c666a33,2026_W27,S163,U34529,2026-06-29 09:38:31,2026-06-29 10:01:31,Direct,Nearly,Tablet,Safari,Windows,/products
6d8e33e0-b1df-4841-8136-55253c666a33,2026_W27,S164,U10647,2026-07-04 13:45:52,2026-07-04 14:13:52,Direct,Apply,Tablet,Edge,iOS,/home
6d8e33e0-b1df-4841-8136-55253c666a33,2026_W27,S165,U29623,2026-07-05 07:29:59,2026-07-05 08:09:59,Email,Use,Tablet,Edge,iOS,/home
6d8e33e0-b1df-4841-8136-55253c666a33,2026_W27,S166,U3168,2026-07-05 02:09:18,2026-07-05 02:27:18,Organic,Worry,Tablet,Firefox,Windows,/offers
6d8e33e0-b1df-4841-8136-55253c666a33,2026_W27,S167,U34853,2026-07-04 09:57:01,2026-07-04 10:00:01,Direct,Administration,Mobile,Chrome,iOS,/products
6d8e33e0-b1df-4841-8136-55253c666a33,2026_W27,S168,U12234,2026-07-02 07:43:30,2026-07-02 08:21:30,Instagram,Contain,Tablet,Safari,MacOS,/products
6d8e33e0-b1df-4841-8136-55253c666a33,2026_W27,S169,U810,2026-07-05 00:44:03,2026-07-05 01:14:03,Instagram,Stop,Tablet,Edge,iOS,/offers
6d8e33e0-b1df-4841-8136-55253c666a33,2026_W27,S170,U7163,2026-06-30 01:26:32,2026-06-30 01:54:32,Google Ads,Establish,Desktop,Edge,Android,/offers
6d8e33e0-b1df-4841-8136-55253c666a33,2026_W27,S171,U24073,2026-06-30 03:34:43,2026-06-30 04:09:43,Direct,Amount,Mobile,Firefox,MacOS,/offers
6d8e33e0-b1df-4841-8136-55253c666a33,2026_W27,S172,U4447,2026-06-29 21:15:47,2026-06-29 21:36:47,Organic,Story,Desktop,Chrome,MacOS,/products
6d8e33e0-b1df-4841-8136-55253c666a33,2026_W27,S173,U34577,2026-07-02 12:06:21,2026-07-02 12:24:21,Google Ads,Store,Tablet,Chrome,Windows,/home
6d8e33e0-b1df-4841-8136-55253c666a33,2026_W27,S174,U27542,2026-07-02 22:17:23,2026-07-02 22:18:23,Instagram,Support,Mobile,Firefox,Android,/home
6d8e33e0-b1df-4841-8136-55253c666a33,2026_W27,S175,U13680,2026-06-30 21:55:42,2026-06-30 22:31:42,Direct,Quickly,Tablet,Safari,MacOS,/home
6d8e33e0-b1df-4841-8136-55253c666a33,2026_W27,S176,U27753,2026-07-03 06:35:42,2026-07-03 06:53:42,Direct,Save,Desktop,Chrome,Android,/products
6d8e33e0-b1df-4841-8136-55253c666a33,2026_W27,S177,U20280,2026-06-29 23:26:18,2026-06-29 23:32:18,Instagram,He,Mobile,Safari,Windows,/offers
6d8e33e0-b1df-4841-8136-55253c666a33,2026_W27,S178,U17629,2026-07-05 01:01:40,2026-07-05 01:14:40,Email,Remain,Tablet,Edge,Android,/offers
6d8e33e0-b1df-4841-8136-55253c666a33,2026_W27,S179,U21559,2026-07-05 07:51:24,2026-07-05 07:52:24,Facebook,Because,Desktop,Edge,Android,/products
6d8e33e0-b1df-4841-8136-55253c666a33,2026_W27,S180,U8598,2026-06-30 01:15:14,2026-06-30 01:49:14,Google Ads,Or,Tablet,Safari,Windows,/offers
6d8e33e0-b1df-4841-8136-55253c666a33,2026_W27,S181,U33568,2026-06-30 14:35:12,2026-06-30 15:06:12,Email,Tv,Mobile,Firefox,iOS,/home
6d8e33e0-b1df-4841-8136-55253c666a33,2026_W27,S182,U1263,2026-07-01 11:53:12,2026-07-01 12:20:12,Instagram,Suffer,Desktop,Edge,Android,/offers
6d8e33e0-b1df-4841-8136-55253c666a33,2026_W27,S183,U7919,2026-06-30 04:56:07,2026-06-30 05:24:07,Facebook,Answer,Tablet,Chrome,Windows,/offers
6d8e33e0-b1df-4841-8136-55253c666a33,2026_W27,S184,U23747,2026-07-04 23:22:33,2026-07-04 23:40:33,Instagram,Operation,Desktop,Chrome,iOS,/products
6d8e33e0-b1df-4841-8136-55253c666a33,2026_W27,S185,U34516,2026-07-03 14:55:22,2026-07-03 15:02:22,Organic,Already,Mobile,Chrome,Android,/home
6d8e33e0-b1df-4841-8136-55253c666a33,2026_W27,S186,U11205,2026-07-04 18:06:48,2026-07-04 18:26:48,Email,Blood,Mobile,Firefox,Android,/offers
6d8e33e0-b1df-4841-8136-55253c666a33,2026_W27,S187,U1186,2026-07-04 20:00:39,2026-07-04 20:37:39,Facebook,Note,Tablet,Safari,MacOS,/products
6d8e33e0-b1df-4841-8136-55253c666a33,2026_W27,S188,U22739,2026-07-01 12:34:57,2026-07-01 13:08:57,Google Ads,Role,Tablet,Firefox,Windows,/offers
6d8e33e0-b1df-4841-8136-55253c666a33,2026_W27,S189,U18233,2026-07-03 21:16:24,2026-07-03 21:49:24,Facebook,Total,Tablet,Firefox,MacOS,/home
6d8e33e0-b1df-4841-8136-55253c666a33,2026_W27,S190,U30391,2026-07-01 05:11:52,2026-07-01 05:18:52,Organic,High,Mobile,Firefox,Windows,/home
6d8e33e0-b1df-4841-8136-55253c666a33,2026_W27,S191,U13273,2026-07-04 15:17:49,2026-07-04 15:19:49,Direct,Medical,Tablet,Chrome,Android,/products
6d8e33e0-b1df-4841-8136-55253c666a33,2026_W27,S192,U20407,2026-06-30 00:26:16,2026-06-30 00:32:16,Email,Computer,Tablet,Edge,Android,/home
6d8e33e0-b1df-4841-8136-55253c666a33,2026_W27,S193,U1142,2026-07-01 19:49:45,2026-07-01 19:55:45,Facebook,Account,Mobile,Safari,MacOS,/home
6d8e33e0-b1df-4841-8136-55253c666a33,2026_W27,S194,U10751,2026-07-04 18:38:31,2026-07-04 18:52:31,Organic,Face,Tablet,Edge,Windows,/products
6d8e33e0-b1df-4841-8136-55253c666a33,2026_W27,S195,U23582,2026-07-04 04:55:56,2026-07-04 05:26:56,Facebook,Low,Tablet,Chrome,MacOS,/offers
6d8e33e0-b1df-4841-8136-55253c666a33,2026_W27,S196,U21151,2026-06-29 17:41:26,2026-06-29 17:44:26,Email,Paper,Desktop,Firefox,Android,/products
6d8e33e0-b1df-4841-8136-55253c666a33,2026_W27,S197,U27419,2026-07-03 05:26:39,2026-07-03 05:51:39,Direct,Call,Tablet,Firefox,Windows,/home
6d8e33e0-b1df-4841-8136-55253c666a33,2026_W27,S198,U4912,2026-07-04 23:33:47,2026-07-04 23:56:47,Google Ads,Commercial,Desktop,Edge,Android,/offers
6d8e33e0-b1df-4841-8136-55253c666a33,2026_W27,S199,U7358,2026-07-01 06:57:14,2026-07-01 07:01:14,Instagram,Shake,Tablet,Firefox,Android,/home
6d8e33e0-b1df-4841-8136-55253c666a33,2026_W27,S200,U26850,2026-07-01 20:49:31,2026-07-01 21:14:31,Facebook,Fight,Desktop,Chrome,Android,/home
6d8e33e0-b1df-4841-8136-55253c666a33,2026_W27,S201,U18382,2026-07-04 14:20:07,2026-07-04 14:21:07,Organic,Magazine,Mobile,Firefox,iOS,/products
6d8e33e0-b1df-4841-8136-55253c666a33,2026_W27,S202,U14867,2026-07-02 03:22:06,2026-07-02 03:40:06,Organic,Middle,Desktop,Safari,iOS,/home
6d8e33e0-b1df-4841-8136-55253c666a33,2026_W27,S203,U17725,2026-07-05 04:59:37,2026-07-05 05:17:37,Email,Beat,Mobile,Safari,Windows,/products
6d8e33e0-b1df-4841-8136-55253c666a33,2026_W27,S204,U18875,2026-07-03 15:01:09,2026-07-03 15:16:09,Google Ads,Its,Mobile,Safari,iOS,/products
6d8e33e0-b1df-4841-8136-55253c666a33,2026_W27,S205,U14401,2026-06-30 05:09:46,2026-06-30 05:34:46,Organic,Listen,Tablet,Edge,MacOS,/products
6d8e33e0-b1df-4841-8136-55253c666a33,2026_W27,S206,U3440,2026-07-03 15:37:06,2026-07-03 16:06:06,Organic,Authority,Mobile,Firefox,MacOS,/offers
6d8e33e0-b1df-4841-8136-55253c666a33,2026_W27,S207,U2803,2026-06-29 12:31:08,2026-06-29 13:02:08,Instagram,Deep,Mobile,Chrome,Android,/home
6d8e33e0-b1df-4841-8136-55253c666a33,2026_W27,S208,U8694,2026-07-01 22:02:09,2026-07-01 22:40:09,Google Ads,People,Desktop,Firefox,Windows,/products
6d8e33e0-b1df-4841-8136-55253c666a33,2026_W27,S209,U10669,2026-06-30 22:39:46,2026-06-30 23:03:46,Google Ads,Fine,Desktop,Chrome,MacOS,/products
6d8e33e0-b1df-4841-8136-55253c666a33,2026_W27,S210,U26682,2026-07-04 18:37:25,2026-07-04 18:48:25,Instagram,Case,Mobile,Edge,Android,/home
6d8e33e0-b1df-4841-8136-55253c666a33,2026_W27,S211,U21045,2026-07-04 03:04:15,2026-07-04 03:06:15,Organic,,Desktop,Edge,iOS,/products
6d8e33e0-b1df-4841-8136-55253c666a33,2026_W27,S212,U33211,2026-07-02 21:57:13,2026-07-02 22:20:13,Instagram,Day,Mobile,Safari,Windows,/home
6d8e33e0-b1df-4841-8136-55253c666a33,2026_W27,S213,U1475,2026-07-02 10:43:58,2026-07-02 11:19:58,Google Ads,Only,Mobile,Edge,Windows,/offers
6d8e33e0-b1df-4841-8136-55253c666a33,2026_W27,S214,U29037,2026-06-30 22:08:45,2026-06-30 22:17:45,Direct,Case,Desktop,Chrome,MacOS,/home
6d8e33e0-b1df-4841-8136-55253c666a33,2026_W27,S215,U31715,2026-07-02 03:05:23,2026-07-02 03:41:23,Instagram,Challenge,Mobile,Firefox,Windows,/products
6d8e33e0-b1df-4841-8136-55253c666a33,2026_W27,S216,U24259,2026-06-30 09:38:58,2026-06-30 09:54:58,Direct,Attention,Tablet,Chrome,MacOS,/products
6d8e33e0-b1df-4841-8136-55253c666a33,2026_W27,S217,U4011,2026-07-04 00:29:04,2026-07-04 00:31:04,Instagram,Adult,Tablet,Firefox,Windows,/home
6d8e33e0-b1df-4841-8136-55253c666a33,2026_W27,S218,U18460,2026-07-05 05:34:05,2026-07-05 06:05:05,Email,Decide,Tablet,Chrome,Android,/products
6d8e33e0-b1df-4841-8136-55253c666a33,2026_W27,S219,U10749,2026-07-04 04:29:57,2026-07-04 04:50:57,Google Ads,Much,Desktop,Chrome,iOS,/offers
6d8e33e0-b1df-4841-8136-55253c666a33,2026_W27,S220,U21165,2026-07-02 03:48:08,2026-07-02 04:10:08,Instagram,Recently,Mobile,Safari,Windows,/products
6d8e33e0-b1df-4841-8136-55253c666a33,2026_W27,S221,U2000,2026-06-30 12:36:38,2026-06-30 12:57:38,Email,Everyone,Mobile,Edge,iOS,/home
6d8e33e0-b1df-4841-8136-55253c666a33,2026_W27,S222,U10955,2026-07-03 04:21:21,2026-07-03 04:39:21,Direct,Medical,Tablet,Firefox,MacOS,/offers
6d8e33e0-b1df-4841-8136-55253c666a33,2026_W27,S223,U18619,2026-07-05 05:41:43,2026-07-05 06:09:43,Google Ads,Reach,Desktop,Edge,MacOS,/products
6d8e33e0-b1df-4841-8136-55253c666a33,2026_W27,S224,U6771,2026-06-30 07:51:39,2026-06-30 08:30:39,Email,Myself,Desktop,Chrome,Android,/products
6d8e33e0-b1df-4841-8136-55253c666a33,2026_W27,S225,U1797,2026-06-29 18:53:00,2026-06-29 19:10:00,Google Ads,Trip,Desktop,Safari,iOS,/offers
6d8e33e0-b1df-4841-8136-55253c666a33,2026_W27,S226,U628,2026-07-01 23:37:46,2026-07-02 00:06:46,Google Ads,Ahead,Mobile,Firefox,iOS,/home
6d8e33e0-b1df-4841-8136-55253c666a33,2026_W27,S227,U20851,2026-07-02 06:56:21,2026-07-02 07:06:21,Direct,Culture,Mobile,Firefox,Android,/offers
6d8e33e0-b1df-4841-8136-55253c666a33,2026_W27,S228,U22205,2026-07-04 12:10:35,2026-07-04 12:49:35,Google Ads,Main,Desktop,Safari,MacOS,/products
6d8e33e0-b1df-4841-8136-55253c666a33,2026_W27,S229,U13105,2026-06-30 03:18:58,2026-06-30 03:38:58,Instagram,Style,Mobile,Safari,Android,/home
6d8e33e0-b1df-4841-8136-55253c666a33,2026_W27,S230,U34091,2026-07-04 19:09:22,2026-07-04 19:26:22,Email,Nothing,Mobile,Firefox,Windows,/offers
6d8e33e0-b1df-4841-8136-55253c666a33,2026_W27,S231,U23642,2026-07-03 15:31:28,2026-07-03 16:11:28,Google Ads,Sport,Desktop,Edge,MacOS,/home
6d8e33e0-b1df-4841-8136-55253c666a33,2026_W27,S232,U13805,2026-06-30 12:37:11,2026-06-30 13:15:11,Facebook,Plant,Desktop,Chrome,iOS,/offers
6d8e33e0-b1df-4841-8136-55253c666a33,2026_W27,S233,U11685,2026-06-29 19:58:41,2026-06-29 20:13:41,Organic,Individual,Mobile,Chrome,MacOS,/products
6d8e33e0-b1df-4841-8136-55253c666a33,2026_W27,S234,U26102,2026-06-30 16:51:33,2026-06-30 16:58:33,Google Ads,Per,Mobile,Safari,MacOS,/home
6d8e33e0-b1df-4841-8136-55253c666a33,2026_W27,S235,U15269,2026-06-30 13:31:57,2026-06-30 13:33:57,Direct,All,Desktop,Chrome,Android,/home
6d8e33e0-b1df-4841-8136-55253c666a33,2026_W27,S236,U23231,2026-06-29 16:07:28,2026-06-29 16:13:28,Instagram,Will,Tablet,Safari,iOS,/products
6d8e33e0-b1df-4841-8136-55253c666a33,2026_W27,S237,U10314,2026-06-30 20:02:21,2026-06-30 20:25:21,Email,Start,Desktop,Safari,iOS,/home
6d8e33e0-b1df-4841-8136-55253c666a33,2026_W27,S238,U18456,2026-07-02 21:57:28,2026-07-02 22:16:28,Direct,Sea,Desktop,Safari,Windows,/home
6d8e33e0-b1df-4841-8136-55253c666a33,2026_W27,S239,U32240,2026-07-02 23:56:55,2026-07-03 00:27:55,Organic,Develop,Mobile,Chrome,Windows,/offers
6d8e33e0-b1df-4841-8136-55253c666a33,2026_W27,S240,U26637,2026-07-04 15:43:39,2026-07-04 16:06:39,Email,Write,Mobile,Edge,MacOS,/products
6d8e33e0-b1df-4841-8136-55253c666a33,2026_W27,S241,U308,2026-07-01 22:30:48,2026-07-01 22:47:48,Organic,Husband,Desktop,Edge,MacOS,/offers
6d8e33e0-b1df-4841-8136-55253c666a33,2026_W27,S242,U31104,2026-06-30 05:47:32,2026-06-30 06:22:32,Google Ads,Economic,Mobile,Chrome,iOS,/offers
6d8e33e0-b1df-4841-8136-55253c666a33,2026_W27,S243,U29463,2026-07-05 07:29:27,2026-07-05 07:36:27,Email,Company,Desktop,Firefox,iOS,/products
6d8e33e0-b1df-4841-8136-55253c666a33,2026_W27,S244,U24251,2026-06-29 14:41:43,2026-06-29 15:04:43,Direct,Lay,Mobile,Chrome,Android,/home
6d8e33e0-b1df-4841-8136-55253c666a33,2026_W27,S245,U5167,2026-07-02 09:44:24,2026-07-02 10:04:24,Organic,Affect,Desktop,Chrome,Windows,/offers
6d8e33e0-b1df-4841-8136-55253c666a33,2026_W27,S246,U16077,2026-07-02 06:29:08,2026-07-02 06:47:08,Organic,Without,Desktop,Firefox,iOS,/products
6d8e33e0-b1df-4841-8136-55253c666a33,2026_W27,S247,U31876,2026-07-04 17:01:20,2026-07-04 17:29:20,Google Ads,Lot,Tablet,Safari,Android,/products
6d8e33e0-b1df-4841-8136-55253c666a33,2026_W27,S248,U8385,2026-07-05 05:00:04,2026-07-05 05:26:04,Email,Ball,Tablet,Edge,Windows,/home
6d8e33e0-b1df-4841-8136-55253c666a33,2026_W27,S249,U3671,2026-07-01 12:31:01,2026-07-01 12:41:01,Google Ads,Apply,Desktop,Chrome,MacOS,/products
6d8e33e0-b1df-4841-8136-55253c666a33,2026_W27,S250,U16630,2026-07-01 09:33:25,2026-07-01 09:49:25,Google Ads,Catch,Mobile,Edge,Android,/products
6d8e33e0-b1df-4841-8136-55253c666a33,2026_W27,S251,U32318,2026-07-03 22:45:47,2026-07-03 22:50:47,Facebook,Even,Mobile,Firefox,Android,/home
6d8e33e0-b1df-4841-8136-55253c666a33,2026_W27,S252,U20409,2026-06-30 15:48:14,2026-06-30 16:18:14,Facebook,Per,Tablet,Edge,MacOS,/products
6d8e33e0-b1df-4841-8136-55253c666a33,2026_W27,S253,U11154,2026-07-02 13:54:07,2026-07-02 14:05:07,Instagram,Work,Tablet,Chrome,Android,/home
6d8e33e0-b1df-4841-8136-55253c666a33,2026_W27,S254,U34456,2026-07-03 17:26:02,2026-07-03 17:42:02,Instagram,Money,Tablet,Chrome,Windows,/offers
6d8e33e0-b1df-4841-8136-55253c666a33,2026_W27,S255,U13559,2026-07-02 20:18:37,2026-07-02 20:35:37,Google Ads,Product,Mobile,Chrome,Windows,/products
6d8e33e0-b1df-4841-8136-55253c666a33,2026_W27,S256,U17122,2026-07-03 17:33:29,2026-07-03 17:57:29,Instagram,Senior,Desktop,Edge,MacOS,/offers
6d8e33e0-b1df-4841-8136-55253c666a33,2026_W27,S257,U13991,2026-07-01 18:24:56,2026-07-01 18:47:56,Google Ads,Talk,Mobile,Chrome,iOS,/home
6d8e33e0-b1df-4841-8136-55253c666a33,2026_W27,S258,U34945,2026-07-04 07:34:32,2026-07-04 07:44:32,Instagram,Risk,Tablet,Chrome,iOS,/home
6d8e33e0-b1df-4841-8136-55253c666a33,2026_W27,S259,U3093,2026-07-02 08:30:40,2026-07-02 09:00:40,Facebook,Participant,Tablet,Firefox,MacOS,/offers
6d8e33e0-b1df-4841-8136-55253c666a33,2026_W27,S260,U23621,2026-07-04 13:17:42,2026-07-04 13:30:42,Direct,Eye,Tablet,Firefox,Windows,/offers
6d8e33e0-b1df-4841-8136-55253c666a33,2026_W27,S261,U32029,2026-07-02 03:32:44,2026-07-02 03:55:44,Organic,Six,Mobile,Edge,Android,/home
6d8e33e0-b1df-4841-8136-55253c666a33,2026_W27,S262,U1962,2026-07-02 12:33:34,2026-07-02 12:58:34,Instagram,Pull,Tablet,Chrome,Android,/products
6d8e33e0-b1df-4841-8136-55253c666a33,2026_W27,S263,U3283,2026-07-02 18:30:35,2026-07-02 18:42:35,Instagram,Pressure,Desktop,Edge,MacOS,/offers
6d8e33e0-b1df-4841-8136-55253c666a33,2026_W27,S264,U18165,2026-07-05 03:43:39,2026-07-05 04:11:39,Instagram,Pm,Tablet,Chrome,MacOS,/products
6d8e33e0-b1df-4841-8136-55253c666a33,2026_W27,S265,U32946,2026-07-01 08:31:41,2026-07-01 08:55:41,Facebook,Use,Mobile,Edge,iOS,/products
6d8e33e0-b1df-4841-8136-55253c666a33,2026_W27,S266,U11059,2026-07-04 07:04:54,2026-07-04 07:34:54,Direct,Bar,Mobile,Firefox,Android,/products
6d8e33e0-b1df-4841-8136-55253c666a33,2026_W27,S267,U8845,2026-06-30 12:07:56,2026-06-30 12:45:56,Google Ads,Officer,Mobile,Safari,MacOS,/products
6d8e33e0-b1df-4841-8136-55253c666a33,2026_W27,S268,U7560,2026-06-30 20:59:10,2026-06-30 21:30:10,Instagram,Study,Mobile,Firefox,Windows,/products
6d8e33e0-b1df-4841-8136-55253c666a33,2026_W27,S269,U7919,2026-07-02 23:05:33,2026-07-02 23:43:33,Direct,Lose,Mobile,Firefox,Android,/products
6d8e33e0-b1df-4841-8136-55253c666a33,2026_W27,S270,U23319,2026-07-01 22:24:01,2026-07-01 22:34:01,Instagram,Yet,Tablet,Firefox,Android,/products
6d8e33e0-b1df-4841-8136-55253c666a33,2026_W27,S271,U32026,2026-07-02 13:55:34,2026-07-02 14:32:34,Instagram,Air,Mobile,Edge,MacOS,/home
6d8e33e0-b1df-4841-8136-55253c666a33,2026_W27,S272,U33350,2026-06-30 23:46:10,2026-07-01 00:00:10,Google Ads,Owner,Tablet,Chrome,iOS,/products
6d8e33e0-b1df-4841-8136-55253c666a33,2026_W27,S273,U10145,2026-07-01 08:08:26,2026-07-01 08:15:26,Instagram,Member,Tablet,Safari,Android,/offers
6d8e33e0-b1df-4841-8136-55253c666a33,2026_W27,S274,U28304,2026-07-05 01:28:50,2026-07-05 01:53:50,Email,Feeling,Mobile,Firefox,iOS,/home
6d8e33e0-b1df-4841-8136-55253c666a33,2026_W27,S275,U33885,2026-07-01 18:51:54,2026-07-01 19:19:54,Instagram,Real,Desktop,Chrome,Windows,/offers
6d8e33e0-b1df-4841-8136-55253c666a33,2026_W27,S276,U12809,2026-06-30 01:41:06,2026-06-30 02:21:06,Facebook,No,Mobile,Safari,Android,/products
6d8e33e0-b1df-4841-8136-55253c666a33,2026_W27,S277,U33785,2026-06-29 21:31:01,2026-06-29 21:37:01,Organic,Get,Mobile,Chrome,iOS,/home
6d8e33e0-b1df-4841-8136-55253c666a33,2026_W27,S278,U29596,2026-07-01 12:40:05,2026-07-01 13:07:05,Direct,Else,Desktop,Chrome,iOS,/home
6d8e33e0-b1df-4841-8136-55253c666a33,2026_W27,S279,U32617,2026-07-01 04:39:45,2026-07-01 05:10:45,Facebook,Among,Tablet,Chrome,MacOS,/home
6d8e33e0-b1df-4841-8136-55253c666a33,2026_W27,S280,U5656,2026-07-01 11:36:08,2026-07-01 12:09:08,Direct,Really,Mobile,Edge,iOS,/home
6d8e33e0-b1df-4841-8136-55253c666a33,2026_W27,S281,U8041,2026-06-30 14:10:53,2026-06-30 14:17:53,Google Ads,Court,Desktop,Firefox,Android,/home
6d8e33e0-b1df-4841-8136-55253c666a33,2026_W27,S282,U20488,2026-07-04 23:24:55,2026-07-04 23:56:55,Facebook,Bag,Mobile,Edge,MacOS,/home
6d8e33e0-b1df-4841-8136-55253c666a33,2026_W27,S283,U26645,2026-07-02 03:04:50,2026-07-02 03:39:50,Instagram,Politics,Tablet,Edge,iOS,/home
6d8e33e0-b1df-4841-8136-55253c666a33,2026_W27,S284,U25169,2026-06-30 02:24:53,2026-06-30 02:55:53,Organic,Move,Mobile,Edge,iOS,/offers
6d8e33e0-b1df-4841-8136-55253c666a33,2026_W27,S285,U3009,2026-07-04 11:34:27,2026-07-04 11:38:27,Email,Concern,Tablet,Safari,MacOS,/offers
6d8e33e0-b1df-4841-8136-55253c666a33,2026_W27,S286,U13035,2026-07-02 16:56:31,2026-07-02 17:06:31,Organic,Along,Desktop,Chrome,Windows,/products
6d8e33e0-b1df-4841-8136-55253c666a33,2026_W27,S287,U6843,2026-07-04 07:59:19,2026-07-04 08:39:19,Direct,Young,Desktop,Edge,iOS,/offers
6d8e33e0-b1df-4841-8136-55253c666a33,2026_W27,S288,U34103,2026-06-30 22:45:36,2026-06-30 22:58:36,Organic,,Desktop,Chrome,iOS,/products
6d8e33e0-b1df-4841-8136-55253c666a33,2026_W27,S289,U13838,2026-07-01 08:50:20,2026-07-01 09:05:20,Google Ads,Paper,Desktop,Edge,MacOS,/offers
6d8e33e0-b1df-4841-8136-55253c666a33,2026_W27,S290,U7496,2026-07-01 17:25:09,2026-07-01 18:01:09,Email,Explain,Desktop,Edge,Android,/offers
6d8e33e0-b1df-4841-8136-55253c666a33,2026_W27,S291,U5716,2026-07-02 01:20:43,2026-07-02 01:35:43,Google Ads,Improve,Mobile,Safari,Android,/products
6d8e33e0-b1df-4841-8136-55253c666a33,2026_W27,S292,U31101,2026-07-03 11:43:32,2026-07-03 12:09:32,Email,Opportunity,Mobile,Safari,Android,/offers
6d8e33e0-b1df-4841-8136-55253c666a33,2026_W27,S293,U31340,2026-06-30 14:03:54,2026-06-30 14:31:54,Email,Dinner,Mobile,Edge,MacOS,/offers
6d8e33e0-b1df-4841-8136-55253c666a33,2026_W27,S294,U26634,2026-07-01 23:49:02,2026-07-01 23:59:02,Direct,Claim,Mobile,Firefox,iOS,/products
6d8e33e0-b1df-4841-8136-55253c666a33,2026_W27,S295,U23510,2026-07-04 16:15:41,2026-07-04 16:55:41,Google Ads,Republican,Desktop,Safari,Windows,/products
6d8e33e0-b1df-4841-8136-55253c666a33,2026_W27,S296,U8769,2026-07-04 07:45:20,2026-07-04 08:00:20,Organic,Person,Mobile,Edge,MacOS,/products
6d8e33e0-b1df-4841-8136-55253c666a33,2026_W27,S297,U28620,2026-07-01 04:52:29,2026-07-01 05:19:29,Organic,May,Desktop,Chrome,MacOS,/offers
6d8e33e0-b1df-4841-8136-55253c666a33,2026_W27,S298,U26596,2026-07-03 12:21:36,2026-07-03 12:26:36,Instagram,Interesting,Desktop,Edge,Android,/home
6d8e33e0-b1df-4841-8136-55253c666a33,2026_W27,S299,U14457,2026-06-30 18:11:06,2026-06-30 18:29:06,Instagram,Without,Desktop,Edge,iOS,/products
6d8e33e0-b1df-4841-8136-55253c666a33,2026_W27,S300,U8632,2026-06-29 20:57:51,2026-06-29 21:04:51,Instagram,Sense,Tablet,Firefox,Android,/products
6d8e33e0-b1df-4841-8136-55253c666a33,2026_W27,S301,U27044,2026-06-29 17:50:21,2026-06-29 18:30:21,Email,Son,Desktop,Chrome,Android,/home
6d8e33e0-b1df-4841-8136-55253c666a33,2026_W27,S302,U15509,2026-07-01 03:43:38,2026-07-01 04:14:38,Google Ads,Attorney,Mobile,Edge,Android,/home
6d8e33e0-b1df-4841-8136-55253c666a33,2026_W27,S303,U33561,2026-07-02 07:10:25,2026-07-02 07:49:25,Instagram,When,Tablet,Firefox,Windows,/home
6d8e33e0-b1df-4841-8136-55253c666a33,2026_W27,S304,U23264,2026-07-04 07:21:55,2026-07-04 07:45:55,Google Ads,Who,Mobile,Safari,Windows,/products
6d8e33e0-b1df-4841-8136-55253c666a33,2026_W27,S305,U22178,2026-06-30 01:38:03,2026-06-30 01:39:03,Facebook,Him,Desktop,Safari,Android,/home
6d8e33e0-b1df-4841-8136-55253c666a33,2026_W27,S306,U30914,2026-07-03 16:29:33,2026-07-03 17:04:33,Email,Together,Mobile,Firefox,MacOS,/products
6d8e33e0-b1df-4841-8136-55253c666a33,2026_W27,S307,U11030,2026-07-01 15:44:11,2026-07-01 15:48:11,Direct,Religious,Tablet,Firefox,MacOS,/home
6d8e33e0-b1df-4841-8136-55253c666a33,2026_W27,S308,U9083,2026-07-01 02:19:15,2026-07-01 02:33:15,Facebook,Long,Desktop,Safari,iOS,/home
6d8e33e0-b1df-4841-8136-55253c666a33,2026_W27,S309,U28183,2026-07-04 01:12:36,2026-07-04 01:37:36,Facebook,Girl,Mobile,Firefox,MacOS,/products
6d8e33e0-b1df-4841-8136-55253c666a33,2026_W27,S310,U27611,2026-06-30 04:18:03,2026-06-30 04:47:03,Direct,Meet,Desktop,Firefox,Windows,/products
6d8e33e0-b1df-4841-8136-55253c666a33,2026_W27,S311,U6510,2026-06-29 19:42:09,2026-06-29 19:45:09,Email,Play,Tablet,Firefox,iOS,/home
6d8e33e0-b1df-4841-8136-55253c666a33,2026_W27,S312,U6958,2026-07-01 14:32:03,2026-07-01 15:07:03,Direct,Office,Mobile,Firefox,Android,/home
6d8e33e0-b1df-4841-8136-55253c666a33,2026_W27,S313,U18232,2026-07-04 16:41:29,2026-07-04 17:13:29,Instagram,Travel,Desktop,Edge,iOS,/products
6d8e33e0-b1df-4841-8136-55253c666a33,2026_W27,S314,U11056,2026-06-29 10:23:45,2026-06-29 10:46:45,Google Ads,Another,Mobile,Firefox,Windows,/products
6d8e33e0-b1df-4841-8136-55253c666a33,2026_W27,S315,U9582,2026-07-01 13:25:27,2026-07-01 13:45:27,Facebook,My,Desktop,Safari,MacOS,/products
6d8e33e0-b1df-4841-8136-55253c666a33,2026_W27,S316,U23730,2026-07-03 11:54:43,2026-07-03 11:56:43,Direct,Think,Desktop,Chrome,iOS,/offers
6d8e33e0-b1df-4841-8136-55253c666a33,2026_W27,S317,U10625,2026-07-01 14:55:09,2026-07-01 15:19:09,Direct,State,Desktop,Firefox,Android,/home
6d8e33e0-b1df-4841-8136-55253c666a33,2026_W27,S318,U31329,2026-07-01 05:04:02,2026-07-01 05:16:02,Instagram,Big,Tablet,Firefox,iOS,/home
6d8e33e0-b1df-4841-8136-55253c666a33,2026_W27,S319,U26544,2026-07-03 12:38:43,2026-07-03 13:01:43,Google Ads,Sure,Desktop,Chrome,iOS,/products
6d8e33e0-b1df-4841-8136-55253c666a33,2026_W27,S320,U9248,2026-07-01 18:26:19,2026-07-01 18:27:19,Instagram,Movie,Mobile,Chrome,iOS,/products
6d8e33e0-b1df-4841-8136-55253c666a33,2026_W27,S321,U11908,2026-07-01 07:32:20,2026-07-01 07:51:20,Direct,Pull,Mobile,Chrome,MacOS,/home
6d8e33e0-b1df-4841-8136-55253c666a33,2026_W27,S322,U9239,2026-07-02 03:33:52,2026-07-02 03:59:52,Instagram,Nor,Mobile,Chrome,MacOS,/products
6d8e33e0-b1df-4841-8136-55253c666a33,2026_W27,S323,U9262,2026-06-29 17:51:24,2026-06-29 18:20:24,Instagram,Floor,Desktop,Safari,Windows,/offers
6d8e33e0-b1df-4841-8136-55253c666a33,2026_W27,S324,U11271,2026-07-04 04:59:37,2026-07-04 05:33:37,Organic,Tree,Tablet,Safari,iOS,/offers
6d8e33e0-b1df-4841-8136-55253c666a33,2026_W27,S325,U24288,2026-07-02 01:39:06,2026-07-02 02:14:06,Email,Enter,Tablet,Firefox,Windows,/home
6d8e33e0-b1df-4841-8136-55253c666a33,2026_W27,S326,U19798,2026-06-29 20:52:24,2026-06-29 21:01:24,Instagram,Expect,Tablet,Firefox,Android,/offers
6d8e33e0-b1df-4841-8136-55253c666a33,2026_W27,S327,U12912,2026-06-30 00:34:40,2026-06-30 00:35:40,Organic,Step,Tablet,Firefox,MacOS,/products
6d8e33e0-b1df-4841-8136-55253c666a33,2026_W27,S328,U3344,2026-07-03 20:55:37,2026-07-03 21:07:37,Google Ads,Position,Mobile,Safari,MacOS,/products
6d8e33e0-b1df-4841-8136-55253c666a33,2026_W27,S329,U22774,2026-06-30 21:59:25,2026-06-30 22:31:25,Google Ads,Choose,Mobile,Chrome,MacOS,/offers
6d8e33e0-b1df-4841-8136-55253c666a33,2026_W27,S330,U12142,2026-07-03 04:47:49,2026-07-03 05:19:49,Email,Especially,Desktop,Firefox,Android,/offers
6d8e33e0-b1df-4841-8136-55253c666a33,2026_W27,S331,U20039,2026-07-04 13:48:46,2026-07-04 14:14:46,Google Ads,Include,Mobile,Edge,iOS,/offers
6d8e33e0-b1df-4841-8136-55253c666a33,2026_W27,S332,U19512,2026-07-05 03:36:27,2026-07-05 04:08:27,Google Ads,Against,Tablet,Firefox,iOS,/products
6d8e33e0-b1df-4841-8136-55253c666a33,2026_W27,S333,U15635,2026-07-02 10:41:54,2026-07-02 10:45:54,Facebook,Property,Mobile,Safari,MacOS,/home
6d8e33e0-b1df-4841-8136-55253c666a33,2026_W27,S334,U2597,2026-07-01 20:39:10,2026-07-01 21:01:10,Direct,Certainly,Mobile,Firefox,Android,/offers
6d8e33e0-b1df-4841-8136-55253c666a33,2026_W27,S335,U12503,2026-07-03 09:35:08,2026-07-03 10:10:08,Email,Chance,Mobile,Firefox,iOS,/offers
6d8e33e0-b1df-4841-8136-55253c666a33,2026_W27,S336,U2657,2026-07-04 14:33:59,2026-07-04 14:49:59,Email,Trip,Desktop,Firefox,iOS,/products
6d8e33e0-b1df-4841-8136-55253c666a33,2026_W27,S337,U664,2026-07-05 06:30:54,2026-07-05 06:38:54,Facebook,Analysis,Tablet,Safari,Windows,/home
6d8e33e0-b1df-4841-8136-55253c666a33,2026_W27,S338,U6306,2026-06-30 18:29:54,2026-06-30 18:58:54,Email,Mother,Tablet,Safari,iOS,/home
6d8e33e0-b1df-4841-8136-55253c666a33,2026_W27,S339,U2591,2026-06-29 23:33:41,2026-06-29 23:51:41,Instagram,High,Desktop,Chrome,MacOS,/home
6d8e33e0-b1df-4841-8136-55253c666a33,2026_W27,S340,U15650,2026-07-03 00:35:52,2026-07-03 01:09:52,Instagram,Against,Mobile,Chrome,iOS,/home
6d8e33e0-b1df-4841-8136-55253c666a33,2026_W27,S341,U17871,2026-07-04 04:47:28,2026-07-04 04:57:28,Facebook,History,Desktop,Chrome,Windows,/home
6d8e33e0-b1df-4841-8136-55253c666a33,2026_W27,S342,U30260,2026-07-02 17:36:54,2026-07-02 17:47:54,Facebook,Senior,Desktop,Chrome,Windows,/offers
6d8e33e0-b1df-4841-8136-55253c666a33,2026_W27,S343,U5050,2026-07-03 08:35:39,2026-07-03 08:38:39,Instagram,Stock,Tablet,Chrome,Windows,/offers
6d8e33e0-b1df-4841-8136-55253c666a33,2026_W27,S344,U9148,2026-06-30 09:39:23,2026-06-30 09:51:23,Instagram,Indeed,Desktop,Firefox,Windows,/home
6d8e33e0-b1df-4841-8136-55253c666a33,2026_W27,S345,U2219,2026-07-05 02:06:46,2026-07-05 02:11:46,Email,Under,Mobile,Safari,Windows,/offers
6d8e33e0-b1df-4841-8136-55253c666a33,2026_W27,S346,U13857,2026-07-02 02:29:13,2026-07-02 02:59:13,Organic,Offer,Mobile,Chrome,MacOS,/products
6d8e33e0-b1df-4841-8136-55253c666a33,2026_W27,S347,U29809,2026-07-01 01:42:51,2026-07-01 02:13:51,Organic,Office,Tablet,Edge,iOS,/home
6d8e33e0-b1df-4841-8136-55253c666a33,2026_W27,S348,U32241,2026-06-29 13:29:38,2026-06-29 14:06:38,Direct,Deal,Mobile,Chrome,MacOS,/offers
6d8e33e0-b1df-4841-8136-55253c666a33,2026_W27,S349,U13844,2026-07-03 19:01:22,2026-07-03 19:06:22,Google Ads,Ready,Tablet,Chrome,Android,/products
6d8e33e0-b1df-4841-8136-55253c666a33,2026_W27,S350,U23333,2026-07-04 05:03:35,2026-07-04 05:28:35,Email,Memory,Tablet,Safari,MacOS,/products
6d8e33e0-b1df-4841-8136-55253c666a33,2026_W27,S351,U23750,2026-07-03 05:25:33,2026-07-03 05:38:33,Instagram,Among,Mobile,Safari,Android,/home
6d8e33e0-b1df-4841-8136-55253c666a33,2026_W27,S352,U17085,2026-07-05 07:12:36,2026-07-05 07:14:36,Instagram,Character,Desktop,Safari,Windows,/home
6d8e33e0-b1df-4841-8136-55253c666a33,2026_W27,S353,U28015,2026-06-30 04:33:01,2026-06-30 04:50:01,Direct,According,Tablet,Safari,MacOS,/products
6d8e33e0-b1df-4841-8136-55253c666a33,2026_W27,S354,U11860,2026-07-02 20:17:09,2026-07-02 20:36:09,Organic,Need,Desktop,Edge,MacOS,/products
6d8e33e0-b1df-4841-8136-55253c666a33,2026_W27,S355,U17033,2026-06-29 11:38:00,2026-06-29 12:10:00,Instagram,Response,Tablet,Firefox,iOS,/products
6d8e33e0-b1df-4841-8136-55253c666a33,2026_W27,S356,U21732,2026-07-04 19:29:31,2026-07-04 20:09:31,Facebook,He,Desktop,Edge,Windows,/products
6d8e33e0-b1df-4841-8136-55253c666a33,2026_W27,S357,U24460,2026-07-04 18:53:52,2026-07-04 19:11:52,Organic,Pay,Tablet,Safari,iOS,/offers
6d8e33e0-b1df-4841-8136-55253c666a33,2026_W27,S358,U33976,2026-07-05 08:13:08,2026-07-05 08:28:08,Email,Nature,Desktop,Safari,iOS,/home
6d8e33e0-b1df-4841-8136-55253c666a33,2026_W27,S359,U31857,2026-07-02 16:45:20,2026-07-02 16:50:20,Direct,Per,Mobile,Firefox,iOS,/offers
6d8e33e0-b1df-4841-8136-55253c666a33,2026_W27,S360,U33049,2026-07-04 20:17:05,2026-07-04 20:28:05,Organic,Hard,Desktop,Safari,Android,/offers
6d8e33e0-b1df-4841-8136-55253c666a33,2026_W27,S361,U19320,2026-07-01 05:33:49,2026-07-01 05:42:49,Google Ads,Long,Desktop,Safari,Android,/products
6d8e33e0-b1df-4841-8136-55253c666a33,2026_W27,S362,U25635,2026-07-04 16:01:09,2026-07-04 16:16:09,Google Ads,Hold,Mobile,Edge,Android,/products
6d8e33e0-b1df-4841-8136-55253c666a33,2026_W27,S363,U9011,2026-07-05 03:16:06,2026-07-05 03:19:06,Instagram,Site,Tablet,Safari,MacOS,/home
6d8e33e0-b1df-4841-8136-55253c666a33,2026_W27,S364,U24822,2026-07-03 11:19:29,2026-07-03 11:31:29,Organic,Call,Mobile,Chrome,Windows,/offers
6d8e33e0-b1df-4841-8136-55253c666a33,2026_W27,S365,U29071,2026-07-04 02:52:08,2026-07-04 03:11:08,Organic,Light,Mobile,Chrome,Windows,/home
6d8e33e0-b1df-4841-8136-55253c666a33,2026_W27,S366,U14421,2026-06-29 17:06:05,2026-06-29 17:31:05,Email,Energy,Tablet,Chrome,MacOS,/products
6d8e33e0-b1df-4841-8136-55253c666a33,2026_W27,S367,U23947,2026-07-02 01:11:42,2026-07-02 01:16:42,Facebook,Note,Tablet,Firefox,Android,/products
6d8e33e0-b1df-4841-8136-55253c666a33,2026_W27,S368,U34574,2026-07-01 08:53:15,2026-07-01 09:03:15,Direct,Quickly,Tablet,Firefox,iOS,/offers
6d8e33e0-b1df-4841-8136-55253c666a33,2026_W27,S369,U26177,2026-06-30 18:08:08,2026-06-30 18:38:08,Instagram,Little,Tablet,Edge,iOS,/offers
6d8e33e0-b1df-4841-8136-55253c666a33,2026_W27,S370,U17696,2026-07-04 17:57:32,2026-07-04 18:25:32,Direct,Another,Tablet,Safari,MacOS,/home
6d8e33e0-b1df-4841-8136-55253c666a33,2026_W27,S371,U31004,2026-06-30 12:02:38,2026-06-30 12:22:38,Direct,With,Desktop,Firefox,iOS,/home
6d8e33e0-b1df-4841-8136-55253c666a33,2026_W27,S372,U18711,2026-07-03 20:56:13,2026-07-03 21:01:13,Direct,Imagine,Tablet,Safari,MacOS,/offers
6d8e33e0-b1df-4841-8136-55253c666a33,2026_W27,S373,U26298,2026-06-29 16:44:15,2026-06-29 16:59:15,Facebook,Pressure,Desktop,Firefox,Windows,/home
6d8e33e0-b1df-4841-8136-55253c666a33,2026_W27,S374,U8519,2026-07-02 06:10:07,2026-07-02 06:37:07,Facebook,Firm,Tablet,Firefox,iOS,/home
6d8e33e0-b1df-4841-8136-55253c666a33,2026_W27,S375,U11147,2026-07-03 21:32:07,2026-07-03 21:51:07,Email,Draw,Mobile,Edge,Windows,/home
6d8e33e0-b1df-4841-8136-55253c666a33,2026_W27,S376,U10284,2026-07-03 13:22:51,2026-07-03 13:39:51,Organic,Necessary,Mobile,Safari,MacOS,/offers
6d8e33e0-b1df-4841-8136-55253c666a33,2026_W27,S377,U2894,2026-06-30 11:17:53,2026-06-30 11:26:53,Organic,Report,Mobile,Safari,Android,/offers
6d8e33e0-b1df-4841-8136-55253c666a33,2026_W27,S378,U2505,2026-07-05 01:11:21,2026-07-05 01:32:21,Email,Parent,Desktop,Firefox,Android,/home
6d8e33e0-b1df-4841-8136-55253c666a33,2026_W27,S379,U9083,2026-06-30 03:56:46,2026-06-30 04:25:46,Direct,Family,Tablet,Firefox,Windows,/products
6d8e33e0-b1df-4841-8136-55253c666a33,2026_W27,S380,U16921,2026-06-29 16:53:23,2026-06-29 17:24:23,Instagram,Add,Desktop,Safari,iOS,/products
6d8e33e0-b1df-4841-8136-55253c666a33,2026_W27,S381,U15340,2026-06-29 17:59:04,2026-06-29 18:09:04,Instagram,Own,Desktop,Safari,MacOS,/home
6d8e33e0-b1df-4841-8136-55253c666a33,2026_W27,S382,U12580,2026-07-02 06:00:04,2026-07-02 06:08:04,Google Ads,Need,Mobile,Firefox,Android,/home
6d8e33e0-b1df-4841-8136-55253c666a33,2026_W27,S383,U29836,2026-07-04 11:37:21,2026-07-04 11:44:21,Facebook,Detail,Tablet,Chrome,Android,/home
6d8e33e0-b1df-4841-8136-55253c666a33,2026_W27,S384,U6541,2026-07-02 15:57:31,2026-07-02 16:05:31,Direct,Morning,Desktop,Chrome,Windows,/products
6d8e33e0-b1df-4841-8136-55253c666a33,2026_W27,S385,U8316,2026-07-02 00:32:10,2026-07-02 00:34:10,Instagram,Finish,Tablet,Firefox,Windows,/products
6d8e33e0-b1df-4841-8136-55253c666a33,2026_W27,S386,U14703,2026-07-02 04:07:51,2026-07-02 04:31:51,Instagram,Thought,Desktop,Chrome,MacOS,/products
6d8e33e0-b1df-4841-8136-55253c666a33,2026_W27,S387,U12987,2026-07-02 09:28:41,2026-07-02 10:01:41,Organic,College,Tablet,Firefox,iOS,/home
6d8e33e0-b1df-4841-8136-55253c666a33,2026_W27,S388,U9753,2026-07-03 09:31:18,2026-07-03 09:34:18,Direct,Remain,Tablet,Edge,iOS,/home
6d8e33e0-b1df-4841-8136-55253c666a33,2026_W27,S389,U25554,2026-07-01 11:04:43,2026-07-01 11:31:43,Organic,Live,Mobile,Edge,Android,/home
6d8e33e0-b1df-4841-8136-55253c666a33,2026_W27,S390,U20150,2026-07-02 12:51:17,2026-07-02 13:19:17,Direct,We,Mobile,Chrome,Windows,/products
6d8e33e0-b1df-4841-8136-55253c666a33,2026_W27,S391,U34724,2026-07-01 03:26:07,2026-07-01 03:59:07,Instagram,Anyone,Desktop,Chrome,iOS,/home
6d8e33e0-b1df-4841-8136-55253c666a33,2026_W27,S392,U3342,2026-07-04 03:14:44,2026-07-04 03:27:44,Email,Everything,Mobile,Safari,Windows,/offers
6d8e33e0-b1df-4841-8136-55253c666a33,2026_W27,S393,U11702,2026-06-30 01:59:24,2026-06-30 02:08:24,Direct,Nothing,Mobile,Safari,MacOS,/products
6d8e33e0-b1df-4841-8136-55253c666a33,2026_W27,S394,U8039,2026-07-01 00:41:07,2026-07-01 01:10:07,Direct,Rock,Desktop,Chrome,MacOS,/home
6d8e33e0-b1df-4841-8136-55253c666a33,2026_W27,S395,U3221,2026-07-01 12:40:26,2026-07-01 12:59:26,Instagram,Marriage,Mobile,Chrome,MacOS,/home
6d8e33e0-b1df-4841-8136-55253c666a33,2026_W27,S396,U2311,2026-07-01 12:28:33,2026-07-01 12:30:33,Email,Media,Tablet,Chrome,MacOS,/offers
6d8e33e0-b1df-4841-8136-55253c666a33,2026_W27,S397,U16157,2026-06-29 20:12:20,2026-06-29 20:16:20,Facebook,Plant,Tablet,Chrome,iOS,/home
6d8e33e0-b1df-4841-8136-55253c666a33,2026_W27,S398,U18577,2026-07-04 17:03:31,2026-07-04 17:04:31,Google Ads,Debate,Tablet,Chrome,Android,/products
6d8e33e0-b1df-4841-8136-55253c666a33,2026_W27,S399,U31978,2026-07-05 07:48:40,2026-07-05 08:08:40,Facebook,Seat,Mobile,Edge,Windows,/offers
6d8e33e0-b1df-4841-8136-55253c666a33,2026_W27,S400,U31612,2026-07-01 22:37:31,2026-07-01 23:14:31,Instagram,Physical,Desktop,Edge,Android,/products
6d8e33e0-b1df-4841-8136-55253c666a33,2026_W27,S401,U25669,2026-07-03 17:35:42,2026-07-03 18:02:42,Direct,Artist,Tablet,Chrome,Android,/offers
6d8e33e0-b1df-4841-8136-55253c666a33,2026_W27,S402,U26155,2026-07-02 10:27:12,2026-07-02 10:45:12,Facebook,Cause,Desktop,Firefox,iOS,/home
6d8e33e0-b1df-4841-8136-55253c666a33,2026_W27,S403,U32654,2026-06-30 01:58:09,2026-06-30 02:15:09,Direct,Physical,Mobile,Chrome,iOS,/products
6d8e33e0-b1df-4841-8136-55253c666a33,2026_W27,S404,U19353,2026-07-03 09:52:35,2026-07-03 10:08:35,Direct,Game,Tablet,Chrome,iOS,/home
6d8e33e0-b1df-4841-8136-55253c666a33,2026_W27,S405,U25939,2026-06-30 23:02:24,2026-06-30 23:20:24,Google Ads,Practice,Mobile,Safari,MacOS,/home
6d8e33e0-b1df-4841-8136-55253c666a33,2026_W27,S406,U2978,2026-06-30 00:32:03,2026-06-30 00:41:03,Instagram,Join,Mobile,Safari,Android,/home
6d8e33e0-b1df-4841-8136-55253c666a33,2026_W27,S407,U20214,2026-07-04 08:10:19,2026-07-04 08:34:19,Email,Happy,Tablet,Chrome,Windows,/offers
6d8e33e0-b1df-4841-8136-55253c666a33,2026_W27,S408,U4737,2026-07-04 22:07:24,2026-07-04 22:46:24,Instagram,Two,Desktop,Safari,Android,/offers
6d8e33e0-b1df-4841-8136-55253c666a33,2026_W27,S409,U13468,2026-07-01 09:11:29,2026-07-01 09:45:29,Organic,Word,Mobile,Edge,MacOS,/home
6d8e33e0-b1df-4841-8136-55253c666a33,2026_W27,S410,U28173,2026-07-05 00:55:52,2026-07-05 01:23:52,Instagram,Republican,Mobile,Edge,Windows,/offers
6d8e33e0-b1df-4841-8136-55253c666a33,2026_W27,S411,U11117,2026-07-02 19:10:43,2026-07-02 19:22:43,Facebook,Bad,Tablet,Firefox,Android,/products
6d8e33e0-b1df-4841-8136-55253c666a33,2026_W27,S412,U68,2026-07-05 03:46:30,2026-07-05 03:58:30,Direct,Ahead,Mobile,Safari,Android,/offers
6d8e33e0-b1df-4841-8136-55253c666a33,2026_W27,S413,U15753,2026-06-30 19:32:05,2026-06-30 19:58:05,Instagram,To,Tablet,Firefox,Windows,/offers
6d8e33e0-b1df-4841-8136-55253c666a33,2026_W27,S414,U10238,2026-07-05 08:17:32,2026-07-05 08:42:32,Instagram,Bank,Desktop,Safari,Android,/products
6d8e33e0-b1df-4841-8136-55253c666a33,2026_W27,S415,U16452,2026-07-04 23:33:04,2026-07-05 00:06:04,Instagram,Crime,Mobile,Edge,Android,/offers
6d8e33e0-b1df-4841-8136-55253c666a33,2026_W27,S416,U12338,2026-07-01 20:55:45,2026-07-01 21:27:45,Instagram,Woman,Mobile,Safari,iOS,/products
6d8e33e0-b1df-4841-8136-55253c666a33,2026_W27,S417,U114,2026-07-03 16:16:15,2026-07-03 16:45:15,Email,Several,Tablet,Edge,iOS,/offers
6d8e33e0-b1df-4841-8136-55253c666a33,2026_W27,S418,U2624,2026-07-04 16:53:07,2026-07-04 17:15:07,Instagram,Boy,Mobile,Firefox,Android,/home
6d8e33e0-b1df-4841-8136-55253c666a33,2026_W27,S419,U1102,2026-07-05 07:07:12,2026-07-05 07:18:12,Google Ads,Page,Mobile,Edge,iOS,/home
6d8e33e0-b1df-4841-8136-55253c666a33,2026_W27,S420,U4130,2026-06-29 11:57:11,2026-06-29 12:36:11,Email,Arm,Tablet,Safari,Windows,/home
6d8e33e0-b1df-4841-8136-55253c666a33,2026_W27,S421,U20660,2026-07-01 00:45:22,2026-07-01 01:20:22,Email,Shoulder,Tablet,Safari,Windows,/products
6d8e33e0-b1df-4841-8136-55253c666a33,2026_W27,S422,U33983,2026-07-05 08:42:33,2026-07-05 08:43:33,Organic,Son,Tablet,Edge,Windows,/offers
6d8e33e0-b1df-4841-8136-55253c666a33,2026_W27,S423,U1241,2026-07-01 05:58:07,2026-07-01 06:11:07,Google Ads,Often,Tablet,Edge,iOS,/home
6d8e33e0-b1df-4841-8136-55253c666a33,2026_W27,S424,U34389,2026-07-04 01:49:02,2026-07-04 02:24:02,Facebook,Another,Mobile,Edge,iOS,/home
6d8e33e0-b1df-4841-8136-55253c666a33,2026_W27,S425,U8177,2026-07-01 14:20:42,2026-07-01 14:50:42,Organic,Hit,Desktop,Safari,Android,/products
6d8e33e0-b1df-4841-8136-55253c666a33,2026_W27,S426,U16315,2026-07-05 03:17:40,2026-07-05 03:39:40,Google Ads,No,Tablet,Safari,iOS,/products
6d8e33e0-b1df-4841-8136-55253c666a33,2026_W27,S427,U16882,2026-07-03 09:46:12,2026-07-03 09:56:12,Email,Republican,Tablet,Firefox,iOS,/offers
6d8e33e0-b1df-4841-8136-55253c666a33,2026_W27,S428,U21352,2026-07-03 10:49:04,2026-07-03 11:09:04,Direct,Keep,Tablet,Safari,Windows,/products
6d8e33e0-b1df-4841-8136-55253c666a33,2026_W27,S429,U34575,2026-07-01 11:43:31,2026-07-01 11:49:31,Instagram,Scene,Mobile,Safari,Windows,/home
6d8e33e0-b1df-4841-8136-55253c666a33,2026_W27,S430,U16572,2026-07-01 20:14:17,2026-07-01 20:32:17,Facebook,We,Desktop,Edge,MacOS,/offers
6d8e33e0-b1df-4841-8136-55253c666a33,2026_W27,S431,U33384,2026-07-03 14:40:13,2026-07-03 15:04:13,Instagram,Term,Tablet,Edge,MacOS,/products
6d8e33e0-b1df-4841-8136-55253c666a33,2026_W27,S432,U6646,2026-07-03 09:51:28,2026-07-03 09:59:28,Google Ads,Simple,Tablet,Edge,iOS,/offers
6d8e33e0-b1df-4841-8136-55253c666a33,2026_W27,S433,U21753,2026-07-02 19:39:14,2026-07-02 19:47:14,Organic,Executive,Tablet,Edge,Android,/products
6d8e33e0-b1df-4841-8136-55253c666a33,2026_W27,S434,U12658,2026-06-30 08:04:23,2026-06-30 08:29:23,Email,There,Tablet,Chrome,Android,/home
6d8e33e0-b1df-4841-8136-55253c666a33,2026_W27,S435,U8327,2026-07-05 03:02:05,2026-07-05 03:17:05,Google Ads,Home,Mobile,Safari,iOS,/products
6d8e33e0-b1df-4841-8136-55253c666a33,2026_W27,S436,U15656,2026-07-04 16:41:04,2026-07-04 16:56:04,Organic,Finally,Desktop,Chrome,MacOS,/products
6d8e33e0-b1df-4841-8136-55253c666a33,2026_W27,S437,U16415,2026-07-01 02:21:49,2026-07-01 02:52:49,Direct,Poor,Desktop,Safari,iOS,/home
6d8e33e0-b1df-4841-8136-55253c666a33,2026_W27,S438,U7349,2026-07-02 16:45:33,2026-07-02 17:05:33,Instagram,Suddenly,Mobile,Edge,iOS,/offers
6d8e33e0-b1df-4841-8136-55253c666a33,2026_W27,S439,U20864,2026-06-29 09:24:35,2026-06-29 09:35:35,Organic,Indeed,Tablet,Edge,Windows,/home
6d8e33e0-b1df-4841-8136-55253c666a33,2026_W27,S440,U4052,2026-07-03 15:35:59,2026-07-03 16:10:59,Email,Industry,Desktop,Safari,iOS,/offers
6d8e33e0-b1df-4841-8136-55253c666a33,2026_W27,S441,U34749,2026-07-03 08:12:19,2026-07-03 08:18:19,Direct,Century,Tablet,Safari,Windows,/home
6d8e33e0-b1df-4841-8136-55253c666a33,2026_W27,S442,U13906,2026-07-01 06:12:43,2026-07-01 06:50:43,Instagram,Long,Mobile,Chrome,MacOS,/offers
6d8e33e0-b1df-4841-8136-55253c666a33,2026_W27,S443,U33158,2026-07-01 17:52:57,2026-07-01 18:22:57,Google Ads,Financial,Mobile,Firefox,Android,/products
6d8e33e0-b1df-4841-8136-55253c666a33,2026_W27,S444,U21937,2026-07-05 01:04:42,2026-07-05 01:30:42,Organic,Church,Tablet,Firefox,MacOS,/offers
6d8e33e0-b1df-4841-8136-55253c666a33,2026_W27,S445,U11580,2026-06-30 12:56:48,2026-06-30 13:21:48,Organic,Section,Tablet,Chrome,MacOS,/offers
6d8e33e0-b1df-4841-8136-55253c666a33,2026_W27,S446,U1526,2026-06-29 13:11:49,2026-06-29 13:38:49,Instagram,Others,Mobile,Edge,iOS,/home
6d8e33e0-b1df-4841-8136-55253c666a33,2026_W27,S447,U34704,2026-07-04 04:00:47,2026-07-04 04:29:47,Facebook,Would,Tablet,Edge,Windows,/products
6d8e33e0-b1df-4841-8136-55253c666a33,2026_W27,S448,U9035,2026-07-03 19:41:17,2026-07-03 19:46:17,Google Ads,History,Mobile,Chrome,Android,/products
6d8e33e0-b1df-4841-8136-55253c666a33,2026_W27,S449,U18901,2026-07-04 12:22:35,2026-07-04 12:25:35,Google Ads,Sister,Tablet,Firefox,iOS,/offers
6d8e33e0-b1df-4841-8136-55253c666a33,2026_W27,S450,U21962,2026-07-05 05:24:55,2026-07-05 05:49:55,Google Ads,Worry,Desktop,Firefox,Windows,/home
6d8e33e0-b1df-4841-8136-55253c666a33,2026_W27,S451,U20260,2026-07-03 05:04:03,2026-07-03 05:23:03,Google Ads,Because,Tablet,Edge,Android,/products
6d8e33e0-b1df-4841-8136-55253c666a33,2026_W27,S452,U7205,2026-06-29 23:16:07,2026-06-29 23:51:07,Direct,Style,Tablet,Edge,Windows,/offers
6d8e33e0-b1df-4841-8136-55253c666a33,2026_W27,S453,U15295,2026-07-03 09:39:00,2026-07-03 09:46:00,Organic,Son,Mobile,Chrome,Windows,/offers
6d8e33e0-b1df-4841-8136-55253c666a33,2026_W27,S454,U74,2026-06-29 09:10:37,2026-06-29 09:20:37,Direct,Shake,Tablet,Edge,Windows,/products
6d8e33e0-b1df-4841-8136-55253c666a33,2026_W27,S455,U25257,2026-07-03 21:55:13,2026-07-03 22:33:13,Instagram,Close,Tablet,Chrome,Android,/products
6d8e33e0-b1df-4841-8136-55253c666a33,2026_W27,S456,U4817,2026-07-04 02:35:29,2026-07-04 02:46:29,Direct,Really,Desktop,Safari,Android,/home
6d8e33e0-b1df-4841-8136-55253c666a33,2026_W27,S457,U26882,2026-07-04 07:56:31,2026-07-04 08:30:31,Facebook,Training,Mobile,Safari,MacOS,/offers
6d8e33e0-b1df-4841-8136-55253c666a33,2026_W27,S458,U24076,2026-07-04 22:39:34,2026-07-04 23:09:34,Email,Several,Tablet,Edge,MacOS,/offers
6d8e33e0-b1df-4841-8136-55253c666a33,2026_W27,S459,U4228,2026-07-04 23:51:57,2026-07-05 00:01:57,Facebook,What,Tablet,Firefox,MacOS,/offers
6d8e33e0-b1df-4841-8136-55253c666a33,2026_W27,S460,U7618,2026-07-01 22:51:53,2026-07-01 23:24:53,Email,Power,Mobile,Edge,Windows,/home
6d8e33e0-b1df-4841-8136-55253c666a33,2026_W27,S461,U21176,2026-07-02 14:07:38,2026-07-02 14:29:38,Facebook,Fast,Tablet,Safari,MacOS,/home
6d8e33e0-b1df-4841-8136-55253c666a33,2026_W27,S462,U5143,2026-06-30 05:59:40,2026-06-30 06:12:40,Organic,Whom,Desktop,Chrome,MacOS,/offers
6d8e33e0-b1df-4841-8136-55253c666a33,2026_W27,S463,U3748,2026-07-02 15:58:23,2026-07-02 16:04:23,Direct,Research,Desktop,Firefox,MacOS,/offers
6d8e33e0-b1df-4841-8136-55253c666a33,2026_W27,S464,U24439,2026-07-01 09:16:15,2026-07-01 09:24:15,Facebook,Store,Desktop,Chrome,Android,/offers
6d8e33e0-b1df-4841-8136-55253c666a33,2026_W27,S465,U20074,2026-07-03 08:59:55,2026-07-03 09:29:55,Direct,Attorney,Mobile,Safari,Android,/offers
6d8e33e0-b1df-4841-8136-55253c666a33,2026_W27,S466,U12932,2026-07-01 02:47:50,2026-07-01 03:15:50,Facebook,Ever,Desktop,Safari,iOS,/home
6d8e33e0-b1df-4841-8136-55253c666a33,2026_W27,S467,U10143,2026-07-04 05:26:00,2026-07-04 05:27:00,Google Ads,Remember,Mobile,Safari,iOS,/offers
6d8e33e0-b1df-4841-8136-55253c666a33,2026_W27,S468,U17259,2026-07-04 18:27:50,2026-07-04 18:36:50,Direct,Then,Desktop,Chrome,MacOS,/home
6d8e33e0-b1df-4841-8136-55253c666a33,2026_W27,S469,U25763,2026-07-04 09:28:41,2026-07-04 09:40:41,Instagram,Work,Mobile,Chrome,Android,/home
6d8e33e0-b1df-4841-8136-55253c666a33,2026_W27,S470,U25531,2026-06-30 03:03:13,2026-06-30 03:19:13,Email,Six,Desktop,Edge,Android,/offers
6d8e33e0-b1df-4841-8136-55253c666a33,2026_W27,S471,U20446,2026-07-02 10:38:09,2026-07-02 10:42:09,Organic,Officer,Desktop,Safari,Windows,/home
6d8e33e0-b1df-4841-8136-55253c666a33,2026_W27,S472,U4764,2026-06-30 03:43:20,2026-06-30 03:47:20,Direct,Modern,Tablet,Chrome,iOS,/home
6d8e33e0-b1df-4841-8136-55253c666a33,2026_W27,S473,U12199,2026-07-01 17:51:35,2026-07-01 18:26:35,Facebook,Bank,Mobile,Firefox,Android,/products
6d8e33e0-b1df-4841-8136-55253c666a33,2026_W27,S474,U18795,2026-06-30 16:30:06,2026-06-30 16:52:06,Facebook,Pm,Desktop,Chrome,iOS,/home
6d8e33e0-b1df-4841-8136-55253c666a33,2026_W27,S475,U32485,2026-07-01 05:34:21,2026-07-01 05:55:21,Email,Response,Mobile,Firefox,Windows,/home
6d8e33e0-b1df-4841-8136-55253c666a33,2026_W27,S476,U30587,2026-07-04 13:25:37,2026-07-04 13:47:37,Google Ads,Team,Desktop,Safari,MacOS,/home
6d8e33e0-b1df-4841-8136-55253c666a33,2026_W27,S477,U22770,2026-07-04 08:00:36,2026-07-04 08:29:36,Instagram,Deal,Mobile,Chrome,Windows,/products
6d8e33e0-b1df-4841-8136-55253c666a33,2026_W27,S478,U22155,2026-06-29 15:46:27,2026-06-29 15:47:27,Email,Thing,Desktop,Safari,iOS,/home
6d8e33e0-b1df-4841-8136-55253c666a33,2026_W27,S479,U26446,2026-06-30 01:05:09,2026-06-30 01:34:09,Instagram,Exist,Mobile,Safari,iOS,/home
6d8e33e0-b1df-4841-8136-55253c666a33,2026_W27,S480,U29553,2026-07-02 17:06:51,2026-07-02 17:40:51,Organic,Carry,Desktop,Firefox,Android,/products
6d8e33e0-b1df-4841-8136-55253c666a33,2026_W27,S481,U3353,2026-06-29 10:54:15,2026-06-29 11:08:15,Google Ads,Game,Desktop,Safari,Android,/home
6d8e33e0-b1df-4841-8136-55253c666a33,2026_W27,S482,U9275,2026-07-01 07:41:29,2026-07-01 07:52:29,Facebook,Economy,Mobile,Edge,Android,/home
6d8e33e0-b1df-4841-8136-55253c666a33,2026_W27,S483,U33744,2026-07-05 04:09:56,2026-07-05 04:37:56,Direct,Huge,Mobile,Firefox,MacOS,/offers
6d8e33e0-b1df-4841-8136-55253c666a33,2026_W27,S484,U28190,2026-06-29 14:40:39,2026-06-29 14:57:39,Facebook,Money,Tablet,Edge,Windows,/products
6d8e33e0-b1df-4841-8136-55253c666a33,2026_W27,S485,U9245,2026-07-02 18:55:25,2026-07-02 19:31:25,Organic,Represent,Tablet,Firefox,MacOS,/products
6d8e33e0-b1df-4841-8136-55253c666a33,2026_W27,S486,U508,2026-07-04 07:34:36,2026-07-04 07:38:36,Google Ads,Could,Tablet,Chrome,MacOS,/products
6d8e33e0-b1df-4841-8136-55253c666a33,2026_W27,S487,U1820,2026-06-30 21:08:25,2026-06-30 21:16:25,Google Ads,Money,Tablet,Firefox,Android,/products
6d8e33e0-b1df-4841-8136-55253c666a33,2026_W27,S488,U4936,2026-07-01 05:02:50,2026-07-01 05:24:50,Instagram,Card,Desktop,Chrome,Android,/products
6d8e33e0-b1df-4841-8136-55253c666a33,2026_W27,S489,U30018,2026-07-05 01:31:43,2026-07-05 01:52:43,Direct,Team,Desktop,Edge,iOS,/home
6d8e33e0-b1df-4841-8136-55253c666a33,2026_W27,S490,U10375,2026-07-02 17:53:28,2026-07-02 18:33:28,Email,His,Mobile,Chrome,MacOS,/products
6d8e33e0-b1df-4841-8136-55253c666a33,2026_W27,S491,U14164,2026-07-03 11:52:46,2026-07-03 12:03:46,Google Ads,Increase,Desktop,Chrome,MacOS,/products
6d8e33e0-b1df-4841-8136-55253c666a33,2026_W27,S492,U22332,2026-07-02 19:10:54,2026-07-02 19:36:54,Google Ads,Event,Mobile,Safari,Windows,/offers
6d8e33e0-b1df-4841-8136-55253c666a33,2026_W27,S493,U10176,2026-07-01 10:25:32,2026-07-01 10:46:32,Facebook,Maybe,Mobile,Firefox,iOS,/offers
6d8e33e0-b1df-4841-8136-55253c666a33,2026_W27,S494,U11463,2026-07-03 17:06:36,2026-07-03 17:46:36,Facebook,Include,Tablet,Firefox,MacOS,/offers
6d8e33e0-b1df-4841-8136-55253c666a33,2026_W27,S495,U23616,2026-07-04 07:09:29,2026-07-04 07:34:29,Facebook,Land,Tablet,Firefox,iOS,/home
6d8e33e0-b1df-4841-8136-55253c666a33,2026_W27,S496,U11469,2026-07-01 14:56:01,2026-07-01 15:34:01,Instagram,Possible,Desktop,Chrome,MacOS,/products
6d8e33e0-b1df-4841-8136-55253c666a33,2026_W27,S497,U11450,2026-07-01 13:55:04,2026-07-01 14:21:04,Organic,Each,Mobile,Edge,MacOS,/products
6d8e33e0-b1df-4841-8136-55253c666a33,2026_W27,S498,U7345,2026-07-03 16:47:53,2026-07-03 17:14:53,Facebook,Soldier,Mobile,Safari,Windows,/offers
6d8e33e0-b1df-4841-8136-55253c666a33,2026_W27,S499,U4454,2026-07-02 00:14:36,2026-07-02 00:40:36,Email,Art,Tablet,Chrome,iOS,/offers
6d8e33e0-b1df-4841-8136-55253c666a33,2026_W27,S500,U3,2026-07-04 16:23:06,2026-07-04 16:24:06,Google Ads,Create,Desktop,Edge,Windows,/offers
6d8e33e0-b1df-4841-8136-55253c666a33,2026_W27,S501,U18349,2026-06-29 15:22:59,2026-06-29 15:32:59,Direct,Environmental,Tablet,Safari,Windows,/products
6d8e33e0-b1df-4841-8136-55253c666a33,2026_W27,S502,U28415,2026-07-03 07:25:29,2026-07-03 07:45:29,Email,Treat,Desktop,Edge,Android,/home
6d8e33e0-b1df-4841-8136-55253c666a33,2026_W27,S503,U16817,2026-06-30 12:52:14,2026-06-30 12:53:14,Email,Pm,Mobile,Firefox,Android,/offers
6d8e33e0-b1df-4841-8136-55253c666a33,2026_W27,S504,U7930,2026-07-02 07:07:36,2026-07-02 07:22:36,Email,Lot,Mobile,Firefox,Android,/home
6d8e33e0-b1df-4841-8136-55253c666a33,2026_W27,S505,U1915,2026-07-02 23:32:11,2026-07-02 23:44:11,Direct,Home,Tablet,Safari,MacOS,/offers
6d8e33e0-b1df-4841-8136-55253c666a33,2026_W27,S506,U19365,2026-07-02 11:40:30,2026-07-02 12:09:30,Email,Over,Mobile,Edge,iOS,/home
6d8e33e0-b1df-4841-8136-55253c666a33,2026_W27,S507,U15849,2026-07-02 18:34:57,2026-07-02 19:08:57,Facebook,Push,Tablet,Safari,Windows,/products
6d8e33e0-b1df-4841-8136-55253c666a33,2026_W27,S508,U32291,2026-07-02 03:22:11,2026-07-02 03:35:11,Direct,Sit,Desktop,Firefox,Windows,/products
6d8e33e0-b1df-4841-8136-55253c666a33,2026_W27,S509,U5628,2026-07-04 13:32:17,2026-07-04 14:08:17,Email,Design,Desktop,Firefox,Windows,/offers
6d8e33e0-b1df-4841-8136-55253c666a33,2026_W27,S510,U20465,2026-07-01 09:37:17,2026-07-01 10:01:17,Facebook,Such,Mobile,Edge,MacOS,/home
6d8e33e0-b1df-4841-8136-55253c666a33,2026_W27,S511,U7532,2026-07-04 03:20:43,2026-07-04 03:46:43,Direct,Area,Tablet,Chrome,MacOS,/offers
6d8e33e0-b1df-4841-8136-55253c666a33,2026_W27,S512,U31714,2026-07-05 08:22:53,2026-07-05 08:47:53,Organic,Right,Tablet,Safari,MacOS,/home
6d8e33e0-b1df-4841-8136-55253c666a33,2026_W27,S513,U9590,2026-07-04 16:17:34,2026-07-04 16:24:34,Google Ads,Down,Desktop,Firefox,Windows,/products
6d8e33e0-b1df-4841-8136-55253c666a33,2026_W27,S514,U12910,2026-07-04 20:50:41,2026-07-04 21:22:41,Direct,Act,Mobile,Firefox,Android,/home
6d8e33e0-b1df-4841-8136-55253c666a33,2026_W27,S515,U4176,2026-07-04 07:09:58,2026-07-04 07:30:58,Google Ads,Be,Desktop,Chrome,iOS,/home
6d8e33e0-b1df-4841-8136-55253c666a33,2026_W27,S516,U28156,2026-07-05 07:59:44,2026-07-05 08:00:44,Google Ads,Member,Mobile,Firefox,Android,/products
6d8e33e0-b1df-4841-8136-55253c666a33,2026_W27,S517,U5738,2026-07-01 20:45:07,2026-07-01 21:15:07,Google Ads,Successful,Desktop,Chrome,Windows,/offers
6d8e33e0-b1df-4841-8136-55253c666a33,2026_W27,S518,U25933,2026-07-01 12:37:53,2026-07-01 12:58:53,Instagram,Often,Desktop,Edge,MacOS,/products
6d8e33e0-b1df-4841-8136-55253c666a33,2026_W27,S519,U20559,2026-07-01 04:31:42,2026-07-01 04:54:42,Instagram,Account,Desktop,Safari,MacOS,/home
6d8e33e0-b1df-4841-8136-55253c666a33,2026_W27,S520,U1470,2026-07-02 11:44:01,2026-07-02 12:11:01,Facebook,Star,Desktop,Edge,iOS,/home
6d8e33e0-b1df-4841-8136-55253c666a33,2026_W27,S521,U32731,2026-06-30 12:06:53,2026-06-30 12:43:53,Instagram,White,Tablet,Firefox,MacOS,/offers
6d8e33e0-b1df-4841-8136-55253c666a33,2026_W27,S522,U14198,2026-07-04 04:18:18,2026-07-04 04:26:18,Instagram,Behavior,Tablet,Chrome,Android,/products
6d8e33e0-b1df-4841-8136-55253c666a33,2026_W27,S523,U22190,2026-07-01 23:22:03,2026-07-01 23:57:03,Instagram,Commercial,Tablet,Safari,iOS,/home
6d8e33e0-b1df-4841-8136-55253c666a33,2026_W27,S524,U13215,2026-07-02 14:48:19,2026-07-02 15:14:19,Organic,Body,Tablet,Edge,Android,/offers
6d8e33e0-b1df-4841-8136-55253c666a33,2026_W27,S525,U10270,2026-07-01 03:51:36,2026-07-01 04:31:36,Email,Gas,Desktop,Edge,Android,/products
6d8e33e0-b1df-4841-8136-55253c666a33,2026_W27,S526,U27736,2026-07-04 20:58:09,2026-07-04 21:25:09,Direct,Light,Desktop,Firefox,iOS,/home
6d8e33e0-b1df-4841-8136-55253c666a33,2026_W27,S527,U8472,2026-07-02 12:57:12,2026-07-02 13:32:12,Google Ads,Cover,Desktop,Edge,Android,/products
6d8e33e0-b1df-4841-8136-55253c666a33,2026_W27,S528,U32197,2026-07-01 10:04:33,2026-07-01 10:39:33,Email,Player,Mobile,Firefox,MacOS,/home
6d8e33e0-b1df-4841-8136-55253c666a33,2026_W27,S529,U12140,2026-07-05 05:36:01,2026-07-05 05:59:01,Direct,Policy,Tablet,Firefox,Windows,/products
6d8e33e0-b1df-4841-8136-55253c666a33,2026_W27,S530,U19205,2026-06-29 13:50:43,2026-06-29 14:30:43,Google Ads,Factor,Desktop,Edge,iOS,/home
6d8e33e0-b1df-4841-8136-55253c666a33,2026_W27,S531,U21106,2026-07-02 20:18:10,2026-07-02 20:55:10,Direct,Read,Mobile,Firefox,Android,/products
6d8e33e0-b1df-4841-8136-55253c666a33,2026_W27,S532,U289,2026-06-30 06:45:06,2026-06-30 07:00:06,Direct,Only,Mobile,Safari,Android,/offers
6d8e33e0-b1df-4841-8136-55253c666a33,2026_W27,S533,U8847,2026-07-05 06:36:52,2026-07-05 06:41:52,Instagram,Spring,Tablet,Safari,Android,/home
6d8e33e0-b1df-4841-8136-55253c666a33,2026_W27,S534,U6065,2026-07-05 05:35:39,2026-07-05 05:57:39,Facebook,Relationship,Tablet,Chrome,Windows,/products
6d8e33e0-b1df-4841-8136-55253c666a33,2026_W27,S535,U27436,2026-07-01 18:34:40,2026-07-01 19:08:40,Direct,Issue,Tablet,Safari,MacOS,/home
6d8e33e0-b1df-4841-8136-55253c666a33,2026_W27,S536,U34621,2026-07-02 18:40:05,2026-07-02 19:11:05,Email,Set,Mobile,Edge,Windows,/products
6d8e33e0-b1df-4841-8136-55253c666a33,2026_W27,S537,U31296,2026-06-30 19:04:40,2026-06-30 19:15:40,Facebook,East,Tablet,Firefox,iOS,/products
6d8e33e0-b1df-4841-8136-55253c666a33,2026_W27,S538,U12618,2026-06-30 20:53:50,2026-06-30 20:56:50,Instagram,Other,Mobile,Edge,iOS,/products
6d8e33e0-b1df-4841-8136-55253c666a33,2026_W27,S539,U33240,2026-06-30 08:09:55,2026-06-30 08:38:55,Organic,Then,Mobile,Safari,Windows,/offers
6d8e33e0-b1df-4841-8136-55253c666a33,2026_W27,S540,U28215,2026-07-02 13:07:49,2026-07-02 13:27:49,Instagram,Among,Desktop,Firefox,Windows,/home
6d8e33e0-b1df-4841-8136-55253c666a33,2026_W27,S541,U12041,2026-07-01 22:02:19,2026-07-01 22:04:19,Email,Million,Tablet,Chrome,iOS,/offers
6d8e33e0-b1df-4841-8136-55253c666a33,2026_W27,S542,U1207,2026-07-02 02:27:16,2026-07-02 03:06:16,Direct,Pay,Tablet,Firefox,MacOS,/products
6d8e33e0-b1df-4841-8136-55253c666a33,2026_W27,S543,U20126,2026-07-02 19:16:29,2026-07-02 19:54:29,Instagram,Couple,Desktop,Firefox,Android,/home
6d8e33e0-b1df-4841-8136-55253c666a33,2026_W27,S544,U18161,2026-07-03 08:37:28,2026-07-03 09:06:28,Direct,Stay,Tablet,Firefox,Android,/offers
6d8e33e0-b1df-4841-8136-55253c666a33,2026_W27,S545,U22290,2026-07-04 14:12:43,2026-07-04 14:18:43,Facebook,Hot,Desktop,Safari,iOS,/products
6d8e33e0-b1df-4841-8136-55253c666a33,2026_W27,S546,U15146,2026-07-01 19:34:35,2026-07-01 20:03:35,Organic,Toward,Mobile,Firefox,iOS,/products
6d8e33e0-b1df-4841-8136-55253c666a33,2026_W27,S547,U7554,2026-07-03 04:49:47,2026-07-03 05:24:47,Organic,Oil,Desktop,Edge,MacOS,/products
6d8e33e0-b1df-4841-8136-55253c666a33,2026_W27,S548,U17870,2026-07-04 17:20:15,2026-07-04 17:33:15,Direct,Minute,Desktop,Firefox,Windows,/offers
6d8e33e0-b1df-4841-8136-55253c666a33,2026_W27,S549,U11995,2026-06-30 03:30:12,2026-06-30 04:06:12,Organic,Would,Desktop,Edge,iOS,/home
6d8e33e0-b1df-4841-8136-55253c666a33,2026_W27,S550,U9266,2026-07-01 03:13:13,2026-07-01 03:32:13,Google Ads,Whom,Mobile,Safari,Windows,/offers
6d8e33e0-b1df-4841-8136-55253c666a33,2026_W27,S551,U28835,2026-07-04 22:10:02,2026-07-04 22:19:02,Instagram,Fear,Desktop,Firefox,iOS,/offers
6d8e33e0-b1df-4841-8136-55253c666a33,2026_W27,S552,U33441,2026-06-29 23:37:36,2026-06-29 23:40:36,Email,She,Mobile,Chrome,Android,/products
6d8e33e0-b1df-4841-8136-55253c666a33,2026_W27,S553,U13512,2026-07-03 04:00:22,2026-07-03 04:17:22,Direct,Pay,Mobile,Chrome,iOS,/offers
6d8e33e0-b1df-4841-8136-55253c666a33,2026_W27,S554,U9417,2026-07-01 18:05:44,2026-07-01 18:31:44,Direct,Quickly,Mobile,Firefox,MacOS,/offers
6d8e33e0-b1df-4841-8136-55253c666a33,2026_W27,S555,U8102,2026-06-30 09:19:43,2026-06-30 09:57:43,Facebook,Election,Mobile,Firefox,Windows,/offers
6d8e33e0-b1df-4841-8136-55253c666a33,2026_W27,S556,U25759,2026-06-30 11:12:19,2026-06-30 11:52:19,Google Ads,Turn,Mobile,Safari,iOS,/products
6d8e33e0-b1df-4841-8136-55253c666a33,2026_W27,S557,U20515,2026-07-02 15:26:08,2026-07-02 15:59:08,Direct,Describe,Mobile,Firefox,Windows,/home
6d8e33e0-b1df-4841-8136-55253c666a33,2026_W27,S558,U25408,2026-07-03 08:00:32,2026-07-03 08:37:32,Direct,Treatment,Tablet,Edge,Windows,/products
6d8e33e0-b1df-4841-8136-55253c666a33,2026_W27,S559,U28967,2026-07-04 22:14:34,2026-07-04 22:42:34,Direct,Center,Tablet,Firefox,Windows,/offers
6d8e33e0-b1df-4841-8136-55253c666a33,2026_W27,S560,U4671,2026-07-01 16:39:07,2026-07-01 16:52:07,Google Ads,Result,Desktop,Edge,iOS,/products
6d8e33e0-b1df-4841-8136-55253c666a33,2026_W27,S561,U28638,2026-07-02 13:41:13,2026-07-02 13:51:13,Email,Put,Desktop,Firefox,Android,/offers
6d8e33e0-b1df-4841-8136-55253c666a33,2026_W27,S562,U26780,2026-06-30 13:34:57,2026-06-30 13:45:57,Facebook,Gun,Mobile,Safari,Android,/products
6d8e33e0-b1df-4841-8136-55253c666a33,2026_W27,S563,U23799,2026-07-01 23:33:06,2026-07-02 00:12:06,Direct,One,Mobile,Chrome,Android,/offers
6d8e33e0-b1df-4841-8136-55253c666a33,2026_W27,S564,U33892,2026-07-03 13:44:05,2026-07-03 14:24:05,Google Ads,Environmental,Mobile,Chrome,MacOS,/products
6d8e33e0-b1df-4841-8136-55253c666a33,2026_W27,S565,U23181,2026-07-01 21:27:37,2026-07-01 21:57:37,Facebook,Herself,Desktop,Edge,MacOS,/products
6d8e33e0-b1df-4841-8136-55253c666a33,2026_W27,S566,U25295,2026-07-01 07:32:19,2026-07-01 08:12:19,Instagram,Partner,Desktop,Edge,Android,/offers
6d8e33e0-b1df-4841-8136-55253c666a33,2026_W27,S567,U6827,2026-07-05 02:40:47,2026-07-05 03:16:47,Facebook,At,Tablet,Firefox,Windows,/home
6d8e33e0-b1df-4841-8136-55253c666a33,2026_W27,S568,U12586,2026-06-30 04:16:43,2026-06-30 04:29:43,Facebook,Level,Mobile,Firefox,Windows,/offers
6d8e33e0-b1df-4841-8136-55253c666a33,2026_W27,S569,U4321,2026-06-30 07:05:09,2026-06-30 07:16:09,Email,Player,Mobile,Edge,iOS,/products
6d8e33e0-b1df-4841-8136-55253c666a33,2026_W27,S570,U30337,2026-07-02 09:22:30,2026-07-02 09:48:30,Google Ads,Office,Tablet,Chrome,MacOS,/home
6d8e33e0-b1df-4841-8136-55253c666a33,2026_W27,S571,U24638,2026-07-02 19:23:04,2026-07-02 19:59:04,Facebook,Republican,Tablet,Chrome,iOS,/home
6d8e33e0-b1df-4841-8136-55253c666a33,2026_W27,S572,U5381,2026-07-03 23:10:21,2026-07-03 23:47:21,Google Ads,Poor,Desktop,Edge,Windows,/offers
6d8e33e0-b1df-4841-8136-55253c666a33,2026_W27,S573,U24693,2026-07-04 16:00:17,2026-07-04 16:30:17,Google Ads,Kind,Desktop,Chrome,MacOS,/offers
6d8e33e0-b1df-4841-8136-55253c666a33,2026_W27,S574,U21465,2026-06-30 13:08:01,2026-06-30 13:32:01,Facebook,Itself,Tablet,Edge,iOS,/offers
6d8e33e0-b1df-4841-8136-55253c666a33,2026_W27,S575,U10169,2026-07-03 17:35:05,2026-07-03 17:47:05,Email,Raise,Mobile,Safari,MacOS,/products
6d8e33e0-b1df-4841-8136-55253c666a33,2026_W27,S576,U16926,2026-07-01 14:46:54,2026-07-01 15:03:54,Instagram,Indicate,Tablet,Chrome,Windows,/products
6d8e33e0-b1df-4841-8136-55253c666a33,2026_W27,S577,U12055,2026-07-03 00:54:45,2026-07-03 01:25:45,Facebook,Reduce,Mobile,Safari,iOS,/products
6d8e33e0-b1df-4841-8136-55253c666a33,2026_W27,S578,U23409,2026-07-05 03:21:52,2026-07-05 03:59:52,Facebook,Gun,Tablet,Edge,Windows,/home
6d8e33e0-b1df-4841-8136-55253c666a33,2026_W27,S579,U29131,2026-06-30 04:17:18,2026-06-30 04:49:18,Facebook,New,Mobile,Safari,Android,/home
6d8e33e0-b1df-4841-8136-55253c666a33,2026_W27,S580,U24761,2026-07-03 13:50:47,2026-07-03 13:55:47,Direct,Top,Desktop,Chrome,Windows,/offers
6d8e33e0-b1df-4841-8136-55253c666a33,2026_W27,S581,U746,2026-06-30 10:37:20,2026-06-30 10:45:20,Google Ads,Avoid,Desktop,Safari,Windows,/home
6d8e33e0-b1df-4841-8136-55253c666a33,2026_W27,S582,U19303,2026-07-02 07:18:14,2026-07-02 07:53:14,Instagram,Check,Tablet,Chrome,iOS,/products
6d8e33e0-b1df-4841-8136-55253c666a33,2026_W27,S583,U19876,2026-07-03 20:38:46,2026-07-03 20:47:46,Instagram,Bed,Tablet,Firefox,iOS,/products
6d8e33e0-b1df-4841-8136-55253c666a33,2026_W27,S584,U9148,2026-06-30 07:27:10,2026-06-30 07:29:10,Organic,Cut,Tablet,Safari,Android,/offers
6d8e33e0-b1df-4841-8136-55253c666a33,2026_W27,S585,U11686,2026-07-01 17:58:22,2026-07-01 18:12:22,Email,And,Tablet,Edge,Windows,/home
6d8e33e0-b1df-4841-8136-55253c666a33,2026_W27,S586,U27059,2026-07-04 21:12:48,2026-07-04 21:48:48,Organic,Body,Desktop,Firefox,iOS,/products
6d8e33e0-b1df-4841-8136-55253c666a33,2026_W27,S587,U15644,2026-06-29 15:23:58,2026-06-29 15:44:58,Organic,Debate,Tablet,Firefox,Windows,/products
6d8e33e0-b1df-4841-8136-55253c666a33,2026_W27,S588,U778,2026-07-04 18:23:54,2026-07-04 18:32:54,Instagram,Capital,Mobile,Firefox,iOS,/offers
6d8e33e0-b1df-4841-8136-55253c666a33,2026_W27,S589,U34191,2026-07-01 07:07:39,2026-07-01 07:33:39,Instagram,Project,Mobile,Chrome,Android,/offers
6d8e33e0-b1df-4841-8136-55253c666a33,2026_W27,S590,U26831,2026-07-01 00:42:41,2026-07-01 01:15:41,Direct,Special,Tablet,Chrome,Android,/offers
6d8e33e0-b1df-4841-8136-55253c666a33,2026_W27,S591,U10976,2026-07-02 10:31:56,2026-07-02 10:58:56,Direct,Note,Tablet,Edge,Android,/products
6d8e33e0-b1df-4841-8136-55253c666a33,2026_W27,S592,U21403,2026-07-04 06:38:57,2026-07-04 07:13:57,Google Ads,Pm,Tablet,Safari,iOS,/home
6d8e33e0-b1df-4841-8136-55253c666a33,2026_W27,S593,U3481,2026-07-05 07:52:05,2026-07-05 08:06:05,Google Ads,Case,Desktop,Chrome,Windows,/offers
6d8e33e0-b1df-4841-8136-55253c666a33,2026_W27,S594,U5684,2026-07-03 00:42:18,2026-07-03 01:03:18,Email,Heart,Desktop,Safari,iOS,/home
6d8e33e0-b1df-4841-8136-55253c666a33,2026_W27,S595,U34982,2026-06-30 18:54:06,2026-06-30 18:59:06,Facebook,That,Desktop,Edge,iOS,/home
6d8e33e0-b1df-4841-8136-55253c666a33,2026_W27,S596,U12666,2026-07-03 04:13:29,2026-07-03 04:29:29,Facebook,Item,Desktop,Edge,Android,/home
6d8e33e0-b1df-4841-8136-55253c666a33,2026_W27,S597,U30206,2026-07-04 09:03:15,2026-07-04 09:25:15,Google Ads,Beyond,Tablet,Firefox,Windows,/home
6d8e33e0-b1df-4841-8136-55253c666a33,2026_W27,S598,U27530,2026-07-03 22:14:20,2026-07-03 22:30:20,Instagram,Talk,Mobile,Chrome,Windows,/home
6d8e33e0-b1df-4841-8136-55253c666a33,2026_W27,S599,U32259,2026-07-01 01:40:15,2026-07-01 01:49:15,Organic,Parent,Tablet,Firefox,Android,/products
6d8e33e0-b1df-4841-8136-55253c666a33,2026_W27,S600,U29406,2026-06-29 09:33:43,2026-06-29 10:01:43,Google Ads,Network,Tablet,Safari,Windows,/offers
6d8e33e0-b1df-4841-8136-55253c666a33,2026_W27,S601,U7441,2026-07-04 02:51:26,2026-07-04 02:57:26,Facebook,Among,Mobile,Safari,Android,/offers
6d8e33e0-b1df-4841-8136-55253c666a33,2026_W27,S602,U34054,2026-06-30 11:10:15,2026-06-30 11:50:15,Email,Picture,Mobile,Edge,MacOS,/products
6d8e33e0-b1df-4841-8136-55253c666a33,2026_W27,S603,U8113,2026-07-04 08:47:48,2026-07-04 09:14:48,Email,North,Mobile,Safari,Windows,/home
6d8e33e0-b1df-4841-8136-55253c666a33,2026_W27,S604,U31405,2026-06-29 10:53:33,2026-06-29 11:31:33,Email,Matter,Desktop,Edge,Android,/products
6d8e33e0-b1df-4841-8136-55253c666a33,2026_W27,S605,U4505,2026-07-03 10:03:11,2026-07-03 10:34:11,Direct,Meet,Desktop,Chrome,iOS,/offers
6d8e33e0-b1df-4841-8136-55253c666a33,2026_W27,S606,U14160,2026-07-01 14:30:49,2026-07-01 14:59:49,Organic,Box,Tablet,Chrome,Windows,/products
6d8e33e0-b1df-4841-8136-55253c666a33,2026_W27,S607,U29714,2026-07-04 01:33:55,2026-07-04 02:02:55,Instagram,Authority,Tablet,Firefox,MacOS,/products
6d8e33e0-b1df-4841-8136-55253c666a33,2026_W27,S608,U19829,2026-06-30 15:25:55,2026-06-30 15:44:55,Facebook,Against,Tablet,Firefox,MacOS,/home
6d8e33e0-b1df-4841-8136-55253c666a33,2026_W27,S609,U18787,2026-07-03 05:39:47,2026-07-03 05:55:47,Email,Manager,Tablet,Firefox,Android,/products
6d8e33e0-b1df-4841-8136-55253c666a33,2026_W27,S610,U30310,2026-07-02 11:22:15,2026-07-02 12:02:15,Email,Interesting,Mobile,Edge,Android,/home
6d8e33e0-b1df-4841-8136-55253c666a33,2026_W27,S611,U24279,2026-07-03 20:03:57,2026-07-03 20:31:57,Direct,Cup,Mobile,Edge,MacOS,/products
6d8e33e0-b1df-4841-8136-55253c666a33,2026_W27,S612,U27667,2026-07-04 15:56:37,2026-07-04 16:02:37,Facebook,Realize,Mobile,Firefox,Windows,/home
6d8e33e0-b1df-4841-8136-55253c666a33,2026_W27,S613,U11603,2026-07-04 01:53:15,2026-07-04 02:31:15,Facebook,Nation,Tablet,Safari,Windows,/home
6d8e33e0-b1df-4841-8136-55253c666a33,2026_W27,S614,U16504,2026-06-29 10:39:46,2026-06-29 11:06:46,Direct,Receive,Desktop,Chrome,Android,/home
6d8e33e0-b1df-4841-8136-55253c666a33,2026_W27,S615,U18819,2026-07-01 00:20:34,2026-07-01 00:48:34,Email,Yet,Mobile,Safari,Windows,/offers
6d8e33e0-b1df-4841-8136-55253c666a33,2026_W27,S616,U4093,2026-06-30 03:16:14,2026-06-30 03:31:14,Google Ads,Role,Desktop,Chrome,iOS,/home
6d8e33e0-b1df-4841-8136-55253c666a33,2026_W27,S617,U11484,2026-07-02 09:34:08,2026-07-02 09:36:08,Facebook,Plan,Desktop,Chrome,iOS,/offers
6d8e33e0-b1df-4841-8136-55253c666a33,2026_W27,S618,U23095,2026-07-03 18:36:37,2026-07-03 19:06:37,Facebook,Blue,Mobile,Firefox,MacOS,/offers
6d8e33e0-b1df-4841-8136-55253c666a33,2026_W27,S619,U16013,2026-07-01 02:53:06,2026-07-01 03:23:06,Facebook,Trial,Mobile,Safari,Android,/home
6d8e33e0-b1df-4841-8136-55253c666a33,2026_W27,S620,U21318,2026-07-04 07:25:28,2026-07-04 07:44:28,Direct,And,Tablet,Chrome,Android,/products
6d8e33e0-b1df-4841-8136-55253c666a33,2026_W27,S621,U6921,2026-06-30 01:18:59,2026-06-30 01:22:59,Instagram,Size,Mobile,Firefox,MacOS,/products
6d8e33e0-b1df-4841-8136-55253c666a33,2026_W27,S622,U6895,2026-07-04 20:54:37,2026-07-04 21:14:37,Instagram,A,Mobile,Edge,Android,/home
6d8e33e0-b1df-4841-8136-55253c666a33,2026_W27,S623,U10869,2026-07-03 14:47:38,2026-07-03 14:51:38,Google Ads,Teach,Desktop,Chrome,iOS,/offers
6d8e33e0-b1df-4841-8136-55253c666a33,2026_W27,S624,U25182,2026-07-05 04:05:35,2026-07-05 04:17:35,Email,Anyone,Tablet,Edge,Windows,/home
6d8e33e0-b1df-4841-8136-55253c666a33,2026_W27,S625,U9702,2026-06-29 11:38:43,2026-06-29 12:05:43,Google Ads,Culture,Desktop,Chrome,Windows,/offers
6d8e33e0-b1df-4841-8136-55253c666a33,2026_W27,S626,U15146,2026-07-03 20:46:22,2026-07-03 21:18:22,Organic,Industry,Tablet,Firefox,MacOS,/home
6d8e33e0-b1df-4841-8136-55253c666a33,2026_W27,S627,U1124,2026-06-30 19:32:00,2026-06-30 19:46:00,Facebook,Think,Tablet,Firefox,MacOS,/offers
6d8e33e0-b1df-4841-8136-55253c666a33,2026_W27,S628,U22384,2026-07-05 00:35:08,2026-07-05 01:09:08,Instagram,Watch,Mobile,Chrome,Windows,/products
6d8e33e0-b1df-4841-8136-55253c666a33,2026_W27,S629,U9966,2026-07-01 06:01:29,2026-07-01 06:34:29,Instagram,Service,Tablet,Chrome,MacOS,/offers
6d8e33e0-b1df-4841-8136-55253c666a33,2026_W27,S630,U29490,2026-07-04 01:25:54,2026-07-04 02:03:54,Instagram,Teacher,Tablet,Edge,MacOS,/offers
6d8e33e0-b1df-4841-8136-55253c666a33,2026_W27,S631,U2809,2026-07-05 07:01:11,2026-07-05 07:03:11,Instagram,Dinner,Desktop,Chrome,MacOS,/home
6d8e33e0-b1df-4841-8136-55253c666a33,2026_W27,S632,U7666,2026-07-04 08:29:45,2026-07-04 09:07:45,Direct,Eye,Tablet,Safari,Android,/home
6d8e33e0-b1df-4841-8136-55253c666a33,2026_W27,S633,U13025,2026-07-03 23:18:13,2026-07-03 23:32:13,Email,Pass,Tablet,Edge,Android,/home
6d8e33e0-b1df-4841-8136-55253c666a33,2026_W27,S634,U13433,2026-07-01 04:51:35,2026-07-01 04:59:35,Facebook,Main,Tablet,Edge,MacOS,/home
6d8e33e0-b1df-4841-8136-55253c666a33,2026_W27,S635,U24098,2026-07-02 07:04:11,2026-07-02 07:17:11,Direct,Body,Tablet,Edge,Windows,/products
6d8e33e0-b1df-4841-8136-55253c666a33,2026_W27,S636,U16022,2026-07-04 23:04:03,2026-07-04 23:44:03,Facebook,Million,Tablet,Chrome,Windows,/offers
6d8e33e0-b1df-4841-8136-55253c666a33,2026_W27,S637,U26139,2026-07-01 14:10:40,2026-07-01 14:16:40,Facebook,Cut,Desktop,Chrome,Android,/offers
6d8e33e0-b1df-4841-8136-55253c666a33,2026_W27,S638,U11626,2026-06-29 10:07:52,2026-06-29 10:34:52,Email,According,Tablet,Edge,Windows,/home
6d8e33e0-b1df-4841-8136-55253c666a33,2026_W27,S639,U5063,2026-06-30 21:40:51,2026-06-30 22:16:51,Direct,Task,Tablet,Chrome,Android,/home
6d8e33e0-b1df-4841-8136-55253c666a33,2026_W27,S640,U14888,2026-06-30 19:32:23,2026-06-30 19:44:23,Facebook,Be,Mobile,Safari,MacOS,/offers
6d8e33e0-b1df-4841-8136-55253c666a33,2026_W27,S641,U8827,2026-07-04 22:16:52,2026-07-04 22:21:52,Direct,Range,Mobile,Edge,iOS,/offers
6d8e33e0-b1df-4841-8136-55253c666a33,2026_W27,S642,U20343,2026-07-01 11:56:27,2026-07-01 12:26:27,Facebook,Of,Mobile,Edge,Android,/offers
6d8e33e0-b1df-4841-8136-55253c666a33,2026_W27,S643,U29710,2026-07-02 02:10:17,2026-07-02 02:42:17,Organic,Citizen,Mobile,Chrome,Windows,/products
6d8e33e0-b1df-4841-8136-55253c666a33,2026_W27,S644,U13431,2026-07-01 05:44:29,2026-07-01 06:20:29,Facebook,Knowledge,Desktop,Chrome,iOS,/offers
6d8e33e0-b1df-4841-8136-55253c666a33,2026_W27,S645,U20364,2026-06-30 14:08:21,2026-06-30 14:33:21,Email,Media,Tablet,Edge,MacOS,/home
6d8e33e0-b1df-4841-8136-55253c666a33,2026_W27,S646,U24223,2026-07-04 12:49:38,2026-07-04 12:51:38,Instagram,Serve,Mobile,Firefox,MacOS,/products
6d8e33e0-b1df-4841-8136-55253c666a33,2026_W27,S647,U15017,2026-07-03 18:17:05,2026-07-03 18:47:05,Instagram,Hard,Tablet,Edge,Android,/offers
6d8e33e0-b1df-4841-8136-55253c666a33,2026_W27,S648,U21359,2026-07-02 15:13:34,2026-07-02 15:36:34,Instagram,Show,Mobile,Firefox,iOS,/products
6d8e33e0-b1df-4841-8136-55253c666a33,2026_W27,S649,U16962,2026-07-04 09:37:17,2026-07-04 09:53:17,Email,Final,Tablet,Chrome,Android,/offers
6d8e33e0-b1df-4841-8136-55253c666a33,2026_W27,S650,U6184,2026-06-30 08:26:23,2026-06-30 08:54:23,Direct,System,Desktop,Chrome,Android,/offers
6d8e33e0-b1df-4841-8136-55253c666a33,2026_W27,S651,U3269,2026-07-01 13:00:42,2026-07-01 13:03:42,Instagram,Site,Mobile,Edge,iOS,/home
6d8e33e0-b1df-4841-8136-55253c666a33,2026_W27,S652,U21282,2026-06-29 14:53:17,2026-06-29 14:56:17,Google Ads,Weight,Mobile,Edge,MacOS,/offers
6d8e33e0-b1df-4841-8136-55253c666a33,2026_W27,S653,U16412,2026-06-30 04:35:46,2026-06-30 04:46:46,Organic,Carry,Mobile,Firefox,Windows,/products
6d8e33e0-b1df-4841-8136-55253c666a33,2026_W27,S654,U21910,2026-07-03 07:41:00,2026-07-03 08:07:00,Organic,Score,Desktop,Chrome,MacOS,/home
6d8e33e0-b1df-4841-8136-55253c666a33,2026_W27,S655,U29258,2026-06-30 05:07:52,2026-06-30 05:22:52,Organic,Provide,Mobile,Safari,iOS,/products
6d8e33e0-b1df-4841-8136-55253c666a33,2026_W27,S656,U3148,2026-07-01 01:26:14,2026-07-01 01:48:14,Organic,Any,Tablet,Chrome,Android,/home
6d8e33e0-b1df-4841-8136-55253c666a33,2026_W27,S657,U28232,2026-07-01 05:07:08,2026-07-01 05:44:08,Facebook,Act,Desktop,Chrome,Android,/offers
6d8e33e0-b1df-4841-8136-55253c666a33,2026_W27,S658,U26376,2026-07-05 03:26:24,2026-07-05 03:54:24,Email,Own,Mobile,Edge,iOS,/products
6d8e33e0-b1df-4841-8136-55253c666a33,2026_W27,S659,U2315,2026-07-01 11:05:53,2026-07-01 11:35:53,Instagram,That,Desktop,Firefox,iOS,/products
6d8e33e0-b1df-4841-8136-55253c666a33,2026_W27,S660,U19292,2026-07-01 11:04:22,2026-07-01 11:34:22,Instagram,Thousand,Mobile,Chrome,MacOS,/offers
6d8e33e0-b1df-4841-8136-55253c666a33,2026_W27,S661,U10510,2026-06-30 02:41:54,2026-06-30 02:57:54,Google Ads,Question,Desktop,Chrome,Android,/home
6d8e33e0-b1df-4841-8136-55253c666a33,2026_W27,S662,U5510,2026-07-02 11:47:35,2026-07-02 12:01:35,Google Ads,Others,Mobile,Safari,iOS,/home
6d8e33e0-b1df-4841-8136-55253c666a33,2026_W27,S663,U9461,2026-06-29 16:10:21,2026-06-29 16:28:21,Google Ads,Throw,Mobile,Edge,MacOS,/home
6d8e33e0-b1df-4841-8136-55253c666a33,2026_W27,S664,U19235,2026-07-02 05:01:36,2026-07-02 05:30:36,Organic,House,Mobile,Firefox,iOS,/products
6d8e33e0-b1df-4841-8136-55253c666a33,2026_W27,S665,U26860,2026-06-29 23:49:19,2026-06-29 23:51:19,Email,Provide,Tablet,Chrome,iOS,/offers
6d8e33e0-b1df-4841-8136-55253c666a33,2026_W27,S666,U16146,2026-07-02 01:11:46,2026-07-02 01:38:46,Email,Beat,Tablet,Safari,Windows,/offers
6d8e33e0-b1df-4841-8136-55253c666a33,2026_W27,S667,U13451,2026-07-02 18:54:52,2026-07-02 19:06:52,Organic,About,Desktop,Firefox,Android,/products
6d8e33e0-b1df-4841-8136-55253c666a33,2026_W27,S668,U9502,2026-07-03 21:59:51,2026-07-03 22:37:51,Instagram,Leader,Tablet,Edge,Windows,/home
6d8e33e0-b1df-4841-8136-55253c666a33,2026_W27,S669,U9040,2026-07-02 16:20:23,2026-07-02 16:22:23,Email,Role,Mobile,Firefox,Windows,/offers
6d8e33e0-b1df-4841-8136-55253c666a33,2026_W27,S670,U16457,2026-07-01 01:58:14,2026-07-01 02:02:14,Organic,Concern,Desktop,Edge,iOS,/offers
6d8e33e0-b1df-4841-8136-55253c666a33,2026_W27,S671,U19297,2026-06-30 23:23:50,2026-06-30 23:26:50,Direct,Young,Desktop,Edge,Android,/products
6d8e33e0-b1df-4841-8136-55253c666a33,2026_W27,S672,U6092,2026-06-29 13:15:30,2026-06-29 13:45:30,Google Ads,Ahead,Mobile,Safari,iOS,/products
6d8e33e0-b1df-4841-8136-55253c666a33,2026_W27,S673,U1771,2026-07-03 00:47:14,2026-07-03 01:26:14,Direct,Debate,Tablet,Safari,Android,/products
6d8e33e0-b1df-4841-8136-55253c666a33,2026_W27,S674,U6087,2026-07-01 14:33:49,2026-07-01 14:52:49,Instagram,Police,Desktop,Safari,Android,/products
6d8e33e0-b1df-4841-8136-55253c666a33,2026_W27,S675,U34571,2026-07-01 17:02:22,2026-07-01 17:17:22,Organic,Music,Mobile,Firefox,MacOS,/home
6d8e33e0-b1df-4841-8136-55253c666a33,2026_W27,S676,U7075,2026-07-01 21:55:38,2026-07-01 22:02:38,Facebook,Born,Mobile,Safari,iOS,/products
6d8e33e0-b1df-4841-8136-55253c666a33,2026_W27,S677,U21598,2026-07-02 09:35:38,2026-07-02 10:12:38,Facebook,Arrive,Tablet,Safari,Android,/products
6d8e33e0-b1df-4841-8136-55253c666a33,2026_W27,S678,U27921,2026-06-29 17:20:16,2026-06-29 17:36:16,Facebook,Reflect,Desktop,Edge,Android,/home
6d8e33e0-b1df-4841-8136-55253c666a33,2026_W27,S679,U9098,2026-07-02 17:29:58,2026-07-02 17:47:58,Organic,Try,Mobile,Safari,Android,/offers
6d8e33e0-b1df-4841-8136-55253c666a33,2026_W27,S680,U27706,2026-07-02 22:26:46,2026-07-02 22:27:46,Instagram,Second,Mobile,Edge,Windows,/products
6d8e33e0-b1df-4841-8136-55253c666a33,2026_W27,S681,U4715,2026-07-03 04:37:09,2026-07-03 05:00:09,Organic,Create,Mobile,Chrome,Windows,/home
6d8e33e0-b1df-4841-8136-55253c666a33,2026_W27,S682,U33860,2026-07-04 20:33:04,2026-07-04 21:06:04,Google Ads,Husband,Desktop,Firefox,Windows,/products
6d8e33e0-b1df-4841-8136-55253c666a33,2026_W27,S683,U3071,2026-06-29 18:33:55,2026-06-29 18:51:55,Direct,Top,Tablet,Edge,Android,/products
6d8e33e0-b1df-4841-8136-55253c666a33,2026_W27,S684,U33320,2026-07-04 16:46:30,2026-07-04 17:17:30,Direct,Organization,Desktop,Safari,MacOS,/home
6d8e33e0-b1df-4841-8136-55253c666a33,2026_W27,S685,U17967,2026-07-02 01:38:20,2026-07-02 01:45:20,Facebook,Spring,Desktop,Firefox,Android,/offers
6d8e33e0-b1df-4841-8136-55253c666a33,2026_W27,S686,U29154,2026-07-03 02:05:21,2026-07-03 02:42:21,Direct,Edge,Tablet,Chrome,Android,/products
6d8e33e0-b1df-4841-8136-55253c666a33,2026_W27,S687,U2960,2026-07-01 04:48:29,2026-07-01 04:54:29,Email,Produce,Mobile,Safari,Android,/products
6d8e33e0-b1df-4841-8136-55253c666a33,2026_W27,S688,U34326,2026-07-04 20:50:28,2026-07-04 21:30:28,Facebook,Quality,Mobile,Chrome,Windows,/products
6d8e33e0-b1df-4841-8136-55253c666a33,2026_W27,S689,U17619,2026-06-30 13:06:59,2026-06-30 13:31:59,Organic,Lead,Tablet,Safari,MacOS,/offers
6d8e33e0-b1df-4841-8136-55253c666a33,2026_W27,S690,U9508,2026-07-02 14:07:47,2026-07-02 14:29:47,Facebook,Sea,Desktop,Safari,MacOS,/offers
6d8e33e0-b1df-4841-8136-55253c666a33,2026_W27,S691,U34350,2026-07-03 21:33:07,2026-07-03 21:38:07,Direct,Trip,Mobile,Firefox,MacOS,/products
6d8e33e0-b1df-4841-8136-55253c666a33,2026_W27,S692,U34793,2026-07-01 03:15:56,2026-07-01 03:26:56,Instagram,Window,Desktop,Firefox,MacOS,/offers
6d8e33e0-b1df-4841-8136-55253c666a33,2026_W27,S693,U1522,2026-07-05 00:35:37,2026-07-05 00:57:37,Organic,Low,Desktop,Firefox,Android,/offers
6d8e33e0-b1df-4841-8136-55253c666a33,2026_W27,S694,U72,2026-07-03 12:18:09,2026-07-03 12:28:09,Email,Health,Mobile,Chrome,MacOS,/offers
6d8e33e0-b1df-4841-8136-55253c666a33,2026_W27,S695,U25700,2026-07-04 10:38:41,2026-07-04 10:41:41,Organic,Positive,Desktop,Safari,Android,/offers
6d8e33e0-b1df-4841-8136-55253c666a33,2026_W27,S696,U18191,2026-07-01 10:02:55,2026-07-01 10:25:55,Google Ads,Challenge,Desktop,Chrome,MacOS,/products
6d8e33e0-b1df-4841-8136-55253c666a33,2026_W27,S697,U20248,2026-07-02 13:14:59,2026-07-02 13:37:59,Email,Important,Tablet,Firefox,Windows,/home
6d8e33e0-b1df-4841-8136-55253c666a33,2026_W27,S698,U32128,2026-07-05 05:43:47,2026-07-05 06:06:47,Organic,Whatever,Desktop,Edge,Android,/offers
6d8e33e0-b1df-4841-8136-55253c666a33,2026_W27,S699,U31464,2026-07-01 11:08:15,2026-07-01 11:15:15,Instagram,Significant,Tablet,Chrome,iOS,/offers
6d8e33e0-b1df-4841-8136-55253c666a33,2026_W27,S700,U19471,2026-06-30 01:56:26,2026-06-30 02:06:26,Organic,Age,Mobile,Firefox,Android,/products
6d8e33e0-b1df-4841-8136-55253c666a33,2026_W27,S701,U6678,2026-07-03 17:50:56,2026-07-03 18:21:56,Google Ads,Nation,Mobile,Chrome,MacOS,/offers
6d8e33e0-b1df-4841-8136-55253c666a33,2026_W27,S702,U6,2026-07-01 06:59:18,2026-07-01 07:01:18,Instagram,Less,Mobile,Firefox,Android,/offers
6d8e33e0-b1df-4841-8136-55253c666a33,2026_W27,S703,U7307,2026-07-01 18:10:19,2026-07-01 18:21:19,Direct,Hard,Tablet,Safari,Windows,/offers
6d8e33e0-b1df-4841-8136-55253c666a33,2026_W27,S704,U20007,2026-06-30 19:51:07,2026-06-30 20:30:07,Instagram,World,Tablet,Firefox,Android,/offers
6d8e33e0-b1df-4841-8136-55253c666a33,2026_W27,S705,U26078,2026-06-30 22:10:48,2026-06-30 22:18:48,Email,Certain,Mobile,Edge,MacOS,/products
6d8e33e0-b1df-4841-8136-55253c666a33,2026_W27,S706,U10669,2026-06-30 01:55:53,2026-06-30 02:12:53,Direct,Cold,Mobile,Firefox,MacOS,/home
6d8e33e0-b1df-4841-8136-55253c666a33,2026_W27,S707,U3139,2026-06-30 06:39:41,2026-06-30 07:06:41,Direct,Hear,Tablet,Safari,Android,/home
6d8e33e0-b1df-4841-8136-55253c666a33,2026_W27,S708,U29484,2026-07-01 21:45:53,2026-07-01 22:04:53,Facebook,Amount,Desktop,Firefox,Android,/home
6d8e33e0-b1df-4841-8136-55253c666a33,2026_W27,S709,U24094,2026-07-03 03:10:35,2026-07-03 03:44:35,Email,School,Desktop,Chrome,MacOS,/offers
6d8e33e0-b1df-4841-8136-55253c666a33,2026_W27,S710,U33536,2026-07-03 18:11:56,2026-07-03 18:32:56,Google Ads,Bar,Tablet,Safari,MacOS,/offers
6d8e33e0-b1df-4841-8136-55253c666a33,2026_W27,S711,U5072,2026-07-01 06:20:18,2026-07-01 06:52:18,Google Ads,Word,Tablet,Firefox,Android,/products
6d8e33e0-b1df-4841-8136-55253c666a33,2026_W27,S712,U16095,2026-06-29 09:14:14,2026-06-29 09:39:14,Organic,Various,Tablet,Firefox,Windows,/home
6d8e33e0-b1df-4841-8136-55253c666a33,2026_W27,S713,U931,2026-07-03 17:49:49,2026-07-03 18:10:49,Google Ads,Thousand,Desktop,Safari,Windows,/home
6d8e33e0-b1df-4841-8136-55253c666a33,2026_W27,S714,U16460,2026-07-01 07:25:27,2026-07-01 07:59:27,Direct,Bar,Mobile,Firefox,Windows,/offers
6d8e33e0-b1df-4841-8136-55253c666a33,2026_W27,S715,U34748,2026-07-02 03:35:16,2026-07-02 03:57:16,Organic,Work,Tablet,Firefox,iOS,/offers
6d8e33e0-b1df-4841-8136-55253c666a33,2026_W27,S716,U27065,2026-07-01 22:49:48,2026-07-01 23:26:48,Direct,Talk,Desktop,Edge,MacOS,/products
6d8e33e0-b1df-4841-8136-55253c666a33,2026_W27,S717,U25467,2026-07-04 17:37:12,2026-07-04 17:48:12,Email,Capital,Desktop,Edge,MacOS,/products
6d8e33e0-b1df-4841-8136-55253c666a33,2026_W27,S718,U22474,2026-07-01 19:08:18,2026-07-01 19:48:18,Direct,Professor,Tablet,Chrome,Android,/home
6d8e33e0-b1df-4841-8136-55253c666a33,2026_W27,S719,U485,2026-06-30 23:55:23,2026-06-30 23:56:23,Email,Father,Tablet,Safari,iOS,/home
6d8e33e0-b1df-4841-8136-55253c666a33,2026_W27,S720,U32750,2026-07-05 05:00:34,2026-07-05 05:39:34,Instagram,Building,Desktop,Edge,iOS,/offers
6d8e33e0-b1df-4841-8136-55253c666a33,2026_W27,S721,U1425,2026-07-04 06:46:38,2026-07-04 07:12:38,Instagram,Theory,Desktop,Firefox,Android,/offers
6d8e33e0-b1df-4841-8136-55253c666a33,2026_W27,S722,U18589,2026-06-30 19:00:23,2026-06-30 19:36:23,Google Ads,Something,Desktop,Chrome,MacOS,/products
6d8e33e0-b1df-4841-8136-55253c666a33,2026_W27,S723,U29866,2026-07-03 23:20:32,2026-07-03 23:48:32,Facebook,Third,Tablet,Firefox,Windows,/products
6d8e33e0-b1df-4841-8136-55253c666a33,2026_W27,S724,U6438,2026-06-30 12:46:23,2026-06-30 13:01:23,Organic,Agree,Tablet,Safari,Windows,/products
6d8e33e0-b1df-4841-8136-55253c666a33,2026_W27,S725,U19378,2026-07-04 01:35:31,2026-07-04 01:50:31,Google Ads,Skill,Desktop,Edge,iOS,/products
6d8e33e0-b1df-4841-8136-55253c666a33,2026_W27,S726,U3287,2026-06-29 09:45:01,2026-06-29 10:01:01,Facebook,Think,Mobile,Firefox,Android,/products
6d8e33e0-b1df-4841-8136-55253c666a33,2026_W27,S727,U9647,2026-07-02 16:16:34,2026-07-02 16:26:34,Instagram,Maybe,Tablet,Safari,Windows,/home
6d8e33e0-b1df-4841-8136-55253c666a33,2026_W27,S728,U30756,2026-07-02 03:24:29,2026-07-02 04:01:29,Google Ads,Successful,Mobile,Firefox,Windows,/offers
6d8e33e0-b1df-4841-8136-55253c666a33,2026_W27,S729,U26415,2026-07-02 20:34:39,2026-07-02 20:49:39,Direct,Cell,Tablet,Safari,MacOS,/offers
6d8e33e0-b1df-4841-8136-55253c666a33,2026_W27,S730,U29993,2026-07-02 22:43:21,2026-07-02 22:48:21,Instagram,Term,Tablet,Safari,Android,/offers
6d8e33e0-b1df-4841-8136-55253c666a33,2026_W27,S731,U10364,2026-07-04 22:36:54,2026-07-04 22:43:54,Email,Similar,Desktop,Firefox,MacOS,/products
6d8e33e0-b1df-4841-8136-55253c666a33,2026_W27,S732,U14610,2026-07-05 02:30:37,2026-07-05 02:45:37,Direct,A,Tablet,Chrome,Android,/offers
6d8e33e0-b1df-4841-8136-55253c666a33,2026_W27,S733,U13628,2026-07-01 05:17:01,2026-07-01 05:45:01,Organic,Group,Desktop,Edge,Android,/home
6d8e33e0-b1df-4841-8136-55253c666a33,2026_W27,S734,U284,2026-06-29 15:24:51,2026-06-29 15:38:51,Direct,President,Tablet,Safari,MacOS,/offers
6d8e33e0-b1df-4841-8136-55253c666a33,2026_W27,S735,U34759,2026-07-02 23:53:50,2026-07-03 00:12:50,Direct,Upon,Tablet,Edge,Android,/products
6d8e33e0-b1df-4841-8136-55253c666a33,2026_W27,S736,U2717,2026-06-30 02:21:10,2026-06-30 02:32:10,Instagram,Fear,Tablet,Firefox,MacOS,/home
6d8e33e0-b1df-4841-8136-55253c666a33,2026_W27,S737,U6700,2026-07-05 05:48:07,2026-07-05 06:05:07,Organic,Wish,Tablet,Chrome,Windows,/home
6d8e33e0-b1df-4841-8136-55253c666a33,2026_W27,S738,U25672,2026-06-30 04:05:57,2026-06-30 04:18:57,Email,Region,Desktop,Edge,MacOS,/offers
6d8e33e0-b1df-4841-8136-55253c666a33,2026_W27,S739,U33597,2026-07-01 08:47:23,2026-07-01 09:09:23,Facebook,Window,Mobile,Chrome,iOS,/offers
6d8e33e0-b1df-4841-8136-55253c666a33,2026_W27,S740,U29341,2026-06-29 14:45:34,2026-06-29 14:57:34,Organic,Role,Tablet,Edge,MacOS,/home
6d8e33e0-b1df-4841-8136-55253c666a33,2026_W27,S741,U11649,2026-06-30 16:54:21,2026-06-30 17:12:21,Direct,Hope,Tablet,Safari,Windows,/offers
6d8e33e0-b1df-4841-8136-55253c666a33,2026_W27,S742,U16201,2026-07-02 13:35:11,2026-07-02 13:38:11,Google Ads,Democratic,Desktop,Firefox,Android,/home
6d8e33e0-b1df-4841-8136-55253c666a33,2026_W27,S743,U20546,2026-07-03 08:23:25,2026-07-03 08:55:25,Email,Third,Tablet,Edge,iOS,/home
6d8e33e0-b1df-4841-8136-55253c666a33,2026_W27,S744,U10550,2026-07-01 23:52:54,2026-07-02 00:15:54,Direct,Interview,Mobile,Chrome,MacOS,/home
6d8e33e0-b1df-4841-8136-55253c666a33,2026_W27,S745,U6660,2026-07-03 18:36:43,2026-07-03 18:56:43,Instagram,Put,Desktop,Edge,MacOS,/products
6d8e33e0-b1df-4841-8136-55253c666a33,2026_W27,S746,U23049,2026-07-01 16:07:04,2026-07-01 16:29:04,Google Ads,Consider,Mobile,Safari,MacOS,/home
6d8e33e0-b1df-4841-8136-55253c666a33,2026_W27,S747,U30046,2026-07-01 19:02:43,2026-07-01 19:21:43,Instagram,Have,Mobile,Firefox,iOS,/home
6d8e33e0-b1df-4841-8136-55253c666a33,2026_W27,S748,U5325,2026-07-02 03:32:39,2026-07-02 03:37:39,Organic,Him,Tablet,Firefox,iOS,/products
6d8e33e0-b1df-4841-8136-55253c666a33,2026_W27,S749,U16489,2026-07-04 23:24:56,2026-07-04 23:47:56,Google Ads,Fight,Tablet,Firefox,Android,/products
6d8e33e0-b1df-4841-8136-55253c666a33,2026_W27,S750,U21546,2026-07-04 11:12:48,2026-07-04 11:33:48,Email,Case,Mobile,Chrome,Android,/offers
6d8e33e0-b1df-4841-8136-55253c666a33,2026_W27,S751,U29275,2026-07-02 02:52:34,2026-07-02 03:06:34,Direct,Tax,Mobile,Chrome,Android,/home
6d8e33e0-b1df-4841-8136-55253c666a33,2026_W27,S752,U7091,2026-07-01 16:04:43,2026-07-01 16:39:43,Instagram,Six,Mobile,Firefox,Android,/products
6d8e33e0-b1df-4841-8136-55253c666a33,2026_W27,S753,U3244,2026-07-05 07:27:01,2026-07-05 07:39:01,Facebook,Concern,Tablet,Edge,Android,/home
6d8e33e0-b1df-4841-8136-55253c666a33,2026_W27,S754,U11612,2026-07-01 21:24:04,2026-07-01 21:57:04,Google Ads,Meet,Desktop,Edge,Android,/products
6d8e33e0-b1df-4841-8136-55253c666a33,2026_W27,S755,U22095,2026-07-05 01:45:26,2026-07-05 01:56:26,Instagram,Congress,Tablet,Firefox,Windows,/offers
6d8e33e0-b1df-4841-8136-55253c666a33,2026_W27,S756,U9460,2026-07-03 15:05:42,2026-07-03 15:10:42,Direct,Artist,Desktop,Chrome,Android,/home
6d8e33e0-b1df-4841-8136-55253c666a33,2026_W27,S757,U23870,2026-07-02 09:41:19,2026-07-02 10:13:19,Organic,Run,Desktop,Safari,MacOS,/products
6d8e33e0-b1df-4841-8136-55253c666a33,2026_W27,S758,U28265,2026-07-01 00:37:45,2026-07-01 01:14:45,Direct,Occur,Desktop,Chrome,Android,/offers
6d8e33e0-b1df-4841-8136-55253c666a33,2026_W27,S759,U12382,2026-07-05 07:16:59,2026-07-05 07:29:59,Email,Idea,Tablet,Edge,MacOS,/home
6d8e33e0-b1df-4841-8136-55253c666a33,2026_W27,S760,U20663,2026-07-03 14:45:06,2026-07-03 15:10:06,Facebook,Son,Mobile,Firefox,Windows,/offers
6d8e33e0-b1df-4841-8136-55253c666a33,2026_W27,S761,U5620,2026-06-30 21:38:57,2026-06-30 21:59:57,Facebook,Question,Mobile,Safari,Android,/products
6d8e33e0-b1df-4841-8136-55253c666a33,2026_W27,S762,U12374,2026-07-04 02:28:32,2026-07-04 02:29:32,Email,Tough,Tablet,Edge,iOS,/home
6d8e33e0-b1df-4841-8136-55253c666a33,2026_W27,S763,U2943,2026-06-29 15:08:08,2026-06-29 15:23:08,Email,Watch,Tablet,Firefox,MacOS,/home
6d8e33e0-b1df-4841-8136-55253c666a33,2026_W27,S764,U22793,2026-07-01 06:57:53,2026-07-01 07:03:53,Email,Hold,Tablet,Firefox,Android,/home
6d8e33e0-b1df-4841-8136-55253c666a33,2026_W27,S765,U259,2026-07-02 00:44:40,2026-07-02 01:11:40,Facebook,Read,Desktop,Chrome,Windows,/home
6d8e33e0-b1df-4841-8136-55253c666a33,2026_W27,S766,U16925,2026-06-29 16:09:47,2026-06-29 16:39:47,Google Ads,Charge,Mobile,Firefox,Windows,/products
6d8e33e0-b1df-4841-8136-55253c666a33,2026_W27,S767,U16382,2026-07-01 17:13:21,2026-07-01 17:31:21,Email,Say,Tablet,Edge,Windows,/home
6d8e33e0-b1df-4841-8136-55253c666a33,2026_W27,S768,U12975,2026-07-04 03:48:13,2026-07-04 03:52:13,Direct,Become,Tablet,Safari,iOS,/home
6d8e33e0-b1df-4841-8136-55253c666a33,2026_W27,S769,U3174,2026-06-30 16:55:26,2026-06-30 17:25:26,Instagram,Writer,Tablet,Safari,MacOS,/products
6d8e33e0-b1df-4841-8136-55253c666a33,2026_W27,S770,U22323,2026-07-03 08:56:05,2026-07-03 09:25:05,Google Ads,Dog,Desktop,Edge,Android,/products
6d8e33e0-b1df-4841-8136-55253c666a33,2026_W27,S771,U21639,2026-06-30 11:00:47,2026-06-30 11:23:47,Google Ads,Offer,Desktop,Chrome,Windows,/offers
6d8e33e0-b1df-4841-8136-55253c666a33,2026_W27,S772,U20200,2026-07-01 13:22:31,2026-07-01 13:53:31,Facebook,Risk,Mobile,Edge,iOS,/products
6d8e33e0-b1df-4841-8136-55253c666a33,2026_W27,S773,U2791,2026-07-05 01:24:45,2026-07-05 02:00:45,Direct,Six,Mobile,Edge,iOS,/offers
6d8e33e0-b1df-4841-8136-55253c666a33,2026_W27,S774,U29462,2026-07-01 08:39:06,2026-07-01 08:41:06,Google Ads,Begin,Tablet,Firefox,Windows,/offers
6d8e33e0-b1df-4841-8136-55253c666a33,2026_W27,S775,U30042,2026-07-02 03:54:56,2026-07-02 04:31:56,Organic,Marriage,Tablet,Chrome,iOS,/offers
6d8e33e0-b1df-4841-8136-55253c666a33,2026_W27,S776,U7935,2026-07-02 00:56:30,2026-07-02 01:04:30,Facebook,Final,Desktop,Firefox,Android,/offers
6d8e33e0-b1df-4841-8136-55253c666a33,2026_W27,S777,U5857,2026-07-02 09:12:41,2026-07-02 09:17:41,Organic,Letter,Desktop,Safari,Android,/products
6d8e33e0-b1df-4841-8136-55253c666a33,2026_W27,S778,U17622,2026-07-04 05:34:34,2026-07-04 06:03:34,Facebook,Study,Mobile,Firefox,Windows,/offers
6d8e33e0-b1df-4841-8136-55253c666a33,2026_W27,S779,U19758,2026-06-29 16:47:30,2026-06-29 16:56:30,Instagram,What,Desktop,Edge,Windows,/home
6d8e33e0-b1df-4841-8136-55253c666a33,2026_W27,S780,U16971,2026-07-02 02:57:22,2026-07-02 03:12:22,Direct,Customer,Mobile,Chrome,iOS,/offers
6d8e33e0-b1df-4841-8136-55253c666a33,2026_W27,S781,U28769,2026-07-02 20:15:27,2026-07-02 20:47:27,Organic,Paper,Desktop,Chrome,iOS,/products
6d8e33e0-b1df-4841-8136-55253c666a33,2026_W27,S782,U16596,2026-06-29 10:54:46,2026-06-29 11:16:46,Email,Far,Mobile,Firefox,Windows,/home
6d8e33e0-b1df-4841-8136-55253c666a33,2026_W27,S783,U1091,2026-07-03 21:48:55,2026-07-03 22:10:55,Direct,Turn,Mobile,Safari,MacOS,/offers
6d8e33e0-b1df-4841-8136-55253c666a33,2026_W27,S784,U29556,2026-07-02 20:13:41,2026-07-02 20:19:41,Direct,Society,Tablet,Safari,Windows,/home
6d8e33e0-b1df-4841-8136-55253c666a33,2026_W27,S785,U15662,2026-06-30 21:28:39,2026-06-30 21:36:39,Google Ads,At,Tablet,Chrome,iOS,/products
6d8e33e0-b1df-4841-8136-55253c666a33,2026_W27,S786,U7154,2026-06-30 02:52:03,2026-06-30 03:11:03,Email,Hard,Tablet,Edge,MacOS,/home
6d8e33e0-b1df-4841-8136-55253c666a33,2026_W27,S787,U32152,2026-07-05 00:12:38,2026-07-05 00:49:38,Instagram,Whose,Tablet,Edge,Android,/offers
6d8e33e0-b1df-4841-8136-55253c666a33,2026_W27,S788,U27724,2026-07-03 09:03:26,2026-07-03 09:22:26,Email,Only,Desktop,Safari,MacOS,/home
6d8e33e0-b1df-4841-8136-55253c666a33,2026_W27,S789,U16332,2026-07-04 06:37:47,2026-07-04 06:52:47,Organic,Charge,Mobile,Edge,Android,/products
6d8e33e0-b1df-4841-8136-55253c666a33,2026_W27,S790,U12282,2026-07-02 14:01:54,2026-07-02 14:12:54,Organic,Wide,Desktop,Firefox,MacOS,/products
6d8e33e0-b1df-4841-8136-55253c666a33,2026_W27,S791,U10793,2026-07-02 11:19:45,2026-07-02 11:33:45,Email,Wrong,Desktop,Firefox,Windows,/products
6d8e33e0-b1df-4841-8136-55253c666a33,2026_W27,S792,U17637,2026-07-01 02:41:14,2026-07-01 03:06:14,Instagram,Painting,Desktop,Firefox,Windows,/products
6d8e33e0-b1df-4841-8136-55253c666a33,2026_W27,S793,U12852,2026-07-02 21:37:26,2026-07-02 22:14:26,Organic,Director,Tablet,Safari,iOS,/products
6d8e33e0-b1df-4841-8136-55253c666a33,2026_W27,S794,U19109,2026-07-02 13:17:58,2026-07-02 13:22:58,Google Ads,Pattern,Desktop,Firefox,Android,/home
6d8e33e0-b1df-4841-8136-55253c666a33,2026_W27,S795,U32358,2026-07-02 17:40:37,2026-07-02 17:59:37,Email,Property,Tablet,Edge,iOS,/products
6d8e33e0-b1df-4841-8136-55253c666a33,2026_W27,S796,U16038,2026-06-29 19:07:56,2026-06-29 19:43:56,Facebook,Much,Tablet,Edge,iOS,/home
6d8e33e0-b1df-4841-8136-55253c666a33,2026_W27,S797,U19151,2026-06-30 16:17:21,2026-06-30 16:21:21,Facebook,Too,Tablet,Firefox,iOS,/products
6d8e33e0-b1df-4841-8136-55253c666a33,2026_W27,S798,U7773,2026-07-01 20:25:41,2026-07-01 20:38:41,Instagram,Agreement,Mobile,Edge,Windows,/home
6d8e33e0-b1df-4841-8136-55253c666a33,2026_W27,S799,U31350,2026-07-04 00:38:55,2026-07-04 01:01:55,Google Ads,Keep,Mobile,Chrome,Android,/products
6d8e33e0-b1df-4841-8136-55253c666a33,2026_W27,S800,U2941,2026-06-30 08:57:46,2026-06-30 09:21:46,Google Ads,Religious,Desktop,Edge,Windows,/home
6d8e33e0-b1df-4841-8136-55253c666a33,2026_W27,S801,U21096,2026-06-30 13:08:07,2026-06-30 13:47:07,Facebook,Return,Tablet,Edge,iOS,/offers
6d8e33e0-b1df-4841-8136-55253c666a33,2026_W27,S802,U4956,2026-06-30 00:01:07,2026-06-30 00:27:07,Google Ads,Appear,Mobile,Chrome,MacOS,/offers
6d8e33e0-b1df-4841-8136-55253c666a33,2026_W27,S803,U24142,2026-07-05 01:29:41,2026-07-05 01:38:41,Direct,Citizen,Mobile,Safari,Windows,/products
6d8e33e0-b1df-4841-8136-55253c666a33,2026_W27,S804,U9683,2026-07-02 21:28:12,2026-07-02 21:43:12,Google Ads,Consider,Tablet,Chrome,MacOS,/products
6d8e33e0-b1df-4841-8136-55253c666a33,2026_W27,S805,U242,2026-07-04 00:58:22,2026-07-04 01:33:22,Email,American,Desktop,Chrome,MacOS,/products
6d8e33e0-b1df-4841-8136-55253c666a33,2026_W27,S806,U14547,2026-07-02 05:08:30,2026-07-02 05:09:30,Email,Carry,Tablet,Chrome,Android,/products
6d8e33e0-b1df-4841-8136-55253c666a33,2026_W27,S807,U1629,2026-06-30 01:24:28,2026-06-30 01:34:28,Google Ads,Worry,Tablet,Edge,MacOS,/offers
6d8e33e0-b1df-4841-8136-55253c666a33,2026_W27,S808,U21171,2026-07-01 12:34:41,2026-07-01 13:00:41,Organic,Present,Tablet,Chrome,Windows,/products
6d8e33e0-b1df-4841-8136-55253c666a33,2026_W27,S809,U17158,2026-07-03 09:28:55,2026-07-03 10:01:55,Google Ads,Month,Tablet,Safari,iOS,/products
6d8e33e0-b1df-4841-8136-55253c666a33,2026_W27,S810,U34450,2026-07-03 04:57:00,2026-07-03 05:12:00,Organic,Yard,Desktop,Chrome,MacOS,/products
6d8e33e0-b1df-4841-8136-55253c666a33,2026_W27,S811,U25297,2026-07-01 19:52:50,2026-07-01 20:25:50,Google Ads,Too,Desktop,Safari,Windows,/offers
6d8e33e0-b1df-4841-8136-55253c666a33,2026_W27,S812,U28621,2026-06-30 22:46:06,2026-06-30 23:04:06,Email,Something,Mobile,Firefox,iOS,/home
6d8e33e0-b1df-4841-8136-55253c666a33,2026_W27,S813,U31066,2026-06-30 18:18:54,2026-06-30 18:42:54,Direct,Cell,Tablet,Safari,Windows,/home
6d8e33e0-b1df-4841-8136-55253c666a33,2026_W27,S814,U31212,2026-07-04 12:39:43,2026-07-04 12:47:43,Organic,General,Tablet,Chrome,Android,/products
6d8e33e0-b1df-4841-8136-55253c666a33,2026_W27,S815,U29841,2026-07-02 01:52:16,2026-07-02 02:14:16,Email,For,Mobile,Edge,iOS,/offers
6d8e33e0-b1df-4841-8136-55253c666a33,2026_W27,S816,U2074,2026-06-30 04:41:42,2026-06-30 05:20:42,Google Ads,Forget,Tablet,Safari,Windows,/products
6d8e33e0-b1df-4841-8136-55253c666a33,2026_W27,S817,U22729,2026-06-30 08:05:23,2026-06-30 08:30:23,Email,Newspaper,Tablet,Firefox,Android,/offers
6d8e33e0-b1df-4841-8136-55253c666a33,2026_W27,S818,U22803,2026-07-01 09:03:14,2026-07-01 09:26:14,Organic,Improve,Mobile,Safari,Android,/products
6d8e33e0-b1df-4841-8136-55253c666a33,2026_W27,S819,U22780,2026-06-30 09:44:32,2026-06-30 09:50:32,Direct,Law,Mobile,Edge,Windows,/products
6d8e33e0-b1df-4841-8136-55253c666a33,2026_W27,S820,U15532,2026-06-29 11:30:59,2026-06-29 12:07:59,Facebook,Seem,Mobile,Safari,Android,/products
6d8e33e0-b1df-4841-8136-55253c666a33,2026_W27,S821,U10318,2026-06-29 14:57:09,2026-06-29 15:32:09,Instagram,Eat,Tablet,Safari,Android,/products
6d8e33e0-b1df-4841-8136-55253c666a33,2026_W27,S822,U17235,2026-06-29 11:32:51,2026-06-29 11:39:51,Facebook,Arm,Desktop,Chrome,iOS,/products
6d8e33e0-b1df-4841-8136-55253c666a33,2026_W27,S823,U17746,2026-07-02 13:32:14,2026-07-02 13:39:14,Instagram,Deal,Desktop,Edge,iOS,/products
6d8e33e0-b1df-4841-8136-55253c666a33,2026_W27,S824,U4841,2026-07-01 20:50:56,2026-07-01 21:30:56,Direct,Staff,Desktop,Safari,Windows,/products
6d8e33e0-b1df-4841-8136-55253c666a33,2026_W27,S825,U9933,2026-07-04 20:32:56,2026-07-04 20:35:56,Instagram,Item,Desktop,Edge,MacOS,/home
6d8e33e0-b1df-4841-8136-55253c666a33,2026_W27,S826,U19937,2026-06-30 20:44:32,2026-06-30 20:59:32,Direct,Go,Desktop,Edge,MacOS,/home
6d8e33e0-b1df-4841-8136-55253c666a33,2026_W27,S827,U339,2026-07-01 13:57:48,2026-07-01 14:10:48,Instagram,Future,Tablet,Safari,Android,/offers
6d8e33e0-b1df-4841-8136-55253c666a33,2026_W27,S828,U30859,2026-06-30 14:22:17,2026-06-30 14:37:17,Organic,Bring,Tablet,Chrome,Windows,/offers
6d8e33e0-b1df-4841-8136-55253c666a33,2026_W27,S829,U13273,2026-07-02 11:13:23,2026-07-02 11:22:23,Instagram,Box,Mobile,Chrome,iOS,/home
6d8e33e0-b1df-4841-8136-55253c666a33,2026_W27,S830,U16562,2026-07-05 06:05:56,2026-07-05 06:33:56,Instagram,While,Tablet,Edge,Windows,/offers
6d8e33e0-b1df-4841-8136-55253c666a33,2026_W27,S831,U16008,2026-07-05 06:35:58,2026-07-05 06:56:58,Facebook,Relate,Desktop,Chrome,iOS,/products
6d8e33e0-b1df-4841-8136-55253c666a33,2026_W27,S832,U31985,2026-06-30 04:30:58,2026-06-30 05:04:58,Direct,And,Mobile,Safari,iOS,/home
6d8e33e0-b1df-4841-8136-55253c666a33,2026_W27,S833,U11007,2026-06-29 14:12:51,2026-06-29 14:28:51,Direct,Explain,Mobile,Firefox,Windows,/offers
6d8e33e0-b1df-4841-8136-55253c666a33,2026_W27,S834,U31460,2026-07-04 01:36:10,2026-07-04 02:13:10,Google Ads,Factor,Desktop,Chrome,iOS,/home
6d8e33e0-b1df-4841-8136-55253c666a33,2026_W27,S835,U30160,2026-07-03 13:11:05,2026-07-03 13:20:05,Facebook,Sound,Desktop,Safari,MacOS,/offers
6d8e33e0-b1df-4841-8136-55253c666a33,2026_W27,S836,U10168,2026-07-02 12:22:34,2026-07-02 12:29:34,Direct,Never,Tablet,Chrome,MacOS,/offers
6d8e33e0-b1df-4841-8136-55253c666a33,2026_W27,S837,U4082,2026-07-02 06:29:18,2026-07-02 06:57:18,Google Ads,Interesting,Mobile,Chrome,Windows,/products
6d8e33e0-b1df-4841-8136-55253c666a33,2026_W27,S838,U21230,2026-07-02 07:01:32,2026-07-02 07:18:32,Organic,Scene,Tablet,Firefox,iOS,/products
6d8e33e0-b1df-4841-8136-55253c666a33,2026_W27,S839,U4140,2026-06-30 16:49:46,2026-06-30 17:14:46,Direct,Subject,Tablet,Safari,MacOS,/offers
6d8e33e0-b1df-4841-8136-55253c666a33,2026_W27,S840,U10955,2026-06-30 04:45:17,2026-06-30 04:59:17,Email,White,Tablet,Safari,iOS,/products
6d8e33e0-b1df-4841-8136-55253c666a33,2026_W27,S841,U20714,2026-07-01 14:34:21,2026-07-01 14:40:21,Google Ads,Southern,Mobile,Firefox,Android,/products
6d8e33e0-b1df-4841-8136-55253c666a33,2026_W27,S842,U17809,2026-07-03 09:44:52,2026-07-03 10:02:52,Email,Recent,Desktop,Safari,Android,/offers
6d8e33e0-b1df-4841-8136-55253c666a33,2026_W27,S843,U24905,2026-07-05 03:15:39,2026-07-05 03:21:39,Instagram,Physical,Mobile,Edge,Windows,/home
6d8e33e0-b1df-4841-8136-55253c666a33,2026_W27,S844,U31587,2026-07-02 16:14:16,2026-07-02 16:23:16,Google Ads,Decision,Tablet,Safari,MacOS,/products
6d8e33e0-b1df-4841-8136-55253c666a33,2026_W27,S845,U16409,2026-07-03 22:11:21,2026-07-03 22:22:21,Facebook,Southern,Mobile,Edge,iOS,/home
6d8e33e0-b1df-4841-8136-55253c666a33,2026_W27,S846,U18369,2026-06-30 13:12:47,2026-06-30 13:25:47,Facebook,Authority,Tablet,Edge,MacOS,/products
6d8e33e0-b1df-4841-8136-55253c666a33,2026_W27,S847,U15265,2026-07-05 06:44:19,2026-07-05 06:55:19,Email,Property,Tablet,Chrome,iOS,/offers
6d8e33e0-b1df-4841-8136-55253c666a33,2026_W27,S848,U21141,2026-06-29 13:51:09,2026-06-29 14:24:09,Google Ads,Bag,Desktop,Firefox,MacOS,/offers
6d8e33e0-b1df-4841-8136-55253c666a33,2026_W27,S849,U9801,2026-07-03 23:01:58,2026-07-03 23:37:58,Google Ads,Its,Mobile,Firefox,Android,/products
6d8e33e0-b1df-4841-8136-55253c666a33,2026_W27,S850,U24483,2026-07-03 06:38:21,2026-07-03 06:55:21,Facebook,President,Desktop,Safari,MacOS,/products
6d8e33e0-b1df-4841-8136-55253c666a33,2026_W27,S851,U9705,2026-07-03 03:38:41,2026-07-03 03:54:41,Organic,Information,Tablet,Chrome,Android,/home
6d8e33e0-b1df-4841-8136-55253c666a33,2026_W27,S852,U32809,2026-06-30 05:38:00,2026-06-30 05:46:00,Instagram,Indeed,Mobile,Firefox,MacOS,/offers
6d8e33e0-b1df-4841-8136-55253c666a33,2026_W27,S853,U8242,2026-06-30 17:36:56,2026-06-30 18:15:56,Email,Seek,Desktop,Firefox,MacOS,/home
6d8e33e0-b1df-4841-8136-55253c666a33,2026_W27,S854,U3013,2026-07-03 12:50:32,2026-07-03 13:15:32,Google Ads,Avoid,Desktop,Chrome,iOS,/products
6d8e33e0-b1df-4841-8136-55253c666a33,2026_W27,S855,U9646,2026-07-04 17:44:57,2026-07-04 18:21:57,Facebook,Painting,Desktop,Firefox,MacOS,/home
6d8e33e0-b1df-4841-8136-55253c666a33,2026_W27,S856,U34417,2026-07-04 23:33:02,2026-07-05 00:09:02,Instagram,The,Tablet,Safari,iOS,/home
6d8e33e0-b1df-4841-8136-55253c666a33,2026_W27,S857,U5370,2026-07-02 12:23:59,2026-07-02 12:32:59,Direct,Understand,Tablet,Firefox,MacOS,/products
6d8e33e0-b1df-4841-8136-55253c666a33,2026_W27,S858,U5887,2026-06-30 06:26:46,2026-06-30 07:02:46,Google Ads,Act,Mobile,Firefox,Android,/offers
6d8e33e0-b1df-4841-8136-55253c666a33,2026_W27,S859,U11244,2026-06-29 14:57:53,2026-06-29 15:18:53,Facebook,Finally,Tablet,Firefox,iOS,/products
6d8e33e0-b1df-4841-8136-55253c666a33,2026_W27,S860,U14849,2026-06-29 22:20:15,2026-06-29 22:51:15,Instagram,Its,Mobile,Safari,MacOS,/offers
6d8e33e0-b1df-4841-8136-55253c666a33,2026_W27,S861,U3925,2026-07-04 08:14:22,2026-07-04 08:51:22,Organic,Can,Tablet,Edge,Windows,/products
6d8e33e0-b1df-4841-8136-55253c666a33,2026_W27,S862,U13379,2026-06-30 15:31:27,2026-06-30 15:58:27,Direct,Notice,Desktop,Edge,Windows,/products
6d8e33e0-b1df-4841-8136-55253c666a33,2026_W27,S863,U28959,2026-07-03 03:34:31,2026-07-03 03:54:31,Instagram,Its,Desktop,Edge,iOS,/offers
6d8e33e0-b1df-4841-8136-55253c666a33,2026_W27,S864,U26468,2026-07-04 09:36:22,2026-07-04 09:53:22,Direct,Surface,Mobile,Chrome,iOS,/products
6d8e33e0-b1df-4841-8136-55253c666a33,2026_W27,S865,U29204,2026-07-05 09:06:26,2026-07-05 09:11:26,Email,Activity,Tablet,Edge,Windows,/offers
6d8e33e0-b1df-4841-8136-55253c666a33,2026_W27,S866,U15509,2026-06-29 11:38:16,2026-06-29 11:40:16,Email,Ask,Mobile,Edge,iOS,/home
6d8e33e0-b1df-4841-8136-55253c666a33,2026_W27,S867,U27275,2026-06-30 22:30:17,2026-06-30 22:56:17,Instagram,Administration,Mobile,Safari,MacOS,/products
6d8e33e0-b1df-4841-8136-55253c666a33,2026_W27,S868,U15809,2026-07-01 01:42:01,2026-07-01 02:15:01,Facebook,Benefit,Desktop,Safari,Android,/products
6d8e33e0-b1df-4841-8136-55253c666a33,2026_W27,S869,U16339,2026-06-30 08:12:09,2026-06-30 08:26:09,Instagram,Money,Desktop,Chrome,MacOS,/home
6d8e33e0-b1df-4841-8136-55253c666a33,2026_W27,S870,U8422,2026-07-04 19:58:37,2026-07-04 20:12:37,Instagram,Win,Tablet,Chrome,MacOS,/products
6d8e33e0-b1df-4841-8136-55253c666a33,2026_W27,S871,U34961,2026-07-03 01:33:37,2026-07-03 01:42:37,Facebook,Interesting,Mobile,Safari,MacOS,/products
6d8e33e0-b1df-4841-8136-55253c666a33,2026_W27,S872,U10855,2026-07-01 03:37:03,2026-07-01 03:44:03,Organic,No,Tablet,Edge,iOS,/products
6d8e33e0-b1df-4841-8136-55253c666a33,2026_W27,S873,U2378,2026-07-01 19:12:39,2026-07-01 19:35:39,Email,Husband,Tablet,Safari,Android,/home
6d8e33e0-b1df-4841-8136-55253c666a33,2026_W27,S874,U26830,2026-06-29 13:34:03,2026-06-29 13:59:03,Direct,Marriage,Mobile,Chrome,Windows,/products
6d8e33e0-b1df-4841-8136-55253c666a33,2026_W27,S875,U841,2026-06-30 16:18:24,2026-06-30 16:26:24,Email,Build,Desktop,Safari,Windows,/products
6d8e33e0-b1df-4841-8136-55253c666a33,2026_W27,S876,U7130,2026-07-02 07:43:31,2026-07-02 08:07:31,Google Ads,Toward,Tablet,Edge,MacOS,/home
6d8e33e0-b1df-4841-8136-55253c666a33,2026_W27,S877,U32616,2026-07-03 07:40:14,2026-07-03 08:06:14,Google Ads,Product,Mobile,Firefox,iOS,/products
6d8e33e0-b1df-4841-8136-55253c666a33,2026_W27,S878,U28141,2026-07-04 02:28:28,2026-07-04 02:30:28,Organic,Church,Desktop,Firefox,iOS,/home
6d8e33e0-b1df-4841-8136-55253c666a33,2026_W27,S879,U31295,2026-07-02 08:55:51,2026-07-02 09:21:51,Instagram,Year,Tablet,Safari,iOS,/offers
6d8e33e0-b1df-4841-8136-55253c666a33,2026_W27,S880,U10412,2026-06-29 23:55:11,2026-06-30 00:08:11,Google Ads,Rate,Mobile,Firefox,Android,/products
6d8e33e0-b1df-4841-8136-55253c666a33,2026_W27,S881,U30941,2026-06-30 01:33:13,2026-06-30 01:41:13,Organic,Service,Mobile,Firefox,iOS,/offers
6d8e33e0-b1df-4841-8136-55253c666a33,2026_W27,S882,U3072,2026-07-01 10:46:41,2026-07-01 10:50:41,Instagram,Behavior,Mobile,Chrome,Android,/products
6d8e33e0-b1df-4841-8136-55253c666a33,2026_W27,S883,U25924,2026-07-03 16:17:37,2026-07-03 16:31:37,Instagram,Indeed,Mobile,Edge,Windows,/offers
6d8e33e0-b1df-4841-8136-55253c666a33,2026_W27,S884,U29780,2026-07-03 15:09:42,2026-07-03 15:29:42,Facebook,Detail,Tablet,Chrome,Windows,/offers
6d8e33e0-b1df-4841-8136-55253c666a33,2026_W27,S885,U3711,2026-07-04 04:49:21,2026-07-04 05:27:21,Google Ads,Would,Mobile,Chrome,Android,/home
6d8e33e0-b1df-4841-8136-55253c666a33,2026_W27,S886,U5469,2026-07-03 14:26:14,2026-07-03 14:55:14,Email,Clearly,Desktop,Firefox,MacOS,/offers
6d8e33e0-b1df-4841-8136-55253c666a33,2026_W27,S887,U27133,2026-06-29 17:30:58,2026-06-29 17:32:58,Organic,Member,Desktop,Chrome,MacOS,/offers
6d8e33e0-b1df-4841-8136-55253c666a33,2026_W27,S888,U2488,2026-06-29 17:55:56,2026-06-29 18:25:56,Facebook,Example,Tablet,Firefox,Windows,/offers
6d8e33e0-b1df-4841-8136-55253c666a33,2026_W27,S889,U23067,2026-07-05 06:17:10,2026-07-05 06:54:10,Direct,Pay,Tablet,Edge,Windows,/offers
6d8e33e0-b1df-4841-8136-55253c666a33,2026_W27,S890,U18273,2026-07-04 02:25:41,2026-07-04 02:50:41,Direct,Certainly,Desktop,Safari,Android,/offers
6d8e33e0-b1df-4841-8136-55253c666a33,2026_W27,S891,U17975,2026-06-30 06:00:32,2026-06-30 06:28:32,Instagram,Central,Mobile,Firefox,Windows,/home
6d8e33e0-b1df-4841-8136-55253c666a33,2026_W27,S892,U27401,2026-06-29 13:50:26,2026-06-29 14:27:26,Facebook,Particularly,Desktop,Safari,MacOS,/home
6d8e33e0-b1df-4841-8136-55253c666a33,2026_W27,S893,U9488,2026-07-03 15:53:50,2026-07-03 16:21:50,Facebook,Dream,Tablet,Edge,Android,/products
6d8e33e0-b1df-4841-8136-55253c666a33,2026_W27,S894,U14758,2026-06-30 06:08:36,2026-06-30 06:31:36,Facebook,Public,Mobile,Firefox,Android,/offers
6d8e33e0-b1df-4841-8136-55253c666a33,2026_W27,S895,U18909,2026-06-30 22:50:08,2026-06-30 23:27:08,Organic,Group,Tablet,Edge,MacOS,/home
6d8e33e0-b1df-4841-8136-55253c666a33,2026_W27,S896,U21717,2026-07-01 20:19:51,2026-07-01 20:29:51,Instagram,Give,Tablet,Edge,Windows,/home
6d8e33e0-b1df-4841-8136-55253c666a33,2026_W27,S897,U563,2026-07-03 03:45:53,2026-07-03 04:13:53,Organic,Politics,Desktop,Chrome,MacOS,/offers
6d8e33e0-b1df-4841-8136-55253c666a33,2026_W27,S898,U1516,2026-06-30 05:48:51,2026-06-30 05:57:51,Direct,Wrong,Desktop,Chrome,Android,/offers
6d8e33e0-b1df-4841-8136-55253c666a33,2026_W27,S899,U5280,2026-07-02 15:00:15,2026-07-02 15:34:15,Email,Majority,Tablet,Safari,iOS,/offers
6d8e33e0-b1df-4841-8136-55253c666a33,2026_W27,S900,U11340,2026-06-29 20:18:06,2026-06-29 20:35:06,Google Ads,Travel,Desktop,Edge,iOS,/home
6d8e33e0-b1df-4841-8136-55253c666a33,2026_W27,S901,U34072,2026-07-02 01:59:03,2026-07-02 02:25:03,Google Ads,Worry,Tablet,Safari,MacOS,/offers
6d8e33e0-b1df-4841-8136-55253c666a33,2026_W27,S902,U30430,2026-06-29 23:47:45,2026-06-29 23:49:45,Direct,Suffer,Desktop,Firefox,Android,/products
6d8e33e0-b1df-4841-8136-55253c666a33,2026_W27,S903,U5400,2026-06-30 10:08:57,2026-06-30 10:36:57,Google Ads,Nation,Tablet,Safari,iOS,/offers
6d8e33e0-b1df-4841-8136-55253c666a33,2026_W27,S904,U20648,2026-06-29 20:13:27,2026-06-29 20:45:27,Google Ads,Happen,Desktop,Firefox,Windows,/offers
6d8e33e0-b1df-4841-8136-55253c666a33,2026_W27,S905,U27295,2026-07-02 14:47:14,2026-07-02 15:13:14,Facebook,Financial,Tablet,Chrome,iOS,/home
6d8e33e0-b1df-4841-8136-55253c666a33,2026_W27,S906,U28480,2026-07-02 17:14:37,2026-07-02 17:32:37,Google Ads,Country,Mobile,Safari,iOS,/offers
6d8e33e0-b1df-4841-8136-55253c666a33,2026_W27,S907,U11370,2026-07-01 16:54:41,2026-07-01 17:30:41,Email,Eight,Tablet,Chrome,iOS,/offers
6d8e33e0-b1df-4841-8136-55253c666a33,2026_W27,S908,U18009,2026-07-01 23:51:36,2026-07-02 00:21:36,Organic,Nor,Desktop,Edge,Android,/products
6d8e33e0-b1df-4841-8136-55253c666a33,2026_W27,S909,U15306,2026-07-05 06:33:57,2026-07-05 06:45:57,Instagram,Model,Desktop,Firefox,Android,/home
6d8e33e0-b1df-4841-8136-55253c666a33,2026_W27,S910,U254,2026-06-30 05:13:37,2026-06-30 05:50:37,Instagram,Strong,Mobile,Firefox,iOS,/offers
6d8e33e0-b1df-4841-8136-55253c666a33,2026_W27,S911,U13794,2026-06-29 18:06:42,2026-06-29 18:34:42,Instagram,Music,Mobile,Firefox,MacOS,/products
6d8e33e0-b1df-4841-8136-55253c666a33,2026_W27,S912,U17138,2026-07-03 08:12:27,2026-07-03 08:30:27,Email,Market,Mobile,Firefox,Android,/offers
6d8e33e0-b1df-4841-8136-55253c666a33,2026_W27,S913,U19830,2026-07-04 14:19:16,2026-07-04 14:47:16,Google Ads,Simple,Mobile,Chrome,Android,/offers
6d8e33e0-b1df-4841-8136-55253c666a33,2026_W27,S914,U27032,2026-07-01 15:49:25,2026-07-01 15:52:25,Direct,Hard,Tablet,Chrome,Android,/home
6d8e33e0-b1df-4841-8136-55253c666a33,2026_W27,S915,U27854,2026-07-02 23:47:13,2026-07-03 00:18:13,Facebook,Tv,Tablet,Chrome,Android,/home
6d8e33e0-b1df-4841-8136-55253c666a33,2026_W27,S916,U7785,2026-07-03 01:04:04,2026-07-03 01:37:04,Google Ads,Mind,Mobile,Chrome,Windows,/home
6d8e33e0-b1df-4841-8136-55253c666a33,2026_W27,S917,U31542,2026-07-01 18:03:21,2026-07-01 18:08:21,Facebook,List,Mobile,Safari,MacOS,/home
6d8e33e0-b1df-4841-8136-55253c666a33,2026_W27,S918,U2704,2026-06-30 08:31:43,2026-06-30 09:00:43,Google Ads,Site,Desktop,Firefox,MacOS,/offers
6d8e33e0-b1df-4841-8136-55253c666a33,2026_W27,S919,U21409,2026-07-04 22:08:25,2026-07-04 22:34:25,Organic,Enough,Tablet,Firefox,iOS,/products
6d8e33e0-b1df-4841-8136-55253c666a33,2026_W27,S920,U22001,2026-07-03 02:09:20,2026-07-03 02:23:20,Email,Light,Mobile,Safari,iOS,/offers
6d8e33e0-b1df-4841-8136-55253c666a33,2026_W27,S921,U10460,2026-07-05 03:15:42,2026-07-05 03:16:42,Email,Hair,Mobile,Chrome,Windows,/products
6d8e33e0-b1df-4841-8136-55253c666a33,2026_W27,S922,U4564,2026-07-04 13:04:01,2026-07-04 13:23:01,Instagram,Care,Tablet,Edge,Android,/offers
6d8e33e0-b1df-4841-8136-55253c666a33,2026_W27,S923,U20704,2026-07-03 05:20:54,2026-07-03 05:40:54,Organic,Town,Tablet,Firefox,iOS,/offers
6d8e33e0-b1df-4841-8136-55253c666a33,2026_W27,S924,U33600,2026-07-02 03:17:11,2026-07-02 03:55:11,Email,Six,Tablet,Chrome,iOS,/products
6d8e33e0-b1df-4841-8136-55253c666a33,2026_W27,S925,U28938,2026-06-30 05:14:47,2026-06-30 05:31:47,Direct,Eat,Mobile,Edge,Android,/offers
6d8e33e0-b1df-4841-8136-55253c666a33,2026_W27,S926,U6346,2026-07-04 01:10:51,2026-07-04 01:32:51,Instagram,Subject,Mobile,Safari,Android,/offers
6d8e33e0-b1df-4841-8136-55253c666a33,2026_W27,S927,U29475,2026-07-02 22:58:50,2026-07-02 23:18:50,Facebook,Dog,Tablet,Firefox,Android,/offers
6d8e33e0-b1df-4841-8136-55253c666a33,2026_W27,S928,U3139,2026-07-05 08:52:36,2026-07-05 09:18:36,Instagram,Wall,Tablet,Safari,Windows,/offers
6d8e33e0-b1df-4841-8136-55253c666a33,2026_W27,S929,U33939,2026-06-30 06:56:25,2026-06-30 07:24:25,Direct,Talk,Mobile,Chrome,iOS,/home
6d8e33e0-b1df-4841-8136-55253c666a33,2026_W27,S930,U22507,2026-07-04 05:36:36,2026-07-04 05:48:36,Direct,Discussion,Tablet,Safari,Android,/home
6d8e33e0-b1df-4841-8136-55253c666a33,2026_W27,S931,U29551,2026-07-01 23:08:16,2026-07-01 23:37:16,Direct,Measure,Desktop,Safari,Windows,/offers
6d8e33e0-b1df-4841-8136-55253c666a33,2026_W27,S932,U23346,2026-06-29 19:23:05,2026-06-29 19:32:05,Facebook,Special,Tablet,Chrome,Windows,/offers
6d8e33e0-b1df-4841-8136-55253c666a33,2026_W27,S933,U12784,2026-06-30 11:09:56,2026-06-30 11:39:56,Google Ads,Necessary,Tablet,Safari,Windows,/offers
6d8e33e0-b1df-4841-8136-55253c666a33,2026_W27,S934,U14499,2026-06-30 07:47:17,2026-06-30 07:52:17,Organic,Before,Tablet,Chrome,Android,/offers
6d8e33e0-b1df-4841-8136-55253c666a33,2026_W27,S935,U21036,2026-07-03 04:20:22,2026-07-03 04:56:22,Email,Enjoy,Mobile,Edge,Windows,/home
6d8e33e0-b1df-4841-8136-55253c666a33,2026_W27,S936,U4407,2026-07-02 22:50:17,2026-07-02 22:56:17,Organic,Past,Mobile,Edge,Android,/products
6d8e33e0-b1df-4841-8136-55253c666a33,2026_W27,S937,U15447,2026-07-05 06:57:39,2026-07-05 07:09:39,Direct,Close,Mobile,Edge,MacOS,/products
6d8e33e0-b1df-4841-8136-55253c666a33,2026_W27,S938,U24957,2026-06-30 11:35:42,2026-06-30 11:54:42,Facebook,Hospital,Desktop,Safari,iOS,/products
6d8e33e0-b1df-4841-8136-55253c666a33,2026_W27,S939,U16080,2026-06-30 00:21:13,2026-06-30 00:33:13,Email,Pm,Tablet,Chrome,Android,/offers
6d8e33e0-b1df-4841-8136-55253c666a33,2026_W27,S940,U10650,2026-07-02 05:02:56,2026-07-02 05:10:56,Facebook,Size,Desktop,Edge,MacOS,/offers
6d8e33e0-b1df-4841-8136-55253c666a33,2026_W27,S941,U8732,2026-06-30 23:26:51,2026-06-30 23:54:51,Instagram,Me,Mobile,Edge,MacOS,/products
6d8e33e0-b1df-4841-8136-55253c666a33,2026_W27,S942,U30009,2026-07-02 09:02:39,2026-07-02 09:30:39,Google Ads,Agent,Mobile,Edge,iOS,/home
6d8e33e0-b1df-4841-8136-55253c666a33,2026_W27,S943,U2123,2026-07-05 02:38:11,2026-07-05 03:15:11,Email,Mrs,Desktop,Chrome,iOS,/offers
6d8e33e0-b1df-4841-8136-55253c666a33,2026_W27,S944,U13949,2026-07-03 23:55:17,2026-07-04 00:34:17,Instagram,Relate,Tablet,Edge,MacOS,/products
6d8e33e0-b1df-4841-8136-55253c666a33,2026_W27,S945,U16737,2026-06-30 16:43:32,2026-06-30 17:08:32,Instagram,Thought,Desktop,Safari,Windows,/products
6d8e33e0-b1df-4841-8136-55253c666a33,2026_W27,S946,U18336,2026-06-30 18:49:18,2026-06-30 19:03:18,Facebook,Remain,Desktop,Edge,Windows,/home
6d8e33e0-b1df-4841-8136-55253c666a33,2026_W27,S947,U28416,2026-07-05 02:11:16,2026-07-05 02:25:16,Email,Lot,Desktop,Edge,Android,/offers
6d8e33e0-b1df-4841-8136-55253c666a33,2026_W27,S948,U27508,2026-07-01 21:01:14,2026-07-01 21:14:14,Email,Value,Desktop,Safari,Windows,/products
6d8e33e0-b1df-4841-8136-55253c666a33,2026_W27,S949,U29566,2026-07-04 21:37:50,2026-07-04 21:40:50,Instagram,Material,Mobile,Safari,MacOS,/home
6d8e33e0-b1df-4841-8136-55253c666a33,2026_W27,S950,U3899,2026-07-03 17:02:45,2026-07-03 17:13:45,Email,Threat,Tablet,Edge,Windows,/home
6d8e33e0-b1df-4841-8136-55253c666a33,2026_W27,S951,U9667,2026-07-04 16:57:07,2026-07-04 17:31:07,Instagram,Company,Tablet,Edge,MacOS,/products
6d8e33e0-b1df-4841-8136-55253c666a33,2026_W27,S952,U26619,2026-07-05 01:24:27,2026-07-05 01:38:27,Instagram,East,Tablet,Firefox,Android,/offers
6d8e33e0-b1df-4841-8136-55253c666a33,2026_W27,S953,U25008,2026-07-03 19:46:58,2026-07-03 20:02:58,Instagram,Pressure,Desktop,Edge,Windows,/products
6d8e33e0-b1df-4841-8136-55253c666a33,2026_W27,S954,U1651,2026-07-03 19:10:55,2026-07-03 19:45:55,Google Ads,Offer,Mobile,Firefox,Windows,/offers
6d8e33e0-b1df-4841-8136-55253c666a33,2026_W27,S955,U6558,2026-06-29 22:58:08,2026-06-29 23:26:08,Instagram,Technology,Mobile,Safari,Windows,/offers
6d8e33e0-b1df-4841-8136-55253c666a33,2026_W27,S956,U11880,2026-07-01 19:44:57,2026-07-01 20:12:57,Organic,Probably,Mobile,Safari,Windows,/products
6d8e33e0-b1df-4841-8136-55253c666a33,2026_W27,S957,U13027,2026-07-01 14:58:41,2026-07-01 15:25:41,Facebook,South,Tablet,Chrome,iOS,/offers
6d8e33e0-b1df-4841-8136-55253c666a33,2026_W27,S958,U2333,2026-07-02 12:50:59,2026-07-02 12:57:59,Instagram,Key,Tablet,Chrome,Windows,/home
6d8e33e0-b1df-4841-8136-55253c666a33,2026_W27,S959,U18507,2026-07-03 09:53:03,2026-07-03 10:21:03,Email,Benefit,Desktop,Safari,Windows,/products
6d8e33e0-b1df-4841-8136-55253c666a33,2026_W27,S960,U30938,2026-06-30 00:17:24,2026-06-30 00:47:24,Instagram,Service,Tablet,Chrome,Windows,/home
6d8e33e0-b1df-4841-8136-55253c666a33,2026_W27,S961,U29701,2026-06-30 08:21:01,2026-06-30 08:47:01,Email,Set,Mobile,Firefox,Android,/products
6d8e33e0-b1df-4841-8136-55253c666a33,2026_W27,S962,U19948,2026-07-01 19:46:54,2026-07-01 20:01:54,Google Ads,Ahead,Mobile,Safari,Windows,/offers
6d8e33e0-b1df-4841-8136-55253c666a33,2026_W27,S963,U32333,2026-07-03 15:34:53,2026-07-03 16:01:53,Facebook,Vote,Mobile,Firefox,MacOS,/products
6d8e33e0-b1df-4841-8136-55253c666a33,2026_W27,S964,U3155,2026-07-04 10:39:33,2026-07-04 10:46:33,Direct,Together,Desktop,Edge,iOS,/home
6d8e33e0-b1df-4841-8136-55253c666a33,2026_W27,S965,U27743,2026-06-30 15:42:05,2026-06-30 16:12:05,Google Ads,Send,Tablet,Chrome,MacOS,/home
6d8e33e0-b1df-4841-8136-55253c666a33,2026_W27,S966,U23968,2026-07-02 20:40:16,2026-07-02 21:08:16,Instagram,Least,Desktop,Safari,MacOS,/home
6d8e33e0-b1df-4841-8136-55253c666a33,2026_W27,S967,U1820,2026-07-03 20:59:18,2026-07-03 21:35:18,Facebook,Space,Mobile,Edge,Windows,/products
6d8e33e0-b1df-4841-8136-55253c666a33,2026_W27,S968,U23513,2026-07-04 01:39:35,2026-07-04 02:18:35,Google Ads,Least,Desktop,Firefox,iOS,/products
6d8e33e0-b1df-4841-8136-55253c666a33,2026_W27,S969,U26323,2026-07-05 01:52:50,2026-07-05 02:02:50,Email,Camera,Mobile,Chrome,iOS,/offers
6d8e33e0-b1df-4841-8136-55253c666a33,2026_W27,S970,U25064,2026-07-03 07:59:27,2026-07-03 08:12:27,Email,Might,Tablet,Safari,Windows,/home
6d8e33e0-b1df-4841-8136-55253c666a33,2026_W27,S971,U27956,2026-06-30 20:53:43,2026-06-30 21:19:43,Google Ads,Able,Mobile,Edge,Windows,/offers
6d8e33e0-b1df-4841-8136-55253c666a33,2026_W27,S972,U27897,2026-06-29 18:14:03,2026-06-29 18:37:03,Instagram,Serve,Desktop,Chrome,MacOS,/products
6d8e33e0-b1df-4841-8136-55253c666a33,2026_W27,S973,U4803,2026-07-04 09:47:51,2026-07-04 10:16:51,Google Ads,Shake,Desktop,Safari,iOS,/offers
6d8e33e0-b1df-4841-8136-55253c666a33,2026_W27,S974,U20629,2026-07-04 09:00:23,2026-07-04 09:03:23,Email,Heart,Desktop,Edge,Android,/offers
6d8e33e0-b1df-4841-8136-55253c666a33,2026_W27,S975,U30840,2026-06-30 10:02:32,2026-06-30 10:41:32,Email,Life,Desktop,Safari,MacOS,/products
6d8e33e0-b1df-4841-8136-55253c666a33,2026_W27,S976,U13778,2026-07-02 12:02:57,2026-07-02 12:13:57,Instagram,Resource,Tablet,Firefox,Android,/home
6d8e33e0-b1df-4841-8136-55253c666a33,2026_W27,S977,U7596,2026-07-03 22:45:24,2026-07-03 23:15:24,Email,Eat,Tablet,Safari,Android,/home
6d8e33e0-b1df-4841-8136-55253c666a33,2026_W27,S978,U6727,2026-07-02 08:13:30,2026-07-02 08:35:30,Facebook,Wish,Mobile,Safari,Android,/offers
6d8e33e0-b1df-4841-8136-55253c666a33,2026_W27,S979,U5216,2026-07-02 19:37:02,2026-07-02 19:59:02,Organic,Soon,Desktop,Safari,Android,/products
6d8e33e0-b1df-4841-8136-55253c666a33,2026_W27,S980,U23212,2026-07-04 16:08:40,2026-07-04 16:33:40,Email,Wall,Tablet,Chrome,MacOS,/home
6d8e33e0-b1df-4841-8136-55253c666a33,2026_W27,S981,U15678,2026-07-02 15:54:34,2026-07-02 16:28:34,Facebook,Writer,Desktop,Firefox,iOS,/offers
6d8e33e0-b1df-4841-8136-55253c666a33,2026_W27,S982,U14084,2026-07-01 11:44:19,2026-07-01 12:22:19,Google Ads,Consumer,Desktop,Chrome,iOS,/offers
6d8e33e0-b1df-4841-8136-55253c666a33,2026_W27,S983,U32272,2026-06-29 16:45:23,2026-06-29 17:15:23,Email,Appear,Desktop,Firefox,MacOS,/home
6d8e33e0-b1df-4841-8136-55253c666a33,2026_W27,S984,U20221,2026-07-01 03:26:13,2026-07-01 03:35:13,Direct,Front,Desktop,Safari,Android,/products
6d8e33e0-b1df-4841-8136-55253c666a33,2026_W27,S985,U26659,2026-07-02 02:25:05,2026-07-02 02:58:05,Organic,Pass,Tablet,Chrome,Android,/products
6d8e33e0-b1df-4841-8136-55253c666a33,2026_W27,S986,U8677,2026-07-01 01:00:03,2026-07-01 01:38:03,Direct,Somebody,Mobile,Firefox,MacOS,/products
6d8e33e0-b1df-4841-8136-55253c666a33,2026_W27,S987,U24732,2026-06-29 23:35:18,2026-06-29 23:40:18,Google Ads,Own,Tablet,Edge,Windows,/home
6d8e33e0-b1df-4841-8136-55253c666a33,2026_W27,S988,U20331,2026-06-29 17:53:29,2026-06-29 18:26:29,Direct,Six,Tablet,Firefox,Windows,/home
6d8e33e0-b1df-4841-8136-55253c666a33,2026_W27,S989,U19908,2026-07-03 13:15:10,2026-07-03 13:45:10,Organic,Describe,Mobile,Edge,MacOS,/offers
6d8e33e0-b1df-4841-8136-55253c666a33,2026_W27,S990,U20017,2026-07-02 16:03:24,2026-07-02 16:11:24,Organic,Officer,Mobile,Firefox,iOS,/offers
6d8e33e0-b1df-4841-8136-55253c666a33,2026_W27,S991,U18305,2026-06-29 20:06:10,2026-06-29 20:20:10,Direct,Action,Desktop,Safari,iOS,/home
6d8e33e0-b1df-4841-8136-55253c666a33,2026_W27,S992,U27537,2026-06-29 21:28:39,2026-06-29 21:57:39,Direct,Put,Mobile,Firefox,Android,/products
6d8e33e0-b1df-4841-8136-55253c666a33,2026_W27,S993,U6230,2026-06-30 00:44:39,2026-06-30 01:11:39,Organic,Exist,Mobile,Chrome,Android,/home
6d8e33e0-b1df-4841-8136-55253c666a33,2026_W27,S994,U25291,2026-07-04 15:20:57,2026-07-04 15:39:57,Facebook,Way,Mobile,Chrome,iOS,/products
6d8e33e0-b1df-4841-8136-55253c666a33,2026_W27,S995,U13391,2026-07-01 06:25:45,2026-07-01 06:49:45,Email,Ball,Mobile,Chrome,Android,/offers
6d8e33e0-b1df-4841-8136-55253c666a33,2026_W27,S996,U18882,2026-07-01 11:39:13,2026-07-01 11:45:13,Google Ads,Information,Mobile,Chrome,MacOS,/products
6d8e33e0-b1df-4841-8136-55253c666a33,2026_W27,S997,U23515,2026-06-29 22:51:17,2026-06-29 23:26:17,Google Ads,Else,Tablet,Edge,iOS,/home
6d8e33e0-b1df-4841-8136-55253c666a33,2026_W27,S998,U16186,2026-07-05 04:12:38,2026-07-05 04:36:38,Facebook,Time,Desktop,Chrome,Android,/home
6d8e33e0-b1df-4841-8136-55253c666a33,2026_W27,S999,U26771,2026-07-02 00:41:38,2026-07-02 01:11:38,Google Ads,Care,Tablet,Safari,MacOS,/home
6d8e33e0-b1df-4841-8136-55253c666a33,2026_W27,S1000,U8,2026-07-04 22:00:34,2026-07-04 22:16:34,Organic,Small,Desktop,Edge,iOS,/products
6d8e33e0-b1df-4841-8136-55253c666a33,2026_W27,S1001,U14488,2026-06-30 14:38:44,2026-06-30 15:15:44,Google Ads,Guess,Desktop,Chrome,Android,/offers
6d8e33e0-b1df-4841-8136-55253c666a33,2026_W27,S1002,U4079,2026-07-02 20:27:56,2026-07-02 21:03:56,Organic,Allow,Tablet,Chrome,iOS,/home
6d8e33e0-b1df-4841-8136-55253c666a33,2026_W27,S1003,U32715,2026-06-30 11:33:16,2026-06-30 12:09:16,Email,Present,Desktop,Edge,Android,/home
6d8e33e0-b1df-4841-8136-55253c666a33,2026_W27,S1004,U569,2026-07-01 05:18:01,2026-07-01 05:44:01,Facebook,Call,Mobile,Edge,Android,/offers
6d8e33e0-b1df-4841-8136-55253c666a33,2026_W27,S1005,U15968,2026-06-30 02:41:01,2026-06-30 03:16:01,Email,Your,Tablet,Firefox,Android,/offers
6d8e33e0-b1df-4841-8136-55253c666a33,2026_W27,S1006,U21855,2026-07-01 20:37:18,2026-07-01 20:49:18,Google Ads,Coach,Mobile,Safari,Windows,/offers
6d8e33e0-b1df-4841-8136-55253c666a33,2026_W27,S1007,U27825,2026-07-02 04:04:08,2026-07-02 04:06:08,Email,Few,Tablet,Safari,MacOS,/home
6d8e33e0-b1df-4841-8136-55253c666a33,2026_W27,S1008,U8419,2026-07-04 09:32:13,2026-07-04 09:40:13,Direct,Shake,Desktop,Edge,MacOS,/home
6d8e33e0-b1df-4841-8136-55253c666a33,2026_W27,S1009,U28077,2026-07-02 12:42:34,2026-07-02 13:04:34,Instagram,Health,Desktop,Chrome,MacOS,/offers
6d8e33e0-b1df-4841-8136-55253c666a33,2026_W27,S1010,U24400,2026-07-01 04:54:47,2026-07-01 05:30:47,Organic,Item,Tablet,Chrome,Android,/products
6d8e33e0-b1df-4841-8136-55253c666a33,2026_W27,S1011,U15896,2026-06-30 18:56:58,2026-06-30 19:01:58,Instagram,Spend,Mobile,Edge,Android,/offers
6d8e33e0-b1df-4841-8136-55253c666a33,2026_W27,S1012,U34881,2026-06-30 14:55:17,2026-06-30 15:05:17,Organic,Current,Desktop,Chrome,Windows,/home
6d8e33e0-b1df-4841-8136-55253c666a33,2026_W27,S1013,U28304,2026-06-30 16:23:39,2026-06-30 16:54:39,Facebook,Paper,Mobile,Chrome,Android,/offers
6d8e33e0-b1df-4841-8136-55253c666a33,2026_W27,S1014,U34955,2026-06-30 15:04:40,2026-06-30 15:06:40,Direct,Democrat,Desktop,Edge,Android,/offers
6d8e33e0-b1df-4841-8136-55253c666a33,2026_W27,S1015,U26411,2026-07-04 22:06:03,2026-07-04 22:42:03,Instagram,Drive,Mobile,Firefox,iOS,/home
6d8e33e0-b1df-4841-8136-55253c666a33,2026_W27,S1016,U8099,2026-07-01 17:23:50,2026-07-01 17:31:50,Direct,Prepare,Mobile,Firefox,Windows,/home
6d8e33e0-b1df-4841-8136-55253c666a33,2026_W27,S1017,U9936,2026-07-03 18:43:27,2026-07-03 19:07:27,Organic,Learn,Tablet,Chrome,Android,/home
6d8e33e0-b1df-4841-8136-55253c666a33,2026_W27,S1018,U33031,2026-07-04 11:43:45,2026-07-04 11:59:45,Email,School,Tablet,Chrome,iOS,/products
6d8e33e0-b1df-4841-8136-55253c666a33,2026_W27,S1019,U32303,2026-07-04 13:33:26,2026-07-04 13:45:26,Facebook,Little,Desktop,Firefox,MacOS,/offers
6d8e33e0-b1df-4841-8136-55253c666a33,2026_W27,S1020,U14694,2026-07-03 22:11:18,2026-07-03 22:12:18,Instagram,Wait,Tablet,Safari,iOS,/offers
6d8e33e0-b1df-4841-8136-55253c666a33,2026_W27,S1021,U24877,2026-07-02 07:44:05,2026-07-02 08:07:05,Facebook,Determine,Tablet,Firefox,Windows,/offers
6d8e33e0-b1df-4841-8136-55253c666a33,2026_W27,S1022,U31295,2026-07-05 07:54:40,2026-07-05 08:28:40,Organic,Affect,Desktop,Edge,MacOS,/offers
6d8e33e0-b1df-4841-8136-55253c666a33,2026_W27,S1023,U25462,2026-07-01 16:59:21,2026-07-01 17:30:21,Google Ads,Health,Mobile,Edge,MacOS,/offers
6d8e33e0-b1df-4841-8136-55253c666a33,2026_W27,S1024,U17457,2026-06-30 15:52:55,2026-06-30 16:01:55,Facebook,Those,Mobile,Firefox,MacOS,/offers
6d8e33e0-b1df-4841-8136-55253c666a33,2026_W27,S1025,U6415,2026-06-30 04:11:24,2026-06-30 04:40:24,Direct,Service,Mobile,Chrome,MacOS,/offers
6d8e33e0-b1df-4841-8136-55253c666a33,2026_W27,S1026,U23381,2026-07-04 04:02:11,2026-07-04 04:13:11,Google Ads,Another,Tablet,Chrome,Android,/products
6d8e33e0-b1df-4841-8136-55253c666a33,2026_W27,S1027,U25232,2026-07-01 18:39:23,2026-07-01 19:11:23,Email,Feel,Mobile,Chrome,MacOS,/products
6d8e33e0-b1df-4841-8136-55253c666a33,2026_W27,S1028,U31715,2026-07-04 13:19:59,2026-07-04 13:28:59,Instagram,Edge,Tablet,Safari,Android,/offers
6d8e33e0-b1df-4841-8136-55253c666a33,2026_W27,S1029,U8768,2026-07-04 23:44:40,2026-07-04 23:51:40,Google Ads,Fear,Desktop,Safari,iOS,/offers
6d8e33e0-b1df-4841-8136-55253c666a33,2026_W27,S1030,U7780,2026-06-30 14:21:10,2026-06-30 14:43:10,Direct,Nature,Tablet,Edge,MacOS,/home
6d8e33e0-b1df-4841-8136-55253c666a33,2026_W27,S1031,U18277,2026-06-29 14:52:16,2026-06-29 14:53:16,Direct,Now,Mobile,Firefox,Windows,/products
6d8e33e0-b1df-4841-8136-55253c666a33,2026_W27,S1032,U27175,2026-07-02 23:18:46,2026-07-02 23:25:46,Facebook,Skin,Desktop,Firefox,iOS,/products
6d8e33e0-b1df-4841-8136-55253c666a33,2026_W27,S1033,U31338,2026-06-29 21:06:28,2026-06-29 21:37:28,Email,Decision,Mobile,Edge,Android,/products
6d8e33e0-b1df-4841-8136-55253c666a33,2026_W27,S1034,U20139,2026-07-05 02:54:17,2026-07-05 03:25:17,Organic,Our,Mobile,Chrome,iOS,/home
6d8e33e0-b1df-4841-8136-55253c666a33,2026_W27,S1035,U19753,2026-07-05 00:41:29,2026-07-05 00:53:29,Organic,Push,Tablet,Edge,MacOS,/offers
6d8e33e0-b1df-4841-8136-55253c666a33,2026_W27,S1036,U11246,2026-07-04 02:16:10,2026-07-04 02:41:10,Facebook,Policy,Mobile,Safari,iOS,/products
6d8e33e0-b1df-4841-8136-55253c666a33,2026_W27,S1037,U7318,2026-07-04 14:33:26,2026-07-04 14:39:26,Organic,Sell,Mobile,Firefox,Windows,/products
6d8e33e0-b1df-4841-8136-55253c666a33,2026_W27,S1038,U9701,2026-07-02 05:12:11,2026-07-02 05:34:11,Instagram,Against,Tablet,Edge,Android,/home
6d8e33e0-b1df-4841-8136-55253c666a33,2026_W27,S1039,U20689,2026-06-29 11:51:09,2026-06-29 12:14:09,Facebook,Religious,Desktop,Chrome,MacOS,/products
6d8e33e0-b1df-4841-8136-55253c666a33,2026_W27,S1040,U30881,2026-07-02 02:05:19,2026-07-02 02:28:19,Instagram,Son,Mobile,Chrome,Android,/offers
6d8e33e0-b1df-4841-8136-55253c666a33,2026_W27,S1041,U12681,2026-07-01 10:10:48,2026-07-01 10:44:48,Instagram,Themselves,Mobile,Chrome,Android,/offers
6d8e33e0-b1df-4841-8136-55253c666a33,2026_W27,S1042,U9752,2026-07-05 06:11:21,2026-07-05 06:43:21,Direct,Left,Desktop,Chrome,Windows,/home
6d8e33e0-b1df-4841-8136-55253c666a33,2026_W27,S1043,U11433,2026-07-03 00:50:46,2026-07-03 01:22:46,Email,Computer,Desktop,Edge,Android,/products
6d8e33e0-b1df-4841-8136-55253c666a33,2026_W27,S1044,U14587,2026-07-04 13:25:52,2026-07-04 13:43:52,Instagram,Prove,Desktop,Edge,iOS,/products
6d8e33e0-b1df-4841-8136-55253c666a33,2026_W27,S1045,U11724,2026-07-04 21:19:03,2026-07-04 21:35:03,Google Ads,Matter,Desktop,Edge,iOS,/home
6d8e33e0-b1df-4841-8136-55253c666a33,2026_W27,S1046,U29854,2026-07-03 12:04:39,2026-07-03 12:42:39,Organic,Road,Desktop,Firefox,iOS,/products
6d8e33e0-b1df-4841-8136-55253c666a33,2026_W27,S1047,U8096,2026-07-03 04:10:31,2026-07-03 04:35:31,Organic,Provide,Mobile,Safari,MacOS,/offers
6d8e33e0-b1df-4841-8136-55253c666a33,2026_W27,S1048,U10508,2026-07-01 02:26:59,2026-07-01 02:40:59,Google Ads,Ten,Desktop,Firefox,MacOS,/home
6d8e33e0-b1df-4841-8136-55253c666a33,2026_W27,S1049,U2371,2026-07-01 11:27:00,2026-07-01 11:38:00,Facebook,Animal,Mobile,Firefox,MacOS,/products
6d8e33e0-b1df-4841-8136-55253c666a33,2026_W27,S1050,U11154,2026-07-05 00:39:48,2026-07-05 00:46:48,Organic,Financial,Desktop,Firefox,Windows,/home
6d8e33e0-b1df-4841-8136-55253c666a33,2026_W27,S1051,U7553,2026-07-02 12:13:04,2026-07-02 12:34:04,Organic,See,Mobile,Chrome,Android,/home
6d8e33e0-b1df-4841-8136-55253c666a33,2026_W27,S1052,U24806,2026-07-02 00:31:56,2026-07-02 00:54:56,Instagram,First,Desktop,Chrome,Android,/products
6d8e33e0-b1df-4841-8136-55253c666a33,2026_W27,S1053,U20931,2026-07-04 19:29:59,2026-07-04 19:33:59,Email,For,Tablet,Safari,iOS,/offers
6d8e33e0-b1df-4841-8136-55253c666a33,2026_W27,S1054,U9294,2026-07-01 00:42:19,2026-07-01 00:48:19,Facebook,Choice,Mobile,Safari,Windows,/products
6d8e33e0-b1df-4841-8136-55253c666a33,2026_W27,S1055,U33058,2026-06-30 12:24:16,2026-06-30 12:36:16,Google Ads,Argue,Desktop,Chrome,MacOS,/offers
6d8e33e0-b1df-4841-8136-55253c666a33,2026_W27,S1056,U32197,2026-07-05 00:25:40,2026-07-05 00:34:40,Direct,Music,Mobile,Chrome,MacOS,/products
6d8e33e0-b1df-4841-8136-55253c666a33,2026_W27,S1057,U15119,2026-07-03 19:29:15,2026-07-03 19:59:15,Facebook,Fall,Tablet,Firefox,Windows,/offers
6d8e33e0-b1df-4841-8136-55253c666a33,2026_W27,S1058,U3689,2026-06-30 22:04:58,2026-06-30 22:05:58,Email,Strategy,Tablet,Firefox,MacOS,/home
6d8e33e0-b1df-4841-8136-55253c666a33,2026_W27,S1059,U4158,2026-07-02 03:57:18,2026-07-02 04:15:18,Facebook,Either,Tablet,Safari,iOS,/offers
6d8e33e0-b1df-4841-8136-55253c666a33,2026_W27,S1060,U13768,2026-06-29 13:09:13,2026-06-29 13:27:13,Instagram,Town,Mobile,Safari,iOS,/products
6d8e33e0-b1df-4841-8136-55253c666a33,2026_W27,S1061,U30429,2026-07-03 06:43:29,2026-07-03 07:09:29,Email,To,Desktop,Firefox,Windows,/offers
6d8e33e0-b1df-4841-8136-55253c666a33,2026_W27,S1062,U26312,2026-06-29 22:07:58,2026-06-29 22:10:58,Direct,Lawyer,Mobile,Firefox,MacOS,/products
6d8e33e0-b1df-4841-8136-55253c666a33,2026_W27,S1063,U2179,2026-07-01 18:59:09,2026-07-01 19:22:09,Google Ads,Piece,Mobile,Edge,Android,/offers
6d8e33e0-b1df-4841-8136-55253c666a33,2026_W27,S1064,U11723,2026-07-04 12:45:48,2026-07-04 13:24:48,Email,Road,Desktop,Edge,Android,/offers
6d8e33e0-b1df-4841-8136-55253c666a33,2026_W27,S1065,U2975,2026-06-29 11:01:00,2026-06-29 11:29:00,Instagram,Worry,Mobile,Chrome,iOS,/products
6d8e33e0-b1df-4841-8136-55253c666a33,2026_W27,S1066,U16679,2026-07-01 00:26:01,2026-07-01 01:04:01,Direct,Itself,Mobile,Firefox,Windows,/products
6d8e33e0-b1df-4841-8136-55253c666a33,2026_W27,S1067,U26730,2026-07-03 23:56:05,2026-07-04 00:28:05,Organic,Life,Mobile,Chrome,Android,/offers
6d8e33e0-b1df-4841-8136-55253c666a33,2026_W27,S1068,U11798,2026-07-04 11:50:50,2026-07-04 11:57:50,Instagram,Compare,Mobile,Firefox,MacOS,/offers
6d8e33e0-b1df-4841-8136-55253c666a33,2026_W27,S1069,U2037,2026-07-03 17:18:59,2026-07-03 17:20:59,Google Ads,Collection,Desktop,Edge,Windows,/offers
6d8e33e0-b1df-4841-8136-55253c666a33,2026_W27,S1070,U26183,2026-07-02 13:58:48,2026-07-02 14:33:48,Instagram,Fly,Mobile,Firefox,MacOS,/products
6d8e33e0-b1df-4841-8136-55253c666a33,2026_W27,S1071,U21496,2026-07-02 02:22:57,2026-07-02 02:49:57,Direct,Unit,Mobile,Safari,Windows,/offers
6d8e33e0-b1df-4841-8136-55253c666a33,2026_W27,S1072,U26091,2026-07-01 05:45:20,2026-07-01 06:10:20,Google Ads,Office,Desktop,Firefox,Android,/home
6d8e33e0-b1df-4841-8136-55253c666a33,2026_W27,S1073,U11673,2026-07-01 06:15:36,2026-07-01 06:20:36,Organic,Determine,Tablet,Edge,Android,/home
6d8e33e0-b1df-4841-8136-55253c666a33,2026_W27,S1074,U16465,2026-06-30 03:30:39,2026-06-30 04:03:39,Facebook,Add,Tablet,Firefox,iOS,/products
6d8e33e0-b1df-4841-8136-55253c666a33,2026_W27,S1075,U26577,2026-07-03 00:32:11,2026-07-03 00:56:11,Direct,Rich,Tablet,Chrome,Windows,/offers
6d8e33e0-b1df-4841-8136-55253c666a33,2026_W27,S1076,U14748,2026-07-04 08:25:51,2026-07-04 08:56:51,Email,Stand,Mobile,Safari,MacOS,/offers
6d8e33e0-b1df-4841-8136-55253c666a33,2026_W27,S1077,U8178,2026-07-03 01:08:17,2026-07-03 01:15:17,Facebook,Inside,Desktop,Edge,iOS,/home
6d8e33e0-b1df-4841-8136-55253c666a33,2026_W27,S1078,U10676,2026-07-01 06:47:47,2026-07-01 06:58:47,Organic,They,Mobile,Chrome,iOS,/offers
6d8e33e0-b1df-4841-8136-55253c666a33,2026_W27,S1079,U26017,2026-07-05 06:25:07,2026-07-05 06:27:07,Instagram,Approach,Tablet,Edge,iOS,/offers
6d8e33e0-b1df-4841-8136-55253c666a33,2026_W27,S1080,U14572,2026-07-04 06:24:16,2026-07-04 06:48:16,Facebook,Stuff,Tablet,Chrome,MacOS,/products
6d8e33e0-b1df-4841-8136-55253c666a33,2026_W27,S1081,U26204,2026-07-04 15:53:36,2026-07-04 16:28:36,Direct,Summer,Desktop,Edge,Windows,/products
6d8e33e0-b1df-4841-8136-55253c666a33,2026_W27,S1082,U30153,2026-07-02 09:42:57,2026-07-02 09:52:57,Instagram,Participant,Tablet,Safari,Android,/offers
6d8e33e0-b1df-4841-8136-55253c666a33,2026_W27,S1083,U12947,2026-06-29 10:44:22,2026-06-29 10:50:22,Google Ads,City,Desktop,Firefox,Windows,/offers
6d8e33e0-b1df-4841-8136-55253c666a33,2026_W27,S1084,U30046,2026-06-29 19:59:14,2026-06-29 20:35:14,Facebook,Customer,Tablet,Firefox,Windows,/products
6d8e33e0-b1df-4841-8136-55253c666a33,2026_W27,S1085,U3175,2026-07-02 20:24:37,2026-07-02 20:46:37,Email,Try,Mobile,Safari,Android,/home
6d8e33e0-b1df-4841-8136-55253c666a33,2026_W27,S1086,U34244,2026-07-02 03:56:18,2026-07-02 04:32:18,Facebook,Owner,Desktop,Safari,iOS,/offers
6d8e33e0-b1df-4841-8136-55253c666a33,2026_W27,S1087,U24970,2026-06-29 20:02:27,2026-06-29 20:39:27,Google Ads,Lose,Mobile,Chrome,Android,/home
6d8e33e0-b1df-4841-8136-55253c666a33,2026_W27,S1088,U8553,2026-07-01 06:38:15,2026-07-01 06:50:15,Direct,Property,Tablet,Firefox,MacOS,/home
6d8e33e0-b1df-4841-8136-55253c666a33,2026_W27,S1089,U11788,2026-06-29 13:35:48,2026-06-29 14:00:48,Instagram,One,Desktop,Chrome,iOS,/offers
6d8e33e0-b1df-4841-8136-55253c666a33,2026_W27,S1090,U17562,2026-07-05 01:57:39,2026-07-05 02:37:39,Facebook,Concern,Mobile,Chrome,iOS,/products
6d8e33e0-b1df-4841-8136-55253c666a33,2026_W27,S1091,U26469,2026-07-03 14:05:52,2026-07-03 14:37:52,Google Ads,Civil,Mobile,Firefox,iOS,/products
6d8e33e0-b1df-4841-8136-55253c666a33,2026_W27,S1092,U12293,2026-07-04 22:09:19,2026-07-04 22:12:19,Email,Notice,Tablet,Chrome,MacOS,/home
6d8e33e0-b1df-4841-8136-55253c666a33,2026_W27,S1093,U23283,2026-07-04 02:54:06,2026-07-04 02:59:06,Direct,Blue,Tablet,Firefox,iOS,/products
6d8e33e0-b1df-4841-8136-55253c666a33,2026_W27,S1094,U13379,2026-07-04 05:32:39,2026-07-04 06:02:39,Organic,Miss,Desktop,Chrome,Windows,/products
6d8e33e0-b1df-4841-8136-55253c666a33,2026_W27,S1095,U27275,2026-07-04 05:58:04,2026-07-04 06:13:04,Direct,West,Desktop,Safari,iOS,/offers
6d8e33e0-b1df-4841-8136-55253c666a33,2026_W27,S1096,U15329,2026-07-02 10:16:37,2026-07-02 10:49:37,Email,Radio,Mobile,Chrome,MacOS,/home
6d8e33e0-b1df-4841-8136-55253c666a33,2026_W27,S1097,U16679,2026-07-04 01:45:50,2026-07-04 01:51:50,Instagram,Their,Mobile,Chrome,Android,/products
6d8e33e0-b1df-4841-8136-55253c666a33,2026_W27,S1098,U15455,2026-07-03 05:25:41,2026-07-03 06:01:41,Organic,Here,Mobile,Chrome,MacOS,/products
6d8e33e0-b1df-4841-8136-55253c666a33,2026_W27,S1099,U11155,2026-07-01 13:18:09,2026-07-01 13:36:09,Facebook,Reach,Mobile,Safari,iOS,/products
6d8e33e0-b1df-4841-8136-55253c666a33,2026_W27,S1100,U15103,2026-07-01 06:44:06,2026-07-01 07:16:06,Google Ads,Writer,Mobile,Edge,MacOS,/products
6d8e33e0-b1df-4841-8136-55253c666a33,2026_W27,S1101,U31014,2026-06-30 08:35:54,2026-06-30 08:40:54,Facebook,Hospital,Desktop,Safari,Windows,/home
6d8e33e0-b1df-4841-8136-55253c666a33,2026_W27,S1102,U12836,2026-07-04 14:17:51,2026-07-04 14:51:51,Organic,Course,Tablet,Edge,iOS,/offers
6d8e33e0-b1df-4841-8136-55253c666a33,2026_W27,S1103,U19486,2026-06-30 03:47:17,2026-06-30 04:05:17,Facebook,Character,Desktop,Chrome,iOS,/offers
6d8e33e0-b1df-4841-8136-55253c666a33,2026_W27,S1104,U2608,2026-07-05 03:25:40,2026-07-05 03:54:40,Direct,Head,Tablet,Safari,iOS,/home
6d8e33e0-b1df-4841-8136-55253c666a33,2026_W27,S1105,U6204,2026-06-29 20:14:07,2026-06-29 20:49:07,Direct,Center,Desktop,Firefox,Android,/products
6d8e33e0-b1df-4841-8136-55253c666a33,2026_W27,S1106,U17695,2026-06-30 11:02:17,2026-06-30 11:09:17,Organic,Teach,Mobile,Edge,Windows,/home
6d8e33e0-b1df-4841-8136-55253c666a33,2026_W27,S1107,U15153,2026-07-01 13:55:26,2026-07-01 14:34:26,Email,Purpose,Mobile,Safari,Android,/home
6d8e33e0-b1df-4841-8136-55253c666a33,2026_W27,S1108,U14926,2026-06-30 06:02:21,2026-06-30 06:17:21,Facebook,Government,Tablet,Edge,MacOS,/products
6d8e33e0-b1df-4841-8136-55253c666a33,2026_W27,S1109,U29689,2026-07-03 18:00:57,2026-07-03 18:07:57,Direct,Body,Tablet,Safari,iOS,/home
6d8e33e0-b1df-4841-8136-55253c666a33,2026_W27,S1110,U31078,2026-06-30 22:00:54,2026-06-30 22:32:54,Google Ads,Little,Tablet,Firefox,Windows,/offers
6d8e33e0-b1df-4841-8136-55253c666a33,2026_W27,S1111,U15660,2026-06-29 10:18:08,2026-06-29 10:43:08,Organic,Cost,Tablet,Edge,iOS,/products
6d8e33e0-b1df-4841-8136-55253c666a33,2026_W27,S1112,U5299,2026-07-02 15:05:21,2026-07-02 15:21:21,Email,Admit,Desktop,Firefox,iOS,/products
6d8e33e0-b1df-4841-8136-55253c666a33,2026_W27,S1113,U12653,2026-07-01 16:19:47,2026-07-01 16:51:47,Google Ads,Leg,Tablet,Firefox,Android,/products
6d8e33e0-b1df-4841-8136-55253c666a33,2026_W27,S1114,U2717,2026-07-02 04:40:13,2026-07-02 05:10:13,Instagram,Cultural,Mobile,Chrome,iOS,/home
6d8e33e0-b1df-4841-8136-55253c666a33,2026_W27,S1115,U21099,2026-07-02 17:54:48,2026-07-02 18:20:48,Facebook,Red,Mobile,Chrome,iOS,/offers
6d8e33e0-b1df-4841-8136-55253c666a33,2026_W27,S1116,U23921,2026-07-04 11:22:34,2026-07-04 11:48:34,Email,Stay,Mobile,Edge,MacOS,/offers
6d8e33e0-b1df-4841-8136-55253c666a33,2026_W27,S1117,U9781,2026-06-30 02:54:57,2026-06-30 03:12:57,Email,Design,Desktop,Chrome,Windows,/offers
6d8e33e0-b1df-4841-8136-55253c666a33,2026_W27,S1118,U16621,2026-06-30 23:12:31,2026-06-30 23:28:31,Direct,Present,Tablet,Edge,Windows,/home
6d8e33e0-b1df-4841-8136-55253c666a33,2026_W27,S1119,U24900,2026-06-30 17:48:53,2026-06-30 18:18:53,Instagram,Office,Tablet,Firefox,Android,/home
6d8e33e0-b1df-4841-8136-55253c666a33,2026_W27,S1120,U30190,2026-07-03 17:39:21,2026-07-03 17:55:21,Organic,Democratic,Mobile,Firefox,Windows,/products
6d8e33e0-b1df-4841-8136-55253c666a33,2026_W27,S1121,U8398,2026-07-01 09:54:12,2026-07-01 10:03:12,Instagram,Method,Tablet,Edge,MacOS,/products
6d8e33e0-b1df-4841-8136-55253c666a33,2026_W27,S1122,U23933,2026-07-02 20:31:56,2026-07-02 20:46:56,Google Ads,Dinner,Desktop,Firefox,Windows,/home
6d8e33e0-b1df-4841-8136-55253c666a33,2026_W27,S1123,U13049,2026-07-01 18:33:13,2026-07-01 18:52:13,Instagram,Office,Mobile,Firefox,MacOS,/products
6d8e33e0-b1df-4841-8136-55253c666a33,2026_W27,S1124,U14932,2026-07-02 05:48:54,2026-07-02 06:26:54,Email,Who,Tablet,Safari,Windows,/home
6d8e33e0-b1df-4841-8136-55253c666a33,2026_W27,S1125,U20485,2026-07-01 08:09:37,2026-07-01 08:14:37,Instagram,Begin,Mobile,Firefox,Windows,/offers
6d8e33e0-b1df-4841-8136-55253c666a33,2026_W27,S1126,U28562,2026-06-29 12:06:26,2026-06-29 12:44:26,Facebook,Movement,Mobile,Chrome,Android,/home
6d8e33e0-b1df-4841-8136-55253c666a33,2026_W27,S1127,U15778,2026-07-02 05:51:12,2026-07-02 06:22:12,Email,Little,Mobile,Edge,MacOS,/home
6d8e33e0-b1df-4841-8136-55253c666a33,2026_W27,S1128,U25046,2026-07-01 12:16:44,2026-07-01 12:38:44,Google Ads,Player,Mobile,Firefox,iOS,/offers
6d8e33e0-b1df-4841-8136-55253c666a33,2026_W27,S1129,U2384,2026-07-04 07:12:21,2026-07-04 07:23:21,Facebook,Plant,Desktop,Edge,MacOS,/products
6d8e33e0-b1df-4841-8136-55253c666a33,2026_W27,S1130,U10013,2026-07-04 15:48:05,2026-07-04 16:20:05,Facebook,Pay,Mobile,Edge,Windows,/products
6d8e33e0-b1df-4841-8136-55253c666a33,2026_W27,S1131,U26740,2026-07-02 12:08:05,2026-07-02 12:12:05,Organic,True,Tablet,Safari,iOS,/home
6d8e33e0-b1df-4841-8136-55253c666a33,2026_W27,S1132,U5112,2026-06-30 05:35:42,2026-06-30 06:04:42,Direct,Employee,Mobile,Safari,Windows,/offers
6d8e33e0-b1df-4841-8136-55253c666a33,2026_W27,S1133,U33242,2026-06-29 09:12:23,2026-06-29 09:33:23,Direct,Develop,Mobile,Chrome,Android,/offers
6d8e33e0-b1df-4841-8136-55253c666a33,2026_W27,S1134,U7263,2026-07-01 23:01:23,2026-07-01 23:06:23,Direct,Gas,Desktop,Safari,MacOS,/products
6d8e33e0-b1df-4841-8136-55253c666a33,2026_W27,S1135,U20228,2026-06-30 01:15:32,2026-06-30 01:33:32,Organic,Drive,Mobile,Edge,iOS,/home
6d8e33e0-b1df-4841-8136-55253c666a33,2026_W27,S1136,U32480,2026-07-02 18:01:15,2026-07-02 18:32:15,Organic,Late,Desktop,Chrome,MacOS,/home
6d8e33e0-b1df-4841-8136-55253c666a33,2026_W27,S1137,U20626,2026-07-03 20:10:48,2026-07-03 20:42:48,Facebook,Describe,Tablet,Chrome,iOS,/home
6d8e33e0-b1df-4841-8136-55253c666a33,2026_W27,S1138,U10531,2026-07-02 02:05:40,2026-07-02 02:10:40,Email,Summer,Tablet,Chrome,iOS,/products
6d8e33e0-b1df-4841-8136-55253c666a33,2026_W27,S1139,U32225,2026-07-04 04:25:44,2026-07-04 04:34:44,Organic,Matter,Tablet,Edge,Android,/home
6d8e33e0-b1df-4841-8136-55253c666a33,2026_W27,S1140,U10016,2026-07-03 10:09:54,2026-07-03 10:45:54,Email,Teacher,Mobile,Edge,Android,/products
6d8e33e0-b1df-4841-8136-55253c666a33,2026_W27,S1141,U10022,2026-06-30 07:19:01,2026-06-30 07:42:01,Organic,Short,Tablet,Safari,Android,/offers
6d8e33e0-b1df-4841-8136-55253c666a33,2026_W27,S1142,U13054,2026-07-04 00:30:56,2026-07-04 00:57:56,Google Ads,Difficult,Desktop,Edge,Android,/offers
6d8e33e0-b1df-4841-8136-55253c666a33,2026_W27,S1143,U9854,2026-07-05 06:16:51,2026-07-05 06:40:51,Email,Keep,Tablet,Chrome,Android,/products
6d8e33e0-b1df-4841-8136-55253c666a33,2026_W27,S1144,U29662,2026-07-02 19:20:43,2026-07-02 19:54:43,Email,Institution,Tablet,Edge,MacOS,/products
6d8e33e0-b1df-4841-8136-55253c666a33,2026_W27,S1145,U24701,2026-07-02 07:53:53,2026-07-02 08:32:53,Direct,As,Mobile,Edge,Windows,/products
6d8e33e0-b1df-4841-8136-55253c666a33,2026_W27,S1146,U33533,2026-06-29 15:26:57,2026-06-29 15:55:57,Organic,Shake,Tablet,Chrome,iOS,/home
6d8e33e0-b1df-4841-8136-55253c666a33,2026_W27,S1147,U13599,2026-06-30 17:16:08,2026-06-30 17:40:08,Instagram,Her,Tablet,Chrome,MacOS,/home
6d8e33e0-b1df-4841-8136-55253c666a33,2026_W27,S1148,U19594,2026-07-04 18:24:23,2026-07-04 19:02:23,Direct,Themselves,Tablet,Edge,MacOS,/products
6d8e33e0-b1df-4841-8136-55253c666a33,2026_W27,S1149,U458,2026-07-04 04:24:59,2026-07-04 04:57:59,Organic,Far,Tablet,Chrome,iOS,/products
6d8e33e0-b1df-4841-8136-55253c666a33,2026_W27,S1150,U33882,2026-07-04 22:28:15,2026-07-04 22:35:15,Direct,Majority,Tablet,Chrome,iOS,/home
6d8e33e0-b1df-4841-8136-55253c666a33,2026_W27,S1151,U11390,2026-06-29 14:03:17,2026-06-29 14:38:17,Facebook,Heart,Tablet,Safari,Windows,/home
6d8e33e0-b1df-4841-8136-55253c666a33,2026_W27,S1152,U33477,2026-07-02 00:19:57,2026-07-02 00:50:57,Instagram,Listen,Mobile,Chrome,Android,/home
6d8e33e0-b1df-4841-8136-55253c666a33,2026_W27,S1153,U25048,2026-07-01 19:40:01,2026-07-01 19:50:01,Email,Establish,Mobile,Chrome,iOS,/home
6d8e33e0-b1df-4841-8136-55253c666a33,2026_W27,S1154,U22271,2026-07-03 05:44:54,2026-07-03 05:48:54,Organic,Hear,Tablet,Edge,MacOS,/offers
6d8e33e0-b1df-4841-8136-55253c666a33,2026_W27,S1155,U10931,2026-07-03 18:50:31,2026-07-03 19:01:31,Organic,Image,Mobile,Edge,Android,/products
6d8e33e0-b1df-4841-8136-55253c666a33,2026_W27,S1156,U10806,2026-07-03 23:07:10,2026-07-03 23:19:10,Email,Least,Tablet,Edge,iOS,/home
6d8e33e0-b1df-4841-8136-55253c666a33,2026_W27,S1157,U6783,2026-06-30 05:53:34,2026-06-30 06:17:34,Email,Member,Desktop,Safari,iOS,/offers
6d8e33e0-b1df-4841-8136-55253c666a33,2026_W27,S1158,U5353,2026-07-04 05:21:35,2026-07-04 05:45:35,Email,Language,Tablet,Edge,Android,/home
6d8e33e0-b1df-4841-8136-55253c666a33,2026_W27,S1159,U12965,2026-07-05 02:03:11,2026-07-05 02:28:11,Email,Say,Desktop,Chrome,MacOS,/products
6d8e33e0-b1df-4841-8136-55253c666a33,2026_W27,S1160,U1676,2026-07-01 15:51:22,2026-07-01 16:03:22,Instagram,Letter,Mobile,Edge,Android,/home
6d8e33e0-b1df-4841-8136-55253c666a33,2026_W27,S1161,U6020,2026-07-02 13:49:24,2026-07-02 14:06:24,Instagram,Throughout,Desktop,Edge,iOS,/products
6d8e33e0-b1df-4841-8136-55253c666a33,2026_W27,S1162,U32765,2026-07-05 02:35:26,2026-07-05 03:01:26,Google Ads,Born,Tablet,Chrome,MacOS,/home
6d8e33e0-b1df-4841-8136-55253c666a33,2026_W27,S1163,U33354,2026-07-03 12:50:44,2026-07-03 13:18:44,Instagram,Form,Mobile,Firefox,MacOS,/products
6d8e33e0-b1df-4841-8136-55253c666a33,2026_W27,S1164,U28838,2026-07-03 07:59:18,2026-07-03 08:35:18,Instagram,Trouble,Tablet,Edge,iOS,/home
6d8e33e0-b1df-4841-8136-55253c666a33,2026_W27,S1165,U31887,2026-07-03 06:02:16,2026-07-03 06:16:16,Instagram,Hair,Mobile,Firefox,Android,/home
6d8e33e0-b1df-4841-8136-55253c666a33,2026_W27,S1166,U10188,2026-07-01 07:03:58,2026-07-01 07:41:58,Direct,Sign,Tablet,Chrome,iOS,/home
6d8e33e0-b1df-4841-8136-55253c666a33,2026_W27,S1167,U24528,2026-07-03 20:50:28,2026-07-03 21:26:28,Organic,Among,Desktop,Firefox,MacOS,/home
6d8e33e0-b1df-4841-8136-55253c666a33,2026_W27,S1168,U28763,2026-07-05 06:59:21,2026-07-05 07:17:21,Direct,People,Mobile,Chrome,Android,/home
6d8e33e0-b1df-4841-8136-55253c666a33,2026_W27,S1169,U19829,2026-07-02 04:05:39,2026-07-02 04:07:39,Google Ads,Bring,Desktop,Chrome,Windows,/home
6d8e33e0-b1df-4841-8136-55253c666a33,2026_W27,S1170,U1308,2026-07-01 22:22:39,2026-07-01 23:02:39,Direct,Door,Tablet,Edge,iOS,/products
6d8e33e0-b1df-4841-8136-55253c666a33,2026_W27,S1171,U2271,2026-06-30 08:52:33,2026-06-30 09:00:33,Organic,With,Tablet,Safari,iOS,/offers
6d8e33e0-b1df-4841-8136-55253c666a33,2026_W27,S1172,U9270,2026-06-29 17:41:12,2026-06-29 17:49:12,Email,Open,Desktop,Chrome,MacOS,/products
6d8e33e0-b1df-4841-8136-55253c666a33,2026_W27,S1173,U5582,2026-07-04 02:52:47,2026-07-04 03:12:47,Direct,Read,Tablet,Safari,MacOS,/offers
6d8e33e0-b1df-4841-8136-55253c666a33,2026_W27,S1174,U19058,2026-06-30 03:19:37,2026-06-30 03:27:37,Email,Interest,Mobile,Safari,Windows,/home
6d8e33e0-b1df-4841-8136-55253c666a33,2026_W27,S1175,U26752,2026-07-03 12:28:35,2026-07-03 12:55:35,Instagram,Space,Desktop,Safari,Android,/home
6d8e33e0-b1df-4841-8136-55253c666a33,2026_W27,S1176,U1498,2026-07-01 13:41:52,2026-07-01 14:16:52,Direct,Join,Mobile,Chrome,MacOS,/offers
6d8e33e0-b1df-4841-8136-55253c666a33,2026_W27,S1177,U13295,2026-07-05 06:33:14,2026-07-05 07:11:14,Direct,Age,Desktop,Chrome,Windows,/products
6d8e33e0-b1df-4841-8136-55253c666a33,2026_W27,S1178,U9268,2026-07-01 20:29:59,2026-07-01 21:03:59,Direct,One,Tablet,Chrome,Android,/home
6d8e33e0-b1df-4841-8136-55253c666a33,2026_W27,S1179,U32257,2026-06-30 15:56:31,2026-06-30 16:35:31,Google Ads,Bring,Tablet,Safari,Android,/offers
6d8e33e0-b1df-4841-8136-55253c666a33,2026_W27,S1180,U6572,2026-06-30 21:45:44,2026-06-30 22:11:44,Organic,Who,Tablet,Chrome,Windows,/home
6d8e33e0-b1df-4841-8136-55253c666a33,2026_W27,S1181,U4948,2026-06-30 01:52:42,2026-06-30 01:55:42,Facebook,Seek,Tablet,Edge,iOS,/home
6d8e33e0-b1df-4841-8136-55253c666a33,2026_W27,S1182,U33470,2026-07-03 18:09:35,2026-07-03 18:23:35,Google Ads,Him,Desktop,Edge,iOS,/home
6d8e33e0-b1df-4841-8136-55253c666a33,2026_W27,S1183,U7563,2026-07-04 18:19:13,2026-07-04 18:58:13,Instagram,Close,Desktop,Firefox,MacOS,/products
6d8e33e0-b1df-4841-8136-55253c666a33,2026_W27,S1184,U831,2026-06-30 11:42:06,2026-06-30 12:01:06,Direct,Cultural,Tablet,Edge,MacOS,/home
6d8e33e0-b1df-4841-8136-55253c666a33,2026_W27,S1185,U29340,2026-07-02 04:31:47,2026-07-02 04:54:47,Instagram,Rest,Tablet,Edge,Windows,/products
6d8e33e0-b1df-4841-8136-55253c666a33,2026_W27,S1186,U28030,2026-06-30 05:13:52,2026-06-30 05:27:52,Organic,Remember,Mobile,Chrome,iOS,/products
6d8e33e0-b1df-4841-8136-55253c666a33,2026_W27,S1187,U31652,2026-06-29 19:58:07,2026-06-29 20:18:07,Organic,Across,Mobile,Safari,Android,/offers
6d8e33e0-b1df-4841-8136-55253c666a33,2026_W27,S1188,U24414,2026-07-04 15:01:24,2026-07-04 15:37:24,Facebook,Whether,Tablet,Chrome,MacOS,/products
6d8e33e0-b1df-4841-8136-55253c666a33,2026_W27,S1189,U32992,2026-07-03 20:32:47,2026-07-03 20:34:47,Organic,Suffer,Tablet,Chrome,Windows,/offers
6d8e33e0-b1df-4841-8136-55253c666a33,2026_W27,S1190,U20265,2026-07-04 08:59:42,2026-07-04 09:07:42,Instagram,Onto,Tablet,Safari,MacOS,/home
6d8e33e0-b1df-4841-8136-55253c666a33,2026_W27,S1191,U24562,2026-07-01 13:33:18,2026-07-01 13:36:18,Organic,Prove,Tablet,Safari,Android,/products
6d8e33e0-b1df-4841-8136-55253c666a33,2026_W27,S1192,U967,2026-07-01 22:20:27,2026-07-01 22:23:27,Email,Police,Mobile,Safari,MacOS,/home
6d8e33e0-b1df-4841-8136-55253c666a33,2026_W27,S1193,U14437,2026-07-03 10:27:04,2026-07-03 10:42:04,Facebook,About,Mobile,Safari,Windows,/products
6d8e33e0-b1df-4841-8136-55253c666a33,2026_W27,S1194,U6666,2026-07-03 23:34:39,2026-07-04 00:13:39,Instagram,See,Mobile,Firefox,MacOS,/home
6d8e33e0-b1df-4841-8136-55253c666a33,2026_W27,S1195,U20950,2026-06-30 04:20:31,2026-06-30 04:25:31,Facebook,Natural,Desktop,Edge,iOS,/home
6d8e33e0-b1df-4841-8136-55253c666a33,2026_W27,S1196,U24325,2026-07-05 00:40:42,2026-07-05 00:51:42,Email,Wish,Mobile,Safari,iOS,/home
6d8e33e0-b1df-4841-8136-55253c666a33,2026_W27,S1197,U6500,2026-07-03 16:49:20,2026-07-03 17:08:20,Instagram,Director,Tablet,Safari,MacOS,/products
6d8e33e0-b1df-4841-8136-55253c666a33,2026_W27,S1198,U41,2026-07-01 08:34:52,2026-07-01 09:07:52,Email,Force,Mobile,Chrome,MacOS,/products
6d8e33e0-b1df-4841-8136-55253c666a33,2026_W27,S1199,U4171,2026-07-04 02:00:30,2026-07-04 02:11:30,Email,Action,Desktop,Firefox,iOS,/offers
6d8e33e0-b1df-4841-8136-55253c666a33,2026_W27,S1200,U14997,2026-07-05 08:50:46,2026-07-05 09:12:46,Instagram,Chair,Tablet,Edge,MacOS,/offers
6d8e33e0-b1df-4841-8136-55253c666a33,2026_W27,S1201,U2401,2026-06-29 18:44:43,2026-06-29 18:46:43,Direct,Surface,Mobile,Chrome,iOS,/products
6d8e33e0-b1df-4841-8136-55253c666a33,2026_W27,S1202,U17770,2026-07-04 12:23:26,2026-07-04 12:42:26,Organic,Forward,Tablet,Edge,MacOS,/offers
6d8e33e0-b1df-4841-8136-55253c666a33,2026_W27,S1203,U15896,2026-07-01 21:49:32,2026-07-01 22:06:32,Direct,Economic,Tablet,Chrome,iOS,/products
6d8e33e0-b1df-4841-8136-55253c666a33,2026_W27,S1204,U9316,2026-07-01 20:02:37,2026-07-01 20:25:37,Instagram,Half,Tablet,Safari,MacOS,/offers
6d8e33e0-b1df-4841-8136-55253c666a33,2026_W27,S1205,U2922,2026-07-04 04:06:11,2026-07-04 04:14:11,Organic,Or,Mobile,Firefox,Android,/products
6d8e33e0-b1df-4841-8136-55253c666a33,2026_W27,S1206,U3721,2026-07-02 16:24:00,2026-07-02 16:46:00,Facebook,Country,Mobile,Firefox,MacOS,/offers
6d8e33e0-b1df-4841-8136-55253c666a33,2026_W27,S1207,U1171,2026-07-01 01:15:58,2026-07-01 01:49:58,Instagram,Head,Tablet,Edge,Android,/offers
6d8e33e0-b1df-4841-8136-55253c666a33,2026_W27,S1208,U3936,2026-07-03 22:00:27,2026-07-03 22:20:27,Email,Money,Desktop,Edge,iOS,/home
6d8e33e0-b1df-4841-8136-55253c666a33,2026_W27,S1209,U24677,2026-06-29 11:46:56,2026-06-29 11:59:56,Facebook,Young,Tablet,Firefox,Android,/offers
6d8e33e0-b1df-4841-8136-55253c666a33,2026_W27,S1210,U13336,2026-06-29 12:44:40,2026-06-29 12:57:40,Direct,Population,Mobile,Chrome,Windows,/offers
6d8e33e0-b1df-4841-8136-55253c666a33,2026_W27,S1211,U26661,2026-07-03 21:20:09,2026-07-03 21:29:09,Direct,Year,Desktop,Safari,Windows,/offers
6d8e33e0-b1df-4841-8136-55253c666a33,2026_W27,S1212,U1039,2026-07-05 02:50:46,2026-07-05 03:14:46,Facebook,Interesting,Desktop,Firefox,iOS,/products
6d8e33e0-b1df-4841-8136-55253c666a33,2026_W27,S1213,U21173,2026-07-03 06:22:30,2026-07-03 06:45:30,Direct,But,Mobile,Chrome,Windows,/offers
6d8e33e0-b1df-4841-8136-55253c666a33,2026_W27,S1214,U22445,2026-07-04 04:02:14,2026-07-04 04:07:14,Facebook,Eye,Tablet,Chrome,iOS,/home
6d8e33e0-b1df-4841-8136-55253c666a33,2026_W27,S1215,U30892,2026-06-29 11:36:57,2026-06-29 11:46:57,Organic,Around,Tablet,Chrome,Windows,/home
6d8e33e0-b1df-4841-8136-55253c666a33,2026_W27,S1216,U27990,2026-07-04 06:07:09,2026-07-04 06:41:09,Facebook,Character,Mobile,Chrome,iOS,/home
6d8e33e0-b1df-4841-8136-55253c666a33,2026_W27,S1217,U17110,2026-06-30 20:28:01,2026-06-30 20:54:01,Email,Else,Tablet,Firefox,Android,/offers
6d8e33e0-b1df-4841-8136-55253c666a33,2026_W27,S1218,U5362,2026-07-04 18:16:15,2026-07-04 18:35:15,Instagram,Life,Desktop,Safari,MacOS,/offers
6d8e33e0-b1df-4841-8136-55253c666a33,2026_W27,S1219,U34540,2026-07-04 17:01:15,2026-07-04 17:19:15,Organic,Buy,Mobile,Safari,MacOS,/products
6d8e33e0-b1df-4841-8136-55253c666a33,2026_W27,S1220,U10178,2026-06-29 20:56:13,2026-06-29 21:06:13,Direct,Structure,Mobile,Firefox,MacOS,/offers
6d8e33e0-b1df-4841-8136-55253c666a33,2026_W27,S1221,U8707,2026-07-04 19:20:36,2026-07-04 19:30:36,Direct,City,Mobile,Edge,Windows,/home
6d8e33e0-b1df-4841-8136-55253c666a33,2026_W27,S1222,U12688,2026-06-29 14:54:07,2026-06-29 14:57:07,Direct,Economy,Mobile,Safari,iOS,/home
6d8e33e0-b1df-4841-8136-55253c666a33,2026_W27,S1223,U8083,2026-07-01 14:55:51,2026-07-01 15:09:51,Google Ads,Up,Desktop,Firefox,iOS,/products
6d8e33e0-b1df-4841-8136-55253c666a33,2026_W27,S1224,U22792,2026-07-04 04:56:08,2026-07-04 05:07:08,Direct,Attack,Mobile,Chrome,Windows,/home
6d8e33e0-b1df-4841-8136-55253c666a33,2026_W27,S1225,U9589,2026-07-04 10:58:21,2026-07-04 11:22:21,Instagram,Face,Desktop,Chrome,Android,/home
6d8e33e0-b1df-4841-8136-55253c666a33,2026_W27,S1226,U11347,2026-07-05 00:39:47,2026-07-05 01:05:47,Direct,Peace,Desktop,Edge,MacOS,/offers
6d8e33e0-b1df-4841-8136-55253c666a33,2026_W27,S1227,U33209,2026-07-04 11:02:08,2026-07-04 11:08:08,Instagram,When,Mobile,Chrome,MacOS,/offers
6d8e33e0-b1df-4841-8136-55253c666a33,2026_W27,S1228,U24534,2026-07-02 00:43:52,2026-07-02 01:08:52,Organic,Plant,Desktop,Chrome,Android,/offers
6d8e33e0-b1df-4841-8136-55253c666a33,2026_W27,S1229,U24934,2026-07-01 15:02:38,2026-07-01 15:39:38,Organic,Admit,Mobile,Chrome,iOS,/products
6d8e33e0-b1df-4841-8136-55253c666a33,2026_W27,S1230,U13070,2026-06-30 18:34:42,2026-06-30 19:10:42,Direct,Matter,Mobile,Edge,iOS,/offers
6d8e33e0-b1df-4841-8136-55253c666a33,2026_W27,S1231,U26443,2026-06-29 09:10:06,2026-06-29 09:15:06,Direct,Seem,Desktop,Firefox,Windows,/products
6d8e33e0-b1df-4841-8136-55253c666a33,2026_W27,S1232,U30850,2026-07-03 05:51:05,2026-07-03 06:30:05,Facebook,Enough,Desktop,Chrome,iOS,/products
6d8e33e0-b1df-4841-8136-55253c666a33,2026_W27,S1233,U8525,2026-07-04 20:57:17,2026-07-04 21:13:17,Instagram,Line,Mobile,Firefox,Android,/offers
6d8e33e0-b1df-4841-8136-55253c666a33,2026_W27,S1234,U898,2026-06-29 20:58:18,2026-06-29 21:38:18,Facebook,Human,Mobile,Edge,MacOS,/products
6d8e33e0-b1df-4841-8136-55253c666a33,2026_W27,S1235,U12576,2026-07-04 20:27:16,2026-07-04 20:31:16,Organic,Hold,Mobile,Edge,MacOS,/products
6d8e33e0-b1df-4841-8136-55253c666a33,2026_W27,S1236,U1614,2026-07-01 07:02:48,2026-07-01 07:12:48,Organic,Cut,Mobile,Firefox,iOS,/home
6d8e33e0-b1df-4841-8136-55253c666a33,2026_W27,S1237,U18128,2026-07-04 23:42:11,2026-07-04 23:47:11,Direct,Under,Desktop,Chrome,Windows,/products
6d8e33e0-b1df-4841-8136-55253c666a33,2026_W27,S1238,U28726,2026-06-29 20:44:40,2026-06-29 21:22:40,Direct,Long,Desktop,Safari,Windows,/products
6d8e33e0-b1df-4841-8136-55253c666a33,2026_W27,S1239,U7092,2026-07-04 23:29:07,2026-07-04 23:56:07,Facebook,Point,Mobile,Safari,iOS,/offers
6d8e33e0-b1df-4841-8136-55253c666a33,2026_W27,S1240,U17614,2026-07-04 21:41:31,2026-07-04 22:17:31,Instagram,Something,Tablet,Edge,MacOS,/home
6d8e33e0-b1df-4841-8136-55253c666a33,2026_W27,S1241,U23784,2026-07-02 18:22:11,2026-07-02 18:34:11,Organic,Leave,Desktop,Edge,Android,/home
6d8e33e0-b1df-4841-8136-55253c666a33,2026_W27,S1242,U8539,2026-07-01 23:00:40,2026-07-01 23:04:40,Email,Smile,Mobile,Safari,iOS,/offers
6d8e33e0-b1df-4841-8136-55253c666a33,2026_W27,S1243,U540,2026-07-01 11:04:58,2026-07-01 11:16:58,Direct,Voice,Desktop,Chrome,Android,/home
6d8e33e0-b1df-4841-8136-55253c666a33,2026_W27,S1244,U24520,2026-07-04 12:18:19,2026-07-04 12:43:19,Facebook,Identify,Mobile,Firefox,Android,/offers
6d8e33e0-b1df-4841-8136-55253c666a33,2026_W27,S1245,U7815,2026-07-03 02:55:29,2026-07-03 03:18:29,Google Ads,Political,Mobile,Safari,Windows,/home
6d8e33e0-b1df-4841-8136-55253c666a33,2026_W27,S1246,U15000,2026-07-03 23:01:03,2026-07-03 23:32:03,Instagram,Test,Tablet,Chrome,Android,/home
6d8e33e0-b1df-4841-8136-55253c666a33,2026_W27,S1247,U20633,2026-07-02 16:58:28,2026-07-02 17:04:28,Facebook,Military,Mobile,Chrome,Windows,/products
6d8e33e0-b1df-4841-8136-55253c666a33,2026_W27,S1248,U17120,2026-06-30 14:36:46,2026-06-30 14:47:46,Google Ads,Air,Tablet,Chrome,iOS,/products
6d8e33e0-b1df-4841-8136-55253c666a33,2026_W27,S1249,U30633,2026-07-03 21:53:37,2026-07-03 21:58:37,Organic,Wish,Mobile,Safari,iOS,/products
6d8e33e0-b1df-4841-8136-55253c666a33,2026_W27,S1250,U22905,2026-07-04 23:10:25,2026-07-04 23:38:25,Direct,Against,Mobile,Edge,Android,/offers
6d8e33e0-b1df-4841-8136-55253c666a33,2026_W27,S1251,U7961,2026-06-30 10:47:54,2026-06-30 11:06:54,Facebook,Able,Tablet,Firefox,iOS,/home
6d8e33e0-b1df-4841-8136-55253c666a33,2026_W27,S1252,U17332,2026-07-03 23:56:36,2026-07-04 00:02:36,Google Ads,Quickly,Tablet,Firefox,MacOS,/home
6d8e33e0-b1df-4841-8136-55253c666a33,2026_W27,S1253,U26093,2026-07-05 03:00:54,2026-07-05 03:24:54,Organic,Live,Desktop,Firefox,iOS,/products
6d8e33e0-b1df-4841-8136-55253c666a33,2026_W27,S1254,U17204,2026-07-05 07:19:59,2026-07-05 07:37:59,Direct,Dark,Tablet,Firefox,MacOS,/home
6d8e33e0-b1df-4841-8136-55253c666a33,2026_W27,S1255,U20761,2026-06-30 03:51:45,2026-06-30 04:02:45,Direct,Big,Mobile,Edge,MacOS,/products
6d8e33e0-b1df-4841-8136-55253c666a33,2026_W27,S1256,U26080,2026-07-03 04:09:25,2026-07-03 04:27:25,Instagram,Total,Mobile,Edge,Android,/home
6d8e33e0-b1df-4841-8136-55253c666a33,2026_W27,S1257,U8510,2026-07-03 02:36:07,2026-07-03 02:47:07,Direct,Either,Tablet,Chrome,MacOS,/home
6d8e33e0-b1df-4841-8136-55253c666a33,2026_W27,S1258,U28262,2026-06-30 17:04:50,2026-06-30 17:21:50,Facebook,Late,Desktop,Edge,Android,/home
6d8e33e0-b1df-4841-8136-55253c666a33,2026_W27,S1259,U22413,2026-07-04 05:55:33,2026-07-04 06:19:33,Email,Candidate,Tablet,Firefox,iOS,/products
6d8e33e0-b1df-4841-8136-55253c666a33,2026_W27,S1260,U19340,2026-06-30 10:50:29,2026-06-30 10:57:29,Google Ads,History,Tablet,Safari,Windows,/home
6d8e33e0-b1df-4841-8136-55253c666a33,2026_W27,S1261,U18302,2026-06-30 23:32:55,2026-06-30 23:51:55,Direct,Ball,Mobile,Chrome,MacOS,/home
6d8e33e0-b1df-4841-8136-55253c666a33,2026_W27,S1262,U12786,2026-07-04 04:33:12,2026-07-04 05:10:12,Google Ads,Apply,Desktop,Firefox,iOS,/home
6d8e33e0-b1df-4841-8136-55253c666a33,2026_W27,S1263,U14310,2026-07-03 19:31:24,2026-07-03 19:35:24,Google Ads,Group,Desktop,Edge,Android,/home
6d8e33e0-b1df-4841-8136-55253c666a33,2026_W27,S1264,U4909,2026-07-05 00:04:15,2026-07-05 00:21:15,Instagram,Including,Mobile,Edge,Android,/offers
6d8e33e0-b1df-4841-8136-55253c666a33,2026_W27,S1265,U8549,2026-07-03 06:47:00,2026-07-03 06:50:00,Direct,Seven,Tablet,Firefox,Android,/offers
6d8e33e0-b1df-4841-8136-55253c666a33,2026_W27,S1266,U16626,2026-07-03 08:32:58,2026-07-03 08:40:58,Google Ads,Conference,Desktop,Chrome,Android,/home
6d8e33e0-b1df-4841-8136-55253c666a33,2026_W27,S1267,U14217,2026-07-01 15:31:15,2026-07-01 15:52:15,Organic,Treatment,Mobile,Firefox,Windows,/home
6d8e33e0-b1df-4841-8136-55253c666a33,2026_W27,S1268,U487,2026-07-02 18:27:21,2026-07-02 18:31:21,Direct,Religious,Mobile,Chrome,Android,/home
6d8e33e0-b1df-4841-8136-55253c666a33,2026_W27,S1269,U22462,2026-07-03 15:18:56,2026-07-03 15:35:56,Instagram,He,Tablet,Chrome,Windows,/home
6d8e33e0-b1df-4841-8136-55253c666a33,2026_W27,S1270,U18207,2026-07-02 14:30:47,2026-07-02 15:02:47,Direct,Where,Desktop,Chrome,Windows,/products
6d8e33e0-b1df-4841-8136-55253c666a33,2026_W27,S1271,U25027,2026-06-30 15:10:46,2026-06-30 15:39:46,Instagram,Own,Desktop,Safari,iOS,/home
6d8e33e0-b1df-4841-8136-55253c666a33,2026_W27,S1272,U20015,2026-07-01 04:26:24,2026-07-01 04:52:24,Instagram,Hundred,Desktop,Chrome,Android,/home
6d8e33e0-b1df-4841-8136-55253c666a33,2026_W27,S1273,U32999,2026-07-01 01:34:47,2026-07-01 01:59:47,Email,Return,Mobile,Firefox,Windows,/offers
6d8e33e0-b1df-4841-8136-55253c666a33,2026_W27,S1274,U9296,2026-06-30 08:36:13,2026-06-30 08:53:13,Organic,Ahead,Mobile,Safari,Android,/offers
6d8e33e0-b1df-4841-8136-55253c666a33,2026_W27,S1275,U71,2026-07-05 06:18:14,2026-07-05 06:23:14,Email,Determine,Desktop,Safari,Windows,/offers
6d8e33e0-b1df-4841-8136-55253c666a33,2026_W27,S1276,U32594,2026-07-02 20:33:50,2026-07-02 20:39:50,Email,Happy,Mobile,Firefox,Android,/home
6d8e33e0-b1df-4841-8136-55253c666a33,2026_W27,S1277,U4628,2026-07-01 00:56:42,2026-07-01 01:02:42,Direct,Happen,Desktop,Chrome,Android,/home
6d8e33e0-b1df-4841-8136-55253c666a33,2026_W27,S1278,U30196,2026-06-30 23:25:43,2026-07-01 00:02:43,Google Ads,Party,Tablet,Safari,Windows,/offers
6d8e33e0-b1df-4841-8136-55253c666a33,2026_W27,S1279,U33445,2026-07-02 08:52:48,2026-07-02 08:56:48,Email,Effort,Mobile,Edge,iOS,/home
6d8e33e0-b1df-4841-8136-55253c666a33,2026_W27,S1280,U22233,2026-07-04 00:08:08,2026-07-04 00:17:08,Instagram,May,Tablet,Firefox,iOS,/offers
6d8e33e0-b1df-4841-8136-55253c666a33,2026_W27,S1281,U33837,2026-06-30 09:34:15,2026-06-30 09:49:15,Direct,Performance,Tablet,Edge,iOS,/home
6d8e33e0-b1df-4841-8136-55253c666a33,2026_W27,S1282,U4541,2026-06-30 09:48:18,2026-06-30 10:18:18,Facebook,Yet,Tablet,Edge,MacOS,/offers
6d8e33e0-b1df-4841-8136-55253c666a33,2026_W27,S1283,U26590,2026-07-01 11:46:31,2026-07-01 12:06:31,Instagram,Front,Desktop,Safari,iOS,/home
6d8e33e0-b1df-4841-8136-55253c666a33,2026_W27,S1284,U27991,2026-07-01 22:31:44,2026-07-01 22:35:44,Organic,Miss,Tablet,Chrome,iOS,/offers
6d8e33e0-b1df-4841-8136-55253c666a33,2026_W27,S1285,U20291,2026-07-04 04:37:05,2026-07-04 04:51:05,Direct,Decide,Mobile,Chrome,MacOS,/products
6d8e33e0-b1df-4841-8136-55253c666a33,2026_W27,S1286,U24621,2026-06-29 21:21:59,2026-06-29 21:32:59,Instagram,Step,Desktop,Chrome,MacOS,/home
6d8e33e0-b1df-4841-8136-55253c666a33,2026_W27,S1287,U14887,2026-06-30 14:32:21,2026-06-30 14:36:21,Organic,Myself,Tablet,Firefox,MacOS,/products
6d8e33e0-b1df-4841-8136-55253c666a33,2026_W27,S1288,U20882,2026-06-30 19:57:14,2026-06-30 20:00:14,Facebook,Especially,Tablet,Edge,iOS,/home
6d8e33e0-b1df-4841-8136-55253c666a33,2026_W27,S1289,U31568,2026-07-02 06:48:33,2026-07-02 07:28:33,Direct,Until,Mobile,Edge,Android,/home
6d8e33e0-b1df-4841-8136-55253c666a33,2026_W27,S1290,U2053,2026-07-02 13:28:31,2026-07-02 13:54:31,Instagram,Whatever,Tablet,Firefox,Windows,/offers
6d8e33e0-b1df-4841-8136-55253c666a33,2026_W27,S1291,U5109,2026-06-30 05:25:38,2026-06-30 05:49:38,Google Ads,Customer,Mobile,Safari,iOS,/products
6d8e33e0-b1df-4841-8136-55253c666a33,2026_W27,S1292,U29639,2026-07-03 11:54:44,2026-07-03 11:56:44,Organic,Expect,Mobile,Safari,iOS,/products
6d8e33e0-b1df-4841-8136-55253c666a33,2026_W27,S1293,U4334,2026-06-29 17:45:15,2026-06-29 18:17:15,Instagram,Decade,Desktop,Safari,Windows,/home
6d8e33e0-b1df-4841-8136-55253c666a33,2026_W27,S1294,U6547,2026-06-29 13:10:46,2026-06-29 13:37:46,Google Ads,To,Desktop,Firefox,Android,/home
6d8e33e0-b1df-4841-8136-55253c666a33,2026_W27,S1295,U6948,2026-06-30 12:03:07,2026-06-30 12:25:07,Instagram,Soldier,Tablet,Edge,Android,/offers
6d8e33e0-b1df-4841-8136-55253c666a33,2026_W27,S1296,U34595,2026-07-03 23:12:15,2026-07-03 23:31:15,Facebook,Baby,Desktop,Edge,Android,/offers
6d8e33e0-b1df-4841-8136-55253c666a33,2026_W27,S1297,U29879,2026-07-02 09:21:18,2026-07-02 09:45:18,Direct,Close,Tablet,Firefox,Windows,/products
6d8e33e0-b1df-4841-8136-55253c666a33,2026_W27,S1298,U3112,2026-07-01 21:51:21,2026-07-01 21:59:21,Instagram,Choose,Mobile,Safari,Android,/offers
6d8e33e0-b1df-4841-8136-55253c666a33,2026_W27,S1299,U19689,2026-07-01 10:47:49,2026-07-01 10:54:49,Instagram,Hand,Desktop,Chrome,iOS,/products
6d8e33e0-b1df-4841-8136-55253c666a33,2026_W27,S1300,U13276,2026-07-04 01:45:51,2026-07-04 02:07:51,Instagram,Before,Tablet,Safari,MacOS,/products
6d8e33e0-b1df-4841-8136-55253c666a33,2026_W27,S1301,U709,2026-07-02 09:59:42,2026-07-02 10:27:42,Facebook,Across,Desktop,Chrome,Android,/offers
6d8e33e0-b1df-4841-8136-55253c666a33,2026_W27,S1302,U27861,2026-07-02 08:22:06,2026-07-02 09:01:06,Google Ads,Born,Mobile,Edge,MacOS,/products
6d8e33e0-b1df-4841-8136-55253c666a33,2026_W27,S1303,U6812,2026-06-30 08:13:43,2026-06-30 08:36:43,Instagram,Today,Mobile,Safari,Android,/home
6d8e33e0-b1df-4841-8136-55253c666a33,2026_W27,S1304,U8376,2026-07-04 18:29:43,2026-07-04 19:07:43,Instagram,Fall,Desktop,Edge,Android,/offers
6d8e33e0-b1df-4841-8136-55253c666a33,2026_W27,S1305,U25854,2026-07-01 18:43:05,2026-07-01 18:56:05,Direct,Save,Desktop,Chrome,Windows,/home
6d8e33e0-b1df-4841-8136-55253c666a33,2026_W27,S1306,U27131,2026-07-04 08:12:47,2026-07-04 08:22:47,Instagram,Need,Desktop,Firefox,Windows,/home
6d8e33e0-b1df-4841-8136-55253c666a33,2026_W27,S1307,U13422,2026-07-03 01:40:42,2026-07-03 01:41:42,Email,Enough,Mobile,Firefox,iOS,/products
6d8e33e0-b1df-4841-8136-55253c666a33,2026_W27,S1308,U22041,2026-07-01 22:18:19,2026-07-01 22:52:19,Google Ads,Open,Desktop,Safari,Windows,/products
6d8e33e0-b1df-4841-8136-55253c666a33,2026_W27,S1309,U1828,2026-07-03 00:17:28,2026-07-03 00:51:28,Organic,Serve,Mobile,Edge,Android,/products
6d8e33e0-b1df-4841-8136-55253c666a33,2026_W27,S1310,U32335,2026-07-01 17:28:44,2026-07-01 17:57:44,Instagram,Him,Mobile,Safari,Windows,/products
6d8e33e0-b1df-4841-8136-55253c666a33,2026_W27,S1311,U30666,2026-07-05 05:20:45,2026-07-05 05:32:45,Facebook,Lawyer,Desktop,Safari,iOS,/offers
6d8e33e0-b1df-4841-8136-55253c666a33,2026_W27,S1312,U17984,2026-06-29 10:03:41,2026-06-29 10:38:41,Email,Front,Mobile,Safari,Windows,/home
6d8e33e0-b1df-4841-8136-55253c666a33,2026_W27,S1313,U30060,2026-07-05 01:21:37,2026-07-05 01:58:37,Email,Customer,Desktop,Firefox,MacOS,/offers
6d8e33e0-b1df-4841-8136-55253c666a33,2026_W27,S1314,U34235,2026-06-29 11:02:44,2026-06-29 11:16:44,Facebook,Color,Tablet,Edge,iOS,/products
6d8e33e0-b1df-4841-8136-55253c666a33,2026_W27,S1315,U17596,2026-07-01 23:08:41,2026-07-01 23:21:41,Facebook,Only,Desktop,Firefox,Android,/products
6d8e33e0-b1df-4841-8136-55253c666a33,2026_W27,S1316,U28563,2026-07-03 01:01:25,2026-07-03 01:29:25,Direct,Sure,Mobile,Firefox,MacOS,/products
6d8e33e0-b1df-4841-8136-55253c666a33,2026_W27,S1317,U21126,2026-06-30 18:58:03,2026-06-30 19:15:03,Direct,Tend,Mobile,Firefox,Android,/products
6d8e33e0-b1df-4841-8136-55253c666a33,2026_W27,S1318,U31229,2026-07-05 00:08:38,2026-07-05 00:47:38,Email,West,Mobile,Edge,Android,/offers
6d8e33e0-b1df-4841-8136-55253c666a33,2026_W27,S1319,U6644,2026-07-04 02:18:05,2026-07-04 02:48:05,Google Ads,Add,Desktop,Chrome,MacOS,/offers
6d8e33e0-b1df-4841-8136-55253c666a33,2026_W27,S1320,U26727,2026-07-03 07:03:28,2026-07-03 07:34:28,Direct,Identify,Mobile,Firefox,Windows,/home
6d8e33e0-b1df-4841-8136-55253c666a33,2026_W27,S1321,U23401,2026-06-30 02:40:31,2026-06-30 03:08:31,Instagram,Look,Desktop,Safari,MacOS,/offers
6d8e33e0-b1df-4841-8136-55253c666a33,2026_W27,S1322,U6741,2026-06-30 13:54:07,2026-06-30 14:00:07,Direct,Detail,Desktop,Edge,MacOS,/offers
6d8e33e0-b1df-4841-8136-55253c666a33,2026_W27,S1323,U27773,2026-07-01 12:55:31,2026-07-01 13:23:31,Organic,Them,Tablet,Edge,iOS,/home
6d8e33e0-b1df-4841-8136-55253c666a33,2026_W27,S1324,U2967,2026-07-03 05:59:27,2026-07-03 06:30:27,Google Ads,Son,Tablet,Chrome,Android,/products
6d8e33e0-b1df-4841-8136-55253c666a33,2026_W27,S1325,U15987,2026-07-03 04:51:54,2026-07-03 05:06:54,Email,Interview,Tablet,Firefox,Android,/offers
6d8e33e0-b1df-4841-8136-55253c666a33,2026_W27,S1326,U20282,2026-07-02 18:54:37,2026-07-02 19:03:37,Direct,Member,Mobile,Edge,Android,/home
6d8e33e0-b1df-4841-8136-55253c666a33,2026_W27,S1327,U9802,2026-07-01 22:17:21,2026-07-01 22:46:21,Google Ads,Home,Mobile,Safari,iOS,/home
6d8e33e0-b1df-4841-8136-55253c666a33,2026_W27,S1328,U19627,2026-07-01 03:41:12,2026-07-01 03:48:12,Organic,Difficult,Tablet,Edge,Android,/offers
6d8e33e0-b1df-4841-8136-55253c666a33,2026_W27,S1329,U17597,2026-07-01 07:40:12,2026-07-01 07:41:12,Instagram,After,Desktop,Chrome,Android,/home
6d8e33e0-b1df-4841-8136-55253c666a33,2026_W27,S1330,U31264,2026-07-03 00:46:46,2026-07-03 01:11:46,Organic,West,Tablet,Firefox,iOS,/home
6d8e33e0-b1df-4841-8136-55253c666a33,2026_W27,S1331,U27368,2026-07-03 09:48:54,2026-07-03 09:50:54,Email,Level,Tablet,Safari,Android,/home
6d8e33e0-b1df-4841-8136-55253c666a33,2026_W27,S1332,U4963,2026-06-30 16:32:08,2026-06-30 16:50:08,Instagram,Kitchen,Desktop,Firefox,iOS,/offers
6d8e33e0-b1df-4841-8136-55253c666a33,2026_W27,S1333,U16397,2026-07-02 08:26:16,2026-07-02 08:35:16,Facebook,Price,Mobile,Chrome,Android,/home
6d8e33e0-b1df-4841-8136-55253c666a33,2026_W27,S1334,U27146,2026-07-01 09:43:29,2026-07-01 10:04:29,Direct,That,Mobile,Edge,MacOS,/offers
6d8e33e0-b1df-4841-8136-55253c666a33,2026_W27,S1335,U9891,2026-06-30 03:01:19,2026-06-30 03:26:19,Direct,Consumer,Mobile,Edge,MacOS,/home
6d8e33e0-b1df-4841-8136-55253c666a33,2026_W27,S1336,U4991,2026-07-01 03:10:42,2026-07-01 03:22:42,Email,Democratic,Desktop,Edge,iOS,/offers
6d8e33e0-b1df-4841-8136-55253c666a33,2026_W27,S1337,U24439,2026-07-02 00:51:33,2026-07-02 01:00:33,Instagram,Long,Mobile,Firefox,iOS,/offers
6d8e33e0-b1df-4841-8136-55253c666a33,2026_W27,S1338,U25469,2026-07-01 06:05:03,2026-07-01 06:14:03,Direct,Truth,Mobile,Safari,Windows,/products
6d8e33e0-b1df-4841-8136-55253c666a33,2026_W27,S1339,U13865,2026-07-03 06:34:07,2026-07-03 06:39:07,Instagram,Defense,Desktop,Edge,Windows,/offers
6d8e33e0-b1df-4841-8136-55253c666a33,2026_W27,S1340,U31307,2026-07-03 23:06:31,2026-07-03 23:41:31,Facebook,Hundred,Tablet,Chrome,Android,/offers
6d8e33e0-b1df-4841-8136-55253c666a33,2026_W27,S1341,U9367,2026-07-02 09:49:11,2026-07-02 10:26:11,Instagram,Foot,Desktop,Chrome,Windows,/products
6d8e33e0-b1df-4841-8136-55253c666a33,2026_W27,S1342,U1545,2026-06-30 17:05:31,2026-06-30 17:10:31,Google Ads,Participant,Tablet,Safari,Windows,/products
6d8e33e0-b1df-4841-8136-55253c666a33,2026_W27,S1343,U15229,2026-07-02 18:31:27,2026-07-02 18:50:27,Direct,Trip,Mobile,Safari,MacOS,/offers
6d8e33e0-b1df-4841-8136-55253c666a33,2026_W27,S1344,U31098,2026-06-29 20:21:11,2026-06-29 20:53:11,Organic,Make,Tablet,Safari,Windows,/home
6d8e33e0-b1df-4841-8136-55253c666a33,2026_W27,S1345,U17044,2026-07-04 05:06:14,2026-07-04 05:40:14,Instagram,Amount,Tablet,Firefox,Android,/home
6d8e33e0-b1df-4841-8136-55253c666a33,2026_W27,S1346,U30025,2026-07-02 04:48:55,2026-07-02 05:22:55,Google Ads,Growth,Desktop,Safari,MacOS,/products
6d8e33e0-b1df-4841-8136-55253c666a33,2026_W27,S1347,U25345,2026-07-02 19:26:06,2026-07-02 19:42:06,Direct,Report,Desktop,Chrome,MacOS,/offers
6d8e33e0-b1df-4841-8136-55253c666a33,2026_W27,S1348,U26113,2026-07-04 03:09:48,2026-07-04 03:14:48,Direct,Seem,Tablet,Safari,iOS,/offers
6d8e33e0-b1df-4841-8136-55253c666a33,2026_W27,S1349,U3642,2026-07-03 08:41:40,2026-07-03 09:03:40,Organic,Performance,Desktop,Edge,MacOS,/offers
6d8e33e0-b1df-4841-8136-55253c666a33,2026_W27,S1350,U21219,2026-07-02 16:40:25,2026-07-02 16:57:25,Email,Pattern,Mobile,Safari,MacOS,/home
6d8e33e0-b1df-4841-8136-55253c666a33,2026_W27,S1351,U372,2026-07-02 14:01:04,2026-07-02 14:05:04,Instagram,Want,Mobile,Safari,MacOS,/offers
6d8e33e0-b1df-4841-8136-55253c666a33,2026_W27,S1352,U23639,2026-07-04 06:39:52,2026-07-04 07:02:52,Email,Whom,Tablet,Edge,Windows,/products
6d8e33e0-b1df-4841-8136-55253c666a33,2026_W27,S1353,U21638,2026-07-04 14:30:23,2026-07-04 14:34:23,Facebook,Offer,Desktop,Edge,Android,/products
6d8e33e0-b1df-4841-8136-55253c666a33,2026_W27,S1354,U34952,2026-07-01 21:20:25,2026-07-01 21:44:25,Direct,Rule,Tablet,Firefox,MacOS,/products
6d8e33e0-b1df-4841-8136-55253c666a33,2026_W27,S1355,U16261,2026-07-01 17:15:01,2026-07-01 17:16:01,Instagram,Recent,Desktop,Edge,iOS,/home
6d8e33e0-b1df-4841-8136-55253c666a33,2026_W27,S1356,U17652,2026-06-29 22:46:00,2026-06-29 23:10:00,Google Ads,Kid,Tablet,Firefox,iOS,/products
6d8e33e0-b1df-4841-8136-55253c666a33,2026_W27,S1357,U7211,2026-07-01 21:13:51,2026-07-01 21:35:51,Facebook,Nor,Tablet,Edge,Android,/offers
6d8e33e0-b1df-4841-8136-55253c666a33,2026_W27,S1358,U14699,2026-07-02 13:15:49,2026-07-02 13:43:49,Email,Suggest,Desktop,Safari,MacOS,/home
6d8e33e0-b1df-4841-8136-55253c666a33,2026_W27,S1359,U3055,2026-06-30 02:40:29,2026-06-30 03:03:29,Email,Letter,Tablet,Edge,Windows,/home
6d8e33e0-b1df-4841-8136-55253c666a33,2026_W27,S1360,U4993,2026-07-04 14:50:35,2026-07-04 15:25:35,Direct,Feeling,Tablet,Safari,Android,/home
6d8e33e0-b1df-4841-8136-55253c666a33,2026_W27,S1361,U12805,2026-06-29 16:36:34,2026-06-29 16:38:34,Direct,Baby,Tablet,Edge,Windows,/home
6d8e33e0-b1df-4841-8136-55253c666a33,2026_W27,S1362,U32620,2026-07-04 18:27:57,2026-07-04 18:42:57,Google Ads,Left,Mobile,Edge,iOS,/products
6d8e33e0-b1df-4841-8136-55253c666a33,2026_W27,S1363,U20982,2026-07-01 19:44:19,2026-07-01 19:55:19,Organic,Language,Tablet,Safari,Android,/home
6d8e33e0-b1df-4841-8136-55253c666a33,2026_W27,S1364,U17524,2026-07-04 17:30:52,2026-07-04 17:44:52,Direct,Note,Tablet,Edge,Android,/products
6d8e33e0-b1df-4841-8136-55253c666a33,2026_W27,S1365,U7472,2026-07-04 03:32:36,2026-07-04 03:36:36,Direct,Wear,Tablet,Chrome,Android,/offers
6d8e33e0-b1df-4841-8136-55253c666a33,2026_W27,S1366,U16200,2026-07-05 04:35:01,2026-07-05 05:07:01,Email,Truth,Desktop,Safari,Android,/home
6d8e33e0-b1df-4841-8136-55253c666a33,2026_W27,S1367,U23671,2026-06-29 10:28:03,2026-06-29 10:58:03,Facebook,East,Mobile,Chrome,Android,/products
6d8e33e0-b1df-4841-8136-55253c666a33,2026_W27,S1368,U22101,2026-06-29 13:57:57,2026-06-29 14:14:57,Facebook,Minute,Desktop,Chrome,Android,/home
6d8e33e0-b1df-4841-8136-55253c666a33,2026_W27,S1369,U10771,2026-07-02 09:57:48,2026-07-02 10:03:48,Google Ads,Adult,Mobile,Firefox,MacOS,/offers
6d8e33e0-b1df-4841-8136-55253c666a33,2026_W27,S1370,U22515,2026-07-01 22:32:55,2026-07-01 22:34:55,Organic,Sport,Tablet,Safari,iOS,/home
6d8e33e0-b1df-4841-8136-55253c666a33,2026_W27,S1371,U21513,2026-06-30 18:19:47,2026-06-30 18:29:47,Facebook,Create,Desktop,Edge,MacOS,/offers
6d8e33e0-b1df-4841-8136-55253c666a33,2026_W27,S1372,U470,2026-07-02 05:24:37,2026-07-02 05:34:37,Google Ads,Compare,Tablet,Safari,MacOS,/offers
6d8e33e0-b1df-4841-8136-55253c666a33,2026_W27,S1373,U18110,2026-07-03 12:30:12,2026-07-03 12:55:12,Direct,Break,Mobile,Edge,Android,/offers
6d8e33e0-b1df-4841-8136-55253c666a33,2026_W27,S1374,U27909,2026-07-01 11:07:13,2026-07-01 11:20:13,Direct,Heavy,Mobile,Edge,MacOS,/offers
6d8e33e0-b1df-4841-8136-55253c666a33,2026_W27,S1375,U22193,2026-07-01 07:05:44,2026-07-01 07:09:44,Organic,Become,Desktop,Firefox,Android,/products
6d8e33e0-b1df-4841-8136-55253c666a33,2026_W27,S1376,U31729,2026-07-02 02:37:24,2026-07-02 03:01:24,Email,Tv,Mobile,Firefox,iOS,/home
6d8e33e0-b1df-4841-8136-55253c666a33,2026_W27,S1377,U20033,2026-07-01 09:01:23,2026-07-01 09:14:23,Instagram,Many,Desktop,Safari,Windows,/products
6d8e33e0-b1df-4841-8136-55253c666a33,2026_W27,S1378,U32871,2026-07-01 15:55:36,2026-07-01 16:34:36,Email,Child,Mobile,Chrome,Android,/offers
6d8e33e0-b1df-4841-8136-55253c666a33,2026_W27,S1379,U2948,2026-07-02 08:24:58,2026-07-02 08:54:58,Organic,Fill,Mobile,Chrome,Android,/products
6d8e33e0-b1df-4841-8136-55253c666a33,2026_W27,S1380,U25829,2026-06-30 10:11:36,2026-06-30 10:48:36,Direct,Check,Mobile,Safari,Android,/home
6d8e33e0-b1df-4841-8136-55253c666a33,2026_W27,S1381,U22166,2026-07-03 03:13:12,2026-07-03 03:27:12,Email,Player,Tablet,Firefox,Android,/products
6d8e33e0-b1df-4841-8136-55253c666a33,2026_W27,S1382,U27290,2026-07-04 14:00:41,2026-07-04 14:19:41,Direct,Suffer,Mobile,Edge,MacOS,/products
6d8e33e0-b1df-4841-8136-55253c666a33,2026_W27,S1383,U29212,2026-07-03 00:03:56,2026-07-03 00:25:56,Email,Pretty,Tablet,Firefox,Windows,/home
6d8e33e0-b1df-4841-8136-55253c666a33,2026_W27,S1384,U2651,2026-07-03 05:42:28,2026-07-03 05:47:28,Instagram,Less,Desktop,Firefox,Android,/offers
6d8e33e0-b1df-4841-8136-55253c666a33,2026_W27,S1385,U9463,2026-07-02 03:12:58,2026-07-02 03:47:58,Facebook,Send,Mobile,Edge,iOS,/offers
6d8e33e0-b1df-4841-8136-55253c666a33,2026_W27,S1386,U4305,2026-07-02 22:42:41,2026-07-02 22:55:41,Instagram,Party,Mobile,Firefox,Windows,/products
6d8e33e0-b1df-4841-8136-55253c666a33,2026_W27,S1387,U29240,2026-07-04 19:55:40,2026-07-04 20:26:40,Organic,Drug,Tablet,Edge,MacOS,/products
6d8e33e0-b1df-4841-8136-55253c666a33,2026_W27,S1388,U20493,2026-07-03 18:07:07,2026-07-03 18:30:07,Organic,Rather,Desktop,Edge,Windows,/offers
6d8e33e0-b1df-4841-8136-55253c666a33,2026_W27,S1389,U24585,2026-07-02 06:30:04,2026-07-02 06:58:04,Instagram,Word,Mobile,Edge,iOS,/home
6d8e33e0-b1df-4841-8136-55253c666a33,2026_W27,S1390,U25456,2026-07-02 10:27:48,2026-07-02 11:02:48,Facebook,Sea,Mobile,Edge,MacOS,/offers
6d8e33e0-b1df-4841-8136-55253c666a33,2026_W27,S1391,U25659,2026-06-30 00:53:57,2026-06-30 01:28:57,Direct,Nor,Desktop,Chrome,iOS,/home
6d8e33e0-b1df-4841-8136-55253c666a33,2026_W27,S1392,U18446,2026-07-03 10:23:40,2026-07-03 10:50:40,Organic,Note,Desktop,Safari,Windows,/products
6d8e33e0-b1df-4841-8136-55253c666a33,2026_W27,S1393,U30425,2026-07-01 10:04:11,2026-07-01 10:24:11,Direct,New,Desktop,Safari,Android,/offers
6d8e33e0-b1df-4841-8136-55253c666a33,2026_W27,S1394,U7135,2026-07-03 21:46:42,2026-07-03 22:02:42,Instagram,Public,Desktop,Chrome,Android,/products
6d8e33e0-b1df-4841-8136-55253c666a33,2026_W27,S1395,U21598,2026-06-30 16:56:12,2026-06-30 17:08:12,Direct,Record,Tablet,Chrome,Windows,/offers
6d8e33e0-b1df-4841-8136-55253c666a33,2026_W27,S1396,U22944,2026-07-02 19:29:40,2026-07-02 19:30:40,Instagram,Mission,Mobile,Safari,MacOS,/home
6d8e33e0-b1df-4841-8136-55253c666a33,2026_W27,S1397,U23369,2026-06-29 10:12:16,2026-06-29 10:38:16,Organic,At,Desktop,Edge,MacOS,/home
6d8e33e0-b1df-4841-8136-55253c666a33,2026_W27,S1398,U13441,2026-07-04 23:29:14,2026-07-04 23:41:14,Email,Guy,Tablet,Firefox,MacOS,/products
6d8e33e0-b1df-4841-8136-55253c666a33,2026_W27,S1399,U21180,2026-07-02 07:11:24,2026-07-02 07:12:24,Facebook,Television,Mobile,Safari,Android,/products
6d8e33e0-b1df-4841-8136-55253c666a33,2026_W27,S1400,U6261,2026-07-02 22:56:28,2026-07-02 22:57:28,Direct,Say,Desktop,Firefox,Windows,/offers
6d8e33e0-b1df-4841-8136-55253c666a33,2026_W27,S1401,U4889,2026-07-01 13:40:15,2026-07-01 13:56:15,Facebook,Safe,Tablet,Firefox,MacOS,/home
6d8e33e0-b1df-4841-8136-55253c666a33,2026_W27,S1402,U13106,2026-07-02 07:56:02,2026-07-02 08:17:02,Google Ads,Full,Desktop,Firefox,iOS,/products
6d8e33e0-b1df-4841-8136-55253c666a33,2026_W27,S1403,U1218,2026-07-04 10:09:19,2026-07-04 10:28:19,Direct,About,Mobile,Edge,Windows,/products
6d8e33e0-b1df-4841-8136-55253c666a33,2026_W27,S1404,U321,2026-07-01 22:00:08,2026-07-01 22:18:08,Instagram,Reality,Tablet,Chrome,Android,/home
6d8e33e0-b1df-4841-8136-55253c666a33,2026_W27,S1405,U14716,2026-07-04 14:00:59,2026-07-04 14:23:59,Instagram,Increase,Tablet,Chrome,Android,/products
6d8e33e0-b1df-4841-8136-55253c666a33,2026_W27,S1406,U17626,2026-07-01 23:27:17,2026-07-01 23:57:17,Facebook,Election,Desktop,Edge,MacOS,/products
6d8e33e0-b1df-4841-8136-55253c666a33,2026_W27,S1407,U1304,2026-07-02 11:28:05,2026-07-02 11:29:05,Email,Kitchen,Tablet,Edge,MacOS,/offers
6d8e33e0-b1df-4841-8136-55253c666a33,2026_W27,S1408,U19549,2026-07-04 01:50:20,2026-07-04 02:13:20,Instagram,While,Tablet,Edge,Windows,/home
6d8e33e0-b1df-4841-8136-55253c666a33,2026_W27,S1409,U27064,2026-07-04 10:57:30,2026-07-04 11:32:30,Direct,Away,Tablet,Safari,Android,/products
6d8e33e0-b1df-4841-8136-55253c666a33,2026_W27,S1410,U7077,2026-07-03 19:25:18,2026-07-03 19:26:18,Email,Also,Mobile,Edge,MacOS,/offers
6d8e33e0-b1df-4841-8136-55253c666a33,2026_W27,S1411,U16449,2026-07-02 08:27:17,2026-07-02 08:50:17,Instagram,Network,Mobile,Firefox,Windows,/products
6d8e33e0-b1df-4841-8136-55253c666a33,2026_W27,S1412,U20174,2026-07-01 09:55:55,2026-07-01 10:32:55,Google Ads,Their,Desktop,Edge,Windows,/products
6d8e33e0-b1df-4841-8136-55253c666a33,2026_W27,S1413,U16602,2026-07-05 04:52:06,2026-07-05 05:04:06,Google Ads,Pass,Mobile,Chrome,MacOS,/products
6d8e33e0-b1df-4841-8136-55253c666a33,2026_W27,S1414,U16582,2026-06-30 12:30:26,2026-06-30 12:40:26,Google Ads,Different,Tablet,Chrome,Windows,/home
6d8e33e0-b1df-4841-8136-55253c666a33,2026_W27,S1415,U15621,2026-07-03 12:24:39,2026-07-03 12:37:39,Organic,Leader,Tablet,Firefox,MacOS,/offers
6d8e33e0-b1df-4841-8136-55253c666a33,2026_W27,S1416,U959,2026-07-02 22:46:29,2026-07-02 23:21:29,Google Ads,Enough,Mobile,Edge,Windows,/home
6d8e33e0-b1df-4841-8136-55253c666a33,2026_W27,S1417,U31857,2026-06-29 23:33:50,2026-06-30 00:11:50,Instagram,Believe,Tablet,Firefox,MacOS,/offers
6d8e33e0-b1df-4841-8136-55253c666a33,2026_W27,S1418,U5015,2026-07-01 03:03:34,2026-07-01 03:35:34,Facebook,Fall,Mobile,Chrome,Android,/home
6d8e33e0-b1df-4841-8136-55253c666a33,2026_W27,S1419,U17816,2026-07-02 18:59:37,2026-07-02 19:10:37,Organic,Become,Mobile,Firefox,MacOS,/home
6d8e33e0-b1df-4841-8136-55253c666a33,2026_W27,S1420,U14601,2026-06-30 17:52:32,2026-06-30 18:08:32,Direct,Evening,Mobile,Edge,Android,/offers
6d8e33e0-b1df-4841-8136-55253c666a33,2026_W27,S1421,U3306,2026-07-02 18:49:16,2026-07-02 18:56:16,Organic,Cell,Tablet,Chrome,MacOS,/home
6d8e33e0-b1df-4841-8136-55253c666a33,2026_W27,S1422,U24258,2026-07-03 16:28:50,2026-07-03 16:31:50,Direct,Information,Mobile,Chrome,iOS,/home
6d8e33e0-b1df-4841-8136-55253c666a33,2026_W27,S1423,U11521,2026-07-04 02:06:59,2026-07-04 02:44:59,Instagram,Edge,Tablet,Firefox,iOS,/offers
6d8e33e0-b1df-4841-8136-55253c666a33,2026_W27,S1424,U27240,2026-07-01 17:18:00,2026-07-01 17:41:00,Direct,Charge,Mobile,Firefox,Android,/offers
6d8e33e0-b1df-4841-8136-55253c666a33,2026_W27,S1425,U24267,2026-07-04 16:05:12,2026-07-04 16:06:12,Direct,Training,Desktop,Chrome,iOS,/offers
6d8e33e0-b1df-4841-8136-55253c666a33,2026_W27,S1426,U23242,2026-06-30 23:12:12,2026-06-30 23:51:12,Google Ads,Edge,Mobile,Firefox,Windows,/offers
6d8e33e0-b1df-4841-8136-55253c666a33,2026_W27,S1427,U17492,2026-07-05 06:05:00,2026-07-05 06:12:00,Instagram,Star,Desktop,Safari,iOS,/products
6d8e33e0-b1df-4841-8136-55253c666a33,2026_W27,S1428,U32349,2026-06-30 18:18:21,2026-06-30 18:36:21,Organic,Wind,Tablet,Edge,MacOS,/offers
6d8e33e0-b1df-4841-8136-55253c666a33,2026_W27,S1429,U9499,2026-07-02 15:44:02,2026-07-02 16:18:02,Facebook,Night,Desktop,Edge,MacOS,/offers
6d8e33e0-b1df-4841-8136-55253c666a33,2026_W27,S1430,U14571,2026-07-03 13:05:22,2026-07-03 13:15:22,Google Ads,Suffer,Mobile,Safari,Android,/products
6d8e33e0-b1df-4841-8136-55253c666a33,2026_W27,S1431,U5321,2026-07-04 06:14:07,2026-07-04 06:17:07,Organic,Production,Desktop,Edge,iOS,/offers
6d8e33e0-b1df-4841-8136-55253c666a33,2026_W27,S1432,U25047,2026-07-02 14:40:32,2026-07-02 15:11:32,Direct,International,Mobile,Chrome,Windows,/home
6d8e33e0-b1df-4841-8136-55253c666a33,2026_W27,S1433,U18453,2026-07-01 12:46:27,2026-07-01 12:51:27,Email,Least,Desktop,Safari,iOS,/home
6d8e33e0-b1df-4841-8136-55253c666a33,2026_W27,S1434,U1675,2026-07-01 18:59:13,2026-07-01 19:24:13,Organic,Easy,Desktop,Chrome,Android,/products
6d8e33e0-b1df-4841-8136-55253c666a33,2026_W27,S1435,U1724,2026-07-04 09:25:20,2026-07-04 09:38:20,Facebook,Network,Tablet,Safari,Windows,/offers
6d8e33e0-b1df-4841-8136-55253c666a33,2026_W27,S1436,U1744,2026-07-04 08:01:42,2026-07-04 08:25:42,Email,Type,Mobile,Edge,MacOS,/products
6d8e33e0-b1df-4841-8136-55253c666a33,2026_W27,S1437,U23246,2026-07-01 10:24:57,2026-07-01 10:33:57,Google Ads,Vote,Tablet,Chrome,iOS,/products
6d8e33e0-b1df-4841-8136-55253c666a33,2026_W27,S1438,U11109,2026-07-05 09:04:48,2026-07-05 09:14:48,Google Ads,Stock,Tablet,Safari,Windows,/home
6d8e33e0-b1df-4841-8136-55253c666a33,2026_W27,S1439,U31255,2026-07-04 02:51:59,2026-07-04 03:07:59,Email,Accept,Desktop,Safari,Android,/products
6d8e33e0-b1df-4841-8136-55253c666a33,2026_W27,S1440,U32695,2026-07-01 05:50:41,2026-07-01 06:13:41,Google Ads,Item,Mobile,Chrome,MacOS,/home
6d8e33e0-b1df-4841-8136-55253c666a33,2026_W27,S1441,U23856,2026-07-05 01:23:11,2026-07-05 01:35:11,Organic,Could,Desktop,Safari,Windows,/offers
6d8e33e0-b1df-4841-8136-55253c666a33,2026_W27,S1442,U4619,2026-07-02 06:33:19,2026-07-02 07:06:19,Organic,Physical,Desktop,Edge,Windows,/offers
6d8e33e0-b1df-4841-8136-55253c666a33,2026_W27,S1443,U14119,2026-07-01 01:29:15,2026-07-01 01:45:15,Email,Hear,Tablet,Chrome,Android,/products
6d8e33e0-b1df-4841-8136-55253c666a33,2026_W27,S1444,U22449,2026-06-30 03:59:38,2026-06-30 04:35:38,Email,Way,Tablet,Safari,Windows,/products
6d8e33e0-b1df-4841-8136-55253c666a33,2026_W27,S1445,U15079,2026-07-03 08:48:50,2026-07-03 09:22:50,Organic,Nor,Desktop,Safari,Android,/products
6d8e33e0-b1df-4841-8136-55253c666a33,2026_W27,S1446,U29969,2026-07-04 04:04:39,2026-07-04 04:44:39,Facebook,Interesting,Desktop,Firefox,Windows,/home
6d8e33e0-b1df-4841-8136-55253c666a33,2026_W27,S1447,U1844,2026-07-01 08:36:38,2026-07-01 09:02:38,Organic,Back,Desktop,Edge,MacOS,/products
6d8e33e0-b1df-4841-8136-55253c666a33,2026_W27,S1448,U17338,2026-07-04 00:02:48,2026-07-04 00:34:48,Direct,Keep,Tablet,Edge,iOS,/home
6d8e33e0-b1df-4841-8136-55253c666a33,2026_W27,S1449,U5819,2026-06-30 15:03:39,2026-06-30 15:39:39,Email,Produce,Mobile,Edge,MacOS,/products
6d8e33e0-b1df-4841-8136-55253c666a33,2026_W27,S1450,U25577,2026-07-03 06:20:48,2026-07-03 06:54:48,Email,Century,Mobile,Edge,MacOS,/home
6d8e33e0-b1df-4841-8136-55253c666a33,2026_W27,S1451,U30387,2026-06-29 10:57:01,2026-06-29 11:10:01,Instagram,How,Mobile,Chrome,MacOS,/offers
6d8e33e0-b1df-4841-8136-55253c666a33,2026_W27,S1452,U30721,2026-07-05 02:43:25,2026-07-05 03:23:25,Instagram,Long,Desktop,Safari,MacOS,/products
6d8e33e0-b1df-4841-8136-55253c666a33,2026_W27,S1453,U27924,2026-07-05 07:06:47,2026-07-05 07:22:47,Email,Military,Desktop,Edge,Android,/home
6d8e33e0-b1df-4841-8136-55253c666a33,2026_W27,S1454,U9193,2026-07-04 05:24:04,2026-07-04 05:56:04,Facebook,Cell,Mobile,Edge,Android,/home
6d8e33e0-b1df-4841-8136-55253c666a33,2026_W27,S1455,U33108,2026-07-01 07:23:27,2026-07-01 07:49:27,Direct,Least,Tablet,Safari,MacOS,/offers
6d8e33e0-b1df-4841-8136-55253c666a33,2026_W27,S1456,U14873,2026-07-01 17:51:41,2026-07-01 18:06:41,Organic,Indicate,Mobile,Safari,iOS,/products
6d8e33e0-b1df-4841-8136-55253c666a33,2026_W27,S1457,U1548,2026-07-02 09:36:13,2026-07-02 09:46:13,Facebook,Though,Mobile,Safari,iOS,/products
6d8e33e0-b1df-4841-8136-55253c666a33,2026_W27,S1458,U33093,2026-07-04 08:51:02,2026-07-04 09:18:02,Instagram,Include,Mobile,Firefox,Windows,/offers
6d8e33e0-b1df-4841-8136-55253c666a33,2026_W27,S1459,U32514,2026-07-01 11:03:54,2026-07-01 11:16:54,Direct,Against,Tablet,Safari,MacOS,/home
6d8e33e0-b1df-4841-8136-55253c666a33,2026_W27,S1460,U10839,2026-06-30 03:31:14,2026-06-30 03:32:14,Direct,Course,Tablet,Safari,MacOS,/offers
6d8e33e0-b1df-4841-8136-55253c666a33,2026_W27,S1461,U19852,2026-07-01 20:38:30,2026-07-01 21:02:30,Instagram,West,Mobile,Chrome,MacOS,/home
6d8e33e0-b1df-4841-8136-55253c666a33,2026_W27,S1462,U27416,2026-07-03 17:14:00,2026-07-03 17:49:00,Organic,Write,Mobile,Edge,Android,/offers
6d8e33e0-b1df-4841-8136-55253c666a33,2026_W27,S1463,U12956,2026-07-01 18:49:43,2026-07-01 19:28:43,Google Ads,Role,Mobile,Chrome,MacOS,/products
6d8e33e0-b1df-4841-8136-55253c666a33,2026_W27,S1464,U4168,2026-07-01 04:24:55,2026-07-01 04:39:55,Google Ads,Benefit,Mobile,Edge,iOS,/home
6d8e33e0-b1df-4841-8136-55253c666a33,2026_W27,S1465,U32713,2026-07-02 06:39:47,2026-07-02 06:50:47,Organic,Window,Desktop,Firefox,Windows,/products
6d8e33e0-b1df-4841-8136-55253c666a33,2026_W27,S1466,U22457,2026-06-30 22:06:57,2026-06-30 22:36:57,Email,Reveal,Tablet,Safari,iOS,/home
6d8e33e0-b1df-4841-8136-55253c666a33,2026_W27,S1467,U28883,2026-07-02 21:57:43,2026-07-02 22:26:43,Direct,Meet,Mobile,Edge,MacOS,/offers
6d8e33e0-b1df-4841-8136-55253c666a33,2026_W27,S1468,U33213,2026-07-03 13:27:23,2026-07-03 13:35:23,Direct,People,Mobile,Edge,Windows,/offers
6d8e33e0-b1df-4841-8136-55253c666a33,2026_W27,S1469,U3551,2026-07-01 22:16:09,2026-07-01 22:21:09,Google Ads,Outside,Mobile,Chrome,Android,/offers
6d8e33e0-b1df-4841-8136-55253c666a33,2026_W27,S1470,U24095,2026-07-04 14:38:19,2026-07-04 14:39:19,Organic,System,Mobile,Edge,Android,/products
6d8e33e0-b1df-4841-8136-55253c666a33,2026_W27,S1471,U21947,2026-07-03 18:21:54,2026-07-03 18:40:54,Facebook,Sound,Mobile,Edge,iOS,/home
6d8e33e0-b1df-4841-8136-55253c666a33,2026_W27,S1472,U12893,2026-07-04 05:00:16,2026-07-04 05:16:16,Instagram,Like,Mobile,Chrome,Android,/products
6d8e33e0-b1df-4841-8136-55253c666a33,2026_W27,S1473,U16733,2026-07-02 03:49:46,2026-07-02 04:01:46,Google Ads,Fear,Tablet,Firefox,Android,/offers
6d8e33e0-b1df-4841-8136-55253c666a33,2026_W27,S1474,U2654,2026-07-02 23:31:10,2026-07-02 23:34:10,Email,Buy,Mobile,Edge,iOS,/products
6d8e33e0-b1df-4841-8136-55253c666a33,2026_W27,S1475,U30535,2026-07-05 02:34:05,2026-07-05 02:55:05,Instagram,Personal,Mobile,Firefox,Android,/offers
6d8e33e0-b1df-4841-8136-55253c666a33,2026_W27,S1476,U29935,2026-07-03 20:54:10,2026-07-03 20:55:10,Direct,Moment,Mobile,Chrome,Windows,/home
6d8e33e0-b1df-4841-8136-55253c666a33,2026_W27,S1477,U18622,2026-07-03 00:24:59,2026-07-03 00:46:59,Email,Machine,Tablet,Firefox,Windows,/offers
6d8e33e0-b1df-4841-8136-55253c666a33,2026_W27,S1478,U29524,2026-07-01 05:56:42,2026-07-01 06:03:42,Google Ads,Common,Desktop,Edge,iOS,/offers
6d8e33e0-b1df-4841-8136-55253c666a33,2026_W27,S1479,U21865,2026-07-02 10:35:04,2026-07-02 11:01:04,Email,Analysis,Mobile,Chrome,Windows,/products
6d8e33e0-b1df-4841-8136-55253c666a33,2026_W27,S1480,U15007,2026-07-02 13:07:01,2026-07-02 13:33:01,Email,Pick,Mobile,Firefox,MacOS,/home
6d8e33e0-b1df-4841-8136-55253c666a33,2026_W27,S1481,U20889,2026-06-30 06:52:20,2026-06-30 06:58:20,Email,Picture,Tablet,Safari,Windows,/offers
6d8e33e0-b1df-4841-8136-55253c666a33,2026_W27,S1482,U750,2026-07-04 04:01:00,2026-07-04 04:41:00,Direct,Imagine,Tablet,Safari,Windows,/offers
6d8e33e0-b1df-4841-8136-55253c666a33,2026_W27,S1483,U34812,2026-07-01 12:23:02,2026-07-01 12:51:02,Instagram,Citizen,Tablet,Chrome,Windows,/home
6d8e33e0-b1df-4841-8136-55253c666a33,2026_W27,S1484,U1541,2026-07-03 15:15:05,2026-07-03 15:51:05,Facebook,Article,Tablet,Chrome,Android,/products
6d8e33e0-b1df-4841-8136-55253c666a33,2026_W27,S1485,U28448,2026-07-05 01:08:41,2026-07-05 01:48:41,Instagram,Surface,Tablet,Chrome,iOS,/products
6d8e33e0-b1df-4841-8136-55253c666a33,2026_W27,S1486,U23552,2026-07-01 23:47:54,2026-07-02 00:21:54,Email,Beyond,Desktop,Safari,iOS,/home
6d8e33e0-b1df-4841-8136-55253c666a33,2026_W27,S1487,U8293,2026-06-30 01:48:28,2026-06-30 01:49:28,Google Ads,Explain,Mobile,Edge,MacOS,/home
6d8e33e0-b1df-4841-8136-55253c666a33,2026_W27,S1488,U3539,2026-07-03 03:55:26,2026-07-03 04:13:26,Instagram,Summer,Tablet,Safari,iOS,/home
6d8e33e0-b1df-4841-8136-55253c666a33,2026_W27,S1489,U26207,2026-06-29 17:07:59,2026-06-29 17:42:59,Direct,Any,Mobile,Firefox,Windows,/offers
6d8e33e0-b1df-4841-8136-55253c666a33,2026_W27,S1490,U40,2026-06-29 19:34:50,2026-06-29 19:44:50,Instagram,Billion,Desktop,Chrome,Android,/offers
6d8e33e0-b1df-4841-8136-55253c666a33,2026_W27,S1491,U7572,2026-06-30 23:33:00,2026-06-30 23:57:00,Email,While,Desktop,Firefox,Windows,/home
6d8e33e0-b1df-4841-8136-55253c666a33,2026_W27,S1492,U12994,2026-07-04 23:20:59,2026-07-04 23:36:59,Direct,Middle,Tablet,Firefox,Windows,/products
6d8e33e0-b1df-4841-8136-55253c666a33,2026_W27,S1493,U25368,2026-07-04 17:10:18,2026-07-04 17:15:18,Direct,Series,Mobile,Firefox,Windows,/home
6d8e33e0-b1df-4841-8136-55253c666a33,2026_W27,S1494,U20022,2026-07-03 00:26:10,2026-07-03 01:04:10,Google Ads,Ten,Mobile,Edge,Android,/home
6d8e33e0-b1df-4841-8136-55253c666a33,2026_W27,S1495,U15017,2026-07-04 07:15:12,2026-07-04 07:36:12,Instagram,Debate,Tablet,Firefox,Android,/products
6d8e33e0-b1df-4841-8136-55253c666a33,2026_W27,S1496,U31063,2026-06-29 14:13:16,2026-06-29 14:31:16,Facebook,West,Tablet,Firefox,Windows,/products
6d8e33e0-b1df-4841-8136-55253c666a33,2026_W27,S1497,U1650,2026-07-03 17:10:25,2026-07-03 17:35:25,Email,Those,Desktop,Safari,Android,/products
6d8e33e0-b1df-4841-8136-55253c666a33,2026_W27,S1498,U28811,2026-07-03 15:20:17,2026-07-03 15:33:17,Instagram,Bad,Mobile,Safari,MacOS,/offers
6d8e33e0-b1df-4841-8136-55253c666a33,2026_W27,S1499,U29202,2026-07-05 03:26:31,2026-07-05 03:49:31,Organic,Approach,Mobile,Edge,Windows,/products
6d8e33e0-b1df-4841-8136-55253c666a33,2026_W27,S1500,U6467,2026-06-30 06:24:56,2026-06-30 06:43:56,Organic,Discuss,Mobile,Chrome,MacOS,/products
6d8e33e0-b1df-4841-8136-55253c666a33,2026_W27,S1501,U23591,2026-06-30 14:09:36,2026-06-30 14:13:36,Facebook,These,Mobile,Edge,MacOS,/home
6d8e33e0-b1df-4841-8136-55253c666a33,2026_W27,S1502,U1594,2026-06-29 23:09:12,2026-06-29 23:22:12,Instagram,Position,Desktop,Edge,MacOS,/home
6d8e33e0-b1df-4841-8136-55253c666a33,2026_W27,S1503,U11851,2026-06-30 01:26:11,2026-06-30 02:00:11,Facebook,Share,Tablet,Safari,iOS,/home
6d8e33e0-b1df-4841-8136-55253c666a33,2026_W27,S1504,U12258,2026-07-03 06:07:53,2026-07-03 06:33:53,Facebook,Several,Tablet,Chrome,iOS,/offers
6d8e33e0-b1df-4841-8136-55253c666a33,2026_W27,S1505,U14348,2026-07-02 13:19:42,2026-07-02 13:38:42,Facebook,Mother,Desktop,Safari,Windows,/home
6d8e33e0-b1df-4841-8136-55253c666a33,2026_W27,S1506,U9828,2026-07-03 16:11:29,2026-07-03 16:32:29,Email,Teacher,Desktop,Edge,iOS,/home
6d8e33e0-b1df-4841-8136-55253c666a33,2026_W27,S1507,U8239,2026-07-01 15:50:53,2026-07-01 15:51:53,Facebook,Weight,Desktop,Edge,Windows,/products
6d8e33e0-b1df-4841-8136-55253c666a33,2026_W27,S1508,U27202,2026-07-01 00:34:13,2026-07-01 01:05:13,Facebook,Claim,Desktop,Safari,Android,/products
6d8e33e0-b1df-4841-8136-55253c666a33,2026_W27,S1509,U5607,2026-06-30 19:06:43,2026-06-30 19:29:43,Instagram,Age,Tablet,Firefox,Android,/offers
6d8e33e0-b1df-4841-8136-55253c666a33,2026_W27,S1510,U8284,2026-07-04 15:05:26,2026-07-04 15:36:26,Direct,Any,Mobile,Safari,MacOS,/home
6d8e33e0-b1df-4841-8136-55253c666a33,2026_W27,S1511,U24480,2026-07-02 21:51:46,2026-07-02 22:20:46,Email,Agreement,Mobile,Firefox,iOS,/home
6d8e33e0-b1df-4841-8136-55253c666a33,2026_W27,S1512,U30691,2026-07-01 20:27:22,2026-07-01 20:46:22,Email,Clearly,Desktop,Firefox,Android,/offers
6d8e33e0-b1df-4841-8136-55253c666a33,2026_W27,S1513,U24139,2026-07-02 07:02:22,2026-07-02 07:16:22,Direct,Product,Mobile,Safari,MacOS,/home
6d8e33e0-b1df-4841-8136-55253c666a33,2026_W27,S1514,U17551,2026-07-01 20:57:43,2026-07-01 21:31:43,Instagram,Create,Tablet,Chrome,Android,/home
6d8e33e0-b1df-4841-8136-55253c666a33,2026_W27,S1515,U1453,2026-06-29 19:33:42,2026-06-29 19:39:42,Facebook,Because,Tablet,Firefox,MacOS,/offers
6d8e33e0-b1df-4841-8136-55253c666a33,2026_W27,S1516,U13005,2026-06-30 01:30:42,2026-06-30 01:42:42,Google Ads,Range,Mobile,Safari,iOS,/products
6d8e33e0-b1df-4841-8136-55253c666a33,2026_W27,S1517,U13312,2026-07-02 17:48:02,2026-07-02 18:09:02,Email,Up,Desktop,Chrome,iOS,/offers
6d8e33e0-b1df-4841-8136-55253c666a33,2026_W27,S1518,U17991,2026-07-01 18:10:44,2026-07-01 18:34:44,Organic,Organization,Desktop,Chrome,MacOS,/products
6d8e33e0-b1df-4841-8136-55253c666a33,2026_W27,S1519,U24905,2026-06-30 11:26:53,2026-06-30 12:03:53,Instagram,Very,Tablet,Firefox,iOS,/home
6d8e33e0-b1df-4841-8136-55253c666a33,2026_W27,S1520,U29537,2026-06-30 00:42:09,2026-06-30 00:54:09,Organic,Company,Tablet,Edge,iOS,/products
6d8e33e0-b1df-4841-8136-55253c666a33,2026_W27,S1521,U18977,2026-07-05 04:46:38,2026-07-05 04:59:38,Facebook,Necessary,Desktop,Safari,Android,/products
6d8e33e0-b1df-4841-8136-55253c666a33,2026_W27,S1522,U34965,2026-06-29 12:38:42,2026-06-29 13:02:42,Facebook,Parent,Desktop,Firefox,Android,/offers
6d8e33e0-b1df-4841-8136-55253c666a33,2026_W27,S1523,U18353,2026-06-30 03:45:50,2026-06-30 04:22:50,Instagram,Recently,Mobile,Chrome,MacOS,/home
6d8e33e0-b1df-4841-8136-55253c666a33,2026_W27,S1524,U1584,2026-07-03 18:59:04,2026-07-03 19:30:04,Facebook,Administration,Mobile,Firefox,MacOS,/products
6d8e33e0-b1df-4841-8136-55253c666a33,2026_W27,S1525,U16824,2026-06-30 14:27:48,2026-06-30 14:29:48,Email,Strong,Desktop,Chrome,Windows,/products
6d8e33e0-b1df-4841-8136-55253c666a33,2026_W27,S1526,U14137,2026-07-04 12:25:25,2026-07-04 12:52:25,Facebook,Miss,Tablet,Edge,iOS,/products
6d8e33e0-b1df-4841-8136-55253c666a33,2026_W27,S1527,U12392,2026-07-03 07:59:23,2026-07-03 08:01:23,Email,Foreign,Desktop,Safari,Android,/home
6d8e33e0-b1df-4841-8136-55253c666a33,2026_W27,S1528,U34083,2026-06-29 17:56:56,2026-06-29 18:09:56,Facebook,Draw,Mobile,Safari,iOS,/offers
6d8e33e0-b1df-4841-8136-55253c666a33,2026_W27,S1529,U17148,2026-07-04 21:18:49,2026-07-04 21:53:49,Google Ads,Return,Desktop,Chrome,MacOS,/products
6d8e33e0-b1df-4841-8136-55253c666a33,2026_W27,S1530,U16372,2026-06-30 20:34:56,2026-06-30 20:40:56,Google Ads,Pull,Desktop,Chrome,iOS,/products
6d8e33e0-b1df-4841-8136-55253c666a33,2026_W27,S1531,U23267,2026-06-30 19:31:03,2026-06-30 19:46:03,Email,Happy,Tablet,Chrome,MacOS,/home
6d8e33e0-b1df-4841-8136-55253c666a33,2026_W27,S1532,U23892,2026-07-02 08:44:32,2026-07-02 08:59:32,Organic,Off,Tablet,Chrome,Android,/products
6d8e33e0-b1df-4841-8136-55253c666a33,2026_W27,S1533,U6053,2026-07-03 15:52:41,2026-07-03 15:59:41,Direct,Common,Desktop,Safari,iOS,/products
6d8e33e0-b1df-4841-8136-55253c666a33,2026_W27,S1534,U4013,2026-07-03 23:56:28,2026-07-03 23:59:28,Google Ads,Speech,Mobile,Edge,Android,/offers
6d8e33e0-b1df-4841-8136-55253c666a33,2026_W27,S1535,U2873,2026-06-30 09:39:20,2026-06-30 10:08:20,Instagram,Most,Desktop,Chrome,Android,/offers
6d8e33e0-b1df-4841-8136-55253c666a33,2026_W27,S1536,U32028,2026-06-29 23:24:59,2026-06-29 23:59:59,Email,Between,Tablet,Edge,Android,/offers
6d8e33e0-b1df-4841-8136-55253c666a33,2026_W27,S1537,U34107,2026-07-05 05:50:47,2026-07-05 06:19:47,Email,Send,Mobile,Safari,Android,/home
6d8e33e0-b1df-4841-8136-55253c666a33,2026_W27,S1538,U11890,2026-06-29 13:24:45,2026-06-29 13:46:45,Email,Theory,Tablet,Edge,iOS,/home
6d8e33e0-b1df-4841-8136-55253c666a33,2026_W27,S1539,U14480,2026-06-29 15:17:03,2026-06-29 15:25:03,Organic,Grow,Tablet,Edge,iOS,/home
6d8e33e0-b1df-4841-8136-55253c666a33,2026_W27,S1540,U2049,2026-07-03 01:26:46,2026-07-03 02:01:46,Google Ads,Represent,Mobile,Safari,Android,/products
6d8e33e0-b1df-4841-8136-55253c666a33,2026_W27,S1541,U8669,2026-07-02 01:38:54,2026-07-02 01:42:54,Instagram,Image,Mobile,Firefox,Android,/home
6d8e33e0-b1df-4841-8136-55253c666a33,2026_W27,S1542,U2832,2026-07-05 08:54:56,2026-07-05 08:58:56,Google Ads,Detail,Desktop,Safari,MacOS,/home
6d8e33e0-b1df-4841-8136-55253c666a33,2026_W27,S1543,U7820,2026-07-05 04:59:56,2026-07-05 05:15:56,Facebook,Best,Desktop,Firefox,Android,/offers
6d8e33e0-b1df-4841-8136-55253c666a33,2026_W27,S1544,U8567,2026-06-30 09:02:51,2026-06-30 09:19:51,Facebook,Put,Desktop,Firefox,Windows,/home
6d8e33e0-b1df-4841-8136-55253c666a33,2026_W27,S1545,U2813,2026-07-05 08:08:33,2026-07-05 08:18:33,Google Ads,Product,Mobile,Firefox,MacOS,/products
6d8e33e0-b1df-4841-8136-55253c666a33,2026_W27,S1546,U12668,2026-07-02 17:38:43,2026-07-02 18:04:43,Direct,Well,Desktop,Edge,iOS,/offers
6d8e33e0-b1df-4841-8136-55253c666a33,2026_W27,S1547,U7101,2026-06-29 12:05:42,2026-06-29 12:14:42,Google Ads,One,Desktop,Edge,iOS,/offers
6d8e33e0-b1df-4841-8136-55253c666a33,2026_W27,S1548,U21208,2026-07-03 13:20:40,2026-07-03 13:42:40,Organic,Environment,Mobile,Safari,iOS,/home
6d8e33e0-b1df-4841-8136-55253c666a33,2026_W27,S1549,U12050,2026-07-01 00:00:14,2026-07-01 00:04:14,Facebook,Put,Mobile,Chrome,MacOS,/offers
6d8e33e0-b1df-4841-8136-55253c666a33,2026_W27,S1550,U2566,2026-07-01 12:25:40,2026-07-01 13:03:40,Organic,Travel,Mobile,Firefox,Windows,/offers
6d8e33e0-b1df-4841-8136-55253c666a33,2026_W27,S1551,U20161,2026-07-02 06:53:06,2026-07-02 07:33:06,Google Ads,Teach,Desktop,Chrome,iOS,/offers
6d8e33e0-b1df-4841-8136-55253c666a33,2026_W27,S1552,U12036,2026-07-03 21:19:09,2026-07-03 21:20:09,Google Ads,Board,Tablet,Firefox,iOS,/home
6d8e33e0-b1df-4841-8136-55253c666a33,2026_W27,S1553,U10459,2026-07-01 19:15:37,2026-07-01 19:44:37,Direct,Human,Tablet,Firefox,iOS,/offers
6d8e33e0-b1df-4841-8136-55253c666a33,2026_W27,S1554,U3336,2026-07-04 12:43:42,2026-07-04 13:20:42,Google Ads,Crime,Desktop,Chrome,MacOS,/offers
6d8e33e0-b1df-4841-8136-55253c666a33,2026_W27,S1555,U1573,2026-07-01 18:06:15,2026-07-01 18:18:15,Direct,Thank,Mobile,Firefox,Android,/home
6d8e33e0-b1df-4841-8136-55253c666a33,2026_W27,S1556,U7207,2026-07-01 11:57:08,2026-07-01 12:20:08,Direct,Hundred,Mobile,Firefox,Android,/home
6d8e33e0-b1df-4841-8136-55253c666a33,2026_W27,S1557,U13628,2026-07-01 00:10:21,2026-07-01 00:24:21,Google Ads,Guess,Tablet,Edge,Windows,/products
6d8e33e0-b1df-4841-8136-55253c666a33,2026_W27,S1558,U17840,2026-07-02 12:19:13,2026-07-02 12:23:13,Organic,Simply,Mobile,Chrome,Android,/offers
6d8e33e0-b1df-4841-8136-55253c666a33,2026_W27,S1559,U24103,2026-07-02 09:16:26,2026-07-02 09:54:26,Facebook,Concern,Tablet,Safari,MacOS,/offers
6d8e33e0-b1df-4841-8136-55253c666a33,2026_W27,S1560,U18172,2026-07-01 11:21:17,2026-07-01 11:54:17,Google Ads,Story,Desktop,Edge,MacOS,/offers
6d8e33e0-b1df-4841-8136-55253c666a33,2026_W27,S1561,U9292,2026-07-02 20:14:19,2026-07-02 20:42:19,Google Ads,Look,Tablet,Chrome,MacOS,/home
6d8e33e0-b1df-4841-8136-55253c666a33,2026_W27,S1562,U2043,2026-07-04 09:31:04,2026-07-04 10:11:04,Email,Road,Mobile,Safari,MacOS,/offers
6d8e33e0-b1df-4841-8136-55253c666a33,2026_W27,S1563,U6092,2026-06-30 13:55:17,2026-06-30 14:15:17,Direct,Coach,Desktop,Firefox,Windows,/home
6d8e33e0-b1df-4841-8136-55253c666a33,2026_W27,S1564,U8683,2026-07-04 03:47:46,2026-07-04 03:53:46,Instagram,Of,Desktop,Edge,MacOS,/offers
6d8e33e0-b1df-4841-8136-55253c666a33,2026_W27,S1565,U2869,2026-07-01 04:03:05,2026-07-01 04:07:05,Email,Pick,Desktop,Safari,iOS,/products
6d8e33e0-b1df-4841-8136-55253c666a33,2026_W27,S1566,U11556,2026-06-30 12:56:24,2026-06-30 13:25:24,Google Ads,Answer,Desktop,Chrome,iOS,/home
6d8e33e0-b1df-4841-8136-55253c666a33,2026_W27,S1567,U34022,2026-07-05 00:58:29,2026-07-05 01:08:29,Email,Pm,Mobile,Edge,Windows,/home
6d8e33e0-b1df-4841-8136-55253c666a33,2026_W27,S1568,U15387,2026-06-30 23:38:18,2026-07-01 00:04:18,Direct,Hand,Desktop,Edge,Windows,/products
6d8e33e0-b1df-4841-8136-55253c666a33,2026_W27,S1569,U337,2026-07-04 00:03:29,2026-07-04 00:10:29,Email,Source,Mobile,Firefox,Android,/products
6d8e33e0-b1df-4841-8136-55253c666a33,2026_W27,S1570,U16418,2026-07-01 01:30:55,2026-07-01 01:51:55,Email,Far,Mobile,Chrome,Windows,/home
6d8e33e0-b1df-4841-8136-55253c666a33,2026_W27,S1571,U5340,2026-07-04 17:27:57,2026-07-04 17:43:57,Instagram,Democrat,Tablet,Safari,Windows,/home
6d8e33e0-b1df-4841-8136-55253c666a33,2026_W27,S1572,U8592,2026-07-02 18:09:04,2026-07-02 18:24:04,Instagram,Blood,Mobile,Firefox,iOS,/offers
6d8e33e0-b1df-4841-8136-55253c666a33,2026_W27,S1573,U9310,2026-06-30 14:20:10,2026-06-30 14:36:10,Direct,She,Tablet,Chrome,MacOS,/home
6d8e33e0-b1df-4841-8136-55253c666a33,2026_W27,S1574,U10966,2026-07-03 09:25:00,2026-07-03 09:37:00,Facebook,Music,Desktop,Chrome,MacOS,/offers
6d8e33e0-b1df-4841-8136-55253c666a33,2026_W27,S1575,U34809,2026-07-04 07:56:20,2026-07-04 07:59:20,Facebook,Thank,Tablet,Chrome,Android,/offers
6d8e33e0-b1df-4841-8136-55253c666a33,2026_W27,S1576,U12163,2026-07-03 00:13:02,2026-07-03 00:41:02,Email,Reduce,Tablet,Firefox,iOS,/products
6d8e33e0-b1df-4841-8136-55253c666a33,2026_W27,S1577,U2548,2026-07-04 19:48:40,2026-07-04 20:20:40,Google Ads,Through,Tablet,Chrome,Windows,/offers
6d8e33e0-b1df-4841-8136-55253c666a33,2026_W27,S1578,U29670,2026-07-03 13:33:42,2026-07-03 14:08:42,Instagram,Or,Desktop,Edge,Android,/home
6d8e33e0-b1df-4841-8136-55253c666a33,2026_W27,S1579,U25095,2026-06-30 03:19:43,2026-06-30 03:35:43,Facebook,Treatment,Tablet,Firefox,MacOS,/home
6d8e33e0-b1df-4841-8136-55253c666a33,2026_W27,S1580,U20282,2026-07-01 04:30:01,2026-07-01 04:58:01,Facebook,Water,Tablet,Edge,MacOS,/offers
6d8e33e0-b1df-4841-8136-55253c666a33,2026_W27,S1581,U18274,2026-07-03 17:00:03,2026-07-03 17:39:03,Instagram,Risk,Mobile,Edge,iOS,/offers
6d8e33e0-b1df-4841-8136-55253c666a33,2026_W27,S1582,U7225,2026-07-02 06:58:55,2026-07-02 07:07:55,Direct,Happen,Tablet,Safari,MacOS,/products
6d8e33e0-b1df-4841-8136-55253c666a33,2026_W27,S1583,U11115,2026-07-04 04:22:29,2026-07-04 04:28:29,Instagram,Card,Mobile,Safari,MacOS,/products
6d8e33e0-b1df-4841-8136-55253c666a33,2026_W27,S1584,U25794,2026-07-04 19:50:28,2026-07-04 19:53:28,Instagram,Event,Desktop,Chrome,iOS,/home
6d8e33e0-b1df-4841-8136-55253c666a33,2026_W27,S1585,U27470,2026-07-02 15:04:20,2026-07-02 15:15:20,Direct,Study,Mobile,Safari,MacOS,/offers
6d8e33e0-b1df-4841-8136-55253c666a33,2026_W27,S1586,U1616,2026-07-01 02:51:23,2026-07-01 03:22:23,Google Ads,Kid,Tablet,Firefox,Android,/home
6d8e33e0-b1df-4841-8136-55253c666a33,2026_W27,S1587,U26370,2026-07-02 08:33:06,2026-07-02 08:40:06,Google Ads,Half,Mobile,Firefox,MacOS,/home
6d8e33e0-b1df-4841-8136-55253c666a33,2026_W27,S1588,U571,2026-06-30 12:03:32,2026-06-30 12:43:32,Instagram,Fire,Tablet,Safari,iOS,/home
6d8e33e0-b1df-4841-8136-55253c666a33,2026_W27,S1589,U29705,2026-06-30 01:38:08,2026-06-30 01:42:08,Instagram,Respond,Desktop,Chrome,Android,/offers
6d8e33e0-b1df-4841-8136-55253c666a33,2026_W27,S1590,U24218,2026-07-02 19:04:15,2026-07-02 19:11:15,Email,Teacher,Tablet,Safari,MacOS,/home
6d8e33e0-b1df-4841-8136-55253c666a33,2026_W27,S1591,U4719,2026-07-03 11:22:02,2026-07-03 12:00:02,Google Ads,Small,Tablet,Edge,MacOS,/offers
6d8e33e0-b1df-4841-8136-55253c666a33,2026_W27,S1592,U20663,2026-07-05 02:02:09,2026-07-05 02:14:09,Direct,Marriage,Mobile,Chrome,Android,/products
6d8e33e0-b1df-4841-8136-55253c666a33,2026_W27,S1593,U1964,2026-07-01 00:24:56,2026-07-01 00:41:56,Direct,Recent,Mobile,Edge,Android,/offers
6d8e33e0-b1df-4841-8136-55253c666a33,2026_W27,S1594,U20650,2026-06-29 19:10:57,2026-06-29 19:12:57,Direct,Leg,Desktop,Edge,iOS,/home
6d8e33e0-b1df-4841-8136-55253c666a33,2026_W27,S1595,U18964,2026-07-05 02:41:48,2026-07-05 03:05:48,Organic,Hot,Tablet,Chrome,iOS,/products
6d8e33e0-b1df-4841-8136-55253c666a33,2026_W27,S1596,U13756,2026-07-02 09:18:55,2026-07-02 09:46:55,Facebook,Mrs,Desktop,Chrome,iOS,/products
6d8e33e0-b1df-4841-8136-55253c666a33,2026_W27,S1597,U24579,2026-06-30 17:37:52,2026-06-30 17:56:52,Facebook,Wide,Desktop,Edge,Windows,/home
6d8e33e0-b1df-4841-8136-55253c666a33,2026_W27,S1598,U4114,2026-07-02 10:48:24,2026-07-02 10:54:24,Facebook,Consumer,Desktop,Edge,MacOS,/products
6d8e33e0-b1df-4841-8136-55253c666a33,2026_W27,S1599,U3103,2026-07-03 00:25:08,2026-07-03 00:30:08,Google Ads,Exactly,Mobile,Firefox,Windows,/products
6d8e33e0-b1df-4841-8136-55253c666a33,2026_W27,S1600,U10196,2026-07-04 21:10:18,2026-07-04 21:28:18,Direct,More,Tablet,Safari,Android,/products
6d8e33e0-b1df-4841-8136-55253c666a33,2026_W27,S1601,U23519,2026-06-29 10:10:03,2026-06-29 10:18:03,Facebook,Trial,Desktop,Edge,iOS,/offers
6d8e33e0-b1df-4841-8136-55253c666a33,2026_W27,S1602,U11492,2026-07-02 05:19:55,2026-07-02 05:31:55,Organic,Miss,Mobile,Edge,Windows,/home
6d8e33e0-b1df-4841-8136-55253c666a33,2026_W27,S1603,U22499,2026-06-30 10:11:50,2026-06-30 10:34:50,Google Ads,Deal,Desktop,Edge,Windows,/home
6d8e33e0-b1df-4841-8136-55253c666a33,2026_W27,S1604,U17947,2026-07-03 04:59:43,2026-07-03 05:03:43,Facebook,Arm,Tablet,Firefox,Windows,/home
6d8e33e0-b1df-4841-8136-55253c666a33,2026_W27,S1605,U11354,2026-07-02 15:04:58,2026-07-02 15:39:58,Facebook,First,Mobile,Chrome,iOS,/offers
6d8e33e0-b1df-4841-8136-55253c666a33,2026_W27,S1606,U30240,2026-07-02 01:13:33,2026-07-02 01:24:33,Organic,Media,Desktop,Safari,MacOS,/home
6d8e33e0-b1df-4841-8136-55253c666a33,2026_W27,S1607,U3951,2026-07-03 17:09:08,2026-07-03 17:18:08,Direct,Spring,Desktop,Edge,MacOS,/offers
6d8e33e0-b1df-4841-8136-55253c666a33,2026_W27,S1608,U17572,2026-07-04 03:50:31,2026-07-04 03:54:31,Direct,Maintain,Tablet,Safari,Windows,/home
6d8e33e0-b1df-4841-8136-55253c666a33,2026_W27,S1609,U18168,2026-07-01 15:06:37,2026-07-01 15:42:37,Facebook,Pressure,Desktop,Safari,Windows,/home
6d8e33e0-b1df-4841-8136-55253c666a33,2026_W27,S1610,U34368,2026-07-03 13:19:41,2026-07-03 13:59:41,Facebook,Marriage,Tablet,Chrome,Android,/offers
6d8e33e0-b1df-4841-8136-55253c666a33,2026_W27,S1611,U33338,2026-07-01 11:07:10,2026-07-01 11:15:10,Email,Hold,Desktop,Safari,iOS,/products
6d8e33e0-b1df-4841-8136-55253c666a33,2026_W27,S1612,U18064,2026-07-03 05:39:33,2026-07-03 05:52:33,Facebook,Late,Mobile,Firefox,iOS,/offers
6d8e33e0-b1df-4841-8136-55253c666a33,2026_W27,S1613,U18859,2026-07-02 04:10:54,2026-07-02 04:24:54,Direct,Street,Mobile,Safari,iOS,/home
6d8e33e0-b1df-4841-8136-55253c666a33,2026_W27,S1614,U23741,2026-07-04 17:11:05,2026-07-04 17:41:05,Email,Hit,Mobile,Safari,MacOS,/products
6d8e33e0-b1df-4841-8136-55253c666a33,2026_W27,S1615,U24717,2026-07-02 09:32:46,2026-07-02 09:37:46,Instagram,Agency,Mobile,Safari,Windows,/home
6d8e33e0-b1df-4841-8136-55253c666a33,2026_W27,S1616,U33351,2026-07-02 19:06:53,2026-07-02 19:39:53,Instagram,Baby,Desktop,Edge,MacOS,/offers
6d8e33e0-b1df-4841-8136-55253c666a33,2026_W27,S1617,U20542,2026-06-30 12:23:34,2026-06-30 12:49:34,Email,Minute,Desktop,Firefox,iOS,/home
6d8e33e0-b1df-4841-8136-55253c666a33,2026_W27,S1618,U21752,2026-06-30 02:17:13,2026-06-30 02:35:13,Google Ads,North,Mobile,Safari,iOS,/offers
6d8e33e0-b1df-4841-8136-55253c666a33,2026_W27,S1619,U1572,2026-07-02 13:46:41,2026-07-02 14:14:41,Instagram,Television,Tablet,Chrome,Android,/products
6d8e33e0-b1df-4841-8136-55253c666a33,2026_W27,S1620,U8150,2026-07-04 04:15:18,2026-07-04 04:50:18,Direct,Phone,Desktop,Edge,Android,/offers
6d8e33e0-b1df-4841-8136-55253c666a33,2026_W27,S1621,U15879,2026-07-05 07:07:52,2026-07-05 07:40:52,Instagram,Girl,Desktop,Safari,iOS,/products
6d8e33e0-b1df-4841-8136-55253c666a33,2026_W27,S1622,U25497,2026-06-29 21:45:08,2026-06-29 22:20:08,Organic,Image,Tablet,Edge,Android,/offers
6d8e33e0-b1df-4841-8136-55253c666a33,2026_W27,S1623,U14123,2026-07-04 10:46:32,2026-07-04 11:18:32,Facebook,Right,Desktop,Chrome,Android,/offers
6d8e33e0-b1df-4841-8136-55253c666a33,2026_W27,S1624,U21934,2026-07-02 01:51:40,2026-07-02 02:01:40,Facebook,Few,Mobile,Safari,Windows,/products
6d8e33e0-b1df-4841-8136-55253c666a33,2026_W27,S1625,U32909,2026-06-30 20:23:11,2026-06-30 21:01:11,Instagram,Would,Mobile,Chrome,Android,/offers
6d8e33e0-b1df-4841-8136-55253c666a33,2026_W27,S1626,U33068,2026-07-01 22:39:17,2026-07-01 23:18:17,Google Ads,Power,Mobile,Chrome,MacOS,/products
6d8e33e0-b1df-4841-8136-55253c666a33,2026_W27,S1627,U26776,2026-06-30 20:15:27,2026-06-30 20:25:27,Organic,Which,Mobile,Chrome,iOS,/offers
6d8e33e0-b1df-4841-8136-55253c666a33,2026_W27,S1628,U18620,2026-06-30 09:21:54,2026-06-30 09:42:54,Organic,Can,Mobile,Edge,Windows,/offers
6d8e33e0-b1df-4841-8136-55253c666a33,2026_W27,S1629,U5408,2026-06-29 23:43:32,2026-06-30 00:04:32,Google Ads,Control,Desktop,Chrome,Windows,/products
6d8e33e0-b1df-4841-8136-55253c666a33,2026_W27,S1630,U22664,2026-07-03 00:52:39,2026-07-03 01:16:39,Facebook,Manage,Tablet,Safari,iOS,/offers
6d8e33e0-b1df-4841-8136-55253c666a33,2026_W27,S1631,U14870,2026-07-03 22:55:40,2026-07-03 23:15:40,Google Ads,President,Mobile,Edge,iOS,/home
6d8e33e0-b1df-4841-8136-55253c666a33,2026_W27,S1632,U2802,2026-07-03 04:42:57,2026-07-03 04:45:57,Facebook,North,Tablet,Firefox,MacOS,/home
6d8e33e0-b1df-4841-8136-55253c666a33,2026_W27,S1633,U24022,2026-07-01 01:21:02,2026-07-01 01:52:02,Facebook,Modern,Mobile,Firefox,iOS,/offers
6d8e33e0-b1df-4841-8136-55253c666a33,2026_W27,S1634,U4454,2026-07-04 07:38:01,2026-07-04 08:10:01,Instagram,Fact,Mobile,Chrome,iOS,/products
6d8e33e0-b1df-4841-8136-55253c666a33,2026_W27,S1635,U22708,2026-07-02 09:11:39,2026-07-02 09:37:39,Facebook,Political,Tablet,Safari,iOS,/home
6d8e33e0-b1df-4841-8136-55253c666a33,2026_W27,S1636,U28383,2026-07-04 05:45:22,2026-07-04 05:46:22,Direct,Mean,Desktop,Safari,Windows,/home
6d8e33e0-b1df-4841-8136-55253c666a33,2026_W27,S1637,U23473,2026-06-29 19:54:03,2026-06-29 20:29:03,Organic,This,Desktop,Firefox,Windows,/products
6d8e33e0-b1df-4841-8136-55253c666a33,2026_W27,S1638,U7739,2026-07-02 17:16:43,2026-07-02 17:55:43,Direct,Public,Mobile,Firefox,MacOS,/products
6d8e33e0-b1df-4841-8136-55253c666a33,2026_W27,S1639,U24580,2026-07-02 12:11:02,2026-07-02 12:34:02,Email,End,Desktop,Edge,Android,/offers
6d8e33e0-b1df-4841-8136-55253c666a33,2026_W27,S1640,U4085,2026-07-03 01:01:18,2026-07-03 01:24:18,Facebook,Machine,Tablet,Chrome,Windows,/products
6d8e33e0-b1df-4841-8136-55253c666a33,2026_W27,S1641,U23146,2026-07-04 23:47:49,2026-07-04 23:48:49,Instagram,Nor,Tablet,Edge,Windows,/products
6d8e33e0-b1df-4841-8136-55253c666a33,2026_W27,S1642,U26472,2026-07-04 03:11:51,2026-07-04 03:36:51,Direct,So,Tablet,Safari,MacOS,/products
6d8e33e0-b1df-4841-8136-55253c666a33,2026_W27,S1643,U29489,2026-07-01 04:41:30,2026-07-01 05:01:30,Google Ads,Reveal,Desktop,Firefox,MacOS,/offers
6d8e33e0-b1df-4841-8136-55253c666a33,2026_W27,S1644,U12917,2026-06-30 06:43:34,2026-06-30 06:53:34,Direct,Face,Tablet,Firefox,Android,/home
6d8e33e0-b1df-4841-8136-55253c666a33,2026_W27,S1645,U28648,2026-07-02 17:06:13,2026-07-02 17:16:13,Organic,Just,Desktop,Firefox,MacOS,/products
6d8e33e0-b1df-4841-8136-55253c666a33,2026_W27,S1646,U16611,2026-06-30 03:33:36,2026-06-30 03:54:36,Google Ads,Research,Mobile,Chrome,Windows,/products
6d8e33e0-b1df-4841-8136-55253c666a33,2026_W27,S1647,U5966,2026-07-04 21:03:20,2026-07-04 21:31:20,Instagram,Service,Desktop,Edge,MacOS,/offers
6d8e33e0-b1df-4841-8136-55253c666a33,2026_W27,S1648,U8733,2026-07-05 04:12:27,2026-07-05 04:50:27,Email,Win,Tablet,Edge,Windows,/offers
6d8e33e0-b1df-4841-8136-55253c666a33,2026_W27,S1649,U26931,2026-07-02 05:48:39,2026-07-02 05:54:39,Direct,Then,Tablet,Safari,Android,/products
6d8e33e0-b1df-4841-8136-55253c666a33,2026_W27,S1650,U13093,2026-07-01 06:35:27,2026-07-01 06:50:27,Organic,Without,Mobile,Safari,Android,/offers
6d8e33e0-b1df-4841-8136-55253c666a33,2026_W27,S1651,U13128,2026-06-29 13:39:35,2026-06-29 13:44:35,Facebook,Home,Mobile,Firefox,iOS,/home
6d8e33e0-b1df-4841-8136-55253c666a33,2026_W27,S1652,U18549,2026-06-29 11:27:28,2026-06-29 11:36:28,Google Ads,Term,Tablet,Safari,MacOS,/products
6d8e33e0-b1df-4841-8136-55253c666a33,2026_W27,S1653,U2413,2026-07-04 19:31:54,2026-07-04 19:37:54,Instagram,Clearly,Desktop,Chrome,iOS,/products
6d8e33e0-b1df-4841-8136-55253c666a33,2026_W27,S1654,U19282,2026-07-04 20:05:39,2026-07-04 20:13:39,Instagram,Each,Mobile,Firefox,MacOS,/offers
6d8e33e0-b1df-4841-8136-55253c666a33,2026_W27,S1655,U34032,2026-07-03 11:32:29,2026-07-03 11:52:29,Google Ads,Theory,Desktop,Firefox,Windows,/products
6d8e33e0-b1df-4841-8136-55253c666a33,2026_W27,S1656,U12469,2026-06-30 23:45:47,2026-07-01 00:14:47,Facebook,Us,Tablet,Edge,MacOS,/offers
6d8e33e0-b1df-4841-8136-55253c666a33,2026_W27,S1657,U11557,2026-07-04 09:59:26,2026-07-04 10:33:26,Email,West,Desktop,Chrome,Windows,/products
6d8e33e0-b1df-4841-8136-55253c666a33,2026_W27,S1658,U3670,2026-06-30 10:51:06,2026-06-30 11:09:06,Email,Performance,Desktop,Edge,iOS,/home
6d8e33e0-b1df-4841-8136-55253c666a33,2026_W27,S1659,U29096,2026-07-03 18:01:51,2026-07-03 18:20:51,Organic,Compare,Mobile,Chrome,MacOS,/products
6d8e33e0-b1df-4841-8136-55253c666a33,2026_W27,S1660,U188,2026-07-03 10:47:23,2026-07-03 11:03:23,Instagram,War,Tablet,Edge,Windows,/offers
6d8e33e0-b1df-4841-8136-55253c666a33,2026_W27,S1661,U4597,2026-07-04 16:18:19,2026-07-04 16:37:19,Instagram,Recognize,Tablet,Chrome,Android,/offers
6d8e33e0-b1df-4841-8136-55253c666a33,2026_W27,S1662,U8745,2026-07-05 01:30:09,2026-07-05 01:36:09,Email,Health,Desktop,Firefox,iOS,/offers
6d8e33e0-b1df-4841-8136-55253c666a33,2026_W27,S1663,U23504,2026-07-04 13:36:25,2026-07-04 14:06:25,Instagram,Yard,Tablet,Chrome,iOS,/home
6d8e33e0-b1df-4841-8136-55253c666a33,2026_W27,S1664,U27430,2026-06-30 23:38:40,2026-06-30 23:52:40,Instagram,Analysis,Mobile,Chrome,iOS,/offers
6d8e33e0-b1df-4841-8136-55253c666a33,2026_W27,S1665,U15135,2026-07-01 17:17:38,2026-07-01 17:26:38,Instagram,Kitchen,Desktop,Safari,Windows,/offers
6d8e33e0-b1df-4841-8136-55253c666a33,2026_W27,S1666,U3510,2026-07-05 06:34:18,2026-07-05 06:42:18,Facebook,Impact,Tablet,Safari,Windows,/products
6d8e33e0-b1df-4841-8136-55253c666a33,2026_W27,S1667,U22482,2026-06-30 12:52:04,2026-06-30 13:23:04,Email,Where,Desktop,Edge,iOS,/home
6d8e33e0-b1df-4841-8136-55253c666a33,2026_W27,S1668,U5214,2026-07-02 22:53:52,2026-07-02 23:25:52,Email,Black,Tablet,Safari,iOS,/products
6d8e33e0-b1df-4841-8136-55253c666a33,2026_W27,S1669,U22444,2026-07-03 10:25:34,2026-07-03 10:41:34,Direct,Compare,Desktop,Firefox,Android,/offers
6d8e33e0-b1df-4841-8136-55253c666a33,2026_W27,S1670,U1817,2026-07-02 19:01:54,2026-07-02 19:11:54,Direct,Blood,Mobile,Firefox,Android,/offers
6d8e33e0-b1df-4841-8136-55253c666a33,2026_W27,S1671,U18468,2026-07-03 12:14:48,2026-07-03 12:54:48,Direct,Line,Desktop,Chrome,Android,/products
6d8e33e0-b1df-4841-8136-55253c666a33,2026_W27,S1672,U30594,2026-07-03 13:16:58,2026-07-03 13:33:58,Instagram,Want,Mobile,Safari,Windows,/products
6d8e33e0-b1df-4841-8136-55253c666a33,2026_W27,S1673,U4922,2026-07-02 09:02:24,2026-07-02 09:13:24,Direct,Also,Mobile,Edge,Windows,/offers
6d8e33e0-b1df-4841-8136-55253c666a33,2026_W27,S1674,U8468,2026-07-03 18:35:12,2026-07-03 18:59:12,Email,Lot,Tablet,Chrome,Android,/home
6d8e33e0-b1df-4841-8136-55253c666a33,2026_W27,S1675,U30477,2026-07-01 22:16:50,2026-07-01 22:27:50,Direct,House,Desktop,Chrome,Windows,/products
6d8e33e0-b1df-4841-8136-55253c666a33,2026_W27,S1676,U7756,2026-07-01 08:20:01,2026-07-01 08:25:01,Organic,Campaign,Mobile,Edge,MacOS,/products
6d8e33e0-b1df-4841-8136-55253c666a33,2026_W27,S1677,U9407,2026-07-03 16:45:48,2026-07-03 16:51:48,Email,Where,Mobile,Safari,Android,/products
6d8e33e0-b1df-4841-8136-55253c666a33,2026_W27,S1678,U17915,2026-07-02 22:11:30,2026-07-02 22:24:30,Google Ads,Building,Desktop,Chrome,Windows,/products
6d8e33e0-b1df-4841-8136-55253c666a33,2026_W27,S1679,U24635,2026-07-03 08:00:15,2026-07-03 08:12:15,Instagram,House,Desktop,Edge,iOS,/products
6d8e33e0-b1df-4841-8136-55253c666a33,2026_W27,S1680,U6184,2026-07-03 21:56:36,2026-07-03 22:29:36,Facebook,Job,Desktop,Safari,Windows,/products
6d8e33e0-b1df-4841-8136-55253c666a33,2026_W27,S1681,U26531,2026-07-01 05:21:49,2026-07-01 05:41:49,Organic,Budget,Mobile,Firefox,iOS,/home
6d8e33e0-b1df-4841-8136-55253c666a33,2026_W27,S1682,U16256,2026-06-29 12:36:13,2026-06-29 12:59:13,Facebook,Nature,Desktop,Edge,Windows,/products
6d8e33e0-b1df-4841-8136-55253c666a33,2026_W27,S1683,U33638,2026-07-03 21:07:39,2026-07-03 21:41:39,Instagram,Product,Tablet,Firefox,Windows,/products
6d8e33e0-b1df-4841-8136-55253c666a33,2026_W27,S1684,U5233,2026-07-01 10:24:08,2026-07-01 10:34:08,Google Ads,As,Tablet,Edge,MacOS,/products
6d8e33e0-b1df-4841-8136-55253c666a33,2026_W27,S1685,U26147,2026-07-03 02:58:30,2026-07-03 03:26:30,Email,Dog,Mobile,Edge,Android,/products
6d8e33e0-b1df-4841-8136-55253c666a33,2026_W27,S1686,U9986,2026-06-30 09:08:36,2026-06-30 09:35:36,Organic,Event,Desktop,Chrome,Android,/offers
6d8e33e0-b1df-4841-8136-55253c666a33,2026_W27,S1687,U23677,2026-07-04 09:30:10,2026-07-04 09:36:10,Email,Probably,Tablet,Chrome,Windows,/home
6d8e33e0-b1df-4841-8136-55253c666a33,2026_W27,S1688,U22418,2026-07-01 23:22:21,2026-07-01 23:57:21,Facebook,Region,Tablet,Edge,iOS,/home
6d8e33e0-b1df-4841-8136-55253c666a33,2026_W27,S1689,U26986,2026-06-30 17:19:24,2026-06-30 17:48:24,Facebook,Capital,Desktop,Edge,Android,/products
6d8e33e0-b1df-4841-8136-55253c666a33,2026_W27,S1690,U30118,2026-07-03 09:05:18,2026-07-03 09:43:18,Direct,Top,Desktop,Safari,iOS,/offers
6d8e33e0-b1df-4841-8136-55253c666a33,2026_W27,S1691,U5580,2026-07-03 21:46:25,2026-07-03 21:51:25,Instagram,Industry,Mobile,Firefox,Android,/home
6d8e33e0-b1df-4841-8136-55253c666a33,2026_W27,S1692,U16105,2026-07-02 01:40:57,2026-07-02 02:17:57,Facebook,Girl,Tablet,Safari,Android,/products
6d8e33e0-b1df-4841-8136-55253c666a33,2026_W27,S1693,U8128,2026-07-04 07:16:25,2026-07-04 07:54:25,Instagram,Top,Mobile,Chrome,Windows,/home
6d8e33e0-b1df-4841-8136-55253c666a33,2026_W27,S1694,U7441,2026-07-02 16:56:19,2026-07-02 17:03:19,Google Ads,His,Tablet,Chrome,Windows,/products
6d8e33e0-b1df-4841-8136-55253c666a33,2026_W27,S1695,U10118,2026-06-30 21:55:01,2026-06-30 22:03:01,Organic,Whatever,Mobile,Edge,MacOS,/products
6d8e33e0-b1df-4841-8136-55253c666a33,2026_W27,S1696,U16622,2026-07-04 08:24:15,2026-07-04 08:38:15,Facebook,Drug,Mobile,Edge,iOS,/offers
6d8e33e0-b1df-4841-8136-55253c666a33,2026_W27,S1697,U12577,2026-07-02 20:54:21,2026-07-02 21:16:21,Instagram,Together,Desktop,Chrome,MacOS,/products
6d8e33e0-b1df-4841-8136-55253c666a33,2026_W27,S1698,U29993,2026-07-02 20:39:07,2026-07-02 20:57:07,Organic,Fly,Mobile,Chrome,MacOS,/products
6d8e33e0-b1df-4841-8136-55253c666a33,2026_W27,S1699,U9745,2026-07-01 10:02:11,2026-07-01 10:05:11,Facebook,According,Mobile,Edge,MacOS,/products
6d8e33e0-b1df-4841-8136-55253c666a33,2026_W27,S1700,U19403,2026-07-03 14:20:09,2026-07-03 14:25:09,Instagram,Sure,Tablet,Firefox,MacOS,/home
6d8e33e0-b1df-4841-8136-55253c666a33,2026_W27,S1701,U14454,2026-07-01 11:13:17,2026-07-01 11:32:17,Email,Finish,Desktop,Safari,Windows,/products
6d8e33e0-b1df-4841-8136-55253c666a33,2026_W27,S1702,U25412,2026-07-03 20:21:08,2026-07-03 20:29:08,Facebook,Behind,Tablet,Chrome,Windows,/home
6d8e33e0-b1df-4841-8136-55253c666a33,2026_W27,S1703,U17215,2026-07-02 13:12:07,2026-07-02 13:18:07,Facebook,Teach,Tablet,Edge,MacOS,/home
6d8e33e0-b1df-4841-8136-55253c666a33,2026_W27,S1704,U34692,2026-07-01 02:18:13,2026-07-01 02:40:13,Email,Process,Mobile,Safari,iOS,/offers
6d8e33e0-b1df-4841-8136-55253c666a33,2026_W27,S1705,U29375,2026-07-03 05:51:53,2026-07-03 06:16:53,Instagram,Practice,Tablet,Safari,iOS,/home
6d8e33e0-b1df-4841-8136-55253c666a33,2026_W27,S1706,U11614,2026-06-30 21:13:46,2026-06-30 21:53:46,Direct,Become,Tablet,Firefox,Windows,/home
6d8e33e0-b1df-4841-8136-55253c666a33,2026_W27,S1707,U32580,2026-07-01 17:44:21,2026-07-01 18:22:21,Instagram,Picture,Mobile,Safari,iOS,/offers
6d8e33e0-b1df-4841-8136-55253c666a33,2026_W27,S1708,U2492,2026-07-04 22:52:49,2026-07-04 22:55:49,Google Ads,Sit,Tablet,Chrome,Windows,/home
6d8e33e0-b1df-4841-8136-55253c666a33,2026_W27,S1709,U7822,2026-06-30 08:12:47,2026-06-30 08:28:47,Google Ads,Specific,Mobile,Edge,Android,/products
6d8e33e0-b1df-4841-8136-55253c666a33,2026_W27,S1710,U13594,2026-07-02 16:53:21,2026-07-02 17:03:21,Facebook,Term,Tablet,Firefox,MacOS,/home
6d8e33e0-b1df-4841-8136-55253c666a33,2026_W27,S1711,U15716,2026-06-30 02:15:42,2026-06-30 02:30:42,Google Ads,Deep,Mobile,Edge,Windows,/home
6d8e33e0-b1df-4841-8136-55253c666a33,2026_W27,S1712,U11986,2026-07-01 15:30:51,2026-07-01 15:50:51,Google Ads,Ten,Tablet,Firefox,iOS,/offers
6d8e33e0-b1df-4841-8136-55253c666a33,2026_W27,S1713,U3857,2026-07-04 06:28:49,2026-07-04 06:55:49,Facebook,Usually,Desktop,Safari,Windows,/products
6d8e33e0-b1df-4841-8136-55253c666a33,2026_W27,S1714,U19011,2026-07-04 02:30:18,2026-07-04 03:09:18,Organic,This,Desktop,Chrome,MacOS,/products
6d8e33e0-b1df-4841-8136-55253c666a33,2026_W27,S1715,U32453,2026-07-04 13:12:16,2026-07-04 13:30:16,Facebook,Me,Tablet,Chrome,iOS,/home
6d8e33e0-b1df-4841-8136-55253c666a33,2026_W27,S1716,U24747,2026-06-29 18:55:10,2026-06-29 19:12:10,Organic,Identify,Desktop,Edge,iOS,/offers
6d8e33e0-b1df-4841-8136-55253c666a33,2026_W27,S1717,U33218,2026-07-01 03:09:07,2026-07-01 03:25:07,Organic,Year,Mobile,Chrome,Android,/home
6d8e33e0-b1df-4841-8136-55253c666a33,2026_W27,S1718,U2122,2026-07-02 01:48:23,2026-07-02 02:16:23,Facebook,Billion,Desktop,Chrome,iOS,/offers
6d8e33e0-b1df-4841-8136-55253c666a33,2026_W27,S1719,U31826,2026-07-01 02:37:10,2026-07-01 02:38:10,Email,Trade,Mobile,Firefox,MacOS,/products
6d8e33e0-b1df-4841-8136-55253c666a33,2026_W27,S1720,U10148,2026-06-29 14:35:36,2026-06-29 14:58:36,Google Ads,Against,Mobile,Safari,iOS,/products
6d8e33e0-b1df-4841-8136-55253c666a33,2026_W27,S1721,U11284,2026-06-29 19:17:32,2026-06-29 19:20:32,Google Ads,Blood,Tablet,Chrome,iOS,/offers
6d8e33e0-b1df-4841-8136-55253c666a33,2026_W27,S1722,U20140,2026-07-04 20:45:18,2026-07-04 21:23:18,Direct,Hotel,Mobile,Firefox,Windows,/products
6d8e33e0-b1df-4841-8136-55253c666a33,2026_W27,S1723,U17986,2026-06-30 15:12:14,2026-06-30 15:44:14,Direct,Probably,Desktop,Edge,MacOS,/home
6d8e33e0-b1df-4841-8136-55253c666a33,2026_W27,S1724,U371,2026-07-01 18:35:16,2026-07-01 18:36:16,Organic,Similar,Desktop,Edge,Windows,/home
6d8e33e0-b1df-4841-8136-55253c666a33,2026_W27,S1725,U907,2026-06-30 10:00:31,2026-06-30 10:08:31,Facebook,Magazine,Desktop,Firefox,Android,/products
6d8e33e0-b1df-4841-8136-55253c666a33,2026_W27,S1726,U28368,2026-07-05 02:44:25,2026-07-05 02:54:25,Instagram,Mission,Mobile,Safari,Windows,/products
6d8e33e0-b1df-4841-8136-55253c666a33,2026_W27,S1727,U9291,2026-07-02 21:53:23,2026-07-02 21:56:23,Direct,Thank,Desktop,Firefox,MacOS,/products
6d8e33e0-b1df-4841-8136-55253c666a33,2026_W27,S1728,U28035,2026-06-30 18:42:02,2026-06-30 19:11:02,Facebook,Back,Tablet,Chrome,MacOS,/offers
6d8e33e0-b1df-4841-8136-55253c666a33,2026_W27,S1729,U27399,2026-07-01 14:52:41,2026-07-01 14:53:41,Organic,Bring,Mobile,Safari,MacOS,/offers
6d8e33e0-b1df-4841-8136-55253c666a33,2026_W27,S1730,U7840,2026-07-02 14:14:38,2026-07-02 14:25:38,Facebook,My,Tablet,Firefox,iOS,/products
6d8e33e0-b1df-4841-8136-55253c666a33,2026_W27,S1731,U25678,2026-06-30 15:42:28,2026-06-30 16:09:28,Google Ads,Them,Tablet,Safari,Android,/offers
6d8e33e0-b1df-4841-8136-55253c666a33,2026_W27,S1732,U19621,2026-07-01 19:43:43,2026-07-01 19:48:43,Email,Agent,Desktop,Chrome,iOS,/products
6d8e33e0-b1df-4841-8136-55253c666a33,2026_W27,S1733,U25527,2026-07-01 00:40:54,2026-07-01 00:56:54,Google Ads,Easy,Mobile,Safari,Android,/products
6d8e33e0-b1df-4841-8136-55253c666a33,2026_W27,S1734,U13475,2026-07-01 15:22:54,2026-07-01 15:29:54,Google Ads,Every,Mobile,Firefox,iOS,/products
6d8e33e0-b1df-4841-8136-55253c666a33,2026_W27,S1735,U5282,2026-06-30 04:33:02,2026-06-30 04:43:02,Direct,Act,Tablet,Edge,MacOS,/offers
6d8e33e0-b1df-4841-8136-55253c666a33,2026_W27,S1736,U25230,2026-07-03 22:24:32,2026-07-03 22:25:32,Email,Week,Desktop,Chrome,MacOS,/products
6d8e33e0-b1df-4841-8136-55253c666a33,2026_W27,S1737,U19741,2026-07-02 21:23:28,2026-07-02 22:03:28,Facebook,Seek,Tablet,Safari,Android,/products
6d8e33e0-b1df-4841-8136-55253c666a33,2026_W27,S1738,U20593,2026-06-30 23:36:33,2026-07-01 00:00:33,Facebook,Establish,Desktop,Edge,MacOS,/offers
6d8e33e0-b1df-4841-8136-55253c666a33,2026_W27,S1739,U23171,2026-07-01 02:16:16,2026-07-01 02:33:16,Facebook,Live,Desktop,Firefox,iOS,/offers
6d8e33e0-b1df-4841-8136-55253c666a33,2026_W27,S1740,U15235,2026-06-30 20:54:13,2026-06-30 21:28:13,Email,Staff,Desktop,Edge,Android,/home
6d8e33e0-b1df-4841-8136-55253c666a33,2026_W27,S1741,U26770,2026-07-02 03:25:15,2026-07-02 03:39:15,Facebook,Cultural,Mobile,Firefox,Windows,/home
6d8e33e0-b1df-4841-8136-55253c666a33,2026_W27,S1742,U24679,2026-07-03 11:39:33,2026-07-03 11:53:33,Google Ads,Authority,Desktop,Chrome,iOS,/home
6d8e33e0-b1df-4841-8136-55253c666a33,2026_W27,S1743,U29037,2026-07-04 04:37:41,2026-07-04 05:15:41,Google Ads,Maintain,Tablet,Edge,Windows,/home
6d8e33e0-b1df-4841-8136-55253c666a33,2026_W27,S1744,U34063,2026-07-04 21:53:01,2026-07-04 22:32:01,Direct,Adult,Tablet,Firefox,Android,/offers
6d8e33e0-b1df-4841-8136-55253c666a33,2026_W27,S1745,U20784,2026-07-03 12:36:35,2026-07-03 13:03:35,Organic,Summer,Mobile,Edge,Android,/products
6d8e33e0-b1df-4841-8136-55253c666a33,2026_W27,S1746,U25786,2026-07-01 01:42:32,2026-07-01 02:07:32,Facebook,Worry,Tablet,Chrome,MacOS,/home
6d8e33e0-b1df-4841-8136-55253c666a33,2026_W27,S1747,U34481,2026-07-02 12:52:06,2026-07-02 13:04:06,Instagram,Reveal,Tablet,Chrome,Android,/products
6d8e33e0-b1df-4841-8136-55253c666a33,2026_W27,S1748,U12912,2026-07-02 21:07:45,2026-07-02 21:26:45,Organic,System,Tablet,Firefox,iOS,/offers
6d8e33e0-b1df-4841-8136-55253c666a33,2026_W27,S1749,U5347,2026-07-01 12:05:07,2026-07-01 12:11:07,Google Ads,Look,Mobile,Edge,Android,/products
6d8e33e0-b1df-4841-8136-55253c666a33,2026_W27,S1750,U21300,2026-07-04 05:30:09,2026-07-04 06:08:09,Facebook,Gun,Tablet,Chrome,MacOS,/products
6d8e33e0-b1df-4841-8136-55253c666a33,2026_W27,S1751,U29713,2026-06-30 12:04:51,2026-06-30 12:23:51,Direct,Shoulder,Desktop,Firefox,Android,/home
6d8e33e0-b1df-4841-8136-55253c666a33,2026_W27,S1752,U33701,2026-06-30 22:08:55,2026-06-30 22:18:55,Direct,Green,Tablet,Firefox,Windows,/products
6d8e33e0-b1df-4841-8136-55253c666a33,2026_W27,S1753,U25509,2026-07-01 23:49:11,2026-07-01 23:55:11,Direct,Rule,Tablet,Chrome,Android,/products
6d8e33e0-b1df-4841-8136-55253c666a33,2026_W27,S1754,U9879,2026-07-04 20:35:57,2026-07-04 21:12:57,Email,Face,Mobile,Firefox,MacOS,/products
6d8e33e0-b1df-4841-8136-55253c666a33,2026_W27,S1755,U27468,2026-07-04 06:28:28,2026-07-04 06:56:28,Google Ads,Allow,Desktop,Safari,MacOS,/products
6d8e33e0-b1df-4841-8136-55253c666a33,2026_W27,S1756,U22070,2026-07-01 00:56:44,2026-07-01 01:14:44,Google Ads,Senior,Mobile,Chrome,MacOS,/home
6d8e33e0-b1df-4841-8136-55253c666a33,2026_W27,S1757,U34381,2026-07-04 00:22:40,2026-07-04 00:34:40,Email,Provide,Mobile,Safari,MacOS,/products
6d8e33e0-b1df-4841-8136-55253c666a33,2026_W27,S1758,U3877,2026-07-01 08:10:31,2026-07-01 08:39:31,Instagram,Chance,Tablet,Edge,Android,/offers
6d8e33e0-b1df-4841-8136-55253c666a33,2026_W27,S1759,U21843,2026-07-04 23:14:11,2026-07-04 23:35:11,Organic,Stop,Tablet,Edge,MacOS,/products
6d8e33e0-b1df-4841-8136-55253c666a33,2026_W27,S1760,U2446,2026-07-01 03:19:13,2026-07-01 03:50:13,Direct,Song,Mobile,Chrome,iOS,/offers
6d8e33e0-b1df-4841-8136-55253c666a33,2026_W27,S1761,U26504,2026-07-04 06:58:58,2026-07-04 07:04:58,Email,Third,Mobile,Firefox,Android,/home
6d8e33e0-b1df-4841-8136-55253c666a33,2026_W27,S1762,U8739,2026-06-29 21:49:26,2026-06-29 22:21:26,Facebook,Song,Desktop,Safari,MacOS,/offers
6d8e33e0-b1df-4841-8136-55253c666a33,2026_W27,S1763,U33369,2026-06-29 19:44:53,2026-06-29 20:24:53,Direct,Development,Mobile,Firefox,Windows,/offers
6d8e33e0-b1df-4841-8136-55253c666a33,2026_W27,S1764,U12165,2026-06-30 10:18:17,2026-06-30 10:35:17,Direct,His,Mobile,Safari,Windows,/home
6d8e33e0-b1df-4841-8136-55253c666a33,2026_W27,S1765,U26669,2026-07-01 21:41:01,2026-07-01 21:56:01,Email,Detail,Tablet,Edge,iOS,/offers
6d8e33e0-b1df-4841-8136-55253c666a33,2026_W27,S1766,U32285,2026-07-03 23:14:31,2026-07-03 23:54:31,Organic,Hold,Tablet,Safari,MacOS,/products
6d8e33e0-b1df-4841-8136-55253c666a33,2026_W27,S1767,U24328,2026-07-05 05:30:48,2026-07-05 05:32:48,Organic,Tonight,Tablet,Chrome,MacOS,/offers
6d8e33e0-b1df-4841-8136-55253c666a33,2026_W27,S1768,U22125,2026-07-04 16:08:49,2026-07-04 16:10:49,Email,Resource,Tablet,Chrome,MacOS,/home
6d8e33e0-b1df-4841-8136-55253c666a33,2026_W27,S1769,U8012,2026-07-02 04:00:05,2026-07-02 04:05:05,Direct,Clear,Tablet,Chrome,iOS,/products
6d8e33e0-b1df-4841-8136-55253c666a33,2026_W27,S1770,U5596,2026-07-01 11:41:01,2026-07-01 12:01:01,Instagram,Might,Tablet,Firefox,Android,/offers
6d8e33e0-b1df-4841-8136-55253c666a33,2026_W27,S1771,U1226,2026-07-02 19:55:39,2026-07-02 20:20:39,Direct,Myself,Desktop,Chrome,iOS,/home
6d8e33e0-b1df-4841-8136-55253c666a33,2026_W27,S1772,U31171,2026-07-05 04:03:30,2026-07-05 04:17:30,Instagram,Entire,Tablet,Firefox,iOS,/offers
6d8e33e0-b1df-4841-8136-55253c666a33,2026_W27,S1773,U29968,2026-06-29 21:11:57,2026-06-29 21:33:57,Email,Those,Desktop,Chrome,Windows,/offers
6d8e33e0-b1df-4841-8136-55253c666a33,2026_W27,S1774,U4728,2026-07-02 03:43:20,2026-07-02 04:13:20,Instagram,Series,Desktop,Chrome,Windows,/products
6d8e33e0-b1df-4841-8136-55253c666a33,2026_W27,S1775,U29607,2026-06-30 03:57:24,2026-06-30 04:31:24,Organic,Claim,Desktop,Chrome,iOS,/products
6d8e33e0-b1df-4841-8136-55253c666a33,2026_W27,S1776,U8593,2026-07-03 07:07:07,2026-07-03 07:43:07,Facebook,Score,Desktop,Chrome,iOS,/offers
6d8e33e0-b1df-4841-8136-55253c666a33,2026_W27,S1777,U28733,2026-07-03 07:51:13,2026-07-03 08:31:13,Organic,Herself,Desktop,Edge,Android,/home
6d8e33e0-b1df-4841-8136-55253c666a33,2026_W27,S1778,U21931,2026-07-04 05:07:05,2026-07-04 05:29:05,Email,Process,Tablet,Chrome,MacOS,/offers
6d8e33e0-b1df-4841-8136-55253c666a33,2026_W27,S1779,U11451,2026-07-04 06:16:40,2026-07-04 06:45:40,Direct,Myself,Mobile,Firefox,Windows,/offers
6d8e33e0-b1df-4841-8136-55253c666a33,2026_W27,S1780,U27545,2026-06-29 12:59:57,2026-06-29 13:20:57,Email,Now,Desktop,Firefox,MacOS,/products
6d8e33e0-b1df-4841-8136-55253c666a33,2026_W27,S1781,U17912,2026-07-03 12:39:28,2026-07-03 12:52:28,Email,Education,Desktop,Chrome,Android,/home
6d8e33e0-b1df-4841-8136-55253c666a33,2026_W27,S1782,U27493,2026-07-04 17:05:30,2026-07-04 17:15:30,Google Ads,Wait,Desktop,Chrome,Windows,/products
6d8e33e0-b1df-4841-8136-55253c666a33,2026_W27,S1783,U15660,2026-07-04 01:32:39,2026-07-04 01:53:39,Instagram,Amount,Mobile,Edge,iOS,/offers
6d8e33e0-b1df-4841-8136-55253c666a33,2026_W27,S1784,U14714,2026-06-30 19:18:06,2026-06-30 19:38:06,Email,Human,Desktop,Safari,Windows,/home
6d8e33e0-b1df-4841-8136-55253c666a33,2026_W27,S1785,U2908,2026-07-04 15:58:08,2026-07-04 16:01:08,Facebook,People,Mobile,Safari,Android,/offers
6d8e33e0-b1df-4841-8136-55253c666a33,2026_W27,S1786,U11756,2026-07-01 13:26:57,2026-07-01 13:55:57,Instagram,But,Tablet,Safari,Windows,/offers
6d8e33e0-b1df-4841-8136-55253c666a33,2026_W27,S1787,U16467,2026-07-03 18:21:25,2026-07-03 18:47:25,Direct,Place,Desktop,Firefox,iOS,/offers
6d8e33e0-b1df-4841-8136-55253c666a33,2026_W27,S1788,U12638,2026-07-03 13:03:22,2026-07-03 13:31:22,Instagram,Interest,Mobile,Chrome,MacOS,/products
6d8e33e0-b1df-4841-8136-55253c666a33,2026_W27,S1789,U9255,2026-06-30 07:38:21,2026-06-30 08:14:21,Google Ads,Begin,Desktop,Edge,Android,/products
6d8e33e0-b1df-4841-8136-55253c666a33,2026_W27,S1790,U7276,2026-07-01 20:39:01,2026-07-01 21:11:01,Direct,Their,Mobile,Edge,Android,/offers
6d8e33e0-b1df-4841-8136-55253c666a33,2026_W27,S1791,U20343,2026-06-30 15:11:43,2026-06-30 15:31:43,Google Ads,Drug,Tablet,Safari,MacOS,/products
6d8e33e0-b1df-4841-8136-55253c666a33,2026_W27,S1792,U23524,2026-06-29 20:31:47,2026-06-29 21:06:47,Google Ads,Only,Mobile,Safari,MacOS,/products
6d8e33e0-b1df-4841-8136-55253c666a33,2026_W27,S1793,U6460,2026-07-04 07:55:38,2026-07-04 08:10:38,Email,Carry,Mobile,Firefox,Android,/offers
6d8e33e0-b1df-4841-8136-55253c666a33,2026_W27,S1794,U1175,2026-07-02 23:55:31,2026-07-03 00:16:31,Email,Win,Tablet,Safari,Android,/home
6d8e33e0-b1df-4841-8136-55253c666a33,2026_W27,S1795,U14842,2026-06-29 14:54:05,2026-06-29 15:24:05,Instagram,Size,Tablet,Firefox,Android,/products
6d8e33e0-b1df-4841-8136-55253c666a33,2026_W27,S1796,U3008,2026-07-03 06:54:48,2026-07-03 07:02:48,Direct,Example,Mobile,Safari,Windows,/products
6d8e33e0-b1df-4841-8136-55253c666a33,2026_W27,S1797,U28209,2026-06-30 12:15:58,2026-06-30 12:41:58,Direct,Dark,Tablet,Firefox,Android,/products
6d8e33e0-b1df-4841-8136-55253c666a33,2026_W27,S1798,U15309,2026-07-01 19:41:06,2026-07-01 20:01:06,Direct,Amount,Mobile,Chrome,Android,/offers
6d8e33e0-b1df-4841-8136-55253c666a33,2026_W27,S1799,U17840,2026-07-01 02:31:20,2026-07-01 02:32:20,Google Ads,Idea,Desktop,Safari,MacOS,/home
6d8e33e0-b1df-4841-8136-55253c666a33,2026_W27,S1800,U19832,2026-07-03 04:52:04,2026-07-03 05:11:04,Organic,Design,Tablet,Firefox,MacOS,/offers
6d8e33e0-b1df-4841-8136-55253c666a33,2026_W27,S1801,U28637,2026-07-02 06:33:23,2026-07-02 06:36:23,Instagram,Billion,Tablet,Chrome,MacOS,/products
6d8e33e0-b1df-4841-8136-55253c666a33,2026_W27,S1802,U3129,2026-06-29 09:44:20,2026-06-29 10:24:20,Google Ads,People,Desktop,Edge,MacOS,/products
6d8e33e0-b1df-4841-8136-55253c666a33,2026_W27,S1803,U33259,2026-07-01 19:21:09,2026-07-01 19:24:09,Direct,Evidence,Desktop,Edge,MacOS,/offers
6d8e33e0-b1df-4841-8136-55253c666a33,2026_W27,S1804,U4083,2026-07-01 21:41:26,2026-07-01 22:02:26,Instagram,Available,Desktop,Firefox,iOS,/offers
6d8e33e0-b1df-4841-8136-55253c666a33,2026_W27,S1805,U33998,2026-06-29 12:12:24,2026-06-29 12:50:24,Email,Yard,Tablet,Chrome,iOS,/offers
6d8e33e0-b1df-4841-8136-55253c666a33,2026_W27,S1806,U20602,2026-07-02 10:52:15,2026-07-02 11:00:15,Google Ads,The,Desktop,Firefox,iOS,/offers
6d8e33e0-b1df-4841-8136-55253c666a33,2026_W27,S1807,U15908,2026-07-03 07:51:19,2026-07-03 08:16:19,Google Ads,Modern,Mobile,Firefox,Windows,/home
6d8e33e0-b1df-4841-8136-55253c666a33,2026_W27,S1808,U30299,2026-07-03 03:24:39,2026-07-03 03:55:39,Email,So,Mobile,Edge,Android,/offers
6d8e33e0-b1df-4841-8136-55253c666a33,2026_W27,S1809,U9913,2026-06-30 19:54:26,2026-06-30 20:12:26,Instagram,Suffer,Desktop,Firefox,MacOS,/offers
6d8e33e0-b1df-4841-8136-55253c666a33,2026_W27,S1810,U25094,2026-07-02 04:13:39,2026-07-02 04:27:39,Organic,Collection,Mobile,Firefox,Android,/home
6d8e33e0-b1df-4841-8136-55253c666a33,2026_W27,S1811,U7725,2026-07-01 04:52:58,2026-07-01 05:02:58,Direct,Identify,Tablet,Edge,iOS,/home
6d8e33e0-b1df-4841-8136-55253c666a33,2026_W27,S1812,U7714,2026-07-05 08:12:24,2026-07-05 08:48:24,Facebook,Likely,Desktop,Chrome,Android,/home
6d8e33e0-b1df-4841-8136-55253c666a33,2026_W27,S1813,U12863,2026-06-30 02:18:17,2026-06-30 02:33:17,Direct,Mr,Tablet,Firefox,Windows,/home
6d8e33e0-b1df-4841-8136-55253c666a33,2026_W27,S1814,U34383,2026-07-04 15:48:40,2026-07-04 16:00:40,Google Ads,Detail,Tablet,Edge,MacOS,/offers
6d8e33e0-b1df-4841-8136-55253c666a33,2026_W27,S1815,U33934,2026-07-03 13:33:05,2026-07-03 13:52:05,Organic,Civil,Tablet,Safari,MacOS,/products
6d8e33e0-b1df-4841-8136-55253c666a33,2026_W27,S1816,U8580,2026-07-03 23:42:21,2026-07-04 00:13:21,Direct,Enough,Mobile,Edge,MacOS,/offers
6d8e33e0-b1df-4841-8136-55253c666a33,2026_W27,S1817,U2444,2026-07-01 08:11:35,2026-07-01 08:46:35,Google Ads,Purpose,Mobile,Chrome,Android,/offers
6d8e33e0-b1df-4841-8136-55253c666a33,2026_W27,S1818,U29716,2026-07-04 11:33:24,2026-07-04 11:39:24,Google Ads,Fast,Mobile,Firefox,MacOS,/offers
6d8e33e0-b1df-4841-8136-55253c666a33,2026_W27,S1819,U6824,2026-07-01 08:49:34,2026-07-01 09:28:34,Direct,Might,Desktop,Chrome,MacOS,/products
6d8e33e0-b1df-4841-8136-55253c666a33,2026_W27,S1820,U10761,2026-07-02 10:40:39,2026-07-02 10:55:39,Instagram,He,Mobile,Chrome,MacOS,/home
6d8e33e0-b1df-4841-8136-55253c666a33,2026_W27,S1821,U6736,2026-07-03 19:09:44,2026-07-03 19:13:44,Direct,Might,Tablet,Firefox,MacOS,/home
6d8e33e0-b1df-4841-8136-55253c666a33,2026_W27,S1822,U34736,2026-07-05 05:27:32,2026-07-05 05:57:32,Direct,His,Mobile,Firefox,Windows,/offers
6d8e33e0-b1df-4841-8136-55253c666a33,2026_W27,S1823,U18024,2026-07-01 02:25:03,2026-07-01 02:36:03,Email,Year,Desktop,Edge,Android,/offers
6d8e33e0-b1df-4841-8136-55253c666a33,2026_W27,S1824,U10943,2026-07-04 23:43:45,2026-07-05 00:11:45,Google Ads,Artist,Desktop,Edge,MacOS,/offers
6d8e33e0-b1df-4841-8136-55253c666a33,2026_W27,S1825,U32939,2026-07-02 17:42:34,2026-07-02 18:10:34,Organic,Hot,Tablet,Edge,Android,/offers
6d8e33e0-b1df-4841-8136-55253c666a33,2026_W27,S1826,U19644,2026-07-01 13:16:25,2026-07-01 13:44:25,Email,Company,Mobile,Firefox,Windows,/home
6d8e33e0-b1df-4841-8136-55253c666a33,2026_W27,S1827,U14579,2026-07-03 22:36:17,2026-07-03 22:58:17,Facebook,Clearly,Mobile,Chrome,MacOS,/offers
6d8e33e0-b1df-4841-8136-55253c666a33,2026_W27,S1828,U20934,2026-06-30 05:59:20,2026-06-30 06:37:20,Organic,Fill,Tablet,Firefox,Windows,/offers
6d8e33e0-b1df-4841-8136-55253c666a33,2026_W27,S1829,U5634,2026-07-03 00:01:56,2026-07-03 00:05:56,Email,Over,Mobile,Edge,Windows,/home
6d8e33e0-b1df-4841-8136-55253c666a33,2026_W27,S1830,U14166,2026-07-05 06:27:49,2026-07-05 06:35:49,Google Ads,Stuff,Tablet,Firefox,Windows,/offers
6d8e33e0-b1df-4841-8136-55253c666a33,2026_W27,S1831,U12143,2026-06-30 00:28:42,2026-06-30 00:34:42,Email,Or,Desktop,Firefox,MacOS,/products
6d8e33e0-b1df-4841-8136-55253c666a33,2026_W27,S1832,U34296,2026-06-30 19:52:21,2026-06-30 20:12:21,Facebook,Garden,Mobile,Safari,iOS,/products
6d8e33e0-b1df-4841-8136-55253c666a33,2026_W27,S1833,U217,2026-07-03 04:40:53,2026-07-03 04:58:53,Google Ads,Soldier,Mobile,Safari,Windows,/offers
6d8e33e0-b1df-4841-8136-55253c666a33,2026_W27,S1834,U20342,2026-07-03 01:08:12,2026-07-03 01:29:12,Organic,Respond,Mobile,Firefox,Windows,/home
6d8e33e0-b1df-4841-8136-55253c666a33,2026_W27,S1835,U26294,2026-07-04 14:20:25,2026-07-04 14:36:25,Instagram,Public,Tablet,Safari,iOS,/home
6d8e33e0-b1df-4841-8136-55253c666a33,2026_W27,S1836,U24745,2026-07-04 18:30:34,2026-07-04 18:47:34,Organic,Beautiful,Desktop,Edge,Android,/products
6d8e33e0-b1df-4841-8136-55253c666a33,2026_W27,S1837,U12271,2026-07-01 16:01:37,2026-07-01 16:22:37,Email,Bag,Mobile,Firefox,Android,/offers
6d8e33e0-b1df-4841-8136-55253c666a33,2026_W27,S1838,U1793,2026-07-04 13:05:26,2026-07-04 13:38:26,Direct,Result,Desktop,Safari,MacOS,/home
6d8e33e0-b1df-4841-8136-55253c666a33,2026_W27,S1839,U3834,2026-07-05 07:28:54,2026-07-05 07:58:54,Direct,Fear,Tablet,Edge,Windows,/products
6d8e33e0-b1df-4841-8136-55253c666a33,2026_W27,S1840,U31405,2026-07-04 20:54:05,2026-07-04 21:33:05,Organic,Somebody,Mobile,Chrome,iOS,/products
6d8e33e0-b1df-4841-8136-55253c666a33,2026_W27,S1841,U18139,2026-07-02 19:48:25,2026-07-02 19:52:25,Email,Book,Desktop,Chrome,Windows,/offers
6d8e33e0-b1df-4841-8136-55253c666a33,2026_W27,S1842,U4932,2026-07-02 22:35:57,2026-07-02 23:12:57,Direct,Structure,Mobile,Safari,Windows,/offers
6d8e33e0-b1df-4841-8136-55253c666a33,2026_W27,S1843,U12880,2026-07-01 08:50:41,2026-07-01 09:08:41,Direct,Hot,Tablet,Firefox,Windows,/home
6d8e33e0-b1df-4841-8136-55253c666a33,2026_W27,S1844,U80,2026-07-02 23:20:51,2026-07-02 23:41:51,Instagram,Physical,Mobile,Edge,MacOS,/offers
6d8e33e0-b1df-4841-8136-55253c666a33,2026_W27,S1845,U22662,2026-07-04 02:09:03,2026-07-04 02:45:03,Google Ads,Including,Desktop,Edge,Android,/home
6d8e33e0-b1df-4841-8136-55253c666a33,2026_W27,S1846,U9955,2026-07-03 10:40:22,2026-07-03 11:02:22,Facebook,During,Mobile,Safari,Android,/home
6d8e33e0-b1df-4841-8136-55253c666a33,2026_W27,S1847,U32095,2026-06-29 16:37:04,2026-06-29 16:55:04,Direct,Information,Tablet,Safari,MacOS,/products
6d8e33e0-b1df-4841-8136-55253c666a33,2026_W27,S1848,U17452,2026-07-01 17:13:14,2026-07-01 17:36:14,Facebook,Energy,Mobile,Safari,iOS,/products
6d8e33e0-b1df-4841-8136-55253c666a33,2026_W27,S1849,U9530,2026-07-02 15:46:29,2026-07-02 16:01:29,Facebook,Speak,Tablet,Chrome,Android,/products
6d8e33e0-b1df-4841-8136-55253c666a33,2026_W27,S1850,U31434,2026-06-29 23:50:39,2026-06-29 23:56:39,Organic,Field,Tablet,Chrome,MacOS,/offers
6d8e33e0-b1df-4841-8136-55253c666a33,2026_W27,S1851,U34675,2026-07-02 20:21:02,2026-07-02 20:52:02,Instagram,Choice,Desktop,Chrome,MacOS,/home
6d8e33e0-b1df-4841-8136-55253c666a33,2026_W27,S1852,U28933,2026-07-04 04:02:31,2026-07-04 04:37:31,Instagram,Effort,Mobile,Chrome,iOS,/home
6d8e33e0-b1df-4841-8136-55253c666a33,2026_W27,S1853,U11251,2026-07-02 03:42:14,2026-07-02 04:15:14,Direct,Represent,Desktop,Firefox,Windows,/products
6d8e33e0-b1df-4841-8136-55253c666a33,2026_W27,S1854,U8341,2026-07-01 11:55:29,2026-07-01 12:12:29,Direct,Answer,Desktop,Firefox,iOS,/offers
6d8e33e0-b1df-4841-8136-55253c666a33,2026_W27,S1855,U6558,2026-06-30 19:31:29,2026-06-30 20:01:29,Direct,Technology,Mobile,Edge,iOS,/offers
6d8e33e0-b1df-4841-8136-55253c666a33,2026_W27,S1856,U33314,2026-06-30 08:05:26,2026-06-30 08:20:26,Google Ads,Movie,Tablet,Edge,Android,/offers
6d8e33e0-b1df-4841-8136-55253c666a33,2026_W27,S1857,U34340,2026-06-30 06:41:30,2026-06-30 07:07:30,Organic,Parent,Mobile,Safari,Android,/home
6d8e33e0-b1df-4841-8136-55253c666a33,2026_W27,S1858,U24451,2026-07-04 11:10:06,2026-07-04 11:21:06,Email,Wide,Tablet,Safari,iOS,/home
6d8e33e0-b1df-4841-8136-55253c666a33,2026_W27,S1859,U28890,2026-07-04 14:26:12,2026-07-04 14:42:12,Google Ads,Those,Tablet,Edge,Android,/products
6d8e33e0-b1df-4841-8136-55253c666a33,2026_W27,S1860,U13706,2026-07-04 17:10:57,2026-07-04 17:36:57,Google Ads,Property,Mobile,Firefox,MacOS,/home
6d8e33e0-b1df-4841-8136-55253c666a33,2026_W27,S1861,U13975,2026-07-01 06:52:35,2026-07-01 06:55:35,Direct,Foreign,Tablet,Safari,MacOS,/home
6d8e33e0-b1df-4841-8136-55253c666a33,2026_W27,S1862,U6913,2026-07-02 14:19:32,2026-07-02 14:33:32,Organic,Country,Desktop,Edge,MacOS,/home
6d8e33e0-b1df-4841-8136-55253c666a33,2026_W27,S1863,U28934,2026-07-01 16:10:08,2026-07-01 16:29:08,Email,A,Mobile,Chrome,Android,/home
6d8e33e0-b1df-4841-8136-55253c666a33,2026_W27,S1864,U26770,2026-07-02 22:04:27,2026-07-02 22:39:27,Instagram,Support,Mobile,Edge,iOS,/products
6d8e33e0-b1df-4841-8136-55253c666a33,2026_W27,S1865,U24059,2026-07-02 11:06:14,2026-07-02 11:38:14,Direct,Book,Desktop,Chrome,MacOS,/offers
6d8e33e0-b1df-4841-8136-55253c666a33,2026_W27,S1866,U20809,2026-07-04 21:57:55,2026-07-04 22:37:55,Facebook,Military,Tablet,Edge,Windows,/offers
6d8e33e0-b1df-4841-8136-55253c666a33,2026_W27,S1867,U1901,2026-07-02 17:47:37,2026-07-02 17:55:37,Google Ads,Weight,Tablet,Safari,Android,/home
6d8e33e0-b1df-4841-8136-55253c666a33,2026_W27,S1868,U31390,2026-07-04 06:24:09,2026-07-04 06:54:09,Instagram,Positive,Tablet,Chrome,MacOS,/home
6d8e33e0-b1df-4841-8136-55253c666a33,2026_W27,S1869,U152,2026-06-30 12:42:47,2026-06-30 13:04:47,Instagram,Another,Tablet,Firefox,iOS,/offers
6d8e33e0-b1df-4841-8136-55253c666a33,2026_W27,S1870,U6261,2026-06-30 22:30:54,2026-06-30 22:45:54,Organic,During,Mobile,Firefox,iOS,/products
6d8e33e0-b1df-4841-8136-55253c666a33,2026_W27,S1871,U1954,2026-06-30 03:21:43,2026-06-30 04:00:43,Instagram,His,Mobile,Chrome,Android,/offers
6d8e33e0-b1df-4841-8136-55253c666a33,2026_W27,S1872,U10425,2026-07-03 04:10:20,2026-07-03 04:33:20,Email,Although,Tablet,Chrome,Android,/home
6d8e33e0-b1df-4841-8136-55253c666a33,2026_W27,S1873,U20947,2026-06-30 02:46:06,2026-06-30 02:49:06,Instagram,Skin,Desktop,Chrome,Windows,/products
6d8e33e0-b1df-4841-8136-55253c666a33,2026_W27,S1874,U8401,2026-07-03 14:37:26,2026-07-03 15:08:26,Facebook,Heavy,Desktop,Chrome,iOS,/offers
6d8e33e0-b1df-4841-8136-55253c666a33,2026_W27,S1875,U23796,2026-07-03 10:20:00,2026-07-03 10:54:00,Facebook,Born,Mobile,Firefox,Android,/products
6d8e33e0-b1df-4841-8136-55253c666a33,2026_W27,S1876,U30798,2026-07-03 20:33:23,2026-07-03 21:11:23,Direct,About,Desktop,Safari,Android,/offers
6d8e33e0-b1df-4841-8136-55253c666a33,2026_W27,S1877,U12724,2026-07-04 03:06:31,2026-07-04 03:08:31,Facebook,Little,Mobile,Chrome,Android,/products
6d8e33e0-b1df-4841-8136-55253c666a33,2026_W27,S1878,U21889,2026-07-05 07:00:52,2026-07-05 07:37:52,Facebook,War,Mobile,Firefox,MacOS,/offers
6d8e33e0-b1df-4841-8136-55253c666a33,2026_W27,S1879,U32926,2026-07-04 23:49:36,2026-07-05 00:27:36,Google Ads,Wear,Desktop,Chrome,iOS,/offers
6d8e33e0-b1df-4841-8136-55253c666a33,2026_W27,S1880,U5803,2026-07-01 12:48:42,2026-07-01 13:11:42,Direct,Allow,Mobile,Chrome,Android,/offers
6d8e33e0-b1df-4841-8136-55253c666a33,2026_W27,S1881,U32919,2026-07-02 08:12:22,2026-07-02 08:44:22,Email,Mention,Mobile,Edge,iOS,/offers
6d8e33e0-b1df-4841-8136-55253c666a33,2026_W27,S1882,U29338,2026-07-02 13:54:47,2026-07-02 14:28:47,Facebook,Relate,Mobile,Chrome,iOS,/offers
6d8e33e0-b1df-4841-8136-55253c666a33,2026_W27,S1883,U25138,2026-07-02 12:26:04,2026-07-02 13:06:04,Facebook,There,Tablet,Chrome,Android,/products
6d8e33e0-b1df-4841-8136-55253c666a33,2026_W27,S1884,U13681,2026-07-05 04:45:08,2026-07-05 05:17:08,Direct,Let,Tablet,Chrome,Windows,/home
6d8e33e0-b1df-4841-8136-55253c666a33,2026_W27,S1885,U14123,2026-07-05 04:47:34,2026-07-05 05:03:34,Instagram,Bill,Tablet,Firefox,MacOS,/products
6d8e33e0-b1df-4841-8136-55253c666a33,2026_W27,S1886,U1895,2026-07-04 01:48:32,2026-07-04 02:24:32,Facebook,Let,Desktop,Edge,Windows,/offers
6d8e33e0-b1df-4841-8136-55253c666a33,2026_W27,S1887,U31732,2026-06-30 07:30:47,2026-06-30 08:02:47,Instagram,Modern,Mobile,Firefox,MacOS,/offers
6d8e33e0-b1df-4841-8136-55253c666a33,2026_W27,S1888,U9143,2026-07-03 12:54:30,2026-07-03 12:59:30,Organic,North,Desktop,Chrome,Windows,/offers
6d8e33e0-b1df-4841-8136-55253c666a33,2026_W27,S1889,U17810,2026-07-01 00:38:56,2026-07-01 01:12:56,Organic,Bed,Desktop,Chrome,MacOS,/home
6d8e33e0-b1df-4841-8136-55253c666a33,2026_W27,S1890,U32402,2026-07-01 19:45:42,2026-07-01 20:09:42,Organic,Risk,Mobile,Edge,MacOS,/home
6d8e33e0-b1df-4841-8136-55253c666a33,2026_W27,S1891,U33508,2026-07-05 04:48:42,2026-07-05 05:23:42,Organic,Majority,Desktop,Firefox,Windows,/products
6d8e33e0-b1df-4841-8136-55253c666a33,2026_W27,S1892,U26077,2026-07-02 05:46:32,2026-07-02 06:24:32,Instagram,Unit,Tablet,Firefox,Android,/home
6d8e33e0-b1df-4841-8136-55253c666a33,2026_W27,S1893,U16046,2026-07-02 20:09:19,2026-07-02 20:17:19,Google Ads,Senior,Tablet,Safari,iOS,/products
6d8e33e0-b1df-4841-8136-55253c666a33,2026_W27,S1894,U21759,2026-07-04 06:16:46,2026-07-04 06:24:46,Email,Wear,Mobile,Chrome,iOS,/offers
6d8e33e0-b1df-4841-8136-55253c666a33,2026_W27,S1895,U19161,2026-07-04 09:42:37,2026-07-04 09:53:37,Direct,Whose,Desktop,Firefox,iOS,/home
6d8e33e0-b1df-4841-8136-55253c666a33,2026_W27,S1896,U14153,2026-07-03 07:43:02,2026-07-03 07:45:02,Email,Beat,Mobile,Chrome,MacOS,/products
6d8e33e0-b1df-4841-8136-55253c666a33,2026_W27,S1897,U1819,2026-06-30 09:58:42,2026-06-30 10:31:42,Google Ads,Plant,Tablet,Chrome,Android,/offers
6d8e33e0-b1df-4841-8136-55253c666a33,2026_W27,S1898,U12593,2026-06-29 16:19:34,2026-06-29 16:32:34,Direct,Strong,Mobile,Edge,MacOS,/offers
6d8e33e0-b1df-4841-8136-55253c666a33,2026_W27,S1899,U8774,2026-07-01 15:16:57,2026-07-01 15:49:57,Facebook,Me,Mobile,Firefox,iOS,/home
6d8e33e0-b1df-4841-8136-55253c666a33,2026_W27,S1900,U6088,2026-06-29 18:02:21,2026-06-29 18:37:21,Google Ads,Her,Mobile,Safari,Android,/home
6d8e33e0-b1df-4841-8136-55253c666a33,2026_W27,S1901,U2468,2026-07-01 22:53:04,2026-07-01 23:12:04,Direct,Mean,Desktop,Chrome,Windows,/home
6d8e33e0-b1df-4841-8136-55253c666a33,2026_W27,S1902,U16448,2026-06-29 20:20:22,2026-06-29 20:26:22,Email,Cut,Tablet,Safari,iOS,/offers
6d8e33e0-b1df-4841-8136-55253c666a33,2026_W27,S1903,U10320,2026-07-01 14:09:27,2026-07-01 14:24:27,Email,Throw,Tablet,Safari,Android,/offers
6d8e33e0-b1df-4841-8136-55253c666a33,2026_W27,S1904,U5593,2026-07-01 14:01:10,2026-07-01 14:38:10,Organic,I,Mobile,Firefox,Android,/offers
6d8e33e0-b1df-4841-8136-55253c666a33,2026_W27,S1905,U1304,2026-07-05 03:25:34,2026-07-05 03:30:34,Organic,Each,Mobile,Chrome,iOS,/products
6d8e33e0-b1df-4841-8136-55253c666a33,2026_W27,S1906,U27061,2026-07-03 00:04:17,2026-07-03 00:41:17,Organic,Six,Mobile,Edge,MacOS,/products
6d8e33e0-b1df-4841-8136-55253c666a33,2026_W27,S1907,U15916,2026-06-29 14:20:03,2026-06-29 14:29:03,Organic,Others,Mobile,Edge,Android,/home
6d8e33e0-b1df-4841-8136-55253c666a33,2026_W27,S1908,U15559,2026-06-30 04:58:01,2026-06-30 05:11:01,Direct,Wish,Desktop,Chrome,MacOS,/products
6d8e33e0-b1df-4841-8136-55253c666a33,2026_W27,S1909,U12062,2026-07-05 01:35:02,2026-07-05 02:14:02,Instagram,Enjoy,Tablet,Safari,Android,/offers
6d8e33e0-b1df-4841-8136-55253c666a33,2026_W27,S1910,U30151,2026-06-29 10:10:31,2026-06-29 10:23:31,Organic,Friend,Desktop,Firefox,Android,/home
6d8e33e0-b1df-4841-8136-55253c666a33,2026_W27,S1911,U500,2026-06-29 13:24:08,2026-06-29 14:01:08,Facebook,Occur,Mobile,Firefox,Android,/products
6d8e33e0-b1df-4841-8136-55253c666a33,2026_W27,S1912,U17004,2026-07-02 22:06:13,2026-07-02 22:28:13,Facebook,Future,Tablet,Edge,iOS,/products
6d8e33e0-b1df-4841-8136-55253c666a33,2026_W27,S1913,U31060,2026-06-30 00:26:46,2026-06-30 00:51:46,Instagram,On,Tablet,Safari,Windows,/offers
6d8e33e0-b1df-4841-8136-55253c666a33,2026_W27,S1914,U17007,2026-07-04 09:08:54,2026-07-04 09:29:54,Facebook,Build,Desktop,Firefox,iOS,/products
6d8e33e0-b1df-4841-8136-55253c666a33,2026_W27,S1915,U9634,2026-07-05 08:24:44,2026-07-05 08:50:44,Instagram,Resource,Tablet,Safari,Windows,/products
6d8e33e0-b1df-4841-8136-55253c666a33,2026_W27,S1916,U6599,2026-07-04 14:47:13,2026-07-04 14:53:13,Instagram,Well,Tablet,Chrome,Windows,/offers
6d8e33e0-b1df-4841-8136-55253c666a33,2026_W27,S1917,U12164,2026-07-04 19:19:34,2026-07-04 19:38:34,Facebook,Data,Desktop,Chrome,iOS,/offers
6d8e33e0-b1df-4841-8136-55253c666a33,2026_W27,S1918,U30282,2026-06-29 21:39:36,2026-06-29 21:43:36,Organic,Away,Tablet,Edge,MacOS,/home
6d8e33e0-b1df-4841-8136-55253c666a33,2026_W27,S1919,U3966,2026-06-30 18:14:51,2026-06-30 18:26:51,Organic,Nothing,Tablet,Chrome,Android,/products
6d8e33e0-b1df-4841-8136-55253c666a33,2026_W27,S1920,U25745,2026-06-30 14:16:36,2026-06-30 14:28:36,Email,Scene,Tablet,Firefox,Windows,/home
6d8e33e0-b1df-4841-8136-55253c666a33,2026_W27,S1921,U31369,2026-07-01 22:34:44,2026-07-01 23:14:44,Google Ads,Nothing,Tablet,Edge,Android,/products
6d8e33e0-b1df-4841-8136-55253c666a33,2026_W27,S1922,U28033,2026-07-01 12:02:21,2026-07-01 12:42:21,Facebook,Republican,Desktop,Edge,MacOS,/products
6d8e33e0-b1df-4841-8136-55253c666a33,2026_W27,S1923,U9318,2026-07-02 01:11:27,2026-07-02 01:41:27,Google Ads,Politics,Desktop,Safari,iOS,/products
6d8e33e0-b1df-4841-8136-55253c666a33,2026_W27,S1924,U34250,2026-07-03 19:30:23,2026-07-03 19:44:23,Instagram,Seat,Desktop,Firefox,MacOS,/home
6d8e33e0-b1df-4841-8136-55253c666a33,2026_W27,S1925,U25780,2026-07-05 06:14:41,2026-07-05 06:38:41,Facebook,Yard,Desktop,Firefox,iOS,/products
6d8e33e0-b1df-4841-8136-55253c666a33,2026_W27,S1926,U29014,2026-07-02 04:38:10,2026-07-02 04:41:10,Instagram,Service,Tablet,Safari,iOS,/products
6d8e33e0-b1df-4841-8136-55253c666a33,2026_W27,S1927,U18290,2026-06-30 18:04:58,2026-06-30 18:28:58,Facebook,Result,Desktop,Edge,Windows,/home
6d8e33e0-b1df-4841-8136-55253c666a33,2026_W27,S1928,U14938,2026-07-05 01:10:27,2026-07-05 01:11:27,Email,Total,Tablet,Firefox,iOS,/offers
6d8e33e0-b1df-4841-8136-55253c666a33,2026_W27,S1929,U16873,2026-07-04 23:59:18,2026-07-05 00:08:18,Instagram,Sense,Mobile,Safari,Windows,/products
6d8e33e0-b1df-4841-8136-55253c666a33,2026_W27,S1930,U8611,2026-07-04 13:16:10,2026-07-04 13:49:10,Email,Song,Tablet,Firefox,MacOS,/home
6d8e33e0-b1df-4841-8136-55253c666a33,2026_W27,S1931,U18652,2026-07-01 12:42:33,2026-07-01 12:58:33,Email,Father,Tablet,Firefox,Android,/home
6d8e33e0-b1df-4841-8136-55253c666a33,2026_W27,S1932,U16306,2026-07-01 14:02:52,2026-07-01 14:42:52,Direct,Relate,Desktop,Firefox,MacOS,/offers
6d8e33e0-b1df-4841-8136-55253c666a33,2026_W27,S1933,U20523,2026-07-04 06:01:21,2026-07-04 06:06:21,Instagram,Series,Desktop,Chrome,MacOS,/products
6d8e33e0-b1df-4841-8136-55253c666a33,2026_W27,S1934,U4309,2026-06-30 19:48:36,2026-06-30 20:25:36,Google Ads,City,Mobile,Firefox,Windows,/home
6d8e33e0-b1df-4841-8136-55253c666a33,2026_W27,S1935,U17191,2026-07-04 04:03:51,2026-07-04 04:11:51,Facebook,Picture,Tablet,Edge,Windows,/offers
6d8e33e0-b1df-4841-8136-55253c666a33,2026_W27,S1936,U10881,2026-07-03 19:11:54,2026-07-03 19:32:54,Google Ads,Several,Tablet,Edge,iOS,/products
6d8e33e0-b1df-4841-8136-55253c666a33,2026_W27,S1937,U34178,2026-06-30 15:40:25,2026-06-30 16:02:25,Google Ads,Billion,Tablet,Chrome,iOS,/home
6d8e33e0-b1df-4841-8136-55253c666a33,2026_W27,S1938,U31911,2026-07-03 03:49:09,2026-07-03 04:15:09,Instagram,Training,Mobile,Edge,Android,/offers
6d8e33e0-b1df-4841-8136-55253c666a33,2026_W27,S1939,U15018,2026-07-03 08:17:47,2026-07-03 08:28:47,Google Ads,Where,Mobile,Firefox,iOS,/products
6d8e33e0-b1df-4841-8136-55253c666a33,2026_W27,S1940,U14905,2026-07-05 00:17:44,2026-07-05 00:48:44,Direct,Defense,Mobile,Chrome,Windows,/offers
6d8e33e0-b1df-4841-8136-55253c666a33,2026_W27,S1941,U12278,2026-07-04 16:58:32,2026-07-04 17:37:32,Direct,That,Desktop,Chrome,Windows,/products
6d8e33e0-b1df-4841-8136-55253c666a33,2026_W27,S1942,U9360,2026-06-29 15:02:02,2026-06-29 15:21:02,Email,Sing,Mobile,Safari,Windows,/products
6d8e33e0-b1df-4841-8136-55253c666a33,2026_W27,S1943,U14653,2026-07-03 17:26:19,2026-07-03 18:02:19,Google Ads,Tonight,Tablet,Chrome,Android,/products
6d8e33e0-b1df-4841-8136-55253c666a33,2026_W27,S1944,U33313,2026-07-04 19:20:26,2026-07-04 19:31:26,Direct,Arm,Tablet,Edge,iOS,/products
6d8e33e0-b1df-4841-8136-55253c666a33,2026_W27,S1945,U26751,2026-07-03 11:49:08,2026-07-03 12:19:08,Direct,Table,Tablet,Firefox,Android,/offers
6d8e33e0-b1df-4841-8136-55253c666a33,2026_W27,S1946,U13886,2026-07-04 18:38:02,2026-07-04 18:51:02,Direct,Much,Mobile,Firefox,Windows,/offers
6d8e33e0-b1df-4841-8136-55253c666a33,2026_W27,S1947,U25091,2026-07-02 00:55:52,2026-07-02 01:28:52,Google Ads,Candidate,Desktop,Safari,Windows,/products
6d8e33e0-b1df-4841-8136-55253c666a33,2026_W27,S1948,U5116,2026-06-30 16:02:28,2026-06-30 16:24:28,Direct,Almost,Desktop,Firefox,iOS,/products
6d8e33e0-b1df-4841-8136-55253c666a33,2026_W27,S1949,U21038,2026-07-02 14:53:49,2026-07-02 15:13:49,Instagram,Kind,Desktop,Firefox,iOS,/offers
6d8e33e0-b1df-4841-8136-55253c666a33,2026_W27,S1950,U30928,2026-06-29 18:50:10,2026-06-29 19:04:10,Email,These,Mobile,Chrome,MacOS,/products
6d8e33e0-b1df-4841-8136-55253c666a33,2026_W27,S1951,U10401,2026-07-03 16:49:37,2026-07-03 17:16:37,Instagram,Summer,Mobile,Chrome,iOS,/products
6d8e33e0-b1df-4841-8136-55253c666a33,2026_W27,S1952,U19307,2026-06-29 12:32:46,2026-06-29 12:43:46,Organic,Conference,Mobile,Edge,MacOS,/products
6d8e33e0-b1df-4841-8136-55253c666a33,2026_W27,S1953,U15196,2026-07-04 14:49:16,2026-07-04 15:25:16,Facebook,Operation,Tablet,Edge,Android,/home
6d8e33e0-b1df-4841-8136-55253c666a33,2026_W27,S1954,U14561,2026-07-01 14:41:25,2026-07-01 14:55:25,Facebook,Those,Mobile,Safari,Windows,/offers
6d8e33e0-b1df-4841-8136-55253c666a33,2026_W27,S1955,U29139,2026-07-01 14:07:30,2026-07-01 14:37:30,Facebook,Evidence,Mobile,Chrome,Windows,/offers
6d8e33e0-b1df-4841-8136-55253c666a33,2026_W27,S1956,U17579,2026-07-04 16:50:21,2026-07-04 17:05:21,Facebook,Lawyer,Tablet,Safari,Windows,/products
6d8e33e0-b1df-4841-8136-55253c666a33,2026_W27,S1957,U16856,2026-06-30 13:31:31,2026-06-30 14:03:31,Direct,Central,Tablet,Chrome,Android,/offers
6d8e33e0-b1df-4841-8136-55253c666a33,2026_W27,S1958,U32773,2026-07-04 13:35:56,2026-07-04 14:10:56,Direct,Rather,Tablet,Edge,iOS,/products
6d8e33e0-b1df-4841-8136-55253c666a33,2026_W27,S1959,U17424,2026-07-02 04:10:49,2026-07-02 04:46:49,Direct,Real,Desktop,Chrome,iOS,/products
6d8e33e0-b1df-4841-8136-55253c666a33,2026_W27,S1960,U13958,2026-07-01 05:49:46,2026-07-01 05:52:46,Email,Bed,Desktop,Safari,Android,/home
6d8e33e0-b1df-4841-8136-55253c666a33,2026_W27,S1961,U9444,2026-07-02 18:34:33,2026-07-02 18:36:33,Instagram,Site,Desktop,Edge,iOS,/products
6d8e33e0-b1df-4841-8136-55253c666a33,2026_W27,S1962,U31824,2026-07-02 17:19:49,2026-07-02 17:39:49,Organic,Get,Desktop,Firefox,Android,/home
6d8e33e0-b1df-4841-8136-55253c666a33,2026_W27,S1963,U31244,2026-07-05 07:34:50,2026-07-05 08:07:50,Organic,He,Tablet,Edge,MacOS,/home
6d8e33e0-b1df-4841-8136-55253c666a33,2026_W27,S1964,U7810,2026-07-04 04:15:38,2026-07-04 04:22:38,Instagram,Standard,Mobile,Firefox,MacOS,/products
6d8e33e0-b1df-4841-8136-55253c666a33,2026_W27,S1965,U7724,2026-07-02 17:50:30,2026-07-02 18:05:30,Google Ads,Deep,Mobile,Chrome,iOS,/offers
6d8e33e0-b1df-4841-8136-55253c666a33,2026_W27,S1966,U27104,2026-07-01 12:16:18,2026-07-01 12:46:18,Google Ads,Cultural,Tablet,Firefox,Android,/home
6d8e33e0-b1df-4841-8136-55253c666a33,2026_W27,S1967,U8377,2026-07-02 00:04:54,2026-07-02 00:33:54,Direct,Defense,Desktop,Edge,MacOS,/products
6d8e33e0-b1df-4841-8136-55253c666a33,2026_W27,S1968,U4151,2026-06-30 10:29:15,2026-06-30 11:01:15,Google Ads,Movie,Desktop,Chrome,iOS,/products
6d8e33e0-b1df-4841-8136-55253c666a33,2026_W27,S1969,U3983,2026-07-03 22:31:00,2026-07-03 23:11:00,Organic,Hot,Tablet,Safari,iOS,/products
6d8e33e0-b1df-4841-8136-55253c666a33,2026_W27,S1970,U25756,2026-07-02 14:11:41,2026-07-02 14:46:41,Facebook,Major,Tablet,Firefox,MacOS,/home
6d8e33e0-b1df-4841-8136-55253c666a33,2026_W27,S1971,U7857,2026-07-05 08:12:11,2026-07-05 08:44:11,Direct,List,Tablet,Chrome,Android,/home
6d8e33e0-b1df-4841-8136-55253c666a33,2026_W27,S1972,U15708,2026-07-05 02:09:07,2026-07-05 02:34:07,Google Ads,Seven,Mobile,Firefox,iOS,/products
6d8e33e0-b1df-4841-8136-55253c666a33,2026_W27,S1973,U20840,2026-07-03 17:06:04,2026-07-03 17:34:04,Instagram,Short,Mobile,Edge,Android,/offers
6d8e33e0-b1df-4841-8136-55253c666a33,2026_W27,S1974,U20098,2026-07-01 23:57:05,2026-07-02 00:05:05,Direct,Worry,Mobile,Safari,Android,/offers
6d8e33e0-b1df-4841-8136-55253c666a33,2026_W27,S1975,U25823,2026-07-02 02:38:31,2026-07-02 02:40:31,Facebook,Reveal,Mobile,Edge,iOS,/home
6d8e33e0-b1df-4841-8136-55253c666a33,2026_W27,S1976,U31392,2026-07-02 04:15:32,2026-07-02 04:43:32,Direct,No,Mobile,Chrome,Windows,/offers
6d8e33e0-b1df-4841-8136-55253c666a33,2026_W27,S1977,U440,2026-06-29 20:50:29,2026-06-29 21:23:29,Instagram,Thing,Mobile,Firefox,Android,/products
6d8e33e0-b1df-4841-8136-55253c666a33,2026_W27,S1978,U32748,2026-07-04 08:46:34,2026-07-04 09:13:34,Direct,Help,Desktop,Firefox,Windows,/offers
6d8e33e0-b1df-4841-8136-55253c666a33,2026_W27,S1979,U34364,2026-07-01 16:16:04,2026-07-01 16:24:04,Instagram,Paper,Desktop,Edge,MacOS,/offers
6d8e33e0-b1df-4841-8136-55253c666a33,2026_W27,S1980,U17843,2026-07-02 12:35:24,2026-07-02 12:37:24,Google Ads,News,Tablet,Safari,iOS,/home
6d8e33e0-b1df-4841-8136-55253c666a33,2026_W27,S1981,U1387,2026-07-04 14:34:11,2026-07-04 14:36:11,Instagram,News,Desktop,Edge,Windows,/home
6d8e33e0-b1df-4841-8136-55253c666a33,2026_W27,S1982,U16732,2026-07-01 06:10:02,2026-07-01 06:28:02,Direct,Man,Mobile,Edge,MacOS,/products
6d8e33e0-b1df-4841-8136-55253c666a33,2026_W27,S1983,U9174,2026-07-04 10:27:07,2026-07-04 10:37:07,Instagram,Information,Desktop,Chrome,MacOS,/products
6d8e33e0-b1df-4841-8136-55253c666a33,2026_W27,S1984,U11801,2026-07-03 14:25:09,2026-07-03 15:00:09,Instagram,Past,Desktop,Chrome,MacOS,/home
6d8e33e0-b1df-4841-8136-55253c666a33,2026_W27,S1985,U17747,2026-06-30 21:09:30,2026-06-30 21:24:30,Google Ads,Site,Mobile,Chrome,Android,/offers
6d8e33e0-b1df-4841-8136-55253c666a33,2026_W27,S1986,U3910,2026-06-30 15:04:05,2026-06-30 15:42:05,Direct,Effort,Tablet,Chrome,iOS,/offers
6d8e33e0-b1df-4841-8136-55253c666a33,2026_W27,S1987,U5208,2026-07-01 14:06:31,2026-07-01 14:08:31,Organic,Young,Tablet,Edge,Windows,/home
6d8e33e0-b1df-4841-8136-55253c666a33,2026_W27,S1988,U12187,2026-06-30 23:05:29,2026-06-30 23:18:29,Facebook,Attention,Mobile,Firefox,Windows,/offers
6d8e33e0-b1df-4841-8136-55253c666a33,2026_W27,S1989,U27186,2026-06-29 16:33:44,2026-06-29 17:13:44,Facebook,Answer,Tablet,Chrome,MacOS,/offers
6d8e33e0-b1df-4841-8136-55253c666a33,2026_W27,S1990,U34653,2026-07-01 15:15:38,2026-07-01 15:46:38,Organic,Building,Tablet,Firefox,Android,/home
6d8e33e0-b1df-4841-8136-55253c666a33,2026_W27,S1991,U24842,2026-06-30 16:29:47,2026-06-30 16:56:47,Facebook,Amount,Desktop,Chrome,Android,/offers
6d8e33e0-b1df-4841-8136-55253c666a33,2026_W27,S1992,U17646,2026-06-30 13:54:27,2026-06-30 14:18:27,Direct,Will,Desktop,Firefox,MacOS,/products
6d8e33e0-b1df-4841-8136-55253c666a33,2026_W27,S1993,U10832,2026-06-30 04:06:35,2026-06-30 04:35:35,Email,Marriage,Tablet,Firefox,MacOS,/offers
6d8e33e0-b1df-4841-8136-55253c666a33,2026_W27,S1994,U21245,2026-07-03 06:32:58,2026-07-03 06:49:58,Email,Pattern,Tablet,Edge,Android,/products
6d8e33e0-b1df-4841-8136-55253c666a33,2026_W27,S1995,U10031,2026-07-04 06:34:14,2026-07-04 07:05:14,Direct,Subject,Tablet,Edge,Android,/products
6d8e33e0-b1df-4841-8136-55253c666a33,2026_W27,S1996,U32633,2026-07-01 16:03:38,2026-07-01 16:28:38,Direct,Happen,Tablet,Safari,MacOS,/products
6d8e33e0-b1df-4841-8136-55253c666a33,2026_W27,S1997,U2266,2026-07-04 00:49:38,2026-07-04 01:10:38,Organic,Necessary,Mobile,Chrome,iOS,/home
6d8e33e0-b1df-4841-8136-55253c666a33,2026_W27,S1998,U8419,2026-07-02 16:30:01,2026-07-02 17:00:01,Organic,Call,Desktop,Edge,Windows,/offers
6d8e33e0-b1df-4841-8136-55253c666a33,2026_W27,S1999,U26947,2026-07-05 08:40:59,2026-07-05 08:52:59,Instagram,Economic,Tablet,Firefox,Android,/offers
6d8e33e0-b1df-4841-8136-55253c666a33,2026_W27,S2000,U12956,2026-07-03 18:29:38,2026-07-03 18:46:38,Instagram,Country,Mobile,Chrome,iOS,/offers
6d8e33e0-b1df-4841-8136-55253c666a33,2026_W27,S2001,U21136,2026-06-30 20:29:15,2026-06-30 20:45:15,Google Ads,Hand,Desktop,Firefox,MacOS,/products
6d8e33e0-b1df-4841-8136-55253c666a33,2026_W27,S2002,U34413,2026-06-30 11:11:07,2026-06-30 11:51:07,Instagram,Stuff,Desktop,Firefox,Android,/offers
6d8e33e0-b1df-4841-8136-55253c666a33,2026_W27,S2003,U11366,2026-07-01 05:13:56,2026-07-01 05:16:56,Google Ads,She,Desktop,Edge,Android,/products
6d8e33e0-b1df-4841-8136-55253c666a33,2026_W27,S2004,U19445,2026-07-03 15:01:27,2026-07-03 15:30:27,Google Ads,One,Desktop,Safari,MacOS,/offers
6d8e33e0-b1df-4841-8136-55253c666a33,2026_W27,S2005,U18445,2026-07-02 02:19:03,2026-07-02 02:43:03,Organic,Fast,Mobile,Chrome,Android,/offers
6d8e33e0-b1df-4841-8136-55253c666a33,2026_W27,S2006,U14071,2026-07-04 04:12:27,2026-07-04 04:14:27,Organic,Action,Tablet,Edge,iOS,/offers
6d8e33e0-b1df-4841-8136-55253c666a33,2026_W27,S2007,U5718,2026-07-04 15:56:22,2026-07-04 16:32:22,Instagram,Agreement,Tablet,Safari,Windows,/products
6d8e33e0-b1df-4841-8136-55253c666a33,2026_W27,S2008,U25054,2026-06-30 01:26:33,2026-06-30 01:47:33,Facebook,Friend,Desktop,Chrome,Android,/offers
6d8e33e0-b1df-4841-8136-55253c666a33,2026_W27,S2009,U14874,2026-07-03 12:19:45,2026-07-03 12:49:45,Direct,Miss,Mobile,Edge,Android,/home
6d8e33e0-b1df-4841-8136-55253c666a33,2026_W27,S2010,U23093,2026-06-30 03:47:03,2026-06-30 04:00:03,Google Ads,Hot,Desktop,Safari,MacOS,/home
6d8e33e0-b1df-4841-8136-55253c666a33,2026_W27,S2011,U3261,2026-06-30 01:10:34,2026-06-30 01:29:34,Google Ads,Responsibility,Mobile,Firefox,iOS,/home
6d8e33e0-b1df-4841-8136-55253c666a33,2026_W27,S2012,U28500,2026-06-30 00:08:36,2026-06-30 00:42:36,Organic,Source,Tablet,Chrome,MacOS,/products
6d8e33e0-b1df-4841-8136-55253c666a33,2026_W27,S2013,U20038,2026-06-30 13:51:57,2026-06-30 13:59:57,Facebook,Often,Mobile,Chrome,Windows,/offers
6d8e33e0-b1df-4841-8136-55253c666a33,2026_W27,S2014,U17827,2026-07-01 22:34:10,2026-07-01 22:59:10,Organic,Future,Tablet,Chrome,Android,/products
6d8e33e0-b1df-4841-8136-55253c666a33,2026_W27,S2015,U8660,2026-06-30 01:51:47,2026-06-30 02:27:47,Direct,Along,Tablet,Safari,Android,/offers
6d8e33e0-b1df-4841-8136-55253c666a33,2026_W27,S2016,U24841,2026-06-30 21:17:31,2026-06-30 21:52:31,Direct,Represent,Tablet,Chrome,MacOS,/offers
6d8e33e0-b1df-4841-8136-55253c666a33,2026_W27,S2017,U33413,2026-06-30 05:16:05,2026-06-30 05:41:05,Email,Deep,Desktop,Chrome,Android,/products
6d8e33e0-b1df-4841-8136-55253c666a33,2026_W27,S2018,U24995,2026-06-30 18:48:48,2026-06-30 19:26:48,Instagram,Activity,Tablet,Safari,MacOS,/home
6d8e33e0-b1df-4841-8136-55253c666a33,2026_W27,S2019,U18379,2026-07-01 18:16:35,2026-07-01 18:37:35,Organic,Head,Desktop,Firefox,iOS,/home
6d8e33e0-b1df-4841-8136-55253c666a33,2026_W27,S2020,U7195,2026-07-02 03:41:43,2026-07-02 03:58:43,Direct,Fly,Tablet,Chrome,Windows,/offers
6d8e33e0-b1df-4841-8136-55253c666a33,2026_W27,S2021,U4935,2026-07-02 06:57:50,2026-07-02 07:00:50,Instagram,Probably,Tablet,Edge,iOS,/products
6d8e33e0-b1df-4841-8136-55253c666a33,2026_W27,S2022,U2752,2026-07-04 16:33:27,2026-07-04 17:13:27,Google Ads,Suggest,Desktop,Chrome,MacOS,/products
6d8e33e0-b1df-4841-8136-55253c666a33,2026_W27,S2023,U32323,2026-06-30 03:40:48,2026-06-30 04:08:48,Facebook,Recent,Tablet,Firefox,Windows,/offers
6d8e33e0-b1df-4841-8136-55253c666a33,2026_W27,S2024,U109,2026-06-29 23:34:23,2026-06-29 23:44:23,Google Ads,Drop,Desktop,Chrome,Windows,/offers
6d8e33e0-b1df-4841-8136-55253c666a33,2026_W27,S2025,U30269,2026-07-03 12:52:47,2026-07-03 13:16:47,Instagram,Season,Tablet,Chrome,Android,/offers
6d8e33e0-b1df-4841-8136-55253c666a33,2026_W27,S2026,U14920,2026-06-29 17:17:45,2026-06-29 17:21:45,Facebook,Realize,Mobile,Chrome,Android,/products
6d8e33e0-b1df-4841-8136-55253c666a33,2026_W27,S2027,U9317,2026-07-01 00:54:12,2026-07-01 01:13:12,Instagram,Individual,Tablet,Chrome,Windows,/home
6d8e33e0-b1df-4841-8136-55253c666a33,2026_W27,S2028,U14538,2026-06-30 01:39:38,2026-06-30 02:01:38,Google Ads,Individual,Mobile,Chrome,Windows,/products
6d8e33e0-b1df-4841-8136-55253c666a33,2026_W27,S2029,U7,2026-07-04 13:30:05,2026-07-04 13:38:05,Organic,Nice,Tablet,Safari,Android,/products
6d8e33e0-b1df-4841-8136-55253c666a33,2026_W27,S2030,U34828,2026-07-04 21:24:02,2026-07-04 21:45:02,Instagram,Pattern,Mobile,Edge,Android,/products
6d8e33e0-b1df-4841-8136-55253c666a33,2026_W27,S2031,U16606,2026-06-29 10:47:36,2026-06-29 11:13:36,Facebook,Western,Desktop,Safari,MacOS,/home
6d8e33e0-b1df-4841-8136-55253c666a33,2026_W27,S2032,U28192,2026-07-01 08:44:19,2026-07-01 09:22:19,Email,Already,Tablet,Chrome,MacOS,/products
6d8e33e0-b1df-4841-8136-55253c666a33,2026_W27,S2033,U14125,2026-07-04 13:28:51,2026-07-04 13:49:51,Google Ads,Late,Mobile,Safari,MacOS,/products
6d8e33e0-b1df-4841-8136-55253c666a33,2026_W27,S2034,U3448,2026-06-30 16:06:53,2026-06-30 16:34:53,Email,Financial,Mobile,Safari,Windows,/offers
6d8e33e0-b1df-4841-8136-55253c666a33,2026_W27,S2035,U18590,2026-06-30 12:58:24,2026-06-30 13:09:24,Email,Man,Mobile,Safari,Windows,/offers
6d8e33e0-b1df-4841-8136-55253c666a33,2026_W27,S2036,U14917,2026-07-05 08:16:52,2026-07-05 08:28:52,Email,Plant,Desktop,Chrome,Android,/home
6d8e33e0-b1df-4841-8136-55253c666a33,2026_W27,S2037,U12046,2026-06-30 18:48:37,2026-06-30 19:19:37,Email,Some,Desktop,Edge,Android,/offers
6d8e33e0-b1df-4841-8136-55253c666a33,2026_W27,S2038,U28922,2026-07-05 01:26:24,2026-07-05 01:54:24,Email,Off,Desktop,Chrome,Windows,/offers
6d8e33e0-b1df-4841-8136-55253c666a33,2026_W27,S2039,U19430,2026-07-03 21:26:02,2026-07-03 21:27:02,Direct,Way,Mobile,Edge,MacOS,/home
6d8e33e0-b1df-4841-8136-55253c666a33,2026_W27,S2040,U24644,2026-07-01 17:45:43,2026-07-01 18:04:43,Organic,Happy,Mobile,Chrome,Android,/offers
6d8e33e0-b1df-4841-8136-55253c666a33,2026_W27,S2041,U29236,2026-07-01 15:27:30,2026-07-01 15:33:30,Google Ads,Weight,Mobile,Edge,MacOS,/offers
6d8e33e0-b1df-4841-8136-55253c666a33,2026_W27,S2042,U21578,2026-07-04 09:18:15,2026-07-04 09:27:15,Direct,Lawyer,Mobile,Chrome,Windows,/home
6d8e33e0-b1df-4841-8136-55253c666a33,2026_W27,S2043,U18928,2026-07-02 02:19:34,2026-07-02 02:25:34,Email,Member,Desktop,Firefox,Android,/offers
6d8e33e0-b1df-4841-8136-55253c666a33,2026_W27,S2044,U18982,2026-07-03 22:54:32,2026-07-03 23:33:32,Google Ads,Not,Desktop,Firefox,iOS,/home
6d8e33e0-b1df-4841-8136-55253c666a33,2026_W27,S2045,U12585,2026-06-30 23:30:27,2026-06-30 23:44:27,Google Ads,Professor,Tablet,Safari,Android,/offers
6d8e33e0-b1df-4841-8136-55253c666a33,2026_W27,S2046,U1926,2026-07-02 23:17:14,2026-07-02 23:31:14,Email,Purpose,Desktop,Safari,Android,/products
6d8e33e0-b1df-4841-8136-55253c666a33,2026_W27,S2047,U34241,2026-07-04 17:59:07,2026-07-04 18:10:07,Google Ads,Each,Mobile,Chrome,iOS,/offers
6d8e33e0-b1df-4841-8136-55253c666a33,2026_W27,S2048,U1714,2026-06-30 19:09:11,2026-06-30 19:16:11,Organic,Audience,Desktop,Edge,iOS,/home
6d8e33e0-b1df-4841-8136-55253c666a33,2026_W27,S2049,U9605,2026-07-03 12:25:55,2026-07-03 12:40:55,Organic,Finally,Tablet,Edge,iOS,/offers
6d8e33e0-b1df-4841-8136-55253c666a33,2026_W27,S2050,U23226,2026-07-05 00:40:52,2026-07-05 01:13:52,Instagram,Third,Desktop,Edge,MacOS,/home
6d8e33e0-b1df-4841-8136-55253c666a33,2026_W27,S2051,U16060,2026-06-29 21:00:51,2026-06-29 21:38:51,Organic,Husband,Mobile,Edge,MacOS,/offers
6d8e33e0-b1df-4841-8136-55253c666a33,2026_W27,S2052,U18039,2026-06-30 03:40:57,2026-06-30 04:10:57,Direct,Best,Mobile,Chrome,iOS,/products
6d8e33e0-b1df-4841-8136-55253c666a33,2026_W27,S2053,U13835,2026-07-05 00:21:54,2026-07-05 00:32:54,Organic,Sister,Mobile,Firefox,iOS,/home
6d8e33e0-b1df-4841-8136-55253c666a33,2026_W27,S2054,U9887,2026-07-03 23:31:32,2026-07-04 00:07:32,Facebook,Like,Mobile,Safari,iOS,/offers
6d8e33e0-b1df-4841-8136-55253c666a33,2026_W27,S2055,U30501,2026-07-04 18:58:41,2026-07-04 18:59:41,Facebook,War,Desktop,Firefox,Windows,/offers
6d8e33e0-b1df-4841-8136-55253c666a33,2026_W27,S2056,U296,2026-07-02 23:40:30,2026-07-02 23:58:30,Email,Represent,Desktop,Edge,MacOS,/home
6d8e33e0-b1df-4841-8136-55253c666a33,2026_W27,S2057,U470,2026-07-02 02:47:16,2026-07-02 03:07:16,Instagram,Increase,Mobile,Chrome,MacOS,/products
6d8e33e0-b1df-4841-8136-55253c666a33,2026_W27,S2058,U29868,2026-07-03 23:48:28,2026-07-04 00:12:28,Organic,Democrat,Mobile,Edge,Android,/offers
6d8e33e0-b1df-4841-8136-55253c666a33,2026_W27,S2059,U6402,2026-07-03 06:52:18,2026-07-03 07:27:18,Organic,Myself,Desktop,Safari,iOS,/offers
6d8e33e0-b1df-4841-8136-55253c666a33,2026_W27,S2060,U22090,2026-07-01 21:24:05,2026-07-01 21:56:05,Facebook,Start,Desktop,Safari,Android,/offers
6d8e33e0-b1df-4841-8136-55253c666a33,2026_W27,S2061,U12583,2026-07-01 02:13:23,2026-07-01 02:44:23,Direct,Relationship,Desktop,Firefox,MacOS,/offers
6d8e33e0-b1df-4841-8136-55253c666a33,2026_W27,S2062,U28905,2026-06-29 22:21:37,2026-06-29 22:26:37,Google Ads,Value,Tablet,Edge,Windows,/products
6d8e33e0-b1df-4841-8136-55253c666a33,2026_W27,S2063,U9133,2026-07-03 06:59:51,2026-07-03 07:25:51,Direct,With,Tablet,Safari,Windows,/home
6d8e33e0-b1df-4841-8136-55253c666a33,2026_W27,S2064,U32751,2026-07-03 22:30:42,2026-07-03 22:42:42,Google Ads,Buy,Mobile,Firefox,MacOS,/offers
6d8e33e0-b1df-4841-8136-55253c666a33,2026_W27,S2065,U21563,2026-07-01 00:25:12,2026-07-01 00:52:12,Facebook,Generation,Desktop,Safari,Android,/offers
6d8e33e0-b1df-4841-8136-55253c666a33,2026_W27,S2066,U10091,2026-07-02 23:45:49,2026-07-03 00:07:49,Google Ads,Former,Mobile,Safari,Android,/products
6d8e33e0-b1df-4841-8136-55253c666a33,2026_W27,S2067,U17600,2026-06-30 09:24:01,2026-06-30 09:34:01,Organic,Those,Desktop,Chrome,Windows,/home
6d8e33e0-b1df-4841-8136-55253c666a33,2026_W27,S2068,U21344,2026-07-04 10:38:27,2026-07-04 10:49:27,Email,Career,Tablet,Edge,Windows,/home
6d8e33e0-b1df-4841-8136-55253c666a33,2026_W27,S2069,U83,2026-06-29 22:40:21,2026-06-29 22:55:21,Facebook,He,Desktop,Chrome,MacOS,/products
6d8e33e0-b1df-4841-8136-55253c666a33,2026_W27,S2070,U14197,2026-06-30 07:47:22,2026-06-30 07:55:22,Instagram,Force,Desktop,Chrome,MacOS,/home
6d8e33e0-b1df-4841-8136-55253c666a33,2026_W27,S2071,U24022,2026-06-29 18:35:35,2026-06-29 18:56:35,Facebook,Remember,Mobile,Edge,Android,/home
6d8e33e0-b1df-4841-8136-55253c666a33,2026_W27,S2072,U17075,2026-07-01 14:25:05,2026-07-01 14:53:05,Instagram,Animal,Tablet,Firefox,MacOS,/offers
6d8e33e0-b1df-4841-8136-55253c666a33,2026_W27,S2073,U19917,2026-07-04 08:30:40,2026-07-04 09:06:40,Google Ads,Street,Mobile,Firefox,Windows,/home
6d8e33e0-b1df-4841-8136-55253c666a33,2026_W27,S2074,U10757,2026-07-01 05:21:41,2026-07-01 05:38:41,Organic,Free,Tablet,Safari,Windows,/home
6d8e33e0-b1df-4841-8136-55253c666a33,2026_W27,S2075,U3256,2026-06-30 01:27:38,2026-06-30 02:07:38,Organic,Move,Desktop,Safari,Windows,/home
6d8e33e0-b1df-4841-8136-55253c666a33,2026_W27,S2076,U26213,2026-07-02 08:08:16,2026-07-02 08:38:16,Email,Quite,Mobile,Edge,MacOS,/products
6d8e33e0-b1df-4841-8136-55253c666a33,2026_W27,S2077,U21518,2026-07-04 03:16:33,2026-07-04 03:23:33,Direct,Nice,Desktop,Edge,iOS,/home
6d8e33e0-b1df-4841-8136-55253c666a33,2026_W27,S2078,U10304,2026-06-29 13:04:16,2026-06-29 13:31:16,Facebook,Manager,Mobile,Safari,MacOS,/home
6d8e33e0-b1df-4841-8136-55253c666a33,2026_W27,S2079,U25977,2026-07-03 20:06:12,2026-07-03 20:43:12,Email,Increase,Tablet,Edge,Android,/home
6d8e33e0-b1df-4841-8136-55253c666a33,2026_W27,S2080,U18913,2026-07-04 19:29:54,2026-07-04 19:51:54,Email,Our,Desktop,Edge,Windows,/products
6d8e33e0-b1df-4841-8136-55253c666a33,2026_W27,S2081,U20592,2026-07-04 16:04:28,2026-07-04 16:09:28,Direct,Nature,Mobile,Safari,MacOS,/products
6d8e33e0-b1df-4841-8136-55253c666a33,2026_W27,S2082,U28297,2026-07-04 16:42:44,2026-07-04 17:07:44,Instagram,Two,Tablet,Safari,MacOS,/offers
6d8e33e0-b1df-4841-8136-55253c666a33,2026_W27,S2083,U9342,2026-07-03 20:06:37,2026-07-03 20:20:37,Facebook,Strategy,Desktop,Firefox,Android,/offers
6d8e33e0-b1df-4841-8136-55253c666a33,2026_W27,S2084,U13388,2026-07-05 08:12:26,2026-07-05 08:33:26,Organic,Writer,Tablet,Chrome,MacOS,/products
6d8e33e0-b1df-4841-8136-55253c666a33,2026_W27,S2085,U30112,2026-07-02 11:48:49,2026-07-02 12:07:49,Email,Image,Mobile,Edge,Windows,/products
6d8e33e0-b1df-4841-8136-55253c666a33,2026_W27,S2086,U21239,2026-06-30 07:27:18,2026-06-30 07:30:18,Google Ads,Television,Desktop,Edge,Windows,/products
6d8e33e0-b1df-4841-8136-55253c666a33,2026_W27,S2087,U6090,2026-07-04 15:49:54,2026-07-04 16:17:54,Google Ads,Feeling,Desktop,Safari,MacOS,/offers
6d8e33e0-b1df-4841-8136-55253c666a33,2026_W27,S2088,U4680,2026-07-03 01:46:46,2026-07-03 02:24:46,Instagram,Like,Desktop,Safari,Android,/offers
6d8e33e0-b1df-4841-8136-55253c666a33,2026_W27,S2089,U1718,2026-07-01 15:26:28,2026-07-01 15:41:28,Google Ads,Another,Desktop,Firefox,MacOS,/offers
6d8e33e0-b1df-4841-8136-55253c666a33,2026_W27,S2090,U9758,2026-06-29 15:19:10,2026-06-29 15:45:10,Direct,Vote,Tablet,Safari,Android,/products
6d8e33e0-b1df-4841-8136-55253c666a33,2026_W27,S2091,U11311,2026-07-03 19:10:41,2026-07-03 19:37:41,Email,Industry,Tablet,Firefox,Windows,/products
6d8e33e0-b1df-4841-8136-55253c666a33,2026_W27,S2092,U22325,2026-07-04 22:31:17,2026-07-04 22:57:17,Facebook,Government,Desktop,Edge,Android,/offers
6d8e33e0-b1df-4841-8136-55253c666a33,2026_W27,S2093,U10720,2026-07-03 02:22:10,2026-07-03 02:37:10,Facebook,Of,Mobile,Firefox,iOS,/home
6d8e33e0-b1df-4841-8136-55253c666a33,2026_W27,S2094,U28221,2026-07-01 23:21:16,2026-07-01 23:54:16,Direct,Tough,Mobile,Safari,Android,/products
6d8e33e0-b1df-4841-8136-55253c666a33,2026_W27,S2095,U5463,2026-07-03 14:59:23,2026-07-03 15:12:23,Instagram,Change,Tablet,Edge,MacOS,/products
6d8e33e0-b1df-4841-8136-55253c666a33,2026_W27,S2096,U6346,2026-06-30 06:30:30,2026-06-30 06:52:30,Instagram,Quite,Desktop,Edge,MacOS,/home
6d8e33e0-b1df-4841-8136-55253c666a33,2026_W27,S2097,U15284,2026-06-29 19:12:46,2026-06-29 19:48:46,Organic,Shoulder,Tablet,Safari,iOS,/home
6d8e33e0-b1df-4841-8136-55253c666a33,2026_W27,S2098,U19609,2026-07-01 03:14:41,2026-07-01 03:21:41,Google Ads,Behind,Tablet,Chrome,MacOS,/home
6d8e33e0-b1df-4841-8136-55253c666a33,2026_W27,S2099,U24208,2026-07-04 01:36:35,2026-07-04 02:13:35,Google Ads,Onto,Tablet,Safari,iOS,/products
6d8e33e0-b1df-4841-8136-55253c666a33,2026_W27,S2100,U24291,2026-06-30 09:17:54,2026-06-30 09:54:54,Facebook,Case,Mobile,Chrome,Windows,/products
6d8e33e0-b1df-4841-8136-55253c666a33,2026_W27,S2101,U8879,2026-06-30 03:31:04,2026-06-30 04:10:04,Direct,Manage,Mobile,Chrome,Android,/offers
6d8e33e0-b1df-4841-8136-55253c666a33,2026_W27,S2102,U32633,2026-07-01 06:13:35,2026-07-01 06:14:35,Direct,Want,Mobile,Edge,MacOS,/offers
6d8e33e0-b1df-4841-8136-55253c666a33,2026_W27,S2103,U1453,2026-07-01 20:46:04,2026-07-01 20:48:04,Facebook,Professional,Mobile,Firefox,iOS,/products
6d8e33e0-b1df-4841-8136-55253c666a33,2026_W27,S2104,U20727,2026-06-30 19:49:07,2026-06-30 20:24:07,Instagram,However,Tablet,Firefox,Windows,/products
6d8e33e0-b1df-4841-8136-55253c666a33,2026_W27,S2105,U26793,2026-06-29 16:54:44,2026-06-29 17:08:44,Instagram,Senior,Mobile,Safari,iOS,/products
6d8e33e0-b1df-4841-8136-55253c666a33,2026_W27,S2106,U22283,2026-06-29 19:16:40,2026-06-29 19:30:40,Facebook,Long,Mobile,Edge,iOS,/offers
6d8e33e0-b1df-4841-8136-55253c666a33,2026_W27,S2107,U18832,2026-07-03 11:25:04,2026-07-03 11:54:04,Direct,Two,Desktop,Chrome,MacOS,/home
6d8e33e0-b1df-4841-8136-55253c666a33,2026_W27,S2108,U33766,2026-07-04 16:53:14,2026-07-04 17:09:14,Direct,Direction,Mobile,Firefox,Android,/home
6d8e33e0-b1df-4841-8136-55253c666a33,2026_W27,S2109,U10827,2026-07-02 13:31:51,2026-07-02 13:47:51,Instagram,Thank,Tablet,Firefox,MacOS,/products
6d8e33e0-b1df-4841-8136-55253c666a33,2026_W27,S2110,U11458,2026-07-03 12:56:23,2026-07-03 13:06:23,Google Ads,Congress,Tablet,Edge,iOS,/products
6d8e33e0-b1df-4841-8136-55253c666a33,2026_W27,S2111,U26656,2026-07-05 06:35:32,2026-07-05 07:10:32,Direct,Economy,Tablet,Firefox,Windows,/home
6d8e33e0-b1df-4841-8136-55253c666a33,2026_W27,S2112,U29936,2026-07-02 06:22:36,2026-07-02 06:36:36,Facebook,Born,Desktop,Firefox,Windows,/offers
6d8e33e0-b1df-4841-8136-55253c666a33,2026_W27,S2113,U24550,2026-06-30 16:58:07,2026-06-30 17:12:07,Organic,Message,Mobile,Firefox,Android,/home
6d8e33e0-b1df-4841-8136-55253c666a33,2026_W27,S2114,U13598,2026-07-03 18:23:52,2026-07-03 18:55:52,Instagram,Heart,Tablet,Chrome,Android,/offers
6d8e33e0-b1df-4841-8136-55253c666a33,2026_W27,S2115,U12373,2026-07-04 09:11:56,2026-07-04 09:20:56,Google Ads,Buy,Tablet,Chrome,MacOS,/products
6d8e33e0-b1df-4841-8136-55253c666a33,2026_W27,S2116,U15346,2026-07-01 05:02:49,2026-07-01 05:03:49,Facebook,Official,Mobile,Edge,Android,/home
6d8e33e0-b1df-4841-8136-55253c666a33,2026_W27,S2117,U8417,2026-07-01 22:59:38,2026-07-01 23:12:38,Google Ads,Could,Tablet,Chrome,iOS,/products
6d8e33e0-b1df-4841-8136-55253c666a33,2026_W27,S2118,U22110,2026-07-02 10:47:06,2026-07-02 11:08:06,Email,Race,Tablet,Edge,Windows,/offers
6d8e33e0-b1df-4841-8136-55253c666a33,2026_W27,S2119,U13683,2026-06-30 06:26:55,2026-06-30 06:57:55,Direct,Which,Desktop,Safari,iOS,/products
6d8e33e0-b1df-4841-8136-55253c666a33,2026_W27,S2120,U11794,2026-07-01 04:28:00,2026-07-01 05:07:00,Facebook,Relate,Tablet,Chrome,Windows,/products
6d8e33e0-b1df-4841-8136-55253c666a33,2026_W27,S2121,U15822,2026-07-05 06:32:31,2026-07-05 06:34:31,Facebook,Will,Tablet,Safari,MacOS,/home
6d8e33e0-b1df-4841-8136-55253c666a33,2026_W27,S2122,U27550,2026-06-29 10:33:57,2026-06-29 10:44:57,Organic,Show,Tablet,Edge,iOS,/home
6d8e33e0-b1df-4841-8136-55253c666a33,2026_W27,S2123,U14412,2026-07-01 05:16:03,2026-07-01 05:46:03,Organic,Discuss,Mobile,Chrome,Android,/home
6d8e33e0-b1df-4841-8136-55253c666a33,2026_W27,S2124,U27597,2026-07-02 20:36:51,2026-07-02 21:13:51,Organic,Too,Mobile,Edge,iOS,/home
6d8e33e0-b1df-4841-8136-55253c666a33,2026_W27,S2125,U32478,2026-07-04 03:35:05,2026-07-04 04:03:05,Direct,Continue,Tablet,Safari,Windows,/offers
6d8e33e0-b1df-4841-8136-55253c666a33,2026_W27,S2126,U28376,2026-07-04 09:47:44,2026-07-04 10:22:44,Email,Order,Mobile,Chrome,Android,/home
6d8e33e0-b1df-4841-8136-55253c666a33,2026_W27,S2127,U7855,2026-07-01 09:34:51,2026-07-01 09:53:51,Organic,Unit,Desktop,Firefox,Android,/products
6d8e33e0-b1df-4841-8136-55253c666a33,2026_W27,S2128,U29323,2026-07-05 04:37:03,2026-07-05 04:42:03,Direct,Personal,Mobile,Edge,Android,/products
6d8e33e0-b1df-4841-8136-55253c666a33,2026_W27,S2129,U34290,2026-07-03 12:23:40,2026-07-03 12:53:40,Instagram,Coach,Tablet,Chrome,Android,/offers
6d8e33e0-b1df-4841-8136-55253c666a33,2026_W27,S2130,U22354,2026-07-03 18:30:41,2026-07-03 18:33:41,Google Ads,Husband,Desktop,Chrome,Windows,/products
6d8e33e0-b1df-4841-8136-55253c666a33,2026_W27,S2131,U32872,2026-07-02 21:37:47,2026-07-02 21:41:47,Organic,Staff,Tablet,Chrome,Android,/products
6d8e33e0-b1df-4841-8136-55253c666a33,2026_W27,S2132,U3142,2026-06-29 12:25:01,2026-06-29 12:51:01,Direct,Decide,Tablet,Chrome,Android,/offers
6d8e33e0-b1df-4841-8136-55253c666a33,2026_W27,S2133,U19043,2026-07-03 17:29:43,2026-07-03 17:54:43,Organic,Need,Desktop,Edge,MacOS,/products
6d8e33e0-b1df-4841-8136-55253c666a33,2026_W27,S2134,U20514,2026-07-02 04:15:55,2026-07-02 04:46:55,Organic,Region,Tablet,Chrome,Windows,/offers
6d8e33e0-b1df-4841-8136-55253c666a33,2026_W27,S2135,U30668,2026-07-02 17:26:29,2026-07-02 17:36:29,Email,Market,Tablet,Chrome,MacOS,/products
6d8e33e0-b1df-4841-8136-55253c666a33,2026_W27,S2136,U703,2026-07-02 04:37:36,2026-07-02 04:38:36,Organic,Congress,Tablet,Firefox,Windows,/offers
6d8e33e0-b1df-4841-8136-55253c666a33,2026_W27,S2137,U6991,2026-06-30 15:32:52,2026-06-30 15:56:52,Organic,Set,Mobile,Safari,Android,/products
6d8e33e0-b1df-4841-8136-55253c666a33,2026_W27,S2138,U6806,2026-06-30 11:45:32,2026-06-30 11:56:32,Instagram,Employee,Mobile,Edge,MacOS,/products
6d8e33e0-b1df-4841-8136-55253c666a33,2026_W27,S2139,U10578,2026-07-01 12:49:21,2026-07-01 13:01:21,Facebook,Rich,Desktop,Chrome,Windows,/products
6d8e33e0-b1df-4841-8136-55253c666a33,2026_W27,S2140,U12791,2026-07-01 08:30:38,2026-07-01 08:44:38,Facebook,Own,Mobile,Chrome,MacOS,/home
6d8e33e0-b1df-4841-8136-55253c666a33,2026_W27,S2141,U26219,2026-06-29 17:13:57,2026-06-29 17:42:57,Facebook,Board,Desktop,Chrome,MacOS,/offers
6d8e33e0-b1df-4841-8136-55253c666a33,2026_W27,S2142,U33061,2026-07-01 22:55:11,2026-07-01 23:27:11,Organic,Hit,Tablet,Firefox,MacOS,/offers
6d8e33e0-b1df-4841-8136-55253c666a33,2026_W27,S2143,U7679,2026-07-01 02:04:27,2026-07-01 02:17:27,Google Ads,Entire,Desktop,Safari,Android,/offers
6d8e33e0-b1df-4841-8136-55253c666a33,2026_W27,S2144,U17292,2026-07-03 11:43:44,2026-07-03 11:49:44,Instagram,Such,Mobile,Edge,Android,/offers
6d8e33e0-b1df-4841-8136-55253c666a33,2026_W27,S2145,U27325,2026-06-29 10:04:52,2026-06-29 10:23:52,Organic,Yourself,Mobile,Firefox,iOS,/home
6d8e33e0-b1df-4841-8136-55253c666a33,2026_W27,S2146,U32727,2026-07-05 03:52:18,2026-07-05 04:16:18,Direct,On,Mobile,Chrome,Windows,/home
6d8e33e0-b1df-4841-8136-55253c666a33,2026_W27,S2147,U12075,2026-07-02 08:43:35,2026-07-02 09:17:35,Direct,Decade,Mobile,Chrome,MacOS,/products
6d8e33e0-b1df-4841-8136-55253c666a33,2026_W27,S2148,U23346,2026-07-01 22:51:30,2026-07-01 22:55:30,Facebook,School,Mobile,Firefox,iOS,/offers
6d8e33e0-b1df-4841-8136-55253c666a33,2026_W27,S2149,U1720,2026-07-02 22:15:04,2026-07-02 22:37:04,Google Ads,Trade,Tablet,Edge,Windows,/products
6d8e33e0-b1df-4841-8136-55253c666a33,2026_W27,S2150,U32145,2026-06-30 22:13:49,2026-06-30 22:39:49,Google Ads,Ten,Mobile,Edge,iOS,/offers
6d8e33e0-b1df-4841-8136-55253c666a33,2026_W27,S2151,U15153,2026-06-29 14:06:21,2026-06-29 14:17:21,Instagram,Performance,Mobile,Edge,Windows,/products
6d8e33e0-b1df-4841-8136-55253c666a33,2026_W27,S2152,U7210,2026-07-03 17:31:13,2026-07-03 17:38:13,Direct,Most,Tablet,Edge,Android,/offers
6d8e33e0-b1df-4841-8136-55253c666a33,2026_W27,S2153,U4763,2026-07-01 15:56:12,2026-07-01 16:03:12,Email,Word,Tablet,Firefox,MacOS,/offers
6d8e33e0-b1df-4841-8136-55253c666a33,2026_W27,S2154,U10931,2026-07-03 13:35:57,2026-07-03 13:45:57,Facebook,Million,Tablet,Edge,Windows,/products
6d8e33e0-b1df-4841-8136-55253c666a33,2026_W27,S2155,U15162,2026-07-04 09:05:01,2026-07-04 09:21:01,Email,Fund,Mobile,Firefox,Android,/home
6d8e33e0-b1df-4841-8136-55253c666a33,2026_W27,S2156,U20549,2026-07-01 20:35:27,2026-07-01 21:09:27,Email,Better,Desktop,Firefox,MacOS,/products
6d8e33e0-b1df-4841-8136-55253c666a33,2026_W27,S2157,U11554,2026-07-03 23:22:24,2026-07-03 23:30:24,Google Ads,Travel,Mobile,Chrome,Windows,/home
6d8e33e0-b1df-4841-8136-55253c666a33,2026_W27,S2158,U32934,2026-06-30 05:00:59,2026-06-30 05:39:59,Instagram,Expert,Desktop,Edge,iOS,/products
6d8e33e0-b1df-4841-8136-55253c666a33,2026_W27,S2159,U11076,2026-07-02 02:07:56,2026-07-02 02:37:56,Email,Range,Mobile,Firefox,iOS,/products
6d8e33e0-b1df-4841-8136-55253c666a33,2026_W27,S2160,U31607,2026-07-02 10:04:54,2026-07-02 10:40:54,Organic,Pick,Mobile,Edge,iOS,/products
6d8e33e0-b1df-4841-8136-55253c666a33,2026_W27,S2161,U19312,2026-07-04 15:43:11,2026-07-04 15:46:11,Facebook,Son,Tablet,Chrome,MacOS,/home
6d8e33e0-b1df-4841-8136-55253c666a33,2026_W27,S2162,U5383,2026-07-03 14:58:52,2026-07-03 15:22:52,Facebook,Already,Tablet,Edge,Windows,/offers
6d8e33e0-b1df-4841-8136-55253c666a33,2026_W27,S2163,U32801,2026-07-03 08:36:20,2026-07-03 08:49:20,Facebook,Great,Tablet,Edge,Windows,/home
6d8e33e0-b1df-4841-8136-55253c666a33,2026_W27,S2164,U30477,2026-07-04 17:35:03,2026-07-04 18:11:03,Instagram,Few,Desktop,Firefox,Android,/products
6d8e33e0-b1df-4841-8136-55253c666a33,2026_W27,S2165,U15102,2026-07-04 10:50:29,2026-07-04 11:00:29,Organic,Hard,Tablet,Safari,MacOS,/offers
6d8e33e0-b1df-4841-8136-55253c666a33,2026_W27,S2166,U27753,2026-07-04 18:27:09,2026-07-04 18:38:09,Google Ads,Must,Tablet,Safari,MacOS,/products
6d8e33e0-b1df-4841-8136-55253c666a33,2026_W27,S2167,U24163,2026-06-30 14:04:09,2026-06-30 14:25:09,Instagram,Person,Mobile,Edge,Windows,/home
6d8e33e0-b1df-4841-8136-55253c666a33,2026_W27,S2168,U34260,2026-07-01 08:48:10,2026-07-01 09:20:10,Organic,Give,Mobile,Safari,Windows,/home
6d8e33e0-b1df-4841-8136-55253c666a33,2026_W27,S2169,U11480,2026-07-01 12:43:04,2026-07-01 13:16:04,Email,Over,Tablet,Edge,iOS,/offers
6d8e33e0-b1df-4841-8136-55253c666a33,2026_W27,S2170,U19848,2026-07-01 04:24:19,2026-07-01 04:48:19,Email,Doctor,Tablet,Safari,Android,/products
6d8e33e0-b1df-4841-8136-55253c666a33,2026_W27,S2171,U22392,2026-06-30 17:40:38,2026-06-30 17:59:38,Organic,It,Mobile,Firefox,iOS,/offers
6d8e33e0-b1df-4841-8136-55253c666a33,2026_W27,S2172,U4321,2026-07-03 00:28:09,2026-07-03 00:35:09,Instagram,Evidence,Tablet,Safari,Android,/home
6d8e33e0-b1df-4841-8136-55253c666a33,2026_W27,S2173,U31163,2026-07-05 04:31:27,2026-07-05 04:33:27,Organic,Capital,Tablet,Firefox,MacOS,/offers
6d8e33e0-b1df-4841-8136-55253c666a33,2026_W27,S2174,U24759,2026-07-03 23:54:49,2026-07-04 00:00:49,Organic,Two,Tablet,Chrome,iOS,/home
6d8e33e0-b1df-4841-8136-55253c666a33,2026_W27,S2175,U32851,2026-06-29 14:08:26,2026-06-29 14:36:26,Organic,Speech,Mobile,Firefox,MacOS,/products
6d8e33e0-b1df-4841-8136-55253c666a33,2026_W27,S2176,U17822,2026-06-29 10:59:04,2026-06-29 11:36:04,Direct,Spend,Mobile,Firefox,Android,/home
6d8e33e0-b1df-4841-8136-55253c666a33,2026_W27,S2177,U2775,2026-07-02 02:00:14,2026-07-02 02:20:14,Organic,Paper,Tablet,Firefox,MacOS,/products
6d8e33e0-b1df-4841-8136-55253c666a33,2026_W27,S2178,U122,2026-07-04 13:59:32,2026-07-04 14:30:32,Direct,Throughout,Desktop,Safari,Android,/offers
6d8e33e0-b1df-4841-8136-55253c666a33,2026_W27,S2179,U21770,2026-07-05 02:27:44,2026-07-05 02:37:44,Instagram,Suffer,Mobile,Edge,iOS,/offers
6d8e33e0-b1df-4841-8136-55253c666a33,2026_W27,S2180,U15113,2026-07-01 15:15:37,2026-07-01 15:16:37,Direct,Sometimes,Mobile,Safari,iOS,/offers
6d8e33e0-b1df-4841-8136-55253c666a33,2026_W27,S2181,U3896,2026-07-04 08:43:15,2026-07-04 09:09:15,Google Ads,White,Desktop,Edge,MacOS,/offers
6d8e33e0-b1df-4841-8136-55253c666a33,2026_W27,S2182,U28207,2026-06-29 18:04:05,2026-06-29 18:29:05,Facebook,Go,Desktop,Edge,Windows,/home
6d8e33e0-b1df-4841-8136-55253c666a33,2026_W27,S2183,U4012,2026-07-02 04:29:55,2026-07-02 04:31:55,Direct,Away,Desktop,Firefox,iOS,/offers
6d8e33e0-b1df-4841-8136-55253c666a33,2026_W27,S2184,U5919,2026-07-02 10:41:22,2026-07-02 11:15:22,Instagram,Million,Mobile,Chrome,MacOS,/offers
6d8e33e0-b1df-4841-8136-55253c666a33,2026_W27,S2185,U34051,2026-07-01 05:18:54,2026-07-01 05:46:54,Email,Stock,Tablet,Chrome,Android,/home
6d8e33e0-b1df-4841-8136-55253c666a33,2026_W27,S2186,U9386,2026-07-03 16:25:53,2026-07-03 16:42:53,Google Ads,Test,Desktop,Edge,Windows,/offers
6d8e33e0-b1df-4841-8136-55253c666a33,2026_W27,S2187,U30626,2026-07-03 17:47:07,2026-07-03 17:54:07,Facebook,Season,Mobile,Edge,iOS,/home
6d8e33e0-b1df-4841-8136-55253c666a33,2026_W27,S2188,U14843,2026-06-29 23:14:49,2026-06-29 23:26:49,Google Ads,Still,Mobile,Firefox,iOS,/offers
6d8e33e0-b1df-4841-8136-55253c666a33,2026_W27,S2189,U22074,2026-07-04 05:58:51,2026-07-04 06:05:51,Email,Trade,Mobile,Safari,iOS,/products
6d8e33e0-b1df-4841-8136-55253c666a33,2026_W27,S2190,U3682,2026-06-29 09:11:27,2026-06-29 09:28:27,Direct,Again,Mobile,Chrome,iOS,/products
6d8e33e0-b1df-4841-8136-55253c666a33,2026_W27,S2191,U15906,2026-07-01 23:20:21,2026-07-01 23:37:21,Email,Be,Mobile,Edge,iOS,/offers
6d8e33e0-b1df-4841-8136-55253c666a33,2026_W27,S2192,U10911,2026-06-30 21:32:47,2026-06-30 21:57:47,Instagram,Man,Tablet,Firefox,Android,/offers
6d8e33e0-b1df-4841-8136-55253c666a33,2026_W27,S2193,U32231,2026-06-30 00:31:00,2026-06-30 01:01:00,Email,Shoulder,Mobile,Firefox,Windows,/offers
6d8e33e0-b1df-4841-8136-55253c666a33,2026_W27,S2194,U17483,2026-06-29 15:16:50,2026-06-29 15:40:50,Direct,Above,Mobile,Chrome,Android,/home
6d8e33e0-b1df-4841-8136-55253c666a33,2026_W27,S2195,U33148,2026-07-02 16:26:44,2026-07-02 16:27:44,Instagram,Seek,Tablet,Edge,MacOS,/offers
6d8e33e0-b1df-4841-8136-55253c666a33,2026_W27,S2196,U17852,2026-07-01 09:33:38,2026-07-01 09:46:38,Facebook,Brother,Tablet,Firefox,Windows,/products
6d8e33e0-b1df-4841-8136-55253c666a33,2026_W27,S2197,U22392,2026-06-30 14:18:25,2026-06-30 14:34:25,Direct,Get,Mobile,Edge,Android,/offers
6d8e33e0-b1df-4841-8136-55253c666a33,2026_W27,S2198,U2444,2026-07-04 16:45:20,2026-07-04 16:58:20,Instagram,Society,Tablet,Firefox,Windows,/offers
6d8e33e0-b1df-4841-8136-55253c666a33,2026_W27,S2199,U34429,2026-06-30 22:47:49,2026-06-30 22:50:49,Instagram,Painting,Tablet,Edge,MacOS,/products
6d8e33e0-b1df-4841-8136-55253c666a33,2026_W27,S2200,U29991,2026-07-02 05:33:17,2026-07-02 05:39:17,Organic,Hour,Tablet,Firefox,Android,/offers
6d8e33e0-b1df-4841-8136-55253c666a33,2026_W27,S2201,U24508,2026-07-02 10:36:57,2026-07-02 11:15:57,Direct,Hand,Desktop,Safari,Android,/products
6d8e33e0-b1df-4841-8136-55253c666a33,2026_W27,S2202,U751,2026-07-02 06:05:43,2026-07-02 06:33:43,Direct,Too,Desktop,Firefox,Windows,/home
6d8e33e0-b1df-4841-8136-55253c666a33,2026_W27,S2203,U23055,2026-07-02 07:10:10,2026-07-02 07:45:10,Direct,History,Tablet,Firefox,iOS,/home
6d8e33e0-b1df-4841-8136-55253c666a33,2026_W27,S2204,U28030,2026-06-29 22:44:06,2026-06-29 23:19:06,Facebook,Manage,Mobile,Firefox,Windows,/offers
6d8e33e0-b1df-4841-8136-55253c666a33,2026_W27,S2205,U32036,2026-07-03 01:46:06,2026-07-03 01:59:06,Google Ads,Occur,Desktop,Firefox,Android,/products
6d8e33e0-b1df-4841-8136-55253c666a33,2026_W27,S2206,U29313,2026-06-29 23:30:29,2026-06-30 00:02:29,Google Ads,Risk,Desktop,Chrome,Android,/home
6d8e33e0-b1df-4841-8136-55253c666a33,2026_W27,S2207,U11651,2026-07-01 04:24:52,2026-07-01 04:40:52,Instagram,Someone,Desktop,Safari,Android,/offers
6d8e33e0-b1df-4841-8136-55253c666a33,2026_W27,S2208,U21951,2026-07-04 16:00:01,2026-07-04 16:14:01,Instagram,Save,Mobile,Firefox,MacOS,/products
6d8e33e0-b1df-4841-8136-55253c666a33,2026_W27,S2209,U8240,2026-07-01 16:34:02,2026-07-01 17:03:02,Email,Southern,Mobile,Chrome,MacOS,/offers
6d8e33e0-b1df-4841-8136-55253c666a33,2026_W27,S2210,U3757,2026-06-29 10:35:17,2026-06-29 10:40:17,Facebook,Voice,Desktop,Edge,Android,/products
6d8e33e0-b1df-4841-8136-55253c666a33,2026_W27,S2211,U29427,2026-07-04 10:31:21,2026-07-04 10:54:21,Google Ads,Find,Mobile,Edge,Android,/offers
6d8e33e0-b1df-4841-8136-55253c666a33,2026_W27,S2212,U32045,2026-07-03 12:49:50,2026-07-03 12:56:50,Organic,Crime,Desktop,Firefox,MacOS,/products
6d8e33e0-b1df-4841-8136-55253c666a33,2026_W27,S2213,U4638,2026-06-30 11:24:42,2026-06-30 11:43:42,Email,State,Desktop,Edge,MacOS,/products
6d8e33e0-b1df-4841-8136-55253c666a33,2026_W27,S2214,U15292,2026-07-03 05:02:17,2026-07-03 05:07:17,Organic,Identify,Mobile,Firefox,Android,/home
6d8e33e0-b1df-4841-8136-55253c666a33,2026_W27,S2215,U22078,2026-07-02 19:05:56,2026-07-02 19:08:56,Direct,Street,Desktop,Firefox,iOS,/offers
6d8e33e0-b1df-4841-8136-55253c666a33,2026_W27,S2216,U32864,2026-06-30 04:57:25,2026-06-30 05:25:25,Facebook,Could,Desktop,Chrome,iOS,/home
6d8e33e0-b1df-4841-8136-55253c666a33,2026_W27,S2217,U9630,2026-07-03 06:59:14,2026-07-03 07:05:14,Email,Do,Desktop,Chrome,iOS,/offers
6d8e33e0-b1df-4841-8136-55253c666a33,2026_W27,S2218,U16334,2026-06-29 23:56:13,2026-06-30 00:24:13,Instagram,Commercial,Tablet,Firefox,MacOS,/offers
6d8e33e0-b1df-4841-8136-55253c666a33,2026_W27,S2219,U20612,2026-07-04 16:42:57,2026-07-04 17:19:57,Instagram,Part,Mobile,Chrome,MacOS,/home
6d8e33e0-b1df-4841-8136-55253c666a33,2026_W27,S2220,U4314,2026-06-29 09:07:56,2026-06-29 09:32:56,Instagram,Several,Desktop,Firefox,Android,/offers
6d8e33e0-b1df-4841-8136-55253c666a33,2026_W27,S2221,U7279,2026-07-02 09:29:33,2026-07-02 09:49:33,Google Ads,Side,Desktop,Firefox,Windows,/offers
6d8e33e0-b1df-4841-8136-55253c666a33,2026_W27,S2222,U4285,2026-07-04 09:08:56,2026-07-04 09:14:56,Facebook,Citizen,Desktop,Safari,Android,/products
6d8e33e0-b1df-4841-8136-55253c666a33,2026_W27,S2223,U5852,2026-07-04 18:06:58,2026-07-04 18:20:58,Google Ads,Decide,Mobile,Firefox,Windows,/home
6d8e33e0-b1df-4841-8136-55253c666a33,2026_W27,S2224,U18652,2026-06-29 09:44:42,2026-06-29 10:15:42,Facebook,Institution,Desktop,Safari,Windows,/home
6d8e33e0-b1df-4841-8136-55253c666a33,2026_W27,S2225,U31631,2026-07-02 02:37:45,2026-07-02 02:51:45,Facebook,Avoid,Mobile,Safari,MacOS,/products
6d8e33e0-b1df-4841-8136-55253c666a33,2026_W27,S2226,U7116,2026-07-02 09:36:26,2026-07-02 10:08:26,Instagram,Both,Desktop,Edge,Android,/products
6d8e33e0-b1df-4841-8136-55253c666a33,2026_W27,S2227,U2091,2026-07-05 02:45:44,2026-07-05 02:53:44,Direct,Nice,Desktop,Edge,iOS,/products
6d8e33e0-b1df-4841-8136-55253c666a33,2026_W27,S2228,U10252,2026-07-03 18:37:05,2026-07-03 19:01:05,Organic,Effect,Desktop,Edge,Windows,/home
6d8e33e0-b1df-4841-8136-55253c666a33,2026_W27,S2229,U18178,2026-07-05 05:30:02,2026-07-05 05:39:02,Instagram,Response,Tablet,Chrome,Android,/home
6d8e33e0-b1df-4841-8136-55253c666a33,2026_W27,S2230,U26115,2026-06-30 12:58:21,2026-06-30 13:21:21,Organic,Still,Desktop,Edge,MacOS,/products
6d8e33e0-b1df-4841-8136-55253c666a33,2026_W27,S2231,U12356,2026-07-02 05:58:35,2026-07-02 06:22:35,Google Ads,Stand,Mobile,Edge,MacOS,/products
6d8e33e0-b1df-4841-8136-55253c666a33,2026_W27,S2232,U10488,2026-07-03 17:17:39,2026-07-03 17:44:39,Google Ads,Six,Mobile,Edge,Android,/offers
6d8e33e0-b1df-4841-8136-55253c666a33,2026_W27,S2233,U16929,2026-07-04 11:55:23,2026-07-04 12:31:23,Facebook,History,Desktop,Firefox,iOS,/offers
6d8e33e0-b1df-4841-8136-55253c666a33,2026_W27,S2234,U18967,2026-07-02 22:34:59,2026-07-02 22:45:59,Organic,Along,Tablet,Edge,iOS,/home
6d8e33e0-b1df-4841-8136-55253c666a33,2026_W27,S2235,U22343,2026-07-02 18:38:05,2026-07-02 19:00:05,Facebook,Pick,Tablet,Firefox,Windows,/home
6d8e33e0-b1df-4841-8136-55253c666a33,2026_W27,S2236,U12979,2026-06-30 14:02:03,2026-06-30 14:29:03,Instagram,Small,Mobile,Chrome,Android,/home
6d8e33e0-b1df-4841-8136-55253c666a33,2026_W27,S2237,U27968,2026-06-30 12:26:18,2026-06-30 12:54:18,Instagram,Check,Desktop,Firefox,Android,/home
6d8e33e0-b1df-4841-8136-55253c666a33,2026_W27,S2238,U34967,2026-07-05 01:37:32,2026-07-05 02:11:32,Email,Job,Desktop,Firefox,Windows,/home
6d8e33e0-b1df-4841-8136-55253c666a33,2026_W27,S2239,U991,2026-07-02 19:45:53,2026-07-02 20:07:53,Facebook,Lead,Mobile,Chrome,Android,/home
6d8e33e0-b1df-4841-8136-55253c666a33,2026_W27,S2240,U26158,2026-06-30 04:54:40,2026-06-30 05:31:40,Direct,Its,Tablet,Chrome,MacOS,/home
6d8e33e0-b1df-4841-8136-55253c666a33,2026_W27,S2241,U18703,2026-06-30 07:17:28,2026-06-30 07:47:28,Google Ads,Eight,Tablet,Chrome,iOS,/offers
6d8e33e0-b1df-4841-8136-55253c666a33,2026_W27,S2242,U3336,2026-07-03 18:23:43,2026-07-03 18:24:43,Organic,Civil,Desktop,Firefox,iOS,/offers
6d8e33e0-b1df-4841-8136-55253c666a33,2026_W27,S2243,U34403,2026-06-30 10:17:24,2026-06-30 10:46:24,Facebook,Authority,Tablet,Chrome,MacOS,/products
6d8e33e0-b1df-4841-8136-55253c666a33,2026_W27,S2244,U20073,2026-07-03 21:05:15,2026-07-03 21:10:15,Organic,Plan,Tablet,Safari,Windows,/home
6d8e33e0-b1df-4841-8136-55253c666a33,2026_W27,S2245,U15197,2026-07-04 02:42:22,2026-07-04 02:49:22,Organic,Character,Desktop,Edge,iOS,/offers
6d8e33e0-b1df-4841-8136-55253c666a33,2026_W27,S2246,U27591,2026-06-30 05:16:59,2026-06-30 05:30:59,Facebook,Short,Tablet,Safari,MacOS,/offers
6d8e33e0-b1df-4841-8136-55253c666a33,2026_W27,S2247,U15356,2026-07-01 02:10:18,2026-07-01 02:34:18,Direct,If,Desktop,Edge,Android,/home
6d8e33e0-b1df-4841-8136-55253c666a33,2026_W27,S2248,U2784,2026-06-29 12:11:10,2026-06-29 12:27:10,Facebook,Threat,Mobile,Firefox,MacOS,/offers
6d8e33e0-b1df-4841-8136-55253c666a33,2026_W27,S2249,U34200,2026-07-03 10:23:22,2026-07-03 10:34:22,Google Ads,Natural,Mobile,Chrome,Android,/products
6d8e33e0-b1df-4841-8136-55253c666a33,2026_W27,S2250,U3912,2026-06-30 09:34:46,2026-06-30 09:39:46,Instagram,Page,Tablet,Safari,Windows,/home
6d8e33e0-b1df-4841-8136-55253c666a33,2026_W27,S2251,U31649,2026-07-03 06:44:32,2026-07-03 07:17:32,Direct,Fill,Tablet,Edge,MacOS,/products
6d8e33e0-b1df-4841-8136-55253c666a33,2026_W27,S2252,U23810,2026-07-03 07:40:21,2026-07-03 07:41:21,Facebook,Station,Tablet,Chrome,Windows,/home
6d8e33e0-b1df-4841-8136-55253c666a33,2026_W27,S2253,U395,2026-06-30 23:09:55,2026-06-30 23:35:55,Organic,Available,Desktop,Edge,Windows,/offers
6d8e33e0-b1df-4841-8136-55253c666a33,2026_W27,S2254,U26710,2026-07-05 02:30:17,2026-07-05 02:43:17,Direct,Understand,Desktop,Safari,Windows,/home
6d8e33e0-b1df-4841-8136-55253c666a33,2026_W27,S2255,U11959,2026-07-05 05:59:07,2026-07-05 06:00:07,Instagram,Window,Mobile,Safari,MacOS,/products
6d8e33e0-b1df-4841-8136-55253c666a33,2026_W27,S2256,U15794,2026-07-05 04:47:28,2026-07-05 05:20:28,Google Ads,Loss,Mobile,Edge,Android,/home
6d8e33e0-b1df-4841-8136-55253c666a33,2026_W27,S2257,U29106,2026-07-02 12:30:02,2026-07-02 12:31:02,Direct,Sometimes,Tablet,Edge,iOS,/home
6d8e33e0-b1df-4841-8136-55253c666a33,2026_W27,S2258,U31762,2026-07-04 07:42:06,2026-07-04 08:10:06,Instagram,Season,Desktop,Chrome,Windows,/products
6d8e33e0-b1df-4841-8136-55253c666a33,2026_W27,S2259,U20823,2026-06-29 10:34:32,2026-06-29 10:46:32,Direct,And,Mobile,Chrome,Windows,/offers
6d8e33e0-b1df-4841-8136-55253c666a33,2026_W27,S2260,U13377,2026-07-05 02:20:08,2026-07-05 02:22:08,Google Ads,Against,Tablet,Chrome,Windows,/offers
6d8e33e0-b1df-4841-8136-55253c666a33,2026_W27,S2261,U21272,2026-07-04 17:17:21,2026-07-04 17:26:21,Direct,Already,Mobile,Chrome,iOS,/products
6d8e33e0-b1df-4841-8136-55253c666a33,2026_W27,S2262,U31674,2026-07-04 08:59:28,2026-07-04 09:36:28,Email,Memory,Desktop,Edge,Windows,/offers
6d8e33e0-b1df-4841-8136-55253c666a33,2026_W27,S2263,U15392,2026-07-04 04:17:05,2026-07-04 04:38:05,Google Ads,Real,Tablet,Chrome,Windows,/home
6d8e33e0-b1df-4841-8136-55253c666a33,2026_W27,S2264,U8017,2026-07-04 13:59:52,2026-07-04 14:09:52,Instagram,Young,Mobile,Safari,Windows,/offers
6d8e33e0-b1df-4841-8136-55253c666a33,2026_W27,S2265,U7646,2026-07-01 14:48:25,2026-07-01 15:25:25,Email,Rule,Tablet,Firefox,iOS,/home
6d8e33e0-b1df-4841-8136-55253c666a33,2026_W27,S2266,U28810,2026-07-03 23:01:41,2026-07-03 23:38:41,Email,Main,Desktop,Chrome,Windows,/offers
6d8e33e0-b1df-4841-8136-55253c666a33,2026_W27,S2267,U33078,2026-06-30 03:33:07,2026-06-30 03:46:07,Direct,Report,Tablet,Safari,Android,/products
6d8e33e0-b1df-4841-8136-55253c666a33,2026_W27,S2268,U13612,2026-06-30 12:45:55,2026-06-30 12:51:55,Google Ads,Series,Tablet,Chrome,Windows,/offers
6d8e33e0-b1df-4841-8136-55253c666a33,2026_W27,S2269,U5101,2026-06-30 07:49:21,2026-06-30 08:14:21,Organic,Nothing,Tablet,Chrome,Windows,/offers
6d8e33e0-b1df-4841-8136-55253c666a33,2026_W27,S2270,U26669,2026-06-30 09:46:01,2026-06-30 10:09:01,Facebook,Military,Desktop,Firefox,Windows,/home
6d8e33e0-b1df-4841-8136-55253c666a33,2026_W27,S2271,U22301,2026-06-29 19:15:36,2026-06-29 19:25:36,Instagram,Rise,Tablet,Firefox,Windows,/home
6d8e33e0-b1df-4841-8136-55253c666a33,2026_W27,S2272,U14312,2026-07-03 01:58:40,2026-07-03 02:35:40,Facebook,Wide,Tablet,Chrome,Android,/offers
6d8e33e0-b1df-4841-8136-55253c666a33,2026_W27,S2273,U3480,2026-07-03 11:27:05,2026-07-03 12:04:05,Instagram,Can,Tablet,Chrome,MacOS,/home
6d8e33e0-b1df-4841-8136-55253c666a33,2026_W27,S2274,U12910,2026-07-01 08:30:06,2026-07-01 08:44:06,Email,Behind,Mobile,Edge,Windows,/products
6d8e33e0-b1df-4841-8136-55253c666a33,2026_W27,S2275,U22496,2026-07-01 10:21:31,2026-07-01 10:58:31,Email,Floor,Mobile,Edge,MacOS,/home
6d8e33e0-b1df-4841-8136-55253c666a33,2026_W27,S2276,U30631,2026-07-03 10:33:36,2026-07-03 11:11:36,Email,Movie,Tablet,Firefox,Android,/home
6d8e33e0-b1df-4841-8136-55253c666a33,2026_W27,S2277,U17255,2026-07-01 06:50:22,2026-07-01 07:27:22,Organic,Sell,Desktop,Firefox,iOS,/offers
6d8e33e0-b1df-4841-8136-55253c666a33,2026_W27,S2278,U19416,2026-06-29 09:19:34,2026-06-29 09:34:34,Facebook,Explain,Mobile,Firefox,iOS,/products
6d8e33e0-b1df-4841-8136-55253c666a33,2026_W27,S2279,U7155,2026-07-04 10:25:56,2026-07-04 10:26:56,Organic,View,Tablet,Chrome,MacOS,/products
6d8e33e0-b1df-4841-8136-55253c666a33,2026_W27,S2280,U4841,2026-07-04 12:51:49,2026-07-04 13:18:49,Organic,Music,Desktop,Chrome,iOS,/products
6d8e33e0-b1df-4841-8136-55253c666a33,2026_W27,S2281,U30145,2026-07-01 13:44:50,2026-07-01 13:49:50,Organic,Decision,Desktop,Chrome,MacOS,/products
6d8e33e0-b1df-4841-8136-55253c666a33,2026_W27,S2282,U23173,2026-07-02 13:14:41,2026-07-02 13:37:41,Google Ads,Standard,Tablet,Safari,iOS,/products
6d8e33e0-b1df-4841-8136-55253c666a33,2026_W27,S2283,U2992,2026-07-04 23:05:01,2026-07-04 23:07:01,Facebook,Bank,Tablet,Chrome,Android,/products
6d8e33e0-b1df-4841-8136-55253c666a33,2026_W27,S2284,U33366,2026-07-03 07:21:39,2026-07-03 07:22:39,Instagram,Increase,Desktop,Safari,Windows,/offers
6d8e33e0-b1df-4841-8136-55253c666a33,2026_W27,S2285,U29628,2026-07-01 11:30:25,2026-07-01 11:44:25,Direct,Current,Desktop,Firefox,iOS,/offers
6d8e33e0-b1df-4841-8136-55253c666a33,2026_W27,S2286,U34542,2026-06-29 13:29:48,2026-06-29 14:02:48,Facebook,New,Mobile,Firefox,Windows,/products
6d8e33e0-b1df-4841-8136-55253c666a33,2026_W27,S2287,U18377,2026-07-01 13:06:04,2026-07-01 13:39:04,Instagram,Read,Desktop,Safari,Android,/home
6d8e33e0-b1df-4841-8136-55253c666a33,2026_W27,S2288,U1790,2026-07-01 04:38:36,2026-07-01 04:46:36,Direct,Coach,Tablet,Firefox,MacOS,/home
6d8e33e0-b1df-4841-8136-55253c666a33,2026_W27,S2289,U9717,2026-07-05 00:48:24,2026-07-05 00:58:24,Facebook,Me,Mobile,Firefox,iOS,/home
6d8e33e0-b1df-4841-8136-55253c666a33,2026_W27,S2290,U19512,2026-07-02 16:56:52,2026-07-02 17:16:52,Email,Adult,Tablet,Edge,MacOS,/products
6d8e33e0-b1df-4841-8136-55253c666a33,2026_W27,S2291,U26714,2026-07-03 07:57:15,2026-07-03 08:03:15,Facebook,Hold,Tablet,Safari,Android,/offers
6d8e33e0-b1df-4841-8136-55253c666a33,2026_W27,S2292,U9267,2026-07-01 02:23:06,2026-07-01 02:28:06,Direct,Agency,Desktop,Safari,iOS,/offers
6d8e33e0-b1df-4841-8136-55253c666a33,2026_W27,S2293,U23885,2026-06-30 11:36:45,2026-06-30 12:13:45,Organic,Detail,Mobile,Edge,iOS,/home
6d8e33e0-b1df-4841-8136-55253c666a33,2026_W27,S2294,U22427,2026-06-29 21:06:05,2026-06-29 21:13:05,Direct,Culture,Mobile,Safari,MacOS,/offers
6d8e33e0-b1df-4841-8136-55253c666a33,2026_W27,S2295,U24177,2026-07-01 19:53:47,2026-07-01 20:07:47,Instagram,Go,Tablet,Chrome,iOS,/products
6d8e33e0-b1df-4841-8136-55253c666a33,2026_W27,S2296,U8165,2026-06-30 00:57:14,2026-06-30 01:11:14,Organic,Day,Desktop,Firefox,Windows,/home
6d8e33e0-b1df-4841-8136-55253c666a33,2026_W27,S2297,U33350,2026-06-30 19:15:46,2026-06-30 19:39:46,Email,Organization,Mobile,Safari,iOS,/home
6d8e33e0-b1df-4841-8136-55253c666a33,2026_W27,S2298,U634,2026-07-02 06:00:31,2026-07-02 06:38:31,Email,Senior,Mobile,Safari,iOS,/products
6d8e33e0-b1df-4841-8136-55253c666a33,2026_W27,S2299,U8843,2026-07-05 06:07:51,2026-07-05 06:36:51,Instagram,Always,Tablet,Safari,iOS,/home
6d8e33e0-b1df-4841-8136-55253c666a33,2026_W27,S2300,U25166,2026-07-04 21:54:30,2026-07-04 21:58:30,Direct,Political,Mobile,Chrome,MacOS,/home
6d8e33e0-b1df-4841-8136-55253c666a33,2026_W27,S2301,U6983,2026-06-30 10:04:09,2026-06-30 10:22:09,Organic,Book,Mobile,Chrome,MacOS,/products
6d8e33e0-b1df-4841-8136-55253c666a33,2026_W27,S2302,U2353,2026-06-30 09:09:33,2026-06-30 09:45:33,Facebook,Issue,Desktop,Safari,Android,/home
6d8e33e0-b1df-4841-8136-55253c666a33,2026_W27,S2303,U194,2026-07-03 06:14:03,2026-07-03 06:19:03,Organic,Player,Desktop,Safari,MacOS,/home
6d8e33e0-b1df-4841-8136-55253c666a33,2026_W27,S2304,U33137,2026-07-04 13:52:30,2026-07-04 13:57:30,Organic,Near,Mobile,Safari,Android,/products
6d8e33e0-b1df-4841-8136-55253c666a33,2026_W27,S2305,U31388,2026-07-05 00:21:37,2026-07-05 00:51:37,Organic,Politics,Mobile,Firefox,iOS,/offers
6d8e33e0-b1df-4841-8136-55253c666a33,2026_W27,S2306,U9177,2026-07-04 16:27:49,2026-07-04 16:56:49,Google Ads,Of,Tablet,Edge,iOS,/offers
6d8e33e0-b1df-4841-8136-55253c666a33,2026_W27,S2307,U9554,2026-07-04 00:38:15,2026-07-04 01:04:15,Instagram,Support,Desktop,Firefox,iOS,/products
6d8e33e0-b1df-4841-8136-55253c666a33,2026_W27,S2308,U8826,2026-06-30 08:51:41,2026-06-30 09:29:41,Google Ads,Physical,Tablet,Firefox,MacOS,/offers
6d8e33e0-b1df-4841-8136-55253c666a33,2026_W27,S2309,U34150,2026-07-02 15:49:16,2026-07-02 16:28:16,Google Ads,According,Tablet,Safari,Android,/offers
6d8e33e0-b1df-4841-8136-55253c666a33,2026_W27,S2310,U32358,2026-07-03 07:28:45,2026-07-03 07:41:45,Instagram,Board,Mobile,Chrome,Windows,/offers
6d8e33e0-b1df-4841-8136-55253c666a33,2026_W27,S2311,U23799,2026-07-02 03:22:19,2026-07-02 03:36:19,Direct,Deep,Desktop,Edge,MacOS,/products
6d8e33e0-b1df-4841-8136-55253c666a33,2026_W27,S2312,U30164,2026-07-02 21:58:44,2026-07-02 22:29:44,Email,Later,Desktop,Edge,Android,/offers
6d8e33e0-b1df-4841-8136-55253c666a33,2026_W27,S2313,U28586,2026-07-03 20:54:58,2026-07-03 21:34:58,Organic,Along,Desktop,Edge,MacOS,/offers
6d8e33e0-b1df-4841-8136-55253c666a33,2026_W27,S2314,U11873,2026-07-03 22:39:11,2026-07-03 23:05:11,Organic,Daughter,Desktop,Chrome,MacOS,/home
6d8e33e0-b1df-4841-8136-55253c666a33,2026_W27,S2315,U9511,2026-06-30 20:27:01,2026-06-30 20:37:01,Google Ads,Safe,Tablet,Chrome,Android,/offers
6d8e33e0-b1df-4841-8136-55253c666a33,2026_W27,S2316,U13576,2026-07-03 21:52:32,2026-07-03 21:59:32,Email,Avoid,Mobile,Safari,Android,/products
6d8e33e0-b1df-4841-8136-55253c666a33,2026_W27,S2317,U4589,2026-06-30 15:18:09,2026-06-30 15:36:09,Facebook,Throw,Desktop,Edge,iOS,/home
6d8e33e0-b1df-4841-8136-55253c666a33,2026_W27,S2318,U2094,2026-06-30 23:32:48,2026-07-01 00:04:48,Email,Eight,Desktop,Firefox,Android,/products
6d8e33e0-b1df-4841-8136-55253c666a33,2026_W27,S2319,U33871,2026-07-04 18:18:11,2026-07-04 18:38:11,Email,Now,Desktop,Edge,MacOS,/offers
6d8e33e0-b1df-4841-8136-55253c666a33,2026_W27,S2320,U3660,2026-07-02 06:52:48,2026-07-02 07:20:48,Facebook,Daughter,Desktop,Firefox,Windows,/offers
6d8e33e0-b1df-4841-8136-55253c666a33,2026_W27,S2321,U11817,2026-07-04 01:14:47,2026-07-04 01:44:47,Facebook,Together,Tablet,Edge,Windows,/home
6d8e33e0-b1df-4841-8136-55253c666a33,2026_W27,S2322,U11841,2026-07-01 09:41:59,2026-07-01 09:50:59,Instagram,Service,Tablet,Edge,Windows,/offers
6d8e33e0-b1df-4841-8136-55253c666a33,2026_W27,S2323,U9879,2026-06-30 07:10:27,2026-06-30 07:20:27,Direct,Maintain,Desktop,Chrome,iOS,/products
6d8e33e0-b1df-4841-8136-55253c666a33,2026_W27,S2324,U33729,2026-06-29 11:35:26,2026-06-29 11:53:26,Google Ads,Watch,Tablet,Firefox,Android,/offers
6d8e33e0-b1df-4841-8136-55253c666a33,2026_W27,S2325,U21330,2026-07-04 03:46:52,2026-07-04 04:17:52,Instagram,House,Desktop,Chrome,iOS,/offers
6d8e33e0-b1df-4841-8136-55253c666a33,2026_W27,S2326,U28751,2026-07-04 06:52:47,2026-07-04 07:17:47,Facebook,Have,Desktop,Edge,MacOS,/products
6d8e33e0-b1df-4841-8136-55253c666a33,2026_W27,S2327,U19787,2026-06-29 15:36:26,2026-06-29 15:45:26,Instagram,Serve,Desktop,Firefox,Android,/offers
6d8e33e0-b1df-4841-8136-55253c666a33,2026_W27,S2328,U16400,2026-07-01 21:23:15,2026-07-01 21:30:15,Email,Cell,Tablet,Safari,MacOS,/products
6d8e33e0-b1df-4841-8136-55253c666a33,2026_W27,S2329,U17867,2026-07-03 13:43:34,2026-07-03 13:45:34,Direct,Southern,Mobile,Edge,MacOS,/home
6d8e33e0-b1df-4841-8136-55253c666a33,2026_W27,S2330,U11410,2026-07-05 07:58:07,2026-07-05 08:00:07,Facebook,Whatever,Tablet,Chrome,iOS,/offers
6d8e33e0-b1df-4841-8136-55253c666a33,2026_W27,S2331,U8631,2026-07-02 15:33:20,2026-07-02 15:57:20,Facebook,On,Mobile,Firefox,MacOS,/products
6d8e33e0-b1df-4841-8136-55253c666a33,2026_W27,S2332,U15791,2026-07-04 10:11:05,2026-07-04 10:39:05,Organic,Heart,Tablet,Edge,Android,/products
6d8e33e0-b1df-4841-8136-55253c666a33,2026_W27,S2333,U34860,2026-07-03 11:35:19,2026-07-03 11:56:19,Email,Focus,Mobile,Chrome,Android,/home
6d8e33e0-b1df-4841-8136-55253c666a33,2026_W27,S2334,U13070,2026-07-03 12:50:46,2026-07-03 13:11:46,Email,Table,Desktop,Edge,Windows,/products
6d8e33e0-b1df-4841-8136-55253c666a33,2026_W27,S2335,U27362,2026-06-30 21:17:07,2026-06-30 21:23:07,Instagram,Figure,Desktop,Safari,iOS,/offers
6d8e33e0-b1df-4841-8136-55253c666a33,2026_W27,S2336,U7178,2026-07-04 14:47:27,2026-07-04 14:50:27,Facebook,For,Tablet,Firefox,Android,/offers
6d8e33e0-b1df-4841-8136-55253c666a33,2026_W27,S2337,U19345,2026-06-30 20:06:09,2026-06-30 20:27:09,Instagram,Live,Tablet,Chrome,Android,/products
6d8e33e0-b1df-4841-8136-55253c666a33,2026_W27,S2338,U17427,2026-06-30 02:01:25,2026-06-30 02:11:25,Direct,Win,Desktop,Safari,Windows,/products
6d8e33e0-b1df-4841-8136-55253c666a33,2026_W27,S2339,U9346,2026-06-30 17:36:43,2026-06-30 17:40:43,Email,Worry,Mobile,Firefox,Android,/offers
6d8e33e0-b1df-4841-8136-55253c666a33,2026_W27,S2340,U25065,2026-06-30 10:43:56,2026-06-30 10:56:56,Email,Speak,Tablet,Chrome,Windows,/products
6d8e33e0-b1df-4841-8136-55253c666a33,2026_W27,S2341,U6610,2026-07-04 14:12:57,2026-07-04 14:27:57,Instagram,Spend,Desktop,Chrome,Android,/home
6d8e33e0-b1df-4841-8136-55253c666a33,2026_W27,S2342,U20501,2026-06-29 19:30:59,2026-06-29 19:48:59,Facebook,Glass,Tablet,Safari,Android,/home
6d8e33e0-b1df-4841-8136-55253c666a33,2026_W27,S2343,U26710,2026-06-29 22:58:53,2026-06-29 22:59:53,Direct,Commercial,Tablet,Edge,iOS,/products
6d8e33e0-b1df-4841-8136-55253c666a33,2026_W27,S2344,U8459,2026-07-02 19:29:29,2026-07-02 19:31:29,Facebook,Word,Tablet,Firefox,Android,/offers
6d8e33e0-b1df-4841-8136-55253c666a33,2026_W27,S2345,U7079,2026-07-01 14:01:57,2026-07-01 14:11:57,Direct,Training,Desktop,Safari,Windows,/offers
6d8e33e0-b1df-4841-8136-55253c666a33,2026_W27,S2346,U9790,2026-07-01 14:31:11,2026-07-01 15:06:11,Instagram,Open,Desktop,Firefox,Windows,/home
6d8e33e0-b1df-4841-8136-55253c666a33,2026_W27,S2347,U12843,2026-07-05 03:05:07,2026-07-05 03:35:07,Direct,Goal,Desktop,Chrome,iOS,/offers
6d8e33e0-b1df-4841-8136-55253c666a33,2026_W27,S2348,U10084,2026-06-30 22:13:13,2026-06-30 22:26:13,Direct,Occur,Tablet,Safari,MacOS,/home
6d8e33e0-b1df-4841-8136-55253c666a33,2026_W27,S2349,U32566,2026-07-01 10:08:52,2026-07-01 10:33:52,Google Ads,Life,Tablet,Safari,Windows,/home
6d8e33e0-b1df-4841-8136-55253c666a33,2026_W27,S2350,U29827,2026-07-04 02:16:13,2026-07-04 02:41:13,Organic,Energy,Tablet,Edge,Windows,/home
6d8e33e0-b1df-4841-8136-55253c666a33,2026_W27,S2351,U32410,2026-07-02 23:58:55,2026-07-03 00:13:55,Google Ads,Require,Tablet,Chrome,Android,/products
6d8e33e0-b1df-4841-8136-55253c666a33,2026_W27,S2352,U3928,2026-07-01 05:47:14,2026-07-01 06:06:14,Google Ads,Professor,Mobile,Safari,MacOS,/offers
6d8e33e0-b1df-4841-8136-55253c666a33,2026_W27,S2353,U24433,2026-06-30 13:47:45,2026-06-30 13:51:45,Organic,Rate,Mobile,Edge,Android,/products
6d8e33e0-b1df-4841-8136-55253c666a33,2026_W27,S2354,U2751,2026-07-05 05:00:42,2026-07-05 05:18:42,Organic,Through,Desktop,Chrome,MacOS,/offers
6d8e33e0-b1df-4841-8136-55253c666a33,2026_W27,S2355,U22458,2026-07-04 17:32:07,2026-07-04 18:03:07,Google Ads,News,Tablet,Safari,Android,/products
6d8e33e0-b1df-4841-8136-55253c666a33,2026_W27,S2356,U34706,2026-07-01 16:34:48,2026-07-01 17:13:48,Google Ads,Have,Desktop,Safari,MacOS,/home
6d8e33e0-b1df-4841-8136-55253c666a33,2026_W27,S2357,U22430,2026-07-01 01:49:02,2026-07-01 02:23:02,Facebook,Bad,Desktop,Safari,Windows,/products
6d8e33e0-b1df-4841-8136-55253c666a33,2026_W27,S2358,U687,2026-06-30 05:26:42,2026-06-30 05:49:42,Facebook,Understand,Desktop,Edge,Android,/offers
6d8e33e0-b1df-4841-8136-55253c666a33,2026_W27,S2359,U33770,2026-06-30 20:20:54,2026-06-30 20:48:54,Organic,Make,Tablet,Firefox,MacOS,/offers
6d8e33e0-b1df-4841-8136-55253c666a33,2026_W27,S2360,U3779,2026-07-03 09:09:28,2026-07-03 09:38:28,Email,Walk,Tablet,Edge,MacOS,/home
6d8e33e0-b1df-4841-8136-55253c666a33,2026_W27,S2361,U26610,2026-06-30 14:25:15,2026-06-30 14:30:15,Instagram,Century,Mobile,Firefox,Windows,/products
6d8e33e0-b1df-4841-8136-55253c666a33,2026_W27,S2362,U16279,2026-06-30 06:23:51,2026-06-30 06:39:51,Facebook,Form,Desktop,Chrome,Windows,/offers
6d8e33e0-b1df-4841-8136-55253c666a33,2026_W27,S2363,U27656,2026-06-30 02:59:50,2026-06-30 03:39:50,Google Ads,May,Mobile,Safari,iOS,/offers
6d8e33e0-b1df-4841-8136-55253c666a33,2026_W27,S2364,U6610,2026-07-04 06:42:15,2026-07-04 07:19:15,Email,Hot,Mobile,Chrome,Windows,/products
6d8e33e0-b1df-4841-8136-55253c666a33,2026_W27,S2365,U15312,2026-07-03 02:25:41,2026-07-03 02:26:41,Instagram,Turn,Desktop,Edge,MacOS,/offers
6d8e33e0-b1df-4841-8136-55253c666a33,2026_W27,S2366,U2275,2026-07-02 20:45:49,2026-07-02 21:03:49,Email,More,Tablet,Edge,iOS,/home
6d8e33e0-b1df-4841-8136-55253c666a33,2026_W27,S2367,U20888,2026-07-02 23:52:36,2026-07-03 00:12:36,Google Ads,Federal,Mobile,Safari,MacOS,/offers
6d8e33e0-b1df-4841-8136-55253c666a33,2026_W27,S2368,U17094,2026-07-05 03:29:18,2026-07-05 03:49:18,Facebook,Read,Desktop,Safari,Windows,/offers
6d8e33e0-b1df-4841-8136-55253c666a33,2026_W27,S2369,U23190,2026-07-04 16:07:11,2026-07-04 16:31:11,Email,Result,Desktop,Firefox,Windows,/home
6d8e33e0-b1df-4841-8136-55253c666a33,2026_W27,S2370,U26726,2026-06-30 21:00:39,2026-06-30 21:31:39,Organic,Those,Tablet,Chrome,Windows,/products
6d8e33e0-b1df-4841-8136-55253c666a33,2026_W27,S2371,U23917,2026-07-03 09:22:55,2026-07-03 09:32:55,Direct,Official,Mobile,Edge,Android,/home
6d8e33e0-b1df-4841-8136-55253c666a33,2026_W27,S2372,U9500,2026-07-01 07:34:32,2026-07-01 08:12:32,Google Ads,Moment,Tablet,Edge,iOS,/home
6d8e33e0-b1df-4841-8136-55253c666a33,2026_W27,S2373,U22095,2026-07-01 14:44:44,2026-07-01 14:59:44,Google Ads,My,Desktop,Safari,Android,/home
6d8e33e0-b1df-4841-8136-55253c666a33,2026_W27,S2374,U20448,2026-06-30 04:55:06,2026-06-30 05:03:06,Instagram,Across,Mobile,Edge,Android,/offers
6d8e33e0-b1df-4841-8136-55253c666a33,2026_W27,S2375,U19694,2026-07-01 23:43:39,2026-07-01 23:48:39,Email,Perhaps,Tablet,Firefox,Windows,/home
6d8e33e0-b1df-4841-8136-55253c666a33,2026_W27,S2376,U6897,2026-07-03 01:08:19,2026-07-03 01:16:19,Facebook,Support,Tablet,Safari,Android,/home
6d8e33e0-b1df-4841-8136-55253c666a33,2026_W27,S2377,U27391,2026-07-01 14:31:12,2026-07-01 14:33:12,Email,Body,Desktop,Chrome,Windows,/offers
6d8e33e0-b1df-4841-8136-55253c666a33,2026_W27,S2378,U32910,2026-07-03 18:03:05,2026-07-03 18:05:05,Facebook,Remember,Mobile,Firefox,Android,/offers
6d8e33e0-b1df-4841-8136-55253c666a33,2026_W27,S2379,U24984,2026-06-29 14:01:04,2026-06-29 14:18:04,Google Ads,Community,Desktop,Chrome,Windows,/home
6d8e33e0-b1df-4841-8136-55253c666a33,2026_W27,S2380,U31516,2026-06-30 08:26:07,2026-06-30 08:45:07,Email,Type,Tablet,Safari,Android,/products
6d8e33e0-b1df-4841-8136-55253c666a33,2026_W27,S2381,U14655,2026-07-03 05:49:10,2026-07-03 06:02:10,Facebook,Blood,Tablet,Chrome,Windows,/offers
6d8e33e0-b1df-4841-8136-55253c666a33,2026_W27,S2382,U11841,2026-07-04 09:01:24,2026-07-04 09:36:24,Instagram,Loss,Desktop,Edge,Android,/home
6d8e33e0-b1df-4841-8136-55253c666a33,2026_W27,S2383,U14180,2026-07-01 08:37:32,2026-07-01 09:03:32,Organic,Option,Mobile,Edge,Windows,/products
6d8e33e0-b1df-4841-8136-55253c666a33,2026_W27,S2384,U30155,2026-06-30 14:31:51,2026-06-30 14:39:51,Facebook,Again,Mobile,Firefox,MacOS,/home
6d8e33e0-b1df-4841-8136-55253c666a33,2026_W27,S2385,U21337,2026-07-01 01:21:46,2026-07-01 01:26:46,Organic,Arrive,Desktop,Edge,MacOS,/offers
6d8e33e0-b1df-4841-8136-55253c666a33,2026_W27,S2386,U28454,2026-07-03 15:32:14,2026-07-03 15:41:14,Direct,Boy,Mobile,Safari,Windows,/offers
6d8e33e0-b1df-4841-8136-55253c666a33,2026_W27,S2387,U607,2026-07-01 20:24:06,2026-07-01 20:57:06,Organic,Role,Mobile,Edge,iOS,/offers
6d8e33e0-b1df-4841-8136-55253c666a33,2026_W27,S2388,U25587,2026-07-02 20:18:13,2026-07-02 20:56:13,Facebook,Morning,Tablet,Firefox,iOS,/products
6d8e33e0-b1df-4841-8136-55253c666a33,2026_W27,S2389,U33093,2026-06-30 04:05:06,2026-06-30 04:29:06,Email,Page,Desktop,Firefox,Windows,/offers
6d8e33e0-b1df-4841-8136-55253c666a33,2026_W27,S2390,U13664,2026-07-04 11:34:36,2026-07-04 11:44:36,Email,Interview,Mobile,Edge,Android,/products
6d8e33e0-b1df-4841-8136-55253c666a33,2026_W27,S2391,U20239,2026-07-04 16:48:05,2026-07-04 17:07:05,Instagram,Material,Mobile,Firefox,Android,/offers
6d8e33e0-b1df-4841-8136-55253c666a33,2026_W27,S2392,U6732,2026-07-04 05:41:07,2026-07-04 05:46:07,Google Ads,Resource,Desktop,Chrome,iOS,/home
6d8e33e0-b1df-4841-8136-55253c666a33,2026_W27,S2393,U23475,2026-07-05 06:25:48,2026-07-05 06:28:48,Organic,Us,Mobile,Edge,MacOS,/products
6d8e33e0-b1df-4841-8136-55253c666a33,2026_W27,S2394,U5996,2026-07-03 07:19:28,2026-07-03 07:54:28,Organic,Heart,Desktop,Chrome,Android,/products
6d8e33e0-b1df-4841-8136-55253c666a33,2026_W27,S2395,U3254,2026-06-29 13:53:31,2026-06-29 14:14:31,Google Ads,Reality,Mobile,Firefox,MacOS,/home
6d8e33e0-b1df-4841-8136-55253c666a33,2026_W27,S2396,U30706,2026-07-01 02:53:45,2026-07-01 03:29:45,Direct,Actually,Tablet,Chrome,iOS,/products
6d8e33e0-b1df-4841-8136-55253c666a33,2026_W27,S2397,U30969,2026-07-01 06:49:28,2026-07-01 06:50:28,Instagram,Sort,Desktop,Safari,MacOS,/products
6d8e33e0-b1df-4841-8136-55253c666a33,2026_W27,S2398,U28736,2026-07-04 05:23:06,2026-07-04 05:45:06,Facebook,Example,Mobile,Safari,Windows,/products
6d8e33e0-b1df-4841-8136-55253c666a33,2026_W27,S2399,U19090,2026-07-01 12:06:17,2026-07-01 12:38:17,Email,Particular,Mobile,Safari,Windows,/offers
6d8e33e0-b1df-4841-8136-55253c666a33,2026_W27,S2400,U32071,2026-07-01 10:40:26,2026-07-01 11:07:26,Facebook,Cold,Desktop,Edge,MacOS,/products
6d8e33e0-b1df-4841-8136-55253c666a33,2026_W27,S2401,U22735,2026-07-03 02:55:49,2026-07-03 03:07:49,Google Ads,Out,Mobile,Safari,Android,/home
6d8e33e0-b1df-4841-8136-55253c666a33,2026_W27,S2402,U23512,2026-07-01 07:17:52,2026-07-01 07:41:52,Google Ads,Law,Tablet,Chrome,MacOS,/home
6d8e33e0-b1df-4841-8136-55253c666a33,2026_W27,S2403,U12852,2026-06-29 22:34:34,2026-06-29 23:06:34,Email,Chance,Tablet,Edge,MacOS,/offers
6d8e33e0-b1df-4841-8136-55253c666a33,2026_W27,S2404,U5501,2026-06-30 14:33:04,2026-06-30 15:08:04,Organic,House,Mobile,Chrome,Android,/products
6d8e33e0-b1df-4841-8136-55253c666a33,2026_W27,S2405,U134,2026-07-01 10:56:17,2026-07-01 11:07:17,Organic,Executive,Mobile,Edge,iOS,/home
6d8e33e0-b1df-4841-8136-55253c666a33,2026_W27,S2406,U32599,2026-06-29 16:17:27,2026-06-29 16:19:27,Facebook,Shoulder,Tablet,Edge,Android,/offers
6d8e33e0-b1df-4841-8136-55253c666a33,2026_W27,S2407,U21477,2026-07-04 22:44:09,2026-07-04 23:20:09,Google Ads,Social,Desktop,Chrome,Windows,/products
6d8e33e0-b1df-4841-8136-55253c666a33,2026_W27,S2408,U952,2026-07-01 00:00:37,2026-07-01 00:39:37,Facebook,Certainly,Desktop,Firefox,Android,/home
6d8e33e0-b1df-4841-8136-55253c666a33,2026_W27,S2409,U22294,2026-07-04 19:27:54,2026-07-04 19:30:54,Organic,Without,Tablet,Safari,Windows,/offers
6d8e33e0-b1df-4841-8136-55253c666a33,2026_W27,S2410,U16617,2026-06-30 18:50:16,2026-06-30 19:16:16,Google Ads,Minute,Tablet,Chrome,Android,/offers
6d8e33e0-b1df-4841-8136-55253c666a33,2026_W27,S2411,U31646,2026-07-02 17:29:17,2026-07-02 17:33:17,Google Ads,Appear,Desktop,Chrome,iOS,/offers
6d8e33e0-b1df-4841-8136-55253c666a33,2026_W27,S2412,U5808,2026-07-05 08:14:55,2026-07-05 08:38:55,Email,Who,Desktop,Firefox,MacOS,/offers
6d8e33e0-b1df-4841-8136-55253c666a33,2026_W27,S2413,U2710,2026-07-01 06:29:28,2026-07-01 07:02:28,Instagram,Age,Mobile,Safari,iOS,/home
6d8e33e0-b1df-4841-8136-55253c666a33,2026_W27,S2414,U12622,2026-07-03 01:51:22,2026-07-03 01:56:22,Facebook,Wrong,Desktop,Safari,iOS,/home
6d8e33e0-b1df-4841-8136-55253c666a33,2026_W27,S2415,U6735,2026-07-03 12:10:36,2026-07-03 12:27:36,Direct,Effect,Tablet,Chrome,Windows,/offers
6d8e33e0-b1df-4841-8136-55253c666a33,2026_W27,S2416,U7111,2026-06-30 18:24:19,2026-06-30 18:25:19,Organic,Have,Tablet,Edge,MacOS,/home
6d8e33e0-b1df-4841-8136-55253c666a33,2026_W27,S2417,U21107,2026-07-01 06:08:49,2026-07-01 06:43:49,Google Ads,Out,Mobile,Safari,iOS,/products
6d8e33e0-b1df-4841-8136-55253c666a33,2026_W27,S2418,U34565,2026-06-29 19:05:32,2026-06-29 19:33:32,Instagram,Piece,Mobile,Safari,Windows,/products
6d8e33e0-b1df-4841-8136-55253c666a33,2026_W27,S2419,U12281,2026-07-01 22:49:08,2026-07-01 22:57:08,Direct,Reduce,Tablet,Chrome,Android,/offers
6d8e33e0-b1df-4841-8136-55253c666a33,2026_W27,S2420,U29880,2026-07-02 09:04:15,2026-07-02 09:25:15,Direct,Medical,Tablet,Firefox,Android,/home
6d8e33e0-b1df-4841-8136-55253c666a33,2026_W27,S2421,U19452,2026-07-04 09:18:40,2026-07-04 09:32:40,Instagram,Against,Tablet,Edge,iOS,/products
6d8e33e0-b1df-4841-8136-55253c666a33,2026_W27,S2422,U9487,2026-07-04 01:50:39,2026-07-04 02:10:39,Instagram,Environmental,Desktop,Edge,MacOS,/home
6d8e33e0-b1df-4841-8136-55253c666a33,2026_W27,S2423,U9222,2026-06-30 09:45:16,2026-06-30 10:25:16,Direct,Would,Mobile,Safari,Windows,/products
6d8e33e0-b1df-4841-8136-55253c666a33,2026_W27,S2424,U29633,2026-06-30 15:32:27,2026-06-30 16:10:27,Instagram,Office,Tablet,Chrome,MacOS,/products
6d8e33e0-b1df-4841-8136-55253c666a33,2026_W27,S2425,U17729,2026-07-01 10:38:42,2026-07-01 10:49:42,Organic,Character,Tablet,Safari,Windows,/home
6d8e33e0-b1df-4841-8136-55253c666a33,2026_W27,S2426,U10014,2026-07-03 01:00:06,2026-07-03 01:34:06,Direct,Discussion,Desktop,Firefox,Android,/offers
6d8e33e0-b1df-4841-8136-55253c666a33,2026_W27,S2427,U10393,2026-07-02 00:16:11,2026-07-02 00:35:11,Email,Meeting,Desktop,Chrome,Android,/home
6d8e33e0-b1df-4841-8136-55253c666a33,2026_W27,S2428,U19881,2026-07-03 07:43:50,2026-07-03 07:46:50,Facebook,Among,Desktop,Safari,Windows,/offers
6d8e33e0-b1df-4841-8136-55253c666a33,2026_W27,S2429,U28158,2026-07-05 08:34:47,2026-07-05 08:45:47,Instagram,Run,Tablet,Edge,iOS,/products
6d8e33e0-b1df-4841-8136-55253c666a33,2026_W27,S2430,U11057,2026-06-29 23:56:47,2026-06-29 23:58:47,Facebook,Control,Tablet,Edge,iOS,/offers
6d8e33e0-b1df-4841-8136-55253c666a33,2026_W27,S2431,U13241,2026-07-02 21:30:06,2026-07-02 21:34:06,Direct,Manage,Desktop,Firefox,Windows,/offers
6d8e33e0-b1df-4841-8136-55253c666a33,2026_W27,S2432,U25541,2026-06-30 20:46:05,2026-06-30 21:19:05,Instagram,Reflect,Mobile,Chrome,iOS,/offers
6d8e33e0-b1df-4841-8136-55253c666a33,2026_W27,S2433,U12792,2026-07-02 05:49:17,2026-07-02 06:18:17,Email,With,Mobile,Edge,Android,/home
6d8e33e0-b1df-4841-8136-55253c666a33,2026_W27,S2434,U27792,2026-07-04 10:19:18,2026-07-04 10:23:18,Organic,Draw,Mobile,Firefox,Windows,/offers
6d8e33e0-b1df-4841-8136-55253c666a33,2026_W27,S2435,U7192,2026-06-29 13:54:11,2026-06-29 14:16:11,Direct,Manager,Tablet,Edge,Windows,/offers
6d8e33e0-b1df-4841-8136-55253c666a33,2026_W27,S2436,U6514,2026-07-04 09:05:27,2026-07-04 09:18:27,Direct,Human,Mobile,Chrome,Android,/offers
6d8e33e0-b1df-4841-8136-55253c666a33,2026_W27,S2437,U6989,2026-07-02 13:10:40,2026-07-02 13:14:40,Direct,Feel,Mobile,Edge,Windows,/products
6d8e33e0-b1df-4841-8136-55253c666a33,2026_W27,S2438,U2797,2026-07-03 01:39:18,2026-07-03 02:04:18,Organic,Improve,Mobile,Edge,Windows,/home
6d8e33e0-b1df-4841-8136-55253c666a33,2026_W27,S2439,U6463,2026-07-02 16:10:26,2026-07-02 16:20:26,Instagram,Organization,Mobile,Safari,Android,/products
6d8e33e0-b1df-4841-8136-55253c666a33,2026_W27,S2440,U6132,2026-07-04 12:19:39,2026-07-04 12:54:39,Facebook,Win,Mobile,Firefox,Android,/home
6d8e33e0-b1df-4841-8136-55253c666a33,2026_W27,S2441,U32228,2026-06-30 18:12:07,2026-06-30 18:49:07,Email,Seven,Desktop,Firefox,Android,/products
6d8e33e0-b1df-4841-8136-55253c666a33,2026_W27,S2442,U34186,2026-07-03 20:53:16,2026-07-03 21:28:16,Facebook,Recently,Tablet,Chrome,MacOS,/home
6d8e33e0-b1df-4841-8136-55253c666a33,2026_W27,S2443,U9291,2026-07-03 07:06:59,2026-07-03 07:33:59,Organic,Message,Mobile,Firefox,iOS,/home
6d8e33e0-b1df-4841-8136-55253c666a33,2026_W27,S2444,U14283,2026-07-04 02:21:34,2026-07-04 02:56:34,Email,Minute,Mobile,Safari,Windows,/products
6d8e33e0-b1df-4841-8136-55253c666a33,2026_W27,S2445,U259,2026-07-03 23:56:40,2026-07-04 00:16:40,Direct,Development,Mobile,Edge,Windows,/home
6d8e33e0-b1df-4841-8136-55253c666a33,2026_W27,S2446,U10137,2026-07-02 04:02:45,2026-07-02 04:12:45,Email,Thank,Tablet,Chrome,Android,/home
6d8e33e0-b1df-4841-8136-55253c666a33,2026_W27,S2447,U17081,2026-07-05 05:37:48,2026-07-05 05:43:48,Google Ads,Offer,Desktop,Safari,Windows,/offers
6d8e33e0-b1df-4841-8136-55253c666a33,2026_W27,S2448,U14494,2026-06-30 08:24:35,2026-06-30 08:51:35,Organic,End,Tablet,Chrome,MacOS,/home
6d8e33e0-b1df-4841-8136-55253c666a33,2026_W27,S2449,U16308,2026-07-02 04:39:28,2026-07-02 05:04:28,Instagram,Friend,Desktop,Edge,Windows,/home
6d8e33e0-b1df-4841-8136-55253c666a33,2026_W27,S2450,U13593,2026-07-02 21:07:30,2026-07-02 21:10:30,Facebook,Ready,Tablet,Edge,Windows,/products
6d8e33e0-b1df-4841-8136-55253c666a33,2026_W27,S2451,U21731,2026-07-04 21:13:11,2026-07-04 21:15:11,Facebook,Require,Mobile,Edge,Android,/home
6d8e33e0-b1df-4841-8136-55253c666a33,2026_W27,S2452,U34590,2026-07-02 19:03:05,2026-07-02 19:11:05,Facebook,Understand,Tablet,Chrome,Windows,/home
6d8e33e0-b1df-4841-8136-55253c666a33,2026_W27,S2453,U1037,2026-07-04 16:35:34,2026-07-04 16:39:34,Organic,Course,Desktop,Safari,iOS,/offers
6d8e33e0-b1df-4841-8136-55253c666a33,2026_W27,S2454,U29748,2026-07-01 10:39:40,2026-07-01 11:18:40,Facebook,Hard,Mobile,Safari,iOS,/offers
6d8e33e0-b1df-4841-8136-55253c666a33,2026_W27,S2455,U13673,2026-06-29 17:26:59,2026-06-29 17:57:59,Direct,Everybody,Mobile,Safari,MacOS,/products
6d8e33e0-b1df-4841-8136-55253c666a33,2026_W27,S2456,U5446,2026-07-02 21:50:00,2026-07-02 22:19:00,Instagram,Day,Mobile,Safari,iOS,/home
6d8e33e0-b1df-4841-8136-55253c666a33,2026_W27,S2457,U10228,2026-07-03 13:46:50,2026-07-03 14:20:50,Direct,Laugh,Tablet,Safari,iOS,/offers
6d8e33e0-b1df-4841-8136-55253c666a33,2026_W27,S2458,U8526,2026-07-01 21:23:55,2026-07-01 21:31:55,Organic,Team,Mobile,Safari,iOS,/products
6d8e33e0-b1df-4841-8136-55253c666a33,2026_W27,S2459,U9995,2026-07-05 02:39:36,2026-07-05 02:44:36,Google Ads,Material,Mobile,Chrome,Android,/products
6d8e33e0-b1df-4841-8136-55253c666a33,2026_W27,S2460,U24242,2026-07-01 17:21:52,2026-07-01 17:35:52,Google Ads,Yourself,Tablet,Edge,Windows,/products
6d8e33e0-b1df-4841-8136-55253c666a33,2026_W27,S2461,U11706,2026-07-01 16:35:38,2026-07-01 17:01:38,Direct,Record,Tablet,Firefox,Android,/offers
6d8e33e0-b1df-4841-8136-55253c666a33,2026_W27,S2462,U1359,2026-07-03 12:26:19,2026-07-03 12:33:19,Organic,Realize,Mobile,Firefox,MacOS,/home
6d8e33e0-b1df-4841-8136-55253c666a33,2026_W27,S2463,U5328,2026-07-02 22:50:49,2026-07-02 23:21:49,Direct,Though,Mobile,Firefox,MacOS,/offers
6d8e33e0-b1df-4841-8136-55253c666a33,2026_W27,S2464,U22528,2026-07-01 15:13:39,2026-07-01 15:50:39,Google Ads,Other,Mobile,Edge,Android,/products
6d8e33e0-b1df-4841-8136-55253c666a33,2026_W27,S2465,U9524,2026-07-03 15:02:46,2026-07-03 15:15:46,Instagram,Certain,Tablet,Safari,MacOS,/products
6d8e33e0-b1df-4841-8136-55253c666a33,2026_W27,S2466,U8776,2026-07-04 14:46:13,2026-07-04 15:03:13,Email,Cold,Desktop,Edge,MacOS,/offers
6d8e33e0-b1df-4841-8136-55253c666a33,2026_W27,S2467,U20341,2026-07-03 07:45:58,2026-07-03 07:56:58,Email,Set,Desktop,Edge,Android,/products
6d8e33e0-b1df-4841-8136-55253c666a33,2026_W27,S2468,U34537,2026-06-29 11:36:01,2026-06-29 11:55:01,Facebook,Once,Tablet,Chrome,Windows,/home
6d8e33e0-b1df-4841-8136-55253c666a33,2026_W27,S2469,U12898,2026-06-29 21:12:26,2026-06-29 21:44:26,Instagram,Require,Tablet,Safari,Windows,/offers
6d8e33e0-b1df-4841-8136-55253c666a33,2026_W27,S2470,U29819,2026-07-01 07:16:55,2026-07-01 07:34:55,Facebook,Smile,Desktop,Safari,MacOS,/products
6d8e33e0-b1df-4841-8136-55253c666a33,2026_W27,S2471,U13939,2026-07-02 19:44:24,2026-07-02 20:10:24,Email,Chance,Desktop,Edge,Windows,/home
6d8e33e0-b1df-4841-8136-55253c666a33,2026_W27,S2472,U19445,2026-07-02 06:52:21,2026-07-02 07:31:21,Instagram,Little,Mobile,Firefox,Windows,/home
6d8e33e0-b1df-4841-8136-55253c666a33,2026_W27,S2473,U7932,2026-07-03 16:21:11,2026-07-03 16:26:11,Facebook,Reason,Desktop,Firefox,Android,/products
6d8e33e0-b1df-4841-8136-55253c666a33,2026_W27,S2474,U17440,2026-07-01 09:42:40,2026-07-01 09:45:40,Email,Possible,Mobile,Firefox,iOS,/offers
6d8e33e0-b1df-4841-8136-55253c666a33,2026_W27,S2475,U7522,2026-06-30 04:56:52,2026-06-30 05:22:52,Facebook,Example,Desktop,Edge,MacOS,/offers
6d8e33e0-b1df-4841-8136-55253c666a33,2026_W27,S2476,U20596,2026-06-30 12:34:25,2026-06-30 12:58:25,Google Ads,Throw,Mobile,Chrome,iOS,/home
6d8e33e0-b1df-4841-8136-55253c666a33,2026_W27,S2477,U25903,2026-07-03 02:27:19,2026-07-03 02:48:19,Email,Group,Mobile,Edge,iOS,/home
6d8e33e0-b1df-4841-8136-55253c666a33,2026_W27,S2478,U28652,2026-07-01 01:05:00,2026-07-01 01:06:00,Organic,System,Mobile,Safari,Android,/products
6d8e33e0-b1df-4841-8136-55253c666a33,2026_W27,S2479,U33998,2026-07-01 10:39:54,2026-07-01 10:47:54,Email,Arm,Mobile,Edge,iOS,/products
6d8e33e0-b1df-4841-8136-55253c666a33,2026_W27,S2480,U2214,2026-07-03 02:47:03,2026-07-03 02:53:03,Google Ads,Professional,Desktop,Edge,MacOS,/offers
6d8e33e0-b1df-4841-8136-55253c666a33,2026_W27,S2481,U16555,2026-06-30 06:21:29,2026-06-30 06:40:29,Facebook,Physical,Tablet,Safari,MacOS,/products
6d8e33e0-b1df-4841-8136-55253c666a33,2026_W27,S2482,U7142,2026-07-01 00:36:35,2026-07-01 00:42:35,Direct,Pressure,Desktop,Firefox,Windows,/home
6d8e33e0-b1df-4841-8136-55253c666a33,2026_W27,S2483,U4350,2026-06-30 22:17:25,2026-06-30 22:46:25,Facebook,Shake,Mobile,Safari,iOS,/offers
6d8e33e0-b1df-4841-8136-55253c666a33,2026_W27,S2484,U19733,2026-07-02 09:16:37,2026-07-02 09:33:37,Google Ads,Want,Tablet,Chrome,Windows,/home
6d8e33e0-b1df-4841-8136-55253c666a33,2026_W27,S2485,U24498,2026-07-01 19:18:55,2026-07-01 19:50:55,Facebook,Fine,Tablet,Firefox,Android,/products
6d8e33e0-b1df-4841-8136-55253c666a33,2026_W27,S2486,U30673,2026-07-03 17:01:09,2026-07-03 17:06:09,Instagram,Great,Desktop,Firefox,Android,/offers
6d8e33e0-b1df-4841-8136-55253c666a33,2026_W27,S2487,U32496,2026-07-04 04:42:49,2026-07-04 04:46:49,Google Ads,Executive,Tablet,Edge,MacOS,/offers
6d8e33e0-b1df-4841-8136-55253c666a33,2026_W27,S2488,U2226,2026-06-30 18:31:05,2026-06-30 19:05:05,Google Ads,Control,Mobile,Edge,Android,/products
6d8e33e0-b1df-4841-8136-55253c666a33,2026_W27,S2489,U24579,2026-07-03 08:49:37,2026-07-03 08:58:37,Organic,Over,Mobile,Safari,Android,/home
6d8e33e0-b1df-4841-8136-55253c666a33,2026_W27,S2490,U24931,2026-07-04 08:43:02,2026-07-04 09:14:02,Direct,Practice,Desktop,Safari,iOS,/products
6d8e33e0-b1df-4841-8136-55253c666a33,2026_W27,S2491,U11442,2026-07-03 06:49:44,2026-07-03 07:26:44,Facebook,Sing,Tablet,Edge,Android,/home
6d8e33e0-b1df-4841-8136-55253c666a33,2026_W27,S2492,U3615,2026-07-04 10:15:00,2026-07-04 10:47:00,Direct,Back,Desktop,Edge,MacOS,/home
6d8e33e0-b1df-4841-8136-55253c666a33,2026_W27,S2493,U24244,2026-07-04 04:39:09,2026-07-04 05:07:09,Google Ads,Couple,Mobile,Firefox,Android,/products
6d8e33e0-b1df-4841-8136-55253c666a33,2026_W27,S2494,U7120,2026-07-04 19:25:23,2026-07-04 19:56:23,Direct,Still,Desktop,Firefox,MacOS,/home
6d8e33e0-b1df-4841-8136-55253c666a33,2026_W27,S2495,U4868,2026-06-29 17:30:31,2026-06-29 17:53:31,Instagram,Population,Mobile,Chrome,Android,/home
6d8e33e0-b1df-4841-8136-55253c666a33,2026_W27,S2496,U5036,2026-07-03 16:32:40,2026-07-03 16:44:40,Instagram,Foot,Tablet,Firefox,iOS,/offers
6d8e33e0-b1df-4841-8136-55253c666a33,2026_W27,S2497,U28170,2026-07-03 17:36:00,2026-07-03 18:04:00,Instagram,Federal,Tablet,Safari,Android,/offers
6d8e33e0-b1df-4841-8136-55253c666a33,2026_W27,S2498,U13344,2026-07-01 01:12:29,2026-07-01 01:48:29,Email,Keep,Tablet,Safari,Android,/home
6d8e33e0-b1df-4841-8136-55253c666a33,2026_W27,S2499,U23921,2026-07-04 19:18:57,2026-07-04 19:29:57,Facebook,Move,Desktop,Firefox,Android,/products
6d8e33e0-b1df-4841-8136-55253c666a33,2026_W27,S2500,U9547,2026-06-29 15:20:32,2026-06-29 15:51:32,Google Ads,Himself,Desktop,Safari,iOS,/home
6d8e33e0-b1df-4841-8136-55253c666a33,2026_W27,S2501,U15881,2026-06-30 19:07:43,2026-06-30 19:46:43,Organic,Feeling,Tablet,Edge,iOS,/offers
6d8e33e0-b1df-4841-8136-55253c666a33,2026_W27,S2502,U1910,2026-07-04 11:05:03,2026-07-04 11:25:03,Google Ads,,Mobile,Chrome,Android,/offers
6d8e33e0-b1df-4841-8136-55253c666a33,2026_W27,S2503,U15619,2026-07-01 19:57:53,2026-07-01 20:36:53,Google Ads,Task,Mobile,Edge,Android,/offers
6d8e33e0-b1df-4841-8136-55253c666a33,2026_W27,S2504,U29739,2026-07-01 18:30:51,2026-07-01 19:01:51,Instagram,Know,Desktop,Chrome,MacOS,/products
6d8e33e0-b1df-4841-8136-55253c666a33,2026_W27,S2505,U32861,2026-07-01 19:15:01,2026-07-01 19:37:01,Direct,Pretty,Desktop,Safari,MacOS,/home
6d8e33e0-b1df-4841-8136-55253c666a33,2026_W27,S2506,U19296,2026-07-05 05:03:37,2026-07-05 05:11:37,Google Ads,People,Tablet,Safari,iOS,/offers
6d8e33e0-b1df-4841-8136-55253c666a33,2026_W27,S2507,U3479,2026-07-02 18:35:04,2026-07-02 18:53:04,Email,Shoulder,Desktop,Chrome,Windows,/products
6d8e33e0-b1df-4841-8136-55253c666a33,2026_W27,S2508,U12326,2026-07-01 19:23:43,2026-07-01 19:43:43,Facebook,Success,Mobile,Chrome,Windows,/offers
6d8e33e0-b1df-4841-8136-55253c666a33,2026_W27,S2509,U1827,2026-07-02 23:54:04,2026-07-03 00:22:04,Google Ads,This,Tablet,Chrome,Windows,/home
6d8e33e0-b1df-4841-8136-55253c666a33,2026_W27,S2510,U21454,2026-06-30 10:18:21,2026-06-30 10:50:21,Facebook,Man,Mobile,Chrome,MacOS,/home
6d8e33e0-b1df-4841-8136-55253c666a33,2026_W27,S2511,U9037,2026-07-05 02:10:50,2026-07-05 02:39:50,Google Ads,Short,Desktop,Chrome,MacOS,/home
6d8e33e0-b1df-4841-8136-55253c666a33,2026_W27,S2512,U2044,2026-07-03 14:13:56,2026-07-03 14:29:56,Google Ads,Reality,Mobile,Chrome,MacOS,/offers
6d8e33e0-b1df-4841-8136-55253c666a33,2026_W27,S2513,U19191,2026-07-04 09:38:10,2026-07-04 09:46:10,Instagram,By,Desktop,Edge,Windows,/home
6d8e33e0-b1df-4841-8136-55253c666a33,2026_W27,S2514,U815,2026-07-03 19:44:40,2026-07-03 19:55:40,Facebook,Spend,Mobile,Chrome,MacOS,/products
6d8e33e0-b1df-4841-8136-55253c666a33,2026_W27,S2515,U15661,2026-06-29 16:11:16,2026-06-29 16:27:16,Organic,While,Tablet,Chrome,iOS,/home
6d8e33e0-b1df-4841-8136-55253c666a33,2026_W27,S2516,U21820,2026-07-04 08:31:29,2026-07-04 08:58:29,Instagram,Condition,Mobile,Safari,Android,/offers
6d8e33e0-b1df-4841-8136-55253c666a33,2026_W27,S2517,U7282,2026-07-01 12:30:19,2026-07-01 13:07:19,Facebook,Least,Desktop,Chrome,Android,/home
6d8e33e0-b1df-4841-8136-55253c666a33,2026_W27,S2518,U6686,2026-06-30 15:37:41,2026-06-30 16:04:41,Email,Inside,Desktop,Edge,Windows,/home
6d8e33e0-b1df-4841-8136-55253c666a33,2026_W27,S2519,U9596,2026-07-01 06:23:11,2026-07-01 06:39:11,Instagram,Production,Desktop,Edge,Android,/offers
6d8e33e0-b1df-4841-8136-55253c666a33,2026_W27,S2520,U25280,2026-07-02 03:32:29,2026-07-02 03:59:29,Facebook,Receive,Tablet,Edge,Android,/products
6d8e33e0-b1df-4841-8136-55253c666a33,2026_W27,S2521,U13747,2026-07-01 09:22:49,2026-07-01 09:50:49,Instagram,Seek,Mobile,Firefox,iOS,/home
6d8e33e0-b1df-4841-8136-55253c666a33,2026_W27,S2522,U23894,2026-06-29 23:39:52,2026-06-30 00:00:52,Facebook,Ok,Tablet,Edge,MacOS,/home
6d8e33e0-b1df-4841-8136-55253c666a33,2026_W27,S2523,U6723,2026-06-30 15:29:21,2026-06-30 16:04:21,Direct,These,Mobile,Safari,Android,/home
6d8e33e0-b1df-4841-8136-55253c666a33,2026_W27,S2524,U15688,2026-07-01 11:16:32,2026-07-01 11:45:32,Email,Prove,Tablet,Chrome,Android,/home
6d8e33e0-b1df-4841-8136-55253c666a33,2026_W27,S2525,U11523,2026-07-05 04:32:34,2026-07-05 04:55:34,Facebook,Travel,Desktop,Firefox,Android,/offers
6d8e33e0-b1df-4841-8136-55253c666a33,2026_W27,S2526,U6799,2026-06-30 07:12:16,2026-06-30 07:45:16,Organic,Mention,Desktop,Chrome,Android,/home
6d8e33e0-b1df-4841-8136-55253c666a33,2026_W27,S2527,U26604,2026-06-30 00:03:14,2026-06-30 00:39:14,Facebook,Country,Desktop,Safari,iOS,/offers
6d8e33e0-b1df-4841-8136-55253c666a33,2026_W27,S2528,U11469,2026-07-03 10:19:14,2026-07-03 10:38:14,Email,Have,Mobile,Chrome,MacOS,/home
6d8e33e0-b1df-4841-8136-55253c666a33,2026_W27,S2529,U28879,2026-07-01 15:55:58,2026-07-01 16:07:58,Facebook,Author,Desktop,Firefox,iOS,/home
6d8e33e0-b1df-4841-8136-55253c666a33,2026_W27,S2530,U12771,2026-07-03 15:10:04,2026-07-03 15:45:04,Email,Up,Desktop,Edge,Windows,/products
6d8e33e0-b1df-4841-8136-55253c666a33,2026_W27,S2531,U18603,2026-06-30 12:50:27,2026-06-30 12:53:27,Instagram,Have,Mobile,Firefox,Android,/home
6d8e33e0-b1df-4841-8136-55253c666a33,2026_W27,S2532,U10106,2026-07-03 19:51:57,2026-07-03 19:52:57,Direct,Fight,Desktop,Firefox,Windows,/offers
6d8e33e0-b1df-4841-8136-55253c666a33,2026_W27,S2533,U29802,2026-06-30 02:57:00,2026-06-30 03:24:00,Email,Rate,Tablet,Safari,Android,/home
6d8e33e0-b1df-4841-8136-55253c666a33,2026_W27,S2534,U7843,2026-06-30 16:58:43,2026-06-30 17:15:43,Facebook,Need,Tablet,Firefox,Windows,/offers
6d8e33e0-b1df-4841-8136-55253c666a33,2026_W27,S2535,U32607,2026-07-01 23:33:07,2026-07-01 23:41:07,Google Ads,Forward,Mobile,Firefox,iOS,/offers
6d8e33e0-b1df-4841-8136-55253c666a33,2026_W27,S2536,U9039,2026-06-30 06:37:46,2026-06-30 06:53:46,Facebook,Natural,Mobile,Edge,iOS,/products
6d8e33e0-b1df-4841-8136-55253c666a33,2026_W27,S2537,U28287,2026-06-30 05:00:40,2026-06-30 05:09:40,Google Ads,Act,Tablet,Edge,Android,/home
6d8e33e0-b1df-4841-8136-55253c666a33,2026_W27,S2538,U21931,2026-07-01 01:21:54,2026-07-01 01:35:54,Instagram,Phone,Mobile,Safari,iOS,/products
6d8e33e0-b1df-4841-8136-55253c666a33,2026_W27,S2539,U14977,2026-07-01 02:34:55,2026-07-01 02:38:55,Google Ads,Physical,Tablet,Edge,iOS,/home
6d8e33e0-b1df-4841-8136-55253c666a33,2026_W27,S2540,U7021,2026-07-02 06:09:50,2026-07-02 06:12:50,Facebook,Both,Mobile,Safari,Windows,/products
6d8e33e0-b1df-4841-8136-55253c666a33,2026_W27,S2541,U15045,2026-06-29 13:00:49,2026-06-29 13:16:49,Google Ads,City,Tablet,Firefox,iOS,/offers
6d8e33e0-b1df-4841-8136-55253c666a33,2026_W27,S2542,U26355,2026-07-05 06:44:09,2026-07-05 07:01:09,Organic,Item,Desktop,Safari,iOS,/offers
6d8e33e0-b1df-4841-8136-55253c666a33,2026_W27,S2543,U25233,2026-07-04 06:11:12,2026-07-04 06:28:12,Email,Enjoy,Tablet,Firefox,iOS,/products
6d8e33e0-b1df-4841-8136-55253c666a33,2026_W27,S2544,U24822,2026-06-30 20:41:30,2026-06-30 21:19:30,Google Ads,Bad,Tablet,Chrome,Windows,/offers
6d8e33e0-b1df-4841-8136-55253c666a33,2026_W27,S2545,U22075,2026-07-01 17:08:36,2026-07-01 17:43:36,Instagram,Could,Desktop,Safari,MacOS,/products
6d8e33e0-b1df-4841-8136-55253c666a33,2026_W27,S2546,U11518,2026-07-02 01:57:22,2026-07-02 02:20:22,Instagram,Never,Desktop,Firefox,Android,/products
6d8e33e0-b1df-4841-8136-55253c666a33,2026_W27,S2547,U23910,2026-06-30 19:44:00,2026-06-30 20:09:00,Facebook,Artist,Mobile,Edge,MacOS,/offers
6d8e33e0-b1df-4841-8136-55253c666a33,2026_W27,S2548,U6975,2026-07-03 09:08:10,2026-07-03 09:14:10,Organic,Other,Desktop,Safari,Android,/offers
6d8e33e0-b1df-4841-8136-55253c666a33,2026_W27,S2549,U15422,2026-07-04 12:34:16,2026-07-04 12:35:16,Email,Group,Mobile,Firefox,MacOS,/home
6d8e33e0-b1df-4841-8136-55253c666a33,2026_W27,S2550,U32808,2026-07-02 07:17:10,2026-07-02 07:22:10,Organic,Born,Tablet,Safari,Windows,/products
6d8e33e0-b1df-4841-8136-55253c666a33,2026_W27,S2551,U15829,2026-07-01 03:59:47,2026-07-01 04:24:47,Direct,Organization,Desktop,Edge,iOS,/offers
6d8e33e0-b1df-4841-8136-55253c666a33,2026_W27,S2552,U2576,2026-06-30 10:19:16,2026-06-30 10:26:16,Email,Population,Mobile,Safari,Android,/home
6d8e33e0-b1df-4841-8136-55253c666a33,2026_W27,S2553,U13164,2026-07-03 00:03:07,2026-07-03 00:42:07,Direct,Common,Tablet,Safari,Android,/home
6d8e33e0-b1df-4841-8136-55253c666a33,2026_W27,S2554,U33386,2026-06-30 22:53:51,2026-06-30 23:17:51,Organic,Usually,Tablet,Chrome,Android,/offers
6d8e33e0-b1df-4841-8136-55253c666a33,2026_W27,S2555,U10786,2026-07-03 03:33:13,2026-07-03 03:51:13,Instagram,National,Desktop,Firefox,MacOS,/home
6d8e33e0-b1df-4841-8136-55253c666a33,2026_W27,S2556,U18023,2026-07-01 20:27:34,2026-07-01 20:30:34,Organic,Likely,Desktop,Edge,iOS,/home
6d8e33e0-b1df-4841-8136-55253c666a33,2026_W27,S2557,U14305,2026-07-04 00:41:57,2026-07-04 00:50:57,Facebook,Two,Tablet,Edge,Android,/offers
6d8e33e0-b1df-4841-8136-55253c666a33,2026_W27,S2558,U16346,2026-07-01 03:39:47,2026-07-01 04:11:47,Google Ads,Quite,Tablet,Firefox,iOS,/home
6d8e33e0-b1df-4841-8136-55253c666a33,2026_W27,S2559,U24839,2026-07-03 15:07:02,2026-07-03 15:11:02,Organic,Network,Mobile,Safari,Android,/products
6d8e33e0-b1df-4841-8136-55253c666a33,2026_W27,S2560,U1772,2026-07-01 12:56:39,2026-07-01 13:24:39,Instagram,Total,Tablet,Edge,MacOS,/offers
6d8e33e0-b1df-4841-8136-55253c666a33,2026_W27,S2561,U9627,2026-07-02 06:22:21,2026-07-02 06:59:21,Instagram,Lay,Tablet,Chrome,iOS,/offers
6d8e33e0-b1df-4841-8136-55253c666a33,2026_W27,S2562,U26048,2026-07-04 23:02:12,2026-07-04 23:05:12,Email,Bill,Mobile,Firefox,MacOS,/home
6d8e33e0-b1df-4841-8136-55253c666a33,2026_W27,S2563,U28120,2026-07-04 04:40:43,2026-07-04 05:16:43,Direct,Share,Tablet,Firefox,MacOS,/home
6d8e33e0-b1df-4841-8136-55253c666a33,2026_W27,S2564,U19385,2026-07-03 06:40:33,2026-07-03 06:44:33,Organic,Raise,Mobile,Edge,Windows,/offers
6d8e33e0-b1df-4841-8136-55253c666a33,2026_W27,S2565,U3799,2026-07-03 04:29:37,2026-07-03 04:30:37,Facebook,Ever,Tablet,Chrome,MacOS,/home
6d8e33e0-b1df-4841-8136-55253c666a33,2026_W27,S2566,U22979,2026-07-03 08:57:27,2026-07-03 09:20:27,Instagram,Thought,Desktop,Chrome,Android,/offers
6d8e33e0-b1df-4841-8136-55253c666a33,2026_W27,S2567,U5205,2026-07-02 22:46:46,2026-07-02 23:21:46,Instagram,Collection,Tablet,Safari,MacOS,/products
6d8e33e0-b1df-4841-8136-55253c666a33,2026_W27,S2568,U29940,2026-06-30 16:44:52,2026-06-30 17:05:52,Organic,New,Desktop,Chrome,Android,/products
6d8e33e0-b1df-4841-8136-55253c666a33,2026_W27,S2569,U4534,2026-07-03 02:31:06,2026-07-03 03:02:06,Organic,Result,Desktop,Safari,Android,/products
6d8e33e0-b1df-4841-8136-55253c666a33,2026_W27,S2570,U502,2026-07-02 17:18:40,2026-07-02 17:54:40,Organic,Woman,Mobile,Firefox,iOS,/home
6d8e33e0-b1df-4841-8136-55253c666a33,2026_W27,S2571,U15940,2026-06-30 09:48:19,2026-06-30 09:55:19,Facebook,General,Desktop,Firefox,Windows,/offers
6d8e33e0-b1df-4841-8136-55253c666a33,2026_W27,S2572,U15201,2026-06-29 18:49:58,2026-06-29 19:04:58,Organic,Picture,Mobile,Edge,iOS,/products
6d8e33e0-b1df-4841-8136-55253c666a33,2026_W27,S2573,U16543,2026-07-04 10:15:34,2026-07-04 10:19:34,Google Ads,Do,Desktop,Chrome,Android,/offers
6d8e33e0-b1df-4841-8136-55253c666a33,2026_W27,S2574,U30631,2026-06-30 03:46:52,2026-06-30 04:18:52,Email,Base,Mobile,Firefox,Windows,/home
6d8e33e0-b1df-4841-8136-55253c666a33,2026_W27,S2575,U12214,2026-06-29 18:26:11,2026-06-29 18:32:11,Instagram,Full,Desktop,Safari,MacOS,/home
6d8e33e0-b1df-4841-8136-55253c666a33,2026_W27,S2576,U16721,2026-07-01 19:54:58,2026-07-01 20:27:58,Instagram,Policy,Desktop,Chrome,Windows,/offers
6d8e33e0-b1df-4841-8136-55253c666a33,2026_W27,S2577,U24207,2026-07-02 02:58:17,2026-07-02 03:25:17,Facebook,Nothing,Desktop,Chrome,Android,/offers
6d8e33e0-b1df-4841-8136-55253c666a33,2026_W27,S2578,U30758,2026-07-02 19:40:24,2026-07-02 19:58:24,Instagram,Scientist,Mobile,Chrome,iOS,/products
6d8e33e0-b1df-4841-8136-55253c666a33,2026_W27,S2579,U32422,2026-07-01 20:41:52,2026-07-01 20:45:52,Instagram,Rise,Tablet,Chrome,Android,/offers
6d8e33e0-b1df-4841-8136-55253c666a33,2026_W27,S2580,U8888,2026-07-03 16:17:36,2026-07-03 16:51:36,Facebook,Meeting,Desktop,Chrome,iOS,/products
6d8e33e0-b1df-4841-8136-55253c666a33,2026_W27,S2581,U28151,2026-07-02 07:50:52,2026-07-02 08:11:52,Direct,Reflect,Mobile,Edge,iOS,/home
6d8e33e0-b1df-4841-8136-55253c666a33,2026_W27,S2582,U5424,2026-07-04 17:02:04,2026-07-04 17:34:04,Google Ads,Mind,Desktop,Chrome,Windows,/home
6d8e33e0-b1df-4841-8136-55253c666a33,2026_W27,S2583,U24712,2026-07-02 14:18:43,2026-07-02 14:47:43,Instagram,Site,Tablet,Firefox,iOS,/home
6d8e33e0-b1df-4841-8136-55253c666a33,2026_W27,S2584,U21351,2026-07-03 11:47:12,2026-07-03 12:10:12,Organic,Adult,Mobile,Chrome,Windows,/offers
6d8e33e0-b1df-4841-8136-55253c666a33,2026_W27,S2585,U5094,2026-07-01 20:01:18,2026-07-01 20:27:18,Email,Instead,Desktop,Edge,Android,/products
6d8e33e0-b1df-4841-8136-55253c666a33,2026_W27,S2586,U19936,2026-07-02 17:50:42,2026-07-02 17:59:42,Instagram,Occur,Desktop,Chrome,MacOS,/home
6d8e33e0-b1df-4841-8136-55253c666a33,2026_W27,S2587,U25945,2026-06-29 12:04:05,2026-06-29 12:36:05,Google Ads,Away,Tablet,Edge,Windows,/products
6d8e33e0-b1df-4841-8136-55253c666a33,2026_W27,S2588,U3943,2026-07-02 13:14:33,2026-07-02 13:45:33,Email,Them,Desktop,Safari,Windows,/offers
6d8e33e0-b1df-4841-8136-55253c666a33,2026_W27,S2589,U16732,2026-07-04 07:02:33,2026-07-04 07:39:33,Email,Move,Desktop,Firefox,Android,/products
6d8e33e0-b1df-4841-8136-55253c666a33,2026_W27,S2590,U1078,2026-07-03 17:57:04,2026-07-03 18:03:04,Direct,Claim,Desktop,Chrome,Android,/offers
6d8e33e0-b1df-4841-8136-55253c666a33,2026_W27,S2591,U14135,2026-06-30 14:10:41,2026-06-30 14:22:41,Google Ads,Once,Desktop,Safari,MacOS,/home
6d8e33e0-b1df-4841-8136-55253c666a33,2026_W27,S2592,U10406,2026-07-03 18:53:12,2026-07-03 19:32:12,Google Ads,Tough,Tablet,Edge,Windows,/products
6d8e33e0-b1df-4841-8136-55253c666a33,2026_W27,S2593,U14628,2026-07-04 14:16:29,2026-07-04 14:33:29,Direct,Reach,Tablet,Firefox,Windows,/products
6d8e33e0-b1df-4841-8136-55253c666a33,2026_W27,S2594,U33843,2026-07-04 01:15:14,2026-07-04 01:53:14,Direct,Like,Desktop,Chrome,Windows,/offers
6d8e33e0-b1df-4841-8136-55253c666a33,2026_W27,S2595,U33333,2026-07-01 23:15:26,2026-07-01 23:55:26,Email,Happy,Tablet,Edge,iOS,/home
6d8e33e0-b1df-4841-8136-55253c666a33,2026_W27,S2596,U2709,2026-07-02 21:43:39,2026-07-02 21:59:39,Organic,Difference,Tablet,Edge,MacOS,/products
6d8e33e0-b1df-4841-8136-55253c666a33,2026_W27,S2597,U28727,2026-06-29 12:07:03,2026-06-29 12:22:03,Facebook,Environmental,Tablet,Edge,Android,/offers
6d8e33e0-b1df-4841-8136-55253c666a33,2026_W27,S2598,U8872,2026-07-04 18:48:59,2026-07-04 19:27:59,Instagram,Political,Tablet,Edge,iOS,/products
6d8e33e0-b1df-4841-8136-55253c666a33,2026_W27,S2599,U10999,2026-07-04 20:05:48,2026-07-04 20:20:48,Direct,Without,Tablet,Safari,iOS,/offers
6d8e33e0-b1df-4841-8136-55253c666a33,2026_W27,S2600,U15736,2026-06-30 06:30:11,2026-06-30 06:50:11,Google Ads,Their,Tablet,Safari,MacOS,/products
6d8e33e0-b1df-4841-8136-55253c666a33,2026_W27,S2601,U23161,2026-07-05 02:42:34,2026-07-05 02:59:34,Email,Agree,Desktop,Chrome,MacOS,/home
6d8e33e0-b1df-4841-8136-55253c666a33,2026_W27,S2602,U4352,2026-07-02 19:35:28,2026-07-02 19:39:28,Organic,Stand,Tablet,Safari,MacOS,/home
6d8e33e0-b1df-4841-8136-55253c666a33,2026_W27,S2603,U28539,2026-06-30 17:40:59,2026-06-30 17:46:59,Instagram,Loss,Tablet,Chrome,Android,/home
6d8e33e0-b1df-4841-8136-55253c666a33,2026_W27,S2604,U1742,2026-07-03 03:08:28,2026-07-03 03:37:28,Google Ads,Draw,Tablet,Edge,Android,/products
6d8e33e0-b1df-4841-8136-55253c666a33,2026_W27,S2605,U21194,2026-07-01 22:59:55,2026-07-01 23:03:55,Google Ads,Region,Desktop,Edge,Windows,/offers
6d8e33e0-b1df-4841-8136-55253c666a33,2026_W27,S2606,U32113,2026-07-03 03:11:00,2026-07-03 03:13:00,Instagram,Protect,Tablet,Edge,MacOS,/products
6d8e33e0-b1df-4841-8136-55253c666a33,2026_W27,S2607,U15600,2026-06-30 12:41:53,2026-06-30 13:14:53,Instagram,Idea,Mobile,Firefox,iOS,/home
6d8e33e0-b1df-4841-8136-55253c666a33,2026_W27,S2608,U30899,2026-06-30 10:11:08,2026-06-30 10:43:08,Organic,Sell,Mobile,Safari,MacOS,/offers
6d8e33e0-b1df-4841-8136-55253c666a33,2026_W27,S2609,U10504,2026-07-02 03:16:14,2026-07-02 03:45:14,Instagram,Training,Desktop,Safari,Windows,/products
6d8e33e0-b1df-4841-8136-55253c666a33,2026_W27,S2610,U13057,2026-07-04 05:55:22,2026-07-04 05:57:22,Organic,Say,Mobile,Firefox,iOS,/products
6d8e33e0-b1df-4841-8136-55253c666a33,2026_W27,S2611,U21834,2026-07-05 03:33:40,2026-07-05 03:34:40,Instagram,Per,Desktop,Chrome,Android,/offers
6d8e33e0-b1df-4841-8136-55253c666a33,2026_W27,S2612,U7170,2026-07-04 22:42:02,2026-07-04 23:12:02,Email,History,Mobile,Edge,Android,/home
6d8e33e0-b1df-4841-8136-55253c666a33,2026_W27,S2613,U29893,2026-07-01 02:45:47,2026-07-01 03:09:47,Instagram,Way,Desktop,Edge,iOS,/products
6d8e33e0-b1df-4841-8136-55253c666a33,2026_W27,S2614,U19239,2026-07-05 00:27:03,2026-07-05 00:29:03,Direct,Defense,Desktop,Safari,iOS,/products
6d8e33e0-b1df-4841-8136-55253c666a33,2026_W27,S2615,U13109,2026-06-29 15:39:50,2026-06-29 16:15:50,Direct,But,Mobile,Safari,Android,/products
6d8e33e0-b1df-4841-8136-55253c666a33,2026_W27,S2616,U14543,2026-07-01 05:26:10,2026-07-01 05:38:10,Google Ads,Poor,Desktop,Safari,MacOS,/home
6d8e33e0-b1df-4841-8136-55253c666a33,2026_W27,S2617,U23749,2026-06-30 01:39:22,2026-06-30 02:09:22,Facebook,Mission,Tablet,Firefox,Android,/home
6d8e33e0-b1df-4841-8136-55253c666a33,2026_W27,S2618,U11296,2026-07-01 18:49:37,2026-07-01 19:09:37,Google Ads,Yet,Desktop,Chrome,iOS,/products
6d8e33e0-b1df-4841-8136-55253c666a33,2026_W27,S2619,U31159,2026-07-02 14:34:13,2026-07-02 15:11:13,Email,Traditional,Desktop,Safari,Android,/offers
6d8e33e0-b1df-4841-8136-55253c666a33,2026_W27,S2620,U3778,2026-06-29 14:05:57,2026-06-29 14:35:57,Google Ads,Put,Desktop,Firefox,MacOS,/products
6d8e33e0-b1df-4841-8136-55253c666a33,2026_W27,S2621,U1637,2026-07-04 12:07:55,2026-07-04 12:18:55,Google Ads,Anyone,Tablet,Safari,Windows,/products
6d8e33e0-b1df-4841-8136-55253c666a33,2026_W27,S2622,U11046,2026-07-01 15:26:21,2026-07-01 15:38:21,Facebook,Money,Desktop,Chrome,MacOS,/home
6d8e33e0-b1df-4841-8136-55253c666a33,2026_W27,S2623,U20359,2026-07-03 01:46:43,2026-07-03 01:53:43,Email,Candidate,Mobile,Firefox,iOS,/home
6d8e33e0-b1df-4841-8136-55253c666a33,2026_W27,S2624,U25465,2026-07-01 06:36:08,2026-07-01 07:09:08,Facebook,Society,Desktop,Edge,Android,/products
6d8e33e0-b1df-4841-8136-55253c666a33,2026_W27,S2625,U28019,2026-07-02 05:28:54,2026-07-02 05:40:54,Instagram,Yourself,Tablet,Chrome,MacOS,/home
6d8e33e0-b1df-4841-8136-55253c666a33,2026_W27,S2626,U31432,2026-07-02 18:55:22,2026-07-02 19:08:22,Google Ads,Along,Desktop,Chrome,Windows,/products
6d8e33e0-b1df-4841-8136-55253c666a33,2026_W27,S2627,U13055,2026-07-01 04:42:34,2026-07-01 05:16:34,Facebook,Staff,Desktop,Safari,Windows,/products
6d8e33e0-b1df-4841-8136-55253c666a33,2026_W27,S2628,U28628,2026-07-04 06:19:58,2026-07-04 06:56:58,Google Ads,According,Mobile,Firefox,MacOS,/offers
6d8e33e0-b1df-4841-8136-55253c666a33,2026_W27,S2629,U33255,2026-07-03 22:09:14,2026-07-03 22:26:14,Facebook,Clear,Tablet,Edge,MacOS,/products
6d8e33e0-b1df-4841-8136-55253c666a33,2026_W27,S2630,U12914,2026-07-04 03:37:16,2026-07-04 03:39:16,Organic,Community,Mobile,Firefox,MacOS,/offers
6d8e33e0-b1df-4841-8136-55253c666a33,2026_W27,S2631,U23450,2026-07-02 20:34:49,2026-07-02 20:39:49,Google Ads,Employee,Desktop,Chrome,MacOS,/products
6d8e33e0-b1df-4841-8136-55253c666a33,2026_W27,S2632,U3032,2026-07-03 17:03:02,2026-07-03 17:21:02,Organic,Amount,Mobile,Chrome,MacOS,/offers
6d8e33e0-b1df-4841-8136-55253c666a33,2026_W27,S2633,U2679,2026-07-04 11:00:03,2026-07-04 11:38:03,Direct,Baby,Tablet,Safari,MacOS,/home
6d8e33e0-b1df-4841-8136-55253c666a33,2026_W27,S2634,U9412,2026-07-04 22:27:04,2026-07-04 22:33:04,Instagram,Ahead,Desktop,Firefox,Android,/products
6d8e33e0-b1df-4841-8136-55253c666a33,2026_W27,S2635,U20156,2026-06-30 15:30:29,2026-06-30 15:52:29,Instagram,Person,Tablet,Safari,iOS,/offers
6d8e33e0-b1df-4841-8136-55253c666a33,2026_W27,S2636,U15326,2026-06-29 16:38:10,2026-06-29 17:10:10,Instagram,Process,Tablet,Chrome,Windows,/offers
6d8e33e0-b1df-4841-8136-55253c666a33,2026_W27,S2637,U14012,2026-07-03 23:10:40,2026-07-03 23:41:40,Email,Suddenly,Mobile,Firefox,Windows,/products
6d8e33e0-b1df-4841-8136-55253c666a33,2026_W27,S2638,U23524,2026-07-04 05:02:55,2026-07-04 05:40:55,Instagram,Change,Tablet,Firefox,Windows,/home
6d8e33e0-b1df-4841-8136-55253c666a33,2026_W27,S2639,U33441,2026-07-02 17:06:52,2026-07-02 17:41:52,Direct,Attention,Tablet,Chrome,iOS,/home
6d8e33e0-b1df-4841-8136-55253c666a33,2026_W27,S2640,U18988,2026-07-02 03:46:08,2026-07-02 03:49:08,Instagram,Century,Tablet,Safari,iOS,/home
6d8e33e0-b1df-4841-8136-55253c666a33,2026_W27,S2641,U10711,2026-07-02 12:54:51,2026-07-02 13:18:51,Google Ads,Figure,Mobile,Safari,Android,/offers
6d8e33e0-b1df-4841-8136-55253c666a33,2026_W27,S2642,U11239,2026-07-04 21:24:21,2026-07-04 21:58:21,Direct,At,Desktop,Safari,MacOS,/offers
6d8e33e0-b1df-4841-8136-55253c666a33,2026_W27,S2643,U24626,2026-06-30 07:07:48,2026-06-30 07:19:48,Email,Throughout,Mobile,Edge,Windows,/products
6d8e33e0-b1df-4841-8136-55253c666a33,2026_W27,S2644,U5214,2026-07-04 20:59:59,2026-07-04 21:10:59,Organic,Same,Tablet,Edge,Android,/products
6d8e33e0-b1df-4841-8136-55253c666a33,2026_W27,S2645,U8461,2026-06-29 12:33:52,2026-06-29 12:39:52,Google Ads,Increase,Mobile,Edge,Windows,/home
6d8e33e0-b1df-4841-8136-55253c666a33,2026_W27,S2646,U2204,2026-07-04 07:30:48,2026-07-04 08:01:48,Google Ads,Break,Tablet,Edge,iOS,/offers
6d8e33e0-b1df-4841-8136-55253c666a33,2026_W27,S2647,U4146,2026-07-04 17:42:56,2026-07-04 18:13:56,Direct,Cup,Tablet,Edge,Windows,/products
6d8e33e0-b1df-4841-8136-55253c666a33,2026_W27,S2648,U30530,2026-06-30 17:31:38,2026-06-30 17:47:38,Google Ads,Remain,Mobile,Safari,Windows,/products
6d8e33e0-b1df-4841-8136-55253c666a33,2026_W27,S2649,U5230,2026-06-30 08:09:29,2026-06-30 08:42:29,Email,Mr,Mobile,Chrome,MacOS,/products
6d8e33e0-b1df-4841-8136-55253c666a33,2026_W27,S2650,U33562,2026-07-01 09:25:16,2026-07-01 09:49:16,Google Ads,Result,Tablet,Safari,Windows,/products
6d8e33e0-b1df-4841-8136-55253c666a33,2026_W27,S2651,U6538,2026-07-01 05:13:13,2026-07-01 05:49:13,Google Ads,Name,Desktop,Safari,iOS,/offers
6d8e33e0-b1df-4841-8136-55253c666a33,2026_W27,S2652,U24005,2026-07-03 10:53:57,2026-07-03 11:27:57,Direct,Professional,Mobile,Firefox,MacOS,/products
6d8e33e0-b1df-4841-8136-55253c666a33,2026_W27,S2653,U21018,2026-07-04 23:42:57,2026-07-05 00:07:57,Organic,Wide,Mobile,Chrome,Android,/offers
6d8e33e0-b1df-4841-8136-55253c666a33,2026_W27,S2654,U11925,2026-07-01 07:44:59,2026-07-01 08:05:59,Facebook,After,Desktop,Edge,MacOS,/offers
6d8e33e0-b1df-4841-8136-55253c666a33,2026_W27,S2655,U32410,2026-07-04 18:38:08,2026-07-04 18:52:08,Google Ads,Plant,Tablet,Firefox,Android,/products
6d8e33e0-b1df-4841-8136-55253c666a33,2026_W27,S2656,U20632,2026-07-04 12:14:10,2026-07-04 12:36:10,Email,Drop,Desktop,Safari,Android,/offers
6d8e33e0-b1df-4841-8136-55253c666a33,2026_W27,S2657,U28064,2026-07-03 06:40:53,2026-07-03 07:13:53,Facebook,System,Tablet,Firefox,Android,/home
6d8e33e0-b1df-4841-8136-55253c666a33,2026_W27,S2658,U24072,2026-07-04 02:57:06,2026-07-04 03:26:06,Google Ads,Dinner,Mobile,Edge,MacOS,/offers
6d8e33e0-b1df-4841-8136-55253c666a33,2026_W27,S2659,U18294,2026-07-01 14:23:25,2026-07-01 14:26:25,Google Ads,Relationship,Desktop,Edge,Android,/home
6d8e33e0-b1df-4841-8136-55253c666a33,2026_W27,S2660,U11685,2026-06-29 15:13:34,2026-06-29 15:33:34,Organic,Some,Mobile,Firefox,Windows,/products
6d8e33e0-b1df-4841-8136-55253c666a33,2026_W27,S2661,U25077,2026-06-30 06:03:48,2026-06-30 06:43:48,Instagram,Tv,Tablet,Edge,iOS,/offers
6d8e33e0-b1df-4841-8136-55253c666a33,2026_W27,S2662,U13898,2026-07-01 08:55:54,2026-07-01 09:12:54,Organic,Book,Desktop,Edge,Windows,/products
6d8e33e0-b1df-4841-8136-55253c666a33,2026_W27,S2663,U22082,2026-07-03 06:01:28,2026-07-03 06:10:28,Instagram,Ok,Tablet,Safari,MacOS,/home
6d8e33e0-b1df-4841-8136-55253c666a33,2026_W27,S2664,U23798,2026-07-01 16:35:57,2026-07-01 16:43:57,Facebook,Issue,Tablet,Safari,MacOS,/products
6d8e33e0-b1df-4841-8136-55253c666a33,2026_W27,S2665,U28855,2026-06-30 03:54:47,2026-06-30 04:30:47,Instagram,Wait,Tablet,Firefox,MacOS,/products
6d8e33e0-b1df-4841-8136-55253c666a33,2026_W27,S2666,U26592,2026-07-01 19:45:43,2026-07-01 20:19:43,Email,Sure,Tablet,Firefox,Android,/home
6d8e33e0-b1df-4841-8136-55253c666a33,2026_W27,S2667,U22295,2026-07-02 18:21:04,2026-07-02 18:42:04,Google Ads,Cultural,Mobile,Edge,Android,/offers
6d8e33e0-b1df-4841-8136-55253c666a33,2026_W27,S2668,U20968,2026-07-05 03:08:07,2026-07-05 03:20:07,Email,Something,Desktop,Chrome,iOS,/home
6d8e33e0-b1df-4841-8136-55253c666a33,2026_W27,S2669,U18425,2026-06-29 11:03:06,2026-06-29 11:20:06,Instagram,Local,Tablet,Edge,Android,/products
6d8e33e0-b1df-4841-8136-55253c666a33,2026_W27,S2670,U9031,2026-07-04 03:24:02,2026-07-04 03:40:02,Instagram,Card,Mobile,Chrome,Windows,/offers
6d8e33e0-b1df-4841-8136-55253c666a33,2026_W27,S2671,U31504,2026-07-04 12:46:12,2026-07-04 12:53:12,Organic,General,Tablet,Chrome,MacOS,/products
6d8e33e0-b1df-4841-8136-55253c666a33,2026_W27,S2672,U16576,2026-07-01 00:51:13,2026-07-01 01:31:13,Organic,Within,Tablet,Chrome,Android,/offers
6d8e33e0-b1df-4841-8136-55253c666a33,2026_W27,S2673,U17165,2026-07-03 10:17:55,2026-07-03 10:55:55,Direct,Team,Desktop,Edge,Windows,/home
6d8e33e0-b1df-4841-8136-55253c666a33,2026_W27,S2674,U11605,2026-06-29 12:58:46,2026-06-29 13:04:46,Facebook,Lawyer,Desktop,Chrome,Android,/products
6d8e33e0-b1df-4841-8136-55253c666a33,2026_W27,S2675,U9423,2026-07-02 17:47:47,2026-07-02 18:25:47,Facebook,Visit,Tablet,Edge,MacOS,/offers
6d8e33e0-b1df-4841-8136-55253c666a33,2026_W27,S2676,U16322,2026-07-02 14:05:19,2026-07-02 14:44:19,Instagram,Not,Tablet,Chrome,Windows,/products
6d8e33e0-b1df-4841-8136-55253c666a33,2026_W27,S2677,U3949,2026-06-30 01:42:36,2026-06-30 02:09:36,Email,Health,Tablet,Safari,MacOS,/offers
6d8e33e0-b1df-4841-8136-55253c666a33,2026_W27,S2678,U4762,2026-06-29 11:48:18,2026-06-29 12:21:18,Email,Cause,Desktop,Firefox,iOS,/offers
6d8e33e0-b1df-4841-8136-55253c666a33,2026_W27,S2679,U1728,2026-07-02 00:21:09,2026-07-02 00:53:09,Google Ads,Our,Tablet,Safari,MacOS,/home
6d8e33e0-b1df-4841-8136-55253c666a33,2026_W27,S2680,U7461,2026-07-03 18:31:54,2026-07-03 18:49:54,Instagram,Manager,Tablet,Chrome,Windows,/home
6d8e33e0-b1df-4841-8136-55253c666a33,2026_W27,S2681,U8309,2026-07-04 02:57:55,2026-07-04 02:59:55,Facebook,Whom,Tablet,Firefox,Windows,/products
6d8e33e0-b1df-4841-8136-55253c666a33,2026_W27,S2682,U21384,2026-06-30 20:58:36,2026-06-30 21:25:36,Email,Toward,Desktop,Chrome,iOS,/products
6d8e33e0-b1df-4841-8136-55253c666a33,2026_W27,S2683,U23674,2026-07-02 08:12:11,2026-07-02 08:48:11,Organic,Agency,Mobile,Edge,MacOS,/offers
6d8e33e0-b1df-4841-8136-55253c666a33,2026_W27,S2684,U4399,2026-07-03 11:53:04,2026-07-03 11:59:04,Google Ads,Produce,Mobile,Chrome,iOS,/offers
6d8e33e0-b1df-4841-8136-55253c666a33,2026_W27,S2685,U13709,2026-07-04 22:22:08,2026-07-04 22:25:08,Facebook,Eat,Desktop,Chrome,MacOS,/home
6d8e33e0-b1df-4841-8136-55253c666a33,2026_W27,S2686,U23437,2026-07-02 19:23:36,2026-07-02 19:54:36,Email,School,Mobile,Safari,iOS,/products
6d8e33e0-b1df-4841-8136-55253c666a33,2026_W27,S2687,U1414,2026-07-04 08:48:32,2026-07-04 09:25:32,Google Ads,Event,Mobile,Safari,Windows,/offers
6d8e33e0-b1df-4841-8136-55253c666a33,2026_W27,S2688,U4954,2026-07-03 11:52:30,2026-07-03 12:08:30,Direct,Old,Mobile,Edge,Android,/products
6d8e33e0-b1df-4841-8136-55253c666a33,2026_W27,S2689,U18257,2026-07-01 07:28:49,2026-07-01 07:59:49,Instagram,Reason,Mobile,Chrome,Windows,/offers
6d8e33e0-b1df-4841-8136-55253c666a33,2026_W27,S2690,U5615,2026-06-29 16:59:50,2026-06-29 17:16:50,Instagram,Item,Tablet,Firefox,Android,/products
6d8e33e0-b1df-4841-8136-55253c666a33,2026_W27,S2691,U26928,2026-07-02 16:23:02,2026-07-02 16:43:02,Organic,Pattern,Desktop,Edge,Android,/products
6d8e33e0-b1df-4841-8136-55253c666a33,2026_W27,S2692,U33550,2026-06-29 16:08:02,2026-06-29 16:48:02,Google Ads,Hot,Tablet,Chrome,Android,/home
6d8e33e0-b1df-4841-8136-55253c666a33,2026_W27,S2693,U28606,2026-07-03 06:48:20,2026-07-03 06:55:20,Direct,Space,Desktop,Firefox,MacOS,/offers
6d8e33e0-b1df-4841-8136-55253c666a33,2026_W27,S2694,U3840,2026-07-01 21:56:54,2026-07-01 22:28:54,Instagram,Pretty,Mobile,Chrome,iOS,/products
6d8e33e0-b1df-4841-8136-55253c666a33,2026_W27,S2695,U10621,2026-07-04 09:11:41,2026-07-04 09:27:41,Email,International,Desktop,Edge,iOS,/home
6d8e33e0-b1df-4841-8136-55253c666a33,2026_W27,S2696,U1998,2026-07-01 14:10:01,2026-07-01 14:38:01,Facebook,Sister,Tablet,Safari,Windows,/products
6d8e33e0-b1df-4841-8136-55253c666a33,2026_W27,S2697,U32373,2026-07-02 17:17:44,2026-07-02 17:27:44,Direct,Site,Tablet,Safari,iOS,/products
6d8e33e0-b1df-4841-8136-55253c666a33,2026_W27,S2698,U16412,2026-07-02 23:48:17,2026-07-03 00:28:17,Organic,Have,Tablet,Firefox,MacOS,/products
6d8e33e0-b1df-4841-8136-55253c666a33,2026_W27,S2699,U20305,2026-07-04 14:13:42,2026-07-04 14:17:42,Instagram,Race,Desktop,Firefox,iOS,/home
6d8e33e0-b1df-4841-8136-55253c666a33,2026_W27,S2700,U3955,2026-07-03 14:32:37,2026-07-03 14:34:37,Direct,Mouth,Tablet,Safari,MacOS,/home
6d8e33e0-b1df-4841-8136-55253c666a33,2026_W27,S2701,U5460,2026-07-03 08:01:20,2026-07-03 08:09:20,Facebook,End,Desktop,Firefox,Windows,/products
6d8e33e0-b1df-4841-8136-55253c666a33,2026_W27,S2702,U21938,2026-07-01 20:50:00,2026-07-01 21:21:00,Organic,Save,Desktop,Safari,Windows,/products
6d8e33e0-b1df-4841-8136-55253c666a33,2026_W27,S2703,U30755,2026-07-05 02:34:24,2026-07-05 02:43:24,Instagram,Model,Desktop,Safari,Android,/offers
6d8e33e0-b1df-4841-8136-55253c666a33,2026_W27,S2704,U9926,2026-07-04 05:08:00,2026-07-04 05:33:00,Facebook,Million,Tablet,Safari,Android,/home
6d8e33e0-b1df-4841-8136-55253c666a33,2026_W27,S2705,U17796,2026-07-03 21:14:29,2026-07-03 21:28:29,Facebook,Top,Desktop,Firefox,Android,/home
6d8e33e0-b1df-4841-8136-55253c666a33,2026_W27,S2706,U10176,2026-07-01 19:24:36,2026-07-01 19:59:36,Direct,Until,Mobile,Firefox,MacOS,/products
6d8e33e0-b1df-4841-8136-55253c666a33,2026_W27,S2707,U189,2026-07-02 16:42:05,2026-07-02 17:05:05,Organic,Purpose,Mobile,Edge,Android,/home
6d8e33e0-b1df-4841-8136-55253c666a33,2026_W27,S2708,U34418,2026-06-30 00:47:44,2026-06-30 00:51:44,Organic,Suffer,Mobile,Chrome,Android,/home
6d8e33e0-b1df-4841-8136-55253c666a33,2026_W27,S2709,U1343,2026-06-29 17:38:35,2026-06-29 17:48:35,Email,Attack,Tablet,Firefox,Android,/products
6d8e33e0-b1df-4841-8136-55253c666a33,2026_W27,S2710,U20249,2026-06-29 14:18:11,2026-06-29 14:34:11,Direct,List,Mobile,Chrome,Android,/home
6d8e33e0-b1df-4841-8136-55253c666a33,2026_W27,S2711,U28846,2026-07-03 00:29:59,2026-07-03 00:32:59,Instagram,Radio,Mobile,Edge,iOS,/home
6d8e33e0-b1df-4841-8136-55253c666a33,2026_W27,S2712,U18748,2026-07-02 08:31:51,2026-07-02 08:48:51,Email,Truth,Desktop,Firefox,Windows,/home
6d8e33e0-b1df-4841-8136-55253c666a33,2026_W27,S2713,U28806,2026-06-29 17:35:47,2026-06-29 18:15:47,Direct,Against,Tablet,Firefox,MacOS,/home
6d8e33e0-b1df-4841-8136-55253c666a33,2026_W27,S2714,U28332,2026-07-01 11:14:54,2026-07-01 11:42:54,Direct,Study,Desktop,Firefox,Android,/home
6d8e33e0-b1df-4841-8136-55253c666a33,2026_W27,S2715,U8590,2026-07-04 13:46:34,2026-07-04 13:54:34,Email,Media,Tablet,Firefox,Windows,/home
6d8e33e0-b1df-4841-8136-55253c666a33,2026_W27,S2716,U16929,2026-07-02 23:05:34,2026-07-02 23:37:34,Google Ads,Day,Mobile,Edge,Android,/offers
6d8e33e0-b1df-4841-8136-55253c666a33,2026_W27,S2717,U14548,2026-06-30 12:33:50,2026-06-30 12:51:50,Direct,Side,Tablet,Firefox,Android,/home
6d8e33e0-b1df-4841-8136-55253c666a33,2026_W27,S2718,U17299,2026-07-02 22:21:14,2026-07-02 22:30:14,Organic,Defense,Tablet,Chrome,iOS,/offers
6d8e33e0-b1df-4841-8136-55253c666a33,2026_W27,S2719,U10007,2026-07-04 20:40:58,2026-07-04 20:43:58,Email,Daughter,Tablet,Chrome,Android,/home
6d8e33e0-b1df-4841-8136-55253c666a33,2026_W27,S2720,U27625,2026-07-03 21:20:28,2026-07-03 21:25:28,Email,Four,Desktop,Safari,Android,/home
6d8e33e0-b1df-4841-8136-55253c666a33,2026_W27,S2721,U8737,2026-07-03 17:31:36,2026-07-03 18:10:36,Instagram,Give,Tablet,Safari,Windows,/home
6d8e33e0-b1df-4841-8136-55253c666a33,2026_W27,S2722,U12842,2026-07-05 08:51:31,2026-07-05 08:58:31,Facebook,Trouble,Desktop,Firefox,Windows,/products
6d8e33e0-b1df-4841-8136-55253c666a33,2026_W27,S2723,U18189,2026-07-02 14:22:29,2026-07-02 14:43:29,Direct,Realize,Tablet,Chrome,Android,/offers
6d8e33e0-b1df-4841-8136-55253c666a33,2026_W27,S2724,U10826,2026-07-01 14:39:04,2026-07-01 14:47:04,Facebook,Eight,Mobile,Firefox,Windows,/offers
6d8e33e0-b1df-4841-8136-55253c666a33,2026_W27,S2725,U12885,2026-07-04 13:10:22,2026-07-04 13:39:22,Email,Less,Tablet,Firefox,iOS,/products
6d8e33e0-b1df-4841-8136-55253c666a33,2026_W27,S2726,U33524,2026-07-04 07:09:35,2026-07-04 07:12:35,Email,Policy,Desktop,Safari,Android,/offers
6d8e33e0-b1df-4841-8136-55253c666a33,2026_W27,S2727,U21574,2026-07-02 05:01:12,2026-07-02 05:29:12,Organic,Action,Tablet,Safari,MacOS,/offers
6d8e33e0-b1df-4841-8136-55253c666a33,2026_W27,S2728,U23383,2026-07-03 13:54:38,2026-07-03 13:58:38,Direct,Leave,Tablet,Chrome,Windows,/offers
6d8e33e0-b1df-4841-8136-55253c666a33,2026_W27,S2729,U14473,2026-07-01 17:14:10,2026-07-01 17:36:10,Organic,One,Tablet,Safari,Android,/products
6d8e33e0-b1df-4841-8136-55253c666a33,2026_W27,S2730,U6395,2026-06-29 15:55:18,2026-06-29 16:07:18,Organic,Sport,Tablet,Chrome,iOS,/offers
6d8e33e0-b1df-4841-8136-55253c666a33,2026_W27,S2731,U2225,2026-07-04 03:43:02,2026-07-04 04:04:02,Google Ads,Cause,Tablet,Edge,MacOS,/offers
6d8e33e0-b1df-4841-8136-55253c666a33,2026_W27,S2732,U22480,2026-07-03 15:06:02,2026-07-03 15:34:02,Instagram,Lay,Tablet,Firefox,iOS,/home
6d8e33e0-b1df-4841-8136-55253c666a33,2026_W27,S2733,U8026,2026-07-01 16:02:27,2026-07-01 16:05:27,Facebook,Air,Mobile,Edge,Windows,/products
6d8e33e0-b1df-4841-8136-55253c666a33,2026_W27,S2734,U11820,2026-06-30 22:44:27,2026-06-30 22:48:27,Instagram,Whatever,Tablet,Edge,Android,/offers
6d8e33e0-b1df-4841-8136-55253c666a33,2026_W27,S2735,U28835,2026-06-29 15:24:45,2026-06-29 15:38:45,Google Ads,Sure,Desktop,Safari,Windows,/home
6d8e33e0-b1df-4841-8136-55253c666a33,2026_W27,S2736,U12691,2026-07-01 14:13:08,2026-07-01 14:43:08,Google Ads,Magazine,Tablet,Chrome,Windows,/home
6d8e33e0-b1df-4841-8136-55253c666a33,2026_W27,S2737,U32482,2026-07-01 17:23:51,2026-07-01 17:49:51,Google Ads,Inside,Desktop,Chrome,MacOS,/home
6d8e33e0-b1df-4841-8136-55253c666a33,2026_W27,S2738,U32363,2026-07-01 08:27:41,2026-07-01 08:42:41,Direct,Cell,Desktop,Safari,Windows,/offers
6d8e33e0-b1df-4841-8136-55253c666a33,2026_W27,S2739,U30429,2026-07-04 08:48:00,2026-07-04 09:17:00,Organic,Run,Tablet,Edge,MacOS,/products
6d8e33e0-b1df-4841-8136-55253c666a33,2026_W27,S2740,U32975,2026-07-03 16:15:38,2026-07-03 16:19:38,Instagram,Site,Mobile,Chrome,Windows,/offers
6d8e33e0-b1df-4841-8136-55253c666a33,2026_W27,S2741,U26515,2026-06-29 10:00:56,2026-06-29 10:01:56,Facebook,Practice,Mobile,Firefox,Android,/offers
6d8e33e0-b1df-4841-8136-55253c666a33,2026_W27,S2742,U20978,2026-07-03 22:41:15,2026-07-03 22:51:15,Email,Common,Desktop,Safari,iOS,/offers
6d8e33e0-b1df-4841-8136-55253c666a33,2026_W27,S2743,U15782,2026-07-04 13:58:30,2026-07-04 14:06:30,Organic,Book,Tablet,Safari,Windows,/home
6d8e33e0-b1df-4841-8136-55253c666a33,2026_W27,S2744,U29668,2026-06-29 09:44:52,2026-06-29 10:19:52,Google Ads,Win,Mobile,Safari,iOS,/products
6d8e33e0-b1df-4841-8136-55253c666a33,2026_W27,S2745,U19314,2026-07-01 00:02:18,2026-07-01 00:07:18,Organic,Financial,Desktop,Edge,MacOS,/home
6d8e33e0-b1df-4841-8136-55253c666a33,2026_W27,S2746,U10358,2026-07-03 04:02:08,2026-07-03 04:18:08,Email,Somebody,Tablet,Edge,iOS,/offers
6d8e33e0-b1df-4841-8136-55253c666a33,2026_W27,S2747,U30387,2026-07-04 13:03:47,2026-07-04 13:06:47,Instagram,Large,Desktop,Chrome,Windows,/products
6d8e33e0-b1df-4841-8136-55253c666a33,2026_W27,S2748,U28867,2026-06-30 20:01:42,2026-06-30 20:35:42,Direct,Recent,Tablet,Firefox,Android,/home
6d8e33e0-b1df-4841-8136-55253c666a33,2026_W27,S2749,U29555,2026-07-04 15:34:32,2026-07-04 15:37:32,Direct,Rise,Tablet,Chrome,Windows,/offers
6d8e33e0-b1df-4841-8136-55253c666a33,2026_W27,S2750,U2334,2026-07-02 04:52:47,2026-07-02 05:21:47,Email,Keep,Desktop,Safari,Android,/offers
6d8e33e0-b1df-4841-8136-55253c666a33,2026_W27,S2751,U28444,2026-07-01 15:26:34,2026-07-01 15:50:34,Email,Beautiful,Desktop,Chrome,Android,/home
6d8e33e0-b1df-4841-8136-55253c666a33,2026_W27,S2752,U23882,2026-07-01 00:11:05,2026-07-01 00:27:05,Organic,Heavy,Desktop,Firefox,Windows,/offers
6d8e33e0-b1df-4841-8136-55253c666a33,2026_W27,S2753,U9580,2026-06-30 19:45:32,2026-06-30 20:20:32,Instagram,Interest,Desktop,Edge,Windows,/home
6d8e33e0-b1df-4841-8136-55253c666a33,2026_W27,S2754,U31461,2026-07-01 19:17:06,2026-07-01 19:49:06,Direct,Wife,Tablet,Safari,MacOS,/products
6d8e33e0-b1df-4841-8136-55253c666a33,2026_W27,S2755,U15029,2026-06-30 08:25:59,2026-06-30 08:41:59,Facebook,Standard,Tablet,Firefox,MacOS,/offers
6d8e33e0-b1df-4841-8136-55253c666a33,2026_W27,S2756,U17624,2026-07-04 14:27:42,2026-07-04 14:39:42,Email,Pressure,Desktop,Edge,Windows,/home
6d8e33e0-b1df-4841-8136-55253c666a33,2026_W27,S2757,U15047,2026-07-01 11:53:21,2026-07-01 11:57:21,Direct,Simple,Desktop,Edge,MacOS,/products
6d8e33e0-b1df-4841-8136-55253c666a33,2026_W27,S2758,U23411,2026-07-02 16:52:44,2026-07-02 17:00:44,Direct,School,Tablet,Edge,MacOS,/home
6d8e33e0-b1df-4841-8136-55253c666a33,2026_W27,S2759,U6489,2026-07-02 15:38:11,2026-07-02 15:55:11,Google Ads,Data,Tablet,Safari,Android,/products
6d8e33e0-b1df-4841-8136-55253c666a33,2026_W27,S2760,U9977,2026-06-29 14:46:15,2026-06-29 14:59:15,Direct,Trouble,Tablet,Firefox,Windows,/offers
6d8e33e0-b1df-4841-8136-55253c666a33,2026_W27,S2761,U27846,2026-07-04 03:37:00,2026-07-04 03:53:00,Email,Policy,Mobile,Chrome,Android,/home
6d8e33e0-b1df-4841-8136-55253c666a33,2026_W27,S2762,U26525,2026-07-05 04:31:54,2026-07-05 04:42:54,Organic,Protect,Tablet,Safari,iOS,/products
6d8e33e0-b1df-4841-8136-55253c666a33,2026_W27,S2763,U20594,2026-07-02 22:11:19,2026-07-02 22:39:19,Instagram,Pull,Mobile,Edge,Android,/offers
6d8e33e0-b1df-4841-8136-55253c666a33,2026_W27,S2764,U24025,2026-07-02 04:28:11,2026-07-02 04:33:11,Facebook,Call,Desktop,Chrome,Windows,/home
6d8e33e0-b1df-4841-8136-55253c666a33,2026_W27,S2765,U34682,2026-07-04 05:45:56,2026-07-04 06:12:56,Google Ads,Away,Desktop,Safari,MacOS,/offers
6d8e33e0-b1df-4841-8136-55253c666a33,2026_W27,S2766,U7503,2026-06-30 22:46:11,2026-06-30 22:53:11,Facebook,Our,Tablet,Firefox,MacOS,/home
6d8e33e0-b1df-4841-8136-55253c666a33,2026_W27,S2767,U26497,2026-06-30 06:16:10,2026-06-30 06:40:10,Direct,Inside,Tablet,Edge,iOS,/home
6d8e33e0-b1df-4841-8136-55253c666a33,2026_W27,S2768,U24703,2026-07-01 14:53:17,2026-07-01 15:05:17,Facebook,Family,Desktop,Firefox,Android,/products
6d8e33e0-b1df-4841-8136-55253c666a33,2026_W27,S2769,U17471,2026-07-01 21:49:13,2026-07-01 22:03:13,Facebook,Writer,Mobile,Chrome,iOS,/offers
6d8e33e0-b1df-4841-8136-55253c666a33,2026_W27,S2770,U25902,2026-06-29 22:29:18,2026-06-29 22:33:18,Direct,Some,Desktop,Edge,iOS,/home
6d8e33e0-b1df-4841-8136-55253c666a33,2026_W27,S2771,U26371,2026-07-01 12:09:00,2026-07-01 12:11:00,Direct,Week,Tablet,Chrome,Android,/products
6d8e33e0-b1df-4841-8136-55253c666a33,2026_W27,S2772,U8747,2026-07-01 04:42:17,2026-07-01 04:46:17,Direct,Treat,Mobile,Safari,MacOS,/offers
6d8e33e0-b1df-4841-8136-55253c666a33,2026_W27,S2773,U19634,2026-07-03 16:31:27,2026-07-03 17:07:27,Organic,Today,Tablet,Edge,MacOS,/offers
6d8e33e0-b1df-4841-8136-55253c666a33,2026_W27,S2774,U7740,2026-07-02 08:02:04,2026-07-02 08:22:04,Google Ads,Me,Desktop,Firefox,Windows,/home
6d8e33e0-b1df-4841-8136-55253c666a33,2026_W27,S2775,U23228,2026-07-01 10:57:59,2026-07-01 11:35:59,Google Ads,Right,Mobile,Safari,MacOS,/products
6d8e33e0-b1df-4841-8136-55253c666a33,2026_W27,S2776,U31137,2026-07-04 23:52:29,2026-07-05 00:23:29,Email,Yes,Mobile,Chrome,Android,/products
6d8e33e0-b1df-4841-8136-55253c666a33,2026_W27,S2777,U3211,2026-07-02 08:42:26,2026-07-02 09:10:26,Google Ads,Cultural,Mobile,Firefox,MacOS,/products
6d8e33e0-b1df-4841-8136-55253c666a33,2026_W27,S2778,U31736,2026-07-01 02:39:19,2026-07-01 02:44:19,Facebook,Work,Desktop,Chrome,iOS,/products
6d8e33e0-b1df-4841-8136-55253c666a33,2026_W27,S2779,U15615,2026-07-02 13:45:59,2026-07-02 14:13:59,Facebook,Anything,Desktop,Chrome,iOS,/products
6d8e33e0-b1df-4841-8136-55253c666a33,2026_W27,S2780,U34885,2026-07-02 23:56:53,2026-07-03 00:31:53,Email,Understand,Mobile,Edge,MacOS,/products
6d8e33e0-b1df-4841-8136-55253c666a33,2026_W27,S2781,U16754,2026-07-04 10:12:15,2026-07-04 10:38:15,Facebook,Remain,Desktop,Safari,MacOS,/products
6d8e33e0-b1df-4841-8136-55253c666a33,2026_W27,S2782,U23946,2026-07-04 18:55:22,2026-07-04 19:03:22,Instagram,Her,Mobile,Edge,Android,/products
6d8e33e0-b1df-4841-8136-55253c666a33,2026_W27,S2783,U23910,2026-06-30 20:16:03,2026-06-30 20:23:03,Facebook,Easy,Mobile,Safari,Android,/products
6d8e33e0-b1df-4841-8136-55253c666a33,2026_W27,S2784,U14867,2026-06-29 10:45:46,2026-06-29 11:13:46,Facebook,Southern,Desktop,Edge,MacOS,/products
6d8e33e0-b1df-4841-8136-55253c666a33,2026_W27,S2785,U1952,2026-07-01 14:45:31,2026-07-01 14:57:31,Facebook,Back,Mobile,Safari,iOS,/home
6d8e33e0-b1df-4841-8136-55253c666a33,2026_W27,S2786,U26912,2026-07-01 17:06:58,2026-07-01 17:30:58,Organic,Teacher,Mobile,Edge,Android,/offers
6d8e33e0-b1df-4841-8136-55253c666a33,2026_W27,S2787,U14142,2026-06-29 17:19:00,2026-06-29 17:28:00,Instagram,Yet,Mobile,Firefox,Android,/products
6d8e33e0-b1df-4841-8136-55253c666a33,2026_W27,S2788,U12855,2026-07-02 13:43:15,2026-07-02 14:00:15,Instagram,Main,Desktop,Edge,Windows,/home
6d8e33e0-b1df-4841-8136-55253c666a33,2026_W27,S2789,U6140,2026-07-05 05:01:39,2026-07-05 05:31:39,Instagram,One,Desktop,Firefox,MacOS,/offers
6d8e33e0-b1df-4841-8136-55253c666a33,2026_W27,S2790,U11652,2026-07-01 06:09:43,2026-07-01 06:36:43,Google Ads,Year,Desktop,Safari,Windows,/home
6d8e33e0-b1df-4841-8136-55253c666a33,2026_W27,S2791,U9230,2026-06-30 17:08:00,2026-06-30 17:38:00,Instagram,Game,Tablet,Firefox,Windows,/offers
6d8e33e0-b1df-4841-8136-55253c666a33,2026_W27,S2792,U19859,2026-06-29 09:54:32,2026-06-29 10:22:32,Email,Own,Tablet,Firefox,iOS,/home
6d8e33e0-b1df-4841-8136-55253c666a33,2026_W27,S2793,U33245,2026-06-29 23:06:26,2026-06-29 23:23:26,Facebook,Strategy,Mobile,Edge,Android,/products
6d8e33e0-b1df-4841-8136-55253c666a33,2026_W27,S2794,U26032,2026-06-30 16:10:41,2026-06-30 16:17:41,Email,Exactly,Desktop,Safari,iOS,/offers
6d8e33e0-b1df-4841-8136-55253c666a33,2026_W27,S2795,U21415,2026-06-29 14:23:16,2026-06-29 14:34:16,Facebook,Together,Tablet,Safari,Android,/home
6d8e33e0-b1df-4841-8136-55253c666a33,2026_W27,S2796,U29029,2026-07-01 03:06:24,2026-07-01 03:45:24,Direct,Avoid,Tablet,Edge,Windows,/products
6d8e33e0-b1df-4841-8136-55253c666a33,2026_W27,S2797,U6573,2026-07-04 19:15:30,2026-07-04 19:30:30,Facebook,Report,Mobile,Safari,Android,/home
6d8e33e0-b1df-4841-8136-55253c666a33,2026_W27,S2798,U11959,2026-07-05 03:51:15,2026-07-05 03:57:15,Google Ads,Effect,Desktop,Safari,MacOS,/home
6d8e33e0-b1df-4841-8136-55253c666a33,2026_W27,S2799,U11622,2026-07-04 04:21:22,2026-07-04 04:53:22,Google Ads,One,Desktop,Firefox,Windows,/products
6d8e33e0-b1df-4841-8136-55253c666a33,2026_W27,S2800,U12660,2026-07-01 15:44:41,2026-07-01 16:21:41,Google Ads,Fish,Mobile,Edge,MacOS,/home
6d8e33e0-b1df-4841-8136-55253c666a33,2026_W27,S2801,U10933,2026-06-29 21:11:17,2026-06-29 21:43:17,Direct,Mother,Mobile,Edge,Windows,/home
6d8e33e0-b1df-4841-8136-55253c666a33,2026_W27,S2802,U25132,2026-06-29 09:44:39,2026-06-29 10:01:39,Direct,Find,Desktop,Firefox,iOS,/products
6d8e33e0-b1df-4841-8136-55253c666a33,2026_W27,S2803,U13462,2026-07-04 02:08:38,2026-07-04 02:10:38,Direct,Simple,Desktop,Chrome,iOS,/home
6d8e33e0-b1df-4841-8136-55253c666a33,2026_W27,S2804,U3380,2026-06-30 03:49:10,2026-06-30 04:11:10,Google Ads,Important,Mobile,Firefox,iOS,/products
6d8e33e0-b1df-4841-8136-55253c666a33,2026_W27,S2805,U20675,2026-07-01 23:16:17,2026-07-01 23:17:17,Google Ads,Argue,Tablet,Edge,MacOS,/offers
6d8e33e0-b1df-4841-8136-55253c666a33,2026_W27,S2806,U19832,2026-07-05 00:42:40,2026-07-05 01:15:40,Email,Phone,Desktop,Edge,Windows,/products
6d8e33e0-b1df-4841-8136-55253c666a33,2026_W27,S2807,U28505,2026-06-29 14:52:20,2026-06-29 15:26:20,Organic,Artist,Desktop,Safari,MacOS,/products
6d8e33e0-b1df-4841-8136-55253c666a33,2026_W27,S2808,U18767,2026-07-02 16:32:46,2026-07-02 16:51:46,Direct,Herself,Desktop,Firefox,Android,/products
6d8e33e0-b1df-4841-8136-55253c666a33,2026_W27,S2809,U27870,2026-07-01 23:19:32,2026-07-01 23:21:32,Organic,Cell,Tablet,Chrome,iOS,/offers
6d8e33e0-b1df-4841-8136-55253c666a33,2026_W27,S2810,U11397,2026-06-30 19:53:50,2026-06-30 20:24:50,Direct,Again,Desktop,Chrome,MacOS,/home
6d8e33e0-b1df-4841-8136-55253c666a33,2026_W27,S2811,U25300,2026-06-30 15:21:34,2026-06-30 15:59:34,Organic,Some,Desktop,Edge,iOS,/home
6d8e33e0-b1df-4841-8136-55253c666a33,2026_W27,S2812,U29406,2026-07-01 07:06:20,2026-07-01 07:16:20,Google Ads,Teach,Desktop,Edge,Windows,/offers
6d8e33e0-b1df-4841-8136-55253c666a33,2026_W27,S2813,U12750,2026-07-04 14:23:44,2026-07-04 14:39:44,Direct,Art,Tablet,Firefox,MacOS,/offers
6d8e33e0-b1df-4841-8136-55253c666a33,2026_W27,S2814,U1335,2026-06-30 01:12:54,2026-06-30 01:18:54,Instagram,Join,Desktop,Firefox,MacOS,/offers
6d8e33e0-b1df-4841-8136-55253c666a33,2026_W27,S2815,U16403,2026-07-04 02:40:06,2026-07-04 03:03:06,Direct,Least,Mobile,Firefox,Windows,/offers
6d8e33e0-b1df-4841-8136-55253c666a33,2026_W27,S2816,U19859,2026-07-02 23:30:48,2026-07-02 23:58:48,Facebook,Ahead,Tablet,Chrome,Windows,/home
6d8e33e0-b1df-4841-8136-55253c666a33,2026_W27,S2817,U18087,2026-06-29 21:42:48,2026-06-29 21:43:48,Google Ads,Quality,Tablet,Firefox,iOS,/products
6d8e33e0-b1df-4841-8136-55253c666a33,2026_W27,S2818,U11805,2026-07-04 01:05:54,2026-07-04 01:19:54,Email,Knowledge,Desktop,Chrome,MacOS,/products
6d8e33e0-b1df-4841-8136-55253c666a33,2026_W27,S2819,U5319,2026-07-01 08:24:46,2026-07-01 08:34:46,Instagram,Term,Tablet,Chrome,Windows,/home
6d8e33e0-b1df-4841-8136-55253c666a33,2026_W27,S2820,U25853,2026-07-02 14:14:08,2026-07-02 14:33:08,Direct,Its,Tablet,Firefox,Android,/offers
6d8e33e0-b1df-4841-8136-55253c666a33,2026_W27,S2821,U26551,2026-06-29 23:34:13,2026-06-30 00:01:13,Facebook,Two,Mobile,Firefox,Windows,/offers
6d8e33e0-b1df-4841-8136-55253c666a33,2026_W27,S2822,U21581,2026-07-01 16:44:24,2026-07-01 16:57:24,Google Ads,Result,Mobile,Safari,MacOS,/offers
6d8e33e0-b1df-4841-8136-55253c666a33,2026_W27,S2823,U9978,2026-07-02 19:01:31,2026-07-02 19:26:31,Facebook,Yeah,Mobile,Edge,MacOS,/home
6d8e33e0-b1df-4841-8136-55253c666a33,2026_W27,S2824,U24038,2026-07-02 22:49:40,2026-07-02 22:56:40,Direct,Everybody,Desktop,Chrome,iOS,/products
6d8e33e0-b1df-4841-8136-55253c666a33,2026_W27,S2825,U19698,2026-07-04 09:12:53,2026-07-04 09:21:53,Facebook,Strategy,Tablet,Firefox,Android,/products
6d8e33e0-b1df-4841-8136-55253c666a33,2026_W27,S2826,U732,2026-06-30 10:38:21,2026-06-30 11:18:21,Facebook,Hold,Tablet,Edge,Windows,/home
6d8e33e0-b1df-4841-8136-55253c666a33,2026_W27,S2827,U21716,2026-06-30 05:26:36,2026-06-30 05:52:36,Organic,Easy,Desktop,Firefox,Android,/home
6d8e33e0-b1df-4841-8136-55253c666a33,2026_W27,S2828,U24366,2026-07-01 00:49:36,2026-07-01 01:03:36,Google Ads,Trip,Mobile,Chrome,iOS,/products
6d8e33e0-b1df-4841-8136-55253c666a33,2026_W27,S2829,U33943,2026-07-01 05:10:15,2026-07-01 05:38:15,Email,Career,Tablet,Firefox,Android,/offers
6d8e33e0-b1df-4841-8136-55253c666a33,2026_W27,S2830,U31693,2026-07-02 16:16:32,2026-07-02 16:51:32,Organic,She,Tablet,Edge,Windows,/products
6d8e33e0-b1df-4841-8136-55253c666a33,2026_W27,S2831,U10963,2026-07-01 13:58:38,2026-07-01 14:08:38,Organic,Happen,Mobile,Safari,Windows,/home
6d8e33e0-b1df-4841-8136-55253c666a33,2026_W27,S2832,U17645,2026-07-02 14:54:22,2026-07-02 15:22:22,Facebook,Treatment,Desktop,Chrome,MacOS,/offers
6d8e33e0-b1df-4841-8136-55253c666a33,2026_W27,S2833,U19485,2026-07-02 23:56:54,2026-07-03 00:21:54,Google Ads,Similar,Desktop,Edge,Windows,/home
6d8e33e0-b1df-4841-8136-55253c666a33,2026_W27,S2834,U13900,2026-07-03 22:57:36,2026-07-03 23:35:36,Direct,Help,Mobile,Firefox,MacOS,/offers
6d8e33e0-b1df-4841-8136-55253c666a33,2026_W27,S2835,U13074,2026-07-05 08:19:37,2026-07-05 08:38:37,Email,Fund,Tablet,Chrome,Windows,/products
6d8e33e0-b1df-4841-8136-55253c666a33,2026_W27,S2836,U3339,2026-07-02 09:03:07,2026-07-02 09:30:07,Email,Size,Mobile,Firefox,Windows,/home
6d8e33e0-b1df-4841-8136-55253c666a33,2026_W27,S2837,U17295,2026-07-01 01:55:46,2026-07-01 02:09:46,Direct,Allow,Mobile,Safari,iOS,/offers
6d8e33e0-b1df-4841-8136-55253c666a33,2026_W27,S2838,U23239,2026-07-01 14:47:31,2026-07-01 15:27:31,Direct,Mrs,Desktop,Chrome,iOS,/products
6d8e33e0-b1df-4841-8136-55253c666a33,2026_W27,S2839,U9837,2026-07-03 09:16:09,2026-07-03 09:44:09,Facebook,After,Desktop,Safari,Windows,/home
6d8e33e0-b1df-4841-8136-55253c666a33,2026_W27,S2840,U34490,2026-07-02 21:12:09,2026-07-02 21:42:09,Instagram,Public,Tablet,Firefox,MacOS,/offers
6d8e33e0-b1df-4841-8136-55253c666a33,2026_W27,S2841,U3112,2026-07-03 17:26:46,2026-07-03 17:41:46,Instagram,Despite,Tablet,Chrome,Windows,/home
6d8e33e0-b1df-4841-8136-55253c666a33,2026_W27,S2842,U21537,2026-07-03 08:40:01,2026-07-03 08:57:01,Google Ads,While,Desktop,Edge,MacOS,/products
6d8e33e0-b1df-4841-8136-55253c666a33,2026_W27,S2843,U22625,2026-07-02 14:25:13,2026-07-02 14:54:13,Google Ads,Movement,Tablet,Firefox,iOS,/home
6d8e33e0-b1df-4841-8136-55253c666a33,2026_W27,S2844,U28936,2026-07-04 06:52:30,2026-07-04 07:19:30,Instagram,Degree,Mobile,Edge,MacOS,/offers
6d8e33e0-b1df-4841-8136-55253c666a33,2026_W27,S2845,U28897,2026-07-03 10:03:23,2026-07-03 10:31:23,Google Ads,Specific,Desktop,Safari,Windows,/offers
6d8e33e0-b1df-4841-8136-55253c666a33,2026_W27,S2846,U21108,2026-06-30 09:13:58,2026-06-30 09:30:58,Organic,Certainly,Mobile,Safari,Android,/home
6d8e33e0-b1df-4841-8136-55253c666a33,2026_W27,S2847,U14432,2026-07-02 13:44:24,2026-07-02 14:04:24,Organic,Alone,Mobile,Chrome,Windows,/products
6d8e33e0-b1df-4841-8136-55253c666a33,2026_W27,S2848,U24679,2026-06-30 11:14:00,2026-06-30 11:27:00,Email,Woman,Desktop,Safari,Windows,/home
6d8e33e0-b1df-4841-8136-55253c666a33,2026_W27,S2849,U22371,2026-07-01 00:51:21,2026-07-01 01:08:21,Email,Produce,Tablet,Edge,Android,/offers
6d8e33e0-b1df-4841-8136-55253c666a33,2026_W27,S2850,U15183,2026-06-29 17:28:01,2026-06-29 17:46:01,Organic,Word,Tablet,Safari,Windows,/home
6d8e33e0-b1df-4841-8136-55253c666a33,2026_W27,S2851,U25631,2026-07-03 12:35:46,2026-07-03 13:12:46,Google Ads,High,Tablet,Edge,Android,/products
6d8e33e0-b1df-4841-8136-55253c666a33,2026_W27,S2852,U5228,2026-07-03 10:25:16,2026-07-03 11:00:16,Direct,Help,Desktop,Safari,Windows,/home
6d8e33e0-b1df-4841-8136-55253c666a33,2026_W27,S2853,U20310,2026-07-04 19:54:11,2026-07-04 20:10:11,Google Ads,Course,Mobile,Safari,MacOS,/products
6d8e33e0-b1df-4841-8136-55253c666a33,2026_W27,S2854,U3900,2026-07-02 02:47:12,2026-07-02 03:00:12,Google Ads,Include,Desktop,Edge,MacOS,/offers
6d8e33e0-b1df-4841-8136-55253c666a33,2026_W27,S2855,U7938,2026-07-01 20:26:16,2026-07-01 20:56:16,Email,Administration,Mobile,Firefox,Windows,/products
6d8e33e0-b1df-4841-8136-55253c666a33,2026_W27,S2856,U23322,2026-07-03 20:03:07,2026-07-03 20:25:07,Direct,We,Mobile,Firefox,MacOS,/offers
6d8e33e0-b1df-4841-8136-55253c666a33,2026_W27,S2857,U22206,2026-07-01 14:27:31,2026-07-01 14:43:31,Instagram,Performance,Tablet,Safari,Windows,/offers
6d8e33e0-b1df-4841-8136-55253c666a33,2026_W27,S2858,U3418,2026-07-04 13:24:14,2026-07-04 13:46:14,Instagram,Drive,Desktop,Safari,MacOS,/home
6d8e33e0-b1df-4841-8136-55253c666a33,2026_W27,S2859,U34212,2026-07-04 16:50:47,2026-07-04 17:15:47,Direct,Player,Desktop,Edge,Android,/offers
6d8e33e0-b1df-4841-8136-55253c666a33,2026_W27,S2860,U3857,2026-06-29 14:02:42,2026-06-29 14:13:42,Facebook,Member,Mobile,Edge,iOS,/products
6d8e33e0-b1df-4841-8136-55253c666a33,2026_W27,S2861,U16170,2026-06-30 20:58:44,2026-06-30 21:28:44,Direct,Save,Desktop,Firefox,MacOS,/offers
6d8e33e0-b1df-4841-8136-55253c666a33,2026_W27,S2862,U32293,2026-07-02 12:47:04,2026-07-02 13:05:04,Google Ads,Situation,Tablet,Firefox,MacOS,/products
6d8e33e0-b1df-4841-8136-55253c666a33,2026_W27,S2863,U18425,2026-07-02 21:18:18,2026-07-02 21:51:18,Instagram,Color,Tablet,Safari,Windows,/home
6d8e33e0-b1df-4841-8136-55253c666a33,2026_W27,S2864,U32117,2026-07-04 08:25:13,2026-07-04 09:01:13,Direct,Fund,Desktop,Safari,iOS,/home
6d8e33e0-b1df-4841-8136-55253c666a33,2026_W27,S2865,U23868,2026-07-01 11:59:07,2026-07-01 12:25:07,Email,Recent,Mobile,Firefox,Android,/products
6d8e33e0-b1df-4841-8136-55253c666a33,2026_W27,S2866,U13031,2026-07-03 22:09:41,2026-07-03 22:26:41,Instagram,Should,Desktop,Safari,MacOS,/offers
6d8e33e0-b1df-4841-8136-55253c666a33,2026_W27,S2867,U28272,2026-06-30 00:00:15,2026-06-30 00:08:15,Instagram,Five,Mobile,Safari,iOS,/products
6d8e33e0-b1df-4841-8136-55253c666a33,2026_W27,S2868,U10104,2026-07-02 17:01:15,2026-07-02 17:34:15,Google Ads,Market,Mobile,Edge,Android,/products
6d8e33e0-b1df-4841-8136-55253c666a33,2026_W27,S2869,U7584,2026-07-01 10:48:03,2026-07-01 10:57:03,Email,Compare,Desktop,Safari,MacOS,/products
6d8e33e0-b1df-4841-8136-55253c666a33,2026_W27,S2870,U12863,2026-07-03 15:51:00,2026-07-03 16:22:00,Facebook,Individual,Desktop,Safari,iOS,/offers
6d8e33e0-b1df-4841-8136-55253c666a33,2026_W27,S2871,U1655,2026-07-01 20:22:28,2026-07-01 20:39:28,Direct,Guess,Mobile,Firefox,iOS,/home
6d8e33e0-b1df-4841-8136-55253c666a33,2026_W27,S2872,U2780,2026-07-04 16:40:44,2026-07-04 16:57:44,Facebook,Order,Desktop,Chrome,Android,/offers
6d8e33e0-b1df-4841-8136-55253c666a33,2026_W27,S2873,U21255,2026-07-02 21:15:51,2026-07-02 21:33:51,Email,Network,Tablet,Chrome,iOS,/offers
6d8e33e0-b1df-4841-8136-55253c666a33,2026_W27,S2874,U26989,2026-07-04 06:59:36,2026-07-04 07:05:36,Email,About,Desktop,Firefox,iOS,/offers
6d8e33e0-b1df-4841-8136-55253c666a33,2026_W27,S2875,U23396,2026-07-03 19:45:37,2026-07-03 20:18:37,Instagram,Pick,Mobile,Firefox,iOS,/offers
6d8e33e0-b1df-4841-8136-55253c666a33,2026_W27,S2876,U17724,2026-07-02 10:32:24,2026-07-02 11:03:24,Email,Usually,Desktop,Chrome,Android,/home
6d8e33e0-b1df-4841-8136-55253c666a33,2026_W27,S2877,U15673,2026-06-30 15:06:16,2026-06-30 15:40:16,Direct,Difficult,Desktop,Safari,Windows,/home
6d8e33e0-b1df-4841-8136-55253c666a33,2026_W27,S2878,U33128,2026-07-01 21:17:23,2026-07-01 21:31:23,Google Ads,Color,Desktop,Firefox,Android,/home
6d8e33e0-b1df-4841-8136-55253c666a33,2026_W27,S2879,U28189,2026-06-30 07:00:44,2026-06-30 07:37:44,Instagram,Fish,Desktop,Chrome,Android,/products
6d8e33e0-b1df-4841-8136-55253c666a33,2026_W27,S2880,U14692,2026-07-03 14:47:40,2026-07-03 14:52:40,Direct,Sure,Tablet,Edge,Android,/offers
6d8e33e0-b1df-4841-8136-55253c666a33,2026_W27,S2881,U2793,2026-07-04 03:03:25,2026-07-04 03:09:25,Direct,Leader,Mobile,Edge,MacOS,/offers
6d8e33e0-b1df-4841-8136-55253c666a33,2026_W27,S2882,U11300,2026-06-29 09:53:40,2026-06-29 10:19:40,Direct,Record,Mobile,Safari,Windows,/offers
6d8e33e0-b1df-4841-8136-55253c666a33,2026_W27,S2883,U31129,2026-06-30 02:13:18,2026-06-30 02:26:18,Direct,Personal,Mobile,Firefox,MacOS,/offers
6d8e33e0-b1df-4841-8136-55253c666a33,2026_W27,S2884,U22254,2026-07-01 11:14:27,2026-07-01 11:28:27,Google Ads,Language,Mobile,Safari,MacOS,/offers
6d8e33e0-b1df-4841-8136-55253c666a33,2026_W27,S2885,U703,2026-07-04 12:07:42,2026-07-04 12:08:42,Google Ads,Threat,Tablet,Edge,MacOS,/home
6d8e33e0-b1df-4841-8136-55253c666a33,2026_W27,S2886,U29629,2026-07-03 16:34:05,2026-07-03 16:48:05,Email,Attack,Tablet,Chrome,Windows,/offers
6d8e33e0-b1df-4841-8136-55253c666a33,2026_W27,S2887,U6569,2026-07-05 05:47:51,2026-07-05 06:04:51,Facebook,Husband,Tablet,Chrome,iOS,/products
6d8e33e0-b1df-4841-8136-55253c666a33,2026_W27,S2888,U8707,2026-06-29 09:53:19,2026-06-29 10:31:19,Instagram,Professor,Mobile,Firefox,Android,/home
6d8e33e0-b1df-4841-8136-55253c666a33,2026_W27,S2889,U28275,2026-07-02 03:07:10,2026-07-02 03:34:10,Instagram,Against,Tablet,Firefox,Windows,/products
6d8e33e0-b1df-4841-8136-55253c666a33,2026_W27,S2890,U25989,2026-07-01 01:14:10,2026-07-01 01:50:10,Email,There,Desktop,Edge,Android,/home
6d8e33e0-b1df-4841-8136-55253c666a33,2026_W27,S2891,U19214,2026-07-05 01:22:55,2026-07-05 01:32:55,Direct,Other,Tablet,Firefox,iOS,/products
6d8e33e0-b1df-4841-8136-55253c666a33,2026_W27,S2892,U31831,2026-07-04 09:36:58,2026-07-04 09:55:58,Google Ads,The,Tablet,Safari,iOS,/offers
6d8e33e0-b1df-4841-8136-55253c666a33,2026_W27,S2893,U26367,2026-07-03 01:16:18,2026-07-03 01:32:18,Instagram,Opportunity,Tablet,Firefox,MacOS,/products
6d8e33e0-b1df-4841-8136-55253c666a33,2026_W27,S2894,U15991,2026-06-30 14:15:03,2026-06-30 14:23:03,Google Ads,Nation,Tablet,Safari,iOS,/products
6d8e33e0-b1df-4841-8136-55253c666a33,2026_W27,S2895,U2342,2026-07-04 09:55:15,2026-07-04 10:17:15,Google Ads,Money,Desktop,Firefox,Android,/offers
6d8e33e0-b1df-4841-8136-55253c666a33,2026_W27,S2896,U29936,2026-06-30 03:55:02,2026-06-30 04:00:02,Email,Author,Mobile,Firefox,Windows,/offers
6d8e33e0-b1df-4841-8136-55253c666a33,2026_W27,S2897,U8191,2026-06-30 05:01:12,2026-06-30 05:26:12,Email,Front,Desktop,Firefox,Android,/offers
6d8e33e0-b1df-4841-8136-55253c666a33,2026_W27,S2898,U30935,2026-06-29 19:44:48,2026-06-29 20:03:48,Organic,Page,Desktop,Firefox,MacOS,/products
6d8e33e0-b1df-4841-8136-55253c666a33,2026_W27,S2899,U16644,2026-07-04 07:18:30,2026-07-04 07:21:30,Organic,Understand,Tablet,Safari,iOS,/offers
6d8e33e0-b1df-4841-8136-55253c666a33,2026_W27,S2900,U32445,2026-07-03 19:59:26,2026-07-03 20:37:26,Google Ads,May,Tablet,Chrome,iOS,/products
6d8e33e0-b1df-4841-8136-55253c666a33,2026_W27,S2901,U12480,2026-07-02 00:39:40,2026-07-02 00:55:40,Facebook,Food,Mobile,Chrome,Android,/home
6d8e33e0-b1df-4841-8136-55253c666a33,2026_W27,S2902,U6189,2026-06-30 00:07:39,2026-06-30 00:29:39,Facebook,Yard,Tablet,Edge,Android,/home
6d8e33e0-b1df-4841-8136-55253c666a33,2026_W27,S2903,U22433,2026-07-04 22:35:26,2026-07-04 23:09:26,Organic,Special,Desktop,Edge,Windows,/offers
6d8e33e0-b1df-4841-8136-55253c666a33,2026_W27,S2904,U21585,2026-07-03 09:09:00,2026-07-03 09:48:00,Organic,Employee,Desktop,Safari,Windows,/offers
6d8e33e0-b1df-4841-8136-55253c666a33,2026_W27,S2905,U16238,2026-07-04 00:24:51,2026-07-04 00:58:51,Email,Production,Mobile,Firefox,iOS,/products
6d8e33e0-b1df-4841-8136-55253c666a33,2026_W27,S2906,U21199,2026-07-01 08:24:27,2026-07-01 08:26:27,Instagram,Worry,Tablet,Chrome,Windows,/offers
6d8e33e0-b1df-4841-8136-55253c666a33,2026_W27,S2907,U15590,2026-07-04 08:40:54,2026-07-04 08:42:54,Organic,Without,Desktop,Chrome,iOS,/products
6d8e33e0-b1df-4841-8136-55253c666a33,2026_W27,S2908,U9790,2026-07-02 16:35:18,2026-07-02 17:05:18,Instagram,Newspaper,Mobile,Safari,Android,/offers
6d8e33e0-b1df-4841-8136-55253c666a33,2026_W27,S2909,U11434,2026-07-04 00:10:46,2026-07-04 00:33:46,Direct,Cold,Desktop,Chrome,iOS,/home
6d8e33e0-b1df-4841-8136-55253c666a33,2026_W27,S2910,U3000,2026-06-30 20:59:35,2026-06-30 21:28:35,Direct,National,Desktop,Firefox,iOS,/offers
6d8e33e0-b1df-4841-8136-55253c666a33,2026_W27,S2911,U19135,2026-07-04 07:46:42,2026-07-04 08:22:42,Email,Far,Mobile,Safari,Windows,/home
6d8e33e0-b1df-4841-8136-55253c666a33,2026_W27,S2912,U25420,2026-07-02 07:55:12,2026-07-02 08:06:12,Google Ads,Project,Tablet,Edge,MacOS,/products
6d8e33e0-b1df-4841-8136-55253c666a33,2026_W27,S2913,U11165,2026-06-30 21:17:53,2026-06-30 21:42:53,Organic,Receive,Desktop,Safari,MacOS,/offers
6d8e33e0-b1df-4841-8136-55253c666a33,2026_W27,S2914,U30881,2026-06-29 17:13:32,2026-06-29 17:24:32,Instagram,Office,Mobile,Firefox,Android,/products
6d8e33e0-b1df-4841-8136-55253c666a33,2026_W27,S2915,U12002,2026-07-01 07:37:06,2026-07-01 08:02:06,Organic,Positive,Desktop,Chrome,iOS,/offers
6d8e33e0-b1df-4841-8136-55253c666a33,2026_W27,S2916,U24541,2026-07-03 04:40:16,2026-07-03 04:58:16,Direct,Party,Desktop,Safari,MacOS,/products
6d8e33e0-b1df-4841-8136-55253c666a33,2026_W27,S2917,U26020,2026-07-01 01:56:26,2026-07-01 02:20:26,Google Ads,Arm,Tablet,Firefox,Android,/products
6d8e33e0-b1df-4841-8136-55253c666a33,2026_W27,S2918,U476,2026-07-02 02:45:26,2026-07-02 03:08:26,Google Ads,Fund,Desktop,Edge,MacOS,/home
6d8e33e0-b1df-4841-8136-55253c666a33,2026_W27,S2919,U19859,2026-07-02 05:05:43,2026-07-02 05:18:43,Direct,Prove,Tablet,Chrome,Windows,/home
6d8e33e0-b1df-4841-8136-55253c666a33,2026_W27,S2920,U33942,2026-07-03 14:17:21,2026-07-03 14:28:21,Email,One,Desktop,Edge,MacOS,/offers
6d8e33e0-b1df-4841-8136-55253c666a33,2026_W27,S2921,U28358,2026-07-01 03:36:27,2026-07-01 04:06:27,Email,Economy,Desktop,Edge,iOS,/products
6d8e33e0-b1df-4841-8136-55253c666a33,2026_W27,S2922,U16657,2026-07-02 19:18:49,2026-07-02 19:48:49,Instagram,First,Tablet,Edge,MacOS,/offers
6d8e33e0-b1df-4841-8136-55253c666a33,2026_W27,S2923,U24117,2026-07-03 10:06:37,2026-07-03 10:43:37,Email,At,Tablet,Safari,Android,/home
6d8e33e0-b1df-4841-8136-55253c666a33,2026_W27,S2924,U31167,2026-07-01 17:12:21,2026-07-01 17:30:21,Email,Issue,Tablet,Safari,Windows,/products
6d8e33e0-b1df-4841-8136-55253c666a33,2026_W27,S2925,U14694,2026-07-02 22:23:49,2026-07-02 22:51:49,Direct,Ground,Tablet,Edge,iOS,/offers
6d8e33e0-b1df-4841-8136-55253c666a33,2026_W27,S2926,U24723,2026-07-01 22:49:56,2026-07-01 23:05:56,Email,Project,Desktop,Safari,iOS,/home
6d8e33e0-b1df-4841-8136-55253c666a33,2026_W27,S2927,U27056,2026-07-01 11:47:08,2026-07-01 11:58:08,Facebook,Parent,Desktop,Chrome,MacOS,/offers
6d8e33e0-b1df-4841-8136-55253c666a33,2026_W27,S2928,U32704,2026-07-04 15:55:15,2026-07-04 16:22:15,Instagram,Threat,Desktop,Chrome,Windows,/products
6d8e33e0-b1df-4841-8136-55253c666a33,2026_W27,S2929,U10954,2026-07-04 01:42:38,2026-07-04 01:57:38,Instagram,Wait,Mobile,Edge,Windows,/home
6d8e33e0-b1df-4841-8136-55253c666a33,2026_W27,S2930,U23288,2026-07-03 08:03:05,2026-07-03 08:42:05,Email,Room,Desktop,Edge,Android,/offers
6d8e33e0-b1df-4841-8136-55253c666a33,2026_W27,S2931,U12598,2026-06-30 16:38:59,2026-06-30 17:04:59,Organic,Theory,Desktop,Firefox,iOS,/offers
6d8e33e0-b1df-4841-8136-55253c666a33,2026_W27,S2932,U7362,2026-07-04 12:41:59,2026-07-04 13:20:59,Direct,Position,Mobile,Chrome,MacOS,/products
6d8e33e0-b1df-4841-8136-55253c666a33,2026_W27,S2933,U24179,2026-06-30 11:36:13,2026-06-30 11:49:13,Facebook,List,Tablet,Edge,Android,/home
6d8e33e0-b1df-4841-8136-55253c666a33,2026_W27,S2934,U33530,2026-07-03 13:06:41,2026-07-03 13:43:41,Google Ads,Step,Mobile,Safari,Windows,/products
6d8e33e0-b1df-4841-8136-55253c666a33,2026_W27,S2935,U22887,2026-07-04 02:02:17,2026-07-04 02:11:17,Email,True,Desktop,Edge,MacOS,/offers
6d8e33e0-b1df-4841-8136-55253c666a33,2026_W27,S2936,U5732,2026-06-29 12:00:05,2026-06-29 12:10:05,Facebook,Decade,Desktop,Edge,MacOS,/home
6d8e33e0-b1df-4841-8136-55253c666a33,2026_W27,S2937,U1047,2026-06-29 18:37:33,2026-06-29 18:57:33,Instagram,Free,Desktop,Safari,MacOS,/products
6d8e33e0-b1df-4841-8136-55253c666a33,2026_W27,S2938,U22928,2026-06-30 19:13:57,2026-06-30 19:18:57,Google Ads,Scene,Mobile,Edge,Windows,/offers
6d8e33e0-b1df-4841-8136-55253c666a33,2026_W27,S2939,U34031,2026-07-03 10:03:36,2026-07-03 10:17:36,Google Ads,Clearly,Desktop,Chrome,iOS,/home
6d8e33e0-b1df-4841-8136-55253c666a33,2026_W27,S2940,U17322,2026-07-02 13:59:10,2026-07-02 14:37:10,Facebook,Kind,Tablet,Edge,iOS,/products
6d8e33e0-b1df-4841-8136-55253c666a33,2026_W27,S2941,U17422,2026-06-30 15:30:36,2026-06-30 15:37:36,Google Ads,Board,Desktop,Firefox,Android,/offers
6d8e33e0-b1df-4841-8136-55253c666a33,2026_W27,S2942,U282,2026-07-03 15:35:29,2026-07-03 15:46:29,Instagram,Human,Desktop,Edge,Windows,/home
6d8e33e0-b1df-4841-8136-55253c666a33,2026_W27,S2943,U20491,2026-06-30 23:52:41,2026-06-30 23:57:41,Direct,Either,Tablet,Firefox,MacOS,/offers
6d8e33e0-b1df-4841-8136-55253c666a33,2026_W27,S2944,U31573,2026-07-05 01:41:43,2026-07-05 02:11:43,Organic,Hand,Mobile,Edge,Windows,/home
6d8e33e0-b1df-4841-8136-55253c666a33,2026_W27,S2945,U32887,2026-06-30 13:26:44,2026-06-30 13:46:44,Instagram,Too,Desktop,Firefox,iOS,/home
6d8e33e0-b1df-4841-8136-55253c666a33,2026_W27,S2946,U12089,2026-07-04 07:26:22,2026-07-04 07:45:22,Email,Identify,Mobile,Safari,MacOS,/products
6d8e33e0-b1df-4841-8136-55253c666a33,2026_W27,S2947,U32335,2026-07-01 13:50:15,2026-07-01 13:52:15,Google Ads,Purpose,Desktop,Safari,Windows,/offers
6d8e33e0-b1df-4841-8136-55253c666a33,2026_W27,S2948,U21811,2026-06-30 00:03:52,2026-06-30 00:36:52,Facebook,Two,Mobile,Firefox,Android,/offers
6d8e33e0-b1df-4841-8136-55253c666a33,2026_W27,S2949,U33265,2026-07-01 04:19:31,2026-07-01 04:57:31,Instagram,Fine,Mobile,Firefox,Windows,/home
6d8e33e0-b1df-4841-8136-55253c666a33,2026_W27,S2950,U22564,2026-07-05 06:31:27,2026-07-05 06:44:27,Email,Vote,Tablet,Firefox,Windows,/products
6d8e33e0-b1df-4841-8136-55253c666a33,2026_W27,S2951,U20876,2026-07-01 10:43:56,2026-07-01 11:22:56,Organic,Discover,Mobile,Chrome,iOS,/home
6d8e33e0-b1df-4841-8136-55253c666a33,2026_W27,S2952,U34831,2026-06-30 08:35:04,2026-06-30 08:43:04,Google Ads,Sign,Mobile,Firefox,Android,/home
6d8e33e0-b1df-4841-8136-55253c666a33,2026_W27,S2953,U20934,2026-07-01 05:13:29,2026-07-01 05:28:29,Instagram,Building,Tablet,Safari,Windows,/home
6d8e33e0-b1df-4841-8136-55253c666a33,2026_W27,S2954,U7656,2026-07-02 09:21:59,2026-07-02 10:00:59,Email,Can,Mobile,Edge,iOS,/offers
6d8e33e0-b1df-4841-8136-55253c666a33,2026_W27,S2955,U24147,2026-07-01 15:36:47,2026-07-01 15:41:47,Email,Campaign,Mobile,Chrome,Windows,/home
6d8e33e0-b1df-4841-8136-55253c666a33,2026_W27,S2956,U22492,2026-06-30 07:55:13,2026-06-30 08:01:13,Instagram,Significant,Desktop,Edge,MacOS,/offers
6d8e33e0-b1df-4841-8136-55253c666a33,2026_W27,S2957,U9164,2026-06-29 18:47:10,2026-06-29 19:16:10,Facebook,Agreement,Mobile,Firefox,MacOS,/home
6d8e33e0-b1df-4841-8136-55253c666a33,2026_W27,S2958,U5149,2026-06-30 05:54:10,2026-06-30 06:33:10,Organic,Action,Tablet,Safari,MacOS,/products
6d8e33e0-b1df-4841-8136-55253c666a33,2026_W27,S2959,U4666,2026-07-03 04:31:11,2026-07-03 04:47:11,Facebook,Major,Mobile,Firefox,iOS,/offers
6d8e33e0-b1df-4841-8136-55253c666a33,2026_W27,S2960,U33652,2026-06-30 20:22:10,2026-06-30 20:55:10,Facebook,Father,Mobile,Firefox,iOS,/offers
6d8e33e0-b1df-4841-8136-55253c666a33,2026_W27,S2961,U16665,2026-07-02 07:44:39,2026-07-02 08:15:39,Organic,Hot,Desktop,Edge,Windows,/offers
6d8e33e0-b1df-4841-8136-55253c666a33,2026_W27,S2962,U10348,2026-07-02 04:58:15,2026-07-02 05:33:15,Instagram,Public,Tablet,Firefox,iOS,/offers
6d8e33e0-b1df-4841-8136-55253c666a33,2026_W27,S2963,U31545,2026-07-01 21:57:48,2026-07-01 22:25:48,Google Ads,Hope,Desktop,Edge,iOS,/products
6d8e33e0-b1df-4841-8136-55253c666a33,2026_W27,S2964,U24438,2026-06-29 21:16:56,2026-06-29 21:48:56,Organic,Likely,Desktop,Firefox,Windows,/products
6d8e33e0-b1df-4841-8136-55253c666a33,2026_W27,S2965,U26648,2026-07-02 00:15:22,2026-07-02 00:23:22,Instagram,Last,Desktop,Edge,Android,/products
6d8e33e0-b1df-4841-8136-55253c666a33,2026_W27,S2966,U2676,2026-07-01 10:15:17,2026-07-01 10:17:17,Direct,Trip,Desktop,Safari,iOS,/offers
6d8e33e0-b1df-4841-8136-55253c666a33,2026_W27,S2967,U19605,2026-06-29 18:58:39,2026-06-29 19:32:39,Organic,Employee,Tablet,Edge,MacOS,/offers
6d8e33e0-b1df-4841-8136-55253c666a33,2026_W27,S2968,U8433,2026-07-02 05:57:50,2026-07-02 06:17:50,Organic,Relate,Tablet,Safari,MacOS,/home
6d8e33e0-b1df-4841-8136-55253c666a33,2026_W27,S2969,U3289,2026-07-01 00:20:47,2026-07-01 00:43:47,Facebook,Where,Desktop,Firefox,Windows,/products
6d8e33e0-b1df-4841-8136-55253c666a33,2026_W27,S2970,U33992,2026-07-04 14:28:46,2026-07-04 14:44:46,Facebook,Apply,Mobile,Safari,Windows,/offers
6d8e33e0-b1df-4841-8136-55253c666a33,2026_W27,S2971,U26991,2026-06-30 10:42:39,2026-06-30 10:59:39,Google Ads,Billion,Desktop,Edge,Windows,/home
6d8e33e0-b1df-4841-8136-55253c666a33,2026_W27,S2972,U31705,2026-06-30 09:08:43,2026-06-30 09:33:43,Facebook,Reason,Mobile,Edge,Android,/products
6d8e33e0-b1df-4841-8136-55253c666a33,2026_W27,S2973,U27509,2026-07-04 00:12:58,2026-07-04 00:27:58,Direct,Almost,Mobile,Safari,Windows,/home
6d8e33e0-b1df-4841-8136-55253c666a33,2026_W27,S2974,U16554,2026-06-30 19:20:40,2026-06-30 19:58:40,Email,Anyone,Desktop,Firefox,MacOS,/offers
6d8e33e0-b1df-4841-8136-55253c666a33,2026_W27,S2975,U29016,2026-07-03 04:19:32,2026-07-03 04:41:32,Email,Investment,Mobile,Safari,iOS,/offers
6d8e33e0-b1df-4841-8136-55253c666a33,2026_W27,S2976,U20665,2026-07-03 01:50:37,2026-07-03 02:10:37,Email,Add,Desktop,Safari,iOS,/products
6d8e33e0-b1df-4841-8136-55253c666a33,2026_W27,S2977,U10871,2026-07-01 13:42:15,2026-07-01 13:47:15,Google Ads,Base,Desktop,Chrome,MacOS,/home
6d8e33e0-b1df-4841-8136-55253c666a33,2026_W27,S2978,U8596,2026-07-01 21:26:01,2026-07-01 21:46:01,Organic,Production,Tablet,Edge,Windows,/offers
6d8e33e0-b1df-4841-8136-55253c666a33,2026_W27,S2979,U23006,2026-06-30 11:15:15,2026-06-30 11:41:15,Instagram,I,Desktop,Chrome,Android,/products
6d8e33e0-b1df-4841-8136-55253c666a33,2026_W27,S2980,U34056,2026-06-29 15:17:05,2026-06-29 15:52:05,Google Ads,Political,Mobile,Safari,Android,/home
6d8e33e0-b1df-4841-8136-55253c666a33,2026_W27,S2981,U5153,2026-06-30 02:58:16,2026-06-30 03:10:16,Email,Speak,Tablet,Safari,MacOS,/products
6d8e33e0-b1df-4841-8136-55253c666a33,2026_W27,S2982,U19896,2026-07-02 17:29:46,2026-07-02 18:03:46,Instagram,Collection,Tablet,Safari,iOS,/home
6d8e33e0-b1df-4841-8136-55253c666a33,2026_W27,S2983,U27889,2026-07-01 06:52:11,2026-07-01 07:29:11,Direct,Behavior,Desktop,Safari,iOS,/products
6d8e33e0-b1df-4841-8136-55253c666a33,2026_W27,S2984,U33012,2026-07-03 01:58:09,2026-07-03 02:25:09,Google Ads,Strong,Mobile,Chrome,MacOS,/home
6d8e33e0-b1df-4841-8136-55253c666a33,2026_W27,S2985,U34138,2026-07-01 14:41:28,2026-07-01 15:05:28,Facebook,Cultural,Desktop,Edge,MacOS,/offers
6d8e33e0-b1df-4841-8136-55253c666a33,2026_W27,S2986,U12713,2026-06-30 05:55:25,2026-06-30 06:24:25,Organic,Side,Desktop,Firefox,Windows,/products
6d8e33e0-b1df-4841-8136-55253c666a33,2026_W27,S2987,U14887,2026-07-01 21:07:02,2026-07-01 21:38:02,Facebook,Collection,Desktop,Chrome,MacOS,/products
6d8e33e0-b1df-4841-8136-55253c666a33,2026_W27,S2988,U257,2026-07-05 08:34:14,2026-07-05 09:13:14,Facebook,After,Tablet,Safari,Windows,/products
6d8e33e0-b1df-4841-8136-55253c666a33,2026_W27,S2989,U26619,2026-07-03 15:35:05,2026-07-03 15:39:05,Email,Important,Tablet,Safari,Android,/products
6d8e33e0-b1df-4841-8136-55253c666a33,2026_W27,S2990,U6729,2026-07-04 14:38:15,2026-07-04 14:54:15,Facebook,Care,Mobile,Safari,Windows,/offers
6d8e33e0-b1df-4841-8136-55253c666a33,2026_W27,S2991,U11794,2026-07-01 20:47:09,2026-07-01 20:59:09,Email,Moment,Mobile,Safari,Windows,/home
6d8e33e0-b1df-4841-8136-55253c666a33,2026_W27,S2992,U10726,2026-06-29 11:48:31,2026-06-29 12:13:31,Organic,Body,Desktop,Firefox,MacOS,/offers
6d8e33e0-b1df-4841-8136-55253c666a33,2026_W27,S2993,U26169,2026-07-02 09:48:05,2026-07-02 09:57:05,Organic,Later,Desktop,Safari,MacOS,/products
6d8e33e0-b1df-4841-8136-55253c666a33,2026_W27,S2994,U23633,2026-07-04 11:28:54,2026-07-04 11:57:54,Facebook,Wrong,Mobile,Edge,iOS,/products
6d8e33e0-b1df-4841-8136-55253c666a33,2026_W27,S2995,U27344,2026-07-04 20:30:39,2026-07-04 21:06:39,Instagram,Floor,Desktop,Edge,Android,/offers
6d8e33e0-b1df-4841-8136-55253c666a33,2026_W27,S2996,U20725,2026-06-30 13:42:49,2026-06-30 14:22:49,Direct,Same,Tablet,Firefox,iOS,/offers
6d8e33e0-b1df-4841-8136-55253c666a33,2026_W27,S2997,U10687,2026-07-02 09:11:46,2026-07-02 09:29:46,Facebook,Young,Mobile,Safari,iOS,/products
6d8e33e0-b1df-4841-8136-55253c666a33,2026_W27,S2998,U9137,2026-07-01 18:34:18,2026-07-01 18:36:18,Google Ads,Know,Mobile,Firefox,Android,/offers
6d8e33e0-b1df-4841-8136-55253c666a33,2026_W27,S2999,U31635,2026-07-01 05:41:59,2026-07-01 06:15:59,Direct,Challenge,Tablet,Firefox,Android,/products
6d8e33e0-b1df-4841-8136-55253c666a33,2026_W27,S3000,U1395,2026-07-04 07:10:37,2026-07-04 07:15:37,Direct,Language,Desktop,Edge,Windows,/offers
6d8e33e0-b1df-4841-8136-55253c666a33,2026_W27,S3001,U14028,2026-07-02 01:19:06,2026-07-02 01:23:06,Direct,Strong,Mobile,Firefox,iOS,/home
6d8e33e0-b1df-4841-8136-55253c666a33,2026_W27,S3002,U20953,2026-07-01 19:08:37,2026-07-01 19:11:37,Email,Senior,Desktop,Safari,iOS,/home
6d8e33e0-b1df-4841-8136-55253c666a33,2026_W27,S3003,U6582,2026-07-04 18:59:13,2026-07-04 19:29:13,Email,Perhaps,Mobile,Firefox,iOS,/products
6d8e33e0-b1df-4841-8136-55253c666a33,2026_W27,S3004,U21566,2026-07-02 05:50:09,2026-07-02 06:03:09,Instagram,Discover,Tablet,Firefox,Windows,/offers
6d8e33e0-b1df-4841-8136-55253c666a33,2026_W27,S3005,U13892,2026-06-30 12:55:10,2026-06-30 12:56:10,Instagram,Reveal,Mobile,Safari,Windows,/products
6d8e33e0-b1df-4841-8136-55253c666a33,2026_W27,S3006,U8131,2026-07-02 11:11:49,2026-07-02 11:49:49,Organic,Blood,Desktop,Chrome,Android,/products
6d8e33e0-b1df-4841-8136-55253c666a33,2026_W27,S3007,U28849,2026-07-03 02:56:00,2026-07-03 02:57:00,Instagram,Field,Mobile,Chrome,Windows,/products
6d8e33e0-b1df-4841-8136-55253c666a33,2026_W27,S3008,U14869,2026-06-29 13:31:50,2026-06-29 13:51:50,Email,Consider,Desktop,Safari,Windows,/products
6d8e33e0-b1df-4841-8136-55253c666a33,2026_W27,S3009,U7480,2026-06-29 15:49:59,2026-06-29 16:16:59,Instagram,Edge,Mobile,Chrome,MacOS,/home
6d8e33e0-b1df-4841-8136-55253c666a33,2026_W27,S3010,U9128,2026-07-03 14:45:26,2026-07-03 15:00:26,Instagram,Election,Mobile,Edge,Android,/home
6d8e33e0-b1df-4841-8136-55253c666a33,2026_W27,S3011,U3845,2026-06-29 18:30:34,2026-06-29 18:51:34,Instagram,End,Mobile,Chrome,Android,/home
6d8e33e0-b1df-4841-8136-55253c666a33,2026_W27,S3012,U16450,2026-07-03 11:25:10,2026-07-03 11:38:10,Facebook,Value,Tablet,Firefox,Windows,/home
6d8e33e0-b1df-4841-8136-55253c666a33,2026_W27,S3013,U26351,2026-07-02 06:28:53,2026-07-02 07:07:53,Google Ads,Ready,Tablet,Firefox,Windows,/home
6d8e33e0-b1df-4841-8136-55253c666a33,2026_W27,S3014,U18222,2026-07-02 19:43:01,2026-07-02 20:17:01,Organic,Site,Mobile,Edge,MacOS,/home
6d8e33e0-b1df-4841-8136-55253c666a33,2026_W27,S3015,U30120,2026-06-29 19:51:19,2026-06-29 20:18:19,Instagram,Situation,Tablet,Safari,MacOS,/home
6d8e33e0-b1df-4841-8136-55253c666a33,2026_W27,S3016,U17441,2026-07-04 22:14:29,2026-07-04 22:30:29,Facebook,Health,Mobile,Firefox,Windows,/home
6d8e33e0-b1df-4841-8136-55253c666a33,2026_W27,S3017,U13775,2026-07-02 22:30:32,2026-07-02 22:50:32,Instagram,Imagine,Mobile,Edge,Android,/offers
6d8e33e0-b1df-4841-8136-55253c666a33,2026_W27,S3018,U10831,2026-07-03 11:08:41,2026-07-03 11:25:41,Organic,Whether,Tablet,Firefox,Windows,/home
6d8e33e0-b1df-4841-8136-55253c666a33,2026_W27,S3019,U10494,2026-06-30 02:07:34,2026-06-30 02:12:34,Direct,Everybody,Mobile,Safari,Windows,/products
6d8e33e0-b1df-4841-8136-55253c666a33,2026_W27,S3020,U33679,2026-07-03 09:37:48,2026-07-03 09:54:48,Direct,Term,Mobile,Firefox,Windows,/home
6d8e33e0-b1df-4841-8136-55253c666a33,2026_W27,S3021,U34740,2026-06-30 10:50:13,2026-06-30 10:52:13,Facebook,Charge,Mobile,Firefox,iOS,/home
6d8e33e0-b1df-4841-8136-55253c666a33,2026_W27,S3022,U12442,2026-07-04 16:21:20,2026-07-04 16:57:20,Google Ads,Teach,Desktop,Firefox,iOS,/products
6d8e33e0-b1df-4841-8136-55253c666a33,2026_W27,S3023,U18485,2026-07-04 08:07:39,2026-07-04 08:24:39,Facebook,Charge,Tablet,Firefox,iOS,/products
6d8e33e0-b1df-4841-8136-55253c666a33,2026_W27,S3024,U11275,2026-07-03 08:37:00,2026-07-03 09:13:00,Organic,Try,Mobile,Safari,iOS,/products
6d8e33e0-b1df-4841-8136-55253c666a33,2026_W27,S3025,U9332,2026-07-01 23:32:21,2026-07-02 00:05:21,Instagram,Trouble,Desktop,Chrome,Windows,/home
6d8e33e0-b1df-4841-8136-55253c666a33,2026_W27,S3026,U4992,2026-06-30 07:17:45,2026-06-30 07:35:45,Email,Five,Desktop,Safari,Windows,/products
6d8e33e0-b1df-4841-8136-55253c666a33,2026_W27,S3027,U6191,2026-06-29 16:22:39,2026-06-29 16:57:39,Email,Same,Mobile,Chrome,iOS,/products
6d8e33e0-b1df-4841-8136-55253c666a33,2026_W27,S3028,U24057,2026-06-29 20:49:59,2026-06-29 20:53:59,Facebook,Cover,Mobile,Edge,MacOS,/products
6d8e33e0-b1df-4841-8136-55253c666a33,2026_W27,S3029,U9424,2026-06-30 16:57:40,2026-06-30 17:27:40,Email,Appear,Mobile,Edge,Windows,/home
6d8e33e0-b1df-4841-8136-55253c666a33,2026_W27,S3030,U11455,2026-07-02 11:05:06,2026-07-02 11:21:06,Organic,Plan,Desktop,Safari,iOS,/products
6d8e33e0-b1df-4841-8136-55253c666a33,2026_W27,S3031,U29003,2026-07-01 10:04:37,2026-07-01 10:35:37,Organic,Behavior,Mobile,Firefox,MacOS,/home
6d8e33e0-b1df-4841-8136-55253c666a33,2026_W27,S3032,U33256,2026-07-04 04:49:33,2026-07-04 05:19:33,Email,Line,Desktop,Chrome,Android,/home
6d8e33e0-b1df-4841-8136-55253c666a33,2026_W27,S3033,U32106,2026-07-05 01:10:51,2026-07-05 01:47:51,Organic,Suffer,Desktop,Safari,iOS,/products
6d8e33e0-b1df-4841-8136-55253c666a33,2026_W27,S3034,U30398,2026-06-30 10:27:26,2026-06-30 10:58:26,Google Ads,Me,Desktop,Safari,Windows,/products
6d8e33e0-b1df-4841-8136-55253c666a33,2026_W27,S3035,U4221,2026-06-29 14:45:33,2026-06-29 14:55:33,Google Ads,Ball,Mobile,Chrome,MacOS,/offers
6d8e33e0-b1df-4841-8136-55253c666a33,2026_W27,S3036,U34234,2026-07-01 12:20:09,2026-07-01 12:33:09,Instagram,Bar,Tablet,Chrome,Android,/home
6d8e33e0-b1df-4841-8136-55253c666a33,2026_W27,S3037,U23903,2026-06-29 23:27:09,2026-06-29 23:43:09,Instagram,Water,Mobile,Safari,Windows,/offers
6d8e33e0-b1df-4841-8136-55253c666a33,2026_W27,S3038,U11907,2026-07-05 04:38:32,2026-07-05 04:59:32,Direct,Leave,Mobile,Edge,iOS,/products
6d8e33e0-b1df-4841-8136-55253c666a33,2026_W27,S3039,U23306,2026-07-04 18:09:50,2026-07-04 18:12:50,Facebook,This,Desktop,Edge,Android,/offers
6d8e33e0-b1df-4841-8136-55253c666a33,2026_W27,S3040,U26211,2026-07-03 04:03:14,2026-07-03 04:40:14,Google Ads,Offer,Desktop,Firefox,iOS,/offers
6d8e33e0-b1df-4841-8136-55253c666a33,2026_W27,S3041,U2101,2026-07-02 21:29:14,2026-07-02 21:48:14,Instagram,Reach,Tablet,Safari,MacOS,/products
6d8e33e0-b1df-4841-8136-55253c666a33,2026_W27,S3042,U14235,2026-07-02 08:07:29,2026-07-02 08:28:29,Organic,Strategy,Tablet,Chrome,Windows,/products
6d8e33e0-b1df-4841-8136-55253c666a33,2026_W27,S3043,U17345,2026-06-30 12:13:59,2026-06-30 12:29:59,Email,End,Mobile,Firefox,MacOS,/products
6d8e33e0-b1df-4841-8136-55253c666a33,2026_W27,S3044,U33430,2026-07-03 05:01:48,2026-07-03 05:34:48,Organic,Food,Tablet,Firefox,iOS,/home
6d8e33e0-b1df-4841-8136-55253c666a33,2026_W27,S3045,U1325,2026-07-04 04:58:39,2026-07-04 05:00:39,Direct,Beat,Mobile,Firefox,iOS,/products
6d8e33e0-b1df-4841-8136-55253c666a33,2026_W27,S3046,U8025,2026-06-30 02:25:21,2026-06-30 02:48:21,Organic,Republican,Tablet,Safari,MacOS,/products
6d8e33e0-b1df-4841-8136-55253c666a33,2026_W27,S3047,U32283,2026-07-05 05:18:14,2026-07-05 05:30:14,Instagram,Indeed,Desktop,Firefox,MacOS,/offers
6d8e33e0-b1df-4841-8136-55253c666a33,2026_W27,S3048,U21435,2026-07-03 17:02:31,2026-07-03 17:28:31,Google Ads,Reality,Tablet,Safari,MacOS,/offers
6d8e33e0-b1df-4841-8136-55253c666a33,2026_W27,S3049,U2371,2026-06-30 07:07:02,2026-06-30 07:47:02,Facebook,Career,Tablet,Chrome,Android,/home
6d8e33e0-b1df-4841-8136-55253c666a33,2026_W27,S3050,U30773,2026-07-04 15:54:19,2026-07-04 16:20:19,Instagram,Doctor,Mobile,Safari,iOS,/offers
6d8e33e0-b1df-4841-8136-55253c666a33,2026_W27,S3051,U22618,2026-06-30 04:14:25,2026-06-30 04:43:25,Facebook,Little,Tablet,Chrome,Windows,/products
6d8e33e0-b1df-4841-8136-55253c666a33,2026_W27,S3052,U30174,2026-06-30 18:39:47,2026-06-30 18:51:47,Google Ads,Nearly,Tablet,Chrome,Windows,/home
6d8e33e0-b1df-4841-8136-55253c666a33,2026_W27,S3053,U24223,2026-06-30 20:10:35,2026-06-30 20:11:35,Organic,Bad,Tablet,Firefox,MacOS,/products
6d8e33e0-b1df-4841-8136-55253c666a33,2026_W27,S3054,U15981,2026-06-30 10:10:34,2026-06-30 10:17:34,Direct,Peace,Tablet,Firefox,Android,/offers
6d8e33e0-b1df-4841-8136-55253c666a33,2026_W27,S3055,U7977,2026-06-30 06:16:10,2026-06-30 06:28:10,Direct,Professor,Mobile,Firefox,iOS,/products
6d8e33e0-b1df-4841-8136-55253c666a33,2026_W27,S3056,U23525,2026-07-02 00:37:25,2026-07-02 00:44:25,Instagram,Design,Desktop,Chrome,MacOS,/offers
6d8e33e0-b1df-4841-8136-55253c666a33,2026_W27,S3057,U22219,2026-07-01 15:09:32,2026-07-01 15:37:32,Facebook,Tell,Desktop,Firefox,MacOS,/offers
6d8e33e0-b1df-4841-8136-55253c666a33,2026_W27,S3058,U4553,2026-06-30 03:02:54,2026-06-30 03:22:54,Instagram,Note,Tablet,Chrome,iOS,/home
6d8e33e0-b1df-4841-8136-55253c666a33,2026_W27,S3059,U33236,2026-06-30 17:12:37,2026-06-30 17:33:37,Instagram,Appear,Mobile,Edge,iOS,/home
6d8e33e0-b1df-4841-8136-55253c666a33,2026_W27,S3060,U9280,2026-06-30 11:35:26,2026-06-30 11:43:26,Google Ads,Actually,Desktop,Safari,Windows,/offers
6d8e33e0-b1df-4841-8136-55253c666a33,2026_W27,S3061,U24108,2026-06-30 11:33:21,2026-06-30 11:51:21,Email,Responsibility,Mobile,Edge,iOS,/products
6d8e33e0-b1df-4841-8136-55253c666a33,2026_W27,S3062,U32432,2026-07-01 03:02:50,2026-07-01 03:08:50,Direct,Small,Mobile,Chrome,Android,/products
6d8e33e0-b1df-4841-8136-55253c666a33,2026_W27,S3063,U4239,2026-06-30 17:59:03,2026-06-30 18:35:03,Email,Make,Mobile,Firefox,Android,/home
6d8e33e0-b1df-4841-8136-55253c666a33,2026_W27,S3064,U31948,2026-07-04 01:44:57,2026-07-04 02:09:57,Instagram,Simple,Tablet,Chrome,Android,/offers
6d8e33e0-b1df-4841-8136-55253c666a33,2026_W27,S3065,U20516,2026-07-04 06:25:22,2026-07-04 07:03:22,Instagram,See,Tablet,Firefox,MacOS,/home
6d8e33e0-b1df-4841-8136-55253c666a33,2026_W27,S3066,U10311,2026-07-05 02:48:54,2026-07-05 03:14:54,Instagram,Soldier,Tablet,Safari,Android,/offers
6d8e33e0-b1df-4841-8136-55253c666a33,2026_W27,S3067,U527,2026-06-30 07:47:18,2026-06-30 08:02:18,Organic,Same,Desktop,Edge,Android,/home
6d8e33e0-b1df-4841-8136-55253c666a33,2026_W27,S3068,U10073,2026-07-01 00:46:20,2026-07-01 01:10:20,Organic,Father,Tablet,Firefox,Windows,/products
6d8e33e0-b1df-4841-8136-55253c666a33,2026_W27,S3069,U30156,2026-07-04 14:23:28,2026-07-04 15:02:28,Email,Truth,Tablet,Chrome,Android,/products
6d8e33e0-b1df-4841-8136-55253c666a33,2026_W27,S3070,U34519,2026-06-30 22:34:56,2026-06-30 23:08:56,Facebook,Future,Tablet,Firefox,Android,/home
6d8e33e0-b1df-4841-8136-55253c666a33,2026_W27,S3071,U2165,2026-07-04 14:48:23,2026-07-04 15:07:23,Email,Early,Tablet,Safari,Android,/offers
6d8e33e0-b1df-4841-8136-55253c666a33,2026_W27,S3072,U28280,2026-07-03 05:14:07,2026-07-03 05:49:07,Google Ads,Above,Desktop,Edge,iOS,/offers
6d8e33e0-b1df-4841-8136-55253c666a33,2026_W27,S3073,U22956,2026-07-03 19:17:20,2026-07-03 19:28:20,Facebook,Inside,Mobile,Firefox,Windows,/home
6d8e33e0-b1df-4841-8136-55253c666a33,2026_W27,S3074,U15031,2026-07-04 17:03:19,2026-07-04 17:17:19,Organic,Pay,Desktop,Edge,Windows,/home
6d8e33e0-b1df-4841-8136-55253c666a33,2026_W27,S3075,U30470,2026-06-30 17:31:21,2026-06-30 18:02:21,Google Ads,Cover,Mobile,Edge,Android,/products
6d8e33e0-b1df-4841-8136-55253c666a33,2026_W27,S3076,U836,2026-07-01 11:09:23,2026-07-01 11:25:23,Direct,Reach,Desktop,Edge,Android,/products
6d8e33e0-b1df-4841-8136-55253c666a33,2026_W27,S3077,U20447,2026-07-02 02:59:18,2026-07-02 03:11:18,Facebook,Rise,Mobile,Edge,iOS,/products
6d8e33e0-b1df-4841-8136-55253c666a33,2026_W27,S3078,U16321,2026-07-05 00:25:35,2026-07-05 00:41:35,Email,Sometimes,Tablet,Edge,MacOS,/offers
6d8e33e0-b1df-4841-8136-55253c666a33,2026_W27,S3079,U15763,2026-06-30 23:56:28,2026-07-01 00:26:28,Direct,Though,Tablet,Edge,Android,/home
6d8e33e0-b1df-4841-8136-55253c666a33,2026_W27,S3080,U18790,2026-07-02 05:22:40,2026-07-02 05:35:40,Facebook,Discussion,Desktop,Chrome,Windows,/offers
6d8e33e0-b1df-4841-8136-55253c666a33,2026_W27,S3081,U1808,2026-07-04 14:24:29,2026-07-04 14:32:29,Instagram,Price,Tablet,Firefox,iOS,/offers
6d8e33e0-b1df-4841-8136-55253c666a33,2026_W27,S3082,U18118,2026-07-04 04:31:03,2026-07-04 04:40:03,Instagram,Police,Desktop,Firefox,MacOS,/products
6d8e33e0-b1df-4841-8136-55253c666a33,2026_W27,S3083,U6842,2026-07-01 17:44:45,2026-07-01 18:21:45,Organic,Military,Mobile,Chrome,Android,/offers
6d8e33e0-b1df-4841-8136-55253c666a33,2026_W27,S3084,U16085,2026-07-04 10:52:07,2026-07-04 11:05:07,Direct,News,Mobile,Edge,Windows,/offers
6d8e33e0-b1df-4841-8136-55253c666a33,2026_W27,S3085,U33734,2026-06-29 11:42:51,2026-06-29 11:43:51,Email,Him,Tablet,Safari,MacOS,/offers
6d8e33e0-b1df-4841-8136-55253c666a33,2026_W27,S3086,U33883,2026-06-29 21:56:06,2026-06-29 22:27:06,Organic,Customer,Desktop,Firefox,MacOS,/home
6d8e33e0-b1df-4841-8136-55253c666a33,2026_W27,S3087,U17333,2026-07-04 16:49:46,2026-07-04 17:29:46,Facebook,Media,Mobile,Chrome,MacOS,/products
6d8e33e0-b1df-4841-8136-55253c666a33,2026_W27,S3088,U14095,2026-06-30 21:33:53,2026-06-30 21:54:53,Direct,Son,Desktop,Chrome,iOS,/home
6d8e33e0-b1df-4841-8136-55253c666a33,2026_W27,S3089,U15652,2026-07-01 09:39:10,2026-07-01 09:58:10,Organic,Than,Tablet,Firefox,Android,/home
6d8e33e0-b1df-4841-8136-55253c666a33,2026_W27,S3090,U15542,2026-07-02 23:53:36,2026-07-03 00:30:36,Google Ads,House,Desktop,Chrome,Android,/products
6d8e33e0-b1df-4841-8136-55253c666a33,2026_W27,S3091,U11963,2026-07-02 13:27:57,2026-07-02 13:28:57,Email,Capital,Tablet,Chrome,Android,/offers
6d8e33e0-b1df-4841-8136-55253c666a33,2026_W27,S3092,U10988,2026-07-03 09:51:38,2026-07-03 10:26:38,Email,Statement,Mobile,Firefox,Android,/home
6d8e33e0-b1df-4841-8136-55253c666a33,2026_W27,S3093,U11904,2026-07-03 04:18:59,2026-07-03 04:39:59,Organic,Join,Desktop,Firefox,MacOS,/home
6d8e33e0-b1df-4841-8136-55253c666a33,2026_W27,S3094,U30128,2026-07-05 02:51:32,2026-07-05 03:31:32,Instagram,Pull,Desktop,Firefox,Windows,/products
6d8e33e0-b1df-4841-8136-55253c666a33,2026_W27,S3095,U25355,2026-07-04 23:39:52,2026-07-05 00:16:52,Organic,Quite,Tablet,Chrome,iOS,/offers
6d8e33e0-b1df-4841-8136-55253c666a33,2026_W27,S3096,U13901,2026-07-02 21:50:40,2026-07-02 22:19:40,Direct,Seem,Mobile,Safari,Windows,/products
6d8e33e0-b1df-4841-8136-55253c666a33,2026_W27,S3097,U14991,2026-06-30 15:34:45,2026-06-30 15:54:45,Google Ads,Your,Desktop,Safari,Android,/offers
6d8e33e0-b1df-4841-8136-55253c666a33,2026_W27,S3098,U28645,2026-06-29 22:25:13,2026-06-29 23:03:13,Facebook,Collection,Mobile,Edge,Android,/home
6d8e33e0-b1df-4841-8136-55253c666a33,2026_W27,S3099,U30091,2026-07-04 07:46:23,2026-07-04 08:03:23,Email,Pattern,Tablet,Edge,Windows,/products
6d8e33e0-b1df-4841-8136-55253c666a33,2026_W27,S3100,U29009,2026-07-02 14:31:39,2026-07-02 14:57:39,Direct,Group,Mobile,Edge,MacOS,/home
6d8e33e0-b1df-4841-8136-55253c666a33,2026_W27,S3101,U16463,2026-07-03 10:55:55,2026-07-03 11:13:55,Google Ads,Option,Mobile,Chrome,Windows,/offers
6d8e33e0-b1df-4841-8136-55253c666a33,2026_W27,S3102,U3245,2026-07-02 05:39:07,2026-07-02 05:40:07,Organic,Article,Mobile,Safari,Android,/products
6d8e33e0-b1df-4841-8136-55253c666a33,2026_W27,S3103,U1661,2026-07-05 00:21:58,2026-07-05 00:59:58,Google Ads,Book,Desktop,Firefox,iOS,/products
6d8e33e0-b1df-4841-8136-55253c666a33,2026_W27,S3104,U3204,2026-07-05 06:44:13,2026-07-05 06:50:13,Organic,Area,Desktop,Chrome,Android,/products
6d8e33e0-b1df-4841-8136-55253c666a33,2026_W27,S3105,U33960,2026-06-30 17:02:03,2026-06-30 17:42:03,Facebook,Will,Desktop,Edge,Windows,/home
6d8e33e0-b1df-4841-8136-55253c666a33,2026_W27,S3106,U19558,2026-07-01 10:00:17,2026-07-01 10:02:17,Organic,Seven,Desktop,Chrome,Android,/products
6d8e33e0-b1df-4841-8136-55253c666a33,2026_W27,S3107,U8874,2026-07-03 07:44:57,2026-07-03 08:10:57,Direct,Same,Tablet,Firefox,MacOS,/products
6d8e33e0-b1df-4841-8136-55253c666a33,2026_W27,S3108,U30969,2026-07-04 04:27:45,2026-07-04 04:42:45,Organic,Yet,Tablet,Edge,Windows,/products
6d8e33e0-b1df-4841-8136-55253c666a33,2026_W27,S3109,U18516,2026-07-01 07:11:48,2026-07-01 07:48:48,Facebook,Collection,Tablet,Edge,MacOS,/offers
6d8e33e0-b1df-4841-8136-55253c666a33,2026_W27,S3110,U28222,2026-07-02 11:11:24,2026-07-02 11:22:24,Google Ads,Detail,Tablet,Chrome,MacOS,/home
6d8e33e0-b1df-4841-8136-55253c666a33,2026_W27,S3111,U9578,2026-06-30 06:07:28,2026-06-30 06:36:28,Google Ads,Second,Desktop,Edge,Android,/home
6d8e33e0-b1df-4841-8136-55253c666a33,2026_W27,S3112,U2577,2026-07-04 16:35:29,2026-07-04 17:13:29,Email,Close,Tablet,Edge,Android,/home
6d8e33e0-b1df-4841-8136-55253c666a33,2026_W27,S3113,U7060,2026-07-02 16:28:18,2026-07-02 16:50:18,Facebook,Stop,Mobile,Firefox,Windows,/products
6d8e33e0-b1df-4841-8136-55253c666a33,2026_W27,S3114,U20228,2026-07-01 17:10:34,2026-07-01 17:22:34,Email,Tonight,Desktop,Safari,Android,/products
6d8e33e0-b1df-4841-8136-55253c666a33,2026_W27,S3115,U21278,2026-07-03 20:15:11,2026-07-03 20:47:11,Direct,Goal,Mobile,Firefox,iOS,/home
6d8e33e0-b1df-4841-8136-55253c666a33,2026_W27,S3116,U4399,2026-07-02 07:38:08,2026-07-02 07:41:08,Email,Sit,Desktop,Firefox,MacOS,/products
6d8e33e0-b1df-4841-8136-55253c666a33,2026_W27,S3117,U20324,2026-07-04 23:10:11,2026-07-04 23:12:11,Organic,Man,Mobile,Firefox,MacOS,/offers
6d8e33e0-b1df-4841-8136-55253c666a33,2026_W27,S3118,U8435,2026-06-29 15:00:38,2026-06-29 15:34:38,Instagram,Number,Desktop,Chrome,Windows,/home
6d8e33e0-b1df-4841-8136-55253c666a33,2026_W27,S3119,U18152,2026-06-29 18:23:29,2026-06-29 19:02:29,Organic,Relate,Mobile,Safari,iOS,/products
6d8e33e0-b1df-4841-8136-55253c666a33,2026_W27,S3120,U7523,2026-07-03 05:11:55,2026-07-03 05:42:55,Facebook,Moment,Desktop,Chrome,MacOS,/products
6d8e33e0-b1df-4841-8136-55253c666a33,2026_W27,S3121,U1511,2026-06-30 03:35:35,2026-06-30 03:55:35,Google Ads,Level,Tablet,Firefox,iOS,/home
6d8e33e0-b1df-4841-8136-55253c666a33,2026_W27,S3122,U24720,2026-06-30 19:38:53,2026-06-30 20:09:53,Organic,Model,Tablet,Safari,MacOS,/home
6d8e33e0-b1df-4841-8136-55253c666a33,2026_W27,S3123,U18419,2026-06-30 19:02:29,2026-06-30 19:03:29,Google Ads,Top,Mobile,Safari,Android,/offers
6d8e33e0-b1df-4841-8136-55253c666a33,2026_W27,S3124,U19790,2026-07-03 18:50:39,2026-07-03 19:16:39,Instagram,Rich,Mobile,Firefox,Android,/offers
6d8e33e0-b1df-4841-8136-55253c666a33,2026_W27,S3125,U30526,2026-07-03 02:46:11,2026-07-03 03:20:11,Email,Commercial,Mobile,Safari,Windows,/home
6d8e33e0-b1df-4841-8136-55253c666a33,2026_W27,S3126,U17016,2026-07-03 04:06:12,2026-07-03 04:08:12,Direct,Possible,Mobile,Safari,MacOS,/products
6d8e33e0-b1df-4841-8136-55253c666a33,2026_W27,S3127,U30749,2026-07-05 06:15:54,2026-07-05 06:28:54,Organic,Decide,Mobile,Chrome,Android,/offers
6d8e33e0-b1df-4841-8136-55253c666a33,2026_W27,S3128,U16001,2026-07-01 06:55:24,2026-07-01 07:34:24,Organic,He,Desktop,Firefox,iOS,/home
6d8e33e0-b1df-4841-8136-55253c666a33,2026_W27,S3129,U14921,2026-07-04 15:21:23,2026-07-04 15:32:23,Organic,Scientist,Tablet,Firefox,iOS,/offers
6d8e33e0-b1df-4841-8136-55253c666a33,2026_W27,S3130,U20339,2026-07-02 01:03:19,2026-07-02 01:34:19,Google Ads,Year,Desktop,Safari,MacOS,/home
6d8e33e0-b1df-4841-8136-55253c666a33,2026_W27,S3131,U7792,2026-07-02 01:52:41,2026-07-02 02:06:41,Instagram,Trouble,Tablet,Firefox,Windows,/offers
6d8e33e0-b1df-4841-8136-55253c666a33,2026_W27,S3132,U26628,2026-07-01 00:51:43,2026-07-01 01:23:43,Email,Enough,Desktop,Edge,Android,/products
6d8e33e0-b1df-4841-8136-55253c666a33,2026_W27,S3133,U9111,2026-07-02 11:21:52,2026-07-02 11:39:52,Google Ads,For,Tablet,Edge,Android,/offers
6d8e33e0-b1df-4841-8136-55253c666a33,2026_W27,S3134,U19933,2026-07-01 02:18:28,2026-07-01 02:51:28,Organic,Ahead,Desktop,Edge,Windows,/products
6d8e33e0-b1df-4841-8136-55253c666a33,2026_W27,S3135,U22089,2026-06-30 23:58:14,2026-07-01 00:09:14,Direct,You,Desktop,Firefox,MacOS,/products
6d8e33e0-b1df-4841-8136-55253c666a33,2026_W27,S3136,U11028,2026-07-04 07:05:41,2026-07-04 07:11:41,Facebook,Environmental,Desktop,Firefox,iOS,/offers
6d8e33e0-b1df-4841-8136-55253c666a33,2026_W27,S3137,U14585,2026-07-04 17:07:10,2026-07-04 17:18:10,Google Ads,Themselves,Desktop,Edge,Windows,/offers
6d8e33e0-b1df-4841-8136-55253c666a33,2026_W27,S3138,U15690,2026-07-04 16:38:10,2026-07-04 16:41:10,Organic,Clearly,Mobile,Chrome,iOS,/products
6d8e33e0-b1df-4841-8136-55253c666a33,2026_W27,S3139,U31189,2026-07-03 07:29:48,2026-07-03 07:54:48,Direct,Share,Tablet,Safari,MacOS,/home
6d8e33e0-b1df-4841-8136-55253c666a33,2026_W27,S3140,U6924,2026-07-03 10:13:56,2026-07-03 10:38:56,Organic,Model,Tablet,Firefox,Android,/products
6d8e33e0-b1df-4841-8136-55253c666a33,2026_W27,S3141,U7777,2026-06-30 20:10:49,2026-06-30 20:45:49,Instagram,Hear,Desktop,Chrome,Android,/products
6d8e33e0-b1df-4841-8136-55253c666a33,2026_W27,S3142,U32948,2026-07-01 20:42:32,2026-07-01 21:01:32,Organic,Condition,Mobile,Safari,iOS,/offers
6d8e33e0-b1df-4841-8136-55253c666a33,2026_W27,S3143,U30192,2026-07-03 06:03:26,2026-07-03 06:27:26,Facebook,Including,Mobile,Edge,iOS,/products
6d8e33e0-b1df-4841-8136-55253c666a33,2026_W27,S3144,U29954,2026-07-05 00:27:48,2026-07-05 01:07:48,Google Ads,Bit,Mobile,Safari,Android,/products
6d8e33e0-b1df-4841-8136-55253c666a33,2026_W27,S3145,U32591,2026-07-05 00:14:27,2026-07-05 00:30:27,Google Ads,Throughout,Desktop,Edge,iOS,/offers
6d8e33e0-b1df-4841-8136-55253c666a33,2026_W27,S3146,U11241,2026-07-01 18:51:26,2026-07-01 19:10:26,Organic,Run,Tablet,Safari,Windows,/home
6d8e33e0-b1df-4841-8136-55253c666a33,2026_W27,S3147,U29596,2026-07-03 11:28:24,2026-07-03 11:51:24,Direct,Store,Mobile,Edge,Android,/home
6d8e33e0-b1df-4841-8136-55253c666a33,2026_W27,S3148,U23969,2026-07-04 03:36:31,2026-07-04 03:57:31,Organic,Across,Mobile,Firefox,iOS,/products
6d8e33e0-b1df-4841-8136-55253c666a33,2026_W27,S3149,U15919,2026-07-04 13:08:45,2026-07-04 13:41:45,Instagram,Catch,Desktop,Safari,Windows,/offers
6d8e33e0-b1df-4841-8136-55253c666a33,2026_W27,S3150,U7211,2026-06-30 03:06:00,2026-06-30 03:30:00,Facebook,Back,Desktop,Chrome,iOS,/products
6d8e33e0-b1df-4841-8136-55253c666a33,2026_W27,S3151,U12454,2026-06-29 19:40:37,2026-06-29 19:54:37,Facebook,Feel,Desktop,Chrome,iOS,/offers
6d8e33e0-b1df-4841-8136-55253c666a33,2026_W27,S3152,U32805,2026-07-03 04:40:17,2026-07-03 04:46:17,Instagram,Citizen,Desktop,Chrome,iOS,/products
6d8e33e0-b1df-4841-8136-55253c666a33,2026_W27,S3153,U31280,2026-07-05 08:42:28,2026-07-05 09:04:28,Instagram,Take,Desktop,Chrome,Android,/offers
6d8e33e0-b1df-4841-8136-55253c666a33,2026_W27,S3154,U20279,2026-07-04 18:22:31,2026-07-04 18:47:31,Instagram,Report,Mobile,Firefox,Android,/home
6d8e33e0-b1df-4841-8136-55253c666a33,2026_W27,S3155,U8784,2026-07-03 23:39:04,2026-07-04 00:10:04,Facebook,Statement,Desktop,Safari,MacOS,/products
6d8e33e0-b1df-4841-8136-55253c666a33,2026_W27,S3156,U9162,2026-07-02 20:07:32,2026-07-02 20:33:32,Direct,Reflect,Mobile,Firefox,Android,/home
6d8e33e0-b1df-4841-8136-55253c666a33,2026_W27,S3157,U23479,2026-07-02 01:50:13,2026-07-02 02:27:13,Instagram,Also,Tablet,Chrome,Android,/home
6d8e33e0-b1df-4841-8136-55253c666a33,2026_W27,S3158,U21570,2026-07-03 19:33:41,2026-07-03 20:12:41,Email,Upon,Mobile,Firefox,MacOS,/products
6d8e33e0-b1df-4841-8136-55253c666a33,2026_W27,S3159,U21176,2026-07-03 03:53:34,2026-07-03 04:31:34,Organic,Red,Desktop,Chrome,MacOS,/home
6d8e33e0-b1df-4841-8136-55253c666a33,2026_W27,S3160,U14010,2026-07-04 08:39:19,2026-07-04 09:05:19,Google Ads,Story,Mobile,Safari,Windows,/home
6d8e33e0-b1df-4841-8136-55253c666a33,2026_W27,S3161,U4967,2026-07-02 15:17:52,2026-07-02 15:28:52,Google Ads,Close,Mobile,Chrome,Android,/home
6d8e33e0-b1df-4841-8136-55253c666a33,2026_W27,S3162,U29295,2026-07-03 13:47:02,2026-07-03 14:11:02,Direct,Concern,Mobile,Firefox,Windows,/products
6d8e33e0-b1df-4841-8136-55253c666a33,2026_W27,S3163,U26948,2026-06-30 00:39:22,2026-06-30 00:56:22,Facebook,Wait,Desktop,Chrome,MacOS,/offers
6d8e33e0-b1df-4841-8136-55253c666a33,2026_W27,S3164,U9434,2026-07-03 09:04:16,2026-07-03 09:10:16,Instagram,Lay,Desktop,Firefox,iOS,/offers
6d8e33e0-b1df-4841-8136-55253c666a33,2026_W27,S3165,U27844,2026-07-05 04:26:26,2026-07-05 04:55:26,Direct,Close,Desktop,Chrome,iOS,/products
6d8e33e0-b1df-4841-8136-55253c666a33,2026_W27,S3166,U15337,2026-07-03 10:04:58,2026-07-03 10:43:58,Organic,Gun,Mobile,Safari,iOS,/products
6d8e33e0-b1df-4841-8136-55253c666a33,2026_W27,S3167,U27741,2026-06-30 02:18:31,2026-06-30 02:24:31,Direct,Now,Mobile,Safari,Windows,/home
6d8e33e0-b1df-4841-8136-55253c666a33,2026_W27,S3168,U6716,2026-07-04 18:28:43,2026-07-04 19:07:43,Email,Natural,Desktop,Firefox,iOS,/products
6d8e33e0-b1df-4841-8136-55253c666a33,2026_W27,S3169,U11422,2026-06-29 09:21:54,2026-06-29 09:45:54,Google Ads,Born,Desktop,Safari,Android,/home
6d8e33e0-b1df-4841-8136-55253c666a33,2026_W27,S3170,U7093,2026-06-30 19:46:23,2026-06-30 20:12:23,Email,Three,Mobile,Chrome,MacOS,/home
6d8e33e0-b1df-4841-8136-55253c666a33,2026_W27,S3171,U21775,2026-06-30 01:06:07,2026-06-30 01:08:07,Google Ads,Camera,Desktop,Firefox,iOS,/home
6d8e33e0-b1df-4841-8136-55253c666a33,2026_W27,S3172,U28879,2026-07-03 10:18:55,2026-07-03 10:45:55,Direct,Collection,Desktop,Edge,Android,/home
6d8e33e0-b1df-4841-8136-55253c666a33,2026_W27,S3173,U27976,2026-07-02 15:33:33,2026-07-02 16:12:33,Email,Happy,Mobile,Firefox,Android,/offers
6d8e33e0-b1df-4841-8136-55253c666a33,2026_W27,S3174,U26459,2026-07-03 02:15:41,2026-07-03 02:24:41,Organic,Crime,Desktop,Firefox,Android,/offers
6d8e33e0-b1df-4841-8136-55253c666a33,2026_W27,S3175,U26782,2026-07-04 16:18:22,2026-07-04 16:23:22,Google Ads,When,Tablet,Edge,Windows,/home
6d8e33e0-b1df-4841-8136-55253c666a33,2026_W27,S3176,U21956,2026-07-03 23:51:36,2026-07-04 00:13:36,Google Ads,Anyone,Mobile,Safari,Android,/products
6d8e33e0-b1df-4841-8136-55253c666a33,2026_W27,S3177,U26124,2026-07-02 21:46:40,2026-07-02 21:52:40,Google Ads,Office,Tablet,Edge,Android,/offers
6d8e33e0-b1df-4841-8136-55253c666a33,2026_W27,S3178,U19250,2026-07-04 07:04:32,2026-07-04 07:13:32,Instagram,Future,Mobile,Edge,Android,/products
6d8e33e0-b1df-4841-8136-55253c666a33,2026_W27,S3179,U24070,2026-07-01 20:50:40,2026-07-01 21:26:40,Instagram,Memory,Tablet,Edge,iOS,/offers
6d8e33e0-b1df-4841-8136-55253c666a33,2026_W27,S3180,U4204,2026-06-30 13:11:39,2026-06-30 13:39:39,Email,If,Tablet,Firefox,iOS,/products
6d8e33e0-b1df-4841-8136-55253c666a33,2026_W27,S3181,U27802,2026-07-01 03:22:33,2026-07-01 03:25:33,Email,Kid,Mobile,Chrome,Windows,/home
6d8e33e0-b1df-4841-8136-55253c666a33,2026_W27,S3182,U17908,2026-07-02 14:13:06,2026-07-02 14:39:06,Google Ads,Us,Desktop,Firefox,Windows,/offers
6d8e33e0-b1df-4841-8136-55253c666a33,2026_W27,S3183,U33275,2026-07-05 03:36:36,2026-07-05 03:52:36,Facebook,Common,Tablet,Safari,MacOS,/home
6d8e33e0-b1df-4841-8136-55253c666a33,2026_W27,S3184,U16823,2026-07-02 16:06:08,2026-07-02 16:44:08,Direct,Little,Desktop,Safari,Android,/offers
6d8e33e0-b1df-4841-8136-55253c666a33,2026_W27,S3185,U7802,2026-07-01 03:17:25,2026-07-01 03:42:25,Instagram,Account,Mobile,Edge,iOS,/home
6d8e33e0-b1df-4841-8136-55253c666a33,2026_W27,S3186,U23276,2026-06-29 18:10:36,2026-06-29 18:34:36,Organic,Fill,Mobile,Safari,MacOS,/products
6d8e33e0-b1df-4841-8136-55253c666a33,2026_W27,S3187,U18568,2026-06-30 07:27:03,2026-06-30 08:07:03,Organic,About,Mobile,Edge,Android,/offers
6d8e33e0-b1df-4841-8136-55253c666a33,2026_W27,S3188,U5862,2026-07-01 03:53:44,2026-07-01 04:09:44,Facebook,Professional,Tablet,Edge,Android,/home
6d8e33e0-b1df-4841-8136-55253c666a33,2026_W27,S3189,U24040,2026-07-05 09:04:48,2026-07-05 09:44:48,Email,Total,Tablet,Firefox,Windows,/products
6d8e33e0-b1df-4841-8136-55253c666a33,2026_W27,S3190,U12567,2026-06-30 00:50:49,2026-06-30 01:10:49,Google Ads,Tax,Tablet,Firefox,iOS,/products
6d8e33e0-b1df-4841-8136-55253c666a33,2026_W27,S3191,U18032,2026-07-02 22:56:17,2026-07-02 23:05:17,Direct,Price,Desktop,Safari,iOS,/home
6d8e33e0-b1df-4841-8136-55253c666a33,2026_W27,S3192,U32703,2026-06-30 23:43:10,2026-07-01 00:08:10,Organic,Thought,Desktop,Edge,MacOS,/home
6d8e33e0-b1df-4841-8136-55253c666a33,2026_W27,S3193,U13401,2026-06-30 19:58:13,2026-06-30 20:13:13,Instagram,Coach,Mobile,Chrome,Android,/home
6d8e33e0-b1df-4841-8136-55253c666a33,2026_W27,S3194,U364,2026-07-03 18:28:20,2026-07-03 18:54:20,Instagram,Major,Mobile,Edge,Android,/home
6d8e33e0-b1df-4841-8136-55253c666a33,2026_W27,S3195,U15648,2026-07-03 21:43:50,2026-07-03 22:16:50,Organic,Beyond,Tablet,Chrome,iOS,/offers
6d8e33e0-b1df-4841-8136-55253c666a33,2026_W27,S3196,U1564,2026-06-30 23:14:28,2026-06-30 23:29:28,Google Ads,Between,Desktop,Edge,MacOS,/offers
6d8e33e0-b1df-4841-8136-55253c666a33,2026_W27,S3197,U15935,2026-06-30 14:27:10,2026-06-30 14:38:10,Email,Us,Mobile,Edge,MacOS,/offers
6d8e33e0-b1df-4841-8136-55253c666a33,2026_W27,S3198,U22521,2026-07-03 17:54:12,2026-07-03 18:15:12,Email,Over,Tablet,Edge,MacOS,/products
6d8e33e0-b1df-4841-8136-55253c666a33,2026_W27,S3199,U5130,2026-07-02 16:06:53,2026-07-02 16:18:53,Facebook,Pull,Mobile,Chrome,MacOS,/home
6d8e33e0-b1df-4841-8136-55253c666a33,2026_W27,S3200,U28371,2026-07-04 01:17:57,2026-07-04 01:28:57,Facebook,Away,Tablet,Firefox,Windows,/home
6d8e33e0-b1df-4841-8136-55253c666a33,2026_W27,S3201,U30098,2026-06-29 21:06:16,2026-06-29 21:12:16,Organic,Candidate,Mobile,Safari,MacOS,/home
6d8e33e0-b1df-4841-8136-55253c666a33,2026_W27,S3202,U18331,2026-07-02 19:52:07,2026-07-02 19:59:07,Facebook,Commercial,Tablet,Edge,Windows,/home
6d8e33e0-b1df-4841-8136-55253c666a33,2026_W27,S3203,U13687,2026-07-02 19:43:26,2026-07-02 19:55:26,Facebook,Especially,Mobile,Chrome,iOS,/products
6d8e33e0-b1df-4841-8136-55253c666a33,2026_W27,S3204,U34895,2026-07-01 00:36:55,2026-07-01 00:43:55,Direct,Ability,Mobile,Chrome,Windows,/offers
6d8e33e0-b1df-4841-8136-55253c666a33,2026_W27,S3205,U23840,2026-07-03 20:37:14,2026-07-03 21:08:14,Instagram,Interview,Desktop,Edge,Android,/products
6d8e33e0-b1df-4841-8136-55253c666a33,2026_W27,S3206,U23372,2026-06-30 01:08:04,2026-06-30 01:12:04,Email,View,Mobile,Safari,MacOS,/home
6d8e33e0-b1df-4841-8136-55253c666a33,2026_W27,S3207,U29713,2026-07-03 04:34:42,2026-07-03 04:44:42,Organic,First,Mobile,Chrome,Android,/home
6d8e33e0-b1df-4841-8136-55253c666a33,2026_W27,S3208,U31494,2026-07-02 08:09:34,2026-07-02 08:18:34,Facebook,Night,Desktop,Safari,Android,/products
6d8e33e0-b1df-4841-8136-55253c666a33,2026_W27,S3209,U25097,2026-07-01 11:16:40,2026-07-01 11:37:40,Instagram,Police,Desktop,Firefox,MacOS,/home
6d8e33e0-b1df-4841-8136-55253c666a33,2026_W27,S3210,U1809,2026-07-04 01:06:05,2026-07-04 01:45:05,Facebook,Red,Mobile,Chrome,MacOS,/home
6d8e33e0-b1df-4841-8136-55253c666a33,2026_W27,S3211,U18580,2026-07-03 00:05:20,2026-07-03 00:31:20,Google Ads,Raise,Mobile,Chrome,Windows,/products
6d8e33e0-b1df-4841-8136-55253c666a33,2026_W27,S3212,U12108,2026-07-02 15:37:43,2026-07-02 16:17:43,Facebook,Morning,Desktop,Chrome,Windows,/offers
6d8e33e0-b1df-4841-8136-55253c666a33,2026_W27,S3213,U18344,2026-07-03 10:38:45,2026-07-03 11:16:45,Google Ads,Decide,Mobile,Edge,iOS,/offers
6d8e33e0-b1df-4841-8136-55253c666a33,2026_W27,S3214,U34891,2026-06-29 22:05:32,2026-06-29 22:09:32,Google Ads,Newspaper,Mobile,Edge,iOS,/products
6d8e33e0-b1df-4841-8136-55253c666a33,2026_W27,S3215,U1292,2026-07-04 17:51:30,2026-07-04 18:09:30,Google Ads,High,Tablet,Chrome,iOS,/offers
6d8e33e0-b1df-4841-8136-55253c666a33,2026_W27,S3216,U9374,2026-07-02 15:50:15,2026-07-02 16:17:15,Instagram,Play,Desktop,Firefox,MacOS,/offers
6d8e33e0-b1df-4841-8136-55253c666a33,2026_W27,S3217,U2134,2026-07-02 20:36:47,2026-07-02 20:54:47,Google Ads,Although,Mobile,Chrome,iOS,/products
6d8e33e0-b1df-4841-8136-55253c666a33,2026_W27,S3218,U14036,2026-07-05 02:43:59,2026-07-05 03:20:59,Direct,Consumer,Desktop,Safari,MacOS,/offers
6d8e33e0-b1df-4841-8136-55253c666a33,2026_W27,S3219,U3402,2026-07-04 06:04:47,2026-07-04 06:12:47,Direct,Maybe,Tablet,Chrome,MacOS,/products
6d8e33e0-b1df-4841-8136-55253c666a33,2026_W27,S3220,U6513,2026-07-01 00:47:07,2026-07-01 01:09:07,Google Ads,Particular,Desktop,Chrome,Android,/offers
6d8e33e0-b1df-4841-8136-55253c666a33,2026_W27,S3221,U28141,2026-07-05 04:42:29,2026-07-05 04:44:29,Instagram,The,Desktop,Chrome,iOS,/products
6d8e33e0-b1df-4841-8136-55253c666a33,2026_W27,S3222,U19286,2026-07-02 14:01:08,2026-07-02 14:35:08,Email,Eye,Desktop,Firefox,MacOS,/offers
6d8e33e0-b1df-4841-8136-55253c666a33,2026_W27,S3223,U11139,2026-07-02 11:25:27,2026-07-02 11:32:27,Instagram,Whose,Tablet,Edge,MacOS,/home
6d8e33e0-b1df-4841-8136-55253c666a33,2026_W27,S3224,U1419,2026-07-04 16:14:42,2026-07-04 16:50:42,Email,Operation,Mobile,Chrome,Android,/products
6d8e33e0-b1df-4841-8136-55253c666a33,2026_W27,S3225,U4134,2026-07-03 09:20:27,2026-07-03 09:46:27,Email,Produce,Mobile,Edge,MacOS,/offers
6d8e33e0-b1df-4841-8136-55253c666a33,2026_W27,S3226,U14260,2026-06-30 05:45:03,2026-06-30 06:12:03,Facebook,Show,Desktop,Chrome,Windows,/offers
6d8e33e0-b1df-4841-8136-55253c666a33,2026_W27,S3227,U17174,2026-07-03 16:16:57,2026-07-03 16:55:57,Email,Security,Desktop,Safari,Windows,/products
6d8e33e0-b1df-4841-8136-55253c666a33,2026_W27,S3228,U13312,2026-07-04 09:34:31,2026-07-04 10:08:31,Google Ads,Just,Mobile,Edge,Android,/home
6d8e33e0-b1df-4841-8136-55253c666a33,2026_W27,S3229,U33644,2026-07-01 01:22:00,2026-07-01 01:25:00,Instagram,Low,Mobile,Edge,iOS,/offers
6d8e33e0-b1df-4841-8136-55253c666a33,2026_W27,S3230,U16731,2026-07-05 02:18:20,2026-07-05 02:54:20,Email,Employee,Mobile,Firefox,Android,/offers
6d8e33e0-b1df-4841-8136-55253c666a33,2026_W27,S3231,U11336,2026-07-02 04:45:02,2026-07-02 05:02:02,Google Ads,Doctor,Desktop,Firefox,MacOS,/offers
6d8e33e0-b1df-4841-8136-55253c666a33,2026_W27,S3232,U8495,2026-06-29 17:00:21,2026-06-29 17:27:21,Direct,Action,Desktop,Edge,MacOS,/products
6d8e33e0-b1df-4841-8136-55253c666a33,2026_W27,S3233,U34085,2026-06-30 01:55:59,2026-06-30 02:07:59,Google Ads,Society,Mobile,Chrome,iOS,/offers
6d8e33e0-b1df-4841-8136-55253c666a33,2026_W27,S3234,U20003,2026-07-02 08:51:45,2026-07-02 09:09:45,Organic,High,Desktop,Safari,Windows,/offers
6d8e33e0-b1df-4841-8136-55253c666a33,2026_W27,S3235,U13542,2026-06-29 23:30:10,2026-06-29 23:45:10,Instagram,A,Tablet,Safari,iOS,/home
6d8e33e0-b1df-4841-8136-55253c666a33,2026_W27,S3236,U33536,2026-07-03 11:12:00,2026-07-03 11:18:00,Instagram,Now,Mobile,Safari,Android,/home
6d8e33e0-b1df-4841-8136-55253c666a33,2026_W27,S3237,U12651,2026-07-02 21:42:19,2026-07-02 21:55:19,Google Ads,Rather,Mobile,Firefox,iOS,/products
6d8e33e0-b1df-4841-8136-55253c666a33,2026_W27,S3238,U6472,2026-07-04 23:48:56,2026-07-05 00:17:56,Direct,First,Mobile,Edge,MacOS,/products
6d8e33e0-b1df-4841-8136-55253c666a33,2026_W27,S3239,U31463,2026-07-03 07:25:50,2026-07-03 07:42:50,Facebook,Traditional,Tablet,Edge,MacOS,/products
6d8e33e0-b1df-4841-8136-55253c666a33,2026_W27,S3240,U19119,2026-06-30 00:04:17,2026-06-30 00:13:17,Organic,Fear,Tablet,Chrome,Android,/offers
6d8e33e0-b1df-4841-8136-55253c666a33,2026_W27,S3241,U6862,2026-06-29 18:50:50,2026-06-29 19:16:50,Instagram,Leader,Desktop,Safari,Android,/products
6d8e33e0-b1df-4841-8136-55253c666a33,2026_W27,S3242,U8420,2026-07-04 10:46:08,2026-07-04 11:20:08,Facebook,Central,Desktop,Safari,Android,/products
6d8e33e0-b1df-4841-8136-55253c666a33,2026_W27,S3243,U7183,2026-07-02 03:52:28,2026-07-02 04:15:28,Email,Vote,Tablet,Edge,Windows,/products
6d8e33e0-b1df-4841-8136-55253c666a33,2026_W27,S3244,U9770,2026-07-03 06:10:05,2026-07-03 06:29:05,Facebook,Customer,Tablet,Firefox,Windows,/offers
6d8e33e0-b1df-4841-8136-55253c666a33,2026_W27,S3245,U17241,2026-07-02 01:35:20,2026-07-02 02:04:20,Instagram,Plant,Tablet,Safari,Android,/home
6d8e33e0-b1df-4841-8136-55253c666a33,2026_W27,S3246,U7209,2026-06-29 20:05:09,2026-06-29 20:32:09,Facebook,Other,Tablet,Firefox,MacOS,/offers
6d8e33e0-b1df-4841-8136-55253c666a33,2026_W27,S3247,U7976,2026-07-04 05:27:12,2026-07-04 05:43:12,Direct,Paper,Tablet,Firefox,Windows,/offers
6d8e33e0-b1df-4841-8136-55253c666a33,2026_W27,S3248,U32379,2026-07-03 17:44:38,2026-07-03 18:12:38,Direct,Available,Mobile,Chrome,iOS,/home
6d8e33e0-b1df-4841-8136-55253c666a33,2026_W27,S3249,U24162,2026-07-02 06:11:18,2026-07-02 06:43:18,Google Ads,Claim,Desktop,Firefox,iOS,/offers
6d8e33e0-b1df-4841-8136-55253c666a33,2026_W27,S3250,U5133,2026-07-02 09:44:19,2026-07-02 10:15:19,Facebook,In,Mobile,Chrome,Android,/home
6d8e33e0-b1df-4841-8136-55253c666a33,2026_W27,S3251,U7259,2026-07-04 14:40:25,2026-07-04 15:13:25,Direct,White,Desktop,Edge,Android,/home
6d8e33e0-b1df-4841-8136-55253c666a33,2026_W27,S3252,U15829,2026-07-03 10:03:40,2026-07-03 10:42:40,Google Ads,Up,Mobile,Firefox,Android,/products
6d8e33e0-b1df-4841-8136-55253c666a33,2026_W27,S3253,U6256,2026-07-04 15:18:45,2026-07-04 15:21:45,Facebook,Five,Mobile,Chrome,Windows,/products
6d8e33e0-b1df-4841-8136-55253c666a33,2026_W27,S3254,U477,2026-07-02 08:31:27,2026-07-02 09:10:27,Direct,Plan,Tablet,Safari,Android,/products
6d8e33e0-b1df-4841-8136-55253c666a33,2026_W27,S3255,U20284,2026-07-01 23:26:32,2026-07-01 23:35:32,Organic,Walk,Tablet,Edge,Android,/products
6d8e33e0-b1df-4841-8136-55253c666a33,2026_W27,S3256,U34276,2026-07-03 09:06:17,2026-07-03 09:24:17,Direct,Group,Tablet,Firefox,MacOS,/home
6d8e33e0-b1df-4841-8136-55253c666a33,2026_W27,S3257,U20502,2026-06-30 12:41:53,2026-06-30 13:03:53,Organic,Where,Desktop,Edge,MacOS,/products
6d8e33e0-b1df-4841-8136-55253c666a33,2026_W27,S3258,U16198,2026-06-29 23:36:21,2026-06-30 00:15:21,Google Ads,Spend,Mobile,Edge,MacOS,/offers
6d8e33e0-b1df-4841-8136-55253c666a33,2026_W27,S3259,U23696,2026-07-05 05:27:07,2026-07-05 05:39:07,Organic,Prepare,Mobile,Safari,Android,/offers
6d8e33e0-b1df-4841-8136-55253c666a33,2026_W27,S3260,U1775,2026-07-05 08:29:48,2026-07-05 08:51:48,Direct,Of,Mobile,Chrome,Android,/offers
6d8e33e0-b1df-4841-8136-55253c666a33,2026_W27,S3261,U1574,2026-07-01 08:46:18,2026-07-01 09:16:18,Email,Budget,Tablet,Chrome,MacOS,/products
6d8e33e0-b1df-4841-8136-55253c666a33,2026_W27,S3262,U7510,2026-06-29 22:59:48,2026-06-29 23:39:48,Instagram,Item,Mobile,Edge,MacOS,/products
6d8e33e0-b1df-4841-8136-55253c666a33,2026_W27,S3263,U27920,2026-07-03 12:49:35,2026-07-03 13:24:35,Direct,Involve,Desktop,Firefox,MacOS,/products
6d8e33e0-b1df-4841-8136-55253c666a33,2026_W27,S3264,U8708,2026-07-01 23:21:09,2026-07-01 23:43:09,Facebook,Blood,Tablet,Firefox,iOS,/offers
6d8e33e0-b1df-4841-8136-55253c666a33,2026_W27,S3265,U8745,2026-07-03 08:57:12,2026-07-03 09:11:12,Instagram,Can,Tablet,Firefox,iOS,/home
6d8e33e0-b1df-4841-8136-55253c666a33,2026_W27,S3266,U26159,2026-07-04 18:54:42,2026-07-04 19:14:42,Direct,Exist,Mobile,Safari,iOS,/home
6d8e33e0-b1df-4841-8136-55253c666a33,2026_W27,S3267,U23844,2026-06-30 07:19:37,2026-06-30 07:50:37,Instagram,Within,Desktop,Firefox,MacOS,/offers
6d8e33e0-b1df-4841-8136-55253c666a33,2026_W27,S3268,U15591,2026-06-30 15:32:09,2026-06-30 15:57:09,Email,Culture,Mobile,Edge,MacOS,/products
6d8e33e0-b1df-4841-8136-55253c666a33,2026_W27,S3269,U12863,2026-06-30 20:10:24,2026-06-30 20:19:24,Facebook,Choice,Desktop,Edge,iOS,/products
6d8e33e0-b1df-4841-8136-55253c666a33,2026_W27,S3270,U24379,2026-07-02 02:56:52,2026-07-02 02:57:52,Google Ads,Civil,Tablet,Edge,MacOS,/home
6d8e33e0-b1df-4841-8136-55253c666a33,2026_W27,S3271,U7213,2026-07-02 17:42:23,2026-07-02 18:00:23,Direct,Nice,Mobile,Safari,iOS,/offers
6d8e33e0-b1df-4841-8136-55253c666a33,2026_W27,S3272,U14930,2026-07-01 01:50:04,2026-07-01 02:09:04,Instagram,Trade,Mobile,Chrome,Windows,/offers
6d8e33e0-b1df-4841-8136-55253c666a33,2026_W27,S3273,U19098,2026-07-03 21:47:25,2026-07-03 22:16:25,Organic,Owner,Desktop,Safari,MacOS,/products
6d8e33e0-b1df-4841-8136-55253c666a33,2026_W27,S3274,U21323,2026-07-01 02:24:55,2026-07-01 02:28:55,Organic,Different,Desktop,Firefox,Windows,/products
6d8e33e0-b1df-4841-8136-55253c666a33,2026_W27,S3275,U11568,2026-07-02 06:36:08,2026-07-02 06:59:08,Instagram,Develop,Desktop,Chrome,iOS,/home
6d8e33e0-b1df-4841-8136-55253c666a33,2026_W27,S3276,U7813,2026-07-02 16:54:10,2026-07-02 16:58:10,Email,Carry,Tablet,Chrome,Android,/offers
6d8e33e0-b1df-4841-8136-55253c666a33,2026_W27,S3277,U18793,2026-07-03 06:38:49,2026-07-03 07:18:49,Direct,Process,Mobile,Firefox,MacOS,/products
6d8e33e0-b1df-4841-8136-55253c666a33,2026_W27,S3278,U2020,2026-07-01 11:34:16,2026-07-01 12:03:16,Email,Standard,Tablet,Edge,MacOS,/products
6d8e33e0-b1df-4841-8136-55253c666a33,2026_W27,S3279,U13714,2026-06-30 13:48:07,2026-06-30 14:19:07,Direct,Left,Mobile,Safari,Android,/products
6d8e33e0-b1df-4841-8136-55253c666a33,2026_W27,S3280,U14244,2026-07-02 06:49:42,2026-07-02 07:23:42,Google Ads,Society,Tablet,Firefox,iOS,/products
6d8e33e0-b1df-4841-8136-55253c666a33,2026_W27,S3281,U10343,2026-06-29 15:20:58,2026-06-29 15:41:58,Email,Hospital,Mobile,Safari,Windows,/home
6d8e33e0-b1df-4841-8136-55253c666a33,2026_W27,S3282,U24319,2026-07-03 14:24:21,2026-07-03 14:44:21,Direct,Happy,Mobile,Firefox,iOS,/home
6d8e33e0-b1df-4841-8136-55253c666a33,2026_W27,S3283,U3698,2026-07-03 12:53:25,2026-07-03 12:54:25,Google Ads,Draw,Mobile,Edge,iOS,/offers
6d8e33e0-b1df-4841-8136-55253c666a33,2026_W27,S3284,U1674,2026-07-02 04:50:17,2026-07-02 05:21:17,Organic,Western,Desktop,Edge,Android,/products
6d8e33e0-b1df-4841-8136-55253c666a33,2026_W27,S3285,U15297,2026-06-29 12:29:04,2026-06-29 13:09:04,Facebook,Himself,Mobile,Chrome,Windows,/offers
6d8e33e0-b1df-4841-8136-55253c666a33,2026_W27,S3286,U4703,2026-06-29 20:46:43,2026-06-29 21:06:43,Email,Degree,Tablet,Firefox,MacOS,/home
6d8e33e0-b1df-4841-8136-55253c666a33,2026_W27,S3287,U33237,2026-06-30 19:45:35,2026-06-30 19:51:35,Facebook,Store,Desktop,Chrome,Android,/home
6d8e33e0-b1df-4841-8136-55253c666a33,2026_W27,S3288,U4642,2026-07-01 03:50:12,2026-07-01 04:03:12,Email,Style,Desktop,Safari,Windows,/products
6d8e33e0-b1df-4841-8136-55253c666a33,2026_W27,S3289,U14156,2026-06-30 08:08:15,2026-06-30 08:26:15,Direct,Space,Tablet,Safari,MacOS,/products
6d8e33e0-b1df-4841-8136-55253c666a33,2026_W27,S3290,U17537,2026-07-01 07:37:44,2026-07-01 08:13:44,Google Ads,,Desktop,Edge,iOS,/products
6d8e33e0-b1df-4841-8136-55253c666a33,2026_W27,S3291,U18039,2026-07-04 10:24:26,2026-07-04 10:31:26,Email,Somebody,Tablet,Safari,Windows,/products
6d8e33e0-b1df-4841-8136-55253c666a33,2026_W27,S3292,U1105,2026-07-02 10:37:28,2026-07-02 11:11:28,Facebook,Stay,Desktop,Chrome,Android,/home
6d8e33e0-b1df-4841-8136-55253c666a33,2026_W27,S3293,U31358,2026-06-30 23:43:25,2026-06-30 23:56:25,Email,Room,Desktop,Firefox,Android,/products
6d8e33e0-b1df-4841-8136-55253c666a33,2026_W27,S3294,U26747,2026-06-30 05:12:00,2026-06-30 05:46:00,Email,Plant,Tablet,Chrome,Android,/offers
6d8e33e0-b1df-4841-8136-55253c666a33,2026_W27,S3295,U16621,2026-06-30 15:29:53,2026-06-30 16:01:53,Organic,Play,Mobile,Edge,Android,/home
6d8e33e0-b1df-4841-8136-55253c666a33,2026_W27,S3296,U19206,2026-07-01 23:45:08,2026-07-02 00:23:08,Email,Stock,Mobile,Firefox,MacOS,/products
6d8e33e0-b1df-4841-8136-55253c666a33,2026_W27,S3297,U10881,2026-06-30 13:40:18,2026-06-30 14:09:18,Instagram,Agree,Mobile,Safari,MacOS,/home
6d8e33e0-b1df-4841-8136-55253c666a33,2026_W27,S3298,U4455,2026-07-03 15:55:01,2026-07-03 16:14:01,Organic,Body,Tablet,Edge,Android,/offers
6d8e33e0-b1df-4841-8136-55253c666a33,2026_W27,S3299,U8151,2026-07-04 13:34:36,2026-07-04 13:39:36,Email,Off,Desktop,Firefox,Windows,/home
6d8e33e0-b1df-4841-8136-55253c666a33,2026_W27,S3300,U23348,2026-07-02 02:09:27,2026-07-02 02:30:27,Instagram,Its,Desktop,Chrome,Windows,/offers
6d8e33e0-b1df-4841-8136-55253c666a33,2026_W27,S3301,U22097,2026-06-30 20:46:34,2026-06-30 21:21:34,Google Ads,Share,Tablet,Chrome,Windows,/home
6d8e33e0-b1df-4841-8136-55253c666a33,2026_W27,S3302,U27735,2026-07-04 04:20:39,2026-07-04 04:21:39,Instagram,Charge,Tablet,Firefox,Android,/offers
6d8e33e0-b1df-4841-8136-55253c666a33,2026_W27,S3303,U26698,2026-07-04 07:00:18,2026-07-04 07:33:18,Facebook,Effect,Mobile,Firefox,iOS,/home
6d8e33e0-b1df-4841-8136-55253c666a33,2026_W27,S3304,U9585,2026-07-04 20:23:10,2026-07-04 20:39:10,Direct,Society,Desktop,Safari,Android,/products
6d8e33e0-b1df-4841-8136-55253c666a33,2026_W27,S3305,U5723,2026-06-29 11:30:01,2026-06-29 11:50:01,Organic,Production,Mobile,Chrome,Android,/home
6d8e33e0-b1df-4841-8136-55253c666a33,2026_W27,S3306,U27164,2026-06-29 09:59:43,2026-06-29 10:25:43,Direct,Parent,Mobile,Safari,Windows,/home
6d8e33e0-b1df-4841-8136-55253c666a33,2026_W27,S3307,U32141,2026-07-03 22:31:29,2026-07-03 23:07:29,Direct,Happen,Mobile,Edge,Android,/home
6d8e33e0-b1df-4841-8136-55253c666a33,2026_W27,S3308,U28101,2026-06-30 07:38:13,2026-06-30 07:47:13,Instagram,Anyone,Mobile,Chrome,iOS,/home
6d8e33e0-b1df-4841-8136-55253c666a33,2026_W27,S3309,U15840,2026-07-04 22:18:15,2026-07-04 22:28:15,Email,Couple,Mobile,Edge,iOS,/offers
6d8e33e0-b1df-4841-8136-55253c666a33,2026_W27,S3310,U26216,2026-06-30 07:42:13,2026-06-30 08:16:13,Email,Or,Desktop,Safari,Android,/products
6d8e33e0-b1df-4841-8136-55253c666a33,2026_W27,S3311,U27926,2026-07-01 19:50:00,2026-07-01 20:13:00,Email,Reason,Desktop,Firefox,Windows,/home
6d8e33e0-b1df-4841-8136-55253c666a33,2026_W27,S3312,U24086,2026-07-02 05:45:18,2026-07-02 06:21:18,Instagram,Up,Mobile,Edge,iOS,/home
6d8e33e0-b1df-4841-8136-55253c666a33,2026_W27,S3313,U30619,2026-07-01 03:27:31,2026-07-01 03:46:31,Direct,Guy,Tablet,Edge,Android,/home
6d8e33e0-b1df-4841-8136-55253c666a33,2026_W27,S3314,U20387,2026-07-02 10:09:04,2026-07-02 10:15:04,Google Ads,Event,Mobile,Chrome,iOS,/home
6d8e33e0-b1df-4841-8136-55253c666a33,2026_W27,S3315,U3950,2026-07-03 08:29:31,2026-07-03 08:41:31,Organic,Style,Tablet,Firefox,Android,/offers
6d8e33e0-b1df-4841-8136-55253c666a33,2026_W27,S3316,U18127,2026-07-02 05:11:05,2026-07-02 05:14:05,Facebook,Tough,Mobile,Edge,Windows,/home
6d8e33e0-b1df-4841-8136-55253c666a33,2026_W27,S3317,U17851,2026-07-01 18:20:24,2026-07-01 18:54:24,Facebook,East,Mobile,Safari,Android,/offers
6d8e33e0-b1df-4841-8136-55253c666a33,2026_W27,S3318,U25396,2026-07-01 09:05:23,2026-07-01 09:07:23,Email,Social,Desktop,Safari,iOS,/offers
6d8e33e0-b1df-4841-8136-55253c666a33,2026_W27,S3319,U17825,2026-06-30 19:56:59,2026-06-30 20:00:59,Instagram,No,Desktop,Safari,iOS,/home
6d8e33e0-b1df-4841-8136-55253c666a33,2026_W27,S3320,U24685,2026-07-03 23:20:41,2026-07-03 23:28:41,Organic,Million,Desktop,Chrome,MacOS,/products
6d8e33e0-b1df-4841-8136-55253c666a33,2026_W27,S3321,U19658,2026-07-02 14:14:55,2026-07-02 14:47:55,Organic,Happy,Desktop,Safari,iOS,/offers
6d8e33e0-b1df-4841-8136-55253c666a33,2026_W27,S3322,U28522,2026-07-02 01:11:23,2026-07-02 01:13:23,Instagram,By,Mobile,Chrome,Android,/home
6d8e33e0-b1df-4841-8136-55253c666a33,2026_W27,S3323,U18972,2026-06-30 16:34:35,2026-06-30 16:56:35,Direct,Deal,Tablet,Safari,Android,/offers
6d8e33e0-b1df-4841-8136-55253c666a33,2026_W27,S3324,U32828,2026-07-01 22:30:52,2026-07-01 23:09:52,Instagram,As,Tablet,Chrome,Android,/products
6d8e33e0-b1df-4841-8136-55253c666a33,2026_W27,S3325,U9772,2026-06-30 03:35:43,2026-06-30 04:02:43,Google Ads,Respond,Mobile,Safari,Android,/home
6d8e33e0-b1df-4841-8136-55253c666a33,2026_W27,S3326,U5072,2026-07-01 20:16:33,2026-07-01 20:42:33,Instagram,Modern,Tablet,Chrome,Windows,/home
6d8e33e0-b1df-4841-8136-55253c666a33,2026_W27,S3327,U27801,2026-07-04 10:02:17,2026-07-04 10:10:17,Facebook,Trip,Tablet,Edge,Android,/home
6d8e33e0-b1df-4841-8136-55253c666a33,2026_W27,S3328,U14530,2026-07-04 05:01:29,2026-07-04 05:06:29,Instagram,Remain,Desktop,Safari,MacOS,/offers
6d8e33e0-b1df-4841-8136-55253c666a33,2026_W27,S3329,U17683,2026-07-02 07:45:54,2026-07-02 08:10:54,Organic,Home,Tablet,Firefox,Windows,/offers
6d8e33e0-b1df-4841-8136-55253c666a33,2026_W27,S3330,U352,2026-07-01 09:02:48,2026-07-01 09:22:48,Google Ads,Program,Desktop,Safari,iOS,/products
6d8e33e0-b1df-4841-8136-55253c666a33,2026_W27,S3331,U29793,2026-07-05 08:55:38,2026-07-05 08:57:38,Organic,Create,Desktop,Safari,MacOS,/home
6d8e33e0-b1df-4841-8136-55253c666a33,2026_W27,S3332,U6301,2026-07-04 14:01:53,2026-07-04 14:27:53,Email,Way,Desktop,Chrome,Android,/offers
6d8e33e0-b1df-4841-8136-55253c666a33,2026_W27,S3333,U10191,2026-06-29 18:50:08,2026-06-29 19:26:08,Instagram,Finally,Desktop,Safari,Windows,/products
6d8e33e0-b1df-4841-8136-55253c666a33,2026_W27,S3334,U16534,2026-06-30 09:06:48,2026-06-30 09:16:48,Instagram,While,Mobile,Edge,Android,/offers
6d8e33e0-b1df-4841-8136-55253c666a33,2026_W27,S3335,U23826,2026-06-30 01:10:41,2026-06-30 01:21:41,Organic,Itself,Tablet,Firefox,MacOS,/products
6d8e33e0-b1df-4841-8136-55253c666a33,2026_W27,S3336,U5772,2026-07-01 22:27:11,2026-07-01 22:33:11,Google Ads,Arrive,Tablet,Edge,MacOS,/products
6d8e33e0-b1df-4841-8136-55253c666a33,2026_W27,S3337,U28681,2026-07-03 20:48:03,2026-07-03 21:00:03,Facebook,Significant,Desktop,Firefox,Windows,/offers
6d8e33e0-b1df-4841-8136-55253c666a33,2026_W27,S3338,U3699,2026-07-05 02:40:08,2026-07-05 03:08:08,Facebook,Dinner,Mobile,Firefox,MacOS,/products
6d8e33e0-b1df-4841-8136-55253c666a33,2026_W27,S3339,U13887,2026-07-01 05:30:21,2026-07-01 05:58:21,Instagram,Analysis,Tablet,Chrome,Windows,/offers
6d8e33e0-b1df-4841-8136-55253c666a33,2026_W27,S3340,U43,2026-06-30 02:30:27,2026-06-30 03:05:27,Direct,Attention,Desktop,Firefox,iOS,/products
6d8e33e0-b1df-4841-8136-55253c666a33,2026_W27,S3341,U30011,2026-07-05 02:37:54,2026-07-05 03:04:54,Email,Ground,Mobile,Edge,iOS,/offers
6d8e33e0-b1df-4841-8136-55253c666a33,2026_W27,S3342,U20492,2026-07-04 00:56:19,2026-07-04 01:06:19,Direct,Policy,Tablet,Safari,Windows,/home
6d8e33e0-b1df-4841-8136-55253c666a33,2026_W27,S3343,U30676,2026-07-03 21:12:55,2026-07-03 21:38:55,Facebook,Experience,Tablet,Safari,MacOS,/offers
6d8e33e0-b1df-4841-8136-55253c666a33,2026_W27,S3344,U8918,2026-07-02 13:16:31,2026-07-02 13:44:31,Organic,Crime,Tablet,Safari,Windows,/home
6d8e33e0-b1df-4841-8136-55253c666a33,2026_W27,S3345,U26921,2026-07-01 13:26:49,2026-07-01 13:43:49,Instagram,According,Mobile,Safari,MacOS,/products
6d8e33e0-b1df-4841-8136-55253c666a33,2026_W27,S3346,U14497,2026-07-03 00:26:56,2026-07-03 00:44:56,Organic,Its,Desktop,Edge,Android,/products
6d8e33e0-b1df-4841-8136-55253c666a33,2026_W27,S3347,U33498,2026-06-30 08:07:48,2026-06-30 08:29:48,Organic,Street,Desktop,Firefox,MacOS,/products
6d8e33e0-b1df-4841-8136-55253c666a33,2026_W27,S3348,U32037,2026-07-03 09:15:54,2026-07-03 09:20:54,Instagram,Range,Mobile,Safari,iOS,/home
6d8e33e0-b1df-4841-8136-55253c666a33,2026_W27,S3349,U16382,2026-07-01 18:49:30,2026-07-01 19:15:30,Organic,Hear,Tablet,Edge,Windows,/offers
6d8e33e0-b1df-4841-8136-55253c666a33,2026_W27,S3350,U18198,2026-07-01 20:34:57,2026-07-01 20:47:57,Instagram,So,Tablet,Chrome,MacOS,/products
6d8e33e0-b1df-4841-8136-55253c666a33,2026_W27,S3351,U21869,2026-06-29 18:29:07,2026-06-29 18:53:07,Email,How,Mobile,Edge,MacOS,/products
6d8e33e0-b1df-4841-8136-55253c666a33,2026_W27,S3352,U21900,2026-07-03 01:46:38,2026-07-03 02:00:38,Instagram,Mention,Mobile,Firefox,MacOS,/products
6d8e33e0-b1df-4841-8136-55253c666a33,2026_W27,S3353,U17123,2026-06-29 21:50:14,2026-06-29 22:01:14,Google Ads,Provide,Tablet,Firefox,MacOS,/offers
6d8e33e0-b1df-4841-8136-55253c666a33,2026_W27,S3354,U283,2026-07-05 02:54:50,2026-07-05 03:08:50,Direct,Themselves,Mobile,Edge,Android,/products
6d8e33e0-b1df-4841-8136-55253c666a33,2026_W27,S3355,U22112,2026-07-01 12:00:48,2026-07-01 12:32:48,Google Ads,Window,Mobile,Edge,iOS,/home
6d8e33e0-b1df-4841-8136-55253c666a33,2026_W27,S3356,U23821,2026-07-03 17:07:42,2026-07-03 17:33:42,Facebook,Training,Desktop,Safari,iOS,/home
6d8e33e0-b1df-4841-8136-55253c666a33,2026_W27,S3357,U11210,2026-07-03 15:40:37,2026-07-03 15:43:37,Email,Fund,Mobile,Edge,Android,/products
6d8e33e0-b1df-4841-8136-55253c666a33,2026_W27,S3358,U33143,2026-07-02 00:01:17,2026-07-02 00:39:17,Direct,Anything,Desktop,Edge,MacOS,/products
6d8e33e0-b1df-4841-8136-55253c666a33,2026_W27,S3359,U7342,2026-07-01 05:29:32,2026-07-01 06:03:32,Direct,Manager,Mobile,Safari,MacOS,/products
6d8e33e0-b1df-4841-8136-55253c666a33,2026_W27,S3360,U24287,2026-07-05 08:57:31,2026-07-05 09:33:31,Instagram,When,Desktop,Safari,Android,/home
6d8e33e0-b1df-4841-8136-55253c666a33,2026_W27,S3361,U12221,2026-06-29 11:57:11,2026-06-29 12:30:11,Email,Discover,Desktop,Chrome,Windows,/products
6d8e33e0-b1df-4841-8136-55253c666a33,2026_W27,S3362,U14031,2026-07-03 17:33:49,2026-07-03 17:43:49,Google Ads,East,Mobile,Edge,MacOS,/home
6d8e33e0-b1df-4841-8136-55253c666a33,2026_W27,S3363,U22139,2026-06-30 17:56:30,2026-06-30 18:19:30,Email,Fine,Desktop,Chrome,iOS,/offers
6d8e33e0-b1df-4841-8136-55253c666a33,2026_W27,S3364,U5685,2026-07-04 17:06:56,2026-07-04 17:39:56,Instagram,Ten,Tablet,Edge,iOS,/home
6d8e33e0-b1df-4841-8136-55253c666a33,2026_W27,S3365,U12820,2026-06-30 04:20:54,2026-06-30 04:35:54,Direct,Recent,Tablet,Edge,Android,/home
6d8e33e0-b1df-4841-8136-55253c666a33,2026_W27,S3366,U8212,2026-07-02 20:00:23,2026-07-02 20:12:23,Email,Off,Desktop,Edge,Android,/offers
6d8e33e0-b1df-4841-8136-55253c666a33,2026_W27,S3367,U12523,2026-07-03 16:02:04,2026-07-03 16:39:04,Google Ads,East,Desktop,Firefox,Android,/home
6d8e33e0-b1df-4841-8136-55253c666a33,2026_W27,S3368,U22683,2026-07-01 20:25:40,2026-07-01 20:31:40,Organic,Great,Desktop,Edge,iOS,/home
6d8e33e0-b1df-4841-8136-55253c666a33,2026_W27,S3369,U20302,2026-07-02 09:30:59,2026-07-02 09:35:59,Instagram,Million,Desktop,Edge,Android,/offers
6d8e33e0-b1df-4841-8136-55253c666a33,2026_W27,S3370,U5063,2026-06-29 13:26:34,2026-06-29 14:04:34,Google Ads,Increase,Mobile,Chrome,Android,/products
6d8e33e0-b1df-4841-8136-55253c666a33,2026_W27,S3371,U9916,2026-07-01 08:30:38,2026-07-01 08:45:38,Facebook,With,Tablet,Edge,Android,/products
6d8e33e0-b1df-4841-8136-55253c666a33,2026_W27,S3372,U21561,2026-07-01 23:30:25,2026-07-01 23:43:25,Email,Safe,Tablet,Edge,Windows,/home
6d8e33e0-b1df-4841-8136-55253c666a33,2026_W27,S3373,U12382,2026-07-02 22:03:45,2026-07-02 22:23:45,Organic,Work,Tablet,Firefox,Windows,/home
6d8e33e0-b1df-4841-8136-55253c666a33,2026_W27,S3374,U22965,2026-07-03 18:34:29,2026-07-03 18:55:29,Google Ads,Southern,Desktop,Edge,Android,/offers
6d8e33e0-b1df-4841-8136-55253c666a33,2026_W27,S3375,U17403,2026-06-29 19:51:33,2026-06-29 20:30:33,Organic,Senior,Tablet,Safari,iOS,/offers
6d8e33e0-b1df-4841-8136-55253c666a33,2026_W27,S3376,U20804,2026-07-02 00:13:00,2026-07-02 00:30:00,Email,Start,Mobile,Edge,MacOS,/home
6d8e33e0-b1df-4841-8136-55253c666a33,2026_W27,S3377,U4302,2026-06-30 07:17:34,2026-06-30 07:40:34,Google Ads,Evidence,Mobile,Edge,Windows,/home
6d8e33e0-b1df-4841-8136-55253c666a33,2026_W27,S3378,U3581,2026-07-04 15:21:53,2026-07-04 15:47:53,Direct,Article,Desktop,Chrome,Windows,/home
6d8e33e0-b1df-4841-8136-55253c666a33,2026_W27,S3379,U24598,2026-07-05 03:03:18,2026-07-05 03:17:18,Email,Policy,Tablet,Chrome,Windows,/home
6d8e33e0-b1df-4841-8136-55253c666a33,2026_W27,S3380,U27788,2026-07-01 23:25:32,2026-07-01 23:37:32,Email,Staff,Desktop,Safari,Android,/products
6d8e33e0-b1df-4841-8136-55253c666a33,2026_W27,S3381,U12599,2026-07-01 23:14:03,2026-07-01 23:22:03,Direct,Approach,Tablet,Firefox,Android,/products
6d8e33e0-b1df-4841-8136-55253c666a33,2026_W27,S3382,U2554,2026-07-02 06:28:11,2026-07-02 06:45:11,Organic,Understand,Desktop,Edge,Android,/offers
6d8e33e0-b1df-4841-8136-55253c666a33,2026_W27,S3383,U16192,2026-06-30 18:17:49,2026-06-30 18:22:49,Facebook,Various,Mobile,Chrome,Android,/products
6d8e33e0-b1df-4841-8136-55253c666a33,2026_W27,S3384,U13860,2026-06-30 08:26:13,2026-06-30 08:42:13,Facebook,Business,Mobile,Safari,Android,/offers
6d8e33e0-b1df-4841-8136-55253c666a33,2026_W27,S3385,U14341,2026-07-02 10:40:28,2026-07-02 11:12:28,Instagram,First,Desktop,Edge,Windows,/home
6d8e33e0-b1df-4841-8136-55253c666a33,2026_W27,S3386,U31731,2026-07-05 05:30:59,2026-07-05 05:43:59,Google Ads,He,Mobile,Chrome,Android,/products
6d8e33e0-b1df-4841-8136-55253c666a33,2026_W27,S3387,U11591,2026-07-04 00:43:20,2026-07-04 00:59:20,Facebook,Sport,Desktop,Edge,MacOS,/home
6d8e33e0-b1df-4841-8136-55253c666a33,2026_W27,S3388,U10353,2026-06-30 09:56:05,2026-06-30 10:34:05,Email,Throughout,Tablet,Chrome,MacOS,/home
6d8e33e0-b1df-4841-8136-55253c666a33,2026_W27,S3389,U11144,2026-07-03 06:53:01,2026-07-03 07:29:01,Organic,Give,Desktop,Firefox,Android,/products
6d8e33e0-b1df-4841-8136-55253c666a33,2026_W27,S3390,U14158,2026-07-01 17:30:41,2026-07-01 17:46:41,Instagram,Themselves,Mobile,Chrome,MacOS,/products
6d8e33e0-b1df-4841-8136-55253c666a33,2026_W27,S3391,U29844,2026-07-04 13:47:26,2026-07-04 13:55:26,Facebook,Agency,Tablet,Firefox,Android,/offers
6d8e33e0-b1df-4841-8136-55253c666a33,2026_W27,S3392,U21721,2026-07-02 05:08:21,2026-07-02 05:12:21,Google Ads,Compare,Tablet,Edge,Windows,/home
6d8e33e0-b1df-4841-8136-55253c666a33,2026_W27,S3393,U26549,2026-06-30 15:50:07,2026-06-30 16:30:07,Google Ads,Include,Tablet,Chrome,MacOS,/products
6d8e33e0-b1df-4841-8136-55253c666a33,2026_W27,S3394,U59,2026-06-30 13:26:14,2026-06-30 13:52:14,Instagram,Provide,Mobile,Firefox,Windows,/products
6d8e33e0-b1df-4841-8136-55253c666a33,2026_W27,S3395,U9475,2026-07-04 09:17:59,2026-07-04 09:32:59,Email,Part,Mobile,Edge,MacOS,/offers
6d8e33e0-b1df-4841-8136-55253c666a33,2026_W27,S3396,U26456,2026-07-04 08:20:37,2026-07-04 08:40:37,Instagram,Mother,Mobile,Safari,iOS,/products
6d8e33e0-b1df-4841-8136-55253c666a33,2026_W27,S3397,U31534,2026-07-03 12:10:13,2026-07-03 12:43:13,Organic,Mean,Tablet,Chrome,Android,/products
6d8e33e0-b1df-4841-8136-55253c666a33,2026_W27,S3398,U32106,2026-06-30 08:47:19,2026-06-30 08:50:19,Instagram,Prepare,Tablet,Edge,Windows,/home
6d8e33e0-b1df-4841-8136-55253c666a33,2026_W27,S3399,U34391,2026-07-01 04:04:30,2026-07-01 04:40:30,Direct,Local,Desktop,Chrome,Android,/products
6d8e33e0-b1df-4841-8136-55253c666a33,2026_W27,S3400,U22215,2026-06-30 13:20:06,2026-06-30 13:25:06,Instagram,Score,Tablet,Firefox,iOS,/products
6d8e33e0-b1df-4841-8136-55253c666a33,2026_W27,S3401,U4948,2026-07-04 06:29:30,2026-07-04 06:51:30,Direct,That,Mobile,Safari,iOS,/products
6d8e33e0-b1df-4841-8136-55253c666a33,2026_W27,S3402,U27209,2026-07-04 06:22:27,2026-07-04 06:46:27,Instagram,Her,Desktop,Chrome,MacOS,/offers
6d8e33e0-b1df-4841-8136-55253c666a33,2026_W27,S3403,U9550,2026-07-01 14:13:36,2026-07-01 14:25:36,Direct,Likely,Mobile,Safari,Windows,/home
6d8e33e0-b1df-4841-8136-55253c666a33,2026_W27,S3404,U31988,2026-06-30 18:33:36,2026-06-30 19:00:36,Google Ads,Cultural,Tablet,Safari,MacOS,/offers
6d8e33e0-b1df-4841-8136-55253c666a33,2026_W27,S3405,U20839,2026-07-03 10:20:08,2026-07-03 10:40:08,Direct,Human,Desktop,Chrome,Android,/products
6d8e33e0-b1df-4841-8136-55253c666a33,2026_W27,S3406,U12211,2026-06-30 20:18:42,2026-06-30 20:26:42,Direct,Still,Tablet,Edge,iOS,/home
6d8e33e0-b1df-4841-8136-55253c666a33,2026_W27,S3407,U32713,2026-07-04 15:09:52,2026-07-04 15:22:52,Direct,Reflect,Desktop,Firefox,iOS,/home
6d8e33e0-b1df-4841-8136-55253c666a33,2026_W27,S3408,U14354,2026-07-02 23:57:18,2026-07-03 00:03:18,Direct,Middle,Tablet,Edge,Android,/products
6d8e33e0-b1df-4841-8136-55253c666a33,2026_W27,S3409,U23876,2026-06-30 09:48:36,2026-06-30 09:59:36,Facebook,Price,Mobile,Edge,Android,/home
6d8e33e0-b1df-4841-8136-55253c666a33,2026_W27,S3410,U33571,2026-07-02 14:16:38,2026-07-02 14:31:38,Google Ads,Together,Desktop,Edge,Android,/products
6d8e33e0-b1df-4841-8136-55253c666a33,2026_W27,S3411,U3609,2026-07-02 19:37:43,2026-07-02 19:39:43,Direct,Thus,Mobile,Safari,Windows,/offers
6d8e33e0-b1df-4841-8136-55253c666a33,2026_W27,S3412,U27730,2026-06-30 11:49:09,2026-06-30 12:14:09,Facebook,Staff,Tablet,Chrome,Windows,/offers
6d8e33e0-b1df-4841-8136-55253c666a33,2026_W27,S3413,U26392,2026-07-04 21:42:49,2026-07-04 21:56:49,Instagram,Building,Desktop,Chrome,Android,/home
6d8e33e0-b1df-4841-8136-55253c666a33,2026_W27,S3414,U7203,2026-07-01 00:04:47,2026-07-01 00:12:47,Facebook,Hot,Mobile,Safari,Android,/products
6d8e33e0-b1df-4841-8136-55253c666a33,2026_W27,S3415,U12706,2026-07-02 03:49:42,2026-07-02 03:53:42,Google Ads,Feel,Mobile,Edge,iOS,/products
6d8e33e0-b1df-4841-8136-55253c666a33,2026_W27,S3416,U16958,2026-07-02 11:52:57,2026-07-02 12:23:57,Facebook,Spring,Mobile,Safari,Windows,/products
6d8e33e0-b1df-4841-8136-55253c666a33,2026_W27,S3417,U24371,2026-06-30 09:57:24,2026-06-30 10:29:24,Organic,Rise,Mobile,Firefox,MacOS,/offers
6d8e33e0-b1df-4841-8136-55253c666a33,2026_W27,S3418,U3682,2026-07-02 01:05:51,2026-07-02 01:11:51,Email,From,Tablet,Safari,Android,/home
6d8e33e0-b1df-4841-8136-55253c666a33,2026_W27,S3419,U17578,2026-07-03 06:52:28,2026-07-03 06:55:28,Facebook,Successful,Tablet,Chrome,iOS,/home
6d8e33e0-b1df-4841-8136-55253c666a33,2026_W27,S3420,U13164,2026-07-01 05:42:37,2026-07-01 05:50:37,Facebook,Western,Mobile,Safari,iOS,/offers
6d8e33e0-b1df-4841-8136-55253c666a33,2026_W27,S3421,U31415,2026-07-03 13:47:55,2026-07-03 14:02:55,Email,Ok,Mobile,Firefox,Android,/offers
6d8e33e0-b1df-4841-8136-55253c666a33,2026_W27,S3422,U15217,2026-07-01 04:29:49,2026-07-01 05:05:49,Direct,Region,Tablet,Safari,MacOS,/offers
6d8e33e0-b1df-4841-8136-55253c666a33,2026_W27,S3423,U20992,2026-06-30 21:05:08,2026-06-30 21:26:08,Instagram,Detail,Tablet,Edge,Windows,/offers
6d8e33e0-b1df-4841-8136-55253c666a33,2026_W27,S3424,U3851,2026-07-04 14:38:28,2026-07-04 14:55:28,Email,Send,Mobile,Firefox,iOS,/offers
6d8e33e0-b1df-4841-8136-55253c666a33,2026_W27,S3425,U5064,2026-07-02 07:55:36,2026-07-02 08:33:36,Organic,Stay,Desktop,Firefox,Android,/offers
6d8e33e0-b1df-4841-8136-55253c666a33,2026_W27,S3426,U15679,2026-07-03 03:10:03,2026-07-03 03:50:03,Direct,Part,Tablet,Edge,MacOS,/products
6d8e33e0-b1df-4841-8136-55253c666a33,2026_W27,S3427,U25459,2026-06-30 14:02:52,2026-06-30 14:23:52,Instagram,Same,Mobile,Edge,Android,/home
6d8e33e0-b1df-4841-8136-55253c666a33,2026_W27,S3428,U21683,2026-07-04 13:37:01,2026-07-04 13:51:01,Direct,Customer,Mobile,Edge,iOS,/products
6d8e33e0-b1df-4841-8136-55253c666a33,2026_W27,S3429,U10472,2026-07-03 06:21:25,2026-07-03 06:38:25,Email,Employee,Mobile,Chrome,Android,/home
6d8e33e0-b1df-4841-8136-55253c666a33,2026_W27,S3430,U27786,2026-06-29 21:01:45,2026-06-29 21:34:45,Direct,Day,Desktop,Firefox,Android,/offers
6d8e33e0-b1df-4841-8136-55253c666a33,2026_W27,S3431,U13488,2026-07-03 09:55:15,2026-07-03 10:18:15,Google Ads,Pick,Desktop,Firefox,iOS,/products
6d8e33e0-b1df-4841-8136-55253c666a33,2026_W27,S3432,U19159,2026-07-01 11:39:42,2026-07-01 12:01:42,Email,Team,Mobile,Firefox,Android,/products
6d8e33e0-b1df-4841-8136-55253c666a33,2026_W27,S3433,U34950,2026-07-05 03:55:53,2026-07-05 04:26:53,Facebook,Future,Desktop,Safari,MacOS,/offers
6d8e33e0-b1df-4841-8136-55253c666a33,2026_W27,S3434,U33275,2026-07-03 09:44:24,2026-07-03 09:45:24,Email,Theory,Mobile,Safari,Android,/home
6d8e33e0-b1df-4841-8136-55253c666a33,2026_W27,S3435,U27149,2026-07-03 08:14:12,2026-07-03 08:19:12,Email,Ok,Mobile,Chrome,Windows,/offers
6d8e33e0-b1df-4841-8136-55253c666a33,2026_W27,S3436,U18779,2026-06-30 13:11:59,2026-06-30 13:47:59,Organic,Within,Tablet,Edge,Android,/products
6d8e33e0-b1df-4841-8136-55253c666a33,2026_W27,S3437,U27195,2026-07-05 03:45:39,2026-07-05 04:20:39,Email,Serve,Mobile,Chrome,MacOS,/products
6d8e33e0-b1df-4841-8136-55253c666a33,2026_W27,S3438,U19958,2026-07-02 08:38:58,2026-07-02 09:10:58,Google Ads,We,Mobile,Edge,Android,/products
6d8e33e0-b1df-4841-8136-55253c666a33,2026_W27,S3439,U24864,2026-07-02 14:14:19,2026-07-02 14:32:19,Organic,He,Tablet,Chrome,Android,/products
6d8e33e0-b1df-4841-8136-55253c666a33,2026_W27,S3440,U20363,2026-07-03 13:38:13,2026-07-03 14:16:13,Direct,Sometimes,Desktop,Firefox,Android,/home
6d8e33e0-b1df-4841-8136-55253c666a33,2026_W27,S3441,U9638,2026-07-01 23:37:56,2026-07-02 00:03:56,Organic,Image,Desktop,Safari,Windows,/offers
6d8e33e0-b1df-4841-8136-55253c666a33,2026_W27,S3442,U29601,2026-07-04 02:44:54,2026-07-04 03:11:54,Instagram,Within,Tablet,Chrome,Windows,/products
6d8e33e0-b1df-4841-8136-55253c666a33,2026_W27,S3443,U1252,2026-06-30 16:04:31,2026-06-30 16:32:31,Facebook,Among,Mobile,Edge,Android,/products
6d8e33e0-b1df-4841-8136-55253c666a33,2026_W27,S3444,U26080,2026-07-02 05:07:53,2026-07-02 05:29:53,Organic,Successful,Desktop,Firefox,MacOS,/products
6d8e33e0-b1df-4841-8136-55253c666a33,2026_W27,S3445,U26716,2026-06-30 07:59:39,2026-06-30 08:35:39,Google Ads,Participant,Desktop,Firefox,iOS,/products
6d8e33e0-b1df-4841-8136-55253c666a33,2026_W27,S3446,U18488,2026-07-05 00:21:52,2026-07-05 00:31:52,Facebook,No,Tablet,Edge,MacOS,/home
6d8e33e0-b1df-4841-8136-55253c666a33,2026_W27,S3447,U21561,2026-07-03 00:54:34,2026-07-03 00:56:34,Email,Operation,Mobile,Safari,Android,/offers
6d8e33e0-b1df-4841-8136-55253c666a33,2026_W27,S3448,U31548,2026-07-01 02:31:27,2026-07-01 03:02:27,Google Ads,Strategy,Mobile,Safari,Android,/home
6d8e33e0-b1df-4841-8136-55253c666a33,2026_W27,S3449,U13455,2026-06-30 19:51:00,2026-06-30 20:19:00,Organic,Wrong,Desktop,Chrome,iOS,/products
6d8e33e0-b1df-4841-8136-55253c666a33,2026_W27,S3450,U26321,2026-07-04 03:35:26,2026-07-04 04:13:26,Facebook,Put,Mobile,Safari,Windows,/offers
6d8e33e0-b1df-4841-8136-55253c666a33,2026_W27,S3451,U5801,2026-07-01 18:19:28,2026-07-01 18:48:28,Instagram,Among,Desktop,Edge,MacOS,/products
6d8e33e0-b1df-4841-8136-55253c666a33,2026_W27,S3452,U24615,2026-07-03 22:33:18,2026-07-03 23:11:18,Direct,Long,Tablet,Edge,iOS,/offers
6d8e33e0-b1df-4841-8136-55253c666a33,2026_W27,S3453,U8412,2026-07-04 14:33:09,2026-07-04 15:12:09,Google Ads,Court,Tablet,Firefox,Android,/products
6d8e33e0-b1df-4841-8136-55253c666a33,2026_W27,S3454,U27296,2026-06-29 21:01:49,2026-06-29 21:31:49,Google Ads,Apply,Desktop,Edge,MacOS,/offers
6d8e33e0-b1df-4841-8136-55253c666a33,2026_W27,S3455,U33073,2026-07-04 03:18:57,2026-07-04 03:36:57,Direct,Size,Mobile,Firefox,Android,/products
6d8e33e0-b1df-4841-8136-55253c666a33,2026_W27,S3456,U20745,2026-07-05 07:18:41,2026-07-05 07:56:41,Facebook,Do,Desktop,Safari,Android,/products
6d8e33e0-b1df-4841-8136-55253c666a33,2026_W27,S3457,U12107,2026-07-03 06:34:13,2026-07-03 07:06:13,Facebook,Side,Desktop,Safari,Android,/offers
6d8e33e0-b1df-4841-8136-55253c666a33,2026_W27,S3458,U32132,2026-07-05 01:30:13,2026-07-05 01:31:13,Direct,Another,Mobile,Chrome,iOS,/products
6d8e33e0-b1df-4841-8136-55253c666a33,2026_W27,S3459,U12550,2026-07-01 16:55:43,2026-07-01 16:58:43,Email,Decide,Tablet,Chrome,Android,/products
6d8e33e0-b1df-4841-8136-55253c666a33,2026_W27,S3460,U100,2026-07-03 15:34:06,2026-07-03 15:58:06,Facebook,Begin,Mobile,Chrome,Windows,/home
6d8e33e0-b1df-4841-8136-55253c666a33,2026_W27,S3461,U34943,2026-07-01 02:16:29,2026-07-01 02:24:29,Facebook,Man,Desktop,Safari,MacOS,/offers
6d8e33e0-b1df-4841-8136-55253c666a33,2026_W27,S3462,U4091,2026-07-03 20:06:29,2026-07-03 20:28:29,Direct,Event,Mobile,Safari,Windows,/products
6d8e33e0-b1df-4841-8136-55253c666a33,2026_W27,S3463,U25767,2026-06-30 13:13:41,2026-06-30 13:23:41,Direct,Lose,Desktop,Safari,Android,/offers
6d8e33e0-b1df-4841-8136-55253c666a33,2026_W27,S3464,U34828,2026-07-05 00:53:11,2026-07-05 01:21:11,Email,Voice,Desktop,Edge,Android,/products
6d8e33e0-b1df-4841-8136-55253c666a33,2026_W27,S3465,U27290,2026-07-02 11:18:22,2026-07-02 11:26:22,Organic,Gas,Mobile,Chrome,Android,/home
6d8e33e0-b1df-4841-8136-55253c666a33,2026_W27,S3466,U30126,2026-07-01 07:34:49,2026-07-01 07:47:49,Instagram,Together,Tablet,Chrome,MacOS,/products
6d8e33e0-b1df-4841-8136-55253c666a33,2026_W27,S3467,U11830,2026-07-04 15:45:51,2026-07-04 16:03:51,Email,Particular,Desktop,Chrome,Android,/home
6d8e33e0-b1df-4841-8136-55253c666a33,2026_W27,S3468,U10651,2026-07-05 03:21:11,2026-07-05 03:28:11,Email,Expert,Desktop,Safari,Windows,/products
6d8e33e0-b1df-4841-8136-55253c666a33,2026_W27,S3469,U17138,2026-06-30 15:54:28,2026-06-30 16:08:28,Organic,Campaign,Tablet,Firefox,iOS,/offers
6d8e33e0-b1df-4841-8136-55253c666a33,2026_W27,S3470,U34657,2026-07-02 09:01:45,2026-07-02 09:35:45,Organic,Live,Tablet,Firefox,Windows,/products
6d8e33e0-b1df-4841-8136-55253c666a33,2026_W27,S3471,U26421,2026-07-01 05:00:10,2026-07-01 05:31:10,Direct,Even,Desktop,Safari,Android,/products
6d8e33e0-b1df-4841-8136-55253c666a33,2026_W27,S3472,U8633,2026-06-29 19:19:15,2026-06-29 19:46:15,Instagram,Wish,Tablet,Safari,MacOS,/offers
6d8e33e0-b1df-4841-8136-55253c666a33,2026_W27,S3473,U1372,2026-07-03 08:05:00,2026-07-03 08:21:00,Google Ads,Threat,Mobile,Firefox,Windows,/offers
6d8e33e0-b1df-4841-8136-55253c666a33,2026_W27,S3474,U15997,2026-07-04 13:48:04,2026-07-04 14:13:04,Direct,Eat,Desktop,Safari,Android,/products
6d8e33e0-b1df-4841-8136-55253c666a33,2026_W27,S3475,U32528,2026-06-29 21:55:48,2026-06-29 22:21:48,Email,Gun,Tablet,Edge,MacOS,/offers
6d8e33e0-b1df-4841-8136-55253c666a33,2026_W27,S3476,U1748,2026-06-29 13:14:14,2026-06-29 13:23:14,Direct,Power,Mobile,Edge,iOS,/products
6d8e33e0-b1df-4841-8136-55253c666a33,2026_W27,S3477,U11802,2026-07-02 19:01:25,2026-07-02 19:15:25,Organic,Something,Desktop,Chrome,MacOS,/home
6d8e33e0-b1df-4841-8136-55253c666a33,2026_W27,S3478,U29013,2026-07-01 04:02:54,2026-07-01 04:40:54,Direct,Safe,Mobile,Safari,MacOS,/home
6d8e33e0-b1df-4841-8136-55253c666a33,2026_W27,S3479,U27077,2026-07-04 16:57:26,2026-07-04 17:10:26,Google Ads,Surface,Tablet,Chrome,Windows,/offers
6d8e33e0-b1df-4841-8136-55253c666a33,2026_W27,S3480,U18396,2026-07-04 11:30:08,2026-07-04 11:43:08,Direct,Town,Mobile,Firefox,iOS,/offers
6d8e33e0-b1df-4841-8136-55253c666a33,2026_W27,S3481,U26982,2026-07-02 06:06:07,2026-07-02 06:38:07,Organic,According,Mobile,Chrome,iOS,/products
6d8e33e0-b1df-4841-8136-55253c666a33,2026_W27,S3482,U32183,2026-07-01 07:36:51,2026-07-01 08:15:51,Direct,Learn,Tablet,Safari,iOS,/offers
6d8e33e0-b1df-4841-8136-55253c666a33,2026_W27,S3483,U24316,2026-07-01 00:25:24,2026-07-01 00:50:24,Facebook,Catch,Desktop,Safari,Windows,/offers
6d8e33e0-b1df-4841-8136-55253c666a33,2026_W27,S3484,U33790,2026-07-04 00:16:34,2026-07-04 00:46:34,Google Ads,Manage,Desktop,Safari,iOS,/offers
6d8e33e0-b1df-4841-8136-55253c666a33,2026_W27,S3485,U16157,2026-07-05 00:58:18,2026-07-05 01:24:18,Google Ads,Article,Desktop,Firefox,iOS,/offers
6d8e33e0-b1df-4841-8136-55253c666a33,2026_W27,S3486,U5725,2026-07-03 23:04:23,2026-07-03 23:25:23,Google Ads,Imagine,Tablet,Firefox,iOS,/offers
6d8e33e0-b1df-4841-8136-55253c666a33,2026_W27,S3487,U14207,2026-07-03 21:45:53,2026-07-03 22:13:53,Facebook,Church,Desktop,Chrome,iOS,/home
6d8e33e0-b1df-4841-8136-55253c666a33,2026_W27,S3488,U18376,2026-06-30 23:23:10,2026-06-30 23:56:10,Organic,Identify,Tablet,Safari,Windows,/home
6d8e33e0-b1df-4841-8136-55253c666a33,2026_W27,S3489,U7809,2026-06-30 09:45:26,2026-06-30 10:10:26,Facebook,Now,Mobile,Chrome,MacOS,/home
6d8e33e0-b1df-4841-8136-55253c666a33,2026_W27,S3490,U5455,2026-07-02 02:30:05,2026-07-02 03:04:05,Instagram,Participant,Mobile,Safari,Android,/products
6d8e33e0-b1df-4841-8136-55253c666a33,2026_W27,S3491,U24735,2026-06-30 11:36:26,2026-06-30 12:14:26,Facebook,Wear,Desktop,Chrome,iOS,/products
6d8e33e0-b1df-4841-8136-55253c666a33,2026_W27,S3492,U13923,2026-06-29 14:40:19,2026-06-29 15:17:19,Direct,First,Desktop,Chrome,Android,/home
6d8e33e0-b1df-4841-8136-55253c666a33,2026_W27,S3493,U26199,2026-06-29 15:31:52,2026-06-29 16:05:52,Google Ads,Tax,Mobile,Safari,Windows,/products
6d8e33e0-b1df-4841-8136-55253c666a33,2026_W27,S3494,U4573,2026-07-03 21:49:05,2026-07-03 22:18:05,Email,Believe,Mobile,Firefox,MacOS,/home
6d8e33e0-b1df-4841-8136-55253c666a33,2026_W27,S3495,U31681,2026-06-30 18:13:59,2026-06-30 18:34:59,Instagram,The,Desktop,Firefox,Android,/offers
6d8e33e0-b1df-4841-8136-55253c666a33,2026_W27,S3496,U14825,2026-07-03 20:54:01,2026-07-03 21:26:01,Organic,Air,Tablet,Edge,MacOS,/home
6d8e33e0-b1df-4841-8136-55253c666a33,2026_W27,S3497,U12444,2026-07-03 14:29:10,2026-07-03 14:42:10,Organic,Between,Mobile,Firefox,iOS,/products
6d8e33e0-b1df-4841-8136-55253c666a33,2026_W27,S3498,U26957,2026-07-04 03:13:12,2026-07-04 03:20:12,Email,Beautiful,Tablet,Safari,iOS,/products
6d8e33e0-b1df-4841-8136-55253c666a33,2026_W27,S3499,U10401,2026-06-30 21:25:00,2026-06-30 21:26:00,Organic,Option,Desktop,Edge,iOS,/home
6d8e33e0-b1df-4841-8136-55253c666a33,2026_W27,S3500,U14181,2026-06-30 08:38:23,2026-06-30 09:05:23,Organic,And,Desktop,Safari,MacOS,/offers
6d8e33e0-b1df-4841-8136-55253c666a33,2026_W27,S3501,U34193,2026-07-05 02:47:14,2026-07-05 03:06:14,Google Ads,Catch,Mobile,Chrome,Windows,/products
6d8e33e0-b1df-4841-8136-55253c666a33,2026_W27,S3502,U21347,2026-06-29 20:52:18,2026-06-29 20:57:18,Direct,Technology,Mobile,Edge,MacOS,/home
6d8e33e0-b1df-4841-8136-55253c666a33,2026_W27,S3503,U29155,2026-07-02 16:34:16,2026-07-02 16:49:16,Google Ads,More,Mobile,Edge,Android,/products
6d8e33e0-b1df-4841-8136-55253c666a33,2026_W27,S3504,U32727,2026-07-02 14:19:20,2026-07-02 14:43:20,Email,Among,Mobile,Chrome,Android,/offers
6d8e33e0-b1df-4841-8136-55253c666a33,2026_W27,S3505,U19180,2026-07-01 07:56:13,2026-07-01 08:01:13,Facebook,Throw,Desktop,Chrome,Windows,/offers
6d8e33e0-b1df-4841-8136-55253c666a33,2026_W27,S3506,U5839,2026-07-02 17:56:37,2026-07-02 18:08:37,Facebook,Family,Desktop,Edge,Android,/products
6d8e33e0-b1df-4841-8136-55253c666a33,2026_W27,S3507,U7718,2026-07-01 10:43:57,2026-07-01 11:09:57,Instagram,Ten,Desktop,Firefox,Windows,/home
6d8e33e0-b1df-4841-8136-55253c666a33,2026_W27,S3508,U15156,2026-07-01 14:59:28,2026-07-01 15:39:28,Direct,Upon,Tablet,Firefox,Android,/offers
6d8e33e0-b1df-4841-8136-55253c666a33,2026_W27,S3509,U9548,2026-07-04 04:03:06,2026-07-04 04:39:06,Direct,Project,Desktop,Chrome,iOS,/offers
6d8e33e0-b1df-4841-8136-55253c666a33,2026_W27,S3510,U1698,2026-07-02 02:17:41,2026-07-02 02:33:41,Instagram,Weight,Tablet,Safari,iOS,/products
6d8e33e0-b1df-4841-8136-55253c666a33,2026_W27,S3511,U34587,2026-07-02 13:05:53,2026-07-02 13:14:53,Email,Although,Tablet,Safari,iOS,/offers
6d8e33e0-b1df-4841-8136-55253c666a33,2026_W27,S3512,U628,2026-07-01 08:23:31,2026-07-01 08:42:31,Facebook,Safe,Tablet,Chrome,MacOS,/products
6d8e33e0-b1df-4841-8136-55253c666a33,2026_W27,S3513,U18218,2026-07-05 07:22:46,2026-07-05 07:49:46,Google Ads,Charge,Mobile,Firefox,iOS,/offers
6d8e33e0-b1df-4841-8136-55253c666a33,2026_W27,S3514,U33889,2026-07-04 17:02:01,2026-07-04 17:39:01,Email,Enjoy,Desktop,Firefox,Windows,/offers
6d8e33e0-b1df-4841-8136-55253c666a33,2026_W27,S3515,U23875,2026-07-01 04:48:56,2026-07-01 05:10:56,Organic,Reflect,Mobile,Chrome,iOS,/products
6d8e33e0-b1df-4841-8136-55253c666a33,2026_W27,S3516,U18467,2026-07-03 23:27:14,2026-07-04 00:02:14,Instagram,Brother,Mobile,Safari,Android,/home
6d8e33e0-b1df-4841-8136-55253c666a33,2026_W27,S3517,U15024,2026-07-01 19:01:30,2026-07-01 19:21:30,Email,Board,Desktop,Chrome,Windows,/offers
6d8e33e0-b1df-4841-8136-55253c666a33,2026_W27,S3518,U34123,2026-07-02 23:52:11,2026-07-03 00:22:11,Instagram,Social,Desktop,Chrome,Android,/home
6d8e33e0-b1df-4841-8136-55253c666a33,2026_W27,S3519,U2996,2026-07-02 06:52:54,2026-07-02 07:30:54,Organic,Within,Mobile,Firefox,Windows,/offers
6d8e33e0-b1df-4841-8136-55253c666a33,2026_W27,S3520,U29478,2026-07-03 15:49:09,2026-07-03 16:14:09,Facebook,Hot,Mobile,Chrome,iOS,/offers
6d8e33e0-b1df-4841-8136-55253c666a33,2026_W27,S3521,U6375,2026-07-02 00:05:49,2026-07-02 00:23:49,Email,Interest,Desktop,Chrome,Windows,/products
6d8e33e0-b1df-4841-8136-55253c666a33,2026_W27,S3522,U6467,2026-07-01 07:26:32,2026-07-01 07:55:32,Instagram,Resource,Tablet,Chrome,Android,/offers
6d8e33e0-b1df-4841-8136-55253c666a33,2026_W27,S3523,U26899,2026-07-05 08:16:47,2026-07-05 08:55:47,Google Ads,Address,Mobile,Safari,iOS,/home
6d8e33e0-b1df-4841-8136-55253c666a33,2026_W27,S3524,U11625,2026-06-29 17:14:52,2026-06-29 17:16:52,Email,Baby,Mobile,Chrome,MacOS,/home
6d8e33e0-b1df-4841-8136-55253c666a33,2026_W27,S3525,U23929,2026-07-04 13:31:23,2026-07-04 14:11:23,Facebook,Certain,Desktop,Edge,Android,/offers
6d8e33e0-b1df-4841-8136-55253c666a33,2026_W27,S3526,U34825,2026-07-04 05:07:08,2026-07-04 05:38:08,Organic,Decade,Tablet,Firefox,Android,/offers
6d8e33e0-b1df-4841-8136-55253c666a33,2026_W27,S3527,U15187,2026-07-02 13:20:14,2026-07-02 13:35:14,Organic,Laugh,Desktop,Edge,Windows,/products
6d8e33e0-b1df-4841-8136-55253c666a33,2026_W27,S3528,U10571,2026-07-04 06:09:32,2026-07-04 06:41:32,Email,Serious,Mobile,Chrome,MacOS,/offers
6d8e33e0-b1df-4841-8136-55253c666a33,2026_W27,S3529,U20574,2026-07-05 08:50:28,2026-07-05 09:18:28,Email,Interest,Tablet,Chrome,iOS,/offers
6d8e33e0-b1df-4841-8136-55253c666a33,2026_W27,S3530,U24585,2026-07-01 09:43:23,2026-07-01 09:54:23,Facebook,Song,Mobile,Safari,Windows,/home
6d8e33e0-b1df-4841-8136-55253c666a33,2026_W27,S3531,U18807,2026-07-02 18:22:18,2026-07-02 18:33:18,Instagram,Week,Mobile,Edge,Android,/products
6d8e33e0-b1df-4841-8136-55253c666a33,2026_W27,S3532,U10687,2026-06-30 14:46:28,2026-06-30 15:16:28,Facebook,Central,Desktop,Safari,iOS,/offers
6d8e33e0-b1df-4841-8136-55253c666a33,2026_W27,S3533,U8167,2026-07-04 21:56:48,2026-07-04 22:21:48,Instagram,Month,Desktop,Safari,MacOS,/products
6d8e33e0-b1df-4841-8136-55253c666a33,2026_W27,S3534,U1702,2026-07-02 07:20:53,2026-07-02 07:59:53,Organic,Deep,Mobile,Firefox,MacOS,/home
6d8e33e0-b1df-4841-8136-55253c666a33,2026_W27,S3535,U24150,2026-06-29 18:22:22,2026-06-29 19:01:22,Facebook,Pretty,Tablet,Edge,iOS,/offers
6d8e33e0-b1df-4841-8136-55253c666a33,2026_W27,S3536,U17669,2026-07-05 04:33:58,2026-07-05 04:45:58,Instagram,World,Mobile,Edge,Windows,/home
6d8e33e0-b1df-4841-8136-55253c666a33,2026_W27,S3537,U8999,2026-07-03 18:44:47,2026-07-03 18:55:47,Google Ads,Someone,Tablet,Edge,MacOS,/products
6d8e33e0-b1df-4841-8136-55253c666a33,2026_W27,S3538,U14965,2026-07-02 09:42:21,2026-07-02 09:58:21,Instagram,Have,Tablet,Chrome,Windows,/offers
6d8e33e0-b1df-4841-8136-55253c666a33,2026_W27,S3539,U972,2026-07-01 10:51:53,2026-07-01 10:57:53,Facebook,Leave,Tablet,Firefox,Windows,/offers
6d8e33e0-b1df-4841-8136-55253c666a33,2026_W27,S3540,U24884,2026-06-29 11:39:28,2026-06-29 12:16:28,Facebook,Finally,Mobile,Firefox,Android,/products
6d8e33e0-b1df-4841-8136-55253c666a33,2026_W27,S3541,U14911,2026-06-29 12:54:00,2026-06-29 13:12:00,Organic,Child,Desktop,Safari,iOS,/home
6d8e33e0-b1df-4841-8136-55253c666a33,2026_W27,S3542,U24442,2026-07-03 10:30:19,2026-07-03 10:43:19,Facebook,Production,Desktop,Edge,iOS,/products
6d8e33e0-b1df-4841-8136-55253c666a33,2026_W27,S3543,U7542,2026-07-02 06:17:47,2026-07-02 06:47:47,Direct,Treatment,Tablet,Firefox,iOS,/home
6d8e33e0-b1df-4841-8136-55253c666a33,2026_W27,S3544,U22269,2026-06-30 23:11:13,2026-06-30 23:28:13,Google Ads,Figure,Desktop,Chrome,iOS,/offers
6d8e33e0-b1df-4841-8136-55253c666a33,2026_W27,S3545,U22724,2026-07-04 01:45:24,2026-07-04 02:17:24,Facebook,Service,Tablet,Firefox,Android,/offers
6d8e33e0-b1df-4841-8136-55253c666a33,2026_W27,S3546,U14858,2026-07-04 10:43:37,2026-07-04 11:21:37,Facebook,Develop,Tablet,Edge,MacOS,/products
6d8e33e0-b1df-4841-8136-55253c666a33,2026_W27,S3547,U25992,2026-07-02 00:12:03,2026-07-02 00:30:03,Facebook,Office,Tablet,Safari,Android,/products
6d8e33e0-b1df-4841-8136-55253c666a33,2026_W27,S3548,U12754,2026-07-02 18:35:01,2026-07-02 18:38:01,Direct,Course,Desktop,Safari,iOS,/offers
6d8e33e0-b1df-4841-8136-55253c666a33,2026_W27,S3549,U31874,2026-07-05 08:33:53,2026-07-05 09:02:53,Instagram,And,Desktop,Edge,Windows,/products
6d8e33e0-b1df-4841-8136-55253c666a33,2026_W27,S3550,U28933,2026-07-05 07:51:07,2026-07-05 08:25:07,Instagram,Our,Mobile,Chrome,Android,/home
6d8e33e0-b1df-4841-8136-55253c666a33,2026_W27,S3551,U22234,2026-06-30 20:19:23,2026-06-30 20:58:23,Instagram,Assume,Desktop,Chrome,MacOS,/products
6d8e33e0-b1df-4841-8136-55253c666a33,2026_W27,S3552,U15168,2026-06-30 06:59:48,2026-06-30 07:10:48,Facebook,Cell,Tablet,Safari,Windows,/offers
6d8e33e0-b1df-4841-8136-55253c666a33,2026_W27,S3553,U27429,2026-07-04 19:06:29,2026-07-04 19:07:29,Facebook,Class,Tablet,Edge,iOS,/home
6d8e33e0-b1df-4841-8136-55253c666a33,2026_W27,S3554,U25379,2026-07-02 22:42:21,2026-07-02 22:48:21,Organic,Film,Desktop,Chrome,iOS,/products
6d8e33e0-b1df-4841-8136-55253c666a33,2026_W27,S3555,U33897,2026-07-02 11:59:50,2026-07-02 12:28:50,Email,South,Tablet,Chrome,iOS,/offers
6d8e33e0-b1df-4841-8136-55253c666a33,2026_W27,S3556,U12854,2026-07-01 06:54:32,2026-07-01 07:27:32,Facebook,Candidate,Desktop,Edge,MacOS,/offers
6d8e33e0-b1df-4841-8136-55253c666a33,2026_W27,S3557,U78,2026-07-02 05:33:38,2026-07-02 06:03:38,Organic,Difficult,Desktop,Chrome,iOS,/offers
6d8e33e0-b1df-4841-8136-55253c666a33,2026_W27,S3558,U2261,2026-07-01 23:01:48,2026-07-01 23:29:48,Direct,Magazine,Desktop,Edge,Windows,/products
6d8e33e0-b1df-4841-8136-55253c666a33,2026_W27,S3559,U16894,2026-07-04 07:31:48,2026-07-04 07:45:48,Direct,Rule,Tablet,Chrome,Android,/offers
6d8e33e0-b1df-4841-8136-55253c666a33,2026_W27,S3560,U7744,2026-07-01 22:41:34,2026-07-01 23:11:34,Facebook,Smile,Mobile,Chrome,Android,/offers
6d8e33e0-b1df-4841-8136-55253c666a33,2026_W27,S3561,U5175,2026-07-02 07:38:23,2026-07-02 08:05:23,Email,Religious,Desktop,Firefox,MacOS,/products
6d8e33e0-b1df-4841-8136-55253c666a33,2026_W27,S3562,U28306,2026-06-29 11:31:51,2026-06-29 12:11:51,Email,Million,Desktop,Edge,iOS,/offers
6d8e33e0-b1df-4841-8136-55253c666a33,2026_W27,S3563,U22420,2026-07-03 12:32:54,2026-07-03 12:33:54,Direct,Music,Desktop,Firefox,Windows,/products
6d8e33e0-b1df-4841-8136-55253c666a33,2026_W27,S3564,U1646,2026-06-30 07:56:07,2026-06-30 08:20:07,Facebook,Likely,Tablet,Edge,iOS,/products
6d8e33e0-b1df-4841-8136-55253c666a33,2026_W27,S3565,U7723,2026-06-30 08:23:43,2026-06-30 08:48:43,Email,Employee,Tablet,Chrome,Windows,/offers
6d8e33e0-b1df-4841-8136-55253c666a33,2026_W27,S3566,U21849,2026-07-04 11:50:34,2026-07-04 12:16:34,Organic,Sign,Tablet,Firefox,Windows,/home
6d8e33e0-b1df-4841-8136-55253c666a33,2026_W27,S3567,U17257,2026-07-02 08:31:12,2026-07-02 08:47:12,Organic,Black,Mobile,Firefox,MacOS,/home
6d8e33e0-b1df-4841-8136-55253c666a33,2026_W27,S3568,U25856,2026-07-05 03:48:56,2026-07-05 04:25:56,Organic,Follow,Desktop,Chrome,MacOS,/products
6d8e33e0-b1df-4841-8136-55253c666a33,2026_W27,S3569,U22092,2026-07-03 03:34:20,2026-07-03 04:09:20,Email,Always,Tablet,Firefox,MacOS,/home
6d8e33e0-b1df-4841-8136-55253c666a33,2026_W27,S3570,U6961,2026-06-30 16:11:38,2026-06-30 16:12:38,Instagram,Price,Tablet,Edge,iOS,/offers
6d8e33e0-b1df-4841-8136-55253c666a33,2026_W27,S3571,U26182,2026-07-02 09:54:57,2026-07-02 10:28:57,Organic,Mission,Mobile,Firefox,Windows,/offers
6d8e33e0-b1df-4841-8136-55253c666a33,2026_W27,S3572,U15581,2026-07-01 10:43:42,2026-07-01 11:12:42,Organic,Act,Tablet,Edge,Android,/offers
6d8e33e0-b1df-4841-8136-55253c666a33,2026_W27,S3573,U31691,2026-07-01 06:37:31,2026-07-01 06:52:31,Organic,Whom,Desktop,Chrome,Windows,/home
6d8e33e0-b1df-4841-8136-55253c666a33,2026_W27,S3574,U17573,2026-07-04 17:42:40,2026-07-04 17:57:40,Email,Drug,Tablet,Safari,iOS,/offers
6d8e33e0-b1df-4841-8136-55253c666a33,2026_W27,S3575,U9783,2026-07-03 01:57:20,2026-07-03 02:23:20,Instagram,Final,Tablet,Safari,Windows,/home
6d8e33e0-b1df-4841-8136-55253c666a33,2026_W27,S3576,U32662,2026-06-29 12:03:05,2026-06-29 12:36:05,Organic,Service,Desktop,Safari,Windows,/offers
6d8e33e0-b1df-4841-8136-55253c666a33,2026_W27,S3577,U28345,2026-07-01 18:31:11,2026-07-01 18:47:11,Email,Listen,Desktop,Edge,MacOS,/products
6d8e33e0-b1df-4841-8136-55253c666a33,2026_W27,S3578,U13662,2026-07-02 20:47:06,2026-07-02 20:58:06,Facebook,Central,Mobile,Safari,Windows,/products
6d8e33e0-b1df-4841-8136-55253c666a33,2026_W27,S3579,U22111,2026-07-02 07:51:13,2026-07-02 08:13:13,Direct,Move,Tablet,Edge,Android,/home
6d8e33e0-b1df-4841-8136-55253c666a33,2026_W27,S3580,U12207,2026-07-03 17:27:53,2026-07-03 17:30:53,Google Ads,Behavior,Tablet,Chrome,Windows,/home
6d8e33e0-b1df-4841-8136-55253c666a33,2026_W27,S3581,U17529,2026-07-04 16:31:12,2026-07-04 17:02:12,Email,Worry,Mobile,Edge,iOS,/products
6d8e33e0-b1df-4841-8136-55253c666a33,2026_W27,S3582,U33094,2026-07-01 21:24:46,2026-07-01 21:55:46,Instagram,Card,Mobile,Firefox,MacOS,/home
6d8e33e0-b1df-4841-8136-55253c666a33,2026_W27,S3583,U26095,2026-07-02 05:07:26,2026-07-02 05:43:26,Direct,Tree,Tablet,Safari,Android,/offers
6d8e33e0-b1df-4841-8136-55253c666a33,2026_W27,S3584,U28180,2026-07-05 06:28:45,2026-07-05 06:57:45,Organic,Threat,Mobile,Safari,Windows,/home
6d8e33e0-b1df-4841-8136-55253c666a33,2026_W27,S3585,U21339,2026-06-30 12:54:54,2026-06-30 13:10:54,Organic,Adult,Tablet,Safari,iOS,/offers
6d8e33e0-b1df-4841-8136-55253c666a33,2026_W27,S3586,U32824,2026-07-03 12:22:28,2026-07-03 12:26:28,Facebook,Note,Desktop,Edge,Windows,/offers
6d8e33e0-b1df-4841-8136-55253c666a33,2026_W27,S3587,U9829,2026-06-29 14:50:11,2026-06-29 14:59:11,Email,Happen,Tablet,Firefox,Android,/home
6d8e33e0-b1df-4841-8136-55253c666a33,2026_W27,S3588,U32430,2026-06-30 02:50:48,2026-06-30 03:29:48,Organic,Let,Tablet,Firefox,iOS,/home
6d8e33e0-b1df-4841-8136-55253c666a33,2026_W27,S3589,U25817,2026-07-05 00:08:45,2026-07-05 00:35:45,Google Ads,Affect,Mobile,Chrome,MacOS,/home
6d8e33e0-b1df-4841-8136-55253c666a33,2026_W27,S3590,U3551,2026-07-02 04:56:37,2026-07-02 05:19:37,Email,Son,Mobile,Chrome,MacOS,/products
6d8e33e0-b1df-4841-8136-55253c666a33,2026_W27,S3591,U19512,2026-07-05 03:36:53,2026-07-05 04:09:53,Email,Statement,Mobile,Chrome,Windows,/home
6d8e33e0-b1df-4841-8136-55253c666a33,2026_W27,S3592,U7873,2026-07-01 17:35:48,2026-07-01 18:09:48,Facebook,Also,Tablet,Chrome,MacOS,/home
6d8e33e0-b1df-4841-8136-55253c666a33,2026_W27,S3593,U28191,2026-07-01 15:24:15,2026-07-01 16:00:15,Instagram,Or,Tablet,Safari,iOS,/products
6d8e33e0-b1df-4841-8136-55253c666a33,2026_W27,S3594,U21745,2026-07-01 16:02:02,2026-07-01 16:34:02,Facebook,Many,Desktop,Firefox,MacOS,/offers
6d8e33e0-b1df-4841-8136-55253c666a33,2026_W27,S3595,U19428,2026-07-01 06:42:47,2026-07-01 07:00:47,Direct,Along,Mobile,Chrome,iOS,/offers
6d8e33e0-b1df-4841-8136-55253c666a33,2026_W27,S3596,U9390,2026-07-01 20:36:39,2026-07-01 21:10:39,Google Ads,Those,Desktop,Edge,Windows,/products
6d8e33e0-b1df-4841-8136-55253c666a33,2026_W27,S3597,U5831,2026-06-30 00:15:42,2026-06-30 00:33:42,Facebook,Think,Tablet,Edge,MacOS,/offers
6d8e33e0-b1df-4841-8136-55253c666a33,2026_W27,S3598,U9138,2026-07-02 15:49:08,2026-07-02 15:59:08,Email,Figure,Desktop,Safari,MacOS,/home
6d8e33e0-b1df-4841-8136-55253c666a33,2026_W27,S3599,U7546,2026-07-03 04:10:05,2026-07-03 04:50:05,Direct,Popular,Mobile,Safari,Android,/products
6d8e33e0-b1df-4841-8136-55253c666a33,2026_W27,S3600,U16895,2026-07-03 17:18:19,2026-07-03 17:39:19,Google Ads,Goal,Desktop,Edge,iOS,/offers
6d8e33e0-b1df-4841-8136-55253c666a33,2026_W27,S3601,U24909,2026-07-04 12:04:36,2026-07-04 12:44:36,Organic,Company,Tablet,Safari,iOS,/products
6d8e33e0-b1df-4841-8136-55253c666a33,2026_W27,S3602,U25474,2026-07-04 13:01:34,2026-07-04 13:22:34,Instagram,Interest,Tablet,Edge,MacOS,/offers
6d8e33e0-b1df-4841-8136-55253c666a33,2026_W27,S3603,U11576,2026-07-04 04:53:22,2026-07-04 05:06:22,Instagram,Professional,Tablet,Edge,Windows,/home
6d8e33e0-b1df-4841-8136-55253c666a33,2026_W27,S3604,U16335,2026-07-02 05:39:20,2026-07-02 05:54:20,Direct,Which,Tablet,Safari,iOS,/offers
6d8e33e0-b1df-4841-8136-55253c666a33,2026_W27,S3605,U9269,2026-07-05 04:21:23,2026-07-05 04:48:23,Instagram,Nothing,Desktop,Chrome,MacOS,/products
6d8e33e0-b1df-4841-8136-55253c666a33,2026_W27,S3606,U1521,2026-07-05 07:51:07,2026-07-05 08:14:07,Google Ads,Generation,Tablet,Edge,Windows,/products
6d8e33e0-b1df-4841-8136-55253c666a33,2026_W27,S3607,U16984,2026-07-05 07:02:12,2026-07-05 07:28:12,Organic,Early,Tablet,Chrome,Windows,/offers
6d8e33e0-b1df-4841-8136-55253c666a33,2026_W27,S3608,U20969,2026-07-05 01:27:43,2026-07-05 02:00:43,Email,Employee,Tablet,Edge,MacOS,/home
6d8e33e0-b1df-4841-8136-55253c666a33,2026_W27,S3609,U4051,2026-06-30 21:39:15,2026-06-30 21:51:15,Direct,Including,Tablet,Firefox,Windows,/home
6d8e33e0-b1df-4841-8136-55253c666a33,2026_W27,S3610,U11156,2026-06-30 00:34:49,2026-06-30 01:04:49,Direct,Relationship,Mobile,Safari,MacOS,/home
6d8e33e0-b1df-4841-8136-55253c666a33,2026_W27,S3611,U22875,2026-06-30 10:01:15,2026-06-30 10:07:15,Direct,Month,Mobile,Chrome,Windows,/products
6d8e33e0-b1df-4841-8136-55253c666a33,2026_W27,S3612,U34542,2026-07-04 18:46:01,2026-07-04 18:56:01,Facebook,Movie,Tablet,Firefox,Windows,/offers
6d8e33e0-b1df-4841-8136-55253c666a33,2026_W27,S3613,U31315,2026-07-02 17:40:53,2026-07-02 18:16:53,Direct,General,Desktop,Edge,Android,/products
6d8e33e0-b1df-4841-8136-55253c666a33,2026_W27,S3614,U20386,2026-07-01 13:57:42,2026-07-01 14:27:42,Email,Others,Tablet,Firefox,Windows,/products
6d8e33e0-b1df-4841-8136-55253c666a33,2026_W27,S3615,U11775,2026-07-05 04:51:38,2026-07-05 05:14:38,Instagram,Explain,Desktop,Chrome,iOS,/home
6d8e33e0-b1df-4841-8136-55253c666a33,2026_W27,S3616,U17158,2026-07-03 06:30:29,2026-07-03 07:06:29,Google Ads,Side,Tablet,Safari,Android,/offers
6d8e33e0-b1df-4841-8136-55253c666a33,2026_W27,S3617,U10272,2026-07-03 04:03:01,2026-07-03 04:43:01,Email,Whom,Mobile,Firefox,Windows,/products
6d8e33e0-b1df-4841-8136-55253c666a33,2026_W27,S3618,U27798,2026-07-03 07:04:22,2026-07-03 07:07:22,Google Ads,Staff,Tablet,Firefox,Android,/products
6d8e33e0-b1df-4841-8136-55253c666a33,2026_W27,S3619,U13965,2026-07-02 13:25:22,2026-07-02 13:49:22,Facebook,Probably,Tablet,Firefox,iOS,/offers
6d8e33e0-b1df-4841-8136-55253c666a33,2026_W27,S3620,U20464,2026-07-04 15:34:20,2026-07-04 16:13:20,Email,Well,Mobile,Edge,Windows,/home
6d8e33e0-b1df-4841-8136-55253c666a33,2026_W27,S3621,U7303,2026-07-04 06:38:15,2026-07-04 07:13:15,Instagram,Test,Desktop,Edge,MacOS,/home
6d8e33e0-b1df-4841-8136-55253c666a33,2026_W27,S3622,U25556,2026-07-01 13:07:35,2026-07-01 13:18:35,Instagram,Occur,Desktop,Safari,iOS,/offers
6d8e33e0-b1df-4841-8136-55253c666a33,2026_W27,S3623,U1205,2026-07-02 00:23:07,2026-07-02 00:27:07,Google Ads,Recognize,Tablet,Firefox,Android,/products
6d8e33e0-b1df-4841-8136-55253c666a33,2026_W27,S3624,U26445,2026-07-01 02:22:07,2026-07-01 03:00:07,Direct,Reach,Mobile,Firefox,MacOS,/offers
6d8e33e0-b1df-4841-8136-55253c666a33,2026_W27,S3625,U4552,2026-07-04 20:45:23,2026-07-04 21:11:23,Instagram,Mention,Mobile,Safari,Android,/offers
6d8e33e0-b1df-4841-8136-55253c666a33,2026_W27,S3626,U21955,2026-07-02 04:42:41,2026-07-02 05:09:41,Organic,Behind,Tablet,Safari,iOS,/home
6d8e33e0-b1df-4841-8136-55253c666a33,2026_W27,S3627,U20236,2026-06-29 10:43:14,2026-06-29 10:54:14,Instagram,Movie,Mobile,Firefox,Android,/products
6d8e33e0-b1df-4841-8136-55253c666a33,2026_W27,S3628,U11044,2026-06-30 06:29:10,2026-06-30 06:54:10,Google Ads,Professional,Tablet,Safari,Windows,/offers
6d8e33e0-b1df-4841-8136-55253c666a33,2026_W27,S3629,U33749,2026-07-01 17:05:33,2026-07-01 17:18:33,Facebook,Lot,Desktop,Chrome,Android,/products
6d8e33e0-b1df-4841-8136-55253c666a33,2026_W27,S3630,U31702,2026-07-05 06:04:05,2026-07-05 06:17:05,Facebook,Collection,Mobile,Firefox,MacOS,/offers
6d8e33e0-b1df-4841-8136-55253c666a33,2026_W27,S3631,U4793,2026-07-02 06:20:23,2026-07-02 06:53:23,Facebook,Network,Desktop,Chrome,Windows,/offers
6d8e33e0-b1df-4841-8136-55253c666a33,2026_W27,S3632,U19143,2026-06-30 12:04:22,2026-06-30 12:06:22,Facebook,Attorney,Tablet,Firefox,Windows,/home
6d8e33e0-b1df-4841-8136-55253c666a33,2026_W27,S3633,U14222,2026-07-04 20:47:36,2026-07-04 21:13:36,Direct,Read,Desktop,Edge,iOS,/home
6d8e33e0-b1df-4841-8136-55253c666a33,2026_W27,S3634,U22283,2026-07-03 11:59:12,2026-07-03 12:24:12,Instagram,Range,Tablet,Firefox,Android,/home
6d8e33e0-b1df-4841-8136-55253c666a33,2026_W27,S3635,U20447,2026-07-01 13:10:12,2026-07-01 13:12:12,Organic,Task,Mobile,Safari,Android,/home
6d8e33e0-b1df-4841-8136-55253c666a33,2026_W27,S3636,U31588,2026-06-29 17:35:04,2026-06-29 17:57:04,Direct,Free,Desktop,Edge,MacOS,/offers
6d8e33e0-b1df-4841-8136-55253c666a33,2026_W27,S3637,U30101,2026-07-01 17:21:48,2026-07-01 17:55:48,Direct,Soldier,Mobile,Edge,MacOS,/products
6d8e33e0-b1df-4841-8136-55253c666a33,2026_W27,S3638,U14546,2026-06-29 15:25:21,2026-06-29 15:37:21,Direct,Material,Desktop,Safari,iOS,/products
6d8e33e0-b1df-4841-8136-55253c666a33,2026_W27,S3639,U11672,2026-06-29 16:57:48,2026-06-29 17:18:48,Instagram,Office,Desktop,Chrome,MacOS,/home
6d8e33e0-b1df-4841-8136-55253c666a33,2026_W27,S3640,U15903,2026-07-04 18:12:33,2026-07-04 18:21:33,Google Ads,Feeling,Desktop,Firefox,Windows,/offers
6d8e33e0-b1df-4841-8136-55253c666a33,2026_W27,S3641,U8098,2026-07-02 22:19:42,2026-07-02 22:49:42,Facebook,Force,Desktop,Edge,iOS,/home
6d8e33e0-b1df-4841-8136-55253c666a33,2026_W27,S3642,U26034,2026-06-30 23:09:23,2026-06-30 23:40:23,Instagram,Perhaps,Mobile,Edge,Android,/products
6d8e33e0-b1df-4841-8136-55253c666a33,2026_W27,S3643,U18203,2026-06-30 13:56:55,2026-06-30 14:04:55,Direct,Should,Tablet,Edge,Android,/offers
6d8e33e0-b1df-4841-8136-55253c666a33,2026_W27,S3644,U3784,2026-06-30 09:22:10,2026-06-30 09:48:10,Instagram,Military,Mobile,Chrome,Windows,/offers
6d8e33e0-b1df-4841-8136-55253c666a33,2026_W27,S3645,U34263,2026-07-01 11:53:55,2026-07-01 12:32:55,Instagram,Girl,Desktop,Edge,MacOS,/products
6d8e33e0-b1df-4841-8136-55253c666a33,2026_W27,S3646,U17076,2026-07-03 12:23:29,2026-07-03 13:02:29,Direct,Food,Mobile,Firefox,MacOS,/products
6d8e33e0-b1df-4841-8136-55253c666a33,2026_W27,S3647,U29578,2026-07-03 21:59:05,2026-07-03 22:33:05,Direct,Management,Desktop,Edge,iOS,/offers
6d8e33e0-b1df-4841-8136-55253c666a33,2026_W27,S3648,U1365,2026-07-02 10:12:41,2026-07-02 10:50:41,Google Ads,Show,Desktop,Edge,Windows,/home
6d8e33e0-b1df-4841-8136-55253c666a33,2026_W27,S3649,U1436,2026-06-30 18:13:08,2026-06-30 18:36:08,Facebook,Region,Desktop,Safari,Windows,/products
6d8e33e0-b1df-4841-8136-55253c666a33,2026_W27,S3650,U12436,2026-07-03 12:29:59,2026-07-03 12:57:59,Direct,Along,Desktop,Chrome,Windows,/products
6d8e33e0-b1df-4841-8136-55253c666a33,2026_W27,S3651,U14356,2026-07-04 05:03:46,2026-07-04 05:43:46,Google Ads,Sense,Desktop,Safari,Windows,/products
6d8e33e0-b1df-4841-8136-55253c666a33,2026_W27,S3652,U3354,2026-07-04 13:08:08,2026-07-04 13:11:08,Email,Quite,Tablet,Edge,Windows,/products
6d8e33e0-b1df-4841-8136-55253c666a33,2026_W27,S3653,U9110,2026-07-02 08:33:57,2026-07-02 09:10:57,Facebook,Real,Desktop,Edge,Windows,/products
6d8e33e0-b1df-4841-8136-55253c666a33,2026_W27,S3654,U33299,2026-07-04 15:19:42,2026-07-04 15:49:42,Instagram,Economy,Tablet,Edge,iOS,/products
6d8e33e0-b1df-4841-8136-55253c666a33,2026_W27,S3655,U26881,2026-07-02 00:58:32,2026-07-02 01:01:32,Facebook,Recent,Desktop,Edge,iOS,/products
6d8e33e0-b1df-4841-8136-55253c666a33,2026_W27,S3656,U506,2026-06-30 02:24:34,2026-06-30 02:27:34,Instagram,Yeah,Tablet,Safari,Windows,/products
6d8e33e0-b1df-4841-8136-55253c666a33,2026_W27,S3657,U32360,2026-07-03 15:38:57,2026-07-03 15:45:57,Direct,Far,Desktop,Safari,MacOS,/products
6d8e33e0-b1df-4841-8136-55253c666a33,2026_W27,S3658,U11526,2026-06-29 15:51:14,2026-06-29 16:07:14,Facebook,Six,Desktop,Firefox,Windows,/offers
6d8e33e0-b1df-4841-8136-55253c666a33,2026_W27,S3659,U1111,2026-07-03 02:49:09,2026-07-03 03:01:09,Google Ads,Age,Desktop,Chrome,MacOS,/products
6d8e33e0-b1df-4841-8136-55253c666a33,2026_W27,S3660,U27241,2026-06-30 20:52:47,2026-06-30 21:27:47,Organic,Bring,Tablet,Safari,Windows,/home
6d8e33e0-b1df-4841-8136-55253c666a33,2026_W27,S3661,U7211,2026-07-04 19:26:25,2026-07-04 20:06:25,Instagram,Agree,Tablet,Edge,MacOS,/offers
6d8e33e0-b1df-4841-8136-55253c666a33,2026_W27,S3662,U32007,2026-07-01 16:11:04,2026-07-01 16:40:04,Instagram,Theory,Mobile,Firefox,iOS,/offers
6d8e33e0-b1df-4841-8136-55253c666a33,2026_W27,S3663,U12662,2026-07-04 18:46:01,2026-07-04 19:01:01,Facebook,Reach,Tablet,Safari,iOS,/products
6d8e33e0-b1df-4841-8136-55253c666a33,2026_W27,S3664,U17547,2026-07-04 19:26:59,2026-07-04 19:45:59,Direct,,Tablet,Edge,Windows,/products
6d8e33e0-b1df-4841-8136-55253c666a33,2026_W27,S3665,U32965,2026-06-30 00:57:46,2026-06-30 01:34:46,Facebook,Item,Desktop,Firefox,MacOS,/home
6d8e33e0-b1df-4841-8136-55253c666a33,2026_W27,S3666,U13700,2026-07-01 04:58:28,2026-07-01 05:31:28,Email,Wife,Tablet,Firefox,iOS,/home
6d8e33e0-b1df-4841-8136-55253c666a33,2026_W27,S3667,U3761,2026-07-01 03:05:50,2026-07-01 03:33:50,Facebook,Short,Mobile,Safari,iOS,/offers
6d8e33e0-b1df-4841-8136-55253c666a33,2026_W27,S3668,U21427,2026-07-01 16:07:00,2026-07-01 16:47:00,Instagram,You,Mobile,Edge,MacOS,/offers
6d8e33e0-b1df-4841-8136-55253c666a33,2026_W27,S3669,U23143,2026-07-04 08:32:14,2026-07-04 08:34:14,Facebook,Science,Desktop,Edge,iOS,/offers
6d8e33e0-b1df-4841-8136-55253c666a33,2026_W27,S3670,U20777,2026-07-03 00:28:04,2026-07-03 00:35:04,Google Ads,Threat,Mobile,Chrome,Windows,/offers
6d8e33e0-b1df-4841-8136-55253c666a33,2026_W27,S3671,U23987,2026-07-01 17:41:03,2026-07-01 18:00:03,Email,Yourself,Mobile,Safari,Windows,/offers
6d8e33e0-b1df-4841-8136-55253c666a33,2026_W27,S3672,U23393,2026-07-02 22:22:51,2026-07-02 22:51:51,Organic,Car,Tablet,Safari,Android,/offers
6d8e33e0-b1df-4841-8136-55253c666a33,2026_W27,S3673,U31619,2026-06-30 18:49:53,2026-06-30 19:10:53,Instagram,Especially,Tablet,Chrome,iOS,/home
6d8e33e0-b1df-4841-8136-55253c666a33,2026_W27,S3674,U7438,2026-07-01 12:33:47,2026-07-01 12:43:47,Instagram,Big,Mobile,Edge,Android,/home
6d8e33e0-b1df-4841-8136-55253c666a33,2026_W27,S3675,U15587,2026-07-02 23:50:04,2026-07-03 00:12:04,Google Ads,Cost,Desktop,Safari,Windows,/offers
6d8e33e0-b1df-4841-8136-55253c666a33,2026_W27,S3676,U549,2026-06-29 13:06:46,2026-06-29 13:35:46,Google Ads,Management,Desktop,Firefox,Windows,/home
6d8e33e0-b1df-4841-8136-55253c666a33,2026_W27,S3677,U20582,2026-06-30 09:36:09,2026-06-30 09:56:09,Organic,Religious,Mobile,Chrome,Android,/products
6d8e33e0-b1df-4841-8136-55253c666a33,2026_W27,S3678,U3228,2026-07-02 21:15:18,2026-07-02 21:52:18,Direct,Employee,Mobile,Edge,Windows,/offers
6d8e33e0-b1df-4841-8136-55253c666a33,2026_W27,S3679,U31172,2026-07-02 13:09:32,2026-07-02 13:18:32,Facebook,According,Tablet,Firefox,Android,/home
6d8e33e0-b1df-4841-8136-55253c666a33,2026_W27,S3680,U19966,2026-07-04 15:21:22,2026-07-04 15:48:22,Direct,Which,Mobile,Firefox,iOS,/home
6d8e33e0-b1df-4841-8136-55253c666a33,2026_W27,S3681,U15591,2026-06-30 01:46:24,2026-06-30 01:57:24,Direct,President,Desktop,Edge,iOS,/products
6d8e33e0-b1df-4841-8136-55253c666a33,2026_W27,S3682,U12415,2026-07-05 04:42:39,2026-07-05 05:21:39,Organic,Phone,Mobile,Safari,MacOS,/home
6d8e33e0-b1df-4841-8136-55253c666a33,2026_W27,S3683,U21643,2026-07-05 05:46:40,2026-07-05 06:08:40,Instagram,Image,Tablet,Edge,Windows,/home
6d8e33e0-b1df-4841-8136-55253c666a33,2026_W27,S3684,U7810,2026-07-03 04:37:08,2026-07-03 04:56:08,Facebook,Brother,Desktop,Firefox,iOS,/products
6d8e33e0-b1df-4841-8136-55253c666a33,2026_W27,S3685,U14651,2026-07-02 22:32:39,2026-07-02 22:39:39,Facebook,Available,Tablet,Safari,Android,/products
6d8e33e0-b1df-4841-8136-55253c666a33,2026_W27,S3686,U5163,2026-07-03 03:03:37,2026-07-03 03:04:37,Direct,Off,Mobile,Firefox,MacOS,/products
6d8e33e0-b1df-4841-8136-55253c666a33,2026_W27,S3687,U29629,2026-07-02 00:04:56,2026-07-02 00:42:56,Instagram,Real,Mobile,Firefox,MacOS,/home
6d8e33e0-b1df-4841-8136-55253c666a33,2026_W27,S3688,U9417,2026-06-30 12:52:23,2026-06-30 13:26:23,Organic,Him,Desktop,Firefox,Windows,/products
6d8e33e0-b1df-4841-8136-55253c666a33,2026_W27,S3689,U28961,2026-07-04 13:17:01,2026-07-04 13:54:01,Organic,Vote,Desktop,Chrome,iOS,/offers
6d8e33e0-b1df-4841-8136-55253c666a33,2026_W27,S3690,U23447,2026-06-30 22:41:21,2026-06-30 23:08:21,Email,Sure,Mobile,Edge,Windows,/products
6d8e33e0-b1df-4841-8136-55253c666a33,2026_W27,S3691,U9989,2026-06-30 05:42:12,2026-06-30 05:45:12,Google Ads,Son,Tablet,Edge,Windows,/products
6d8e33e0-b1df-4841-8136-55253c666a33,2026_W27,S3692,U15895,2026-07-01 00:41:28,2026-07-01 00:43:28,Google Ads,House,Tablet,Edge,iOS,/products
6d8e33e0-b1df-4841-8136-55253c666a33,2026_W27,S3693,U15391,2026-07-03 14:05:27,2026-07-03 14:37:27,Direct,Thing,Desktop,Edge,MacOS,/home
6d8e33e0-b1df-4841-8136-55253c666a33,2026_W27,S3694,U10120,2026-07-02 12:56:53,2026-07-02 13:16:53,Instagram,Suggest,Tablet,Firefox,Windows,/offers
6d8e33e0-b1df-4841-8136-55253c666a33,2026_W27,S3695,U26967,2026-07-04 01:13:11,2026-07-04 01:22:11,Google Ads,Sea,Mobile,Firefox,Android,/offers
6d8e33e0-b1df-4841-8136-55253c666a33,2026_W27,S3696,U17876,2026-07-01 20:32:33,2026-07-01 20:50:33,Google Ads,Recognize,Desktop,Edge,MacOS,/home
6d8e33e0-b1df-4841-8136-55253c666a33,2026_W27,S3697,U30205,2026-06-30 16:28:48,2026-06-30 16:52:48,Email,Key,Mobile,Safari,iOS,/home
6d8e33e0-b1df-4841-8136-55253c666a33,2026_W27,S3698,U22029,2026-07-03 22:21:02,2026-07-03 22:57:02,Direct,Game,Mobile,Firefox,iOS,/offers
6d8e33e0-b1df-4841-8136-55253c666a33,2026_W27,S3699,U9090,2026-07-01 04:15:11,2026-07-01 04:45:11,Instagram,Sometimes,Desktop,Firefox,iOS,/offers
6d8e33e0-b1df-4841-8136-55253c666a33,2026_W27,S3700,U15157,2026-07-03 01:56:54,2026-07-03 02:14:54,Email,Air,Desktop,Edge,Android,/home
6d8e33e0-b1df-4841-8136-55253c666a33,2026_W27,S3701,U29493,2026-07-04 03:17:22,2026-07-04 03:57:22,Instagram,Upon,Mobile,Firefox,Windows,/home
6d8e33e0-b1df-4841-8136-55253c666a33,2026_W27,S3702,U25740,2026-06-30 20:51:57,2026-06-30 21:25:57,Direct,Summer,Mobile,Chrome,Windows,/home
6d8e33e0-b1df-4841-8136-55253c666a33,2026_W27,S3703,U29509,2026-06-29 13:38:45,2026-06-29 13:59:45,Organic,Home,Desktop,Firefox,MacOS,/home
6d8e33e0-b1df-4841-8136-55253c666a33,2026_W27,S3704,U8933,2026-07-01 20:57:46,2026-07-01 21:16:46,Facebook,Suddenly,Tablet,Firefox,Android,/products
6d8e33e0-b1df-4841-8136-55253c666a33,2026_W27,S3705,U30730,2026-06-30 22:03:28,2026-06-30 22:17:28,Facebook,Girl,Tablet,Firefox,Windows,/offers
6d8e33e0-b1df-4841-8136-55253c666a33,2026_W27,S3706,U24317,2026-07-02 16:35:52,2026-07-02 17:09:52,Google Ads,Close,Mobile,Chrome,Windows,/offers
6d8e33e0-b1df-4841-8136-55253c666a33,2026_W27,S3707,U13466,2026-06-29 09:44:41,2026-06-29 10:13:41,Email,Go,Mobile,Safari,MacOS,/home
6d8e33e0-b1df-4841-8136-55253c666a33,2026_W27,S3708,U23147,2026-07-04 10:47:29,2026-07-04 11:24:29,Instagram,Dog,Desktop,Firefox,Android,/products
6d8e33e0-b1df-4841-8136-55253c666a33,2026_W27,S3709,U865,2026-06-29 17:20:18,2026-06-29 17:44:18,Facebook,Face,Tablet,Firefox,Windows,/products
6d8e33e0-b1df-4841-8136-55253c666a33,2026_W27,S3710,U5113,2026-07-04 01:35:27,2026-07-04 02:01:27,Email,Language,Mobile,Chrome,Android,/home
6d8e33e0-b1df-4841-8136-55253c666a33,2026_W27,S3711,U34926,2026-07-04 20:21:01,2026-07-04 20:26:01,Direct,Through,Mobile,Edge,Android,/offers
6d8e33e0-b1df-4841-8136-55253c666a33,2026_W27,S3712,U26486,2026-07-03 23:44:34,2026-07-04 00:23:34,Facebook,Him,Desktop,Safari,iOS,/home
6d8e33e0-b1df-4841-8136-55253c666a33,2026_W27,S3713,U16273,2026-07-03 00:50:13,2026-07-03 01:15:13,Facebook,East,Desktop,Firefox,Windows,/products
6d8e33e0-b1df-4841-8136-55253c666a33,2026_W27,S3714,U31912,2026-07-03 03:57:35,2026-07-03 04:25:35,Organic,Artist,Mobile,Firefox,Android,/offers
6d8e33e0-b1df-4841-8136-55253c666a33,2026_W27,S3715,U14208,2026-07-01 22:22:47,2026-07-01 22:55:47,Facebook,Produce,Desktop,Chrome,MacOS,/home
6d8e33e0-b1df-4841-8136-55253c666a33,2026_W27,S3716,U34947,2026-06-29 11:17:49,2026-06-29 11:42:49,Email,State,Tablet,Firefox,Android,/products
6d8e33e0-b1df-4841-8136-55253c666a33,2026_W27,S3717,U11553,2026-07-03 17:01:27,2026-07-03 17:18:27,Email,Never,Mobile,Chrome,Windows,/products
6d8e33e0-b1df-4841-8136-55253c666a33,2026_W27,S3718,U14223,2026-07-01 19:55:12,2026-07-01 20:04:12,Facebook,Ago,Tablet,Chrome,MacOS,/offers
6d8e33e0-b1df-4841-8136-55253c666a33,2026_W27,S3719,U25584,2026-07-04 07:52:54,2026-07-04 08:01:54,Google Ads,What,Desktop,Firefox,Windows,/offers
6d8e33e0-b1df-4841-8136-55253c666a33,2026_W27,S3720,U32781,2026-07-03 15:37:51,2026-07-03 16:07:51,Email,Certain,Tablet,Safari,Windows,/products
6d8e33e0-b1df-4841-8136-55253c666a33,2026_W27,S3721,U18681,2026-07-04 10:42:30,2026-07-04 10:51:30,Direct,Budget,Desktop,Safari,MacOS,/products
6d8e33e0-b1df-4841-8136-55253c666a33,2026_W27,S3722,U862,2026-07-01 03:01:19,2026-07-01 03:04:19,Instagram,Fill,Mobile,Edge,MacOS,/products
6d8e33e0-b1df-4841-8136-55253c666a33,2026_W27,S3723,U28452,2026-07-01 00:10:15,2026-07-01 00:36:15,Email,Five,Desktop,Firefox,Android,/products
6d8e33e0-b1df-4841-8136-55253c666a33,2026_W27,S3724,U25940,2026-07-04 11:44:47,2026-07-04 12:02:47,Email,Return,Tablet,Chrome,Windows,/home
6d8e33e0-b1df-4841-8136-55253c666a33,2026_W27,S3725,U15415,2026-07-03 23:02:44,2026-07-03 23:24:44,Email,Trouble,Desktop,Chrome,iOS,/home
6d8e33e0-b1df-4841-8136-55253c666a33,2026_W27,S3726,U27130,2026-07-01 09:41:42,2026-07-01 09:47:42,Facebook,Pattern,Mobile,Edge,Windows,/home
6d8e33e0-b1df-4841-8136-55253c666a33,2026_W27,S3727,U15495,2026-07-03 08:59:17,2026-07-03 09:22:17,Email,Likely,Desktop,Safari,Android,/offers
6d8e33e0-b1df-4841-8136-55253c666a33,2026_W27,S3728,U31971,2026-07-04 00:21:36,2026-07-04 00:25:36,Facebook,Seat,Tablet,Chrome,Android,/products
6d8e33e0-b1df-4841-8136-55253c666a33,2026_W27,S3729,U12993,2026-06-30 01:17:55,2026-06-30 01:27:55,Instagram,Represent,Desktop,Safari,Windows,/products
6d8e33e0-b1df-4841-8136-55253c666a33,2026_W27,S3730,U15926,2026-07-03 04:50:24,2026-07-03 04:52:24,Organic,Your,Tablet,Chrome,MacOS,/home
6d8e33e0-b1df-4841-8136-55253c666a33,2026_W27,S3731,U190,2026-07-02 01:53:57,2026-07-02 02:02:57,Facebook,Always,Mobile,Safari,Android,/home
6d8e33e0-b1df-4841-8136-55253c666a33,2026_W27,S3732,U4948,2026-06-29 11:44:22,2026-06-29 11:55:22,Facebook,Pattern,Tablet,Safari,Windows,/home
6d8e33e0-b1df-4841-8136-55253c666a33,2026_W27,S3733,U14345,2026-07-01 18:28:40,2026-07-01 18:53:40,Email,Parent,Desktop,Chrome,Android,/products
6d8e33e0-b1df-4841-8136-55253c666a33,2026_W27,S3734,U11306,2026-07-05 03:52:43,2026-07-05 04:18:43,Direct,Add,Desktop,Firefox,Windows,/offers
6d8e33e0-b1df-4841-8136-55253c666a33,2026_W27,S3735,U16478,2026-07-05 06:22:38,2026-07-05 06:41:38,Facebook,Religious,Mobile,Edge,Windows,/products
6d8e33e0-b1df-4841-8136-55253c666a33,2026_W27,S3736,U5080,2026-06-30 13:19:46,2026-06-30 13:53:46,Direct,Gun,Desktop,Safari,MacOS,/products
6d8e33e0-b1df-4841-8136-55253c666a33,2026_W27,S3737,U239,2026-07-03 15:30:03,2026-07-03 15:32:03,Instagram,Position,Tablet,Chrome,MacOS,/products
6d8e33e0-b1df-4841-8136-55253c666a33,2026_W27,S3738,U16643,2026-06-30 03:36:43,2026-06-30 04:14:43,Instagram,Blood,Desktop,Chrome,MacOS,/offers
6d8e33e0-b1df-4841-8136-55253c666a33,2026_W27,S3739,U26202,2026-07-04 19:39:07,2026-07-04 20:16:07,Google Ads,Accept,Tablet,Firefox,Windows,/home
6d8e33e0-b1df-4841-8136-55253c666a33,2026_W27,S3740,U15829,2026-06-30 06:06:59,2026-06-30 06:13:59,Organic,Miss,Mobile,Edge,Android,/products
6d8e33e0-b1df-4841-8136-55253c666a33,2026_W27,S3741,U19306,2026-07-02 22:42:12,2026-07-02 22:43:12,Email,Way,Tablet,Firefox,Windows,/home
6d8e33e0-b1df-4841-8136-55253c666a33,2026_W27,S3742,U16211,2026-07-04 03:17:00,2026-07-04 03:32:00,Instagram,Camera,Tablet,Edge,Windows,/products
6d8e33e0-b1df-4841-8136-55253c666a33,2026_W27,S3743,U27351,2026-07-04 02:10:04,2026-07-04 02:38:04,Instagram,Win,Mobile,Firefox,Android,/offers
6d8e33e0-b1df-4841-8136-55253c666a33,2026_W27,S3744,U27018,2026-06-30 06:23:46,2026-06-30 06:44:46,Organic,Arm,Tablet,Safari,MacOS,/offers
6d8e33e0-b1df-4841-8136-55253c666a33,2026_W27,S3745,U24076,2026-06-30 21:03:05,2026-06-30 21:22:05,Google Ads,Increase,Desktop,Safari,Windows,/home
6d8e33e0-b1df-4841-8136-55253c666a33,2026_W27,S3746,U29384,2026-07-04 13:01:30,2026-07-04 13:11:30,Facebook,Say,Desktop,Edge,Android,/offers
6d8e33e0-b1df-4841-8136-55253c666a33,2026_W27,S3747,U24058,2026-07-01 04:49:50,2026-07-01 04:54:50,Organic,Allow,Desktop,Chrome,iOS,/home
6d8e33e0-b1df-4841-8136-55253c666a33,2026_W27,S3748,U11925,2026-07-04 14:02:12,2026-07-04 14:07:12,Direct,Page,Tablet,Chrome,iOS,/products
6d8e33e0-b1df-4841-8136-55253c666a33,2026_W27,S3749,U27772,2026-07-04 06:59:05,2026-07-04 07:31:05,Instagram,Study,Desktop,Safari,iOS,/offers
6d8e33e0-b1df-4841-8136-55253c666a33,2026_W27,S3750,U8031,2026-07-01 12:50:46,2026-07-01 13:01:46,Facebook,Charge,Mobile,Safari,Windows,/offers
6d8e33e0-b1df-4841-8136-55253c666a33,2026_W27,S3751,U16907,2026-07-03 09:35:41,2026-07-03 09:45:41,Facebook,Threat,Desktop,Safari,Android,/offers
6d8e33e0-b1df-4841-8136-55253c666a33,2026_W27,S3752,U30809,2026-07-04 01:41:44,2026-07-04 01:59:44,Google Ads,Present,Desktop,Safari,MacOS,/offers
6d8e33e0-b1df-4841-8136-55253c666a33,2026_W27,S3753,U20417,2026-07-03 01:28:54,2026-07-03 01:37:54,Instagram,About,Tablet,Firefox,Android,/products
6d8e33e0-b1df-4841-8136-55253c666a33,2026_W27,S3754,U25403,2026-07-03 01:09:19,2026-07-03 01:47:19,Facebook,Drug,Mobile,Edge,Android,/products
6d8e33e0-b1df-4841-8136-55253c666a33,2026_W27,S3755,U28923,2026-07-02 14:18:23,2026-07-02 14:33:23,Google Ads,Since,Desktop,Safari,MacOS,/products
6d8e33e0-b1df-4841-8136-55253c666a33,2026_W27,S3756,U21554,2026-06-30 15:11:33,2026-06-30 15:13:33,Google Ads,Voice,Mobile,Chrome,iOS,/offers
6d8e33e0-b1df-4841-8136-55253c666a33,2026_W27,S3757,U25833,2026-07-03 16:19:59,2026-07-03 16:29:59,Direct,Listen,Desktop,Firefox,Android,/products
6d8e33e0-b1df-4841-8136-55253c666a33,2026_W27,S3758,U5368,2026-07-01 05:16:47,2026-07-01 05:44:47,Email,Eat,Mobile,Chrome,Android,/home
6d8e33e0-b1df-4841-8136-55253c666a33,2026_W27,S3759,U30688,2026-07-01 19:28:03,2026-07-01 19:45:03,Instagram,Less,Mobile,Chrome,Windows,/home
6d8e33e0-b1df-4841-8136-55253c666a33,2026_W27,S3760,U26962,2026-07-02 08:22:08,2026-07-02 08:24:08,Facebook,Civil,Tablet,Chrome,Android,/home
6d8e33e0-b1df-4841-8136-55253c666a33,2026_W27,S3761,U27878,2026-07-01 10:41:20,2026-07-01 10:57:20,Email,Them,Desktop,Firefox,Windows,/products
6d8e33e0-b1df-4841-8136-55253c666a33,2026_W27,S3762,U20079,2026-07-02 03:46:42,2026-07-02 03:48:42,Google Ads,Why,Mobile,Firefox,MacOS,/offers
6d8e33e0-b1df-4841-8136-55253c666a33,2026_W27,S3763,U19444,2026-07-03 03:47:49,2026-07-03 04:10:49,Direct,Line,Tablet,Edge,iOS,/offers
6d8e33e0-b1df-4841-8136-55253c666a33,2026_W27,S3764,U19389,2026-06-30 21:12:52,2026-06-30 21:25:52,Direct,Interview,Desktop,Edge,MacOS,/offers
6d8e33e0-b1df-4841-8136-55253c666a33,2026_W27,S3765,U3009,2026-06-29 16:39:22,2026-06-29 17:06:22,Email,Truth,Desktop,Safari,iOS,/offers
6d8e33e0-b1df-4841-8136-55253c666a33,2026_W27,S3766,U7567,2026-07-05 05:41:44,2026-07-05 05:46:44,Google Ads,Ready,Mobile,Edge,Android,/products
6d8e33e0-b1df-4841-8136-55253c666a33,2026_W27,S3767,U17663,2026-07-03 19:42:43,2026-07-03 20:09:43,Facebook,Affect,Tablet,Chrome,Windows,/offers
6d8e33e0-b1df-4841-8136-55253c666a33,2026_W27,S3768,U33535,2026-07-01 04:41:05,2026-07-01 05:04:05,Instagram,Onto,Mobile,Safari,Windows,/home
6d8e33e0-b1df-4841-8136-55253c666a33,2026_W27,S3769,U22662,2026-07-03 19:31:53,2026-07-03 19:47:53,Instagram,Response,Mobile,Edge,iOS,/home
6d8e33e0-b1df-4841-8136-55253c666a33,2026_W27,S3770,U19996,2026-07-03 05:31:30,2026-07-03 05:54:30,Google Ads,End,Mobile,Safari,MacOS,/products
6d8e33e0-b1df-4841-8136-55253c666a33,2026_W27,S3771,U7048,2026-07-03 01:18:13,2026-07-03 01:33:13,Direct,Every,Mobile,Safari,iOS,/home
6d8e33e0-b1df-4841-8136-55253c666a33,2026_W27,S3772,U34318,2026-07-02 11:01:24,2026-07-02 11:35:24,Direct,Information,Mobile,Chrome,iOS,/products
6d8e33e0-b1df-4841-8136-55253c666a33,2026_W27,S3773,U27436,2026-07-03 23:44:08,2026-07-03 23:47:08,Google Ads,Marriage,Tablet,Safari,MacOS,/offers
6d8e33e0-b1df-4841-8136-55253c666a33,2026_W27,S3774,U18218,2026-07-03 19:41:53,2026-07-03 20:21:53,Instagram,Consider,Mobile,Firefox,iOS,/products
6d8e33e0-b1df-4841-8136-55253c666a33,2026_W27,S3775,U8179,2026-07-01 07:49:08,2026-07-01 08:08:08,Google Ads,State,Mobile,Safari,Windows,/offers
6d8e33e0-b1df-4841-8136-55253c666a33,2026_W27,S3776,U18761,2026-06-30 13:11:32,2026-06-30 13:39:32,Instagram,Plan,Tablet,Edge,Android,/home
6d8e33e0-b1df-4841-8136-55253c666a33,2026_W27,S3777,U17808,2026-06-30 18:52:39,2026-06-30 19:15:39,Direct,Worry,Tablet,Chrome,Android,/offers
6d8e33e0-b1df-4841-8136-55253c666a33,2026_W27,S3778,U25963,2026-07-04 22:24:07,2026-07-04 22:47:07,Direct,Put,Tablet,Edge,Android,/home
6d8e33e0-b1df-4841-8136-55253c666a33,2026_W27,S3779,U14228,2026-07-02 06:22:21,2026-07-02 06:26:21,Organic,Consider,Tablet,Firefox,Android,/offers
6d8e33e0-b1df-4841-8136-55253c666a33,2026_W27,S3780,U27081,2026-07-01 08:18:21,2026-07-01 08:23:21,Organic,Collection,Tablet,Firefox,iOS,/home
6d8e33e0-b1df-4841-8136-55253c666a33,2026_W27,S3781,U11379,2026-06-30 15:06:47,2026-06-30 15:38:47,Facebook,Effect,Mobile,Firefox,Windows,/products
6d8e33e0-b1df-4841-8136-55253c666a33,2026_W27,S3782,U33971,2026-07-04 07:13:36,2026-07-04 07:36:36,Direct,Method,Tablet,Edge,iOS,/home
6d8e33e0-b1df-4841-8136-55253c666a33,2026_W27,S3783,U25172,2026-07-01 13:51:38,2026-07-01 13:55:38,Direct,Level,Desktop,Chrome,MacOS,/offers
6d8e33e0-b1df-4841-8136-55253c666a33,2026_W27,S3784,U23716,2026-07-03 00:52:58,2026-07-03 01:21:58,Google Ads,Property,Mobile,Safari,iOS,/offers
6d8e33e0-b1df-4841-8136-55253c666a33,2026_W27,S3785,U6253,2026-06-29 09:52:45,2026-06-29 09:58:45,Google Ads,Small,Desktop,Chrome,iOS,/products
6d8e33e0-b1df-4841-8136-55253c666a33,2026_W27,S3786,U3433,2026-07-04 00:17:14,2026-07-04 00:47:14,Google Ads,Over,Tablet,Chrome,MacOS,/offers
6d8e33e0-b1df-4841-8136-55253c666a33,2026_W27,S3787,U9028,2026-07-05 03:15:28,2026-07-05 03:31:28,Email,Section,Tablet,Edge,MacOS,/offers
6d8e33e0-b1df-4841-8136-55253c666a33,2026_W27,S3788,U9783,2026-07-04 07:43:30,2026-07-04 08:17:30,Facebook,Course,Mobile,Safari,MacOS,/home
6d8e33e0-b1df-4841-8136-55253c666a33,2026_W27,S3789,U9674,2026-07-04 09:12:10,2026-07-04 09:15:10,Email,Seat,Mobile,Chrome,MacOS,/offers
6d8e33e0-b1df-4841-8136-55253c666a33,2026_W27,S3790,U34405,2026-07-02 06:14:10,2026-07-02 06:19:10,Facebook,School,Tablet,Firefox,iOS,/home
6d8e33e0-b1df-4841-8136-55253c666a33,2026_W27,S3791,U17569,2026-07-04 12:26:04,2026-07-04 12:30:04,Email,Home,Desktop,Safari,MacOS,/offers
6d8e33e0-b1df-4841-8136-55253c666a33,2026_W27,S3792,U28850,2026-07-02 00:15:04,2026-07-02 00:18:04,Direct,Notice,Tablet,Edge,iOS,/products
6d8e33e0-b1df-4841-8136-55253c666a33,2026_W27,S3793,U7459,2026-07-04 21:04:42,2026-07-04 21:43:42,Instagram,Somebody,Desktop,Safari,MacOS,/home
6d8e33e0-b1df-4841-8136-55253c666a33,2026_W27,S3794,U248,2026-07-02 08:49:59,2026-07-02 09:16:59,Direct,House,Tablet,Chrome,MacOS,/offers
6d8e33e0-b1df-4841-8136-55253c666a33,2026_W27,S3795,U30349,2026-07-01 15:48:02,2026-07-01 16:05:02,Email,Bring,Desktop,Firefox,MacOS,/products
6d8e33e0-b1df-4841-8136-55253c666a33,2026_W27,S3796,U8732,2026-06-29 10:02:25,2026-06-29 10:20:25,Facebook,Next,Tablet,Edge,Android,/offers
6d8e33e0-b1df-4841-8136-55253c666a33,2026_W27,S3797,U20737,2026-07-02 23:26:17,2026-07-02 23:54:17,Direct,Cut,Mobile,Firefox,iOS,/products
6d8e33e0-b1df-4841-8136-55253c666a33,2026_W27,S3798,U13242,2026-06-30 17:32:57,2026-06-30 17:51:57,Google Ads,Home,Tablet,Safari,Android,/offers
6d8e33e0-b1df-4841-8136-55253c666a33,2026_W27,S3799,U31387,2026-07-01 15:59:23,2026-07-01 16:26:23,Direct,Easy,Mobile,Safari,Windows,/home
6d8e33e0-b1df-4841-8136-55253c666a33,2026_W27,S3800,U29041,2026-07-03 22:45:42,2026-07-03 23:16:42,Email,Anything,Mobile,Chrome,iOS,/home
6d8e33e0-b1df-4841-8136-55253c666a33,2026_W27,S3801,U10681,2026-07-03 12:02:21,2026-07-03 12:20:21,Facebook,Group,Desktop,Safari,MacOS,/offers
6d8e33e0-b1df-4841-8136-55253c666a33,2026_W27,S3802,U1636,2026-07-01 08:26:56,2026-07-01 08:46:56,Facebook,End,Desktop,Chrome,MacOS,/home
6d8e33e0-b1df-4841-8136-55253c666a33,2026_W27,S3803,U2225,2026-07-02 05:31:35,2026-07-02 05:41:35,Direct,Garden,Mobile,Chrome,Windows,/home
6d8e33e0-b1df-4841-8136-55253c666a33,2026_W27,S3804,U9099,2026-07-01 19:32:28,2026-07-01 19:39:28,Google Ads,Relationship,Desktop,Firefox,MacOS,/products
6d8e33e0-b1df-4841-8136-55253c666a33,2026_W27,S3805,U8109,2026-06-29 22:33:36,2026-06-29 22:59:36,Google Ads,Company,Desktop,Chrome,MacOS,/products
6d8e33e0-b1df-4841-8136-55253c666a33,2026_W27,S3806,U20899,2026-07-01 02:52:10,2026-07-01 03:21:10,Email,Officer,Tablet,Edge,Windows,/products
6d8e33e0-b1df-4841-8136-55253c666a33,2026_W27,S3807,U15780,2026-07-03 19:12:33,2026-07-03 19:48:33,Google Ads,Protect,Tablet,Edge,MacOS,/home
6d8e33e0-b1df-4841-8136-55253c666a33,2026_W27,S3808,U30481,2026-07-01 23:26:49,2026-07-01 23:38:49,Facebook,Significant,Desktop,Edge,Windows,/products
6d8e33e0-b1df-4841-8136-55253c666a33,2026_W27,S3809,U22988,2026-06-29 13:11:28,2026-06-29 13:48:28,Organic,Five,Mobile,Safari,Windows,/home
6d8e33e0-b1df-4841-8136-55253c666a33,2026_W27,S3810,U13722,2026-06-30 19:34:31,2026-06-30 19:39:31,Direct,Example,Tablet,Chrome,Windows,/products
6d8e33e0-b1df-4841-8136-55253c666a33,2026_W27,S3811,U22745,2026-06-30 15:36:58,2026-06-30 15:39:58,Instagram,White,Mobile,Edge,Android,/home
6d8e33e0-b1df-4841-8136-55253c666a33,2026_W27,S3812,U24615,2026-06-30 11:20:46,2026-06-30 11:35:46,Email,Later,Tablet,Edge,Windows,/offers
6d8e33e0-b1df-4841-8136-55253c666a33,2026_W27,S3813,U17492,2026-07-04 02:59:44,2026-07-04 03:15:44,Instagram,Resource,Desktop,Chrome,Windows,/products
6d8e33e0-b1df-4841-8136-55253c666a33,2026_W27,S3814,U31785,2026-07-03 13:55:51,2026-07-03 14:06:51,Organic,Wife,Desktop,Chrome,iOS,/offers
6d8e33e0-b1df-4841-8136-55253c666a33,2026_W27,S3815,U5825,2026-07-05 02:06:47,2026-07-05 02:36:47,Direct,Sense,Desktop,Safari,iOS,/home
6d8e33e0-b1df-4841-8136-55253c666a33,2026_W27,S3816,U3893,2026-07-02 07:19:18,2026-07-02 07:52:18,Direct,Discuss,Mobile,Edge,Android,/offers
6d8e33e0-b1df-4841-8136-55253c666a33,2026_W27,S3817,U18029,2026-07-04 13:42:10,2026-07-04 13:56:10,Direct,News,Desktop,Edge,iOS,/products
6d8e33e0-b1df-4841-8136-55253c666a33,2026_W27,S3818,U27345,2026-07-01 11:31:40,2026-07-01 11:37:40,Google Ads,Relate,Mobile,Safari,Windows,/products
6d8e33e0-b1df-4841-8136-55253c666a33,2026_W27,S3819,U14353,2026-06-30 00:30:55,2026-06-30 00:39:55,Organic,Lot,Mobile,Safari,MacOS,/home
6d8e33e0-b1df-4841-8136-55253c666a33,2026_W27,S3820,U10197,2026-06-30 17:55:05,2026-06-30 18:04:05,Email,Boy,Mobile,Safari,iOS,/products
6d8e33e0-b1df-4841-8136-55253c666a33,2026_W27,S3821,U33241,2026-06-29 13:31:51,2026-06-29 13:48:51,Email,Mind,Mobile,Chrome,Android,/home
6d8e33e0-b1df-4841-8136-55253c666a33,2026_W27,S3822,U5141,2026-07-02 06:47:18,2026-07-02 07:04:18,Google Ads,,Desktop,Chrome,MacOS,/home
6d8e33e0-b1df-4841-8136-55253c666a33,2026_W27,S3823,U5971,2026-07-03 03:38:41,2026-07-03 04:13:41,Email,Up,Tablet,Edge,Android,/products
6d8e33e0-b1df-4841-8136-55253c666a33,2026_W27,S3824,U13074,2026-07-01 21:57:20,2026-07-01 22:27:20,Email,State,Tablet,Firefox,MacOS,/products
6d8e33e0-b1df-4841-8136-55253c666a33,2026_W27,S3825,U14731,2026-07-01 00:29:58,2026-07-01 00:31:58,Organic,Political,Tablet,Edge,MacOS,/products
6d8e33e0-b1df-4841-8136-55253c666a33,2026_W27,S3826,U26954,2026-06-29 11:41:38,2026-06-29 12:06:38,Organic,After,Desktop,Firefox,MacOS,/offers
6d8e33e0-b1df-4841-8136-55253c666a33,2026_W27,S3827,U8014,2026-07-01 09:17:33,2026-07-01 09:56:33,Direct,War,Desktop,Chrome,iOS,/products
6d8e33e0-b1df-4841-8136-55253c666a33,2026_W27,S3828,U33466,2026-07-04 08:57:22,2026-07-04 09:33:22,Organic,Close,Mobile,Firefox,Android,/products
6d8e33e0-b1df-4841-8136-55253c666a33,2026_W27,S3829,U12744,2026-06-29 10:31:29,2026-06-29 10:57:29,Instagram,Carry,Tablet,Firefox,iOS,/products
6d8e33e0-b1df-4841-8136-55253c666a33,2026_W27,S3830,U30142,2026-06-30 01:16:23,2026-06-30 01:21:23,Facebook,Pull,Mobile,Chrome,iOS,/home
6d8e33e0-b1df-4841-8136-55253c666a33,2026_W27,S3831,U31473,2026-07-02 11:19:26,2026-07-02 11:55:26,Organic,Check,Tablet,Safari,Android,/products
6d8e33e0-b1df-4841-8136-55253c666a33,2026_W27,S3832,U32927,2026-06-30 10:42:10,2026-06-30 10:44:10,Facebook,Sit,Desktop,Chrome,MacOS,/products
6d8e33e0-b1df-4841-8136-55253c666a33,2026_W27,S3833,U22474,2026-07-02 21:44:00,2026-07-02 22:01:00,Instagram,Image,Mobile,Firefox,MacOS,/home
6d8e33e0-b1df-4841-8136-55253c666a33,2026_W27,S3834,U21009,2026-06-30 19:03:33,2026-06-30 19:18:33,Email,Them,Desktop,Safari,Windows,/home
6d8e33e0-b1df-4841-8136-55253c666a33,2026_W27,S3835,U33123,2026-06-30 04:27:53,2026-06-30 04:54:53,Facebook,Morning,Desktop,Safari,Windows,/home
6d8e33e0-b1df-4841-8136-55253c666a33,2026_W27,S3836,U16823,2026-07-04 20:24:50,2026-07-04 20:29:50,Instagram,Source,Mobile,Safari,Android,/products
6d8e33e0-b1df-4841-8136-55253c666a33,2026_W27,S3837,U6082,2026-07-02 15:32:25,2026-07-02 15:57:25,Google Ads,Add,Desktop,Chrome,MacOS,/products
6d8e33e0-b1df-4841-8136-55253c666a33,2026_W27,S3838,U8016,2026-07-03 23:45:49,2026-07-04 00:18:49,Direct,Hear,Mobile,Edge,iOS,/offers
6d8e33e0-b1df-4841-8136-55253c666a33,2026_W27,S3839,U245,2026-06-30 06:02:52,2026-06-30 06:10:52,Email,Wait,Tablet,Firefox,iOS,/offers
6d8e33e0-b1df-4841-8136-55253c666a33,2026_W27,S3840,U3217,2026-06-29 12:27:57,2026-06-29 12:44:57,Facebook,Spend,Desktop,Safari,Android,/offers
6d8e33e0-b1df-4841-8136-55253c666a33,2026_W27,S3841,U10482,2026-07-04 17:57:02,2026-07-04 18:22:02,Email,Speak,Tablet,Edge,Windows,/home
6d8e33e0-b1df-4841-8136-55253c666a33,2026_W27,S3842,U31235,2026-06-30 04:56:02,2026-06-30 05:19:02,Google Ads,Training,Mobile,Chrome,Windows,/offers
6d8e33e0-b1df-4841-8136-55253c666a33,2026_W27,S3843,U13687,2026-06-29 20:52:35,2026-06-29 21:25:35,Google Ads,Almost,Mobile,Safari,MacOS,/products
6d8e33e0-b1df-4841-8136-55253c666a33,2026_W27,S3844,U21838,2026-06-29 12:04:41,2026-06-29 12:10:41,Facebook,Partner,Mobile,Edge,iOS,/products
6d8e33e0-b1df-4841-8136-55253c666a33,2026_W27,S3845,U13568,2026-07-02 17:06:04,2026-07-02 17:25:04,Google Ads,Economic,Desktop,Chrome,iOS,/products
6d8e33e0-b1df-4841-8136-55253c666a33,2026_W27,S3846,U29211,2026-07-05 03:03:10,2026-07-05 03:14:10,Instagram,Thing,Tablet,Edge,iOS,/home
6d8e33e0-b1df-4841-8136-55253c666a33,2026_W27,S3847,U10494,2026-06-30 02:00:07,2026-06-30 02:11:07,Organic,Live,Desktop,Firefox,iOS,/offers
6d8e33e0-b1df-4841-8136-55253c666a33,2026_W27,S3848,U8884,2026-07-05 08:53:17,2026-07-05 09:05:17,Google Ads,Woman,Tablet,Edge,MacOS,/offers
6d8e33e0-b1df-4841-8136-55253c666a33,2026_W27,S3849,U21813,2026-07-05 02:05:57,2026-07-05 02:19:57,Google Ads,Organization,Mobile,Chrome,Windows,/products
6d8e33e0-b1df-4841-8136-55253c666a33,2026_W27,S3850,U2031,2026-07-05 03:38:35,2026-07-05 03:42:35,Email,Nor,Tablet,Edge,iOS,/offers
6d8e33e0-b1df-4841-8136-55253c666a33,2026_W27,S3851,U27628,2026-07-03 07:43:30,2026-07-03 07:48:30,Direct,Call,Tablet,Firefox,Windows,/products
6d8e33e0-b1df-4841-8136-55253c666a33,2026_W27,S3852,U5569,2026-06-29 23:21:52,2026-06-29 23:23:52,Facebook,Rock,Mobile,Edge,iOS,/offers
6d8e33e0-b1df-4841-8136-55253c666a33,2026_W27,S3853,U3379,2026-06-30 22:59:06,2026-06-30 23:31:06,Google Ads,High,Mobile,Chrome,Android,/offers
6d8e33e0-b1df-4841-8136-55253c666a33,2026_W27,S3854,U2360,2026-06-29 17:37:47,2026-06-29 17:54:47,Email,Next,Desktop,Edge,MacOS,/products
6d8e33e0-b1df-4841-8136-55253c666a33,2026_W27,S3855,U18614,2026-07-04 03:00:03,2026-07-04 03:39:03,Instagram,Describe,Tablet,Firefox,Windows,/home
6d8e33e0-b1df-4841-8136-55253c666a33,2026_W27,S3856,U1974,2026-06-30 07:13:00,2026-06-30 07:51:00,Email,Nice,Tablet,Firefox,Android,/home
6d8e33e0-b1df-4841-8136-55253c666a33,2026_W27,S3857,U26433,2026-07-03 11:21:04,2026-07-03 12:00:04,Google Ads,Author,Tablet,Firefox,Android,/home
6d8e33e0-b1df-4841-8136-55253c666a33,2026_W27,S3858,U2873,2026-07-04 05:27:17,2026-07-04 05:43:17,Direct,Our,Tablet,Chrome,Android,/offers
6d8e33e0-b1df-4841-8136-55253c666a33,2026_W27,S3859,U20654,2026-06-30 06:39:28,2026-06-30 06:44:28,Organic,Product,Tablet,Safari,iOS,/products
6d8e33e0-b1df-4841-8136-55253c666a33,2026_W27,S3860,U3645,2026-07-05 03:13:41,2026-07-05 03:51:41,Email,Almost,Desktop,Chrome,iOS,/home
6d8e33e0-b1df-4841-8136-55253c666a33,2026_W27,S3861,U19952,2026-07-04 13:34:07,2026-07-04 13:45:07,Google Ads,Pass,Desktop,Firefox,MacOS,/home
6d8e33e0-b1df-4841-8136-55253c666a33,2026_W27,S3862,U34636,2026-07-02 03:53:42,2026-07-02 03:59:42,Direct,International,Desktop,Firefox,iOS,/offers
6d8e33e0-b1df-4841-8136-55253c666a33,2026_W27,S3863,U32457,2026-07-05 00:26:35,2026-07-05 01:05:35,Direct,You,Mobile,Safari,MacOS,/offers
6d8e33e0-b1df-4841-8136-55253c666a33,2026_W27,S3864,U26320,2026-07-05 05:44:01,2026-07-05 06:16:01,Email,Keep,Tablet,Edge,Windows,/offers
6d8e33e0-b1df-4841-8136-55253c666a33,2026_W27,S3865,U33636,2026-07-03 21:02:21,2026-07-03 21:05:21,Organic,Style,Desktop,Edge,iOS,/offers
6d8e33e0-b1df-4841-8136-55253c666a33,2026_W27,S3866,U33912,2026-06-29 14:28:43,2026-06-29 14:57:43,Instagram,Society,Mobile,Edge,Windows,/products
6d8e33e0-b1df-4841-8136-55253c666a33,2026_W27,S3867,U30811,2026-07-01 11:58:44,2026-07-01 12:34:44,Facebook,Popular,Tablet,Safari,iOS,/offers
6d8e33e0-b1df-4841-8136-55253c666a33,2026_W27,S3868,U33587,2026-07-02 20:48:11,2026-07-02 21:08:11,Google Ads,West,Mobile,Firefox,Windows,/products
6d8e33e0-b1df-4841-8136-55253c666a33,2026_W27,S3869,U7143,2026-07-01 00:30:02,2026-07-01 01:03:02,Organic,Order,Mobile,Safari,Windows,/offers
6d8e33e0-b1df-4841-8136-55253c666a33,2026_W27,S3870,U32780,2026-07-03 10:28:52,2026-07-03 10:29:52,Facebook,Involve,Mobile,Edge,iOS,/products
6d8e33e0-b1df-4841-8136-55253c666a33,2026_W27,S3871,U27852,2026-07-02 22:18:34,2026-07-02 22:33:34,Direct,Side,Tablet,Edge,Windows,/offers
6d8e33e0-b1df-4841-8136-55253c666a33,2026_W27,S3872,U3007,2026-07-04 09:29:21,2026-07-04 09:55:21,Instagram,Couple,Desktop,Safari,Android,/offers
6d8e33e0-b1df-4841-8136-55253c666a33,2026_W27,S3873,U17327,2026-07-01 12:42:37,2026-07-01 13:22:37,Email,Everything,Mobile,Firefox,Android,/home
6d8e33e0-b1df-4841-8136-55253c666a33,2026_W27,S3874,U24410,2026-06-29 23:43:47,2026-06-30 00:01:47,Organic,Degree,Tablet,Safari,Windows,/products
6d8e33e0-b1df-4841-8136-55253c666a33,2026_W27,S3875,U25758,2026-07-04 03:17:30,2026-07-04 03:53:30,Organic,Popular,Tablet,Firefox,Android,/products
6d8e33e0-b1df-4841-8136-55253c666a33,2026_W27,S3876,U19305,2026-07-01 02:21:52,2026-07-01 02:40:52,Organic,Same,Tablet,Edge,MacOS,/offers
6d8e33e0-b1df-4841-8136-55253c666a33,2026_W27,S3877,U18679,2026-06-29 23:21:03,2026-06-29 23:37:03,Direct,Cause,Mobile,Firefox,Windows,/offers
6d8e33e0-b1df-4841-8136-55253c666a33,2026_W27,S3878,U22790,2026-07-04 07:36:40,2026-07-04 07:41:40,Organic,Office,Tablet,Safari,Android,/offers
6d8e33e0-b1df-4841-8136-55253c666a33,2026_W27,S3879,U34486,2026-07-03 18:41:52,2026-07-03 19:21:52,Google Ads,Successful,Tablet,Safari,MacOS,/offers
6d8e33e0-b1df-4841-8136-55253c666a33,2026_W27,S3880,U22600,2026-06-30 09:45:59,2026-06-30 10:04:59,Organic,Message,Mobile,Safari,iOS,/offers
6d8e33e0-b1df-4841-8136-55253c666a33,2026_W27,S3881,U25876,2026-06-29 16:26:58,2026-06-29 16:32:58,Organic,Nature,Mobile,Firefox,Android,/home
6d8e33e0-b1df-4841-8136-55253c666a33,2026_W27,S3882,U33321,2026-06-30 03:20:05,2026-06-30 03:47:05,Google Ads,Into,Tablet,Firefox,MacOS,/products
6d8e33e0-b1df-4841-8136-55253c666a33,2026_W27,S3883,U32789,2026-07-03 04:16:42,2026-07-03 04:30:42,Instagram,Us,Desktop,Edge,iOS,/products
6d8e33e0-b1df-4841-8136-55253c666a33,2026_W27,S3884,U31642,2026-07-02 11:19:20,2026-07-02 11:55:20,Instagram,Weight,Tablet,Safari,MacOS,/products
6d8e33e0-b1df-4841-8136-55253c666a33,2026_W27,S3885,U1313,2026-07-04 08:04:08,2026-07-04 08:27:08,Email,Environment,Tablet,Edge,Android,/home
6d8e33e0-b1df-4841-8136-55253c666a33,2026_W27,S3886,U21373,2026-07-02 01:23:11,2026-07-02 01:49:11,Email,Painting,Mobile,Firefox,iOS,/products
6d8e33e0-b1df-4841-8136-55253c666a33,2026_W27,S3887,U6339,2026-07-03 04:44:23,2026-07-03 05:07:23,Facebook,Always,Mobile,Edge,iOS,/products
6d8e33e0-b1df-4841-8136-55253c666a33,2026_W27,S3888,U34568,2026-06-30 19:14:10,2026-06-30 19:28:10,Email,Her,Mobile,Safari,MacOS,/products
6d8e33e0-b1df-4841-8136-55253c666a33,2026_W27,S3889,U30852,2026-07-01 11:23:26,2026-07-01 11:53:26,Google Ads,Art,Tablet,Chrome,Android,/home
6d8e33e0-b1df-4841-8136-55253c666a33,2026_W27,S3890,U25654,2026-07-05 07:08:19,2026-07-05 07:28:19,Google Ads,Fact,Tablet,Safari,MacOS,/home
6d8e33e0-b1df-4841-8136-55253c666a33,2026_W27,S3891,U12258,2026-07-03 14:44:22,2026-07-03 14:48:22,Email,Stay,Tablet,Safari,MacOS,/offers
6d8e33e0-b1df-4841-8136-55253c666a33,2026_W27,S3892,U34857,2026-07-02 13:07:07,2026-07-02 13:37:07,Direct,Small,Tablet,Chrome,MacOS,/products
6d8e33e0-b1df-4841-8136-55253c666a33,2026_W27,S3893,U14170,2026-06-30 09:20:18,2026-06-30 09:53:18,Google Ads,Happy,Tablet,Firefox,Android,/offers
6d8e33e0-b1df-4841-8136-55253c666a33,2026_W27,S3894,U34311,2026-07-02 01:24:31,2026-07-02 01:35:31,Google Ads,Lot,Mobile,Edge,iOS,/home
6d8e33e0-b1df-4841-8136-55253c666a33,2026_W27,S3895,U29850,2026-07-05 05:42:29,2026-07-05 05:49:29,Organic,Writer,Tablet,Chrome,Android,/products
6d8e33e0-b1df-4841-8136-55253c666a33,2026_W27,S3896,U141,2026-07-03 05:21:54,2026-07-03 05:30:54,Email,Field,Desktop,Chrome,MacOS,/products
6d8e33e0-b1df-4841-8136-55253c666a33,2026_W27,S3897,U34362,2026-07-01 05:28:21,2026-07-01 05:58:21,Direct,Air,Desktop,Firefox,Windows,/products
6d8e33e0-b1df-4841-8136-55253c666a33,2026_W27,S3898,U12676,2026-07-05 08:37:05,2026-07-05 08:51:05,Organic,Remain,Tablet,Safari,Windows,/products
6d8e33e0-b1df-4841-8136-55253c666a33,2026_W27,S3899,U11976,2026-07-05 05:23:24,2026-07-05 05:28:24,Email,Necessary,Tablet,Chrome,Windows,/products
6d8e33e0-b1df-4841-8136-55253c666a33,2026_W27,S3900,U528,2026-07-04 03:45:52,2026-07-04 04:00:52,Email,Able,Desktop,Firefox,iOS,/home
6d8e33e0-b1df-4841-8136-55253c666a33,2026_W27,S3901,U23116,2026-07-01 10:11:49,2026-07-01 10:32:49,Direct,Energy,Tablet,Edge,Android,/home
6d8e33e0-b1df-4841-8136-55253c666a33,2026_W27,S3902,U27958,2026-06-29 14:03:11,2026-06-29 14:27:11,Facebook,Long,Mobile,Safari,Windows,/offers
6d8e33e0-b1df-4841-8136-55253c666a33,2026_W27,S3903,U30030,2026-06-30 08:22:40,2026-06-30 08:50:40,Direct,Foreign,Mobile,Edge,MacOS,/offers
6d8e33e0-b1df-4841-8136-55253c666a33,2026_W27,S3904,U11504,2026-06-30 09:55:22,2026-06-30 10:06:22,Email,Indeed,Tablet,Firefox,MacOS,/offers
6d8e33e0-b1df-4841-8136-55253c666a33,2026_W27,S3905,U32139,2026-07-01 02:20:07,2026-07-01 02:43:07,Direct,Suddenly,Mobile,Edge,Android,/offers
6d8e33e0-b1df-4841-8136-55253c666a33,2026_W27,S3906,U24745,2026-07-04 02:58:48,2026-07-04 03:07:48,Email,Scientist,Desktop,Edge,MacOS,/products
6d8e33e0-b1df-4841-8136-55253c666a33,2026_W27,S3907,U30251,2026-07-05 00:23:47,2026-07-05 00:52:47,Facebook,Good,Tablet,Chrome,Windows,/offers
6d8e33e0-b1df-4841-8136-55253c666a33,2026_W27,S3908,U19590,2026-07-01 01:12:35,2026-07-01 01:31:35,Organic,Spring,Tablet,Chrome,Android,/offers
6d8e33e0-b1df-4841-8136-55253c666a33,2026_W27,S3909,U1334,2026-06-29 21:29:40,2026-06-29 21:44:40,Facebook,Table,Tablet,Chrome,MacOS,/products
6d8e33e0-b1df-4841-8136-55253c666a33,2026_W27,S3910,U11533,2026-06-30 20:52:39,2026-06-30 21:12:39,Instagram,Public,Desktop,Firefox,Windows,/products
6d8e33e0-b1df-4841-8136-55253c666a33,2026_W27,S3911,U33624,2026-06-29 21:01:48,2026-06-29 21:41:48,Google Ads,Hour,Tablet,Firefox,Windows,/products
6d8e33e0-b1df-4841-8136-55253c666a33,2026_W27,S3912,U34160,2026-07-01 09:01:22,2026-07-01 09:07:22,Facebook,Friend,Mobile,Safari,Android,/products
6d8e33e0-b1df-4841-8136-55253c666a33,2026_W27,S3913,U33091,2026-07-02 21:31:51,2026-07-02 21:59:51,Facebook,Natural,Tablet,Chrome,MacOS,/products
6d8e33e0-b1df-4841-8136-55253c666a33,2026_W27,S3914,U10417,2026-06-30 07:29:32,2026-06-30 07:55:32,Email,Quality,Tablet,Safari,iOS,/home
6d8e33e0-b1df-4841-8136-55253c666a33,2026_W27,S3915,U24254,2026-07-04 14:21:14,2026-07-04 14:24:14,Organic,Yard,Tablet,Chrome,Windows,/offers
6d8e33e0-b1df-4841-8136-55253c666a33,2026_W27,S3916,U13303,2026-07-04 10:08:40,2026-07-04 10:16:40,Facebook,Determine,Desktop,Safari,MacOS,/home
6d8e33e0-b1df-4841-8136-55253c666a33,2026_W27,S3917,U20538,2026-07-04 09:27:35,2026-07-04 10:04:35,Organic,Customer,Desktop,Firefox,Windows,/offers
6d8e33e0-b1df-4841-8136-55253c666a33,2026_W27,S3918,U5481,2026-07-02 15:25:05,2026-07-02 15:38:05,Google Ads,Weight,Desktop,Edge,Windows,/offers
6d8e33e0-b1df-4841-8136-55253c666a33,2026_W27,S3919,U15524,2026-06-29 10:56:01,2026-06-29 11:08:01,Google Ads,Decade,Desktop,Firefox,iOS,/home
6d8e33e0-b1df-4841-8136-55253c666a33,2026_W27,S3920,U4544,2026-07-02 01:27:07,2026-07-02 01:56:07,Direct,Nearly,Tablet,Edge,iOS,/offers
6d8e33e0-b1df-4841-8136-55253c666a33,2026_W27,S3921,U13483,2026-07-03 20:03:18,2026-07-03 20:43:18,Facebook,Practice,Mobile,Firefox,Windows,/products
6d8e33e0-b1df-4841-8136-55253c666a33,2026_W27,S3922,U26761,2026-06-30 08:59:28,2026-06-30 09:08:28,Direct,Manager,Mobile,Chrome,iOS,/home
6d8e33e0-b1df-4841-8136-55253c666a33,2026_W27,S3923,U33609,2026-06-29 19:22:01,2026-06-29 19:23:01,Google Ads,Campaign,Mobile,Chrome,MacOS,/home
6d8e33e0-b1df-4841-8136-55253c666a33,2026_W27,S3924,U12895,2026-07-02 16:26:33,2026-07-02 16:30:33,Google Ads,Mother,Desktop,Safari,Android,/offers
6d8e33e0-b1df-4841-8136-55253c666a33,2026_W27,S3925,U22685,2026-07-03 19:21:42,2026-07-03 19:36:42,Email,Upon,Desktop,Chrome,Android,/offers
6d8e33e0-b1df-4841-8136-55253c666a33,2026_W27,S3926,U22204,2026-07-05 05:10:10,2026-07-05 05:34:10,Facebook,Site,Mobile,Chrome,Android,/products
6d8e33e0-b1df-4841-8136-55253c666a33,2026_W27,S3927,U32577,2026-06-30 12:06:06,2026-06-30 12:44:06,Facebook,Change,Desktop,Safari,Windows,/offers
6d8e33e0-b1df-4841-8136-55253c666a33,2026_W27,S3928,U26627,2026-06-29 21:57:18,2026-06-29 22:25:18,Direct,Maybe,Tablet,Chrome,Android,/offers
6d8e33e0-b1df-4841-8136-55253c666a33,2026_W27,S3929,U297,2026-07-02 01:43:13,2026-07-02 01:49:13,Direct,Big,Desktop,Edge,MacOS,/products
6d8e33e0-b1df-4841-8136-55253c666a33,2026_W27,S3930,U18960,2026-06-29 19:18:28,2026-06-29 19:30:28,Google Ads,Son,Mobile,Edge,Windows,/home
6d8e33e0-b1df-4841-8136-55253c666a33,2026_W27,S3931,U14201,2026-07-01 05:34:39,2026-07-01 05:39:39,Instagram,Market,Tablet,Edge,MacOS,/offers
6d8e33e0-b1df-4841-8136-55253c666a33,2026_W27,S3932,U33487,2026-07-03 17:39:28,2026-07-03 17:49:28,Direct,Say,Desktop,Safari,MacOS,/offers
6d8e33e0-b1df-4841-8136-55253c666a33,2026_W27,S3933,U1601,2026-07-01 12:01:26,2026-07-01 12:02:26,Direct,Least,Mobile,Edge,Android,/home
6d8e33e0-b1df-4841-8136-55253c666a33,2026_W27,S3934,U14602,2026-07-05 02:26:51,2026-07-05 02:57:51,Direct,Our,Desktop,Firefox,iOS,/products
6d8e33e0-b1df-4841-8136-55253c666a33,2026_W27,S3935,U31582,2026-06-29 15:18:49,2026-06-29 15:32:49,Email,Get,Tablet,Firefox,iOS,/products
6d8e33e0-b1df-4841-8136-55253c666a33,2026_W27,S3936,U1826,2026-07-04 13:55:11,2026-07-04 14:15:11,Facebook,Alone,Mobile,Edge,Windows,/products
6d8e33e0-b1df-4841-8136-55253c666a33,2026_W27,S3937,U17288,2026-06-30 01:02:01,2026-06-30 01:25:01,Google Ads,Cultural,Tablet,Safari,Android,/home
6d8e33e0-b1df-4841-8136-55253c666a33,2026_W27,S3938,U4018,2026-07-05 00:54:05,2026-07-05 01:20:05,Direct,Religious,Tablet,Safari,Android,/products
6d8e33e0-b1df-4841-8136-55253c666a33,2026_W27,S3939,U12465,2026-06-29 09:44:35,2026-06-29 10:23:35,Facebook,Style,Desktop,Firefox,Android,/offers
6d8e33e0-b1df-4841-8136-55253c666a33,2026_W27,S3940,U21518,2026-07-04 12:26:54,2026-07-04 12:34:54,Facebook,Tend,Tablet,Firefox,Android,/offers
6d8e33e0-b1df-4841-8136-55253c666a33,2026_W27,S3941,U9272,2026-06-29 20:59:17,2026-06-29 21:07:17,Organic,Word,Mobile,Firefox,Android,/offers
6d8e33e0-b1df-4841-8136-55253c666a33,2026_W27,S3942,U9284,2026-07-04 09:30:15,2026-07-04 09:48:15,Instagram,Church,Mobile,Chrome,Android,/offers
6d8e33e0-b1df-4841-8136-55253c666a33,2026_W27,S3943,U27535,2026-07-02 14:36:53,2026-07-02 15:05:53,Instagram,Clearly,Desktop,Safari,Android,/home
6d8e33e0-b1df-4841-8136-55253c666a33,2026_W27,S3944,U23418,2026-07-02 05:00:37,2026-07-02 05:16:37,Instagram,Role,Mobile,Firefox,MacOS,/home
6d8e33e0-b1df-4841-8136-55253c666a33,2026_W27,S3945,U9810,2026-06-30 05:57:22,2026-06-30 06:26:22,Google Ads,Southern,Tablet,Chrome,iOS,/products
6d8e33e0-b1df-4841-8136-55253c666a33,2026_W27,S3946,U8552,2026-07-04 12:29:57,2026-07-04 12:50:57,Email,Make,Mobile,Chrome,iOS,/home
6d8e33e0-b1df-4841-8136-55253c666a33,2026_W27,S3947,U15468,2026-07-05 01:53:31,2026-07-05 02:20:31,Organic,Public,Mobile,Firefox,MacOS,/products
6d8e33e0-b1df-4841-8136-55253c666a33,2026_W27,S3948,U32141,2026-07-04 17:56:58,2026-07-04 18:09:58,Organic,Interest,Desktop,Chrome,Android,/offers
6d8e33e0-b1df-4841-8136-55253c666a33,2026_W27,S3949,U19929,2026-06-30 20:10:21,2026-06-30 20:12:21,Google Ads,Party,Desktop,Firefox,MacOS,/products
6d8e33e0-b1df-4841-8136-55253c666a33,2026_W27,S3950,U27576,2026-07-01 20:04:24,2026-07-01 20:05:24,Organic,Series,Tablet,Safari,Android,/home
6d8e33e0-b1df-4841-8136-55253c666a33,2026_W27,S3951,U11267,2026-07-03 16:44:18,2026-07-03 17:18:18,Direct,Business,Desktop,Edge,iOS,/offers
6d8e33e0-b1df-4841-8136-55253c666a33,2026_W27,S3952,U20801,2026-07-02 05:23:56,2026-07-02 06:02:56,Direct,Ok,Desktop,Firefox,Windows,/products
6d8e33e0-b1df-4841-8136-55253c666a33,2026_W27,S3953,U2456,2026-06-29 15:51:43,2026-06-29 16:23:43,Google Ads,Relationship,Mobile,Safari,MacOS,/home
6d8e33e0-b1df-4841-8136-55253c666a33,2026_W27,S3954,U15923,2026-06-30 15:37:39,2026-06-30 16:12:39,Direct,Because,Desktop,Safari,iOS,/products
6d8e33e0-b1df-4841-8136-55253c666a33,2026_W27,S3955,U11068,2026-07-01 14:58:19,2026-07-01 15:25:19,Email,Catch,Desktop,Firefox,MacOS,/home
6d8e33e0-b1df-4841-8136-55253c666a33,2026_W27,S3956,U3417,2026-07-04 23:31:17,2026-07-04 23:49:17,Organic,Care,Mobile,Safari,Android,/home
6d8e33e0-b1df-4841-8136-55253c666a33,2026_W27,S3957,U7165,2026-07-04 21:04:11,2026-07-04 21:09:11,Organic,Suggest,Mobile,Firefox,iOS,/products
6d8e33e0-b1df-4841-8136-55253c666a33,2026_W27,S3958,U25084,2026-07-01 10:07:14,2026-07-01 10:26:14,Organic,Should,Desktop,Firefox,Windows,/home
6d8e33e0-b1df-4841-8136-55253c666a33,2026_W27,S3959,U4664,2026-07-03 14:38:37,2026-07-03 14:41:37,Direct,Pass,Tablet,Safari,Windows,/home
6d8e33e0-b1df-4841-8136-55253c666a33,2026_W27,S3960,U31279,2026-07-04 13:42:33,2026-07-04 14:01:33,Google Ads,Expect,Tablet,Edge,MacOS,/products
6d8e33e0-b1df-4841-8136-55253c666a33,2026_W27,S3961,U19538,2026-07-03 17:41:08,2026-07-03 18:13:08,Direct,Second,Desktop,Safari,Android,/offers
6d8e33e0-b1df-4841-8136-55253c666a33,2026_W27,S3962,U448,2026-07-01 11:37:01,2026-07-01 11:57:01,Organic,Position,Mobile,Safari,MacOS,/products
6d8e33e0-b1df-4841-8136-55253c666a33,2026_W27,S3963,U32835,2026-06-30 17:29:04,2026-06-30 18:08:04,Facebook,Program,Tablet,Chrome,MacOS,/offers
6d8e33e0-b1df-4841-8136-55253c666a33,2026_W27,S3964,U18934,2026-07-02 07:00:59,2026-07-02 07:22:59,Facebook,Certain,Mobile,Firefox,iOS,/products
6d8e33e0-b1df-4841-8136-55253c666a33,2026_W27,S3965,U15502,2026-07-05 06:30:45,2026-07-05 06:51:45,Instagram,Central,Desktop,Edge,Windows,/home
6d8e33e0-b1df-4841-8136-55253c666a33,2026_W27,S3966,U30599,2026-07-05 03:33:44,2026-07-05 04:11:44,Instagram,Nor,Tablet,Edge,MacOS,/home
6d8e33e0-b1df-4841-8136-55253c666a33,2026_W27,S3967,U18115,2026-07-01 22:02:42,2026-07-01 22:10:42,Google Ads,Single,Mobile,Chrome,iOS,/offers
6d8e33e0-b1df-4841-8136-55253c666a33,2026_W27,S3968,U8279,2026-07-04 23:34:50,2026-07-04 23:39:50,Organic,Despite,Mobile,Edge,MacOS,/home
6d8e33e0-b1df-4841-8136-55253c666a33,2026_W27,S3969,U24954,2026-07-02 07:17:08,2026-07-02 07:33:08,Email,Seven,Mobile,Safari,Android,/offers
6d8e33e0-b1df-4841-8136-55253c666a33,2026_W27,S3970,U18617,2026-06-30 07:04:04,2026-06-30 07:18:04,Facebook,President,Mobile,Edge,Windows,/products
6d8e33e0-b1df-4841-8136-55253c666a33,2026_W27,S3971,U15173,2026-07-02 18:49:50,2026-07-02 19:29:50,Google Ads,Ago,Tablet,Edge,Android,/products
6d8e33e0-b1df-4841-8136-55253c666a33,2026_W27,S3972,U8079,2026-07-04 00:15:17,2026-07-04 00:22:17,Direct,Still,Tablet,Firefox,Windows,/home
6d8e33e0-b1df-4841-8136-55253c666a33,2026_W27,S3973,U19089,2026-06-30 07:49:47,2026-06-30 08:03:47,Organic,Candidate,Tablet,Edge,MacOS,/offers
6d8e33e0-b1df-4841-8136-55253c666a33,2026_W27,S3974,U27736,2026-07-05 02:18:40,2026-07-05 02:55:40,Organic,Audience,Desktop,Edge,MacOS,/offers
6d8e33e0-b1df-4841-8136-55253c666a33,2026_W27,S3975,U11482,2026-07-01 12:23:21,2026-07-01 12:43:21,Facebook,Themselves,Desktop,Safari,Android,/products
6d8e33e0-b1df-4841-8136-55253c666a33,2026_W27,S3976,U11192,2026-07-02 02:21:05,2026-07-02 02:41:05,Direct,Race,Tablet,Firefox,Windows,/offers
6d8e33e0-b1df-4841-8136-55253c666a33,2026_W27,S3977,U26829,2026-07-01 05:04:40,2026-07-01 05:27:40,Email,Become,Desktop,Firefox,iOS,/home
6d8e33e0-b1df-4841-8136-55253c666a33,2026_W27,S3978,U29475,2026-06-29 22:04:09,2026-06-29 22:06:09,Organic,Government,Desktop,Safari,Windows,/offers
6d8e33e0-b1df-4841-8136-55253c666a33,2026_W27,S3979,U22978,2026-07-02 02:39:30,2026-07-02 02:51:30,Google Ads,Professional,Tablet,Safari,Android,/products
6d8e33e0-b1df-4841-8136-55253c666a33,2026_W27,S3980,U2878,2026-07-04 18:26:40,2026-07-04 18:59:40,Organic,Scientist,Tablet,Firefox,Windows,/products
6d8e33e0-b1df-4841-8136-55253c666a33,2026_W27,S3981,U33229,2026-06-29 19:22:22,2026-06-29 19:39:22,Google Ads,Range,Desktop,Safari,Windows,/products
6d8e33e0-b1df-4841-8136-55253c666a33,2026_W27,S3982,U20816,2026-06-29 14:47:50,2026-06-29 15:22:50,Instagram,Help,Tablet,Edge,Windows,/products
6d8e33e0-b1df-4841-8136-55253c666a33,2026_W27,S3983,U469,2026-07-02 22:48:21,2026-07-02 23:01:21,Organic,Under,Tablet,Edge,MacOS,/offers
6d8e33e0-b1df-4841-8136-55253c666a33,2026_W27,S3984,U14244,2026-07-04 11:26:41,2026-07-04 11:36:41,Direct,Father,Tablet,Edge,Android,/home
6d8e33e0-b1df-4841-8136-55253c666a33,2026_W27,S3985,U33086,2026-06-30 23:05:11,2026-06-30 23:29:11,Instagram,He,Desktop,Chrome,Windows,/products
6d8e33e0-b1df-4841-8136-55253c666a33,2026_W27,S3986,U12244,2026-07-04 00:35:16,2026-07-04 00:49:16,Google Ads,Present,Desktop,Safari,Android,/products
6d8e33e0-b1df-4841-8136-55253c666a33,2026_W27,S3987,U2963,2026-06-30 14:44:21,2026-06-30 15:12:21,Google Ads,Left,Mobile,Chrome,iOS,/products
6d8e33e0-b1df-4841-8136-55253c666a33,2026_W27,S3988,U29297,2026-07-05 02:18:42,2026-07-05 02:43:42,Direct,Company,Mobile,Chrome,Windows,/offers
6d8e33e0-b1df-4841-8136-55253c666a33,2026_W27,S3989,U15863,2026-07-04 09:06:43,2026-07-04 09:17:43,Instagram,Describe,Desktop,Chrome,iOS,/products
6d8e33e0-b1df-4841-8136-55253c666a33,2026_W27,S3990,U25107,2026-07-03 02:46:28,2026-07-03 03:07:28,Organic,Cup,Mobile,Edge,Android,/offers
6d8e33e0-b1df-4841-8136-55253c666a33,2026_W27,S3991,U7593,2026-07-04 06:30:40,2026-07-04 06:59:40,Direct,Something,Tablet,Edge,Android,/products
6d8e33e0-b1df-4841-8136-55253c666a33,2026_W27,S3992,U9011,2026-06-30 18:57:13,2026-06-30 19:24:13,Direct,Reveal,Tablet,Firefox,MacOS,/products
6d8e33e0-b1df-4841-8136-55253c666a33,2026_W27,S3993,U3517,2026-07-05 07:53:43,2026-07-05 08:02:43,Organic,Line,Tablet,Firefox,iOS,/home
6d8e33e0-b1df-4841-8136-55253c666a33,2026_W27,S3994,U26222,2026-07-01 07:57:34,2026-07-01 08:25:34,Organic,Eye,Mobile,Chrome,Windows,/home
6d8e33e0-b1df-4841-8136-55253c666a33,2026_W27,S3995,U6329,2026-06-29 13:53:12,2026-06-29 14:29:12,Direct,Activity,Tablet,Firefox,Android,/offers
6d8e33e0-b1df-4841-8136-55253c666a33,2026_W27,S3996,U17119,2026-06-30 02:29:26,2026-06-30 02:51:26,Google Ads,Sit,Mobile,Firefox,MacOS,/products
6d8e33e0-b1df-4841-8136-55253c666a33,2026_W27,S3997,U18233,2026-07-03 12:08:13,2026-07-03 12:37:13,Direct,Source,Mobile,Safari,Windows,/home
6d8e33e0-b1df-4841-8136-55253c666a33,2026_W27,S3998,U4565,2026-06-29 20:01:17,2026-06-29 20:22:17,Email,Sound,Desktop,Edge,Windows,/products
6d8e33e0-b1df-4841-8136-55253c666a33,2026_W27,S3999,U21627,2026-07-03 06:11:27,2026-07-03 06:51:27,Google Ads,Able,Tablet,Chrome,Windows,/home
6d8e33e0-b1df-4841-8136-55253c666a33,2026_W27,S4000,U10264,2026-06-30 19:50:43,2026-06-30 20:27:43,Direct,Continue,Mobile,Firefox,MacOS,/offers
6d8e33e0-b1df-4841-8136-55253c666a33,2026_W27,S4001,U27245,2026-07-04 01:56:46,2026-07-04 02:05:46,Google Ads,Author,Tablet,Safari,iOS,/products
6d8e33e0-b1df-4841-8136-55253c666a33,2026_W27,S4002,U7785,2026-06-29 16:56:51,2026-06-29 17:21:51,Organic,Suffer,Mobile,Edge,Windows,/offers
6d8e33e0-b1df-4841-8136-55253c666a33,2026_W27,S4003,U5873,2026-07-02 05:57:32,2026-07-02 06:03:32,Instagram,Court,Desktop,Edge,Android,/offers
6d8e33e0-b1df-4841-8136-55253c666a33,2026_W27,S4004,U7515,2026-06-30 03:55:31,2026-06-30 04:07:31,Instagram,Sea,Tablet,Chrome,Windows,/home
6d8e33e0-b1df-4841-8136-55253c666a33,2026_W27,S4005,U33018,2026-07-02 19:52:18,2026-07-02 20:08:18,Google Ads,But,Mobile,Chrome,MacOS,/products
6d8e33e0-b1df-4841-8136-55253c666a33,2026_W27,S4006,U22730,2026-07-01 17:28:43,2026-07-01 18:08:43,Facebook,Memory,Desktop,Edge,Android,/products
6d8e33e0-b1df-4841-8136-55253c666a33,2026_W27,S4007,U31312,2026-07-02 01:29:40,2026-07-02 01:44:40,Google Ads,Discussion,Tablet,Edge,MacOS,/products
6d8e33e0-b1df-4841-8136-55253c666a33,2026_W27,S4008,U10315,2026-07-01 03:17:45,2026-07-01 03:35:45,Instagram,Usually,Tablet,Edge,iOS,/offers
6d8e33e0-b1df-4841-8136-55253c666a33,2026_W27,S4009,U9902,2026-07-02 18:56:46,2026-07-02 19:00:46,Instagram,Among,Tablet,Chrome,iOS,/offers
6d8e33e0-b1df-4841-8136-55253c666a33,2026_W27,S4010,U24218,2026-06-29 18:29:13,2026-06-29 18:42:13,Instagram,Prove,Desktop,Safari,MacOS,/home
6d8e33e0-b1df-4841-8136-55253c666a33,2026_W27,S4011,U10750,2026-07-02 17:13:54,2026-07-02 17:50:54,Facebook,Expect,Tablet,Edge,MacOS,/products
6d8e33e0-b1df-4841-8136-55253c666a33,2026_W27,S4012,U31872,2026-07-02 04:51:55,2026-07-02 05:23:55,Organic,Glass,Tablet,Chrome,Android,/products
6d8e33e0-b1df-4841-8136-55253c666a33,2026_W27,S4013,U2545,2026-07-01 07:11:20,2026-07-01 07:49:20,Instagram,Off,Mobile,Edge,MacOS,/products
6d8e33e0-b1df-4841-8136-55253c666a33,2026_W27,S4014,U4749,2026-07-02 14:14:17,2026-07-02 14:25:17,Facebook,Black,Desktop,Edge,iOS,/home
6d8e33e0-b1df-4841-8136-55253c666a33,2026_W27,S4015,U7592,2026-06-30 04:58:51,2026-06-30 05:02:51,Organic,Blue,Desktop,Safari,MacOS,/products
6d8e33e0-b1df-4841-8136-55253c666a33,2026_W27,S4016,U7866,2026-07-03 08:29:59,2026-07-03 08:46:59,Organic,Push,Desktop,Edge,MacOS,/products
6d8e33e0-b1df-4841-8136-55253c666a33,2026_W27,S4017,U4801,2026-07-04 19:08:10,2026-07-04 19:12:10,Email,Figure,Desktop,Safari,iOS,/offers
6d8e33e0-b1df-4841-8136-55253c666a33,2026_W27,S4018,U15838,2026-06-29 20:04:41,2026-06-29 20:43:41,Instagram,Own,Tablet,Firefox,iOS,/home
6d8e33e0-b1df-4841-8136-55253c666a33,2026_W27,S4019,U24457,2026-07-04 02:31:59,2026-07-04 02:43:59,Organic,Mouth,Mobile,Safari,Android,/home
6d8e33e0-b1df-4841-8136-55253c666a33,2026_W27,S4020,U3243,2026-06-29 11:47:59,2026-06-29 11:52:59,Instagram,Customer,Tablet,Edge,Android,/products
6d8e33e0-b1df-4841-8136-55253c666a33,2026_W27,S4021,U24731,2026-07-04 00:01:53,2026-07-04 00:26:53,Email,South,Mobile,Safari,Android,/home
6d8e33e0-b1df-4841-8136-55253c666a33,2026_W27,S4022,U28311,2026-07-02 21:05:42,2026-07-02 21:32:42,Direct,Every,Desktop,Edge,MacOS,/products
6d8e33e0-b1df-4841-8136-55253c666a33,2026_W27,S4023,U6758,2026-07-02 22:42:20,2026-07-02 22:45:20,Instagram,Unit,Tablet,Firefox,MacOS,/offers
6d8e33e0-b1df-4841-8136-55253c666a33,2026_W27,S4024,U2650,2026-07-04 13:23:51,2026-07-04 13:27:51,Instagram,Offer,Mobile,Firefox,Windows,/home
6d8e33e0-b1df-4841-8136-55253c666a33,2026_W27,S4025,U26210,2026-07-02 09:22:15,2026-07-02 09:43:15,Facebook,A,Desktop,Chrome,Android,/home
6d8e33e0-b1df-4841-8136-55253c666a33,2026_W27,S4026,U7651,2026-07-01 00:34:06,2026-07-01 00:45:06,Facebook,Player,Tablet,Chrome,MacOS,/products
6d8e33e0-b1df-4841-8136-55253c666a33,2026_W27,S4027,U1527,2026-06-29 23:12:48,2026-06-29 23:37:48,Google Ads,Check,Tablet,Chrome,iOS,/offers
6d8e33e0-b1df-4841-8136-55253c666a33,2026_W27,S4028,U19515,2026-07-04 04:10:54,2026-07-04 04:29:54,Organic,Idea,Tablet,Edge,iOS,/home
6d8e33e0-b1df-4841-8136-55253c666a33,2026_W27,S4029,U23281,2026-07-02 23:41:13,2026-07-03 00:07:13,Google Ads,Through,Tablet,Safari,Android,/home
6d8e33e0-b1df-4841-8136-55253c666a33,2026_W27,S4030,U20177,2026-07-01 18:03:35,2026-07-01 18:15:35,Google Ads,Myself,Desktop,Edge,Android,/products
6d8e33e0-b1df-4841-8136-55253c666a33,2026_W27,S4031,U896,2026-07-04 11:24:39,2026-07-04 12:04:39,Email,Scene,Mobile,Edge,iOS,/products
6d8e33e0-b1df-4841-8136-55253c666a33,2026_W27,S4032,U27128,2026-07-03 21:12:39,2026-07-03 21:47:39,Email,Teacher,Desktop,Chrome,iOS,/home
6d8e33e0-b1df-4841-8136-55253c666a33,2026_W27,S4033,U16577,2026-07-03 07:17:04,2026-07-03 07:49:04,Google Ads,Represent,Mobile,Firefox,MacOS,/offers
6d8e33e0-b1df-4841-8136-55253c666a33,2026_W27,S4034,U16741,2026-07-03 22:31:40,2026-07-03 22:39:40,Direct,Live,Tablet,Edge,MacOS,/home
6d8e33e0-b1df-4841-8136-55253c666a33,2026_W27,S4035,U24367,2026-06-30 16:20:27,2026-06-30 16:55:27,Email,Bad,Mobile,Edge,Windows,/home
6d8e33e0-b1df-4841-8136-55253c666a33,2026_W27,S4036,U4263,2026-07-03 21:28:56,2026-07-03 21:33:56,Email,Agreement,Desktop,Safari,Android,/offers
6d8e33e0-b1df-4841-8136-55253c666a33,2026_W27,S4037,U33397,2026-07-03 00:44:05,2026-07-03 01:20:05,Organic,Practice,Tablet,Safari,MacOS,/home
6d8e33e0-b1df-4841-8136-55253c666a33,2026_W27,S4038,U10192,2026-07-03 13:33:55,2026-07-03 13:44:55,Organic,Light,Mobile,Safari,Windows,/offers
6d8e33e0-b1df-4841-8136-55253c666a33,2026_W27,S4039,U2655,2026-07-02 00:37:59,2026-07-02 00:51:59,Google Ads,Behavior,Mobile,Firefox,Android,/products
6d8e33e0-b1df-4841-8136-55253c666a33,2026_W27,S4040,U22474,2026-07-03 04:39:41,2026-07-03 04:54:41,Instagram,Arrive,Tablet,Safari,MacOS,/offers
6d8e33e0-b1df-4841-8136-55253c666a33,2026_W27,S4041,U16943,2026-07-04 19:33:20,2026-07-04 20:01:20,Organic,Interest,Desktop,Safari,iOS,/home
6d8e33e0-b1df-4841-8136-55253c666a33,2026_W27,S4042,U25619,2026-07-04 06:42:37,2026-07-04 06:58:37,Google Ads,Perform,Desktop,Firefox,iOS,/offers
6d8e33e0-b1df-4841-8136-55253c666a33,2026_W27,S4043,U18831,2026-06-30 12:36:53,2026-06-30 12:37:53,Instagram,Where,Desktop,Firefox,Windows,/offers
6d8e33e0-b1df-4841-8136-55253c666a33,2026_W27,S4044,U22949,2026-07-01 19:21:33,2026-07-01 19:44:33,Direct,Rate,Mobile,Safari,Windows,/home
6d8e33e0-b1df-4841-8136-55253c666a33,2026_W27,S4045,U18054,2026-06-30 15:24:31,2026-06-30 15:44:31,Direct,Draw,Mobile,Edge,MacOS,/offers
6d8e33e0-b1df-4841-8136-55253c666a33,2026_W27,S4046,U32761,2026-07-02 23:20:48,2026-07-02 23:39:48,Email,Hotel,Mobile,Edge,Android,/home
6d8e33e0-b1df-4841-8136-55253c666a33,2026_W27,S4047,U722,2026-07-02 03:27:10,2026-07-02 03:49:10,Direct,Challenge,Tablet,Edge,Windows,/products
6d8e33e0-b1df-4841-8136-55253c666a33,2026_W27,S4048,U21854,2026-07-03 15:39:28,2026-07-03 16:09:28,Organic,At,Mobile,Chrome,Android,/products
6d8e33e0-b1df-4841-8136-55253c666a33,2026_W27,S4049,U458,2026-06-29 12:39:23,2026-06-29 13:05:23,Email,Energy,Tablet,Chrome,Windows,/offers
6d8e33e0-b1df-4841-8136-55253c666a33,2026_W27,S4050,U3617,2026-06-29 11:20:16,2026-06-29 11:32:16,Facebook,All,Desktop,Edge,MacOS,/offers
6d8e33e0-b1df-4841-8136-55253c666a33,2026_W27,S4051,U16198,2026-06-30 15:17:14,2026-06-30 15:45:14,Instagram,Development,Mobile,Firefox,iOS,/offers
6d8e33e0-b1df-4841-8136-55253c666a33,2026_W27,S4052,U30766,2026-07-02 21:00:45,2026-07-02 21:14:45,Direct,Third,Desktop,Edge,iOS,/home
6d8e33e0-b1df-4841-8136-55253c666a33,2026_W27,S4053,U34831,2026-06-30 23:21:37,2026-06-30 23:23:37,Organic,However,Tablet,Safari,Android,/home
6d8e33e0-b1df-4841-8136-55253c666a33,2026_W27,S4054,U19330,2026-07-03 08:46:02,2026-07-03 09:08:02,Google Ads,Single,Mobile,Firefox,MacOS,/products
6d8e33e0-b1df-4841-8136-55253c666a33,2026_W27,S4055,U2148,2026-06-29 09:57:26,2026-06-29 10:20:26,Direct,Risk,Tablet,Chrome,MacOS,/offers
6d8e33e0-b1df-4841-8136-55253c666a33,2026_W27,S4056,U27595,2026-06-30 05:43:58,2026-06-30 05:59:58,Organic,Market,Tablet,Safari,iOS,/offers
6d8e33e0-b1df-4841-8136-55253c666a33,2026_W27,S4057,U5563,2026-07-03 00:22:26,2026-07-03 00:39:26,Instagram,Girl,Mobile,Firefox,iOS,/home
6d8e33e0-b1df-4841-8136-55253c666a33,2026_W27,S4058,U16851,2026-07-01 22:09:20,2026-07-01 22:32:20,Instagram,Play,Tablet,Safari,Windows,/offers
6d8e33e0-b1df-4841-8136-55253c666a33,2026_W27,S4059,U28455,2026-06-30 15:12:05,2026-06-30 15:46:05,Direct,Almost,Desktop,Edge,Windows,/products
6d8e33e0-b1df-4841-8136-55253c666a33,2026_W27,S4060,U2917,2026-06-30 07:43:29,2026-06-30 07:57:29,Organic,Everything,Mobile,Safari,Android,/home
6d8e33e0-b1df-4841-8136-55253c666a33,2026_W27,S4061,U14819,2026-07-04 14:44:26,2026-07-04 15:13:26,Direct,Until,Desktop,Chrome,MacOS,/products
6d8e33e0-b1df-4841-8136-55253c666a33,2026_W27,S4062,U30698,2026-06-29 21:55:13,2026-06-29 22:14:13,Google Ads,Account,Mobile,Chrome,Android,/offers
6d8e33e0-b1df-4841-8136-55253c666a33,2026_W27,S4063,U3030,2026-07-01 13:17:29,2026-07-01 13:39:29,Google Ads,Research,Desktop,Edge,MacOS,/home
6d8e33e0-b1df-4841-8136-55253c666a33,2026_W27,S4064,U25442,2026-07-04 15:22:07,2026-07-04 15:32:07,Direct,Pull,Mobile,Edge,MacOS,/home
6d8e33e0-b1df-4841-8136-55253c666a33,2026_W27,S4065,U22203,2026-07-04 13:14:12,2026-07-04 13:49:12,Organic,Message,Desktop,Edge,Windows,/offers
6d8e33e0-b1df-4841-8136-55253c666a33,2026_W27,S4066,U9029,2026-07-03 23:12:23,2026-07-03 23:29:23,Facebook,Product,Tablet,Firefox,MacOS,/home
6d8e33e0-b1df-4841-8136-55253c666a33,2026_W27,S4067,U8884,2026-07-04 19:24:03,2026-07-04 19:48:03,Facebook,Many,Mobile,Safari,MacOS,/products
6d8e33e0-b1df-4841-8136-55253c666a33,2026_W27,S4068,U4977,2026-07-03 23:43:59,2026-07-04 00:05:59,Email,Decide,Mobile,Safari,iOS,/offers
6d8e33e0-b1df-4841-8136-55253c666a33,2026_W27,S4069,U27812,2026-07-01 15:02:34,2026-07-01 15:40:34,Google Ads,Lay,Tablet,Firefox,Android,/home
6d8e33e0-b1df-4841-8136-55253c666a33,2026_W27,S4070,U987,2026-07-01 14:49:35,2026-07-01 15:06:35,Facebook,President,Tablet,Edge,MacOS,/home
6d8e33e0-b1df-4841-8136-55253c666a33,2026_W27,S4071,U6937,2026-07-03 20:43:28,2026-07-03 21:09:28,Google Ads,Future,Tablet,Edge,iOS,/home
6d8e33e0-b1df-4841-8136-55253c666a33,2026_W27,S4072,U6513,2026-06-30 21:55:59,2026-06-30 22:15:59,Instagram,Among,Mobile,Chrome,iOS,/home
6d8e33e0-b1df-4841-8136-55253c666a33,2026_W27,S4073,U1686,2026-07-02 11:43:39,2026-07-02 12:20:39,Email,Seek,Mobile,Safari,MacOS,/products
6d8e33e0-b1df-4841-8136-55253c666a33,2026_W27,S4074,U2332,2026-07-02 09:32:56,2026-07-02 09:54:56,Organic,Probably,Tablet,Safari,Android,/products
6d8e33e0-b1df-4841-8136-55253c666a33,2026_W27,S4075,U16213,2026-06-29 09:06:39,2026-06-29 09:33:39,Instagram,People,Mobile,Safari,Android,/home
6d8e33e0-b1df-4841-8136-55253c666a33,2026_W27,S4076,U12009,2026-07-01 16:18:20,2026-07-01 16:33:20,Organic,Better,Tablet,Edge,Windows,/products
6d8e33e0-b1df-4841-8136-55253c666a33,2026_W27,S4077,U27070,2026-07-02 14:47:29,2026-07-02 15:07:29,Google Ads,Dream,Tablet,Firefox,MacOS,/offers
6d8e33e0-b1df-4841-8136-55253c666a33,2026_W27,S4078,U16416,2026-07-03 22:11:43,2026-07-03 22:44:43,Direct,Hotel,Tablet,Chrome,Android,/home
6d8e33e0-b1df-4841-8136-55253c666a33,2026_W27,S4079,U34532,2026-07-03 13:27:37,2026-07-03 14:07:37,Email,His,Tablet,Chrome,Windows,/offers
6d8e33e0-b1df-4841-8136-55253c666a33,2026_W27,S4080,U21263,2026-07-03 02:29:22,2026-07-03 02:53:22,Organic,Wish,Mobile,Firefox,MacOS,/home
6d8e33e0-b1df-4841-8136-55253c666a33,2026_W27,S4081,U5147,2026-07-03 16:46:52,2026-07-03 16:56:52,Facebook,Nature,Mobile,Edge,iOS,/offers
6d8e33e0-b1df-4841-8136-55253c666a33,2026_W27,S4082,U32639,2026-07-03 04:32:38,2026-07-03 05:05:38,Instagram,Development,Tablet,Safari,iOS,/home
6d8e33e0-b1df-4841-8136-55253c666a33,2026_W27,S4083,U30550,2026-07-03 02:33:59,2026-07-03 02:34:59,Instagram,Property,Mobile,Edge,iOS,/offers
6d8e33e0-b1df-4841-8136-55253c666a33,2026_W27,S4084,U15276,2026-07-05 04:03:56,2026-07-05 04:43:56,Google Ads,Police,Tablet,Firefox,MacOS,/offers
6d8e33e0-b1df-4841-8136-55253c666a33,2026_W27,S4085,U8353,2026-07-01 13:14:17,2026-07-01 13:44:17,Google Ads,Kind,Desktop,Firefox,MacOS,/products
6d8e33e0-b1df-4841-8136-55253c666a33,2026_W27,S4086,U33495,2026-06-29 09:12:04,2026-06-29 09:46:04,Instagram,Boy,Tablet,Edge,Windows,/products
6d8e33e0-b1df-4841-8136-55253c666a33,2026_W27,S4087,U5220,2026-07-03 04:42:34,2026-07-03 04:50:34,Google Ads,Soldier,Desktop,Safari,iOS,/offers
6d8e33e0-b1df-4841-8136-55253c666a33,2026_W27,S4088,U2198,2026-07-04 08:17:44,2026-07-04 08:57:44,Organic,Give,Mobile,Firefox,Windows,/products
6d8e33e0-b1df-4841-8136-55253c666a33,2026_W27,S4089,U22253,2026-07-04 22:59:24,2026-07-04 23:39:24,Organic,Best,Tablet,Safari,MacOS,/products
6d8e33e0-b1df-4841-8136-55253c666a33,2026_W27,S4090,U20246,2026-07-01 17:04:59,2026-07-01 17:07:59,Email,Throughout,Tablet,Chrome,MacOS,/products
6d8e33e0-b1df-4841-8136-55253c666a33,2026_W27,S4091,U3210,2026-07-04 05:22:00,2026-07-04 05:39:00,Organic,Above,Desktop,Safari,Android,/home
6d8e33e0-b1df-4841-8136-55253c666a33,2026_W27,S4092,U22838,2026-06-29 19:21:48,2026-06-29 19:25:48,Google Ads,Public,Tablet,Edge,MacOS,/offers
6d8e33e0-b1df-4841-8136-55253c666a33,2026_W27,S4093,U26665,2026-06-29 15:05:40,2026-06-29 15:10:40,Google Ads,Trip,Desktop,Edge,iOS,/products
6d8e33e0-b1df-4841-8136-55253c666a33,2026_W27,S4094,U32562,2026-07-02 23:08:46,2026-07-02 23:29:46,Facebook,News,Desktop,Edge,MacOS,/home
6d8e33e0-b1df-4841-8136-55253c666a33,2026_W27,S4095,U9151,2026-07-05 00:46:03,2026-07-05 01:03:03,Facebook,Result,Mobile,Chrome,MacOS,/offers
6d8e33e0-b1df-4841-8136-55253c666a33,2026_W27,S4096,U20702,2026-06-30 09:23:43,2026-06-30 09:24:43,Direct,Century,Desktop,Chrome,Android,/offers
6d8e33e0-b1df-4841-8136-55253c666a33,2026_W27,S4097,U7946,2026-06-29 21:01:02,2026-06-29 21:06:02,Google Ads,She,Mobile,Chrome,MacOS,/home
6d8e33e0-b1df-4841-8136-55253c666a33,2026_W27,S4098,U13408,2026-06-29 16:36:53,2026-06-29 16:44:53,Facebook,Movement,Tablet,Edge,Android,/offers
6d8e33e0-b1df-4841-8136-55253c666a33,2026_W27,S4099,U23678,2026-06-29 12:14:47,2026-06-29 12:26:47,Google Ads,Official,Desktop,Edge,iOS,/products
6d8e33e0-b1df-4841-8136-55253c666a33,2026_W27,S4100,U18602,2026-07-04 01:33:25,2026-07-04 02:10:25,Google Ads,Determine,Mobile,Edge,Android,/home
6d8e33e0-b1df-4841-8136-55253c666a33,2026_W27,S4101,U6546,2026-06-29 20:19:01,2026-06-29 20:28:01,Google Ads,Market,Tablet,Edge,Windows,/offers
6d8e33e0-b1df-4841-8136-55253c666a33,2026_W27,S4102,U23604,2026-07-02 09:43:31,2026-07-02 09:57:31,Organic,Themselves,Mobile,Chrome,Android,/products
6d8e33e0-b1df-4841-8136-55253c666a33,2026_W27,S4103,U12475,2026-07-04 18:43:59,2026-07-04 18:45:59,Instagram,Attorney,Tablet,Chrome,Android,/products
6d8e33e0-b1df-4841-8136-55253c666a33,2026_W27,S4104,U17427,2026-07-02 01:56:52,2026-07-02 02:21:52,Google Ads,Local,Mobile,Chrome,Windows,/home
6d8e33e0-b1df-4841-8136-55253c666a33,2026_W27,S4105,U27856,2026-07-01 08:05:32,2026-07-01 08:21:32,Facebook,Either,Mobile,Edge,iOS,/products
6d8e33e0-b1df-4841-8136-55253c666a33,2026_W27,S4106,U268,2026-07-04 11:13:18,2026-07-04 11:37:18,Instagram,Pay,Tablet,Safari,Android,/home
6d8e33e0-b1df-4841-8136-55253c666a33,2026_W27,S4107,U29888,2026-06-29 16:24:39,2026-06-29 16:50:39,Email,Piece,Tablet,Chrome,MacOS,/offers
6d8e33e0-b1df-4841-8136-55253c666a33,2026_W27,S4108,U17416,2026-07-01 22:39:22,2026-07-01 22:50:22,Facebook,Responsibility,Desktop,Firefox,MacOS,/home
6d8e33e0-b1df-4841-8136-55253c666a33,2026_W27,S4109,U3620,2026-07-01 03:10:54,2026-07-01 03:22:54,Direct,Age,Tablet,Firefox,Windows,/offers
6d8e33e0-b1df-4841-8136-55253c666a33,2026_W27,S4110,U27190,2026-07-05 00:40:35,2026-07-05 00:53:35,Email,Your,Mobile,Safari,iOS,/offers
6d8e33e0-b1df-4841-8136-55253c666a33,2026_W27,S4111,U9043,2026-07-03 12:48:52,2026-07-03 12:57:52,Google Ads,Their,Mobile,Safari,Windows,/home
6d8e33e0-b1df-4841-8136-55253c666a33,2026_W27,S4112,U10066,2026-07-01 23:35:00,2026-07-02 00:08:00,Organic,Nor,Tablet,Edge,MacOS,/offers
6d8e33e0-b1df-4841-8136-55253c666a33,2026_W27,S4113,U17760,2026-07-05 05:50:22,2026-07-05 05:51:22,Google Ads,Official,Mobile,Chrome,Android,/home
6d8e33e0-b1df-4841-8136-55253c666a33,2026_W27,S4114,U33322,2026-07-01 22:58:55,2026-07-01 23:17:55,Google Ads,Someone,Mobile,Chrome,Windows,/offers
6d8e33e0-b1df-4841-8136-55253c666a33,2026_W27,S4115,U20388,2026-06-30 15:18:55,2026-06-30 15:40:55,Google Ads,Them,Desktop,Chrome,MacOS,/offers
6d8e33e0-b1df-4841-8136-55253c666a33,2026_W27,S4116,U12256,2026-07-01 20:03:46,2026-07-01 20:26:46,Facebook,Remain,Tablet,Chrome,iOS,/home
6d8e33e0-b1df-4841-8136-55253c666a33,2026_W27,S4117,U31422,2026-07-03 20:58:11,2026-07-03 21:35:11,Instagram,Learn,Mobile,Edge,MacOS,/offers
6d8e33e0-b1df-4841-8136-55253c666a33,2026_W27,S4118,U19112,2026-07-04 12:40:37,2026-07-04 12:49:37,Google Ads,Put,Desktop,Safari,Android,/offers
6d8e33e0-b1df-4841-8136-55253c666a33,2026_W27,S4119,U29428,2026-07-02 22:54:45,2026-07-02 22:59:45,Instagram,Position,Tablet,Firefox,MacOS,/offers
6d8e33e0-b1df-4841-8136-55253c666a33,2026_W27,S4120,U22726,2026-07-02 04:52:20,2026-07-02 05:08:20,Organic,Painting,Desktop,Chrome,iOS,/home
6d8e33e0-b1df-4841-8136-55253c666a33,2026_W27,S4121,U33089,2026-07-02 04:02:47,2026-07-02 04:29:47,Google Ads,Situation,Mobile,Firefox,Android,/home
6d8e33e0-b1df-4841-8136-55253c666a33,2026_W27,S4122,U24672,2026-07-01 15:36:02,2026-07-01 15:59:02,Instagram,Argue,Desktop,Firefox,Android,/products
6d8e33e0-b1df-4841-8136-55253c666a33,2026_W27,S4123,U12968,2026-07-03 22:06:47,2026-07-03 22:28:47,Direct,Box,Desktop,Firefox,iOS,/home
6d8e33e0-b1df-4841-8136-55253c666a33,2026_W27,S4124,U34763,2026-07-05 02:43:37,2026-07-05 02:53:37,Instagram,Beyond,Desktop,Firefox,MacOS,/home
6d8e33e0-b1df-4841-8136-55253c666a33,2026_W27,S4125,U19276,2026-07-04 02:33:16,2026-07-04 02:52:16,Email,Anything,Tablet,Safari,Windows,/home
6d8e33e0-b1df-4841-8136-55253c666a33,2026_W27,S4126,U9856,2026-07-04 22:53:38,2026-07-04 23:04:38,Instagram,Fine,Mobile,Safari,MacOS,/products
6d8e33e0-b1df-4841-8136-55253c666a33,2026_W27,S4127,U21844,2026-07-03 06:49:27,2026-07-03 06:52:27,Organic,Respond,Tablet,Firefox,iOS,/products
6d8e33e0-b1df-4841-8136-55253c666a33,2026_W27,S4128,U28186,2026-07-02 09:15:22,2026-07-02 09:37:22,Direct,Community,Desktop,Firefox,Windows,/products
6d8e33e0-b1df-4841-8136-55253c666a33,2026_W27,S4129,U4207,2026-07-03 08:50:27,2026-07-03 09:29:27,Instagram,Power,Tablet,Edge,Android,/products
6d8e33e0-b1df-4841-8136-55253c666a33,2026_W27,S4130,U28540,2026-07-02 22:01:57,2026-07-02 22:16:57,Direct,Else,Mobile,Chrome,Android,/products
6d8e33e0-b1df-4841-8136-55253c666a33,2026_W27,S4131,U28624,2026-07-04 21:50:35,2026-07-04 22:24:35,Direct,Go,Mobile,Edge,Android,/offers
6d8e33e0-b1df-4841-8136-55253c666a33,2026_W27,S4132,U2062,2026-07-03 16:38:50,2026-07-03 17:08:50,Google Ads,Able,Desktop,Firefox,iOS,/products
6d8e33e0-b1df-4841-8136-55253c666a33,2026_W27,S4133,U15298,2026-06-29 22:15:42,2026-06-29 22:17:42,Direct,Officer,Desktop,Safari,MacOS,/home
6d8e33e0-b1df-4841-8136-55253c666a33,2026_W27,S4134,U13712,2026-07-05 00:36:37,2026-07-05 00:41:37,Instagram,Mean,Mobile,Safari,MacOS,/products
6d8e33e0-b1df-4841-8136-55253c666a33,2026_W27,S4135,U27620,2026-07-04 11:30:27,2026-07-04 11:52:27,Instagram,Success,Tablet,Edge,iOS,/offers
6d8e33e0-b1df-4841-8136-55253c666a33,2026_W27,S4136,U22029,2026-07-04 17:49:43,2026-07-04 18:17:43,Direct,Reach,Desktop,Edge,Android,/home
6d8e33e0-b1df-4841-8136-55253c666a33,2026_W27,S4137,U34626,2026-07-01 19:26:02,2026-07-01 19:31:02,Instagram,Everything,Desktop,Safari,MacOS,/offers
6d8e33e0-b1df-4841-8136-55253c666a33,2026_W27,S4138,U11526,2026-07-04 01:18:32,2026-07-04 01:29:32,Organic,Adult,Tablet,Safari,Windows,/home
6d8e33e0-b1df-4841-8136-55253c666a33,2026_W27,S4139,U29633,2026-07-04 15:48:23,2026-07-04 16:12:23,Organic,From,Desktop,Chrome,Android,/home
6d8e33e0-b1df-4841-8136-55253c666a33,2026_W27,S4140,U8833,2026-06-29 22:58:58,2026-06-29 23:27:58,Organic,Available,Mobile,Edge,Android,/offers
6d8e33e0-b1df-4841-8136-55253c666a33,2026_W27,S4141,U12397,2026-07-05 04:15:02,2026-07-05 04:37:02,Email,Force,Tablet,Edge,Android,/offers
6d8e33e0-b1df-4841-8136-55253c666a33,2026_W27,S4142,U21054,2026-07-03 10:57:18,2026-07-03 11:19:18,Google Ads,Ground,Tablet,Firefox,MacOS,/products
6d8e33e0-b1df-4841-8136-55253c666a33,2026_W27,S4143,U1312,2026-07-05 08:37:03,2026-07-05 08:49:03,Email,National,Tablet,Chrome,Windows,/products
6d8e33e0-b1df-4841-8136-55253c666a33,2026_W27,S4144,U29094,2026-07-01 02:32:03,2026-07-01 02:38:03,Facebook,Letter,Desktop,Safari,iOS,/products
6d8e33e0-b1df-4841-8136-55253c666a33,2026_W27,S4145,U3843,2026-07-04 21:03:27,2026-07-04 21:28:27,Facebook,Arrive,Mobile,Firefox,MacOS,/offers
6d8e33e0-b1df-4841-8136-55253c666a33,2026_W27,S4146,U12411,2026-07-04 07:49:00,2026-07-04 08:28:00,Direct,Most,Desktop,Safari,MacOS,/offers
6d8e33e0-b1df-4841-8136-55253c666a33,2026_W27,S4147,U15257,2026-06-30 22:09:41,2026-06-30 22:47:41,Facebook,Role,Mobile,Chrome,MacOS,/products
6d8e33e0-b1df-4841-8136-55253c666a33,2026_W27,S4148,U18056,2026-07-04 14:16:27,2026-07-04 14:44:27,Instagram,Vote,Desktop,Edge,iOS,/offers
6d8e33e0-b1df-4841-8136-55253c666a33,2026_W27,S4149,U11967,2026-07-04 06:46:48,2026-07-04 06:53:48,Google Ads,Imagine,Desktop,Firefox,iOS,/products
6d8e33e0-b1df-4841-8136-55253c666a33,2026_W27,S4150,U31046,2026-07-04 20:43:01,2026-07-04 20:54:01,Email,Pay,Desktop,Edge,iOS,/home
6d8e33e0-b1df-4841-8136-55253c666a33,2026_W27,S4151,U34551,2026-07-04 15:15:45,2026-07-04 15:36:45,Instagram,Instead,Tablet,Firefox,iOS,/offers
6d8e33e0-b1df-4841-8136-55253c666a33,2026_W27,S4152,U16923,2026-07-01 23:00:05,2026-07-01 23:22:05,Facebook,Agree,Tablet,Edge,Windows,/offers
6d8e33e0-b1df-4841-8136-55253c666a33,2026_W27,S4153,U2405,2026-07-02 13:47:58,2026-07-02 14:17:58,Organic,Determine,Mobile,Chrome,Android,/products
6d8e33e0-b1df-4841-8136-55253c666a33,2026_W27,S4154,U255,2026-06-30 07:25:02,2026-06-30 08:03:02,Direct,Well,Mobile,Chrome,MacOS,/offers
6d8e33e0-b1df-4841-8136-55253c666a33,2026_W27,S4155,U9294,2026-07-02 07:05:07,2026-07-02 07:10:07,Organic,Theory,Tablet,Safari,Android,/offers
6d8e33e0-b1df-4841-8136-55253c666a33,2026_W27,S4156,U8776,2026-06-29 17:50:22,2026-06-29 18:17:22,Organic,Require,Mobile,Safari,Windows,/home
6d8e33e0-b1df-4841-8136-55253c666a33,2026_W27,S4157,U24576,2026-07-03 02:35:41,2026-07-03 03:02:41,Google Ads,Decide,Tablet,Edge,iOS,/products
6d8e33e0-b1df-4841-8136-55253c666a33,2026_W27,S4158,U24497,2026-07-04 04:00:30,2026-07-04 04:34:30,Email,Travel,Mobile,Chrome,MacOS,/offers
6d8e33e0-b1df-4841-8136-55253c666a33,2026_W27,S4159,U14668,2026-07-03 02:40:34,2026-07-03 03:07:34,Email,Job,Tablet,Firefox,Windows,/home
6d8e33e0-b1df-4841-8136-55253c666a33,2026_W27,S4160,U9957,2026-07-04 22:23:45,2026-07-04 22:53:45,Email,Administration,Mobile,Edge,Windows,/products
6d8e33e0-b1df-4841-8136-55253c666a33,2026_W27,S4161,U31921,2026-06-30 02:50:00,2026-06-30 03:09:00,Email,Establish,Tablet,Chrome,Android,/offers
6d8e33e0-b1df-4841-8136-55253c666a33,2026_W27,S4162,U18532,2026-06-30 16:48:39,2026-06-30 17:06:39,Organic,Community,Mobile,Firefox,Windows,/home
6d8e33e0-b1df-4841-8136-55253c666a33,2026_W27,S4163,U28310,2026-07-01 13:57:09,2026-07-01 14:36:09,Direct,Food,Desktop,Edge,Windows,/offers
6d8e33e0-b1df-4841-8136-55253c666a33,2026_W27,S4164,U12087,2026-07-04 15:34:03,2026-07-04 16:11:03,Direct,Political,Desktop,Edge,MacOS,/products
6d8e33e0-b1df-4841-8136-55253c666a33,2026_W27,S4165,U24433,2026-07-02 20:57:24,2026-07-02 21:33:24,Direct,Edge,Desktop,Firefox,Android,/offers
6d8e33e0-b1df-4841-8136-55253c666a33,2026_W27,S4166,U2795,2026-06-29 16:50:27,2026-06-29 17:03:27,Instagram,Current,Desktop,Edge,MacOS,/products
6d8e33e0-b1df-4841-8136-55253c666a33,2026_W27,S4167,U4301,2026-07-04 07:18:30,2026-07-04 07:28:30,Facebook,Send,Tablet,Firefox,MacOS,/home
6d8e33e0-b1df-4841-8136-55253c666a33,2026_W27,S4168,U33842,2026-06-30 09:06:57,2026-06-30 09:21:57,Direct,Apply,Tablet,Edge,Windows,/products
6d8e33e0-b1df-4841-8136-55253c666a33,2026_W27,S4169,U4054,2026-07-01 03:29:55,2026-07-01 03:59:55,Facebook,Bad,Tablet,Safari,MacOS,/home
6d8e33e0-b1df-4841-8136-55253c666a33,2026_W27,S4170,U27434,2026-07-03 17:19:40,2026-07-03 17:22:40,Instagram,Main,Tablet,Firefox,Windows,/home
6d8e33e0-b1df-4841-8136-55253c666a33,2026_W27,S4171,U9969,2026-07-02 07:32:52,2026-07-02 07:33:52,Email,Baby,Tablet,Chrome,iOS,/products
6d8e33e0-b1df-4841-8136-55253c666a33,2026_W27,S4172,U25558,2026-07-03 12:48:41,2026-07-03 13:06:41,Facebook,Under,Mobile,Edge,Android,/products
6d8e33e0-b1df-4841-8136-55253c666a33,2026_W27,S4173,U27245,2026-07-01 09:46:59,2026-07-01 09:58:59,Facebook,Late,Mobile,Firefox,iOS,/products
6d8e33e0-b1df-4841-8136-55253c666a33,2026_W27,S4174,U13291,2026-07-03 06:42:40,2026-07-03 06:50:40,Organic,Else,Mobile,Safari,Windows,/offers
6d8e33e0-b1df-4841-8136-55253c666a33,2026_W27,S4175,U13720,2026-07-01 19:07:56,2026-07-01 19:11:56,Direct,Station,Desktop,Edge,iOS,/products
6d8e33e0-b1df-4841-8136-55253c666a33,2026_W27,S4176,U31694,2026-06-29 18:22:34,2026-06-29 18:31:34,Google Ads,Win,Tablet,Safari,iOS,/offers
6d8e33e0-b1df-4841-8136-55253c666a33,2026_W27,S4177,U30428,2026-06-29 19:44:16,2026-06-29 19:55:16,Instagram,Rate,Tablet,Safari,Android,/home
6d8e33e0-b1df-4841-8136-55253c666a33,2026_W27,S4178,U4930,2026-07-03 22:30:17,2026-07-03 22:56:17,Direct,Analysis,Desktop,Safari,Android,/offers
6d8e33e0-b1df-4841-8136-55253c666a33,2026_W27,S4179,U22318,2026-07-01 07:21:22,2026-07-01 07:43:22,Facebook,Community,Mobile,Chrome,Windows,/products
6d8e33e0-b1df-4841-8136-55253c666a33,2026_W27,S4180,U5532,2026-07-01 22:26:01,2026-07-01 22:55:01,Email,Let,Tablet,Safari,iOS,/products
6d8e33e0-b1df-4841-8136-55253c666a33,2026_W27,S4181,U27174,2026-07-03 22:14:40,2026-07-03 22:17:40,Direct,Clear,Desktop,Edge,iOS,/home
6d8e33e0-b1df-4841-8136-55253c666a33,2026_W27,S4182,U1056,2026-07-05 04:03:56,2026-07-05 04:12:56,Instagram,Never,Desktop,Chrome,MacOS,/home
6d8e33e0-b1df-4841-8136-55253c666a33,2026_W27,S4183,U32218,2026-07-03 19:07:24,2026-07-03 19:17:24,Email,Example,Tablet,Chrome,Android,/products
6d8e33e0-b1df-4841-8136-55253c666a33,2026_W27,S4184,U24686,2026-06-29 17:07:31,2026-06-29 17:09:31,Google Ads,Expert,Mobile,Edge,Windows,/offers
6d8e33e0-b1df-4841-8136-55253c666a33,2026_W27,S4185,U12329,2026-07-02 14:05:21,2026-07-02 14:42:21,Direct,Vote,Tablet,Firefox,Windows,/products
6d8e33e0-b1df-4841-8136-55253c666a33,2026_W27,S4186,U7510,2026-06-30 00:22:08,2026-06-30 00:27:08,Instagram,Future,Mobile,Firefox,MacOS,/home
6d8e33e0-b1df-4841-8136-55253c666a33,2026_W27,S4187,U4468,2026-06-30 08:31:21,2026-06-30 09:01:21,Facebook,Only,Tablet,Safari,Windows,/home
6d8e33e0-b1df-4841-8136-55253c666a33,2026_W27,S4188,U24843,2026-07-04 08:46:06,2026-07-04 09:13:06,Google Ads,Sound,Tablet,Edge,MacOS,/offers
6d8e33e0-b1df-4841-8136-55253c666a33,2026_W27,S4189,U11131,2026-07-04 08:52:13,2026-07-04 09:14:13,Facebook,Much,Tablet,Firefox,Windows,/products
6d8e33e0-b1df-4841-8136-55253c666a33,2026_W27,S4190,U22801,2026-07-03 06:17:35,2026-07-03 06:53:35,Facebook,Those,Mobile,Edge,Windows,/products
6d8e33e0-b1df-4841-8136-55253c666a33,2026_W27,S4191,U27290,2026-07-02 19:12:45,2026-07-02 19:34:45,Organic,Effect,Desktop,Chrome,iOS,/offers
6d8e33e0-b1df-4841-8136-55253c666a33,2026_W27,S4192,U32599,2026-07-04 06:04:00,2026-07-04 06:21:00,Organic,Inside,Mobile,Safari,Android,/offers
6d8e33e0-b1df-4841-8136-55253c666a33,2026_W27,S4193,U15991,2026-07-02 21:29:25,2026-07-02 22:00:25,Email,Toward,Tablet,Safari,Android,/offers
6d8e33e0-b1df-4841-8136-55253c666a33,2026_W27,S4194,U30236,2026-07-05 05:38:52,2026-07-05 05:55:52,Direct,Line,Desktop,Firefox,Android,/offers
6d8e33e0-b1df-4841-8136-55253c666a33,2026_W27,S4195,U20928,2026-07-01 05:44:07,2026-07-01 05:59:07,Organic,Born,Mobile,Edge,iOS,/home
6d8e33e0-b1df-4841-8136-55253c666a33,2026_W27,S4196,U17201,2026-07-02 01:41:04,2026-07-02 01:47:04,Organic,Reflect,Desktop,Chrome,iOS,/home
6d8e33e0-b1df-4841-8136-55253c666a33,2026_W27,S4197,U12100,2026-07-01 11:10:13,2026-07-01 11:40:13,Organic,Peace,Tablet,Chrome,Windows,/products
6d8e33e0-b1df-4841-8136-55253c666a33,2026_W27,S4198,U34029,2026-07-04 21:30:56,2026-07-04 21:39:56,Email,Certainly,Tablet,Edge,iOS,/home
6d8e33e0-b1df-4841-8136-55253c666a33,2026_W27,S4199,U24854,2026-07-04 19:51:21,2026-07-04 20:11:21,Email,Husband,Desktop,Edge,Windows,/products
6d8e33e0-b1df-4841-8136-55253c666a33,2026_W27,S4200,U4852,2026-07-02 09:45:13,2026-07-02 09:49:13,Instagram,Size,Mobile,Firefox,Windows,/home
6d8e33e0-b1df-4841-8136-55253c666a33,2026_W27,S4201,U8889,2026-07-04 12:15:31,2026-07-04 12:27:31,Organic,Week,Tablet,Chrome,Windows,/offers
6d8e33e0-b1df-4841-8136-55253c666a33,2026_W27,S4202,U4547,2026-07-01 17:27:37,2026-07-01 17:41:37,Organic,Note,Tablet,Edge,iOS,/offers
6d8e33e0-b1df-4841-8136-55253c666a33,2026_W27,S4203,U9438,2026-07-03 04:09:35,2026-07-03 04:40:35,Organic,Right,Mobile,Firefox,Windows,/home
6d8e33e0-b1df-4841-8136-55253c666a33,2026_W27,S4204,U2412,2026-06-30 03:43:02,2026-06-30 04:14:02,Instagram,Time,Mobile,Safari,iOS,/offers
6d8e33e0-b1df-4841-8136-55253c666a33,2026_W27,S4205,U10527,2026-07-03 00:02:07,2026-07-03 00:41:07,Facebook,Require,Mobile,Safari,iOS,/offers
6d8e33e0-b1df-4841-8136-55253c666a33,2026_W27,S4206,U1449,2026-07-02 16:47:38,2026-07-02 17:06:38,Instagram,Strategy,Desktop,Chrome,Android,/home
6d8e33e0-b1df-4841-8136-55253c666a33,2026_W27,S4207,U23124,2026-07-03 14:52:33,2026-07-03 14:58:33,Google Ads,Successful,Desktop,Firefox,MacOS,/offers
6d8e33e0-b1df-4841-8136-55253c666a33,2026_W27,S4208,U31391,2026-07-04 12:00:43,2026-07-04 12:30:43,Facebook,Player,Mobile,Chrome,MacOS,/products
6d8e33e0-b1df-4841-8136-55253c666a33,2026_W27,S4209,U21745,2026-06-30 06:23:36,2026-06-30 06:35:36,Google Ads,Message,Mobile,Edge,iOS,/products
6d8e33e0-b1df-4841-8136-55253c666a33,2026_W27,S4210,U28680,2026-07-03 09:47:09,2026-07-03 10:22:09,Google Ads,Always,Desktop,Edge,Windows,/home
6d8e33e0-b1df-4841-8136-55253c666a33,2026_W27,S4211,U20588,2026-07-03 22:42:36,2026-07-03 23:09:36,Facebook,Cold,Mobile,Firefox,MacOS,/products
6d8e33e0-b1df-4841-8136-55253c666a33,2026_W27,S4212,U12907,2026-07-01 14:01:28,2026-07-01 14:37:28,Facebook,Bad,Desktop,Firefox,Android,/offers
6d8e33e0-b1df-4841-8136-55253c666a33,2026_W27,S4213,U19562,2026-06-30 08:09:40,2026-06-30 08:34:40,Facebook,Free,Mobile,Chrome,Windows,/products
6d8e33e0-b1df-4841-8136-55253c666a33,2026_W27,S4214,U23673,2026-06-30 13:24:37,2026-06-30 13:39:37,Organic,Light,Mobile,Safari,Android,/products
6d8e33e0-b1df-4841-8136-55253c666a33,2026_W27,S4215,U33244,2026-06-30 08:15:57,2026-06-30 08:23:57,Organic,Nature,Tablet,Firefox,Windows,/offers
6d8e33e0-b1df-4841-8136-55253c666a33,2026_W27,S4216,U19129,2026-06-30 02:53:41,2026-06-30 03:10:41,Organic,Your,Mobile,Firefox,Windows,/home
6d8e33e0-b1df-4841-8136-55253c666a33,2026_W27,S4217,U3742,2026-07-04 08:40:25,2026-07-04 08:51:25,Facebook,Sure,Desktop,Safari,iOS,/offers
6d8e33e0-b1df-4841-8136-55253c666a33,2026_W27,S4218,U9342,2026-06-30 05:14:47,2026-06-30 05:26:47,Instagram,Bill,Mobile,Edge,iOS,/home
6d8e33e0-b1df-4841-8136-55253c666a33,2026_W27,S4219,U13725,2026-06-30 07:15:01,2026-06-30 07:30:01,Email,Bring,Tablet,Chrome,Android,/offers
6d8e33e0-b1df-4841-8136-55253c666a33,2026_W27,S4220,U3318,2026-07-04 16:27:50,2026-07-04 16:54:50,Instagram,Behind,Desktop,Edge,Windows,/offers
6d8e33e0-b1df-4841-8136-55253c666a33,2026_W27,S4221,U32739,2026-07-02 15:04:50,2026-07-02 15:21:50,Email,Treatment,Mobile,Chrome,iOS,/offers
6d8e33e0-b1df-4841-8136-55253c666a33,2026_W27,S4222,U1210,2026-07-02 10:58:22,2026-07-02 11:08:22,Email,Show,Mobile,Edge,MacOS,/home
6d8e33e0-b1df-4841-8136-55253c666a33,2026_W27,S4223,U30846,2026-06-30 20:49:15,2026-06-30 20:54:15,Facebook,End,Desktop,Chrome,Windows,/home
6d8e33e0-b1df-4841-8136-55253c666a33,2026_W27,S4224,U672,2026-06-30 10:33:27,2026-06-30 11:03:27,Email,Piece,Desktop,Firefox,iOS,/products
6d8e33e0-b1df-4841-8136-55253c666a33,2026_W27,S4225,U15051,2026-07-02 22:43:24,2026-07-02 23:07:24,Facebook,Cold,Tablet,Chrome,Windows,/home
6d8e33e0-b1df-4841-8136-55253c666a33,2026_W27,S4226,U4609,2026-06-30 06:13:47,2026-06-30 06:40:47,Google Ads,President,Mobile,Safari,Android,/offers
6d8e33e0-b1df-4841-8136-55253c666a33,2026_W27,S4227,U26311,2026-06-30 02:56:30,2026-06-30 02:59:30,Email,Game,Desktop,Chrome,Android,/offers
6d8e33e0-b1df-4841-8136-55253c666a33,2026_W27,S4228,U7963,2026-07-01 05:51:20,2026-07-01 05:58:20,Instagram,Feel,Desktop,Chrome,MacOS,/home
6d8e33e0-b1df-4841-8136-55253c666a33,2026_W27,S4229,U7606,2026-07-04 22:38:49,2026-07-04 23:10:49,Direct,Focus,Tablet,Edge,Windows,/home
6d8e33e0-b1df-4841-8136-55253c666a33,2026_W27,S4230,U9144,2026-07-02 02:00:06,2026-07-02 02:15:06,Organic,Wind,Mobile,Safari,MacOS,/home
6d8e33e0-b1df-4841-8136-55253c666a33,2026_W27,S4231,U24758,2026-07-03 12:17:58,2026-07-03 12:32:58,Instagram,Record,Desktop,Edge,Windows,/products
6d8e33e0-b1df-4841-8136-55253c666a33,2026_W27,S4232,U18405,2026-07-01 15:23:35,2026-07-01 15:49:35,Email,Lead,Tablet,Safari,Android,/home
6d8e33e0-b1df-4841-8136-55253c666a33,2026_W27,S4233,U22758,2026-07-01 13:22:22,2026-07-01 13:57:22,Google Ads,Create,Mobile,Firefox,Windows,/home
6d8e33e0-b1df-4841-8136-55253c666a33,2026_W27,S4234,U15839,2026-07-02 02:52:28,2026-07-02 02:56:28,Organic,Number,Tablet,Chrome,iOS,/home
6d8e33e0-b1df-4841-8136-55253c666a33,2026_W27,S4235,U34252,2026-07-05 06:03:28,2026-07-05 06:33:28,Direct,Happy,Tablet,Edge,iOS,/products
6d8e33e0-b1df-4841-8136-55253c666a33,2026_W27,S4236,U6170,2026-06-29 17:20:49,2026-06-29 17:42:49,Instagram,Head,Mobile,Safari,Windows,/offers
6d8e33e0-b1df-4841-8136-55253c666a33,2026_W27,S4237,U444,2026-07-03 17:47:06,2026-07-03 18:19:06,Organic,Talk,Desktop,Chrome,iOS,/products
6d8e33e0-b1df-4841-8136-55253c666a33,2026_W27,S4238,U23242,2026-06-30 00:34:20,2026-06-30 00:45:20,Google Ads,Successful,Mobile,Safari,iOS,/products
6d8e33e0-b1df-4841-8136-55253c666a33,2026_W27,S4239,U8926,2026-07-04 03:24:01,2026-07-04 03:58:01,Organic,Mind,Tablet,Edge,Android,/home
6d8e33e0-b1df-4841-8136-55253c666a33,2026_W27,S4240,U7739,2026-07-05 06:52:39,2026-07-05 07:17:39,Facebook,Education,Tablet,Safari,iOS,/offers
6d8e33e0-b1df-4841-8136-55253c666a33,2026_W27,S4241,U20696,2026-07-05 05:08:33,2026-07-05 05:26:33,Email,Prepare,Tablet,Firefox,Android,/home
6d8e33e0-b1df-4841-8136-55253c666a33,2026_W27,S4242,U226,2026-07-01 05:35:06,2026-07-01 06:00:06,Organic,Reach,Desktop,Chrome,iOS,/products
6d8e33e0-b1df-4841-8136-55253c666a33,2026_W27,S4243,U4764,2026-06-30 17:08:26,2026-06-30 17:44:26,Instagram,Organization,Tablet,Chrome,Windows,/products
6d8e33e0-b1df-4841-8136-55253c666a33,2026_W27,S4244,U32264,2026-07-04 19:19:34,2026-07-04 19:25:34,Organic,Shake,Mobile,Chrome,Android,/products
6d8e33e0-b1df-4841-8136-55253c666a33,2026_W27,S4245,U5149,2026-06-30 03:51:33,2026-06-30 04:08:33,Organic,Attention,Mobile,Edge,Windows,/products
6d8e33e0-b1df-4841-8136-55253c666a33,2026_W27,S4246,U16901,2026-07-02 23:28:09,2026-07-02 23:57:09,Instagram,Leave,Tablet,Safari,Windows,/products
6d8e33e0-b1df-4841-8136-55253c666a33,2026_W27,S4247,U23034,2026-06-30 10:15:09,2026-06-30 10:24:09,Email,Magazine,Desktop,Firefox,Android,/offers
6d8e33e0-b1df-4841-8136-55253c666a33,2026_W27,S4248,U10924,2026-07-03 19:23:43,2026-07-03 19:44:43,Email,Budget,Tablet,Firefox,MacOS,/products
6d8e33e0-b1df-4841-8136-55253c666a33,2026_W27,S4249,U2750,2026-07-04 03:05:09,2026-07-04 03:07:09,Facebook,Spend,Tablet,Safari,MacOS,/products
6d8e33e0-b1df-4841-8136-55253c666a33,2026_W27,S4250,U11243,2026-07-02 05:10:54,2026-07-02 05:29:54,Organic,Concern,Mobile,Safari,Windows,/products
6d8e33e0-b1df-4841-8136-55253c666a33,2026_W27,S4251,U27904,2026-06-30 04:43:44,2026-06-30 04:47:44,Instagram,Can,Tablet,Safari,Windows,/offers
6d8e33e0-b1df-4841-8136-55253c666a33,2026_W27,S4252,U28170,2026-07-03 13:02:21,2026-07-03 13:04:21,Organic,Space,Tablet,Firefox,iOS,/products
6d8e33e0-b1df-4841-8136-55253c666a33,2026_W27,S4253,U25176,2026-07-02 07:05:48,2026-07-02 07:08:48,Instagram,Policy,Desktop,Edge,Windows,/products
6d8e33e0-b1df-4841-8136-55253c666a33,2026_W27,S4254,U19592,2026-07-02 05:37:03,2026-07-02 06:14:03,Google Ads,Difficult,Desktop,Chrome,Windows,/offers
6d8e33e0-b1df-4841-8136-55253c666a33,2026_W27,S4255,U11331,2026-07-03 11:21:14,2026-07-03 11:24:14,Google Ads,Stand,Desktop,Chrome,Android,/home
6d8e33e0-b1df-4841-8136-55253c666a33,2026_W27,S4256,U104,2026-06-30 19:21:05,2026-06-30 19:35:05,Facebook,Natural,Tablet,Edge,iOS,/offers
6d8e33e0-b1df-4841-8136-55253c666a33,2026_W27,S4257,U29588,2026-06-30 15:53:48,2026-06-30 16:19:48,Google Ads,Wait,Desktop,Safari,iOS,/offers
6d8e33e0-b1df-4841-8136-55253c666a33,2026_W27,S4258,U21218,2026-06-30 12:07:15,2026-06-30 12:41:15,Google Ads,Kind,Tablet,Firefox,Windows,/products
6d8e33e0-b1df-4841-8136-55253c666a33,2026_W27,S4259,U1778,2026-06-30 13:14:12,2026-06-30 13:36:12,Direct,Politics,Desktop,Chrome,Android,/offers
6d8e33e0-b1df-4841-8136-55253c666a33,2026_W27,S4260,U28597,2026-07-01 23:21:22,2026-07-01 23:36:22,Email,Image,Desktop,Firefox,Android,/products
6d8e33e0-b1df-4841-8136-55253c666a33,2026_W27,S4261,U10089,2026-06-30 14:15:42,2026-06-30 14:45:42,Instagram,Age,Mobile,Edge,MacOS,/offers
6d8e33e0-b1df-4841-8136-55253c666a33,2026_W27,S4262,U34183,2026-07-02 05:30:25,2026-07-02 05:55:25,Facebook,Until,Mobile,Firefox,iOS,/home
6d8e33e0-b1df-4841-8136-55253c666a33,2026_W27,S4263,U20541,2026-07-02 06:07:14,2026-07-02 06:45:14,Google Ads,Act,Mobile,Chrome,iOS,/home
6d8e33e0-b1df-4841-8136-55253c666a33,2026_W27,S4264,U3747,2026-06-29 18:08:55,2026-06-29 18:20:55,Instagram,Son,Tablet,Chrome,iOS,/offers
6d8e33e0-b1df-4841-8136-55253c666a33,2026_W27,S4265,U239,2026-06-30 01:26:42,2026-06-30 01:36:42,Facebook,Me,Desktop,Safari,MacOS,/offers
6d8e33e0-b1df-4841-8136-55253c666a33,2026_W27,S4266,U27443,2026-07-01 03:16:33,2026-07-01 03:28:33,Email,Peace,Desktop,Chrome,iOS,/home
6d8e33e0-b1df-4841-8136-55253c666a33,2026_W27,S4267,U4262,2026-06-30 16:56:50,2026-06-30 17:22:50,Organic,Media,Mobile,Firefox,Android,/home
6d8e33e0-b1df-4841-8136-55253c666a33,2026_W27,S4268,U31164,2026-06-30 16:36:34,2026-06-30 17:06:34,Facebook,Might,Tablet,Chrome,iOS,/products
6d8e33e0-b1df-4841-8136-55253c666a33,2026_W27,S4269,U8761,2026-07-01 09:01:15,2026-07-01 09:19:15,Google Ads,Institution,Desktop,Chrome,Android,/offers
6d8e33e0-b1df-4841-8136-55253c666a33,2026_W27,S4270,U29951,2026-06-29 20:01:43,2026-06-29 20:31:43,Google Ads,While,Tablet,Firefox,iOS,/home
6d8e33e0-b1df-4841-8136-55253c666a33,2026_W27,S4271,U17657,2026-06-29 20:51:37,2026-06-29 20:56:37,Google Ads,Artist,Tablet,Edge,Windows,/products
6d8e33e0-b1df-4841-8136-55253c666a33,2026_W27,S4272,U18846,2026-06-30 02:40:30,2026-06-30 02:48:30,Facebook,Like,Mobile,Edge,Android,/offers
6d8e33e0-b1df-4841-8136-55253c666a33,2026_W27,S4273,U31244,2026-07-01 01:45:23,2026-07-01 01:47:23,Direct,Local,Tablet,Edge,Windows,/offers
6d8e33e0-b1df-4841-8136-55253c666a33,2026_W27,S4274,U33150,2026-07-02 12:23:19,2026-07-02 12:29:19,Google Ads,Much,Tablet,Chrome,Android,/offers
6d8e33e0-b1df-4841-8136-55253c666a33,2026_W27,S4275,U7916,2026-07-02 22:23:41,2026-07-02 22:37:41,Google Ads,Whole,Mobile,Firefox,MacOS,/offers
6d8e33e0-b1df-4841-8136-55253c666a33,2026_W27,S4276,U24792,2026-07-02 20:49:04,2026-07-02 20:50:04,Google Ads,Appear,Desktop,Edge,iOS,/home
6d8e33e0-b1df-4841-8136-55253c666a33,2026_W27,S4277,U14386,2026-07-02 20:47:01,2026-07-02 21:20:01,Facebook,Right,Tablet,Safari,iOS,/products
6d8e33e0-b1df-4841-8136-55253c666a33,2026_W27,S4278,U28470,2026-07-01 09:13:12,2026-07-01 09:29:12,Instagram,Understand,Mobile,Firefox,Android,/products
6d8e33e0-b1df-4841-8136-55253c666a33,2026_W27,S4279,U17511,2026-07-04 21:29:06,2026-07-04 21:47:06,Organic,Successful,Mobile,Edge,Windows,/offers
6d8e33e0-b1df-4841-8136-55253c666a33,2026_W27,S4280,U10309,2026-07-04 10:32:34,2026-07-04 10:57:34,Google Ads,Man,Mobile,Edge,Android,/offers
6d8e33e0-b1df-4841-8136-55253c666a33,2026_W27,S4281,U4341,2026-07-02 23:24:36,2026-07-02 23:36:36,Direct,Any,Tablet,Firefox,Windows,/products
6d8e33e0-b1df-4841-8136-55253c666a33,2026_W27,S4282,U4690,2026-07-05 03:29:19,2026-07-05 03:33:19,Direct,Future,Mobile,Safari,Android,/offers
6d8e33e0-b1df-4841-8136-55253c666a33,2026_W27,S4283,U31847,2026-06-29 17:10:48,2026-06-29 17:19:48,Direct,Former,Mobile,Firefox,MacOS,/home
6d8e33e0-b1df-4841-8136-55253c666a33,2026_W27,S4284,U12926,2026-07-04 23:18:10,2026-07-04 23:39:10,Email,Smile,Tablet,Firefox,iOS,/products
6d8e33e0-b1df-4841-8136-55253c666a33,2026_W27,S4285,U8462,2026-07-03 13:20:44,2026-07-03 13:34:44,Organic,Page,Desktop,Safari,Windows,/offers
6d8e33e0-b1df-4841-8136-55253c666a33,2026_W27,S4286,U4587,2026-06-30 00:00:54,2026-06-30 00:22:54,Email,Decade,Mobile,Safari,Windows,/offers
6d8e33e0-b1df-4841-8136-55253c666a33,2026_W27,S4287,U8948,2026-07-02 01:05:03,2026-07-02 01:30:03,Google Ads,By,Desktop,Chrome,Windows,/home
6d8e33e0-b1df-4841-8136-55253c666a33,2026_W27,S4288,U5711,2026-07-04 22:29:58,2026-07-04 22:38:58,Google Ads,Own,Desktop,Firefox,MacOS,/products
6d8e33e0-b1df-4841-8136-55253c666a33,2026_W27,S4289,U13938,2026-06-30 14:12:54,2026-06-30 14:31:54,Google Ads,Discover,Mobile,Safari,Windows,/offers
6d8e33e0-b1df-4841-8136-55253c666a33,2026_W27,S4290,U14500,2026-07-02 14:16:26,2026-07-02 14:20:26,Instagram,Much,Desktop,Edge,MacOS,/home
6d8e33e0-b1df-4841-8136-55253c666a33,2026_W27,S4291,U12780,2026-07-02 15:44:53,2026-07-02 16:10:53,Instagram,Shoulder,Tablet,Safari,Windows,/products
6d8e33e0-b1df-4841-8136-55253c666a33,2026_W27,S4292,U26709,2026-07-02 12:31:12,2026-07-02 12:34:12,Organic,Listen,Tablet,Edge,Windows,/products
6d8e33e0-b1df-4841-8136-55253c666a33,2026_W27,S4293,U7643,2026-07-03 10:50:26,2026-07-03 11:14:26,Email,Ball,Desktop,Chrome,Android,/products
6d8e33e0-b1df-4841-8136-55253c666a33,2026_W27,S4294,U32394,2026-06-30 12:07:11,2026-06-30 12:47:11,Direct,Debate,Desktop,Chrome,iOS,/products
6d8e33e0-b1df-4841-8136-55253c666a33,2026_W27,S4295,U882,2026-07-04 21:58:34,2026-07-04 22:21:34,Direct,Onto,Desktop,Edge,iOS,/products
6d8e33e0-b1df-4841-8136-55253c666a33,2026_W27,S4296,U4039,2026-06-29 20:38:12,2026-06-29 20:44:12,Facebook,Price,Mobile,Edge,iOS,/offers
6d8e33e0-b1df-4841-8136-55253c666a33,2026_W27,S4297,U18704,2026-07-01 03:59:00,2026-07-01 04:11:00,Email,Glass,Mobile,Edge,Android,/products
6d8e33e0-b1df-4841-8136-55253c666a33,2026_W27,S4298,U21514,2026-07-05 01:20:41,2026-07-05 01:22:41,Google Ads,Produce,Tablet,Safari,Windows,/offers
6d8e33e0-b1df-4841-8136-55253c666a33,2026_W27,S4299,U14888,2026-06-30 20:30:24,2026-06-30 20:53:24,Email,American,Mobile,Firefox,iOS,/offers
6d8e33e0-b1df-4841-8136-55253c666a33,2026_W27,S4300,U3857,2026-07-02 02:42:05,2026-07-02 03:05:05,Organic,Fight,Mobile,Firefox,Android,/offers
6d8e33e0-b1df-4841-8136-55253c666a33,2026_W27,S4301,U31658,2026-07-02 08:45:07,2026-07-02 09:20:07,Instagram,Suggest,Mobile,Firefox,iOS,/home
6d8e33e0-b1df-4841-8136-55253c666a33,2026_W27,S4302,U32965,2026-07-02 20:43:18,2026-07-02 20:53:18,Google Ads,People,Mobile,Chrome,Windows,/products
6d8e33e0-b1df-4841-8136-55253c666a33,2026_W27,S4303,U14338,2026-06-30 20:26:43,2026-06-30 21:01:43,Email,Series,Tablet,Edge,iOS,/home
6d8e33e0-b1df-4841-8136-55253c666a33,2026_W27,S4304,U27570,2026-06-30 10:02:47,2026-06-30 10:27:47,Facebook,Ago,Mobile,Chrome,Android,/products
6d8e33e0-b1df-4841-8136-55253c666a33,2026_W27,S4305,U12390,2026-07-02 19:55:26,2026-07-02 20:25:26,Google Ads,Respond,Mobile,Firefox,Android,/offers
6d8e33e0-b1df-4841-8136-55253c666a33,2026_W27,S4306,U33998,2026-06-30 10:16:42,2026-06-30 10:21:42,Facebook,Tend,Tablet,Firefox,Android,/offers
6d8e33e0-b1df-4841-8136-55253c666a33,2026_W27,S4307,U18817,2026-07-03 15:11:04,2026-07-03 15:44:04,Organic,Example,Desktop,Safari,Windows,/offers
6d8e33e0-b1df-4841-8136-55253c666a33,2026_W27,S4308,U583,2026-07-03 01:28:00,2026-07-03 01:46:00,Direct,Political,Tablet,Chrome,Android,/home
6d8e33e0-b1df-4841-8136-55253c666a33,2026_W27,S4309,U20440,2026-07-03 23:01:11,2026-07-03 23:11:11,Facebook,Five,Desktop,Firefox,iOS,/products
6d8e33e0-b1df-4841-8136-55253c666a33,2026_W27,S4310,U4910,2026-07-04 08:15:10,2026-07-04 08:53:10,Direct,Establish,Desktop,Firefox,Android,/products
6d8e33e0-b1df-4841-8136-55253c666a33,2026_W27,S4311,U6866,2026-07-05 07:10:53,2026-07-05 07:20:53,Email,Story,Desktop,Chrome,MacOS,/home
6d8e33e0-b1df-4841-8136-55253c666a33,2026_W27,S4312,U23137,2026-07-02 09:33:02,2026-07-02 10:06:02,Direct,Book,Tablet,Firefox,MacOS,/offers
6d8e33e0-b1df-4841-8136-55253c666a33,2026_W27,S4313,U16538,2026-07-03 23:01:30,2026-07-03 23:16:30,Organic,Side,Desktop,Chrome,Windows,/home
6d8e33e0-b1df-4841-8136-55253c666a33,2026_W27,S4314,U14450,2026-07-01 05:05:42,2026-07-01 05:24:42,Email,Population,Mobile,Chrome,MacOS,/offers
6d8e33e0-b1df-4841-8136-55253c666a33,2026_W27,S4315,U29219,2026-07-02 23:04:23,2026-07-02 23:16:23,Organic,Structure,Desktop,Safari,MacOS,/home
6d8e33e0-b1df-4841-8136-55253c666a33,2026_W27,S4316,U19859,2026-06-30 12:56:05,2026-06-30 13:36:05,Direct,Family,Desktop,Safari,MacOS,/products
6d8e33e0-b1df-4841-8136-55253c666a33,2026_W27,S4317,U23646,2026-07-05 07:58:22,2026-07-05 08:29:22,Google Ads,Production,Desktop,Firefox,Android,/offers
6d8e33e0-b1df-4841-8136-55253c666a33,2026_W27,S4318,U23363,2026-07-02 02:50:20,2026-07-02 03:14:20,Google Ads,Financial,Tablet,Edge,Windows,/home
6d8e33e0-b1df-4841-8136-55253c666a33,2026_W27,S4319,U17105,2026-07-03 03:19:27,2026-07-03 03:38:27,Organic,Section,Mobile,Edge,iOS,/home
6d8e33e0-b1df-4841-8136-55253c666a33,2026_W27,S4320,U9698,2026-07-01 00:42:07,2026-07-01 01:20:07,Instagram,Popular,Mobile,Safari,iOS,/offers
6d8e33e0-b1df-4841-8136-55253c666a33,2026_W27,S4321,U14373,2026-07-05 07:04:34,2026-07-05 07:25:34,Facebook,Song,Desktop,Firefox,Android,/products
6d8e33e0-b1df-4841-8136-55253c666a33,2026_W27,S4322,U29006,2026-06-30 09:14:07,2026-06-30 09:29:07,Google Ads,Its,Desktop,Edge,MacOS,/offers
6d8e33e0-b1df-4841-8136-55253c666a33,2026_W27,S4323,U34382,2026-07-01 01:51:46,2026-07-01 02:10:46,Facebook,Environmental,Desktop,Chrome,Android,/home
6d8e33e0-b1df-4841-8136-55253c666a33,2026_W27,S4324,U11328,2026-07-03 11:41:46,2026-07-03 12:08:46,Google Ads,Like,Tablet,Safari,Windows,/home
6d8e33e0-b1df-4841-8136-55253c666a33,2026_W27,S4325,U34780,2026-07-04 04:36:41,2026-07-04 04:49:41,Organic,Away,Tablet,Firefox,iOS,/offers
6d8e33e0-b1df-4841-8136-55253c666a33,2026_W27,S4326,U7665,2026-07-04 17:08:08,2026-07-04 17:37:08,Google Ads,Receive,Tablet,Safari,Android,/products
6d8e33e0-b1df-4841-8136-55253c666a33,2026_W27,S4327,U4450,2026-07-03 11:55:46,2026-07-03 12:12:46,Google Ads,Seven,Tablet,Firefox,iOS,/products
6d8e33e0-b1df-4841-8136-55253c666a33,2026_W27,S4328,U20172,2026-07-03 13:25:31,2026-07-03 13:50:31,Email,Base,Desktop,Edge,Android,/offers
6d8e33e0-b1df-4841-8136-55253c666a33,2026_W27,S4329,U17812,2026-07-02 22:28:14,2026-07-02 22:46:14,Google Ads,Arm,Mobile,Chrome,Windows,/home
6d8e33e0-b1df-4841-8136-55253c666a33,2026_W27,S4330,U25957,2026-07-02 02:35:16,2026-07-02 03:11:16,Direct,Project,Mobile,Edge,MacOS,/offers
6d8e33e0-b1df-4841-8136-55253c666a33,2026_W27,S4331,U26902,2026-06-29 22:51:32,2026-06-29 23:30:32,Facebook,More,Desktop,Edge,MacOS,/products
6d8e33e0-b1df-4841-8136-55253c666a33,2026_W27,S4332,U9040,2026-07-05 09:03:05,2026-07-05 09:25:05,Email,Learn,Tablet,Safari,iOS,/home
6d8e33e0-b1df-4841-8136-55253c666a33,2026_W27,S4333,U29047,2026-07-01 15:28:42,2026-07-01 16:08:42,Facebook,Movie,Desktop,Edge,MacOS,/products
6d8e33e0-b1df-4841-8136-55253c666a33,2026_W27,S4334,U27114,2026-07-05 00:55:42,2026-07-05 01:34:42,Direct,Treatment,Tablet,Edge,iOS,/products
6d8e33e0-b1df-4841-8136-55253c666a33,2026_W27,S4335,U30355,2026-07-04 16:07:08,2026-07-04 16:22:08,Organic,Find,Desktop,Edge,Android,/offers
6d8e33e0-b1df-4841-8136-55253c666a33,2026_W27,S4336,U15850,2026-07-03 09:41:29,2026-07-03 10:19:29,Organic,Stuff,Tablet,Chrome,Windows,/offers
6d8e33e0-b1df-4841-8136-55253c666a33,2026_W27,S4337,U3105,2026-07-03 03:50:39,2026-07-03 04:13:39,Direct,Generation,Desktop,Firefox,MacOS,/home
6d8e33e0-b1df-4841-8136-55253c666a33,2026_W27,S4338,U29342,2026-07-04 09:55:14,2026-07-04 10:16:14,Direct,Add,Tablet,Chrome,Windows,/home
6d8e33e0-b1df-4841-8136-55253c666a33,2026_W27,S4339,U16778,2026-07-03 00:30:01,2026-07-03 00:37:01,Google Ads,Discuss,Mobile,Firefox,Windows,/products
6d8e33e0-b1df-4841-8136-55253c666a33,2026_W27,S4340,U8769,2026-06-29 11:04:45,2026-06-29 11:34:45,Email,Improve,Desktop,Firefox,MacOS,/offers
6d8e33e0-b1df-4841-8136-55253c666a33,2026_W27,S4341,U29224,2026-06-30 13:52:02,2026-06-30 13:58:02,Facebook,Mouth,Desktop,Firefox,Windows,/products
6d8e33e0-b1df-4841-8136-55253c666a33,2026_W27,S4342,U19991,2026-07-04 04:55:22,2026-07-04 05:06:22,Instagram,Inside,Mobile,Firefox,Windows,/offers
6d8e33e0-b1df-4841-8136-55253c666a33,2026_W27,S4343,U30089,2026-07-01 22:03:50,2026-07-01 22:09:50,Direct,Show,Mobile,Chrome,MacOS,/home
6d8e33e0-b1df-4841-8136-55253c666a33,2026_W27,S4344,U28105,2026-07-01 21:05:44,2026-07-01 21:35:44,Direct,If,Desktop,Safari,Windows,/offers
6d8e33e0-b1df-4841-8136-55253c666a33,2026_W27,S4345,U15255,2026-07-04 14:46:35,2026-07-04 15:16:35,Facebook,Everyone,Desktop,Chrome,Windows,/offers
6d8e33e0-b1df-4841-8136-55253c666a33,2026_W27,S4346,U29278,2026-07-03 17:21:04,2026-07-03 17:59:04,Instagram,Find,Desktop,Safari,Windows,/products
6d8e33e0-b1df-4841-8136-55253c666a33,2026_W27,S4347,U8453,2026-07-05 06:57:52,2026-07-05 07:16:52,Google Ads,Than,Desktop,Edge,iOS,/offers
6d8e33e0-b1df-4841-8136-55253c666a33,2026_W27,S4348,U6177,2026-07-02 13:49:44,2026-07-02 14:12:44,Facebook,Me,Mobile,Firefox,Android,/offers
6d8e33e0-b1df-4841-8136-55253c666a33,2026_W27,S4349,U2135,2026-07-02 20:30:45,2026-07-02 20:33:45,Facebook,North,Tablet,Safari,Windows,/offers
6d8e33e0-b1df-4841-8136-55253c666a33,2026_W27,S4350,U26698,2026-07-01 17:18:52,2026-07-01 17:31:52,Google Ads,General,Tablet,Firefox,MacOS,/offers
6d8e33e0-b1df-4841-8136-55253c666a33,2026_W27,S4351,U34183,2026-07-03 15:02:25,2026-07-03 15:12:25,Direct,Them,Desktop,Chrome,MacOS,/home
6d8e33e0-b1df-4841-8136-55253c666a33,2026_W27,S4352,U5676,2026-07-02 07:26:54,2026-07-02 07:43:54,Google Ads,Group,Desktop,Chrome,MacOS,/offers
6d8e33e0-b1df-4841-8136-55253c666a33,2026_W27,S4353,U27803,2026-07-02 13:34:54,2026-07-02 13:48:54,Organic,Day,Tablet,Safari,iOS,/offers
6d8e33e0-b1df-4841-8136-55253c666a33,2026_W27,S4354,U24017,2026-07-03 23:58:18,2026-07-04 00:01:18,Email,Want,Mobile,Firefox,Windows,/products
6d8e33e0-b1df-4841-8136-55253c666a33,2026_W27,S4355,U2939,2026-07-04 17:44:26,2026-07-04 18:02:26,Facebook,Us,Desktop,Edge,iOS,/home
6d8e33e0-b1df-4841-8136-55253c666a33,2026_W27,S4356,U13623,2026-06-30 00:18:37,2026-06-30 00:33:37,Direct,That,Desktop,Edge,Android,/offers
6d8e33e0-b1df-4841-8136-55253c666a33,2026_W27,S4357,U5577,2026-07-04 05:48:24,2026-07-04 05:56:24,Instagram,Move,Mobile,Edge,iOS,/products
6d8e33e0-b1df-4841-8136-55253c666a33,2026_W27,S4358,U1329,2026-07-03 07:48:29,2026-07-03 07:55:29,Instagram,Yard,Mobile,Safari,MacOS,/offers
6d8e33e0-b1df-4841-8136-55253c666a33,2026_W27,S4359,U17103,2026-07-01 19:14:23,2026-07-01 19:35:23,Instagram,Political,Tablet,Edge,Android,/home
6d8e33e0-b1df-4841-8136-55253c666a33,2026_W27,S4360,U11390,2026-07-04 19:42:04,2026-07-04 19:49:04,Instagram,Rock,Tablet,Chrome,Android,/products
6d8e33e0-b1df-4841-8136-55253c666a33,2026_W27,S4361,U4000,2026-06-29 21:03:41,2026-06-29 21:43:41,Facebook,Little,Mobile,Safari,MacOS,/home
6d8e33e0-b1df-4841-8136-55253c666a33,2026_W27,S4362,U29647,2026-07-02 12:03:28,2026-07-02 12:12:28,Facebook,Game,Mobile,Firefox,MacOS,/products
6d8e33e0-b1df-4841-8136-55253c666a33,2026_W27,S4363,U11002,2026-06-30 15:57:59,2026-06-30 15:59:59,Google Ads,Particularly,Mobile,Firefox,Windows,/products
6d8e33e0-b1df-4841-8136-55253c666a33,2026_W27,S4364,U10358,2026-07-02 19:03:51,2026-07-02 19:24:51,Instagram,Few,Desktop,Chrome,MacOS,/offers
6d8e33e0-b1df-4841-8136-55253c666a33,2026_W27,S4365,U33401,2026-06-30 13:21:08,2026-06-30 13:42:08,Facebook,Easy,Tablet,Safari,Android,/home
6d8e33e0-b1df-4841-8136-55253c666a33,2026_W27,S4366,U32504,2026-06-30 11:29:02,2026-06-30 11:34:02,Email,Final,Mobile,Chrome,Windows,/home
6d8e33e0-b1df-4841-8136-55253c666a33,2026_W27,S4367,U30384,2026-07-01 12:38:40,2026-07-01 12:48:40,Email,Dream,Desktop,Safari,Windows,/home
6d8e33e0-b1df-4841-8136-55253c666a33,2026_W27,S4368,U32144,2026-06-30 03:50:30,2026-06-30 04:21:30,Google Ads,Risk,Tablet,Firefox,MacOS,/offers
6d8e33e0-b1df-4841-8136-55253c666a33,2026_W27,S4369,U5515,2026-06-30 15:28:31,2026-06-30 15:51:31,Facebook,Process,Tablet,Safari,MacOS,/products
6d8e33e0-b1df-4841-8136-55253c666a33,2026_W27,S4370,U17689,2026-07-02 21:52:02,2026-07-02 22:29:02,Instagram,Baby,Tablet,Edge,Android,/products
6d8e33e0-b1df-4841-8136-55253c666a33,2026_W27,S4371,U3850,2026-07-02 21:33:38,2026-07-02 22:10:38,Direct,Can,Tablet,Edge,Android,/home
6d8e33e0-b1df-4841-8136-55253c666a33,2026_W27,S4372,U23623,2026-07-01 04:43:38,2026-07-01 04:53:38,Direct,Whose,Desktop,Firefox,Android,/products
6d8e33e0-b1df-4841-8136-55253c666a33,2026_W27,S4373,U14393,2026-07-02 12:49:23,2026-07-02 13:17:23,Google Ads,Season,Desktop,Firefox,iOS,/home
6d8e33e0-b1df-4841-8136-55253c666a33,2026_W27,S4374,U29663,2026-07-04 09:30:34,2026-07-04 10:01:34,Organic,Sell,Mobile,Edge,MacOS,/products
6d8e33e0-b1df-4841-8136-55253c666a33,2026_W27,S4375,U24557,2026-06-30 03:52:01,2026-06-30 04:14:01,Facebook,Child,Tablet,Chrome,Windows,/home
6d8e33e0-b1df-4841-8136-55253c666a33,2026_W27,S4376,U9024,2026-06-30 06:02:21,2026-06-30 06:20:21,Instagram,Minute,Mobile,Firefox,MacOS,/products
6d8e33e0-b1df-4841-8136-55253c666a33,2026_W27,S4377,U23883,2026-07-05 05:06:10,2026-07-05 05:37:10,Direct,Single,Tablet,Edge,MacOS,/home
6d8e33e0-b1df-4841-8136-55253c666a33,2026_W27,S4378,U24654,2026-06-30 15:05:15,2026-06-30 15:23:15,Facebook,Meeting,Mobile,Chrome,Android,/offers
6d8e33e0-b1df-4841-8136-55253c666a33,2026_W27,S4379,U14639,2026-07-03 06:34:21,2026-07-03 07:13:21,Instagram,Line,Desktop,Safari,iOS,/offers
6d8e33e0-b1df-4841-8136-55253c666a33,2026_W27,S4380,U708,2026-07-01 23:24:51,2026-07-01 23:39:51,Instagram,Time,Tablet,Edge,Android,/offers
6d8e33e0-b1df-4841-8136-55253c666a33,2026_W27,S4381,U30765,2026-07-02 16:11:02,2026-07-02 16:46:02,Direct,Hold,Mobile,Safari,Android,/home
6d8e33e0-b1df-4841-8136-55253c666a33,2026_W27,S4382,U20351,2026-06-29 10:51:01,2026-06-29 10:58:01,Organic,Meet,Mobile,Edge,Android,/offers
6d8e33e0-b1df-4841-8136-55253c666a33,2026_W27,S4383,U7513,2026-07-04 20:12:50,2026-07-04 20:40:50,Direct,Start,Desktop,Chrome,Android,/products
6d8e33e0-b1df-4841-8136-55253c666a33,2026_W27,S4384,U31980,2026-06-30 06:23:31,2026-06-30 06:27:31,Instagram,Training,Tablet,Safari,iOS,/products
6d8e33e0-b1df-4841-8136-55253c666a33,2026_W27,S4385,U14199,2026-06-30 23:05:23,2026-06-30 23:28:23,Direct,Brother,Desktop,Chrome,Android,/products
6d8e33e0-b1df-4841-8136-55253c666a33,2026_W27,S4386,U9670,2026-07-03 04:04:50,2026-07-03 04:44:50,Facebook,Religious,Desktop,Edge,iOS,/products
6d8e33e0-b1df-4841-8136-55253c666a33,2026_W27,S4387,U9658,2026-07-02 05:54:40,2026-07-02 06:32:40,Facebook,Together,Tablet,Safari,Windows,/offers
6d8e33e0-b1df-4841-8136-55253c666a33,2026_W27,S4388,U9828,2026-07-01 10:29:44,2026-07-01 11:02:44,Instagram,Individual,Desktop,Chrome,iOS,/products
6d8e33e0-b1df-4841-8136-55253c666a33,2026_W27,S4389,U27463,2026-07-03 08:31:51,2026-07-03 08:58:51,Direct,Magazine,Tablet,Chrome,iOS,/offers
6d8e33e0-b1df-4841-8136-55253c666a33,2026_W27,S4390,U21205,2026-07-03 04:27:04,2026-07-03 04:59:04,Instagram,Simple,Desktop,Safari,Windows,/products
6d8e33e0-b1df-4841-8136-55253c666a33,2026_W27,S4391,U1941,2026-07-02 11:30:59,2026-07-02 11:44:59,Google Ads,Detail,Tablet,Chrome,MacOS,/home
6d8e33e0-b1df-4841-8136-55253c666a33,2026_W27,S4392,U2453,2026-07-02 18:17:12,2026-07-02 18:56:12,Google Ads,Hair,Tablet,Safari,Windows,/offers
6d8e33e0-b1df-4841-8136-55253c666a33,2026_W27,S4393,U2656,2026-07-02 19:24:15,2026-07-02 19:55:15,Instagram,Able,Tablet,Edge,Android,/home
6d8e33e0-b1df-4841-8136-55253c666a33,2026_W27,S4394,U17342,2026-07-02 02:40:04,2026-07-02 03:06:04,Facebook,Reach,Mobile,Firefox,iOS,/offers
6d8e33e0-b1df-4841-8136-55253c666a33,2026_W27,S4395,U2023,2026-07-01 19:53:46,2026-07-01 20:00:46,Instagram,Rather,Desktop,Safari,Android,/offers
6d8e33e0-b1df-4841-8136-55253c666a33,2026_W27,S4396,U17645,2026-06-30 20:27:17,2026-06-30 21:06:17,Facebook,Despite,Tablet,Firefox,Android,/offers
6d8e33e0-b1df-4841-8136-55253c666a33,2026_W27,S4397,U11218,2026-07-02 19:20:01,2026-07-02 19:43:01,Facebook,Good,Mobile,Safari,MacOS,/products
6d8e33e0-b1df-4841-8136-55253c666a33,2026_W27,S4398,U5283,2026-06-30 13:40:15,2026-06-30 14:20:15,Instagram,Factor,Mobile,Firefox,Windows,/offers
6d8e33e0-b1df-4841-8136-55253c666a33,2026_W27,S4399,U5941,2026-06-29 11:00:08,2026-06-29 11:37:08,Google Ads,Once,Desktop,Chrome,Android,/offers
6d8e33e0-b1df-4841-8136-55253c666a33,2026_W27,S4400,U10536,2026-07-01 05:03:54,2026-07-01 05:41:54,Google Ads,Leave,Mobile,Firefox,iOS,/products
6d8e33e0-b1df-4841-8136-55253c666a33,2026_W27,S4401,U27233,2026-07-01 18:21:21,2026-07-01 18:55:21,Instagram,And,Tablet,Chrome,iOS,/products
6d8e33e0-b1df-4841-8136-55253c666a33,2026_W27,S4402,U11042,2026-06-30 18:11:11,2026-06-30 18:29:11,Instagram,Of,Tablet,Firefox,Android,/home
6d8e33e0-b1df-4841-8136-55253c666a33,2026_W27,S4403,U13221,2026-07-03 10:08:56,2026-07-03 10:20:56,Facebook,Trip,Mobile,Firefox,Android,/home
6d8e33e0-b1df-4841-8136-55253c666a33,2026_W27,S4404,U15984,2026-07-02 02:46:56,2026-07-02 03:25:56,Google Ads,Pick,Mobile,Chrome,MacOS,/products
6d8e33e0-b1df-4841-8136-55253c666a33,2026_W27,S4405,U21840,2026-07-02 01:10:42,2026-07-02 01:46:42,Organic,Language,Tablet,Edge,Android,/products
6d8e33e0-b1df-4841-8136-55253c666a33,2026_W27,S4406,U34062,2026-07-05 08:20:48,2026-07-05 08:29:48,Google Ads,Thought,Desktop,Safari,Android,/home
6d8e33e0-b1df-4841-8136-55253c666a33,2026_W27,S4407,U4115,2026-06-30 14:45:50,2026-06-30 15:19:50,Organic,Air,Mobile,Chrome,MacOS,/products
6d8e33e0-b1df-4841-8136-55253c666a33,2026_W27,S4408,U31170,2026-07-03 17:52:52,2026-07-03 18:26:52,Organic,Bit,Tablet,Chrome,Android,/home
6d8e33e0-b1df-4841-8136-55253c666a33,2026_W27,S4409,U13720,2026-07-05 02:53:03,2026-07-05 03:06:03,Email,Laugh,Mobile,Safari,MacOS,/home
6d8e33e0-b1df-4841-8136-55253c666a33,2026_W27,S4410,U34433,2026-06-29 21:18:59,2026-06-29 21:48:59,Instagram,Gun,Tablet,Chrome,MacOS,/offers
6d8e33e0-b1df-4841-8136-55253c666a33,2026_W27,S4411,U11640,2026-07-01 01:10:04,2026-07-01 01:43:04,Direct,Reveal,Tablet,Edge,Windows,/home
6d8e33e0-b1df-4841-8136-55253c666a33,2026_W27,S4412,U7674,2026-06-30 07:18:51,2026-06-30 07:44:51,Instagram,Unit,Mobile,Chrome,Android,/products
6d8e33e0-b1df-4841-8136-55253c666a33,2026_W27,S4413,U26651,2026-06-29 22:04:13,2026-06-29 22:17:13,Facebook,Arrive,Desktop,Firefox,Windows,/home
6d8e33e0-b1df-4841-8136-55253c666a33,2026_W27,S4414,U21263,2026-06-30 03:13:22,2026-06-30 03:30:22,Direct,These,Desktop,Firefox,iOS,/products
6d8e33e0-b1df-4841-8136-55253c666a33,2026_W27,S4415,U9643,2026-07-03 13:29:24,2026-07-03 14:06:24,Facebook,Investment,Tablet,Safari,Windows,/home
6d8e33e0-b1df-4841-8136-55253c666a33,2026_W27,S4416,U4649,2026-07-04 12:57:28,2026-07-04 13:23:28,Email,Under,Desktop,Chrome,Android,/offers
6d8e33e0-b1df-4841-8136-55253c666a33,2026_W27,S4417,U16685,2026-07-01 19:48:13,2026-07-01 19:57:13,Instagram,Old,Tablet,Safari,iOS,/products
6d8e33e0-b1df-4841-8136-55253c666a33,2026_W27,S4418,U26432,2026-07-03 15:42:51,2026-07-03 15:53:51,Organic,Parent,Tablet,Safari,MacOS,/products
6d8e33e0-b1df-4841-8136-55253c666a33,2026_W27,S4419,U33776,2026-07-02 03:45:35,2026-07-02 03:49:35,Direct,Carry,Mobile,Firefox,MacOS,/offers
6d8e33e0-b1df-4841-8136-55253c666a33,2026_W27,S4420,U6585,2026-06-30 03:59:43,2026-06-30 04:31:43,Direct,Growth,Desktop,Edge,Android,/offers
6d8e33e0-b1df-4841-8136-55253c666a33,2026_W27,S4421,U12374,2026-07-02 16:38:21,2026-07-02 17:13:21,Google Ads,Father,Tablet,Chrome,Windows,/products
6d8e33e0-b1df-4841-8136-55253c666a33,2026_W27,S4422,U8020,2026-07-02 15:43:51,2026-07-02 16:21:51,Facebook,Country,Desktop,Safari,MacOS,/home
6d8e33e0-b1df-4841-8136-55253c666a33,2026_W27,S4423,U34734,2026-07-01 23:06:20,2026-07-01 23:45:20,Facebook,Policy,Mobile,Safari,MacOS,/products
6d8e33e0-b1df-4841-8136-55253c666a33,2026_W27,S4424,U17210,2026-06-30 19:34:07,2026-06-30 20:08:07,Google Ads,Could,Tablet,Safari,iOS,/home
6d8e33e0-b1df-4841-8136-55253c666a33,2026_W27,S4425,U22818,2026-07-05 06:38:12,2026-07-05 06:52:12,Instagram,Can,Tablet,Firefox,MacOS,/offers
6d8e33e0-b1df-4841-8136-55253c666a33,2026_W27,S4426,U3397,2026-07-05 08:45:32,2026-07-05 09:11:32,Facebook,Reduce,Mobile,Chrome,MacOS,/home
6d8e33e0-b1df-4841-8136-55253c666a33,2026_W27,S4427,U19821,2026-07-03 22:17:52,2026-07-03 22:19:52,Direct,Interesting,Tablet,Chrome,Windows,/home
6d8e33e0-b1df-4841-8136-55253c666a33,2026_W27,S4428,U24132,2026-06-30 13:23:08,2026-06-30 13:30:08,Instagram,Those,Tablet,Firefox,Windows,/products
6d8e33e0-b1df-4841-8136-55253c666a33,2026_W27,S4429,U162,2026-07-03 15:31:01,2026-07-03 15:47:01,Organic,Body,Desktop,Chrome,Windows,/home
6d8e33e0-b1df-4841-8136-55253c666a33,2026_W27,S4430,U5106,2026-06-29 20:59:11,2026-06-29 21:24:11,Google Ads,Old,Desktop,Firefox,Windows,/home
6d8e33e0-b1df-4841-8136-55253c666a33,2026_W27,S4431,U8341,2026-07-04 10:08:56,2026-07-04 10:10:56,Organic,Bag,Mobile,Safari,Android,/offers
6d8e33e0-b1df-4841-8136-55253c666a33,2026_W27,S4432,U19223,2026-07-04 01:34:18,2026-07-04 01:54:18,Direct,You,Desktop,Safari,Windows,/offers
6d8e33e0-b1df-4841-8136-55253c666a33,2026_W27,S4433,U1172,2026-07-02 12:26:22,2026-07-02 12:41:22,Instagram,Product,Mobile,Firefox,MacOS,/products
6d8e33e0-b1df-4841-8136-55253c666a33,2026_W27,S4434,U6466,2026-07-02 00:28:14,2026-07-02 00:42:14,Google Ads,Simply,Mobile,Safari,Android,/offers
6d8e33e0-b1df-4841-8136-55253c666a33,2026_W27,S4435,U32718,2026-06-29 22:12:07,2026-06-29 22:14:07,Google Ads,Capital,Mobile,Edge,MacOS,/home
6d8e33e0-b1df-4841-8136-55253c666a33,2026_W27,S4436,U30644,2026-06-29 17:45:36,2026-06-29 18:23:36,Organic,Local,Mobile,Chrome,iOS,/products
6d8e33e0-b1df-4841-8136-55253c666a33,2026_W27,S4437,U28530,2026-07-02 14:46:11,2026-07-02 15:15:11,Google Ads,System,Desktop,Chrome,Android,/products
6d8e33e0-b1df-4841-8136-55253c666a33,2026_W27,S4438,U13970,2026-07-04 08:59:51,2026-07-04 09:28:51,Organic,Tax,Mobile,Firefox,Android,/offers
6d8e33e0-b1df-4841-8136-55253c666a33,2026_W27,S4439,U22838,2026-06-30 08:26:30,2026-06-30 08:45:30,Direct,Remember,Tablet,Safari,Android,/offers
6d8e33e0-b1df-4841-8136-55253c666a33,2026_W27,S4440,U1266,2026-07-03 22:56:36,2026-07-03 23:36:36,Email,Near,Desktop,Chrome,iOS,/home
6d8e33e0-b1df-4841-8136-55253c666a33,2026_W27,S4441,U14591,2026-07-02 20:09:52,2026-07-02 20:49:52,Facebook,Animal,Mobile,Firefox,Android,/home
6d8e33e0-b1df-4841-8136-55253c666a33,2026_W27,S4442,U87,2026-07-02 02:17:24,2026-07-02 02:27:24,Google Ads,White,Desktop,Edge,iOS,/products
6d8e33e0-b1df-4841-8136-55253c666a33,2026_W27,S4443,U27802,2026-06-29 12:33:44,2026-06-29 12:46:44,Google Ads,Moment,Desktop,Edge,Windows,/products
6d8e33e0-b1df-4841-8136-55253c666a33,2026_W27,S4444,U7800,2026-06-30 14:25:57,2026-06-30 15:02:57,Direct,Cell,Desktop,Chrome,MacOS,/home
6d8e33e0-b1df-4841-8136-55253c666a33,2026_W27,S4445,U7704,2026-07-03 04:12:15,2026-07-03 04:36:15,Instagram,Arm,Tablet,Chrome,iOS,/home
6d8e33e0-b1df-4841-8136-55253c666a33,2026_W27,S4446,U32929,2026-06-30 14:37:26,2026-06-30 14:52:26,Facebook,Call,Mobile,Chrome,Android,/products
6d8e33e0-b1df-4841-8136-55253c666a33,2026_W27,S4447,U17126,2026-06-30 20:03:59,2026-06-30 20:11:59,Instagram,Without,Desktop,Chrome,Windows,/home
6d8e33e0-b1df-4841-8136-55253c666a33,2026_W27,S4448,U8314,2026-07-02 01:37:42,2026-07-02 01:44:42,Google Ads,Rich,Tablet,Safari,iOS,/offers
6d8e33e0-b1df-4841-8136-55253c666a33,2026_W27,S4449,U18523,2026-06-30 02:15:38,2026-06-30 02:21:38,Facebook,Mother,Tablet,Firefox,iOS,/home
6d8e33e0-b1df-4841-8136-55253c666a33,2026_W27,S4450,U27510,2026-07-03 09:03:04,2026-07-03 09:10:04,Organic,Attention,Tablet,Safari,Windows,/products
6d8e33e0-b1df-4841-8136-55253c666a33,2026_W27,S4451,U6173,2026-06-30 06:35:35,2026-06-30 07:02:35,Direct,Save,Tablet,Safari,iOS,/home
6d8e33e0-b1df-4841-8136-55253c666a33,2026_W27,S4452,U6259,2026-06-29 22:27:54,2026-06-29 22:36:54,Google Ads,Many,Desktop,Firefox,iOS,/home
6d8e33e0-b1df-4841-8136-55253c666a33,2026_W27,S4453,U23214,2026-07-01 09:42:00,2026-07-01 10:17:00,Facebook,Whole,Desktop,Chrome,iOS,/home
6d8e33e0-b1df-4841-8136-55253c666a33,2026_W27,S4454,U12268,2026-06-30 17:13:37,2026-06-30 17:20:37,Direct,System,Mobile,Firefox,iOS,/products
6d8e33e0-b1df-4841-8136-55253c666a33,2026_W27,S4455,U1333,2026-07-02 21:54:59,2026-07-02 22:34:59,Email,Teach,Tablet,Chrome,Android,/home
6d8e33e0-b1df-4841-8136-55253c666a33,2026_W27,S4456,U33609,2026-06-30 09:47:02,2026-06-30 10:16:02,Facebook,Ability,Tablet,Safari,Windows,/products
6d8e33e0-b1df-4841-8136-55253c666a33,2026_W27,S4457,U11974,2026-07-03 22:53:48,2026-07-03 23:26:48,Facebook,Whose,Tablet,Safari,Windows,/products
6d8e33e0-b1df-4841-8136-55253c666a33,2026_W27,S4458,U10908,2026-07-04 06:06:22,2026-07-04 06:33:22,Organic,Response,Mobile,Safari,Windows,/home
6d8e33e0-b1df-4841-8136-55253c666a33,2026_W27,S4459,U2315,2026-07-03 12:36:30,2026-07-03 12:40:30,Google Ads,Offer,Tablet,Safari,MacOS,/products
6d8e33e0-b1df-4841-8136-55253c666a33,2026_W27,S4460,U12432,2026-07-02 03:30:34,2026-07-02 04:04:34,Email,Although,Tablet,Safari,Android,/products
6d8e33e0-b1df-4841-8136-55253c666a33,2026_W27,S4461,U30109,2026-07-03 22:01:14,2026-07-03 22:37:14,Direct,Other,Tablet,Firefox,Windows,/home
6d8e33e0-b1df-4841-8136-55253c666a33,2026_W27,S4462,U25369,2026-06-29 19:50:26,2026-06-29 20:18:26,Direct,Author,Desktop,Safari,Windows,/home
6d8e33e0-b1df-4841-8136-55253c666a33,2026_W27,S4463,U26960,2026-07-04 23:30:02,2026-07-04 23:54:02,Email,Tell,Desktop,Chrome,Android,/products
6d8e33e0-b1df-4841-8136-55253c666a33,2026_W27,S4464,U24975,2026-07-04 17:25:56,2026-07-04 17:26:56,Email,Sense,Desktop,Chrome,Windows,/offers
6d8e33e0-b1df-4841-8136-55253c666a33,2026_W27,S4465,U25787,2026-07-05 03:35:27,2026-07-05 04:12:27,Email,History,Tablet,Chrome,MacOS,/products
6d8e33e0-b1df-4841-8136-55253c666a33,2026_W27,S4466,U34860,2026-07-03 16:18:06,2026-07-03 16:44:06,Email,Activity,Desktop,Firefox,iOS,/offers
6d8e33e0-b1df-4841-8136-55253c666a33,2026_W27,S4467,U11565,2026-07-03 16:05:46,2026-07-03 16:24:46,Organic,Difference,Mobile,Chrome,MacOS,/home
6d8e33e0-b1df-4841-8136-55253c666a33,2026_W27,S4468,U7181,2026-06-30 09:07:51,2026-06-30 09:27:51,Organic,Everything,Desktop,Safari,iOS,/products
6d8e33e0-b1df-4841-8136-55253c666a33,2026_W27,S4469,U29594,2026-07-01 15:47:53,2026-07-01 16:26:53,Facebook,Many,Desktop,Chrome,MacOS,/offers
6d8e33e0-b1df-4841-8136-55253c666a33,2026_W27,S4470,U8135,2026-07-04 06:09:21,2026-07-04 06:47:21,Email,Hit,Desktop,Firefox,Windows,/products
6d8e33e0-b1df-4841-8136-55253c666a33,2026_W27,S4471,U11832,2026-07-03 14:48:25,2026-07-03 15:06:25,Google Ads,Authority,Mobile,Edge,iOS,/offers
6d8e33e0-b1df-4841-8136-55253c666a33,2026_W27,S4472,U21669,2026-07-04 11:43:23,2026-07-04 12:05:23,Google Ads,Modern,Desktop,Chrome,MacOS,/offers
6d8e33e0-b1df-4841-8136-55253c666a33,2026_W27,S4473,U33072,2026-07-03 03:44:46,2026-07-03 03:45:46,Organic,Part,Desktop,Edge,Windows,/products
6d8e33e0-b1df-4841-8136-55253c666a33,2026_W27,S4474,U27534,2026-07-03 18:20:40,2026-07-03 18:36:40,Instagram,Agreement,Desktop,Firefox,iOS,/products
6d8e33e0-b1df-4841-8136-55253c666a33,2026_W27,S4475,U20175,2026-07-01 17:18:32,2026-07-01 17:44:32,Google Ads,Mrs,Tablet,Edge,Windows,/home
6d8e33e0-b1df-4841-8136-55253c666a33,2026_W27,S4476,U9313,2026-06-29 22:18:17,2026-06-29 22:31:17,Organic,These,Mobile,Chrome,Windows,/products
6d8e33e0-b1df-4841-8136-55253c666a33,2026_W27,S4477,U30920,2026-07-03 05:43:59,2026-07-03 05:53:59,Email,Visit,Tablet,Safari,iOS,/offers
6d8e33e0-b1df-4841-8136-55253c666a33,2026_W27,S4478,U29756,2026-07-02 02:22:39,2026-07-02 03:00:39,Organic,Citizen,Mobile,Chrome,Android,/home
6d8e33e0-b1df-4841-8136-55253c666a33,2026_W27,S4479,U27027,2026-07-03 01:02:45,2026-07-03 01:12:45,Email,About,Tablet,Firefox,iOS,/products
6d8e33e0-b1df-4841-8136-55253c666a33,2026_W27,S4480,U16972,2026-07-03 06:38:40,2026-07-03 06:47:40,Direct,Reduce,Desktop,Safari,iOS,/offers
6d8e33e0-b1df-4841-8136-55253c666a33,2026_W27,S4481,U12191,2026-06-29 10:15:51,2026-06-29 10:17:51,Direct,Commercial,Mobile,Firefox,Windows,/home
6d8e33e0-b1df-4841-8136-55253c666a33,2026_W27,S4482,U5735,2026-07-04 18:17:03,2026-07-04 18:53:03,Organic,Design,Desktop,Edge,Android,/products
6d8e33e0-b1df-4841-8136-55253c666a33,2026_W27,S4483,U31823,2026-07-04 16:04:55,2026-07-04 16:27:55,Google Ads,News,Mobile,Chrome,MacOS,/products
6d8e33e0-b1df-4841-8136-55253c666a33,2026_W27,S4484,U24096,2026-07-01 08:15:37,2026-07-01 08:36:37,Instagram,Only,Desktop,Chrome,Windows,/home
6d8e33e0-b1df-4841-8136-55253c666a33,2026_W27,S4485,U24847,2026-07-01 19:04:15,2026-07-01 19:33:15,Instagram,Her,Mobile,Chrome,iOS,/home
6d8e33e0-b1df-4841-8136-55253c666a33,2026_W27,S4486,U8439,2026-07-05 02:04:15,2026-07-05 02:07:15,Instagram,Left,Mobile,Chrome,MacOS,/home
6d8e33e0-b1df-4841-8136-55253c666a33,2026_W27,S4487,U7460,2026-07-01 15:14:23,2026-07-01 15:38:23,Instagram,Drive,Desktop,Safari,MacOS,/offers
6d8e33e0-b1df-4841-8136-55253c666a33,2026_W27,S4488,U8668,2026-06-29 09:50:40,2026-06-29 09:54:40,Facebook,Than,Mobile,Edge,Android,/home
6d8e33e0-b1df-4841-8136-55253c666a33,2026_W27,S4489,U25644,2026-06-29 18:30:05,2026-06-29 18:49:05,Google Ads,Address,Mobile,Edge,Android,/offers
6d8e33e0-b1df-4841-8136-55253c666a33,2026_W27,S4490,U30015,2026-07-01 15:23:34,2026-07-01 15:45:34,Direct,Body,Tablet,Edge,Android,/home
6d8e33e0-b1df-4841-8136-55253c666a33,2026_W27,S4491,U21474,2026-07-03 08:33:57,2026-07-03 08:53:57,Google Ads,Consumer,Mobile,Firefox,Android,/home
6d8e33e0-b1df-4841-8136-55253c666a33,2026_W27,S4492,U21785,2026-07-01 17:54:30,2026-07-01 17:59:30,Direct,View,Mobile,Firefox,Android,/products
6d8e33e0-b1df-4841-8136-55253c666a33,2026_W27,S4493,U19006,2026-07-02 19:42:00,2026-07-02 19:48:00,Facebook,Brother,Desktop,Chrome,Android,/offers
6d8e33e0-b1df-4841-8136-55253c666a33,2026_W27,S4494,U29594,2026-07-04 14:55:06,2026-07-04 15:00:06,Email,Nearly,Mobile,Chrome,MacOS,/home
6d8e33e0-b1df-4841-8136-55253c666a33,2026_W27,S4495,U24742,2026-07-01 00:44:47,2026-07-01 00:49:47,Direct,Authority,Tablet,Firefox,Android,/home
6d8e33e0-b1df-4841-8136-55253c666a33,2026_W27,S4496,U19620,2026-07-02 22:03:23,2026-07-02 22:23:23,Facebook,Middle,Tablet,Firefox,MacOS,/offers
6d8e33e0-b1df-4841-8136-55253c666a33,2026_W27,S4497,U36,2026-06-30 22:11:12,2026-06-30 22:24:12,Instagram,Truth,Tablet,Firefox,Android,/home
6d8e33e0-b1df-4841-8136-55253c666a33,2026_W27,S4498,U17352,2026-07-05 01:45:25,2026-07-05 01:54:25,Facebook,Sometimes,Tablet,Edge,Windows,/products
6d8e33e0-b1df-4841-8136-55253c666a33,2026_W27,S4499,U18930,2026-07-02 23:14:09,2026-07-02 23:16:09,Facebook,All,Tablet,Chrome,Windows,/products
6d8e33e0-b1df-4841-8136-55253c666a33,2026_W27,S4500,U26599,2026-07-02 12:59:14,2026-07-02 13:23:14,Organic,Total,Tablet,Chrome,iOS,/offers
6d8e33e0-b1df-4841-8136-55253c666a33,2026_W27,S4501,U481,2026-07-01 05:47:32,2026-07-01 06:00:32,Email,Past,Desktop,Edge,Android,/products
6d8e33e0-b1df-4841-8136-55253c666a33,2026_W27,S4502,U14958,2026-07-04 10:01:58,2026-07-04 10:20:58,Direct,Money,Desktop,Safari,Windows,/offers
6d8e33e0-b1df-4841-8136-55253c666a33,2026_W27,S4503,U4852,2026-07-02 03:00:27,2026-07-02 03:32:27,Email,,Mobile,Chrome,Windows,/home
6d8e33e0-b1df-4841-8136-55253c666a33,2026_W27,S4504,U32684,2026-07-01 00:21:56,2026-07-01 00:50:56,Facebook,Those,Tablet,Safari,Windows,/products
6d8e33e0-b1df-4841-8136-55253c666a33,2026_W27,S4505,U15148,2026-06-30 20:33:58,2026-06-30 20:51:58,Google Ads,Paper,Desktop,Firefox,MacOS,/home
6d8e33e0-b1df-4841-8136-55253c666a33,2026_W27,S4506,U29790,2026-07-03 21:06:43,2026-07-03 21:45:43,Organic,American,Desktop,Edge,Windows,/products
6d8e33e0-b1df-4841-8136-55253c666a33,2026_W27,S4507,U9864,2026-06-30 18:52:28,2026-06-30 19:19:28,Email,Executive,Desktop,Edge,MacOS,/products
6d8e33e0-b1df-4841-8136-55253c666a33,2026_W27,S4508,U12620,2026-06-29 14:00:02,2026-06-29 14:24:02,Instagram,Key,Desktop,Safari,Android,/home
6d8e33e0-b1df-4841-8136-55253c666a33,2026_W27,S4509,U1996,2026-07-04 02:02:33,2026-07-04 02:06:33,Direct,Brother,Mobile,Safari,Android,/home
6d8e33e0-b1df-4841-8136-55253c666a33,2026_W27,S4510,U6136,2026-07-01 04:10:30,2026-07-01 04:38:30,Facebook,City,Desktop,Firefox,Windows,/home
6d8e33e0-b1df-4841-8136-55253c666a33,2026_W27,S4511,U7067,2026-07-05 06:24:11,2026-07-05 07:02:11,Facebook,Prepare,Mobile,Edge,Android,/offers
6d8e33e0-b1df-4841-8136-55253c666a33,2026_W27,S4512,U19939,2026-07-03 13:28:06,2026-07-03 13:47:06,Google Ads,Action,Desktop,Safari,Windows,/products
6d8e33e0-b1df-4841-8136-55253c666a33,2026_W27,S4513,U24193,2026-07-01 02:51:47,2026-07-01 03:06:47,Organic,Always,Desktop,Edge,Windows,/offers
6d8e33e0-b1df-4841-8136-55253c666a33,2026_W27,S4514,U32767,2026-07-04 04:51:18,2026-07-04 05:12:18,Email,Common,Tablet,Edge,iOS,/offers
6d8e33e0-b1df-4841-8136-55253c666a33,2026_W27,S4515,U30197,2026-06-29 16:22:14,2026-06-29 16:26:14,Organic,Strategy,Tablet,Firefox,Android,/products
6d8e33e0-b1df-4841-8136-55253c666a33,2026_W27,S4516,U32137,2026-07-03 17:42:48,2026-07-03 18:21:48,Direct,Value,Mobile,Chrome,Windows,/offers
6d8e33e0-b1df-4841-8136-55253c666a33,2026_W27,S4517,U20244,2026-06-30 16:52:23,2026-06-30 17:05:23,Direct,Approach,Tablet,Chrome,Android,/products
6d8e33e0-b1df-4841-8136-55253c666a33,2026_W27,S4518,U10437,2026-07-02 19:35:01,2026-07-02 19:59:01,Direct,Language,Mobile,Edge,Android,/products
6d8e33e0-b1df-4841-8136-55253c666a33,2026_W27,S4519,U5865,2026-07-04 06:02:12,2026-07-04 06:30:12,Organic,Enjoy,Desktop,Firefox,Windows,/products
6d8e33e0-b1df-4841-8136-55253c666a33,2026_W27,S4520,U17025,2026-07-01 04:27:33,2026-07-01 04:34:33,Instagram,Left,Mobile,Firefox,MacOS,/products
6d8e33e0-b1df-4841-8136-55253c666a33,2026_W27,S4521,U7469,2026-07-01 11:10:12,2026-07-01 11:50:12,Facebook,Stuff,Tablet,Firefox,iOS,/offers
6d8e33e0-b1df-4841-8136-55253c666a33,2026_W27,S4522,U13255,2026-07-04 11:00:58,2026-07-04 11:26:58,Facebook,Drop,Tablet,Safari,Android,/offers
6d8e33e0-b1df-4841-8136-55253c666a33,2026_W27,S4523,U18075,2026-06-30 02:26:44,2026-06-30 02:29:44,Direct,Gas,Desktop,Edge,MacOS,/home
6d8e33e0-b1df-4841-8136-55253c666a33,2026_W27,S4524,U20948,2026-07-04 04:52:34,2026-07-04 04:59:34,Facebook,Institution,Mobile,Chrome,MacOS,/products
6d8e33e0-b1df-4841-8136-55253c666a33,2026_W27,S4525,U15608,2026-07-03 19:28:34,2026-07-03 19:36:34,Direct,Hard,Desktop,Edge,MacOS,/offers
6d8e33e0-b1df-4841-8136-55253c666a33,2026_W27,S4526,U16807,2026-07-04 05:49:06,2026-07-04 05:54:06,Email,Concern,Tablet,Firefox,Windows,/home
6d8e33e0-b1df-4841-8136-55253c666a33,2026_W27,S4527,U18887,2026-06-29 16:38:35,2026-06-29 16:44:35,Direct,Style,Mobile,Safari,MacOS,/products
6d8e33e0-b1df-4841-8136-55253c666a33,2026_W27,S4528,U24621,2026-06-30 22:40:16,2026-06-30 22:52:16,Direct,Employee,Tablet,Firefox,MacOS,/products
6d8e33e0-b1df-4841-8136-55253c666a33,2026_W27,S4529,U26241,2026-06-29 18:02:58,2026-06-29 18:40:58,Email,Win,Tablet,Edge,Android,/offers
6d8e33e0-b1df-4841-8136-55253c666a33,2026_W27,S4530,U25319,2026-07-02 20:33:16,2026-07-02 20:56:16,Email,Somebody,Tablet,Chrome,Windows,/products
6d8e33e0-b1df-4841-8136-55253c666a33,2026_W27,S4531,U2536,2026-06-30 22:49:57,2026-06-30 23:02:57,Instagram,Top,Mobile,Firefox,Windows,/products
6d8e33e0-b1df-4841-8136-55253c666a33,2026_W27,S4532,U12416,2026-07-04 17:39:07,2026-07-04 17:59:07,Email,Hear,Desktop,Safari,Windows,/home
6d8e33e0-b1df-4841-8136-55253c666a33,2026_W27,S4533,U17444,2026-07-02 01:15:36,2026-07-02 01:41:36,Instagram,Lead,Desktop,Chrome,Android,/home
6d8e33e0-b1df-4841-8136-55253c666a33,2026_W27,S4534,U9546,2026-06-29 09:23:07,2026-06-29 09:28:07,Organic,Travel,Desktop,Edge,iOS,/products
6d8e33e0-b1df-4841-8136-55253c666a33,2026_W27,S4535,U13528,2026-07-04 09:03:57,2026-07-04 09:12:57,Google Ads,Though,Tablet,Firefox,MacOS,/home
6d8e33e0-b1df-4841-8136-55253c666a33,2026_W27,S4536,U11970,2026-07-04 10:40:02,2026-07-04 10:56:02,Instagram,Call,Desktop,Chrome,iOS,/home
6d8e33e0-b1df-4841-8136-55253c666a33,2026_W27,S4537,U1671,2026-06-30 11:29:14,2026-06-30 12:04:14,Facebook,Seem,Desktop,Firefox,Android,/products
6d8e33e0-b1df-4841-8136-55253c666a33,2026_W27,S4538,U16739,2026-07-04 05:28:50,2026-07-04 05:29:50,Google Ads,Indeed,Tablet,Edge,Windows,/products
6d8e33e0-b1df-4841-8136-55253c666a33,2026_W27,S4539,U25472,2026-07-01 16:27:38,2026-07-01 16:46:38,Google Ads,Some,Desktop,Edge,iOS,/home
6d8e33e0-b1df-4841-8136-55253c666a33,2026_W27,S4540,U4317,2026-07-02 02:31:12,2026-07-02 02:36:12,Instagram,Reflect,Mobile,Chrome,MacOS,/products
6d8e33e0-b1df-4841-8136-55253c666a33,2026_W27,S4541,U13618,2026-07-03 01:11:22,2026-07-03 01:44:22,Email,Glass,Tablet,Firefox,Android,/products
6d8e33e0-b1df-4841-8136-55253c666a33,2026_W27,S4542,U34136,2026-07-03 09:25:04,2026-07-03 09:49:04,Google Ads,Drive,Tablet,Safari,MacOS,/home
6d8e33e0-b1df-4841-8136-55253c666a33,2026_W27,S4543,U29084,2026-07-05 09:03:28,2026-07-05 09:34:28,Facebook,Summer,Tablet,Safari,MacOS,/offers
6d8e33e0-b1df-4841-8136-55253c666a33,2026_W27,S4544,U1764,2026-06-30 11:41:50,2026-06-30 12:05:50,Google Ads,Trade,Tablet,Firefox,Windows,/home
6d8e33e0-b1df-4841-8136-55253c666a33,2026_W27,S4545,U7992,2026-07-01 10:25:39,2026-07-01 10:41:39,Google Ads,All,Desktop,Safari,iOS,/offers
6d8e33e0-b1df-4841-8136-55253c666a33,2026_W27,S4546,U5028,2026-07-03 21:55:46,2026-07-03 22:18:46,Instagram,Cause,Mobile,Edge,Windows,/offers
6d8e33e0-b1df-4841-8136-55253c666a33,2026_W27,S4547,U25862,2026-06-30 18:33:01,2026-06-30 18:42:01,Email,Mission,Mobile,Edge,iOS,/offers
6d8e33e0-b1df-4841-8136-55253c666a33,2026_W27,S4548,U20443,2026-07-04 14:40:49,2026-07-04 14:55:49,Instagram,Store,Desktop,Edge,iOS,/home
6d8e33e0-b1df-4841-8136-55253c666a33,2026_W27,S4549,U14600,2026-06-29 11:00:17,2026-06-29 11:03:17,Direct,Early,Tablet,Firefox,iOS,/offers
6d8e33e0-b1df-4841-8136-55253c666a33,2026_W27,S4550,U3346,2026-07-01 07:28:23,2026-07-01 07:30:23,Google Ads,Trouble,Desktop,Chrome,Windows,/home
6d8e33e0-b1df-4841-8136-55253c666a33,2026_W27,S4551,U16386,2026-07-03 22:42:35,2026-07-03 22:46:35,Facebook,Find,Desktop,Chrome,Android,/offers
6d8e33e0-b1df-4841-8136-55253c666a33,2026_W27,S4552,U17416,2026-07-01 01:57:41,2026-07-01 02:34:41,Direct,Month,Mobile,Safari,MacOS,/offers
6d8e33e0-b1df-4841-8136-55253c666a33,2026_W27,S4553,U32688,2026-07-03 09:43:25,2026-07-03 10:15:25,Google Ads,Center,Desktop,Firefox,Android,/offers
6d8e33e0-b1df-4841-8136-55253c666a33,2026_W27,S4554,U33192,2026-06-30 07:15:48,2026-06-30 07:26:48,Facebook,Good,Tablet,Firefox,MacOS,/offers
6d8e33e0-b1df-4841-8136-55253c666a33,2026_W27,S4555,U22570,2026-07-02 22:48:27,2026-07-02 23:12:27,Email,Sing,Desktop,Firefox,MacOS,/home
6d8e33e0-b1df-4841-8136-55253c666a33,2026_W27,S4556,U323,2026-06-29 17:26:23,2026-06-29 17:27:23,Email,Section,Mobile,Edge,iOS,/home
6d8e33e0-b1df-4841-8136-55253c666a33,2026_W27,S4557,U7803,2026-07-02 19:43:01,2026-07-02 20:22:01,Email,Power,Desktop,Firefox,Windows,/offers
6d8e33e0-b1df-4841-8136-55253c666a33,2026_W27,S4558,U4528,2026-07-04 00:49:07,2026-07-04 01:20:07,Instagram,Everyone,Desktop,Chrome,Android,/home
6d8e33e0-b1df-4841-8136-55253c666a33,2026_W27,S4559,U18930,2026-07-04 21:48:47,2026-07-04 22:28:47,Organic,Top,Tablet,Safari,Android,/products
6d8e33e0-b1df-4841-8136-55253c666a33,2026_W27,S4560,U9041,2026-06-30 03:23:42,2026-06-30 03:46:42,Google Ads,Century,Tablet,Edge,MacOS,/home
6d8e33e0-b1df-4841-8136-55253c666a33,2026_W27,S4561,U11015,2026-07-04 05:53:35,2026-07-04 06:12:35,Google Ads,Argue,Tablet,Edge,MacOS,/home
6d8e33e0-b1df-4841-8136-55253c666a33,2026_W27,S4562,U16855,2026-07-04 12:01:20,2026-07-04 12:24:20,Google Ads,System,Tablet,Chrome,Windows,/home
6d8e33e0-b1df-4841-8136-55253c666a33,2026_W27,S4563,U22054,2026-07-02 22:25:11,2026-07-02 22:59:11,Direct,Operation,Tablet,Firefox,Windows,/products
6d8e33e0-b1df-4841-8136-55253c666a33,2026_W27,S4564,U33129,2026-07-02 13:04:20,2026-07-02 13:44:20,Google Ads,Voice,Desktop,Chrome,Android,/offers
6d8e33e0-b1df-4841-8136-55253c666a33,2026_W27,S4565,U33903,2026-07-01 21:18:34,2026-07-01 21:46:34,Direct,Series,Tablet,Safari,iOS,/offers
6d8e33e0-b1df-4841-8136-55253c666a33,2026_W27,S4566,U25769,2026-07-02 19:57:23,2026-07-02 20:14:23,Direct,Various,Mobile,Firefox,Android,/offers
6d8e33e0-b1df-4841-8136-55253c666a33,2026_W27,S4567,U20751,2026-06-30 10:03:29,2026-06-30 10:43:29,Organic,Show,Mobile,Firefox,MacOS,/products
6d8e33e0-b1df-4841-8136-55253c666a33,2026_W27,S4568,U34509,2026-07-04 00:53:59,2026-07-04 01:22:59,Facebook,Program,Tablet,Firefox,iOS,/home
6d8e33e0-b1df-4841-8136-55253c666a33,2026_W27,S4569,U265,2026-07-03 04:18:46,2026-07-03 04:25:46,Organic,From,Desktop,Firefox,iOS,/home
6d8e33e0-b1df-4841-8136-55253c666a33,2026_W27,S4570,U11883,2026-07-02 19:46:54,2026-07-02 20:12:54,Direct,Sound,Mobile,Safari,MacOS,/home
6d8e33e0-b1df-4841-8136-55253c666a33,2026_W27,S4571,U33280,2026-07-04 06:01:52,2026-07-04 06:13:52,Facebook,Build,Tablet,Chrome,Android,/home
6d8e33e0-b1df-4841-8136-55253c666a33,2026_W27,S4572,U22921,2026-07-01 05:10:14,2026-07-01 05:35:14,Instagram,View,Mobile,Edge,Windows,/products
6d8e33e0-b1df-4841-8136-55253c666a33,2026_W27,S4573,U7780,2026-06-30 05:30:35,2026-06-30 05:31:35,Instagram,Second,Mobile,Safari,MacOS,/home
6d8e33e0-b1df-4841-8136-55253c666a33,2026_W27,S4574,U22709,2026-06-29 15:19:05,2026-06-29 15:45:05,Google Ads,Throughout,Mobile,Firefox,iOS,/products
6d8e33e0-b1df-4841-8136-55253c666a33,2026_W27,S4575,U20682,2026-06-29 12:01:13,2026-06-29 12:32:13,Instagram,Day,Desktop,Chrome,iOS,/home
6d8e33e0-b1df-4841-8136-55253c666a33,2026_W27,S4576,U30754,2026-07-05 00:07:56,2026-07-05 00:15:56,Instagram,National,Desktop,Safari,Android,/products
6d8e33e0-b1df-4841-8136-55253c666a33,2026_W27,S4577,U29060,2026-07-01 16:06:30,2026-07-01 16:08:30,Google Ads,Night,Desktop,Safari,Android,/products
6d8e33e0-b1df-4841-8136-55253c666a33,2026_W27,S4578,U34747,2026-07-03 22:14:14,2026-07-03 22:40:14,Instagram,Theory,Tablet,Edge,Windows,/offers
6d8e33e0-b1df-4841-8136-55253c666a33,2026_W27,S4579,U14560,2026-07-01 15:35:28,2026-07-01 16:04:28,Direct,Use,Mobile,Chrome,iOS,/products
6d8e33e0-b1df-4841-8136-55253c666a33,2026_W27,S4580,U15267,2026-07-04 18:24:18,2026-07-04 18:42:18,Direct,Last,Tablet,Safari,Windows,/offers
6d8e33e0-b1df-4841-8136-55253c666a33,2026_W27,S4581,U27165,2026-07-04 22:32:32,2026-07-04 22:36:32,Facebook,Light,Tablet,Firefox,MacOS,/offers
6d8e33e0-b1df-4841-8136-55253c666a33,2026_W27,S4582,U21756,2026-07-03 02:20:25,2026-07-03 02:44:25,Organic,Key,Desktop,Edge,iOS,/products
6d8e33e0-b1df-4841-8136-55253c666a33,2026_W27,S4583,U20818,2026-07-05 08:41:00,2026-07-05 08:46:00,Email,Hand,Mobile,Safari,MacOS,/products
6d8e33e0-b1df-4841-8136-55253c666a33,2026_W27,S4584,U8434,2026-07-03 18:46:13,2026-07-03 19:00:13,Email,Red,Tablet,Safari,MacOS,/offers
6d8e33e0-b1df-4841-8136-55253c666a33,2026_W27,S4585,U18521,2026-06-30 14:55:53,2026-06-30 15:33:53,Instagram,Husband,Tablet,Chrome,Windows,/products
6d8e33e0-b1df-4841-8136-55253c666a33,2026_W27,S4586,U27054,2026-07-03 18:31:05,2026-07-03 18:44:05,Organic,Relate,Desktop,Safari,Android,/home
6d8e33e0-b1df-4841-8136-55253c666a33,2026_W27,S4587,U31831,2026-06-29 14:24:03,2026-06-29 14:52:03,Facebook,Bed,Desktop,Firefox,Windows,/offers
6d8e33e0-b1df-4841-8136-55253c666a33,2026_W27,S4588,U20815,2026-06-30 19:13:15,2026-06-30 19:53:15,Instagram,People,Mobile,Safari,MacOS,/offers
6d8e33e0-b1df-4841-8136-55253c666a33,2026_W27,S4589,U126,2026-07-01 06:58:47,2026-07-01 07:13:47,Direct,Part,Mobile,Edge,MacOS,/home
6d8e33e0-b1df-4841-8136-55253c666a33,2026_W27,S4590,U11852,2026-06-29 22:03:38,2026-06-29 22:28:38,Organic,Outside,Desktop,Safari,MacOS,/offers
6d8e33e0-b1df-4841-8136-55253c666a33,2026_W27,S4591,U29203,2026-07-01 15:22:33,2026-07-01 15:34:33,Facebook,Candidate,Mobile,Edge,MacOS,/home
6d8e33e0-b1df-4841-8136-55253c666a33,2026_W27,S4592,U29586,2026-07-03 21:24:55,2026-07-03 22:01:55,Organic,Option,Mobile,Chrome,MacOS,/products
6d8e33e0-b1df-4841-8136-55253c666a33,2026_W27,S4593,U33465,2026-07-02 00:44:40,2026-07-02 01:16:40,Instagram,Air,Desktop,Chrome,MacOS,/products
6d8e33e0-b1df-4841-8136-55253c666a33,2026_W27,S4594,U34655,2026-07-01 03:28:27,2026-07-01 03:32:27,Email,Music,Desktop,Chrome,Windows,/products
6d8e33e0-b1df-4841-8136-55253c666a33,2026_W27,S4595,U26232,2026-07-02 23:07:19,2026-07-02 23:31:19,Email,Property,Desktop,Chrome,Windows,/products
6d8e33e0-b1df-4841-8136-55253c666a33,2026_W27,S4596,U20220,2026-07-01 20:28:38,2026-07-01 20:50:38,Email,Level,Mobile,Safari,Windows,/home
6d8e33e0-b1df-4841-8136-55253c666a33,2026_W27,S4597,U14817,2026-07-03 19:16:27,2026-07-03 19:44:27,Instagram,Sea,Mobile,Edge,Android,/offers
6d8e33e0-b1df-4841-8136-55253c666a33,2026_W27,S4598,U8002,2026-06-29 12:18:04,2026-06-29 12:31:04,Instagram,Great,Desktop,Safari,iOS,/products
6d8e33e0-b1df-4841-8136-55253c666a33,2026_W27,S4599,U20646,2026-07-04 00:36:17,2026-07-04 00:50:17,Email,Together,Desktop,Safari,Windows,/products
6d8e33e0-b1df-4841-8136-55253c666a33,2026_W27,S4600,U14013,2026-07-01 22:33:32,2026-07-01 23:08:32,Instagram,When,Desktop,Firefox,Windows,/home
6d8e33e0-b1df-4841-8136-55253c666a33,2026_W27,S4601,U5157,2026-07-03 16:56:39,2026-07-03 17:25:39,Instagram,Manage,Tablet,Safari,iOS,/offers
6d8e33e0-b1df-4841-8136-55253c666a33,2026_W27,S4602,U14065,2026-07-01 03:55:44,2026-07-01 04:00:44,Instagram,Action,Desktop,Firefox,iOS,/offers
6d8e33e0-b1df-4841-8136-55253c666a33,2026_W27,S4603,U33236,2026-07-05 00:09:15,2026-07-05 00:43:15,Instagram,Can,Desktop,Chrome,Android,/offers
6d8e33e0-b1df-4841-8136-55253c666a33,2026_W27,S4604,U29353,2026-07-03 12:45:49,2026-07-03 13:12:49,Instagram,Add,Desktop,Chrome,Windows,/home
6d8e33e0-b1df-4841-8136-55253c666a33,2026_W27,S4605,U18815,2026-07-04 15:51:14,2026-07-04 16:26:14,Direct,Television,Mobile,Edge,MacOS,/home
6d8e33e0-b1df-4841-8136-55253c666a33,2026_W27,S4606,U34660,2026-07-05 06:18:17,2026-07-05 06:23:17,Direct,Scientist,Desktop,Firefox,Windows,/home
6d8e33e0-b1df-4841-8136-55253c666a33,2026_W27,S4607,U26118,2026-06-29 20:02:14,2026-06-29 20:32:14,Email,Mrs,Desktop,Chrome,Android,/products
6d8e33e0-b1df-4841-8136-55253c666a33,2026_W27,S4608,U30364,2026-07-03 10:27:22,2026-07-03 11:05:22,Google Ads,Picture,Tablet,Firefox,iOS,/home
6d8e33e0-b1df-4841-8136-55253c666a33,2026_W27,S4609,U7496,2026-07-03 12:04:04,2026-07-03 12:27:04,Direct,Goal,Desktop,Safari,MacOS,/products
6d8e33e0-b1df-4841-8136-55253c666a33,2026_W27,S4610,U20254,2026-06-30 04:15:20,2026-06-30 04:34:20,Email,Blood,Desktop,Safari,Windows,/home
6d8e33e0-b1df-4841-8136-55253c666a33,2026_W27,S4611,U4350,2026-07-04 14:13:20,2026-07-04 14:23:20,Instagram,Scene,Tablet,Firefox,Windows,/offers
6d8e33e0-b1df-4841-8136-55253c666a33,2026_W27,S4612,U8200,2026-07-02 07:33:19,2026-07-02 07:55:19,Organic,Hot,Mobile,Edge,Windows,/offers
6d8e33e0-b1df-4841-8136-55253c666a33,2026_W27,S4613,U9063,2026-07-01 08:21:08,2026-07-01 08:58:08,Organic,Card,Desktop,Firefox,Windows,/offers
6d8e33e0-b1df-4841-8136-55253c666a33,2026_W27,S4614,U8478,2026-07-05 00:52:41,2026-07-05 00:55:41,Facebook,Successful,Tablet,Safari,Windows,/products
6d8e33e0-b1df-4841-8136-55253c666a33,2026_W27,S4615,U30134,2026-06-29 20:26:13,2026-06-29 20:47:13,Organic,Her,Tablet,Safari,MacOS,/offers
6d8e33e0-b1df-4841-8136-55253c666a33,2026_W27,S4616,U6770,2026-07-01 04:28:15,2026-07-01 04:51:15,Google Ads,Return,Desktop,Chrome,MacOS,/offers
6d8e33e0-b1df-4841-8136-55253c666a33,2026_W27,S4617,U4943,2026-06-30 18:51:36,2026-06-30 19:14:36,Organic,Budget,Desktop,Chrome,Android,/offers
6d8e33e0-b1df-4841-8136-55253c666a33,2026_W27,S4618,U25977,2026-07-03 01:41:21,2026-07-03 02:01:21,Instagram,Opportunity,Tablet,Edge,Windows,/offers
6d8e33e0-b1df-4841-8136-55253c666a33,2026_W27,S4619,U10984,2026-07-02 03:50:15,2026-07-02 04:13:15,Organic,Itself,Tablet,Chrome,Android,/home
6d8e33e0-b1df-4841-8136-55253c666a33,2026_W27,S4620,U5999,2026-06-29 17:43:19,2026-06-29 18:08:19,Direct,Environmental,Mobile,Safari,Windows,/products
6d8e33e0-b1df-4841-8136-55253c666a33,2026_W27,S4621,U9966,2026-07-02 03:56:45,2026-07-02 04:08:45,Email,Because,Mobile,Chrome,Windows,/offers
6d8e33e0-b1df-4841-8136-55253c666a33,2026_W27,S4622,U9190,2026-07-01 09:51:32,2026-07-01 10:12:32,Direct,Country,Mobile,Edge,iOS,/products
6d8e33e0-b1df-4841-8136-55253c666a33,2026_W27,S4623,U28931,2026-07-03 04:17:03,2026-07-03 04:56:03,Organic,Low,Desktop,Safari,iOS,/products
6d8e33e0-b1df-4841-8136-55253c666a33,2026_W27,S4624,U12274,2026-07-02 05:37:11,2026-07-02 05:47:11,Email,Story,Tablet,Edge,Android,/products
6d8e33e0-b1df-4841-8136-55253c666a33,2026_W27,S4625,U13904,2026-06-29 20:18:15,2026-06-29 20:33:15,Instagram,Pull,Mobile,Firefox,MacOS,/home
6d8e33e0-b1df-4841-8136-55253c666a33,2026_W27,S4626,U18622,2026-06-30 05:55:01,2026-06-30 06:04:01,Facebook,Lot,Desktop,Chrome,MacOS,/home
6d8e33e0-b1df-4841-8136-55253c666a33,2026_W27,S4627,U30892,2026-07-05 01:49:15,2026-07-05 02:24:15,Email,Firm,Desktop,Chrome,MacOS,/products
6d8e33e0-b1df-4841-8136-55253c666a33,2026_W27,S4628,U27920,2026-07-04 07:31:00,2026-07-04 07:40:00,Direct,Who,Tablet,Firefox,MacOS,/offers
6d8e33e0-b1df-4841-8136-55253c666a33,2026_W27,S4629,U1583,2026-06-30 05:28:17,2026-06-30 06:02:17,Direct,Task,Desktop,Safari,Android,/home
6d8e33e0-b1df-4841-8136-55253c666a33,2026_W27,S4630,U25846,2026-06-30 20:59:27,2026-06-30 21:38:27,Facebook,Measure,Tablet,Safari,Windows,/home
6d8e33e0-b1df-4841-8136-55253c666a33,2026_W27,S4631,U20367,2026-07-02 00:37:11,2026-07-02 01:02:11,Google Ads,Adult,Tablet,Safari,iOS,/offers
6d8e33e0-b1df-4841-8136-55253c666a33,2026_W27,S4632,U23863,2026-07-04 15:43:52,2026-07-04 15:58:52,Facebook,Financial,Desktop,Chrome,Android,/home
6d8e33e0-b1df-4841-8136-55253c666a33,2026_W27,S4633,U6401,2026-07-01 12:01:57,2026-07-01 12:20:57,Facebook,Against,Tablet,Chrome,MacOS,/home
6d8e33e0-b1df-4841-8136-55253c666a33,2026_W27,S4634,U17353,2026-07-04 01:39:25,2026-07-04 01:51:25,Email,Whole,Desktop,Safari,Android,/home
6d8e33e0-b1df-4841-8136-55253c666a33,2026_W27,S4635,U26620,2026-07-01 12:52:01,2026-07-01 13:15:01,Google Ads,Grow,Mobile,Firefox,Android,/home
6d8e33e0-b1df-4841-8136-55253c666a33,2026_W27,S4636,U31485,2026-07-03 22:02:07,2026-07-03 22:34:07,Instagram,Within,Tablet,Edge,Windows,/products
6d8e33e0-b1df-4841-8136-55253c666a33,2026_W27,S4637,U1673,2026-06-30 23:41:12,2026-07-01 00:19:12,Organic,Evening,Desktop,Safari,iOS,/products
6d8e33e0-b1df-4841-8136-55253c666a33,2026_W27,S4638,U11554,2026-07-01 08:56:52,2026-07-01 09:27:52,Direct,Still,Tablet,Firefox,MacOS,/products
6d8e33e0-b1df-4841-8136-55253c666a33,2026_W27,S4639,U19207,2026-07-01 06:14:23,2026-07-01 06:44:23,Google Ads,Continue,Mobile,Chrome,Android,/products
6d8e33e0-b1df-4841-8136-55253c666a33,2026_W27,S4640,U3129,2026-07-04 02:54:35,2026-07-04 03:21:35,Google Ads,Whose,Desktop,Chrome,Android,/products
6d8e33e0-b1df-4841-8136-55253c666a33,2026_W27,S4641,U19189,2026-06-29 09:25:35,2026-06-29 09:38:35,Instagram,Easy,Mobile,Chrome,iOS,/home
6d8e33e0-b1df-4841-8136-55253c666a33,2026_W27,S4642,U14005,2026-07-01 08:23:03,2026-07-01 08:26:03,Email,Want,Desktop,Chrome,iOS,/offers
6d8e33e0-b1df-4841-8136-55253c666a33,2026_W27,S4643,U4259,2026-07-01 14:41:59,2026-07-01 15:09:59,Instagram,A,Tablet,Firefox,Windows,/offers
6d8e33e0-b1df-4841-8136-55253c666a33,2026_W27,S4644,U13229,2026-07-04 20:32:10,2026-07-04 20:33:10,Instagram,Unit,Tablet,Safari,MacOS,/offers
6d8e33e0-b1df-4841-8136-55253c666a33,2026_W27,S4645,U23914,2026-06-29 22:04:18,2026-06-29 22:38:18,Instagram,Dinner,Desktop,Chrome,MacOS,/offers
6d8e33e0-b1df-4841-8136-55253c666a33,2026_W27,S4646,U16666,2026-07-05 05:50:48,2026-07-05 06:20:48,Google Ads,Arrive,Mobile,Chrome,Android,/products
6d8e33e0-b1df-4841-8136-55253c666a33,2026_W27,S4647,U33582,2026-07-01 22:55:34,2026-07-01 23:15:34,Instagram,Include,Tablet,Chrome,iOS,/home
6d8e33e0-b1df-4841-8136-55253c666a33,2026_W27,S4648,U5979,2026-07-02 03:17:55,2026-07-02 03:33:55,Google Ads,Thank,Mobile,Firefox,iOS,/offers
6d8e33e0-b1df-4841-8136-55253c666a33,2026_W27,S4649,U32413,2026-06-30 07:28:39,2026-06-30 07:43:39,Instagram,Single,Tablet,Safari,MacOS,/products
6d8e33e0-b1df-4841-8136-55253c666a33,2026_W27,S4650,U6341,2026-07-02 00:36:32,2026-07-02 00:49:32,Email,From,Mobile,Edge,MacOS,/products
6d8e33e0-b1df-4841-8136-55253c666a33,2026_W27,S4651,U19278,2026-06-30 09:29:46,2026-06-30 09:33:46,Instagram,Sell,Desktop,Chrome,MacOS,/products
6d8e33e0-b1df-4841-8136-55253c666a33,2026_W27,S4652,U14060,2026-07-02 00:52:31,2026-07-02 01:22:31,Google Ads,Away,Mobile,Safari,iOS,/home
6d8e33e0-b1df-4841-8136-55253c666a33,2026_W27,S4653,U8653,2026-07-04 06:52:42,2026-07-04 06:57:42,Direct,Senior,Tablet,Firefox,iOS,/home
6d8e33e0-b1df-4841-8136-55253c666a33,2026_W27,S4654,U3470,2026-07-03 17:04:36,2026-07-03 17:18:36,Facebook,Spring,Desktop,Chrome,MacOS,/home
6d8e33e0-b1df-4841-8136-55253c666a33,2026_W27,S4655,U2665,2026-06-30 20:22:47,2026-06-30 21:02:47,Direct,Do,Mobile,Chrome,Windows,/home
6d8e33e0-b1df-4841-8136-55253c666a33,2026_W27,S4656,U11134,2026-07-03 06:12:51,2026-07-03 06:22:51,Direct,Hotel,Desktop,Safari,Android,/offers
6d8e33e0-b1df-4841-8136-55253c666a33,2026_W27,S4657,U28348,2026-06-30 13:33:49,2026-06-30 14:06:49,Email,Participant,Desktop,Edge,Windows,/offers
6d8e33e0-b1df-4841-8136-55253c666a33,2026_W27,S4658,U20051,2026-07-01 11:29:19,2026-07-01 11:49:19,Facebook,Six,Desktop,Firefox,Android,/offers
6d8e33e0-b1df-4841-8136-55253c666a33,2026_W27,S4659,U867,2026-07-02 20:49:01,2026-07-02 21:11:01,Email,Much,Tablet,Firefox,Windows,/home
6d8e33e0-b1df-4841-8136-55253c666a33,2026_W27,S4660,U3864,2026-07-02 14:31:11,2026-07-02 14:37:11,Email,Bed,Mobile,Firefox,Windows,/products
6d8e33e0-b1df-4841-8136-55253c666a33,2026_W27,S4661,U24282,2026-07-02 00:06:06,2026-07-02 00:31:06,Organic,Fine,Mobile,Chrome,MacOS,/products
6d8e33e0-b1df-4841-8136-55253c666a33,2026_W27,S4662,U27553,2026-07-01 17:19:12,2026-07-01 17:21:12,Direct,Change,Tablet,Firefox,Windows,/products
6d8e33e0-b1df-4841-8136-55253c666a33,2026_W27,S4663,U32677,2026-07-04 02:18:36,2026-07-04 02:28:36,Organic,Ability,Desktop,Edge,Windows,/home
6d8e33e0-b1df-4841-8136-55253c666a33,2026_W27,S4664,U26800,2026-07-05 08:15:52,2026-07-05 08:18:52,Organic,Stop,Mobile,Edge,Windows,/products
6d8e33e0-b1df-4841-8136-55253c666a33,2026_W27,S4665,U29189,2026-07-01 23:15:29,2026-07-01 23:51:29,Instagram,Area,Desktop,Chrome,Windows,/home
6d8e33e0-b1df-4841-8136-55253c666a33,2026_W27,S4666,U28542,2026-06-30 06:41:33,2026-06-30 07:16:33,Direct,Player,Desktop,Safari,MacOS,/products
6d8e33e0-b1df-4841-8136-55253c666a33,2026_W27,S4667,U7813,2026-07-01 22:48:00,2026-07-01 23:15:00,Organic,Federal,Tablet,Firefox,Windows,/home
6d8e33e0-b1df-4841-8136-55253c666a33,2026_W27,S4668,U15017,2026-07-04 19:32:50,2026-07-04 20:00:50,Facebook,Theory,Tablet,Edge,iOS,/home
6d8e33e0-b1df-4841-8136-55253c666a33,2026_W27,S4669,U23188,2026-07-01 06:47:20,2026-07-01 07:11:20,Email,Tell,Mobile,Safari,iOS,/home
6d8e33e0-b1df-4841-8136-55253c666a33,2026_W27,S4670,U2945,2026-07-01 02:42:47,2026-07-01 02:59:47,Direct,Wind,Tablet,Firefox,Windows,/offers
6d8e33e0-b1df-4841-8136-55253c666a33,2026_W27,S4671,U33912,2026-07-03 23:05:56,2026-07-03 23:32:56,Direct,Something,Mobile,Safari,MacOS,/offers
6d8e33e0-b1df-4841-8136-55253c666a33,2026_W27,S4672,U10524,2026-07-05 08:14:54,2026-07-05 08:24:54,Direct,Education,Mobile,Edge,Android,/offers
6d8e33e0-b1df-4841-8136-55253c666a33,2026_W27,S4673,U27672,2026-07-04 06:38:11,2026-07-04 06:56:11,Facebook,Receive,Tablet,Chrome,Windows,/products
6d8e33e0-b1df-4841-8136-55253c666a33,2026_W27,S4674,U23114,2026-06-29 14:46:06,2026-06-29 15:21:06,Instagram,Though,Mobile,Firefox,Windows,/home
6d8e33e0-b1df-4841-8136-55253c666a33,2026_W27,S4675,U5597,2026-07-01 01:01:27,2026-07-01 01:30:27,Instagram,Hear,Tablet,Firefox,MacOS,/home
6d8e33e0-b1df-4841-8136-55253c666a33,2026_W27,S4676,U34907,2026-06-29 16:08:31,2026-06-29 16:14:31,Email,Far,Mobile,Edge,iOS,/home
6d8e33e0-b1df-4841-8136-55253c666a33,2026_W27,S4677,U26528,2026-07-01 02:15:36,2026-07-01 02:23:36,Direct,Record,Mobile,Edge,iOS,/offers
6d8e33e0-b1df-4841-8136-55253c666a33,2026_W27,S4678,U24309,2026-06-30 00:39:28,2026-06-30 01:03:28,Email,Thus,Tablet,Chrome,iOS,/products
6d8e33e0-b1df-4841-8136-55253c666a33,2026_W27,S4679,U6508,2026-06-29 11:02:25,2026-06-29 11:35:25,Email,Support,Tablet,Chrome,iOS,/home
6d8e33e0-b1df-4841-8136-55253c666a33,2026_W27,S4680,U18507,2026-07-04 09:47:08,2026-07-04 09:55:08,Instagram,Vote,Mobile,Edge,MacOS,/offers
6d8e33e0-b1df-4841-8136-55253c666a33,2026_W27,S4681,U29102,2026-06-30 14:01:13,2026-06-30 14:34:13,Facebook,Garden,Mobile,Safari,iOS,/home
6d8e33e0-b1df-4841-8136-55253c666a33,2026_W27,S4682,U5616,2026-07-01 10:13:32,2026-07-01 10:27:32,Instagram,Message,Desktop,Edge,MacOS,/home
6d8e33e0-b1df-4841-8136-55253c666a33,2026_W27,S4683,U9003,2026-07-03 03:55:19,2026-07-03 04:03:19,Facebook,Still,Mobile,Chrome,iOS,/products
6d8e33e0-b1df-4841-8136-55253c666a33,2026_W27,S4684,U3179,2026-07-05 04:29:07,2026-07-05 04:42:07,Instagram,Partner,Tablet,Chrome,Windows,/products
6d8e33e0-b1df-4841-8136-55253c666a33,2026_W27,S4685,U1598,2026-07-04 21:27:43,2026-07-04 21:30:43,Instagram,Drive,Tablet,Safari,Android,/home
6d8e33e0-b1df-4841-8136-55253c666a33,2026_W27,S4686,U26548,2026-07-04 00:20:07,2026-07-04 00:40:07,Google Ads,Something,Tablet,Edge,Windows,/offers
6d8e33e0-b1df-4841-8136-55253c666a33,2026_W27,S4687,U6063,2026-07-03 01:12:11,2026-07-03 01:27:11,Direct,Public,Tablet,Safari,Windows,/products
6d8e33e0-b1df-4841-8136-55253c666a33,2026_W27,S4688,U18268,2026-07-01 04:14:11,2026-07-01 04:51:11,Email,Blue,Mobile,Chrome,MacOS,/offers
6d8e33e0-b1df-4841-8136-55253c666a33,2026_W27,S4689,U2486,2026-07-01 03:57:48,2026-07-01 04:05:48,Direct,Close,Desktop,Chrome,Android,/offers
6d8e33e0-b1df-4841-8136-55253c666a33,2026_W27,S4690,U21460,2026-07-04 15:29:46,2026-07-04 15:33:46,Instagram,Practice,Desktop,Chrome,MacOS,/products
6d8e33e0-b1df-4841-8136-55253c666a33,2026_W27,S4691,U4820,2026-07-04 15:31:24,2026-07-04 15:51:24,Google Ads,Poor,Mobile,Firefox,iOS,/home
6d8e33e0-b1df-4841-8136-55253c666a33,2026_W27,S4692,U12263,2026-07-03 09:28:02,2026-07-03 09:30:02,Email,While,Tablet,Chrome,MacOS,/offers
6d8e33e0-b1df-4841-8136-55253c666a33,2026_W27,S4693,U4966,2026-07-02 10:01:35,2026-07-02 10:38:35,Instagram,One,Desktop,Edge,MacOS,/products
6d8e33e0-b1df-4841-8136-55253c666a33,2026_W27,S4694,U16653,2026-07-03 02:09:22,2026-07-03 02:33:22,Direct,Price,Desktop,Safari,iOS,/products
6d8e33e0-b1df-4841-8136-55253c666a33,2026_W27,S4695,U8863,2026-07-02 08:21:24,2026-07-02 08:47:24,Email,Real,Mobile,Safari,Android,/offers
6d8e33e0-b1df-4841-8136-55253c666a33,2026_W27,S4696,U1371,2026-06-30 15:14:58,2026-06-30 15:17:58,Direct,Four,Mobile,Safari,iOS,/offers
6d8e33e0-b1df-4841-8136-55253c666a33,2026_W27,S4697,U1525,2026-06-30 17:45:52,2026-06-30 18:20:52,Email,Church,Mobile,Safari,Windows,/products
6d8e33e0-b1df-4841-8136-55253c666a33,2026_W27,S4698,U12804,2026-06-29 15:12:05,2026-06-29 15:28:05,Email,Let,Tablet,Safari,Windows,/products
6d8e33e0-b1df-4841-8136-55253c666a33,2026_W27,S4699,U27401,2026-07-03 02:35:56,2026-07-03 02:36:56,Google Ads,Economic,Desktop,Chrome,Android,/home
6d8e33e0-b1df-4841-8136-55253c666a33,2026_W27,S4700,U7077,2026-07-01 17:54:22,2026-07-01 18:34:22,Google Ads,Area,Tablet,Chrome,Android,/home
6d8e33e0-b1df-4841-8136-55253c666a33,2026_W27,S4701,U34322,2026-06-29 15:28:59,2026-06-29 15:38:59,Email,Hair,Tablet,Chrome,iOS,/home
6d8e33e0-b1df-4841-8136-55253c666a33,2026_W27,S4702,U4125,2026-07-01 18:53:48,2026-07-01 19:16:48,Instagram,Fill,Desktop,Firefox,iOS,/offers
6d8e33e0-b1df-4841-8136-55253c666a33,2026_W27,S4703,U32927,2026-07-02 20:04:14,2026-07-02 20:41:14,Google Ads,Lead,Desktop,Firefox,MacOS,/home
6d8e33e0-b1df-4841-8136-55253c666a33,2026_W27,S4704,U31445,2026-07-04 13:52:50,2026-07-04 13:53:50,Instagram,Network,Tablet,Safari,MacOS,/home
6d8e33e0-b1df-4841-8136-55253c666a33,2026_W27,S4705,U27539,2026-07-04 04:24:44,2026-07-04 05:04:44,Organic,Campaign,Tablet,Chrome,Windows,/offers
6d8e33e0-b1df-4841-8136-55253c666a33,2026_W27,S4706,U28201,2026-07-05 02:36:00,2026-07-05 02:56:00,Email,Bad,Tablet,Chrome,MacOS,/products
6d8e33e0-b1df-4841-8136-55253c666a33,2026_W27,S4707,U26943,2026-06-30 10:14:31,2026-06-30 10:38:31,Facebook,Whom,Tablet,Edge,MacOS,/offers
6d8e33e0-b1df-4841-8136-55253c666a33,2026_W27,S4708,U15120,2026-07-02 22:05:06,2026-07-02 22:43:06,Direct,Speak,Mobile,Chrome,iOS,/offers
6d8e33e0-b1df-4841-8136-55253c666a33,2026_W27,S4709,U4321,2026-07-02 17:45:09,2026-07-02 17:54:09,Direct,Size,Desktop,Firefox,MacOS,/home
6d8e33e0-b1df-4841-8136-55253c666a33,2026_W27,S4710,U32979,2026-07-04 18:42:17,2026-07-04 19:16:17,Email,War,Mobile,Chrome,iOS,/products
6d8e33e0-b1df-4841-8136-55253c666a33,2026_W27,S4711,U24771,2026-07-01 02:55:13,2026-07-01 03:01:13,Google Ads,Fly,Tablet,Chrome,MacOS,/offers
6d8e33e0-b1df-4841-8136-55253c666a33,2026_W27,S4712,U19417,2026-07-02 08:08:30,2026-07-02 08:33:30,Google Ads,Matter,Desktop,Edge,MacOS,/home
6d8e33e0-b1df-4841-8136-55253c666a33,2026_W27,S4713,U26522,2026-06-30 18:07:37,2026-06-30 18:12:37,Organic,Offer,Desktop,Safari,MacOS,/home
6d8e33e0-b1df-4841-8136-55253c666a33,2026_W27,S4714,U5094,2026-07-02 07:51:32,2026-07-02 07:57:32,Organic,Near,Mobile,Chrome,iOS,/offers
6d8e33e0-b1df-4841-8136-55253c666a33,2026_W27,S4715,U6270,2026-06-29 17:23:17,2026-06-29 17:29:17,Direct,Respond,Mobile,Edge,Windows,/products
6d8e33e0-b1df-4841-8136-55253c666a33,2026_W27,S4716,U32103,2026-07-01 20:41:15,2026-07-01 21:10:15,Direct,At,Mobile,Firefox,MacOS,/offers
6d8e33e0-b1df-4841-8136-55253c666a33,2026_W27,S4717,U7322,2026-07-03 23:57:17,2026-07-04 00:26:17,Email,Sit,Tablet,Firefox,iOS,/products
6d8e33e0-b1df-4841-8136-55253c666a33,2026_W27,S4718,U1644,2026-07-02 20:46:04,2026-07-02 21:17:04,Direct,Set,Mobile,Safari,MacOS,/products
6d8e33e0-b1df-4841-8136-55253c666a33,2026_W27,S4719,U30569,2026-07-02 21:18:36,2026-07-02 21:57:36,Direct,Anyone,Desktop,Firefox,Android,/offers
6d8e33e0-b1df-4841-8136-55253c666a33,2026_W27,S4720,U26965,2026-07-03 11:43:33,2026-07-03 12:03:33,Direct,Director,Desktop,Firefox,Android,/offers
6d8e33e0-b1df-4841-8136-55253c666a33,2026_W27,S4721,U9616,2026-07-01 07:46:02,2026-07-01 07:56:02,Organic,Prevent,Mobile,Safari,Windows,/offers
6d8e33e0-b1df-4841-8136-55253c666a33,2026_W27,S4722,U14631,2026-07-03 12:28:52,2026-07-03 12:57:52,Email,Finally,Tablet,Chrome,Android,/products
6d8e33e0-b1df-4841-8136-55253c666a33,2026_W27,S4723,U1844,2026-07-04 11:40:10,2026-07-04 11:45:10,Facebook,Until,Desktop,Edge,Android,/offers
6d8e33e0-b1df-4841-8136-55253c666a33,2026_W27,S4724,U2190,2026-07-04 13:28:20,2026-07-04 13:31:20,Facebook,Area,Desktop,Edge,Windows,/home
6d8e33e0-b1df-4841-8136-55253c666a33,2026_W27,S4725,U24849,2026-07-01 02:46:45,2026-07-01 03:08:45,Direct,Listen,Tablet,Chrome,Windows,/offers
6d8e33e0-b1df-4841-8136-55253c666a33,2026_W27,S4726,U31188,2026-07-02 21:30:02,2026-07-02 21:59:02,Direct,Hard,Mobile,Chrome,Android,/home
6d8e33e0-b1df-4841-8136-55253c666a33,2026_W27,S4727,U24438,2026-07-01 18:53:29,2026-07-01 19:19:29,Google Ads,Organization,Mobile,Edge,Android,/products
6d8e33e0-b1df-4841-8136-55253c666a33,2026_W27,S4728,U388,2026-07-04 11:16:15,2026-07-04 11:21:15,Email,Military,Desktop,Safari,Android,/home
6d8e33e0-b1df-4841-8136-55253c666a33,2026_W27,S4729,U20449,2026-07-01 02:57:24,2026-07-01 03:31:24,Facebook,Successful,Mobile,Firefox,iOS,/home
6d8e33e0-b1df-4841-8136-55253c666a33,2026_W27,S4730,U14100,2026-07-01 16:04:20,2026-07-01 16:16:20,Direct,Exist,Mobile,Firefox,MacOS,/offers
6d8e33e0-b1df-4841-8136-55253c666a33,2026_W27,S4731,U3499,2026-07-01 11:53:03,2026-07-01 12:30:03,Direct,Service,Mobile,Firefox,Windows,/products
6d8e33e0-b1df-4841-8136-55253c666a33,2026_W27,S4732,U4351,2026-06-29 16:08:34,2026-06-29 16:27:34,Google Ads,Hotel,Tablet,Chrome,Android,/home
6d8e33e0-b1df-4841-8136-55253c666a33,2026_W27,S4733,U33110,2026-07-01 20:59:08,2026-07-01 21:19:08,Organic,Serve,Tablet,Firefox,Windows,/products
6d8e33e0-b1df-4841-8136-55253c666a33,2026_W27,S4734,U25935,2026-06-29 12:53:05,2026-06-29 13:12:05,Direct,Almost,Desktop,Safari,iOS,/home
6d8e33e0-b1df-4841-8136-55253c666a33,2026_W27,S4735,U26862,2026-07-02 21:40:21,2026-07-02 22:20:21,Direct,Memory,Mobile,Edge,MacOS,/home
6d8e33e0-b1df-4841-8136-55253c666a33,2026_W27,S4736,U34081,2026-06-30 11:54:11,2026-06-30 12:21:11,Instagram,Wait,Desktop,Chrome,MacOS,/products
6d8e33e0-b1df-4841-8136-55253c666a33,2026_W27,S4737,U5497,2026-07-01 20:32:06,2026-07-01 21:09:06,Google Ads,Join,Tablet,Firefox,Windows,/offers
6d8e33e0-b1df-4841-8136-55253c666a33,2026_W27,S4738,U617,2026-07-02 15:19:34,2026-07-02 15:59:34,Direct,Deep,Desktop,Firefox,Windows,/offers
6d8e33e0-b1df-4841-8136-55253c666a33,2026_W27,S4739,U8238,2026-07-02 18:03:01,2026-07-02 18:12:01,Instagram,Kitchen,Desktop,Firefox,Windows,/offers
6d8e33e0-b1df-4841-8136-55253c666a33,2026_W27,S4740,U30825,2026-06-30 05:41:14,2026-06-30 05:59:14,Email,Candidate,Mobile,Firefox,Windows,/products
6d8e33e0-b1df-4841-8136-55253c666a33,2026_W27,S4741,U13244,2026-07-01 11:59:08,2026-07-01 12:12:08,Google Ads,Section,Desktop,Firefox,Android,/home
6d8e33e0-b1df-4841-8136-55253c666a33,2026_W27,S4742,U31923,2026-06-30 10:11:16,2026-06-30 10:23:16,Google Ads,Time,Mobile,Safari,Windows,/offers
6d8e33e0-b1df-4841-8136-55253c666a33,2026_W27,S4743,U32321,2026-07-02 09:42:19,2026-07-02 09:58:19,Direct,Film,Tablet,Chrome,Windows,/offers
6d8e33e0-b1df-4841-8136-55253c666a33,2026_W27,S4744,U17245,2026-07-04 06:19:45,2026-07-04 06:46:45,Email,Any,Tablet,Safari,MacOS,/products
6d8e33e0-b1df-4841-8136-55253c666a33,2026_W27,S4745,U18358,2026-07-03 10:40:13,2026-07-03 10:57:13,Email,Join,Tablet,Firefox,iOS,/products
6d8e33e0-b1df-4841-8136-55253c666a33,2026_W27,S4746,U9601,2026-07-01 12:04:03,2026-07-01 12:29:03,Direct,Nor,Mobile,Edge,Android,/home
6d8e33e0-b1df-4841-8136-55253c666a33,2026_W27,S4747,U26232,2026-06-30 19:37:02,2026-06-30 19:54:02,Instagram,Than,Tablet,Safari,MacOS,/home
6d8e33e0-b1df-4841-8136-55253c666a33,2026_W27,S4748,U31415,2026-06-30 01:43:37,2026-06-30 02:09:37,Google Ads,She,Tablet,Chrome,iOS,/home
6d8e33e0-b1df-4841-8136-55253c666a33,2026_W27,S4749,U1232,2026-06-29 17:49:12,2026-06-29 18:10:12,Instagram,Success,Mobile,Firefox,MacOS,/offers
6d8e33e0-b1df-4841-8136-55253c666a33,2026_W27,S4750,U22815,2026-07-04 14:23:08,2026-07-04 14:58:08,Facebook,Congress,Mobile,Safari,Android,/products
6d8e33e0-b1df-4841-8136-55253c666a33,2026_W27,S4751,U10759,2026-06-29 09:24:21,2026-06-29 09:34:21,Email,Network,Tablet,Firefox,Android,/products
6d8e33e0-b1df-4841-8136-55253c666a33,2026_W27,S4752,U17530,2026-07-04 11:38:03,2026-07-04 11:39:03,Direct,News,Tablet,Firefox,MacOS,/offers
6d8e33e0-b1df-4841-8136-55253c666a33,2026_W27,S4753,U31286,2026-06-30 00:18:49,2026-06-30 00:31:49,Email,Smile,Desktop,Firefox,MacOS,/products
6d8e33e0-b1df-4841-8136-55253c666a33,2026_W27,S4754,U25106,2026-07-02 05:11:41,2026-07-02 05:37:41,Google Ads,Head,Desktop,Safari,iOS,/home
6d8e33e0-b1df-4841-8136-55253c666a33,2026_W27,S4755,U32054,2026-07-02 16:26:02,2026-07-02 17:00:02,Instagram,Term,Desktop,Safari,Android,/offers
6d8e33e0-b1df-4841-8136-55253c666a33,2026_W27,S4756,U20476,2026-07-01 17:50:08,2026-07-01 18:15:08,Instagram,System,Tablet,Chrome,iOS,/home
6d8e33e0-b1df-4841-8136-55253c666a33,2026_W27,S4757,U29240,2026-07-01 09:52:35,2026-07-01 10:19:35,Google Ads,Sell,Desktop,Firefox,MacOS,/home
6d8e33e0-b1df-4841-8136-55253c666a33,2026_W27,S4758,U13578,2026-07-02 06:24:20,2026-07-02 06:39:20,Email,Candidate,Desktop,Chrome,Windows,/home
6d8e33e0-b1df-4841-8136-55253c666a33,2026_W27,S4759,U19354,2026-07-04 00:25:21,2026-07-04 00:49:21,Direct,Election,Desktop,Edge,MacOS,/home
6d8e33e0-b1df-4841-8136-55253c666a33,2026_W27,S4760,U21233,2026-07-01 21:19:40,2026-07-01 21:47:40,Direct,Big,Tablet,Chrome,Android,/offers
6d8e33e0-b1df-4841-8136-55253c666a33,2026_W27,S4761,U15708,2026-07-03 12:47:27,2026-07-03 12:54:27,Organic,Standard,Mobile,Chrome,Android,/home
6d8e33e0-b1df-4841-8136-55253c666a33,2026_W27,S4762,U5438,2026-07-01 00:43:04,2026-07-01 01:21:04,Google Ads,Ok,Desktop,Chrome,iOS,/offers
6d8e33e0-b1df-4841-8136-55253c666a33,2026_W27,S4763,U4930,2026-06-29 23:03:02,2026-06-29 23:40:02,Organic,Watch,Mobile,Edge,Android,/products
6d8e33e0-b1df-4841-8136-55253c666a33,2026_W27,S4764,U15194,2026-07-01 06:55:37,2026-07-01 07:01:37,Google Ads,Culture,Mobile,Safari,iOS,/offers
6d8e33e0-b1df-4841-8136-55253c666a33,2026_W27,S4765,U33488,2026-07-01 00:47:12,2026-07-01 01:06:12,Instagram,Product,Mobile,Chrome,Windows,/home
6d8e33e0-b1df-4841-8136-55253c666a33,2026_W27,S4766,U2426,2026-07-04 03:08:38,2026-07-04 03:09:38,Direct,Best,Mobile,Firefox,MacOS,/offers
6d8e33e0-b1df-4841-8136-55253c666a33,2026_W27,S4767,U17190,2026-06-30 23:20:15,2026-06-30 23:27:15,Google Ads,Image,Desktop,Edge,iOS,/home
6d8e33e0-b1df-4841-8136-55253c666a33,2026_W27,S4768,U32015,2026-06-29 10:07:07,2026-06-29 10:26:07,Facebook,Computer,Mobile,Safari,Android,/products
6d8e33e0-b1df-4841-8136-55253c666a33,2026_W27,S4769,U11381,2026-07-03 11:29:45,2026-07-03 11:38:45,Facebook,Lawyer,Desktop,Safari,Android,/products
6d8e33e0-b1df-4841-8136-55253c666a33,2026_W27,S4770,U30006,2026-07-05 00:29:57,2026-07-05 00:49:57,Instagram,Action,Tablet,Safari,Android,/offers
6d8e33e0-b1df-4841-8136-55253c666a33,2026_W27,S4771,U18915,2026-06-30 00:52:40,2026-06-30 01:10:40,Organic,Note,Mobile,Edge,MacOS,/offers
6d8e33e0-b1df-4841-8136-55253c666a33,2026_W27,S4772,U20101,2026-07-02 21:38:20,2026-07-02 21:46:20,Direct,Free,Desktop,Chrome,Windows,/home
6d8e33e0-b1df-4841-8136-55253c666a33,2026_W27,S4773,U13642,2026-07-03 02:46:02,2026-07-03 03:23:02,Google Ads,Focus,Mobile,Chrome,Windows,/offers
6d8e33e0-b1df-4841-8136-55253c666a33,2026_W27,S4774,U23582,2026-06-30 06:29:17,2026-06-30 06:46:17,Facebook,Ten,Desktop,Edge,Windows,/home
6d8e33e0-b1df-4841-8136-55253c666a33,2026_W27,S4775,U585,2026-07-02 09:40:29,2026-07-02 10:19:29,Facebook,With,Desktop,Edge,Android,/products
6d8e33e0-b1df-4841-8136-55253c666a33,2026_W27,S4776,U8326,2026-07-03 10:56:37,2026-07-03 11:29:37,Google Ads,Claim,Mobile,Chrome,MacOS,/home
6d8e33e0-b1df-4841-8136-55253c666a33,2026_W27,S4777,U13647,2026-07-04 17:15:14,2026-07-04 17:31:14,Email,Occur,Mobile,Edge,Windows,/home
6d8e33e0-b1df-4841-8136-55253c666a33,2026_W27,S4778,U4516,2026-07-03 13:11:45,2026-07-03 13:29:45,Organic,Plant,Mobile,Safari,Windows,/products
6d8e33e0-b1df-4841-8136-55253c666a33,2026_W27,S4779,U9858,2026-07-04 19:17:50,2026-07-04 19:51:50,Instagram,Prevent,Tablet,Safari,Windows,/home
6d8e33e0-b1df-4841-8136-55253c666a33,2026_W27,S4780,U7135,2026-07-03 05:42:44,2026-07-03 05:43:44,Facebook,Future,Desktop,Chrome,Android,/offers
6d8e33e0-b1df-4841-8136-55253c666a33,2026_W27,S4781,U9526,2026-07-03 22:30:20,2026-07-03 22:48:20,Direct,Bed,Mobile,Edge,Android,/offers
6d8e33e0-b1df-4841-8136-55253c666a33,2026_W27,S4782,U31639,2026-06-29 19:29:20,2026-06-29 20:01:20,Organic,Rise,Mobile,Firefox,MacOS,/home
6d8e33e0-b1df-4841-8136-55253c666a33,2026_W27,S4783,U11341,2026-07-04 13:32:07,2026-07-04 13:44:07,Organic,Husband,Tablet,Firefox,MacOS,/offers
6d8e33e0-b1df-4841-8136-55253c666a33,2026_W27,S4784,U20992,2026-07-01 23:19:23,2026-07-01 23:37:23,Organic,Represent,Desktop,Firefox,iOS,/offers
6d8e33e0-b1df-4841-8136-55253c666a33,2026_W27,S4785,U19174,2026-07-04 20:42:08,2026-07-04 21:09:08,Facebook,Maybe,Desktop,Chrome,iOS,/products
6d8e33e0-b1df-4841-8136-55253c666a33,2026_W27,S4786,U5021,2026-06-30 06:57:36,2026-06-30 07:20:36,Email,True,Desktop,Chrome,MacOS,/home
6d8e33e0-b1df-4841-8136-55253c666a33,2026_W27,S4787,U18213,2026-07-02 02:50:56,2026-07-02 03:25:56,Email,Power,Mobile,Edge,iOS,/home
6d8e33e0-b1df-4841-8136-55253c666a33,2026_W27,S4788,U21286,2026-07-03 04:36:58,2026-07-03 05:12:58,Facebook,Quite,Mobile,Firefox,Windows,/offers
6d8e33e0-b1df-4841-8136-55253c666a33,2026_W27,S4789,U14436,2026-06-29 21:07:12,2026-06-29 21:10:12,Google Ads,Forward,Desktop,Safari,Android,/home
6d8e33e0-b1df-4841-8136-55253c666a33,2026_W27,S4790,U31710,2026-07-02 21:51:42,2026-07-02 21:53:42,Google Ads,Majority,Desktop,Chrome,iOS,/products
6d8e33e0-b1df-4841-8136-55253c666a33,2026_W27,S4791,U12677,2026-06-30 14:36:36,2026-06-30 14:56:36,Facebook,Term,Tablet,Chrome,Windows,/products
6d8e33e0-b1df-4841-8136-55253c666a33,2026_W27,S4792,U8812,2026-07-01 17:46:17,2026-07-01 17:49:17,Organic,Everyone,Desktop,Chrome,Windows,/offers
6d8e33e0-b1df-4841-8136-55253c666a33,2026_W27,S4793,U24196,2026-07-05 04:27:45,2026-07-05 04:57:45,Google Ads,Step,Mobile,Firefox,iOS,/home
6d8e33e0-b1df-4841-8136-55253c666a33,2026_W27,S4794,U16710,2026-06-29 17:58:39,2026-06-29 18:26:39,Direct,Establish,Tablet,Chrome,iOS,/products
6d8e33e0-b1df-4841-8136-55253c666a33,2026_W27,S4795,U19209,2026-07-03 17:07:48,2026-07-03 17:35:48,Organic,Employee,Desktop,Firefox,MacOS,/home
6d8e33e0-b1df-4841-8136-55253c666a33,2026_W27,S4796,U33808,2026-07-01 21:33:23,2026-07-01 22:10:23,Organic,Eight,Mobile,Firefox,iOS,/home
6d8e33e0-b1df-4841-8136-55253c666a33,2026_W27,S4797,U9842,2026-06-30 22:46:41,2026-06-30 22:57:41,Direct,Arm,Desktop,Chrome,iOS,/home
6d8e33e0-b1df-4841-8136-55253c666a33,2026_W27,S4798,U26502,2026-06-29 19:16:39,2026-06-29 19:20:39,Facebook,Hospital,Desktop,Firefox,Windows,/offers
6d8e33e0-b1df-4841-8136-55253c666a33,2026_W27,S4799,U25390,2026-07-02 01:12:53,2026-07-02 01:24:53,Organic,Image,Tablet,Safari,iOS,/products
6d8e33e0-b1df-4841-8136-55253c666a33,2026_W27,S4800,U18469,2026-07-05 03:52:30,2026-07-05 04:27:30,Organic,Baby,Desktop,Safari,iOS,/offers
6d8e33e0-b1df-4841-8136-55253c666a33,2026_W27,S4801,U23081,2026-07-02 16:59:33,2026-07-02 17:25:33,Instagram,Candidate,Desktop,Edge,iOS,/home
6d8e33e0-b1df-4841-8136-55253c666a33,2026_W27,S4802,U23204,2026-07-01 09:38:49,2026-07-01 09:59:49,Direct,Population,Mobile,Edge,Windows,/products
6d8e33e0-b1df-4841-8136-55253c666a33,2026_W27,S4803,U20526,2026-07-02 13:04:30,2026-07-02 13:08:30,Facebook,Step,Tablet,Chrome,Windows,/offers
6d8e33e0-b1df-4841-8136-55253c666a33,2026_W27,S4804,U28777,2026-07-04 00:15:41,2026-07-04 00:45:41,Facebook,Indicate,Mobile,Firefox,Windows,/home
6d8e33e0-b1df-4841-8136-55253c666a33,2026_W27,S4805,U2800,2026-07-02 14:47:50,2026-07-02 15:00:50,Organic,Very,Mobile,Edge,iOS,/home
6d8e33e0-b1df-4841-8136-55253c666a33,2026_W27,S4806,U16453,2026-06-29 12:50:19,2026-06-29 13:05:19,Instagram,Dark,Mobile,Firefox,iOS,/home
6d8e33e0-b1df-4841-8136-55253c666a33,2026_W27,S4807,U15221,2026-07-05 06:06:59,2026-07-05 06:36:59,Organic,Team,Mobile,Chrome,Windows,/products
6d8e33e0-b1df-4841-8136-55253c666a33,2026_W27,S4808,U4194,2026-07-03 09:21:44,2026-07-03 09:25:44,Facebook,Authority,Desktop,Edge,Android,/home
6d8e33e0-b1df-4841-8136-55253c666a33,2026_W27,S4809,U28489,2026-07-02 05:32:51,2026-07-02 06:01:51,Organic,Car,Mobile,Safari,Android,/offers
6d8e33e0-b1df-4841-8136-55253c666a33,2026_W27,S4810,U15569,2026-07-02 03:19:58,2026-07-02 03:40:58,Direct,If,Tablet,Chrome,MacOS,/offers
6d8e33e0-b1df-4841-8136-55253c666a33,2026_W27,S4811,U5078,2026-07-01 11:52:05,2026-07-01 12:18:05,Email,Sister,Mobile,Edge,MacOS,/offers
6d8e33e0-b1df-4841-8136-55253c666a33,2026_W27,S4812,U19464,2026-07-02 14:33:02,2026-07-02 14:53:02,Email,Song,Desktop,Edge,MacOS,/products
6d8e33e0-b1df-4841-8136-55253c666a33,2026_W27,S4813,U4827,2026-07-03 14:53:12,2026-07-03 15:01:12,Facebook,If,Mobile,Edge,Windows,/offers
6d8e33e0-b1df-4841-8136-55253c666a33,2026_W27,S4814,U20564,2026-07-01 17:37:34,2026-07-01 17:54:34,Organic,On,Mobile,Chrome,Windows,/products
6d8e33e0-b1df-4841-8136-55253c666a33,2026_W27,S4815,U21711,2026-07-01 22:43:53,2026-07-01 22:46:53,Direct,State,Desktop,Edge,iOS,/offers
6d8e33e0-b1df-4841-8136-55253c666a33,2026_W27,S4816,U26695,2026-07-01 12:01:09,2026-07-01 12:17:09,Email,Suffer,Tablet,Chrome,Windows,/offers
6d8e33e0-b1df-4841-8136-55253c666a33,2026_W27,S4817,U10724,2026-06-30 22:03:16,2026-06-30 22:24:16,Facebook,Air,Desktop,Safari,iOS,/home
6d8e33e0-b1df-4841-8136-55253c666a33,2026_W27,S4818,U11541,2026-07-01 03:05:39,2026-07-01 03:22:39,Email,Certainly,Tablet,Edge,MacOS,/home
6d8e33e0-b1df-4841-8136-55253c666a33,2026_W27,S4819,U11106,2026-07-02 15:12:31,2026-07-02 15:48:31,Organic,Five,Desktop,Edge,iOS,/products
6d8e33e0-b1df-4841-8136-55253c666a33,2026_W27,S4820,U27183,2026-07-03 06:40:03,2026-07-03 06:47:03,Instagram,Field,Mobile,Firefox,MacOS,/home
6d8e33e0-b1df-4841-8136-55253c666a33,2026_W27,S4821,U19275,2026-06-30 01:17:22,2026-06-30 01:19:22,Facebook,Woman,Desktop,Firefox,Windows,/offers
6d8e33e0-b1df-4841-8136-55253c666a33,2026_W27,S4822,U2247,2026-07-03 12:31:30,2026-07-03 12:51:30,Google Ads,Contain,Mobile,Chrome,iOS,/home
6d8e33e0-b1df-4841-8136-55253c666a33,2026_W27,S4823,U6817,2026-07-04 06:45:57,2026-07-04 07:06:57,Direct,Choice,Desktop,Safari,Android,/offers
6d8e33e0-b1df-4841-8136-55253c666a33,2026_W27,S4824,U31563,2026-07-02 09:38:23,2026-07-02 10:03:23,Direct,Goal,Mobile,Edge,Android,/offers
6d8e33e0-b1df-4841-8136-55253c666a33,2026_W27,S4825,U34272,2026-06-30 12:48:41,2026-06-30 13:25:41,Facebook,Talk,Tablet,Chrome,MacOS,/products
6d8e33e0-b1df-4841-8136-55253c666a33,2026_W27,S4826,U34531,2026-07-03 12:03:44,2026-07-03 12:12:44,Google Ads,Most,Tablet,Edge,iOS,/home
6d8e33e0-b1df-4841-8136-55253c666a33,2026_W27,S4827,U8944,2026-07-03 23:33:54,2026-07-03 23:38:54,Email,Drug,Tablet,Edge,Android,/home
6d8e33e0-b1df-4841-8136-55253c666a33,2026_W27,S4828,U9974,2026-07-04 22:38:21,2026-07-04 22:51:21,Email,Catch,Mobile,Edge,Windows,/products
6d8e33e0-b1df-4841-8136-55253c666a33,2026_W27,S4829,U30616,2026-07-02 07:32:01,2026-07-02 07:57:01,Email,Then,Mobile,Safari,Windows,/products
6d8e33e0-b1df-4841-8136-55253c666a33,2026_W27,S4830,U12504,2026-07-04 10:06:17,2026-07-04 10:42:17,Facebook,Upon,Mobile,Chrome,iOS,/products
6d8e33e0-b1df-4841-8136-55253c666a33,2026_W27,S4831,U17833,2026-06-30 07:40:00,2026-06-30 08:09:00,Instagram,Occur,Mobile,Chrome,iOS,/home
6d8e33e0-b1df-4841-8136-55253c666a33,2026_W27,S4832,U717,2026-07-04 06:33:23,2026-07-04 06:38:23,Direct,Police,Mobile,Edge,Android,/offers
6d8e33e0-b1df-4841-8136-55253c666a33,2026_W27,S4833,U10412,2026-06-29 16:57:52,2026-06-29 17:01:52,Facebook,Finish,Tablet,Edge,Android,/offers
6d8e33e0-b1df-4841-8136-55253c666a33,2026_W27,S4834,U25796,2026-06-29 23:13:33,2026-06-29 23:16:33,Email,Describe,Desktop,Firefox,Android,/home
6d8e33e0-b1df-4841-8136-55253c666a33,2026_W27,S4835,U9145,2026-06-29 09:36:44,2026-06-29 10:04:44,Organic,Seat,Tablet,Firefox,MacOS,/home
6d8e33e0-b1df-4841-8136-55253c666a33,2026_W27,S4836,U10391,2026-07-03 02:04:00,2026-07-03 02:30:00,Email,Score,Tablet,Safari,MacOS,/products
6d8e33e0-b1df-4841-8136-55253c666a33,2026_W27,S4837,U25606,2026-07-01 10:36:57,2026-07-01 11:07:57,Facebook,Picture,Mobile,Firefox,MacOS,/offers
6d8e33e0-b1df-4841-8136-55253c666a33,2026_W27,S4838,U22251,2026-07-03 01:24:15,2026-07-03 01:48:15,Organic,Station,Tablet,Firefox,Android,/home
6d8e33e0-b1df-4841-8136-55253c666a33,2026_W27,S4839,U11901,2026-06-30 23:23:08,2026-06-30 23:35:08,Direct,Them,Tablet,Edge,Windows,/products
6d8e33e0-b1df-4841-8136-55253c666a33,2026_W27,S4840,U29649,2026-06-30 14:03:45,2026-06-30 14:15:45,Facebook,Politics,Desktop,Firefox,Windows,/products
6d8e33e0-b1df-4841-8136-55253c666a33,2026_W27,S4841,U9619,2026-07-04 07:53:38,2026-07-04 08:13:38,Organic,During,Mobile,Firefox,MacOS,/offers
6d8e33e0-b1df-4841-8136-55253c666a33,2026_W27,S4842,U4465,2026-07-03 04:21:52,2026-07-03 04:34:52,Email,So,Tablet,Safari,iOS,/offers
6d8e33e0-b1df-4841-8136-55253c666a33,2026_W27,S4843,U21241,2026-06-30 05:43:19,2026-06-30 05:45:19,Email,Send,Desktop,Edge,Windows,/products
6d8e33e0-b1df-4841-8136-55253c666a33,2026_W27,S4844,U13824,2026-06-30 15:06:33,2026-06-30 15:16:33,Facebook,Structure,Tablet,Firefox,Windows,/home
6d8e33e0-b1df-4841-8136-55253c666a33,2026_W27,S4845,U19879,2026-06-29 15:46:22,2026-06-29 16:05:22,Facebook,Somebody,Tablet,Edge,Android,/offers
6d8e33e0-b1df-4841-8136-55253c666a33,2026_W27,S4846,U14965,2026-07-04 01:54:06,2026-07-04 02:04:06,Organic,Specific,Desktop,Safari,MacOS,/offers
6d8e33e0-b1df-4841-8136-55253c666a33,2026_W27,S4847,U19571,2026-07-03 02:34:34,2026-07-03 02:36:34,Email,Ever,Mobile,Safari,Windows,/offers
6d8e33e0-b1df-4841-8136-55253c666a33,2026_W27,S4848,U9313,2026-06-29 19:21:17,2026-06-29 19:39:17,Organic,Technology,Mobile,Safari,Windows,/home
6d8e33e0-b1df-4841-8136-55253c666a33,2026_W27,S4849,U12591,2026-07-04 14:20:37,2026-07-04 14:47:37,Direct,Member,Mobile,Safari,Windows,/products
6d8e33e0-b1df-4841-8136-55253c666a33,2026_W27,S4850,U6338,2026-06-29 10:28:47,2026-06-29 10:56:47,Facebook,Thing,Desktop,Edge,iOS,/home
6d8e33e0-b1df-4841-8136-55253c666a33,2026_W27,S4851,U7163,2026-07-03 14:19:03,2026-07-03 14:44:03,Direct,Response,Mobile,Chrome,MacOS,/products
6d8e33e0-b1df-4841-8136-55253c666a33,2026_W27,S4852,U5033,2026-06-30 07:08:30,2026-06-30 07:29:30,Instagram,Key,Mobile,Firefox,MacOS,/offers
6d8e33e0-b1df-4841-8136-55253c666a33,2026_W27,S4853,U27848,2026-06-30 07:51:43,2026-06-30 07:58:43,Instagram,Computer,Desktop,Safari,Android,/home
6d8e33e0-b1df-4841-8136-55253c666a33,2026_W27,S4854,U14907,2026-07-03 18:07:54,2026-07-03 18:39:54,Email,Including,Desktop,Edge,iOS,/products
6d8e33e0-b1df-4841-8136-55253c666a33,2026_W27,S4855,U34329,2026-07-01 10:47:45,2026-07-01 10:51:45,Email,Painting,Tablet,Edge,iOS,/offers
6d8e33e0-b1df-4841-8136-55253c666a33,2026_W27,S4856,U10746,2026-07-04 05:16:01,2026-07-04 05:26:01,Email,Into,Tablet,Chrome,Android,/offers
6d8e33e0-b1df-4841-8136-55253c666a33,2026_W27,S4857,U24786,2026-07-03 22:37:20,2026-07-03 23:08:20,Direct,This,Desktop,Safari,Android,/products
6d8e33e0-b1df-4841-8136-55253c666a33,2026_W27,S4858,U24605,2026-06-30 13:23:50,2026-06-30 13:41:50,Direct,Product,Mobile,Chrome,Android,/products
6d8e33e0-b1df-4841-8136-55253c666a33,2026_W27,S4859,U12066,2026-06-29 18:23:24,2026-06-29 18:53:24,Instagram,Red,Tablet,Chrome,Android,/home
6d8e33e0-b1df-4841-8136-55253c666a33,2026_W27,S4860,U30458,2026-06-30 22:31:29,2026-06-30 23:08:29,Instagram,Too,Mobile,Firefox,Windows,/products
6d8e33e0-b1df-4841-8136-55253c666a33,2026_W27,S4861,U33317,2026-06-29 11:22:03,2026-06-29 11:23:03,Email,Social,Mobile,Chrome,MacOS,/offers
6d8e33e0-b1df-4841-8136-55253c666a33,2026_W27,S4862,U14061,2026-07-04 19:21:36,2026-07-04 19:33:36,Instagram,Stage,Tablet,Safari,iOS,/offers
6d8e33e0-b1df-4841-8136-55253c666a33,2026_W27,S4863,U23314,2026-06-30 21:54:27,2026-06-30 21:56:27,Facebook,Wind,Desktop,Firefox,Android,/offers
6d8e33e0-b1df-4841-8136-55253c666a33,2026_W27,S4864,U14778,2026-07-04 20:51:11,2026-07-04 20:57:11,Email,Gun,Mobile,Safari,Android,/products
6d8e33e0-b1df-4841-8136-55253c666a33,2026_W27,S4865,U465,2026-07-02 18:29:28,2026-07-02 18:55:28,Direct,Part,Desktop,Edge,iOS,/home
6d8e33e0-b1df-4841-8136-55253c666a33,2026_W27,S4866,U10044,2026-07-05 08:19:33,2026-07-05 08:57:33,Facebook,Near,Mobile,Chrome,MacOS,/home
6d8e33e0-b1df-4841-8136-55253c666a33,2026_W27,S4867,U9229,2026-06-29 12:32:12,2026-06-29 13:10:12,Instagram,Responsibility,Mobile,Safari,Windows,/products
6d8e33e0-b1df-4841-8136-55253c666a33,2026_W27,S4868,U15337,2026-06-30 09:12:39,2026-06-30 09:52:39,Facebook,South,Tablet,Chrome,Android,/offers
6d8e33e0-b1df-4841-8136-55253c666a33,2026_W27,S4869,U4984,2026-07-04 02:17:09,2026-07-04 02:30:09,Facebook,For,Desktop,Safari,Android,/products
6d8e33e0-b1df-4841-8136-55253c666a33,2026_W27,S4870,U4565,2026-07-02 22:22:34,2026-07-02 22:33:34,Email,Line,Tablet,Chrome,iOS,/products
6d8e33e0-b1df-4841-8136-55253c666a33,2026_W27,S4871,U34453,2026-07-02 00:57:29,2026-07-02 01:07:29,Organic,Relationship,Mobile,Safari,iOS,/home
6d8e33e0-b1df-4841-8136-55253c666a33,2026_W27,S4872,U16378,2026-07-01 02:29:10,2026-07-01 03:02:10,Organic,Agency,Mobile,Chrome,Android,/offers
6d8e33e0-b1df-4841-8136-55253c666a33,2026_W27,S4873,U2974,2026-07-03 13:47:14,2026-07-03 14:06:14,Facebook,Audience,Mobile,Safari,Android,/home
6d8e33e0-b1df-4841-8136-55253c666a33,2026_W27,S4874,U12809,2026-06-30 19:31:27,2026-06-30 19:57:27,Organic,So,Tablet,Firefox,MacOS,/home
6d8e33e0-b1df-4841-8136-55253c666a33,2026_W27,S4875,U3659,2026-07-04 02:32:51,2026-07-04 02:57:51,Organic,Improve,Mobile,Firefox,Windows,/products
6d8e33e0-b1df-4841-8136-55253c666a33,2026_W27,S4876,U19716,2026-07-02 08:51:35,2026-07-02 08:55:35,Facebook,Media,Mobile,Edge,Android,/products
6d8e33e0-b1df-4841-8136-55253c666a33,2026_W27,S4877,U21404,2026-06-30 03:49:46,2026-06-30 04:14:46,Organic,Finish,Mobile,Edge,MacOS,/products
6d8e33e0-b1df-4841-8136-55253c666a33,2026_W27,S4878,U15278,2026-07-04 14:00:10,2026-07-04 14:14:10,Organic,Kitchen,Desktop,Safari,Windows,/home
6d8e33e0-b1df-4841-8136-55253c666a33,2026_W27,S4879,U15643,2026-07-03 03:12:53,2026-07-03 03:36:53,Organic,Reality,Desktop,Safari,iOS,/offers
6d8e33e0-b1df-4841-8136-55253c666a33,2026_W27,S4880,U33472,2026-07-01 16:26:48,2026-07-01 16:56:48,Google Ads,Officer,Tablet,Safari,Windows,/offers
6d8e33e0-b1df-4841-8136-55253c666a33,2026_W27,S4881,U6257,2026-07-02 00:02:57,2026-07-02 00:33:57,Instagram,We,Desktop,Edge,iOS,/products
6d8e33e0-b1df-4841-8136-55253c666a33,2026_W27,S4882,U26329,2026-07-03 07:11:22,2026-07-03 07:36:22,Google Ads,Process,Desktop,Firefox,MacOS,/home
6d8e33e0-b1df-4841-8136-55253c666a33,2026_W27,S4883,U22210,2026-07-03 23:11:49,2026-07-03 23:35:49,Facebook,Happy,Desktop,Edge,iOS,/offers
6d8e33e0-b1df-4841-8136-55253c666a33,2026_W27,S4884,U22750,2026-07-02 14:56:34,2026-07-02 15:20:34,Google Ads,Floor,Tablet,Chrome,MacOS,/home
6d8e33e0-b1df-4841-8136-55253c666a33,2026_W27,S4885,U25431,2026-06-30 06:40:14,2026-06-30 06:41:14,Instagram,Memory,Desktop,Edge,iOS,/products
6d8e33e0-b1df-4841-8136-55253c666a33,2026_W27,S4886,U13472,2026-07-04 17:43:45,2026-07-04 18:07:45,Organic,Dark,Desktop,Chrome,iOS,/home
6d8e33e0-b1df-4841-8136-55253c666a33,2026_W27,S4887,U7300,2026-06-30 02:14:00,2026-06-30 02:36:00,Instagram,Real,Mobile,Safari,MacOS,/offers
6d8e33e0-b1df-4841-8136-55253c666a33,2026_W27,S4888,U156,2026-07-04 22:53:35,2026-07-04 23:11:35,Google Ads,Least,Tablet,Safari,Windows,/offers
6d8e33e0-b1df-4841-8136-55253c666a33,2026_W27,S4889,U22535,2026-07-01 22:57:00,2026-07-01 23:15:00,Email,Model,Desktop,Edge,MacOS,/home
6d8e33e0-b1df-4841-8136-55253c666a33,2026_W27,S4890,U7601,2026-07-03 03:58:08,2026-07-03 04:16:08,Organic,Young,Desktop,Chrome,MacOS,/home
6d8e33e0-b1df-4841-8136-55253c666a33,2026_W27,S4891,U6735,2026-07-01 00:33:48,2026-07-01 01:01:48,Google Ads,Chance,Mobile,Firefox,Android,/home
6d8e33e0-b1df-4841-8136-55253c666a33,2026_W27,S4892,U23266,2026-06-30 13:58:20,2026-06-30 14:27:20,Email,Half,Tablet,Firefox,MacOS,/offers
6d8e33e0-b1df-4841-8136-55253c666a33,2026_W27,S4893,U29169,2026-07-04 18:58:37,2026-07-04 19:00:37,Instagram,Wife,Mobile,Edge,MacOS,/products
6d8e33e0-b1df-4841-8136-55253c666a33,2026_W27,S4894,U5977,2026-06-30 15:49:41,2026-06-30 15:55:41,Google Ads,Partner,Desktop,Chrome,Android,/products
6d8e33e0-b1df-4841-8136-55253c666a33,2026_W27,S4895,U21132,2026-07-05 05:26:27,2026-07-05 05:46:27,Instagram,Over,Tablet,Edge,MacOS,/home
6d8e33e0-b1df-4841-8136-55253c666a33,2026_W27,S4896,U19612,2026-07-03 07:38:49,2026-07-03 07:40:49,Direct,Heart,Mobile,Firefox,MacOS,/products
6d8e33e0-b1df-4841-8136-55253c666a33,2026_W27,S4897,U16592,2026-07-01 03:31:37,2026-07-01 03:41:37,Facebook,Yet,Tablet,Edge,MacOS,/products
6d8e33e0-b1df-4841-8136-55253c666a33,2026_W27,S4898,U14436,2026-06-29 20:59:07,2026-06-29 21:14:07,Direct,Feel,Desktop,Edge,MacOS,/products
6d8e33e0-b1df-4841-8136-55253c666a33,2026_W27,S4899,U13899,2026-06-30 04:45:34,2026-06-30 04:47:34,Organic,Range,Tablet,Firefox,iOS,/offers
6d8e33e0-b1df-4841-8136-55253c666a33,2026_W27,S4900,U15377,2026-07-05 08:11:32,2026-07-05 08:42:32,Google Ads,Really,Mobile,Edge,iOS,/offers
6d8e33e0-b1df-4841-8136-55253c666a33,2026_W27,S4901,U13096,2026-07-02 15:45:04,2026-07-02 16:14:04,Direct,Human,Desktop,Safari,iOS,/home
6d8e33e0-b1df-4841-8136-55253c666a33,2026_W27,S4902,U25723,2026-06-29 23:00:54,2026-06-29 23:25:54,Instagram,Seem,Mobile,Edge,Windows,/home
6d8e33e0-b1df-4841-8136-55253c666a33,2026_W27,S4903,U33175,2026-07-03 23:54:08,2026-07-03 23:59:08,Email,Society,Tablet,Chrome,iOS,/offers
6d8e33e0-b1df-4841-8136-55253c666a33,2026_W27,S4904,U12117,2026-07-01 19:33:13,2026-07-01 19:40:13,Facebook,Drive,Mobile,Chrome,Windows,/offers
6d8e33e0-b1df-4841-8136-55253c666a33,2026_W27,S4905,U15916,2026-07-03 04:07:51,2026-07-03 04:14:51,Direct,Some,Tablet,Firefox,Android,/products
6d8e33e0-b1df-4841-8136-55253c666a33,2026_W27,S4906,U16037,2026-07-04 20:40:23,2026-07-04 20:55:23,Email,Short,Mobile,Safari,MacOS,/home
6d8e33e0-b1df-4841-8136-55253c666a33,2026_W27,S4907,U6837,2026-06-30 18:51:05,2026-06-30 19:20:05,Email,Sense,Mobile,Chrome,Windows,/offers
6d8e33e0-b1df-4841-8136-55253c666a33,2026_W27,S4908,U27926,2026-07-04 01:53:40,2026-07-04 02:19:40,Instagram,Seat,Mobile,Safari,iOS,/home
6d8e33e0-b1df-4841-8136-55253c666a33,2026_W27,S4909,U21648,2026-06-30 09:56:54,2026-06-30 10:30:54,Instagram,Your,Desktop,Chrome,Android,/offers
6d8e33e0-b1df-4841-8136-55253c666a33,2026_W27,S4910,U21214,2026-07-01 02:57:55,2026-07-01 03:06:55,Email,Arm,Desktop,Edge,Windows,/offers
6d8e33e0-b1df-4841-8136-55253c666a33,2026_W27,S4911,U26671,2026-07-02 03:45:36,2026-07-02 03:57:36,Direct,Wait,Desktop,Safari,Android,/offers
6d8e33e0-b1df-4841-8136-55253c666a33,2026_W27,S4912,U18086,2026-07-01 10:58:29,2026-07-01 11:14:29,Instagram,Goal,Tablet,Chrome,Windows,/offers
6d8e33e0-b1df-4841-8136-55253c666a33,2026_W27,S4913,U33550,2026-06-30 01:19:17,2026-06-30 01:22:17,Instagram,Must,Tablet,Edge,iOS,/products
6d8e33e0-b1df-4841-8136-55253c666a33,2026_W27,S4914,U24728,2026-06-29 19:36:19,2026-06-29 20:03:19,Organic,Action,Tablet,Firefox,iOS,/products
6d8e33e0-b1df-4841-8136-55253c666a33,2026_W27,S4915,U27005,2026-06-30 15:17:41,2026-06-30 15:19:41,Organic,Officer,Desktop,Edge,iOS,/home
6d8e33e0-b1df-4841-8136-55253c666a33,2026_W27,S4916,U11384,2026-07-05 02:45:00,2026-07-05 03:03:00,Facebook,Hospital,Desktop,Chrome,iOS,/home
6d8e33e0-b1df-4841-8136-55253c666a33,2026_W27,S4917,U30231,2026-07-02 02:30:36,2026-07-02 02:35:36,Instagram,Miss,Tablet,Firefox,Android,/products
6d8e33e0-b1df-4841-8136-55253c666a33,2026_W27,S4918,U12888,2026-07-04 15:38:54,2026-07-04 16:02:54,Google Ads,From,Desktop,Safari,Windows,/offers
6d8e33e0-b1df-4841-8136-55253c666a33,2026_W27,S4919,U34656,2026-06-30 08:07:18,2026-06-30 08:19:18,Email,Hope,Tablet,Edge,iOS,/home
6d8e33e0-b1df-4841-8136-55253c666a33,2026_W27,S4920,U26561,2026-07-01 01:49:54,2026-07-01 01:55:54,Direct,Appear,Desktop,Firefox,Android,/offers
6d8e33e0-b1df-4841-8136-55253c666a33,2026_W27,S4921,U24182,2026-07-01 20:14:59,2026-07-01 20:50:59,Direct,Investment,Desktop,Safari,Android,/offers
6d8e33e0-b1df-4841-8136-55253c666a33,2026_W27,S4922,U31727,2026-07-03 16:40:23,2026-07-03 17:03:23,Organic,Design,Tablet,Firefox,Android,/home
6d8e33e0-b1df-4841-8136-55253c666a33,2026_W27,S4923,U18842,2026-07-05 03:20:14,2026-07-05 03:49:14,Instagram,Blood,Tablet,Safari,MacOS,/products
6d8e33e0-b1df-4841-8136-55253c666a33,2026_W27,S4924,U18799,2026-06-29 17:48:11,2026-06-29 18:11:11,Organic,Professional,Desktop,Edge,iOS,/products
6d8e33e0-b1df-4841-8136-55253c666a33,2026_W27,S4925,U17828,2026-07-02 21:59:58,2026-07-02 22:12:58,Instagram,Yourself,Desktop,Firefox,Windows,/offers
6d8e33e0-b1df-4841-8136-55253c666a33,2026_W27,S4926,U31646,2026-06-30 04:37:06,2026-06-30 04:45:06,Facebook,Speech,Mobile,Firefox,iOS,/offers
6d8e33e0-b1df-4841-8136-55253c666a33,2026_W27,S4927,U24343,2026-07-05 04:51:21,2026-07-05 05:27:21,Facebook,Stand,Desktop,Safari,iOS,/home
6d8e33e0-b1df-4841-8136-55253c666a33,2026_W27,S4928,U3122,2026-07-01 05:18:47,2026-07-01 05:58:47,Organic,Line,Desktop,Chrome,MacOS,/home
6d8e33e0-b1df-4841-8136-55253c666a33,2026_W27,S4929,U23312,2026-07-04 02:28:55,2026-07-04 02:59:55,Organic,Receive,Desktop,Chrome,iOS,/home
6d8e33e0-b1df-4841-8136-55253c666a33,2026_W27,S4930,U5946,2026-07-04 19:46:53,2026-07-04 20:24:53,Facebook,New,Desktop,Chrome,Android,/products
6d8e33e0-b1df-4841-8136-55253c666a33,2026_W27,S4931,U10808,2026-07-04 14:38:16,2026-07-04 14:44:16,Email,Approach,Desktop,Chrome,MacOS,/products
6d8e33e0-b1df-4841-8136-55253c666a33,2026_W27,S4932,U32457,2026-07-04 05:19:43,2026-07-04 05:26:43,Direct,Mean,Desktop,Safari,MacOS,/offers
6d8e33e0-b1df-4841-8136-55253c666a33,2026_W27,S4933,U22700,2026-07-02 23:25:16,2026-07-02 23:39:16,Direct,Perhaps,Desktop,Firefox,iOS,/home
6d8e33e0-b1df-4841-8136-55253c666a33,2026_W27,S4934,U32874,2026-07-03 11:07:24,2026-07-03 11:33:24,Instagram,Meet,Desktop,Firefox,Android,/home
6d8e33e0-b1df-4841-8136-55253c666a33,2026_W27,S4935,U7826,2026-06-30 23:54:16,2026-07-01 00:19:16,Organic,Cultural,Desktop,Safari,MacOS,/offers
6d8e33e0-b1df-4841-8136-55253c666a33,2026_W27,S4936,U16739,2026-06-29 11:12:44,2026-06-29 11:39:44,Email,Property,Tablet,Chrome,Android,/products
6d8e33e0-b1df-4841-8136-55253c666a33,2026_W27,S4937,U17609,2026-07-01 19:49:28,2026-07-01 20:01:28,Facebook,Firm,Desktop,Chrome,Windows,/home
6d8e33e0-b1df-4841-8136-55253c666a33,2026_W27,S4938,U5242,2026-07-01 09:18:12,2026-07-01 09:54:12,Email,There,Mobile,Chrome,Windows,/products
6d8e33e0-b1df-4841-8136-55253c666a33,2026_W27,S4939,U6525,2026-06-29 19:32:56,2026-06-29 20:10:56,Organic,Cover,Mobile,Firefox,iOS,/offers
6d8e33e0-b1df-4841-8136-55253c666a33,2026_W27,S4940,U13083,2026-07-01 10:25:10,2026-07-01 10:57:10,Email,Meet,Mobile,Chrome,Android,/products
6d8e33e0-b1df-4841-8136-55253c666a33,2026_W27,S4941,U16371,2026-06-30 01:45:48,2026-06-30 02:09:48,Facebook,Town,Tablet,Edge,Windows,/home
6d8e33e0-b1df-4841-8136-55253c666a33,2026_W27,S4942,U25859,2026-06-30 23:15:23,2026-06-30 23:30:23,Organic,Myself,Mobile,Safari,Android,/products
6d8e33e0-b1df-4841-8136-55253c666a33,2026_W27,S4943,U21418,2026-07-03 00:51:12,2026-07-03 01:00:12,Organic,So,Tablet,Safari,MacOS,/offers
6d8e33e0-b1df-4841-8136-55253c666a33,2026_W27,S4944,U25411,2026-07-03 02:17:52,2026-07-03 02:38:52,Direct,Prove,Desktop,Edge,MacOS,/products
6d8e33e0-b1df-4841-8136-55253c666a33,2026_W27,S4945,U17604,2026-07-04 09:51:21,2026-07-04 09:53:21,Organic,Investment,Tablet,Chrome,iOS,/products
6d8e33e0-b1df-4841-8136-55253c666a33,2026_W27,S4946,U17033,2026-07-02 00:33:42,2026-07-02 00:56:42,Organic,Account,Tablet,Safari,Windows,/products
6d8e33e0-b1df-4841-8136-55253c666a33,2026_W27,S4947,U24065,2026-06-30 14:09:49,2026-06-30 14:44:49,Google Ads,Article,Mobile,Chrome,iOS,/offers
6d8e33e0-b1df-4841-8136-55253c666a33,2026_W27,S4948,U28219,2026-07-01 18:07:47,2026-07-01 18:21:47,Direct,Near,Mobile,Firefox,Android,/offers
6d8e33e0-b1df-4841-8136-55253c666a33,2026_W27,S4949,U27483,2026-07-02 02:53:22,2026-07-02 03:13:22,Email,Receive,Tablet,Safari,Windows,/home
6d8e33e0-b1df-4841-8136-55253c666a33,2026_W27,S4950,U17036,2026-07-04 20:21:54,2026-07-04 20:26:54,Instagram,Small,Tablet,Chrome,iOS,/offers
6d8e33e0-b1df-4841-8136-55253c666a33,2026_W27,S4951,U16532,2026-07-02 16:00:25,2026-07-02 16:25:25,Instagram,A,Mobile,Firefox,MacOS,/offers
6d8e33e0-b1df-4841-8136-55253c666a33,2026_W27,S4952,U6368,2026-06-30 03:10:59,2026-06-30 03:14:59,Email,Almost,Tablet,Safari,Android,/offers
6d8e33e0-b1df-4841-8136-55253c666a33,2026_W27,S4953,U14494,2026-06-29 10:23:53,2026-06-29 10:26:53,Email,Involve,Desktop,Chrome,Android,/home
6d8e33e0-b1df-4841-8136-55253c666a33,2026_W27,S4954,U13441,2026-06-29 23:04:55,2026-06-29 23:35:55,Organic,How,Desktop,Chrome,iOS,/home
6d8e33e0-b1df-4841-8136-55253c666a33,2026_W27,S4955,U17821,2026-06-30 09:25:01,2026-06-30 09:39:01,Email,Long,Mobile,Chrome,MacOS,/offers
6d8e33e0-b1df-4841-8136-55253c666a33,2026_W27,S4956,U33222,2026-07-02 18:49:25,2026-07-02 19:29:25,Facebook,Few,Desktop,Firefox,MacOS,/offers
6d8e33e0-b1df-4841-8136-55253c666a33,2026_W27,S4957,U26902,2026-06-30 15:29:49,2026-06-30 16:02:49,Google Ads,Result,Mobile,Chrome,MacOS,/products
6d8e33e0-b1df-4841-8136-55253c666a33,2026_W27,S4958,U15893,2026-06-30 23:29:07,2026-06-30 23:37:07,Direct,Follow,Desktop,Chrome,Android,/products
6d8e33e0-b1df-4841-8136-55253c666a33,2026_W27,S4959,U29338,2026-06-30 04:31:03,2026-06-30 04:34:03,Facebook,Tend,Tablet,Chrome,iOS,/home
6d8e33e0-b1df-4841-8136-55253c666a33,2026_W27,S4960,U2602,2026-07-03 21:33:10,2026-07-03 21:36:10,Instagram,Throw,Tablet,Safari,MacOS,/home
6d8e33e0-b1df-4841-8136-55253c666a33,2026_W27,S4961,U13618,2026-06-30 08:55:51,2026-06-30 09:03:51,Instagram,Skill,Tablet,Safari,iOS,/home
6d8e33e0-b1df-4841-8136-55253c666a33,2026_W27,S4962,U29317,2026-07-01 22:13:43,2026-07-01 22:45:43,Google Ads,Decade,Tablet,Safari,MacOS,/home
6d8e33e0-b1df-4841-8136-55253c666a33,2026_W27,S4963,U8639,2026-07-01 04:15:19,2026-07-01 04:41:19,Facebook,Stand,Mobile,Edge,Windows,/home
6d8e33e0-b1df-4841-8136-55253c666a33,2026_W27,S4964,U23938,2026-06-30 20:04:34,2026-06-30 20:11:34,Instagram,Trouble,Desktop,Chrome,MacOS,/offers
6d8e33e0-b1df-4841-8136-55253c666a33,2026_W27,S4965,U799,2026-07-03 01:51:41,2026-07-03 02:02:41,Google Ads,Body,Desktop,Chrome,iOS,/products
6d8e33e0-b1df-4841-8136-55253c666a33,2026_W27,S4966,U24859,2026-07-02 03:37:38,2026-07-02 04:01:38,Google Ads,Trouble,Desktop,Firefox,MacOS,/products
6d8e33e0-b1df-4841-8136-55253c666a33,2026_W27,S4967,U19113,2026-07-04 09:54:07,2026-07-04 10:21:07,Google Ads,Employee,Mobile,Firefox,Windows,/products
6d8e33e0-b1df-4841-8136-55253c666a33,2026_W27,S4968,U34745,2026-07-04 10:19:00,2026-07-04 10:24:00,Facebook,Me,Tablet,Firefox,Windows,/products
6d8e33e0-b1df-4841-8136-55253c666a33,2026_W27,S4969,U10755,2026-06-30 17:33:59,2026-06-30 18:06:59,Google Ads,Thought,Mobile,Edge,iOS,/products
6d8e33e0-b1df-4841-8136-55253c666a33,2026_W27,S4970,U7513,2026-07-03 09:31:26,2026-07-03 09:59:26,Instagram,Light,Mobile,Edge,iOS,/home
6d8e33e0-b1df-4841-8136-55253c666a33,2026_W27,S4971,U17952,2026-07-03 06:08:05,2026-07-03 06:19:05,Google Ads,Information,Tablet,Safari,Android,/home
6d8e33e0-b1df-4841-8136-55253c666a33,2026_W27,S4972,U1414,2026-07-04 20:58:16,2026-07-04 21:16:16,Google Ads,Possible,Desktop,Chrome,Android,/home
6d8e33e0-b1df-4841-8136-55253c666a33,2026_W27,S4973,U31018,2026-06-30 04:29:45,2026-06-30 05:03:45,Instagram,Teach,Desktop,Edge,Windows,/home
6d8e33e0-b1df-4841-8136-55253c666a33,2026_W27,S4974,U1109,2026-06-29 13:40:51,2026-06-29 14:16:51,Google Ads,Realize,Tablet,Safari,Android,/products
6d8e33e0-b1df-4841-8136-55253c666a33,2026_W27,S4975,U13322,2026-07-02 11:46:49,2026-07-02 12:17:49,Google Ads,Management,Mobile,Chrome,Android,/products
6d8e33e0-b1df-4841-8136-55253c666a33,2026_W27,S4976,U4478,2026-07-02 21:35:21,2026-07-02 21:52:21,Google Ads,Military,Tablet,Firefox,MacOS,/home
6d8e33e0-b1df-4841-8136-55253c666a33,2026_W27,S4977,U34780,2026-06-30 13:08:11,2026-06-30 13:34:11,Organic,Room,Desktop,Safari,Windows,/offers
6d8e33e0-b1df-4841-8136-55253c666a33,2026_W27,S4978,U10550,2026-06-29 10:05:21,2026-06-29 10:10:21,Google Ads,Here,Tablet,Safari,MacOS,/home
6d8e33e0-b1df-4841-8136-55253c666a33,2026_W27,S4979,U9949,2026-07-02 09:18:01,2026-07-02 09:23:01,Instagram,American,Desktop,Edge,Android,/home
6d8e33e0-b1df-4841-8136-55253c666a33,2026_W27,S4980,U20232,2026-06-30 18:58:41,2026-06-30 19:04:41,Email,Send,Desktop,Chrome,MacOS,/products
6d8e33e0-b1df-4841-8136-55253c666a33,2026_W27,S4981,U31219,2026-07-05 01:47:58,2026-07-05 01:57:58,Email,People,Tablet,Firefox,Windows,/home
6d8e33e0-b1df-4841-8136-55253c666a33,2026_W27,S4982,U14044,2026-06-30 00:38:39,2026-06-30 00:42:39,Direct,Top,Mobile,Edge,Windows,/offers
6d8e33e0-b1df-4841-8136-55253c666a33,2026_W27,S4983,U3517,2026-07-03 12:01:47,2026-07-03 12:25:47,Direct,Deal,Desktop,Safari,Android,/products
6d8e33e0-b1df-4841-8136-55253c666a33,2026_W27,S4984,U23949,2026-07-02 08:23:53,2026-07-02 08:58:53,Google Ads,Make,Mobile,Firefox,Windows,/products
6d8e33e0-b1df-4841-8136-55253c666a33,2026_W27,S4985,U19311,2026-06-29 10:19:49,2026-06-29 10:20:49,Instagram,Over,Mobile,Safari,Windows,/offers
6d8e33e0-b1df-4841-8136-55253c666a33,2026_W27,S4986,U24280,2026-07-03 08:04:31,2026-07-03 08:10:31,Direct,Moment,Desktop,Firefox,Android,/products
6d8e33e0-b1df-4841-8136-55253c666a33,2026_W27,S4987,U4254,2026-07-03 20:52:31,2026-07-03 21:30:31,Direct,Me,Desktop,Safari,iOS,/products
6d8e33e0-b1df-4841-8136-55253c666a33,2026_W27,S4988,U10880,2026-07-02 13:22:25,2026-07-02 13:30:25,Google Ads,Section,Mobile,Firefox,Windows,/products
6d8e33e0-b1df-4841-8136-55253c666a33,2026_W27,S4989,U28367,2026-07-04 23:56:19,2026-07-04 23:58:19,Email,Which,Tablet,Firefox,MacOS,/offers
6d8e33e0-b1df-4841-8136-55253c666a33,2026_W27,S4990,U3355,2026-07-04 15:06:36,2026-07-04 15:31:36,Facebook,Throw,Desktop,Edge,Android,/home
6d8e33e0-b1df-4841-8136-55253c666a33,2026_W27,S4991,U14649,2026-07-04 01:32:17,2026-07-04 01:42:17,Email,Staff,Mobile,Firefox,iOS,/products
6d8e33e0-b1df-4841-8136-55253c666a33,2026_W27,S4992,U11099,2026-07-01 13:15:45,2026-07-01 13:48:45,Organic,Remain,Mobile,Chrome,MacOS,/offers
6d8e33e0-b1df-4841-8136-55253c666a33,2026_W27,S4993,U20311,2026-07-01 03:43:19,2026-07-01 03:49:19,Direct,Hope,Desktop,Chrome,Windows,/products
6d8e33e0-b1df-4841-8136-55253c666a33,2026_W27,S4994,U23992,2026-07-04 11:27:54,2026-07-04 11:42:54,Direct,Sister,Tablet,Edge,Android,/home
6d8e33e0-b1df-4841-8136-55253c666a33,2026_W27,S4995,U25766,2026-07-03 07:15:20,2026-07-03 07:50:20,Email,Leave,Desktop,Chrome,MacOS,/offers
6d8e33e0-b1df-4841-8136-55253c666a33,2026_W27,S4996,U6938,2026-07-04 04:43:14,2026-07-04 05:05:14,Google Ads,Staff,Desktop,Edge,MacOS,/home
6d8e33e0-b1df-4841-8136-55253c666a33,2026_W27,S4997,U17504,2026-07-03 08:31:02,2026-07-03 08:48:02,Organic,Because,Tablet,Chrome,MacOS,/home
6d8e33e0-b1df-4841-8136-55253c666a33,2026_W27,S4998,U2923,2026-07-02 14:28:48,2026-07-02 14:52:48,Organic,At,Desktop,Edge,Windows,/offers
6d8e33e0-b1df-4841-8136-55253c666a33,2026_W27,S4999,U16667,2026-07-04 06:43:34,2026-07-04 07:01:34,Instagram,History,Desktop,Firefox,Android,/offers
6d8e33e0-b1df-4841-8136-55253c666a33,2026_W27,S5000,U28255,2026-06-29 18:05:00,2026-06-29 18:21:00,Direct,Management,Mobile,Safari,Android,/home
6d8e33e0-b1df-4841-8136-55253c666a33,2026_W27,S5001,U12671,2026-07-02 07:22:00,2026-07-02 08:00:00,Direct,Us,Mobile,Safari,MacOS,/offers
6d8e33e0-b1df-4841-8136-55253c666a33,2026_W27,S5002,U9130,2026-07-02 07:52:36,2026-07-02 08:00:36,Facebook,Ground,Tablet,Chrome,Android,/offers
6d8e33e0-b1df-4841-8136-55253c666a33,2026_W27,S5003,U20934,2026-06-30 10:23:50,2026-06-30 10:54:50,Instagram,House,Desktop,Chrome,Windows,/home
6d8e33e0-b1df-4841-8136-55253c666a33,2026_W27,S5004,U3455,2026-06-30 10:17:16,2026-06-30 10:24:16,Direct,Argue,Tablet,Safari,iOS,/products
6d8e33e0-b1df-4841-8136-55253c666a33,2026_W27,S5005,U32185,2026-07-01 03:43:34,2026-07-01 04:19:34,Google Ads,Law,Tablet,Safari,Android,/offers
6d8e33e0-b1df-4841-8136-55253c666a33,2026_W27,S5006,U11262,2026-07-03 09:09:00,2026-07-03 09:16:00,Email,Age,Tablet,Safari,MacOS,/home
6d8e33e0-b1df-4841-8136-55253c666a33,2026_W27,S5007,U21410,2026-06-29 09:19:50,2026-06-29 09:59:50,Instagram,By,Tablet,Firefox,Android,/products
6d8e33e0-b1df-4841-8136-55253c666a33,2026_W27,S5008,U5388,2026-07-03 11:30:29,2026-07-03 12:00:29,Facebook,Everything,Desktop,Edge,MacOS,/offers
6d8e33e0-b1df-4841-8136-55253c666a33,2026_W27,S5009,U26202,2026-07-05 05:20:53,2026-07-05 05:53:53,Instagram,Budget,Tablet,Edge,Android,/offers
6d8e33e0-b1df-4841-8136-55253c666a33,2026_W27,S5010,U9442,2026-07-01 03:22:58,2026-07-01 03:48:58,Instagram,Friend,Tablet,Firefox,Windows,/offers
6d8e33e0-b1df-4841-8136-55253c666a33,2026_W27,S5011,U29337,2026-07-05 03:32:38,2026-07-05 03:46:38,Facebook,Look,Mobile,Edge,Android,/products
6d8e33e0-b1df-4841-8136-55253c666a33,2026_W27,S5012,U3457,2026-07-01 14:03:28,2026-07-01 14:22:28,Instagram,Behind,Mobile,Edge,MacOS,/home
6d8e33e0-b1df-4841-8136-55253c666a33,2026_W27,S5013,U17655,2026-07-01 01:50:23,2026-07-01 02:23:23,Direct,Front,Tablet,Firefox,Windows,/home
6d8e33e0-b1df-4841-8136-55253c666a33,2026_W27,S5014,U4687,2026-07-02 19:38:09,2026-07-02 19:53:09,Instagram,Member,Desktop,Firefox,Windows,/offers
6d8e33e0-b1df-4841-8136-55253c666a33,2026_W27,S5015,U23376,2026-07-01 07:59:24,2026-07-01 08:27:24,Google Ads,Itself,Tablet,Chrome,Android,/products
6d8e33e0-b1df-4841-8136-55253c666a33,2026_W27,S5016,U20250,2026-07-03 15:34:12,2026-07-03 15:49:12,Direct,Energy,Tablet,Edge,iOS,/offers
6d8e33e0-b1df-4841-8136-55253c666a33,2026_W27,S5017,U29693,2026-07-03 11:37:45,2026-07-03 12:14:45,Direct,Reality,Mobile,Safari,iOS,/home
6d8e33e0-b1df-4841-8136-55253c666a33,2026_W27,S5018,U27659,2026-07-01 14:58:02,2026-07-01 15:17:02,Email,Little,Mobile,Safari,MacOS,/home
6d8e33e0-b1df-4841-8136-55253c666a33,2026_W27,S5019,U27367,2026-07-03 17:07:11,2026-07-03 17:36:11,Direct,Whether,Mobile,Edge,iOS,/home
6d8e33e0-b1df-4841-8136-55253c666a33,2026_W27,S5020,U8841,2026-06-29 12:04:01,2026-06-29 12:11:01,Facebook,Challenge,Desktop,Edge,iOS,/products
6d8e33e0-b1df-4841-8136-55253c666a33,2026_W27,S5021,U34615,2026-07-02 19:05:31,2026-07-02 19:17:31,Email,Able,Mobile,Edge,iOS,/home
6d8e33e0-b1df-4841-8136-55253c666a33,2026_W27,S5022,U24130,2026-07-02 21:43:45,2026-07-02 22:23:45,Google Ads,Clearly,Desktop,Edge,Android,/offers
6d8e33e0-b1df-4841-8136-55253c666a33,2026_W27,S5023,U29002,2026-07-01 08:06:51,2026-07-01 08:29:51,Direct,Vote,Desktop,Chrome,Android,/offers
6d8e33e0-b1df-4841-8136-55253c666a33,2026_W27,S5024,U2494,2026-07-01 00:04:45,2026-07-01 00:10:45,Organic,Him,Tablet,Edge,MacOS,/offers
6d8e33e0-b1df-4841-8136-55253c666a33,2026_W27,S5025,U11768,2026-06-30 09:54:49,2026-06-30 10:26:49,Email,House,Tablet,Chrome,iOS,/home
6d8e33e0-b1df-4841-8136-55253c666a33,2026_W27,S5026,U10008,2026-06-30 00:05:04,2026-06-30 00:20:04,Direct,Live,Tablet,Safari,MacOS,/home
6d8e33e0-b1df-4841-8136-55253c666a33,2026_W27,S5027,U28790,2026-07-01 23:28:07,2026-07-01 23:42:07,Facebook,Wrong,Mobile,Edge,Windows,/products
6d8e33e0-b1df-4841-8136-55253c666a33,2026_W27,S5028,U18727,2026-07-01 05:50:28,2026-07-01 06:20:28,Direct,Five,Tablet,Chrome,Windows,/products
6d8e33e0-b1df-4841-8136-55253c666a33,2026_W27,S5029,U15191,2026-06-30 15:59:06,2026-06-30 16:22:06,Direct,Gas,Desktop,Edge,Android,/offers
6d8e33e0-b1df-4841-8136-55253c666a33,2026_W27,S5030,U31736,2026-06-30 15:49:27,2026-06-30 16:20:27,Direct,Ability,Mobile,Firefox,iOS,/home
6d8e33e0-b1df-4841-8136-55253c666a33,2026_W27,S5031,U19198,2026-07-01 16:09:05,2026-07-01 16:43:05,Facebook,Such,Mobile,Firefox,iOS,/products
6d8e33e0-b1df-4841-8136-55253c666a33,2026_W27,S5032,U12752,2026-07-01 11:25:00,2026-07-01 11:27:00,Google Ads,Position,Tablet,Safari,MacOS,/home
6d8e33e0-b1df-4841-8136-55253c666a33,2026_W27,S5033,U16594,2026-07-03 04:04:53,2026-07-03 04:24:53,Facebook,Hear,Desktop,Safari,MacOS,/products
6d8e33e0-b1df-4841-8136-55253c666a33,2026_W27,S5034,U23322,2026-07-02 09:27:08,2026-07-02 09:54:08,Facebook,The,Tablet,Safari,Windows,/products
6d8e33e0-b1df-4841-8136-55253c666a33,2026_W27,S5035,U19820,2026-07-04 07:17:32,2026-07-04 07:37:32,Email,Good,Mobile,Edge,Android,/products
6d8e33e0-b1df-4841-8136-55253c666a33,2026_W27,S5036,U17718,2026-07-05 06:43:37,2026-07-05 07:19:37,Email,Production,Mobile,Safari,MacOS,/offers
6d8e33e0-b1df-4841-8136-55253c666a33,2026_W27,S5037,U17257,2026-07-01 15:59:36,2026-07-01 16:27:36,Direct,Church,Mobile,Chrome,Android,/offers
6d8e33e0-b1df-4841-8136-55253c666a33,2026_W27,S5038,U9888,2026-07-03 16:56:28,2026-07-03 17:26:28,Instagram,Fear,Desktop,Firefox,iOS,/offers
